Date,Open,High,Low,Close,Adj Close,Volume
2016-07-19,1.184999942779541,1.184999942779541,1.184999942779541,1.184999942779541,1.184999942779541,0.0
2016-07-20,1.184999942779541,1.184999942779541,1.184999942779541,1.184999942779541,1.184999942779541,0.0
2016-07-21,1.184999942779541,1.184999942779541,1.184999942779541,1.184999942779541,1.184999942779541,0.0
2016-07-24,1.184999942779541,1.184999942779541,1.184999942779541,1.184999942779541,1.184999942779541,0.0
2016-07-25,1.184999942779541,1.184999942779541,1.184999942779541,1.184999942779541,1.184999942779541,0.0
2016-07-26,1.184999942779541,1.184999942779541,1.184999942779541,1.184999942779541,1.184999942779541,0.0
2016-07-27,1.184999942779541,1.184999942779541,1.184999942779541,1.184999942779541,1.184999942779541,0.0
2016-07-28,1.184999942779541,1.184999942779541,1.184999942779541,1.184999942779541,1.184999942779541,0.0
2016-07-31,1.184999942779541,1.184999942779541,1.184999942779541,1.184999942779541,1.184999942779541,0.0
2016-08-01,1.184999942779541,1.184999942779541,1.184999942779541,1.184999942779541,1.184999942779541,0.0
2016-08-02,1.184999942779541,1.184999942779541,1.184999942779541,1.184999942779541,1.184999942779541,0.0
2016-08-03,1.184999942779541,1.184999942779541,1.184999942779541,1.184999942779541,1.184999942779541,0.0
2016-08-04,1.184999942779541,1.184999942779541,1.184999942779541,1.184999942779541,1.184999942779541,0.0
2016-08-07,1.184999942779541,1.184999942779541,1.184999942779541,1.184999942779541,1.184999942779541,0.0
2016-08-08,1.184999942779541,1.184999942779541,1.184999942779541,1.184999942779541,1.184999942779541,0.0
2016-08-09,1.184999942779541,1.184999942779541,1.184999942779541,1.184999942779541,1.184999942779541,0.0
2016-08-10,1.184999942779541,1.184999942779541,1.184999942779541,1.184999942779541,1.184999942779541,0.0
2016-08-11,1.184999942779541,1.184999942779541,1.184999942779541,1.184999942779541,1.184999942779541,0.0
2016-08-14,1.184999942779541,1.184999942779541,1.184999942779541,1.184999942779541,1.184999942779541,0.0
2016-08-15,1.184999942779541,1.184999942779541,1.184999942779541,1.184999942779541,1.184999942779541,0.0
2016-08-16,1.184999942779541,1.184999942779541,1.184999942779541,1.184999942779541,1.184999942779541,0.0
2016-08-17,1.184999942779541,1.184999942779541,1.184999942779541,1.184999942779541,1.184999942779541,0.0
2016-08-18,1.184999942779541,1.184999942779541,1.184999942779541,1.184999942779541,1.184999942779541,0.0
2016-08-21,1.184999942779541,1.184999942779541,1.184999942779541,1.184999942779541,1.184999942779541,0.0
2016-08-22,1.184999942779541,1.184999942779541,1.184999942779541,1.184999942779541,1.184999942779541,0.0
2016-08-23,1.184999942779541,1.184999942779541,1.184999942779541,1.184999942779541,1.184999942779541,0.0
2016-08-24,1.184999942779541,1.184999942779541,1.184999942779541,1.184999942779541,1.184999942779541,0.0
2016-08-25,1.184999942779541,1.184999942779541,1.184999942779541,1.184999942779541,1.184999942779541,0.0
2016-08-28,1.184999942779541,1.184999942779541,1.184999942779541,1.184999942779541,1.184999942779541,0.0
2016-08-29,1.184999942779541,1.184999942779541,1.184999942779541,1.184999942779541,1.184999942779541,0.0
2016-08-30,1.184999942779541,1.184999942779541,1.184999942779541,1.184999942779541,1.184999942779541,0.0
2016-08-31,1.184999942779541,1.184999942779541,1.184999942779541,1.184999942779541,1.184999942779541,0.0
2016-09-01,1.184999942779541,1.184999942779541,1.184999942779541,1.184999942779541,1.184999942779541,0.0
2016-09-04,1.184999942779541,1.184999942779541,1.184999942779541,1.184999942779541,1.184999942779541,0.0
2016-09-05,1.184999942779541,1.184999942779541,1.184999942779541,1.184999942779541,1.184999942779541,0.0
2016-09-06,1.184999942779541,1.184999942779541,1.184999942779541,1.184999942779541,1.184999942779541,0.0
2016-09-07,1.184999942779541,1.184999942779541,1.184999942779541,1.184999942779541,1.184999942779541,0.0
2016-09-08,1.184999942779541,1.184999942779541,1.184999942779541,1.184999942779541,1.184999942779541,0.0
2016-09-13,1.184999942779541,1.184999942779541,1.184999942779541,1.184999942779541,1.184999942779541,0.0
2016-09-14,1.184999942779541,1.184999942779541,1.184999942779541,1.184999942779541,1.184999942779541,0.0
2016-09-15,1.184999942779541,1.184999942779541,1.184999942779541,1.184999942779541,1.184999942779541,0.0
2016-09-18,1.184999942779541,1.184999942779541,1.184999942779541,1.184999942779541,1.184999942779541,0.0
2016-09-19,1.184999942779541,1.184999942779541,1.184999942779541,1.184999942779541,1.184999942779541,0.0
2016-09-20,1.184999942779541,1.184999942779541,1.184999942779541,1.184999942779541,1.184999942779541,0.0
2016-09-21,1.184999942779541,1.184999942779541,1.184999942779541,1.184999942779541,1.184999942779541,0.0
2016-09-22,1.184999942779541,1.184999942779541,1.184999942779541,1.184999942779541,1.184999942779541,0.0
2016-09-25,1.184999942779541,1.184999942779541,1.184999942779541,1.184999942779541,1.184999942779541,0.0
2016-09-26,1.184999942779541,1.184999942779541,1.184999942779541,1.184999942779541,1.184999942779541,0.0
2016-09-27,1.184999942779541,1.184999942779541,1.184999942779541,1.184999942779541,1.184999942779541,0.0
2016-09-28,1.184999942779541,1.184999942779541,1.184999942779541,1.184999942779541,1.184999942779541,0.0
2016-09-29,1.184999942779541,1.184999942779541,1.184999942779541,1.184999942779541,1.184999942779541,0.0
2016-10-02,1.184999942779541,1.184999942779541,1.184999942779541,1.184999942779541,1.184999942779541,0.0
2016-10-03,1.184999942779541,1.184999942779541,1.184999942779541,1.184999942779541,1.184999942779541,0.0
2016-10-04,1.184999942779541,1.184999942779541,1.184999942779541,1.184999942779541,1.184999942779541,0.0
2016-10-05,1.184999942779541,1.184999942779541,1.184999942779541,1.184999942779541,1.184999942779541,0.0
2016-10-09,1.184999942779541,1.184999942779541,1.184999942779541,1.184999942779541,1.184999942779541,0.0
2016-10-10,1.184999942779541,1.184999942779541,1.184999942779541,1.184999942779541,1.184999942779541,0.0
2016-10-11,1.184999942779541,1.184999942779541,1.184999942779541,1.184999942779541,1.184999942779541,0.0
2016-10-12,1.184999942779541,1.184999942779541,1.184999942779541,1.184999942779541,1.184999942779541,0.0
2016-10-13,1.184999942779541,1.184999942779541,1.184999942779541,1.184999942779541,1.184999942779541,0.0
2016-10-16,1.184999942779541,1.184999942779541,1.184999942779541,1.184999942779541,1.184999942779541,0.0
2016-10-17,1.184999942779541,1.184999942779541,1.184999942779541,1.184999942779541,1.184999942779541,0.0
2016-10-18,1.184999942779541,1.184999942779541,1.184999942779541,1.184999942779541,1.184999942779541,0.0
2016-10-19,1.184999942779541,1.184999942779541,1.184999942779541,1.184999942779541,1.184999942779541,0.0
2016-10-20,1.184999942779541,1.184999942779541,1.184999942779541,1.184999942779541,1.184999942779541,0.0
2016-10-23,1.184999942779541,1.184999942779541,1.184999942779541,1.184999942779541,1.184999942779541,0.0
2016-10-24,1.184999942779541,1.184999942779541,1.184999942779541,1.184999942779541,1.184999942779541,0.0
2016-10-25,1.184999942779541,1.184999942779541,1.184999942779541,1.184999942779541,1.184999942779541,0.0
2016-10-26,1.184999942779541,1.184999942779541,1.184999942779541,1.184999942779541,1.184999942779541,0.0
2016-10-27,1.184999942779541,1.184999942779541,1.184999942779541,1.184999942779541,1.184999942779541,0.0
2016-10-30,1.184999942779541,1.184999942779541,1.184999942779541,1.184999942779541,1.184999942779541,0.0
2016-10-31,1.184999942779541,1.184999942779541,1.184999942779541,1.184999942779541,1.184999942779541,0.0
2016-11-01,1.184999942779541,1.184999942779541,1.184999942779541,1.184999942779541,1.184999942779541,0.0
2016-11-02,1.184999942779541,1.184999942779541,1.184999942779541,1.184999942779541,1.184999942779541,0.0
2016-11-03,1.184999942779541,1.184999942779541,1.184999942779541,1.184999942779541,1.184999942779541,0.0
2016-11-06,1.184999942779541,1.184999942779541,1.184999942779541,1.184999942779541,1.184999942779541,0.0
2016-11-07,1.184999942779541,1.184999942779541,1.184999942779541,1.184999942779541,1.184999942779541,0.0
2016-11-08,1.184999942779541,1.184999942779541,1.184999942779541,1.184999942779541,1.184999942779541,0.0
2016-11-09,1.184999942779541,1.184999942779541,1.184999942779541,1.184999942779541,1.184999942779541,0.0
2016-11-10,1.184999942779541,1.184999942779541,1.184999942779541,1.184999942779541,1.184999942779541,0.0
2016-11-13,1.184999942779541,1.184999942779541,1.184999942779541,1.184999942779541,1.184999942779541,0.0
2016-11-14,1.184999942779541,1.184999942779541,1.184999942779541,1.184999942779541,1.184999942779541,0.0
2016-11-15,1.184999942779541,1.184999942779541,1.184999942779541,1.184999942779541,1.184999942779541,0.0
2016-11-16,1.184999942779541,1.184999942779541,1.184999942779541,1.184999942779541,1.184999942779541,0.0
2016-11-17,1.184999942779541,1.184999942779541,1.184999942779541,1.184999942779541,1.184999942779541,0.0
2016-11-20,1.184999942779541,1.184999942779541,1.184999942779541,1.184999942779541,1.184999942779541,0.0
2016-11-21,1.184999942779541,1.184999942779541,1.184999942779541,1.184999942779541,1.184999942779541,0.0
2016-11-22,1.184999942779541,1.184999942779541,1.184999942779541,1.184999942779541,1.184999942779541,0.0
2016-11-23,1.184999942779541,1.184999942779541,1.184999942779541,1.184999942779541,1.184999942779541,0.0
2016-11-24,1.184999942779541,1.184999942779541,1.184999942779541,1.184999942779541,1.184999942779541,0.0
2016-11-27,1.184999942779541,1.184999942779541,1.184999942779541,1.184999942779541,1.184999942779541,0.0
2016-11-28,1.184999942779541,1.184999942779541,1.184999942779541,1.184999942779541,1.184999942779541,0.0
2016-11-29,1.184999942779541,1.184999942779541,1.184999942779541,1.184999942779541,1.184999942779541,0.0
2016-11-30,1.184999942779541,1.184999942779541,1.184999942779541,1.184999942779541,1.184999942779541,0.0
2016-12-01,1.184999942779541,1.184999942779541,1.184999942779541,1.184999942779541,1.184999942779541,0.0
2016-12-04,1.184999942779541,1.184999942779541,1.184999942779541,1.184999942779541,1.184999942779541,0.0
2016-12-05,1.184999942779541,1.184999942779541,1.184999942779541,1.184999942779541,1.184999942779541,0.0
2016-12-06,1.184999942779541,1.184999942779541,1.184999942779541,1.184999942779541,1.184999942779541,0.0
2016-12-07,1.184999942779541,1.184999942779541,1.184999942779541,1.184999942779541,1.184999942779541,0.0
2016-12-08,1.184999942779541,1.184999942779541,1.184999942779541,1.184999942779541,1.184999942779541,0.0
2016-12-11,1.184999942779541,1.184999942779541,1.184999942779541,1.184999942779541,1.184999942779541,0.0
2016-12-12,1.184999942779541,1.184999942779541,1.184999942779541,1.184999942779541,1.184999942779541,0.0
2016-12-13,1.184999942779541,1.184999942779541,1.184999942779541,1.184999942779541,1.184999942779541,0.0
2016-12-14,1.184999942779541,1.184999942779541,1.184999942779541,1.184999942779541,1.184999942779541,0.0
2016-12-15,1.184999942779541,1.184999942779541,1.184999942779541,1.184999942779541,1.184999942779541,0.0
2016-12-18,1.184999942779541,1.184999942779541,1.184999942779541,1.184999942779541,1.184999942779541,0.0
2016-12-19,1.184999942779541,1.184999942779541,1.184999942779541,1.184999942779541,1.184999942779541,0.0
2016-12-20,1.184999942779541,1.184999942779541,1.184999942779541,1.184999942779541,1.184999942779541,0.0
2016-12-21,1.184999942779541,1.184999942779541,1.184999942779541,1.184999942779541,1.184999942779541,0.0
2016-12-22,1.184999942779541,1.184999942779541,1.184999942779541,1.184999942779541,1.184999942779541,0.0
2016-12-25,1.184999942779541,1.184999942779541,1.184999942779541,1.184999942779541,1.184999942779541,0.0
2016-12-26,1.184999942779541,1.184999942779541,1.184999942779541,1.184999942779541,1.184999942779541,0.0
2016-12-27,1.184999942779541,1.184999942779541,1.184999942779541,1.184999942779541,1.184999942779541,0.0
2016-12-28,1.184999942779541,1.184999942779541,1.184999942779541,1.184999942779541,1.184999942779541,0.0
2016-12-29,1.184999942779541,1.184999942779541,1.184999942779541,1.184999942779541,1.184999942779541,0.0
2017-01-02,1.184999942779541,1.184999942779541,1.184999942779541,1.184999942779541,1.184999942779541,0.0
2017-01-03,1.184999942779541,1.184999942779541,1.184999942779541,1.184999942779541,1.184999942779541,0.0
2017-01-04,1.184999942779541,1.184999942779541,1.184999942779541,1.184999942779541,1.184999942779541,0.0
2017-01-05,1.184999942779541,1.184999942779541,1.184999942779541,1.184999942779541,1.184999942779541,0.0
2017-01-09,1.184999942779541,1.184999942779541,1.184999942779541,1.184999942779541,1.184999942779541,0.0
2017-01-10,1.184999942779541,1.184999942779541,1.184999942779541,1.184999942779541,1.184999942779541,0.0
2017-01-11,1.184999942779541,1.184999942779541,1.184999942779541,1.184999942779541,1.184999942779541,0.0
2017-01-12,1.184999942779541,1.184999942779541,1.184999942779541,1.184999942779541,1.184999942779541,0.0
2017-01-15,1.184999942779541,1.184999942779541,1.184999942779541,1.184999942779541,1.184999942779541,0.0
2017-01-16,1.184999942779541,1.184999942779541,1.184999942779541,1.184999942779541,1.184999942779541,0.0
2017-01-17,1.184999942779541,1.184999942779541,1.184999942779541,1.184999942779541,1.184999942779541,0.0
2017-01-18,1.184999942779541,1.184999942779541,1.184999942779541,1.184999942779541,1.184999942779541,0.0
2017-01-19,1.184999942779541,1.184999942779541,1.184999942779541,1.184999942779541,1.184999942779541,0.0
2017-01-22,1.184999942779541,1.184999942779541,1.184999942779541,1.184999942779541,1.184999942779541,0.0
2017-01-23,1.184999942779541,1.184999942779541,1.184999942779541,1.184999942779541,1.184999942779541,0.0
2017-01-24,1.184999942779541,1.184999942779541,1.184999942779541,1.184999942779541,1.184999942779541,0.0
2017-01-26,1.184999942779541,1.184999942779541,1.184999942779541,1.184999942779541,1.184999942779541,0.0
2017-01-29,1.184999942779541,1.184999942779541,1.184999942779541,1.184999942779541,1.184999942779541,0.0
2017-01-30,1.184999942779541,1.184999942779541,1.184999942779541,1.184999942779541,1.184999942779541,0.0
2017-01-31,1.184999942779541,1.184999942779541,1.184999942779541,1.184999942779541,1.184999942779541,0.0
2017-02-01,1.184999942779541,1.184999942779541,1.184999942779541,1.184999942779541,1.184999942779541,0.0
2017-02-02,1.184999942779541,1.184999942779541,1.184999942779541,1.184999942779541,1.184999942779541,0.0
2017-02-05,1.184999942779541,1.184999942779541,1.184999942779541,1.184999942779541,1.184999942779541,0.0
2017-02-06,1.184999942779541,1.184999942779541,1.184999942779541,1.184999942779541,1.184999942779541,0.0
2017-02-07,1.184999942779541,1.184999942779541,1.184999942779541,1.184999942779541,1.184999942779541,0.0
2017-02-08,1.184999942779541,1.184999942779541,1.184999942779541,1.184999942779541,1.184999942779541,0.0
2017-02-09,1.184999942779541,1.184999942779541,1.184999942779541,1.184999942779541,1.184999942779541,0.0
2017-02-12,1.184999942779541,1.184999942779541,1.184999942779541,1.184999942779541,1.184999942779541,0.0
2017-02-13,1.184999942779541,1.184999942779541,1.184999942779541,1.184999942779541,1.184999942779541,0.0
2017-02-14,1.184999942779541,1.184999942779541,1.184999942779541,1.184999942779541,1.184999942779541,0.0
2017-02-15,1.184999942779541,1.184999942779541,1.184999942779541,1.184999942779541,1.184999942779541,0.0
2017-02-16,1.184999942779541,1.184999942779541,1.184999942779541,1.184999942779541,1.184999942779541,0.0
2017-02-19,1.184999942779541,1.184999942779541,1.184999942779541,1.184999942779541,1.184999942779541,0.0
2017-02-20,1.184999942779541,1.184999942779541,1.184999942779541,1.184999942779541,1.184999942779541,0.0
2017-02-21,1.184999942779541,1.184999942779541,1.184999942779541,1.184999942779541,1.184999942779541,0.0
2017-02-22,1.184999942779541,1.184999942779541,1.184999942779541,1.184999942779541,1.184999942779541,0.0
2017-02-23,1.184999942779541,1.184999942779541,1.184999942779541,1.184999942779541,1.184999942779541,0.0
2017-02-26,1.184999942779541,1.184999942779541,1.184999942779541,1.184999942779541,1.184999942779541,0.0
2017-02-27,1.184999942779541,1.184999942779541,1.184999942779541,1.184999942779541,1.184999942779541,0.0
2017-02-28,1.184999942779541,1.184999942779541,1.184999942779541,1.184999942779541,1.184999942779541,0.0
2017-03-01,1.184999942779541,1.184999942779541,1.184999942779541,1.184999942779541,1.184999942779541,0.0
2017-03-02,1.184999942779541,1.184999942779541,1.184999942779541,1.184999942779541,1.184999942779541,0.0
2017-03-05,1.184999942779541,1.184999942779541,1.184999942779541,1.184999942779541,1.184999942779541,0.0
2017-03-06,1.184999942779541,1.184999942779541,1.184999942779541,1.184999942779541,1.184999942779541,0.0
2017-03-07,1.184999942779541,1.184999942779541,1.184999942779541,1.184999942779541,1.184999942779541,0.0
2017-03-08,1.184999942779541,1.184999942779541,1.184999942779541,1.184999942779541,1.184999942779541,0.0
2017-03-09,1.184999942779541,1.184999942779541,1.184999942779541,1.184999942779541,1.184999942779541,0.0
2017-03-12,1.184999942779541,1.184999942779541,1.184999942779541,1.184999942779541,1.184999942779541,0.0
2017-03-13,1.184999942779541,1.184999942779541,1.184999942779541,1.184999942779541,1.184999942779541,0.0
2017-03-14,1.184999942779541,1.184999942779541,1.184999942779541,1.184999942779541,1.184999942779541,0.0
2017-03-15,1.184999942779541,1.184999942779541,1.184999942779541,1.184999942779541,1.184999942779541,0.0
2017-03-16,1.184999942779541,1.184999942779541,1.184999942779541,1.184999942779541,1.184999942779541,0.0
2017-03-19,1.184999942779541,1.184999942779541,1.184999942779541,1.184999942779541,1.184999942779541,0.0
2017-03-20,1.184999942779541,1.184999942779541,1.184999942779541,1.184999942779541,1.184999942779541,0.0
2017-03-21,1.184999942779541,1.184999942779541,1.184999942779541,1.184999942779541,1.184999942779541,0.0
2017-03-22,1.184999942779541,1.184999942779541,1.184999942779541,1.184999942779541,1.184999942779541,0.0
2017-03-23,1.184999942779541,1.184999942779541,1.184999942779541,1.184999942779541,1.184999942779541,0.0
2017-03-26,1.184999942779541,1.184999942779541,1.184999942779541,1.184999942779541,1.184999942779541,0.0
2017-03-27,1.184999942779541,1.184999942779541,1.184999942779541,1.184999942779541,1.184999942779541,0.0
2017-03-28,1.184999942779541,1.184999942779541,1.184999942779541,1.184999942779541,1.184999942779541,0.0
2017-03-29,1.184999942779541,1.184999942779541,1.184999942779541,1.184999942779541,1.184999942779541,0.0
2017-03-30,1.184999942779541,1.184999942779541,1.184999942779541,1.184999942779541,1.184999942779541,0.0
2017-04-02,1.184999942779541,1.184999942779541,1.184999942779541,1.184999942779541,1.184999942779541,0.0
2017-04-03,1.184999942779541,1.184999942779541,1.184999942779541,1.184999942779541,1.184999942779541,0.0
2017-04-04,1.184999942779541,1.184999942779541,1.184999942779541,1.184999942779541,1.184999942779541,0.0
2017-04-05,1.184999942779541,1.184999942779541,1.184999942779541,1.184999942779541,1.184999942779541,0.0
2017-04-06,1.184999942779541,1.184999942779541,1.184999942779541,1.184999942779541,1.184999942779541,0.0
2017-04-09,1.184999942779541,1.184999942779541,1.184999942779541,1.184999942779541,1.184999942779541,0.0
2017-04-10,1.184999942779541,1.184999942779541,1.184999942779541,1.184999942779541,1.184999942779541,0.0
2017-04-11,1.184999942779541,1.184999942779541,1.184999942779541,1.184999942779541,1.184999942779541,0.0
2017-04-12,1.184999942779541,1.184999942779541,1.184999942779541,1.184999942779541,1.184999942779541,0.0
2017-04-13,1.184999942779541,1.184999942779541,1.184999942779541,1.184999942779541,1.184999942779541,0.0
2017-04-18,1.184999942779541,1.184999942779541,1.184999942779541,1.184999942779541,1.184999942779541,0.0
2017-04-19,1.184999942779541,1.184999942779541,1.184999942779541,1.184999942779541,1.184999942779541,0.0
2017-04-20,1.184999942779541,1.184999942779541,1.184999942779541,1.184999942779541,1.184999942779541,0.0
2017-04-23,1.184999942779541,1.184999942779541,1.184999942779541,1.184999942779541,1.184999942779541,0.0
2017-04-24,1.184999942779541,1.184999942779541,1.184999942779541,1.184999942779541,1.184999942779541,0.0
2017-04-26,1.184999942779541,1.184999942779541,1.184999942779541,1.184999942779541,1.184999942779541,0.0
2017-04-27,1.184999942779541,1.184999942779541,1.184999942779541,1.184999942779541,1.184999942779541,0.0
2017-04-30,1.184999942779541,1.184999942779541,1.184999942779541,1.184999942779541,1.184999942779541,0.0
2017-05-02,1.184999942779541,1.184999942779541,1.184999942779541,1.184999942779541,1.184999942779541,0.0
2017-05-03,1.184999942779541,1.184999942779541,1.184999942779541,1.184999942779541,1.184999942779541,0.0
2017-05-04,1.184999942779541,1.184999942779541,1.184999942779541,1.184999942779541,1.184999942779541,0.0
2017-05-07,1.184999942779541,1.184999942779541,1.184999942779541,1.184999942779541,1.184999942779541,0.0
2017-05-08,1.184999942779541,1.184999942779541,1.184999942779541,1.184999942779541,1.184999942779541,0.0
2017-05-09,1.184999942779541,1.184999942779541,1.184999942779541,1.184999942779541,1.184999942779541,0.0
2017-05-10,1.184999942779541,1.184999942779541,1.184999942779541,1.184999942779541,1.184999942779541,0.0
2017-05-11,1.184999942779541,1.184999942779541,1.184999942779541,1.184999942779541,1.184999942779541,0.0
2017-05-14,1.184999942779541,1.184999942779541,1.184999942779541,1.184999942779541,1.184999942779541,0.0
2017-05-15,1.184999942779541,1.184999942779541,1.184999942779541,1.184999942779541,1.184999942779541,0.0
2017-05-16,1.184999942779541,1.184999942779541,1.184999942779541,1.184999942779541,1.184999942779541,0.0
2017-05-17,1.184999942779541,1.184999942779541,1.184999942779541,1.184999942779541,1.184999942779541,0.0
2017-05-18,1.184999942779541,1.184999942779541,1.184999942779541,1.184999942779541,1.184999942779541,0.0
2017-05-21,1.184999942779541,1.184999942779541,1.184999942779541,1.184999942779541,1.184999942779541,0.0
2017-05-22,1.184999942779541,1.184999942779541,1.184999942779541,1.184999942779541,1.184999942779541,0.0
2017-05-23,1.184999942779541,1.184999942779541,1.184999942779541,1.184999942779541,1.184999942779541,0.0
2017-05-24,1.184999942779541,1.184999942779541,1.184999942779541,1.184999942779541,1.184999942779541,0.0
2017-05-25,1.184999942779541,1.184999942779541,1.184999942779541,1.184999942779541,1.184999942779541,0.0
2017-05-28,1.184999942779541,1.184999942779541,1.184999942779541,1.184999942779541,1.184999942779541,0.0
2017-05-29,1.184999942779541,1.184999942779541,1.184999942779541,1.184999942779541,1.184999942779541,0.0
2017-05-30,1.184999942779541,1.184999942779541,1.184999942779541,1.184999942779541,1.184999942779541,0.0
2017-05-31,1.184999942779541,1.184999942779541,1.184999942779541,1.184999942779541,1.184999942779541,0.0
2017-06-01,1.184999942779541,1.184999942779541,1.184999942779541,1.184999942779541,1.184999942779541,0.0
2017-06-04,1.184999942779541,1.184999942779541,1.184999942779541,1.184999942779541,1.184999942779541,0.0
2017-06-05,1.184999942779541,1.184999942779541,1.184999942779541,1.184999942779541,1.184999942779541,0.0
2017-06-06,1.184999942779541,1.184999942779541,1.184999942779541,1.184999942779541,1.184999942779541,0.0
2017-06-07,1.184999942779541,1.184999942779541,1.184999942779541,1.184999942779541,1.184999942779541,0.0
2017-06-08,1.184999942779541,1.184999942779541,1.184999942779541,1.184999942779541,1.184999942779541,0.0
2017-06-11,1.184999942779541,1.184999942779541,1.184999942779541,1.184999942779541,1.184999942779541,0.0
2017-06-12,1.184999942779541,1.184999942779541,1.184999942779541,1.184999942779541,1.184999942779541,0.0
2017-06-13,1.184999942779541,1.184999942779541,1.184999942779541,1.184999942779541,1.184999942779541,0.0
2017-06-14,1.184999942779541,1.184999942779541,1.184999942779541,1.184999942779541,1.184999942779541,0.0
2017-06-15,1.184999942779541,1.184999942779541,1.184999942779541,1.184999942779541,1.184999942779541,0.0
2017-06-18,1.184999942779541,1.184999942779541,1.184999942779541,1.184999942779541,1.184999942779541,0.0
2017-06-19,1.184999942779541,1.184999942779541,1.184999942779541,1.184999942779541,1.184999942779541,0.0
2017-06-20,1.184999942779541,1.184999942779541,1.184999942779541,1.184999942779541,1.184999942779541,0.0
2017-06-21,1.184999942779541,1.184999942779541,1.184999942779541,1.184999942779541,1.184999942779541,0.0
2017-06-22,1.184999942779541,1.184999942779541,1.184999942779541,1.184999942779541,1.184999942779541,0.0
2017-06-27,1.184999942779541,1.184999942779541,1.184999942779541,1.184999942779541,1.184999942779541,0.0
2017-06-28,1.184999942779541,1.184999942779541,1.184999942779541,1.184999942779541,1.184999942779541,0.0
2017-06-29,1.184999942779541,1.184999942779541,1.184999942779541,1.184999942779541,1.184999942779541,0.0
2017-07-02,1.184999942779541,1.184999942779541,1.184999942779541,1.184999942779541,1.184999942779541,0.0
2017-07-03,1.184999942779541,1.184999942779541,1.184999942779541,1.184999942779541,1.184999942779541,0.0
2017-07-04,1.184999942779541,1.184999942779541,1.184999942779541,1.184999942779541,1.184999942779541,0.0
2017-07-05,1.184999942779541,1.184999942779541,1.184999942779541,1.184999942779541,1.184999942779541,0.0
2017-07-06,1.184999942779541,1.184999942779541,1.184999942779541,1.184999942779541,1.184999942779541,0.0
2017-07-09,1.184999942779541,1.184999942779541,1.184999942779541,1.184999942779541,1.184999942779541,0.0
2017-07-10,1.184999942779541,1.184999942779541,1.184999942779541,1.184999942779541,1.184999942779541,0.0
2017-07-11,1.184999942779541,1.184999942779541,1.184999942779541,1.184999942779541,1.184999942779541,0.0
2017-07-12,1.184999942779541,1.184999942779541,1.184999942779541,1.184999942779541,1.184999942779541,0.0
2017-07-13,1.184999942779541,1.184999942779541,1.184999942779541,1.184999942779541,1.184999942779541,0.0
2017-07-16,1.184999942779541,1.184999942779541,1.184999942779541,1.184999942779541,1.184999942779541,0.0
2017-07-17,1.184999942779541,1.184999942779541,1.184999942779541,1.184999942779541,1.184999942779541,0.0
2017-07-18,1.184999942779541,1.184999942779541,1.184999942779541,1.184999942779541,1.184999942779541,0.0
2017-07-19,1.184999942779541,1.184999942779541,1.184999942779541,1.184999942779541,1.184999942779541,0.0
2017-07-20,1.184999942779541,1.184999942779541,1.184999942779541,1.184999942779541,1.184999942779541,0.0
2017-07-24,1.184999942779541,1.184999942779541,1.184999942779541,1.184999942779541,1.184999942779541,0.0
2017-07-25,1.184999942779541,1.184999942779541,1.184999942779541,1.184999942779541,1.184999942779541,0.0
2017-07-26,1.184999942779541,1.184999942779541,1.184999942779541,1.184999942779541,1.184999942779541,0.0
2017-07-27,1.184999942779541,1.184999942779541,1.184999942779541,1.184999942779541,1.184999942779541,0.0
2017-07-30,1.184999942779541,1.184999942779541,1.184999942779541,1.184999942779541,1.184999942779541,0.0
2017-07-31,1.184999942779541,1.184999942779541,1.184999942779541,1.184999942779541,1.184999942779541,0.0
2017-08-01,1.184999942779541,1.184999942779541,1.184999942779541,1.184999942779541,1.184999942779541,0.0
2017-08-02,1.184999942779541,1.184999942779541,1.184999942779541,1.184999942779541,1.184999942779541,0.0
2017-08-03,1.184999942779541,1.184999942779541,1.184999942779541,1.184999942779541,1.184999942779541,0.0
2017-08-06,1.184999942779541,1.184999942779541,1.184999942779541,1.184999942779541,1.184999942779541,0.0
2017-08-07,1.184999942779541,1.184999942779541,1.184999942779541,1.184999942779541,1.184999942779541,0.0
2017-08-08,1.184999942779541,1.184999942779541,1.184999942779541,1.184999942779541,1.184999942779541,0.0
2017-08-09,1.184999942779541,1.184999942779541,1.184999942779541,1.184999942779541,1.184999942779541,0.0
2017-08-10,1.184999942779541,1.184999942779541,1.184999942779541,1.184999942779541,1.184999942779541,0.0
2017-08-13,1.184999942779541,1.184999942779541,1.184999942779541,1.184999942779541,1.184999942779541,0.0
2017-08-14,1.184999942779541,1.184999942779541,1.184999942779541,1.184999942779541,1.184999942779541,0.0
2017-08-15,1.184999942779541,1.184999942779541,1.184999942779541,1.184999942779541,1.184999942779541,0.0
2017-08-16,1.184999942779541,1.184999942779541,1.184999942779541,1.184999942779541,1.184999942779541,0.0
2017-08-17,1.184999942779541,1.184999942779541,1.184999942779541,1.184999942779541,1.184999942779541,0.0
2017-08-20,1.184999942779541,1.184999942779541,1.184999942779541,1.184999942779541,1.184999942779541,0.0
2017-08-21,1.184999942779541,1.184999942779541,1.184999942779541,1.184999942779541,1.184999942779541,0.0
2017-08-22,1.184999942779541,1.184999942779541,1.184999942779541,1.184999942779541,1.184999942779541,0.0
2017-08-23,1.184999942779541,1.184999942779541,1.184999942779541,1.184999942779541,1.184999942779541,0.0
2017-08-24,1.184999942779541,1.184999942779541,1.184999942779541,1.184999942779541,1.184999942779541,0.0
2017-08-27,1.184999942779541,1.184999942779541,1.184999942779541,1.184999942779541,1.184999942779541,0.0
2017-08-28,1.184999942779541,1.184999942779541,1.184999942779541,1.184999942779541,1.184999942779541,0.0
2017-08-29,1.184999942779541,1.184999942779541,1.184999942779541,1.184999942779541,1.184999942779541,0.0
2017-08-30,1.184999942779541,1.184999942779541,1.184999942779541,1.184999942779541,1.184999942779541,0.0
2017-09-03,1.184999942779541,1.184999942779541,1.184999942779541,1.184999942779541,1.184999942779541,0.0
2017-09-04,1.184999942779541,1.184999942779541,1.184999942779541,1.184999942779541,1.184999942779541,0.0
2017-09-05,1.184999942779541,1.184999942779541,1.184999942779541,1.184999942779541,1.184999942779541,0.0
2017-09-06,1.184999942779541,1.184999942779541,1.184999942779541,1.184999942779541,1.184999942779541,0.0
2017-09-07,1.184999942779541,1.184999942779541,1.184999942779541,1.184999942779541,1.184999942779541,0.0
2017-09-10,1.184999942779541,1.184999942779541,1.184999942779541,1.184999942779541,1.184999942779541,0.0
2017-09-11,1.184999942779541,1.184999942779541,1.184999942779541,1.184999942779541,1.184999942779541,0.0
2017-09-12,1.184999942779541,1.184999942779541,1.184999942779541,1.184999942779541,1.184999942779541,0.0
2017-09-13,1.184999942779541,1.184999942779541,1.184999942779541,1.184999942779541,1.184999942779541,0.0
2017-09-14,1.184999942779541,1.184999942779541,1.184999942779541,1.184999942779541,1.184999942779541,0.0
2017-09-17,1.184999942779541,1.184999942779541,1.184999942779541,1.184999942779541,1.184999942779541,0.0
2017-09-18,1.184999942779541,1.184999942779541,1.184999942779541,1.184999942779541,1.184999942779541,0.0
2017-09-19,1.184999942779541,1.184999942779541,1.184999942779541,1.184999942779541,1.184999942779541,0.0
2017-09-20,1.184999942779541,1.184999942779541,1.184999942779541,1.184999942779541,1.184999942779541,0.0
2017-09-24,1.184999942779541,1.184999942779541,1.184999942779541,1.184999942779541,1.184999942779541,0.0
2017-09-25,1.184999942779541,1.184999942779541,1.184999942779541,1.184999942779541,1.184999942779541,0.0
2017-09-26,1.184999942779541,1.184999942779541,1.184999942779541,1.184999942779541,1.184999942779541,0.0
2017-09-27,1.184999942779541,1.184999942779541,1.184999942779541,1.184999942779541,1.184999942779541,0.0
2017-09-28,1.184999942779541,1.184999942779541,1.184999942779541,1.184999942779541,1.184999942779541,0.0
2017-10-01,1.184999942779541,1.184999942779541,1.184999942779541,1.184999942779541,1.184999942779541,0.0
2017-10-02,1.184999942779541,1.184999942779541,1.184999942779541,1.184999942779541,1.184999942779541,0.0
2017-10-03,1.184999942779541,1.184999942779541,1.184999942779541,1.184999942779541,1.184999942779541,0.0
2017-10-04,1.184999942779541,1.184999942779541,1.184999942779541,1.184999942779541,1.184999942779541,0.0
2017-10-05,1.184999942779541,1.184999942779541,1.184999942779541,1.184999942779541,1.184999942779541,0.0
2017-10-08,1.184999942779541,1.184999942779541,1.184999942779541,1.184999942779541,1.184999942779541,0.0
2017-10-09,1.184999942779541,1.184999942779541,1.184999942779541,1.184999942779541,1.184999942779541,0.0
2017-10-10,1.184999942779541,1.184999942779541,1.184999942779541,1.184999942779541,1.184999942779541,0.0
2017-10-11,1.184999942779541,1.184999942779541,1.184999942779541,1.184999942779541,1.184999942779541,0.0
2017-10-12,1.184999942779541,1.184999942779541,1.184999942779541,1.184999942779541,1.184999942779541,0.0
2017-10-15,1.184999942779541,1.184999942779541,1.184999942779541,1.184999942779541,1.184999942779541,0.0
2017-10-16,1.184999942779541,1.184999942779541,1.184999942779541,1.184999942779541,1.184999942779541,0.0
2017-10-17,1.184999942779541,1.184999942779541,1.184999942779541,1.184999942779541,1.184999942779541,0.0
2017-10-18,1.184999942779541,1.184999942779541,1.184999942779541,1.184999942779541,1.184999942779541,0.0
2017-10-19,1.184999942779541,1.184999942779541,1.184999942779541,1.184999942779541,1.184999942779541,0.0
2017-10-22,1.184999942779541,1.184999942779541,1.184999942779541,1.184999942779541,1.184999942779541,0.0
2017-10-23,1.184999942779541,1.184999942779541,1.184999942779541,1.184999942779541,1.184999942779541,0.0
2017-10-24,1.184999942779541,1.184999942779541,1.184999942779541,1.184999942779541,1.184999942779541,0.0
2017-10-25,1.184999942779541,1.184999942779541,1.184999942779541,1.184999942779541,1.184999942779541,0.0
2017-10-26,1.184999942779541,1.184999942779541,1.184999942779541,1.184999942779541,1.184999942779541,0.0
2017-10-29,1.184999942779541,1.184999942779541,1.184999942779541,1.184999942779541,1.184999942779541,0.0
2017-10-30,1.184999942779541,1.184999942779541,1.184999942779541,1.184999942779541,1.184999942779541,0.0
2017-10-31,1.184999942779541,1.184999942779541,1.184999942779541,1.184999942779541,1.184999942779541,0.0
2017-11-01,1.184999942779541,1.184999942779541,1.184999942779541,1.184999942779541,1.184999942779541,0.0
2017-11-02,1.184999942779541,1.184999942779541,1.184999942779541,1.184999942779541,1.184999942779541,0.0
2017-11-05,1.184999942779541,1.184999942779541,1.184999942779541,1.184999942779541,1.184999942779541,0.0
2017-11-06,1.184999942779541,1.184999942779541,1.184999942779541,1.184999942779541,1.184999942779541,0.0
2017-11-07,1.184999942779541,1.184999942779541,1.184999942779541,1.184999942779541,1.184999942779541,0.0
2017-11-08,1.184999942779541,1.184999942779541,1.184999942779541,1.184999942779541,1.184999942779541,0.0
2017-11-09,1.184999942779541,1.184999942779541,1.184999942779541,1.184999942779541,1.184999942779541,0.0
2017-11-12,1.184999942779541,1.184999942779541,1.184999942779541,1.184999942779541,1.184999942779541,0.0
2017-11-13,1.184999942779541,1.184999942779541,1.184999942779541,1.184999942779541,1.184999942779541,0.0
2017-11-14,1.184999942779541,1.184999942779541,1.184999942779541,1.184999942779541,1.184999942779541,0.0
2017-11-15,1.184999942779541,1.184999942779541,1.184999942779541,1.184999942779541,1.184999942779541,0.0
2017-11-16,1.184999942779541,1.184999942779541,1.184999942779541,1.184999942779541,1.184999942779541,0.0
2017-11-19,1.184999942779541,1.184999942779541,1.184999942779541,1.184999942779541,1.184999942779541,0.0
2017-11-20,1.184999942779541,1.184999942779541,1.184999942779541,1.184999942779541,1.184999942779541,0.0
2017-11-21,1.184999942779541,1.184999942779541,1.184999942779541,1.184999942779541,1.184999942779541,0.0
2017-11-22,1.184999942779541,1.184999942779541,1.184999942779541,1.184999942779541,1.184999942779541,0.0
2017-11-23,1.184999942779541,1.184999942779541,1.184999942779541,1.184999942779541,1.184999942779541,0.0
2017-11-26,1.184999942779541,1.184999942779541,1.184999942779541,1.184999942779541,1.184999942779541,0.0
2017-11-27,1.184999942779541,1.184999942779541,1.184999942779541,1.184999942779541,1.184999942779541,0.0
2017-11-28,1.184999942779541,1.184999942779541,1.184999942779541,1.184999942779541,1.184999942779541,0.0
2017-11-29,1.184999942779541,1.184999942779541,1.184999942779541,1.184999942779541,1.184999942779541,0.0
2017-11-30,1.184999942779541,1.184999942779541,1.184999942779541,1.184999942779541,1.184999942779541,0.0
2017-12-03,1.184999942779541,1.184999942779541,1.184999942779541,1.184999942779541,1.184999942779541,0.0
2017-12-04,1.184999942779541,1.184999942779541,1.184999942779541,1.184999942779541,1.184999942779541,0.0
2017-12-05,1.184999942779541,1.184999942779541,1.184999942779541,1.184999942779541,1.184999942779541,0.0
2017-12-06,1.184999942779541,1.184999942779541,1.184999942779541,1.184999942779541,1.184999942779541,0.0
2017-12-07,1.184999942779541,1.184999942779541,1.184999942779541,1.184999942779541,1.184999942779541,0.0
2017-12-10,1.184999942779541,1.184999942779541,1.184999942779541,1.184999942779541,1.184999942779541,0.0
2017-12-11,1.184999942779541,1.184999942779541,1.184999942779541,1.184999942779541,1.184999942779541,0.0
2017-12-12,1.184999942779541,1.184999942779541,1.184999942779541,1.184999942779541,1.184999942779541,0.0
2017-12-13,1.184999942779541,1.184999942779541,1.184999942779541,1.184999942779541,1.184999942779541,0.0
2017-12-14,1.184999942779541,1.184999942779541,1.184999942779541,1.184999942779541,1.184999942779541,0.0
2017-12-17,1.184999942779541,1.184999942779541,1.184999942779541,1.184999942779541,1.184999942779541,0.0
2017-12-18,1.184999942779541,1.184999942779541,1.184999942779541,1.184999942779541,1.184999942779541,0.0
2017-12-19,1.184999942779541,1.184999942779541,1.184999942779541,1.184999942779541,1.184999942779541,0.0
2017-12-20,1.184999942779541,1.184999942779541,1.184999942779541,1.184999942779541,1.184999942779541,0.0
2017-12-21,1.184999942779541,1.184999942779541,1.184999942779541,1.184999942779541,1.184999942779541,0.0
2017-12-24,1.184999942779541,1.184999942779541,1.184999942779541,1.184999942779541,1.184999942779541,0.0
2017-12-25,1.184999942779541,1.184999942779541,1.184999942779541,1.184999942779541,1.184999942779541,0.0
2017-12-26,1.184999942779541,1.184999942779541,1.184999942779541,1.184999942779541,1.184999942779541,0.0
2017-12-27,1.184999942779541,1.184999942779541,1.184999942779541,1.184999942779541,1.184999942779541,0.0
2017-12-28,1.184999942779541,1.184999942779541,1.184999942779541,1.184999942779541,1.184999942779541,0.0
2017-12-31,1.184999942779541,1.184999942779541,1.184999942779541,1.184999942779541,1.184999942779541,0.0
2018-01-01,1.184999942779541,1.184999942779541,1.184999942779541,1.184999942779541,1.184999942779541,0.0
2018-01-02,1.184999942779541,1.184999942779541,1.184999942779541,1.184999942779541,1.184999942779541,0.0
2018-01-03,1.184999942779541,1.184999942779541,1.184999942779541,1.184999942779541,1.184999942779541,0.0
2018-01-04,1.184999942779541,1.184999942779541,1.184999942779541,1.184999942779541,1.184999942779541,0.0
2018-01-07,1.184999942779541,1.184999942779541,1.184999942779541,1.184999942779541,1.184999942779541,0.0
2018-01-08,1.184999942779541,1.184999942779541,1.184999942779541,1.184999942779541,1.184999942779541,0.0
2018-01-09,1.184999942779541,1.184999942779541,1.184999942779541,1.184999942779541,1.184999942779541,0.0
2018-01-10,1.184999942779541,1.184999942779541,1.184999942779541,1.184999942779541,1.184999942779541,0.0
2018-01-11,1.184999942779541,1.184999942779541,1.184999942779541,1.184999942779541,1.184999942779541,0.0
2018-01-14,1.184999942779541,1.184999942779541,1.184999942779541,1.184999942779541,1.184999942779541,0.0
2018-01-15,1.184999942779541,1.184999942779541,1.184999942779541,1.184999942779541,1.184999942779541,0.0
2018-01-16,1.184999942779541,1.184999942779541,1.184999942779541,1.184999942779541,1.184999942779541,0.0
2018-01-17,1.184999942779541,1.184999942779541,1.184999942779541,1.184999942779541,1.184999942779541,0.0
2018-01-18,1.184999942779541,1.184999942779541,1.184999942779541,1.184999942779541,1.184999942779541,0.0
2018-01-21,1.184999942779541,1.184999942779541,1.184999942779541,1.184999942779541,1.184999942779541,0.0
2018-01-22,1.184999942779541,1.184999942779541,1.184999942779541,1.184999942779541,1.184999942779541,0.0
2018-01-23,1.184999942779541,1.184999942779541,1.184999942779541,1.184999942779541,1.184999942779541,0.0
2018-01-24,1.184999942779541,1.184999942779541,1.184999942779541,1.184999942779541,1.184999942779541,0.0
2018-01-25,1.184999942779541,1.184999942779541,1.184999942779541,1.184999942779541,1.184999942779541,0.0
2018-01-28,1.184999942779541,1.184999942779541,1.184999942779541,1.184999942779541,1.184999942779541,0.0
2018-01-29,1.184999942779541,1.184999942779541,1.184999942779541,1.184999942779541,1.184999942779541,0.0
2018-01-30,1.184999942779541,1.184999942779541,1.184999942779541,1.184999942779541,1.184999942779541,0.0
2018-01-31,1.184999942779541,1.184999942779541,1.184999942779541,1.184999942779541,1.184999942779541,0.0
2018-02-01,1.184999942779541,1.184999942779541,1.184999942779541,1.184999942779541,1.184999942779541,0.0
2018-02-04,1.184999942779541,1.184999942779541,1.184999942779541,1.184999942779541,1.184999942779541,0.0
2018-02-05,1.184999942779541,1.184999942779541,1.184999942779541,1.184999942779541,1.184999942779541,0.0
2018-02-06,1.184999942779541,1.184999942779541,1.184999942779541,1.184999942779541,1.184999942779541,0.0
2018-02-07,1.184999942779541,1.184999942779541,1.184999942779541,1.184999942779541,1.184999942779541,0.0
2018-02-08,1.184999942779541,1.184999942779541,1.184999942779541,1.184999942779541,1.184999942779541,0.0
2018-02-11,1.184999942779541,1.184999942779541,1.184999942779541,1.184999942779541,1.184999942779541,0.0
2018-02-12,1.184999942779541,1.184999942779541,1.184999942779541,1.184999942779541,1.184999942779541,0.0
2018-02-13,1.184999942779541,1.184999942779541,1.184999942779541,1.184999942779541,1.184999942779541,0.0
2018-02-14,1.184999942779541,1.184999942779541,1.184999942779541,1.184999942779541,1.184999942779541,0.0
2018-02-15,1.184999942779541,1.184999942779541,1.184999942779541,1.184999942779541,1.184999942779541,0.0
2018-02-18,1.184999942779541,1.184999942779541,1.184999942779541,1.184999942779541,1.184999942779541,0.0
2018-02-19,1.184999942779541,1.184999942779541,1.184999942779541,1.184999942779541,1.184999942779541,0.0
2018-02-20,1.184999942779541,1.184999942779541,1.184999942779541,1.184999942779541,1.184999942779541,0.0
2018-02-21,1.184999942779541,1.184999942779541,1.184999942779541,1.184999942779541,1.184999942779541,0.0
2018-02-22,1.184999942779541,1.184999942779541,1.184999942779541,1.184999942779541,1.184999942779541,0.0
2018-02-25,1.184999942779541,1.184999942779541,1.184999942779541,1.184999942779541,1.184999942779541,0.0
2018-02-26,1.184999942779541,1.184999942779541,1.184999942779541,1.184999942779541,1.184999942779541,0.0
2018-02-27,1.184999942779541,1.184999942779541,1.184999942779541,1.184999942779541,1.184999942779541,0.0
2018-02-28,1.184999942779541,1.184999942779541,1.184999942779541,1.184999942779541,1.184999942779541,0.0
2018-03-01,1.184999942779541,1.184999942779541,1.184999942779541,1.184999942779541,1.184999942779541,0.0
2018-03-04,1.184999942779541,1.184999942779541,1.184999942779541,1.184999942779541,1.184999942779541,0.0
2018-03-05,1.184999942779541,1.184999942779541,1.184999942779541,1.184999942779541,1.184999942779541,0.0
2018-03-06,1.184999942779541,1.184999942779541,1.184999942779541,1.184999942779541,1.184999942779541,0.0
2018-03-07,1.184999942779541,1.184999942779541,1.184999942779541,1.184999942779541,1.184999942779541,0.0
2018-03-08,1.184999942779541,1.184999942779541,1.184999942779541,1.184999942779541,1.184999942779541,0.0
2018-03-11,1.184999942779541,1.184999942779541,1.184999942779541,1.184999942779541,1.184999942779541,0.0
2018-03-12,1.184999942779541,1.184999942779541,1.184999942779541,1.184999942779541,1.184999942779541,0.0
2018-03-13,1.184999942779541,1.184999942779541,1.184999942779541,1.184999942779541,1.184999942779541,0.0
2018-03-14,1.184999942779541,1.184999942779541,1.184999942779541,1.184999942779541,1.184999942779541,0.0
2018-03-15,1.184999942779541,1.184999942779541,1.184999942779541,1.184999942779541,1.184999942779541,0.0
2018-03-18,1.184999942779541,1.184999942779541,1.184999942779541,1.184999942779541,1.184999942779541,0.0
2018-03-19,1.184999942779541,1.184999942779541,1.184999942779541,1.184999942779541,1.184999942779541,0.0
2018-03-20,1.184999942779541,1.184999942779541,1.184999942779541,1.184999942779541,1.184999942779541,0.0
2018-03-21,1.184999942779541,1.184999942779541,1.184999942779541,1.184999942779541,1.184999942779541,0.0
2018-03-22,1.184999942779541,1.184999942779541,1.184999942779541,1.184999942779541,1.184999942779541,0.0
2018-03-25,1.184999942779541,1.184999942779541,1.184999942779541,1.184999942779541,1.184999942779541,0.0
2018-03-26,1.184999942779541,1.184999942779541,1.184999942779541,1.184999942779541,1.184999942779541,0.0
2018-03-27,1.184999942779541,1.184999942779541,1.184999942779541,1.184999942779541,1.184999942779541,0.0
2018-03-28,1.184999942779541,1.184999942779541,1.184999942779541,1.184999942779541,1.184999942779541,0.0
2018-03-29,1.184999942779541,1.184999942779541,1.184999942779541,1.184999942779541,1.184999942779541,0.0
2018-04-01,1.184999942779541,1.184999942779541,1.184999942779541,1.184999942779541,1.184999942779541,0.0
2018-04-02,1.184999942779541,1.184999942779541,1.184999942779541,1.184999942779541,1.184999942779541,0.0
2018-04-03,1.184999942779541,1.184999942779541,1.184999942779541,1.184999942779541,1.184999942779541,0.0
2018-04-04,1.184999942779541,1.184999942779541,1.184999942779541,1.184999942779541,1.184999942779541,0.0
2018-04-05,1.184999942779541,1.184999942779541,1.184999942779541,1.184999942779541,1.184999942779541,0.0
2018-04-08,1.184999942779541,1.184999942779541,1.184999942779541,1.184999942779541,1.184999942779541,0.0
2018-04-09,1.184999942779541,1.184999942779541,1.184999942779541,1.184999942779541,1.184999942779541,0.0
2018-04-10,1.184999942779541,1.184999942779541,1.184999942779541,1.184999942779541,1.184999942779541,0.0
2018-04-11,1.184999942779541,1.184999942779541,1.184999942779541,1.184999942779541,1.184999942779541,0.0
2018-04-12,1.184999942779541,1.184999942779541,1.184999942779541,1.184999942779541,1.184999942779541,0.0
2018-04-15,1.184999942779541,1.184999942779541,1.184999942779541,1.184999942779541,1.184999942779541,0.0
2018-04-16,1.184999942779541,1.184999942779541,1.184999942779541,1.184999942779541,1.184999942779541,0.0
2018-04-17,1.184999942779541,1.184999942779541,1.184999942779541,1.184999942779541,1.184999942779541,0.0
2018-04-18,1.184999942779541,1.184999942779541,1.184999942779541,1.184999942779541,1.184999942779541,0.0
2018-04-19,1.184999942779541,1.184999942779541,1.184999942779541,1.184999942779541,1.184999942779541,0.0
2018-04-22,1.184999942779541,1.184999942779541,1.184999942779541,1.184999942779541,1.184999942779541,0.0
2018-04-23,1.184999942779541,1.184999942779541,1.184999942779541,1.184999942779541,1.184999942779541,0.0
2018-04-24,1.184999942779541,1.184999942779541,1.184999942779541,1.184999942779541,1.184999942779541,0.0
2018-04-25,1.184999942779541,1.184999942779541,1.184999942779541,1.184999942779541,1.184999942779541,0.0
2018-04-26,1.184999942779541,1.184999942779541,1.184999942779541,1.184999942779541,1.184999942779541,0.0
2018-04-29,1.184999942779541,1.184999942779541,1.184999942779541,1.184999942779541,1.184999942779541,0.0
2018-04-30,1.184999942779541,1.184999942779541,1.184999942779541,1.184999942779541,1.184999942779541,0.0
2018-05-01,1.184999942779541,1.184999942779541,1.184999942779541,1.184999942779541,1.184999942779541,0.0
2018-05-02,1.184999942779541,1.184999942779541,1.184999942779541,1.184999942779541,1.184999942779541,0.0
2018-05-03,1.184999942779541,1.184999942779541,1.184999942779541,1.184999942779541,1.184999942779541,0.0
2018-05-06,1.184999942779541,1.184999942779541,1.184999942779541,1.184999942779541,1.184999942779541,0.0
2018-05-07,1.184999942779541,1.184999942779541,1.184999942779541,1.184999942779541,1.184999942779541,0.0
2018-05-08,1.184999942779541,1.184999942779541,1.184999942779541,1.184999942779541,1.184999942779541,0.0
2018-05-09,1.184999942779541,1.184999942779541,1.184999942779541,1.184999942779541,1.184999942779541,0.0
2018-05-10,1.184999942779541,1.184999942779541,1.184999942779541,1.184999942779541,1.184999942779541,0.0
2018-05-13,1.184999942779541,1.184999942779541,1.184999942779541,1.184999942779541,1.184999942779541,0.0
2018-05-14,1.184999942779541,1.184999942779541,1.184999942779541,1.184999942779541,1.184999942779541,0.0
2018-05-15,1.184999942779541,1.184999942779541,1.184999942779541,1.184999942779541,1.184999942779541,0.0
2018-05-16,1.184999942779541,1.184999942779541,1.184999942779541,1.184999942779541,1.184999942779541,0.0
2018-05-17,1.184999942779541,1.184999942779541,1.184999942779541,1.184999942779541,1.184999942779541,0.0
2018-05-20,1.184999942779541,1.184999942779541,1.184999942779541,1.184999942779541,1.184999942779541,0.0
2018-05-21,1.184999942779541,1.184999942779541,1.184999942779541,1.184999942779541,1.184999942779541,0.0
2018-05-22,1.184999942779541,1.184999942779541,1.184999942779541,1.184999942779541,1.184999942779541,0.0
2018-05-23,1.184999942779541,1.184999942779541,1.184999942779541,1.184999942779541,1.184999942779541,0.0
2018-05-24,1.184999942779541,1.184999942779541,1.184999942779541,1.184999942779541,1.184999942779541,0.0
2018-05-27,1.184999942779541,1.184999942779541,1.184999942779541,1.184999942779541,1.184999942779541,0.0
2018-05-28,1.184999942779541,1.184999942779541,1.184999942779541,1.184999942779541,1.184999942779541,0.0
2018-05-29,1.184999942779541,1.184999942779541,1.184999942779541,1.184999942779541,1.184999942779541,0.0
2018-05-30,1.184999942779541,1.184999942779541,1.184999942779541,1.184999942779541,1.184999942779541,0.0
2018-05-31,1.184999942779541,1.184999942779541,1.184999942779541,1.184999942779541,1.184999942779541,0.0
2018-06-03,1.184999942779541,1.184999942779541,1.184999942779541,1.184999942779541,1.184999942779541,0.0
2018-06-04,1.184999942779541,1.184999942779541,1.184999942779541,1.184999942779541,1.184999942779541,0.0
2018-06-05,1.184999942779541,1.184999942779541,1.184999942779541,1.184999942779541,1.184999942779541,0.0
2018-06-06,1.184999942779541,1.184999942779541,1.184999942779541,1.184999942779541,1.184999942779541,0.0
2018-06-07,1.184999942779541,1.184999942779541,1.184999942779541,1.184999942779541,1.184999942779541,0.0
2018-06-10,1.184999942779541,1.184999942779541,1.184999942779541,1.184999942779541,1.184999942779541,0.0
2018-06-11,1.184999942779541,1.184999942779541,1.184999942779541,1.184999942779541,1.184999942779541,0.0
2018-06-12,1.184999942779541,1.184999942779541,1.184999942779541,1.184999942779541,1.184999942779541,0.0
2018-06-13,1.184999942779541,1.184999942779541,1.184999942779541,1.184999942779541,1.184999942779541,0.0
2018-06-14,1.184999942779541,1.184999942779541,1.184999942779541,1.184999942779541,1.184999942779541,0.0
2018-06-17,1.184999942779541,1.184999942779541,1.184999942779541,1.184999942779541,1.184999942779541,0.0
2018-06-18,1.184999942779541,1.184999942779541,1.184999942779541,1.184999942779541,1.184999942779541,0.0
2018-06-19,1.184999942779541,1.184999942779541,1.184999942779541,1.184999942779541,1.184999942779541,0.0
2018-06-20,1.184999942779541,1.184999942779541,1.184999942779541,1.184999942779541,1.184999942779541,0.0
2018-06-21,1.184999942779541,1.184999942779541,1.184999942779541,1.184999942779541,1.184999942779541,0.0
2018-06-24,1.184999942779541,1.184999942779541,1.184999942779541,1.184999942779541,1.184999942779541,0.0
2018-06-25,1.184999942779541,1.184999942779541,1.184999942779541,1.184999942779541,1.184999942779541,0.0
2018-06-26,1.184999942779541,1.184999942779541,1.184999942779541,1.184999942779541,1.184999942779541,0.0
2018-06-27,1.184999942779541,1.184999942779541,1.184999942779541,1.184999942779541,1.184999942779541,0.0
2018-06-28,1.184999942779541,1.184999942779541,1.184999942779541,1.184999942779541,1.184999942779541,0.0
2018-07-01,1.184999942779541,1.184999942779541,1.184999942779541,1.184999942779541,1.184999942779541,0.0
2018-07-02,1.184999942779541,1.184999942779541,1.184999942779541,1.184999942779541,1.184999942779541,0.0
2018-07-03,1.184999942779541,1.184999942779541,1.184999942779541,1.184999942779541,1.184999942779541,0.0
2018-07-04,1.184999942779541,1.184999942779541,1.184999942779541,1.184999942779541,1.184999942779541,0.0
2018-07-05,1.184999942779541,1.184999942779541,1.184999942779541,1.184999942779541,1.184999942779541,0.0
2018-07-08,1.184999942779541,1.184999942779541,1.184999942779541,1.184999942779541,1.184999942779541,0.0
2018-07-09,1.184999942779541,1.184999942779541,1.184999942779541,1.184999942779541,1.184999942779541,0.0
2018-07-10,1.184999942779541,1.184999942779541,1.184999942779541,1.184999942779541,1.184999942779541,0.0
2018-07-11,1.184999942779541,1.184999942779541,1.184999942779541,1.184999942779541,1.184999942779541,0.0
2018-07-12,1.184999942779541,1.184999942779541,1.184999942779541,1.184999942779541,1.184999942779541,0.0
2018-07-15,1.184999942779541,1.184999942779541,1.184999942779541,1.184999942779541,1.184999942779541,0.0
2018-07-16,1.184999942779541,1.184999942779541,1.184999942779541,1.184999942779541,1.184999942779541,0.0
2018-07-17,1.184999942779541,1.184999942779541,1.184999942779541,1.184999942779541,1.184999942779541,0.0
2018-07-18,1.184999942779541,1.184999942779541,1.184999942779541,1.184999942779541,1.184999942779541,0.0
2018-07-19,1.184999942779541,1.184999942779541,1.184999942779541,1.184999942779541,1.184999942779541,0.0
2018-07-22,1.184999942779541,1.184999942779541,1.184999942779541,1.184999942779541,1.184999942779541,0.0
2018-07-23,1.184999942779541,1.184999942779541,1.184999942779541,1.184999942779541,1.184999942779541,0.0
2018-07-24,1.184999942779541,1.184999942779541,1.184999942779541,1.184999942779541,1.184999942779541,0.0
2018-07-25,1.184999942779541,1.184999942779541,1.184999942779541,1.184999942779541,1.184999942779541,0.0
2018-07-26,1.184999942779541,1.184999942779541,1.184999942779541,1.184999942779541,1.184999942779541,0.0
2018-07-29,1.184999942779541,1.184999942779541,1.184999942779541,1.184999942779541,1.184999942779541,0.0
2018-07-30,1.184999942779541,1.184999942779541,1.184999942779541,1.184999942779541,1.184999942779541,0.0
2018-07-31,1.184999942779541,1.184999942779541,1.184999942779541,1.184999942779541,1.184999942779541,0.0
2018-08-01,1.184999942779541,1.184999942779541,1.184999942779541,1.184999942779541,1.184999942779541,0.0
2018-08-02,1.184999942779541,1.184999942779541,1.184999942779541,1.184999942779541,1.184999942779541,0.0
2018-08-05,1.184999942779541,1.184999942779541,1.184999942779541,1.184999942779541,1.184999942779541,0.0
2018-08-06,1.184999942779541,1.184999942779541,1.184999942779541,1.184999942779541,1.184999942779541,0.0
2018-08-07,1.184999942779541,1.184999942779541,1.184999942779541,1.184999942779541,1.184999942779541,0.0
2018-08-08,1.184999942779541,1.184999942779541,1.184999942779541,1.184999942779541,1.184999942779541,0.0
2018-08-09,1.184999942779541,1.184999942779541,1.184999942779541,1.184999942779541,1.184999942779541,0.0
2018-08-12,1.184999942779541,1.184999942779541,1.184999942779541,1.184999942779541,1.184999942779541,0.0
2018-08-13,1.184999942779541,1.184999942779541,1.184999942779541,1.184999942779541,1.184999942779541,0.0
2018-08-14,1.184999942779541,1.184999942779541,1.184999942779541,1.184999942779541,1.184999942779541,0.0
2018-08-15,1.184999942779541,1.184999942779541,1.184999942779541,1.184999942779541,1.184999942779541,0.0
2018-08-16,1.184999942779541,1.184999942779541,1.184999942779541,1.184999942779541,1.184999942779541,0.0
2018-08-19,1.184999942779541,1.184999942779541,1.184999942779541,1.184999942779541,1.184999942779541,0.0
2018-08-20,1.184999942779541,1.184999942779541,1.184999942779541,1.184999942779541,1.184999942779541,0.0
2018-08-21,1.184999942779541,1.184999942779541,1.184999942779541,1.184999942779541,1.184999942779541,0.0
2018-08-22,1.184999942779541,1.184999942779541,1.184999942779541,1.184999942779541,1.184999942779541,0.0
2018-08-23,1.184999942779541,1.184999942779541,1.184999942779541,1.184999942779541,1.184999942779541,0.0
2018-08-26,1.184999942779541,1.184999942779541,1.184999942779541,1.184999942779541,1.184999942779541,0.0
2018-08-27,1.184999942779541,1.184999942779541,1.184999942779541,1.184999942779541,1.184999942779541,0.0
2018-08-28,1.184999942779541,1.184999942779541,1.184999942779541,1.184999942779541,1.184999942779541,0.0
2018-08-29,1.184999942779541,1.184999942779541,1.184999942779541,1.184999942779541,1.184999942779541,0.0
2018-08-30,1.184999942779541,1.184999942779541,1.184999942779541,1.184999942779541,1.184999942779541,0.0
2018-09-02,1.184999942779541,1.184999942779541,1.184999942779541,1.184999942779541,1.184999942779541,0.0
2018-09-03,0.5649999976158142,0.5899999737739563,0.5649999976158142,0.5849999785423279,0.5849999785423279,124972.0
2018-09-04,0.5849999785423279,0.5849999785423279,0.5849999785423279,0.5849999785423279,0.5849999785423279,0.0
2018-09-05,0.5849999785423279,0.6100000143051147,0.6100000143051147,0.6100000143051147,0.6100000143051147,58500.0
2018-09-06,0.6100000143051147,0.6100000143051147,0.5849999785423279,0.6100000143051147,0.6100000143051147,23630.0
2018-09-09,0.6100000143051147,0.6399999856948853,0.5899999737739563,0.6100000143051147,0.6100000143051147,26328.0
2018-09-10,0.6100000143051147,0.6399999856948853,0.5899999737739563,0.6100000143051147,0.6100000143051147,37480.0
2018-09-11,0.6100000143051147,0.6100000143051147,0.6100000143051147,0.6100000143051147,0.6100000143051147,0.0
2018-09-12,0.6100000143051147,0.6399999856948853,0.5799999833106995,0.6150000095367432,0.6150000095367432,81300.0
2018-09-13,0.6150000095367432,0.5849999785423279,0.5849999785423279,0.6150000095367432,0.6150000095367432,4000.0
2018-09-16,0.6150000095367432,0.6150000095367432,0.6150000095367432,0.6150000095367432,0.6150000095367432,30.0
2018-09-17,0.6150000095367432,0.6150000095367432,0.6150000095367432,0.6150000095367432,0.6150000095367432,0.0
2018-09-18,0.6150000095367432,0.6150000095367432,0.6150000095367432,0.6150000095367432,0.6150000095367432,0.0
2018-09-19,0.6150000095367432,0.6150000095367432,0.6150000095367432,0.6150000095367432,0.6150000095367432,0.0
2018-09-20,0.6150000095367432,0.6150000095367432,0.6150000095367432,0.6150000095367432,0.6150000095367432,0.0
2018-09-23,0.6150000095367432,0.6150000095367432,0.6150000095367432,0.6150000095367432,0.6150000095367432,0.0
2018-09-24,0.6150000095367432,0.5849999785423279,0.5849999785423279,0.6150000095367432,0.6150000095367432,50562.0
2018-09-25,0.6150000095367432,0.6150000095367432,0.6150000095367432,0.6150000095367432,0.6150000095367432,0.0
2018-09-26,0.6150000095367432,0.6150000095367432,0.6150000095367432,0.6150000095367432,0.6150000095367432,0.0
2018-09-27,0.6150000095367432,0.5849999785423279,0.5849999785423279,0.6150000095367432,0.6150000095367432,100.0
2018-09-30,0.6150000095367432,0.6150000095367432,0.6150000095367432,0.6150000095367432,0.6150000095367432,0.0
2018-10-01,0.6150000095367432,0.6150000095367432,0.6150000095367432,0.6150000095367432,0.6150000095367432,0.0
2018-10-02,0.6150000095367432,0.6150000095367432,0.6150000095367432,0.6150000095367432,0.6150000095367432,0.0
2018-10-03,0.6150000095367432,0.6150000095367432,0.6150000095367432,0.6150000095367432,0.6150000095367432,0.0
2018-10-04,0.6150000095367432,0.6150000095367432,0.6150000095367432,0.6150000095367432,0.6150000095367432,0.0
2018-10-07,0.6150000095367432,0.6150000095367432,0.6150000095367432,0.6150000095367432,0.6150000095367432,0.0
2018-10-08,0.6150000095367432,0.6150000095367432,0.6150000095367432,0.6150000095367432,0.6150000095367432,0.0
2018-10-09,0.6150000095367432,0.6150000095367432,0.6150000095367432,0.6150000095367432,0.6150000095367432,0.0
2018-10-10,0.6150000095367432,0.6150000095367432,0.6150000095367432,0.6150000095367432,0.6150000095367432,0.0
2018-10-11,0.6150000095367432,0.6150000095367432,0.6150000095367432,0.6150000095367432,0.6150000095367432,0.0
2018-10-14,0.6150000095367432,0.6150000095367432,0.6150000095367432,0.6150000095367432,0.6150000095367432,0.0
2018-10-15,0.6150000095367432,0.6150000095367432,0.6150000095367432,0.6150000095367432,0.6150000095367432,0.0
2018-10-16,0.6150000095367432,0.6150000095367432,0.6150000095367432,0.6150000095367432,0.6150000095367432,0.0
2018-10-17,0.6150000095367432,0.6150000095367432,0.6150000095367432,0.6150000095367432,0.6150000095367432,0.0
2018-10-18,0.6150000095367432,0.6150000095367432,0.6150000095367432,0.6150000095367432,0.6150000095367432,0.0
2018-10-21,0.6150000095367432,0.6150000095367432,0.6150000095367432,0.6150000095367432,0.6150000095367432,0.0
2018-10-22,0.6150000095367432,0.6150000095367432,0.6150000095367432,0.6150000095367432,0.6150000095367432,0.0
2018-10-23,0.6150000095367432,0.6150000095367432,0.6150000095367432,0.6150000095367432,0.6150000095367432,0.0
2018-10-24,0.6150000095367432,0.6150000095367432,0.6150000095367432,0.6150000095367432,0.6150000095367432,0.0
2018-10-25,0.6150000095367432,0.6150000095367432,0.6150000095367432,0.6150000095367432,0.6150000095367432,0.0
2018-10-28,0.6150000095367432,0.6150000095367432,0.6150000095367432,0.6150000095367432,0.6150000095367432,0.0
2018-10-29,0.6150000095367432,0.6449999809265137,0.5845000147819519,0.6215000152587891,0.6215000152587891,207542.0
2018-10-30,0.6215000152587891,0.6215000152587891,0.6215000152587891,0.6215000152587891,0.6215000152587891,0.0
2018-10-31,0.6215000152587891,0.6215000152587891,0.6215000152587891,0.6215000152587891,0.6215000152587891,0.0
2018-11-01,0.6215000152587891,0.6215000152587891,0.6215000152587891,0.6215000152587891,0.6215000152587891,0.0
2018-11-04,0.6215000152587891,0.6215000152587891,0.6215000152587891,0.6215000152587891,0.6215000152587891,0.0
2018-11-05,0.6215000152587891,0.6215000152587891,0.6215000152587891,0.6215000152587891,0.6215000152587891,0.0
2018-11-06,0.6215000152587891,0.6215000152587891,0.6215000152587891,0.6215000152587891,0.6215000152587891,0.0
2018-11-07,0.6215000152587891,0.6524999737739563,0.6499999761581421,0.6215000152587891,0.6215000152587891,22446.0
2018-11-08,0.6215000152587891,0.6524999737739563,0.590499997138977,0.6215000152587891,0.6215000152587891,15200.0
2018-11-11,0.6215000152587891,0.6215000152587891,0.6215000152587891,0.6215000152587891,0.6215000152587891,0.0
2018-11-12,0.6215000152587891,0.6215000152587891,0.6215000152587891,0.6215000152587891,0.6215000152587891,0.0
2018-11-13,0.6215000152587891,0.590499997138977,0.590499997138977,0.6215000152587891,0.6215000152587891,6000.0
2018-11-14,0.6215000152587891,0.6215000152587891,0.6215000152587891,0.6215000152587891,0.6215000152587891,0.0
2018-11-15,0.6215000152587891,0.6215000152587891,0.6215000152587891,0.6215000152587891,0.6215000152587891,0.0
2018-11-18,0.6215000152587891,0.625,0.590499997138977,0.6179999709129333,0.6179999709129333,67450.0
2018-11-19,0.6179999709129333,0.590499997138977,0.590499997138977,0.6179999709129333,0.6179999709129333,7800.0
2018-11-20,0.6179999709129333,0.6179999709129333,0.6179999709129333,0.6179999709129333,0.6179999709129333,0.0
2018-11-21,0.6179999709129333,0.590499997138977,0.5899999737739563,0.6179999709129333,0.6179999709129333,26000.0
2018-11-22,0.6179999709129333,0.6179999709129333,0.6179999709129333,0.6179999709129333,0.6179999709129333,0.0
2018-11-25,0.6179999709129333,0.6179999709129333,0.6179999709129333,0.6179999709129333,0.6179999709129333,0.0
2018-11-26,0.6179999709129333,0.6179999709129333,0.6179999709129333,0.6179999709129333,0.6179999709129333,0.0
2018-11-27,0.6179999709129333,0.6179999709129333,0.6179999709129333,0.6179999709129333,0.6179999709129333,0.0
2018-11-28,0.6179999709129333,0.6179999709129333,0.6179999709129333,0.6179999709129333,0.6179999709129333,0.0
2018-11-29,0.6179999709129333,0.6179999709129333,0.6179999709129333,0.6179999709129333,0.6179999709129333,0.0
2018-12-02,0.6179999709129333,0.6179999709129333,0.6179999709129333,0.6179999709129333,0.6179999709129333,0.0
2018-12-03,0.6179999709129333,0.6179999709129333,0.6179999709129333,0.6179999709129333,0.6179999709129333,0.0
2018-12-04,0.6179999709129333,0.6179999709129333,0.6179999709129333,0.6179999709129333,0.6179999709129333,0.0
2018-12-05,0.6179999709129333,0.6179999709129333,0.6179999709129333,0.6179999709129333,0.6179999709129333,0.0
2018-12-06,0.6179999709129333,0.6179999709129333,0.6179999709129333,0.6179999709129333,0.6179999709129333,0.0
2018-12-09,0.6179999709129333,0.6179999709129333,0.6179999709129333,0.6179999709129333,0.6179999709129333,0.0
2018-12-10,0.6179999709129333,0.6179999709129333,0.6179999709129333,0.6179999709129333,0.6179999709129333,0.0
2018-12-11,0.6179999709129333,0.625,0.625,0.6179999709129333,0.6179999709129333,2000.0
2018-12-12,0.6179999709129333,0.6179999709129333,0.6179999709129333,0.6179999709129333,0.6179999709129333,0.0
2018-12-13,0.6179999709129333,0.6179999709129333,0.6179999709129333,0.6179999709129333,0.6179999709129333,0.0
2018-12-16,0.6179999709129333,0.625,0.625,0.6179999709129333,0.6179999709129333,490.0
2018-12-17,0.6179999709129333,0.6179999709129333,0.6179999709129333,0.6179999709129333,0.6179999709129333,0.0
2018-12-18,0.6179999709129333,0.6179999709129333,0.6179999709129333,0.6179999709129333,0.6179999709129333,0.0
2018-12-19,0.6179999709129333,0.6179999709129333,0.6179999709129333,0.6179999709129333,0.6179999709129333,0.0
2018-12-20,0.6179999709129333,0.6179999709129333,0.6179999709129333,0.6179999709129333,0.6179999709129333,0.0
2018-12-23,0.6179999709129333,0.6179999709129333,0.6179999709129333,0.6179999709129333,0.6179999709129333,0.0
2018-12-24,0.6179999709129333,0.6179999709129333,0.6179999709129333,0.6179999709129333,0.6179999709129333,0.0
2018-12-25,0.6179999709129333,0.6179999709129333,0.6179999709129333,0.6179999709129333,0.6179999709129333,0.0
2018-12-26,0.6179999709129333,0.6179999709129333,0.6179999709129333,0.6179999709129333,0.6179999709129333,0.0
2018-12-27,0.6179999709129333,0.6179999709129333,0.6179999709129333,0.6179999709129333,0.6179999709129333,0.0
2018-12-30,0.6179999709129333,0.6179999709129333,0.6179999709129333,0.6179999709129333,0.6179999709129333,0.0
2018-12-31,0.6179999709129333,0.6179999709129333,0.6179999709129333,0.6179999709129333,0.6179999709129333,0.0
2019-01-01,0.6179999709129333,0.6179999709129333,0.6179999709129333,0.6179999709129333,0.6179999709129333,0.0
2019-01-02,0.6179999709129333,0.6179999709129333,0.6179999709129333,0.6179999709129333,0.6179999709129333,0.0
2019-01-03,0.6179999709129333,0.6179999709129333,0.6179999709129333,0.6179999709129333,0.6179999709129333,0.0
2019-01-06,0.6179999709129333,0.6485000252723694,0.5874999761581421,0.6324999928474426,0.6324999928474426,196558.0
2019-01-07,0.6324999928474426,0.6324999928474426,0.6324999928474426,0.6324999928474426,0.6324999928474426,0.0
2019-01-08,0.6324999928474426,0.6324999928474426,0.6324999928474426,0.6324999928474426,0.6324999928474426,0.0
2019-01-09,0.6324999928474426,0.6324999928474426,0.6324999928474426,0.6324999928474426,0.6324999928474426,0.0
2019-01-10,0.6324999928474426,0.6324999928474426,0.6324999928474426,0.6324999928474426,0.6324999928474426,0.0
2019-01-13,0.6324999928474426,0.6324999928474426,0.6324999928474426,0.6324999928474426,0.6324999928474426,0.0
2019-01-14,0.6324999928474426,0.6324999928474426,0.6324999928474426,0.6324999928474426,0.6324999928474426,0.0
2019-01-15,0.6324999928474426,0.6324999928474426,0.6324999928474426,0.6324999928474426,0.6324999928474426,0.0
2019-01-16,0.6324999928474426,0.6324999928474426,0.6324999928474426,0.6324999928474426,0.6324999928474426,0.0
2019-01-17,0.6324999928474426,0.6324999928474426,0.6324999928474426,0.6324999928474426,0.6324999928474426,0.0
2019-01-20,0.6324999928474426,0.6324999928474426,0.6324999928474426,0.6324999928474426,0.6324999928474426,0.0
2019-01-21,0.6324999928474426,0.6324999928474426,0.6324999928474426,0.6324999928474426,0.6324999928474426,0.0
2019-01-22,0.6324999928474426,0.6324999928474426,0.6324999928474426,0.6324999928474426,0.6324999928474426,0.0
2019-01-23,0.6324999928474426,0.6324999928474426,0.6324999928474426,0.6324999928474426,0.6324999928474426,0.0
2019-01-24,0.6324999928474426,0.6324999928474426,0.6324999928474426,0.6324999928474426,0.6324999928474426,0.0
2019-01-27,0.6324999928474426,0.6324999928474426,0.6324999928474426,0.6324999928474426,0.6324999928474426,0.0
2019-01-28,0.6324999928474426,0.6324999928474426,0.6324999928474426,0.6324999928474426,0.6324999928474426,0.0
2019-01-29,0.6324999928474426,0.6324999928474426,0.6324999928474426,0.6324999928474426,0.6324999928474426,0.0
2019-01-30,0.6324999928474426,0.6324999928474426,0.6324999928474426,0.6324999928474426,0.6324999928474426,0.0
2019-01-31,0.6324999928474426,0.6010000109672546,0.6010000109672546,0.6324999928474426,0.6324999928474426,6600.0
2019-02-03,0.6324999928474426,0.6324999928474426,0.6324999928474426,0.6324999928474426,0.6324999928474426,0.0
2019-02-04,0.6324999928474426,0.6324999928474426,0.6324999928474426,0.6324999928474426,0.6324999928474426,0.0
2019-02-05,0.6324999928474426,0.6324999928474426,0.6324999928474426,0.6324999928474426,0.6324999928474426,0.0
2019-02-06,0.6324999928474426,0.6324999928474426,0.6324999928474426,0.6324999928474426,0.6324999928474426,0.0
2019-02-07,0.6324999928474426,0.6324999928474426,0.6324999928474426,0.6324999928474426,0.6324999928474426,0.0
2019-02-10,0.6324999928474426,0.6324999928474426,0.6324999928474426,0.6324999928474426,0.6324999928474426,0.0
2019-02-11,0.6324999928474426,0.6324999928474426,0.6324999928474426,0.6324999928474426,0.6324999928474426,0.0
2019-02-12,0.6324999928474426,0.6324999928474426,0.6324999928474426,0.6324999928474426,0.6324999928474426,0.0
2019-02-13,0.6324999928474426,0.6324999928474426,0.6324999928474426,0.6324999928474426,0.6324999928474426,0.0
2019-02-14,0.6324999928474426,0.6324999928474426,0.6324999928474426,0.6324999928474426,0.6324999928474426,0.0
2019-02-17,0.6324999928474426,0.6324999928474426,0.6324999928474426,0.6324999928474426,0.6324999928474426,0.0
2019-02-18,0.6324999928474426,0.6499999761581421,0.6010000109672546,0.6324999928474426,0.6324999928474426,8196.0
2019-02-19,0.6324999928474426,0.6324999928474426,0.6324999928474426,0.6324999928474426,0.6324999928474426,0.0
2019-02-20,0.6324999928474426,0.6324999928474426,0.6324999928474426,0.6324999928474426,0.6324999928474426,0.0
2019-02-21,0.6324999928474426,0.6324999928474426,0.6324999928474426,0.6324999928474426,0.6324999928474426,0.0
2019-02-24,0.6324999928474426,0.6499999761581421,0.6499999761581421,0.6324999928474426,0.6324999928474426,6980.0
2019-02-25,0.6324999928474426,0.6324999928474426,0.6324999928474426,0.6324999928474426,0.6324999928474426,0.0
2019-02-26,0.6324999928474426,0.6324999928474426,0.6324999928474426,0.6324999928474426,0.6324999928474426,0.0
2019-02-27,0.6324999928474426,0.6324999928474426,0.6324999928474426,0.6324999928474426,0.6324999928474426,0.0
2019-02-28,0.6324999928474426,0.6324999928474426,0.6324999928474426,0.6324999928474426,0.6324999928474426,0.0
2019-03-03,0.6324999928474426,0.6324999928474426,0.6324999928474426,0.6324999928474426,0.6324999928474426,0.0
2019-03-04,0.6324999928474426,0.6324999928474426,0.6324999928474426,0.6324999928474426,0.6324999928474426,0.0
2019-03-05,0.6324999928474426,0.625,0.6240000128746033,0.625,0.625,88772.0
2019-03-06,0.625,0.625,0.625,0.625,0.625,0.0
2019-03-07,0.625,0.625,0.625,0.625,0.625,0.0
2019-03-10,0.625,0.625,0.625,0.625,0.625,0.0
2019-03-11,0.625,0.625,0.625,0.625,0.625,0.0
2019-03-12,0.625,0.625,0.625,0.625,0.625,0.0
2019-03-13,0.625,0.625,0.625,0.625,0.625,0.0
2019-03-14,0.625,0.625,0.625,0.625,0.625,0.0
2019-03-17,0.625,0.625,0.625,0.625,0.625,0.0
2019-03-18,0.625,0.625,0.625,0.625,0.625,0.0
2019-03-19,0.625,0.625,0.625,0.625,0.625,0.0
2019-03-20,0.625,0.625,0.625,0.625,0.625,0.0
2019-03-21,0.625,0.625,0.625,0.625,0.625,0.0
2019-03-24,0.625,0.625,0.625,0.625,0.625,0.0
2019-03-25,0.625,0.625,0.625,0.625,0.625,0.0
2019-03-26,0.625,0.625,0.625,0.625,0.625,0.0
2019-03-27,0.625,0.625,0.625,0.625,0.625,0.0
2019-03-28,0.625,0.625,0.625,0.625,0.625,0.0
2019-03-31,0.625,0.625,0.625,0.625,0.625,0.0
2019-04-01,0.625,0.625,0.625,0.625,0.625,0.0
2019-04-02,0.625,0.625,0.625,0.625,0.625,0.0
2019-04-03,0.625,0.625,0.625,0.625,0.625,0.0
2019-04-04,0.625,0.625,0.625,0.625,0.625,0.0
2019-04-07,0.625,0.625,0.625,0.625,0.625,0.0
2019-04-08,0.625,0.625,0.625,0.625,0.625,0.0
2019-04-09,0.625,0.625,0.625,0.625,0.625,0.0
2019-04-10,0.625,0.625,0.625,0.625,0.625,0.0
2019-04-11,0.625,0.625,0.625,0.625,0.625,0.0
2019-04-14,0.625,0.625,0.625,0.625,0.625,0.0
2019-04-15,0.625,0.625,0.625,0.625,0.625,0.0
2019-04-16,0.625,0.625,0.625,0.625,0.625,0.0
2019-04-17,0.625,0.625,0.625,0.625,0.625,0.0
2019-04-18,0.625,0.625,0.625,0.625,0.625,0.0
2019-04-21,0.625,0.625,0.625,0.625,0.625,0.0
2019-04-22,0.625,0.625,0.625,0.625,0.625,0.0
2019-04-23,0.625,0.625,0.625,0.625,0.625,0.0
2019-04-24,0.625,0.625,0.625,0.625,0.625,0.0
2019-04-25,0.625,0.625,0.625,0.625,0.625,0.0
2019-04-28,0.625,0.625,0.625,0.625,0.625,0.0
2019-04-29,0.625,0.625,0.625,0.625,0.625,0.0
2019-04-30,0.625,0.625,0.625,0.625,0.625,0.0
2019-05-01,0.625,0.625,0.625,0.625,0.625,0.0
2019-05-02,0.625,0.625,0.625,0.625,0.625,0.0
2019-05-05,0.625,0.625,0.625,0.625,0.625,0.0
2019-05-06,0.625,0.625,0.625,0.625,0.625,0.0
2019-05-07,0.625,0.625,0.625,0.625,0.625,0.0
2019-05-08,0.625,0.625,0.625,0.625,0.625,0.0
2019-05-09,0.625,0.625,0.625,0.625,0.625,0.0
2019-05-12,0.625,0.625,0.625,0.625,0.625,0.0
2019-05-13,0.625,0.625,0.625,0.625,0.625,0.0
2019-05-14,0.625,0.625,0.625,0.625,0.625,0.0
2019-05-15,0.625,0.625,0.625,0.625,0.625,0.0
2019-05-16,0.625,0.625,0.625,0.625,0.625,0.0
2019-05-19,0.625,0.625,0.625,0.625,0.625,0.0
2019-05-20,0.625,0.625,0.625,0.625,0.625,0.0
2019-05-21,0.625,0.625,0.625,0.625,0.625,0.0
2019-05-22,0.625,0.625,0.625,0.625,0.625,0.0
2019-05-23,0.625,0.625,0.625,0.625,0.625,0.0
2019-05-26,0.625,0.625,0.625,0.625,0.625,0.0
2019-05-27,0.625,0.625,0.625,0.625,0.625,0.0
2019-05-28,0.625,0.625,0.625,0.625,0.625,0.0
2019-05-29,0.625,0.625,0.625,0.625,0.625,0.0
2019-05-30,0.625,0.625,0.625,0.625,0.625,0.0
2019-06-02,0.625,0.625,0.625,0.625,0.625,0.0
2019-06-03,0.625,0.625,0.625,0.625,0.625,0.0
2019-06-04,0.625,0.625,0.625,0.625,0.625,0.0
2019-06-05,0.625,0.625,0.625,0.625,0.625,0.0
2019-06-06,0.625,0.625,0.625,0.625,0.625,0.0
2019-06-09,0.625,0.625,0.625,0.625,0.625,0.0
2019-06-10,0.625,0.625,0.625,0.625,0.625,0.0
2019-06-11,0.625,0.625,0.625,0.625,0.625,5210.0
2019-06-12,0.625,0.625,0.625,0.625,0.625,0.0
2019-06-13,0.625,0.625,0.625,0.625,0.625,0.0
2019-06-16,0.625,0.625,0.625,0.625,0.625,0.0
2019-06-17,0.625,0.625,0.625,0.625,0.625,0.0
2019-06-18,0.625,0.625,0.625,0.625,0.625,0.0
2019-06-19,0.625,0.625,0.625,0.625,0.625,0.0
2019-06-20,0.625,0.625,0.625,0.625,0.625,0.0
2019-06-23,0.625,0.625,0.625,0.625,0.625,0.0
2019-06-24,0.625,0.625,0.625,0.625,0.625,0.0
2019-06-25,0.625,0.625,0.625,0.625,0.625,0.0
2019-06-26,0.625,0.6244999766349792,0.6244999766349792,0.625,0.625,2388.0
2019-06-27,0.625,0.625,0.625,0.625,0.625,0.0
2019-06-30,0.625,0.625,0.625,0.625,0.625,0.0
2019-07-01,0.625,0.625,0.625,0.625,0.625,0.0
2019-07-02,0.625,0.6244999766349792,0.6244999766349792,0.625,0.625,1092.0
2019-07-03,0.625,0.625,0.625,0.625,0.625,0.0
2019-07-04,0.625,0.625,0.625,0.625,0.625,0.0
2019-07-07,0.625,0.625,0.625,0.625,0.625,0.0
2019-07-08,0.625,0.625,0.625,0.625,0.625,0.0
2019-07-09,0.625,0.625,0.625,0.625,0.625,0.0
2019-07-10,0.625,0.625,0.625,0.625,0.625,0.0
2019-07-11,0.625,0.625,0.625,0.625,0.625,0.0
2019-07-14,0.625,0.625,0.625,0.625,0.625,0.0
2019-07-15,0.625,0.625,0.625,0.625,0.625,0.0
2019-07-16,0.625,0.6244999766349792,0.6244999766349792,0.625,0.625,520.0
2019-07-17,0.625,0.625,0.625,0.625,0.625,0.0
2019-07-18,0.625,0.625,0.625,0.625,0.625,0.0
2019-07-21,0.625,0.625,0.625,0.625,0.625,0.0
2019-07-22,0.625,0.625,0.625,0.625,0.625,0.0
2019-07-23,0.625,0.625,0.625,0.625,0.625,0.0
2019-07-24,0.625,0.625,0.625,0.625,0.625,0.0
2019-07-25,0.625,0.625,0.625,0.625,0.625,0.0
2019-07-28,0.625,0.625,0.625,0.625,0.625,0.0
2019-07-29,0.625,0.625,0.625,0.625,0.625,0.0
2019-07-30,0.625,0.625,0.625,0.625,0.625,0.0
2019-07-31,0.625,0.625,0.625,0.625,0.625,0.0
2019-08-01,0.625,0.625,0.625,0.625,0.625,0.0
2019-08-04,0.625,0.625,0.625,0.625,0.625,0.0
2019-08-05,0.625,0.625,0.625,0.625,0.625,0.0
2019-08-06,0.625,0.625,0.625,0.625,0.625,0.0
2019-08-07,0.625,0.625,0.625,0.625,0.625,0.0
2019-08-08,0.625,0.625,0.625,0.625,0.625,0.0
2019-08-11,0.625,0.625,0.625,0.625,0.625,0.0
2019-08-12,0.625,0.625,0.625,0.625,0.625,0.0
2019-08-13,0.625,0.625,0.625,0.625,0.625,0.0
2019-08-14,0.625,0.625,0.625,0.625,0.625,0.0
2019-08-15,0.625,0.625,0.625,0.625,0.625,0.0
2019-08-18,0.625,0.625,0.625,0.625,0.625,0.0
2019-08-19,0.625,0.625,0.625,0.625,0.625,0.0
2019-08-20,0.625,0.625,0.625,0.625,0.625,0.0
2019-08-21,0.625,0.625,0.625,0.625,0.625,0.0
2019-08-22,0.625,0.625,0.625,0.625,0.625,0.0
2019-08-25,0.625,0.625,0.625,0.625,0.625,0.0
2019-08-26,0.625,0.625,0.625,0.625,0.625,0.0
2019-08-27,0.625,0.625,0.625,0.625,0.625,0.0
2019-08-28,0.625,0.625,0.625,0.625,0.625,0.0
2019-08-29,0.625,0.625,0.625,0.625,0.625,0.0
2019-09-01,0.625,0.625,0.625,0.625,0.625,0.0
2019-09-02,0.625,0.625,0.625,0.625,0.625,0.0
2019-09-03,0.625,0.625,0.625,0.625,0.625,0.0
2019-09-04,0.625,0.625,0.625,0.625,0.625,0.0
2019-09-05,0.625,0.625,0.625,0.625,0.625,0.0
2019-09-08,0.625,0.625,0.625,0.625,0.625,0.0
2019-09-09,0.625,0.625,0.625,0.625,0.625,0.0
2019-09-10,0.625,0.625,0.625,0.625,0.625,0.0
2019-09-11,0.625,0.625,0.625,0.625,0.625,0.0
2019-09-12,0.625,0.625,0.625,0.625,0.625,0.0
2019-09-15,0.625,0.625,0.625,0.625,0.625,0.0
2019-09-16,0.625,0.625,0.625,0.625,0.625,0.0
2019-09-17,0.625,0.625,0.625,0.625,0.625,0.0
2019-09-18,0.625,0.625,0.625,0.625,0.625,0.0
2019-09-19,0.625,0.625,0.625,0.625,0.625,0.0
2019-09-22,0.625,0.625,0.625,0.625,0.625,0.0
2019-09-23,0.625,0.625,0.625,0.625,0.625,0.0
2019-09-24,0.625,0.625,0.625,0.625,0.625,0.0
2019-09-25,0.625,0.625,0.625,0.625,0.625,0.0
2019-09-26,0.625,0.625,0.625,0.625,0.625,0.0
2019-09-29,0.625,0.625,0.625,0.625,0.625,0.0
2019-09-30,0.625,0.625,0.625,0.625,0.625,0.0
2019-10-01,0.625,0.625,0.625,0.625,0.625,0.0
2019-10-02,0.625,0.625,0.625,0.625,0.625,0.0
2019-10-03,0.625,0.625,0.625,0.625,0.625,0.0
2019-10-07,0.625,0.625,0.625,0.625,0.625,0.0
2019-10-08,0.625,0.625,0.625,0.625,0.625,0.0
2019-10-09,0.625,0.625,0.625,0.625,0.625,0.0
2019-10-10,0.625,0.625,0.625,0.625,0.625,0.0
2019-10-13,0.625,0.625,0.625,0.625,0.625,0.0
2019-10-14,0.625,0.625,0.625,0.625,0.625,0.0
2019-10-15,0.625,0.625,0.625,0.625,0.625,0.0
2019-10-16,0.625,0.625,0.625,0.625,0.625,0.0
2019-10-17,0.625,0.625,0.625,0.625,0.625,0.0
2019-10-20,0.625,0.625,0.625,0.625,0.625,0.0
2019-10-21,0.625,0.625,0.625,0.625,0.625,0.0
2019-10-22,0.625,0.625,0.625,0.625,0.625,0.0
2019-10-23,0.625,0.625,0.625,0.625,0.625,0.0
2019-10-24,0.625,0.625,0.625,0.625,0.625,0.0
2019-10-27,0.625,0.625,0.625,0.625,0.625,0.0
2019-10-28,0.625,0.625,0.625,0.625,0.625,0.0
2019-10-29,0.625,0.625,0.625,0.625,0.625,0.0
2019-10-30,0.625,0.625,0.625,0.625,0.625,0.0
2019-10-31,0.625,0.625,0.625,0.625,0.625,0.0
2019-11-03,0.625,0.625,0.625,0.625,0.625,0.0
2019-11-04,0.625,0.625,0.625,0.625,0.625,0.0
2019-11-05,0.625,0.625,0.625,0.625,0.625,0.0
2019-11-06,0.625,0.625,0.625,0.625,0.625,0.0
2019-11-07,0.625,0.593999981880188,0.593999981880188,0.625,0.625,6000.0
2019-11-11,0.625,0.625,0.625,0.625,0.625,0.0
2019-11-12,0.625,0.625,0.625,0.625,0.625,0.0
2019-11-13,0.625,0.625,0.625,0.625,0.625,0.0
2019-11-14,0.625,0.625,0.625,0.625,0.625,0.0
2019-11-17,0.625,0.593999981880188,0.593999981880188,0.625,0.625,12000.0
2019-11-18,0.625,0.625,0.625,0.625,0.625,0.0
2019-11-19,0.625,0.625,0.625,0.625,0.625,0.0
2019-11-20,0.625,0.625,0.625,0.625,0.625,0.0
2019-11-21,0.625,0.625,0.625,0.625,0.625,0.0
2019-11-24,0.625,0.625,0.625,0.625,0.625,0.0
2019-11-25,0.625,0.625,0.625,0.625,0.625,0.0
2019-11-26,0.625,0.625,0.625,0.625,0.625,0.0
2019-11-27,0.625,0.625,0.625,0.625,0.625,0.0
2019-11-28,0.625,0.625,0.625,0.625,0.625,0.0
2019-12-01,0.625,0.625,0.625,0.625,0.625,0.0
2019-12-02,0.625,0.625,0.625,0.625,0.625,0.0
2019-12-03,0.625,0.625,0.625,0.625,0.625,0.0
2019-12-04,0.625,0.625,0.625,0.625,0.625,0.0
2019-12-05,0.625,0.625,0.625,0.625,0.625,0.0
2019-12-08,0.625,0.625,0.625,0.625,0.625,0.0
2019-12-09,0.625,0.625,0.625,0.625,0.625,0.0
2019-12-10,0.625,0.625,0.625,0.625,0.625,0.0
2019-12-11,0.625,0.625,0.625,0.625,0.625,0.0
2019-12-12,0.625,0.625,0.625,0.625,0.625,0.0
2019-12-15,0.625,0.625,0.625,0.625,0.625,0.0
2019-12-16,0.625,0.625,0.625,0.625,0.625,0.0
2019-12-17,0.625,0.625,0.625,0.625,0.625,0.0
2019-12-18,0.625,0.625,0.625,0.625,0.625,0.0
2019-12-19,0.625,0.625,0.625,0.625,0.625,0.0
2019-12-22,0.625,0.625,0.625,0.625,0.625,0.0
2019-12-23,0.625,0.6000000238418579,0.6000000238418579,0.625,0.625,30000.0
2019-12-24,0.625,0.625,0.625,0.625,0.625,0.0
2019-12-25,0.625,0.625,0.625,0.625,0.625,0.0
2019-12-26,0.625,0.625,0.625,0.625,0.625,0.0
2019-12-29,0.625,0.625,0.625,0.625,0.625,0.0
2019-12-30,0.625,0.625,0.625,0.625,0.625,0.0
2019-12-31,0.625,0.625,0.625,0.625,0.625,0.0
2020-01-02,0.625,0.625,0.625,0.625,0.625,0.0
2020-01-05,0.625,0.625,0.625,0.625,0.625,0.0
2020-01-06,0.625,0.625,0.625,0.625,0.625,0.0
2020-01-08,0.625,0.625,0.625,0.625,0.625,0.0
2020-01-09,0.625,0.656000018119812,0.656000018119812,0.625,0.625,37540.0
2020-01-12,0.625,0.625,0.625,0.625,0.625,0.0
2020-01-13,0.625,0.656000018119812,0.656000018119812,0.625,0.625,13750.0
2020-01-14,0.625,0.625,0.625,0.625,0.625,0.0
2020-01-15,0.625,0.625,0.625,0.625,0.625,0.0
2020-01-16,0.625,0.656000018119812,0.656000018119812,0.656000018119812,0.656000018119812,156822.0
2020-01-19,0.656000018119812,0.656000018119812,0.656000018119812,0.656000018119812,0.656000018119812,0.0
2020-01-20,0.656000018119812,0.656000018119812,0.656000018119812,0.656000018119812,0.656000018119812,0.0
2020-01-21,0.656000018119812,0.656000018119812,0.656000018119812,0.656000018119812,0.656000018119812,20000.0
2020-01-22,0.656000018119812,0.656000018119812,0.6234999895095825,0.640999972820282,0.640999972820282,52954.0
2020-01-23,0.640999972820282,0.640999972820282,0.640999972820282,0.640999972820282,0.640999972820282,0.0
2020-01-26,0.640999972820282,0.640999972820282,0.640999972820282,0.640999972820282,0.640999972820282,0.0
2020-01-27,0.640999972820282,0.640999972820282,0.640999972820282,0.640999972820282,0.640999972820282,0.0
2020-01-28,0.640999972820282,0.640999972820282,0.640999972820282,0.640999972820282,0.640999972820282,0.0
2020-01-29,0.640999972820282,0.640999972820282,0.640999972820282,0.640999972820282,0.640999972820282,0.0
2020-01-30,0.640999972820282,0.640999972820282,0.640999972820282,0.640999972820282,0.640999972820282,0.0
2020-02-02,0.640999972820282,0.640999972820282,0.640999972820282,0.640999972820282,0.640999972820282,0.0
2020-02-03,0.640999972820282,0.640999972820282,0.640999972820282,0.640999972820282,0.640999972820282,0.0
2020-02-04,0.640999972820282,0.640999972820282,0.640999972820282,0.640999972820282,0.640999972820282,0.0
2020-02-05,0.640999972820282,0.640999972820282,0.640999972820282,0.640999972820282,0.640999972820282,0.0
2020-02-06,0.640999972820282,0.640999972820282,0.640999972820282,0.640999972820282,0.640999972820282,0.0
2020-02-09,0.640999972820282,0.640999972820282,0.640999972820282,0.640999972820282,0.640999972820282,0.0
2020-02-10,0.640999972820282,0.640999972820282,0.640999972820282,0.640999972820282,0.640999972820282,0.0
2020-02-11,0.640999972820282,0.6299999952316284,0.6299999952316284,0.640999972820282,0.640999972820282,7632.0
2020-02-12,0.640999972820282,0.640999972820282,0.640999972820282,0.640999972820282,0.640999972820282,0.0
2020-02-13,0.640999972820282,0.640999972820282,0.640999972820282,0.640999972820282,0.640999972820282,0.0
2020-02-16,0.640999972820282,0.640999972820282,0.640999972820282,0.640999972820282,0.640999972820282,0.0
2020-02-17,0.640999972820282,0.640999972820282,0.640999972820282,0.640999972820282,0.640999972820282,0.0
2020-02-18,0.640999972820282,0.640999972820282,0.640999972820282,0.640999972820282,0.640999972820282,0.0
2020-02-19,0.640999972820282,0.640999972820282,0.640999972820282,0.640999972820282,0.640999972820282,0.0
2020-02-20,0.640999972820282,0.640999972820282,0.640999972820282,0.640999972820282,0.640999972820282,0.0
2020-02-23,0.640999972820282,0.640999972820282,0.640999972820282,0.640999972820282,0.640999972820282,0.0
2020-02-24,0.640999972820282,0.640999972820282,0.640999972820282,0.640999972820282,0.640999972820282,0.0
2020-02-25,0.640999972820282,0.640999972820282,0.640999972820282,0.640999972820282,0.640999972820282,0.0
2020-02-26,0.640999972820282,0.640999972820282,0.640999972820282,0.640999972820282,0.640999972820282,0.0
2020-02-27,0.640999972820282,0.640999972820282,0.640999972820282,0.640999972820282,0.640999972820282,0.0
2020-03-01,0.640999972820282,0.640999972820282,0.640999972820282,0.640999972820282,0.640999972820282,0.0
2020-03-02,0.640999972820282,0.640999972820282,0.640999972820282,0.640999972820282,0.640999972820282,0.0
2020-03-03,0.640999972820282,0.640999972820282,0.640999972820282,0.640999972820282,0.640999972820282,0.0
2020-03-04,0.640999972820282,0.640999972820282,0.640999972820282,0.640999972820282,0.640999972820282,0.0
2020-03-05,0.640999972820282,0.640999972820282,0.640999972820282,0.640999972820282,0.640999972820282,0.0
2020-03-08,0.640999972820282,0.640999972820282,0.640999972820282,0.640999972820282,0.640999972820282,0.0
2020-03-09,0.640999972820282,0.640999972820282,0.640999972820282,0.640999972820282,0.640999972820282,0.0
2020-03-10,0.640999972820282,0.640999972820282,0.640999972820282,0.640999972820282,0.640999972820282,0.0
2020-03-11,0.640999972820282,0.640999972820282,0.640999972820282,0.640999972820282,0.640999972820282,0.0
2020-03-15,0.640999972820282,0.640999972820282,0.640999972820282,0.640999972820282,0.640999972820282,0.0
2020-03-16,0.640999972820282,0.640999972820282,0.640999972820282,0.640999972820282,0.640999972820282,0.0
2020-03-17,0.640999972820282,0.640999972820282,0.640999972820282,0.640999972820282,0.640999972820282,0.0
2020-03-18,0.640999972820282,0.640999972820282,0.640999972820282,0.640999972820282,0.640999972820282,0.0
2020-03-19,0.640999972820282,0.640999972820282,0.640999972820282,0.640999972820282,0.640999972820282,0.0
2020-03-22,0.640999972820282,0.640999972820282,0.640999972820282,0.640999972820282,0.640999972820282,0.0
2020-03-23,0.640999972820282,0.640999972820282,0.640999972820282,0.640999972820282,0.640999972820282,0.0
2020-03-24,0.640999972820282,0.640999972820282,0.640999972820282,0.640999972820282,0.640999972820282,0.0
2020-03-25,0.640999972820282,0.640999972820282,0.640999972820282,0.640999972820282,0.640999972820282,0.0
2020-03-26,0.640999972820282,0.640999972820282,0.640999972820282,0.640999972820282,0.640999972820282,0.0
2020-03-29,0.640999972820282,0.640999972820282,0.640999972820282,0.640999972820282,0.640999972820282,0.0
2020-03-30,0.640999972820282,0.640999972820282,0.640999972820282,0.640999972820282,0.640999972820282,0.0
2020-03-31,0.640999972820282,0.6729999780654907,0.609000027179718,0.640999972820282,0.640999972820282,20000.0
2020-04-01,0.640999972820282,0.640999972820282,0.640999972820282,0.640999972820282,0.640999972820282,0.0
2020-04-02,0.640999972820282,0.640999972820282,0.640999972820282,0.640999972820282,0.640999972820282,0.0
2020-04-05,0.640999972820282,0.640999972820282,0.640999972820282,0.640999972820282,0.640999972820282,0.0
2020-04-06,0.640999972820282,0.640999972820282,0.640999972820282,0.640999972820282,0.640999972820282,0.0
2020-04-07,0.640999972820282,0.6100000143051147,0.609000027179718,0.640999972820282,0.640999972820282,21880.0
2020-04-08,0.640999972820282,0.640999972820282,0.640999972820282,0.640999972820282,0.640999972820282,0.0
2020-04-09,0.640999972820282,0.640999972820282,0.640999972820282,0.640999972820282,0.640999972820282,0.0
2020-04-12,0.640999972820282,0.640999972820282,0.640999972820282,0.640999972820282,0.640999972820282,0.0
2020-04-13,0.640999972820282,0.640999972820282,0.640999972820282,0.640999972820282,0.640999972820282,0.0
2020-04-14,0.640999972820282,0.6700000166893005,0.609000027179718,0.640999972820282,0.640999972820282,49120.0
2020-04-15,0.640999972820282,0.640999972820282,0.640999972820282,0.640999972820282,0.640999972820282,0.0
2020-04-16,0.640999972820282,0.640999972820282,0.640999972820282,0.640999972820282,0.640999972820282,0.0
2020-04-21,0.640999972820282,0.640999972820282,0.640999972820282,0.640999972820282,0.640999972820282,0.0
2020-04-22,0.640999972820282,0.640999972820282,0.640999972820282,0.640999972820282,0.640999972820282,0.0
2020-04-23,0.640999972820282,0.640999972820282,0.640999972820282,0.640999972820282,0.640999972820282,0.0
2020-04-26,0.640999972820282,0.640999972820282,0.640999972820282,0.640999972820282,0.640999972820282,0.0
2020-04-27,0.640999972820282,0.640999972820282,0.640999972820282,0.640999972820282,0.640999972820282,0.0
2020-04-28,0.640999972820282,0.640999972820282,0.640999972820282,0.640999972820282,0.640999972820282,0.0
2020-04-29,0.640999972820282,0.640999972820282,0.640999972820282,0.640999972820282,0.640999972820282,0.0
2020-04-30,0.640999972820282,0.640999972820282,0.640999972820282,0.640999972820282,0.640999972820282,0.0
2020-05-03,0.640999972820282,0.640999972820282,0.640999972820282,0.640999972820282,0.640999972820282,0.0
2020-05-04,0.640999972820282,0.640999972820282,0.640999972820282,0.640999972820282,0.640999972820282,0.0
2020-05-05,0.640999972820282,0.6650000214576721,0.609000027179718,0.640999972820282,0.640999972820282,26000.0
2020-05-06,0.640999972820282,0.6650000214576721,0.6650000214576721,0.640999972820282,0.640999972820282,1824.0
2020-05-07,0.640999972820282,0.640999972820282,0.640999972820282,0.640999972820282,0.640999972820282,0.0
2020-05-10,0.640999972820282,0.640999972820282,0.640999972820282,0.640999972820282,0.640999972820282,0.0
2020-05-11,0.640999972820282,0.640999972820282,0.640999972820282,0.640999972820282,0.640999972820282,0.0
2020-05-12,0.640999972820282,0.640999972820282,0.640999972820282,0.640999972820282,0.640999972820282,0.0
2020-05-13,0.640999972820282,0.640999972820282,0.640999972820282,0.640999972820282,0.640999972820282,0.0
2020-05-14,0.640999972820282,0.640999972820282,0.640999972820282,0.640999972820282,0.640999972820282,0.0
2020-05-17,0.640999972820282,0.640999972820282,0.640999972820282,0.640999972820282,0.640999972820282,0.0
2020-05-18,0.640999972820282,0.640999972820282,0.640999972820282,0.640999972820282,0.640999972820282,0.0
2020-05-19,0.640999972820282,0.640999972820282,0.640999972820282,0.640999972820282,0.640999972820282,0.0
2020-05-20,0.640999972820282,0.640999972820282,0.640999972820282,0.640999972820282,0.640999972820282,0.0
2020-05-21,0.640999972820282,0.640999972820282,0.640999972820282,0.640999972820282,0.640999972820282,0.0
2020-05-31,0.640999972820282,0.640999972820282,0.640999972820282,0.640999972820282,0.640999972820282,0.0
2020-06-01,0.640999972820282,0.640999972820282,0.640999972820282,0.640999972820282,0.640999972820282,0.0
2020-06-02,0.640999972820282,0.640999972820282,0.640999972820282,0.640999972820282,0.640999972820282,0.0
2020-06-03,0.640999972820282,0.640999972820282,0.640999972820282,0.640999972820282,0.640999972820282,0.0
2020-06-04,0.640999972820282,0.640999972820282,0.640999972820282,0.640999972820282,0.640999972820282,0.0
2020-06-07,0.640999972820282,0.640999972820282,0.640999972820282,0.640999972820282,0.640999972820282,0.0
2020-06-08,0.640999972820282,0.640999972820282,0.640999972820282,0.640999972820282,0.640999972820282,0.0
2020-06-09,0.640999972820282,0.640999972820282,0.640999972820282,0.640999972820282,0.640999972820282,0.0
2020-06-10,0.640999972820282,0.640999972820282,0.640999972820282,0.640999972820282,0.640999972820282,0.0
2020-06-11,0.640999972820282,0.640999972820282,0.640999972820282,0.640999972820282,0.640999972820282,0.0
2020-06-14,0.640999972820282,0.640999972820282,0.640999972820282,0.640999972820282,0.640999972820282,0.0
2020-06-15,0.640999972820282,0.640999972820282,0.640999972820282,0.640999972820282,0.640999972820282,0.0
2020-06-16,0.640999972820282,0.640999972820282,0.640999972820282,0.640999972820282,0.640999972820282,0.0
2020-06-17,0.640999972820282,0.640999972820282,0.640999972820282,0.640999972820282,0.640999972820282,0.0
2020-06-18,0.640999972820282,0.640999972820282,0.640999972820282,0.640999972820282,0.640999972820282,0.0
2020-06-21,0.640999972820282,0.640999972820282,0.640999972820282,0.640999972820282,0.640999972820282,0.0
2020-06-22,0.640999972820282,0.640999972820282,0.640999972820282,0.640999972820282,0.640999972820282,0.0
2020-06-23,0.640999972820282,0.640999972820282,0.640999972820282,0.640999972820282,0.640999972820282,0.0
2020-06-24,0.640999972820282,0.640999972820282,0.640999972820282,0.640999972820282,0.640999972820282,0.0
2020-06-25,0.640999972820282,0.640999972820282,0.640999972820282,0.640999972820282,0.640999972820282,0.0
2020-06-28,0.640999972820282,0.640999972820282,0.640999972820282,0.640999972820282,0.640999972820282,0.0
2020-06-29,0.640999972820282,0.640999972820282,0.640999972820282,0.640999972820282,0.640999972820282,0.0
2020-06-30,0.640999972820282,0.640999972820282,0.640999972820282,0.640999972820282,0.640999972820282,0.0
2020-07-05,0.640999972820282,0.640999972820282,0.640999972820282,0.640999972820282,0.640999972820282,0.0
2020-07-06,0.640999972820282,0.640999972820282,0.640999972820282,0.640999972820282,0.640999972820282,0.0
2020-07-07,0.640999972820282,0.640999972820282,0.640999972820282,0.640999972820282,0.640999972820282,0.0
2020-07-08,0.640999972820282,0.640999972820282,0.640999972820282,0.640999972820282,0.640999972820282,0.0
2020-07-09,0.640999972820282,0.640999972820282,0.640999972820282,0.640999972820282,0.640999972820282,0.0
2020-07-12,0.640999972820282,0.640999972820282,0.640999972820282,0.640999972820282,0.640999972820282,0.0
2020-07-13,0.640999972820282,0.640999972820282,0.640999972820282,0.640999972820282,0.640999972820282,0.0
2020-07-14,0.640999972820282,0.640999972820282,0.640999972820282,0.640999972820282,0.640999972820282,0.0
2020-07-15,0.640999972820282,0.640999972820282,0.640999972820282,0.640999972820282,0.640999972820282,0.0
2020-07-16,0.640999972820282,0.640999972820282,0.640999972820282,0.640999972820282,0.640999972820282,0.0
2020-07-19,0.640999972820282,0.640999972820282,0.640999972820282,0.640999972820282,0.640999972820282,0.0
2020-07-20,0.640999972820282,0.640999972820282,0.640999972820282,0.640999972820282,0.640999972820282,0.0
2020-07-21,0.640999972820282,0.640999972820282,0.640999972820282,0.640999972820282,0.640999972820282,0.0
2020-07-22,0.640999972820282,0.640999972820282,0.640999972820282,0.640999972820282,0.640999972820282,0.0
2020-07-26,0.640999972820282,0.640999972820282,0.640999972820282,0.640999972820282,0.640999972820282,0.0
2020-07-27,0.640999972820282,0.640999972820282,0.640999972820282,0.640999972820282,0.640999972820282,0.0
2020-07-28,0.640999972820282,0.640999972820282,0.640999972820282,0.640999972820282,0.640999972820282,0.0
2020-07-29,0.640999972820282,0.640999972820282,0.640999972820282,0.640999972820282,0.640999972820282,0.0
2020-08-04,0.640999972820282,0.640999972820282,0.640999972820282,0.640999972820282,0.640999972820282,0.0
2020-08-05,0.640999972820282,0.640999972820282,0.640999972820282,0.640999972820282,0.640999972820282,0.0
2020-08-06,0.640999972820282,0.640999972820282,0.640999972820282,0.640999972820282,0.640999972820282,0.0
2020-08-09,0.640999972820282,0.640999972820282,0.640999972820282,0.640999972820282,0.640999972820282,0.0
2020-08-10,0.640999972820282,0.640999972820282,0.640999972820282,0.640999972820282,0.640999972820282,0.0
2020-08-11,0.640999972820282,0.640999972820282,0.640999972820282,0.640999972820282,0.640999972820282,0.0
2020-08-12,0.640999972820282,0.640999972820282,0.640999972820282,0.640999972820282,0.640999972820282,0.0
2020-08-13,0.640999972820282,0.640999972820282,0.640999972820282,0.640999972820282,0.640999972820282,0.0
2020-08-16,0.640999972820282,0.640999972820282,0.640999972820282,0.640999972820282,0.640999972820282,0.0
2020-08-17,0.640999972820282,0.640999972820282,0.640999972820282,0.640999972820282,0.640999972820282,0.0
2020-08-18,0.640999972820282,0.640999972820282,0.640999972820282,0.640999972820282,0.640999972820282,0.0
2020-08-19,0.640999972820282,0.640999972820282,0.640999972820282,0.640999972820282,0.640999972820282,0.0
2020-08-23,0.640999972820282,0.640999972820282,0.640999972820282,0.640999972820282,0.640999972820282,0.0
2020-08-24,0.640999972820282,0.640999972820282,0.640999972820282,0.640999972820282,0.640999972820282,0.0
2020-08-25,0.640999972820282,0.6650000214576721,0.6650000214576721,0.640999972820282,0.640999972820282,20000.0
2020-08-26,0.640999972820282,0.640999972820282,0.640999972820282,0.640999972820282,0.640999972820282,0.0
2020-08-27,0.640999972820282,0.640999972820282,0.640999972820282,0.640999972820282,0.640999972820282,0.0
2020-08-30,0.640999972820282,0.640999972820282,0.640999972820282,0.640999972820282,0.640999972820282,0.0
2020-08-31,0.640999972820282,0.640999972820282,0.640999972820282,0.640999972820282,0.640999972820282,0.0
2020-09-01,0.640999972820282,0.640999972820282,0.640999972820282,0.640999972820282,0.640999972820282,0.0
2020-09-02,0.640999972820282,0.609499990940094,0.609000027179718,0.609000027179718,0.609000027179718,51304.0
2020-09-03,0.609000027179718,0.5805000066757202,0.5789999961853027,0.5795000195503235,0.5795000195503235,84000.0
2020-09-06,0.5795000195503235,0.5789999961853027,0.5509999990463257,0.5665000081062317,0.5665000081062317,72252.0
2020-09-07,0.5665000081062317,0.5400000214576721,0.5385000109672546,0.5394999980926514,0.5394999980926514,94748.0
2020-09-08,0.5394999980926514,0.5649999976158142,0.5130000114440918,0.5254999995231628,0.5254999995231628,205600.0
2020-09-09,0.5254999995231628,0.5254999995231628,0.5254999995231628,0.5254999995231628,0.5254999995231628,0.0
2020-09-10,0.5,0.5049999952316284,0.4749999940395355,0.5,0.5,11000.0
2020-09-13,0.5,0.5249999761581421,0.5,0.5,0.5,32000.0
2020-09-14,0.5,0.47600001096725464,0.47600001096725464,0.5,0.5,6000.0
2020-09-15,0.5,0.5249999761581421,0.4749999940395355,0.476500004529953,0.476500004529953,517548.0
2020-09-16,0.476500004529953,0.476500004529953,0.476500004529953,0.476500004529953,0.476500004529953,0.0
2020-09-17,0.476500004529953,0.476500004529953,0.476500004529953,0.476500004529953,0.476500004529953,0.0
2020-09-20,0.476500004529953,0.476500004529953,0.476500004529953,0.476500004529953,0.476500004529953,0.0
2020-09-21,0.476500004529953,0.5,0.4749999940395355,0.4959999918937683,0.4959999918937683,252864.0
2020-09-22,0.4959999918937683,0.5205000042915344,0.5195000171661377,0.5199999809265137,0.5199999809265137,79810.0
2020-09-23,0.5199999809265137,0.5460000038146973,0.5460000038146973,0.5460000038146973,0.5460000038146973,144784.0
2020-09-24,0.5460000038146973,0.5730000138282776,0.5730000138282776,0.5730000138282776,0.5730000138282776,149652.0
2020-09-27,0.5730000138282776,0.6014999747276306,0.6000000238418579,0.6014999747276306,0.6014999747276306,115828.0
2020-09-28,0.6014999747276306,0.6100000143051147,0.5715000033378601,0.5734999775886536,0.5734999775886536,100000.0
2020-09-29,0.5734999775886536,0.6019999980926514,0.574999988079071,0.5989999771118164,0.5989999771118164,118290.0
2020-09-30,0.5989999771118164,0.6284999847412109,0.628000020980835,0.6284999847412109,0.6284999847412109,134480.0
2020-10-01,0.6284999847412109,0.6589999794960022,0.5975000262260437,0.6284999847412109,0.6284999847412109,5600.0
2020-10-04,0.6284999847412109,0.6585000157356262,0.5975000262260437,0.6069999933242798,0.6069999933242798,122780.0
2020-10-05,0.6069999933242798,0.578000009059906,0.5770000219345093,0.5774999856948853,0.5774999856948853,117000.0
2020-10-06,0.5774999856948853,0.5774999856948853,0.5774999856948853,0.5774999856948853,0.5774999856948853,0.0
2020-10-07,0.5494999885559082,0.5740000009536743,0.5224999785423279,0.5239999890327454,0.5239999890327454,300000.0
2020-10-11,0.5239999890327454,0.550000011920929,0.5450000166893005,0.550000011920929,0.550000011920929,105500.0
2020-10-12,0.550000011920929,0.5774999856948853,0.5770000219345093,0.5774999856948853,0.5774999856948853,61530.0
2020-10-13,0.5774999856948853,0.5504999756813049,0.5504999756813049,0.5774999856948853,0.5774999856948853,6000.0
2020-10-14,0.5774999856948853,0.6060000061988831,0.6000000238418579,0.5774999856948853,0.5774999856948853,37926.0
2020-10-15,0.5774999856948853,0.574999988079071,0.574999988079071,0.5774999856948853,0.5774999856948853,19410.0
2020-10-18,0.5774999856948853,0.5605000257492065,0.5490000247955322,0.5515000224113464,0.5515000224113464,304870.0
2020-10-19,0.5515000224113464,0.5789999961853027,0.5519999861717224,0.5515000224113464,0.5515000224113464,22400.0
2020-10-20,0.5515000224113464,0.5404999852180481,0.5239999890327454,0.527999997138977,0.527999997138977,114180.0
2020-10-21,0.527999997138977,0.5540000200271606,0.550000011920929,0.527999997138977,0.527999997138977,16000.0
2020-10-22,0.527999997138977,0.5540000200271606,0.5049999952316284,0.5370000004768372,0.5370000004768372,264136.0
2020-10-25,0.5370000004768372,0.5634999871253967,0.5634999871253967,0.5634999871253967,0.5634999871253967,71052.0
2020-10-26,0.5634999871253967,0.5914999842643738,0.5914999842643738,0.5914999842643738,0.5914999842643738,221600.0
2020-10-27,0.5914999842643738,0.6200000047683716,0.5625,0.5759999752044678,0.5759999752044678,61048.0
2020-10-28,0.5759999752044678,0.6044999957084656,0.5525000095367432,0.6035000085830688,0.6035000085830688,149100.0
2020-11-01,0.6035000085830688,0.6334999799728394,0.574999988079071,0.628000020980835,0.628000020980835,264604.0
2020-11-02,0.628000020980835,0.6589999794960022,0.6000000238418579,0.6489999890327454,0.6489999890327454,318968.0
2020-11-03,0.6489999890327454,0.6809999942779541,0.6809999942779541,0.6809999942779541,0.6809999942779541,48538.0
2020-11-04,0.6809999942779541,0.7149999737739563,0.7149999737739563,0.7149999737739563,0.7149999737739563,42998.0
2020-11-05,0.7149999737739563,0.7505000233650208,0.75,0.7505000233650208,0.7505000233650208,56000.0
2020-11-08,0.7505000233650208,0.715499997138977,0.7149999737739563,0.7505000233650208,0.7505000233650208,15300.0
2020-11-09,0.7505000233650208,0.7599999904632568,0.7149999737739563,0.7455000281333923,0.7455000281333923,211000.0
2020-11-10,0.7455000281333923,0.7450000047683716,0.7085000276565552,0.7139999866485596,0.7139999866485596,98000.0
2020-11-11,0.7139999866485596,0.7225000262260437,0.6784999966621399,0.6884999871253967,0.6884999871253967,198278.0
2020-11-12,0.6884999871253967,0.6600000262260437,0.6554999947547913,0.6579999923706055,0.6579999923706055,59480.0
2020-11-15,0.6579999923706055,0.6600000262260437,0.6255000233650208,0.6274999976158142,0.6274999976158142,61600.0
2020-11-16,0.6274999976158142,0.6085000038146973,0.6000000238418579,0.6274999976158142,0.6274999976158142,34342.0
2020-11-17,0.6274999976158142,0.6585000157356262,0.5964999794960022,0.6079999804496765,0.6079999804496765,92912.0
2020-11-18,0.6079999804496765,0.6079999804496765,0.6079999804496765,0.6079999804496765,0.6079999804496765,0.0
2020-11-19,0.6079999804496765,0.6380000114440918,0.6000000238418579,0.6079999804496765,0.6079999804496765,36112.0
2020-11-22,0.6079999804496765,0.5914999842643738,0.5820000171661377,0.6079999804496765,0.6079999804496765,38888.0
2020-11-23,0.6079999804496765,0.6380000114440918,0.5920000076293945,0.6079999804496765,0.6079999804496765,102088.0
2020-11-24,0.6079999804496765,0.6380000114440918,0.6380000114440918,0.6079999804496765,0.6079999804496765,19100.0
2020-11-25,0.6079999804496765,0.6380000114440918,0.6349999904632568,0.6079999804496765,0.6079999804496765,7368.0
2020-11-26,0.6079999804496765,0.6380000114440918,0.6380000114440918,0.6079999804496765,0.6079999804496765,8002.0
2020-11-29,0.6079999804496765,0.6380000114440918,0.6380000114440918,0.6079999804496765,0.6079999804496765,7800.0
2020-11-30,0.6079999804496765,0.6100000143051147,0.578499972820282,0.6079999804496765,0.6079999804496765,106000.0
2020-12-01,0.6079999804496765,0.6299999952316284,0.6299999952316284,0.6079999804496765,0.6079999804496765,4600.0
2020-12-02,0.6079999804496765,0.6050000190734863,0.6000000238418579,0.6079999804496765,0.6079999804496765,6400.0
2020-12-03,0.6079999804496765,0.6050000190734863,0.6050000190734863,0.6079999804496765,0.6079999804496765,200.0
2020-12-06,0.6079999804496765,0.5809999704360962,0.5809999704360962,0.6079999804496765,0.6079999804496765,400.0
2020-12-07,0.6079999804496765,0.6345000267028809,0.6000000238418579,0.6079999804496765,0.6079999804496765,19700.0
2020-12-08,0.6079999804496765,0.6079999804496765,0.6079999804496765,0.6079999804496765,0.6079999804496765,0.0
2020-12-09,0.6079999804496765,0.6349999904632568,0.5849999785423279,0.6079999804496765,0.6079999804496765,4276.0
2020-12-10,0.6079999804496765,0.6294999718666077,0.6294999718666077,0.6079999804496765,0.6079999804496765,8000.0
2020-12-13,0.6079999804496765,0.6334999799728394,0.5870000123977661,0.6079999804496765,0.6079999804496765,10000.0
2020-12-14,0.6079999804496765,0.6079999804496765,0.6079999804496765,0.6079999804496765,0.6079999804496765,0.0
2020-12-15,0.6079999804496765,0.6079999804496765,0.6079999804496765,0.6079999804496765,0.6079999804496765,0.0
2020-12-16,0.6079999804496765,0.6079999804496765,0.6079999804496765,0.6079999804496765,0.6079999804496765,0.0
2020-12-17,0.6079999804496765,0.6079999804496765,0.6079999804496765,0.6079999804496765,0.6079999804496765,0.0
2020-12-20,0.6079999804496765,0.6380000114440918,0.6359999775886536,0.637499988079071,0.637499988079071,159556.0
2020-12-21,0.637499988079071,0.6690000295639038,0.6150000095367432,0.6480000019073486,0.6480000019073486,521872.0
2020-12-22,0.6480000019073486,0.6480000019073486,0.6480000019073486,0.6480000019073486,0.6480000019073486,0.0
2020-12-23,0.6480000019073486,0.675000011920929,0.621999979019165,0.6480000019073486,0.6480000019073486,21220.0
2020-12-24,0.6480000019073486,0.675000011920929,0.6175000071525574,0.6269999742507935,0.6269999742507935,198808.0
2020-12-27,0.6269999742507935,0.6499999761581421,0.6010000109672546,0.6269999742507935,0.6269999742507935,129972.0
2020-12-28,0.6269999742507935,0.6579999923706055,0.6330000162124634,0.6269999742507935,0.6269999742507935,74630.0
2020-12-29,0.6269999742507935,0.6579999923706055,0.6579999923706055,0.6269999742507935,0.6269999742507935,112300.0
2020-12-30,0.6269999742507935,0.6579999923706055,0.5960000157356262,0.5985000133514404,0.5985000133514404,172026.0
2020-12-31,0.5985000133514404,0.5985000133514404,0.5985000133514404,0.5985000133514404,0.5985000133514404,0.0
2021-01-03,0.5985000133514404,0.5985000133514404,0.5985000133514404,0.5985000133514404,0.5985000133514404,0.0
2021-01-04,0.5985000133514404,0.5985000133514404,0.5985000133514404,0.5985000133514404,0.5985000133514404,0.0
2021-01-05,0.5985000133514404,0.628000020980835,0.628000020980835,0.5985000133514404,0.5985000133514404,120000.0
2021-01-06,0.5985000133514404,0.628000020980835,0.628000020980835,0.5985000133514404,0.5985000133514404,24000.0
2021-01-10,0.5985000133514404,0.628000020980835,0.5705000162124634,0.5860000252723694,0.5860000252723694,209000.0
2021-01-11,0.5860000252723694,0.6150000095367432,0.5764999985694885,0.5860000252723694,0.5860000252723694,46860.0
2021-01-12,0.5860000252723694,0.6150000095367432,0.5580000281333923,0.5695000290870667,0.5695000290870667,195420.0
2021-01-13,0.5695000290870667,0.5975000262260437,0.5649999976158142,0.5695000290870667,0.5695000290870667,27600.0
2021-01-14,0.5695000290870667,0.5975000262260437,0.574999988079071,0.5960000157356262,0.5960000157356262,168180.0
2021-01-17,0.5960000157356262,0.6255000233650208,0.6255000233650208,0.5960000157356262,0.5960000157356262,14554.0
2021-01-18,0.5960000157356262,0.6255000233650208,0.6255000233650208,0.5960000157356262,0.5960000157356262,15060.0
2021-01-19,0.5960000157356262,0.6255000233650208,0.5755000114440918,0.6115000247955322,0.6115000247955322,402006.0
2021-01-20,0.6115000247955322,0.6420000195503235,0.6420000195503235,0.6420000195503235,0.6420000195503235,192196.0
2021-01-21,0.6420000195503235,0.6740000247955322,0.6740000247955322,0.6420000195503235,0.6420000195503235,63110.0
2021-01-24,0.6420000195503235,0.6740000247955322,0.6740000247955322,0.6420000195503235,0.6420000195503235,30.0
2021-01-25,0.6420000195503235,0.6420000195503235,0.6420000195503235,0.6420000195503235,0.6420000195503235,0.0
2021-01-26,0.6420000195503235,0.6420000195503235,0.6420000195503235,0.6420000195503235,0.6420000195503235,0.0
2021-01-27,0.6420000195503235,0.6740000247955322,0.6740000247955322,0.6420000195503235,0.6420000195503235,6000.0
2021-01-31,0.6420000195503235,0.6420000195503235,0.6420000195503235,0.6420000195503235,0.6420000195503235,0.0
2021-02-01,0.6420000195503235,0.6420000195503235,0.6420000195503235,0.6420000195503235,0.6420000195503235,0.0
2021-02-02,0.6420000195503235,0.6740000247955322,0.6740000247955322,0.6420000195503235,0.6420000195503235,24000.0
2021-02-03,0.6420000195503235,0.6420000195503235,0.6420000195503235,0.6420000195503235,0.6420000195503235,0.0
2021-02-04,0.6420000195503235,0.6420000195503235,0.6420000195503235,0.6420000195503235,0.6420000195503235,0.0
2021-02-07,0.6420000195503235,0.6740000247955322,0.6740000247955322,0.6420000195503235,0.6420000195503235,18000.0
2021-02-08,0.6420000195503235,0.6740000247955322,0.6309999823570251,0.6420000195503235,0.6420000195503235,48000.0
2021-02-09,0.6420000195503235,0.6740000247955322,0.6309999823570251,0.6499999761581421,0.6499999761581421,172300.0
2021-02-10,0.6499999761581421,0.6825000047683716,0.6825000047683716,0.6825000047683716,0.6825000047683716,147264.0
2021-02-11,0.6825000047683716,0.7164999842643738,0.7164999842643738,0.7164999842643738,0.7164999842643738,145256.0
2021-02-14,0.7164999842643738,0.6899999976158142,0.6899999976158142,0.7164999842643738,0.7164999842643738,442.0
2021-02-15,0.7164999842643738,0.7519999742507935,0.7484999895095825,0.7509999871253967,0.7509999871253967,153000.0
2021-02-16,0.7509999871253967,0.7885000109672546,0.7605000138282776,0.7509999871253967,0.7509999871253967,62452.0
2021-02-17,0.7509999871253967,0.7885000109672546,0.7605000138282776,0.7829999923706055,0.7829999923706055,148128.0
2021-02-18,0.7829999923706055,0.8199999928474426,0.800000011920929,0.7829999923706055,0.7829999923706055,4300.0
2021-02-21,0.7829999923706055,0.800000011920929,0.7799999713897705,0.7829999923706055,0.7829999923706055,20000.0
2021-02-22,0.7829999923706055,0.7829999923706055,0.7829999923706055,0.7829999923706055,0.7829999923706055,0.0
2021-02-23,0.7829999923706055,0.7450000047683716,0.7440000176429749,0.7444999814033508,0.7444999814033508,169000.0
2021-02-24,0.7444999814033508,0.7225000262260437,0.7149999737739563,0.7444999814033508,0.7444999814033508,9380.0
2021-02-25,0.7444999814033508,0.7444999814033508,0.7444999814033508,0.7444999814033508,0.7444999814033508,0.0
2021-02-28,0.7444999814033508,0.7444999814033508,0.7444999814033508,0.7444999814033508,0.7444999814033508,0.0
2021-03-01,0.7444999814033508,0.7749999761581421,0.7450000047683716,0.7444999814033508,0.7444999814033508,40000.0
2021-03-02,0.7444999814033508,0.781499981880188,0.75,0.7799999713897705,0.7799999713897705,205000.0
2021-03-03,0.7799999713897705,0.8180000185966492,0.7549999952316284,0.7799999713897705,0.7799999713897705,11100.0
2021-03-04,0.7799999713897705,0.7799999713897705,0.7799999713897705,0.7799999713897705,0.7799999713897705,0.0
2021-03-07,0.7799999713897705,0.8190000057220459,0.7649999856948853,0.8174999952316284,0.8174999952316284,399186.0
2021-03-08,0.8174999952316284,0.8550000190734863,0.7770000100135803,0.784500002861023,0.784500002861023,236012.0
2021-03-09,0.784500002861023,0.800000011920929,0.7455000281333923,0.7480000257492065,0.7480000257492065,181800.0
2021-03-10,0.7480000257492065,0.7749999761581421,0.7110000252723694,0.7129999995231628,0.7129999995231628,194150.0
2021-03-11,0.7129999995231628,0.6800000071525574,0.6775000095367432,0.6779999732971191,0.6779999732971191,359478.0
2021-03-14,0.6779999732971191,0.6784999966621399,0.6614999771118164,0.6650000214576721,0.6650000214576721,153350.0
2021-03-15,0.6650000214576721,0.6504999995231628,0.6504999995231628,0.6650000214576721,0.6650000214576721,28900.0
2021-03-16,0.6650000214576721,0.6940000057220459,0.6499999761581421,0.6650000214576721,0.6650000214576721,69170.0
2021-03-17,0.6650000214576721,0.6924999952316284,0.6499999761581421,0.6650000214576721,0.6650000214576721,7200.0
2021-03-18,0.6650000214576721,0.6650000214576721,0.6650000214576721,0.6650000214576721,0.6650000214576721,1200.0
2021-03-21,0.6650000214576721,0.6980000138282776,0.6949999928474426,0.6650000214576721,0.6650000214576721,56000.0
2021-03-22,0.6650000214576721,0.6974999904632568,0.6800000071525574,0.6650000214576721,0.6650000214576721,60000.0
2021-03-23,0.6650000214576721,0.6650000214576721,0.6650000214576721,0.6650000214576721,0.6650000214576721,60000.0
2021-03-24,0.6650000214576721,0.6980000138282776,0.6924999952316284,0.6970000267028809,0.6970000267028809,156280.0
2021-03-25,0.6970000267028809,0.7315000295639038,0.7300000190734863,0.7315000295639038,0.7315000295639038,274600.0
2021-03-28,0.7315000295639038,0.7674999833106995,0.7649999856948853,0.7315000295639038,0.7315000295639038,10000.0
2021-03-29,0.7315000295639038,0.7599999904632568,0.7599999904632568,0.7315000295639038,0.7315000295639038,30000.0
2021-03-30,0.7315000295639038,0.7680000066757202,0.7599999904632568,0.7670000195503235,0.7670000195503235,192000.0
2021-03-31,0.7670000195503235,0.7900000214576721,0.7300000190734863,0.7670000195503235,0.7670000195503235,23006.0
2021-04-01,0.7670000195503235,0.8050000071525574,0.7599999904632568,0.8029999732971191,0.8029999732971191,246486.0
2021-04-04,0.8029999732971191,0.765500009059906,0.7630000114440918,0.8029999732971191,0.8029999732971191,35002.0
2021-04-05,0.8029999732971191,0.7649999856948853,0.7630000114440918,0.8029999732971191,0.8029999732971191,29000.0
2021-04-06,0.8029999732971191,0.8029999732971191,0.8029999732971191,0.8029999732971191,0.8029999732971191,0.0
2021-04-07,0.8029999732971191,0.7630000114440918,0.7630000114440918,0.8029999732971191,0.8029999732971191,20000.0
2021-04-08,0.8029999732971191,0.8199999928474426,0.8199999928474426,0.8029999732971191,0.8029999732971191,6000.0
2021-04-11,0.8029999732971191,0.8424999713897705,0.7774999737739563,0.8029999732971191,0.8029999732971191,49606.0
2021-04-12,0.8029999732971191,0.8295000195503235,0.7649999856948853,0.8029999732971191,0.8029999732971191,56000.0
2021-04-13,0.8029999732971191,0.8349999785423279,0.8349999785423279,0.8029999732971191,0.8029999732971191,10000.0
2021-04-14,0.8029999732971191,0.8029999732971191,0.8029999732971191,0.8029999732971191,0.8029999732971191,0.0
2021-04-15,0.8029999732971191,0.8339999914169312,0.7674999833106995,0.8029999732971191,0.8029999732971191,4010.0
2021-04-18,0.8029999732971191,0.7630000114440918,0.7630000114440918,0.8029999732971191,0.8029999732971191,20000.0
2021-04-19,0.8029999732971191,0.7674999833106995,0.7674999833106995,0.8029999732971191,0.8029999732971191,18992.0
2021-04-20,0.8029999732971191,0.8029999732971191,0.8029999732971191,0.8029999732971191,0.8029999732971191,0.0
2021-04-21,0.8029999732971191,0.7649999856948853,0.7630000114440918,0.8029999732971191,0.8029999732971191,22000.0
2021-04-22,0.8029999732971191,0.7649999856948853,0.7649999856948853,0.8029999732971191,0.8029999732971191,32000.0
2021-04-25,0.8029999732971191,0.7630000114440918,0.7630000114440918,0.8029999732971191,0.8029999732971191,11918.0
2021-04-26,0.8029999732971191,0.7749999761581421,0.7749999761581421,0.8029999732971191,0.8029999732971191,6000.0
2021-04-27,0.8029999732971191,0.7630000114440918,0.7630000114440918,0.8029999732971191,0.8029999732971191,16000.0
2021-04-28,0.8029999732971191,0.7630000114440918,0.7630000114440918,0.8029999732971191,0.8029999732971191,18000.0
2021-05-04,0.8029999732971191,0.7630000114440918,0.7630000114440918,0.8029999732971191,0.8029999732971191,28000.0
2021-05-05,0.8029999732971191,0.7630000114440918,0.7630000114440918,0.8029999732971191,0.8029999732971191,32000.0
2021-05-06,0.8029999732971191,0.7630000114440918,0.7630000114440918,0.8029999732971191,0.8029999732971191,48000.0
2021-05-09,0.8029999732971191,0.7630000114440918,0.7630000114440918,0.8029999732971191,0.8029999732971191,49080.0
2021-05-10,0.8029999732971191,0.7649999856948853,0.7630000114440918,0.8029999732971191,0.8029999732971191,15000.0
2021-05-11,0.8029999732971191,0.824999988079071,0.7634999752044678,0.8029999732971191,0.8029999732971191,21994.0
2021-05-17,0.8029999732971191,0.7649999856948853,0.7630000114440918,0.8029999732971191,0.8029999732971191,30000.0
2021-05-18,0.8029999732971191,0.765999972820282,0.7630000114440918,0.8029999732971191,0.8029999732971191,82000.0
2021-05-19,0.8029999732971191,0.7634999752044678,0.7634999752044678,0.8029999732971191,0.8029999732971191,30000.0
2021-05-20,0.8029999732971191,0.7630000114440918,0.7630000114440918,0.8029999732971191,0.8029999732971191,13000.0
2021-05-23,0.8029999732971191,0.7630000114440918,0.7630000114440918,0.8029999732971191,0.8029999732971191,5000.0
2021-05-24,0.8029999732971191,0.7630000114440918,0.7630000114440918,0.8029999732971191,0.8029999732971191,11520.0
2021-05-25,0.8029999732971191,0.7630000114440918,0.7630000114440918,0.8029999732971191,0.8029999732971191,35000.0
2021-05-26,0.8029999732971191,0.765999972820282,0.765999972820282,0.8029999732971191,0.8029999732971191,8000.0
2021-05-27,0.8029999732971191,0.800000011920929,0.7950000166893005,0.8029999732971191,0.8029999732971191,34000.0
2021-05-30,0.8029999732971191,0.7649999856948853,0.7630000114440918,0.7634999752044678,0.7634999752044678,135260.0
2021-05-31,0.7634999752044678,0.800000011920929,0.7850000262260437,0.7634999752044678,0.7634999752044678,16000.0
2021-06-01,0.7634999752044678,0.75,0.75,0.7634999752044678,0.7634999752044678,7220.0
2021-06-02,0.7634999752044678,0.7850000262260437,0.7649999856948853,0.7634999752044678,0.7634999752044678,70000.0
2021-06-03,0.7634999752044678,0.7894999980926514,0.7850000262260437,0.7634999752044678,0.7634999752044678,9400.0
2021-06-06,0.7634999752044678,0.8015000224113464,0.7825000286102295,0.7634999752044678,0.7634999752044678,122800.0
2021-06-07,0.7634999752044678,0.8015000224113464,0.8015000224113464,0.7634999752044678,0.7634999752044678,39700.0
2021-06-08,0.7634999752044678,0.8015000224113464,0.8015000224113464,0.7634999752044678,0.7634999752044678,36500.0
2021-06-09,0.7634999752044678,0.7634999752044678,0.7634999752044678,0.7634999752044678,0.7634999752044678,0.0
2021-06-10,0.7634999752044678,0.800000011920929,0.800000011920929,0.7634999752044678,0.7634999752044678,10000.0
2021-06-13,0.7634999752044678,0.7749999761581421,0.7749999761581421,0.7634999752044678,0.7634999752044678,10000.0
2021-06-14,0.7634999752044678,0.800000011920929,0.7254999876022339,0.7724999785423279,0.7724999785423279,143020.0
2021-06-15,0.7724999785423279,0.8109999895095825,0.809499979019165,0.8109999895095825,0.8109999895095825,166304.0
2021-06-16,0.8109999895095825,0.8514999747276306,0.8450000286102295,0.8109999895095825,0.8109999895095825,30000.0
2021-06-17,0.8109999895095825,0.8514999747276306,0.8510000109672546,0.8109999895095825,0.8109999895095825,76400.0
2021-06-20,0.8109999895095825,0.8514999747276306,0.8514999747276306,0.8109999895095825,0.8109999895095825,26000.0
2021-06-21,0.8109999895095825,0.8109999895095825,0.8109999895095825,0.8109999895095825,0.8109999895095825,0.0
2021-06-22,0.8109999895095825,0.8100000023841858,0.8100000023841858,0.8109999895095825,0.8109999895095825,3560.0
2021-06-23,0.8109999895095825,0.8500000238418579,0.8500000238418579,0.8109999895095825,0.8109999895095825,6000.0
2021-06-24,0.8109999895095825,0.8109999895095825,0.8109999895095825,0.8109999895095825,0.8109999895095825,0.0
2021-06-27,0.8109999895095825,0.8109999895095825,0.8109999895095825,0.8109999895095825,0.8109999895095825,0.0
2021-06-28,0.8109999895095825,0.8500000238418579,0.8495000004768372,0.8109999895095825,0.8109999895095825,72000.0
2021-06-29,0.8109999895095825,0.8109999895095825,0.8109999895095825,0.8109999895095825,0.8109999895095825,0.0
2021-06-30,0.8109999895095825,0.8514999747276306,0.800000011920929,0.8109999895095825,0.8109999895095825,26000.0
2021-07-04,0.8109999895095825,0.8500000238418579,0.8100000023841858,0.8109999895095825,0.8109999895095825,28400.0
2021-07-05,0.8109999895095825,0.8514999747276306,0.8100000023841858,0.8255000114440918,0.8255000114440918,183000.0
2021-07-06,0.8255000114440918,0.8665000200271606,0.8659999966621399,0.8255000114440918,0.8255000114440918,200.0
2021-07-07,0.8255000114440918,0.8644999861717224,0.8299999833106995,0.8255000114440918,0.8255000114440918,9920.0
2021-07-08,0.8255000114440918,0.8665000200271606,0.824999988079071,0.8529999852180481,0.8529999852180481,212092.0
2021-07-11,0.8529999852180481,0.8949999809265137,0.8669999837875366,0.8529999852180481,0.8529999852180481,38000.0
2021-07-12,0.8529999852180481,0.8529999852180481,0.8529999852180481,0.8529999852180481,0.8529999852180481,0.0
2021-07-13,0.8529999852180481,0.8949999809265137,0.8949999809265137,0.8529999852180481,0.8529999852180481,416.0
2021-07-14,0.8529999852180481,0.8955000042915344,0.8949999809265137,0.8529999852180481,0.8529999852180481,28000.0
2021-07-15,0.8529999852180481,0.8949999809265137,0.8949999809265137,0.8529999852180481,0.8529999852180481,10000.0
2021-07-18,0.8529999852180481,0.8955000042915344,0.824999988079071,0.8949999809265137,0.8949999809265137,114426.0
2021-07-25,0.8949999809265137,0.8949999809265137,0.8949999809265137,0.8949999809265137,0.8949999809265137,0.0
2021-07-26,0.8949999809265137,0.9394999742507935,0.9394999742507935,0.9394999742507935,0.9394999742507935,111584.0
2021-07-27,0.9394999742507935,0.9860000014305115,0.9394999742507935,0.9394999742507935,0.9394999742507935,56910.0
2021-07-28,0.9394999742507935,0.9394999742507935,0.9394999742507935,0.9394999742507935,0.9394999742507935,100.0
2021-07-29,0.9394999742507935,0.9854999780654907,0.9750000238418579,0.9850000143051147,0.9850000143051147,117912.0
2021-08-01,0.9850000143051147,1.034000039100647,1.0,1.00600004196167,1.00600004196167,123100.0
2021-08-02,1.00600004196167,1.055999994277954,1.055999994277954,1.055999994277954,1.055999994277954,98104.0
2021-08-03,1.055999994277954,1.1085000038146973,1.1085000038146973,1.1085000038146973,1.1085000038146973,99112.0
2021-08-04,1.1085000038146973,1.1634999513626099,1.1634999513626099,1.1634999513626099,1.1634999513626099,90000.0
2021-08-05,1.1634999513626099,1.221500039100647,1.221500039100647,1.221500039100647,1.221500039100647,92104.0
2021-08-08,1.221500039100647,1.221500039100647,1.221500039100647,1.221500039100647,1.221500039100647,0.0
2021-08-09,1.221500039100647,1.221500039100647,1.221500039100647,1.221500039100647,1.221500039100647,0.0
2021-08-10,1.2799999713897705,1.3250000476837158,1.2799999713897705,1.2799999713897705,1.2799999713897705,52566.0
2021-08-11,1.2799999713897705,1.2799999713897705,1.2799999713897705,1.2799999713897705,1.2799999713897705,0.0
2021-08-15,1.2799999713897705,1.2799999713897705,1.2799999713897705,1.2799999713897705,1.2799999713897705,0.0
2021-08-16,1.2799999713897705,1.2799999713897705,1.25,1.2799999713897705,1.2799999713897705,3232.0
2021-08-17,1.2799999713897705,1.2799999713897705,1.2799999713897705,1.2799999713897705,1.2799999713897705,0.0
2021-08-18,1.2799999713897705,1.2799999713897705,1.2799999713897705,1.2799999713897705,1.2799999713897705,0.0
2021-08-19,1.2799999713897705,1.2799999713897705,1.2799999713897705,1.2799999713897705,1.2799999713897705,0.0
2021-08-22,1.2799999713897705,1.2799999713897705,1.2799999713897705,1.2799999713897705,1.2799999713897705,0.0
2021-08-23,1.2799999713897705,1.2799999713897705,1.2799999713897705,1.2799999713897705,1.2799999713897705,0.0
2021-08-24,1.2799999713897705,1.315000057220459,1.25,1.2799999713897705,1.2799999713897705,65200.0
2021-08-25,1.2799999713897705,1.2799999713897705,1.2799999713897705,1.2799999713897705,1.2799999713897705,0.0
2021-08-26,1.2799999713897705,1.2799999713897705,1.2799999713897705,1.2799999713897705,1.2799999713897705,0.0
2021-08-29,1.2799999713897705,1.2799999713897705,1.2799999713897705,1.2799999713897705,1.2799999713897705,0.0
2021-08-30,1.2799999713897705,1.2799999713897705,1.2799999713897705,1.2799999713897705,1.2799999713897705,0.0
2021-08-31,1.2799999713897705,1.340000033378601,1.225000023841858,1.2799999713897705,1.2799999713897705,75400.0
2021-09-01,1.2799999713897705,1.309999942779541,1.2999999523162842,1.2799999713897705,1.2799999713897705,4000.0
2021-09-02,1.2799999713897705,1.2799999713897705,1.2799999713897705,1.2799999713897705,1.2799999713897705,0.0
2021-09-05,1.2799999713897705,1.2799999713897705,1.2799999713897705,1.2799999713897705,1.2799999713897705,0.0
2021-09-06,1.2799999713897705,1.2799999713897705,1.2799999713897705,1.2799999713897705,1.2799999713897705,0.0
2021-09-07,1.2799999713897705,1.2799999713897705,1.2799999713897705,1.2799999713897705,1.2799999713897705,0.0
2021-09-08,1.2799999713897705,1.2799999713897705,1.2799999713897705,1.2799999713897705,1.2799999713897705,0.0
2021-09-09,1.2799999713897705,1.2799999713897705,1.2799999713897705,1.2799999713897705,1.2799999713897705,0.0
2021-09-12,1.2799999713897705,1.2799999713897705,1.2799999713897705,1.2799999713897705,1.2799999713897705,0.0
2021-09-13,1.2799999713897705,1.2799999713897705,1.2799999713897705,1.2799999713897705,1.2799999713897705,0.0
2021-09-14,1.2799999713897705,1.2799999713897705,1.2799999713897705,1.2799999713897705,1.2799999713897705,0.0
2021-09-15,1.2799999713897705,1.2799999713897705,1.2799999713897705,1.2799999713897705,1.2799999713897705,0.0
2021-09-16,1.2799999713897705,1.2000000476837158,1.1549999713897705,1.2799999713897705,1.2799999713897705,5002.0
2021-09-19,1.2799999713897705,1.2799999713897705,1.2799999713897705,1.2799999713897705,1.2799999713897705,0.0
2021-09-20,1.2799999713897705,1.2799999713897705,1.2799999713897705,1.2799999713897705,1.2799999713897705,0.0
2021-09-21,1.2799999713897705,1.2799999713897705,1.2799999713897705,1.2799999713897705,1.2799999713897705,0.0
2021-09-22,1.2799999713897705,1.2799999713897705,1.2799999713897705,1.2799999713897705,1.2799999713897705,0.0
2021-09-23,1.2799999713897705,1.2949999570846558,1.274999976158142,1.2799999713897705,1.2799999713897705,6000.0
2021-09-26,1.2799999713897705,1.2799999713897705,1.2799999713897705,1.2799999713897705,1.2799999713897705,0.0
2021-09-27,1.2799999713897705,1.2799999713897705,1.2799999713897705,1.2799999713897705,1.2799999713897705,0.0
2021-09-28,1.2799999713897705,1.2799999713897705,1.2799999713897705,1.2799999713897705,1.2799999713897705,0.0
2021-09-29,1.2799999713897705,1.2799999713897705,1.2799999713897705,1.2799999713897705,1.2799999713897705,0.0
2021-09-30,1.2799999713897705,1.2949999570846558,1.2899999618530273,1.2799999713897705,1.2799999713897705,4000.0
2021-10-03,1.2799999713897705,1.1549999713897705,1.1549999713897705,1.2799999713897705,1.2799999713897705,1698.0
2021-10-04,1.2799999713897705,1.2799999713897705,1.2799999713897705,1.2799999713897705,1.2799999713897705,0.0
2021-10-05,1.2799999713897705,1.25,1.25,1.2799999713897705,1.2799999713897705,14898.0
2021-10-06,1.2799999713897705,1.2799999713897705,1.2000000476837158,1.2799999713897705,1.2799999713897705,104696.0
2021-10-10,1.2799999713897705,1.284999966621399,1.25,1.2799999713897705,1.2799999713897705,46000.0
2021-10-11,1.2799999713897705,1.2799999713897705,1.25,1.2799999713897705,1.2799999713897705,24300.0
2021-10-12,1.2799999713897705,1.2549999952316284,1.25,1.2799999713897705,1.2799999713897705,51302.0
2021-10-13,1.2799999713897705,1.25,1.2000000476837158,1.2799999713897705,1.2799999713897705,78800.0
2021-10-14,1.2799999713897705,1.4049999713897705,1.25,1.3650000095367432,1.3650000095367432,322596.0
2021-10-17,1.3650000095367432,1.5,1.5,1.5,1.5,180800.0
2021-10-18,1.5,1.5,1.5,1.5,1.5,0.0
2021-10-19,1.649999976158142,1.715000033378601,1.5399999618530273,1.5449999570846558,1.5449999570846558,287584.0
2021-10-20,1.5449999570846558,1.6399999856948853,1.4049999713897705,1.6100000143051147,1.6100000143051147,352390.0
2021-10-24,1.6100000143051147,1.7000000476837158,1.524999976158142,1.5449999570846558,1.5449999570846558,140610.0
2021-10-25,1.5449999570846558,1.6950000524520874,1.5499999523162842,1.6950000524520874,1.6950000524520874,521090.0
2021-10-26,1.6950000524520874,1.8600000143051147,1.725000023841858,1.8550000190734863,1.8550000190734863,644376.0
2021-10-27,1.8550000190734863,1.875,1.7400000095367432,1.784999966621399,1.784999966621399,340228.0
2021-10-28,1.784999966621399,1.899999976158142,1.75,1.8799999952316284,1.8799999952316284,307268.0
2021-10-31,1.8799999952316284,1.899999976158142,1.774999976158142,1.8350000381469727,1.8350000381469727,231616.0
2021-11-01,1.8350000381469727,1.850000023841858,1.7050000429153442,1.715000033378601,1.715000033378601,103062.0
2021-11-02,1.715000033378601,1.840000033378601,1.6349999904632568,1.715000033378601,1.715000033378601,69302.0
2021-11-03,1.715000033378601,1.8350000381469727,1.649999976158142,1.6549999713897705,1.6549999713897705,134422.0
2021-11-04,1.6549999713897705,1.7899999618530273,1.5299999713897705,1.6549999713897705,1.6549999713897705,17740.0
2021-11-07,1.6549999713897705,1.6549999713897705,1.6549999713897705,1.6549999713897705,1.6549999713897705,0.0
2021-11-08,1.6549999713897705,1.6549999713897705,1.6549999713897705,1.6549999713897705,1.6549999713897705,0.0
2021-11-09,1.6549999713897705,1.6549999713897705,1.6549999713897705,1.6549999713897705,1.6549999713897705,0.0
2021-11-10,1.6549999713897705,1.6549999713897705,1.4900000095367432,1.6549999713897705,1.6549999713897705,9070.0
2021-11-11,1.6549999713897705,1.6549999713897705,1.4900000095367432,1.6549999713897705,1.6549999713897705,11124.0
2021-11-14,1.6549999713897705,1.7000000476837158,1.4900000095367432,1.6549999713897705,1.6549999713897705,75018.0
2021-11-15,1.6549999713897705,1.6549999713897705,1.5,1.6549999713897705,1.6549999713897705,27718.0
2021-11-16,1.6549999713897705,1.6549999713897705,1.4900000095367432,1.6549999713897705,1.6549999713897705,10032.0
2021-11-17,1.6549999713897705,1.6549999713897705,1.4900000095367432,1.6549999713897705,1.6549999713897705,8010.0
2021-11-18,1.6549999713897705,1.6549999713897705,1.4900000095367432,1.6549999713897705,1.6549999713897705,23808.0
2021-11-21,1.6549999713897705,1.6549999713897705,1.6549999713897705,1.6549999713897705,1.6549999713897705,0.0
2021-11-22,1.6549999713897705,1.6549999713897705,1.4900000095367432,1.6549999713897705,1.6549999713897705,25220.0
2021-11-23,1.6549999713897705,1.6549999713897705,1.4900000095367432,1.6549999713897705,1.6549999713897705,5702.0
2021-11-24,1.6549999713897705,1.6549999713897705,1.6549999713897705,1.6549999713897705,1.6549999713897705,0.0
2021-11-25,1.6549999713897705,1.6549999713897705,1.6549999713897705,1.6549999713897705,1.6549999713897705,4.0
2021-11-28,1.6549999713897705,1.6549999713897705,1.6549999713897705,1.6549999713897705,1.6549999713897705,0.0
2021-11-29,1.6549999713897705,1.6549999713897705,1.4900000095367432,1.6549999713897705,1.6549999713897705,13820.0
2021-11-30,1.6549999713897705,1.6549999713897705,1.6549999713897705,1.6549999713897705,1.6549999713897705,0.0
2021-12-01,1.6549999713897705,1.6549999713897705,1.6549999713897705,1.6549999713897705,1.6549999713897705,0.0
2021-12-02,1.6549999713897705,1.8200000524520874,1.4900000095367432,1.725000023841858,1.725000023841858,282164.0
2021-12-05,1.725000023841858,1.8200000524520874,1.6299999952316284,1.6749999523162842,1.6749999523162842,97392.0
2021-12-06,1.6749999523162842,1.6749999523162842,1.5549999475479126,1.6749999523162842,1.6749999523162842,1808.0
2021-12-07,1.6749999523162842,1.6749999523162842,1.5099999904632568,1.6749999523162842,1.6749999523162842,42956.0
2021-12-08,1.6749999523162842,1.6749999523162842,1.5099999904632568,1.6749999523162842,1.6749999523162842,16416.0
2021-12-09,1.6749999523162842,1.6749999523162842,1.5099999904632568,1.6749999523162842,1.6749999523162842,164.0
2021-12-12,1.6749999523162842,1.6749999523162842,1.6749999523162842,1.6749999523162842,1.6749999523162842,10.0
2021-12-13,1.6749999523162842,1.6749999523162842,1.5099999904632568,1.6749999523162842,1.6749999523162842,26512.0
2021-12-14,1.6749999523162842,1.6749999523162842,1.6749999523162842,1.6749999523162842,1.6749999523162842,0.0
2021-12-15,1.6749999523162842,1.6749999523162842,1.5099999904632568,1.6749999523162842,1.6749999523162842,7282.0
2021-12-16,1.6749999523162842,1.6749999523162842,1.5099999904632568,1.6749999523162842,1.6749999523162842,1020.0
2021-12-19,1.6749999523162842,1.6749999523162842,1.5099999904632568,1.6749999523162842,1.6749999523162842,38422.0
2021-12-20,1.6749999523162842,1.6749999523162842,1.5099999904632568,1.6749999523162842,1.6749999523162842,5280.0
2021-12-21,1.6749999523162842,1.6749999523162842,1.5099999904632568,1.6749999523162842,1.6749999523162842,440.0
2021-12-22,1.6749999523162842,1.6749999523162842,1.6749999523162842,1.6749999523162842,1.6749999523162842,14.0
2021-12-23,1.6749999523162842,1.6749999523162842,1.5099999904632568,1.6749999523162842,1.6749999523162842,2222.0
2021-12-26,1.6749999523162842,1.6749999523162842,1.5099999904632568,1.6749999523162842,1.6749999523162842,24432.0
2021-12-27,1.6749999523162842,1.6749999523162842,1.6749999523162842,1.6749999523162842,1.6749999523162842,0.0
2021-12-28,1.6749999523162842,1.6749999523162842,1.5099999904632568,1.6749999523162842,1.6749999523162842,86284.0
2021-12-29,1.6749999523162842,1.600000023841858,1.5099999904632568,1.5099999904632568,1.5099999904632568,118176.0
2021-12-30,1.5099999904632568,1.5099999904632568,1.3600000143051147,1.5099999904632568,1.5099999904632568,56832.0
2022-01-02,1.5099999904632568,1.5099999904632568,1.3600000143051147,1.5099999904632568,1.5099999904632568,29716.0
2022-01-03,1.5099999904632568,1.5099999904632568,1.3600000143051147,1.5099999904632568,1.5099999904632568,29034.0
2022-01-04,1.5099999904632568,1.5099999904632568,1.3600000143051147,1.5099999904632568,1.5099999904632568,16614.0
2022-01-05,1.5099999904632568,1.5099999904632568,1.5099999904632568,1.5099999904632568,1.5099999904632568,14.0
2022-01-09,1.5099999904632568,1.5099999904632568,1.5099999904632568,1.5099999904632568,1.5099999904632568,0.0
2022-01-10,1.5099999904632568,1.5099999904632568,1.3600000143051147,1.5099999904632568,1.5099999904632568,43654.0
2022-01-11,1.5099999904632568,1.5099999904632568,1.3600000143051147,1.5099999904632568,1.5099999904632568,73602.0
2022-01-12,1.5099999904632568,1.5099999904632568,1.3600000143051147,1.5099999904632568,1.5099999904632568,22606.0
2022-01-13,1.5099999904632568,1.5099999904632568,1.3600000143051147,1.5099999904632568,1.5099999904632568,25370.0
2022-01-16,1.5099999904632568,1.5099999904632568,1.3600000143051147,1.5099999904632568,1.5099999904632568,19306.0
2022-01-17,1.5099999904632568,1.5099999904632568,1.3600000143051147,1.5099999904632568,1.5099999904632568,4020.0
2022-01-18,1.5099999904632568,1.5099999904632568,1.5099999904632568,1.5099999904632568,1.5099999904632568,0.0
2022-01-19,1.5099999904632568,1.5099999904632568,1.3600000143051147,1.5099999904632568,1.5099999904632568,22006.0
2022-01-20,1.5099999904632568,1.5099999904632568,1.3600000143051147,1.5099999904632568,1.5099999904632568,49406.0
2022-01-23,1.5099999904632568,1.5099999904632568,1.3600000143051147,1.5099999904632568,1.5099999904632568,52476.0
2022-01-24,1.5099999904632568,1.5099999904632568,1.3600000143051147,1.5099999904632568,1.5099999904632568,5002.0
2022-01-25,1.5099999904632568,1.5099999904632568,1.5099999904632568,1.5099999904632568,1.5099999904632568,0.0
2022-01-26,1.5099999904632568,1.5099999904632568,1.3600000143051147,1.5099999904632568,1.5099999904632568,4014.0
2022-01-30,1.5099999904632568,1.5099999904632568,1.5099999904632568,1.5099999904632568,1.5099999904632568,0.0
2022-01-31,1.5099999904632568,1.5099999904632568,1.5099999904632568,1.5099999904632568,1.5099999904632568,0.0
2022-02-01,1.5099999904632568,1.5099999904632568,1.5099999904632568,1.5099999904632568,1.5099999904632568,0.0
2022-02-02,1.5099999904632568,1.5099999904632568,1.3600000143051147,1.5099999904632568,1.5099999904632568,3014.0
2022-02-03,1.5099999904632568,1.5099999904632568,1.5099999904632568,1.5099999904632568,1.5099999904632568,0.0
2022-02-06,1.5099999904632568,1.5099999904632568,1.3600000143051147,1.5099999904632568,1.5099999904632568,45770.0
2022-02-07,1.5099999904632568,1.5099999904632568,1.3600000143051147,1.5099999904632568,1.5099999904632568,4350.0
2022-02-08,1.5099999904632568,1.5099999904632568,1.5099999904632568,1.5099999904632568,1.5099999904632568,0.0
2022-02-09,1.5099999904632568,1.5099999904632568,1.5099999904632568,1.5099999904632568,1.5099999904632568,0.0
2022-02-10,1.5099999904632568,1.5099999904632568,1.5099999904632568,1.5099999904632568,1.5099999904632568,0.0
2022-02-13,1.5099999904632568,1.5099999904632568,1.5099999904632568,1.5099999904632568,1.5099999904632568,0.0
2022-02-14,1.5099999904632568,1.5099999904632568,1.5099999904632568,1.5099999904632568,1.5099999904632568,0.0
2022-02-15,1.5099999904632568,1.5099999904632568,1.3600000143051147,1.5099999904632568,1.5099999904632568,4410.0
2022-02-16,1.5099999904632568,1.5099999904632568,1.5099999904632568,1.5099999904632568,1.5099999904632568,0.0
2022-02-17,1.5099999904632568,1.5099999904632568,1.5099999904632568,1.5099999904632568,1.5099999904632568,0.0
2022-02-20,1.5099999904632568,1.5099999904632568,1.5099999904632568,1.5099999904632568,1.5099999904632568,0.0
2022-02-21,1.5099999904632568,1.5099999904632568,1.5099999904632568,1.5099999904632568,1.5099999904632568,0.0
2022-02-22,1.5099999904632568,1.5099999904632568,1.5099999904632568,1.5099999904632568,1.5099999904632568,0.0
2022-02-23,1.5099999904632568,1.5099999904632568,1.5099999904632568,1.5099999904632568,1.5099999904632568,0.0
2022-02-24,1.5099999904632568,1.5099999904632568,1.5099999904632568,1.5099999904632568,1.5099999904632568,0.0
2022-02-27,1.5099999904632568,1.3600000143051147,1.3600000143051147,1.5099999904632568,1.5099999904632568,2000.0
2022-02-28,1.5099999904632568,1.5099999904632568,1.5099999904632568,1.5099999904632568,1.5099999904632568,0.0
2022-03-01,1.5099999904632568,1.5099999904632568,1.5099999904632568,1.5099999904632568,1.5099999904632568,0.0
2022-03-02,1.5099999904632568,1.5099999904632568,1.5099999904632568,1.5099999904632568,1.5099999904632568,0.0
2022-03-03,1.5099999904632568,1.5099999904632568,1.5099999904632568,1.5099999904632568,1.5099999904632568,0.0
2022-03-06,1.5099999904632568,1.5099999904632568,1.5099999904632568,1.5099999904632568,1.5099999904632568,0.0
2022-03-07,1.5099999904632568,1.5099999904632568,1.5099999904632568,1.5099999904632568,1.5099999904632568,0.0
2022-03-08,1.5099999904632568,1.5099999904632568,1.5099999904632568,1.5099999904632568,1.5099999904632568,0.0
2022-03-09,1.5099999904632568,1.5099999904632568,1.5099999904632568,1.5099999904632568,1.5099999904632568,0.0
2022-03-10,1.5099999904632568,1.5099999904632568,1.5099999904632568,1.5099999904632568,1.5099999904632568,0.0
2022-03-13,1.5099999904632568,1.5099999904632568,1.5099999904632568,1.5099999904632568,1.5099999904632568,0.0
2022-03-14,1.5099999904632568,1.5099999904632568,1.5099999904632568,1.5099999904632568,1.5099999904632568,0.0
2022-03-15,1.5099999904632568,1.5099999904632568,1.5099999904632568,1.5099999904632568,1.5099999904632568,0.0
2022-03-16,1.5099999904632568,1.5099999904632568,1.5099999904632568,1.5099999904632568,1.5099999904632568,0.0
2022-03-17,1.5099999904632568,1.5099999904632568,1.5099999904632568,1.5099999904632568,1.5099999904632568,0.0
2022-03-20,1.5099999904632568,1.5099999904632568,1.5099999904632568,1.5099999904632568,1.5099999904632568,0.0
2022-03-21,1.5099999904632568,1.5099999904632568,1.5099999904632568,1.5099999904632568,1.5099999904632568,0.0
2022-03-22,1.5099999904632568,1.5099999904632568,1.5099999904632568,1.5099999904632568,1.5099999904632568,0.0
2022-03-23,1.5099999904632568,1.5099999904632568,1.5099999904632568,1.5099999904632568,1.5099999904632568,0.0
2022-03-24,1.5099999904632568,1.5099999904632568,1.5099999904632568,1.5099999904632568,1.5099999904632568,0.0
2022-03-27,1.5099999904632568,1.5099999904632568,1.5099999904632568,1.5099999904632568,1.5099999904632568,0.0
2022-03-28,1.5099999904632568,1.5099999904632568,1.5099999904632568,1.5099999904632568,1.5099999904632568,0.0
2022-03-29,1.5099999904632568,1.5099999904632568,1.5099999904632568,1.5099999904632568,1.5099999904632568,0.0
2022-03-30,1.5099999904632568,1.5099999904632568,1.5099999904632568,1.5099999904632568,1.5099999904632568,0.0
2022-03-31,1.5099999904632568,1.5099999904632568,1.5099999904632568,1.5099999904632568,1.5099999904632568,0.0
2022-04-03,1.5099999904632568,1.5099999904632568,1.5099999904632568,1.5099999904632568,1.5099999904632568,0.0
2022-04-04,1.5099999904632568,1.5099999904632568,1.5099999904632568,1.5099999904632568,1.5099999904632568,0.0
2022-04-05,1.5099999904632568,1.5099999904632568,1.5099999904632568,1.5099999904632568,1.5099999904632568,0.0
2022-04-06,1.5099999904632568,1.3600000143051147,1.3600000143051147,1.5099999904632568,1.5099999904632568,34.0
2022-04-07,1.5099999904632568,1.5099999904632568,1.5099999904632568,1.5099999904632568,1.5099999904632568,0.0
2022-04-10,1.5099999904632568,1.5099999904632568,1.5099999904632568,1.5099999904632568,1.5099999904632568,0.0
2022-04-11,1.5099999904632568,1.5099999904632568,1.5099999904632568,1.5099999904632568,1.5099999904632568,0.0
2022-04-12,1.5099999904632568,1.5099999904632568,1.5099999904632568,1.5099999904632568,1.5099999904632568,0.0
2022-04-13,1.5099999904632568,1.5099999904632568,1.5099999904632568,1.5099999904632568,1.5099999904632568,0.0
2022-04-14,1.5099999904632568,1.5099999904632568,1.5099999904632568,1.5099999904632568,1.5099999904632568,0.0
2022-04-17,1.5099999904632568,1.5099999904632568,1.5099999904632568,1.5099999904632568,1.5099999904632568,0.0
2022-04-18,1.5099999904632568,1.5099999904632568,1.5099999904632568,1.5099999904632568,1.5099999904632568,0.0
2022-04-19,1.5099999904632568,1.3600000143051147,1.3600000143051147,1.5099999904632568,1.5099999904632568,160.0
2022-04-20,1.5099999904632568,1.5099999904632568,1.5099999904632568,1.5099999904632568,1.5099999904632568,0.0
2022-04-21,1.5099999904632568,1.5099999904632568,1.5099999904632568,1.5099999904632568,1.5099999904632568,0.0
2022-04-26,1.5099999904632568,1.5099999904632568,1.5099999904632568,1.5099999904632568,1.5099999904632568,0.0
2022-04-27,1.5099999904632568,1.5099999904632568,1.5099999904632568,1.5099999904632568,1.5099999904632568,0.0
2022-04-28,1.5099999904632568,1.5099999904632568,1.5099999904632568,1.5099999904632568,1.5099999904632568,0.0
2022-05-08,1.5099999904632568,1.5099999904632568,1.5099999904632568,1.5099999904632568,1.5099999904632568,0.0
2022-05-09,1.5099999904632568,1.5099999904632568,1.5099999904632568,1.5099999904632568,1.5099999904632568,0.0
2022-05-10,1.5099999904632568,1.5099999904632568,1.5099999904632568,1.5099999904632568,1.5099999904632568,0.0
2022-05-11,1.5099999904632568,1.5099999904632568,1.5099999904632568,1.5099999904632568,1.5099999904632568,0.0
2022-05-12,1.5099999904632568,1.5099999904632568,1.5099999904632568,1.5099999904632568,1.5099999904632568,0.0
2022-05-15,1.5099999904632568,1.5099999904632568,1.5099999904632568,1.5099999904632568,1.5099999904632568,0.0
2022-05-16,1.5099999904632568,1.5099999904632568,1.5099999904632568,1.5099999904632568,1.5099999904632568,0.0
2022-05-17,1.5099999904632568,1.5099999904632568,1.5099999904632568,1.5099999904632568,1.5099999904632568,0.0
2022-05-18,1.5099999904632568,1.5099999904632568,1.5099999904632568,1.5099999904632568,1.5099999904632568,0.0
2022-05-19,1.5099999904632568,1.5099999904632568,1.5099999904632568,1.5099999904632568,1.5099999904632568,0.0
2022-05-22,1.5099999904632568,1.5099999904632568,1.5099999904632568,1.5099999904632568,1.5099999904632568,0.0
2022-05-23,1.5099999904632568,1.5099999904632568,1.5099999904632568,1.5099999904632568,1.5099999904632568,0.0
2022-05-24,1.5099999904632568,1.5099999904632568,1.5099999904632568,1.5099999904632568,1.5099999904632568,0.0
2022-05-25,1.5099999904632568,1.5099999904632568,1.5099999904632568,1.5099999904632568,1.5099999904632568,0.0
2022-05-26,1.5099999904632568,1.5099999904632568,1.5099999904632568,1.5099999904632568,1.5099999904632568,0.0
2022-05-29,1.5099999904632568,1.5099999904632568,1.5099999904632568,1.5099999904632568,1.5099999904632568,0.0
2022-05-30,1.5099999904632568,1.5099999904632568,1.5099999904632568,1.5099999904632568,1.5099999904632568,0.0
2022-05-31,1.5099999904632568,1.5099999904632568,1.5099999904632568,1.5099999904632568,1.5099999904632568,0.0
2022-06-01,1.5099999904632568,1.5099999904632568,1.5099999904632568,1.5099999904632568,1.5099999904632568,0.0
2022-06-02,1.5099999904632568,1.5099999904632568,1.5099999904632568,1.5099999904632568,1.5099999904632568,0.0
2022-06-05,1.5099999904632568,1.5099999904632568,1.5099999904632568,1.5099999904632568,1.5099999904632568,0.0
2022-06-06,1.5099999904632568,1.5099999904632568,1.5099999904632568,1.5099999904632568,1.5099999904632568,0.0
2022-06-07,1.5099999904632568,1.5099999904632568,1.5099999904632568,1.5099999904632568,1.5099999904632568,0.0
2022-06-08,1.5099999904632568,1.5099999904632568,1.5099999904632568,1.5099999904632568,1.5099999904632568,0.0
2022-06-09,1.5099999904632568,1.5099999904632568,1.5099999904632568,1.5099999904632568,1.5099999904632568,0.0
2022-06-12,1.5099999904632568,1.5099999904632568,1.5099999904632568,1.5099999904632568,1.5099999904632568,0.0
2022-06-13,1.5099999904632568,1.5099999904632568,1.5099999904632568,1.5099999904632568,1.5099999904632568,0.0
2022-06-14,1.5099999904632568,1.5099999904632568,1.5099999904632568,1.5099999904632568,1.5099999904632568,0.0
2022-06-15,1.5099999904632568,1.5099999904632568,1.5099999904632568,1.5099999904632568,1.5099999904632568,0.0
2022-06-16,1.5099999904632568,1.3600000143051147,1.3600000143051147,1.5099999904632568,1.5099999904632568,200.0
2022-06-19,1.5099999904632568,1.5099999904632568,1.5099999904632568,1.5099999904632568,1.5099999904632568,0.0
2022-06-20,1.5099999904632568,1.3600000143051147,1.3600000143051147,1.5099999904632568,1.5099999904632568,80.0
2022-06-21,1.5099999904632568,1.3600000143051147,1.3600000143051147,1.5099999904632568,1.5099999904632568,200.0
2022-06-22,1.5099999904632568,1.3600000143051147,1.3600000143051147,1.5099999904632568,1.5099999904632568,60.0
2022-06-23,1.5099999904632568,1.3600000143051147,1.3600000143051147,1.5099999904632568,1.5099999904632568,66728.0
2022-06-26,1.5099999904632568,1.5099999904632568,1.5099999904632568,1.5099999904632568,1.5099999904632568,0.0
2022-06-27,1.5099999904632568,1.5099999904632568,1.5099999904632568,1.5099999904632568,1.5099999904632568,0.0
2022-06-28,1.5099999904632568,1.5099999904632568,1.5099999904632568,1.5099999904632568,1.5099999904632568,0.0
2022-06-29,1.5099999904632568,1.5099999904632568,1.5099999904632568,1.5099999904632568,1.5099999904632568,0.0
2022-07-03,1.5099999904632568,1.5099999904632568,1.5099999904632568,1.5099999904632568,1.5099999904632568,0.0
2022-07-04,1.5099999904632568,1.5099999904632568,1.5099999904632568,1.5099999904632568,1.5099999904632568,0.0
2022-07-05,1.5099999904632568,1.5099999904632568,1.5099999904632568,1.5099999904632568,1.5099999904632568,0.0
2022-07-06,1.5099999904632568,1.5099999904632568,1.5099999904632568,1.5099999904632568,1.5099999904632568,0.0
2022-07-07,1.5099999904632568,1.3600000143051147,1.3600000143051147,1.5099999904632568,1.5099999904632568,1600.0
2022-07-17,1.5099999904632568,1.3600000143051147,1.3600000143051147,1.5099999904632568,1.5099999904632568,736.0
2022-07-18,1.5099999904632568,1.5099999904632568,1.5099999904632568,1.5099999904632568,1.5099999904632568,0.0
2022-07-19,1.5099999904632568,1.5099999904632568,1.5099999904632568,1.5099999904632568,1.5099999904632568,0.0
2022-07-20,1.5099999904632568,1.5099999904632568,1.5099999904632568,1.5099999904632568,1.5099999904632568,0.0
2022-07-21,1.5099999904632568,1.5099999904632568,1.5099999904632568,1.5099999904632568,1.5099999904632568,0.0
2022-07-24,1.5099999904632568,1.5099999904632568,1.5099999904632568,1.5099999904632568,1.5099999904632568,0.0
2022-07-25,1.5099999904632568,1.5099999904632568,1.5099999904632568,1.5099999904632568,1.5099999904632568,0.0
2022-07-26,1.5099999904632568,1.5099999904632568,1.5099999904632568,1.5099999904632568,1.5099999904632568,0.0
2022-07-27,1.5099999904632568,1.5099999904632568,1.5099999904632568,1.5099999904632568,1.5099999904632568,0.0
2022-07-28,1.5099999904632568,1.5099999904632568,1.5099999904632568,1.5099999904632568,1.5099999904632568,0.0
2022-07-31,1.5099999904632568,1.5099999904632568,1.5099999904632568,1.5099999904632568,1.5099999904632568,0.0
2022-08-01,1.5099999904632568,1.5099999904632568,1.5099999904632568,1.5099999904632568,1.5099999904632568,0.0
2022-08-02,1.5099999904632568,1.5099999904632568,1.5099999904632568,1.5099999904632568,1.5099999904632568,0.0
2022-08-03,1.5099999904632568,1.5099999904632568,1.5099999904632568,1.5099999904632568,1.5099999904632568,0.0
2022-08-04,1.5099999904632568,1.5099999904632568,1.5099999904632568,1.5099999904632568,1.5099999904632568,0.0
2022-08-07,1.5099999904632568,1.5099999904632568,1.5099999904632568,1.5099999904632568,1.5099999904632568,0.0
2022-08-08,1.5099999904632568,1.5099999904632568,1.5099999904632568,1.5099999904632568,1.5099999904632568,0.0
2022-08-09,1.5099999904632568,1.5099999904632568,1.5099999904632568,1.5099999904632568,1.5099999904632568,0.0
2022-08-10,1.5099999904632568,1.5099999904632568,1.5099999904632568,1.5099999904632568,1.5099999904632568,0.0
2022-08-11,1.5099999904632568,1.5099999904632568,1.5099999904632568,1.5099999904632568,1.5099999904632568,0.0
2022-08-14,1.5099999904632568,1.5099999904632568,1.5099999904632568,1.5099999904632568,1.5099999904632568,0.0
2022-08-15,1.5099999904632568,1.5099999904632568,1.5099999904632568,1.5099999904632568,1.5099999904632568,0.0
2022-08-16,1.5099999904632568,1.5099999904632568,1.5099999904632568,1.5099999904632568,1.5099999904632568,0.0
2022-08-17,1.5099999904632568,1.5099999904632568,1.5099999904632568,1.5099999904632568,1.5099999904632568,0.0
2022-08-18,1.5099999904632568,1.5099999904632568,1.5099999904632568,1.5099999904632568,1.5099999904632568,0.0
2022-08-21,1.5099999904632568,1.5099999904632568,1.5099999904632568,1.5099999904632568,1.5099999904632568,0.0
2022-08-22,1.5099999904632568,1.5099999904632568,1.5099999904632568,1.5099999904632568,1.5099999904632568,0.0
2022-08-23,1.5099999904632568,1.5099999904632568,1.5099999904632568,1.5099999904632568,1.5099999904632568,0.0
2022-08-24,1.5099999904632568,1.5099999904632568,1.5099999904632568,1.5099999904632568,1.5099999904632568,0.0
2022-08-25,1.5099999904632568,1.5099999904632568,1.5099999904632568,1.5099999904632568,1.5099999904632568,0.0
2022-08-28,1.5099999904632568,1.5099999904632568,1.5099999904632568,1.5099999904632568,1.5099999904632568,0.0
2022-08-29,1.5099999904632568,1.5099999904632568,1.5099999904632568,1.5099999904632568,1.5099999904632568,0.0
2022-08-30,1.5099999904632568,1.5099999904632568,1.5099999904632568,1.5099999904632568,1.5099999904632568,0.0
2022-08-31,1.5099999904632568,1.5099999904632568,1.5099999904632568,1.5099999904632568,1.5099999904632568,0.0
2022-09-01,1.5099999904632568,1.5099999904632568,1.5099999904632568,1.5099999904632568,1.5099999904632568,0.0
2022-09-04,1.5099999904632568,1.5099999904632568,1.5099999904632568,1.5099999904632568,1.5099999904632568,0.0
2022-09-05,1.5099999904632568,1.5099999904632568,1.5099999904632568,1.5099999904632568,1.5099999904632568,0.0
2022-09-06,1.5099999904632568,1.3600000143051147,1.3600000143051147,1.5099999904632568,1.5099999904632568,11800.0
2022-09-07,1.5099999904632568,1.3600000143051147,1.3600000143051147,1.5099999904632568,1.5099999904632568,20320.0
2022-09-08,1.5099999904632568,1.5099999904632568,1.5099999904632568,1.5099999904632568,1.5099999904632568,0.0
2022-09-11,1.5099999904632568,1.5099999904632568,1.5099999904632568,1.5099999904632568,1.5099999904632568,0.0
2022-09-12,1.5099999904632568,1.5099999904632568,1.5099999904632568,1.5099999904632568,1.5099999904632568,0.0
2022-09-13,1.5099999904632568,1.3600000143051147,1.3600000143051147,1.5099999904632568,1.5099999904632568,4000.0
2022-09-14,1.5099999904632568,1.5099999904632568,1.5099999904632568,1.5099999904632568,1.5099999904632568,0.0
2022-09-15,1.5099999904632568,1.5099999904632568,1.5099999904632568,1.5099999904632568,1.5099999904632568,0.0
2022-09-18,1.5099999904632568,1.5099999904632568,1.5099999904632568,1.5099999904632568,1.5099999904632568,0.0
2022-09-19,1.5099999904632568,1.5099999904632568,1.5099999904632568,1.5099999904632568,1.5099999904632568,0.0
2022-09-20,1.5099999904632568,1.5099999904632568,1.5099999904632568,1.5099999904632568,1.5099999904632568,0.0
2022-09-21,1.5099999904632568,1.5099999904632568,1.5099999904632568,1.5099999904632568,1.5099999904632568,0.0
2022-09-22,1.5099999904632568,1.5099999904632568,1.5099999904632568,1.5099999904632568,1.5099999904632568,0.0
2022-09-25,1.5099999904632568,1.5099999904632568,1.5099999904632568,1.5099999904632568,1.5099999904632568,0.0
2022-09-26,1.5099999904632568,1.5099999904632568,1.5099999904632568,1.5099999904632568,1.5099999904632568,0.0
2022-09-27,1.5099999904632568,1.5099999904632568,1.5099999904632568,1.5099999904632568,1.5099999904632568,0.0
2022-09-28,1.5099999904632568,1.5099999904632568,1.5099999904632568,1.5099999904632568,1.5099999904632568,0.0
2022-09-29,1.5099999904632568,1.5099999904632568,1.5099999904632568,1.5099999904632568,1.5099999904632568,0.0
2022-10-02,1.5099999904632568,1.5099999904632568,1.5099999904632568,1.5099999904632568,1.5099999904632568,0.0
2022-10-03,1.5099999904632568,1.5099999904632568,1.5099999904632568,1.5099999904632568,1.5099999904632568,0.0
2022-10-04,1.5099999904632568,1.5099999904632568,1.5099999904632568,1.5099999904632568,1.5099999904632568,0.0
2022-10-05,1.5099999904632568,1.5099999904632568,1.5099999904632568,1.5099999904632568,1.5099999904632568,0.0
2022-10-09,1.5099999904632568,1.5099999904632568,1.5099999904632568,1.5099999904632568,1.5099999904632568,0.0
2022-10-10,1.5099999904632568,1.5099999904632568,1.5099999904632568,1.5099999904632568,1.5099999904632568,0.0
2022-10-11,1.5099999904632568,1.5099999904632568,1.5099999904632568,1.5099999904632568,1.5099999904632568,0.0
2022-10-12,1.5099999904632568,1.5099999904632568,1.5099999904632568,1.5099999904632568,1.5099999904632568,0.0
2022-10-13,1.5099999904632568,1.5099999904632568,1.5099999904632568,1.5099999904632568,1.5099999904632568,0.0
2022-10-16,1.5099999904632568,1.5099999904632568,1.5099999904632568,1.5099999904632568,1.5099999904632568,0.0
2022-10-17,1.5099999904632568,1.5099999904632568,1.5099999904632568,1.5099999904632568,1.5099999904632568,0.0
2022-10-18,1.5099999904632568,1.5099999904632568,1.5099999904632568,1.5099999904632568,1.5099999904632568,0.0
2022-10-19,1.5099999904632568,1.5099999904632568,1.5099999904632568,1.5099999904632568,1.5099999904632568,0.0
2022-10-20,1.5099999904632568,1.5099999904632568,1.5099999904632568,1.5099999904632568,1.5099999904632568,0.0
2022-10-23,1.5099999904632568,1.5099999904632568,1.5099999904632568,1.5099999904632568,1.5099999904632568,0.0
2022-10-24,1.5099999904632568,1.5099999904632568,1.5099999904632568,1.5099999904632568,1.5099999904632568,0.0
2022-10-25,1.5099999904632568,1.5099999904632568,1.5099999904632568,1.5099999904632568,1.5099999904632568,0.0
2022-10-26,1.5099999904632568,1.5099999904632568,1.5099999904632568,1.5099999904632568,1.5099999904632568,0.0
2022-10-27,1.5099999904632568,1.5099999904632568,1.5099999904632568,1.5099999904632568,1.5099999904632568,0.0
2022-10-30,1.5099999904632568,1.5099999904632568,1.5099999904632568,1.5099999904632568,1.5099999904632568,0.0
2022-10-31,1.5099999904632568,1.5099999904632568,1.5099999904632568,1.5099999904632568,1.5099999904632568,0.0
2022-11-01,1.5099999904632568,1.5099999904632568,1.5099999904632568,1.5099999904632568,1.5099999904632568,0.0
2022-11-02,1.5099999904632568,1.5099999904632568,1.5099999904632568,1.5099999904632568,1.5099999904632568,0.0
2022-11-03,1.5099999904632568,1.5099999904632568,1.5099999904632568,1.5099999904632568,1.5099999904632568,0.0
2022-11-06,1.5099999904632568,1.3600000143051147,1.3600000143051147,1.5099999904632568,1.5099999904632568,10000.0
2022-11-07,1.5099999904632568,1.5099999904632568,1.5099999904632568,1.5099999904632568,1.5099999904632568,0.0
2022-11-08,1.5099999904632568,1.3600000143051147,1.3600000143051147,1.5099999904632568,1.5099999904632568,44000.0
2022-11-09,1.5099999904632568,1.5099999904632568,1.5099999904632568,1.5099999904632568,1.5099999904632568,0.0
2022-11-10,1.5099999904632568,1.5099999904632568,1.5099999904632568,1.5099999904632568,1.5099999904632568,0.0
2022-11-13,1.5099999904632568,1.5099999904632568,1.5099999904632568,1.5099999904632568,1.5099999904632568,0.0
2022-11-14,1.5099999904632568,1.5099999904632568,1.5099999904632568,1.5099999904632568,1.5099999904632568,0.0
2022-11-15,1.5099999904632568,1.5099999904632568,1.5099999904632568,1.5099999904632568,1.5099999904632568,0.0
2022-11-16,1.5099999904632568,1.3600000143051147,1.3600000143051147,1.5099999904632568,1.5099999904632568,27288.0
2022-11-17,1.5099999904632568,1.5099999904632568,1.5099999904632568,1.5099999904632568,1.5099999904632568,0.0
2022-11-20,1.5099999904632568,1.3600000143051147,1.3600000143051147,1.5099999904632568,1.5099999904632568,24216.0
2022-11-21,1.5099999904632568,1.5099999904632568,1.5099999904632568,1.5099999904632568,1.5099999904632568,0.0
2022-11-22,1.5099999904632568,1.3600000143051147,1.3600000143051147,1.3600000143051147,1.3600000143051147,181000.0
2022-11-23,1.3600000143051147,1.375,1.225000023841858,1.3049999475479126,1.3049999475479126,273364.0
2022-11-24,1.3049999475479126,1.3049999475479126,1.1799999475479126,1.3049999475479126,1.3049999475479126,44754.0
2022-11-27,1.3049999475479126,1.340000033378601,1.1749999523162842,1.3049999475479126,1.3049999475479126,56650.0
2022-11-28,1.3049999475479126,1.3049999475479126,1.1799999475479126,1.3049999475479126,1.3049999475479126,58406.0
2022-11-29,1.3049999475479126,1.434999942779541,1.309999942779541,1.434999942779541,1.434999942779541,793986.0
2022-11-30,1.434999942779541,1.5099999904632568,1.399999976158142,1.475000023841858,1.475000023841858,269814.0
2022-12-01,1.475000023841858,1.4500000476837158,1.3450000286102295,1.3700000047683716,1.3700000047683716,251290.0
2022-12-04,1.3700000047683716,1.434999942779541,1.350000023841858,1.375,1.375,225176.0
2022-12-05,1.375,1.375,1.350000023841858,1.375,1.375,130570.0
2022-12-06,1.375,1.4199999570846558,1.315000057220459,1.375,1.375,50496.0
2022-12-07,1.375,1.434999942779541,1.375,1.375,1.375,45460.0
2022-12-08,1.375,1.434999942779541,1.375,1.399999976158142,1.399999976158142,179362.0
2022-12-11,1.399999976158142,1.4249999523162842,1.399999976158142,1.409999966621399,1.409999966621399,186112.0
2022-12-12,1.409999966621399,1.5499999523162842,1.4299999475479126,1.5499999523162842,1.5499999523162842,262308.0
2022-12-13,1.5499999523162842,1.600000023841858,1.5,1.5499999523162842,1.5499999523162842,76804.0
2022-12-14,1.5499999523162842,1.6150000095367432,1.4249999523162842,1.5499999523162842,1.5499999523162842,147226.0
2022-12-15,1.5499999523162842,1.7050000429153442,1.5499999523162842,1.5499999523162842,1.5499999523162842,40462.0
2022-12-18,1.5499999523162842,1.684999942779541,1.4550000429153442,1.625,1.625,123162.0
2022-12-19,1.625,1.625,1.600000023841858,1.625,1.625,38080.0
2022-12-20,1.625,1.649999976158142,1.5750000476837158,1.625,1.625,90714.0
2022-12-21,1.625,1.6749999523162842,1.625,1.625,1.625,37238.0
2022-12-22,1.625,1.6749999523162842,1.625,1.625,1.625,42370.0
2022-12-25,1.625,1.725000023841858,1.6150000095367432,1.625,1.625,22020.0
2022-12-26,1.625,1.725000023841858,1.625,1.625,1.625,76006.0
2022-12-27,1.625,1.7000000476837158,1.600000023841858,1.6449999809265137,1.6449999809265137,109744.0
2022-12-28,1.6449999809265137,1.649999976158142,1.600000023841858,1.6449999809265137,1.6449999809265137,11886.0
2022-12-29,1.6449999809265137,1.6699999570846558,1.649999976158142,1.6449999809265137,1.6449999809265137,230.0
2023-01-02,1.6449999809265137,1.7450000047683716,1.559999942779541,1.6449999809265137,1.6449999809265137,74804.0
2023-01-03,1.6449999809265137,1.725000023841858,1.5750000476837158,1.6449999809265137,1.6449999809265137,49760.0
2023-01-04,1.6449999809265137,1.659999966621399,1.565000057220459,1.6449999809265137,1.6449999809265137,18896.0
2023-01-05,1.6449999809265137,1.6699999570846558,1.590000033378601,1.6449999809265137,1.6449999809265137,39550.0
2023-01-09,1.6449999809265137,1.600000023841858,1.4850000143051147,1.6449999809265137,1.6449999809265137,70680.0
2023-01-10,1.6449999809265137,1.5850000381469727,1.4850000143051147,1.6449999809265137,1.6449999809265137,22864.0
2023-01-11,1.6449999809265137,1.5700000524520874,1.4850000143051147,1.6449999809265137,1.6449999809265137,5108.0
2023-01-12,1.6449999809265137,1.6449999809265137,1.4850000143051147,1.6449999809265137,1.6449999809265137,49620.0
2023-01-15,1.6449999809265137,1.5449999570846558,1.4850000143051147,1.6449999809265137,1.6449999809265137,51652.0
2023-01-16,1.6449999809265137,1.4850000143051147,1.4850000143051147,1.6449999809265137,1.6449999809265137,38232.0
2023-01-17,1.6449999809265137,1.5499999523162842,1.4850000143051147,1.6449999809265137,1.6449999809265137,56028.0
2023-01-18,1.6449999809265137,1.534999966621399,1.4850000143051147,1.6449999809265137,1.6449999809265137,75610.0
2023-01-19,1.6449999809265137,1.5149999856948853,1.4850000143051147,1.6449999809265137,1.6449999809265137,32930.0
2023-01-22,1.6449999809265137,1.6100000143051147,1.4850000143051147,1.6449999809265137,1.6449999809265137,12644.0
2023-01-23,1.6449999809265137,1.5499999523162842,1.4850000143051147,1.4850000143051147,1.4850000143051147,110868.0
2023-01-24,1.4850000143051147,1.5499999523162842,1.4850000143051147,1.4850000143051147,1.4850000143051147,1610.0
2023-01-25,1.4850000143051147,1.5499999523162842,1.4850000143051147,1.4850000143051147,1.4850000143051147,8158.0
2023-01-29,1.4850000143051147,1.5499999523162842,1.4850000143051147,1.4850000143051147,1.4850000143051147,72934.0
2023-01-30,1.4850000143051147,1.5449999570846558,1.4850000143051147,1.4850000143051147,1.4850000143051147,1748.0
2023-01-31,1.4850000143051147,1.4850000143051147,1.4850000143051147,1.4850000143051147,1.4850000143051147,2.0
2023-02-01,1.4850000143051147,1.5499999523162842,1.5449999570846558,1.4850000143051147,1.4850000143051147,50000.0
2023-02-02,1.4850000143051147,1.5499999523162842,1.5499999523162842,1.4850000143051147,1.4850000143051147,50000.0
2023-02-05,1.4850000143051147,1.600000023841858,1.4249999523162842,1.4850000143051147,1.4850000143051147,11000.0
2023-02-06,1.4850000143051147,1.600000023841858,1.375,1.4850000143051147,1.4850000143051147,154.0
2023-02-07,1.4850000143051147,1.590000033378601,1.5,1.4850000143051147,1.4850000143051147,16140.0
2023-02-08,1.4850000143051147,1.6200000047683716,1.5950000286102295,1.4850000143051147,1.4850000143051147,30248.0
2023-02-09,1.4850000143051147,1.6100000143051147,1.5499999523162842,1.4850000143051147,1.4850000143051147,67094.0
2023-02-12,1.4850000143051147,1.6299999952316284,1.5950000286102295,1.4850000143051147,1.4850000143051147,60432.0
2023-02-13,1.4850000143051147,1.6299999952316284,1.625,1.4850000143051147,1.4850000143051147,48782.0
2023-02-14,1.4850000143051147,1.5499999523162842,1.524999976158142,1.4850000143051147,1.4850000143051147,1018.0
2023-02-15,1.4850000143051147,1.6200000047683716,1.524999976158142,1.4850000143051147,1.4850000143051147,2458.0
2023-02-16,1.4850000143051147,1.6200000047683716,1.524999976158142,1.4850000143051147,1.4850000143051147,2268.0
2023-02-19,1.4850000143051147,1.6200000047683716,1.3799999952316284,1.4850000143051147,1.4850000143051147,3028.0
2023-02-20,1.4850000143051147,1.6299999952316284,1.5499999523162842,1.4850000143051147,1.4850000143051147,7732.0
2023-02-21,1.4850000143051147,1.6299999952316284,1.5,1.6100000143051147,1.6100000143051147,93056.0
2023-02-22,1.6100000143051147,1.6399999856948853,1.625,1.6100000143051147,1.6100000143051147,19096.0
2023-02-23,1.6100000143051147,1.75,1.5,1.6100000143051147,1.6100000143051147,4760.0
2023-02-26,1.6100000143051147,1.7450000047683716,1.524999976158142,1.6100000143051147,1.6100000143051147,2932.0
2023-02-27,1.6100000143051147,1.5499999523162842,1.524999976158142,1.6100000143051147,1.6100000143051147,5780.0
2023-02-28,1.6100000143051147,1.75,1.534999966621399,1.75,1.75,131376.0
2023-03-01,1.75,1.75,1.6649999618530273,1.75,1.75,1200.0
2023-03-02,1.75,1.6649999618530273,1.5800000429153442,1.75,1.75,12576.0
2023-03-05,1.75,1.75,1.6649999618530273,1.75,1.75,38104.0
2023-03-06,1.75,1.909999966621399,1.75,1.8650000095367432,1.8650000095367432,97312.0
2023-03-07,1.8650000095367432,1.9950000047683716,1.899999976158142,1.8650000095367432,1.8650000095367432,70690.0
2023-03-08,1.8650000095367432,2.049999952316284,1.7599999904632568,2.049999952316284,2.049999952316284,113644.0
2023-03-09,2.049999952316284,2.255000114440918,2.109999895095825,2.255000114440918,2.255000114440918,102272.0
2023-03-12,2.255000114440918,2.4800000190734863,2.1050000190734863,2.450000047683716,2.450000047683716,236750.0
2023-03-13,2.450000047683716,2.5,2.2750000953674316,2.315000057220459,2.315000057220459,142192.0
2023-03-14,2.315000057220459,2.494999885559082,2.25,2.315000057220459,2.315000057220459,48478.0
2023-03-15,2.315000057220459,2.5450000762939453,2.0850000381469727,2.1549999713897705,2.1549999713897705,189768.0
2023-03-16,2.1549999713897705,2.244999885559082,2.1549999713897705,2.1549999713897705,2.1549999713897705,13950.0
2023-03-19,2.1549999713897705,2.359999895095825,2.0,2.1549999713897705,2.1549999713897705,8766.0
2023-03-20,2.1549999713897705,2.3450000286102295,2.0,2.1549999713897705,2.1549999713897705,17486.0
2023-03-21,2.1549999713897705,2.3450000286102295,2.049999952316284,2.1549999713897705,2.1549999713897705,26860.0
2023-03-22,2.1549999713897705,2.25,1.975000023841858,2.1549999713897705,2.1549999713897705,23850.0
2023-03-23,2.1549999713897705,2.075000047683716,2.0,2.1549999713897705,2.1549999713897705,15142.0
2023-03-26,2.1549999713897705,2.3450000286102295,2.005000114440918,2.1549999713897705,2.1549999713897705,31832.0
2023-03-27,2.1549999713897705,2.1549999713897705,2.0950000286102295,2.1549999713897705,2.1549999713897705,23312.0
2023-03-28,2.1549999713897705,2.2200000286102295,2.0950000286102295,2.1549999713897705,2.1549999713897705,13184.0
2023-03-29,2.1549999713897705,2.265000104904175,2.1050000190734863,2.1549999713897705,2.1549999713897705,37482.0
2023-03-30,2.1549999713897705,2.125,2.125,2.1549999713897705,2.1549999713897705,600.0
2023-04-02,2.1549999713897705,2.2149999141693115,2.0999999046325684,2.1549999713897705,2.1549999713897705,46176.0
2023-04-03,2.1549999713897705,2.369999885559082,2.125,2.2950000762939453,2.2950000762939453,71158.0
2023-04-04,2.2950000762939453,2.4749999046325684,2.25,2.2950000762939453,2.2950000762939453,7768.0
2023-04-05,2.2950000762939453,2.5199999809265137,2.125,2.5199999809265137,2.5199999809265137,114838.0
2023-04-06,2.5199999809265137,2.755000114440918,2.440000057220459,2.5199999809265137,2.5199999809265137,33038.0
2023-04-09,2.5199999809265137,2.7699999809265137,2.5,2.5199999809265137,2.5199999809265137,7668.0
2023-04-10,2.5199999809265137,2.5999999046325684,2.305000066757202,2.5199999809265137,2.5199999809265137,13258.0
2023-04-11,2.5199999809265137,2.75,2.4000000953674316,2.5199999809265137,2.5199999809265137,19980.0
2023-04-12,2.5199999809265137,2.5250000953674316,2.440000057220459,2.5199999809265137,2.5199999809265137,28512.0
2023-04-13,2.5199999809265137,2.700000047683716,2.3499999046325684,2.5199999809265137,2.5199999809265137,50020.0
2023-04-18,2.5199999809265137,2.490000009536743,2.4749999046325684,2.5199999809265137,2.5199999809265137,740.0
2023-04-19,2.5199999809265137,2.5,2.2699999809265137,2.309999942779541,2.309999942779541,74816.0
2023-04-26,2.309999942779541,2.309999942779541,2.25,2.309999942779541,2.309999942779541,4000.0
2023-04-27,2.309999942779541,2.5350000858306885,2.494999885559082,2.309999942779541,2.309999942779541,2200.0
2023-04-30,2.309999942779541,2.5399999618530273,2.319999933242798,2.5,2.5,82398.0
2023-05-01,2.5,2.5,2.5,2.5,2.5,0.0
2023-05-02,2.5,2.5,2.3399999141693115,2.5,2.5,4700.0
2023-05-03,2.5,2.494999885559082,2.3499999046325684,2.5,2.5,32282.0
2023-05-07,2.5,2.5,2.25,2.5,2.5,2208.0
2023-05-08,2.5,2.4000000953674316,2.2750000953674316,2.5,2.5,17898.0
2023-05-09,2.5,2.450000047683716,2.305000066757202,2.5,2.5,9532.0
2023-05-10,2.5,2.3499999046325684,2.259999990463257,2.5,2.5,11102.0
2023-05-11,2.5,2.3499999046325684,2.2799999713897705,2.5,2.5,17024.0
2023-05-14,2.5,2.444999933242798,2.3499999046325684,2.5,2.5,164.0
2023-05-15,2.5,2.4000000953674316,2.2799999713897705,2.5,2.5,22342.0
2023-05-16,2.5,2.3450000286102295,2.259999990463257,2.5,2.5,8546.0
2023-05-17,2.5,2.3499999046325684,2.2899999618530273,2.5,2.5,9100.0
2023-05-18,2.5,2.2899999618530273,2.25,2.5,2.5,26622.0
2023-05-21,2.5,2.299999952316284,2.25,2.5,2.5,29090.0
2023-05-22,2.5,2.259999990463257,2.25,2.5,2.5,33248.0
2023-05-23,2.5,2.25,2.25,2.5,2.5,20072.0
2023-05-24,2.5,2.3299999237060547,2.25,2.5,2.5,8544.0
2023-05-25,2.5,2.25,2.25,2.5,2.5,5968.0
2023-05-28,2.5,2.25,2.25,2.5,2.5,12838.0
2023-05-29,2.5,2.424999952316284,2.25,2.5,2.5,16608.0
2023-05-30,2.5,2.4000000953674316,2.25,2.5,2.5,19260.0
2023-05-31,2.5,2.390000104904175,2.25,2.5,2.5,17158.0
2023-06-01,2.5,2.2750000953674316,2.25,2.5,2.5,4646.0
2023-06-04,2.5,2.25,2.25,2.5,2.5,12054.0
2023-06-05,2.5,2.25,2.25,2.5,2.5,4524.0
2023-06-06,2.5,2.25,2.25,2.5,2.5,22974.0
2023-06-07,2.5,2.255000114440918,2.25,2.5,2.5,26320.0
2023-06-08,2.5,2.25,2.25,2.5,2.5,2444.0
2023-06-11,2.5,2.25,2.25,2.5,2.5,380.0
2023-06-12,2.5,2.5,2.5,2.5,2.5,0.0
2023-06-13,2.5,2.5,2.5,2.5,2.5,0.0
2023-06-14,2.5,2.5,2.5,2.5,2.5,0.0
2023-06-15,2.5,2.25,2.25,2.5,2.5,2350.0
2023-06-18,2.5,2.25,2.25,2.5,2.5,4870.0
2023-06-19,2.5,2.25,2.25,2.5,2.5,46554.0
2023-06-20,2.5,2.25,2.25,2.5,2.5,8568.0
2023-06-21,2.5,2.299999952316284,2.25,2.25,2.25,123030.0
2023-06-22,2.25,2.25,2.0350000858306885,2.25,2.25,31180.0
2023-06-25,2.25,2.25,2.049999952316284,2.25,2.25,48700.0
2023-06-26,2.25,2.200000047683716,2.075000047683716,2.25,2.25,21802.0
2023-07-04,2.25,2.200000047683716,2.125,2.1449999809265137,2.1449999809265137,71074.0
2023-07-05,2.1449999809265137,2.2850000858306885,2.1500000953674316,2.1500000953674316,2.1500000953674316,143710.0
2023-07-06,2.1500000953674316,2.1500000953674316,2.059999942779541,2.1500000953674316,2.1500000953674316,64390.0
2023-07-09,2.1500000953674316,2.1449999809265137,1.934999942779541,1.975000023841858,1.975000023841858,138124.0
2023-07-10,1.975000023841858,2.134999990463257,1.7799999713897705,1.975000023841858,1.975000023841858,57652.0
2023-07-11,1.975000023841858,2.0,1.899999976158142,1.975000023841858,1.975000023841858,52926.0
2023-07-12,1.975000023841858,1.9700000286102295,1.8600000143051147,1.975000023841858,1.975000023841858,60368.0
2023-07-13,1.975000023841858,2.0450000762939453,1.899999976158142,1.975000023841858,1.975000023841858,21604.0
2023-07-16,1.975000023841858,1.9950000047683716,1.8650000095367432,1.975000023841858,1.975000023841858,52436.0
2023-07-17,1.975000023841858,1.940000057220459,1.850000023841858,1.875,1.875,91440.0
2023-07-18,1.875,1.875,1.840000033378601,1.875,1.875,29072.0
2023-07-19,1.875,1.875,1.875,1.875,1.875,0.0
2023-07-24,1.875,1.875,1.7699999809265137,1.8300000429153442,1.8300000429153442,120968.0
2023-07-25,1.8300000429153442,1.8550000190734863,1.774999976158142,1.8300000429153442,1.8300000429153442,77416.0
2023-07-26,1.8300000429153442,1.7999999523162842,1.649999976158142,1.690000057220459,1.690000057220459,89338.0
2023-07-27,1.690000057220459,1.784999966621399,1.649999976158142,1.690000057220459,1.690000057220459,33560.0
2023-07-30,1.690000057220459,1.7999999523162842,1.6749999523162842,1.690000057220459,1.690000057220459,49948.0
2023-07-31,1.690000057220459,1.7899999618530273,1.7000000476837158,1.690000057220459,1.690000057220459,52542.0
2023-08-01,1.690000057220459,1.784999966621399,1.6699999570846558,1.690000057220459,1.690000057220459,66852.0
2023-08-02,1.690000057220459,1.75,1.6699999570846558,1.690000057220459,1.690000057220459,38034.0
2023-08-03,1.690000057220459,1.75,1.6799999475479126,1.690000057220459,1.690000057220459,37904.0
2023-08-06,1.690000057220459,1.7450000047683716,1.6749999523162842,1.7050000429153442,1.7050000429153442,177790.0
2023-08-07,1.7050000429153442,1.774999976158142,1.6749999523162842,1.684999942779541,1.684999942779541,267600.0
2023-08-08,1.684999942779541,1.725000023841858,1.6749999523162842,1.684999942779541,1.684999942779541,84696.0
2023-08-09,1.684999942779541,1.7649999856948853,1.684999942779541,1.725000023841858,1.725000023841858,94042.0
2023-08-10,1.725000023841858,1.7899999618530273,1.7000000476837158,1.725000023841858,1.725000023841858,46402.0
2023-08-13,1.725000023841858,1.8949999809265137,1.7200000286102295,1.840000033378601,1.840000033378601,192260.0
2023-08-14,1.840000033378601,1.850000023841858,1.774999976158142,1.840000033378601,1.840000033378601,76576.0
2023-08-15,1.840000033378601,1.940000057220459,1.840000033378601,1.8700000047683716,1.8700000047683716,162606.0
2023-08-16,1.8700000047683716,1.9450000524520874,1.850000023841858,1.8899999856948853,1.8899999856948853,137692.0
2023-08-17,1.8899999856948853,1.934999942779541,1.850000023841858,1.8799999952316284,1.8799999952316284,81530.0
2023-08-20,1.8799999952316284,1.9500000476837158,1.8700000047683716,1.8799999952316284,1.8799999952316284,74956.0
2023-08-21,1.8799999952316284,1.9500000476837158,1.8550000190734863,1.9149999618530273,1.9149999618530273,116226.0
2023-08-22,1.9149999618530273,1.965000033378601,1.8849999904632568,1.9199999570846558,1.9199999570846558,126672.0
2023-08-23,1.9199999570846558,1.9700000286102295,1.899999976158142,1.9199999570846558,1.9199999570846558,55162.0
2023-08-24,1.9199999570846558,2.109999895095825,1.9249999523162842,2.1050000190734863,2.1050000190734863,222076.0
2023-08-27,2.1050000190734863,2.305000066757202,2.1549999713897705,2.240000009536743,2.240000009536743,127768.0
2023-08-28,2.240000009536743,2.4200000762939453,2.0250000953674316,2.234999895095825,2.234999895095825,241136.0
2023-08-29,2.234999895095825,2.2300000190734863,2.015000104904175,2.0950000286102295,2.0950000286102295,246980.0
2023-08-30,2.0950000286102295,2.299999952316284,2.125,2.174999952316284,2.174999952316284,454688.0
2023-08-31,2.174999952316284,2.174999952316284,2.174999952316284,2.174999952316284,2.174999952316284,0.0
2023-09-03,2.0999999046325684,2.200000047683716,2.1050000190734863,2.134999990463257,2.134999990463257,156440.0
2023-09-04,2.134999990463257,2.190000057220459,2.059999942779541,2.0950000286102295,2.0950000286102295,111610.0
2023-09-05,2.0950000286102295,2.1449999809265137,2.0399999618530273,2.065000057220459,2.065000057220459,194590.0
2023-09-06,2.065000057220459,2.0999999046325684,2.0399999618530273,2.059999942779541,2.059999942779541,154526.0
2023-09-07,2.059999942779541,2.0899999141693115,2.0399999618530273,2.055000066757202,2.055000066757202,166736.0
2023-09-10,2.055000066757202,2.055000066757202,2.055000066757202,2.055000066757202,2.055000066757202,0.0
2023-09-11,2.1500000953674316,2.1500000953674316,2.055000066757202,2.065000057220459,2.065000057220459,206246.0
2023-09-12,2.065000057220459,2.0999999046325684,2.055000066757202,2.075000047683716,2.075000047683716,137264.0
2023-09-13,2.075000047683716,2.1500000953674316,2.069999933242798,2.1050000190734863,2.1050000190734863,416244.0
2023-09-14,2.1050000190734863,2.2799999713897705,1.940000057220459,2.1600000858306885,2.1600000858306885,269134.0
2023-09-17,2.1600000858306885,2.1600000858306885,1.9500000476837158,1.9900000095367432,1.9900000095367432,422573.0
2023-09-18,1.9900000095367432,2.059999942779541,1.9700000286102295,2.0,2.0,321145.0
2023-09-19,2.0,2.0,1.9299999475479126,1.9800000190734863,1.9800000190734863,166710.0
2023-09-20,1.9800000190734863,1.9800000190734863,1.9800000190734863,1.9800000190734863,1.9800000190734863,0.0
2023-09-21,1.9800000190734863,1.9800000190734863,1.9800000190734863,1.9800000190734863,1.9800000190734863,0.0
2023-09-24,1.9800000190734863,1.9800000190734863,1.9800000190734863,1.9800000190734863,1.9800000190734863,0.0
2023-09-25,1.8730000257492065,1.8799999952316284,1.8600000143051147,1.8730000257492065,1.8730000257492065,22522.0
2023-09-26,1.8730000257492065,1.8899999856948853,1.8200000524520874,1.8730000257492065,1.8730000257492065,30300.0
2023-09-27,1.8730000257492065,1.8730000257492065,1.8730000257492065,1.8730000257492065,1.8730000257492065,0.0
2023-10-01,1.8730000257492065,1.8730000257492065,1.8730000257492065,1.8730000257492065,1.8730000257492065,0.0
2023-10-02,1.8450000286102295,1.8700000047683716,1.7999999523162842,1.8450000286102295,1.8450000286102295,13228.0
2023-10-03,1.8450000286102295,1.8700000047683716,1.7699999809265137,1.8450000286102295,1.8450000286102295,12291.0
2023-10-04,1.8450000286102295,2.0280001163482666,1.75,1.8450000286102295,1.8450000286102295,56494.0
2023-10-08,1.8450000286102295,1.9800000190734863,1.7000000476837158,1.8450000286102295,1.8450000286102295,76524.0
2023-10-09,1.8450000286102295,1.8799999952316284,1.7059999704360962,1.8450000286102295,1.8450000286102295,42522.0
2023-10-10,1.8450000286102295,1.7999999523162842,1.7999999523162842,1.8450000286102295,1.8450000286102295,2006.0
2023-10-11,1.8450000286102295,1.8600000143051147,1.812999963760376,1.8450000286102295,1.8450000286102295,23620.0
2023-10-12,1.8450000286102295,1.8700000047683716,1.7910000085830688,1.8450000286102295,1.8450000286102295,6008.0
2023-10-15,1.8450000286102295,1.7999999523162842,1.7000000476837158,1.722000002861023,1.722000002861023,103880.0
2023-10-16,1.722000002861023,1.7879999876022339,1.7000000476837158,1.722000002861023,1.722000002861023,54392.0
2023-10-17,1.722000002861023,1.7450000047683716,1.7000000476837158,1.722000002861023,1.722000002861023,41276.0
2023-10-18,1.722000002861023,1.8389999866485596,1.7000000476837158,1.722000002861023,1.722000002861023,35420.0
2023-10-19,1.722000002861023,1.722000002861023,1.722000002861023,1.722000002861023,1.722000002861023,0.0
2023-10-22,1.722000002861023,1.784999966621399,1.753000020980835,1.722000002861023,1.722000002861023,22603.0
2023-10-23,1.722000002861023,1.8279999494552612,1.7660000324249268,1.722000002861023,1.722000002861023,78303.0
2023-10-24,1.722000002861023,1.8300000429153442,1.7339999675750732,1.7940000295639038,1.7940000295639038,95658.0
2023-10-25,1.7940000295639038,1.9730000495910645,1.7350000143051147,1.8899999856948853,1.8899999856948853,128501.0
2023-10-26,1.8899999856948853,2.059999942779541,1.850000023841858,1.9709999561309814,1.9709999561309814,76169.0
2023-10-29,1.9709999561309814,2.0,1.8220000267028809,1.9709999561309814,1.9709999561309814,40810.0
2023-10-30,1.9709999561309814,1.9800000190734863,1.840000033378601,1.9709999561309814,1.9709999561309814,68714.0
2023-10-31,1.9709999561309814,1.9800000190734863,1.8459999561309814,1.9709999561309814,1.9709999561309814,68483.0
2023-11-01,1.9709999561309814,1.9500000476837158,1.7769999504089355,1.9709999561309814,1.9709999561309814,63739.0
2023-11-02,1.9709999561309814,1.9479999542236328,1.8420000076293945,1.9709999561309814,1.9709999561309814,6608.0
2023-11-05,1.9709999561309814,1.909999966621399,1.840000033378601,1.9709999561309814,1.9709999561309814,25458.0
2023-11-06,1.9709999561309814,1.937999963760376,1.8459999561309814,1.9709999561309814,1.9709999561309814,16725.0
2023-11-07,1.9709999561309814,1.899999976158142,1.8600000143051147,1.9709999561309814,1.9709999561309814,6461.0
2023-11-08,1.9709999561309814,1.9299999475479126,1.850000023841858,1.9709999561309814,1.9709999561309814,20028.0
2023-11-09,1.9709999561309814,1.899999976158142,1.8509999513626099,1.9709999561309814,1.9709999561309814,6957.0
2023-11-12,1.9709999561309814,1.899999976158142,1.8609999418258667,1.9709999561309814,1.9709999561309814,13662.0
2023-11-13,1.9709999561309814,1.937999963760376,1.8509999513626099,1.9709999561309814,1.9709999561309814,25127.0
2023-11-14,1.9709999561309814,1.968000054359436,1.909999966621399,1.9709999561309814,1.9709999561309814,29753.0
2023-11-15,1.9709999561309814,2.059999942779541,1.899999976158142,2.0260000228881836,2.0260000228881836,165105.0
2023-11-16,2.0260000228881836,2.0490000247955322,2.0,2.0299999713897705,2.0299999713897705,91293.0
2023-11-19,2.0299999713897705,2.0799999237060547,2.009999990463257,2.0399999618530273,2.0399999618530273,112684.0
2023-11-20,2.0399999618530273,2.069999933242798,1.9500000476837158,2.0399999618530273,2.0399999618530273,50067.0
2023-11-21,2.0399999618530273,2.049999952316284,2.009999990463257,2.0399999618530273,2.0399999618530273,34500.0
2023-11-22,2.0399999618530273,2.069999933242798,1.840000033378601,1.9199999570846558,1.9199999570846558,143096.0
2023-11-23,1.9199999570846558,2.0399999618530273,1.9600000381469727,1.9199999570846558,1.9199999570846558,52186.0
2023-11-26,1.9199999570846558,2.059999942779541,2.0,2.0460000038146973,2.0460000038146973,108480.0
2023-11-27,2.0460000038146973,2.0799999237060547,1.9900000095367432,2.0299999713897705,2.0299999713897705,120501.0
2023-11-28,2.0299999713897705,2.0799999237060547,1.9900000095367432,2.0299999713897705,2.0299999713897705,12737.0
2023-11-29,2.0299999713897705,2.0399999618530273,1.9600000381469727,2.0250000953674316,2.0250000953674316,109818.0
2023-11-30,2.0250000953674316,2.049999952316284,1.9800000190734863,2.010999917984009,2.010999917984009,112157.0
2023-12-03,2.010999917984009,2.059999942779541,1.8899999856948853,2.0,2.0,77832.0
2023-12-04,2.0,2.059999942779541,2.0,2.0199999809265137,2.0199999809265137,194251.0
2023-12-05,2.0199999809265137,2.059999942779541,2.0,2.0199999809265137,2.0199999809265137,29731.0
2023-12-06,2.0199999809265137,2.0299999713897705,1.9500000476837158,2.0199999809265137,2.0199999809265137,30998.0
2023-12-07,2.0199999809265137,2.0399999618530273,1.899999976158142,2.0199999809265137,2.0199999809265137,40577.0
2023-12-10,2.0199999809265137,2.049999952316284,1.9299999475479126,2.0199999809265137,2.0199999809265137,49296.0
2023-12-11,2.0199999809265137,2.0,1.8600000143051147,2.0199999809265137,2.0199999809265137,14297.0
2023-12-12,2.0199999809265137,2.0199999809265137,1.9299999475479126,2.0199999809265137,2.0199999809265137,50233.0
2023-12-13,2.0199999809265137,2.0199999809265137,1.9299999475479126,2.0199999809265137,2.0199999809265137,149.0
2023-12-14,2.0199999809265137,2.0199999809265137,1.9600000381469727,1.9800000190734863,1.9800000190734863,79334.0
2023-12-17,1.9800000190734863,2.069999933242798,1.9900000095367432,2.0179998874664307,2.0179998874664307,84019.0
2023-12-18,2.0179998874664307,2.069999933242798,1.9700000286102295,2.0179998874664307,2.0179998874664307,18797.0
2023-12-19,2.0179998874664307,2.0179998874664307,1.9010000228881836,1.9429999589920044,1.9429999589920044,281432.0
2023-12-20,1.9429999589920044,1.9429999589920044,1.9429999589920044,1.9429999589920044,1.9429999589920044,31.0
2023-12-21,1.9429999589920044,2.0450000762939453,1.899999976158142,1.9010000228881836,1.9010000228881836,104741.0
2023-12-24,1.9010000228881836,1.9010000228881836,1.9010000228881836,1.9010000228881836,1.9010000228881836,0.0
2023-12-25,1.9010000228881836,1.9589999914169312,1.7230000495910645,1.7669999599456787,1.7669999599456787,128447.0
2023-12-26,1.7669999599456787,1.8860000371932983,1.7899999618530273,1.8079999685287476,1.8079999685287476,84748.0
2023-12-27,1.8079999685287476,1.9700000286102295,1.812999963760376,1.8830000162124634,1.8830000162124634,80396.0
2023-12-28,1.8830000162124634,1.975000023841858,1.899999976158142,1.8830000162124634,1.8830000162124634,11325.0
2023-12-31,1.8830000162124634,1.9500000476837158,1.8609999418258667,1.9149999618530273,1.9149999618530273,105486.0
2024-01-02,1.9149999618530273,1.9589999914169312,1.9199999570846558,1.9149999618530273,1.9149999618530273,28892.0
2024-01-03,1.9149999618530273,1.937999963760376,1.9010000228881836,1.9149999618530273,1.9149999618530273,6502.0
2024-01-04,1.9149999618530273,2.0,1.899999976158142,1.934000015258789,1.934000015258789,79030.0
2024-01-08,1.934000015258789,1.996000051498413,1.940999984741211,1.934000015258789,1.934000015258789,18601.0
2024-01-09,1.934000015258789,1.99399995803833,1.9450000524520874,1.934000015258789,1.934000015258789,27249.0
2024-01-10,1.934000015258789,2.0199999809265137,1.9500000476837158,2.0,2.0,94596.0
2024-01-11,2.0,2.180000066757202,2.0,2.072999954223633,2.072999954223633,174902.0
2024-01-14,2.072999954223633,2.2699999809265137,2.0799999237060547,2.2699999809265137,2.2699999809265137,135870.0
2024-01-15,2.2699999809265137,2.490000009536743,2.390000104904175,2.490000009536743,2.490000009536743,98718.0
2024-01-16,2.490000009536743,2.7300000190734863,2.2699999809265137,2.559999942779541,2.559999942779541,343191.0
2024-01-17,2.559999942779541,2.799999952316284,2.4200000762939453,2.700000047683716,2.700000047683716,163149.0
2024-01-18,2.700000047683716,2.7799999713897705,2.559999942779541,2.5999999046325684,2.5999999046325684,91402.0
2024-01-21,2.5999999046325684,2.7200000286102295,2.3399999141693115,2.5199999809265137,2.5199999809265137,136976.0
2024-01-22,2.5199999809265137,2.700000047683716,2.2699999809265137,2.5199999809265137,2.5199999809265137,33436.0
2024-01-23,2.5199999809265137,2.509999990463257,2.359999895095825,2.5199999809265137,2.5199999809265137,8535.0
2024-01-24,2.5199999809265137,2.5999999046325684,2.450000047683716,2.5199999809265137,2.5199999809265137,20276.0
2024-01-28,2.5199999809265137,2.5999999046325684,2.2699999809265137,2.4600000381469727,2.4600000381469727,209614.0
2024-01-29,2.4600000381469727,2.5399999618530273,2.3399999141693115,2.4600000381469727,2.4600000381469727,37237.0
2024-01-30,2.4600000381469727,2.549999952316284,2.3499999046325684,2.440000057220459,2.440000057220459,80841.0
2024-01-31,2.440000057220459,2.4800000190734863,2.200000047683716,2.2799999713897705,2.2799999713897705,92877.0
2024-02-01,2.2799999713897705,2.3499999046325684,2.0899999141693115,2.2799999713897705,2.2799999713897705,10571.0
2024-02-04,2.2799999713897705,2.430000066757202,2.190000057220459,2.3299999237060547,2.3299999237060547,169001.0
2024-02-05,2.3299999237060547,2.5399999618530273,2.299999952316284,2.440000057220459,2.440000057220459,122916.0
2024-02-06,2.440000057220459,2.5299999713897705,2.380000114440918,2.440000057220459,2.440000057220459,34662.0
2024-02-07,2.440000057220459,2.4200000762939453,2.309999942779541,2.440000057220459,2.440000057220459,25871.0
2024-02-08,2.440000057220459,2.440000057220459,2.3399999141693115,2.440000057220459,2.440000057220459,20626.0
2024-02-11,2.440000057220459,2.490000009536743,2.369999885559082,2.440000057220459,2.440000057220459,11829.0
2024-02-12,2.440000057220459,2.509999990463257,2.4000000953674316,2.4700000286102295,2.4700000286102295,65834.0
2024-02-13,2.4700000286102295,2.5,2.3499999046325684,2.430000066757202,2.430000066757202,81610.0
2024-02-14,2.430000066757202,2.490000009536743,2.359999895095825,2.430000066757202,2.430000066757202,22429.0
2024-02-15,2.430000066757202,2.5,2.3399999141693115,2.430000066757202,2.430000066757202,56855.0
2024-02-18,2.430000066757202,2.430000066757202,2.430000066757202,2.430000066757202,2.430000066757202,0.0
2024-02-19,2.430000066757202,2.6500000953674316,2.390000104904175,2.5299999713897705,2.5299999713897705,72970.0
2024-02-20,2.5299999713897705,2.5799999237060547,2.4000000953674316,2.4100000858306885,2.4100000858306885,117892.0
2024-02-21,2.4100000858306885,2.5,2.450000047683716,2.4100000858306885,2.4100000858306885,26323.0
2024-02-22,2.4100000858306885,2.5999999046325684,2.4700000286102295,2.549999952316284,2.549999952316284,59804.0
2024-02-25,2.549999952316284,2.549999952316284,2.3499999046325684,2.549999952316284,2.549999952316284,28806.0
2024-02-26,2.549999952316284,2.509999990463257,2.359999895095825,2.549999952316284,2.549999952316284,23774.0
2024-02-27,2.549999952316284,2.5299999713897705,2.3399999141693115,2.549999952316284,2.549999952316284,57493.0
2024-02-28,2.549999952316284,2.4800000190734863,2.299999952316284,2.319999933242798,2.319999933242798,112071.0
2024-02-29,2.319999933242798,2.4700000286102295,2.130000114440918,2.319999933242798,2.319999933242798,4394.0
2024-03-03,2.319999933242798,2.4000000953674316,2.1600000858306885,2.319999933242798,2.319999933242798,18115.0
2024-03-04,2.319999933242798,2.390000104904175,2.299999952316284,2.3399999141693115,2.3399999141693115,67191.0
2024-03-05,2.3399999141693115,2.390000104904175,2.190000057220459,2.3399999141693115,2.3399999141693115,55133.0
2024-03-06,2.3399999141693115,2.380000114440918,2.200000047683716,2.3399999141693115,2.3399999141693115,66079.0
2024-03-07,2.3399999141693115,2.3399999141693115,2.200000047683716,2.3399999141693115,2.3399999141693115,21898.0
2024-03-10,2.3399999141693115,2.3399999141693115,2.190000057220459,2.3399999141693115,2.3399999141693115,35672.0
2024-03-11,2.3399999141693115,2.259999990463257,2.109999895095825,2.3399999141693115,2.3399999141693115,54669.0
2024-03-12,2.3399999141693115,2.240000009536743,2.109999895095825,2.109999895095825,2.109999895095825,175180.0
2024-03-13,2.109999895095825,2.109999895095825,1.899999976158142,2.109999895095825,2.109999895095825,4036.0
2024-03-14,2.109999895095825,2.0999999046325684,2.049999952316284,2.109999895095825,2.109999895095825,397.0
2024-03-17,2.109999895095825,2.119999885559082,2.009999990463257,2.109999895095825,2.109999895095825,27647.0
2024-03-18,2.109999895095825,2.180000066757202,1.899999976158142,2.109999895095825,2.109999895095825,39803.0
2024-03-19,2.109999895095825,1.9199999570846558,1.9199999570846558,2.109999895095825,2.109999895095825,1.0
2024-03-20,2.109999895095825,2.140000104904175,1.9299999475479126,2.109999895095825,2.109999895095825,3816.0
2024-03-21,2.109999895095825,2.0999999046325684,1.9299999475479126,2.109999895095825,2.109999895095825,6668.0
2024-03-24,2.109999895095825,2.109999895095825,1.9299999475479126,2.109999895095825,2.109999895095825,14641.0
2024-03-25,2.109999895095825,2.109999895095825,1.9700000286102295,2.109999895095825,2.109999895095825,6793.0
2024-03-26,2.109999895095825,2.130000114440918,1.9900000095367432,2.109999895095825,2.109999895095825,9637.0
2024-03-27,2.109999895095825,2.0,2.0,2.109999895095825,2.109999895095825,4.0
2024-03-28,2.109999895095825,2.109999895095825,2.0,2.109999895095825,2.109999895095825,65.0
2024-03-31,2.109999895095825,2.130000114440918,2.0,2.109999895095825,2.109999895095825,22978.0
2024-04-01,2.109999895095825,2.119999885559082,2.049999952316284,2.109999895095825,2.109999895095825,2862.0
2024-04-02,2.109999895095825,2.109999895095825,2.049999952316284,2.109999895095825,2.109999895095825,30547.0
2024-04-03,2.109999895095825,2.109999895095825,2.049999952316284,2.109999895095825,2.109999895095825,15000.0
2024-04-04,2.109999895095825,2.109999895095825,2.059999942779541,2.109999895095825,2.109999895095825,10000.0
2024-04-07,2.109999895095825,2.200000047683716,2.0399999618530273,2.109999895095825,2.109999895095825,40080.0
2024-04-08,2.109999895095825,2.190000057220459,2.049999952316284,2.109999895095825,2.109999895095825,13603.0
2024-04-15,2.109999895095825,2.1700000762939453,2.0399999618530273,2.109999895095825,2.109999895095825,58069.0
2024-04-16,2.109999895095825,2.109999895095825,2.0899999141693115,2.109999895095825,2.109999895095825,2001.0
2024-04-17,2.109999895095825,2.130000114440918,2.059999942779541,2.109999895095825,2.109999895095825,25043.0
2024-04-18,2.109999895095825,2.119999885559082,2.0,2.109999895095825,2.109999895095825,23648.0
2024-04-21,2.109999895095825,2.009999990463257,2.0,2.109999895095825,2.109999895095825,3676.0
2024-04-22,2.109999895095825,2.009999990463257,2.0,2.109999895095825,2.109999895095825,4.0
2024-04-23,2.109999895095825,2.069999933242798,1.940000057220459,2.109999895095825,2.109999895095825,1083.0
2024-04-24,2.109999895095825,2.0399999618530273,2.0399999618530273,2.109999895095825,2.109999895095825,150.0
2024-04-28,2.109999895095825,2.109999895095825,2.109999895095825,2.109999895095825,2.109999895095825,0.0
2024-04-29,2.109999895095825,2.109999895095825,2.109999895095825,2.109999895095825,2.109999895095825,0.0
2024-04-30,2.109999895095825,2.0299999713897705,1.899999976158142,2.109999895095825,2.109999895095825,23836.0
2024-05-02,2.109999895095825,2.009999990463257,1.899999976158142,2.109999895095825,2.109999895095825,23213.0
2024-05-07,2.109999895095825,2.0299999713897705,1.899999976158142,2.109999895095825,2.109999895095825,9614.0
2024-05-08,2.109999895095825,2.0799999237060547,1.9299999475479126,2.109999895095825,2.109999895095825,11703.0
2024-05-09,2.109999895095825,1.9800000190734863,1.899999976158142,2.109999895095825,2.109999895095825,30577.0
2024-05-12,2.109999895095825,1.899999976158142,1.899999976158142,2.109999895095825,2.109999895095825,642.0
2024-05-13,2.109999895095825,1.899999976158142,1.899999976158142,2.109999895095825,2.109999895095825,250.0
2024-05-14,2.109999895095825,1.899999976158142,1.899999976158142,2.109999895095825,2.109999895095825,6500.0
2024-05-15,2.109999895095825,2.109999895095825,2.109999895095825,2.109999895095825,2.109999895095825,0.0
2024-05-16,2.109999895095825,1.9700000286102295,1.899999976158142,2.109999895095825,2.109999895095825,8454.0
2024-05-19,2.109999895095825,1.9500000476837158,1.899999976158142,1.899999976158142,1.899999976158142,7664.0
2024-05-20,2.109999895095825,1.9500000476837158,1.899999976158142,2.109999895095825,2.109999895095825,7100.0
2024-05-21,2.109999895095825,1.899999976158142,1.899999976158142,2.109999895095825,2.109999895095825,4433.0
2024-05-22,2.109999895095825,1.899999976158142,1.899999976158142,2.109999895095825,2.109999895095825,1217.0
2024-05-23,2.109999895095825,1.899999976158142,1.899999976158142,2.109999895095825,2.109999895095825,4260.0
2024-05-26,2.109999895095825,2.109999895095825,2.109999895095825,2.109999895095825,2.109999895095825,0.0
2024-05-27,2.109999895095825,1.899999976158142,1.899999976158142,2.109999895095825,2.109999895095825,111.0
2024-05-28,2.109999895095825,1.899999976158142,1.899999976158142,2.109999895095825,2.109999895095825,1089.0
2024-05-29,2.109999895095825,1.9700000286102295,1.899999976158142,2.109999895095825,2.109999895095825,6487.0
2024-05-30,2.109999895095825,1.899999976158142,1.899999976158142,2.109999895095825,2.109999895095825,775.0
2024-06-02,2.109999895095825,1.899999976158142,1.899999976158142,2.109999895095825,2.109999895095825,33069.0
2024-06-03,2.109999895095825,2.109999895095825,2.109999895095825,2.109999895095825,2.109999895095825,0.0
2024-06-04,2.109999895095825,2.109999895095825,2.109999895095825,2.109999895095825,2.109999895095825,0.0
2024-06-05,2.109999895095825,1.899999976158142,1.899999976158142,2.109999895095825,2.109999895095825,12127.0
2024-06-06,2.109999895095825,2.109999895095825,2.109999895095825,2.109999895095825,2.109999895095825,0.0
2024-06-09,2.109999895095825,2.109999895095825,2.109999895095825,2.109999895095825,2.109999895095825,0.0
2024-06-10,2.109999895095825,1.899999976158142,1.899999976158142,2.109999895095825,2.109999895095825,1950.0
2024-06-11,2.109999895095825,1.899999976158142,1.899999976158142,2.109999895095825,2.109999895095825,211.0
2024-06-12,2.109999895095825,2.109999895095825,2.109999895095825,2.109999895095825,2.109999895095825,0.0
2024-06-13,2.109999895095825,2.109999895095825,2.109999895095825,2.109999895095825,2.109999895095825,0.0
2024-06-23,2.109999895095825,1.9500000476837158,1.899999976158142,2.109999895095825,2.109999895095825,2708.0
2024-06-24,2.109999895095825,1.899999976158142,1.899999976158142,2.109999895095825,2.109999895095825,1213.0
2024-06-25,2.109999895095825,1.9299999475479126,1.899999976158142,2.109999895095825,2.109999895095825,244.0
2024-06-26,2.109999895095825,2.109999895095825,2.109999895095825,2.109999895095825,2.109999895095825,0.0
2024-06-27,2.109999895095825,1.9500000476837158,1.899999976158142,2.109999895095825,2.109999895095825,4517.0
2024-07-02,2.109999895095825,1.9500000476837158,1.899999976158142,2.109999895095825,2.109999895095825,128.0
2024-07-03,2.109999895095825,1.940000057220459,1.899999976158142,2.109999895095825,2.109999895095825,661.0
2024-07-04,2.109999895095825,1.940000057220459,1.899999976158142,2.109999895095825,2.109999895095825,24764.0
2024-07-07,2.109999895095825,1.9500000476837158,1.899999976158142,2.109999895095825,2.109999895095825,71672.0
2024-07-08,2.109999895095825,1.9500000476837158,1.899999976158142,2.109999895095825,2.109999895095825,803.0
2024-07-09,2.109999895095825,1.899999976158142,1.899999976158142,2.109999895095825,2.109999895095825,4153.0
2024-07-10,2.109999895095825,2.109999895095825,2.109999895095825,2.109999895095825,2.109999895095825,0.0
2024-07-14,2.109999895095825,1.940000057220459,1.899999976158142,2.109999895095825,2.109999895095825,10486.0
2024-07-15,2.109999895095825,1.899999976158142,1.899999976158142,2.109999895095825,2.109999895095825,2059.0
2024-07-16,2.109999895095825,2.109999895095825,2.109999895095825,2.109999895095825,2.109999895095825,0.0
2024-07-17,2.109999895095825,2.109999895095825,2.109999895095825,2.109999895095825,2.109999895095825,0.0
2024-07-18,2.109999895095825,1.909999966621399,1.909999966621399,2.109999895095825,2.109999895095825,11431.0
2024-07-21,2.109999895095825,1.9500000476837158,1.899999976158142,2.109999895095825,2.109999895095825,25735.0
2024-07-22,2.109999895095825,2.009999990463257,1.899999976158142,2.109999895095825,2.109999895095825,45617.0
2024-07-23,2.109999895095825,2.0799999237060547,1.9700000286102295,2.109999895095825,2.109999895095825,2773.0
2024-07-24,2.109999895095825,2.190000057220459,2.009999990463257,2.109999895095825,2.109999895095825,36224.0
2024-07-28,2.109999895095825,2.0999999046325684,2.0199999809265137,2.109999895095825,2.109999895095825,19279.0
2024-07-29,2.109999895095825,2.0999999046325684,2.009999990463257,2.109999895095825,2.109999895095825,53438.0
2024-07-30,2.109999895095825,2.109999895095825,2.109999895095825,2.109999895095825,2.109999895095825,0.0
2024-07-31,2.109999895095825,2.1600000858306885,1.940000057220459,2.109999895095825,2.109999895095825,15550.0
2024-08-01,2.109999895095825,2.0899999141693115,1.899999976158142,2.109999895095825,2.109999895095825,36703.0
2024-08-04,2.109999895095825,2.069999933242798,1.9500000476837158,2.109999895095825,2.109999895095825,9867.0
2024-08-05,2.109999895095825,2.0399999618530273,1.899999976158142,2.109999895095825,2.109999895095825,23407.0
2024-08-06,2.109999895095825,2.0399999618530273,1.899999976158142,2.109999895095825,2.109999895095825,53929.0
2024-08-07,2.109999895095825,1.9900000095367432,1.899999976158142,2.109999895095825,2.109999895095825,3026.0
2024-08-08,2.109999895095825,1.909999966621399,1.899999976158142,2.109999895095825,2.109999895095825,42449.0
2024-08-11,2.109999895095825,1.9800000190734863,1.899999976158142,2.109999895095825,2.109999895095825,32222.0
2024-08-12,2.109999895095825,2.109999895095825,2.109999895095825,2.109999895095825,2.109999895095825,0.0
2024-08-13,2.109999895095825,1.9600000381469727,1.899999976158142,2.109999895095825,2.109999895095825,19483.0
2024-08-14,2.109999895095825,1.9600000381469727,1.899999976158142,2.109999895095825,2.109999895095825,12760.0
2024-08-15,2.109999895095825,1.940000057220459,1.899999976158142,2.109999895095825,2.109999895095825,5267.0
2024-08-18,2.109999895095825,1.9299999475479126,1.899999976158142,1.899999976158142,1.899999976158142,119059.0
2024-08-19,1.899999976158142,1.9299999475479126,1.7999999523162842,1.899999976158142,1.899999976158142,9118.0
2024-08-20,1.899999976158142,1.9299999475479126,1.8600000143051147,1.899999976158142,1.899999976158142,10423.0
2024-08-21,1.899999976158142,1.9199999570846558,1.899999976158142,1.899999976158142,1.899999976158142,3652.0
2024-08-22,1.899999976158142,2.049999952316284,1.899999976158142,1.899999976158142,1.899999976158142,24814.0
2024-08-25,1.899999976158142,1.9600000381469727,1.9199999570846558,1.899999976158142,1.899999976158142,22710.0
2024-08-26,1.899999976158142,1.9600000381469727,1.899999976158142,1.899999976158142,1.899999976158142,6270.0
2024-08-27,1.899999976158142,1.899999976158142,1.8600000143051147,1.899999976158142,1.899999976158142,1465.0
2024-08-28,1.899999976158142,1.909999966621399,1.899999976158142,1.899999976158142,1.899999976158142,1550.0
2024-08-29,1.899999976158142,1.9199999570846558,1.8600000143051147,1.899999976158142,1.899999976158142,9453.0
2024-09-01,1.899999976158142,1.9299999475479126,1.7400000095367432,1.8200000524520874,1.8200000524520874,296437.0
2024-09-02,1.8200000524520874,1.899999976158142,1.7999999523162842,1.8200000524520874,1.8200000524520874,76446.0
2024-09-03,1.8200000524520874,1.899999976158142,1.809999942779541,1.8200000524520874,1.8200000524520874,3693.0
2024-09-04,1.8200000524520874,1.8899999856948853,1.809999942779541,1.8200000524520874,1.8200000524520874,7775.0
2024-09-05,1.8200000524520874,1.840000033378601,1.8300000429153442,1.8200000524520874,1.8200000524520874,15568.0
2024-09-08,1.8200000524520874,1.8799999952316284,1.8200000524520874,1.8200000524520874,1.8200000524520874,302.0
2024-09-09,1.8200000524520874,1.8200000524520874,1.8200000524520874,1.8200000524520874,1.8200000524520874,0.0
2024-09-10,1.8200000524520874,2.0,1.6399999856948853,2.0,2.0,405602.0
2024-09-11,2.0,2.200000047683716,1.909999966621399,2.1600000858306885,2.1600000858306885,211022.0
2024-09-12,2.1600000858306885,2.3499999046325684,2.049999952316284,2.0799999237060547,2.0799999237060547,237360.0
2024-09-16,2.0799999237060547,2.1600000858306885,1.8799999952316284,1.940000057220459,1.940000057220459,99858.0
2024-09-17,1.940000057220459,2.130000114440918,1.909999966621399,2.119999885559082,2.119999885559082,132135.0
2024-09-18,2.119999885559082,2.049999952316284,1.909999966621399,1.9900000095367432,1.9900000095367432,180816.0
2024-09-19,1.9900000095367432,2.0999999046325684,1.940000057220459,2.0299999713897705,2.0299999713897705,133017.0
2024-09-22,2.0299999713897705,2.0399999618530273,1.9700000286102295,2.0299999713897705,2.0299999713897705,16550.0
2024-09-23,2.0299999713897705,2.0399999618530273,1.940000057220459,2.0299999713897705,2.0299999713897705,26094.0
2024-09-24,2.0299999713897705,2.0199999809265137,1.940000057220459,2.0199999809265137,2.0199999809265137,21906.0
2024-09-25,2.0299999713897705,2.009999990463257,1.940000057220459,2.0299999713897705,2.0299999713897705,4364.0
2024-09-26,2.0299999713897705,2.0199999809265137,1.940000057220459,2.0299999713897705,2.0299999713897705,21906.0
2024-09-29,2.0299999713897705,2.0199999809265137,1.940000057220459,2.0299999713897705,2.0299999713897705,24535.0
2024-09-30,2.0299999713897705,2.0199999809265137,1.9500000476837158,2.0299999713897705,2.0299999713897705,39154.0
2024-10-01,2.0299999713897705,2.2300000190734863,1.9500000476837158,2.2200000286102295,2.2200000286102295,354126.0
2024-10-02,2.2200000286102295,2.25,2.009999990463257,2.0899999141693115,2.0899999141693115,127130.0
2024-10-03,2.0899999141693115,2.180000066757202,2.049999952316284,2.0899999141693115,2.0899999141693115,48430.0
2024-10-07,2.0899999141693115,2.2899999618530273,2.0899999141693115,2.259999990463257,2.259999990463257,260192.0
2024-10-08,2.259999990463257,2.2100000381469727,2.0399999618530273,2.049999952316284,2.049999952316284,227584.0
2024-10-09,2.049999952316284,2.1600000858306885,2.0399999618530273,2.049999952316284,2.049999952316284,11662.0
2024-10-10,2.049999952316284,2.140000104904175,1.9600000381469727,2.049999952316284,2.049999952316284,10862.0
2024-10-13,2.049999952316284,2.0399999618530273,1.9500000476837158,2.049999952316284,2.049999952316284,70390.0
2024-10-14,2.049999952316284,2.0199999809265137,1.8600000143051147,2.049999952316284,2.049999952316284,61276.0
2024-10-15,2.049999952316284,2.0,1.909999966621399,2.049999952316284,2.049999952316284,9448.0
2024-10-16,2.049999952316284,2.0199999809265137,1.909999966621399,2.049999952316284,2.049999952316284,9307.0
2024-10-17,2.049999952316284,2.0,1.9199999570846558,2.049999952316284,2.049999952316284,236.0
2024-10-20,2.049999952316284,2.0299999713897705,1.9199999570846558,2.049999952316284,2.049999952316284,2785.0
2024-10-21,2.049999952316284,2.0299999713897705,1.8700000047683716,2.049999952316284,2.049999952316284,29626.0
2024-10-22,2.049999952316284,2.059999942779541,1.8700000047683716,2.009999990463257,2.009999990463257,95903.0
2024-10-23,2.009999990463257,2.2100000381469727,2.0,2.009999990463257,2.009999990463257,58269.0
2024-10-24,2.009999990463257,2.200000047683716,2.059999942779541,2.009999990463257,2.009999990463257,19102.0
2024-10-27,2.009999990463257,2.180000066757202,2.069999933242798,2.009999990463257,2.009999990463257,4781.0
2024-10-28,2.009999990463257,2.180000066757202,2.009999990463257,2.009999990463257,2.009999990463257,25140.0
2024-10-29,2.009999990463257,2.1700000762939453,2.0899999141693115,2.009999990463257,2.009999990463257,18550.0
2024-10-30,2.009999990463257,2.1600000858306885,2.049999952316284,2.009999990463257,2.009999990463257,44662.0
2024-10-31,2.009999990463257,2.1700000762939453,2.0799999237060547,2.009999990463257,2.009999990463257,17115.0
2024-11-03,2.009999990463257,2.1500000953674316,2.0399999618530273,2.009999990463257,2.009999990463257,14988.0
2024-11-04,2.009999990463257,2.1500000953674316,2.049999952316284,2.009999990463257,2.009999990463257,42121.0
2024-11-05,2.009999990463257,2.1500000953674316,2.069999933242798,2.009999990463257,2.009999990463257,10799.0
2024-11-06,2.009999990463257,2.2100000381469727,2.0799999237060547,2.180000066757202,2.180000066757202,68864.0
2024-11-07,2.180000066757202,2.3399999141693115,2.180000066757202,2.180000066757202,2.180000066757202,25110.0
2024-11-10,2.180000066757202,2.390000104904175,2.130000114440918,2.390000104904175,2.390000104904175,194228.0
2024-11-11,2.390000104904175,2.609999895095825,2.2200000286102295,2.2699999809265137,2.2699999809265137,80188.0
2024-11-12,2.2699999809265137,2.4000000953674316,2.2200000286102295,2.2699999809265137,2.2699999809265137,7200.0
2024-11-13,2.2699999809265137,2.3399999141693115,2.2200000286102295,2.2699999809265137,2.2699999809265137,19999.0
2024-11-14,2.2699999809265137,2.299999952316284,2.2200000286102295,2.2699999809265137,2.2699999809265137,17267.0
2024-11-17,2.2699999809265137,2.2699999809265137,2.1700000762939453,2.190000057220459,2.190000057220459,75110.0
2024-11-18,2.190000057220459,2.2699999809265137,2.0999999046325684,2.109999895095825,2.109999895095825,122168.0
2024-11-19,2.109999895095825,2.180000066757202,2.059999942779541,2.109999895095825,2.109999895095825,20240.0
2024-11-20,2.109999895095825,2.319999933242798,2.1500000953674316,2.319999933242798,2.319999933242798,269619.0
2024-11-21,2.319999933242798,2.549999952316284,2.549999952316284,2.549999952316284,2.549999952316284,172980.0
2024-11-24,2.549999952316284,2.799999952316284,2.799999952316284,2.799999952316284,2.799999952316284,69564.0
2024-11-25,2.799999952316284,3.0799999237060547,3.0799999237060547,3.0799999237060547,3.0799999237060547,154638.0
2024-11-26,3.0799999237060547,3.380000114440918,3.049999952316284,3.369999885559082,3.369999885559082,1445217.0
2024-11-27,3.369999885559082,3.4600000381469727,3.109999895095825,3.130000114440918,3.130000114440918,450839.0
2024-11-28,3.130000114440918,3.25,3.0,3.049999952316284,3.049999952316284,332741.0
2024-12-01,3.049999952316284,3.3499999046325684,3.1500000953674316,3.3499999046325684,3.3499999046325684,391960.0
2024-12-02,3.3499999046325684,3.6700000762939453,3.119999885559082,3.180000066757202,3.180000066757202,632071.0
2024-12-03,3.180000066757202,3.369999885559082,2.950000047683716,3.0999999046325684,3.0999999046325684,289671.0
2024-12-04,3.0999999046325684,3.3499999046325684,3.0999999046325684,3.200000047683716,3.200000047683716,391844.0
2024-12-05,3.200000047683716,3.3499999046325684,3.2100000381469727,3.2200000286102295,3.2200000286102295,328881.0
2024-12-08,3.2200000286102295,3.25,3.119999885559082,3.130000114440918,3.130000114440918,168121.0
2024-12-09,3.130000114440918,3.1500000953674316,2.9000000953674316,2.950000047683716,2.950000047683716,181607.0
2024-12-10,2.950000047683716,3.0999999046325684,2.9200000762939453,2.950000047683716,2.950000047683716,45760.0
2024-12-11,2.950000047683716,3.140000104904175,3.0299999713897705,3.109999895095825,3.109999895095825,56051.0
2024-12-12,3.109999895095825,3.130000114440918,2.9000000953674316,3.0,3.0,56040.0
2024-12-15,3.0,3.0799999237060547,2.9600000381469727,3.0,3.0,82454.0
2024-12-16,3.0,3.299999952316284,2.9800000190734863,3.299999952316284,3.299999952316284,518262.0
2024-12-17,3.299999952316284,3.630000114440918,3.3499999046325684,3.4100000858306885,3.4100000858306885,1090109.0
2024-12-18,3.4100000858306885,3.4100000858306885,3.1700000762939453,3.2200000286102295,3.2200000286102295,464054.0
2024-12-19,3.2200000286102295,3.5399999618530273,3.3299999237060547,3.5399999618530273,3.5399999618530273,929416.0
2024-12-22,3.5399999618530273,3.7100000381469727,3.3299999237060547,3.3399999141693115,3.3399999141693115,651888.0
2024-12-23,3.3399999141693115,3.4000000953674316,3.200000047683716,3.25,3.25,312575.0
2024-12-24,3.25,3.569999933242798,3.200000047683716,3.5,3.5,700738.0
2024-12-25,3.5,3.5,3.309999942779541,3.309999942779541,3.309999942779541,417441.0
2024-12-26,3.309999942779541,3.5799999237060547,3.180000066757202,3.450000047683716,3.450000047683716,906572.0
2024-12-29,3.450000047683716,3.5899999141693115,3.359999895095825,3.490000009536743,3.490000009536743,539443.0
2024-12-30,3.490000009536743,3.490000009536743,3.25,3.2899999618530273,3.2899999618530273,383809.0
2024-12-31,3.2899999618530273,3.359999895095825,3.2300000190734863,3.2899999618530273,3.2899999618530273,181460.0
2025-01-02,3.2899999618530273,3.440000057220459,3.109999895095825,3.319999933242798,3.319999933242798,320387.0
2025-01-05,3.319999933242798,3.3499999046325684,3.1600000858306885,3.2300000190734863,3.2300000190734863,517376.0
2025-01-06,3.2300000190734863,3.2699999809265137,3.1500000953674316,3.1700000762939453,3.1700000762939453,471099.0
2025-01-08,3.1700000762939453,3.2699999809265137,3.049999952316284,3.059999942779541,3.059999942779541,243222.0
2025-01-09,3.059999942779541,3.119999885559082,3.0,3.069999933242798,3.069999933242798,374812.0
2025-01-12,3.069999933242798,3.0899999141693115,2.940000057220459,2.9600000381469727,2.9600000381469727,326300.0
2025-01-13,2.9600000381469727,3.069999933242798,2.8499999046325684,2.9000000953674316,2.9000000953674316,226815.0
2025-01-14,2.9000000953674316,2.880000114440918,2.609999895095825,2.7799999713897705,2.7799999713897705,212480.0
2025-01-15,2.7799999713897705,2.950000047683716,2.7200000286102295,2.859999895095825,2.859999895095825,145104.0
2025-01-16,2.859999895095825,2.990000009536743,2.819999933242798,2.890000104904175,2.890000104904175,53717.0
2025-01-19,2.859999895095825,2.990000009536743,2.819999933242798,2.890000104904175,2.890000104904175,86301.0
2025-01-20,2.890000104904175,2.930000066757202,2.700000047683716,2.819999933242798,2.819999933242798,92627.0
2025-01-21,2.819999933242798,3.0999999046325684,2.75,3.0999999046325684,3.0999999046325684,240456.0
2025-01-22,3.0999999046325684,3.369999885559082,2.9000000953674316,3.009999990463257,3.009999990463257,829047.0
2025-01-23,3.009999990463257,3.0999999046325684,2.9700000286102295,3.009999990463257,3.009999990463257,37507.0
2025-01-26,3.009999990463257,3.049999952316284,2.8299999237060547,2.930000066757202,2.930000066757202,88461.0
2025-01-27,2.930000066757202,2.9600000381469727,2.799999952316284,2.930000066757202,2.930000066757202,43637.0
2025-01-28,2.930000066757202,2.990000009536743,2.809999942779541,2.930000066757202,2.930000066757202,21961.0
2025-01-29,2.930000066757202,2.950000047683716,2.640000104904175,2.7899999618530273,2.7899999618530273,77459.0
2025-01-30,2.7899999618530273,2.950000047683716,2.7200000286102295,2.75,2.75,90277.0
2025-02-02,2.75,2.799999952316284,2.619999885559082,2.75,2.75,52307.0
2025-02-03,2.75,2.7799999713897705,2.700000047683716,2.75,2.75,22141.0
2025-02-04,2.75,2.7699999809265137,2.640000104904175,2.75,2.75,46236.0
2025-02-05,2.75,2.740000009536743,2.619999885559082,2.75,2.75,53170.0
2025-02-06,2.75,2.7100000381469727,2.5999999046325684,2.75,2.75,29581.0
2025-02-09,2.75,2.630000114440918,2.4800000190734863,2.5199999809265137,2.5199999809265137,84501.0
2025-02-10,2.5199999809265137,2.6500000953674316,2.4000000953674316,2.490000009536743,2.490000009536743,107038.0
2025-02-11,2.490000009536743,2.5,2.25,2.309999942779541,2.309999942779541,160877.0
2025-02-12,2.309999942779541,2.430000066757202,2.299999952316284,2.359999895095825,2.359999895095825,65448.0
2025-02-13,2.359999895095825,2.4200000762939453,2.3299999237060547,2.359999895095825,2.359999895095825,37800.0
2025-02-16,2.359999895095825,2.430000066757202,2.3499999046325684,2.359999895095825,2.359999895095825,14800.0
2025-02-17,2.359999895095825,2.430000066757202,2.4000000953674316,2.359999895095825,2.359999895095825,45677.0
2025-02-18,2.359999895095825,2.450000047683716,2.359999895095825,2.359999895095825,2.359999895095825,17670.0
2025-02-19,2.359999895095825,2.440000057220459,2.359999895095825,2.359999895095825,2.359999895095825,22008.0
2025-02-20,2.359999895095825,2.559999942779541,2.380000114440918,2.490000009536743,2.490000009536743,104153.0
2025-02-23,2.490000009536743,2.7200000286102295,2.4100000858306885,2.6700000762939453,2.6700000762939453,80394.0
2025-02-24,2.6700000762939453,2.890000104904175,2.549999952316284,2.809999942779541,2.809999942779541,165179.0
2025-02-25,2.809999942779541,2.9800000190734863,2.740000009536743,2.950000047683716,2.950000047683716,328035.0
2025-02-26,2.950000047683716,3.0,2.809999942779541,2.9000000953674316,2.9000000953674316,311407.0
2025-02-27,2.9000000953674316,2.950000047683716,2.619999885559082,2.880000114440918,2.880000114440918,237952.0
2025-03-02,2.880000114440918,2.9000000953674316,2.5999999046325684,2.690000057220459,2.690000057220459,281050.0
2025-03-03,2.690000057220459,2.700000047683716,2.440000057220459,2.450000047683716,2.450000047683716,211161.0
2025-03-04,2.450000047683716,2.5999999046325684,2.4700000286102295,2.450000047683716,2.450000047683716,50217.0
2025-03-05,2.450000047683716,2.5999999046325684,2.4700000286102295,2.450000047683716,2.450000047683716,57069.0
2025-03-06,2.450000047683716,2.690000057220459,2.5,2.6600000858306885,2.6600000858306885,139156.0
2025-03-09,2.6600000858306885,2.799999952316284,2.5899999141693115,2.7799999713897705,2.7799999713897705,139195.0
2025-03-10,2.7799999713897705,2.9100000858306885,2.509999990463257,2.799999952316284,2.799999952316284,110408.0
2025-03-11,2.799999952316284,2.7899999618530273,2.6500000953674316,2.799999952316284,2.799999952316284,33230.0
2025-03-12,2.799999952316284,2.680000066757202,2.609999895095825,2.799999952316284,2.799999952316284,5791.0
2025-03-13,2.799999952316284,2.799999952316284,2.569999933242798,2.799999952316284,2.799999952316284,18961.0
2025-03-16,2.799999952316284,2.7100000381469727,2.5999999046325684,2.799999952316284,2.799999952316284,18620.0
2025-03-17,2.799999952316284,2.700000047683716,2.5799999237060547,2.5999999046325684,2.5999999046325684,58482.0
2025-03-18,2.5999999046325684,2.680000066757202,2.609999895095825,2.5999999046325684,2.5999999046325684,10652.0
2025-03-19,2.5999999046325684,2.619999885559082,2.5199999809265137,2.5999999046325684,2.5999999046325684,33842.0
2025-03-20,2.5999999046325684,2.569999933242798,2.3399999141693115,2.5999999046325684,2.5999999046325684,41740.0
2025-03-23,2.5999999046325684,2.859999895095825,2.5399999618530273,2.859999895095825,2.859999895095825,393939.0
2025-03-24,2.859999895095825,3.140000104904175,2.9800000190734863,3.0999999046325684,3.0999999046325684,277099.0
2025-03-25,3.0999999046325684,3.0,2.7899999618530273,2.8499999046325684,2.8499999046325684,267760.0
2025-03-26,2.8499999046325684,2.940000057220459,2.619999885559082,2.880000114440918,2.880000114440918,113047.0
2025-03-27,2.880000114440918,2.9000000953674316,2.5999999046325684,2.740000009536743,2.740000009536743,104100.0
2025-04-03,2.740000009536743,2.9000000953674316,2.549999952316284,2.8399999141693115,2.8399999141693115,149535.0
2025-04-06,2.8399999141693115,2.8499999046325684,2.630000114440918,2.809999942779541,2.809999942779541,98062.0
2025-04-07,2.809999942779541,2.9000000953674316,2.6600000858306885,2.819999933242798,2.819999933242798,59082.0
2025-04-08,2.819999933242798,2.9100000858306885,2.7200000286102295,2.8499999046325684,2.8499999046325684,65562.0
2025-04-09,2.8499999046325684,2.950000047683716,2.6500000953674316,2.809999942779541,2.809999942779541,102386.0
2025-04-10,2.809999942779541,2.890000104904175,2.7300000190734863,2.809999942779541,2.809999942779541,2232.0
2025-04-13,2.809999942779541,2.8499999046325684,2.7699999809265137,2.809999942779541,2.809999942779541,9640.0
2025-04-14,2.809999942779541,2.9000000953674316,2.7699999809265137,2.799999952316284,2.799999952316284,66628.0
2025-04-15,2.799999952316284,2.8499999046325684,2.7699999809265137,2.799999952316284,2.799999952316284,20786.0
2025-04-16,2.799999952316284,2.8299999237060547,2.6700000762939453,2.740000009536743,2.740000009536743,55980.0
2025-04-17,2.740000009536743,2.8299999237060547,2.7100000381469727,2.740000009536743,2.740000009536743,25023.0
2025-04-22,2.740000009536743,2.859999895095825,2.7200000286102295,2.740000009536743,2.740000009536743,48898.0
2025-04-23,2.740000009536743,2.8399999141693115,2.740000009536743,2.740000009536743,2.740000009536743,30243.0
2025-04-27,2.740000009536743,2.9000000953674316,2.7300000190734863,2.859999895095825,2.859999895095825,94966.0
2025-04-28,2.859999895095825,2.9000000953674316,2.7699999809265137,2.799999952316284,2.799999952316284,73904.0
2025-04-29,2.799999952316284,2.859999895095825,2.7899999618530273,2.799999952316284,2.799999952316284,7784.0
2025-04-30,2.799999952316284,2.869999885559082,2.75,2.7699999809265137,2.7699999809265137,67564.0
2025-05-04,2.7699999809265137,2.9000000953674316,2.7899999618530273,2.859999895095825,2.859999895095825,80158.0
2025-05-05,2.859999895095825,2.9200000762939453,2.799999952316284,2.8299999237060547,2.8299999237060547,106530.0
2025-05-06,2.8299999237060547,2.859999895095825,2.7799999713897705,2.8299999237060547,2.8299999237060547,31730.0
2025-05-07,2.8299999237060547,2.9000000953674316,2.799999952316284,2.819999933242798,2.819999933242798,86370.0
2025-05-08,2.819999933242798,2.9000000953674316,2.799999952316284,2.799999952316284,2.799999952316284,103521.0
2025-05-11,2.799999952316284,2.890000104904175,2.7899999618530273,2.809999942779541,2.809999942779541,73918.0
2025-05-12,2.809999942779541,2.9800000190734863,2.7899999618530273,2.9100000858306885,2.9100000858306885,129915.0
2025-05-13,2.9100000858306885,2.9700000286102295,2.7699999809265137,2.8299999237060547,2.8299999237060547,172879.0
2025-05-14,2.8299999237060547,2.9100000858306885,2.8299999237060547,2.890000104904175,2.890000104904175,93653.0
2025-05-15,2.890000104904175,2.8499999046325684,2.700000047683716,2.740000009536743,2.740000009536743,74009.0
2025-05-18,2.740000009536743,2.890000104904175,2.700000047683716,2.740000009536743,2.740000009536743,14478.0
2025-05-19,2.740000009536743,2.8499999046325684,2.759999990463257,2.740000009536743,2.740000009536743,8377.0
2025-05-20,2.740000009536743,2.8399999141693115,2.740000009536743,2.740000009536743,2.740000009536743,6131.0
2025-05-21,2.740000009536743,2.819999933242798,2.740000009536743,2.740000009536743,2.740000009536743,4529.0
2025-05-22,2.740000009536743,2.8499999046325684,2.740000009536743,2.740000009536743,2.740000009536743,36534.0
2025-05-25,2.740000009536743,2.8299999237060547,2.7200000286102295,2.740000009536743,2.740000009536743,54975.0
2025-05-26,2.740000009536743,2.809999942779541,2.740000009536743,2.740000009536743,2.740000009536743,4060.0
2025-05-27,2.740000009536743,2.809999942779541,2.7300000190734863,2.740000009536743,2.740000009536743,18489.0
2025-05-28,2.740000009536743,2.7699999809265137,2.740000009536743,2.740000009536743,2.740000009536743,38950.0
2025-05-29,2.740000009536743,2.799999952316284,2.7300000190734863,2.740000009536743,2.740000009536743,10488.0
2025-06-01,2.740000009536743,2.7899999618530273,2.7200000286102295,2.740000009536743,2.740000009536743,15470.0
2025-06-02,2.740000009536743,2.7799999713897705,2.549999952316284,2.740000009536743,2.740000009536743,16255.0
2025-06-03,2.740000009536743,2.759999990463257,2.5999999046325684,2.640000104904175,2.640000104904175,60373.0
2025-06-04,2.640000104904175,2.740000009536743,2.609999895095825,2.640000104904175,2.640000104904175,35198.0
2025-06-10,2.640000104904175,2.740000009536743,2.569999933242798,2.640000104904175,2.640000104904175,30790.0
2025-06-11,2.640000104904175,2.7200000286102295,2.569999933242798,2.640000104904175,2.640000104904175,25093.0
2025-06-12,2.640000104904175,2.690000057220459,2.5999999046325684,2.640000104904175,2.640000104904175,11583.0
2025-06-15,2.640000104904175,2.630000114440918,2.569999933242798,2.640000104904175,2.640000104904175,12383.0
2025-06-16,2.640000104904175,2.6500000953674316,2.569999933242798,2.640000104904175,2.640000104904175,17091.0
2025-06-17,2.640000104904175,2.619999885559082,2.549999952316284,2.640000104904175,2.640000104904175,20109.0
2025-06-18,2.640000104904175,2.5999999046325684,2.4000000953674316,2.640000104904175,2.640000104904175,4031.0
2025-06-19,2.640000104904175,2.5799999237060547,2.4100000858306885,2.640000104904175,2.640000104904175,28462.0
2025-06-22,2.640000104904175,2.5899999141693115,2.450000047683716,2.640000104904175,2.640000104904175,5577.0
2025-06-23,2.640000104904175,2.5999999046325684,2.430000066757202,2.640000104904175,2.640000104904175,9944.0
2025-06-24,2.640000104904175,2.7200000286102295,2.509999990463257,2.640000104904175,2.640000104904175,57701.0
2025-06-25,2.640000104904175,2.700000047683716,2.609999895095825,2.640000104904175,2.640000104904175,23493.0
2025-06-29,2.640000104904175,2.7100000381469727,2.5,2.640000104904175,2.640000104904175,19303.0
2025-06-30,2.640000104904175,2.700000047683716,2.549999952316284,2.640000104904175,2.640000104904175,24169.0
2025-07-01,2.640000104904175,2.680000066757202,2.549999952316284,2.640000104904175,2.640000104904175,15724.0
2025-07-02,2.640000104904175,2.619999885559082,2.569999933242798,2.640000104904175,2.640000104904175,55466.0
2025-07-06,2.640000104904175,2.6700000762939453,2.549999952316284,2.640000104904175,2.640000104904175,5745.0
2025-07-07,2.640000104904175,2.6700000762939453,2.5999999046325684,2.640000104904175,2.640000104904175,37862.0
2025-07-09,2.640000104904175,2.6600000858306885,2.5999999046325684,2.640000104904175,2.640000104904175,1125.0
2025-07-10,2.640000104904175,2.6500000953674316,2.569999933242798,2.640000104904175,2.640000104904175,20798.0
2025-07-13,2.640000104904175,2.6600000858306885,2.5899999141693115,2.640000104904175,2.640000104904175,10206.0
2025-07-14,2.640000104904175,2.640000104904175,2.549999952316284,2.640000104904175,2.640000104904175,7184.0
2025-07-15,2.640000104904175,2.690000057220459,2.569999933242798,2.6700000762939453,2.6700000762939453,75328.0
2025-07-16,2.6700000762939453,2.930000066757202,2.5999999046325684,2.930000066757202,2.930000066757202,310694.0
2025-07-17,2.930000066757202,3.2200000286102295,2.9700000286102295,3.2200000286102295,3.2200000286102295,224770.0
2025-07-20,3.2200000286102295,3.5399999618530273,3.5399999618530273,3.5399999618530273,3.5399999618530273,223542.0
2025-07-21,3.5399999618530273,3.890000104904175,3.5999999046325684,3.890000104904175,3.890000104904175,483987.0
2025-07-22,3.890000104904175,4.269999980926514,3.950000047683716,4.269999980926514,4.269999980926514,286638.0
2025-07-23,4.269999980926514,4.269999980926514,4.269999980926514,4.269999980926514,4.269999980926514,0.0
2025-07-27,4.690000057220459,4.690000057220459,4.230000019073486,4.409999847412109,4.409999847412109,474684.0
2025-07-28,4.409999847412109,4.599999904632568,3.9700000286102295,4.579999923706055,4.579999923706055,759205.0
2025-07-29,4.579999923706055,4.46999979019165,4.130000114440918,4.130000114440918,4.130000114440918,384339.0
2025-07-30,4.130000114440918,4.090000152587891,3.7300000190734863,3.740000009536743,3.740000009536743,451928.0
2025-07-31,3.740000009536743,3.9600000381469727,3.509999990463257,3.7699999809265137,3.7699999809265137,93641.0
2025-08-03,3.7699999809265137,3.7699999809265137,3.7699999809265137,3.7699999809265137,3.7699999809265137,0.0
2025-08-04,3.7699999809265137,3.7699999809265137,3.7699999809265137,3.7699999809265137,3.7699999809265137,0.0
2025-08-05,3.7699999809265137,3.7699999809265137,3.7699999809265137,3.7699999809265137,3.7699999809265137,0.0
2025-08-06,3.7699999809265137,3.7699999809265137,3.7699999809265137,3.7699999809265137,3.7699999809265137,0.0
2025-08-07,3.7699999809265137,3.7699999809265137,3.7699999809265137,3.7699999809265137,3.7699999809265137,0.0
2025-08-10,3.9200000762939453,4.050000190734863,3.8399999141693115,3.9000000953674316,3.9000000953674316,116298.0
2025-08-11,3.9000000953674316,3.9700000286102295,3.5999999046325684,3.6500000953674316,3.6500000953674316,388997.0
2025-08-12,3.6500000953674316,3.819999933242798,3.6500000953674316,3.6500000953674316,3.6500000953674316,37719.0
2025-08-13,3.6500000953674316,3.75,3.6600000858306885,3.7100000381469727,3.7100000381469727,52363.0
2025-08-14,3.7100000381469727,3.740000009536743,3.609999895095825,3.680000066757202,3.680000066757202,51832.0
2025-08-17,3.680000066757202,3.740000009536743,3.509999990463257,3.609999895095825,3.609999895095825,88892.0
2025-08-18,3.609999895095825,3.7300000190734863,3.569999933242798,3.609999895095825,3.609999895095825,34719.0
2025-08-19,3.609999895095825,3.7300000190734863,3.5899999141693115,3.609999895095825,3.609999895095825,39846.0
2025-08-20,3.609999895095825,3.690000057220459,3.609999895095825,3.640000104904175,3.640000104904175,51646.0
2025-08-21,3.640000104904175,3.7899999618530273,3.640000104904175,3.7200000286102295,3.7200000286102295,75698.0
2025-08-24,3.7200000286102295,3.75,3.5999999046325684,3.630000114440918,3.630000114440918,50819.0
2025-08-25,3.630000114440918,3.7100000381469727,3.619999885559082,3.630000114440918,3.630000114440918,20832.0
2025-08-26,3.630000114440918,3.680000066757202,3.490000009536743,3.5199999809265137,3.5199999809265137,91300.0
2025-08-27,3.5199999809265137,3.680000066757202,3.319999933242798,3.549999952316284,3.549999952316284,82720.0
2025-08-28,3.549999952316284,3.6600000858306885,3.5,3.630000114440918,3.630000114440918,162656.0
2025-08-31,3.630000114440918,3.6600000858306885,3.549999952316284,3.630000114440918,3.630000114440918,27928.0
2025-09-01,3.630000114440918,3.609999895095825,3.450000047683716,3.5899999141693115,3.5899999141693115,98291.0
2025-09-02,3.5899999141693115,3.5999999046325684,3.5,3.5899999141693115,3.5899999141693115,8794.0
2025-09-03,3.5899999141693115,3.5999999046325684,3.4000000953674316,3.5,3.5,49849.0
2025-09-07,3.5,3.5799999237060547,3.4200000762939453,3.5,3.5,34274.0
2025-09-08,3.5,3.559999942779541,3.4200000762939453,3.5,3.5,19050.0
2025-09-09,3.5,3.559999942779541,3.3499999046325684,3.5,3.5,30254.0
2025-09-10,3.5,3.559999942779541,3.309999942779541,3.369999885559082,3.369999885559082,61687.0
2025-09-11,3.369999885559082,3.5299999713897705,3.309999942779541,3.4000000953674316,3.4000000953674316,44643.0
2025-09-14,3.4000000953674316,3.5299999713897705,3.3299999237060547,3.4000000953674316,3.4000000953674316,40829.0
2025-09-15,3.4000000953674316,3.740000009536743,3.390000104904175,3.740000009536743,3.740000009536743,233110.0
2025-09-16,3.740000009536743,4.079999923706055,3.700000047683716,3.75,3.75,225377.0
2025-09-17,3.75,3.880000114440918,3.450000047683716,3.5199999809265137,3.5199999809265137,104539.0
2025-09-18,3.5199999809265137,3.869999885559082,3.700000047683716,3.869999885559082,3.869999885559082,252198.0
2025-09-21,3.869999885559082,4.039999961853027,3.869999885559082,3.940000057220459,3.940000057220459,66915.0
2025-09-22,3.940000057220459,3.9600000381469727,3.7300000190734863,3.7799999713897705,3.7799999713897705,58825.0
2025-09-23,3.7799999713897705,3.9000000953674316,3.759999990463257,3.8399999141693115,3.8399999141693115,80404.0
2025-09-24,3.8399999141693115,3.890000104904175,3.630000114440918,3.7300000190734863,3.7300000190734863,113246.0
2025-09-25,3.7300000190734863,3.799999952316284,3.6500000953674316,3.7300000190734863,3.7300000190734863,23537.0
2025-09-28,3.7300000190734863,3.880000114440918,3.6700000762939453,3.7300000190734863,3.7300000190734863,28264.0
2025-09-29,3.7300000190734863,3.799999952316284,3.690000057220459,3.7300000190734863,3.7300000190734863,9177.0
2025-09-30,3.7300000190734863,3.819999933242798,3.6600000858306885,3.740000009536743,3.740000009536743,75315.0
2025-10-01,3.740000009536743,3.809999942779541,3.619999885559082,3.740000009536743,3.740000009536743,36769.0
2025-10-02,3.740000009536743,3.7799999713897705,3.4700000286102295,3.609999895095825,3.609999895095825,65418.0
2025-10-05,3.609999895095825,3.799999952316284,3.5999999046325684,3.680000066757202,3.680000066757202,43795.0
2025-10-06,3.680000066757202,3.75,3.619999885559082,3.680000066757202,3.680000066757202,40815.0
2025-10-07,3.680000066757202,3.7300000190734863,3.640000104904175,3.680000066757202,3.680000066757202,5698.0
2025-10-08,3.680000066757202,3.7300000190734863,3.6500000953674316,3.7100000381469727,3.7100000381469727,92148.0
2025-10-12,3.7100000381469727,3.7300000190734863,3.630000114440918,3.7100000381469727,3.7100000381469727,18564.0
2025-10-13,3.7100000381469727,3.7100000381469727,3.6500000953674316,3.7100000381469727,3.7100000381469727,25649.0
2025-10-14,3.7100000381469727,4.079999923706055,3.6600000858306885,4.079999923706055,4.079999923706055,243201.0
2025-10-15,4.079999923706055,4.480000019073486,4.010000228881836,4.139999866485596,4.139999866485596,274906.0
2025-10-16,4.139999866485596,4.300000190734863,3.9000000953674316,4.059999942779541,4.059999942779541,90597.0
2025-10-19,4.059999942779541,4.190000057220459,3.9000000953674316,4.010000228881836,4.010000228881836,88078.0
2025-10-20,4.010000228881836,4.119999885559082,3.9000000953674316,3.9600000381469727,3.9600000381469727,56185.0
2025-10-21,3.9600000381469727,4.070000171661377,3.9000000953674316,3.940000057220459,3.940000057220459,41819.0
2025-10-22,3.940000057220459,3.9800000190734863,3.9000000953674316,3.940000057220459,3.940000057220459,39976.0
2025-10-23,3.940000057220459,3.9800000190734863,3.859999895095825,3.9000000953674316,3.9000000953674316,63029.0
2025-10-26,3.9000000953674316,3.950000047683716,3.8499999046325684,3.9000000953674316,3.9000000953674316,36646.0
2025-10-27,3.9000000953674316,3.9200000762939453,3.880000114440918,3.9000000953674316,3.9000000953674316,32244.0
2025-10-28,3.9000000953674316,4.150000095367432,3.9000000953674316,3.9600000381469727,3.9600000381469727,60504.0
2025-10-29,3.9600000381469727,4.349999904632568,3.9000000953674316,4.329999923706055,4.329999923706055,153216.0
2025-10-30,4.329999923706055,4.480000019073486,4.039999961853027,4.260000228881836,4.260000228881836,53062.0
2025-11-02,4.260000228881836,4.349999904632568,4.0,4.019999980926514,4.019999980926514,78879.0
2025-11-03,4.019999980926514,4.340000152587891,3.950000047683716,4.079999923706055,4.079999923706055,85914.0
2025-11-04,4.079999923706055,4.300000190734863,4.03000020980835,4.079999923706055,4.079999923706055,22793.0
2025-11-05,4.079999923706055,4.300000190734863,4.03000020980835,4.119999885559082,4.119999885559082,41550.0
2025-11-06,4.119999885559082,4.25,4.050000190734863,4.119999885559082,4.119999885559082,19754.0
2025-11-09,4.119999885559082,4.239999771118164,4.050000190734863,4.090000152587891,4.090000152587891,60788.0
2025-11-10,4.090000152587891,4.239999771118164,4.050000190734863,4.090000152587891,4.090000152587891,15010.0
2025-11-11,4.090000152587891,4.199999809265137,4.0,4.090000152587891,4.090000152587891,22096.0
2025-11-12,4.090000152587891,4.199999809265137,3.950000047683716,4.090000152587891,4.090000152587891,29136.0
2025-11-13,4.090000152587891,4.150000095367432,3.8299999237060547,3.9000000953674316,3.9000000953674316,50336.0
2025-11-16,3.9000000953674316,4.139999866485596,3.880000114440918,3.9000000953674316,3.9000000953674316,31948.0
2025-11-17,3.9000000953674316,4.179999828338623,3.930000066757202,4.039999961853027,4.039999961853027,41422.0
2025-11-18,4.039999961853027,4.099999904632568,3.9700000286102295,4.039999961853027,4.039999961853027,4412.0
2025-11-19,4.039999961853027,4.440000057220459,4.0,4.440000057220459,4.440000057220459,276167.0
2025-11-20,4.440000057220459,4.880000114440918,4.550000190734863,4.860000133514404,4.860000133514404,451318.0
2025-11-23,4.860000133514404,5.309999942779541,4.659999847412109,4.900000095367432,4.900000095367432,93542.0
2025-11-24,4.900000095367432,5.099999904632568,4.409999847412109,4.539999961853027,4.539999961853027,131995.0
2025-11-25,4.539999961853027,4.989999771118164,4.519999980926514,4.980000019073486,4.980000019073486,221341.0
2025-11-26,4.980000019073486,4.960000038146973,4.690000057220459,4.730000019073486,4.730000019073486,42188.0
2025-11-27,4.730000019073486,4.849999904632568,4.449999809265137,4.53000020980835,4.53000020980835,78010.0
2025-11-30,4.53000020980835,4.739999771118164,4.550000190734863,4.53000020980835,4.53000020980835,8186.0
2025-12-01,4.53000020980835,4.75,4.570000171661377,4.690000057220459,4.690000057220459,50277.0
2025-12-02,4.690000057220459,4.730000019073486,4.449999809265137,4.5,4.5,116638.0
2025-12-03,4.5,4.510000228881836,4.400000095367432,4.420000076293945,4.420000076293945,65754.0
2025-12-04,4.420000076293945,4.690000057220459,4.420000076293945,4.420000076293945,4.420000076293945,5762.0
2025-12-07,4.420000076293945,4.679999828338623,4.429999828338623,4.420000076293945,4.420000076293945,15444.0
2025-12-08,4.420000076293945,4.670000076293945,4.480000019073486,4.420000076293945,4.420000076293945,8855.0
2025-12-09,4.420000076293945,4.670000076293945,4.309999942779541,4.420000076293945,4.420000076293945,12723.0
2025-12-10,4.420000076293945,4.690000057220459,4.510000228881836,4.420000076293945,4.420000076293945,14574.0
2025-12-11,4.420000076293945,4.690000057220459,4.53000020980835,4.420000076293945,4.420000076293945,16667.0
2025-12-14,4.420000076293945,4.699999809265137,4.559999942779541,4.679999828338623,4.679999828338623,59297.0
2025-12-15,4.679999828338623,5.139999866485596,4.599999904632568,5.139999866485596,5.139999866485596,713958.0
2025-12-16,5.139999866485596,5.449999809265137,5.139999866485596,5.159999847412109,5.159999847412109,290500.0
2025-12-17,5.159999847412109,5.420000076293945,5.0,5.190000057220459,5.190000057220459,222037.0
2025-12-18,5.190000057220459,5.590000152587891,5.260000228881836,5.349999904632568,5.349999904632568,485207.0
2025-12-21,5.349999904632568,5.670000076293945,5.440000057220459,5.570000171661377,5.570000171661377,268119.0
2025-12-22,5.570000171661377,5.650000095367432,5.349999904632568,5.5,5.5,47861.0
2025-12-23,5.5,5.539999961853027,5.199999809265137,5.21999979019165,5.21999979019165,101376.0
2025-12-24,5.21999979019165,5.400000095367432,5.199999809265137,5.239999771118164,5.239999771118164,144096.0
2025-12-25,5.239999771118164,5.400000095367432,5.230000019073486,5.320000171661377,5.320000171661377,150288.0
2025-12-28,5.320000171661377,5.400000095367432,5.210000038146973,5.300000190734863,5.300000190734863,154628.0
2025-12-29,5.300000190734863,5.5,5.21999979019165,5.489999771118164,5.489999771118164,295457.0
2025-12-30,5.489999771118164,6.03000020980835,5.360000133514404,6.010000228881836,6.010000228881836,408111.0
2025-12-31,6.010000228881836,6.349999904632568,5.610000133514404,5.800000190734863,5.800000190734863,207906.0
2026-01-04,5.800000190734863,5.869999885559082,5.5,5.579999923706055,5.579999923706055,115522.0
2026-01-05,5.579999923706055,5.699999809265137,5.329999923706055,5.449999809265137,5.449999809265137,90096.0
2026-01-06,5.449999809265137,5.5,5.300000190734863,5.409999847412109,5.409999847412109,77716.0
2026-01-08,5.409999847412109,5.949999809265137,5.599999904632568,5.949999809265137,5.949999809265137,188059.0
2026-01-11,5.949999809265137,6.539999961853027,6.53000020980835,6.539999961853027,6.539999961853027,421995.0
2026-01-12,6.539999961853027,7.190000057220459,6.900000095367432,7.179999828338623,7.179999828338623,954746.0
2026-01-13,7.179999828338623,7.0,6.46999979019165,6.610000133514404,6.610000133514404,335947.0
2026-01-14,6.610000133514404,6.599999904632568,6.0,6.269999980926514,6.269999980926514,296449.0
2026-01-15,6.269999980926514,6.429999828338623,5.96999979019165,6.010000228881836,6.010000228881836,430848.0
2026-01-18,6.010000228881836,6.610000133514404,6.099999904632568,6.610000133514404,6.610000133514404,265228.0
2026-01-19,6.610000133514404,7.269999980926514,6.610000133514404,7.239999771118164,7.239999771118164,482013.0
2026-01-20,7.239999771118164,7.800000190734863,7.019999980926514,7.25,7.25,288581.0
2026-01-21,7.25,7.400000095367432,6.599999904632568,6.849999904632568,6.849999904632568,379988.0
2026-01-22,6.849999904632568,7.159999847412109,6.53000020980835,6.610000133514404,6.610000133514404,274670.0
2026-01-25,6.610000133514404,6.909999847412109,6.590000152587891,6.630000114440918,6.630000114440918,216769.0
2026-01-26,6.630000114440918,6.860000133514404,6.5,6.519999980926514,6.519999980926514,243776.0
2026-01-27,6.519999980926514,6.710000038146973,6.070000171661377,6.340000152587891,6.340000152587891,152783.0
2026-01-28,6.340000152587891,6.5,6.079999923706055,6.25,6.25,228123.0
2026-02-01,6.25,6.25,5.880000114440918,6.110000133514404,6.110000133514404,88123.0
2026-02-02,6.110000133514404,6.71999979019165,6.179999828338623,6.71999979019165,6.71999979019165,188537.0
2026-02-03,6.71999979019165,7.230000019073486,6.71999979019165,6.949999809265137,6.949999809265137,173340.0
2026-02-04,6.949999809265137,6.960000038146973,6.71999979019165,6.769999980926514,6.769999980926514,270210.0
2026-02-05,6.769999980926514,6.900000095367432,6.599999904632568,6.710000038146973,6.710000038146973,140632.0
2026-02-08,6.710000038146973,6.809999942779541,6.659999847412109,6.75,6.75,104810.0
2026-02-09,6.75,6.940000057220459,6.670000076293945,6.739999771118164,6.739999771118164,97893.0
2026-02-10,6.739999771118164,6.829999923706055,6.400000095367432,6.539999961853027,6.539999961853027,70550.0
2026-02-11,6.539999961853027,6.760000228881836,6.400000095367432,6.46999979019165,6.46999979019165,104901.0
2026-02-12,6.46999979019165,6.5,6.400000095367432,6.46999979019165,6.46999979019165,21404.0
2026-02-15,6.46999979019165,6.650000095367432,6.400000095367432,6.480000019073486,6.480000019073486,97134.0
2026-02-16,6.480000019073486,6.610000133514404,6.349999904632568,6.480000019073486,6.480000019073486,56410.0
2026-02-17,6.480000019073486,6.539999961853027,6.199999809265137,6.369999885559082,6.369999885559082,32838.0
2026-02-18,6.369999885559082,6.670000076293945,6.349999904632568,6.619999885559082,6.619999885559082,76932.0
2026-02-19,6.619999885559082,6.739999771118164,6.25,6.309999942779541,6.309999942779541,54385.0
2026-02-22,6.309999942779541,6.449999809265137,6.159999847412109,6.380000114440918,6.380000114440918,49636.0
2026-02-23,6.380000114440918,6.400000095367432,6.199999809265137,6.260000228881836,6.260000228881836,25361.0
2026-02-24,6.260000228881836,6.360000133514404,6.179999828338623,6.260000228881836,6.260000228881836,18152.0
2026-02-25,6.260000228881836,6.289999961853027,6.110000133514404,6.28000020980835,6.28000020980835,47357.0
2026-02-26,6.28000020980835,6.289999961853027,6.110000133514404,6.28000020980835,6.28000020980835,16744.0
2026-03-01,6.28000020980835,6.139999866485596,5.659999847412109,5.800000190734863,5.800000190734863,53986.0
2026-03-02,5.800000190734863,6.139999866485596,5.820000171661377,6.019999980926514,6.019999980926514,38643.0
2026-03-03,6.019999980926514,6.130000114440918,5.809999942779541,6.019999980926514,6.019999980926514,7093.0
2026-03-04,6.019999980926514,6.110000133514404,5.849999904632568,6.019999980926514,6.019999980926514,20444.0
2026-03-05,6.019999980926514,6.119999885559082,5.909999847412109,6.019999980926514,6.019999980926514,14555.0
2026-03-08,6.019999980926514,6.119999885559082,5.96999979019165,6.019999980926514,6.019999980926514,21135.0
2026-03-09,6.019999980926514,6.099999904632568,5.960000038146973,6.019999980926514,6.019999980926514,7667.0
2026-03-10,6.019999980926514,6.139999866485596,5.800000190734863,5.860000133514404,5.860000133514404,54121.0
2026-03-11,5.860000133514404,6.440000057220459,5.949999809265137,6.440000057220459,6.440000057220459,63319.0
2026-03-12,6.440000057220459,7.079999923706055,7.079999923706055,7.079999923706055,7.079999923706055,127619.0
2026-03-15,7.079999923706055,7.78000020980835,7.079999923706055,7.78000020980835,7.78000020980835,608032.0
2026-03-16,7.78000020980835,8.5,7.079999923706055,8.390000343322754,8.390000343322754,302022.0
2026-03-17,8.390000343322754,8.390000343322754,7.559999942779541,7.579999923706055,7.579999923706055,229196.0
2026-03-18,7.579999923706055,7.579999923706055,6.860000133514404,7.449999809265137,7.449999809265137,115091.0
2026-03-19,7.449999809265137,7.449999809265137,7.449999809265137,7.449999809265137,7.449999809265137,0.0
2026-03-24,7.449999809265137,7.579999923706055,7.090000152587891,7.329999923706055,7.329999923706055,103878.0
2026-03-25,7.329999923706055,7.550000190734863,7.159999847412109,7.179999828338623,7.179999828338623,98429.0
2026-03-26,7.179999828338623,7.449999809265137,7.050000190734863,7.429999828338623,7.429999828338623,138331.0
2026-03-29,7.429999828338623,8.170000076293945,7.150000095367432,7.96999979019165,7.96999979019165,435112.0
2026-03-30,7.96999979019165,7.96999979019165,7.300000190734863,7.300000190734863,7.300000190734863,271838.0
2026-03-31,7.300000190734863,7.789999961853027,7.179999828338623,7.349999904632568,7.349999904632568,250931.0
2026-04-01,7.349999904632568,7.670000076293945,7.28000020980835,7.320000171661377,7.320000171661377,44130.0
2026-04-02,7.320000171661377,7.480000019073486,7.139999866485596,7.170000076293945,7.170000076293945,200924.0
2026-04-05,7.170000076293945,7.880000114440918,7.179999828338623,7.360000133514404,7.360000133514404,211461.0
2026-04-06,7.360000133514404,7.599999904632568,7.210000038146973,7.329999923706055,7.329999923706055,189997.0
2026-04-07,7.329999923706055,7.579999923706055,7.28000020980835,7.380000114440918,7.380000114440918,101105.0
2026-04-08,7.380000114440918,7.460000038146973,7.199999809265137,7.289999961853027,7.289999961853027,189703.0
2026-04-09,7.289999961853027,7.400000095367432,7.150000095367432,7.210000038146973,7.210000038146973,127753.0
2026-04-14,7.210000038146973,7.389999866485596,7.190000057220459,7.340000152587891,7.340000152587891,61816.0
2026-04-15,7.340000152587891,7.440000057220459,7.25,7.360000133514404,7.360000133514404,212750.0
2026-04-16,7.360000133514404,7.409999847412109,7.25,7.300000190734863,7.300000190734863,163754.0
2026-04-19,7.300000190734863,7.599999904632568,7.239999771118164,7.400000095367432,7.400000095367432,137854.0
2026-04-20,7.400000095367432,7.570000171661377,7.389999866485596,7.53000020980835,7.53000020980835,227139.0
2026-04-21,7.53000020980835,7.789999961853027,7.440000057220459,7.630000114440918,7.630000114440918,296242.0
2026-04-22,7.630000114440918,8.0,7.5,8.0,8.0,791009.0
2026-04-23,8.0,8.800000190734863,8.050000190734863,8.800000190734863,8.800000190734863,788040.0
2026-04-26,8.800000190734863,9.680000305175781,9.100000381469727,9.40999984741211,9.40999984741211,775341.0
2026-04-27,9.40999984741211,9.390000343322754,8.609999656677246,9.270000457763672,9.270000457763672,524761.0
2026-04-28,9.270000457763672,9.550000190734863,9.109999656677246,9.5,9.5,983956.0
2026-04-29,9.5,9.850000381469727,9.369999885559082,9.699999809265137,9.699999809265137,391712.0
2026-04-30,9.699999809265137,10.5,9.5,10.34000015258789,10.34000015258789,1668419.0
2026-05-03,10.34000015258789,10.420000076293945,10.050000190734863,10.170000076293945,10.170000076293945,491119.0
2026-05-04,10.170000076293945,10.399999618530273,9.8100004196167,10.319999694824219,10.319999694824219,898010.0
2026-05-05,10.319999694824219,10.300000190734863,9.949999809265137,10.0600004196167,10.0600004196167,497299.0
2026-05-06,10.0600004196167,11.0600004196167,10.319999694824219,10.960000038146973,10.960000038146973,1345022.0
2026-05-10,10.960000038146973,11.289999961853027,10.619999885559082,11.140000343322754,11.140000343322754,445093.0
2026-05-11,11.140000343322754,10.989999771118164,10.199999809265137,10.720000267028809,10.720000267028809,970578.0
2026-05-12,10.720000267028809,10.880000114440918,10.3100004196167,10.380000114440918,10.380000114440918,396457.0
2026-05-13,10.380000114440918,10.5,10.100000381469727,10.390000343322754,10.390000343322754,309583.0
2026-05-14,10.390000343322754,10.399999618530273,10.100000381469727,10.109999656677246,10.109999656677246,444631.0
2026-05-17,10.109999656677246,10.319999694824219,10.0600004196167,10.119999885559082,10.119999885559082,95805.0
2026-05-18,10.119999885559082,10.350000381469727,10.010000228881836,10.079999923706055,10.079999923706055,96573.0
2026-05-19,10.079999923706055,10.289999961853027,10.010000228881836,10.260000228881836,10.260000228881836,206040.0
2026-05-20,10.260000228881836,10.3100004196167,10.069999694824219,10.069999694824219,10.069999694824219,151008.0
2026-05-21,10.069999694824219,10.300000190734863,10.0600004196167,10.140000343322754,10.140000343322754,189573.0
2026-05-24,10.140000343322754,10.199999809265137,10.0600004196167,10.069999694824219,10.069999694824219,140142.0
2026-05-25,10.069999694824219,10.239999771118164,10.0600004196167,10.109999656677246,10.109999656677246,134647.0
2026-05-26,10.109999656677246,10.109999656677246,10.109999656677246,10.109999656677246,10.109999656677246,0.0
2026-05-27,10.109999656677246,10.109999656677246,10.109999656677246,10.109999656677246,10.109999656677246,0.0
2026-05-28,10.109999656677246,10.109999656677246,10.109999656677246,10.109999656677246,10.109999656677246,0.0
2026-06-01,10.109999656677246,10.239999771118164,10.029999732971191,10.149999618530273,10.149999618530273,140371.0
2026-06-02,10.149999618530273,10.149999618530273,10.069999694824219,10.109999656677246,10.109999656677246,118047.0
2026-06-03,10.109999656677246,10.130000114440918,10.029999732971191,10.050000190734863,10.050000190734863,129450.0
2026-06-04,10.050000190734863,10.199999809265137,9.869999885559082,10.109999656677246,10.109999656677246,191577.0
2026-06-07,10.109999656677246,10.1899995803833,10.039999961853027,10.100000381469727,10.100000381469727,239999.0
2026-06-08,10.100000381469727,10.199999809265137,10.0600004196167,10.09000015258789,10.09000015258789,143062.0
2026-06-09,10.09000015258789,10.15999984741211,10.0600004196167,10.100000381469727,10.100000381469727,111671.0
2026-06-10,10.100000381469727,10.140000343322754,10.029999732971191,10.039999961853027,10.039999961853027,176307.0
2026-06-11,10.039999961853027,10.109999656677246,9.819999694824219,9.989999771118164,9.989999771118164,124685.0
2026-06-14,9.989999771118164,10.100000381469727,9.850000381469727,10.010000228881836,10.010000228881836,108924.0
2026-06-15,10.010000228881836,10.100000381469727,9.800000190734863,9.850000381469727,9.850000381469727,295720.0
2026-06-16,9.850000381469727,10.829999923706055,9.920000076293945,10.829999923706055,10.829999923706055,772469.0
2026-06-17,10.829999923706055,11.90999984741211,10.84000015258789,11.90999984741211,11.90999984741211,866732.0
2026-06-18,11.90999984741211,11.90999984741211,11.90999984741211,11.90999984741211,11.90999984741211,0.0
2026-06-21,11.90999984741211,13.100000381469727,12.260000228881836,13.100000381469727,13.100000381469727,556725.0
2026-06-22,13.100000381469727,13.100000381469727,13.100000381469727,13.100000381469727,13.100000381469727,0.0
2026-06-23,12.319999694824219,13.329999923706055,11.09000015258789,12.600000381469727,12.600000381469727,456251.0
2026-06-24,12.600000381469727,12.75,11.630000114440918,11.979999542236328,11.979999542236328,382997.0
2026-06-25,11.979999542236328,12.0,11.350000381469727,11.670000076293945,11.670000076293945,377067.0
2026-06-28,11.670000076293945,12.199999809265137,11.699999809265137,11.739999771118164,11.739999771118164,235665.0
2026-06-29,11.739999771118164,11.800000190734863,11.319999694824219,11.539999961853027,11.539999961853027,285680.0
2026-06-30,11.539999961853027,12.640000343322754,11.600000381469727,12.029999732971191,12.029999732971191,325554.0
2026-07-01,12.029999732971191,12.420000076293945,11.779999732971191,12.100000381469727,12.100000381469727,188839.0
2026-07-05,12.100000381469727,12.390000343322754,11.899999618530273,11.989999771118164,11.989999771118164,162565.0
2026-07-06,11.989999771118164,12.100000381469727,11.899999618530273,12.0,12.0,166868.0
2026-07-07,12.0,12.369999885559082,11.920000076293945,12.329999923706055,12.329999923706055,244212.0
2026-07-08,12.329999923706055,12.5,12.100000381469727,12.289999961853027,12.289999961853027,338465.0
2026-07-09,12.289999961853027,12.40999984741211,12.100000381469727,12.199999809265137,12.199999809265137,105145.0
2026-07-12,12.199999809265137,12.34000015258789,12.199999809265137,12.199999809265137,12.199999809265137,144278.0
2026-07-13,12.199999809265137,12.270000457763672,12.199999809265137,12.260000228881836,12.260000228881836,176956.0
2026-07-14,12.260000228881836,13.479999542236328,12.279999732971191,13.479999542236328,13.479999542236328,486731.0
2026-07-15,13.479999542236328,14.819999694824219,13.609999656677246,14.079999923706055,14.079999923706055,608944.0
2026-07-16,14.079999923706055,14.390000343322754,13.109999656677246,13.380000114440918,13.380000114440918,555065.0
2026-07-19,13.380000114440918,13.800000190734863,12.800000190734863,13.119999885559082,13.119999885559082,303067.0
2026-07-20,13.119999885559082,13.119999885559082,12.850000381469727,13.069999694824219,13.069999694824219,305628.0
2026-07-21,13.069999694824219,13.119999885559082,12.800000190734863,13.039999961853027,13.039999961853027,203406.0
2026-07-22,13.039999961853027,13.09000015258789,12.960000038146973,13.029999732971191,13.029999732971191,92689.0
