Symbol,Date Range,Open,High,Low,Closed,% Change,Change,Prev. Closed,Volume,Turnover
ADPC,2026-09-07,4.13,4.13,4.06,4.07,0,0,-1,4015196,16435176
ADPC,2026-09-06,4.08,4.08,3.99,4.07,2.52,0.1,-1,5285246,21350326
ADPC,2026-09-03,4.05,4.05,3.95,3.97,0,0,-1,3161891,12628079
ADPC,2026-09-02,4.06,4.06,3.92,3.97,1.28,0.05,-1,5793272,23108262
ADPC,2026-09-01,3.94,3.94,3.87,3.92,1.03,0.04,-1,4203704,16400429
ADPC,2026-08-31,3.95,3.95,3.87,3.88,-1.02,-0.04,-1,4027526,15725827
ADPC,2026-08-30,3.98,3.98,3.87,3.92,1.29,0.05,-1,3836312,15087027
ADPC,2026-08-26,3.92,3.92,3.85,3.87,0,0,-1,3503306,13592836
ADPC,2026-08-25,3.99,3.99,3.85,3.87,-2.27,-0.09,-1,6668399,25970290
ADPC,2026-08-24,4.09,4.09,3.93,3.96,-2.22,-0.09,-1,5281658,21073454
ADPC,2026-08-23,4.09,4.09,3.99,4.05,1.5,0.06,-1,5521229,22302662
ADPC,2026-08-20,4.08,4.08,3.93,3.99,-2.44,-0.1,-1,10644538,42527192
ADPC,2026-08-19,4.33,4.33,4.08,4.09,-5.1,-0.22,-1,14954695,62307160
ADPC,2026-08-18,4.54,4.54,4.25,4.31,-4.43,-0.2,-1,14643080,64104284
ADPC,2026-08-17,4.61,4.61,4.46,4.51,-0.66,-0.03,-1,7397135,33482050
ADPC,2026-08-16,4.6,4.6,4.4,4.54,3.18,0.14,-1,9648208,43512744
ADPC,2026-08-13,4.6,4.6,4.37,4.4,-0.23,-0.01,-1,12900316,58108557.61
ADPC,2026-08-12,4.55,4.55,4.37,4.41,0.46,0.02,-1,10123045,45097072
ADPC,2026-08-11,4.55,4.55,4.36,4.39,-2.23,-0.1,-1,10294154,45668536
ADPC,2026-08-10,4.66,4.66,4.4,4.49,0.22,0.01,-1,23083861,104882784
ADPC,2026-08-09,4.48,4.48,4.17,4.48,7.43,0.31,-1,15600185,67427648
ADPC,2026-08-06,4.41,4.41,4.17,4.17,-1.65,-0.07,-1,21692304,93137024
ADPC,2026-08-05,4.26,4.26,4.01,4.24,6,0.24,-1,15696647,65535236
ADPC,2026-08-04,4.27,4.27,3.92,4,2.83,0.11,-1,34283595,141138224
ADPC,2026-08-03,4.04,4.04,3.85,3.89,0.52,0.02,-1,9526067,37523208
ADPC,2026-08-02,3.9,3.9,3.84,3.87,1.57,0.06,-1,2489745,9635594
ADPC,2026-07-30,3.94,3.94,3.81,3.81,-3.3,-0.13,-1,6358078,24543562
ADPC,2026-07-29,4.09,4.09,3.91,3.94,-3.43,-0.14,-1,8873062,35190092
ADPC,2026-07-28,4.25,4.25,4.03,4.08,-2.16,-0.09,-1,9302138,38258292
ADPC,2026-07-27,4.18,4.18,3.99,4.17,4.77,0.19,-1,10736976,43916800
ADPC,2026-07-26,4.14,4.14,3.97,3.98,-2.45,-0.1,-1,7602526,30631918
ADPC,2026-07-22,4.33,4.33,4.05,4.08,1.75,0.07,-1,27026509,112887872
ADPC,2026-07-21,4.03,4.03,3.8,4.01,5.53,0.21,-1,15953377,62956184
ADPC,2026-07-20,3.87,3.87,3.78,3.8,-0.78,-0.03,-1,4473045,17104112
ADPC,2026-07-19,3.88,3.88,3.76,3.83,0.26,0.01,-1,5843639,22400598
ADPC,2026-07-16,3.89,3.89,3.82,3.82,-0.52,-0.02,-1,5775590,22227034
ADPC,2026-07-15,3.88,3.88,3.8,3.84,0.79,0.03,-1,9803578,37604936
ADPC,2026-07-14,3.92,3.92,3.71,3.81,1.33,0.05,-1,20452722,78648448
ADPC,2026-07-13,3.88,3.88,3.73,3.76,1.62,0.06,-1,13149118,49888068
ADPC,2026-07-12,3.78,3.78,3.66,3.7,-0.8,-0.03,-1,8690057,32243096
ADPC,2026-07-09,3.77,3.77,3.51,3.73,6.27,0.22,-1,12011253,44139176
ADPC,2026-07-08,3.58,3.58,3.5,3.51,-0.85,-0.03,-1,2587532,9134391
ADPC,2026-07-07,3.63,3.63,3.53,3.54,0,0,-1,3878759,13853409
ADPC,2026-07-06,3.62,3.62,3.49,3.54,1.72,0.06,-1,5131636,18235106
ADPC,2026-07-05,3.51,3.51,3.46,3.48,0.87,0.03,-1,2123602,7386349.5
ADPC,2026-07-01,3.49,3.49,3.45,3.45,0,0,-1,1243483,4307773
ADPC,2026-06-30,3.47,3.47,3.37,3.45,2.37,0.08,-1,1966550,6764691.5
ADPC,2026-06-29,3.42,3.42,3.32,3.37,-0.88,-0.03,-1,3029817,10212411
ADPC,2026-06-28,3.5,3.5,3.38,3.4,-1.73,-0.06,-1,3118273,10757808
ADPC,2026-06-25,3.66,3.66,3.43,3.46,-4.42,-0.16,-1,12763696,44957680
ADPC,2026-06-24,3.67,3.67,3.61,3.62,-1.63,-0.06,-1,1868449,6801130
ADPC,2026-06-23,3.87,3.87,3.67,3.68,-4.17,-0.16,-1,5110659,19242718
ADPC,2026-06-22,4.08,4.08,3.84,3.84,-2.04,-0.08,-1,12181176,48014612
ADPC,2026-06-21,3.94,3.94,3.65,3.92,7.99,0.29,-1,9673901,36907228
ADPC,2026-06-17,3.66,3.66,3.6,3.63,0.83,0.03,-1,2374244,8634279
ADPC,2026-06-16,3.68,3.68,3.53,3.6,1.41,0.05,-1,3068644,11051233
ADPC,2026-06-15,3.61,3.61,3.54,3.55,0,0,-1,1582594,5649651
ADPC,2026-06-14,3.6,3.6,3.53,3.55,0.85,0.03,-1,1706953,6087547
ADPC,2026-06-11,3.57,3.57,3.45,3.52,-2.22,-0.08,-1,3921327,13769443
ADPC,2026-06-10,3.72,3.72,3.6,3.6,-2.7,-0.1,-1,2968307,10827032
ADPC,2026-06-09,3.74,3.74,3.67,3.7,0.54,0.02,-1,1875499,6929544.5
ADPC,2026-06-08,3.73,3.73,3.63,3.68,-0.54,-0.02,-1,2311131,8518491
ADPC,2026-06-07,3.79,3.79,3.7,3.7,-1.86,-0.07,-1,3064987,11465918
ADPC,2026-06-04,3.82,3.82,3.61,3.77,5.31,0.19,-1,11415150,42686636
ADPC,2026-06-03,3.63,3.63,3.58,3.58,-0.83,-0.03,-1,5754512,20746844
ADPC,2026-06-02,3.7,3.7,3.61,3.61,-0.55,-0.02,-1,10495459,38262664
ADPC,2026-06-01,3.65,3.65,3.55,3.63,0.83,0.03,-1,3637124,13110740
ADPC,2026-05-25,3.71,3.71,3.54,3.6,-2.44,-0.09,-1,16110308,58146880
ADPC,2026-05-24,3.95,3.95,3.63,3.69,-5.38,-0.21,-1,13641450,51596612
ADPC,2026-05-21,4.18,4.18,3.85,3.9,-3.94,-0.16,-1,10565651,41891976
ADPC,2026-05-20,4.24,4.24,4.04,4.06,-3.1,-0.13,-1,4138571,17057718
ADPC,2026-05-19,4.36,4.36,4.18,4.19,0,0,-1,7813894,33212580
ADPC,2026-05-18,4.45,4.45,3.91,4.19,5.28,0.21,-1,21334498,90341840
ADPC,2026-05-17,4.05,4.05,3.87,3.98,2.05,0.08,-1,5402500,21444400
ADPC,2026-05-14,3.99,3.99,3.89,3.9,0,0,-1,3431815,13538206
ADPC,2026-05-13,3.93,3.93,3.83,3.9,1.83,0.07,-1,2311922,9005200
ADPC,2026-05-12,3.91,3.91,3.81,3.83,-0.26,-0.01,-1,870484,3355733.75
ADPC,2026-05-11,3.9,3.9,3.81,3.84,0,0,-1,1982897,7628926.5
ADPC,2026-05-10,3.84,3.84,3.71,3.84,2.4,0.09,-1,2974691,11301414
ADPC,2026-05-06,3.78,3.78,3.71,3.75,0.27,0.01,-1,662674,2481673.5
ADPC,2026-05-05,3.79,3.79,3.73,3.74,-0.27,-0.01,-1,916352,3436442
ADPC,2026-05-04,3.8,3.8,3.74,3.75,-0.53,-0.02,-1,1012916,3825615.5
ADPC,2026-05-03,3.82,3.82,3.76,3.79,1.07,0.04,-1,1671797,6336519.5
ADPC,2026-04-30,3.85,3.85,3.75,3.75,-1.32,-0.05,-1,1492324,5673366
ADPC,2026-04-29,3.85,3.85,3.79,3.8,0,0,-1,1163017,4445741.5
ADPC,2026-04-28,3.93,3.93,3.78,3.8,0.53,0.02,-1,3662217,14083744
ADPC,2026-04-27,3.83,3.83,3.75,3.78,0.8,0.03,-1,871437,3299303.25
ADPC,2026-04-26,3.88,3.88,3.72,3.75,0.81,0.03,-1,2896219,11021420
ADPC,2026-04-23,3.79,3.79,3.68,3.72,-0.8,-0.03,-1,1550140,5790110.5
ADPC,2026-04-22,3.8,3.8,3.7,3.75,1.35,0.05,-1,892649,3346083
ADPC,2026-04-21,3.8,3.8,3.62,3.7,1.65,0.06,-1,3864347,14516429
ADPC,2026-04-20,3.69,3.69,3.61,3.64,-1.09,-0.04,-1,465342,1697926.38
ADPC,2026-04-19,3.73,3.73,3.66,3.67,-0.54,-0.02,-1,1173180,4339845.5
ADPC,2026-04-16,3.76,3.76,3.58,3.69,3.36,0.12,-1,3327847,12234475
ADPC,2026-04-15,3.63,3.63,3.56,3.57,0.56,0.02,-1,1285289,4615256.5
ADPC,2026-04-14,3.58,3.58,3.52,3.55,1.14,0.04,-1,974089,3466332.75
ADPC,2026-04-09,3.59,3.59,3.47,3.51,1.15,0.04,-1,1294060,4551121
ADPC,2026-04-08,3.48,3.48,3.42,3.47,2.66,0.09,-1,425731,1472373.88
ADPC,2026-04-07,3.47,3.47,3.36,3.38,-0.88,-0.03,-1,516208,1763624.88
ADPC,2026-04-06,3.49,3.49,3.41,3.41,-1.16,-0.04,-1,593720,2051059
ADPC,2026-04-05,3.51,3.51,3.42,3.45,0,0,-1,1203165,4172454.5
ADPC,2026-04-02,3.49,3.49,3.43,3.45,-0.58,-0.02,-1,286995,991611.88
ADPC,2026-04-01,3.48,3.48,3.41,3.47,1.46,0.05,-1,431238,1492198
ADPC,2026-03-31,3.48,3.48,3.39,3.42,0.29,0.01,-1,437657,1495491.63
ADPC,2026-03-30,3.52,3.52,3.39,3.41,-2.01,-0.07,-1,779384,2681311.25
ADPC,2026-03-29,3.59,3.59,3.47,3.48,-1.42,-0.05,-1,651281,2286335
ADPC,2026-03-26,3.61,3.61,3.52,3.53,-1.4,-0.05,-1,424256,1505949.63
ADPC,2026-03-25,3.65,3.65,3.57,3.58,-0.55,-0.02,-1,574013,2069804.25
ADPC,2026-03-24,3.68,3.68,3.55,3.61,1.98,0.07,-1,1192477,4321116.5
ADPC,2026-03-18,3.57,3.57,3.51,3.54,0.85,0.03,-1,593930,2105276
ADPC,2026-03-17,3.58,3.58,3.48,3.51,0.86,0.03,-1,321011,1130494.38
ADPC,2026-03-16,3.58,3.58,3.46,3.48,-1.69,-0.06,-1,581988,2036849.5
ADPC,2026-03-15,3.64,3.64,3.53,3.54,-1.67,-0.06,-1,553114,1980286.38
ADPC,2026-03-12,3.68,3.68,3.57,3.6,0.28,0.01,-1,648203,2347173.5
ADPC,2026-03-11,3.66,3.66,3.57,3.59,-0.55,-0.02,-1,751312,2724427.5
ADPC,2026-03-10,3.67,3.67,3.53,3.61,2.56,0.09,-1,1195359,4315954.5
ADPC,2026-03-09,3.56,3.56,3.49,3.52,0.86,0.03,-1,798422,2814165.25
ADPC,2026-03-08,3.52,3.52,3.46,3.49,0.29,0.01,-1,416777,1453118.75
ADPC,2026-03-05,3.55,3.55,3.47,3.48,0,0,-1,526093,1840174
ADPC,2026-03-04,3.53,3.53,3.43,3.48,1.16,0.04,-1,459272,1596732
ADPC,2026-03-03,3.55,3.55,3.41,3.44,-1.99,-0.07,-1,671181,2323418.25
ADPC,2026-03-02,3.6,3.6,3.49,3.51,-2.5,-0.09,-1,490259,1738575.38
ADPC,2026-03-01,3.6,3.6,3.21,3.6,0,0,-1,1239306,4293996
ADPC,2026-02-26,3.63,3.63,3.5,3.6,0.84,0.03,-1,867028,3093461.75
ADPC,2026-02-25,3.66,3.66,3.5,3.57,-1.11,-0.04,-1,1835597,6563711
ADPC,2026-02-24,3.72,3.72,3.6,3.61,-1.63,-0.06,-1,839588,3062096.5
ADPC,2026-02-23,3.72,3.72,3.45,3.67,2.8,0.1,-1,1859476,6755023
ADPC,2026-02-22,3.7,3.7,3.54,3.57,-2.99,-0.11,-1,2107542,7639841
ADPC,2026-02-19,3.96,3.96,3.65,3.68,-2.65,-0.1,-1,6943244,26512714
ADPC,2026-02-18,3.84,3.84,3.67,3.78,2.16,0.08,-1,3463188,13059262
ADPC,2026-02-17,3.76,3.76,3.62,3.7,2.2,0.08,-1,1550029,5720325
ADPC,2026-02-16,3.75,3.75,3.62,3.63,-1.09,-0.04,-1,1469122,5405530
ADPC,2026-02-15,3.82,3.82,3.65,3.67,-1.61,-0.06,-1,2599185,9692732
ADPC,2026-02-12,3.88,3.88,3.71,3.73,-0.53,-0.02,-1,2643313,10022699.27
ADPC,2026-02-11,3.8,3.8,3.65,3.75,0.27,0.01,-1,1933326,7219822.5
ADPC,2026-02-10,3.88,3.88,3.63,3.74,3.31,0.12,-1,7141651,26847576
ADPC,2026-02-09,3.71,3.71,3.5,3.62,2.84,0.1,-1,5690698,20520590
ADPC,2026-02-08,3.59,3.59,3.41,3.52,2.92,0.1,-1,3250041,11447650
ADPC,2026-02-05,3.47,3.47,3.37,3.42,-0.29,-0.01,-1,1353667,4624069
ADPC,2026-02-04,3.48,3.48,3.42,3.43,-0.58,-0.02,-1,973139,3353159.25
ADPC,2026-02-03,3.47,3.47,3.39,3.45,2.68,0.09,-1,1163821,3982279
ADPC,2026-02-02,3.53,3.53,3.35,3.36,0,0,-1,6039067,20639692
ADPC,2026-02-01,3.4,3.4,3.2,3.36,1.83,0.06,-1,1091203,3631793
ADPC,2026-01-28,3.46,3.46,3.26,3.28,-4.37,-0.15,-1,3014834,9990134
ADPC,2026-01-27,3.59,3.59,3.3,3.43,-3.09,-0.11,-1,2280239,7740042.5
ADPC,2026-01-26,3.72,3.72,3.43,3.56,1.71,0.06,-1,2337154,8393292
ADPC,2026-01-25,3.61,3.61,3.45,3.5,-2.23,-0.08,-1,2211465,7738557.5
ADPC,2026-01-22,3.64,3.64,3.57,3.58,-0.28,-0.01,-1,979730,3523442
ADPC,2026-01-21,3.62,3.62,3.5,3.59,1.13,0.04,-1,1245721,4407184.5
ADPC,2026-01-20,3.6,3.6,3.54,3.55,-0.56,-0.02,-1,805816,2871241.75
ADPC,2026-01-19,3.6,3.6,3.52,3.57,1.42,0.05,-1,1132858,4037208
ADPC,2026-01-18,3.54,3.54,3.41,3.52,2.03,0.07,-1,1051248,3650585
ADPC,2026-01-15,3.65,3.65,3.41,3.45,-3.9,-0.14,-1,1775867,6229395
ADPC,2026-01-14,3.75,3.75,3.53,3.59,-3.75,-0.14,-1,1378374,4993079.5
ADPC,2026-01-13,3.86,3.86,3.71,3.73,-2.86,-0.11,-1,1638439,6196439.5
ADPC,2026-01-12,3.97,3.97,3.83,3.84,-0.26,-0.01,-1,2540737,9907940
ADPC,2026-01-11,3.95,3.95,3.84,3.85,-0.52,-0.02,-1,1181565,4588843
ADPC,2026-01-08,3.97,3.97,3.85,3.87,0,0,-1,2217953,8666983
ADPC,2026-01-06,4.01,4.01,3.87,3.87,-1.02,-0.04,-1,2793915,11005708
ADPC,2026-01-05,4.05,4.05,3.82,3.91,0.51,0.02,-1,5085194,20085996.3
ADPC,2026-01-04,3.96,3.96,3.85,3.89,1.3,0.05,-1,2348875,9168493
ADPC,2025-12-31,4.08,4.08,3.82,3.84,0.26,0.01,-1,10082262,40054816
ADPC,2025-12-30,3.86,3.86,3.8,3.83,0.26,0.01,-1,1150682,4403633
ADPC,2025-12-29,3.91,3.91,3.82,3.82,-1.29,-0.05,-1,1534703,5886172
ADPC,2025-12-28,4,4,3.82,3.87,1.84,0.07,-1,3876621,15212103
ADPC,2025-12-25,3.87,3.87,3.79,3.8,-0.26,-0.01,-1,1028800,3926032.75
ADPC,2025-12-24,3.86,3.86,3.8,3.81,0.53,0.02,-1,1083856,4135379
ADPC,2025-12-23,3.9,3.9,3.74,3.79,-1.04,-0.04,-1,2790875,10685157
ADPC,2025-12-22,3.95,3.95,3.83,3.83,-1.54,-0.06,-1,1936360,7533087
ADPC,2025-12-21,3.96,3.96,3.82,3.89,1.83,0.07,-1,2494396,9708697
ADPC,2025-12-18,3.9,3.9,3.81,3.82,-1.04,-0.04,-1,1814748,6956841.5
ADPC,2025-12-17,4,4,3.84,3.86,-3.02,-0.12,-1,3343021,13047064
ADPC,2025-12-16,4.09,4.09,3.92,3.98,0.51,0.02,-1,15313049,61138268
ADPC,2025-12-15,3.96,3.96,3.77,3.96,4.21,0.16,-1,9084263,35534860
ADPC,2025-12-14,3.89,3.89,3.77,3.8,-0.78,-0.03,-1,1912640,7323801
ADPC,2025-12-11,3.93,3.93,3.82,3.83,-1.29,-0.05,-1,3160400,12194633
ADPC,2025-12-10,3.96,3.96,3.83,3.88,-1.27,-0.05,-1,4814125,18689554
ADPC,2025-12-09,4.01,4.01,3.81,3.93,2.61,0.1,-1,12425923,48678820
ADPC,2025-12-08,4,4,3.81,3.83,-2.54,-0.1,-1,12833054,50045872
ADPC,2025-12-07,4.35,4.35,3.86,3.93,-5.53,-0.23,-1,27188351,110976160
ADPC,2025-12-04,4.16,4.16,3.43,4.16,19.88,0.69,-1,25503759,98256256
ADPC,2025-12-03,3.57,3.57,3.44,3.47,-2.25,-0.08,-1,3174019,11125196
ADPC,2025-12-02,3.56,3.56,3.35,3.55,5.65,0.19,-1,8922604,30822498
ADPC,2025-12-01,3.39,3.39,3.26,3.36,3.38,0.11,-1,3392011,11331327
ADPC,2025-11-30,3.31,3.31,3.23,3.25,-0.31,-0.01,-1,1944976,6353468
ADPC,2025-11-27,3.35,3.35,3.22,3.25,-1.22,-0.04,-1,774467,2534041.5
ADPC,2025-11-26,3.34,3.34,3.16,3.28,0.61,0.02,-1,2656997,8691691
ADPC,2025-11-25,3.27,3.27,3.11,3.26,3.16,0.1,-1,1746089,5548951.5
ADPC,2025-11-24,3.28,3.28,3.12,3.16,-2.79,-0.09,-1,1297848,4114015
ADPC,2025-11-23,3.32,3.32,3.22,3.23,-0.92,-0.03,-1,1223682,3981263.25
ADPC,2025-11-20,3.43,3.43,3.25,3.26,-2.1,-0.07,-1,1814397,6069312.5
ADPC,2025-11-19,3.38,3.38,3.25,3.33,1.52,0.05,-1,1519282,5069243
ADPC,2025-11-18,3.38,3.38,3.23,3.28,1.23,0.04,-1,2423073,7977340
ADPC,2025-11-17,3.36,3.36,3.22,3.24,-2.99,-0.1,-1,2547226,8309646
ADPC,2025-11-16,3.36,3.36,3.23,3.34,2.77,0.09,-1,1862962,6148403
ADPC,2025-11-13,3.45,3.45,3.24,3.25,-4.69,-0.16,-1,2815236,9314582
ADPC,2025-11-12,3.44,3.44,3.33,3.41,0.29,0.01,-1,1284021,4335997
ADPC,2025-11-11,3.59,3.59,3.37,3.4,-3.41,-0.12,-1,2917326,10163353
ADPC,2025-11-10,3.55,3.55,3.35,3.52,3.53,0.12,-1,1936831,6661165.5
ADPC,2025-11-09,3.5,3.5,3.4,3.4,-2.02,-0.07,-1,1521920,5217663
ADPC,2025-11-06,3.55,3.55,3.37,3.47,2.06,0.07,-1,6387926,22189140
ADPC,2025-11-05,3.41,3.41,3.22,3.4,4.62,0.15,-1,5919007,19783858
ADPC,2025-11-04,3.34,3.34,3.12,3.25,3.5,0.11,-1,9094685,29849848
ADPC,2025-11-03,3.2,3.2,3.12,3.14,-0.32,-0.01,-1,1471778,4637240
ADPC,2025-11-02,3.22,3.22,3.15,3.15,0,0,-1,4490662,14271254
ADPC,2025-10-30,3.15,3.15,3.02,3.15,3.62,0.11,-1,2100753,6527131
ADPC,2025-10-29,3.1,3.1,3.01,3.04,-0.98,-0.03,-1,984309,2991631.5
ADPC,2025-10-28,3.14,3.14,3.06,3.07,-1.92,-0.06,-1,1286095,3974951.75
ADPC,2025-10-27,3.16,3.16,3.11,3.13,-0.63,-0.02,-1,994102,3117932.5
ADPC,2025-10-26,3.18,3.18,3.07,3.15,0.64,0.02,-1,4185536,13043178
ADPC,2025-10-23,3.22,3.22,3.09,3.13,1.29,0.04,-1,5059456,15970092
ADPC,2025-10-22,3.18,3.18,2.91,3.09,5.82,0.17,-1,13371515,41238940
ADPC,2025-10-21,2.94,2.94,2.89,2.92,0.69,0.02,-1,715744,2087155.13
ADPC,2025-10-20,2.94,2.94,2.88,2.91,0,0,-1,992062,2881837.5
ADPC,2025-10-19,2.98,2.98,2.83,2.91,2.46,0.07,-1,3294569,9637209
ADPC,2025-10-16,2.86,2.86,2.83,2.84,0.71,0.02,-1,747614,2128463.5
ADPC,2025-10-15,2.84,2.84,2.81,2.82,-0.35,-0.01,-1,619035,1746925.88
ADPC,2025-10-14,2.85,2.85,2.82,2.83,0,0,-1,575473,1630872
ADPC,2025-10-13,2.88,2.88,2.81,2.83,-0.35,-0.01,-1,965731,2736189.5
ADPC,2025-10-12,2.89,2.89,2.82,2.84,-0.35,-0.01,-1,835943,2382516.75
ADPC,2025-10-08,2.94,2.94,2.85,2.85,-2.4,-0.07,-1,1841897,5294617.5
ADPC,2025-10-07,2.95,2.95,2.92,2.92,0,0,-1,1010983,2964341.75
ADPC,2025-10-06,2.95,2.95,2.9,2.92,0,0,-1,1426092,4174413
ADPC,2025-10-05,2.96,2.96,2.82,2.92,3.91,0.11,-1,3105817,9051027
ADPC,2025-10-02,2.84,2.84,2.8,2.81,-0.35,-0.01,-1,614535,1730898.63
ADPC,2025-10-01,2.87,2.87,2.81,2.82,-1.05,-0.03,-1,851264,2405057
ADPC,2025-09-30,2.89,2.89,2.84,2.85,0,0,-1,1013831,2902656.75
ADPC,2025-09-29,2.85,2.85,2.8,2.85,1.06,0.03,-1,779810,2202925.75
ADPC,2025-09-28,2.85,2.85,2.81,2.82,0,0,-1,275797,779150
ADPC,2025-09-25,2.87,2.87,2.8,2.82,-0.7,-0.02,-1,655104,1852734.88
ADPC,2025-09-24,2.92,2.92,2.71,2.84,4.41,0.12,-1,2929452,8350487
ADPC,2025-09-23,2.75,2.75,2.7,2.72,1.11,0.03,-1,293783,797851
ADPC,2025-09-22,2.74,2.74,2.64,2.7,-0.37,-0.01,-1,720447,1924974
ADPC,2025-09-21,2.79,2.79,2.68,2.72,-1.45,-0.04,-1,316110,866654.38
ADPC,2025-09-18,2.79,2.79,2.75,2.76,0,0,-1,336461,927805.69
ADPC,2025-09-17,2.79,2.79,2.73,2.76,0.36,0.01,-1,205441,567865.56
ADPC,2025-09-16,2.83,2.83,2.72,2.75,-2.14,-0.06,-1,545254,1503827.13
ADPC,2025-09-15,2.85,2.85,2.81,2.81,-0.71,-0.02,-1,356684,1007866.44
ADPC,2025-09-14,2.88,2.88,2.82,2.83,0.35,0.01,-1,646125,1834924.88
ADPC,2025-09-11,2.86,2.86,2.8,2.82,1.44,0.04,-1,613773,1732985.88
ADPC,2025-09-10,2.82,2.82,2.77,2.78,-0.36,-0.01,-1,473499,1317525.88
ADPC,2025-09-09,2.83,2.83,2.8,2.8,-0.36,-0.01,-1,521244,1463373.13
ADPC,2025-09-08,2.85,2.85,2.8,2.81,-0.71,-0.02,-1,525500,1479747.38
ADPC,2025-09-07,2.87,2.87,2.81,2.83,0.71,0.02,-1,336056,952208.81
ADPC,2025-09-03,2.87,2.87,2.8,2.81,-1.4,-0.04,-1,1101573,3108735.25
ADPC,2025-09-02,2.9,2.9,2.84,2.85,0.35,0.01,-1,586484,1671535.75
ADPC,2025-09-01,2.89,2.89,2.82,2.84,-0.35,-0.01,-1,292759,831292.13
ADPC,2025-08-31,2.91,2.91,2.84,2.85,-0.35,-0.01,-1,907192,2617333
ADPC,2025-08-28,2.92,2.92,2.85,2.86,0,0,-1,1267999,3651272.25
ADPC,2025-08-27,2.9,2.9,2.85,2.86,-0.35,-0.01,-1,449551,1286970.13
ADPC,2025-08-26,2.9,2.9,2.84,2.87,0.7,0.02,-1,1014206,2913914
ADPC,2025-08-25,2.89,2.89,2.81,2.85,-0.35,-0.01,-1,1173611,3349290.75
ADPC,2025-08-24,2.91,2.91,2.85,2.86,-1.04,-0.03,-1,576439,1652866.5
ADPC,2025-08-21,2.94,2.94,2.85,2.89,-1.03,-0.03,-1,940806,2712954.5
ADPC,2025-08-20,2.98,2.98,2.92,2.92,-1.35,-0.04,-1,798610,2348239.5
ADPC,2025-08-19,2.98,2.98,2.94,2.96,0.34,0.01,-1,498096,1474182.13
ADPC,2025-08-18,2.98,2.98,2.95,2.95,-0.34,-0.01,-1,489341,1445589.5
ADPC,2025-08-17,2.99,2.99,2.95,2.96,0.34,0.01,-1,205531,609051.69
ADPC,2025-08-14,3,3,2.94,2.95,0.34,0.01,-1,685843,2034749
ADPC,2025-08-13,3.01,3.01,2.95,2.95,-1.01,-0.03,-1,865489,2577713.75
ADPC,2025-08-12,3,3,2.95,2.98,0.68,0.02,-1,388279,1153328.38
ADPC,2025-08-11,2.98,2.98,2.94,2.96,0.34,0.01,-1,723566,2144061
ADPC,2025-08-10,3.01,3.01,2.95,2.95,-1.01,-0.03,-1,978640,2908859
ADPC,2025-08-07,3.02,3.02,2.98,2.98,-0.33,-0.01,-1,1392102,4172967.5
ADPC,2025-08-06,3.05,3.05,2.92,2.99,2.4,0.07,-1,5018357,15085990
ADPC,2025-08-05,2.97,2.97,2.88,2.92,1.04,0.03,-1,1502387,4407505.5
ADPC,2025-08-04,2.92,2.92,2.86,2.89,0,0,-1,934583,2704479.75
ADPC,2025-08-03,2.9,2.9,2.85,2.89,1.4,0.04,-1,667676,1923082.75
ADPC,2025-07-31,2.9,2.9,2.83,2.85,0.35,0.01,-1,2328446,6640571
ADPC,2025-07-30,2.94,2.94,2.86,2.86,-1.04,-0.03,-1,1136608,3300626.75
ADPC,2025-07-29,2.9,2.9,2.84,2.89,0.7,0.02,-1,691955,1990264.88
ADPC,2025-07-28,2.97,2.97,2.86,2.87,-2.38,-0.07,-1,2088198,6058783
ADPC,2025-07-27,2.98,2.98,2.91,2.94,0,0,-1,1206305,3546913
ADPC,2025-07-23,2.99,2.99,2.92,2.94,-1.01,-0.03,-1,1366151,4029457
ADPC,2025-07-22,3.04,3.04,2.96,2.97,-1.66,-0.05,-1,2478787,7429345.5
ADPC,2025-07-21,3.05,3.05,3,3.02,0.67,0.02,-1,2561838,7737381
ADPC,2025-07-20,3.07,3.07,3,3,-0.66,-0.02,-1,3933100,11869444
ADPC,2025-07-17,3.08,3.08,3.02,3.02,-0.66,-0.02,-1,1456650,4425064
ADPC,2025-07-16,3.14,3.14,3.04,3.04,-1.62,-0.05,-1,2497611,7713186.5
ADPC,2025-07-15,3.13,3.13,3.01,3.09,3,0.09,-1,6393201,19769648
ADPC,2025-07-14,3.07,3.07,3,3,-0.66,-0.02,-1,1376007,4162933.5
ADPC,2025-07-13,3.07,3.07,3,3.02,-0.66,-0.02,-1,1783743,5392572.5
ADPC,2025-07-10,3.17,3.17,3.04,3.04,-1.94,-0.06,-1,3812713,11777045
ADPC,2025-07-09,3.13,3.13,2.98,3.1,2.99,0.09,-1,3300169,10130595
ADPC,2025-07-07,3.05,3.05,3,3.01,-0.33,-0.01,-1,1712518,5167585.5
ADPC,2025-07-06,3.06,3.06,3,3.02,0.67,0.02,-1,2196447,6646348.5
ADPC,2025-07-02,3.05,3.05,2.95,3,0.33,0.01,-1,1873159,5632730.5
ADPC,2025-07-01,3.09,3.09,2.95,2.99,-2.61,-0.08,-1,2787173,8387374.5
ADPC,2025-06-30,3.17,3.17,3.07,3.07,-1.92,-0.06,-1,1717333,5346386
ADPC,2025-06-29,3.21,3.21,3.11,3.13,1.29,0.04,-1,3332717,10513186
ADPC,2025-06-25,3.1,3.1,3,3.09,0.98,0.03,-1,1342298,4089651
ADPC,2025-06-24,3.05,3.05,2.95,3.05,4.45,0.13,-1,2903165,8710924
ADPC,2025-06-23,3,3,2.8,2.92,4.29,0.12,-1,4454244,13072602
ADPC,2025-06-22,2.83,2.83,2.53,2.8,2.56,0.07,-1,973358,2661809.75
ADPC,2025-06-19,2.91,2.91,2.7,2.73,-4.88,-0.14,-1,2334033,6478126
ADPC,2025-06-18,2.94,2.94,2.83,2.87,0,0,-1,1158193,3320256
ADPC,2025-06-17,2.98,2.98,2.86,2.87,-3.69,-0.11,-1,1408050,4118045.5
ADPC,2025-06-16,3.09,3.09,2.97,2.98,-1.32,-0.04,-1,1342316,4035673
ADPC,2025-06-15,3.07,3.07,2.66,3.02,-4.43,-0.14,-1,2495409,7447005
ADPC,2025-06-12,3.25,3.25,3.14,3.16,-2.77,-0.09,-1,2163178,6896457.5
ADPC,2025-06-11,3.34,3.34,3.24,3.25,-1.81,-0.06,-1,2392693,7852945
ADPC,2025-06-10,3.33,3.33,3.22,3.31,3.44,0.11,-1,3543420,11667023
ADPC,2025-06-04,3.26,3.26,3.18,3.2,0,0,-1,3701781,11917560
ADPC,2025-06-03,3.25,3.25,3.17,3.2,-0.31,-0.01,-1,2534789,8111811
ADPC,2025-06-02,3.23,3.23,3.16,3.21,0.31,0.01,-1,2417278,7705802.5
ADPC,2025-06-01,3.3,3.3,3.17,3.2,-2.74,-0.09,-1,4738937,15262406
ADPC,2025-05-29,3.38,3.38,3.23,3.29,-1.79,-0.06,-1,3566321,11727026
ADPC,2025-05-28,3.44,3.44,3.35,3.35,-2.05,-0.07,-1,5505768,18670072
ADPC,2025-05-27,3.51,3.51,3.41,3.42,-0.58,-0.02,-1,6270531,21629152
ADPC,2025-05-26,3.56,3.56,3.43,3.44,-1.99,-0.07,-1,5904509,20608854
ADPC,2025-05-25,3.62,3.62,3.51,3.51,-3.84,-0.14,-1,6095411,21653964
ADPC,2025-05-22,3.71,3.71,3.57,3.65,0.55,0.02,-1,8241053,30119284
ADPC,2025-05-21,3.64,3.64,3.46,3.63,4.91,0.17,-1,10053636,36076436
ADPC,2025-05-20,3.53,3.53,3.45,3.46,-0.57,-0.02,-1,2074700,7226786
ADPC,2025-05-19,3.51,3.51,3.36,3.48,1.16,0.04,-1,3399367,11665599
ADPC,2025-05-18,3.57,3.57,3.42,3.44,-3.1,-0.11,-1,4019803,13986661
ADPC,2025-05-15,3.67,3.67,3.39,3.55,-3.01,-0.11,-1,14429763,50724712
ADPC,2025-05-14,4.05,4.05,3.6,3.66,-12.44,-0.52,-1,17215160,65465196
ADPC,2025-05-13,4.2,4.2,3.74,4.18,10.88,0.41,-1,3377080,13205235
ADPC,2025-05-12,3.87,3.87,3.72,3.77,0,0,-1,2921748,10992508
ADPC,2025-05-11,3.82,3.82,3.7,3.77,0,0,-1,2401945,9017646
ADPC,2025-05-08,3.88,3.88,3.66,3.77,-3.33,-0.13,-1,7142475,26751130
ADPC,2025-05-07,4.01,4.01,3.76,3.9,2.63,0.1,-1,15066212,58362336
ADPC,2025-05-06,3.99,3.99,3.77,3.8,-1.81,-0.07,-1,5922613,22729242
ADPC,2025-05-05,3.94,3.94,3.63,3.87,3.2,0.12,-1,6210647,23579502
ADPC,2025-05-04,3.75,3.75,3.38,3.75,10.29,0.35,-1,7310505,26063958
ADPC,2025-04-30,3.42,3.42,3.36,3.4,-1.46,-0.05,-1,943010,3194971.5
ADPC,2025-04-29,3.65,3.65,3.41,3.43,-1.15,-0.04,-1,4009647,14070314
ADPC,2025-04-28,3.49,3.49,3.34,3.47,1.76,0.06,-1,2934263,10083720
ADPC,2025-04-27,3.43,3.43,3.35,3.41,1.19,0.04,-1,3612885,12252131
ADPC,2025-04-23,3.38,3.38,3.12,3.37,8.36,0.26,-1,8119238,26424760
ADPC,2025-04-22,3.2,3.2,3.09,3.11,0.32,0.01,-1,1531216,4794572.5
ADPC,2025-04-17,3.12,3.12,2.91,3.1,3.68,0.11,-1,2549943,7746816
ADPC,2025-04-16,3.03,3.03,2.98,2.99,-0.99,-0.03,-1,959450,2874791
ADPC,2025-04-15,3.04,3.04,3.01,3.02,-0.33,-0.01,-1,718573,2177524
ADPC,2025-04-14,3.04,3.04,2.98,3.03,1.34,0.04,-1,922476,2783690
ADPC,2025-04-13,3.05,3.05,2.97,2.99,0.67,0.02,-1,1580857,4740632
ADPC,2025-04-10,3.04,3.04,2.95,2.97,1.02,0.03,-1,624196,1872133.5
ADPC,2025-04-09,3.07,3.07,2.92,2.94,-3.92,-0.12,-1,958234,2880704.75
ADPC,2025-04-08,3.1,3.1,3.03,3.06,1.66,0.05,-1,1210903,3694798.5
ADPC,2025-04-07,3.05,3.05,2.95,3.01,-0.66,-0.02,-1,1046424,3142476.75
ADPC,2025-04-06,3.1,3.1,3,3.05,-4.39,-0.14,-1,1156699,3531200.25
ADPC,2025-04-03,3.21,3.21,3.12,3.19,2.24,0.07,-1,727135,2309072
ADPC,2025-03-27,3.14,3.14,3.1,3.12,0,0,-1,353424,1103947.13
ADPC,2025-03-26,3.18,3.18,3.11,3.12,0.32,0.01,-1,435763,1372420.13
ADPC,2025-03-25,3.17,3.17,3.1,3.11,-0.64,-0.02,-1,519422,1622125.63
ADPC,2025-03-24,3.16,3.16,3.1,3.13,-0.63,-0.02,-1,765137,2395054.25
ADPC,2025-03-23,3.19,3.19,3.14,3.15,0,0,-1,588949,1856826.13
ADPC,2025-03-20,3.2,3.2,3.15,3.15,-0.63,-0.02,-1,478776,1515675
ADPC,2025-03-19,3.25,3.25,3.14,3.17,1.28,0.04,-1,1931444,6167473.5
ADPC,2025-03-18,3.17,3.17,3.12,3.13,-0.32,-0.01,-1,920787,2889130
ADPC,2025-03-17,3.27,3.27,3.13,3.14,-1.87,-0.06,-1,2081792,6633684.5
ADPC,2025-03-16,3.22,3.22,3.11,3.2,1.59,0.05,-1,889812,2842969.25
ADPC,2025-03-13,3.22,3.22,3.14,3.15,-0.94,-0.03,-1,502401,1594782.63
ADPC,2025-03-12,3.25,3.25,3.15,3.18,0.95,0.03,-1,746202,2395501.75
ADPC,2025-03-11,3.24,3.24,3.08,3.15,1.29,0.04,-1,1131309,3596552.75
ADPC,2025-03-10,3.15,3.15,3.1,3.11,0.32,0.01,-1,498783,1554962
ADPC,2025-03-09,3.16,3.16,3.08,3.1,-0.64,-0.02,-1,741232,2304867.25
ADPC,2025-03-06,3.16,3.16,3.12,3.12,-0.32,-0.01,-1,321770,1007475.88
ADPC,2025-03-05,3.17,3.17,3.11,3.13,0,0,-1,384368,1205611.5
ADPC,2025-03-04,3.15,3.15,3.11,3.13,-0.32,-0.01,-1,358237,1122422.5
ADPC,2025-03-03,3.17,3.17,3.13,3.14,0.64,0.02,-1,340519,1073476.38
ADPC,2025-03-02,3.16,3.16,3.11,3.12,-0.64,-0.02,-1,313052,979698.38
ADPC,2025-02-27,3.2,3.2,3.11,3.14,0.32,0.01,-1,865752,2733510
ADPC,2025-02-26,3.17,3.17,3.12,3.13,-0.63,-0.02,-1,834539,2621422.5
ADPC,2025-02-25,3.2,3.2,3.14,3.15,-0.32,-0.01,-1,1320806,4179147.5
ADPC,2025-02-24,3.27,3.27,3.16,3.16,-0.63,-0.02,-1,1747230,5594348
ADPC,2025-02-23,3.24,3.24,3.15,3.18,0,0,-1,845078,2693048.5
ADPC,2025-02-20,3.2,3.2,3.15,3.18,0,0,-1,578094,1834998.53
ADPC,2025-02-19,3.29,3.29,3.18,3.18,-0.62,-0.02,-1,1317867,4251815
ADPC,2025-02-18,3.28,3.28,3.17,3.2,0.95,0.03,-1,3519133,11344384
ADPC,2025-02-17,3.26,3.26,3.16,3.17,-0.94,-0.03,-1,1120406,3598226.25
ADPC,2025-02-16,3.3,3.3,3.07,3.2,4.92,0.15,-1,2930556,9442275
ADPC,2025-02-13,3.11,3.11,3,3.05,0.99,0.03,-1,723435,2215604
ADPC,2025-02-12,3.08,3.08,2.91,3.02,-1.95,-0.06,-1,1456116,4353959.5
ADPC,2025-02-11,3.17,3.17,3.06,3.08,-1.6,-0.05,-1,724104,2247882.5
ADPC,2025-02-10,3.18,3.18,3.13,3.13,-0.32,-0.01,-1,802771,2522673.25
ADPC,2025-02-09,3.22,3.22,3.16,3.16,-0.32,-0.01,-1,1008952,3221076.75
ADPC,2025-02-06,3.26,3.26,3.16,3.17,-0.63,-0.02,-1,1311482,4198565.5
ADPC,2025-02-05,3.27,3.27,3.12,3.19,2.24,0.07,-1,2140813,6882622
ADPC,2025-02-04,3.18,3.18,3.12,3.12,0,0,-1,775997,2437213.5
ADPC,2025-02-03,3.21,3.21,3.11,3.12,-0.32,-0.01,-1,1116188,3531323.25
ADPC,2025-02-02,3.2,3.2,3.11,3.13,-0.32,-0.01,-1,1020817,3218966.25
ADPC,2025-01-30,3.34,3.34,3.15,3.16,-3.95,-0.13,-1,2019196,6477097.5
ADPC,2025-01-29,3.34,3.34,3.21,3.29,1.86,0.06,-1,2060685,6754839.5
ADPC,2025-01-28,3.27,3.27,3.2,3.23,0.94,0.03,-1,769865,2489053.04
ADPC,2025-01-27,3.33,3.33,3.2,3.2,-1.52,-0.05,-1,1538302,5003380.5
ADPC,2025-01-26,3.4,3.4,3.3,3.3,-1.79,-0.06,-1,3146160,10524192
ADPC,2025-01-23,3.43,3.43,3.32,3.36,1.51,0.05,-1,6654319,22450200
ADPC,2025-01-22,3.34,3.34,3.16,3.31,4.42,0.14,-1,3645464,11925582
ADPC,2025-01-21,3.25,3.25,3.16,3.17,-0.31,-0.01,-1,2223902,7115569.5
ADPC,2025-01-20,3.24,3.24,3.16,3.18,0.63,0.02,-1,3363177,10744362
ADPC,2025-01-19,3.22,3.22,3.09,3.16,3.61,0.11,-1,5376242,17066490
ADPC,2025-01-16,3.07,3.07,3,3.05,1.67,0.05,-1,2399754,7284575
ADPC,2025-01-15,3.13,3.13,2.96,3,-0.98,-0.03,-1,3228638,9746142
ADPC,2025-01-14,3.1,3.1,2.92,3.06,1.66,0.05,-1,2091688,6336498
ADPC,2025-01-13,3.11,3.11,3.01,3.01,0.67,0.02,-1,1377567,4204817.5
ADPC,2025-01-12,3.15,3.15,2.9,2.99,-5.68,-0.18,-1,1399987,4294374
ADPC,2025-01-09,3.26,3.26,3.16,3.17,0.63,0.02,-1,1643442,5271823.5
ADPC,2025-01-08,3.18,3.18,3.06,3.15,1.94,0.06,-1,528384,1647766.13
ADPC,2025-01-06,3.22,3.22,3.07,3.09,-3.13,-0.1,-1,1390177,4340143.5
ADPC,2025-01-05,3.24,3.24,3.17,3.19,0.95,0.03,-1,534230,1702724.75
ADPC,2025-01-02,3.27,3.27,3.15,3.16,-0.63,-0.02,-1,888820,2858164.5
ADPC,2024-12-31,3.19,3.19,3.03,3.18,3.58,0.11,-1,2263381,7117248
ADPC,2024-12-30,3.12,3.12,2.97,3.07,-0.97,-0.03,-1,994135,3028067.25
ADPC,2024-12-29,3.15,3.15,3.04,3.1,-0.96,-0.03,-1,998691,3097077.25
ADPC,2024-12-26,3.21,3.21,3.11,3.13,0.32,0.01,-1,3257746,10244663
ADPC,2024-12-25,3.27,3.27,3.12,3.12,-0.64,-0.02,-1,2145634,6828154.5
ADPC,2024-12-24,3.34,3.34,3.11,3.14,-5.42,-0.18,-1,1108119,3579792.25
ADPC,2024-12-23,3.42,3.42,3.26,3.32,-2.06,-0.07,-1,3280345,11032952
ADPC,2024-12-22,3.4,3.4,3.3,3.39,2.11,0.07,-1,2265206,7596890
ADPC,2024-12-19,3.32,3.32,3.2,3.32,0.61,0.02,-1,1305492,4300071.5
ADPC,2024-12-18,3.4,3.4,3.27,3.3,1.23,0.04,-1,4589131,15215972
ADPC,2024-12-17,3.59,3.59,3.26,3.26,-6.05,-0.21,-1,6451917,22369996
ADPC,2024-12-16,3.47,3.47,3.36,3.47,3.58,0.12,-1,3671379,12569936
ADPC,2024-12-15,3.36,3.36,3.29,3.35,1.21,0.04,-1,1009064,3356631.75
ADPC,2024-12-12,3.37,3.37,3.3,3.31,0.91,0.03,-1,1843784,6125570.5
ADPC,2024-12-11,3.32,3.32,3.22,3.28,2.82,0.09,-1,3108710,10192132
ADPC,2024-12-10,3.38,3.38,3.17,3.19,-4.2,-0.14,-1,4323647,14148182
ADPC,2024-12-09,3.5,3.5,3.33,3.33,-3.2,-0.11,-1,4290654,14633422
ADPC,2024-12-08,3.6,3.6,3.4,3.44,-3.64,-0.13,-1,4719447,16651409
ADPC,2024-12-05,3.67,3.67,3.53,3.57,0.56,0.02,-1,6919609,24890972
ADPC,2024-12-04,3.72,3.72,3.55,3.55,-2.74,-0.1,-1,9738622,35288356
ADPC,2024-12-03,3.68,3.68,3.4,3.65,5.49,0.19,-1,15613249,55830340
ADPC,2024-12-02,3.62,3.62,3.39,3.46,0,0,-1,16880559,59027776
ADPC,2024-12-01,3.47,3.47,3.26,3.46,3.59,0.12,-1,7940889,26517938
ADPC,2024-11-28,3.37,3.37,3.16,3.34,1.21,0.04,-1,5697265,18674792
ADPC,2024-11-27,3.5,3.5,3.23,3.3,-4.35,-0.15,-1,7109396,23959070
ADPC,2024-11-26,3.56,3.56,3.28,3.45,2.99,0.1,-1,25405352,87148896
ADPC,2024-11-25,3.49,3.49,3.17,3.35,5.68,0.18,-1,30684038,102898608
ADPC,2024-11-24,3.22,3.22,2.9,3.17,7.46,0.22,-1,12810763,39695320
ADPC,2024-11-21,3.05,3.05,2.94,2.95,-0.67,-0.02,-1,3588349,10794956
ADPC,2024-11-20,2.99,2.99,2.8,2.97,4.58,0.13,-1,3805934,11105909
ADPC,2024-11-19,2.91,2.91,2.82,2.84,1.06,0.03,-1,1994172,5711069.5
ADPC,2024-11-18,2.96,2.96,2.82,2.82,-3.09,-0.09,-1,2456171,7052440.5
ADPC,2024-11-17,3.1,3.1,2.82,2.91,1.39,0.04,-1,11223090,33315474
ADPC,2024-11-14,2.89,2.89,2.76,2.87,2.5,0.07,-1,2276137,6464783.5
ADPC,2024-11-13,2.82,2.82,2.73,2.8,1.08,0.03,-1,2101886,5816922.5
ADPC,2024-11-12,2.84,2.84,2.76,2.77,-1.07,-0.03,-1,886942,2463910.25
ADPC,2024-11-11,2.87,2.87,2.79,2.8,-1.75,-0.05,-1,1636250,4620483
ADPC,2024-11-10,2.89,2.89,2.78,2.85,3.64,0.1,-1,5139280,14633969
ADPC,2024-11-07,2.77,2.77,2.66,2.75,3,0.08,-1,5169232,14102356
ADPC,2024-11-06,2.68,2.68,2.58,2.67,2.69,0.07,-1,2051115,5422044.5
ADPC,2024-11-05,2.67,2.67,2.6,2.6,-0.76,-0.02,-1,1983735,5191521
ADPC,2024-11-04,2.69,2.69,2.64,2.64,0,0,-1,1480721,3942791
ADPC,2024-11-03,2.71,2.71,2.57,2.64,1.93,0.05,-1,4271809,11367106
ADPC,2024-10-31,2.67,2.67,2.58,2.59,-1.15,-0.03,-1,2270007,5921087
ADPC,2024-10-30,2.74,2.74,2.58,2.62,2.34,0.06,-1,5642549,14999392
ADPC,2024-10-29,2.59,2.59,2.54,2.56,1.59,0.04,-1,3544920,9110033
ADPC,2024-10-28,2.58,2.58,2.5,2.52,-1.95,-0.05,-1,3751208,9502987
ADPC,2024-10-27,2.63,2.63,2.54,2.57,-0.77,-0.02,-1,2984521,7684032
ADPC,2024-10-24,2.66,2.66,2.56,2.59,0.78,0.02,-1,3176162,8257353.5
ADPC,2024-10-23,2.67,2.67,2.56,2.57,-1.91,-0.05,-1,2686229,6998062
ADPC,2024-10-22,2.7,2.7,2.6,2.62,-0.76,-0.02,-1,2403964,6342420.5
ADPC,2024-10-21,2.65,2.65,2.48,2.64,1.93,0.05,-1,2862236,7380695.5
ADPC,2024-10-20,2.82,2.82,2.56,2.59,-7.83,-0.22,-1,8755896,23357824
ADPC,2024-10-17,3.18,3.18,2.74,2.81,-2.43,-0.07,-1,23025658,68330304
ADPC,2024-10-16,2.88,2.88,2.55,2.88,0,0,-1,11807338,33911548
ADPC,2024-10-15,2.44,2.44,2.38,2.4,-0.41,-0.01,-1,799019,1921982
ADPC,2024-10-14,2.44,2.44,2.33,2.41,1.26,0.03,-1,734981,1756049.13
ADPC,2024-10-13,2.53,2.53,2.36,2.38,-4.8,-0.12,-1,1785795,4340620
ADPC,2024-10-10,2.55,2.55,2.44,2.5,2.04,0.05,-1,1319254,3285687.25
ADPC,2024-10-09,2.51,2.51,2.4,2.45,0.41,0.01,-1,371670,907153.19
ADPC,2024-10-08,2.53,2.53,2.38,2.44,-1.61,-0.04,-1,2061236,5110893
ADPC,2024-10-07,2.57,2.57,2.43,2.48,-1.59,-0.04,-1,843397,2126588.75
ADPC,2024-10-03,2.6,2.6,2.48,2.52,-0.4,-0.01,-1,2074998,5279323.5
ADPC,2024-10-02,2.61,2.61,2.48,2.51,-4.2,-0.11,-1,1726086,4376626.5
ADPC,2024-10-01,2.64,2.64,2.6,2.62,0.77,0.02,-1,861398,2255920.75
ADPC,2024-09-30,2.65,2.65,2.5,2.6,0,0,-1,2450635,6381103
ADPC,2024-09-29,2.61,2.61,2.53,2.6,0.78,0.02,-1,2121949,5471520
ADPC,2024-09-26,2.63,2.63,2.49,2.58,3.61,0.09,-1,4723460,12141046
ADPC,2024-09-25,2.52,2.52,2.44,2.49,-1.2,-0.03,-1,1087238,2689207.25
ADPC,2024-09-24,2.55,2.55,2.42,2.5,3.31,0.08,-1,6903537,17262080
ADPC,2024-09-23,2.43,2.43,2.37,2.42,2.11,0.05,-1,1306466,3144017.5
ADPC,2024-09-22,2.41,2.41,2.36,2.37,0.42,0.01,-1,1392692,3324842.75
ADPC,2024-09-19,2.41,2.41,2.35,2.36,-0.84,-0.02,-1,744872,1764887.5
ADPC,2024-09-18,2.41,2.41,2.31,2.38,0.85,0.02,-1,779416,1836271.88
ADPC,2024-09-17,2.41,2.41,2.32,2.36,-1.67,-0.04,-1,916859,2157438.25
ADPC,2024-09-16,2.45,2.45,2.36,2.4,0.42,0.01,-1,1296656,3133909.5
ADPC,2024-09-12,2.42,2.42,2.33,2.39,1.7,0.04,-1,1718751,4093106.25
ADPC,2024-09-11,2.39,2.39,2.32,2.35,-1.67,-0.04,-1,1611103,3804934.25
ADPC,2024-09-10,2.39,2.39,2.2,2.39,3.91,0.09,-1,2570274,5982848
ADPC,2024-09-09,2.37,2.37,2.29,2.3,-1.29,-0.03,-1,1903638,4419200
ADPC,2024-09-08,2.44,2.44,2.32,2.33,-3.72,-0.09,-1,2976632,7054387
ADPC,2024-09-05,2.47,2.47,2.39,2.42,-0.41,-0.01,-1,3414413,8316432
ADPC,2024-09-04,2.43,2.43,2.22,2.43,2.53,0.06,-1,6950662,16441028
ADPC,2024-09-03,2.42,2.42,2.3,2.37,3.04,0.07,-1,5933106,14057792
ADPC,2024-09-02,2.37,2.37,2.26,2.3,0,0,-1,6732447,15684017
ADPC,2024-09-01,2.33,2.33,2.12,2.3,9,0.19,-1,12127491,27175798
ADPC,2024-08-29,2.17,2.17,2.1,2.11,-0.94,-0.02,-1,3153789,6740064.37
ADPC,2024-08-28,2.17,2.17,2.12,2.13,0,0,-1,3421762,7341716.5
ADPC,2024-08-27,2.17,2.17,2.12,2.13,0,0,-1,2580366,5516306
ADPC,2024-08-26,2.22,2.22,2.08,2.13,-1.84,-0.04,-1,2922635,6286137
ADPC,2024-08-25,2.25,2.25,2.11,2.17,3.83,0.08,-1,9516601,20858018
ADPC,2024-08-22,2.14,2.14,2.02,2.09,3.47,0.07,-1,9040494,18969606
ADPC,2024-08-21,2.07,2.07,2,2.02,-0.49,-0.01,-1,3686473,7501391.5
ADPC,2024-08-20,2.08,2.08,2.03,2.03,-0.49,-0.01,-1,2346644,4817523.5
ADPC,2024-08-19,2.1,2.1,2.03,2.04,-0.97,-0.02,-1,5789704,11949091
ADPC,2024-08-18,2.29,2.29,2.04,2.06,-0.96,-0.02,-1,28322666,60336400
ADPC,2024-08-15,2.1,2.1,2.01,2.08,-0.95,-0.02,-1,5139985,10557254
ADPC,2024-08-14,2.13,2.13,1.84,2.1,14.13,0.26,-1,20432005,41012868
ADPC,2024-08-13,1.85,1.85,1.82,1.84,0,0,-1,1927978,3542577.25
ADPC,2024-08-12,1.88,1.88,1.78,1.84,0.55,0.01,-1,2748708,5066093
ADPC,2024-08-11,1.87,1.87,1.8,1.83,1.67,0.03,-1,1517025,2784932
ADPC,2024-08-08,1.83,1.83,1.79,1.8,-1.1,-0.02,-1,1907050,3430998.5
ADPC,2024-08-07,1.84,1.84,1.8,1.82,1.11,0.02,-1,1328767,2416196.75
ADPC,2024-08-06,1.85,1.85,1.78,1.8,0,0,-1,2191172,3963550.75
ADPC,2024-08-05,1.85,1.85,1.7,1.8,-3.74,-0.07,-1,2615299,4648052.5
ADPC,2024-08-04,1.92,1.92,1.81,1.87,-5.08,-0.1,-1,1616754,3033724.5
ADPC,2024-08-01,2.02,2.02,1.96,1.97,-1.01,-0.02,-1,1522898,3030149
ADPC,2024-07-31,2.05,2.05,1.99,1.99,-1.97,-0.04,-1,2251683,4522024
ADPC,2024-07-30,2.04,2.04,1.96,2.03,3.05,0.06,-1,2024983,4089641.5
ADPC,2024-07-29,2.02,2.02,1.94,1.97,-1.5,-0.03,-1,1000202,1977827.38
ADPC,2024-07-28,2.04,2.04,1.99,2,-0.5,-0.01,-1,1647878,3309630
ADPC,2024-07-24,2.07,2.07,1.983,2.007,1.364,0.027,-1,4544100,9227249
ADPC,2024-07-23,1.993,1.993,1.95,1.98,-0.05,-0.001,-1,869668,1716016.25
ADPC,2024-07-22,2.019,2.019,1.979,1.981,-0.352,-0.007,-1,1544286,3085917.5
ADPC,2024-07-21,2.04,2.04,1.96,1.988,2,0.039,-1,3141420,6320985
ADPC,2024-07-18,1.98,1.98,1.912,1.95,2.632,0.05,-1,4460890,8744416
ADPC,2024-07-17,1.907,1.907,1.844,1.9,3.093,0.057,-1,999696,1883810.875
ADPC,2024-07-16,1.869,1.869,1.836,1.843,-0.431,-0.008,-1,512626,945835.625
ADPC,2024-07-15,1.884,1.884,1.852,1.858,-0.215,-0.004,-1,126002,234362.719
ADPC,2024-07-14,1.9,1.9,1.85,1.858,-2.215,-0.042,-1,461405,863034.813
ADPC,2024-07-10,1.91,1.91,1.884,1.896,-0.316,-0.006,-1,130651,247716.875
ADPC,2024-07-09,1.915,1.915,1.883,1.896,-0.158,-0.003,-1,310214,588442
ADPC,2024-07-08,1.93,1.93,1.891,1.899,-0.526,-0.01,-1,572921,1093579.875
ADPC,2024-07-07,1.925,1.925,1.883,1.901,-0.262,-0.005,-1,494440,941822.813
ADPC,2024-07-04,1.93,1.93,1.882,1.906,-0.47,-0.009,-1,305214,582801.125
ADPC,2024-07-03,1.94,1.94,1.901,1.915,0.052,0.001,-1,439201,841411.563
ADPC,2024-07-02,1.946,1.946,1.901,1.909,0.738,0.014,-1,743694,1432246.625
ADPC,2024-07-01,1.92,1.92,1.89,1.896,-0.053,-0.001,-1,1007846,1918561.5
ADPC,2024-06-27,1.92,1.92,1.88,1.897,0.053,0.001,-1,1013286,1921208.375
ADPC,2024-06-26,1.92,1.92,1.87,1.896,0.372,0.007,-1,708206,1348262.625
ADPC,2024-06-25,1.91,1.91,1.86,1.883,-0.265,-0.005,-1,250469,470999.438
ADPC,2024-06-24,1.94,1.94,1.88,1.888,1.396,0.026,-1,1699818,3246833.5
ADPC,2024-06-23,1.88,1.88,1.822,1.862,2.139,0.039,-1,467780,867167.75
ADPC,2024-06-13,1.847,1.847,1.814,1.823,0.275,0.005,-1,318968,582591.5
ADPC,2024-06-12,1.88,1.88,1.786,1.818,1.621,0.029,-1,978291,1800058.375
ADPC,2024-06-11,1.83,1.83,1.76,1.789,0.452,0.008,-1,572405,1028133.563
ADPC,2024-06-10,1.78,1.78,1.716,1.768,2.506,0.043,-1,445326,782627.75
ADPC,2024-06-09,1.819,1.819,1.7,1.716,-4.08,-0.073,-1,1357921,2344230.25
ADPC,2024-06-06,1.81,1.81,1.762,1.789,0.168,0.003,-1,205507,367945.125
ADPC,2024-06-05,1.85,1.85,1.76,1.786,-2.879,-0.053,-1,368068,663625.625
ADPC,2024-06-04,1.87,1.87,1.84,1.841,-1.445,-0.027,-1,929903,1719554.25
ADPC,2024-06-03,1.89,1.89,1.85,1.868,0.054,0.001,-1,422616,791012.875
ADPC,2024-06-02,1.91,1.91,1.85,1.86,0,0,-1,8591605,16019220
ADPC,2024-05-30,1.91,1.91,1.853,1.86,-1.847,-0.035,-1,456889,854847.438
ADPC,2024-05-29,1.93,1.93,1.88,1.895,0.424,0.008,-1,408170,779583.938
ADPC,2024-05-28,1.9,1.9,1.85,1.887,-0.736,-0.014,-1,430349,809702.313
ADPC,2024-05-27,1.928,1.928,1.889,1.901,-0.367,-0.007,-1,864145,1648133.625
ADPC,2024-05-26,1.93,1.93,1.894,1.908,0.21,0.004,-1,316541,603522.875
ADPC,2024-05-23,1.937,1.937,1.87,1.903,-1.625,-0.031,-1,298672,571477.688
ADPC,2024-05-22,1.936,1.936,1.889,1.908,-0.832,-0.016,-1,792800,1511321.25
ADPC,2024-05-21,1.989,1.989,1.913,1.924,-1.535,-0.03,-1,666484,1287596.75
ADPC,2024-05-20,2.07,2.07,1.925,1.954,0.257,0.005,-1,1441110,2854714
ADPC,2024-05-19,1.96,1.96,1.905,1.949,1.352,0.026,-1,1054264,2047080.375
ADPC,2024-05-16,1.98,1.98,1.801,1.923,6.596,0.119,-1,1643731,3107871.5
ADPC,2024-05-15,1.828,1.828,1.787,1.804,0.666,0.012,-1,875708,1574554
ADPC,2024-05-14,1.835,1.835,1.77,1.801,-0.607,-0.011,-1,1469319,2650861.75
ADPC,2024-05-13,1.83,1.83,1.721,1.812,0.549,0.01,-1,1468334,2637969.5
ADPC,2024-05-12,1.855,1.855,1.783,1.82,-0.706,-0.013,-1,1908908,3454085.75
ADPC,2024-05-09,1.86,1.86,1.75,1.842,5.378,0.094,-1,1800368,3264225
ADPC,2024-05-08,1.78,1.78,1.673,1.748,1.832,0.032,-1,1761389,3082149.25
ADPC,2024-05-07,1.753,1.753,1.702,1.747,1.688,0.029,-1,1336661,2317721
ADPC,2024-05-02,1.8,1.8,1.64,1.718,4.374,0.072,-1,2023529,3488506.25
ADPC,2024-05-01,1.7,1.7,1.6,1.646,-0.423,-0.007,-1,1347075,2213024.25
ADPC,2024-04-30,1.78,1.78,1.65,1.653,-6.399,-0.113,-1,1020255,1750262.25
ADPC,2024-04-29,1.78,1.78,1.71,1.766,2.14,0.037,-1,738016,1289340.5
ADPC,2024-04-28,1.858,1.858,1.715,1.729,-4.746,-0.086,-1,806618,1405951
ADPC,2024-04-24,1.945,1.945,1.742,1.812,-5.772,-0.111,-1,1183913,2171859.75
ADPC,2024-04-23,2,2,1.911,1.923,-3.318,-0.066,-1,968450,1889264.125
ADPC,2024-04-22,2.049,2.049,1.96,1.989,-0.749,-0.015,-1,824234,1645489
ADPC,2024-04-21,2.034,2.034,1.97,2.004,2.073,0.041,-1,1177694,2354666.5
ADPC,2024-04-18,2.157,2.157,1.952,1.978,-5.495,-0.115,-1,5121842,10589546
ADPC,2024-04-17,2.137,2.137,2.08,2.093,0.819,0.017,-1,10248966,21569710
ADPC,2024-04-16,2.088,2.088,1.981,2.076,5.274,0.104,-1,4053637,8272153.5
ADPC,2024-04-15,1.99,1.99,1.937,1.972,0.87,0.017,-1,1193094,2352859.5
ADPC,2024-04-08,1.97,1.97,1.921,1.955,-0.357,-0.007,-1,828372,1606292
ADPC,2024-04-07,1.996,1.996,1.95,1.962,-0.963,-0.019,-1,1127436,2233411.75
ADPC,2024-04-04,1.98,1.98,1.93,1.973,2.547,0.049,-1,711147,1390870.375
ADPC,2024-04-03,1.97,1.97,1.914,1.924,-0.311,-0.006,-1,714233,1388360.5
ADPC,2024-04-02,1.995,1.995,1.9,1.93,-0.052,-0.001,-1,1028308,2010054.75
ADPC,2024-04-01,1.95,1.95,1.88,1.931,3.577,0.067,-1,671422,1288372.625
ADPC,2024-03-31,1.979,1.979,1.85,1.873,-3.454,-0.067,-1,1400855,2682561.5
ADPC,2024-03-28,2.03,2.03,1.9,1.94,-1.523,-0.03,-1,1323151,2613341.75
ADPC,2024-03-27,2.04,2.04,1.95,1.97,-1.99,-0.04,-1,1300164,2594063.25
ADPC,2024-03-26,2.13,2.13,1.98,2.01,-4.739,-0.1,-1,2801205,5770201
ADPC,2024-03-25,2.17,2.17,2.09,2.11,-0.472,-0.01,-1,1668340,3537740.75
ADPC,2024-03-24,2.19,2.19,2.07,2.12,1.435,0.03,-1,2053209,4383432.5
ADPC,2024-03-21,2.2,2.2,1.82,2.09,-0.948,-0.02,-1,3952394,8257921.5
ADPC,2024-03-20,2.14,2.14,1.93,2.11,8.205,0.16,-1,2908498,5998391
ADPC,2024-03-19,2.01,2.01,1.87,1.95,-2.5,-0.05,-1,2226950,4333880
ADPC,2024-03-18,2.24,2.24,1.99,2,-10.714,-0.24,-1,3786275,7924720
ADPC,2024-03-17,2.41,2.41,2.2,2.24,0,0,-1,2950292,6677353.5
ADPC,2024-03-14,2.27,2.27,2.2,2.24,0,0,-1,2746612,6154945.5
ADPC,2024-03-13,2.38,2.38,2.2,2.24,-2.609,-0.06,-1,4174410,9480833
ADPC,2024-03-12,2.49,2.49,2.18,2.3,2.222,0.05,-1,13999385,32642132
ADPC,2024-03-11,2.33,2.33,2.24,2.25,-0.881,-0.02,-1,1761648,4020759.75
ADPC,2024-03-10,2.29,2.29,2.25,2.27,0.889,0.02,-1,1833996,4159999.25
ADPC,2024-03-07,2.32,2.32,2.2,2.25,-1.316,-0.03,-1,2121450,4772050
ADPC,2024-03-06,2.38,2.38,2.26,2.28,-3.39,-0.08,-1,2551115,5880954.5
ADPC,2024-03-05,2.45,2.45,2.34,2.36,0,0,-1,2377726,5703066.5
ADPC,2024-03-04,2.39,2.39,2.33,2.36,1.724,0.04,-1,3343519,7905231.5
ADPC,2024-03-03,2.36,2.36,2.27,2.32,0,0,-1,3178619,7381488.5
ADPC,2024-02-29,2.33,2.33,2.22,2.32,2.203,0.05,-1,2480050,5631859.5
ADPC,2024-02-28,2.45,2.45,2.27,2.27,-5.021,-0.12,-1,4473635,10453192
ADPC,2024-02-27,2.54,2.54,2.37,2.39,-1.646,-0.04,-1,3626319,8910957
ADPC,2024-02-26,2.49,2.49,2.42,2.43,0,0,-1,2707391,6635390
ADPC,2024-02-25,2.61,2.61,2.41,2.43,-8.989,-0.24,-1,7941760,19849642
ADPC,2024-02-22,2.7,2.7,2.63,2.67,0.755,0.02,-1,4439256,11835498
ADPC,2024-02-21,2.72,2.72,2.51,2.65,-1.119,-0.03,-1,5121338,13600839
ADPC,2024-02-20,2.73,2.73,2.62,2.68,3.077,0.08,-1,10348939,27753540
ADPC,2024-02-19,2.65,2.65,2.58,2.6,0.386,0.01,-1,8203381,21441014
ADPC,2024-02-18,2.62,2.62,2.5,2.59,3.6,0.09,-1,8928234,22960732
ADPC,2024-02-15,2.57,2.57,2.46,2.5,-0.794,-0.02,-1,5665822,14174027
ADPC,2024-02-14,2.55,2.55,2.37,2.52,6.78,0.16,-1,13377597,32888516
ADPC,2024-02-13,2.43,2.43,2.27,2.36,3.057,0.07,-1,8887386,20993150
ADPC,2024-02-12,2.3,2.3,2.22,2.29,0,0,-1,2316773,5245703.5
ADPC,2024-02-11,2.37,2.37,2.26,2.29,-2.137,-0.05,-1,3683251,8505911
ADPC,2024-02-08,2.39,2.39,2.3,2.34,1.739,0.04,-1,4486204,10446491
ADPC,2024-02-07,2.35,2.35,2.29,2.3,0.437,0.01,-1,3561093,8240006
ADPC,2024-02-06,2.51,2.51,2.28,2.29,-2.137,-0.05,-1,8453663,20222460
ADPC,2024-02-05,2.4,2.4,2.3,2.34,0.429,0.01,-1,3549474,8369205
ADPC,2024-02-04,2.42,2.42,2.25,2.33,-4.115,-0.1,-1,4847971,11264628
ADPC,2024-02-01,2.44,2.44,2.2,2.43,6.579,0.15,-1,3975905,9234631
ADPC,2024-01-31,2.64,2.64,2.2,2.28,-12.308,-0.32,-1,8114642,19550054
ADPC,2024-01-30,2.75,2.75,2.6,2.6,-2.985,-0.08,-1,10677249,28399992
ADPC,2024-01-29,2.68,2.68,2.41,2.68,9.388,0.23,-1,16733206,42913732
ADPC,2024-01-28,2.59,2.59,2.44,2.45,2.941,0.07,-1,8455961,21107832
ADPC,2024-01-24,2.44,2.44,2.28,2.38,5.31,0.12,-1,10924766,25940574
ADPC,2024-01-23,2.36,2.36,2.2,2.26,0.893,0.02,-1,7938077,18244460
ADPC,2024-01-22,2.35,2.35,2.2,2.24,-2.609,-0.06,-1,6926544,15688668
ADPC,2024-01-21,2.37,2.37,2.29,2.3,-1.709,-0.04,-1,8238835,19124304
ADPC,2024-01-18,2.48,2.48,2.31,2.34,1.739,0.04,-1,10261014,24428606
ADPC,2024-01-17,2.34,2.34,2.24,2.3,0,0,-1,7429115,16994408
ADPC,2024-01-16,2.44,2.44,2.16,2.3,5.023,0.11,-1,16236818,37670360
ADPC,2024-01-15,2.33,2.33,2.17,2.19,-2.667,-0.06,-1,10343855,22898000
ADPC,2024-01-14,2.36,2.36,2.09,2.25,9.223,0.19,-1,22372586,50211872
ADPC,2024-01-11,2.118,2.118,2.021,2.06,-1.435,-0.03,-1,9827441,20202448
ADPC,2024-01-10,2.188,2.188,1.852,2.09,13.095,0.242,-1,29968796,61290500
ADPC,2024-01-09,1.909,1.909,1.821,1.848,-1.018,-0.019,-1,7638387,14238809
ADPC,2024-01-08,1.9,1.9,1.76,1.867,5.899,0.104,-1,4240267,7814578
ADPC,2024-01-04,1.785,1.785,1.755,1.763,-0.789,-0.014,-1,1197385,2118067.25
ADPC,2024-01-03,1.798,1.798,1.75,1.774,1.256,0.022,-1,1929147,3426991.75
ADPC,2024-01-02,1.77,1.77,1.673,1.752,5.389,0.09,-1,1856348,3221149.5
ADPC,2023-12-31,1.692,1.692,1.66,1.67,0.24,0.004,-1,1893476,3163200.5
ADPC,2023-12-28,1.694,1.694,1.665,1.669,-0.299,-0.005,-1,1020565,1707222.375
ADPC,2023-12-27,1.68,1.68,1.649,1.673,1.95,0.032,-1,1092167,1820267.375
ADPC,2023-12-26,1.694,1.694,1.637,1.641,0.061,0.001,-1,895023,1475950.75
ADPC,2023-12-25,1.688,1.688,1.623,1.648,-0.663,-0.011,-1,1254555,2074269.375
ADPC,2023-12-24,1.745,1.745,1.63,1.659,-3.096,-0.053,-1,3177275,5331164.5
ADPC,2023-12-21,1.76,1.76,1.71,1.712,-2.171,-0.038,-1,2251624,3905507.5
ADPC,2023-12-20,1.798,1.798,1.747,1.75,-2.289,-0.041,-1,1276721,2253622.25
ADPC,2023-12-19,1.839,1.839,1.788,1.791,-1.917,-0.035,-1,1239621,2238176.5
ADPC,2023-12-18,1.865,1.865,1.821,1.826,-0.055,-0.001,-1,2568461,4723195
ADPC,2023-12-17,1.855,1.855,1.813,1.824,0.717,0.013,-1,1554407,2844417.75
ADPC,2023-12-14,1.83,1.83,1.804,1.812,0.835,0.015,-1,836799,1517636.75
ADPC,2023-12-13,1.825,1.825,1.773,1.797,1.749,0.031,-1,3066487,5547880
ADPC,2023-12-12,1.79,1.79,1.76,1.772,1.2,0.021,-1,1188188,2103287.12
ADPC,2023-12-11,1.82,1.82,1.75,1.751,-3.26,-0.059,-1,2866395,5088944
ADPC,2023-12-10,1.856,1.856,1.81,1.81,-1.201,-0.022,-1,2031475,3712369.75
ADPC,2023-12-07,1.87,1.87,1.8,1.832,-1.34,-0.025,-1,3040153,5563625.5
ADPC,2023-12-06,1.885,1.885,1.86,1.866,-0.267,-0.005,-1,2708179,5071779
ADPC,2023-12-05,1.897,1.897,1.853,1.871,1.135,0.021,-1,3186442,5969656
ADPC,2023-12-04,1.9,1.9,1.846,1.85,-0.751,-0.014,-1,4227890,7878058.5
ADPC,2023-12-03,1.87,1.87,1.846,1.864,0.431,0.008,-1,1861467,3457390.5
ADPC,2023-11-30,1.918,1.918,1.84,1.856,-0.855,-0.016,-1,3201476,5978905.5
ADPC,2023-11-29,1.945,1.945,1.83,1.871,-1.266,-0.024,-1,6167198,11768759
ADPC,2023-11-28,1.899,1.899,1.834,1.895,1.067,0.02,-1,3755517,7028098.5
ADPC,2023-11-27,1.903,1.903,1.84,1.875,1.187,0.022,-1,5282317,9896055
ADPC,2023-11-26,1.866,1.866,1.838,1.853,0.981,0.018,-1,3361254,6229122
ADPC,2023-11-23,1.89,1.89,1.825,1.835,-1.344,-0.025,-1,6177214,11419405
ADPC,2023-11-22,1.877,1.877,1.77,1.86,6.164,0.108,-1,14630576,26881612
ADPC,2023-11-21,1.759,1.759,1.682,1.752,2.998,0.051,-1,2754748,4738460.5
ADPC,2023-11-20,1.735,1.735,1.69,1.701,-0.758,-0.013,-1,3254019,5567089
ADPC,2023-11-19,1.747,1.747,1.71,1.714,-0.407,-0.007,-1,2406905,4151561.25
ADPC,2023-11-16,1.75,1.75,1.71,1.721,-0.635,-0.011,-1,3088558,5325359.5
ADPC,2023-11-15,1.765,1.765,1.725,1.732,0.058,0.001,-1,4292230,7476678.5
ADPC,2023-11-14,1.793,1.793,1.68,1.731,3.839,0.064,-1,10714742,18691644
ADPC,2023-11-13,1.69,1.69,1.62,1.667,2.522,0.041,-1,3262022,5429676
ADPC,2023-11-12,1.667,1.667,1.611,1.626,-0.672,-0.011,-1,1889809,3095069.25
ADPC,2023-11-09,1.691,1.691,1.602,1.637,-2.035,-0.034,-1,2971994,4876020
ADPC,2023-11-08,1.71,1.71,1.633,1.671,-0.595,-0.01,-1,3716030,6242995.5
ADPC,2023-11-07,1.69,1.69,1.62,1.681,3.958,0.064,-1,7037667,11736108
ADPC,2023-11-06,1.647,1.647,1.613,1.617,0.497,0.008,-1,3163605,5153519
ADPC,2023-11-05,1.612,1.612,1.586,1.609,1.322,0.021,-1,2615469,4177239.25
ADPC,2023-11-02,1.607,1.607,1.558,1.588,1.73,0.027,-1,1899461,3020646.5
ADPC,2023-11-01,1.608,1.608,1.552,1.561,-1.077,-0.017,-1,3331664,5235958.5
ADPC,2023-10-31,1.644,1.644,1.57,1.578,-2.412,-0.039,-1,3294764,5286538.5
ADPC,2023-10-30,1.682,1.682,1.615,1.617,-0.431,-0.007,-1,10196533,16848482
ADPC,2023-10-29,1.638,1.638,1.589,1.624,2.46,0.039,-1,5855981,9443248.62
ADPC,2023-10-26,1.619,1.619,1.567,1.585,1.213,0.019,-1,3695222,5868769
ADPC,2023-10-25,1.584,1.584,1.556,1.566,0.963,0.015,-1,2073636,3259016.25
ADPC,2023-10-24,1.6,1.6,1.544,1.557,-0.765,-0.012,-1,1679773,2636459.75
ADPC,2023-10-23,1.6,1.6,1.566,1.569,-0.127,-0.002,-1,1658807,2625723.75
ADPC,2023-10-22,1.58,1.58,1.551,1.571,0.317,0.005,-1,1685882,2633489.5
ADPC,2023-10-19,1.609,1.609,1.57,1.575,-0.19,-0.003,-1,2394723,3801758
ADPC,2023-10-18,1.647,1.647,1.573,1.578,-1.375,-0.022,-1,2576839,4125837.75
ADPC,2023-10-17,1.61,1.61,1.56,1.6,2.171,0.034,-1,2826722,4502566.5
ADPC,2023-10-16,1.6,1.6,1.515,1.566,2.689,0.041,-1,3661110,5700497.5
ADPC,2023-10-15,1.547,1.547,1.517,1.525,0.66,0.01,-1,1634790,2505740
ADPC,2023-10-12,1.538,1.538,1.51,1.515,0.731,0.011,-1,1556234,2365421
ADPC,2023-10-11,1.544,1.544,1.503,1.504,-2.083,-0.032,-1,1723297,2621304.25
ADPC,2023-10-10,1.544,1.544,1.5,1.536,0.458,0.007,-1,1476980,2262238
ADPC,2023-10-09,1.538,1.538,1.49,1.529,2.138,0.032,-1,1932358,2939169.25
ADPC,2023-10-08,1.569,1.569,1.471,1.497,-5.253,-0.083,-1,5630949,8501836
ADPC,2023-10-04,1.585,1.585,1.49,1.58,5.898,0.088,-1,7475132,11632605
ADPC,2023-10-03,1.52,1.52,1.49,1.492,-0.134,-0.002,-1,2402058,3592887.5
ADPC,2023-10-02,1.547,1.547,1.47,1.494,-3.364,-0.052,-1,4322778,6505573.5
ADPC,2023-10-01,1.546,1.546,1.452,1.546,5.17,0.076,-1,5294176,7837105
ADPC,2023-09-27,1.498,1.498,1.46,1.47,-1.869,-0.028,-1,3088063,4552980.5
ADPC,2023-09-26,1.519,1.519,1.495,1.498,0.335,0.005,-1,1837883,2760043.25
ADPC,2023-09-25,1.538,1.538,1.49,1.493,-1.517,-0.023,-1,2473199,3735898.25
ADPC,2023-09-24,1.579,1.579,1.513,1.516,-2.758,-0.043,-1,3534878,5445360
ADPC,2023-09-21,1.598,1.598,1.555,1.559,-1.204,-0.019,-1,2000935,3136464.25
ADPC,2023-09-20,1.654,1.654,1.55,1.578,-3.78,-0.062,-1,3938169,6366022
ADPC,2023-09-19,1.675,1.675,1.611,1.64,-0.425,-0.007,-1,4681680,7644812.5
ADPC,2023-09-18,1.686,1.686,1.64,1.647,-1.081,-0.018,-1,2904287,4814143.5
ADPC,2023-09-17,1.689,1.689,1.636,1.665,1.96,0.032,-1,5635521,9406042
ADPC,2023-09-14,1.665,1.665,1.624,1.633,0.246,0.004,-1,4281987,7040934
ADPC,2023-09-13,1.638,1.638,1.606,1.629,0.618,0.01,-1,1826398,2962284.75
ADPC,2023-09-12,1.676,1.676,1.613,1.619,-2.175,-0.036,-1,4085036,6680304
ADPC,2023-09-11,1.689,1.689,1.642,1.655,0.182,0.003,-1,8504219,14131093
ADPC,2023-09-10,1.709,1.709,1.651,1.652,-2.249,-0.038,-1,9471805,15852175
ADPC,2023-09-07,1.739,1.739,1.576,1.69,7.234,0.114,-1,24575969,41156860
ADPC,2023-09-06,1.63,1.63,1.572,1.576,-1.99,-0.032,-1,4407163,7053585
ADPC,2023-09-05,1.655,1.655,1.57,1.608,2.095,0.033,-1,10817486,17536770
ADPC,2023-09-04,1.623,1.623,1.57,1.575,-0.505,-0.008,-1,5845855,9290991
ADPC,2023-09-03,1.627,1.627,1.57,1.583,2.063,0.032,-1,11080368,17728238
ADPC,2023-08-31,1.589,1.589,1.513,1.551,2.309,0.035,-1,11248016,17542920
ADPC,2023-08-30,1.53,1.53,1.514,1.516,0.132,0.002,-1,2370376,3603806.25
ADPC,2023-08-29,1.555,1.555,1.502,1.514,0.732,0.011,-1,4882511,7472506.5
ADPC,2023-08-28,1.533,1.533,1.5,1.503,-1.185,-0.018,-1,3012688,4562430.5
ADPC,2023-08-27,1.543,1.543,1.512,1.519,0.663,0.01,-1,3796596,5804263.5
ADPC,2023-08-24,1.542,1.542,1.48,1.509,0.93,0.014,-1,4891732,7376998
ADPC,2023-08-23,1.579,1.579,1.503,1.505,-4.079,-0.064,-1,7667822,11723520
ADPC,2023-08-22,1.658,1.658,1.53,1.569,1.949,0.03,-1,16462263,26247248
ADPC,2023-08-21,1.57,1.57,1.53,1.539,0.72,0.011,-1,5905000,9128300
ADPC,2023-08-20,1.535,1.535,1.458,1.528,4.873,0.071,-1,3276956,4919614.5
ADPC,2023-08-17,1.51,1.51,1.44,1.457,-0.884,-0.013,-1,2758907,4064649.75
ADPC,2023-08-16,1.55,1.55,1.424,1.47,3.594,0.051,-1,8026713,12022463
ADPC,2023-08-15,1.427,1.427,1.402,1.419,0.71,0.01,-1,1619846,2297276.75
ADPC,2023-08-14,1.429,1.429,1.405,1.409,-0.424,-0.006,-1,1490045,2107155
ADPC,2023-08-13,1.425,1.425,1.403,1.415,0.426,0.006,-1,842609,1190798.375
ADPC,2023-08-10,1.467,1.467,1.403,1.407,0.495,0.007,-1,1351126,1903460.625
ADPC,2023-08-09,1.44,1.44,1.411,1.413,-0.772,-0.011,-1,1272796,1808755.375
ADPC,2023-08-08,1.467,1.467,1.419,1.424,-0.559,-0.008,-1,2752090,3968833
ADPC,2023-08-07,1.467,1.467,1.401,1.432,2.432,0.034,-1,3881078,5590165.5
ADPC,2023-08-06,1.42,1.42,1.381,1.398,1.012,0.014,-1,1183307,1656205.25
ADPC,2023-08-03,1.4,1.4,1.374,1.384,-0.288,-0.004,-1,997906,1381164.875
ADPC,2023-08-02,1.415,1.415,1.382,1.388,-0.857,-0.012,-1,1000965,1395765.5
ADPC,2023-08-01,1.432,1.432,1.393,1.4,-0.709,-0.01,-1,2389113,3360631.5
ADPC,2023-07-31,1.429,1.429,1.4,1.41,0,0,-1,1139667,1612865.625
ADPC,2023-07-30,1.477,1.477,1.405,1.41,-2.015,-0.029,-1,3081916,4467135.5
ADPC,2023-07-27,1.454,1.454,1.374,1.439,4.876,0.067,-1,2959190,4183608.25
ADPC,2023-07-26,1.39,1.39,1.37,1.374,-0.218,-0.003,-1,1210863,1668161.375
ADPC,2023-07-25,1.423,1.423,1.37,1.377,-2.617,-0.037,-1,1879625,2623265.25
ADPC,2023-07-24,1.432,1.432,1.41,1.414,-0.423,-0.006,-1,1025192,1454444.5
ADPC,2023-07-19,1.439,1.439,1.414,1.42,0.709,0.01,-1,799661,1136287.875
ADPC,2023-07-18,1.446,1.446,1.405,1.41,0.642,0.009,-1,1610924,2291470.5
ADPC,2023-07-17,1.456,1.456,1.4,1.401,-2.776,-0.04,-1,2384199,3368961.5
ADPC,2023-07-16,1.493,1.493,1.437,1.441,-0.689,-0.01,-1,3690468,5349383.5
ADPC,2023-07-13,1.469,1.469,1.44,1.451,1.115,0.016,-1,1531557,2224656
ADPC,2023-07-12,1.48,1.48,1.43,1.435,-1.239,-0.018,-1,1535379,2217784.25
ADPC,2023-07-11,1.516,1.516,1.45,1.453,1.396,0.02,-1,4806460,7100505
ADPC,2023-07-10,1.448,1.448,1.391,1.433,3.818,0.053,-1,2651412,3766651
ADPC,2023-07-09,1.556,1.556,1.38,1.388,-9.446,-0.145,-1,3667078,5287497.5
ADPC,2023-07-06,1.643,1.643,1.533,1.535,-3.277,-0.052,-1,7116801,11340937
ADPC,2023-07-05,1.593,1.593,1.511,1.587,4.752,0.072,-1,5512457,8628925
ADPC,2023-07-04,1.527,1.527,1.5,1.515,1.406,0.021,-1,2671770,4043077
ADPC,2023-06-26,1.53,1.53,1.49,1.494,-1.125,-0.017,-1,3248238,4882741.5
ADPC,2023-06-25,1.595,1.595,1.501,1.511,-3.203,-0.05,-1,2217557,3416347.5
ADPC,2023-06-22,1.6,1.6,1.536,1.561,-0.573,-0.009,-1,2619566,4120278.5
ADPC,2023-06-21,1.654,1.654,1.56,1.57,-4.559,-0.075,-1,2401148,3869770.25
ADPC,2023-06-20,1.66,1.66,1.63,1.645,0.673,0.011,-1,2227709,3663097.5
ADPC,2023-06-19,1.698,1.698,1.63,1.634,-0.366,-0.006,-1,3622711,5995055.5
ADPC,2023-06-18,1.67,1.67,1.63,1.64,-0.304,-0.005,-1,1867815,3076750.5
ADPC,2023-06-15,1.71,1.71,1.64,1.645,-1.438,-0.024,-1,4105627,6808874
ADPC,2023-06-14,1.757,1.757,1.662,1.669,-1.939,-0.033,-1,5914522,10151308
ADPC,2023-06-13,1.79,1.79,1.661,1.702,0.71,0.012,-1,10117398,17441750
ADPC,2023-06-12,1.755,1.755,1.68,1.69,-1.807,-0.031,-1,4255795,7301137
ADPC,2023-06-11,1.909,1.909,1.713,1.716,-6.127,-0.112,-1,14599337,26285446
ADPC,2023-06-08,1.97,1.97,1.706,1.828,6.341,0.109,-1,34777696,63702044
ADPC,2023-06-07,1.737,1.737,1.485,1.719,18.715,0.271,-1,30241304,49844116
ADPC,2023-06-06,1.5,1.5,1.368,1.448,4.473,0.062,-1,8318225,11793361
ADPC,2023-06-05,1.4,1.4,1.38,1.386,-0.216,-0.003,-1,3473268,4819467.5
ADPC,2023-06-04,1.426,1.426,1.351,1.389,6.355,0.083,-1,6925372,9641044
ADPC,2023-06-01,1.33,1.33,1.28,1.31,0.659,0.01,-1,5919007,7738195.5
ADPC,2023-05-31,1.33,1.33,1.29,1.3,-0.914,-0.01,-1,4846889,6328939.5
ADPC,2023-05-30,1.35,1.35,1.31,1.31,-0.97,-0.01,-1,3711941,4901456.5
ADPC,2023-05-29,1.38,1.38,1.31,1.32,-0.514,-0.01,-1,6202387,8288312
ADPC,2023-05-28,1.33,1.33,1.23,1.33,6.946,0.09,-1,7286367,9466857
ADPC,2023-05-25,1.25,1.25,1.21,1.24,0.276,0,-1,1971585,2438611.75
ADPC,2023-05-24,1.28,1.28,1.24,1.24,-0.685,-0.01,-1,3584131,4509263
ADPC,2023-05-23,1.27,1.27,1.23,1.25,0.551,0.01,-1,2941433,3672365.25
ADPC,2023-05-22,1.29,1.29,1.24,1.24,-2.55,-0.03,-1,3417481,4330043.5
ADPC,2023-05-21,1.3,1.3,1.26,1.27,0.472,0,-1,3832940,4905942
ADPC,2023-05-18,1.3,1.3,1.22,1.27,-0.336,0,-1,4706761,5983865.5
ADPC,2023-05-17,1.34,1.34,1.27,1.27,2.621,0.03,-1,9790722,12747346
ADPC,2023-05-16,1.26,1.26,1.2,1.24,-0.821,-0.01,-1,5428011,6653755.5
ADPC,2023-05-15,1.33,1.33,1.24,1.25,-3.496,-0.05,-1,3996098,5100711
ADPC,2023-05-14,1.34,1.34,1.28,1.3,-0.263,0,-1,5508213,7174104
ADPC,2023-05-11,1.37,1.37,1.3,1.3,-2.627,-0.03,-1,4035710,5348511
ADPC,2023-05-10,1.38,1.38,1.31,1.33,1.429,0.01,-1,12743958,17141746
ADPC,2023-05-09,1.39,1.39,1.27,1.32,1.584,0.02,-1,14220227,18972196
ADPC,2023-05-08,1.35,1.35,1.29,1.3,-2.321,-0.03,-1,10214928,13438848
ADPC,2023-05-07,1.33,1.33,1.18,1.33,12.8,0.15,-1,17950162,22831150
ADPC,2023-05-03,1.19,1.19,1.11,1.18,4.802,0.06,-1,6234914,7184701.5
ADPC,2023-05-02,1.14,1.14,1.07,1.12,0,0,-1,3766837,4203708
ADPC,2023-05-01,1.18,1.18,1.11,1.12,-2.6,-0.03,-1,5016237,5664187.95
ADPC,2023-04-30,1.23,1.23,1.13,1.15,1.81,0.02,-1,8442902,9919162.13
ADPC,2023-04-27,1.15,1.15,0.983,1.13,15.445,0.15,-1,17737188,19392076
ADPC,2023-04-26,0.991,0.991,0.977,0.98,-0.521,-0.005,-1,2235247,2196704.75
ADPC,2023-04-19,0.998,0.998,0.983,0.985,0.087,0.001,-1,1197163,1184131.375
ADPC,2023-04-18,0.994,0.994,0.983,0.984,-0.519,-0.005,-1,873924,863742.188
ADPC,2023-04-13,0.996,0.996,0.975,0.989,0.347,0.003,-1,2025310,1997063.75
ADPC,2023-04-12,1,1,0.983,0.986,-0.775,-0.007,-1,3523598,3491054.25
ADPC,2023-04-11,1,1,0.989,0.993,0,0,-1,2318425,2306200
ADPC,2023-04-10,1.01,1.01,0.992,0.993,-1.442,-0.017,-1,1792053,1792557.875
ADPC,2023-04-09,1.03,1.03,1.01,1.01,-1.586,-0.01,-1,1810167,1831744.25
ADPC,2023-04-06,1.03,1.03,1.02,1.02,0.757,0,-1,1506148,1545597
ADPC,2023-04-05,1.04,1.04,1.01,1.02,-0.335,0,-1,2333858,2388441.5
ADPC,2023-04-04,1.03,1.03,1.02,1.02,0.505,0.01,-1,2438625,2486321.75
ADPC,2023-04-03,1.04,1.04,1.01,1.01,-0.252,-0.01,-1,3451063,3506370.5
ADPC,2023-04-02,1.04,1.04,1.01,1.02,-0.251,0,-1,834194,850097.813
ADPC,2023-03-30,1.03,1.03,0.993,1.02,1.102,0.01,-1,3120913,3176633
ADPC,2023-03-29,1.01,1.01,0.985,1.01,2.253,0.023,-1,2244656,2259292
ADPC,2023-03-28,1.02,1.02,0.983,0.987,-2.698,-0.023,-1,2517109,2497453
ADPC,2023-03-27,1.06,1.06,1.01,1.01,-2.787,-0.03,-1,2738079,2808049.5
ADPC,2023-03-26,1.06,1.06,1.03,1.04,0.743,0,-1,4637132,4858864
ADPC,2023-03-23,1.05,1.05,1.02,1.04,0.494,0,-1,2600142,2689608.25
ADPC,2023-03-22,1.08,1.08,1.03,1.04,0.58,0.01,-1,4362855,4571603.65
ADPC,2023-03-21,1.04,1.04,0.985,1.03,4.593,0.043,-1,4742311,4824819.5
ADPC,2023-03-20,1,1,0.97,0.987,0.786,0.008,-1,2135879,2106966.5
ADPC,2023-03-19,1.02,1.02,0.953,0.979,0.351,0.004,-1,3317687,3230239.75
ADPC,2023-03-16,1.01,1.01,0.95,0.975,-3.059,-0.035,-1,1519985,1489354.25
ADPC,2023-03-15,1.13,1.13,0.949,1.01,-6.883,-0.07,-1,2935490,3092436.5
ADPC,2023-03-14,1.11,1.11,1.04,1.08,1.039,0.01,-1,2653981,2868089.25
ADPC,2023-03-13,1.2,1.2,1.06,1.07,-11.214,-0.13,-1,4564230,5108968
ADPC,2023-03-12,1.3,1.3,1.2,1.2,-7.242,-0.1,-1,4818993,5946491
ADPC,2023-03-09,1.32,1.32,1.28,1.3,-0.328,0,-1,2720784,3521777.75
ADPC,2023-03-08,1.35,1.35,1.3,1.3,-3.544,-0.05,-1,3876860,5112474.5
ADPC,2023-03-07,1.46,1.46,1.34,1.35,-7.71,-0.11,-1,11109698,15498463
ADPC,2023-03-06,1.56,1.56,1.46,1.46,-4.571,-0.07,-1,13616421,20478226
ADPC,2023-03-05,1.56,1.56,1.53,1.53,-0.884,-0.02,-1,2190167,3383351.5
ADPC,2023-03-02,1.56,1.56,1.53,1.55,0.055,0,-1,1778947,2745167
ADPC,2023-03-01,1.58,1.58,1.52,1.55,0.612,0.01,-1,1123241,1737325.5
ADPC,2023-02-28,1.56,1.56,1.53,1.54,-1.317,-0.02,-1,1836493,2833777.25
ADPC,2023-02-27,1.59,1.59,1.55,1.56,-0.328,0,-1,1821467,2845672.25
ADPC,2023-02-26,1.61,1.61,1.53,1.56,2.466,0.03,-1,7161192,11263413
ADPC,2023-02-23,1.54,1.54,1.5,1.53,1.364,0.03,-1,1564268,2385366.5
ADPC,2023-02-22,1.56,1.56,1.5,1.5,1.208,0.01,-1,5061223,7770913.5
ADPC,2023-02-21,1.5,1.5,1.46,1.49,-0.172,0,-1,1321703,1959043.5
ADPC,2023-02-20,1.53,1.53,1.48,1.49,-1.481,-0.01,-1,869734,1308853.75
ADPC,2023-02-19,1.54,1.54,1.5,1.5,-0.847,-0.01,-1,571014,864895.188
ADPC,2023-02-16,1.55,1.55,1.51,1.51,-1.006,-0.02,-1,1130561,1724894.375
ADPC,2023-02-15,1.56,1.56,1.51,1.53,1.59,0.02,-1,2658249,4082256.5
ADPC,2023-02-14,1.52,1.52,1.5,1.51,0.912,0.01,-1,1304300,1969464.25
ADPC,2023-02-13,1.56,1.56,1.46,1.5,2.335,0.04,-1,3765339,5695002
ADPC,2023-02-12,1.5,1.5,1.43,1.46,1.481,0.02,-1,1342416,1966740.75
ADPC,2023-02-09,1.45,1.45,1.41,1.44,1.442,0.02,-1,1057889,1515120.625
ADPC,2023-02-08,1.47,1.47,1.42,1.42,-1.48,-0.02,-1,886801,1269011.125
ADPC,2023-02-07,1.47,1.47,1.39,1.44,4.383,0.06,-1,2347906,3373898
ADPC,2023-02-06,1.42,1.42,1.38,1.38,-0.246,-0.01,-1,1054202,1466337.375
ADPC,2023-02-05,1.45,1.45,1.37,1.39,-2.285,-0.03,-1,1464526,2041810.75
ADPC,2023-02-02,1.48,1.48,1.4,1.42,-0.657,-0.01,-1,1756595,2535811.25
ADPC,2023-02-01,1.46,1.46,1.4,1.43,0.726,0.02,-1,826570,1179266.5
ADPC,2023-01-31,1.48,1.48,1.4,1.41,-4.479,-0.06,-1,1409222,2030479.125
ADPC,2023-01-30,1.54,1.54,1.46,1.47,-4.02,-0.06,-1,2446207,3654583.75
ADPC,2023-01-29,1.55,1.55,1.53,1.53,0.336,0,-1,1088013,1672685.5
ADPC,2023-01-25,1.56,1.56,1.52,1.53,-0.557,0,-1,1379222,2113235
ADPC,2023-01-24,1.56,1.56,1.53,1.53,-0.938,-0.02,-1,1174728,1811563
ADPC,2023-01-23,1.59,1.59,1.54,1.55,-1.415,-0.02,-1,1467774,2297820.75
ADPC,2023-01-22,1.58,1.58,1.55,1.57,2.443,0.03,-1,2757029,4313149.5
ADPC,2023-01-19,1.55,1.55,1.52,1.54,0.896,0.01,-1,3009027,4631497.5
ADPC,2023-01-18,1.57,1.57,1.52,1.53,0.168,0.01,-1,3098874,4779141.5
ADPC,2023-01-17,1.55,1.55,1.5,1.52,1.829,0.02,-1,2276866,3469513.25
ADPC,2023-01-16,1.51,1.51,1.49,1.5,0.633,0.01,-1,1855332,2778283.5
ADPC,2023-01-15,1.53,1.53,1.48,1.49,-1.305,-0.02,-1,2936095,4397618.5
ADPC,2023-01-12,1.55,1.55,1.5,1.51,-0.844,-0.01,-1,2142873,3243920.75
ADPC,2023-01-11,1.58,1.58,1.51,1.52,-1.278,-0.02,-1,2744001,4216686.5
ADPC,2023-01-10,1.61,1.61,1.53,1.54,-3.743,-0.06,-1,3821309,5962329.5
ADPC,2023-01-09,1.63,1.63,1.59,1.6,-1.163,-0.02,-1,2716490,4370058
ADPC,2023-01-05,1.65,1.65,1.61,1.62,-0.369,0,-1,4324508,7053502
ADPC,2023-01-04,1.67,1.67,1.59,1.62,-1.81,-0.03,-1,6754880,10945405
ADPC,2023-01-03,1.68,1.68,1.65,1.65,0.363,0,-1,4538129,7549636
ADPC,2023-01-02,1.65,1.65,1.62,1.65,1.796,0.03,-1,3715524,6099193.5
ADPC,2022-12-29,1.64,1.64,1.6,1.62,0.745,0.01,-1,4081241,6606275
ADPC,2022-12-28,1.61,1.61,1.57,1.61,2.064,0.04,-1,2602728,4166826.5
ADPC,2022-12-27,1.6,1.6,1.56,1.57,1.209,0.01,-1,3642153,5759477.5
ADPC,2022-12-26,1.57,1.57,1.52,1.56,1.281,0.02,-1,2913523,4496218.5
ADPC,2022-12-25,1.58,1.58,1.53,1.54,-3.389,-0.05,-1,4035716,6236633
ADPC,2022-12-22,1.64,1.64,1.59,1.59,0,0,-1,6285002,10157931
ADPC,2022-12-21,1.62,1.62,1.58,1.59,-0.482,-0.01,-1,3725480,5928317.5
ADPC,2022-12-20,1.64,1.64,1.59,1.6,-0.69,-0.01,-1,4273958,6872115.47
ADPC,2022-12-19,1.63,1.63,1.58,1.61,0.213,0.01,-1,4610791,7388863.5
ADPC,2022-12-18,1.66,1.66,1.59,1.6,-1.159,-0.02,-1,5968524,9660733
ADPC,2022-12-15,1.72,1.72,1.61,1.62,-3.162,-0.06,-1,15738371,26286422
ADPC,2022-12-14,1.74,1.74,1.56,1.68,7.925,0.13,-1,21392041,35367944
ADPC,2022-12-13,1.58,1.58,1.5,1.55,3.592,0.05,-1,10196284,15773642
ADPC,2022-12-12,1.51,1.51,1.48,1.5,0.057,0,-1,3252782,4861045
ADPC,2022-12-11,1.52,1.52,1.49,1.5,-0.171,0,-1,4449301,6697738.5
ADPC,2022-12-08,1.51,1.51,1.48,1.5,0.114,0,-1,4550157,6821700
ADPC,2022-12-07,1.53,1.53,1.49,1.5,-0.228,0,-1,7227774,10874913
ADPC,2022-12-06,1.54,1.54,1.5,1.5,-1.568,-0.03,-1,4115305,6212922.5
ADPC,2022-12-05,1.56,1.56,1.52,1.53,-0.833,-0.01,-1,6989109,10769883
ADPC,2022-12-04,1.56,1.56,1.53,1.54,-0.055,0,-1,7102084,10949345
ADPC,2022-12-01,1.57,1.57,1.54,1.54,-0.387,-0.01,-1,9163216,14209462
ADPC,2022-11-30,1.59,1.59,1.54,1.55,-1.363,-0.02,-1,13626567,21319088
ADPC,2022-11-29,1.62,1.62,1.57,1.57,-1.715,-0.03,-1,14741625,23355186
ADPC,2022-11-28,1.63,1.63,1.53,1.6,3.724,0.06,-1,22699674,36180148
ADPC,2022-11-27,1.55,1.55,1.53,1.54,0.728,0.01,-1,2732906,4207006.5
ADPC,2022-11-24,1.55,1.55,1.52,1.53,-0.223,0,-1,3519734,5392859
ADPC,2022-11-23,1.58,1.58,1.53,1.53,-2.078,-0.03,-1,7074345,10984092
ADPC,2022-11-22,1.58,1.58,1.52,1.56,0.495,0,-1,8147776,12687903
ADPC,2022-11-21,1.58,1.58,1.46,1.56,4.9,0.08,-1,18772178,28900652.04
ADPC,2022-11-20,1.5,1.5,1.47,1.48,0.347,0,-1,4217485,6253690
ADPC,2022-11-17,1.51,1.51,1.47,1.48,-0.575,-0.01,-1,4977843,7408088.5
ADPC,2022-11-16,1.49,1.49,1.46,1.49,0.4,0.01,-1,5483759,8107861.81
ADPC,2022-11-15,1.48,1.48,1.4,1.48,5.8,0.08,-1,11361319,16538311.19
ADPC,2022-11-14,1.42,1.42,1.38,1.4,-0.848,-0.01,-1,4950108,6917566.5
ADPC,2022-11-13,1.42,1.42,1.4,1.41,1.725,0.02,-1,7441632,10505371
ADPC,2022-11-10,1.42,1.42,1.34,1.39,3.772,0.05,-1,10152527,14073386
ADPC,2022-11-09,1.38,1.38,1.33,1.34,-3.038,-0.04,-1,8738269,11841758
ADPC,2022-11-08,1.44,1.44,1.38,1.38,-3.065,-0.04,-1,7101644,9983291
ADPC,2022-11-07,1.45,1.45,1.42,1.42,-0.597,-0.01,-1,4594488,6572350
ADPC,2022-11-06,1.47,1.47,1.42,1.43,-2.111,-0.03,-1,8083607,11599939
ADPC,2022-11-03,1.49,1.49,1.45,1.46,-1.045,-0.01,-1,8172968,12002867
ADPC,2022-11-02,1.54,1.54,1.47,1.47,0,0,-1,14257081,21394436
ADPC,2022-11-01,1.5,1.5,1.47,1.47,0.291,0,-1,7061164,10443581
ADPC,2022-10-31,1.49,1.49,1.46,1.47,-0.521,-0.01,-1,6388511,9370580
ADPC,2022-10-30,1.55,1.55,1.47,1.48,-3.788,-0.05,-1,10585674,15981337
ADPC,2022-10-27,1.6,1.6,1.53,1.53,1.7,0.02,-1,13896454,21571108
ADPC,2022-10-26,1.54,1.54,1.51,1.51,-0.843,-0.01,-1,6332729,9638569
ADPC,2022-10-25,1.58,1.58,1.52,1.52,-2.305,-0.04,-1,10367622,15956326
ADPC,2022-10-24,1.59,1.59,1.51,1.56,2.822,0.05,-1,20645917,32049666
ADPC,2022-10-23,1.6,1.6,1.5,1.51,-2.64,-0.05,-1,16498809,25293926.18
ADPC,2022-10-20,1.59,1.59,1.44,1.56,6.43,0.1,-1,18599038,28550429.83
ADPC,2022-10-19,1.59,1.59,1.44,1.46,-7.57,-0.12,-1,24779638,37698764
ADPC,2022-10-18,1.69,1.69,1.58,1.58,-5.13,-0.09,-1,20822901,33838079.78
ADPC,2022-10-17,1.74,1.74,1.67,1.67,-2.99,-0.05,-1,16874169,28591787.21
ADPC,2022-10-16,1.89,1.89,1.63,1.72,-3.37,-0.06,-1,55195715,97489348.76
ADPC,2022-10-13,1.81,1.81,1.49,1.78,19.77,0.27,-1,32876639,54989076
ADPC,2022-10-12,1.66,1.66,1.5,1.51,-8.29,-0.14,-1,15511914,24343294
ADPC,2022-10-11,1.81,1.81,1.59,1.65,-7.21,-0.13,-1,25583066,43297875.65
ADPC,2022-10-10,1.98,1.98,1.76,1.78,-8.77,-0.17,-1,16363261,30339796
ADPC,2022-10-09,2.09,2.09,1.91,1.95,-4.2,-0.08,-1,13231054,26621500
ADPC,2022-10-05,2.09,2.09,1.92,2.03,1.71,0.03,-1,11099110,22419322
ADPC,2022-10-04,2.25,2.25,1.97,2,-6.77,-0.15,-1,14013379,29127228
ADPC,2022-10-03,2.44,2.44,2.13,2.15,-9.71,-0.23,-1,9103032,20358084
ADPC,2022-10-02,2.62,2.62,2.35,2.38,-7.33,-0.18,-1,8105559,19898666
ADPC,2022-09-29,2.78,2.78,2.41,2.56,-7.41,-0.21,-1,12696094,32810250
ADPC,2022-09-28,2.99,2.99,2.72,2.77,0.31,0.01,-1,2669863,7546324
ADPC,2022-09-27,2.83,2.83,2.74,2.76,0.31,-0.03,-1,519804,1448085
ADPC,2022-09-26,2.9,2.9,2.75,2.79,0.31,0.02,-1,165014,461879.03
ADPC,2022-09-25,2.9,2.9,2.74,2.77,-1.22,-0.03,-1,112064,311217.34
ADPC,2022-09-22,2.97,2.97,2.74,2.8,-3.54,-0.1,-1,171127,480265.5
ADPC,2022-09-21,2.99,2.99,2.82,2.9,0.89,0.03,-1,292418,842209.31
ADPC,2022-09-20,2.93,2.93,2.65,2.87,11.51,0.27,-1,389897,1099204.13
ADPC,2022-09-19,2.74,2.74,2.4,2.6,3.29,0,-1,97537,252637.88
ADPC,2022-09-18,3.03,3.03,2.56,2.6,-11.82,-0.37,-1,192669,540153.19
ADPC,2022-09-15,3.18,3.18,2.94,2.97,0.58,0.02,-1,322870,978353.56
ADPC,2022-09-14,3.38,3.38,2.86,2.95,-9.69,-0.32,-1,453199,1383223
ADPC,2022-09-13,3.43,3.43,3.25,3.27,-4.5,-0.15,-1,108072,359838.06
ADPC,2022-09-12,3.69,3.69,3.39,3.42,-6.32,-0.23,-1,210454,728485.31
ADPC,2022-09-11,3.77,3.77,3.59,3.65,-2.49,-0.12,-1,123548,453228.81
ADPC,2022-09-08,3.93,3.93,3.65,3.77,1.15,0.04,-1,274276,1032283.69
ADPC,2022-09-07,4.01,4.01,3.63,3.73,-4.39,-0.17,-1,193233,734738.19
ADPC,2022-09-06,4.07,4.07,3.79,3.9,0.66,0.03,-1,894729,3513832.25
ADPC,2022-09-05,3.95,3.95,3.77,3.87,-0.22,-0.01,-1,114630,438690.41
ADPC,2022-09-04,3.98,3.98,3.68,3.88,3.56,0.04,-1,272210,1048008.06
ADPC,2022-09-01,3.87,3.87,3.61,3.84,0.89,0,-1,60630,229589.5
ADPC,2022-08-31,3.98,3.98,3.76,3.84,-2,0,-1,63067,241618.05
ADPC,2022-08-30,3.92,3.92,3.81,3.84,-1.53,-0.07,-1,82505,317940.03
ADPC,2022-08-29,4.05,4.05,3.89,3.91,-1.08,-0.04,-1,102647,407607.5
ADPC,2022-08-28,4.09,4.09,3.93,3.95,-1.71,-0.05,-1,113642,453562.28
ADPC,2022-08-25,4.13,4.13,3.93,4,1.52,0.06,-1,289128,1153650
ADPC,2022-08-24,4.18,4.18,3.77,3.94,3.83,0.14,-1,331087,1312569.25
ADPC,2022-08-23,4.05,4.05,3.74,3.8,-3.08,-0.09,-1,185347,717627.06
ADPC,2022-08-22,4.17,4.17,3.86,3.89,-3.84,-0.12,-1,254575,1021278
ADPC,2022-08-21,4.05,4.05,3.84,4.01,2.67,0.16,-1,185301,730850.19
ADPC,2022-08-18,4.08,4.08,3.85,3.85,0,0,-1,47124,182245.05
ADPC,2022-08-17,4.09,4.09,3.77,3.85,0.21,-0.16,-1,264513,1042320.06
ADPC,2022-08-16,4.3,4.3,3.99,4.01,-3.1,-0.13,-1,120739,492999
ADPC,2022-08-15,4.28,4.28,4.03,4.14,1.04,0.05,-1,342390,1429178.38
ADPC,2022-08-14,4.39,4.39,4.03,4.09,-3.43,-0.15,-1,393440,1669844.13
ADPC,2022-08-11,4.39,4.39,4.21,4.24,-0.4,-0.02,-1,221340,945668.69
ADPC,2022-08-10,4.41,4.41,4.19,4.26,-1.19,-0.05,-1,253683,1088288.75
ADPC,2022-08-09,4.58,4.58,4.27,4.31,-0.59,-0.02,-1,505364,2229381
ADPC,2022-08-08,4.65,4.65,4.27,4.33,-0.78,-0.04,-1,433856,1930519.25
ADPC,2022-08-07,4.49,4.49,3.95,4.37,14.95,0.48,-1,788021,3372945
ADPC,2022-08-04,3.98,3.98,3.68,3.89,6.9,0.17,-1,367944,1427284.38
ADPC,2022-08-03,3.8,3.8,3.55,3.72,5.01,0.14,-1,360385,1346237.38
ADPC,2022-08-02,3.67,3.67,3.54,3.58,-0.48,0,-1,56790,202303.48
ADPC,2022-08-01,3.78,3.78,3.5,3.58,-3.48,-0.1,-1,396143,1451215
ADPC,2022-07-31,3.75,3.75,3.65,3.68,0.23,0,-1,276523,1022584.5
ADPC,2022-07-28,3.72,3.72,3.44,3.68,5.65,0.2,-1,293509,1062133
ADPC,2022-07-27,3.64,3.64,3.42,3.48,-4.31,-0.09,-1,219004,775356.06
ADPC,2022-07-26,3.71,3.71,3.38,3.57,8.12,0.2,-1,632437,2252195.5
ADPC,2022-07-25,3.5,3.5,3.37,3.37,0,0,-1,74347,253434
ADPC,2022-07-24,3.5,3.5,3.33,3.37,0.77,0.03,-1,403424,1381372.25
ADPC,2022-07-21,3.42,3.42,3.1,3.34,11.36,0.33,-1,442760,1452795.75
ADPC,2022-07-20,3.14,3.14,3.01,3.01,0,0,-1,67967,209394.47
ADPC,2022-07-19,3.2,3.2,2.99,3.01,-2.78,-0.07,-1,100539,305748.56
ADPC,2022-07-18,3.16,3.16,2.86,3.08,3.45,0.11,-1,294736,887200.69
ADPC,2022-07-17,3.01,3.01,2.79,2.97,-2.01,0,-1,39004,113705.48
ADPC,2022-07-07,3.06,3.06,2.92,2.97,-1.42,-0.05,-1,157794,472514.34
ADPC,2022-07-06,3.08,3.08,2.92,3.02,1.45,0.08,-1,243807,736211.88
ADPC,2022-07-05,3.03,3.03,2.7,2.94,9.15,0.23,-1,650712,1902119.13
ADPC,2022-07-04,2.74,2.74,2.57,2.71,3.26,0.09,-1,431492,1154432.75
ADPC,2022-07-03,2.82,2.82,2.6,2.62,-6.4,-0.18,-1,254796,685368.19
ADPC,2022-06-29,2.91,2.91,2.74,2.8,2.5,0.06,-1,418131,1180129
ADPC,2022-06-28,2.84,2.84,2.62,2.74,2.56,0.07,-1,747231,2048948
ADPC,2022-06-27,2.74,2.74,2.39,2.67,10.25,0.25,-1,729008,1908095.13
ADPC,2022-06-26,2.52,2.52,2.38,2.42,-1.77,0,-1,112837,275860.75
ADPC,2022-06-23,2.48,2.48,2.32,2.42,0.71,0.02,-1,527759,1273676.13
ADPC,2022-06-22,2.77,2.77,2.27,2.4,-10.22,-0.28,-1,321397,802742.31
ADPC,2022-06-21,2.79,2.79,2.63,2.68,0.32,0.01,-1,200294,538980.81
ADPC,2022-06-20,2.82,2.82,2.63,2.67,-1.89,-0.05,-1,387890,1056515.13
ADPC,2022-06-19,2.97,2.97,2.7,2.72,-1.85,-0.05,-1,478636,1356291.5
ADPC,2022-06-16,2.82,2.82,2.61,2.77,5.94,0.18,-1,900710,2449380.5
ADPC,2022-06-15,2.72,2.72,2.43,2.59,5.208,0.13,-1,731906,1903091.75
ADPC,2022-06-14,2.46,2.46,1.93,2.46,20,0.41,-1,1493050,3375991.75
ADPC,2022-06-13,2.02,2.02,1.95,2.05,0,0,-1,49832,98300.42
ADPC,2022-06-12,2.03,2.03,1.92,2.05,-2.08,0,-1,109452,219988.3
ADPC,2022-06-09,2.1,2.1,2.03,2.05,-1.25,0,-1,100812,207138.81
ADPC,2022-06-08,2.14,2.14,2.01,2.05,0.42,0.01,-1,266999,550903.69
ADPC,2022-06-07,2.08,2.08,1.88,2.04,4.37,0.08,-1,331834,665318.31
ADPC,2022-06-06,1.99,1.99,1.91,1.96,1.75,0,-1,21769,42384.61
ADPC,2022-06-05,2.05,2.05,1.92,1.96,1.78,0.04,-1,465437,926407
ADPC,2022-06-02,2.02,2.02,1.8,1.92,5.14,0.09,-1,920915,1765992.38
ADPC,2022-06-01,1.84,1.84,1.79,1.83,-2.34,0,-1,124015,226064.58
ADPC,2022-05-31,1.99,1.99,1.79,1.83,-0.93,-0.02,-1,446823,843501.25
ADPC,2022-05-30,1.88,1.88,1.79,1.85,1.41,0.03,-1,342649,632082.63
ADPC,2022-05-29,1.84,1.84,1.64,1.82,5.97,0.1,-1,314773,552450.56
ADPC,2022-05-26,1.8,1.8,1.68,1.72,-8.68,-0.15,-1,256349,441974.66
ADPC,2022-05-25,1.83,1.83,1.73,1.87,-7.76,0,-1,80623,142714.47
ADPC,2022-05-24,1.86,1.86,1.77,1.87,-1.37,0,-1,160563,292406.28
ADPC,2022-05-23,1.91,1.91,1.86,1.87,0,0,-1,37041,69687.6
ADPC,2022-05-22,1.91,1.91,1.88,1.87,0.46,0,-1,60413,114281.08
ADPC,2022-05-19,1.97,1.97,1.83,1.87,-2.67,-0.05,-1,531915,1003541.5
ADPC,2022-05-18,2.01,2.01,1.88,1.92,-2.17,-0.05,-1,235631,452086.13
ADPC,2022-05-17,1.98,1.98,1.91,1.97,-3.04,0,-1,40781,79767.93
ADPC,2022-05-16,1.99,1.99,1.88,1.97,0,0,-1,140407,268640.78
ADPC,2022-05-15,2.09,2.09,1.88,1.97,-3.36,-0.06,-1,435411,863092.44
ADPC,2022-05-12,2.11,2.11,2.01,2.03,-4.42,-0.1,-1,212566,435510.81
ADPC,2022-05-11,2.31,2.31,2.1,2.13,-2.73,-0.06,-1,370826,820793.56
ADPC,2022-05-10,2.22,2.22,1.89,2.19,10.48,0.23,-1,747485,1585796.13
ADPC,2022-05-09,1.99,1.99,1.89,1.96,0,0,-1,134457,260062.05
ADPC,2022-05-08,2.03,2.03,1.91,1.96,0,0,-1,131766,255014.36
ADPC,2022-04-28,2.04,2.04,1.95,1.96,0.44,0,-1,101510,200537.19
ADPC,2022-04-27,2.01,2.01,1.92,1.96,0,0,-1,17773,34655.72
ADPC,2022-04-26,2.01,2.01,1.94,1.96,-4.98,-0.1,-1,179358,352957.91
ADPC,2022-04-21,2.14,2.14,1.94,2.06,3.43,0.07,-1,195122,403021.97
ADPC,2022-04-20,2.05,2.05,1.97,1.99,-0.85,-0.02,-1,206547,410719.38
ADPC,2022-04-19,2.05,2.05,1.74,2.01,7.31,0.14,-1,613218,1138937.13
ADPC,2022-04-18,2.04,2.04,1.71,1.87,-10.98,-0.23,-1,528824,950688.06
ADPC,2022-04-17,2.1,2.1,1.77,2.1,-6.91,0,-1,105771,198148.64
ADPC,2022-04-14,2.1,2.1,1.98,2.1,0,0,-1,41638,84227.51
ADPC,2022-04-13,2.17,2.17,2.05,2.1,-2.03,0,-1,99318,209681.58
ADPC,2022-04-12,2.22,2.22,2.08,2.1,-3.53,-0.08,-1,355776,754676.5
ADPC,2022-04-11,2.27,2.27,2.11,2.18,-0.39,0,-1,63147,137319.92
ADPC,2022-04-10,2.38,2.38,2.15,2.18,-7.33,-0.15,-1,158264,355272.34
ADPC,2022-04-07,2.48,2.48,2.31,2.33,-5.86,-0.15,-1,165955,390818.91
ADPC,2022-04-06,2.51,2.51,2.3,2.48,7.41,0.17,-1,136339,332839.64
ADPC,2022-04-05,2.39,2.39,2.32,2.31,1.11,0,-1,76489,179354.03
ADPC,2022-04-04,2.41,2.41,2.32,2.31,0.74,0,-1,38484,90000.71
ADPC,2022-04-03,2.43,2.43,2.32,2.31,3.7,0,-1,102521,243121.81
ADPC,2022-03-31,2.35,2.35,2.27,2.31,0.74,0.01,-1,181579,418591.75
ADPC,2022-03-30,2.47,2.47,2.27,2.3,-4.61,-0.11,-1,158486,373830.09
ADPC,2022-03-29,2.54,2.54,2.31,2.41,1.08,0.02,-1,179284,434950.31
ADPC,2022-03-28,2.48,2.48,2.33,2.39,3.94,0,-1,297740,712827.19
ADPC,2022-03-27,2.56,2.56,2.33,2.39,-7,-0.17,-1,643240,1555511.75
ADPC,2022-03-24,2.69,2.69,2.55,2.56,-5.06,-0.14,-1,322701,838952.88
ADPC,2022-03-23,2.74,2.74,2.65,2.7,-1.56,-0.04,-1,155206,419632.16
ADPC,2022-03-22,2.86,2.86,2.73,2.74,-0.31,-0.01,-1,244888,682858.41
ADPC,2022-03-21,2.82,2.82,2.49,2.75,-4.45,-0.13,-1,428360,1168046.54
ADPC,2022-03-20,2.92,2.92,2.74,2.88,-2.08,0,-1,29908,84159.99
ADPC,2022-03-17,2.99,2.99,2.74,2.88,-2.08,0,-1,28155,80553.98
ADPC,2022-03-16,2.89,2.89,2.31,2.88,-1.19,0,-1,90774,240258.81
ADPC,2022-03-15,2.75,2.75,2.68,2.88,-5.34,0,-1,5308,14320.8
ADPC,2022-03-14,2.74,2.74,2.67,2.88,-6.53,0,-1,28641,77794.52
ADPC,2022-03-13,2.84,2.84,2.74,2.88,-4.75,0,-1,25478,71063.14
ADPC,2022-03-10,3.08,3.08,2.85,2.88,-13.37,-0.45,-1,134672,394828.34
ADPC,2022-03-09,3.16,3.16,3.04,3.33,-7.46,0,-1,79661,246948.23
ADPC,2022-03-08,3.33,3.33,2.93,3.33,0,0,-1,31584,96291.66
ADPC,2022-03-07,3.04,3.04,2.75,3.33,-12.6,0,-1,42333,124907.29
ADPC,2022-03-06,3.03,3.03,2.86,3.33,-10.03,0,-1,69477,207824.95
ADPC,2022-03-03,3.33,3.33,2.92,3.33,0,0,-1,60469,183498.02
ADPC,2022-03-02,2.95,2.95,2.82,3.33,-13.62,0,-1,77293,222569.3
ADPC,2022-03-01,2.98,2.98,2.86,3.33,-13.37,0,-1,9532,27750.59
ADPC,2022-02-28,3.33,3.33,2.77,3.33,0,0,-1,22112,62278.2
ADPC,2022-02-27,3.33,3.33,2.81,3.33,0,0,-1,19479,55839
ADPC,2022-02-24,2.95,2.95,2.67,3.33,-17.99,0,-1,100348,273914.78
ADPC,2022-02-23,3.08,3.08,2.86,3.33,-9.51,0,-1,50826,149802.5
ADPC,2022-02-22,2.9,2.9,2.74,3.33,-13.11,0,-1,37936,106501.24
ADPC,2022-02-21,3.1,3.1,2.82,3.33,-14.14,0,-1,95535,275163.34
ADPC,2022-02-20,2.99,2.99,2.91,3.33,-10.03,0,-1,12284,36253.4
ADPC,2022-02-17,2.99,2.99,2.91,3.33,0,0,-1,43624,129823.02
ADPC,2022-02-16,3,3,2.92,3.33,-12.08,0,-1,32052,94855.72
ADPC,2022-02-15,3.15,3.15,2.93,3.33,-10.8,0,-1,39473,116429.12
ADPC,2022-02-14,3.15,3.15,2.72,3.33,-12.08,0,-1,10867,30902.16
ADPC,2022-02-13,3.23,3.23,2.87,3.33,-6.43,0,-1,28521,87082.5
ADPC,2022-02-10,3.22,3.22,3.14,3.33,-5.14,0,-1,14610,46118.29
ADPC,2022-02-09,3.32,3.32,3.16,3.33,-4.37,0,-1,45072,144913
ADPC,2022-02-08,3.33,3.33,3.27,3.33,-1.54,0,-1,19805,65437.18
ADPC,2022-02-07,3.48,3.48,3.25,3.33,-7.58,-0.28,-1,124156,407803.28
ADPC,2022-02-06,3.48,3.48,3.39,3.61,-3.55,0,-1,16903,57836.75
ADPC,2022-02-03,3.5,3.5,3.35,3.61,0,0,-1,34759,118745.91
ADPC,2022-02-02,3.61,3.61,3.41,3.61,0,0,-1,28775,98840.24
ADPC,2022-02-01,3.5,3.5,3.36,3.61,-4.27,0,-1,15530,53723.54
ADPC,2022-01-31,3.5,3.5,3.42,3.61,-3.08,0,-1,33367,115367.46
ADPC,2022-01-30,3.5,3.5,3.42,3.61,-5.21,0,-1,37992,131125.91
ADPC,2022-01-26,3.54,3.54,3.42,3.61,-3.55,0,-1,29925,104436.05
ADPC,2022-01-25,3.55,3.55,3.45,3.61,-1.9,0,-1,28084,98061.49
ADPC,2022-01-24,3.55,3.55,3.45,3.61,-3.32,0,-1,22202,77217.6
ADPC,2022-01-23,3.68,3.68,3.51,3.61,0,0,-1,40357,145616.02
ADPC,2022-01-20,3.65,3.65,3.56,3.61,-1.42,0,-1,49977,179477.91
ADPC,2022-01-19,3.74,3.74,3.56,3.61,0,0,-1,73480,266846.59
ADPC,2022-01-18,3.82,3.82,3.56,3.61,0.96,0.05,-1,192752,712897
ADPC,2022-01-17,3.64,3.64,3.49,3.56,-0.71,-0.03,-1,104093,372219.41
ADPC,2022-01-16,3.48,3.48,3.45,3.59,-3.57,0,-1,25248,87615.82
ADPC,2022-01-13,3.63,3.63,3.42,3.59,-3.81,0,-1,56379,199992.55
ADPC,2022-01-12,3.57,3.57,3.44,3.59,-4.29,0,-1,47455,165272.42
ADPC,2022-01-11,3.7,3.7,3.48,3.59,-2.38,0,-1,40205,142749.02
ADPC,2022-01-10,3.68,3.68,3.55,3.59,-1.18,-0.04,-1,101068,362290.81
ADPC,2022-01-09,3.8,3.8,3.56,3.63,-1.16,-0.05,-1,186206,678845.69
ADPC,2022-01-05,3.84,3.84,3.64,3.68,0,0,-1,100249,371321.72
ADPC,2022-01-04,3.85,3.85,3.63,3.68,-2.93,-0.11,-1,116213,428547.94
ADPC,2022-01-03,3.93,3.93,3.68,3.79,2.31,0.09,-1,187763,714988.18
ADPC,2022-01-02,3.81,3.81,3.4,3.7,11.31,0.37,-1,545468,1985611.53
ADPC,2021-12-30,3.38,3.38,3.27,3.33,2.34,0.05,-1,213509,708700.56
ADPC,2021-12-29,3.33,3.33,3.26,3.28,0,0,-1,40947,134438.38
ADPC,2021-12-28,3.33,3.33,3.2,3.28,2.11,0.03,-1,154998,506210.69
ADPC,2021-12-27,3.37,3.37,3.22,3.25,1.86,0.04,-1,178742,591721.25
ADPC,2021-12-26,3.33,3.33,3.16,3.21,2.7,0.05,-1,204430,665848.88
ADPC,2021-12-23,3.25,3.25,3.12,3.16,0.54,0,-1,91602,293588.28
ADPC,2021-12-22,3.26,3.26,3.09,3.16,2.21,0.07,-1,140302,448299.97
ADPC,2021-12-21,3.15,3.15,3.06,3.09,-0.55,-0.01,-1,110992,343953.47
ADPC,2021-12-20,3.19,3.19,2.99,3.1,1.39,0.02,-1,158811,494248.28
ADPC,2021-12-19,3.1,3.1,2.99,3.08,3.45,0.11,-1,111142,339612.75
ADPC,2021-12-16,3.04,3.04,2.93,2.97,0,0,-1,63627,188779.41
ADPC,2021-12-15,3.08,3.08,2.94,2.97,-3.06,-0.1,-1,243672,728480.69
ADPC,2021-12-14,3.18,3.18,3.03,3.07,-4.01,-0.13,-1,174406,538460.38
ADPC,2021-12-13,3.35,3.35,2.99,3.2,6.86,0.21,-1,527777,1709587.13
ADPC,2021-12-12,3.03,3.03,2.74,2.99,7.29,0.18,-1,222246,638347.31
ADPC,2021-12-09,2.81,2.81,2.69,2.81,0,0,-1,94769,261023.05
ADPC,2021-12-08,2.98,2.98,2.77,2.81,-3.51,-0.11,-1,143338,405509.13
ADPC,2021-12-07,3.21,3.21,2.91,2.92,-7.57,-0.24,-1,289553,872724.56
ADPC,2021-12-06,3.38,3.38,3.09,3.16,0,0,-1,194687,615302.06
ADPC,2021-12-05,3.43,3.43,2.99,3.16,-6.78,-0.24,-1,170376,542807.06
ADPC,2021-12-02,3.42,3.42,3.25,3.4,0,0,-1,74245,246831.39
ADPC,2021-12-01,3.54,3.54,3.3,3.4,3.65,0.12,-1,199516,683825.82
ADPC,2021-11-30,3.39,3.39,3.15,3.28,0.99,0.03,-1,574693,1876115.71
ADPC,2021-11-29,3.29,3.29,3.09,3.25,4.28,0.13,-1,412412,1320619.22
ADPC,2021-11-28,3.47,3.47,2.97,3.12,-10.94,-0.39,-1,1111231,3475715
ADPC,2021-11-25,3.63,3.63,3.31,3.51,1.08,0.03,-1,342868,1193344.88
ADPC,2021-11-24,3.82,3.82,3.37,3.48,-7.4,-0.27,-1,611140,2158797.19
ADPC,2021-11-23,4,4,3.57,3.75,3.23,0.12,-1,1088780,4159762.5
ADPC,2021-11-22,3.79,3.79,3.28,3.63,-1.87,-0.07,-1,1409126,5239545.6
ADPC,2021-11-21,4.27,4.27,3.7,3.7,-19.95,-0.93,-1,386906,1445254.25
ADPC,2021-11-18,4.63,4.63,3.7,4.63,0,0,-1,37255,138060.88
ADPC,2021-11-17,3.7,3.7,3.7,4.63,-19.95,0,-1,32032,118701.76
ADPC,2021-11-16,3.7,3.7,3.7,4.63,-19.95,0,-1,54107,200503.55
ADPC,2021-11-15,5.86,5.86,4.63,4.63,-19.94,-1.15,-1,272797,1319775.38
ADPC,2021-11-14,5.88,5.88,5.66,5.78,-3.13,-0.19,-1,65832,383210.03
ADPC,2021-11-11,6.03,6.03,5.52,5.97,0.36,0.02,-1,491462,2919985.5
ADPC,2021-11-10,6.13,6.13,5.61,5.95,-5.75,0,-1,21159,121661.08
ADPC,2021-11-09,6.16,6.16,5.73,5.95,-1.26,0,-1,4618,27012.66
ADPC,2021-11-08,6.13,6.13,5.69,5.95,0.81,0.05,-1,64364,377992.41
ADPC,2021-11-07,6.39,6.39,5.45,5.9,-2.44,0,-1,19856,111779.07
ADPC,2021-11-04,6.57,6.57,5.56,5.9,-8.74,-0.82,-1,95244,564131.81
ADPC,2021-11-03,6.8,6.8,6.09,6.72,-7.47,0,-1,17348,108464.35
ADPC,2021-11-02,6.94,6.94,6.68,6.72,-3.38,-0.22,-1,48061,324981.56
ADPC,2021-11-01,6.97,6.97,6.86,6.94,-1.15,0,-1,40471,280934.03
ADPC,2021-10-31,7.35,7.35,6.93,6.94,-3.2,-0.23,-1,121201,842708.31
ADPC,2021-10-28,7.37,7.37,6.63,7.17,4.7,0.24,-1,62688,436007.03
ADPC,2021-10-27,7.42,7.42,6.63,6.93,-3.78,-0.28,-1,165760,1153085
ADPC,2021-10-26,8.16,8.16,6.94,7.21,-3.13,-0.12,-1,185565,1360520.88
ADPC,2021-10-25,8.4,8.4,7.21,7.33,-7.85,-0.63,-1,109938,827490.14
ADPC,2021-10-24,9.13,9.13,7.89,7.96,1.28,0.05,-1,128542,1076424.25
ADPC,2021-10-20,8.11,8.11,7.47,7.91,0.07,0.01,-1,144164,1124529.13
ADPC,2021-10-19,8.33,8.33,7.45,7.9,-0.47,-0.13,-1,114258,895017.75
ADPC,2021-10-18,8.45,8.45,8.01,8.03,-0.91,-0.21,-1,109621,884058
ADPC,2021-10-17,8.75,8.75,8.15,8.24,-3.26,-0.28,-1,71062,593282.19
ADPC,2021-10-14,8.54,8.54,8.15,8.52,0.25,0,-1,22217,187029.05
ADPC,2021-10-13,8.73,8.73,8.3,8.52,-2.57,0,-1,23316,196552
ADPC,2021-10-12,8.8,8.8,8.44,8.52,1.01,0.08,-1,106897,918278.27
ADPC,2021-10-11,8.67,8.67,8.01,8.44,0.57,-0.06,-1,62488,523274.69
ADPC,2021-10-10,9.26,9.26,8.33,8.5,-5.63,-0.32,-1,77191,686800
ADPC,2021-10-06,8.97,8.97,8.54,8.82,-0.9,-0.09,-1,112472,986936.88
ADPC,2021-10-05,9.34,9.34,8.75,8.91,-2.17,-0.2,-1,537737,4856877
ADPC,2021-10-04,9.34,9.34,9.1,9.11,0.35,0.05,-1,46677,431949.31
ADPC,2021-10-03,9.34,9.34,8.99,9.06,2.84,0.24,-1,226431,2082807
ADPC,2021-09-30,9.08,9.08,8.75,8.82,-2.94,-0.28,-1,124196,1104826.48
ADPC,2021-09-29,9.18,9.18,8.9,9.1,1.37,0.13,-1,81794,738827.88
ADPC,2021-09-28,9.34,9.34,8.92,8.97,-0.18,-0.01,-1,50651,457612.56
ADPC,2021-09-27,9.34,9.34,8.92,8.98,2.46,0.07,-1,126681,1161493.13
ADPC,2021-09-26,9.07,9.07,8.54,8.91,1.86,0.01,-1,79899,698618
ADPC,2021-09-23,9.08,9.08,8.36,8.98,3.16,0.35,-1,56053,492414.31
ADPC,2021-09-22,8.95,8.95,8.18,8.63,-1.85,-0.03,-1,36145,311345.63
ADPC,2021-09-21,8.66,8.66,8.21,8.66,-4.26,0,-1,11234,93688.3
ADPC,2021-09-20,9.19,9.19,8.36,8.66,-5.81,-0.53,-1,146128,1273609.75
ADPC,2021-09-19,9.22,9.22,8.97,9.19,-2.32,0,-1,20679,185760.13
ADPC,2021-09-16,9.29,9.29,8.97,9.19,0.94,0.13,-1,210396,1931253.63
ADPC,2021-09-15,9.42,9.42,8.62,9.06,0.17,-0.14,-1,358090,3189575
ADPC,2021-09-14,9.49,9.49,8.81,9.2,0.18,0.14,-1,83472,760975.38
ADPC,2021-09-13,9.56,9.56,9.03,9.06,-1.63,-0.11,-1,74496,686756.81
ADPC,2021-09-12,9.55,9.55,9.08,9.17,1.51,-0.03,-1,37444,346640.31
ADPC,2021-09-09,9.61,9.61,8.65,9.2,1.47,0.13,-1,338648,3105571
ADPC,2021-09-08,9.61,9.61,8.86,9.07,3.43,0.03,-1,83401,762516.56
ADPC,2021-09-07,9.34,9.34,8.62,9.04,-1.74,-0.16,-1,53992,487720.5
ADPC,2021-09-06,9.77,9.77,8.6,9.2,-7.77,-0.35,-1,202365,1888851.38
ADPC,2021-09-05,10.16,10.16,9.32,9.55,-5.83,-0.34,-1,161948,1590693.75
ADPC,2021-09-02,10.51,10.51,9.51,9.89,6.03,0.23,-1,659792,6528062.5
ADPC,2021-09-01,9.88,9.88,9.51,9.66,1.94,0.03,-1,124123,1198656.75
ADPC,2021-08-31,10.04,10.04,9.08,9.63,4.53,0.32,-1,201149,1937476.88
ADPC,2021-08-30,9.4,9.4,9.13,9.31,-2.28,-0.07,-1,277833,2587695.25
ADPC,2021-08-29,9.69,9.69,9.26,9.38,-0.17,-0.17,-1,105452,988590.56
ADPC,2021-08-26,9.75,9.75,9.27,9.55,-1.1,-0.17,-1,230370,2199893
ADPC,2021-08-25,10.04,10.04,9.61,9.72,-0.11,-0.15,-1,237864,2311044.5
ADPC,2021-08-24,10.28,10.28,9.67,9.87,-3.6,-0.21,-1,342369,3376843.25
ADPC,2021-08-23,10.4,10.4,9.88,10.08,0.11,0.05,-1,315362,3179534.5
ADPC,2021-08-22,10.15,10.15,9.66,10.03,3.93,0.38,-1,284747,2855278.5
ADPC,2021-08-19,10.03,10.03,9.46,9.65,-2.18,-0.38,-1,408350,3939417
ADPC,2021-08-18,10.28,10.28,9.83,10.03,-4.36,-0.25,-1,462342,4635828.5
ADPC,2021-08-17,10.62,10.62,10.15,10.28,-2,-0.4,-1,399631,4110407
ADPC,2021-08-16,11.15,11.15,10.17,10.68,1.52,0.17,-1,324829,3468222.25
ADPC,2021-08-15,10.68,10.68,10.27,10.51,-4.19,-0.33,-1,71420,751004.19
ADPC,2021-08-11,11.22,11.22,10.44,10.84,-2.02,0.03,-1,203729,2208328
ADPC,2021-08-10,11.16,11.16,10.15,10.81,7.32,0.52,-1,476162,5148797
ADPC,2021-08-09,10.68,10.68,10.02,10.29,0.1,-0.11,-1,185329,1906969.88
ADPC,2021-08-08,11.1,11.1,10.15,10.4,-5.37,-0.75,-1,233685,2431152.25
ADPC,2021-08-05,11.51,11.51,10.68,11.15,-4.31,-0.49,-1,226088,2519812.14
ADPC,2021-08-04,11.93,11.93,10.84,11.64,-3.45,0.01,-1,305959,3563536.75
ADPC,2021-08-03,12.76,12.76,11.42,11.63,-9.97,-1.06,-1,282081,3278852.25
ADPC,2021-08-02,13.03,13.03,12.05,12.69,4.89,0.79,-1,388706,4931529.5
ADPC,2021-08-01,12.15,12.15,10.79,11.9,9.91,0.86,-1,530000,6303961.5
ADPC,2021-07-29,11.22,11.22,10.76,11.04,0.05,0.26,-1,136148,1504377
ADPC,2021-07-28,11.04,11.04,10.15,10.78,0.95,0.15,-1,197906,2133725.5
ADPC,2021-07-27,10.93,10.93,10.2,10.63,0.36,0.21,-1,141888,1508639.13
ADPC,2021-07-26,11.07,11.07,10.15,10.42,-7.59,-0.56,-1,145638,1518018.75
ADPC,2021-07-25,11.47,11.47,10.68,10.98,-1.53,0.13,-1,123804,1359331.13
ADPC,2021-07-18,11.19,11.19,10.64,10.85,3.15,0,-1,126997,1377298.75
ADPC,2021-07-15,11.16,11.16,10.58,10.85,-1.77,-0.02,-1,228765,2481964.25
ADPC,2021-07-14,11.2,11.2,10.63,10.87,0.34,-0.13,-1,149589,1627067.88
ADPC,2021-07-13,11.19,11.19,10.81,11,0.99,0.19,-1,176071,1937701.75
ADPC,2021-07-12,11.19,11.19,10.68,10.81,4.49,0.1,-1,126104,1363618.75
ADPC,2021-07-11,11.19,11.19,10.57,10.71,-4.67,-0.49,-1,53165,569411.06
ADPC,2021-07-08,11.47,11.47,10.92,11.2,-3.16,-0.1,-1,79593,891577.25
ADPC,2021-07-07,11.56,11.56,10.68,11.3,1.66,0.05,-1,100456,1135429.63
ADPC,2021-07-06,11.75,11.75,10.81,11.25,-5.23,-0.5,-1,63783,717467.13
ADPC,2021-07-05,12.16,12.16,11.22,11.75,0.8,0.36,-1,368497,4328710
ADPC,2021-07-04,11.75,11.75,11.16,11.39,-0.42,-0.08,-1,173184,1972731.63
ADPC,2021-06-30,11.64,11.64,11.31,11.47,3.15,0.29,-1,199716,2291470
ADPC,2021-06-29,11.48,11.48,11.04,11.18,-2.82,-0.18,-1,68600,767129.44
ADPC,2021-06-28,11.66,11.66,10.79,11.36,5.42,0.32,-1,161804,1837724.63
ADPC,2021-06-27,11.48,11.48,10.68,11.04,8.15,0.42,-1,276655,3052819.75
ADPC,2021-06-24,10.73,10.73,10.36,10.62,3.13,0.22,-1,135313,1436648.38
ADPC,2021-06-23,10.63,10.63,10.17,10.4,2.18,0.11,-1,85000,884781.5
ADPC,2021-06-22,10.51,10.51,10.15,10.29,2.69,0.15,-1,91653,943140.19
ADPC,2021-06-21,10.41,10.41,9.45,10.14,5.54,0.3,-1,179033,1814999.63
ADPC,2021-06-20,10.01,10.01,9.08,9.84,3.65,0.19,-1,105897,1041377.56
ADPC,2021-06-17,9.8,9.8,9.24,9.65,2.88,0.38,-1,134863,1302093
ADPC,2021-06-16,9.61,9.61,9.08,9.27,2.8,-0.07,-1,60788,563329.69
ADPC,2021-06-15,9.88,9.88,8.92,9.34,-8.59,-0.48,-1,161384,1507093.25
ADPC,2021-06-14,10.2,10.2,9.51,9.82,-2.72,-0.39,-1,126853,1245801.38
ADPC,2021-06-13,10.92,10.92,9.91,10.21,-1.47,-0.35,-1,48490,495132.09
ADPC,2021-06-10,10.7,10.7,10.36,10.56,-1.51,-0.04,-1,193907,2047244.38
ADPC,2021-06-09,10.68,10.68,10.42,10.6,-0.91,0.07,-1,62975,667684.25
ADPC,2021-06-08,10.68,10.68,10.36,10.53,-1.14,-0.22,-1,80485,847905
ADPC,2021-06-07,11.13,11.13,10.58,10.75,1.64,-0.02,-1,76756,824875.88
ADPC,2021-06-06,11.11,11.11,10.68,10.77,-1.01,-0.33,-1,76094,819378.5
ADPC,2021-06-03,11.47,11.47,10.84,11.1,-4.24,-0.24,-1,183876,2041657.88
ADPC,2021-06-02,12.16,12.16,11.13,11.34,-2.07,-0.03,-1,332826,3772779.5
ADPC,2021-06-01,11.75,11.75,11.22,11.37,4.63,0.18,-1,446160,5073420
ADPC,2021-05-31,11.58,11.58,10.68,11.19,6.01,0.26,-1,631805,7069451
ADPC,2021-05-30,11.1,11.1,10.71,10.93,0.8,0.2,-1,238426,2606617.75
ADPC,2021-05-27,11.1,11.1,10.41,10.73,4.07,0.11,-1,559999,6009071.5
ADPC,2021-05-26,10.79,10.79,10.54,10.62,0,-0.06,-1,86763,921244.81
ADPC,2021-05-25,10.99,10.99,10.17,10.68,1.53,-0.15,-1,270126,2884759
ADPC,2021-05-24,11.2,11.2,10.57,10.83,-2.35,-0.29,-1,610474,6610438.5
ADPC,2021-05-23,11.47,11.47,10.89,11.12,1.21,0.1,-1,631777,7026758
ADPC,2021-05-20,11.47,11.47,10.8,11.02,1.7,0,-1,416671,4591973.5
ADPC,2021-05-19,11.34,11.34,10.81,11.02,3.52,0.26,-1,544485,6001022
ADPC,2021-05-18,11,11,10.47,10.76,6.16,0.45,-1,782611,8423560
ADPC,2021-05-17,10.62,10.62,10.04,10.31,5.85,0.27,-1,358679,3698934.75
ADPC,2021-05-11,10.27,10.27,9.76,10.04,5.71,0.59,-1,328003,3291274.25
ADPC,2021-05-10,9.69,9.69,9.12,9.45,8.55,0.53,-1,245170,2315981
ADPC,2021-05-09,9.52,9.52,8.81,8.92,2.01,-0.09,-1,1864347,16641755
ADPC,2021-05-06,9.27,9.27,8.98,9.01,-2.97,-0.34,-1,155990,1406041.5
ADPC,2021-05-05,9.75,9.75,9.17,9.35,-1.43,0,-1,144615,1352307.5
ADPC,2021-05-04,9.57,9.57,9.03,9.35,8.08,0.49,-1,291553,2726042
ADPC,2021-04-28,9.14,9.14,8.67,8.86,2.54,0.23,-1,132740,1175397.88
ADPC,2021-04-27,8.86,8.86,8.57,8.63,1.1,-0.14,-1,309821,2674786
ADPC,2021-04-26,9.34,9.34,8.65,8.77,0.18,-0.11,-1,96231,843866.81
ADPC,2021-04-25,9.1,9.1,8.57,8.88,9.36,0.55,-1,89856,797752.44
ADPC,2021-04-22,8.63,8.63,8.01,8.33,9.38,0.47,-1,391190,3255704.5
ADPC,2021-04-21,8.14,8.14,7.69,7.86,8.62,0.37,-1,231233,1817633.5
ADPC,2021-04-20,7.66,7.66,7.21,7.49,4.14,0.14,-1,219952,1647546.25
ADPC,2021-04-19,7.43,7.43,7.13,7.35,2.81,0.14,-1,167740,1233098.75
ADPC,2021-04-18,7.34,7.34,7,7.21,1.66,0.11,-1,17490,126095.1
ADPC,2021-04-15,7.42,7.42,7.04,7.1,-0.07,-0.23,-1,74545,529057.06
ADPC,2021-04-14,7.61,7.61,7.02,7.33,-0.72,-0.04,-1,334834,2453990
ADPC,2021-04-13,7.47,7.47,7.32,7.37,0.14,-0.09,-1,110915,817464.31
ADPC,2021-04-12,7.66,7.66,7.42,7.46,0.14,-0.19,-1,166990,1245385.5
ADPC,2021-04-11,7.85,7.85,7.54,7.65,6,0.26,-1,139521,1067366.88
ADPC,2021-04-08,7.63,7.63,7.21,7.39,7.44,0.29,-1,48088,355314.84
ADPC,2021-04-07,7.29,7.29,7.03,7.1,3.19,0.06,-1,66032,469286.88
ADPC,2021-04-06,7.31,7.31,6.96,7.04,-0.08,0.02,-1,106140,746663.06
ADPC,2021-04-05,7.21,7.21,6.95,7.02,-0.23,-0.06,-1,389323,2733040.75
ADPC,2021-04-04,7.31,7.31,6.89,7.08,-1.04,-0.09,-1,271264,1918526.25
ADPC,2021-04-01,7.46,7.46,6.82,7.17,-0.3,0.07,-1,444125,3186681.5
ADPC,2021-03-31,7.24,7.24,6.92,7.1,9.98,0.52,-1,632631,4496766
ADPC,2021-03-30,6.78,6.78,6.35,6.58,9.96,0.42,-1,434281,2859149.25
ADPC,2021-03-29,6.48,6.48,5.87,6.16,8.7,0.26,-1,2055700,12674641
ADPC,2021-03-28,6.09,6.09,5.83,5.9,5.19,0.14,-1,96343,568023.75
ADPC,2021-03-25,6.06,6.06,5.45,5.76,0.64,-0.08,-1,66947,385837.25
ADPC,2021-03-24,6.33,6.33,5.64,5.84,-0.81,-0.08,-1,88867,518756.91
ADPC,2021-03-23,6.22,6.22,5.52,5.92,3.06,0.15,-1,114504,678065
ADPC,2021-03-22,6.18,6.18,5.66,5.77,-2.36,-0.33,-1,66842,385487.78
ADPC,2021-03-21,6.54,6.54,5.82,6.1,-6.89,-0.25,-1,368373,2248134.75
ADPC,2021-03-18,6.78,6.78,6.17,6.35,-0.42,0.03,-1,852204,5415712.5
ADPC,2021-03-17,7.02,7.02,6.18,6.32,0.17,-0.07,-1,568617,3592783.25
ADPC,2021-03-16,6.68,6.68,6.27,6.39,-0.75,-0.06,-1,212483,1359724
ADPC,2021-03-15,6.78,6.78,6.05,6.45,3.9,0.29,-1,510428,3292476.75
ADPC,2021-03-14,6.31,6.31,6.09,6.16,2.29,0.11,-1,145662,898378.63
ADPC,2021-03-11,6.4,6.4,5.94,6.05,-1.59,0.01,-1,301843,1828236.25
ADPC,2021-03-10,6.08,6.08,5.35,6.04,9.95,0.52,-1,960190,5794071.5
ADPC,2021-03-09,5.74,5.74,5.39,5.52,-1.55,0.01,-1,32954,182179.98
ADPC,2021-03-08,5.82,5.82,5.21,5.51,0.94,-0.14,-1,87343,480849.19
ADPC,2021-03-07,6.12,6.12,5.52,5.65,1.95,-0.1,-1,21268,120233.62
ADPC,2021-03-04,6.14,6.14,5.56,5.75,0.09,-0.11,-1,52772,303549.81
ADPC,2021-03-03,6.33,6.33,5.61,5.86,-7,-0.24,-1,81755,479767.03
ADPC,2021-03-02,6.41,6.41,5.82,6.1,3.57,-0.03,-1,180555,1102201.13
ADPC,2021-03-01,6.35,6.35,5.95,6.13,-5.7,-0.24,-1,116439,713549.94
ADPC,2021-02-28,6.79,6.79,5.68,6.37,3.72,0.2,-1,251622,1603032.88
ADPC,2021-02-25,6.57,6.57,5.9,6.17,17.03,0.56,-1,2568286,15848023
ADPC,2021-02-24,5.65,5.65,4.81,5.61,9.98,0.47,-1,1214650,6816852
ADPC,2021-02-23,5.24,5.24,4.72,5.14,2.08,0,-1,5974,29436.78
ADPC,2021-02-22,5.27,5.27,4.96,5.14,9.91,0.34,-1,56558,290597.91
ADPC,2021-02-21,4.86,4.86,4.74,4.8,5.2,0.18,-1,22129,106058.5
ADPC,2021-02-18,4.74,4.74,4.55,4.62,0.35,0.07,-1,30826,142506.48
ADPC,2021-02-17,4.74,4.74,4.28,4.55,8.97,0.21,-1,62935,286379.84
ADPC,2021-02-16,4.27,4.27,4.27,4.34,-1.72,0,-1,6971,29776
ADPC,2021-02-15,4.03,4.03,4,4.34,-7.86,0,-1,3734,15019.82
ADPC,2021-02-14,4.43,4.43,4.34,4.34,-0.12,0,-1,3296,14336.84
ADPC,2021-02-11,4.56,4.56,4.35,4.34,0.12,0,-1,18481,81178.08
ADPC,2021-02-10,4.41,4.41,4.34,4.34,-9.97,-0.48,-1,71659,311570.81
ADPC,2021-02-09,4.78,4.78,4.35,4.82,-1,0,-1,15939,72591.45
ADPC,2021-02-08,4.78,4.78,4.39,4.82,-0.89,0,-1,11147,49823.84
ADPC,2021-02-07,4.57,4.57,4.54,4.82,-5.32,0,-1,4077,18523.35
ADPC,2021-02-04,4.54,4.54,4.49,4.82,-6.98,0,-1,3746,16910
ADPC,2021-02-03,4.73,4.73,4.54,4.82,-1.99,0,-1,2062,9360.85
ADPC,2021-02-01,4.64,4.64,4.54,4.82,-5.87,0,-1,9563,43627
ADPC,2021-01-31,4.56,4.56,4.55,4.82,-5.65,0,-1,15104,68703.15
ADPC,2021-01-27,5,5,4.39,4.82,-3.64,0.27,-1,23618,113821.18
ADPC,2021-01-26,4.43,4.43,4.31,4.55,-5.28,0,-1,7866,34298
ADPC,2021-01-25,4.36,4.36,4.27,4.55,-5.99,0,-1,5618,24274
ADPC,2021-01-24,4.4,4.4,4.35,4.55,-4.11,0,-1,6554,28566
ADPC,2021-01-21,4.68,4.68,4.33,4.55,-4.34,0,-1,15999,70545.75
ADPC,2021-01-20,4.68,4.68,4.46,4.55,-0.23,0,-1,10544,48107
ADPC,2021-01-19,4.8,4.8,4.54,4.55,0.94,0,-1,726,3337.11
ADPC,2021-01-18,4.54,4.54,4.36,4.55,-0.23,0,-1,299,1309
ADPC,2021-01-17,4.62,4.62,4.54,4.55,-0.23,0,-1,1913,8701
ADPC,2021-01-14,4.55,4.55,4.49,4.55,-1.41,0,-1,21029,95424.29
ADPC,2021-01-13,4.97,4.97,4.49,4.55,-1.39,-0.07,-1,26933,122545.47
ADPC,2021-01-12,4.89,4.89,4.54,4.62,-0.44,-0.29,-1,23415,107999.77
ADPC,2021-01-11,5.04,5.04,4.7,4.91,-4.24,0,-1,11658,55869.87
ADPC,2021-01-10,5.45,5.45,4.81,4.91,-9.89,-0.43,-1,58104,285043.81
ADPC,2021-01-06,5.64,5.64,4.73,5.34,4.06,0.21,-1,507385,2711555
ADPC,2021-01-05,5.44,5.44,4.7,5.13,6.15,0,-1,22486,115249.59
ADPC,2021-01-04,5.61,5.61,5.04,5.13,-9.16,-0.47,-1,49629,254421.55
ADPC,2021-01-03,6.04,6.04,5.54,5.6,-91.07,-0.56,-1,174684,977389.19
ADPC,2020-12-31,6.61,6.61,6.02,6.16,-6.34,-0.41,-1,147570,908625.81
ADPC,2020-12-30,6.91,6.91,6.25,6.57,3.23,0.29,-1,551695,3627059.5
ADPC,2020-12-29,6.6,6.6,5.61,6.28,9.96,0.28,-1,262962,1652905.38
ADPC,2020-12-28,6.22,6.22,5.1,6,9.91,0.34,-1,143927,863608.19
ADPC,2020-12-21,5.66,5.66,5.66,5.66,0,0,-1,159,901
ADPC,2020-12-15,5.66,5.66,5.66,5.66,0,0,-1,7491,42400
ADPC,2020-12-10,5.66,5.66,5.63,5.66,-0.84,-0.05,-1,140462,795016.19
ADPC,2020-12-09,6.27,6.27,5.34,5.71,-0.84,0,-1,7864,42426.85
ADPC,2020-12-08,5.71,5.71,5.61,5.71,9.97,0.51,-1,19619,112021.76
ADPC,2020-12-07,5.71,5.71,5.63,5.2,9.97,0,-1,17176,97755.24
ADPC,2020-11-30,5.71,5.71,5.34,5.2,2.77,0,-1,654,3720.3
ADPC,2020-11-29,5.71,5.71,5.71,5.2,9.97,0,-1,1049,5992
ADPC,2020-11-26,5.2,5.2,4.73,5.2,9.94,0.47,-1,20408,106019.01
ADPC,2020-11-25,4.73,4.73,4.72,4.73,9.94,0.43,-1,22084,104354.2
ADPC,2020-11-24,4.3,4.3,4.29,4.3,9.97,0.39,-1,29929,128643.27
ADPC,2020-11-23,3.91,3.91,3.91,3.91,9.91,0.35,-1,28092,109800
ADPC,2020-11-22,3.58,3.58,3.21,3.56,10,0.3,-1,29323,104348.47
ADPC,2020-10-25,3.57,3.57,3.21,3.26,-1.48,0,-1,1852,6074.3
ADPC,2020-10-22,3.21,3.21,3.21,3.26,-1.48,0,-1,374,1202
ADPC,2020-10-19,3.58,3.58,3.58,3.26,10,0,-1,3238,11601.59
ADPC,2020-10-18,3.58,3.58,3.27,3.26,10,0,-1,5289,18476.94
ADPC,2020-10-15,3.27,3.27,3.25,3.26,9.89,0.29,-1,12754,41522.81
ADPC,2020-10-01,3.26,3.26,3.26,2.97,9.71,0,-1,2809,9150
ADPC,2020-09-30,3.27,3.27,3.27,2.97,9.89,0,-1,936,3055
ADPC,2020-09-29,3.27,3.27,3.27,2.97,9.89,0,-1,5616,18323.89
ADPC,2020-09-28,3.21,3.21,3.21,2.97,7.91,0,-1,648,2076
ADPC,2020-09-27,2.99,2.99,2.94,2.97,8.82,0.24,-1,12767,37908.5
ADPC,2020-08-31,2.45,2.45,2.45,2.73,-9.8,0,-1,571,1403
ADPC,2020-08-24,2.99,2.99,2.45,2.73,-9.8,0,-1,9386,28105.2
ADPC,2020-08-23,2.78,2.78,2.62,2.73,7.59,0.2,-1,38130,103837.94
ADPC,2020-08-17,2.62,2.62,2.62,2.53,3.38,0,-1,140,367.5
ADPC,2020-08-10,2.62,2.62,2.62,2.53,0,0,-1,2,4.9
ADPC,2020-07-15,2.32,2.32,2.32,2.53,-8.44,0,-1,1873,4340
ADPC,2020-07-13,2.33,2.33,2.33,2.53,0,0,-1,468,1087.5
ADPC,2020-06-30,2.57,2.57,2.34,2.53,7.97,0.19,-1,22462,56874.4
ADPC,2020-06-25,2.37,2.37,2.33,2.34,-8.92,-0.23,-1,14421,33802
ADPC,2020-06-24,2.56,2.56,2.56,2.57,0,0,-1,131,336.7
ADPC,2020-06-21,2.57,2.57,2.36,2.57,0,0,-1,2847,6846.4
ADPC,2020-06-18,2.59,2.59,2.4,2.57,0,0,-1,1571,3863
ADPC,2020-06-16,2.43,2.43,2.33,2.57,0,0,-1,3278,7795.7
ADPC,2020-06-11,2.35,2.35,2.35,2.57,0,0,-1,1897,4457.2
ADPC,2020-06-10,2.74,2.74,2.35,2.57,-8.51,0,-1,26,68.31
ADPC,2020-06-09,2.74,2.74,2.35,2.57,0,0,-1,1894,5038.14
ADPC,2020-06-08,2.83,2.83,2.36,2.57,0,0,-1,2030,4865.04
ADPC,2020-06-07,2.74,2.74,2.37,2.57,0,0,-1,3933,10189
ADPC,2020-06-01,2.54,2.54,2.32,2.57,0,0,-1,1929,4482.5
ADPC,2020-05-21,2.48,2.48,2.32,2.57,-9.96,0,-1,12361,28665.7
ADPC,2020-05-19,2.4,2.4,2.4,2.57,0,0,-1,187,450
ADPC,2020-05-18,2.37,2.37,2.37,2.57,-7.88,0,-1,1049,2486.4
ADPC,2020-05-14,2.37,2.37,2.37,2.57,0,0,-1,1293,3063.6
ADPC,2020-05-13,2.45,2.45,2.37,2.57,0,0,-1,206,490
ADPC,2020-05-12,2.4,2.4,2.4,2.57,0,0,-1,262,630
ADPC,2020-05-11,2.4,2.4,2.4,2.57,0,0,-1,140,337.5
ADPC,2020-05-10,2.4,2.4,2.37,2.57,0,0,-1,283,676.44
ADPC,2020-05-06,2.4,2.4,2.37,2.57,0,0,-1,5532,13165.14
ADPC,2020-04-30,2.8,2.8,2.52,2.57,-8.19,-0.23,-1,11798,30371
ADPC,2020-04-26,2.88,2.88,2.76,2.8,-8.54,-0.27,-1,15282,42834.09
ADPC,2020-04-23,2.88,2.88,2.88,3.07,0,0,-1,3983,11485.8
ADPC,2020-04-22,2.88,2.88,2.88,3.07,0,0,-1,3811,10989
ADPC,2020-04-21,2.88,2.88,2.88,3.07,0,0,-1,75,216
ADPC,2020-03-15,2.97,2.97,2.97,3.07,0,0,-1,6,16.65
ADPC,2020-03-03,2.76,2.76,2.76,3.07,0,0,-1,2062,5692.17
ADPC,2020-02-26,3.15,3.15,2.61,3.07,5.9,0.17,-1,48884,149940
ADPC,2020-02-10,2.61,2.61,2.61,2.9,0,0,-1,936,2440
ADPC,2020-02-09,2.61,2.61,2.61,2.9,0,0,-1,1873,4880
ADPC,2020-01-20,2.67,2.67,2.67,2.9,0,0,-1,1311,3500
ADPC,2020-01-19,2.67,2.67,2.67,2.9,0,0,-1,749,2000
ADPC,2020-01-13,2.78,2.78,2.78,2.9,0,0,-1,561,1560
ADPC,2020-01-08,2.61,2.61,2.61,2.9,0,0,-1,75,195.2
ADPC,2020-01-06,2.61,2.61,2.61,2.9,0,0,-1,37,97.6
ADPC,2019-12-23,2.61,2.61,2.61,2.9,0,0,-1,1124,2928
ADPC,2019-12-11,2.88,2.88,2.88,2.9,0,0,-1,187,540
ADPC,2019-12-10,2.61,2.61,2.61,2.9,0,0,-1,936,2440
ADPC,2019-11-27,2.94,2.94,2.62,2.9,0,0,-1,2809,7660
ADPC,2019-11-26,2.9,2.9,2.89,2.9,9.94,0.27,-1,13110,37920.01
ADPC,2019-11-25,2.64,2.64,2.59,2.63,9.56,0.23,-1,13110,34490.8
ADPC,2019-11-21,2.54,2.54,2.24,2.4,3.93,0.09,-1,59755,143612.98
ADPC,2019-11-19,2.09,2.09,2.09,2.31,0,0,-1,1873,3900
ADPC,2019-11-18,2.09,2.09,2.09,2.31,0,0,-1,3989,8307
ADPC,2019-11-14,2.09,2.09,2.09,2.31,0,0,-1,309,643.5
ADPC,2019-11-13,2.24,2.24,2.09,2.31,0,0,-1,8070,17135.1
ADPC,2019-11-12,2.39,2.39,2.09,2.31,0,0,-1,8673,18534.41
ADPC,2019-11-11,2.14,2.14,2.09,2.31,0,0,-1,4761,10185.06
ADPC,2019-11-07,2.26,2.26,2.09,2.31,-2.54,0,-1,5813,12560.42
ADPC,2019-11-06,2.15,2.15,2.14,2.31,0,0,-1,7491,16027.06
ADPC,2019-11-05,2.21,2.21,2.15,2.31,0,0,-1,6554,14326.5
ADPC,2019-11-04,2.19,2.19,2.19,2.31,0,0,-1,4681,10250
ADPC,2019-11-03,2.32,2.32,2.24,2.31,0,0,-1,1976,4428.7
ADPC,2019-10-31,2.28,2.28,2.21,2.31,0,0,-1,2652,5908.32
ADPC,2019-10-29,2.33,2.33,2.28,2.31,0,0,-1,12188,28097.06
ADPC,2019-10-28,2.33,2.33,2.28,2.31,0,0,-1,2434,5585.17
ADPC,2019-10-27,2.35,2.35,2.27,2.31,2.12,0.04,-1,20591,47646.61
ADPC,2019-10-24,2.3,2.3,2.26,2.27,-9.79,-0.24,-1,15699,35507.59
ADPC,2019-10-23,2.27,2.27,2.26,2.51,0,0,-1,1124,2539
ADPC,2019-10-22,2.26,2.26,2.26,2.51,0,0,-1,7062,15951.33
ADPC,2019-10-20,2.26,2.26,2.26,2.51,0,0,-1,9654,21805.65
ADPC,2019-10-17,2.26,2.26,2.26,2.51,0,0,-1,1583,3574.35
ADPC,2019-10-14,2.26,2.26,2.26,2.51,0,0,-1,10692,24149.07
ADPC,2019-10-10,2.26,2.26,2.26,2.51,0,0,-1,3465,7825.5
ADPC,2019-10-09,2.51,2.51,2.51,2.51,-9.96,-0.28,-1,13771,34559.1
ADPC,2019-10-08,2.51,2.51,2.51,2.79,0,0,-1,1124,2820
ADPC,2019-10-03,2.51,2.51,2.51,2.79,0,0,-1,8504,21342.7
ADPC,2019-10-02,2.51,2.51,2.51,2.79,0,0,-1,3422,8586.9
ADPC,2019-09-29,2.51,2.51,2.51,2.79,0,0,-1,140,352.5
ADPC,2019-09-26,2.51,2.51,2.51,2.79,-9.96,0,-1,1873,4700
ADPC,2019-09-25,2.51,2.51,2.51,2.79,0,0,-1,243,611
ADPC,2019-09-24,2.51,2.51,2.51,2.79,0,0,-1,7931,19904.5
ADPC,2019-09-23,2.51,2.51,2.51,2.79,0,0,-1,8427,21150
ADPC,2019-09-22,2.51,2.51,2.51,2.79,0,0,-1,5019,12596
ADPC,2019-09-19,2.59,2.59,2.59,2.79,0,0,-1,6665,17261.15
ADPC,2019-09-18,2.52,2.52,2.52,2.79,0,0,-1,187,473
ADPC,2019-09-16,2.79,2.79,2.51,2.79,0,0,-1,9102,23042.1
ADPC,2019-09-15,2.8,2.8,2.79,2.79,-9.84,-0.3,-1,17518,48835.48
ADPC,2019-09-12,2.8,2.8,2.8,3.09,0,0,-1,3475,9729.21
ADPC,2019-09-11,3.74,3.74,3.09,3.09,-9.813,-0.34,-1,17576,54366.3
ADPC,2019-09-03,3.48,3.48,3.47,3.43,0,0,-1,1873,6508.64
ADPC,2019-08-28,3.74,3.74,3.74,3.43,0,0,-1,1828,6832
ADPC,2019-08-18,3.77,3.77,3.47,3.43,0,0,-1,5907,21621
ADPC,2019-08-05,3.77,3.77,3.43,3.43,0,0,-1,1536,5584.4
ADPC,2019-08-01,3.77,3.77,3.77,3.43,0,0,-1,1873,7060
ADPC,2019-07-31,3.43,3.43,3.43,3.43,9.93,0.31,-1,9364,32100
ADPC,2019-07-30,3.12,3.12,3.12,3.12,9.98,0.28,-1,13110,40880
ADPC,2019-07-29,2.84,2.84,2.84,2.84,9.94,0.26,-1,12988,36824.85
ADPC,2019-07-16,2.84,2.84,2.84,2.58,0,0,-1,281,796.5
ADPC,2019-07-09,2.84,2.84,2.84,2.58,0,0,-1,281,796.5
ADPC,2019-06-27,2.84,2.84,2.84,2.58,0,0,-1,94,265.5
ADPC,2019-06-23,2.84,2.84,2.84,2.58,0,0,-1,56,159.3
ADPC,2019-06-17,2.84,2.84,2.84,2.58,9.94,0,-1,1873,5310
ADPC,2019-06-16,2.84,2.84,2.83,2.58,0,0,-1,1966,5565.5
ADPC,2019-05-22,2.58,2.58,2.58,2.58,0,0,-1,1124,2898
ADPC,2019-04-23,2.67,2.67,2.67,2.58,0,0,-1,1311,3500
ADPC,2019-04-15,2.83,2.83,2.73,2.58,0,0,-1,2820,7889.91
ADPC,2019-04-14,2.73,2.73,2.73,2.58,5.59,0,-1,140,382.5
ADPC,2019-04-07,2.58,2.58,2.58,2.58,0,0,-1,856,2211.88
ADPC,2019-04-04,2.84,2.84,2.84,2.58,0,0,-1,1218,3451.5
ADPC,2019-04-02,2.84,2.84,2.82,2.58,0,0,-1,3227,9127.44
ADPC,2019-04-01,2.84,2.84,2.84,2.58,0,0,-1,1210,3430.26
ADPC,2019-03-31,2.83,2.83,2.83,2.58,0,0,-1,2536,7176.2
ADPC,2019-03-28,2.84,2.84,2.84,2.58,0,0,-1,8695,24660
ADPC,2019-03-26,2.84,2.84,2.76,2.58,0,0,-1,6705,18886.8
ADPC,2019-03-25,2.84,2.84,2.76,2.58,0,0,-1,1948,5397.45
ADPC,2019-03-11,2.84,2.84,2.84,2.58,0,0,-1,1866,5289.57
ADPC,2019-03-10,2.84,2.84,2.84,2.58,0,0,-1,1365,3871.62
ADPC,2019-03-04,2.84,2.84,2.84,2.58,0,0,-1,69,197.28
ADPC,2019-02-27,2.84,2.84,2.84,2.58,0,0,-1,3695,10480.5
ADPC,2019-02-25,2.84,2.84,2.84,2.58,0,0,-1,43,123.3
ADPC,2019-02-24,2.84,2.84,2.44,2.58,0,0,-1,11321,28403.1
ADPC,2019-02-21,2.95,2.95,2.41,2.58,-3.78,-0.1,-1,23743,61218.76
ADPC,2019-02-20,2.95,2.95,2.59,2.68,0,0,-1,4957,14447.4
ADPC,2019-02-18,2.75,2.75,2.59,2.68,3.556,0.09,-1,12187,32654.62
ADPC,2019-02-17,2.59,2.59,2.59,2.59,2.27,0.06,-1,23621,61121.25
ADPC,2019-02-14,2.53,2.53,2.53,2.53,-2.22,-0.06,-1,12126,30679
ADPC,2019-02-03,2.33,2.33,2.33,2.59,0,0,-1,9413,21931.45
ADPC,2019-01-31,2.59,2.59,2.58,2.59,9.86,0.24,-1,26277,68008.71
ADPC,2019-01-27,2.4,2.4,2.3,2.35,5.26,0.17,-1,39785,93703.33
ADPC,2018-10-24,2.07,2.07,2.07,2.18,0,0,-1,26,54
ADPC,2018-08-30,2.07,2.07,2.07,2.18,0,0,-1,1279,2646
ADPC,2018-08-26,2.3,2.3,2.3,2.18,0,0,-1,8695,20000
ADPC,2018-08-16,2.3,2.3,2.3,2.18,0,0,-1,8395,19310
ADPC,2018-08-15,2.3,2.3,2.3,2.18,0,0,-1,2300,5290
ADPC,2018-07-25,2.3,2.3,2.3,2.18,5.16,0,-1,4,9.99
ADPC,2018-07-24,2.3,2.3,2.3,2.18,0,0,-1,9,19.98
ADPC,2018-07-05,2.4,2.4,2.4,2.18,0,0,-1,43,104.5
ADPC,2018-06-20,2.18,2.18,2.18,2.18,0,0,-1,16,38
ADPC,2018-06-04,2.4,2.4,2.4,2.18,0,0,-1,891,2142.25
ADPC,2018-05-31,2.18,2.18,2.18,2.18,0,0,-1,305,665
ADPC,2018-05-23,2.18,2.18,2.18,2.18,0,0,-1,4,9.5
ADPC,2018-05-10,2.2,2.2,2.18,2.18,0,0,-1,52047,113707.45
ADPC,2018-01-10,2.39,2.39,2.39,2.18,9.47,0,-1,7765,18574.4
ADPC,2018-01-02,2.39,2.39,2.39,2.18,0,0,-1,43,104
ADPC,2017-12-31,2.39,2.39,2.39,2.18,9.47,0,-1,16,41.6
ADPC,2017-03-29,2.18,2.18,2.18,2.18,0,0,-1,43,95
ADPC,2016-05-25,2.04,2.04,2.04,2.18,0,0,-1,1043,2133.12
ADPC,2016-03-22,2.18,2.18,2.18,2.18,8.447491,0.17,-1,4912,10735
ADPC,2016-01-26,2.01,2.01,2.01,2.01,4.910177,0.09,-1,7392,14891.5
ADPC,2016-01-19,1.92,1.92,1.92,1.92,4.597267,0.08,-1,7827,15030
ADPC,2016-01-18,1.9,1.9,1.8,1.84,6.44,0.11,-1,6521,11975
ADPC,2016-01-17,1.73,1.73,1.73,1.73,2.74,0.05,-1,13044,22500
ADPC,2015-09-16,1.85,1.85,1.85,1.85,10,0.17,-1,6521,12045
ADPC,2015-09-10,1.68,1.68,1.68,1.68,-9.83,-0.18,-1,6521,10950
ADPC,2015-05-07,1.9,1.9,1.62,1.86,7.95,0.13,-1,6652,12387.2
ADPC,2015-05-05,1.73,1.73,1.73,1.73,5.69,0.1,-1,13044,22500
ADPC,2015-05-04,1.63,1.63,1.63,1.63,0,0,-1,4348,7111
ADPC,2015-05-03,1.63,1.63,1.62,1.63,1.5,0.02,-1,49346,80540.6
ADPC,2015-04-30,1.62,1.62,1.61,1.61,0.16,0,-1,70868,113950
ADPC,2015-04-21,1.61,1.61,1.61,1.61,-0.29,-0.01,-1,21739,34900
ADPC,2015-03-26,1.62,1.62,1.62,1.62,8.09,0.13,-1,21739,35000
ADPC,2015-03-09,1.62,1.62,1.59,1.49,0,0,-1,1695,2701.199951
ADPC,2015-03-03,1.62,1.62,1.62,1.49,0,0,-1,3086,4970
ADPC,2015-02-17,1.49,1.49,1.49,1.49,0.14,0,-1,65867,98112.203125
ADPC,2015-02-16,1.49,1.49,1.49,1.49,-6.07,-0.09,-1,10390,15456.150391
ADPC,2015-01-29,1.43,1.43,1.43,1.58,0,0,-1,3478,4960
ADPC,2015-01-19,1.43,1.43,1.43,1.58,0,0,-1,6912,9853.230469
ADPC,2015-01-15,1.43,1.43,1.43,1.58,0,0,-1,6912,9858
ADPC,2015-01-11,1.59,1.59,1.58,1.58,1.19,0.02,-1,17391,27539.099609
ADPC,2014-11-24,1.62,1.62,1.62,1.56,0,0,-1,4348,7000
ADPC,2014-11-20,1.41,1.41,1.41,1.56,0,0,-1,1303,1837.5
ADPC,2014-10-19,1.72,1.72,1.72,1.56,0,0,-1,1434,2463.780029
ADPC,2014-10-08,1.72,1.72,1.72,1.56,0,0,-1,1565,2692.080078
ADPC,2014-08-07,1.72,1.72,1.72,1.56,0,0,-1,2175,3742
ADPC,2014-07-09,1.56,1.56,1.56,1.56,-10,-0.18,-1,8695,13608
ADPC,2014-04-17,1.74,1.74,1.74,1.74,-9.99,-0.19,-1,13044,22680
ADPC,2014-04-10,1.74,1.74,1.74,1.93,0,0,-1,2521,4384.799805
ADPC,2014-03-30,1.93,1.93,1.93,1.93,6.28,0.12,-1,6521,12598.5
ADPC,2014-03-25,2.04,2.04,1.74,1.81,-6.12,-0.13,-1,31695,57611.871094
ADPC,2014-03-24,1.96,1.96,1.91,1.94,4.17,0.08,-1,6869,13300
ADPC,2014-03-23,1.91,1.91,1.8,1.86,3.05,0.06,-1,10870,20203
ADPC,2014-03-09,1.84,1.84,1.84,1.8,0,0,-1,434,799.5
ADPC,2014-03-05,1.84,1.84,1.84,1.8,0,0,-1,1695,3119.610107
ADPC,2014-03-02,1.8,1.8,1.8,1.8,0,0,-1,2391232,4313100
ADPC,2014-02-23,1.84,1.84,1.73,1.8,0.153257,0,-1,6912,12468.910156
ADPC,2014-02-13,1.84,1.84,1.76,1.8,2.3,0.04,-1,8695,15660
ADPC,2014-02-11,1.77,1.77,1.76,1.76,-9.94,-0.2,-1,28260,49750.128906
ADPC,2014-02-04,1.96,1.96,1.96,1.96,0,0,-1,2391232,4674450
ADPC,2014-01-29,1.96,1.96,1.96,1.96,0,0,-1,2826,5525
ADPC,2014-01-28,1.97,1.97,1.88,1.96,8.96,0.16,-1,10218,19973
ADPC,2014-01-27,1.84,1.84,1.84,1.8,0,0,-1,1087,2000
ADPC,2014-01-16,1.8,1.8,1.8,1.8,-2.38,-0.04,-1,7827,14040
ADPC,2014-01-14,1.84,1.84,1.8,1.84,-0.03,0,-1,22826,41950
ADPC,2014-01-09,1.84,1.84,1.74,1.84,1.14,0.03,-1,44216,81283.5
ADPC,2014-01-08,1.74,1.74,1.63,1.81,0,0,-1,957,1608.439941
ADPC,2014-01-06,1.81,1.81,1.81,1.81,-10,-0.21,-1,28260,51363
ADPC,2014-01-05,1.84,1.84,1.84,2.02,0,0,-1,2175,4000.5
ADPC,2014-01-02,2.27,2.27,1.97,2.02,-7.63,-0.17,-1,102824,207648
ADPC,2013-12-31,2.2,2.2,2.17,2.19,9.39,0.19,-1,149126,326006
ADPC,2013-12-29,2,2,1.91,2,9.74,0.18,-1,455249,909776.3125
ADPC,2013-12-26,1.82,1.82,1.82,1.82,9.99,0.16,-1,88780,161685.5625
ADPC,2013-12-25,1.66,1.66,1.66,1.66,3.18,0.05,-1,43477,71990.898438
ADPC,2013-12-24,1.66,1.66,1.49,1.61,-3,-0.05,-1,52389,84074.90625
ADPC,2013-12-22,1.66,1.66,1.47,1.66,1.48,0.03,-1,6609,10933.30957
ADPC,2013-12-19,1.65,1.65,1.56,1.63,0.47,0.01,-1,21739,35439.640625
ADPC,2013-12-18,1.66,1.66,1.59,1.62,2.25,0.03,-1,33261,53971.25
ADPC,2013-12-17,1.59,1.59,1.59,1.59,2.27,0.03,-1,8695,13800
ADPC,2013-12-16,1.59,1.59,1.5,1.56,6.67,0.1,-1,13044,20240
ADPC,2013-12-15,1.57,1.57,1.57,1.46,0,0,-1,43,68.5
ADPC,2013-12-12,1.46,1.46,1.46,1.46,10,0.13,-1,8695,12650
ADPC,2013-12-09,1.33,1.33,1.33,1.33,0,0,-1,126084,166750.453125
ADPC,2013-12-03,1.33,1.33,1.33,1.33,-9.7,-0.13,-1,15304,20240.689453
ADPC,2013-11-27,1.46,1.46,1.46,1.46,-5,-0.09,-1,39302,57562.839844
ADPC,2013-11-20,1.62,1.62,1.46,1.55,-4.24,-0.07,-1,8043,12400.94043
ADPC,2013-11-19,1.66,1.66,1.62,1.62,0,0,-1,4348,7126.919922
ADPC,2013-11-18,1.62,1.62,1.62,1.62,-0.74,0,-1,11305,18200
ADPC,2013-11-12,1.46,1.46,1.46,1.62,0,0,-1,3478,5080.799805
ADPC,2013-11-10,1.46,1.46,1.46,1.62,0,0,-1,1565,2288.52002
ADPC,2013-10-31,1.46,1.46,1.46,1.62,0,0,-1,2695,3937.97998
ADPC,2013-10-30,1.62,1.62,1.62,1.62,-9.99,-0.18,-1,9348,15161.799805
ADPC,2013-10-08,1.8,1.8,1.8,1.8,0,0,-1,4347697,7835000
ADPC,2013-09-30,1.84,1.84,1.77,1.8,5.01,0.08,-1,65216,117526.609375
ADPC,2013-09-29,1.77,1.77,1.66,1.72,3.23,0.06,-1,54346,93257.492188
ADPC,2013-09-26,1.66,1.66,1.66,1.66,0,0,-1,2173849,3613462.25
ADPC,2013-09-23,1.69,1.69,1.61,1.66,9.2,0.11,-1,21739,36132.910156
ADPC,2013-09-22,1.56,1.56,1.55,1.55,5.44,0.08,-1,12390,19169.560547
ADPC,2013-09-18,1.47,1.47,1.47,1.47,-1.45,-0.03,-1,99998,147200
ADPC,2013-09-17,1.49,1.49,1.49,1.5,0,0,-1,4348,6451
ADPC,2013-09-12,1.5,1.5,1.5,1.5,9.99,0.14,-1,8738,13052.94043
ADPC,2013-09-10,1.47,1.47,1.32,1.34,1.03,-0.12,-1,19174,25786
ADPC,2013-09-09,1.6,1.6,1.46,1.46,0,0,-1,4783,7591.609863
ADPC,2013-09-04,1.6,1.6,1.46,1.46,9.99,0,-1,434,696.799988
ADPC,2013-09-03,1.46,1.46,1.46,1.46,-9.92,-0.16,-1,9130,13303.5
ADPC,2013-08-28,1.62,1.62,1.62,1.62,-0.47,0,-1,4348,7000
ADPC,2013-08-07,1.89,1.89,1.89,1.89,0,0,-1,1858356,3516500
ADPC,2013-08-06,1.91,1.91,1.89,1.89,5.94,0.08,-1,5575,10550.009766
ADPC,2013-07-30,1.81,1.81,1.67,1.81,-7.49,0,-1,2008,3348
ADPC,2013-07-29,1.81,1.81,1.67,1.81,-7.49,0,-1,3010,5022
ADPC,2013-07-24,1.81,1.81,1.67,1.81,-7.49,0,-1,1859,3100
ADPC,2013-07-21,1.94,1.94,1.81,1.81,6.88,0,-1,7470,13471.950195
ADPC,2013-07-18,1.81,1.81,1.81,1.81,0,0,-1,1858356,3366000
ADPC,2013-07-15,1.91,1.91,1.81,1.81,5.17,0,-1,2044,3718.5
ADPC,2013-07-14,1.94,1.94,1.81,1.81,-3.67,-0.2,-1,66046,119635.789063
ADPC,2013-07-11,2.01,2.01,1.81,2.01,-9.82,0,-1,929,1685
ADPC,2013-07-10,2.01,2.01,1.83,2.01,-9.02,0,-1,2118,3876
ADPC,2013-07-04,2.02,2.02,1.99,2.01,6.47,0.14,-1,5054,10164
ADPC,2013-07-02,1.87,1.87,1.87,1.87,-5.89,-0.12,-1,5799,10842
ADPC,2013-06-30,2.07,2.07,1.89,1.99,10,0.1,-1,31592,62770.53125
ADPC,2013-06-27,1.89,1.89,1.89,1.89,5.8,0.11,-1,6319,11900
ADPC,2013-06-26,1.92,1.92,1.59,1.78,-8.1,0.03,-1,60024,106844.03125
ADPC,2013-06-03,1.75,1.75,1.75,1.75,0,0,-1,1115014,1952100
ADPC,2013-05-09,1.75,1.75,1.57,1.75,-9.99,0,-1,5575,8785.5
ADPC,2013-04-09,1.75,1.75,1.59,1.75,0,0,-1,1859,2950
ADPC,2013-03-28,1.76,1.76,1.75,1.75,-8.58,-0.16,-1,8548,14966.299805
ADPC,2013-03-27,2.02,2.02,2.02,1.91,0,0,-1,929,1873.75
ADPC,2013-03-26,1.91,1.91,1.73,1.91,-9.56,0,-1,1302,2264.699951
ADPC,2013-03-25,1.99,1.99,1.75,1.91,2.86,-0.03,-1,27875,53328
ADPC,2013-03-24,1.94,1.94,1.94,1.94,9.98,0.18,-1,7433,14389
ADPC,2013-03-18,1.76,1.76,1.72,1.76,0,0,-1,1302,2246
ADPC,2013-02-25,1.76,1.76,1.59,1.76,-9.95,0,-1,1859,2945
ADPC,2013-02-24,1.77,1.77,1.72,1.76,-6.69,-0.08,-1,7025,12362.55957
ADPC,2013-02-21,1.84,1.84,1.78,1.84,-3.72,0,-1,37,66.050003
ADPC,2013-02-18,1.91,1.91,1.84,1.84,-3.92,-0.07,-1,10518,19412.599609
ADPC,2013-02-05,1.91,1.91,1.83,1.91,-4.03,0,-1,4609,8446.879883
ADPC,2013-02-04,1.91,1.91,1.91,1.91,0.17,0,-1,4460,8530.799805
ADPC,2013-01-27,1.92,1.92,1.91,1.91,-9.81,-0.21,-1,26165,49970.160156
ADPC,2013-01-17,2.12,2.12,1.91,2.12,0,0,-1,3754,7161
ADPC,2013-01-15,2.12,2.12,1.92,2.12,0,0,-1,4460,8580
ADPC,2012-12-31,2.12,2.12,2.12,2.12,1,0.02,-1,24159,51199.640625
ADPC,2012-12-30,1.94,1.94,1.94,2.1,0,0,-1,4460,8671.2
ADPC,2012-12-27,2.12,2.12,2.1,2.1,2.73,0.04,-1,5575,11699.490234
ADPC,2012-12-18,2.12,2.12,1.94,2.06,3.2,0.01,-1,14532,29916.220703
ADPC,2012-12-16,2.11,2.11,1.94,2.05,-3.97,0.03,-1,11151,22897.630859
ADPC,2012-12-12,1.86,1.86,1.86,2.02,-7.98,0,-1,371,690
ADPC,2012-12-11,2.12,2.12,1.89,2.02,-0.04,0,-1,15573,31418.1
ADPC,2012-12-10,1.82,1.82,1.82,2.02,-10,0,-1,371,675.099976
ADPC,2012-12-02,2.02,2.02,2.02,2.02,-0.01,0,-1,3344,6750
ADPC,2012-11-27,1.83,1.83,1.83,2.02,-9.35,0,-1,557,1020
ADPC,2012-11-25,1.86,1.86,1.86,2.02,-8.01,0,-1,743,1380
ADPC,2012-11-22,2.02,2.02,1.82,2.02,-0.01,0,-1,1114,2112
ADPC,2012-11-21,1.89,1.89,1.89,2.02,-6.68,0,-1,2230,4200
ADPC,2012-11-20,2.12,2.12,1.74,2.02,9.72,0.08,-1,20813,42006.230469
ADPC,2012-11-19,1.94,1.94,1.94,1.94,-9.98,-0.21,-1,5575,10800
ADPC,2012-11-18,2.02,2.02,1.94,2.15,-6.23,0,-1,743,1468.54
ADPC,2012-11-14,1.94,1.94,1.94,2.15,-9.79,0,-1,1449,2813.85
ADPC,2012-11-08,1.95,1.95,1.95,2.15,-9.35,0,-1,1747,3407.5
ADPC,2012-11-05,1.94,1.94,1.94,2.15,-9.99,0,-1,37,71.99
ADPC,2012-10-30,2.15,2.15,1.94,2.15,0,0,-1,929,1960.85
ADPC,2012-10-29,2.15,2.15,2.15,2.15,0.64,0.01,-1,9292,19995.5
ADPC,2012-10-24,2.14,2.14,2.14,2.14,3.05,0.07,-1,11151,23844.5
ADPC,2012-10-16,2.14,2.14,1.92,2.07,-0.04,-0.07,-1,13008,26999
ADPC,2012-10-11,2.24,2.24,2.09,2.14,8.7,0.09,-1,44600,95316.27
ADPC,2012-10-03,1.86,1.86,1.86,2.05,0,0,-1,186,345.05
ADPC,2012-10-02,2.05,2.05,2.04,2.05,0,0,-1,3155005,6481900
ADPC,2012-09-30,2.17,2.17,1.97,2.05,10,0.08,-1,297337,610846.75
ADPC,2012-09-27,2.01,2.01,1.96,1.97,1.1,0.01,-1,30849,60843.2
ADPC,2012-09-26,1.96,1.96,1.96,1.96,0.9,0.01,-1,18584,36499
ADPC,2012-09-25,1.99,1.99,1.94,1.95,4.99,0.06,-1,37167,72351.5
ADPC,2012-09-24,1.94,1.94,1.75,1.89,0.72,-0.04,-1,47388,89746.3
ADPC,2012-09-20,1.94,1.94,1.91,1.93,9.42,0.16,-1,8660,16724.2
ADPC,2012-09-19,1.77,1.77,1.75,1.77,-6.63,-0.14,-1,11894,21053.5
ADPC,2012-09-17,2.02,2.02,1.86,1.91,9.11,0.06,-1,209994,399414
ADPC,2012-09-16,1.86,1.86,1.67,1.85,0.79,0.01,-1,18584,34343.2
ADPC,2012-09-13,1.86,1.86,1.82,1.84,3.36,0.05,-1,20813,38339.47
ADPC,2012-09-12,1.89,1.89,1.77,1.79,6.45,0.02,-1,46459,83330.1
ADPC,2012-09-09,1.77,1.77,1.76,1.77,2.39,0.04,-1,18584,32880.5
ADPC,2012-09-06,1.75,1.75,1.61,1.73,3.85,0.04,-1,37167,64400.9
ADPC,2012-09-05,1.73,1.73,1.61,1.69,6.96,0.07,-1,37167,62583.1
ADPC,2012-09-03,1.73,1.73,1.61,1.62,-5.3,-0.09,-1,46273,74943.5
ADPC,2012-09-02,1.74,1.74,1.64,1.71,-2.18,0.03,-1,22300,38013.3
ADPC,2012-08-30,1.72,1.72,1.63,1.68,0.46,0.05,-1,93624,157223
ADPC,2012-08-29,1.56,1.56,1.56,1.63,0,0,-1,3344,5220
ADPC,2012-08-28,1.67,1.67,1.61,1.63,3.94,0.02,-1,37167,60487.5
ADPC,2012-08-27,1.64,1.64,1.48,1.61,7,0.07,-1,51699,82901.4
ADPC,2012-08-26,1.54,1.54,1.52,1.54,-6.54,-0.1,-1,20331,31155.01
ADPC,2012-08-23,1.64,1.64,1.64,1.64,8.5,0.13,-1,13863,22748.6
ADPC,2012-08-22,1.52,1.52,1.51,1.51,-9.58,-0.16,-1,134396,203273
ADPC,2012-08-16,1.67,1.67,1.52,1.67,0,0,-1,1859,3032.83
ADPC,2012-08-15,1.67,1.67,1.67,1.67,-10,-0.19,-1,11151,18630
ADPC,2012-07-08,1.67,1.67,1.67,1.86,0,0,-1,1747,2925.75
ADPC,2012-07-05,1.74,1.74,1.67,1.86,0,0,-1,3197,5433.4
ADPC,2012-07-02,1.86,1.86,1.86,1.86,9.14,0.16,-1,9292,17250
ADPC,2012-06-28,1.71,1.71,1.55,1.7,8.57,0.13,-1,89015,151424
ADPC,2012-06-27,1.64,1.64,1.52,1.57,9.99,0.08,-1,111501,175466
ADPC,2012-06-26,1.54,1.54,1.46,1.49,8.65,0.08,-1,111501,166418
ADPC,2012-06-25,1.47,1.47,1.21,1.41,5.23,0.07,-1,129638,182982
ADPC,2012-06-20,1.34,1.34,1.34,1.34,9.03,0.11,-1,3717,4989
ADPC,2012-06-18,1.23,1.23,1.23,1.23,-9.99,-0.14,-1,3717,4576
ADPC,2012-06-12,1.39,1.39,1.36,1.37,0.84,0,-1,18584,25421
ADPC,2012-06-07,1.39,1.39,1.37,1.37,1.32,0,-1,14867,20427.5
ADPC,2012-06-04,1.4,1.4,1.34,1.37,3.59,0.02,-1,9292,12707.3
ADPC,2012-06-03,1.36,1.36,1.2,1.35,1.53,0.02,-1,13379,18059.5
ADPC,2012-05-31,1.34,1.34,1.31,1.33,7.74,0.08,-1,8548,11394.4
ADPC,2012-05-30,1.36,1.36,1.22,1.25,-4.99,-0.11,-1,5017,6265.8
ADPC,2012-05-29,1.36,1.36,1.36,1.36,6.25,0.08,-1,4460,6062
ADPC,2012-05-28,1.19,1.19,1.19,1.28,0,0,-1,2973,3528
ADPC,2012-05-16,1.31,1.31,1.26,1.28,9.99,0.09,-1,254371,325416
ADPC,2012-05-15,1.19,1.19,1.19,1.19,-8.9,-0.12,-1,3754,4470.3
ADPC,2012-04-30,1.31,1.31,1.31,1.31,0,0,-1,23043,30150.6
ADPC,2012-04-24,1.32,1.32,1.16,1.31,5.22,0.05,-1,243222,318204
ADPC,2012-04-23,1.26,1.26,1.17,1.26,6.62,0.09,-1,5575,6985.5
ADPC,2012-04-18,1.17,1.17,1.11,1.17,-6.14,0,-1,2787,3075
ADPC,2012-04-12,1.17,1.17,1.09,1.17,-7.28,0,-1,335,364.5
ADPC,2012-04-09,1.18,1.18,1.07,1.17,-5.46,0.03,-1,20441,24026.2
ADPC,2012-04-05,1.14,1.14,1.14,1.14,-4.22,-0.05,-1,32521,37023.75
ADPC,2012-04-04,1.19,1.19,1.19,1.19,-9.62,-0.13,-1,7433,8822.5
ADPC,2012-04-03,1.32,1.32,1.19,1.32,-9.93,0,-1,2602,3080.28
ADPC,2012-04-01,1.32,1.32,1.32,1.32,0,0,-1,4758,6252.8
ADPC,2012-03-29,1.36,1.36,1.19,1.32,9.3,0.08,-1,21000,27601.43
ADPC,2012-03-28,1.29,1.29,1.09,1.24,10,0.07,-1,99905,124294.42
ADPC,2012-03-27,1.19,1.19,1.16,1.17,-3.63,-0.03,-1,27875,32555
ADPC,2012-03-25,1.2,1.2,1.2,1.2,-5.86,-0.07,-1,4126,4952.93
ADPC,2012-03-22,1.32,1.32,1.19,1.27,9.56,0.06,-1,25979,33131
ADPC,2012-03-21,1.21,1.21,1.17,1.21,3.71,0.04,-1,3940,4770
ADPC,2012-03-20,1.17,1.17,1.16,1.17,-2.67,-0.04,-1,14124,16490
ADPC,2012-03-19,1.29,1.29,1.16,1.21,7.38,0.01,-1,33413,40364.43
ADPC,2012-03-18,1.21,1.21,1.2,1.2,-6.77,-0.09,-1,9143,10974.5
ADPC,2012-03-15,1.29,1.29,1.27,1.29,-8.61,-0.12,-1,24122,31048.48
ADPC,2012-03-13,1.41,1.41,1.28,1.41,0,0,-1,743,954
ADPC,2012-03-05,1.42,1.42,1.41,1.41,3.1,0.04,-1,9366,13235.68
ADPC,2012-03-04,1.42,1.42,1.29,1.37,-1.09,-0.02,-1,110721,151737.01
ADPC,2012-03-01,1.39,1.39,1.39,1.39,-0.17,0,-1,4832,6695
ADPC,2012-02-29,1.4,1.4,1.37,1.39,1.16,0.02,-1,7062,9801.7
ADPC,2012-02-27,1.37,1.37,1.37,1.37,-6.2,-0.09,-1,5575,7650
ADPC,2012-02-26,1.56,1.56,1.36,1.46,3.4,0.04,-1,68759,100582.02
ADPC,2012-02-23,1.42,1.42,1.4,1.42,5.03,0.07,-1,31815,45012.65
ADPC,2012-02-22,1.39,1.39,1.35,1.35,0,0,-1,1784,2465
ADPC,2012-02-21,1.35,1.35,1.35,1.35,-0.42,-0.01,-1,12265,16521.3
ADPC,2012-02-20,1.41,1.41,1.32,1.36,-1.39,-0.01,-1,311163,420894.42
ADPC,2012-02-19,1.37,1.37,1.31,1.37,0,0,-1,1859,2441.94
ADPC,2012-02-16,1.4,1.4,1.31,1.37,1.96,0.03,-1,289161,396601.5
ADPC,2012-02-15,1.34,1.34,1.34,1.34,0.14,0,-1,7433,10000
ADPC,2012-02-14,1.36,1.36,1.32,1.34,-0.46,-0.01,-1,72104,96861.05
ADPC,2012-02-13,1.36,1.36,1.35,1.35,-3.3,-0.05,-1,76378,103082.75
ADPC,2012-02-12,1.4,1.4,1.39,1.4,0.19,0.01,-1,278753,389005.5
ADPC,2012-02-09,1.39,1.39,1.39,1.39,3.6,0.05,-1,414041,576703.17
ADPC,2012-02-08,1.34,1.34,1.32,1.34,7.86,0.1,-1,320380,430755.76
ADPC,2012-02-07,1.33,1.33,1.22,1.24,2.96,0.03,-1,13194,16448.25
ADPC,2012-02-06,1.21,1.21,1.21,1.21,-8.31,-0.11,-1,9292,11250
ADPC,2012-02-02,1.34,1.34,1.32,1.32,-1.29,-0.02,-1,7433,9815
ADPC,2012-02-01,1.4,1.4,1.26,1.34,5.14,0.07,-1,77754,104010.83
ADPC,2012-01-31,1.29,1.29,1.26,1.27,1.26,0.01,-1,37130,47243.28
ADPC,2012-01-30,1.26,1.26,1.24,1.26,7.58,0.09,-1,7136,8966.3
ADPC,2012-01-29,1.17,1.17,1.17,1.17,-0.3,0,-1,43039,50270
ADPC,2012-01-26,1.26,1.26,1.12,1.17,1.66,0.02,-1,265039,310484.23
ADPC,2012-01-24,1.16,1.16,1.13,1.15,9.76,0.1,-1,40846,47074.58
ADPC,2012-01-23,1.05,1.05,1.05,1.05,-2.47,-0.02,-1,6319,6633.5
ADPC,2012-01-22,1.07,1.07,1.07,1.07,0,0,-1,278753,300070
ADPC,2012-01-19,1.07,1.07,1.07,1.07,-5.97,-0.08,-1,20070,21604.6
ADPC,2012-01-11,1.15,1.15,1.07,1.15,0,0,-1,3344,3661
ADPC,2012-01-03,1.17,1.17,1.13,1.15,-6.63,-0.07,-1,20441,23399.8
ADPC,2011-12-29,1.22,1.22,1.11,1.22,0,0,-1,3718458,4558928.08
ADPC,2011-12-28,1.22,1.22,1.11,1.22,0,0,-1,22307811,27350367.39
ADPC,2011-12-22,1.27,1.27,1.16,1.22,5.05,0.05,-1,50361,61742.64
ADPC,2011-12-21,1.21,1.21,1.13,1.17,5.78,0.06,-1,15350,17915
ADPC,2011-12-20,1.11,1.11,1.11,1.11,-4.29,-0.05,-1,4051,4469.6
ADPC,2011-12-19,1.16,1.16,1.15,1.16,-5.82,-0.06,-1,8139,9384.46
ADPC,2011-12-15,1.22,1.22,1.16,1.22,0,0,-1,929,1075
ADPC,2011-12-14,1.22,1.22,1.22,1.22,2,0.02,-1,3717,4550
ADPC,2011-12-13,1.22,1.22,1.19,1.2,5.84,0.06,-1,5760,6914.4
ADPC,2011-12-12,1.14,1.14,1.07,1.14,0,0,-1,112,119.4
ADPC,2011-12-08,1.19,1.19,1.13,1.14,0,0,-1,1859,2147.76
ADPC,2011-12-07,1.14,1.14,1.13,1.14,-1.61,-0.01,-1,4424,5015.9
ADPC,2011-12-06,1.19,1.19,1.13,1.15,0.8,0.01,-1,12898,14864.36
ADPC,2011-12-04,1.14,1.14,1.14,1.14,-2.34,-0.03,-1,3717,4250
ADPC,2011-12-01,1.21,1.21,1.17,1.17,0,0,-1,1859,2250
ADPC,2011-11-30,1.17,1.17,1.17,1.17,-2.64,-0.04,-1,5575,6527.5
ADPC,2011-11-29,1.21,1.21,1.2,1.21,9.96,0.12,-1,24010,28877.48
ADPC,2011-11-24,1.13,1.13,1.07,1.09,0.05,0,-1,5760,6301.2
ADPC,2011-11-23,1.14,1.14,1.02,1.09,5.83,0.06,-1,51142,55907.29
ADPC,2011-11-22,1.04,1.04,1.03,1.03,-9.54,-0.11,-1,14420,14894.75
ADPC,2011-11-17,1.26,1.26,1.14,1.14,0,0,-1,371,462.45
ADPC,2011-11-16,1.14,1.14,1.14,1.14,-1.55,-0.02,-1,3717,4243.75
ADPC,2011-11-15,1.16,1.16,1.16,1.16,-5.13,-0.06,-1,18584,21555
ADPC,2011-11-14,1.23,1.23,1.17,1.22,-0.57,-0.01,-1,20813,25445
ADPC,2011-11-13,1.24,1.24,1.21,1.23,-3.05,-0.04,-1,6505,7997.5
ADPC,2011-11-09,1.27,1.27,1.26,1.27,-4.59,-0.06,-1,24345,30875.25
ADPC,2011-11-03,1.34,1.34,1.32,1.33,0.12,0,-1,5203,6917.5
ADPC,2011-11-01,1.34,1.34,1.31,1.33,2.3,0.03,-1,23639,31387.44
ADPC,2011-10-31,1.3,1.3,1.29,1.3,-2.25,-0.03,-1,10443,13556.19
ADPC,2011-10-30,1.36,1.36,1.29,1.33,3.13,0.04,-1,18026,23933.75
ADPC,2011-10-27,1.29,1.29,1.28,1.29,0.65,0.01,-1,8623,11101.01
ADPC,2011-10-26,1.3,1.3,1.27,1.28,-2.88,-0.04,-1,23118,29568.35
ADPC,2011-10-25,1.32,1.32,1.32,1.32,0.2,0,-1,5203,6853.4
ADPC,2011-10-24,1.34,1.34,1.29,1.32,-1.79,-0.02,-1,20107,26428.4
ADPC,2011-10-23,1.41,1.41,1.29,1.34,-0.6,0,-1,11410,15270.92
ADPC,2011-10-20,1.4,1.4,1.33,1.34,-2.63,-0.04,-1,37167,50035.13
ADPC,2011-10-19,1.46,1.46,1.32,1.38,0.37,0,-1,146327,202332.28
ADPC,2011-10-18,1.38,1.38,1.37,1.38,0,0,-1,1114,1530.3
ADPC,2011-10-17,1.4,1.4,1.36,1.38,-1.29,-0.02,-1,12637,17407
ADPC,2011-10-16,1.4,1.4,1.37,1.4,0,0,-1,605080,844426.8
ADPC,2011-10-12,1.42,1.42,1.39,1.4,3.8,0.06,-1,24084,33609.31
ADPC,2011-10-11,1.34,1.34,1.34,1.34,-0.08,0,-1,15499,20839.29
ADPC,2011-10-10,1.34,1.34,1.34,1.34,-0.16,-0.01,-1,10221,13754
ADPC,2011-10-09,1.35,1.35,1.34,1.35,-1.42,-0.02,-1,13008,17530.5
ADPC,2011-10-05,1.48,1.48,1.34,1.37,-1.01,-0.01,-1,5130,7012.38
ADPC,2011-10-04,1.42,1.42,1.37,1.38,-3.75,-0.06,-1,16056,22176.46
ADPC,2011-10-03,1.61,1.61,1.42,1.44,-4.65,-0.07,-1,9366,13438.4
ADPC,2011-10-02,1.64,1.64,1.41,1.51,-2.41,-0.03,-1,40958,61635.18
ADPC,2011-09-29,1.57,1.57,1.34,1.54,7.81,0.11,-1,254928,393057.02
ADPC,2011-09-28,1.48,1.48,1.39,1.43,3.83,0.05,-1,148668,212650.76
ADPC,2011-09-27,1.42,1.42,1.29,1.38,5.39,0.07,-1,315587,434730.4
ADPC,2011-09-26,1.33,1.33,1.26,1.31,5.11,0.07,-1,48763,63738.52
ADPC,2011-09-25,1.24,1.24,1.24,1.24,-8.4,-0.12,-1,6319,7857.7
ADPC,2011-09-22,1.37,1.37,1.29,1.36,6.73,0.09,-1,91245,123870.01
ADPC,2011-09-21,1.31,1.31,1.24,1.27,-5.55,-0.08,-1,143838,182960.37
ADPC,2011-09-20,1.36,1.36,1.3,1.35,-1.22,-0.01,-1,33451,45055.6
ADPC,2011-09-19,1.4,1.4,1.29,1.36,5.21,0.06,-1,47908,65329.67
ADPC,2011-09-18,1.32,1.32,1.29,1.3,-9.83,-0.14,-1,118006,152946.6
ADPC,2011-09-14,1.49,1.49,1.42,1.44,5.03,0.07,-1,22114,31785
ADPC,2011-09-13,1.42,1.42,1.3,1.37,5.47,0.07,-1,181190,247963.98
ADPC,2011-09-12,1.3,1.3,1.3,1.3,-8.06,-0.11,-1,4460,5786.4
ADPC,2011-09-11,1.44,1.44,1.41,1.41,0.13,0,-1,48243,68086.24
ADPC,2011-09-08,1.42,1.42,1.4,1.41,1.87,0.03,-1,18026,25401.95
ADPC,2011-09-07,1.38,1.38,1.29,1.38,0,0,-1,2304,2978.22
ADPC,2011-09-06,1.47,1.47,1.35,1.38,2.37,0.03,-1,35718,49417.23
ADPC,2011-09-05,1.36,1.36,1.19,1.35,9.51,0.11,-1,224638,303601.56
ADPC,2011-09-04,1.24,1.24,1.22,1.24,-8.09,-0.1,-1,78051,96317.1
ADPC,2011-08-29,1.41,1.41,1.29,1.34,4.94,0.06,-1,42556,57145.45
ADPC,2011-08-25,1.3,1.3,1.25,1.28,3.06,0.04,-1,47202,60400
ADPC,2011-08-24,1.24,1.24,1.24,1.24,1.21,0.02,-1,4832,5999.5
ADPC,2011-08-23,1.22,1.22,1.22,1.22,-1.7,-0.03,-1,5946,7296
ADPC,2011-08-22,1.27,1.27,1.23,1.25,7.68,0.09,-1,40884,51031.5
ADPC,2011-08-21,1.17,1.17,1.16,1.16,-4.61,-0.06,-1,36647,42479.8
ADPC,2011-08-18,1.24,1.24,1.17,1.22,0.58,0.01,-1,59096,71807.01
ADPC,2011-08-17,1.26,1.26,1.2,1.21,1.1,0.02,-1,7360,8889.43
ADPC,2011-08-16,1.21,1.21,1.19,1.19,-7.15,-0.1,-1,46496,55560.62
ADPC,2011-08-15,1.3,1.3,1.13,1.29,8.61,0.1,-1,307633,395887.62
ADPC,2011-08-14,1.19,1.19,1.19,1.19,-1.89,-0.02,-1,14867,17616.5
ADPC,2011-08-11,1.24,1.24,1.17,1.21,-4.89,-0.06,-1,37873,45742.03
ADPC,2011-08-10,1.28,1.28,1.24,1.27,4.1,0.05,-1,96783,122901.22
ADPC,2011-08-09,1.26,1.26,1.21,1.22,-4.04,-0.05,-1,16911,20631.49
ADPC,2011-08-08,1.29,1.29,1.26,1.27,-1.44,-0.02,-1,28768,36570.5
ADPC,2011-08-07,1.37,1.37,1.26,1.29,-7.63,-0.11,-1,68573,88443.9
ADPC,2011-08-04,1.41,1.41,1.39,1.4,1.67,0.03,-1,59467,83046.2
ADPC,2011-08-03,1.37,1.37,1.37,1.37,-2.91,-0.05,-1,6319,8678.5
ADPC,2011-08-02,1.42,1.42,1.41,1.42,1.1,0.02,-1,11337,16037.25
ADPC,2011-08-01,1.4,1.4,1.4,1.4,-1.74,-0.02,-1,12859,17996.46
ADPC,2011-07-31,1.46,1.46,1.4,1.42,2.42,0.03,-1,49767,70871.43
ADPC,2011-07-27,1.39,1.39,1.39,1.39,-3.22,-0.05,-1,11151,15505
ADPC,2011-07-26,1.51,1.51,1.4,1.44,-0.73,-0.01,-1,105183,151115.12
ADPC,2011-07-25,1.46,1.46,1.42,1.45,-0.54,-0.01,-1,80875,117043.7
ADPC,2011-07-21,1.46,1.46,1.46,1.46,-1.6,-0.02,-1,8660,12601.33
ADPC,2011-07-20,1.53,1.53,1.44,1.48,-2.55,-0.04,-1,58167,86019.15
ADPC,2011-07-19,1.53,1.53,1.48,1.52,2.29,0.04,-1,28991,43991.25
ADPC,2011-07-18,1.49,1.49,1.48,1.48,-1.89,-0.03,-1,21372,31705.75
ADPC,2011-07-17,1.56,1.56,1.51,1.51,0.23,0,-1,148668,224815.14
ADPC,2011-07-14,1.55,1.55,1.48,1.51,0.21,0,-1,108491,163676.09
ADPC,2011-07-13,1.51,1.51,1.51,1.51,5.01,0.07,-1,5575,8392.5
ADPC,2011-07-12,1.48,1.48,1.42,1.44,-3.37,-0.04,-1,119269,170969
ADPC,2011-07-11,1.49,1.49,1.48,1.48,-3.04,-0.05,-1,65711,97481.15
ADPC,2011-07-10,1.61,1.61,1.49,1.53,-1.83,-0.03,-1,79910,122264
ADPC,2011-07-07,1.59,1.59,1.54,1.56,1.06,0.02,-1,96448,150335.8
ADPC,2011-07-06,1.59,1.59,1.51,1.54,-1.82,-0.03,-1,106632,164462.95
ADPC,2011-07-05,1.58,1.58,1.56,1.57,-3.65,-0.06,-1,12079,18974
ADPC,2011-07-04,1.75,1.75,1.59,1.63,-1.54,-0.03,-1,284849,464354.05
ADPC,2011-07-03,1.69,1.69,1.59,1.66,-0.77,-0.01,-1,276857,458436.85
ADPC,2011-06-30,1.71,1.71,1.49,1.67,6.99,0.11,-1,607719,1014112.19
ADPC,2011-06-29,1.64,1.64,1.49,1.56,-5.69,-0.1,-1,131758,205511.15
ADPC,2011-06-28,1.67,1.67,1.63,1.66,0.77,0.02,-1,59504,98419.5
ADPC,2011-06-27,1.64,1.64,1.64,1.64,-1.5,-0.03,-1,68388,112240
ADPC,2011-06-26,1.67,1.67,1.63,1.67,0.55,0.01,-1,163536,272496
ADPC,2011-06-23,1.67,1.67,1.63,1.66,-0.05,0,-1,166248,275471.34
ADPC,2011-06-22,1.69,1.69,1.63,1.66,4.72,0.08,-1,309714,513498.75
ADPC,2011-06-21,1.64,1.64,1.56,1.58,-3.16,-0.06,-1,148706,235407.18
ADPC,2011-06-20,1.69,1.69,1.58,1.64,0.07,0.01,-1,169408,276934.51
ADPC,2011-06-19,1.69,1.69,1.57,1.63,-2.5,-0.04,-1,226199,369534.41
ADPC,2011-06-16,1.75,1.75,1.67,1.67,-0.7,-0.02,-1,40884,68504.5
ADPC,2011-06-15,1.77,1.77,1.66,1.69,-2.15,-0.03,-1,146586,247385.46
ADPC,2011-06-14,1.74,1.74,1.72,1.72,0.64,0.01,-1,22300,38461.12
ADPC,2011-06-13,1.84,1.84,1.64,1.71,-0.05,0,-1,1664009,2851660.31
ADPC,2011-06-12,1.72,1.72,1.71,1.71,-5.07,-0.1,-1,4646,7965
ADPC,2011-06-09,1.86,1.86,1.76,1.81,-1.13,-0.01,-1,121909,220149.4
ADPC,2011-06-06,1.84,1.84,1.81,1.82,0.13,0,-1,183829,335769.44
ADPC,2011-06-05,1.83,1.83,1.77,1.82,0,0,-1,3762240,6862995
ADPC,2011-06-01,1.84,1.84,1.74,1.82,5.08,0.08,-1,20441,37290
ADPC,2011-05-31,1.79,1.79,1.72,1.74,0.7,0.02,-1,35681,61936.1
ADPC,2011-05-30,1.73,1.73,1.72,1.72,-2.73,-0.05,-1,33451,57661.88
ADPC,2011-05-29,1.81,1.81,1.74,1.77,-2.43,-0.05,-1,232294,411691.82
ADPC,2011-05-26,1.91,1.91,1.81,1.82,-0.32,0,-1,50250,91267.57
ADPC,2011-05-24,1.9,1.9,1.81,1.82,-2.19,-0.05,-1,32335,58924.85
ADPC,2011-05-23,1.92,1.92,1.79,1.87,-2.42,-0.04,-1,315438,587734.4
ADPC,2011-05-22,1.96,1.96,1.84,1.91,3.53,0.07,-1,605564,1156353.54
ADPC,2011-05-19,1.9,1.9,1.81,1.84,0.68,0.01,-1,176544,325633.52
ADPC,2011-05-18,1.91,1.91,1.71,1.83,4.07,0.07,-1,710449,1301510.17
ADPC,2011-05-17,1.82,1.82,1.75,1.76,0.54,0.01,-1,241214,424611.79
ADPC,2011-05-16,1.81,1.81,1.74,1.75,-2.4,-0.04,-1,737581,1291436.09
ADPC,2011-05-15,1.84,1.84,1.76,1.79,-1.87,-0.04,-1,374013,670951.45
ADPC,2011-05-12,1.88,1.88,1.8,1.83,4.86,0.09,-1,1005148,1837652.5
ADPC,2011-05-11,1.81,1.81,1.69,1.74,4.28,0.07,-1,1106391,1928943.72
ADPC,2011-05-10,1.69,1.69,1.65,1.67,0.68,0.01,-1,691308,1155875.95
ADPC,2011-05-09,1.69,1.69,1.64,1.66,1.25,0.02,-1,253888,421641
ADPC,2011-05-08,1.69,1.69,1.59,1.64,0.54,0.01,-1,234673,384904.32
ADPC,2011-05-05,1.67,1.67,1.61,1.63,-1,-0.02,-1,331717,541095.4
ADPC,2011-05-04,1.68,1.68,1.63,1.65,-3.5,-0.06,-1,226794,373703.98
ADPC,2011-05-03,1.74,1.74,1.67,1.71,3.64,0.06,-1,644738,1100888.27
ADPC,2011-05-02,1.69,1.69,1.54,1.65,1.86,0.03,-1,569809,938757.55
ADPC,2011-04-28,1.65,1.65,1.6,1.62,3.66,0.06,-1,474512,767471.84
ADPC,2011-04-27,1.6,1.6,1.47,1.56,1.63,0.02,-1,324283,505975.75
ADPC,2011-04-26,1.56,1.56,1.53,1.54,0.18,0,-1,277453,425936.99
ADPC,2011-04-21,1.56,1.56,1.51,1.54,5.07,0.08,-1,174202,266981.58
ADPC,2011-04-20,1.48,1.48,1.46,1.46,-1.51,-0.02,-1,118191,172403.11
ADPC,2011-04-19,1.52,1.52,1.44,1.48,1.23,0.02,-1,346063,512498.98
ADPC,2011-04-18,1.51,1.51,1.41,1.46,-2.84,-0.05,-1,170002,248700.36
ADPC,2011-04-17,1.59,1.59,1.46,1.51,1.82,0.03,-1,492129,740903.85
ADPC,2011-04-14,1.48,1.48,1.37,1.48,9.7,0.13,-1,4948466,7318055.51
ADPC,2011-04-13,1.36,1.36,1.34,1.35,9.15,0.11,-1,663247,894067.9
ADPC,2011-04-12,1.24,1.24,1.21,1.24,-2.24,-0.02,-1,4646,5738
ADPC,2011-04-11,1.3,1.3,1.24,1.26,-4.79,-0.06,-1,254595,321578.3
ADPC,2011-04-10,1.36,1.36,1.31,1.32,-1.89,-0.04,-1,169482,224867.8
ADPC,2011-04-07,1.4,1.4,1.29,1.36,1.37,0.02,-1,281132,380143
ADPC,2011-04-06,1.36,1.36,1.26,1.34,4.05,0.06,-1,440987,588248.5
ADPC,2011-04-05,1.3,1.3,1.16,1.28,8.37,0.09,-1,679898,871688.37
ADPC,2011-04-04,1.19,1.19,1.17,1.19,-2.22,-0.02,-1,227276,268904.27
ADPC,2011-04-03,1.24,1.24,1.16,1.21,3.24,0.04,-1,373344,451713.8
ADPC,2011-03-31,1.26,1.26,1.12,1.17,1.11,0.01,-1,845180,990516.25
ADPC,2011-03-30,1.19,1.19,1.16,1.16,-2.14,-0.03,-1,351935,407887.3
ADPC,2011-03-29,1.26,1.26,1.19,1.19,-0.97,-0.01,-1,387282,458643.7
ADPC,2011-03-28,1.21,1.21,1.15,1.2,-1.92,-0.02,-1,146811,175578.5
ADPC,2011-03-27,1.22,1.22,1.17,1.22,9.68,0.11,-1,1042203,1270870.41
ADPC,2011-03-24,1.12,1.12,1.07,1.11,9.4,0.09,-1,70247,78087.1
ADPC,2011-03-23,1.07,1.07,1.01,1.02,-9.05,-0.1,-1,139749,142004.07
ADPC,2011-01-27,1.29,1.29,1.05,1.12,-13.93,-0.18,-1,305923,341858.05
ADPC,2011-01-26,1.4,1.4,1.24,1.3,-7.81,-0.11,-1,394269,511815.61
ADPC,2011-01-24,1.49,1.49,1.34,1.41,7.7,0.1,-1,1398450,1969284.88
ADPC,2011-01-23,1.34,1.34,1.27,1.31,-0.74,-0.01,-1,605044,791227.68
ADPC,2011-01-20,1.36,1.36,1.29,1.32,0.58,0.01,-1,263849,347569.39
ADPC,2011-01-19,1.37,1.37,1.25,1.31,-2.97,-0.04,-1,312204,408911.81
ADPC,2011-01-18,1.44,1.44,1.24,1.35,-7.52,-0.11,-1,1086617,1466687.41
ADPC,2011-01-17,1.52,1.52,1.37,1.46,-1.95,-0.03,-1,1572355,2295221.56
ADPC,2011-01-16,1.54,1.54,1.44,1.49,-1.28,-0.02,-1,783965,1167082.67
ADPC,2011-01-13,1.55,1.55,1.49,1.51,-2.23,-0.03,-1,1249707,1884665.64
ADPC,2011-01-12,1.61,1.61,1.48,1.54,4.52,0.07,-1,1390422,2144838.84
ADPC,2011-01-11,1.59,1.59,1.36,1.47,8.4,0.11,-1,3892140,5744109.55
ADPC,2011-01-10,1.39,1.39,1.35,1.36,1.73,0.02,-1,170188,231696.26
ADPC,2011-01-06,1.37,1.37,1.32,1.34,-0.64,-0.01,-1,138076,184776.97
ADPC,2011-01-05,1.36,1.36,1.32,1.35,-1.46,-0.02,-1,98456,132618.75
ADPC,2011-01-04,1.39,1.39,1.35,1.37,-1.01,-0.01,-1,111874,152901.05
ADPC,2011-01-03,1.42,1.42,1.36,1.38,-0.35,-0.01,-1,282842,390551.04
ADPC,2011-01-02,1.42,1.42,1.34,1.39,3.87,0.05,-1,419022,580558.59
ADPC,2010-12-30,1.36,1.36,1.32,1.34,2.69,0.04,-1,100945,134647.27
ADPC,2010-12-29,1.34,1.34,1.3,1.3,0.4,0.01,-1,29118945,37822514.5
ADPC,2010-12-28,1.31,1.31,1.28,1.29,-1.21,-0.02,-1,39434,51021.75
ADPC,2010-12-27,1.32,1.32,1.29,1.31,-0.65,-0.01,-1,210218,275324.01
ADPC,2010-12-26,1.32,1.32,1.32,1.32,-1.37,-0.02,-1,263143,346947
ADPC,2010-12-23,1.34,1.34,1.32,1.34,1.55,0.02,-1,20441,27321.45
ADPC,2010-12-22,1.34,1.34,1.3,1.32,-0.16,0,-1,120942,159200.2
ADPC,2010-12-21,1.32,1.32,1.32,1.32,-0.16,0,-1,138337,182378
ADPC,2010-12-20,1.37,1.37,1.32,1.32,-1.23,-0.02,-1,113360,149701.2
ADPC,2010-12-19,1.37,1.37,1.32,1.34,0.57,0.01,-1,29621,39599.7
ADPC,2010-12-16,1.37,1.37,1.32,1.33,-1.81,-0.03,-1,55341,73569.25
ADPC,2010-12-15,1.39,1.39,1.32,1.36,-1.18,-0.01,-1,380702,515413.51
ADPC,2010-12-14,1.42,1.42,1.36,1.37,-0.88,-0.01,-1,477968,654861.05
ADPC,2010-12-13,1.45,1.45,1.37,1.38,-1.65,-0.03,-1,387021,534890.73
ADPC,2010-12-12,1.47,1.47,1.32,1.41,5.49,0.08,-1,1735592,2439201.53
ADPC,2010-12-09,1.37,1.37,1.31,1.33,1.1,0.01,-1,331419,441479
ADPC,2010-12-08,1.36,1.36,1.24,1.32,5.15,0.06,-1,940514,1239167.85
ADPC,2010-12-06,1.26,1.26,1.25,1.26,-1.31,-0.01,-1,48689,61005.85
ADPC,2010-12-05,1.29,1.29,1.26,1.27,0.96,0.01,-1,3717,4719
ADPC,2010-12-02,1.29,1.29,1.22,1.26,-0.91,-0.01,-1,224675,282533.35
ADPC,2010-12-01,1.29,1.29,1.25,1.27,0.19,0,-1,34937,44337.05
ADPC,2010-11-30,1.31,1.31,1.26,1.27,-1.55,-0.02,-1,142275,180235.56
ADPC,2010-11-29,1.32,1.32,1.27,1.29,-2.15,-0.03,-1,38989,50164.04
ADPC,2010-11-28,1.33,1.33,1.29,1.32,1.41,0.02,-1,183531,241326.96
ADPC,2010-11-25,1.32,1.32,1.26,1.3,0.69,0.01,-1,29734,38555
ADPC,2010-11-24,1.32,1.32,1.21,1.29,2.7,0.03,-1,270576,348425.84
ADPC,2010-11-23,1.28,1.28,1.24,1.26,-2.14,-0.02,-1,158704,198998.78
ADPC,2010-11-22,1.31,1.31,1.27,1.28,-1.85,-0.03,-1,176246,225824.68
ADPC,2010-11-21,1.34,1.34,1.29,1.31,1.83,0.03,-1,160488,209524.84
ADPC,2010-11-18,1.29,1.29,1.28,1.28,0.46,0.01,-1,194161,248923.98
ADPC,2010-11-14,1.3,1.3,1.26,1.27,-1.33,-0.02,-1,184051,234871.74
ADPC,2010-11-11,1.31,1.31,1.28,1.29,-2.48,-0.03,-1,315028,407423.72
ADPC,2010-11-10,1.37,1.37,1.31,1.32,1.52,0.01,-1,413186,547955.73
ADPC,2010-11-09,1.36,1.36,1.22,1.31,7.32,0.09,-1,1617699,2112957.68
ADPC,2010-11-08,1.24,1.24,1.19,1.22,0.87,0.01,-1,413818,503663.51
ADPC,2010-11-07,1.22,1.22,1.17,1.21,3.25,0.04,-1,423556,511069.81
ADPC,2010-11-04,1.21,1.21,1.14,1.17,1.47,0.02,-1,165617,193574.67
ADPC,2010-11-03,1.17,1.17,1.14,1.15,0.73,0.01,-1,94738,109133.97
ADPC,2010-11-02,1.17,1.17,1.14,1.14,1.21,0.01,-1,103994,118927.34
ADPC,2010-11-01,1.15,1.15,1.12,1.13,-1.32,-0.02,-1,130122,147018.13
ADPC,2010-10-31,1.16,1.16,1.14,1.15,-0.16,0,-1,98754,113066.59
ADPC,2010-10-28,1.21,1.21,1.13,1.15,-1.18,-0.01,-1,305885,350738.39
ADPC,2010-10-27,1.18,1.18,1.15,1.16,-3.79,-0.05,-1,119715,138937.61
ADPC,2010-10-26,1.26,1.26,1.17,1.21,-2.48,-0.03,-1,364089,439148.2
ADPC,2010-10-25,1.24,1.24,1.23,1.24,-2.69,-0.03,-1,65525,81049.53
ADPC,2010-10-24,1.3,1.3,1.24,1.27,3.6,0.05,-1,410697,521960.04
ADPC,2010-10-21,1.26,1.26,1.22,1.22,0.29,0,-1,165877,203517.3
ADPC,2010-10-20,1.24,1.24,1.21,1.22,-3.26,-0.04,-1,263404,322214.21
ADPC,2010-10-19,1.32,1.32,1.24,1.26,-0.3,-0.01,-1,319749,404330.14
ADPC,2010-10-18,1.28,1.28,1.26,1.27,-1.42,-0.02,-1,88235,111915.6
ADPC,2010-10-14,1.29,1.29,1.27,1.27,-0.84,-0.02,-1,159149,202974.12
ADPC,2010-10-13,1.3,1.3,1.27,1.29,-0.62,0,-1,204605,263136.48
ADPC,2010-10-12,1.32,1.32,1.26,1.29,0.12,0,-1,233001,301557.08
ADPC,2010-10-11,1.33,1.33,1.27,1.29,-2,-0.03,-1,373344,482586.17
ADPC,2010-10-10,1.36,1.36,1.26,1.32,6.17,0.08,-1,1226515,1617667.97
ADPC,2010-10-07,1.29,1.29,1.22,1.24,-0.92,-0.02,-1,299641,372230.64
ADPC,2010-10-05,1.26,1.26,1.21,1.26,-2.29,-0.02,-1,265820,333302.71
ADPC,2010-10-04,1.31,1.31,1.27,1.28,-1.51,-0.02,-1,531416,681912.63
ADPC,2010-10-03,1.34,1.34,1.27,1.3,5.63,0.07,-1,1042054,1357591.19
ADPC,2010-09-30,1.26,1.26,1.19,1.23,1.46,0.01,-1,881195,1086837.25
ADPC,2010-09-29,1.22,1.22,1.2,1.22,-0.37,0,-1,366802,445891.48
ADPC,2010-09-28,1.25,1.25,1.2,1.22,0.24,0,-1,714165,871459.25
ADPC,2010-09-27,1.26,1.26,1.19,1.22,-4.11,-0.05,-1,199773,243143.28
ADPC,2010-09-26,1.29,1.29,1.26,1.27,0.88,0.01,-1,722454,917044.94
ADPC,2010-09-23,1.29,1.29,1.21,1.26,3.91,0.05,-1,1209640,1522320.16
ADPC,2010-09-22,1.22,1.22,1.19,1.21,-0.24,0,-1,263924,319617.86
ADPC,2010-09-21,1.26,1.26,1.2,1.21,3.84,0.04,-1,224823,272921.53
ADPC,2010-09-20,1.21,1.21,1.15,1.17,-0.44,0,-1,105555,123390.25
ADPC,2010-09-19,1.21,1.21,1.15,1.17,0.53,0,-1,34565,40584
ADPC,2010-09-16,1.19,1.19,1.16,1.17,2.19,0.03,-1,6801,7943.95
ADPC,2010-09-15,1.2,1.2,1.13,1.14,-2.46,-0.03,-1,238539,272618.46
ADPC,2010-09-14,1.19,1.19,1.17,1.17,-3.59,-0.05,-1,12265,14370.3
ADPC,2010-09-13,1.22,1.22,1.21,1.22,0.24,0.01,-1,31407,38172.8
ADPC,2010-09-08,1.22,1.22,1.17,1.21,1.14,0.01,-1,49989,60611.28
ADPC,2010-09-07,1.21,1.21,1.13,1.2,1.88,0.03,-1,6578,7884.6
ADPC,2010-09-06,1.21,1.21,1.16,1.17,0.69,0,-1,24902,29300.9
ADPC,2010-09-05,1.21,1.21,1.12,1.17,-2.36,-0.03,-1,32335,37788
ADPC,2010-08-31,1.2,1.2,1.19,1.2,-1.16,-0.01,-1,7433,8895
ADPC,2010-08-30,1.21,1.21,1.21,1.21,-2.17,-0.03,-1,11151,13500.5
ADPC,2010-08-26,1.24,1.24,1.24,1.24,0.44,0.01,-1,77680,96145
ADPC,2010-08-25,1.23,1.23,1.23,1.23,-4.14,-0.06,-1,9551,11771.46
ADPC,2010-08-24,1.31,1.31,1.24,1.29,3.15,0.05,-1,31221,40131.82
ADPC,2010-08-23,1.24,1.24,1.24,1.24,-4.49,-0.07,-1,3717,4631.95
ADPC,2010-08-19,1.32,1.32,1.24,1.31,1.74,0.03,-1,23787,31039.7
ADPC,2010-08-17,1.29,1.29,1.26,1.28,-0.15,0,-1,68202,87477.13
ADPC,2010-08-16,1.29,1.29,1.28,1.28,-0.31,-0.01,-1,4795,6157.95
ADPC,2010-08-15,1.3,1.3,1.28,1.29,-2.29,-0.03,-1,12637,16281
ADPC,2010-08-12,1.34,1.34,1.32,1.32,-0.06,0,-1,27652,36461.4
ADPC,2010-08-11,1.32,1.32,1.3,1.32,0,0,-1,929,1207.5
ADPC,2010-08-10,1.32,1.32,1.32,1.32,-1.49,-0.02,-1,11151,14710.5
ADPC,2010-08-09,1.35,1.35,1.32,1.34,0.44,0,-1,82697,110764.92
ADPC,2010-08-08,1.36,1.36,1.31,1.34,1.75,0.03,-1,95520,127375.5
ADPC,2010-08-05,1.33,1.33,1.31,1.31,-0.29,-0.01,-1,62069,81337.78
ADPC,2010-08-04,1.34,1.34,1.31,1.32,-0.79,0,-1,20441,26865.9
ADPC,2010-08-03,1.36,1.36,1.3,1.32,-1.05,-0.02,-1,57498,76169.92
ADPC,2010-08-02,1.35,1.35,1.32,1.34,-1.45,-0.02,-1,63481,84986
ADPC,2010-08-01,1.41,1.41,1.34,1.36,0.12,0,-1,161194,218974.47
ADPC,2010-07-29,1.37,1.37,1.32,1.36,3.45,0.05,-1,128524,174398.16
ADPC,2010-07-28,1.33,1.33,1.29,1.31,0.1,0,-1,142424,186792.12
ADPC,2010-07-27,1.34,1.34,1.31,1.31,-0.47,-0.01,-1,74595,97733.5
ADPC,2010-07-26,1.32,1.32,1.31,1.32,-3.05,-0.04,-1,11151,14677.5
ADPC,2010-07-25,1.4,1.4,1.32,1.36,4.6,0.06,-1,36238,49212.25
ADPC,2010-07-22,1.3,1.3,1.3,1.3,-1.99,-0.02,-1,7433,9650
ADPC,2010-07-20,1.34,1.34,1.31,1.32,-3.36,-0.05,-1,85038,112639.05
ADPC,2010-07-19,1.39,1.39,1.34,1.37,0.39,0.01,-1,84555,115884.05
ADPC,2010-07-18,1.37,1.37,1.34,1.36,1.79,0.02,-1,35308,48198.53
ADPC,2010-07-15,1.38,1.38,1.31,1.34,2.34,0.03,-1,100797,135192
ADPC,2010-07-14,1.32,1.32,1.31,1.31,-1.66,-0.02,-1,14867,19482.5
ADPC,2010-07-13,1.34,1.34,1.31,1.33,2.99,0.04,-1,104922,139814.24
ADPC,2010-07-12,1.3,1.3,1.29,1.29,-5.22,-0.07,-1,94777,122630.94
ADPC,2010-07-11,1.41,1.41,1.34,1.36,7.93,0.1,-1,103361,141105.44
ADPC,2010-07-08,1.26,1.26,1.26,1.26,-3.35,-0.05,-1,4720,5970.82
ADPC,2010-07-07,1.32,1.32,1.23,1.31,-6.37,-0.09,-1,30031,39305
ADPC,2010-07-06,1.4,1.4,1.4,1.4,2.18,0.03,-1,4720,6598
ADPC,2010-07-05,1.39,1.39,1.34,1.37,0.43,0.01,-1,17356,23743.5
ADPC,2010-07-04,1.42,1.42,1.32,1.36,-3.43,-0.05,-1,15350,20905.54
ADPC,2010-06-30,1.48,1.48,1.3,1.41,5.09,0.07,-1,291316,410891.97
ADPC,2010-06-29,1.41,1.41,1.26,1.34,-3.56,-0.05,-1,18026,24190.85
ADPC,2010-06-28,1.39,1.39,1.27,1.39,0,0,-1,2787,3603.15
ADPC,2010-06-27,1.41,1.41,1.33,1.39,10.04,0.13,-1,66790,92940.59
ADPC,2010-06-24,1.26,1.26,1.26,1.26,-4.72,-0.06,-1,13752,17390
ADPC,2010-06-22,1.34,1.34,1.32,1.32,3.83,0.04,-1,27875,36996.72
ADPC,2010-06-20,1.28,1.28,1.28,1.28,1.09,0.02,-1,18584,23752.5
ADPC,2010-06-17,1.26,1.26,1.26,1.26,-1.05,-0.02,-1,23490,29705
ADPC,2010-06-16,1.28,1.28,1.28,1.28,1.06,0.02,-1,45678,58377.5
ADPC,2010-06-15,1.26,1.26,1.26,1.26,4.14,0.05,-1,29288,37037.15
ADPC,2010-06-14,1.21,1.21,1.21,1.21,0,0,-1,2379,2885.59
ADPC,2010-06-13,1.22,1.22,1.21,1.21,-4.02,-0.05,-1,13008,15796
ADPC,2010-06-10,1.32,1.32,1.21,1.26,-1.28,-0.02,-1,326401,412942
ADPC,2010-06-09,1.28,1.28,1.21,1.28,0,0,-1,2973,3605
ADPC,2010-06-08,1.28,1.28,1.19,1.28,0,0,-1,557,660
ADPC,2010-06-07,1.33,1.33,1.21,1.28,5.1,0.06,-1,8921,11431
ADPC,2010-06-06,1.22,1.22,1.22,1.22,-7.38,-0.1,-1,11151,13595.5
ADPC,2010-06-03,1.4,1.4,1.21,1.32,-3.01,-0.04,-1,25200,33175.85
ADPC,2010-05-31,1.4,1.4,1.32,1.36,5.54,0.07,-1,96448,130928.5
ADPC,2010-05-30,1.47,1.47,1.22,1.29,2.2,0.03,-1,34453,44313.85
ADPC,2010-05-27,1.34,1.34,1.19,1.26,7.84,0.09,-1,47202,59401.09
ADPC,2010-05-26,1.21,1.21,1.08,1.17,11.01,0.12,-1,42966,50138.14
ADPC,2010-05-25,1.14,1.14,1.02,1.05,-9.6,-0.11,-1,176842,185871.85
ADPC,2010-05-24,1.26,1.26,1.16,1.16,-3.12,-0.04,-1,26724,31076.01
ADPC,2010-05-23,1.22,1.22,1.19,1.2,-3.9,-0.05,-1,60806,72987.46
ADPC,2010-05-20,1.34,1.34,1.21,1.25,0.85,0.01,-1,15795,19726.5
ADPC,2010-05-19,1.32,1.32,1.14,1.24,-6.41,-0.08,-1,155730,192862.03
ADPC,2010-05-18,1.4,1.4,1.31,1.32,-1.36,-0.02,-1,132315,175066.65
ADPC,2010-05-17,1.37,1.37,1.31,1.34,0.73,0.01,-1,81545,109391
ADPC,2010-05-16,1.37,1.37,1.31,1.33,-3.73,-0.05,-1,28470,37916.52
ADPC,2010-05-13,1.41,1.41,1.33,1.38,2.78,0.04,-1,15238,21084
ADPC,2010-05-12,1.37,1.37,1.33,1.34,-2.72,-0.04,-1,54896,73898.8
ADPC,2010-05-11,1.46,1.46,1.34,1.38,-2.96,-0.04,-1,79723,110324.3
ADPC,2010-05-10,1.48,1.48,1.36,1.42,5.35,0.06,-1,29436,41976.28
ADPC,2010-05-09,1.43,1.43,1.29,1.36,-5.24,-0.07,-1,75411,102075.5
ADPC,2010-05-06,1.49,1.49,1.42,1.43,-5.74,-0.09,-1,135474,193513.75
ADPC,2010-05-05,1.58,1.58,1.43,1.52,0.81,0.01,-1,35308,53504.35
ADPC,2010-05-04,1.59,1.59,1.48,1.51,-1.67,-0.02,-1,49134,73856.04
ADPC,2010-05-03,1.61,1.61,1.5,1.53,-0.37,-0.01,-1,39881,60971.95
ADPC,2010-05-02,1.56,1.56,1.5,1.54,-3.11,-0.05,-1,128041,196473.47
ADPC,2010-04-29,1.66,1.66,1.56,1.59,1.06,0.02,-1,34788,55092.19
ADPC,2010-04-28,1.61,1.61,1.55,1.57,-1.69,-0.02,-1,83626,131047.98
ADPC,2010-04-27,1.67,1.67,1.55,1.59,3.31,0.05,-1,19215,30628.7
ADPC,2010-04-26,1.56,1.56,1.54,1.54,-1.22,-0.02,-1,84332,130112.63
ADPC,2010-04-22,1.59,1.59,1.55,1.56,-4.27,-0.07,-1,57237,89393.56
ADPC,2010-04-21,1.67,1.67,1.58,1.63,0.93,0.01,-1,131163,213984.94
ADPC,2010-04-20,1.64,1.64,1.61,1.62,-3.5,-0.05,-1,46459,75101.95
ADPC,2010-04-19,1.71,1.71,1.61,1.67,0.83,0.01,-1,37985,63629.35
ADPC,2010-04-18,1.7,1.7,1.57,1.66,-3.53,-0.06,-1,117448,195139.56
ADPC,2010-04-15,1.75,1.75,1.69,1.72,0.72,0.01,-1,144691,249202.8
ADPC,2010-04-14,1.75,1.75,1.67,1.71,0.19,0,-1,31592,54015.4
ADPC,2010-04-12,1.74,1.74,1.69,1.71,-2.86,-0.05,-1,67198,114673.46
ADPC,2010-04-11,1.83,1.83,1.71,1.76,4.13,0.07,-1,94032,165202.7
ADPC,2010-04-08,1.7,1.7,1.66,1.69,-2.46,-0.04,-1,61363,103536.64
ADPC,2010-04-07,1.77,1.77,1.68,1.73,-0.39,-0.01,-1,68759,118943
ADPC,2010-04-06,1.75,1.75,1.72,1.74,-0.09,0,-1,52554,91259.68
ADPC,2010-04-01,1.75,1.75,1.72,1.74,1,0.02,-1,5575,9690
ADPC,2010-03-31,1.81,1.81,1.71,1.72,-0.03,0,-1,83663,143984.41
ADPC,2010-03-30,1.87,1.87,1.71,1.72,-3.79,-0.07,-1,83440,143646.1
ADPC,2010-03-29,1.79,1.79,1.77,1.79,4.94,0.08,-1,306925,549142.74
ADPC,2010-03-28,1.71,1.71,1.69,1.71,4.9,0.09,-1,139451,237752.26
ADPC,2010-03-25,1.63,1.63,1.61,1.62,4.14,0.06,-1,26724,43436.81
ADPC,2010-03-24,1.56,1.56,1.56,1.56,-1.91,-0.03,-1,45306,70711.38
ADPC,2010-03-23,1.6,1.6,1.59,1.59,4.32,0.07,-1,29140,46368.06
ADPC,2010-03-22,1.55,1.55,1.49,1.52,-1.37,-0.03,-1,99162,151249.8
ADPC,2010-03-21,1.56,1.56,1.54,1.55,-2.95,-0.04,-1,30476,47135.84
ADPC,2010-03-18,1.61,1.61,1.56,1.59,4,0.05,-1,125365,199771.98
ADPC,2010-03-17,1.59,1.59,1.48,1.54,0.23,0.01,-1,67086,102786
ADPC,2010-03-16,1.56,1.56,1.48,1.53,3.29,0.05,-1,121164,185217.75
ADPC,2010-03-15,1.56,1.56,1.47,1.48,-4.38,-0.07,-1,515805,763377.18
ADPC,2010-03-14,1.59,1.59,1.54,1.55,-4.04,-0.06,-1,139191,215452.3
ADPC,2010-03-11,1.66,1.66,1.59,1.61,0.39,0,-1,191150,308315.02
ADPC,2010-03-10,1.64,1.64,1.59,1.61,-3.97,-0.06,-1,26018,41800.9
ADPC,2010-03-07,1.68,1.68,1.62,1.67,0.03,0,-1,112060,187509.5
ADPC,2010-03-04,1.73,1.73,1.64,1.67,0.68,0.01,-1,198063,331302.11
ADPC,2010-03-03,1.71,1.71,1.64,1.66,2.08,0.03,-1,113955,189335.56
ADPC,2010-03-02,1.64,1.64,1.61,1.63,-0.97,-0.01,-1,130679,212677.05
ADPC,2010-03-01,1.71,1.71,1.61,1.64,-0.24,-0.01,-1,119307,196060.45
ADPC,2010-02-28,1.67,1.67,1.64,1.65,-4.63,-0.08,-1,302987,499154.56
ADPC,2010-02-25,1.75,1.75,1.71,1.73,-0.48,-0.01,-1,149041,257437.25
ADPC,2010-02-24,1.79,1.79,1.67,1.74,-0.68,-0.01,-1,39695,68901.2
ADPC,2010-02-23,1.86,1.86,1.72,1.75,-3.59,-0.06,-1,127743,223234.13
ADPC,2010-02-22,1.86,1.86,1.79,1.81,-3.48,-0.07,-1,70247,127331.14
ADPC,2010-02-21,1.91,1.91,1.84,1.88,1.39,0.03,-1,98493,184960
ADPC,2010-02-18,1.94,1.94,1.84,1.85,-1.85,-0.04,-1,123580,228908.6
ADPC,2010-02-17,1.96,1.96,1.89,1.89,-3.85,-0.07,-1,576275,1087573.29
ADPC,2010-02-16,2.03,2.03,1.95,1.96,-1.57,-0.03,-1,60063,117883.98
ADPC,2010-02-15,2.01,2.01,1.97,1.99,-2.51,-0.05,-1,157440,313933.02
ADPC,2010-02-14,2.09,2.09,2.02,2.04,-0.37,-0.01,-1,340303,696072.54
ADPC,2010-02-11,2.09,2.09,2.01,2.05,1.64,0.03,-1,117448,241093.4
ADPC,2010-02-10,2.07,2.07,2.02,2.02,-3.81,-0.08,-1,1841965,3720581.66
ADPC,2010-02-09,2.15,2.15,2.07,2.1,-1.64,-0.04,-1,105071,220626.06
ADPC,2010-02-08,2.15,2.15,2.06,2.14,3.51,0.08,-1,438200,935367.09
ADPC,2010-02-07,2.08,2.08,1.97,2.06,4.07,0.08,-1,253814,523426.45
ADPC,2010-02-04,2.05,2.05,1.96,1.98,-3.88,-0.08,-1,221330,438588.15
ADPC,2010-02-03,2.08,2.08,1.99,2.06,3.67,0.07,-1,1036628,2136950.67
ADPC,2010-02-02,2.03,2.03,1.94,1.99,-0.07,0,-1,204976,407619.24
ADPC,2010-02-01,2.02,2.02,1.89,1.99,2.77,0.05,-1,490607,976253.6
ADPC,2010-01-31,2.07,2.07,1.92,1.94,-4.46,-0.08,-1,2973480,5757828.97
ADPC,2010-01-28,2.03,2.03,1.99,2.02,4.89,0.09,-1,1078776,2186539.49
ADPC,2010-01-27,2.01,2.01,1.9,1.93,0.91,0.01,-1,5634498,10888275.21
ADPC,2010-01-26,1.97,1.97,1.86,1.92,-1.79,-0.03,-1,395048,756446.55
ADPC,2010-01-24,1.98,1.98,1.93,1.95,-4.01,-0.08,-1,740926,1444748.77
ADPC,2010-01-21,2.05,2.05,1.97,2.03,2.67,0.05,-1,1982419,4026990.67
ADPC,2010-01-20,2.07,2.07,1.94,1.98,-0.14,0,-1,272360,538868.27
ADPC,2010-01-19,2.07,2.07,1.96,1.98,-4.19,-0.09,-1,1467097,2906598.4
ADPC,2010-01-18,2.09,2.09,1.96,2.07,3.81,0.08,-1,2764973,5718149.42
ADPC,2010-01-17,1.99,1.99,1.88,1.99,4.95,0.09,-1,3763950,7497750.5
ADPC,2010-01-14,1.92,1.92,1.77,1.9,5.93,0.11,-1,3339874,6339442.76
ADPC,2010-01-13,1.86,1.86,1.76,1.79,-0.75,-0.02,-1,2113211,3786450.91
ADPC,2010-01-12,1.89,1.89,1.73,1.81,-0.68,-0.01,-1,2582705,4662931.7
ADPC,2010-01-11,1.85,1.85,1.69,1.82,3.29,0.06,-1,3207818,5831043.51
ADPC,2010-01-10,1.77,1.77,1.64,1.76,9.42,0.15,-1,2943933,5181242.1
ADPC,2010-01-06,1.62,1.62,1.52,1.61,4.42,0.07,-1,2213264,3559665.14
ADPC,2010-01-05,1.57,1.57,1.52,1.54,0.9,0.02,-1,461281,710504.9
ADPC,2010-01-04,1.57,1.57,1.49,1.52,0.59,0,-1,538515,822118.86
ADPC,2010-01-03,1.52,1.52,1.48,1.52,4.81,0.07,-1,659046,1000255.3
ADPC,2009-12-31,1.48,1.48,1.42,1.45,-0.83,-0.01,-1,723384,1047528.16
ADPC,2009-12-30,1.52,1.52,1.44,1.46,-1.79,-0.03,-1,373381,545205.65
ADPC,2009-12-29,1.52,1.52,1.47,1.49,1.49,0.02,-1,740778,1101420.47
ADPC,2009-12-28,1.51,1.51,1.46,1.47,-2.82,-0.04,-1,337032,493758.72
ADPC,2009-12-27,1.56,1.56,1.48,1.51,-1.89,-0.03,-1,874914,1318850.15
ADPC,2009-12-24,1.56,1.56,1.52,1.54,-0.78,-0.01,-1,276002,424089.39
ADPC,2009-12-23,1.59,1.59,1.49,1.55,-0.95,-0.01,-1,749475,1160699.43
ADPC,2009-12-22,1.61,1.61,1.53,1.56,-2.71,-0.05,-1,1419040,2218596.25
ADPC,2009-12-21,1.64,1.64,1.59,1.61,2.63,0.04,-1,13623865,21895283.58
ADPC,2009-12-20,1.57,1.57,1.5,1.57,4.73,0.08,-1,1377859,2157645.42
ADPC,2009-12-17,1.51,1.51,1.42,1.49,3.75,0.05,-1,1445094,2160519.82
ADPC,2009-12-16,1.47,1.47,1.42,1.44,0.21,0,-1,486071,700451.25
ADPC,2009-12-15,1.47,1.47,1.42,1.44,-1.67,-0.02,-1,157997,227228.64
ADPC,2009-12-14,1.52,1.52,1.46,1.46,-0.49,-0.01,-1,1057627,1546975.53
ADPC,2009-12-13,1.51,1.51,1.46,1.47,2.61,0.04,-1,476632,700612.99
ADPC,2009-12-10,1.46,1.46,1.35,1.43,2.72,0.04,-1,899928,1289125.04
ADPC,2009-12-09,1.42,1.42,1.39,1.39,-4.74,-0.07,-1,1031611,1438728.82
ADPC,2009-12-08,1.53,1.53,1.46,1.46,-1.32,-0.02,-1,738287,1080780.89
ADPC,2009-12-07,1.59,1.59,1.47,1.48,-3.8,-0.06,-1,1728308,2563834.81
ADPC,2009-12-06,1.61,1.61,1.49,1.54,4.66,0.07,-1,1690323,2606986.82
ADPC,2009-12-03,1.51,1.51,1.42,1.47,2.87,0.04,-1,1826317,2691065.84
ADPC,2009-12-02,1.46,1.46,1.42,1.43,3,0.04,-1,1153407,1652204.77
ADPC,2009-12-01,1.41,1.41,1.35,1.39,-0.6,-0.01,-1,630727,877195.52
ADPC,2009-11-30,1.43,1.43,1.38,1.4,-3.85,-0.06,-1,568917,795929.44
ADPC,2009-11-25,1.47,1.47,1.43,1.46,-0.41,0,-1,751481,1093392.49
ADPC,2009-11-24,1.49,1.49,1.44,1.46,0.22,0,-1,761777,1113009.03
ADPC,2009-11-23,1.49,1.49,1.43,1.46,0.17,0,-1,1174147,1711480.68
ADPC,2009-11-22,1.49,1.49,1.43,1.46,0.22,0,-1,442660,644193.19
ADPC,2009-11-19,1.49,1.49,1.39,1.46,1.83,0.04,-1,912675,1325213.94
ADPC,2009-11-18,1.48,1.48,1.4,1.42,-3.43,-0.05,-1,1386482,1976994.09
ADPC,2009-11-17,1.56,1.56,1.46,1.47,-3.92,-0.07,-1,1512144,2232837.7
ADPC,2009-11-16,1.61,1.61,1.53,1.54,-0.97,-0.02,-1,1047183,1609475.25
ADPC,2009-11-15,1.59,1.59,1.54,1.56,-0.94,-0.01,-1,822136,1275870.54
ADPC,2009-11-12,1.61,1.61,1.55,1.57,-2.92,-0.04,-1,1413837,2215114.64
ADPC,2009-11-11,1.66,1.66,1.58,1.61,-2.31,-0.04,-1,2055788,3317553.38
ADPC,2009-11-10,1.69,1.69,1.61,1.65,3.65,0.06,-1,1674044,2765627.88
ADPC,2009-11-09,1.64,1.64,1.53,1.59,1.94,0.03,-1,1927821,3072786.13
ADPC,2009-11-08,1.6,1.6,1.54,1.56,3,0.04,-1,1046886,1636916.13
ADPC,2009-11-05,1.59,1.59,1.49,1.52,-3.47,-0.05,-1,1854007,2814424.51
ADPC,2009-11-04,1.65,1.65,1.52,1.57,-1.68,-0.03,-1,1328352,2089086.49
ADPC,2009-11-03,1.63,1.63,1.59,1.6,-4.8,-0.08,-1,1578265,2524467.62
ADPC,2009-11-02,1.77,1.77,1.64,1.68,-2.71,-0.05,-1,1428518,2400212.56
ADPC,2009-11-01,1.8,1.8,1.7,1.73,-2.31,-0.04,-1,819795,1415804.23
ADPC,2009-10-29,1.83,1.83,1.75,1.77,-4.11,-0.07,-1,2277935,4027310.34
ADPC,2009-10-28,1.92,1.92,1.82,1.84,-4.06,-0.08,-1,1600602,2951359.34
ADPC,2009-10-27,1.96,1.96,1.9,1.92,-3.86,-0.08,-1,1753248,3369472.09
ADPC,2009-10-26,2.1,2.1,1.96,2,-3.28,-0.07,-1,1644830,3288102.94
ADPC,2009-10-25,2.12,2.12,2.02,2.07,1.95,0.04,-1,1992938,4118933.02
ADPC,2009-10-22,2.06,2.06,1.99,2.03,-1.19,-0.02,-1,1461930,2963680.62
ADPC,2009-10-21,2.1,2.1,2.02,2.05,-1.71,-0.04,-1,908922,1865009.59
ADPC,2009-10-20,2.14,2.14,2.06,2.09,0.21,0.01,-1,1369869,2859652.59
ADPC,2009-10-19,2.14,2.14,2.02,2.08,0.79,0.01,-1,1352994,2818540.32
ADPC,2009-10-18,2.14,2.14,2.05,2.07,-4.45,-0.09,-1,2958242,6114663.16
ADPC,2009-10-15,2.25,2.25,2.14,2.16,1.04,0.02,-1,1879207,4065091.03
ADPC,2009-10-14,2.19,2.19,2.02,2.14,1.79,0.04,-1,2529706,5415898.76
ADPC,2009-10-13,2.15,2.15,2.1,2.1,-4.9,-0.11,-1,4674470,9831185.55
ADPC,2009-10-12,2.29,2.29,2.2,2.21,-4.61,-0.11,-1,8918286,19724085.31
ADPC,2009-10-11,2.52,2.52,2.3,2.32,-0.27,0,-1,4846444,11236397.17
ADPC,2009-10-08,2.47,2.47,2.3,2.32,-6.07,-0.15,-1,5753432,13375302.27
ADPC,2009-10-07,2.55,2.55,2.47,2.47,-4.57,-0.12,-1,1030309,2549859
ADPC,2009-10-05,2.8,2.8,2.56,2.59,-6.23,-0.18,-1,2860753,7418359.21
ADPC,2009-10-04,2.9,2.9,2.76,2.77,-0.71,-0.02,-1,4767054,13183118.76
ADPC,2009-10-01,2.79,2.79,2.74,2.79,4.88,0.14,-1,4186801,11661834.61
ADPC,2009-09-30,2.68,2.68,2.47,2.65,4.14,0.1,-1,3856050,10240267.42
ADPC,2009-09-29,2.55,2.55,2.43,2.55,10.13,0.23,-1,3715039,9474214.29
ADPC,2009-09-28,2.34,2.34,2.17,2.32,4.04,0.1,-1,4422180,10239737.51
ADPC,2009-09-27,2.27,2.27,2.2,2.22,-1.28,-0.03,-1,922042,2052042.12
ADPC,2009-09-24,2.28,2.28,2.18,2.25,3.25,0.06,-1,1308766,2950640.68
ADPC,2009-09-23,2.25,2.25,2.15,2.19,-1.1,-0.02,-1,2056717,4490612.48
ADPC,2009-09-22,2.28,2.28,2.15,2.21,-0.93,-0.02,-1,939325,2073598.71
ADPC,2009-09-17,2.33,2.33,2.19,2.23,-2.86,-0.06,-1,680604,1516650.22
ADPC,2009-09-16,2.35,2.35,2.25,2.29,-1.42,-0.04,-1,789505,1811145.38
ADPC,2009-09-15,2.39,2.39,2.27,2.33,0.14,0.01,-1,1256732,2924503.03
ADPC,2009-09-14,2.35,2.35,2.21,2.32,4.51,0.1,-1,3341211,7764638.24
ADPC,2009-09-13,2.26,2.26,2.15,2.22,3.21,0.07,-1,1989184,4422683.09
ADPC,2009-09-10,2.34,2.34,2.12,2.15,1.47,0.03,-1,2732674,5887240.72
ADPC,2009-09-09,2.14,2.14,2.07,2.12,4.5,0.09,-1,1489509,3162590.65
ADPC,2009-09-08,2.08,2.08,1.99,2.03,-2.05,-0.04,-1,489491,994417.02
ADPC,2009-09-07,2.14,2.14,2.04,2.07,-3.65,-0.08,-1,819683,1700094.34
ADPC,2009-09-06,2.25,2.25,2.1,2.15,0.54,0.01,-1,496626,1069053.25
ADPC,2009-09-03,2.19,2.19,2.1,2.14,-0.23,-0.01,-1,425043,910114.23
ADPC,2009-09-02,2.19,2.19,2.12,2.15,0.21,0.01,-1,672540,1443297.45
ADPC,2009-09-01,2.23,2.23,2.14,2.14,-4.73,-0.11,-1,1345820,2882000.79
ADPC,2009-08-31,2.34,2.34,2.15,2.25,0.86,0.02,-1,942633,2118729.72
ADPC,2009-08-30,2.24,2.24,2.12,2.23,4.81,0.11,-1,1289438,2873552.21
ADPC,2009-08-27,2.26,2.26,2.12,2.12,-4.63,-0.11,-1,1036553,2204018.12
ADPC,2009-08-26,2.33,2.33,2.16,2.23,0.39,0.01,-1,145138,323595.03
ADPC,2009-08-25,2.35,2.35,2.2,2.22,-2.6,-0.06,-1,186914,415154.68
ADPC,2009-08-24,2.32,2.32,2.27,2.28,-4.69,-0.11,-1,385980,880084.42
ADPC,2009-08-23,2.41,2.41,2.33,2.39,4.27,0.1,-1,729962,1746360.18
ADPC,2009-08-20,2.42,2.42,2.29,2.29,-4.83,-0.12,-1,1007117,2310942.94
ADPC,2009-08-19,2.52,2.52,2.4,2.41,-0.01,0,-1,612030,1475541.9
ADPC,2009-08-18,2.54,2.54,2.4,2.41,-4.75,-0.12,-1,1315344,3171501.92
ADPC,2009-08-17,2.76,2.76,2.53,2.53,-4.89,-0.13,-1,1986323,5028349.44
ADPC,2009-08-16,2.69,2.69,2.5,2.66,4.06,0.1,-1,2007582,5343772.34
ADPC,2009-08-13,2.6,2.6,2.37,2.56,8.03,0.19,-1,2146735,5491278.66
ADPC,2009-08-12,2.37,2.37,2.27,2.37,4.7,0.11,-1,2100684,4973976.01
ADPC,2009-08-11,2.37,2.37,2.25,2.26,-4.77,-0.11,-1,1467283,3318013
ADPC,2009-08-10,2.43,2.43,2.2,2.37,7.77,0.17,-1,1796659,4266346.11
ADPC,2009-08-09,2.22,2.22,2.11,2.2,9.7,0.19,-1,2490940,5489269
ADPC,2009-08-06,2.01,2.01,2.01,2.01,4.99,0.1,-1,1044396,2097946
ADPC,2009-08-05,1.91,1.91,1.91,1.91,4.99,0.09,-1,929178,1777750
ADPC,2009-08-04,1.82,1.82,1.82,1.82,4.99,0.08,-1,958726,1747095.35
ADPC,2009-07-30,1.74,1.74,1.74,1.74,-4.99,-0.08,-1,4275,7418.65
ADPC,2009-07-27,1.91,1.91,1.82,1.82,0,0,-1,186,355
ADPC,2009-07-15,1.82,1.82,1.82,1.82,0,0,-1,15610,28518
ADPC,2009-07-02,1.82,1.82,1.82,1.82,4.91,0.08,-1,3717,6790
ADPC,2009-06-23,1.74,1.74,1.74,1.74,0,0,-1,9292,16180
ADPC,2009-06-22,1.74,1.74,1.74,1.74,5,0.08,-1,5203,9060.8
ADPC,2009-06-18,1.66,1.66,1.66,1.66,4.99,0.08,-1,7433,12328
ADPC,2009-06-16,1.58,1.58,1.58,1.58,4.99,0.07,-1,5575,8806.5
ADPC,2009-06-11,1.58,1.58,1.51,1.51,0,0,-1,1114,1761
ADPC,2009-05-26,1.51,1.51,1.51,1.51,4.99,0.07,-1,7433,11184
ADPC,2009-05-24,1.44,1.44,1.44,1.44,0,0,-1,24494,35098.34
ADPC,2009-05-21,1.46,1.46,1.42,1.44,-4.04,-0.05,-1,14420,20665
ADPC,2009-05-20,1.57,1.57,1.42,1.49,-0.45,-0.01,-1,5538,8270
ADPC,2009-05-19,1.5,1.5,1.5,1.5,4.97,0.07,-1,5575,8362
ADPC,2009-05-18,1.44,1.44,1.4,1.43,4.14,0.06,-1,13008,18587.5
ADPC,2009-05-17,1.37,1.37,1.37,1.37,2,0.03,-1,3717,5100
ADPC,2009-05-14,1.34,1.34,1.34,1.34,-0.56,-0.02,-1,39026,52500
ADPC,2009-05-10,1.36,1.36,1.36,1.36,-4.99,-0.06,-1,10035,13575.6
ADPC,2009-05-07,1.42,1.42,1.42,1.42,5,0.06,-1,7433,10584
ADPC,2009-05-05,1.36,1.36,1.36,1.36,5,0.07,-1,5240,7106.4
ADPC,2009-05-04,1.29,1.29,1.29,1.29,-4.04,-0.05,-1,9292,12000
ADPC,2009-04-27,1.35,1.35,1.34,1.34,-0.06,-0.01,-1,3717,5002
ADPC,2009-04-23,1.35,1.35,1.35,1.35,-0.02,0,-1,3865,5205.2
ADPC,2009-04-22,1.35,1.35,1.35,1.35,0.02,0,-1,47573,64071.8
ADPC,2009-04-21,1.35,1.35,1.35,1.35,0,0,-1,180037,242442.2
ADPC,2009-04-14,1.35,1.35,1.35,1.35,0.1,0.01,-1,14867,20020
ADPC,2009-04-13,1.34,1.34,1.34,1.34,-4.76,-0.07,-1,13008,17501.5
ADPC,2009-04-08,1.41,1.41,1.34,1.41,0,0,-1,1859,2500
ADPC,2009-04-02,1.41,1.41,1.41,1.41,-4.99,-0.08,-1,5575,7875
ADPC,2009-04-01,1.56,1.56,1.49,1.49,0,0,-1,2565,4002.38
ADPC,2009-03-31,1.49,1.49,1.48,1.49,4.9,0.07,-1,26018,38680
ADPC,2009-03-30,1.53,1.53,1.39,1.42,-2.66,-0.04,-1,46459,65849
ADPC,2009-03-29,1.46,1.46,1.46,1.46,4.99,0.07,-1,36683,53416.44
ADPC,2009-03-26,1.39,1.39,1.39,1.39,0,0,-1,43337,60107.3
ADPC,2009-03-25,1.39,1.39,1.39,1.39,-4.98,-0.07,-1,9292,12887.5
ADPC,2009-03-22,1.46,1.46,1.46,1.46,-4.82,-0.08,-1,18584,27125
ADPC,2009-03-19,1.54,1.54,1.54,1.54,-5,-0.07,-1,61326,94050
ADPC,2009-03-01,1.61,1.61,1.61,1.61,-4.17,-0.08,-1,18584,30000
ADPC,2009-02-26,1.69,1.69,1.6,1.69,0,0,-1,929,1500.85
ADPC,2009-01-13,1.69,1.69,1.68,1.69,0,0,-1,743,1250
ADPC,2009-01-12,1.75,1.75,1.69,1.69,0,0,-1,1859,3250
ADPC,2008-12-31,1.69,1.69,1.68,1.69,-0.38,0,-1,1133597,1909712.5
ADPC,2008-12-30,1.69,1.69,1.69,1.69,0,0,-1,15610186,26397000
ADPC,2008-12-24,1.69,1.69,1.69,1.69,4.98,0.08,-1,4275,7227.75
ADPC,2008-12-23,1.61,1.61,1.61,1.61,5,0.07,-1,14867,23948
ADPC,2008-12-22,1.54,1.54,1.54,1.54,4.99,0.08,-1,4089,6272.2
ADPC,2008-12-21,1.54,1.54,1.4,1.46,-0.91,-0.01,-1,10221,14936.55
ADPC,2008-11-18,1.47,1.47,1.47,1.47,-4.99,-0.09,-1,3791,5590.62
ADPC,2008-11-13,1.61,1.61,1.56,1.56,0,0,-1,37,60
ADPC,2008-11-12,1.56,1.56,1.47,1.56,0,0,-1,3679,5427.18
ADPC,2008-11-11,1.69,1.69,1.55,1.56,-4.91,-0.07,-1,3717,5769.31
ADPC,2008-11-09,1.71,1.71,1.63,1.63,0,0,-1,37,63.3
ADPC,2008-11-05,1.63,1.63,1.63,1.63,-4.98,-0.09,-1,11151,18202.5
ADPC,2008-10-23,1.72,1.72,1.72,1.72,1.72,0.03,-1,4089,7023.5
ADPC,2008-10-19,1.77,1.77,1.61,1.69,0,0,-1,2863,4610.66
ADPC,2008-10-16,1.69,1.69,1.64,1.69,4.56,0.08,-1,5203,8788
ADPC,2008-10-15,1.66,1.66,1.57,1.61,2.49,0.04,-1,7433,12006
ADPC,2008-10-14,1.72,1.72,1.57,1.57,-4.93,-0.09,-1,7470,11771.98
ADPC,2008-10-09,1.66,1.66,1.66,1.66,-4.95,-0.08,-1,55751,92420
ADPC,2008-10-08,1.74,1.74,1.74,1.74,-5,-0.1,-1,2601697,4537400
ADPC,2008-09-29,1.84,1.84,1.84,1.84,4.99,0.09,-1,81396,149423.7
ADPC,2008-09-28,1.75,1.75,1.75,1.75,4.99,0.08,-1,33451,58491
ADPC,2008-09-25,1.67,1.67,1.66,1.67,4.92,0.08,-1,120793,201162.5
ADPC,2008-09-24,1.59,1.59,1.59,1.59,-4.47,-0.07,-1,275669,437604.5
ADPC,2008-09-22,1.71,1.71,1.55,1.66,2.39,0.04,-1,391147,649997.54
ADPC,2008-09-21,1.63,1.63,1.61,1.62,0.67,0.01,-1,57869,93920
ADPC,2008-09-18,1.61,1.61,1.61,1.61,-4.59,-0.08,-1,31890,51414.4
ADPC,2008-09-17,1.69,1.69,1.61,1.69,4.7,0.08,-1,76378,129054.51
ADPC,2008-09-16,1.72,1.72,1.59,1.61,-3.41,-0.06,-1,481686,777339.82
ADPC,2008-09-15,1.75,1.75,1.63,1.67,-2.7,-0.05,-1,11151,18629
ADPC,2008-09-14,1.74,1.74,1.69,1.72,3.6,0.06,-1,255673,439036.42
ADPC,2008-09-11,1.67,1.67,1.66,1.66,-4.97,-0.08,-1,87343,144767.89
ADPC,2008-09-10,1.81,1.81,1.74,1.74,0.05,0,-1,112988,197050
ADPC,2008-09-09,1.74,1.74,1.74,1.74,4.99,0.08,-1,336585,586719.06
ADPC,2008-09-08,1.66,1.66,1.66,1.66,4.91,0.08,-1,47759,79296.6
ADPC,2008-09-07,1.67,1.67,1.56,1.58,-3.59,-0.06,-1,2248611,3558477.55
ADPC,2008-09-04,1.74,1.74,1.61,1.64,-1.04,-0.02,-1,9664,15863.55
ADPC,2008-09-03,1.67,1.67,1.61,1.66,-1.27,-0.02,-1,92918,154132.5
ADPC,2008-09-02,1.85,1.85,1.67,1.68,-4.58,-0.08,-1,94032,157980.47
ADPC,2008-09-01,1.87,1.87,1.7,1.76,-1.46,-0.03,-1,35718,62888.45
ADPC,2008-08-31,1.92,1.92,1.78,1.79,-4.53,-0.08,-1,30254,54054.3
ADPC,2008-08-28,2,2,1.86,1.87,-4.28,-0.09,-1,39397,73729.95
ADPC,2008-08-27,2.1,2.1,1.94,1.96,-3.98,-0.08,-1,27875,54503.55
ADPC,2008-08-06,2.12,2.12,1.99,2.04,-2.45,-0.05,-1,16726,34055
ADPC,2008-08-05,2.09,2.09,1.99,2.09,0,0,-1,11154779,23283260.75
ADPC,2008-08-04,2.15,2.15,1.98,2.09,0,0,-1,302467,631336.26
ADPC,2008-07-31,2.1,2.1,2.07,2.09,4.58,0.09,-1,53892,112490
ADPC,2008-07-30,2.02,2.02,1.99,2,-4.91,-0.1,-1,109197,217939.43
ADPC,2008-07-29,2.15,2.15,1.98,2.1,0.62,0.01,-1,537251,1127687.15
ADPC,2008-07-28,2.15,2.15,2.07,2.09,-4.26,-0.09,-1,22300,46521
ADPC,2008-07-27,2.2,2.2,2.09,2.18,-0.67,-0.01,-1,778168,1695461.35
ADPC,2008-07-24,2.24,2.24,2.15,2.19,3.1,0.06,-1,446190,978756.26
ADPC,2008-07-22,2.16,2.16,1.96,2.13,3.32,0.07,-1,220698,469578.75
ADPC,2008-07-21,2.12,2.12,1.94,2.06,1.77,0.04,-1,403263,830504
ADPC,2008-07-20,2.15,2.15,2.01,2.02,-4.18,-0.09,-1,361079,730711.3
ADPC,2008-07-17,2.12,2.12,2.11,2.11,-4.92,-0.11,-1,102210,215836
ADPC,2008-07-16,2.34,2.34,2.12,2.22,-0.25,-0.01,-1,1295758,2878057.85
ADPC,2008-07-15,2.23,2.23,2.17,2.23,4.95,0.11,-1,1807994,4026087.1
ADPC,2008-07-14,2.15,2.15,2.09,2.12,-3.23,-0.07,-1,114847,243689.65
ADPC,2008-07-13,2.19,2.19,2.19,2.19,4.97,0.1,-1,235789,516962.69
ADPC,2008-07-10,2.22,2.22,2.04,2.09,-1.93,-0.04,-1,342309,714955.25
ADPC,2008-07-09,2.31,2.31,2.12,2.13,-4.79,-0.11,-1,1694820,3609579.6
ADPC,2008-07-08,2.29,2.29,2.23,2.24,-4.73,-0.11,-1,1136570,2542445
ADPC,2008-07-07,2.55,2.55,2.33,2.35,-4.34,-0.1,-1,382822,898848.63
ADPC,2008-07-06,2.45,2.45,2.45,2.45,4.99,0.11,-1,1403914,3445875.54
ADPC,2008-07-03,2.34,2.34,2.34,2.34,0,0,-1,255895,598237.65
ADPC,2008-06-30,2.34,2.34,2.34,2.34,4.99,0.11,-1,365353,854126.2
ADPC,2008-06-29,2.23,2.23,2.23,2.23,5,0.11,-1,206463,459731.8
ADPC,2008-06-26,2.12,2.12,1.99,2.12,4.9,0.1,-1,923454,1958262.05
ADPC,2008-06-25,2.02,2.02,1.83,2.02,4.89,0.1,-1,2138224,4322520.28
ADPC,2008-06-24,1.92,1.92,1.92,1.92,5,0.08,-1,59467,114624
ADPC,2008-06-23,1.84,1.84,1.84,1.84,4.99,0.09,-1,7619,13987.15
ADPC,2008-06-22,1.84,1.84,1.67,1.75,-0.57,-0.01,-1,28201996,49316909
ADPC,2008-06-19,1.94,1.94,1.75,1.76,-4.64,-0.08,-1,497667,875205.8
ADPC,2008-06-18,1.89,1.89,1.84,1.84,-4.81,-0.1,-1,932040,1718662.6
ADPC,2008-06-17,1.94,1.94,1.94,1.94,-4.99,-0.1,-1,305923,592632
ADPC,2008-06-16,2.06,2.06,1.94,2.04,3.68,0.07,-1,459980,937906.74
ADPC,2008-06-15,1.97,1.97,1.79,1.97,4.92,0.1,-1,5534481,10883498.06
ADPC,2008-06-12,1.89,1.89,1.87,1.87,-4.9,-0.1,-1,219286,410967.05
ADPC,2008-06-11,1.98,1.98,1.97,1.97,-4.81,-0.1,-1,20441,40288.5
ADPC,2008-06-10,2.08,2.08,1.88,2.07,4.52,0.09,-1,477113,987766.27
ADPC,2008-06-09,2.15,2.15,1.97,1.98,-4.41,-0.09,-1,114141,226101.43
ADPC,2008-06-08,2.25,2.25,2.05,2.07,-4.13,-0.09,-1,324840,673180.5
ADPC,2008-06-05,2.16,2.16,2.16,2.16,-4.99,-0.11,-1,15610,33742.8
ADPC,2008-06-04,2.27,2.27,2.27,2.27,-5,-0.12,-1,46459,105700
ADPC,2008-06-03,2.49,2.49,2.28,2.39,-0.3,-0.01,-1,139822,334863.2
ADPC,2008-06-02,2.4,2.4,2.34,2.4,4.92,0.11,-1,772259,1855070.27
ADPC,2008-06-01,2.29,2.29,2.29,2.29,4.97,0.11,-1,121240,277557.9
ADPC,2008-05-29,2.18,2.18,2.18,2.18,5,0.1,-1,88458,192922.8
ADPC,2008-05-28,2.09,2.09,1.89,2.08,4.58,0.09,-1,81804,169919.41
ADPC,2008-05-27,1.99,1.99,1.99,1.99,4.99,0.1,-1,103696,205957.8
ADPC,2008-05-26,1.89,1.89,1.89,1.89,4.99,0.08,-1,116816,220984.33
ADPC,2008-05-22,1.72,1.72,1.72,1.72,4.99,0.08,-1,37167,63790
ADPC,2008-05-21,1.64,1.64,1.64,1.64,4.99,0.08,-1,3717,6076
ADPC,2008-05-20,1.56,1.56,1.56,1.56,4.99,0.08,-1,18584,28935
ADPC,2008-05-19,1.48,1.48,1.48,1.48,4.99,0.07,-1,22300,33072
ADPC,2008-05-18,1.41,1.41,1.41,1.41,5,0.07,-1,70618,99750
ADPC,2008-04-30,1.36,1.36,1.34,1.34,0,0,-1,30365530,40850500
ADPC,2008-04-13,1.34,1.34,1.34,1.34,0,0,-1,19810071,26650020
ADPC,2008-04-09,1.34,1.34,1.34,1.34,0,0,-1,264333,355600
ADPC,2008-01-22,1.34,1.34,1.34,1.34,0,0,-1,18584,25000
ADPC,2007-12-26,1.34,1.34,1.34,1.34,0,0,-1,27795053,37392000
ADPC,2007-11-25,1.34,1.34,1.34,1.34,400,1.07,-1,2787534,3750000
ADPC,2006-11-23,0.22,0.22,0.22,0.22,-90,-2.02,-1,9009309,2020000
