Symbol,Date Range,Open,High,Low,Closed,% Change,Change,Prev. Closed,Volume,Turnover
APSW,2026-09-07,8.7,8.7,8.55,8.65,1.52,0.13,-1,179917,1554907.25
APSW,2026-09-06,8.73,8.73,8.51,8.57,1.06,0.09,-1,159593,1376331
APSW,2026-09-03,8.7,8.7,8.5,8.5,-1.73,-0.15,-1,130051,1112811.63
APSW,2026-09-02,8.7,8.7,8.56,8.65,0,0,-1,95981,827235.63
APSW,2026-09-01,8.75,8.75,8.45,8.7,-0.58,-0.05,-1,135603,1168345.5
APSW,2026-08-31,8.79,8.79,8.57,8.68,2.1,0.18,-1,130154,1131792.63
APSW,2026-08-30,8.67,8.67,8.46,8.56,0.59,0.05,-1,131405,1120081.25
APSW,2026-08-26,8.69,8.69,8.5,8.51,-0.82,-0.07,-1,175299,1498274.75
APSW,2026-08-25,8.7,8.7,8.53,8.58,-0.58,-0.05,-1,126993,1091964.38
APSW,2026-08-24,8.81,8.81,8.41,8.69,-0.69,-0.06,-1,142254,1234444.75
APSW,2026-08-23,8.89,8.89,8.7,8.75,-0.46,-0.04,-1,132841,1162971
APSW,2026-08-20,8.99,8.99,8.6,8.79,-0.23,-0.02,-1,145376,1266763.13
APSW,2026-08-19,9.1,9.1,8.71,8.74,0,0,-1,232927,2066766.5
APSW,2026-08-18,9.11,9.11,8.7,8.74,-3.07,-0.28,-1,402803,3571193.25
APSW,2026-08-17,9.39,9.39,9.01,9.12,-0.11,-0.01,-1,196774,1807106.13
APSW,2026-08-16,9.13,9.13,8.65,9.13,4.94,0.43,-1,662746,6007124.5
APSW,2026-08-13,8.78,8.78,8.64,8.7,-0.23,-0.02,-1,97088,847075.44
APSW,2026-08-12,8.83,8.83,8.7,8.72,0.46,0.04,-1,80328,702648.06
APSW,2026-08-11,8.89,8.89,8.64,8.69,-0.57,-0.05,-1,126740,1103803
APSW,2026-08-10,8.89,8.89,8.7,8.74,-0.91,-0.08,-1,109389,960635.5
APSW,2026-08-09,8.97,8.97,8.71,8.8,-0.34,-0.03,-1,128903,1134951.88
APSW,2026-08-06,8.98,8.98,8.64,8.83,-1.35,-0.12,-1,258931,2274510
APSW,2026-08-05,9,9,8.84,8.86,0.68,0.06,-1,115259,1025394.75
APSW,2026-08-04,9.07,9.07,8.63,8.84,0.22,0.02,-1,255496,2286438.75
APSW,2026-08-03,9,9,8.62,8.89,2.06,0.18,-1,275878,2433486.75
APSW,2026-08-02,8.9,8.9,8.61,8.72,-0.34,-0.03,-1,169837,1479139
APSW,2026-07-30,8.91,8.91,8.6,8.75,-1.02,-0.09,-1,78301,682092.44
APSW,2026-07-29,9.05,9.05,8.8,8.84,-0.45,-0.04,-1,87877,779585.25
APSW,2026-07-28,9.16,9.16,8.89,8.98,-1.86,-0.17,-1,93482,845047.94
APSW,2026-07-27,9.16,9.16,8.76,9.15,4.24,0.37,-1,401619,3669228
APSW,2026-07-26,9.14,9.14,8.62,8.73,-1.91,-0.17,-1,213100,1871629.38
APSW,2026-07-22,9.34,9.34,8.9,8.91,-3.58,-0.33,-1,186231,1688140.13
APSW,2026-07-21,9.34,9.34,8.92,9.23,0.65,0.06,-1,411546,3777362.25
APSW,2026-07-20,9.28,9.28,9.1,9.25,4.98,0.44,-1,515628,4777997.5
APSW,2026-07-19,8.84,8.84,8.5,8.84,4.99,0.42,-1,313377,2741844.25
APSW,2026-07-16,8.53,8.53,8.32,8.42,1.31,0.11,-1,170553,1434786.38
APSW,2026-07-15,8.53,8.53,8.35,8.39,0.47,0.04,-1,150087,1263480.63
APSW,2026-07-14,8.58,8.58,8.44,8.45,-0.71,-0.06,-1,70027,592860.56
APSW,2026-07-13,8.59,8.59,8.1,8.51,0.12,0.01,-1,261290,2194979.75
APSW,2026-07-12,8.59,8.59,8.45,8.5,-0.12,-0.01,-1,93893,798876.88
APSW,2026-07-09,8.51,8.51,8.41,8.46,0.24,0.02,-1,44804,378941.94
APSW,2026-07-08,8.59,8.59,8.41,8.49,-0.47,-0.04,-1,30490,259336.52
APSW,2026-07-07,8.58,8.58,8.4,8.49,-1.29,-0.11,-1,79843,678764.81
APSW,2026-07-06,8.61,8.61,8.47,8.51,-0.47,-0.04,-1,109596,933220.63
APSW,2026-07-05,8.73,8.73,8.13,8.54,0.94,0.08,-1,103201,874916.13
APSW,2026-07-01,8.7,8.7,8.35,8.48,3.72,0.31,-1,58731,497076.97
APSW,2026-06-30,8.41,8.41,8.11,8.34,4.99,0.4,-1,121703,1013003.19
APSW,2026-06-29,8.49,8.49,8,8.01,-4.87,-0.41,-1,398888,3237114
APSW,2026-06-28,8.59,8.59,8.28,8.42,-1.06,-0.09,-1,62516,526796.69
APSW,2026-06-25,8.64,8.64,8.42,8.46,-1.17,-0.1,-1,117779,1002241.13
APSW,2026-06-24,8.64,8.64,8.47,8.56,-0.7,-0.06,-1,28701,244347.41
APSW,2026-06-23,8.62,8.62,8.47,8.56,0.47,0.04,-1,59522,509497.63
APSW,2026-06-22,8.64,8.64,8.47,8.52,-1.28,-0.11,-1,112744,962079.94
APSW,2026-06-21,8.65,8.65,8.55,8.61,1.29,0.11,-1,44858,386217.44
APSW,2026-06-17,8.74,8.74,8.44,8.53,0.47,0.04,-1,33291,286105.13
APSW,2026-06-16,8.66,8.66,8.5,8.53,0,0,-1,203512,1734798.5
APSW,2026-06-15,8.79,8.79,8.56,8.6,-0.47,-0.04,-1,73719,635381.31
APSW,2026-06-14,8.98,8.98,8.41,8.6,-0.35,-0.03,-1,223241,1926113.25
APSW,2026-06-11,8.74,8.74,8.24,8.63,0,0,-1,31510,269583.09
APSW,2026-06-10,8.91,8.91,8.6,8.63,-2.81,-0.25,-1,153966,1341995.63
APSW,2026-06-09,9,9,8.77,8.9,0.11,0.01,-1,44037,391311.16
APSW,2026-06-08,9,9,8.88,8.9,-0.11,-0.01,-1,71755,639410.56
APSW,2026-06-07,9.1,9.1,8.9,8.91,-1.22,-0.11,-1,152037,1361244.75
APSW,2026-06-04,9.14,9.14,8.9,9.02,-1.54,-0.14,-1,54499,492939.66
APSW,2026-06-03,9.21,9.21,8.95,9.12,-0.44,-0.04,-1,54731,498355.16
APSW,2026-06-02,9.15,9.15,8.87,9.04,1.44,0.13,-1,61666,554717.5
APSW,2026-06-01,9.16,9.16,8.86,9,1.35,0.12,-1,45548,409609.72
APSW,2026-05-25,9,9,8.73,8.88,1.35,0.12,-1,138427,1224068.75
APSW,2026-05-24,8.98,8.98,8.8,8.88,0.79,0.07,-1,47854,424341.13
APSW,2026-05-21,9.13,9.13,8.62,8.86,-1.67,-0.15,-1,114119,1012320.44
APSW,2026-05-20,9.16,9.16,8.91,9,-2.52,-0.23,-1,109171,987438.75
APSW,2026-05-19,9.38,9.38,9.1,9.14,-1.4,-0.13,-1,130719,1199490.38
APSW,2026-05-18,9.38,9.38,8.9,9.27,2.43,0.22,-1,213342,1938972.75
APSW,2026-05-17,9.07,9.07,8.91,9.05,0.22,0.02,-1,127748,1150407.13
APSW,2026-05-14,9.09,9.09,8.91,9.03,0.56,0.05,-1,140878,1269450.5
APSW,2026-05-13,9.08,9.08,8.82,8.98,-0.22,-0.02,-1,206505,1854521.38
APSW,2026-05-12,9,9,8.71,9,1.93,0.17,-1,162621,1446540.88
APSW,2026-05-11,8.87,8.87,8.71,8.83,0.8,0.07,-1,113693,996997.81
APSW,2026-05-10,8.88,8.88,8.69,8.75,1.25,0.11,-1,102847,901565.5
APSW,2026-05-06,8.95,8.95,8.66,8.77,-0.34,-0.03,-1,113496,994515.13
APSW,2026-05-05,8.95,8.95,8.66,8.8,0.67,0.06,-1,210352,1850641
APSW,2026-05-04,9.08,9.08,8.8,8.89,-2.11,-0.19,-1,223036,1986415.25
APSW,2026-05-03,9.19,9.19,8.83,9.02,3.65,0.32,-1,384678,3496852
APSW,2026-04-30,8.9,8.9,8.7,8.76,-0.79,-0.07,-1,54056,474668.81
APSW,2026-04-29,8.9,8.9,8.66,8.87,0.58,0.05,-1,142797,1259141.25
APSW,2026-04-28,8.97,8.97,8.6,8.67,0.23,0.02,-1,201127,1764959.63
APSW,2026-04-27,9.06,9.06,8.75,8.83,-2.33,-0.21,-1,213077,1883651.88
APSW,2026-04-26,9.05,9.05,8.64,9.02,4.17,0.36,-1,256183,2286615.25
APSW,2026-04-23,8.64,8.64,8.22,8.64,4.98,0.41,-1,483261,4119060.25
APSW,2026-04-22,8.26,8.26,8.11,8.23,0.98,0.08,-1,131088,1076046.75
APSW,2026-04-21,8.21,8.21,8.02,8.17,-0.37,-0.03,-1,111154,904692.88
APSW,2026-04-20,8.23,8.23,8.11,8.18,0.37,0.03,-1,88622,724302.38
APSW,2026-04-19,8.25,8.25,8.11,8.12,0.25,0.02,-1,102221,833444.56
APSW,2026-04-16,8.28,8.28,8.1,8.16,0.61,0.05,-1,152481,1247643.63
APSW,2026-04-15,8.29,8.29,8.15,8.22,0.12,0.01,-1,45131,371004.16
APSW,2026-04-14,8.22,8.22,8.1,8.19,0.98,0.08,-1,54865,449272.13
APSW,2026-04-09,8.19,8.19,8.09,8.14,0.37,0.03,-1,117535,955519.31
APSW,2026-04-08,8.25,8.25,8.11,8.15,-0.49,-0.04,-1,66148,540134.38
APSW,2026-04-07,8.37,8.37,8.04,8.22,1.24,0.1,-1,197081,1618813.88
APSW,2026-04-06,8.1,8.1,8,8.05,0.62,0.05,-1,105539,848822.81
APSW,2026-04-05,8.1,8.1,8,8.03,-0.37,-0.03,-1,76031,610164.19
APSW,2026-04-02,8.2,8.2,7.95,8.1,3.45,0.27,-1,129863,1054791.5
APSW,2026-04-01,8,8,7.81,7.83,1.53,0.12,-1,33363,265117.88
APSW,2026-03-31,7.97,7.97,7.75,7.83,-0.13,-0.01,-1,154094,1203971.25
APSW,2026-03-30,8.11,8.11,7.8,7.84,-0.37,-0.03,-1,108920,858869.13
APSW,2026-03-29,8.16,8.16,7.91,8.01,-0.25,-0.02,-1,52854,423835.81
APSW,2026-03-26,8.19,8.19,8,8.03,-0.25,-0.02,-1,73565,593621.31
APSW,2026-03-25,8.24,8.24,7.99,8.04,0.12,0.01,-1,213660,1715025.13
APSW,2026-03-24,8.37,8.37,7.98,8.15,-1.35,-0.11,-1,90434,732600.63
APSW,2026-03-18,8.27,8.27,8.13,8.17,-3.1,-0.26,-1,47237,385979.22
APSW,2026-03-17,8.41,8.41,7.91,8.4,2.75,0.22,-1,199090,1649558.5
APSW,2026-03-16,8.03,8.03,7.86,8.01,-1.37,-0.11,-1,25042,198546.11
APSW,2026-03-15,8.12,8.12,7.95,8.01,-1.12,-0.09,-1,57589,461629.31
APSW,2026-03-12,8.12,8.12,8,8.04,-0.99,-0.08,-1,86063,690548.13
APSW,2026-03-11,8.12,8.12,8.01,8.12,0,0,-1,28638,231225.31
APSW,2026-03-10,8.12,8.12,8.01,8.12,-0.49,-0.04,-1,24344,196769.2
APSW,2026-03-09,8.21,8.21,8,8.12,0,0,-1,40670,330022.88
APSW,2026-03-08,8.13,8.13,8,8.1,0.37,0.03,-1,73738,596023.31
APSW,2026-03-05,8.24,8.24,8,8.07,2.02,0.16,-1,48896,395082.66
APSW,2026-03-04,8.3,8.3,7.71,7.91,-1.11,-0.09,-1,80302,639478.81
APSW,2026-03-03,8.38,8.38,7.96,8.09,0.12,0.01,-1,65721,530145.25
APSW,2026-03-02,8.19,8.19,7.75,8.14,4.36,0.34,-1,117466,932517.19
APSW,2026-03-01,7.9,7.9,7.52,7.8,-1.39,-0.11,-1,119158,924111.38
APSW,2026-02-26,8.18,8.18,7.8,7.91,-1.84,-0.15,-1,184996,1489784.5
APSW,2026-02-25,8.37,8.37,8.1,8.15,-3.22,-0.27,-1,184569,1521034.25
APSW,2026-02-24,8.61,8.61,8.22,8.38,2.44,0.2,-1,139649,1181223.88
APSW,2026-02-23,8.6,8.6,8.17,8.2,-2.15,-0.18,-1,441417,3655840
APSW,2026-02-22,8.84,8.84,8.32,8.38,-4.23,-0.37,-1,286886,2435210.25
APSW,2026-02-19,8.93,8.93,8.68,8.75,-0.23,-0.02,-1,87568,768674.81
APSW,2026-02-18,9.03,9.03,8.75,8.77,-1.35,-0.12,-1,211421,1868539.13
APSW,2026-02-17,9,9,8.81,8.89,1.01,0.09,-1,104526,928215.81
APSW,2026-02-16,9.17,9.17,8.88,8.9,-2.52,-0.23,-1,76285,683257.75
APSW,2026-02-15,9.2,9.2,8.8,9.13,0.11,0.01,-1,131909,1188119.38
APSW,2026-02-12,9.19,9.19,8.9,9.03,-2.48,-0.23,-1,320531,2881349.1
APSW,2026-02-11,9.59,9.59,9.19,9.26,0.98,0.09,-1,277789,2605266.75
APSW,2026-02-10,9.18,9.18,8.73,9.17,4.91,0.43,-1,481999,4389588.5
APSW,2026-02-09,8.83,8.83,8.69,8.75,0.92,0.08,-1,123902,1083115.25
APSW,2026-02-08,8.83,8.83,8.65,8.67,0.58,0.05,-1,158607,1384308.38
APSW,2026-02-05,8.85,8.85,8.6,8.62,-1.49,-0.13,-1,276809,2392906.75
APSW,2026-02-04,8.85,8.85,8.68,8.75,0.46,0.04,-1,178357,1565288.75
APSW,2026-02-03,8.85,8.85,8.7,8.71,-0.23,-0.02,-1,97026,847421.44
APSW,2026-02-02,8.86,8.86,8.7,8.72,0.11,0.01,-1,145158,1269952.13
APSW,2026-02-01,8.87,8.87,8.59,8.71,1.38,0.12,-1,59958,521009.72
APSW,2026-01-28,8.9,8.9,8.65,8.68,-1.82,-0.16,-1,90927,794787.5
APSW,2026-01-27,8.93,8.93,8.65,8.81,0.34,0.03,-1,146922,1292066.63
APSW,2026-01-26,8.95,8.95,8.79,8.83,-1.57,-0.14,-1,74484,658679.13
APSW,2026-01-25,9,9,8.9,8.94,0,0,-1,80451,718687.25
APSW,2026-01-22,9.02,9.02,8.85,8.91,-0.34,-0.03,-1,72371,644846.13
APSW,2026-01-21,9.19,9.19,8.91,8.94,-1,-0.09,-1,102545,921068.75
APSW,2026-01-20,9.2,9.2,8.88,9.04,1.24,0.11,-1,190061,1720167.75
APSW,2026-01-19,9,9,8.83,8.89,-0.55,-0.05,-1,65377,582403.94
APSW,2026-01-18,9.06,9.06,8.81,9.01,-0.11,-0.01,-1,29057,259346.09
APSW,2026-01-15,9.07,9.07,8.59,9.01,4.28,0.37,-1,166562,1496424.75
APSW,2026-01-14,9.1,9.1,8.58,8.64,-4.87,-0.44,-1,133405,1170183.75
APSW,2026-01-13,9.2,9.2,8.83,9.03,-0.99,-0.09,-1,42423,383900.91
APSW,2026-01-12,9.32,9.32,8.85,9.05,2.82,0.25,-1,238814,2182512.5
APSW,2026-01-11,8.94,8.94,8.8,8.88,0.11,0.01,-1,50024,443937.34
APSW,2026-01-08,8.93,8.93,8.8,8.85,0.45,0.04,-1,75512,669022
APSW,2026-01-06,8.93,8.93,8.84,8.86,0.34,0.03,-1,46868,415461.66
APSW,2026-01-05,9,9,8.81,8.86,-1.23,-0.11,-1,56594,502851.25
APSW,2026-01-04,9.01,9.01,8.9,8.97,-0.89,-0.08,-1,55810,500549.66
APSW,2025-12-31,9.13,9.13,8.93,8.98,-0.78,-0.07,-1,59382,534214
APSW,2025-12-30,9.06,9.06,8.96,9,-0.33,-0.03,-1,129268,1164667.5
APSW,2025-12-29,9.08,9.08,8.91,9.03,1,0.09,-1,116399,1047509.06
APSW,2025-12-28,9.13,9.13,8.9,8.98,-0.88,-0.08,-1,170582,1528893.75
APSW,2025-12-25,9.15,9.15,9.02,9.08,1.45,0.13,-1,61394,558217.94
APSW,2025-12-24,9.17,9.17,8.93,8.99,0.89,0.08,-1,68291,613877.94
APSW,2025-12-23,9.23,9.23,9,9.01,-0.99,-0.09,-1,275125,2496217.75
APSW,2025-12-22,9.49,9.49,9.02,9.1,-1.4,-0.13,-1,200405,1832101.25
APSW,2025-12-21,9.65,9.65,9.2,9.31,0.43,0.04,-1,125266,1173874.13
APSW,2025-12-18,9.25,9.25,8.62,9.25,4.99,0.44,-1,404292,3665566.25
APSW,2025-12-17,8.99,8.99,8.76,8.81,-2.12,-0.19,-1,166590,1475832.5
APSW,2025-12-16,9.1,9.1,8.91,8.95,-1,-0.09,-1,222059,1996568.25
APSW,2025-12-15,9.2,9.2,8.99,9.01,-0.44,-0.04,-1,343845,3102300.25
APSW,2025-12-14,9.29,9.29,9,9.05,0.33,0.03,-1,164147,1498915.25
APSW,2025-12-11,9.35,9.35,9.1,9.17,0.55,0.05,-1,171815,1582419.25
APSW,2025-12-10,9.31,9.31,9.06,9.12,0.22,0.02,-1,149909,1370061
APSW,2025-12-09,9.39,9.39,9.13,9.21,-0.11,-0.01,-1,152433,1405056.63
APSW,2025-12-08,9.43,9.43,9.18,9.22,0.11,0.01,-1,184316,1709464
APSW,2025-12-07,9.4,9.4,9.2,9.21,-0.86,-0.08,-1,141698,1309899
APSW,2025-12-04,9.44,9.44,9.17,9.29,-1.28,-0.12,-1,98065,912901
APSW,2025-12-03,9.56,9.56,9.11,9.35,-1.29,-0.12,-1,183880,1702786.25
APSW,2025-12-02,9.5,9.5,9.23,9.33,0.76,0.07,-1,111181,1041529.63
APSW,2025-12-01,9.6,9.6,9,9.23,-2.22,-0.21,-1,301789,2788451.25
APSW,2025-11-30,9.66,9.66,9.23,9.44,-1.16,-0.11,-1,118065,1105788.63
APSW,2025-11-27,9.7,9.7,9.45,9.51,-0.94,-0.09,-1,84654,808591.5
APSW,2025-11-26,9.65,9.65,9.3,9.6,0.75,0.07,-1,189985,1807193
APSW,2025-11-25,9.68,9.68,9.35,9.38,-1.78,-0.17,-1,232442,2199039.25
APSW,2025-11-24,9.79,9.79,9.53,9.55,-1.24,-0.12,-1,126766,1213703.63
APSW,2025-11-23,9.8,9.8,9.5,9.67,0.31,0.03,-1,152188,1459971.88
APSW,2025-11-20,9.95,9.95,9.52,9.61,0,0,-1,103402,996823.94
APSW,2025-11-19,9.87,9.87,9.5,9.61,0.31,0.03,-1,303706,2927794
APSW,2025-11-18,10,10,9.6,9.63,-3.12,-0.31,-1,223514,2171136.75
APSW,2025-11-17,10.2,10.2,9.88,9.94,-0.5,-0.05,-1,91092,911357.69
APSW,2025-11-16,10.25,10.25,9.72,10.1,4.2,0.41,-1,432876,4404423.5
APSW,2025-11-13,10,10,9.7,9.77,-2.79,-0.28,-1,168121,1647507
APSW,2025-11-12,10.12,10.12,9.73,10.05,1.22,0.12,-1,185513,1846833.25
APSW,2025-11-11,10.28,10.28,9.75,9.83,-2.29,-0.23,-1,271743,2727777.5
APSW,2025-11-10,10.49,10.49,9.98,10.06,-0.98,-0.1,-1,148081,1504112.38
APSW,2025-11-09,10.82,10.82,10.16,10.16,-4.96,-0.53,-1,727258,7479255.5
APSW,2025-11-06,11.19,11.19,10.45,10.69,-1.82,-0.2,-1,965745,10391705
APSW,2025-11-05,11.3,11.3,10.67,11,1.48,0.16,-1,446988,4919424.5
APSW,2025-11-04,11.17,11.17,10.53,10.84,-2.17,-0.24,-1,860086,9228968
APSW,2025-11-03,11.6,11.6,11.07,11.08,-4.89,-0.57,-1,752165,8404575
APSW,2025-11-02,11.65,11.65,10.71,11.65,4.95,0.55,-1,1082779,12538090
APSW,2025-10-30,11.1,11.1,10.06,11.1,4.91,0.52,-1,1608284,17306806
APSW,2025-10-29,10.58,10.58,10.1,10.58,4.96,0.5,-1,1040806,10963705
APSW,2025-10-28,10.08,10.08,9.76,10.08,5,0.48,-1,747451,7530831.5
APSW,2025-10-27,9.6,9.6,9.14,9.6,4.92,0.45,-1,614542,5809498.5
APSW,2025-10-26,9.17,9.17,8.86,9.15,1,0.09,-1,137119,1243905.88
APSW,2025-10-23,9.14,9.14,8.81,9.01,1.24,0.11,-1,210963,1903415.88
APSW,2025-10-22,8.96,8.96,8.8,8.9,0.34,0.03,-1,75396,669558.88
APSW,2025-10-21,9.09,9.09,8.7,8.83,-0.11,-0.01,-1,224883,1982814.63
APSW,2025-10-20,9.1,9.1,8.8,8.83,-2.43,-0.22,-1,344832,3081659.25
APSW,2025-10-19,9.1,9.1,8.89,9.05,1,0.09,-1,134708,1212987
APSW,2025-10-16,9.14,9.14,8.61,9.01,0.11,0.01,-1,82477,736203.63
APSW,2025-10-15,9.25,9.25,8.87,9,1.01,0.09,-1,304054,2737819.5
APSW,2025-10-14,9.45,9.45,8.87,8.91,-3.99,-0.37,-1,340452,3115041.75
APSW,2025-10-13,9.31,9.31,8.89,9.28,1.88,0.17,-1,219831,2027104.13
APSW,2025-10-12,9.15,9.15,8.86,9.03,0,0,-1,154598,1386617.25
APSW,2025-10-08,9.2,9.2,8.97,9.13,0,0,-1,68354,619751.38
APSW,2025-10-07,9.3,9.3,8.96,9.03,1.01,0.09,-1,306495,2787382.75
APSW,2025-10-06,9.04,9.04,8.76,8.89,-1.44,-0.13,-1,103922,927431.56
APSW,2025-10-05,9.09,9.09,8.87,9.02,0.44,0.04,-1,69715,625589.88
APSW,2025-10-02,9.17,9.17,8.73,9,0.11,0.01,-1,66317,596211.5
APSW,2025-10-01,9.3,9.3,8.91,9.02,-1.22,-0.11,-1,194681,1768153
APSW,2025-09-30,9.05,9.05,8.62,9.05,4.99,0.43,-1,321630,2879747.75
APSW,2025-09-29,8.89,8.89,8.6,8.62,-1.03,-0.09,-1,94740,819203.44
APSW,2025-09-28,8.98,8.98,8.57,8.71,0.79,0.07,-1,105750,922943.5
APSW,2025-09-25,9.05,9.05,8.44,8.83,-0.56,-0.05,-1,134422,1177048
APSW,2025-09-24,9.09,9.09,8.75,8.88,-0.34,-0.03,-1,20206,180619.28
APSW,2025-09-23,9.11,9.11,8.76,8.88,-0.89,-0.08,-1,98842,875800.06
APSW,2025-09-22,9.24,9.24,8.75,8.96,2.27,0.2,-1,106110,953534.81
APSW,2025-09-21,8.95,8.95,8.74,8.8,-0.23,-0.02,-1,143208,1265730.38
APSW,2025-09-18,9.13,9.13,8.7,8.79,-2.36,-0.21,-1,193942,1722387.38
APSW,2025-09-17,9.2,9.2,8.9,8.91,-1,-0.09,-1,67711,604708.88
APSW,2025-09-16,9.4,9.4,8.89,8.99,-3.12,-0.29,-1,144409,1307093.38
APSW,2025-09-15,9.51,9.51,9.2,9.28,1.19,0.11,-1,55256,515346.97
APSW,2025-09-14,9.5,9.5,9.15,9.27,-2.01,-0.19,-1,187001,1739349.38
APSW,2025-09-11,9.69,9.69,9.32,9.46,-0.62,-0.06,-1,190788,1808894.75
APSW,2025-09-10,9.78,9.78,9.25,9.61,3.22,0.3,-1,408985,3928972.75
APSW,2025-09-09,9.41,9.41,8.95,9.32,2.18,0.2,-1,298470,2753981.5
APSW,2025-09-08,9.21,9.21,8.92,9.19,0.11,0.01,-1,161962,1471807.5
APSW,2025-09-07,9.23,9.23,9,9.18,-1.96,-0.18,-1,26372,238549.16
APSW,2025-09-03,9.3,9.3,8.86,9.18,2.46,0.22,-1,340627,3119264.25
APSW,2025-09-02,9.04,9.04,8.86,8.96,0.56,0.05,-1,49663,444889.38
APSW,2025-09-01,9.11,9.11,8.71,8.91,0.44,0.04,-1,63621,568141.44
APSW,2025-08-31,9.24,9.24,8.91,9,-1.64,-0.15,-1,85593,775501.13
APSW,2025-08-28,9.41,9.41,8.61,9.15,1.89,0.17,-1,298805,2713503.5
APSW,2025-08-27,8.98,8.98,8.22,8.98,4.44,0.38,-1,176921,1534361
APSW,2025-08-26,8.83,8.83,8.48,8.56,-2.3,-0.2,-1,101530,875575.31
APSW,2025-08-25,8.87,8.87,8.68,8.7,-1.7,-0.15,-1,90388,789236.63
APSW,2025-08-24,8.99,8.99,8.63,8.84,2.44,0.21,-1,46609,410959.13
APSW,2025-08-21,8.84,8.84,8.67,8.6,2.33,0.2,-1,23168,202989.8
APSW,2025-08-20,8.99,8.99,8.52,8.6,-0.78,-0.07,-1,46083,399278.06
APSW,2025-08-19,9.04,9.04,8.84,8.93,-0.67,-0.06,-1,57060,507662.63
APSW,2025-08-18,9.08,9.08,8.48,8.94,-0.34,-0.03,-1,125724,1108347.25
APSW,2025-08-17,9.07,9.07,8.89,8.91,-0.11,-0.01,-1,105470,941990.5
APSW,2025-08-14,9.1,9.1,8.92,9.01,1.57,0.14,-1,39198,353016.34
APSW,2025-08-13,9.16,9.16,8.86,8.92,0.33,0.03,-1,141004,1267456.5
APSW,2025-08-12,9.19,9.19,9,9.07,-0.22,-0.02,-1,63217,574354.31
APSW,2025-08-11,9.22,9.22,9,9.08,-0.55,-0.05,-1,116587,1056990.38
APSW,2025-08-10,9.24,9.24,9.02,9.05,-1.42,-0.13,-1,119293,1082683
APSW,2025-08-07,9.25,9.25,9.07,9.18,2.33,0.21,-1,35596,326880.84
APSW,2025-08-06,9.34,9.34,9.01,9.02,-3.01,-0.28,-1,161320,1466216.88
APSW,2025-08-05,9.36,9.36,8.84,9.3,2.99,0.27,-1,118208,1081940.63
APSW,2025-08-04,9.15,9.15,8.9,9.03,0.22,0.02,-1,70635,637504.31
APSW,2025-08-03,9.14,9.14,9,9,-1.1,-0.1,-1,61739,557785.56
APSW,2025-07-31,9.21,9.21,9.01,9.1,-1.31,-0.12,-1,44662,406223.47
APSW,2025-07-30,9.27,9.27,9,9.13,0,0,-1,80225,732545.31
APSW,2025-07-29,9.23,9.23,9,9.12,-0.44,-0.04,-1,82341,749664.44
APSW,2025-07-28,9.38,9.38,9.11,9.16,-1.3,-0.12,-1,51738,475760.97
APSW,2025-07-27,9.59,9.59,9.17,9.23,-1.91,-0.18,-1,61228,566471.69
APSW,2025-07-23,9.5,9.5,9.2,9.41,-0.42,-0.04,-1,105333,987238.31
APSW,2025-07-22,9.63,9.63,9.22,9.46,-0.63,-0.06,-1,138140,1312442.38
APSW,2025-07-21,9.65,9.65,9.11,9.46,1.72,0.16,-1,206025,1905234.75
APSW,2025-07-20,9.62,9.62,9.26,9.3,-1.48,-0.14,-1,116467,1094590.13
APSW,2025-07-17,9.53,9.53,9.04,9.44,4.63,0.42,-1,360077,3364710.5
APSW,2025-07-16,9.19,9.19,9,9.08,1.23,0.11,-1,280370,2544839.5
APSW,2025-07-15,9.11,9.11,8.93,8.97,-0.89,-0.08,-1,92403,830400.31
APSW,2025-07-14,9.12,9.12,8.97,9.03,0.11,0.01,-1,60945,550562.5
APSW,2025-07-13,9.19,9.19,8.97,9.02,-1.54,-0.14,-1,85542,771915.63
APSW,2025-07-10,9.15,9.15,8.95,9.12,1.33,0.12,-1,108194,983794.81
APSW,2025-07-09,9.2,9.2,8.95,9.03,-0.99,-0.09,-1,61251,553259.13
APSW,2025-07-07,9.19,9.19,8.8,9.09,2.11,0.19,-1,162209,1460638.63
APSW,2025-07-06,9.23,9.23,8.95,9,-0.11,-0.01,-1,164255,1490490.13
APSW,2025-07-02,9.14,9.14,8.93,9.01,0.55,0.05,-1,107793,971851.56
APSW,2025-07-01,9.3,9.3,8.92,9.01,-0.22,-0.02,-1,96868,882756.44
APSW,2025-06-30,9.33,9.33,8.9,9.03,1,0.09,-1,99879,904527.25
APSW,2025-06-29,9.52,9.52,9,9.04,0.76,0.07,-1,135650,1254163.63
APSW,2025-06-25,9.24,9.24,9,9.2,0.88,0.08,-1,154819,1409240
APSW,2025-06-24,9.12,9.12,9,9.12,4.95,0.43,-1,145192,1321890.38
APSW,2025-06-23,8.75,8.75,8.35,8.69,4.92,0.41,-1,190118,1640066.75
APSW,2025-06-22,8.34,8.34,7.56,8.34,4.91,0.39,-1,213177,1704670.25
APSW,2025-06-19,8.43,8.43,7.92,7.95,-2.92,-0.24,-1,143673,1150932
APSW,2025-06-18,8.65,8.65,8.21,8.22,-4.98,-0.43,-1,256095,2117790.75
APSW,2025-06-17,9.2,9.2,8.56,8.64,-4.22,-0.38,-1,134801,1171552.88
APSW,2025-06-16,9.39,9.39,8.97,9.01,-3.33,-0.31,-1,264783,2418675.75
APSW,2025-06-15,9.5,9.5,9.32,9.32,-4.99,-0.49,-1,243398,2269285.5
APSW,2025-06-12,10.16,10.16,9.74,9.81,-3.64,-0.37,-1,198248,1955521.25
APSW,2025-06-11,10.35,10.35,10.08,10.16,0.4,0.04,-1,224510,2274336.75
APSW,2025-06-10,10.36,10.36,10.08,10.12,-2.22,-0.23,-1,151302,1537451.38
APSW,2025-06-04,10.46,10.46,10.04,10.35,1.87,0.19,-1,238586,2453508.25
APSW,2025-06-03,10.29,10.29,9.75,10.16,1.5,0.15,-1,222994,2248539.25
APSW,2025-06-02,10.32,10.32,9.6,10.03,0.5,0.05,-1,212250,2109100.5
APSW,2025-06-01,10.52,10.52,10,10.01,-4.85,-0.51,-1,418362,4237425
APSW,2025-05-29,10.95,10.95,10.32,10.52,0.38,0.04,-1,311797,3315744.5
APSW,2025-05-28,10.54,10.54,9.96,10.48,4.98,0.5,-1,383372,3991840
APSW,2025-05-27,10.34,10.34,9.83,10.04,1.61,0.16,-1,376356,3793211.5
APSW,2025-05-26,10.45,10.45,9.9,9.94,-3.75,-0.39,-1,376688,3809815.25
APSW,2025-05-25,10.86,10.86,10.19,10.39,-2.72,-0.29,-1,394495,4090496.25
APSW,2025-05-22,10.68,10.68,10.18,10.68,4.91,0.5,-1,503904,5316518.5
APSW,2025-05-21,10.18,10.18,9.27,10.18,4.95,0.48,-1,457594,4532895.5
APSW,2025-05-20,10.17,10.17,9.67,9.7,-3.48,-0.35,-1,286585,2812745.25
APSW,2025-05-19,10.37,10.37,9.7,10.05,1.01,0.1,-1,403789,4050103
APSW,2025-05-18,9.95,9.95,9.03,9.95,4.96,0.47,-1,775297,7585489.5
APSW,2025-05-15,9.68,9.68,9.25,9.48,-1.86,-0.18,-1,314177,2974386.5
APSW,2025-05-14,9.68,9.68,8.92,9.68,4.99,0.46,-1,337355,3170343.75
APSW,2025-05-13,9.22,9.22,9,9.22,4.89,0.43,-1,1003431,9250935
APSW,2025-05-12,8.79,8.79,8.25,8.79,4.89,0.41,-1,350226,3069526.25
APSW,2025-05-11,8.65,8.65,8.21,8.38,-0.58,-0.05,-1,126527,1065323.63
APSW,2025-05-08,8.7,8.7,8.31,8.61,-1.74,-0.15,-1,34889,296961.31
APSW,2025-05-07,8.71,8.71,8.31,8.61,3.73,0.31,-1,172935,1496666.38
APSW,2025-05-06,8.82,8.82,8.3,8.3,-4.93,-0.43,-1,147742,1248355.38
APSW,2025-05-05,8.87,8.87,8.54,8.73,0.68,0.06,-1,116670,1018645.5
APSW,2025-05-04,8.83,8.83,8.5,8.76,1.96,0.17,-1,117705,1022304.56
APSW,2025-04-30,8.73,8.73,8.3,8.66,-0.8,-0.07,-1,215552,1831544.75
APSW,2025-04-29,8.78,8.78,8.15,8.73,3.31,0.28,-1,104555,896076.5
APSW,2025-04-28,8.45,8.45,8.01,8.45,4.97,0.4,-1,318599,2652143.25
APSW,2025-04-27,8.15,8.15,8.03,8.05,0,0,-1,30449,245711.02
APSW,2025-04-23,8.15,8.15,8.04,8.05,-0.25,-0.02,-1,46125,371408.97
APSW,2025-04-22,8.1,8.1,8.01,8.07,0.37,0.03,-1,41154,331962.78
APSW,2025-04-17,8.19,8.19,8,8.06,-1.83,-0.15,-1,63711,512879.72
APSW,2025-04-16,8.2,8.2,7.94,8.18,1.88,0.15,-1,180798,1467343.13
APSW,2025-04-15,8.13,8.13,7.94,7.97,0,0,-1,62031,495132.53
APSW,2025-04-14,8.14,8.14,7.95,8.1,2.14,0.17,-1,94584,763703.75
APSW,2025-04-13,8,8,7.93,7.95,0.38,0.03,-1,88494,704388.31
APSW,2025-04-10,8.1,8.1,7.95,7.97,0.25,0.02,-1,56114,447725.94
APSW,2025-04-09,8.15,8.15,7.96,8,-0.62,-0.05,-1,85073,680998.19
APSW,2025-04-08,8.08,8.08,7.97,8.01,0.75,0.06,-1,17873,143476.88
APSW,2025-04-07,8.05,8.05,7.83,8.01,1.01,0.08,-1,91600,731053.75
APSW,2025-04-06,8.08,8.08,7.9,7.96,-2.47,-0.2,-1,136883,1094015
APSW,2025-04-03,8.24,8.24,8.05,8.1,0.25,0.02,-1,22447,182208.55
APSW,2025-03-27,8.26,8.26,8.01,8.1,-0.12,-0.01,-1,61480,497003.19
APSW,2025-03-26,8.3,8.3,8.07,8.09,-1.82,-0.15,-1,45909,371401.09
APSW,2025-03-25,8.28,8.28,8.09,8.22,1.23,0.1,-1,46191,378799.97
APSW,2025-03-24,8.3,8.3,8.09,8.15,-0.85,-0.07,-1,51121,418304.97
APSW,2025-03-23,8.3,8.3,8.05,8.2,0.74,0.06,-1,47334,388843.13
APSW,2025-03-20,8.3,8.3,8.01,8.08,-2.3,-0.19,-1,75343,612299.63
APSW,2025-03-19,8.34,8.34,8.2,8.27,-1.44,-0.12,-1,117577,973561.81
APSW,2025-03-18,8.32,8.32,8.2,8.32,-1.2,-0.1,-1,26879,220873.41
APSW,2025-03-17,8.38,8.38,8.15,8.32,0.12,0.01,-1,30590,251092.47
APSW,2025-03-16,8.38,8.38,8.2,8.32,-1.2,-0.1,-1,98104,815093.69
APSW,2025-03-13,8.4,8.4,8.09,8.32,1.21,0.1,-1,70595,584529.06
APSW,2025-03-12,8.28,8.28,8.08,8.29,-1.45,-0.12,-1,25563,207962.13
APSW,2025-03-11,8.36,8.36,8.08,8.29,-1.09,-0.09,-1,30662,253350.31
APSW,2025-03-10,8.36,8.36,8.14,8.29,2.09,0.17,-1,147226,1218834.25
APSW,2025-03-09,8.18,8.18,8.05,8.12,1.24,0.1,-1,101492,824333.63
APSW,2025-03-06,8.15,8.15,7.88,8.05,2.79,0.22,-1,214462,1733192.88
APSW,2025-03-05,8,8,7.8,7.88,1.27,0.1,-1,93080,732220.63
APSW,2025-03-04,8,8,7.82,7.88,-0.13,-0.01,-1,27957,220379.2
APSW,2025-03-03,8.11,8.11,7.85,7.88,-1.13,-0.09,-1,79847,631367.19
APSW,2025-03-02,8.2,8.2,7.9,7.99,-0.5,-0.04,-1,30593,243407.64
APSW,2025-02-27,8.2,8.2,7.95,7.99,1.25,0.1,-1,111074,888429.94
APSW,2025-02-26,8.23,8.23,7.91,8.01,-1.35,-0.11,-1,92494,742739.63
APSW,2025-02-25,8.25,8.25,7.93,8.12,2.26,0.18,-1,57831,468028.66
APSW,2025-02-24,8.16,8.16,7.9,7.97,0.38,0.03,-1,217754,1753555.38
APSW,2025-02-23,8.14,8.14,7.94,7.97,-0.49,-0.04,-1,47663,380211.78
APSW,2025-02-20,8.25,8.25,7.9,8.12,2.78,0.22,-1,116264,936119.89
APSW,2025-02-19,8.2,8.2,7.89,7.9,-4.82,-0.4,-1,476083,3777074.5
APSW,2025-02-18,8.57,8.57,8.3,8.3,-4.93,-0.43,-1,261099,2178846.5
APSW,2025-02-17,8.75,8.75,8.36,8.73,4.17,0.35,-1,85790,738496.25
APSW,2025-02-16,8.75,8.75,8.35,8.4,1.99,0.17,-1,160056,1358208.38
APSW,2025-02-13,8.78,8.78,8.45,8.54,1.29,0.11,-1,32149,273451.81
APSW,2025-02-12,8.79,8.79,8.09,8.54,0.95,0.08,-1,117689,1004156.5
APSW,2025-02-11,8.7,8.7,8.3,8.43,-3.68,-0.32,-1,94129,801629.44
APSW,2025-02-10,8.78,8.78,8.6,8.7,0.8,0.07,-1,64148,557720.44
APSW,2025-02-09,8.79,8.79,8.6,8.71,0.23,0.02,-1,59790,521780.47
APSW,2025-02-06,8.99,8.99,8.25,8.76,1.61,0.14,-1,111907,967661.63
APSW,2025-02-05,8.99,8.99,8.6,8.67,-1.34,-0.12,-1,235967,2061525.88
APSW,2025-02-04,9.08,9.08,8.91,8.97,-1,-0.09,-1,48818,438045.75
APSW,2025-02-03,9.09,9.09,8.5,9.04,4.85,0.42,-1,299856,2684877.5
APSW,2025-02-02,8.9,8.9,8.5,8.66,-0.34,-0.03,-1,104258,911075.13
APSW,2025-01-30,9,9,8.7,8.8,-2.11,-0.19,-1,137949,1219663.63
APSW,2025-01-29,9.06,9.06,8.82,8.99,-0.78,-0.07,-1,106985,955052.63
APSW,2025-01-28,9.17,9.17,8.8,8.97,0.9,0.08,-1,175635,1568604.3
APSW,2025-01-27,9.2,9.2,8.85,8.89,-3.8,-0.35,-1,77063,690912.13
APSW,2025-01-26,9.29,9.29,8.86,9.2,4.18,0.37,-1,260683,2396713.75
APSW,2025-01-23,9.04,9.04,8.74,8.85,-0.78,-0.07,-1,92394,822060.44
APSW,2025-01-22,9.08,9.08,8.87,8.92,-1.22,-0.11,-1,161109,1443480.88
APSW,2025-01-21,9.21,9.21,8.87,9.01,-0.55,-0.05,-1,108693,981552.38
APSW,2025-01-20,9.37,9.37,9,9.06,0,0,-1,295604,2692375.75
APSW,2025-01-19,9.78,9.78,9.04,9.06,-4.73,-0.45,-1,539473,4999367
APSW,2025-01-16,10.05,10.05,9.46,9.51,-4.33,-0.43,-1,403858,3905992.75
APSW,2025-01-15,10.27,10.27,9.78,9.94,2.55,0.25,-1,876107,8944001
APSW,2025-01-14,9.79,9.79,8.94,9.79,4.93,0.46,-1,452511,4303887
APSW,2025-01-13,10.24,10.24,9.3,9.33,-4.6,-0.45,-1,709671,6909702.5
APSW,2025-01-12,9.79,9.79,8.94,9.78,4.82,0.45,-1,803784,7857503
APSW,2025-01-09,9.33,9.33,9.33,9.33,4.95,0.44,-1,60957,568728.81
APSW,2025-01-08,8.89,8.89,8.6,8.89,4.96,0.42,-1,274887,2431188.5
APSW,2025-01-06,8.69,8.69,8.33,8.47,3.48,0.29,-1,132285,1120932.38
APSW,2025-01-05,8.6,8.6,8.24,8.34,0.83,0.07,-1,84830,709838.5
APSW,2025-01-02,8.52,8.52,8.23,8.39,0,0,-1,132049,1100462.75
APSW,2024-12-31,8.8,8.8,8.3,8.4,-1.64,-0.14,-1,189939,1610167.63
APSW,2024-12-30,8.54,8.54,8.08,8.54,4.91,0.4,-1,376689,3212236.25
APSW,2024-12-29,8.14,8.14,7.75,8.14,4.9,0.38,-1,269595,2177764.5
APSW,2024-12-26,7.95,7.95,7.62,7.76,-0.25,-0.02,-1,60475,469385.25
APSW,2024-12-25,8,8,7.8,7.94,1.66,0.13,-1,48458,384136.63
APSW,2024-12-24,7.95,7.95,7.57,7.82,0.38,0.03,-1,54563,425340.63
APSW,2024-12-23,8.08,8.08,7.86,7.88,-2.36,-0.19,-1,104382,825142.5
APSW,2024-12-22,8.35,8.35,8,8.05,-1.11,-0.09,-1,60537,487770.94
APSW,2024-12-19,8.1,8.1,7.4,8.1,4.92,0.38,-1,219000,1731965.75
APSW,2024-12-18,8.06,8.06,7.7,7.72,-1.63,-0.13,-1,211948,1658694.63
APSW,2024-12-17,8.14,8.14,7.95,7.99,-0.12,-0.01,-1,64117,513361.19
APSW,2024-12-16,8.19,8.19,8.05,8.1,-0.12,-0.01,-1,80524,653487.94
APSW,2024-12-15,8.29,8.29,8.03,8.07,-1.59,-0.13,-1,95963,778437.44
APSW,2024-12-12,8.29,8.29,8.15,8.19,0,0,-1,48641,398837.03
APSW,2024-12-11,8.27,8.27,8.15,8.2,-0.37,-0.03,-1,43677,358098.28
APSW,2024-12-10,8.35,8.35,8.12,8.2,0.24,0.02,-1,43245,354875.91
APSW,2024-12-09,8.31,8.31,8.14,8.17,-2.04,-0.17,-1,115435,945499.94
APSW,2024-12-08,8.4,8.4,8.15,8.34,1.96,0.16,-1,109610,909933.94
APSW,2024-12-05,8.39,8.39,8.1,8.18,0.36,0.03,-1,102218,837336.81
APSW,2024-12-04,8.5,8.5,7.92,8.27,-0.48,-0.04,-1,232606,1910123
APSW,2024-12-03,8.59,8.59,8.3,8.31,0.12,0.01,-1,85274,716760.38
APSW,2024-12-02,8.57,8.57,8.1,8.3,1.59,0.13,-1,131329,1103156.5
APSW,2024-12-01,8.55,8.55,8,8.17,-0.85,-0.07,-1,216327,1796717.25
APSW,2024-11-28,8.46,8.46,7.9,8.24,-0.36,-0.03,-1,100506,819446
APSW,2024-11-27,8.57,8.57,8.2,8.27,-3.07,-0.26,-1,268218,2235092
APSW,2024-11-26,8.68,8.68,8.33,8.46,-1.05,-0.09,-1,165837,1403414.25
APSW,2024-11-25,8.74,8.74,8.5,8.55,-2.19,-0.19,-1,248766,2132238.25
APSW,2024-11-24,8.95,8.95,8.55,8.69,0.8,0.07,-1,83432,727734.63
APSW,2024-11-21,8.74,8.74,8.17,8.74,4.92,0.41,-1,407761,3525481.25
APSW,2024-11-20,8.47,8.47,8.02,8.33,0,0,-1,105289,866069.13
APSW,2024-11-19,8.78,8.78,8.37,8.38,-4.99,-0.44,-1,300510,2539949.5
APSW,2024-11-18,9.1,9.1,8.52,8.81,2.06,0.18,-1,272308,2414907.5
APSW,2024-11-17,8.74,8.74,8.6,8.74,4.92,0.41,-1,257677,2249058.5
APSW,2024-11-14,8.33,8.33,7.85,8.33,4.91,0.39,-1,419344,3451379.25
APSW,2024-11-13,8.1,8.1,7.72,7.94,2.4,0.19,-1,236262,1865830.63
APSW,2024-11-12,8.14,8.14,7.85,7.91,-2.47,-0.2,-1,103007,819736.75
APSW,2024-11-11,8.18,8.18,7.68,8.11,4.36,0.34,-1,263993,2104656
APSW,2024-11-10,7.95,7.95,7.76,7.8,-1.39,-0.11,-1,230132,1798392.25
APSW,2024-11-07,7.98,7.98,7.81,7.91,0.51,0.04,-1,85248,674322.44
APSW,2024-11-06,7.99,7.99,7.8,7.87,0.25,0.02,-1,59216,466635.84
APSW,2024-11-05,8.1,8.1,7.86,7.91,-1.37,-0.11,-1,311521,2466238.25
APSW,2024-11-04,8.25,8.25,8,8.01,-0.12,-0.01,-1,184161,1488848.25
APSW,2024-11-03,8.13,8.13,7.95,8.02,0.25,0.02,-1,203289,1636169
APSW,2024-10-31,8.13,8.13,7.95,8,0,0,-1,129498,1036843.63
APSW,2024-10-30,8.2,8.2,7.9,8,-1.6,-0.13,-1,225682,1817161.88
APSW,2024-10-29,8.56,8.56,8.01,8.13,-2.66,-0.22,-1,225886,1859141.13
APSW,2024-10-28,8.76,8.76,8.23,8.28,-3.83,-0.33,-1,293574,2461825.25
APSW,2024-10-27,8.62,8.62,8.2,8.61,4.99,0.41,-1,242471,2051908.25
APSW,2024-10-24,8.37,8.37,7.9,8.21,4.14,0.33,-1,310269,2543779
APSW,2024-10-23,8.15,8.15,7.95,7.98,-0.86,-0.07,-1,78289,626048.13
APSW,2024-10-22,8.21,8.21,7.95,8.1,2,0.16,-1,129765,1047303.31
APSW,2024-10-21,8.1,8.1,7.85,8.01,1,0.08,-1,68082,545474.44
APSW,2024-10-20,8.27,8.27,7.87,8.01,-1.84,-0.15,-1,167569,1354643.25
APSW,2024-10-17,8.2,8.2,7.63,8.16,3.54,0.28,-1,165840,1317905.38
APSW,2024-10-16,8.2,8.2,7.81,7.92,-0.61,-0.05,-1,283269,2274168.5
APSW,2024-10-15,8.27,8.27,7.97,8.2,2.86,0.23,-1,95936,779201.56
APSW,2024-10-14,8.33,8.33,7.68,8.04,-0.5,-0.04,-1,77776,624056
APSW,2024-10-13,8.09,8.09,7.8,8.08,4.93,0.38,-1,133445,1074072.88
APSW,2024-10-10,8.2,8.2,7.67,7.71,-3.84,-0.31,-1,190516,1482246.38
APSW,2024-10-09,8.47,8.47,8,8.07,-1.92,-0.16,-1,160293,1306041.25
APSW,2024-10-08,8.57,8.57,8.11,8.33,-0.72,-0.06,-1,125371,1036303
APSW,2024-10-07,8.6,8.6,8.31,8.39,-2.56,-0.22,-1,180561,1524788.13
APSW,2024-10-03,8.83,8.83,8.26,8.61,0.23,0.02,-1,123775,1059539.88
APSW,2024-10-02,9.02,9.02,8.57,8.59,-4.77,-0.43,-1,183293,1595801.25
APSW,2024-10-01,9.27,9.27,8.86,9.02,0.89,0.08,-1,344606,3141813.25
APSW,2024-09-30,9.19,9.19,8.73,8.94,-0.45,-0.04,-1,175423,1560523.75
APSW,2024-09-29,9.32,9.32,8.91,8.98,-2.08,-0.19,-1,264510,2380719.75
APSW,2024-09-26,9.63,9.63,9.1,9.14,-2.77,-0.26,-1,125125,1153282.38
APSW,2024-09-25,9.41,9.41,9.13,9.4,0,0,-1,73964,689856.81
APSW,2024-09-24,9.48,9.48,9.02,9.4,4.1,0.37,-1,220723,2079911.5
APSW,2024-09-23,9.45,9.45,9.02,9.03,-4.75,-0.45,-1,238657,2174845.25
APSW,2024-09-22,9.58,9.58,9.21,9.47,-2.27,-0.22,-1,189845,1780299.25
APSW,2024-09-19,9.75,9.75,9.45,9.69,4.63,0.43,-1,523178,5091076
APSW,2024-09-18,9.29,9.29,8.8,9.29,4.97,0.44,-1,176749,1637850.63
APSW,2024-09-17,9.1,9.1,8.81,8.85,-2.76,-0.25,-1,112494,999866.31
APSW,2024-09-16,9.3,9.3,9,9.06,-0.44,-0.04,-1,169547,1543791.63
APSW,2024-09-12,9.33,9.33,9.06,9.08,-0.55,-0.05,-1,98470,896006.81
APSW,2024-09-11,9.35,9.35,8.9,9.13,-0.54,-0.05,-1,127654,1156464.13
APSW,2024-09-10,9.33,9.33,9.02,9.18,-0.77,-0.07,-1,79996,729430.31
APSW,2024-09-09,9.3,9.3,9.11,9.15,-1.08,-0.1,-1,104358,958655.75
APSW,2024-09-08,9.77,9.77,9.11,9.25,-0.86,-0.08,-1,171888,1619030.38
APSW,2024-09-05,9.4,9.4,9.01,9.33,2.3,0.21,-1,224407,2072592
APSW,2024-09-04,9.37,9.37,8.9,9.12,0.33,0.03,-1,129679,1184364
APSW,2024-09-03,9.64,9.64,8.96,9.09,-2.78,-0.26,-1,176680,1628375.13
APSW,2024-09-02,9.58,9.58,8.96,9.34,-0.53,-0.05,-1,354992,3280621
APSW,2024-09-01,9.89,9.89,9.39,9.39,-4.96,-0.49,-1,593565,5605893.5
APSW,2024-08-29,10.24,10.24,9.84,9.88,-0.5,-0.05,-1,326647,3281774.6
APSW,2024-08-28,10.08,10.08,9.52,9.93,4.17,0.4,-1,466027,4622008.5
APSW,2024-08-27,9.98,9.98,9.5,9.6,-2.04,-0.2,-1,391120,3771858.75
APSW,2024-08-26,10.15,10.15,9.35,9.8,0.2,0.02,-1,566676,5551628
APSW,2024-08-25,10.48,10.48,9.78,9.78,-4.96,-0.51,-1,620980,6173175.5
APSW,2024-08-22,10.71,10.71,9.84,10.29,0.88,0.09,-1,751657,7842137
APSW,2024-08-21,10.2,10.2,9.88,10.2,4.94,0.48,-1,1648833,16721463
APSW,2024-08-20,9.72,9.72,9.4,9.72,4.97,0.46,-1,330250,3209486
APSW,2024-08-19,9.26,9.26,9,9.26,4.99,0.44,-1,419479,3876000
APSW,2024-08-18,8.82,8.82,8.51,8.82,5,0.42,-1,267642,2354052
APSW,2024-08-15,8.98,8.98,8.34,8.4,-3.78,-0.33,-1,291416,2467211.5
APSW,2024-08-14,9.26,9.26,8.64,8.73,-2.8,-0.25,-1,247915,2215697.5
APSW,2024-08-13,9.26,9.26,8.81,8.92,-1.65,-0.15,-1,240887,2171760.5
APSW,2024-08-12,9.44,9.44,9.02,9.07,-1.62,-0.15,-1,279058,2556387.75
APSW,2024-08-11,9.35,9.35,8.9,9.26,2.43,0.22,-1,247500,2275799.75
APSW,2024-08-08,9.6,9.6,9.04,9.04,-4.94,-0.47,-1,744913,6780916.5
APSW,2024-08-07,10.19,10.19,9.3,9.51,-2.06,-0.2,-1,573753,5561684
APSW,2024-08-06,9.71,9.71,8.95,9.71,4.97,0.46,-1,757402,7162133
APSW,2024-08-05,9.51,9.51,8.61,9.25,2.1,0.19,-1,1205288,11066533
APSW,2024-08-04,9.58,9.58,9.06,9.06,-4.93,-0.47,-1,761951,6927322
APSW,2024-08-01,10.25,10.25,9.49,9.53,-3.81,-0.38,-1,663048,6427345
APSW,2024-07-31,9.98,9.98,9.05,9.98,4.94,0.47,-1,1519584,14901121
APSW,2024-07-30,9.51,9.51,8.85,9.51,4.97,0.45,-1,1196935,11110820
APSW,2024-07-29,9.06,9.06,9.06,9.06,-4.93,-0.47,-1,78979,715549.75
APSW,2024-07-28,9.9,9.9,9.53,9.53,-4.99,-0.5,-1,395966,3793550.75
APSW,2024-07-24,11.07,11.07,10.03,10.03,-4.93,-0.52,-1,2687649,28215908
APSW,2024-07-23,10.55,10.55,10.55,10.55,4.98,0.5,-1,354078,3735523
APSW,2024-07-22,10.05,10.05,10,10.05,4.91,0.47,-1,968104,9728484
APSW,2024-07-21,9.58,9.58,9.17,9.58,4.93,0.45,-1,824661,7890430.5
APSW,2024-07-18,9.13,9.13,8.75,9.13,4.94,0.43,-1,1433366,13064837
APSW,2024-07-17,8.7,8.7,8.3,8.7,4.95,0.41,-1,760117,6611500.5
APSW,2024-07-16,8.29,8.29,7.51,8.29,4.94,0.39,-1,1005164,8026352
APSW,2024-07-15,8.6,8.6,7.87,7.9,-3.66,-0.3,-1,1876232,15526269
APSW,2024-07-14,8.2,8.2,8.19,8.2,4.99,0.39,-1,417611,3424394.25
APSW,2024-07-10,7.81,7.81,7.07,7.81,4.97,0.37,-1,2869805,21927632
APSW,2024-07-09,7.44,7.44,7.44,7.44,4.94,0.35,-1,78765,586011.63
APSW,2024-07-08,7.09,7.09,7.09,7.09,4.88,0.33,-1,204824,1452202.13
APSW,2024-07-07,6.76,6.76,6.76,6.76,4.97,0.32,-1,364477,2463864.5
APSW,2024-07-04,6.44,6.44,6.01,6.44,4.89,0.3,-1,577977,3681139
APSW,2024-07-03,6.14,6.14,6,6.14,4.96,0.29,-1,479108,2941542
APSW,2024-07-02,5.85,5.85,5.63,5.85,4.84,0.27,-1,418957,2450357
APSW,2024-07-01,5.58,5.58,5.21,5.58,4.89,0.26,-1,189393,1049775
APSW,2024-06-27,5.32,5.32,5.07,5.32,4.93,0.25,-1,221292,1173358
APSW,2024-06-26,5.07,5.07,4.71,5.07,4.97,0.24,-1,175688,882036
APSW,2024-06-25,4.83,4.83,4.73,4.83,0,0,-1,24991,119548.96
APSW,2024-06-24,4.83,4.83,4.7,4.83,-1.66,-0.08,-1,4473,21401.2
APSW,2024-06-23,4.89,4.89,4.65,4.83,0.41,0.02,-1,59376,282411.78
APSW,2024-06-13,4.82,4.82,4.61,4.83,-0.62,-0.03,-1,47281,221004.38
APSW,2024-06-12,4.78,4.78,4.63,4.83,-3.73,-0.18,-1,15996,75093.05
APSW,2024-06-11,4.89,4.89,4.63,4.83,-4.14,-0.2,-1,40186,187767.75
APSW,2024-06-10,4.88,4.88,4.61,4.83,3.84,0.18,-1,71524,345503.38
APSW,2024-06-09,4.87,4.87,4.44,4.69,4.28,0.2,-1,121925,561451.88
APSW,2024-06-06,4.68,4.68,4.44,4.67,-3.64,-0.17,-1,18523,83249.16
APSW,2024-06-05,4.65,4.65,4.48,4.67,-0.43,-0.02,-1,31348,142049.95
APSW,2024-06-04,4.73,4.73,4.57,4.67,-1.5,-0.07,-1,23670,109769
APSW,2024-06-03,4.84,4.84,4.52,4.67,-2.78,-0.13,-1,26716,123238.42
APSW,2024-06-02,4.84,4.84,4.7,4.67,0.64,0.03,-1,20946,98977.36
APSW,2024-05-30,4.9,4.9,4.63,4.67,-3.7,-0.18,-1,124441,586400.44
APSW,2024-05-29,4.97,4.97,4.8,4.87,-2.83,-0.14,-1,66631,324873.66
APSW,2024-05-28,4.94,4.94,4.81,4.94,0,0,-1,14353,69255.03
APSW,2024-05-27,5,5,4.86,4.94,-1.21,-0.06,-1,32298,158172.53
APSW,2024-05-26,5.02,5.02,4.85,4.94,2.46,0.12,-1,116859,575774.75
APSW,2024-05-23,4.99,4.99,4.86,4.88,1.43,0.07,-1,37294,182398.91
APSW,2024-05-22,5.02,5.02,4.82,4.88,0.61,0.03,-1,40414,198130.67
APSW,2024-05-21,5,5,4.85,4.88,-2.61,-0.13,-1,77326,377137.63
APSW,2024-05-20,5.05,5.05,4.82,4.98,-1.2,-0.06,-1,8785,42951.83
APSW,2024-05-19,5.05,5.05,4.77,4.98,4.55,0.22,-1,73561,365766.5
APSW,2024-05-16,4.91,4.91,4.7,4.83,1.45,0.07,-1,31479,151724.91
APSW,2024-05-15,4.9,4.9,4.65,4.83,1.45,0.07,-1,15028,71644.74
APSW,2024-05-14,4.95,4.95,4.61,4.83,1.24,0.06,-1,21677,104897.37
APSW,2024-05-13,5.05,5.05,4.75,4.83,-3.4,-0.17,-1,113196,543900.88
APSW,2024-05-12,4.95,4.95,4.82,5,-3.6,-0.18,-1,36372,177957.59
APSW,2024-05-09,5,5,4.92,5,0,0,-1,18692,93151
APSW,2024-05-08,5.07,5.07,4.93,5,1.01,0.05,-1,99435,496490.97
APSW,2024-05-07,5.09,5.09,4.87,4.95,1.62,0.08,-1,33822,167184.98
APSW,2024-05-02,5.09,5.09,4.95,4.95,2.83,0.14,-1,48656,243820.94
APSW,2024-05-01,5.06,5.06,4.88,4.95,-3.32,-0.17,-1,62806,310600.63
APSW,2024-04-30,5.21,5.21,4.84,5.12,-1.59,-0.08,-1,92349,470930.44
APSW,2024-04-29,5.15,5.15,4.98,5.04,-4.39,-0.23,-1,215363,1077835.75
APSW,2024-04-28,5.33,5.33,5.11,5.24,-1.52,-0.08,-1,111620,584919.25
APSW,2024-04-24,5.3,5.3,4.9,5.28,4.55,0.23,-1,285636,1465609.75
APSW,2024-04-23,5.07,5.07,4.85,5.05,4.97,0.24,-1,134554,673929.31
APSW,2024-04-22,5.04,5.04,4.8,4.83,1.45,0.07,-1,44272,219338.56
APSW,2024-04-21,5.06,5.06,4.95,4.83,3.52,0.17,-1,41732,209262.86
APSW,2024-04-18,5.2,5.2,4.83,4.83,-4.92,-0.25,-1,248759,1235445
APSW,2024-04-17,5.17,5.17,5.07,5.08,0.39,0.02,-1,54757,280287.97
APSW,2024-04-16,5.17,5.17,5.05,5.08,0.59,0.03,-1,112619,575366.94
APSW,2024-04-15,5.18,5.18,5.05,5.05,0.79,0.04,-1,49577,254704.55
APSW,2024-04-08,5.15,5.15,5,5.05,2.18,0.11,-1,95605,482073
APSW,2024-04-07,5.1,5.1,4.97,5.04,1.39,0.07,-1,74883,376663.56
APSW,2024-04-04,5.22,5.22,4.98,5.02,-2.49,-0.13,-1,145172,739131.94
APSW,2024-04-03,5.28,5.28,5.12,5.23,-2.1,-0.11,-1,42492,218582.3
APSW,2024-04-02,5.35,5.35,5.14,5.23,0.96,0.05,-1,53692,277815.88
APSW,2024-04-01,5.4,5.4,5.14,5.23,-1.49,-0.08,-1,78690,411091.91
APSW,2024-03-31,5.69,5.69,5.3,5.38,-1.8,-0.1,-1,200670,1099824.63
APSW,2024-03-28,5.57,5.57,5.09,5.57,4.9,0.26,-1,419312,2328160.75
APSW,2024-03-27,5.31,5.31,5.31,5.31,4.94,0.25,-1,175570,932276.69
APSW,2024-03-26,5.06,5.06,5.06,5.06,4.98,0.24,-1,141467,715823
APSW,2024-03-25,4.82,4.82,4.7,4.82,0,0,-1,14298,67994.06
APSW,2024-03-24,4.9,4.9,4.76,4.82,1.24,0.06,-1,20237,97484.86
APSW,2024-03-21,4.97,4.97,4.62,4.82,0.62,0.03,-1,45106,214971.19
APSW,2024-03-20,4.99,4.99,4.8,4.82,-4.76,-0.24,-1,71008,342828.16
APSW,2024-03-19,5.15,5.15,4.79,5.04,-4.76,-0.24,-1,51050,246593.94
APSW,2024-03-18,4.97,4.97,4.79,5.04,-4.96,-0.25,-1,47407,233942.38
APSW,2024-03-17,5.3,5.3,5,5.04,-1.96,-0.1,-1,109884,562563.88
APSW,2024-03-14,5.06,5.06,4.85,5.1,-1.76,-0.09,-1,45207,223785.64
APSW,2024-03-13,5.11,5.11,4.87,5.1,-0.2,-0.01,-1,43088,216116.06
APSW,2024-03-12,5.35,5.35,5.09,5.1,-1.87,-0.1,-1,110836,569151.06
APSW,2024-03-11,5.35,5.35,5.2,5.35,0,0,-1,18231,95013.39
APSW,2024-03-10,5.43,5.43,5.15,5.35,-1.87,-0.1,-1,55646,294372.03
APSW,2024-03-07,5.39,5.39,5.16,5.35,-3.55,-0.19,-1,39981,207301.7
APSW,2024-03-06,5.46,5.46,5.16,5.35,-1.9,-0.1,-1,92804,495359
APSW,2024-03-05,5.5,5.5,5.2,5.27,2.09,0.11,-1,48750,264668.78
APSW,2024-03-04,5.43,5.43,5.11,5.27,-3.17,-0.17,-1,196836,1031220.75
APSW,2024-03-03,5.3,5.3,5.11,5.37,-4.84,-0.26,-1,35471,182564.55
APSW,2024-02-29,5.25,5.25,5.11,5.37,-2.23,-0.12,-1,21064,109029.54
APSW,2024-02-28,5.4,5.4,5.17,5.37,-3.54,-0.19,-1,47434,250694.52
APSW,2024-02-27,5.49,5.49,5.3,5.37,-3.46,-0.19,-1,121012,649402.31
APSW,2024-02-26,5.65,5.65,5.35,5.49,0.92,0.05,-1,61441,336808.81
APSW,2024-02-25,5.6,5.6,5.34,5.44,-3.2,-0.18,-1,145923,790884.13
APSW,2024-02-22,5.79,5.79,5.51,5.62,-2.47,-0.14,-1,66521,374316.19
APSW,2024-02-21,5.68,5.68,5.42,5.67,4.81,0.26,-1,198828,1117841
APSW,2024-02-20,5.51,5.51,5.41,5.41,0.55,0.03,-1,27085,147000.16
APSW,2024-02-19,5.55,5.55,5.4,5.41,-0.55,-0.03,-1,70742,383751.31
APSW,2024-02-18,5.55,5.55,5.35,5.43,1.46,0.08,-1,70250,381834.84
APSW,2024-02-15,5.55,5.55,5.37,5.47,1.67,0.09,-1,62797,343531.31
APSW,2024-02-14,5.45,5.45,5.31,5.39,0.93,0.05,-1,39064,211085.72
APSW,2024-02-13,5.42,5.42,5.25,5.39,-1.3,-0.07,-1,24368,130013.47
APSW,2024-02-12,5.44,5.44,5.25,5.39,0.19,0.01,-1,37900,200691.06
APSW,2024-02-11,5.44,5.44,5.24,5.39,0,0,-1,46647,248433.8
APSW,2024-02-08,5.44,5.44,5.3,5.39,-1.67,-0.09,-1,35792,191385.81
APSW,2024-02-07,5.48,5.48,5.3,5.39,-2.39,-0.13,-1,55810,300609.38
APSW,2024-02-06,5.53,5.53,5.42,5.45,0,0,-1,68064,371222.13
APSW,2024-02-05,5.55,5.55,5.28,5.43,-1.46,-0.08,-1,66870,362360.25
APSW,2024-02-04,5.62,5.62,5.3,5.48,3.14,0.17,-1,55246,302870.13
APSW,2024-02-01,5.63,5.63,5.27,5.42,-1.08,-0.06,-1,109613,587609.31
APSW,2024-01-31,5.9,5.9,5.54,5.54,-4.97,-0.29,-1,187891,1061803.88
APSW,2024-01-30,5.9,5.9,5.6,5.83,2.64,0.15,-1,146870,848635.38
APSW,2024-01-29,5.9,5.9,5.63,5.68,-3.72,-0.22,-1,369837,2114255.5
APSW,2024-01-28,6,6,5.7,5.92,1.91,0.11,-1,244159,1434686.38
APSW,2024-01-24,5.9,5.9,5.68,5.75,-0.52,-0.03,-1,215347,1244631.5
APSW,2024-01-23,5.8,5.8,5.72,5.73,-0.69,-0.04,-1,147413,847173.38
APSW,2024-01-22,5.84,5.84,5.71,5.77,0.35,0.02,-1,126986,731721
APSW,2024-01-21,5.9,5.9,5.68,5.72,-1.89,-0.11,-1,374433,2153132.75
APSW,2024-01-18,5.95,5.95,5.7,5.83,1.2,0.07,-1,158428,924455.25
APSW,2024-01-17,6.2,6.2,5.79,5.82,-4.43,-0.27,-1,490601,2877274
APSW,2024-01-16,6.38,6.38,6.06,6.09,-1.3,-0.08,-1,312224,1929045.13
APSW,2024-01-15,6.55,6.55,6.14,6.17,-3.59,-0.23,-1,295851,1854593.13
APSW,2024-01-14,6.4,6.4,6.13,6.4,4.92,0.3,-1,460164,2937315.75
APSW,2024-01-11,6.1,6.1,5.71,6.1,4.99,0.29,-1,612907,3632269
APSW,2024-01-10,5.9,5.9,5.77,5.81,-1.53,-0.09,-1,137757,802402
APSW,2024-01-09,5.94,5.94,5.78,5.87,0.69,0.04,-1,136430,798478.25
APSW,2024-01-08,5.9,5.9,5.76,5.78,-0.34,-0.02,-1,211382,1232784.5
APSW,2024-01-04,6,6,5.8,5.82,0.34,0.02,-1,212629,1252944.38
APSW,2024-01-03,5.96,5.96,5.75,5.88,0.34,0.02,-1,125687,733205.56
APSW,2024-01-02,5.99,5.99,5.7,5.83,-1.69,-0.1,-1,176549,1022443
APSW,2023-12-31,6.32,6.32,5.89,5.93,-4.2,-0.26,-1,798114,4844460
APSW,2023-12-28,6.19,6.19,5.77,6.19,4.92,0.29,-1,572583,3484253.75
APSW,2023-12-27,5.9,5.9,5.42,5.9,4.98,0.28,-1,443855,2541516.5
APSW,2023-12-26,5.72,5.72,5.29,5.62,2.75,0.15,-1,367160,2070853.5
APSW,2023-12-25,5.69,5.69,5.43,5.45,-2.1,-0.12,-1,348684,1899189.63
APSW,2023-12-24,5.9,5.9,5.64,5.71,-4.89,-0.29,-1,506556,2875492.75
APSW,2023-12-21,6.27,6.27,5.73,5.93,-0.84,-0.05,-1,706620,4326318
APSW,2023-12-20,5.98,5.98,5.89,5.98,4.91,0.28,-1,648474,3876626.75
APSW,2023-12-19,5.7,5.7,5.51,5.7,4.97,0.27,-1,332744,1890438.88
APSW,2023-12-18,5.43,5.43,5.13,5.43,4.83,0.25,-1,566695,3039351.25
APSW,2023-12-17,5.2,5.2,4.95,5.18,4.44,0.22,-1,492151,2547731.25
APSW,2023-12-14,5.06,5.06,4.91,4.96,0,0,-1,78919,391967.56
APSW,2023-12-13,5.09,5.09,4.9,4.98,2.63,0.13,-1,238389,1186222.75
APSW,2023-12-12,4.99,4.99,4.91,4.94,-0.2,-0.01,-1,85521,422673.72
APSW,2023-12-11,5.03,5.03,4.9,4.95,-0.8,-0.04,-1,130785,646262.25
APSW,2023-12-10,5.08,5.08,4.97,5.03,1.63,0.08,-1,112234,564185.75
APSW,2023-12-07,5.02,5.02,4.9,4.92,0,0,-1,149354,739800.25
APSW,2023-12-06,5.1,5.1,4.95,5.02,-0.2,-0.01,-1,239501,1200601.38
APSW,2023-12-05,5.11,5.11,5.03,5.08,0.99,0.05,-1,85772,435576.91
APSW,2023-12-04,5.09,5.09,5.03,5.05,0.2,0.01,-1,160984,814092.5
APSW,2023-12-03,5.13,5.13,5.02,5.04,0.39,0.02,-1,243244,1229150.75
APSW,2023-11-30,5.25,5.25,5.05,5.08,-0.39,-0.02,-1,327291,1676890.63
APSW,2023-11-29,5.19,5.19,5.07,5.1,0,0,-1,277164,1419291
APSW,2023-11-28,5.2,5.2,5.09,5.1,0,0,-1,383619,1966951.38
APSW,2023-11-27,5.2,5.2,5.09,5.1,1.18,0.06,-1,273758,1402651
APSW,2023-11-26,5.29,5.29,5.05,5.08,-3.97,-0.21,-1,288939,1483681.88
APSW,2023-11-23,5.32,5.32,5.04,5.29,4.34,0.22,-1,408852,2138039.25
APSW,2023-11-22,5.11,5.11,5,5.07,1.39,0.07,-1,299818,1512947.75
APSW,2023-11-21,5.15,5.15,4.93,5.03,-1.37,-0.07,-1,94424,476267.03
APSW,2023-11-20,5.16,5.16,4.98,5.12,1.99,0.1,-1,195181,993227.19
APSW,2023-11-19,5.15,5.15,4.91,5.02,0.4,0.02,-1,270479,1361516.38
APSW,2023-11-16,5.1,5.1,5,5.03,-0.4,-0.02,-1,145496,733681.31
APSW,2023-11-15,5.24,5.24,4.9,5.04,-1.17,-0.06,-1,201560,1016270.44
APSW,2023-11-14,5.24,5.24,5.1,5.14,-0.96,-0.05,-1,192173,986981
APSW,2023-11-13,5.3,5.3,4.91,5.19,2.37,0.12,-1,171942,883891.44
APSW,2023-11-12,5.26,5.26,5.07,5.07,-4.88,-0.26,-1,457310,2325359.25
APSW,2023-11-09,5.55,5.55,5.32,5.33,-5,-0.28,-1,499202,2661962.75
APSW,2023-11-08,5.77,5.77,5.4,5.6,-1.42,-0.08,-1,377071,2078351.63
APSW,2023-11-07,5.64,5.64,5.51,5.64,4.83,0.26,-1,739331,4166610.75
APSW,2023-11-06,5.38,5.38,5.38,5.38,4.87,0.25,-1,231208,1243899
APSW,2023-11-05,5.32,5.32,5.07,5.13,1.18,0.06,-1,439120,2304989.5
APSW,2023-11-02,5.07,5.07,4.63,5.07,4.97,0.24,-1,441255,2210185.25
APSW,2023-11-01,5.1,5.1,4.83,4.83,-4.92,-0.25,-1,236592,1157041.38
APSW,2023-10-31,5.39,5.39,5.07,5.08,-4.88,-0.26,-1,277319,1411417.25
APSW,2023-10-30,5.37,5.37,4.95,5.33,4.1,0.21,-1,427199,2238210.75
APSW,2023-10-29,5.2,5.2,5.09,5.12,-4.3,-0.23,-1,491249,2507395.69
APSW,2023-10-26,5.8,5.8,5.35,5.35,-4.97,-0.28,-1,475880,2574032.5
APSW,2023-10-25,5.63,5.63,5.11,5.63,4.84,0.26,-1,992692,5398139
APSW,2023-10-24,5.37,5.37,5.37,5.37,-4.96,-0.28,-1,108376,581979.13
APSW,2023-10-23,5.37,5.37,5.37,5.65,-4.96,-0.28,-1,37670,202287.91
APSW,2023-10-22,5.65,5.65,5.65,5.65,-4.88,-0.29,-1,113898,643523.69
APSW,2023-10-19,5.94,5.94,5.94,5.94,-4.96,-0.31,-1,63751,378680.94
APSW,2023-10-18,6.8,6.8,6.16,6.25,-3.55,-0.23,-1,406625,2737878.75
APSW,2023-10-17,6.48,6.48,6.48,6.48,4.85,0.3,-1,183277,1187635
APSW,2023-10-16,6.18,6.18,6.18,6.18,4.92,0.29,-1,221559,1369234.63
APSW,2023-10-15,5.89,5.89,5.89,5.89,4.99,0.28,-1,102730,605079.69
APSW,2023-10-12,5.89,5.89,5.89,5.61,4.99,0.28,-1,58762,346108.19
APSW,2023-10-11,5.89,5.89,5.89,5.61,4.99,0.28,-1,81384,479351.75
APSW,2023-10-10,5.89,5.89,5.89,5.61,4.99,0.28,-1,142428,838900.94
APSW,2023-10-09,5.61,5.61,5.35,5.61,4.86,0.26,-1,419360,2345383
APSW,2023-10-08,5.35,5.35,4.86,5.35,4.9,0.25,-1,961561,5096772
APSW,2023-10-04,5.1,5.1,5.09,5.1,4.94,0.24,-1,343745,1752950.25
APSW,2023-10-03,5.1,5.1,5.1,4.86,4.94,0.24,-1,164846,840714.63
APSW,2023-10-02,5.1,5.1,5.1,4.86,4.94,0.24,-1,81133,413778.31
APSW,2023-10-01,4.86,4.86,4.86,4.86,4.97,0.23,-1,156344,759831.81
APSW,2023-09-27,4.86,4.86,4.86,4.63,4.97,0.23,-1,130832,635843.5
APSW,2023-09-26,4.86,4.86,4.86,4.63,4.97,0.23,-1,94159,457612.75
APSW,2023-09-25,4.63,4.63,4.5,4.63,4.99,0.22,-1,297108,1375425.88
APSW,2023-09-24,4.41,4.41,4.41,4.41,5,0.21,-1,125066,551541.06
APSW,2023-09-21,4.2,4.2,4.08,4.2,5,0.2,-1,274901,1150785.75
APSW,2023-09-20,4,4,3.8,4,4.99,0.19,-1,528120,2104594.75
APSW,2023-09-19,3.89,3.89,3.57,3.81,2.16,0.08,-1,499122,1920720.38
APSW,2023-09-18,3.72,3.72,3.49,3.71,4.51,0.16,-1,252971,934008.56
APSW,2023-09-17,3.57,3.57,3.36,3.55,5,0.17,-1,132953,467164.41
APSW,2023-09-14,3.49,3.49,3.32,3.4,-0.29,-0.01,-1,170343,580851.19
APSW,2023-09-13,3.5,3.5,3.31,3.42,-2.63,-0.09,-1,79797,268981.78
APSW,2023-09-12,3.55,3.55,3.39,3.42,-2.59,-0.09,-1,142712,492250.38
APSW,2023-09-11,3.53,3.53,3.45,3.48,1.44,0.05,-1,81441,283793.03
APSW,2023-09-10,3.61,3.61,3.42,3.48,0,0,-1,97855,342117.25
APSW,2023-09-07,3.5,3.5,3.4,3.48,-2.01,-0.07,-1,31098,106922.35
APSW,2023-09-06,3.68,3.68,3.47,3.48,-4.93,-0.18,-1,155671,544206.31
APSW,2023-09-05,3.76,3.76,3.51,3.65,-2.19,-0.08,-1,30140,109466.32
APSW,2023-09-04,3.75,3.75,3.65,3.65,-4.95,-0.19,-1,119202,436974.41
APSW,2023-09-03,3.97,3.97,3.71,3.84,0.26,0.01,-1,239474,922212
APSW,2023-08-31,3.79,3.79,3.79,3.79,4.99,0.18,-1,326831,1238689.5
APSW,2023-08-30,3.61,3.61,3.36,3.61,4.94,0.17,-1,298907,1060870.5
APSW,2023-08-29,3.44,3.44,3.32,3.44,0,0,-1,30226,101868.85
APSW,2023-08-28,3.37,3.37,3.31,3.44,-3.2,-0.11,-1,71991,240767.31
APSW,2023-08-27,3.37,3.37,3.29,3.44,-4.07,-0.14,-1,18958,62896.71
APSW,2023-08-24,3.35,3.35,3.27,3.44,-4.65,-0.16,-1,49804,163772.06
APSW,2023-08-23,3.34,3.34,3.31,3.44,-3.78,-0.13,-1,19191,63633.51
APSW,2023-08-22,3.4,3.4,3.31,3.44,-3.78,-0.13,-1,42037,141966.61
APSW,2023-08-21,3.42,3.42,3.28,3.44,-4.36,-0.15,-1,49213,162300.13
APSW,2023-08-20,3.46,3.46,3.3,3.44,-3.49,-0.12,-1,82904,280110.28
APSW,2023-08-17,3.5,3.5,3.39,3.44,-1.45,-0.05,-1,34358,117641.81
APSW,2023-08-16,3.5,3.5,3.38,3.44,1.47,0.05,-1,96504,331389.88
APSW,2023-08-15,3.41,3.41,3.33,3.39,0,0,-1,61569,208529.58
APSW,2023-08-14,3.42,3.42,3.33,3.39,0,0,-1,68994,233974.44
APSW,2023-08-13,3.52,3.52,3.4,3.39,0.88,0.03,-1,74235,257191.17
APSW,2023-08-10,3.41,3.41,3.32,3.39,2.11,0.07,-1,97867,332143.38
APSW,2023-08-09,3.35,3.35,3.29,3.32,0.9,0.03,-1,7768,25924.58
APSW,2023-08-08,3.45,3.45,3.28,3.32,0,0,-1,73268,248377.3
APSW,2023-08-07,3.31,3.31,3.22,3.32,-0.6,-0.02,-1,9964,32478.08
APSW,2023-08-06,3.32,3.32,3.21,3.32,0,0,-1,3486,11500.5
APSW,2023-08-03,3.36,3.36,3.17,3.32,-2.11,-0.07,-1,20194,66690.11
APSW,2023-08-02,3.27,3.27,3.16,3.32,-3.31,-0.11,-1,44120,140429.66
APSW,2023-08-01,3.33,3.33,3.19,3.32,-3.92,-0.13,-1,6059,19408.18
APSW,2023-07-31,3.25,3.25,3.18,3.32,-2.11,-0.07,-1,22316,71998.98
APSW,2023-07-30,3.31,3.31,3.21,3.32,-2.41,-0.08,-1,25974,84178.98
APSW,2023-07-27,3.35,3.35,3.23,3.32,-2.71,-0.09,-1,21804,72188.8
APSW,2023-07-26,3.32,3.32,3.2,3.32,0,0,-1,27134,87398.6
APSW,2023-07-25,3.27,3.27,3.19,3.32,-3.92,-0.13,-1,16901,55075.94
APSW,2023-07-24,3.37,3.37,3.22,3.32,-1.81,-0.06,-1,7775,25655.85
APSW,2023-07-19,3.34,3.34,3.18,3.32,-2.11,-0.07,-1,30927,101123.99
APSW,2023-07-18,3.35,3.35,3.35,3.32,0.9,0.03,-1,1055,3534.25
APSW,2023-07-17,3.37,3.37,3.26,3.32,-1.81,-0.06,-1,5288,17397.32
APSW,2023-07-16,3.39,3.39,3.21,3.32,1.51,0.05,-1,5782,19218.22
APSW,2023-07-13,3.42,3.42,3.23,3.32,2.41,0.08,-1,25597,86171.64
APSW,2023-07-12,3.4,3.4,3.23,3.32,1.2,0.04,-1,4147,13536.74
APSW,2023-07-11,3.4,3.4,3.23,3.32,-2.71,-0.09,-1,20171,65971.59
APSW,2023-07-10,3.48,3.48,3.26,3.32,4.82,0.16,-1,21455,72623.07
APSW,2023-07-09,3.34,3.34,3.32,3.32,-2.35,-0.08,-1,211200,701298
APSW,2023-07-06,3.44,3.44,3.3,3.4,-2.65,-0.09,-1,43712,144776.81
APSW,2023-07-05,3.35,3.35,3.32,3.4,-2.06,-0.07,-1,37551,125154.52
APSW,2023-07-04,3.35,3.35,3.32,3.4,-1.76,-0.06,-1,11272,37719.94
APSW,2023-06-26,3.38,3.38,3.32,3.4,-1.18,-0.04,-1,10676,35741.08
APSW,2023-06-25,3.38,3.38,3.32,3.4,-2.06,-0.07,-1,24264,81072.82
APSW,2023-06-22,3.45,3.45,3.29,3.4,-2.35,-0.08,-1,31817,105618.49
APSW,2023-06-21,3.37,3.37,3.29,3.4,-3.24,-0.11,-1,32884,109647.68
APSW,2023-06-20,3.49,3.49,3.36,3.4,-0.29,-0.01,-1,24885,84714.2
APSW,2023-06-19,3.52,3.52,3.37,3.4,0.89,0.03,-1,103046,350702.5
APSW,2023-06-18,3.53,3.53,3.29,3.37,0.89,0.03,-1,44944,156794.52
APSW,2023-06-15,3.39,3.39,3.33,3.37,0,0,-1,31481,106130.21
APSW,2023-06-14,3.45,3.45,3.27,3.37,-2.91,-0.1,-1,158349,536947.81
APSW,2023-06-13,3.45,3.45,3.41,3.44,0,0,-1,55007,188668.14
APSW,2023-06-12,3.47,3.47,3.41,3.44,0.87,0.03,-1,14945,51072.3
APSW,2023-06-11,3.45,3.45,3.4,3.44,0,0,-1,71579,245261.25
APSW,2023-06-08,3.44,3.44,3.42,3.44,-0.58,-0.02,-1,145886,501704.13
APSW,2023-06-07,3.49,3.49,3.42,3.46,0,0,-1,90585,314009.44
APSW,2023-06-06,3.5,3.5,3.45,3.46,-0.57,-0.02,-1,152223,527437.56
APSW,2023-06-05,3.51,3.51,3.44,3.48,-0.57,-0.02,-1,166975,582082.25
APSW,2023-06-04,3.57,3.57,3.47,3.5,-2.51,-0.09,-1,132720,464925.94
APSW,2023-06-01,3.56,3.56,3.46,3.59,-2.51,-0.09,-1,73320,256167.23
APSW,2023-05-31,3.67,3.67,3.5,3.59,0,0,-1,84078,302220.25
APSW,2023-05-30,3.65,3.65,3.52,3.5,2.57,0.09,-1,59292,211775.89
APSW,2023-05-29,3.6,3.6,3.5,3.5,2.86,0.1,-1,50593,179201.58
APSW,2023-05-28,3.56,3.56,3.5,3.5,0,0,-1,4076,14275.9
APSW,2023-05-25,3.56,3.56,3.45,3.5,-2.27,-0.08,-1,172659,606566.5
APSW,2023-05-24,3.55,3.55,3.46,3.53,2.03,0.07,-1,109869,387263.69
APSW,2023-05-23,3.53,3.53,3.39,3.44,0,0,-1,35366,122317.87
APSW,2023-05-22,3.5,3.5,3.41,3.44,0,0,-1,92633,318978.94
APSW,2023-05-21,3.53,3.53,3.39,3.44,0,0,-1,82725,283869.88
APSW,2023-05-18,3.55,3.55,3.4,3.44,-3.1,-0.11,-1,111900,385862.59
APSW,2023-05-17,3.55,3.55,3.48,3.55,4.72,0.16,-1,256706,910402.31
APSW,2023-05-16,3.43,3.43,3.37,3.39,-2.31,-0.08,-1,112463,381173.97
APSW,2023-05-15,3.57,3.57,3.4,3.47,0,0,-1,130207,455423.38
APSW,2023-05-14,3.5,3.5,3.32,3.4,0,0,-1,78868,269057.09
APSW,2023-05-11,3.5,3.5,3.37,3.4,0.29,0.01,-1,32026,110629.83
APSW,2023-05-10,3.45,3.45,3.37,3.4,0,0,-1,125927,428168.97
APSW,2023-05-09,3.46,3.46,3.4,3.4,-3.13,-0.11,-1,269128,915562.06
APSW,2023-05-08,3.45,3.45,3.35,3.51,-3.13,-0.11,-1,39796,135805.19
APSW,2023-05-07,3.51,3.51,3.34,3.51,0,0,-1,50949,171426.09
APSW,2023-05-03,3.52,3.52,3.34,3.51,-3.7,-0.13,-1,53848,183581.44
APSW,2023-05-02,3.59,3.59,3.4,3.51,-2.56,-0.09,-1,83710,290018.97
APSW,2023-05-01,3.48,3.48,3.44,3.51,0,0,-1,51110,176658.4
APSW,2023-04-30,3.66,3.66,3.43,3.51,0,0,-1,36620,127941.32
APSW,2023-04-27,3.53,3.53,3.32,3.51,4.75,0.16,-1,138466,481231.16
APSW,2023-04-26,3.48,3.48,3.37,3.37,3.26,0.11,-1,31090,105698.05
APSW,2023-04-19,3.37,3.37,3.25,3.37,4.98,0.16,-1,176304,592122.06
APSW,2023-04-18,3.28,3.28,3.18,3.21,-0.62,-0.02,-1,121275,393149.88
APSW,2023-04-13,3.23,3.23,3.2,3.23,0,0,-1,58750,188152.91
APSW,2023-04-12,3.25,3.25,3.18,3.23,0,0,-1,96421,309121.25
APSW,2023-04-11,3.29,3.29,3.18,3.23,0,0,-1,87354,279087.81
APSW,2023-04-10,3.28,3.28,3.18,3.23,0,0,-1,40764,131620.03
APSW,2023-04-09,3.26,3.26,3.18,3.23,0,0,-1,59544,191759.28
APSW,2023-04-06,3.4,3.4,3.2,3.23,-1.52,-0.05,-1,99512,325473.28
APSW,2023-04-05,3.34,3.34,3.21,3.29,-1.22,-0.04,-1,74834,242800.69
APSW,2023-04-04,3.29,3.29,3.19,3.29,-1.82,-0.06,-1,38325,124426.75
APSW,2023-04-03,3.29,3.29,3.2,3.29,4.78,0.15,-1,166358,541066.63
APSW,2023-04-02,3.27,3.27,3.14,3.14,1.91,0.06,-1,41044,131374.67
APSW,2023-03-30,3.25,3.25,3.16,3.14,1.27,0.04,-1,63449,201981.23
APSW,2023-03-29,3.25,3.25,3.11,3.14,3.5,0.11,-1,44700,141988
APSW,2023-03-28,3.2,3.2,3.12,3.14,1.91,0.06,-1,41863,131689.52
APSW,2023-03-27,3.2,3.2,3.1,3.14,-1.57,-0.05,-1,140659,444142.22
APSW,2023-03-26,3.22,3.22,3.15,3.19,-0.93,-0.03,-1,140603,448300.91
APSW,2023-03-23,3.2,3.2,3.15,3.23,-2.48,-0.08,-1,20068,63809.8
APSW,2023-03-22,3.31,3.31,3.14,3.23,0,0,-1,39064,126617.92
APSW,2023-03-21,3.23,3.23,3.03,3.23,4.87,0.15,-1,128441,414428.66
APSW,2023-03-20,3.08,3.08,3,3.08,4.76,0.14,-1,100855,308954.81
APSW,2023-03-19,3.15,3.15,2.9,2.94,-2.65,-0.08,-1,145260,425603.88
APSW,2023-03-16,3.09,3.09,2.89,3.02,1.64,0.05,-1,191624,568506.25
APSW,2023-03-15,3.3,3.3,3,3.04,-4.76,-0.15,-1,125477,390281.38
APSW,2023-03-14,3.17,3.17,3.14,3.15,-4.55,-0.15,-1,159077,500688.09
APSW,2023-03-13,3.47,3.47,3.26,3.3,-3.8,-0.13,-1,169547,562012.5
APSW,2023-03-12,3.49,3.49,3.41,3.42,-2.56,-0.09,-1,128627,444351.06
APSW,2023-03-09,3.6,3.6,3.45,3.51,0.57,0.02,-1,109203,384644.13
APSW,2023-03-08,3.59,3.59,3.43,3.48,-0.57,-0.02,-1,45999,160571.59
APSW,2023-03-07,3.55,3.55,3.47,3.48,-2.25,-0.08,-1,107413,377089.88
APSW,2023-03-06,3.61,3.61,3.54,3.55,-1.94,-0.07,-1,91471,326147.88
APSW,2023-03-05,3.68,3.68,3.52,3.61,2.82,0.1,-1,181858,653946.88
APSW,2023-03-02,3.59,3.59,3.51,3.54,0,0,-1,36318,128166.11
APSW,2023-03-01,3.62,3.62,3.45,3.54,1.14,0.04,-1,174807,616296
APSW,2023-02-28,3.54,3.54,3.47,3.5,0,0,-1,117807,411778.03
APSW,2023-02-27,3.58,3.58,3.47,3.5,0,0,-1,54532,190282.23
APSW,2023-02-26,3.68,3.68,3.42,3.5,0.56,0.02,-1,233210,826614.38
APSW,2023-02-23,3.79,3.79,3.51,3.57,-1.93,-0.07,-1,398438,1457483.75
APSW,2023-02-22,3.62,3.62,3.52,3.62,4.93,0.17,-1,350233,1264963.38
APSW,2023-02-21,3.53,3.53,3.36,3.45,0.58,0.02,-1,103015,355162.47
APSW,2023-02-20,3.57,3.57,3.39,3.43,-2.31,-0.08,-1,146904,511468.16
APSW,2023-02-19,3.59,3.59,3.4,3.47,-1.15,-0.04,-1,100979,354249.78
APSW,2023-02-16,3.65,3.65,3.47,3.49,-3.04,-0.11,-1,177751,629613.56
APSW,2023-02-15,3.7,3.7,3.57,3.62,1.12,0.04,-1,128883,469874.84
APSW,2023-02-14,3.65,3.65,3.54,3.57,-0.28,-0.01,-1,69257,248426.56
APSW,2023-02-13,3.78,3.78,3.56,3.57,-1.92,-0.07,-1,186001,668241
APSW,2023-02-12,3.79,3.79,3.51,3.64,0,0,-1,133142,491100.72
APSW,2023-02-09,3.7,3.7,3.47,3.63,3.4,0.12,-1,93885,338450.28
APSW,2023-02-08,3.6,3.6,3.35,3.53,2.29,0.08,-1,134197,465955.59
APSW,2023-02-07,3.51,3.51,3.42,3.5,0,0,-1,73047,252600.92
APSW,2023-02-06,3.56,3.56,3.46,3.5,0.86,0.03,-1,85937,303113.19
APSW,2023-02-05,3.53,3.53,3.33,3.47,2.33,0.08,-1,108586,374343.31
APSW,2023-02-02,3.61,3.61,3.41,3.43,-1.43,-0.05,-1,120737,422103.53
APSW,2023-02-01,3.54,3.54,3.49,3.49,-4.9,-0.18,-1,175758,614023.5
APSW,2023-01-31,3.82,3.82,3.52,3.67,-3.81,-0.14,-1,79615,283448.5
APSW,2023-01-30,3.82,3.82,3.67,3.67,-4.92,-0.19,-1,137758,510052.66
APSW,2023-01-29,3.95,3.95,3.79,3.86,-3.02,-0.12,-1,208071,792082.06
APSW,2023-01-25,4,4,3.86,3.98,-2.01,-0.08,-1,75799,296680.09
APSW,2023-01-24,4.07,4.07,3.9,3.98,0.76,0.03,-1,142576,569355.56
APSW,2023-01-23,4.22,4.22,3.94,3.95,-4.83,-0.2,-1,326795,1310889.75
APSW,2023-01-22,4.33,4.33,4.05,4.14,-1.66,-0.07,-1,404287,1691132.13
APSW,2023-01-19,4.21,4.21,4.01,4.21,4.99,0.2,-1,974156,4060101.25
APSW,2023-01-18,4.01,4.01,4.01,4.01,4.97,0.19,-1,324046,1299424.5
APSW,2023-01-17,3.82,3.82,3.81,3.82,4.95,0.18,-1,274941,1050264.63
APSW,2023-01-16,3.64,3.64,3.62,3.64,4.9,0.17,-1,275589,1002993.94
APSW,2023-01-15,3.47,3.47,3.41,3.47,4.83,0.16,-1,236884,819696.06
APSW,2023-01-12,3.42,3.42,3.29,3.31,-2.95,-0.1,-1,172701,574341
APSW,2023-01-11,3.5,3.5,3.39,3.39,-2.31,-0.08,-1,180208,618586.44
APSW,2023-01-10,3.65,3.65,3.45,3.47,-2.8,-0.1,-1,100448,353217.84
APSW,2023-01-09,3.68,3.68,3.54,3.57,-2.73,-0.1,-1,191805,691703.56
APSW,2023-01-05,3.69,3.69,3.55,3.66,2.55,0.09,-1,289916,1054843.5
APSW,2023-01-04,3.6,3.6,3.43,3.53,0.28,0.01,-1,432868,1529313.75
APSW,2023-01-03,3.57,3.57,3.45,3.52,1.73,0.06,-1,310091,1087220.88
APSW,2023-01-02,3.46,3.46,3.31,3.46,4.85,0.16,-1,446899,1537310.75
APSW,2022-12-29,3.31,3.31,3.27,3.3,0,0,-1,60003,197736.59
APSW,2022-12-28,3.38,3.38,3.29,3.3,-0.9,-0.03,-1,183010,605498.81
APSW,2022-12-27,3.4,3.4,3.32,3.33,0.3,0.01,-1,35854,120249.09
APSW,2022-12-26,3.4,3.4,3.31,3.33,-2.65,-0.09,-1,116337,389629.13
APSW,2022-12-25,3.37,3.37,3.3,3.4,-2.65,-0.09,-1,81216,270192.97
APSW,2022-12-22,3.48,3.48,3.37,3.4,0,0,-1,117426,400021.22
APSW,2022-12-21,3.52,3.52,3.37,3.4,-1.45,-0.05,-1,123666,421387.63
APSW,2022-12-20,3.54,3.54,3.36,3.45,0,0,-1,160917,559766.31
APSW,2022-12-19,3.46,3.46,3.36,3.45,1.76,0.06,-1,243816,828499.19
APSW,2022-12-18,3.57,3.57,3.38,3.4,-2.02,-0.07,-1,361803,1237220.75
APSW,2022-12-15,3.56,3.56,3.46,3.47,-1.98,-0.07,-1,143582,505393.88
APSW,2022-12-14,3.58,3.58,3.37,3.53,1.15,0.04,-1,334447,1151045.13
APSW,2022-12-13,3.55,3.55,3.41,3.49,0,0,-1,113463,395555.66
APSW,2022-12-12,3.49,3.49,3.4,3.49,-1.43,-0.05,-1,53790,184940.58
APSW,2022-12-11,3.61,3.61,3.42,3.49,-3.66,-0.13,-1,154656,541716.69
APSW,2022-12-08,3.57,3.57,3.34,3.55,4.41,0.15,-1,435915,1540608.13
APSW,2022-12-07,3.44,3.44,3.34,3.4,-0.29,-0.01,-1,124811,422600.59
APSW,2022-12-06,3.45,3.45,3.35,3.41,-0.59,-0.02,-1,37566,127683.32
APSW,2022-12-05,3.54,3.54,3.34,3.41,-1.45,-0.05,-1,131977,451970.09
APSW,2022-12-04,3.46,3.46,3.3,3.45,4.55,0.15,-1,291415,998310.44
APSW,2022-12-01,3.35,3.35,3.29,3.3,-0.3,-0.01,-1,120447,399792.19
APSW,2022-11-30,3.44,3.44,3.27,3.31,-3.23,-0.11,-1,249078,833001.38
APSW,2022-11-29,3.46,3.46,3.36,3.41,-0.59,-0.02,-1,84104,287152.53
APSW,2022-11-28,3.5,3.5,3.36,3.41,-0.86,-0.03,-1,156944,538662.75
APSW,2022-11-27,3.59,3.59,3.46,3.48,-3.08,-0.11,-1,183282,646054.19
APSW,2022-11-24,3.57,3.57,3.4,3.57,5,0.17,-1,458257,1622816.38
APSW,2022-11-23,3.5,3.5,3.38,3.4,-1.45,-0.05,-1,112767,384976.91
APSW,2022-11-22,3.54,3.54,3.41,3.45,-3.63,-0.13,-1,307298,1057875
APSW,2022-11-21,3.7,3.7,3.54,3.58,1.42,0.05,-1,656504,2409070.75
APSW,2022-11-20,3.53,3.53,3.37,3.53,4.75,0.16,-1,423229,1472352.5
APSW,2022-11-17,3.56,3.56,3.34,3.37,-3.99,-0.14,-1,646208,2197171.25
APSW,2022-11-16,3.77,3.77,3.47,3.51,-3.84,-0.14,-1,909514,3186959.99
APSW,2022-11-13,3.47,3.47,3.47,3.65,-4.93,-0.18,-1,11000,38170
APSW,2022-11-09,3.47,3.47,3.47,3.65,-4.93,-0.18,-1,100,347
APSW,2022-11-08,3.47,3.47,3.47,3.65,-4.93,-0.18,-1,1000,3470
APSW,2022-11-07,3.47,3.47,3.47,3.65,-4.93,-0.18,-1,106,367.82
APSW,2022-11-06,3.47,3.47,3.47,3.65,-4.93,-0.18,-1,10259,35598.73
APSW,2022-11-03,3.47,3.47,3.47,3.65,-4.93,-0.18,-1,1725,5985.75
APSW,2022-11-02,3.47,3.47,3.47,3.65,-4.93,-0.18,-1,1347,4674.09
APSW,2022-11-01,3.47,3.47,3.47,3.65,-4.93,-0.18,-1,18518,64257.46
APSW,2022-10-31,3.47,3.47,3.47,3.65,-4.93,-0.18,-1,15926,55263.22
APSW,2022-10-27,3.47,3.47,3.47,3.65,-4.93,-0.18,-1,26235,91035.45
APSW,2022-10-26,3.65,3.65,3.47,3.65,0,0,-1,22043,76493.35
APSW,2022-10-25,3.65,3.65,3.47,3.65,0,0,-1,4164,14478.42
APSW,2022-10-24,3.47,3.47,3.47,3.65,-4.93,-0.18,-1,6091,21135.77
APSW,2022-10-23,3.47,3.47,3.47,3.65,-4.93,-0.18,-1,10677,37049.19
APSW,2022-10-20,3.47,3.47,3.47,3.65,-4.93,-0.18,-1,37729,130919.63
APSW,2022-10-19,3.65,3.65,3.65,3.65,-4.95,-0.19,-1,174226,635924.88
APSW,2022-10-18,4.03,4.03,3.65,3.84,0,0,-1,1411305,5540752.5
APSW,2022-10-17,3.84,3.84,3.84,3.84,4.92,0.18,-1,90330,346867.19
APSW,2022-10-16,3.66,3.66,3.66,3.66,4.87,0.17,-1,132833,486168.78
APSW,2022-10-13,3.49,3.49,3.35,3.49,4.8,0.16,-1,368652,1279562.75
APSW,2022-10-12,3.33,3.33,3.25,3.33,4.72,0.15,-1,498875,1659749.75
APSW,2022-10-11,3.18,3.18,3.06,3.18,4.95,0.15,-1,321455,1018586.13
APSW,2022-10-10,3.03,3.03,2.84,3.03,4.84,0.14,-1,139969,416312.66
APSW,2022-10-09,2.94,2.94,2.76,2.89,3.52,0.1,-1,139813,399589.03
APSW,2022-10-05,2.84,2.84,2.7,2.84,0,0,-1,33785,91610.57
APSW,2022-10-04,2.89,2.89,2.74,2.84,-3.52,-0.1,-1,2120,5943.8
APSW,2022-10-03,2.74,2.74,2.72,2.84,-3.52,-0.1,-1,22500,61349.66
APSW,2022-09-29,2.87,2.87,2.86,2.84,1.06,0.03,-1,7898,22666.86
APSW,2022-09-28,2.85,2.85,2.73,2.84,-3.87,-0.11,-1,34661,97458.67
APSW,2022-09-27,2.91,2.91,2.85,2.84,2.11,0.06,-1,22603,65029.55
APSW,2022-09-26,2.85,2.85,2.82,2.84,0.35,0.01,-1,3947,11167.05
APSW,2022-09-25,2.86,2.86,2.81,2.84,-1.06,-0.03,-1,23511,66236.91
APSW,2022-09-22,2.92,2.92,2.82,2.84,0.7,0.02,-1,49071,139654.83
APSW,2022-09-21,2.94,2.94,2.83,2.84,0.35,0.01,-1,45546,130198.21
APSW,2022-09-20,2.89,2.89,2.84,2.84,1.76,0.05,-1,19835,57029.97
APSW,2022-09-19,2.81,2.81,2.8,2.84,-1.06,-0.03,-1,8513,23857.53
APSW,2022-09-18,2.95,2.95,2.83,2.84,-4.71,-0.14,-1,116200,332883.5
APSW,2022-09-15,3.05,3.05,2.93,2.97,-1.01,-0.03,-1,15324,45887.32
APSW,2022-09-14,3,3,2.85,2.97,0,0,-1,208882,614984.69
APSW,2022-09-13,3.03,3.03,2.91,2.97,2.06,0.06,-1,136866,409316.31
APSW,2022-09-12,2.99,2.99,2.85,2.91,1.75,0.05,-1,162504,474974.78
APSW,2022-09-11,2.9,2.9,2.84,2.85,1.05,0.03,-1,18465,53211.85
APSW,2022-09-08,2.98,2.98,2.83,2.85,-4.04,-0.12,-1,140353,400363.94
APSW,2022-09-07,2.96,2.96,2.85,2.97,-4.04,-0.12,-1,18345,52347.65
APSW,2022-09-06,2.97,2.97,2.83,2.97,-0.67,-0.02,-1,55855,162754.38
APSW,2022-09-05,2.84,2.84,2.83,2.97,-4.71,-0.14,-1,9337,26436.01
APSW,2022-09-04,2.84,2.84,2.83,2.97,-4.71,-0.14,-1,15175,42995.25
APSW,2022-09-01,2.87,2.87,2.83,2.97,-4.71,-0.14,-1,2590,7363.3
APSW,2022-08-31,2.85,2.85,2.83,2.97,-4.71,-0.14,-1,23445,66401.15
APSW,2022-08-30,2.85,2.85,2.83,2.97,-4.04,-0.12,-1,1480,4208.4
APSW,2022-08-29,2.96,2.96,2.84,2.97,-4.38,-0.13,-1,49727,142546.95
APSW,2022-08-28,2.97,2.97,2.86,2.97,-2.36,-0.07,-1,15961,46243.41
APSW,2022-08-25,2.97,2.97,2.83,2.97,-0.67,-0.02,-1,38716,113565.15
APSW,2022-08-24,2.99,2.99,2.86,2.97,-3.7,-0.11,-1,62453,180797.34
APSW,2022-08-23,2.97,2.97,2.87,2.97,-0.34,-0.01,-1,30817,90444.96
APSW,2022-08-22,3.03,3.03,2.86,2.97,-3.7,-0.11,-1,70472,205847.86
APSW,2022-08-21,3.05,3.05,2.9,2.97,0,0,-1,107334,319852.84
APSW,2022-08-18,2.96,2.96,2.85,2.92,-2.4,-0.07,-1,31826,91173.95
APSW,2022-08-17,2.99,2.99,2.88,2.92,-0.68,-0.02,-1,10871,31514.58
APSW,2022-08-16,3.1,3.1,2.85,2.92,-4.04,-0.12,-1,133472,401755.13
APSW,2022-08-15,2.97,2.97,2.97,2.97,4.95,0.14,-1,118538,352057.88
APSW,2022-08-14,2.97,2.97,2.89,2.83,4.95,0.14,-1,75766,224462.81
APSW,2022-08-11,2.88,2.88,2.66,2.83,2.91,0.08,-1,125955,354178.72
APSW,2022-08-10,2.8,2.8,2.65,2.75,-2.91,-0.08,-1,26617,70823.6
APSW,2022-08-09,2.83,2.83,2.65,2.75,-3.64,-0.1,-1,43966,117080.11
APSW,2022-08-08,2.8,2.8,2.73,2.75,0,0,-1,86411,239382.48
APSW,2022-08-07,2.74,2.74,2.66,2.75,-0.36,-0.01,-1,58417,159296.34
APSW,2022-08-04,2.7,2.7,2.63,2.75,-1.82,-0.05,-1,9597,25878.54
APSW,2022-08-03,2.63,2.63,2.62,2.75,-4.73,-0.13,-1,108779,285183.47
APSW,2022-08-02,2.69,2.69,2.63,2.75,-2.18,-0.06,-1,6038,16209.94
APSW,2022-08-01,2.69,2.69,2.62,2.75,-4.73,-0.13,-1,13236,34828.32
APSW,2022-07-31,2.72,2.72,2.62,2.75,-4.73,-0.13,-1,104449,274640.88
APSW,2022-07-28,2.66,2.66,2.62,2.75,-4.73,-0.13,-1,36124,95231.97
APSW,2022-07-27,2.73,2.73,2.68,2.75,-0.73,-0.02,-1,952,2569.51
APSW,2022-07-26,2.74,2.74,2.62,2.75,-0.36,-0.01,-1,869,2310.22
APSW,2022-07-25,2.69,2.69,2.69,2.75,-2.18,-0.06,-1,298,801.62
APSW,2022-07-24,2.7,2.7,2.66,2.75,-1.82,-0.05,-1,47350,127844.6
APSW,2022-07-21,2.66,2.66,2.63,2.75,-3.27,-0.09,-1,2600,6858
APSW,2022-07-20,2.7,2.7,2.64,2.75,-4,-0.11,-1,56500,152340
APSW,2022-07-19,2.62,2.62,2.62,2.75,-4.73,-0.13,-1,310,812.2
APSW,2022-07-18,2.62,2.62,2.62,2.75,-4.73,-0.13,-1,11053,28958.86
APSW,2022-07-17,2.74,2.74,2.63,2.75,-4.36,-0.12,-1,29531,77666.64
APSW,2022-07-07,2.64,2.64,2.62,2.75,-4.36,-0.12,-1,20020,52772.4
APSW,2022-07-06,2.7,2.7,2.63,2.75,-1.82,-0.05,-1,14580,38380.4
APSW,2022-07-05,2.62,2.62,2.62,2.75,-4.73,-0.13,-1,19800,51876
APSW,2022-07-04,2.75,2.75,2.62,2.75,0,0,-1,44862,118249.49
APSW,2022-07-03,2.63,2.63,2.63,2.75,-4.36,-0.12,-1,16625,43723.75
APSW,2022-06-29,2.66,2.66,2.62,2.75,-3.64,-0.1,-1,16557,43838.73
APSW,2022-06-28,2.66,2.66,2.62,2.75,-4.73,-0.13,-1,19000,49860
APSW,2022-06-27,2.67,2.67,2.63,2.75,-4.36,-0.12,-1,89142,235815.09
APSW,2022-06-26,2.67,2.67,2.66,2.75,-2.91,-0.08,-1,4912,13074.92
APSW,2022-06-23,2.66,2.66,2.65,2.75,-3.64,-0.1,-1,46726,124273.9
APSW,2022-06-22,2.7,2.7,2.66,2.75,-1.82,-0.05,-1,16560,44252
APSW,2022-06-21,2.65,2.65,2.65,2.75,-3.64,-0.1,-1,846,2241.9
APSW,2022-06-20,2.67,2.67,2.64,2.75,0,0,-1,25254,67133.98
APSW,2022-06-19,2.67,2.67,2.66,2.75,-3.27,-0.09,-1,3100,8267.8
APSW,2022-06-16,2.75,2.75,2.7,2.75,0,0,-1,7001,18902.75
APSW,2022-06-15,2.77,2.77,2.7,2.75,0,0,-1,33420,90856.6
APSW,2022-06-14,2.79,2.79,2.68,2.75,0,0,-1,16463,45521.46
APSW,2022-06-13,2.75,2.75,2.67,2.75,0,0,-1,8664,23593.84
APSW,2022-06-12,2.75,2.75,2.62,2.75,-2.91,-0.08,-1,45000,120344.5
APSW,2022-06-09,2.75,2.75,2.67,2.75,0,0,-1,6850,18493.5
APSW,2022-06-08,2.69,2.69,2.67,2.75,-2.18,-0.06,-1,4050,10854.5
APSW,2022-06-07,2.81,2.81,2.65,2.75,0,0,-1,8218,22455.29
APSW,2022-06-06,2.7,2.7,2.62,2.75,-1.82,-0.05,-1,28046,74651.45
APSW,2022-06-05,2.7,2.7,2.62,2.75,-3.27,-0.09,-1,46321,123660.72
APSW,2022-06-02,2.7,2.7,2.65,2.75,-3.64,-0.1,-1,11561,31136.7
APSW,2022-06-01,2.7,2.7,2.63,2.75,-3.64,-0.1,-1,14000,37195.52
APSW,2022-05-31,2.7,2.7,2.66,2.75,-2.91,-0.08,-1,15750,42126.32
APSW,2022-05-30,2.7,2.7,2.66,2.75,-2.91,-0.08,-1,30972,82525.44
APSW,2022-05-29,2.66,2.66,2.64,2.75,-3.27,-0.09,-1,15627,41295.28
APSW,2022-05-26,2.75,2.75,2.63,2.75,-3.64,-0.1,-1,34421,91322.47
APSW,2022-05-25,2.67,2.67,2.67,2.75,-2.91,-0.08,-1,16000,42720
APSW,2022-05-24,2.75,2.75,2.7,2.75,-1.82,-0.05,-1,39782,107476.97
APSW,2022-05-23,2.88,2.88,2.68,2.75,-1.09,-0.03,-1,58897,163630.92
APSW,2022-05-22,2.7,2.7,2.63,2.75,-1.82,-0.05,-1,36984,99740.64
APSW,2022-05-18,2.81,2.81,2.65,2.75,2.18,0.06,-1,2853,7596.45
APSW,2022-05-17,2.68,2.68,2.64,2.75,-3.64,-0.1,-1,10771,28643.81
APSW,2022-05-16,2.83,2.83,2.62,2.75,-3.27,-0.09,-1,44080,117145.01
APSW,2022-05-15,2.7,2.7,2.65,2.75,-2.55,-0.07,-1,53810,144138.91
APSW,2022-05-12,2.75,2.75,2.68,2.75,-0.36,-0.01,-1,10430,28380.4
APSW,2022-05-11,2.67,2.67,2.66,2.75,-2.91,-0.08,-1,11031,29451.12
APSW,2022-05-10,2.7,2.7,2.67,2.75,-2.91,-0.08,-1,6368,17080.43
APSW,2022-05-09,2.79,2.79,2.71,2.75,-1.45,-0.04,-1,17270,47049.69
APSW,2022-05-08,2.82,2.82,2.75,2.75,0.73,0.02,-1,3818,10534.84
APSW,2022-04-28,2.71,2.71,2.67,2.75,-2.18,-0.06,-1,14000,37693.4
APSW,2022-04-27,2.74,2.74,2.66,2.75,-0.36,-0.01,-1,10951,29139.02
APSW,2022-04-26,2.77,2.77,2.63,2.75,-2.55,-0.07,-1,23545,62377.35
APSW,2022-04-21,2.75,2.75,2.62,2.75,0,0,-1,13912,37890.18
APSW,2022-04-20,2.7,2.7,2.62,2.75,-4.73,-0.13,-1,24796,65492.84
APSW,2022-04-19,2.72,2.72,2.62,2.75,-4.73,-0.13,-1,17639,46476.13
APSW,2022-04-18,2.75,2.75,2.75,2.75,-4.84,-0.14,-1,110473,303800.75
APSW,2022-04-17,2.89,2.89,2.89,2.89,-4.93,-0.15,-1,104440,301831.59
APSW,2022-04-14,2.89,2.89,2.89,3.04,0,0,-1,1000,2890
APSW,2022-04-11,2.89,2.89,2.89,3.04,-4.93,-0.15,-1,510,1473.9
APSW,2022-04-10,2.89,2.89,2.89,3.04,-4.93,-0.15,-1,30,86.7
APSW,2022-04-06,2.89,2.89,2.89,3.04,-4.93,-0.15,-1,4650,13438.5
APSW,2022-04-04,2.89,2.89,2.89,3.04,-4.93,-0.15,-1,8972,25929.08
APSW,2022-03-31,2.95,2.95,2.89,3.04,-4.93,-0.15,-1,10400,30356
APSW,2022-03-30,2.89,2.89,2.89,3.04,-4.93,-0.15,-1,20056,57961.84
APSW,2022-03-29,2.93,2.93,2.89,3.04,-3.62,-0.11,-1,37925,110065.73
APSW,2022-03-28,3.04,3.04,2.89,3.04,0,0,-1,63825,186166.09
APSW,2022-03-27,3.05,3.05,2.93,3.04,4.81,0.14,-1,113628,345087.09
APSW,2022-03-24,2.99,2.99,2.77,2.91,4.91,0.14,-1,195516,568482.44
APSW,2022-03-23,2.8,2.8,2.72,2.85,-2.81,-0.08,-1,5612,15440.12
APSW,2022-03-22,2.84,2.84,2.73,2.85,-4.21,-0.12,-1,38505,106253.53
APSW,2022-03-21,2.98,2.98,2.71,2.85,4.56,0.13,-1,44803,124909.28
APSW,2022-03-20,2.79,2.79,2.71,2.85,-4.56,-0.13,-1,13175,36004.96
APSW,2022-03-17,2.84,2.84,2.71,2.85,-4.56,-0.13,-1,21703,58848.36
APSW,2022-03-16,2.85,2.85,2.71,2.85,0,0,-1,36362,98681.02
APSW,2022-03-15,2.76,2.76,2.71,2.85,-4.91,-0.14,-1,95899,259927.73
APSW,2022-03-14,2.71,2.71,2.71,2.85,-4.91,-0.14,-1,9560,25907.6
APSW,2022-03-13,2.71,2.71,2.71,2.85,-4.91,-0.14,-1,14842,40221.82
APSW,2022-03-10,2.71,2.71,2.71,2.85,-4.91,-0.14,-1,34307,92971.97
APSW,2022-03-09,2.78,2.78,2.71,2.85,-4.91,-0.14,-1,44363,120228.7
APSW,2022-03-08,2.71,2.71,2.71,2.85,-4.91,-0.14,-1,58149,157583.8
APSW,2022-03-07,2.71,2.71,2.71,2.85,-4.91,-0.14,-1,3471,9406.41
APSW,2022-03-06,2.77,2.77,2.71,2.85,-4.91,-0.14,-1,16145,43956.37
APSW,2022-03-03,2.76,2.76,2.71,2.85,-4.56,-0.13,-1,11741,32020.64
APSW,2022-03-02,2.74,2.74,2.71,2.85,-3.86,-0.11,-1,3348,9123.01
APSW,2022-03-01,2.76,2.76,2.71,2.85,-3.16,-0.09,-1,14006,37966.26
APSW,2022-02-28,2.73,2.73,2.71,2.85,-4.91,-0.14,-1,14226,38560.46
APSW,2022-02-27,2.74,2.74,2.71,2.85,-4.91,-0.14,-1,10910,29694.7
APSW,2022-02-24,2.71,2.71,2.71,2.85,-4.91,-0.14,-1,21000,56910
APSW,2022-02-23,2.77,2.77,2.71,2.85,-2.81,-0.08,-1,4594,12479.62
APSW,2022-02-22,2.71,2.71,2.71,2.85,-4.91,-0.14,-1,14009,37964.39
APSW,2022-02-21,2.91,2.91,2.71,2.85,-4.91,-0.14,-1,18820,52077.85
APSW,2022-02-20,2.85,2.85,2.71,2.85,-4.91,-0.14,-1,7588,20639.48
APSW,2022-02-17,2.76,2.76,2.72,2.85,0,0,-1,23245,63663.9
APSW,2022-02-16,2.85,2.85,2.74,2.85,-3.51,-0.1,-1,61562,173133.23
APSW,2022-02-15,2.77,2.77,2.74,2.85,-3.51,-0.1,-1,24297,66682.78
APSW,2022-02-14,2.8,2.8,2.71,2.85,-4.56,-0.13,-1,61061,167321.36
APSW,2022-02-13,2.93,2.93,2.85,2.85,-4.68,-0.14,-1,156643,450063.03
APSW,2022-02-10,2.94,2.94,2.87,2.99,-4.01,-0.12,-1,27199,79075.6
APSW,2022-02-09,2.96,2.96,2.87,2.99,-1,-0.03,-1,22665,66085.4
APSW,2022-02-08,2.92,2.92,2.9,2.99,-2.34,-0.07,-1,14091,40920.9
APSW,2022-02-07,3,3,2.95,2.99,-1.34,-0.04,-1,7250,21400
APSW,2022-02-06,3,3,2.89,2.99,0,0,-1,13635,40609.95
APSW,2022-02-03,3,3,2.87,2.99,0,0,-1,34040,100976.8
APSW,2022-02-02,3,3,2.9,2.99,0,0,-1,7000,20826.5
APSW,2022-02-01,3.02,3.02,2.89,2.99,-2.34,-0.07,-1,16620,48670.02
APSW,2022-01-31,3,3,2.86,2.99,0.33,0.01,-1,21600,62910.49
APSW,2022-01-30,2.95,2.95,2.88,2.99,-1.34,-0.04,-1,6841,19838.38
APSW,2022-01-26,3.01,3.01,2.89,2.99,0.67,0.02,-1,3550,10532.5
APSW,2022-01-25,2.99,2.99,2.86,2.99,-0.33,-0.01,-1,2550,7447
APSW,2022-01-24,3,3,2.85,2.99,0,0,-1,73940,215938.3
APSW,2022-01-23,3,3,2.9,2.99,-3.01,-0.09,-1,17260,50929.57
APSW,2022-01-20,3.05,3.05,2.95,2.99,2.01,0.06,-1,32385,97499.11
APSW,2022-01-19,3.02,3.02,2.98,2.99,0,0,-1,36431,109174.88
APSW,2022-01-18,3.05,3.05,2.98,2.99,-4.79,-0.15,-1,194465,582230.44
APSW,2022-01-17,3.05,3.05,3,3.13,-3.51,-0.11,-1,52941,160506.88
APSW,2022-01-16,3.13,3.13,3,3.13,0,0,-1,51345,155639.41
APSW,2022-01-13,3.24,3.24,3.04,3.13,-1.58,-0.05,-1,134948,421122.06
APSW,2022-01-12,3.1,3.1,3.06,3.17,-3.47,-0.11,-1,55280,170106.8
APSW,2022-01-11,3.47,3.47,3.47,3.65,-4.93,-0.18,-1,18518,64257.46
APSW,2022-01-10,3.13,3.13,3.03,3.13,-3.19,-0.1,-1,42063,128427.06
APSW,2022-01-09,3.11,3.11,3.03,3.13,-2.56,-0.08,-1,23651,73060.03
APSW,2022-01-05,3.07,3.07,3.04,3.13,-1.92,-0.06,-1,33530,102644.1
APSW,2022-01-04,3.19,3.19,3.04,3.13,-2.56,-0.08,-1,28792,89199.94
APSW,2022-01-03,3.13,3.13,3,3.13,4.68,0.14,-1,96895,302006.56
APSW,2022-01-02,3.09,3.09,3.01,2.99,2.01,0.06,-1,42827,131247.88
APSW,2021-12-30,3.09,3.09,2.95,2.99,-1,-0.03,-1,20577,61413.34
APSW,2021-12-29,3.07,3.07,2.98,2.99,2.01,0.06,-1,28005,84356.25
APSW,2021-12-28,3.06,3.06,2.9,2.99,-1.32,-0.04,-1,109594,326447.59
APSW,2021-12-27,3.11,3.11,3.03,3.03,2.64,0.08,-1,56763,174567.14
APSW,2021-12-26,3.08,3.08,3.05,3.03,0.99,0.03,-1,17845,54697.46
APSW,2021-12-23,3.16,3.16,3,3.03,-2.88,-0.09,-1,121112,368205.92
APSW,2021-12-22,3.08,3.08,2.99,3.12,-3.21,-0.1,-1,36782,110686.68
APSW,2021-12-21,3.1,3.1,3,3.12,-0.64,-0.02,-1,17169,51951.3
APSW,2021-12-20,3.08,3.08,2.99,3.12,-3.85,-0.12,-1,12460,37365.4
APSW,2021-12-19,3.17,3.17,3,3.12,-3.85,-0.12,-1,62626,189686.7
APSW,2021-12-16,3.15,3.15,3,3.12,0.32,0.01,-1,76904,238474.94
APSW,2021-12-15,3.11,3.11,3,3.12,-3.85,-0.12,-1,42905,130059.16
APSW,2021-12-14,3.22,3.22,3.09,3.12,-0.64,-0.02,-1,59727,185339.34
APSW,2021-12-13,3.2,3.2,3.02,3.12,-0.32,-0.01,-1,76286,239080.23
APSW,2021-12-12,3.23,3.23,3.12,3.12,0,0,-1,93459,294609.94
APSW,2021-12-09,3.12,3.12,2.98,3.12,4.7,0.14,-1,299782,933879.06
APSW,2021-12-08,2.99,2.99,2.85,2.98,-2.68,-0.08,-1,48454,141806.19
APSW,2021-12-07,3.1,3.1,2.98,2.98,-4.79,-0.15,-1,171732,515797.34
APSW,2021-12-06,3.34,3.34,3.13,3.13,-4.86,-0.16,-1,252336,800842.25
APSW,2021-12-05,3.43,3.43,3.25,3.29,-0.61,-0.02,-1,1102806,3738560.5
APSW,2021-12-02,3.27,3.27,3.23,3.27,4.81,0.15,-1,91768,300063.53
APSW,2021-12-01,3.27,3.27,3.27,3.12,4.81,0.15,-1,51614,168777.78
APSW,2021-11-30,3.12,3.12,3.12,3.12,4.7,0.14,-1,106860,333403.19
APSW,2021-11-29,2.98,2.98,2.98,2.98,4.93,0.14,-1,341953,1019019.94
APSW,2021-11-28,2.84,2.84,2.74,2.84,4.8,0.13,-1,201641,570495.06
APSW,2021-11-25,2.71,2.71,2.61,2.71,4.63,0.12,-1,226488,612321
APSW,2021-11-24,2.68,2.68,2.56,2.59,1.16,0.03,-1,29128,76758.96
APSW,2021-11-23,2.71,2.71,2.58,2.59,-1.48,-0.04,-1,209935,549704.25
APSW,2021-11-22,2.58,2.58,2.58,2.71,-4.8,-0.13,-1,17883,46138.14
APSW,2021-11-21,2.58,2.58,2.58,2.71,-4.8,-0.13,-1,3650,9417
APSW,2021-11-18,2.63,2.63,2.58,2.71,-4.8,-0.13,-1,9725,25259.5
APSW,2021-11-17,2.63,2.63,2.58,2.71,-4.8,-0.13,-1,18725,48378.25
APSW,2021-11-16,2.69,2.69,2.58,2.71,-4.8,-0.13,-1,40731,105537.68
APSW,2021-11-15,2.65,2.65,2.58,2.71,-4.06,-0.11,-1,61812,160845.66
APSW,2021-11-14,2.7,2.7,2.61,2.71,-3.69,-0.1,-1,51533,135932.55
APSW,2021-11-11,2.7,2.7,2.59,2.71,-0.37,-0.01,-1,25622,68389.99
APSW,2021-11-10,2.72,2.72,2.59,2.71,-4.06,-0.11,-1,52474,137269.84
APSW,2021-11-09,2.78,2.78,2.62,2.71,0,0,-1,10078,26800.86
APSW,2021-11-08,2.73,2.73,2.6,2.71,0.74,0.02,-1,69090,184458.09
APSW,2021-11-07,2.68,2.68,2.6,2.71,-3.69,-0.1,-1,26571,69328.54
APSW,2021-11-04,2.75,2.75,2.65,2.71,-2.21,-0.06,-1,107981,289477.84
APSW,2021-11-03,2.86,2.86,2.7,2.71,-1.45,-0.04,-1,283635,796443.13
APSW,2021-11-02,2.8,2.8,2.62,2.75,-1.09,-0.03,-1,94726,254623.97
APSW,2021-11-01,2.83,2.83,2.63,2.75,-3.64,-0.1,-1,47425,126720.63
APSW,2021-10-31,2.84,2.84,2.67,2.75,0.73,0.02,-1,11683,31511.52
APSW,2021-10-28,2.88,2.88,2.62,2.75,0.73,0.02,-1,104211,279481.31
APSW,2021-10-27,2.78,2.78,2.71,2.75,-2.46,-0.07,-1,147230,399794.81
APSW,2021-10-26,2.93,2.93,2.85,2.85,-5,-0.15,-1,111667,318364.44
APSW,2021-10-25,2.92,2.92,2.85,3,-5,-0.15,-1,42332,121434.04
APSW,2021-10-24,2.99,2.99,2.92,3,-1.33,-0.04,-1,20304,60056.9
APSW,2021-10-20,3.05,3.05,2.85,3,-3.33,-0.1,-1,26240,75812.13
APSW,2021-10-19,2.94,2.94,2.86,3,-4,-0.12,-1,73204,211995.7
APSW,2021-10-18,3.02,3.02,2.94,3,-2,-0.06,-1,40298,119317.51
APSW,2021-10-17,3.03,3.03,2.91,3,-2,-0.06,-1,5762,16992.25
APSW,2021-10-14,2.97,2.97,2.92,3,-1.67,-0.05,-1,29394,86443.36
APSW,2021-10-13,3.1,3.1,2.93,3,-1.97,-0.06,-1,125432,374188.38
APSW,2021-10-12,3.1,3.1,3.05,3.05,0,0,-1,46106,141667.94
APSW,2021-10-11,3.1,3.1,2.96,3.05,-0.98,-0.03,-1,55865,171701.88
APSW,2021-10-10,3.06,3.06,2.91,3.05,-1.31,-0.04,-1,47452,142138.88
APSW,2021-10-06,3.07,3.07,3,3.05,0,0,-1,9484,28515.55
APSW,2021-10-05,3.05,3.05,2.9,3.05,0,0,-1,104122,307923.2
APSW,2021-10-04,3.1,3.1,2.95,3.05,-3.28,-0.1,-1,44190,133439.25
APSW,2021-10-03,3.15,3.15,3,3.05,-1.31,-0.04,-1,26813,81191.89
APSW,2021-09-30,3.13,3.13,3,3.05,2.62,0.08,-1,82719,251200.92
APSW,2021-09-29,3.14,3.14,3.03,3.05,-3.5,-0.11,-1,111616,342902.22
APSW,2021-09-28,3.1,3.1,3.05,3.14,-1.27,-0.04,-1,33638,103374.25
APSW,2021-09-27,3.23,3.23,3.03,3.14,-1.27,-0.04,-1,91507,283422.5
APSW,2021-09-26,3.24,3.24,3.07,3.14,1.62,0.05,-1,159707,509513.66
APSW,2021-09-23,3.13,3.13,3.01,3.09,1.98,0.06,-1,117422,363381.69
APSW,2021-09-22,3.09,3.09,3.02,3.03,1.98,0.06,-1,78150,238018.06
APSW,2021-09-21,3.12,3.12,2.94,3.03,-1.29,-0.04,-1,219496,651222.88
APSW,2021-09-20,3.2,3.2,3.06,3.09,-4.04,-0.13,-1,151739,471336.66
APSW,2021-09-19,3.33,3.33,3.21,3.22,-4.75,-0.16,-1,271218,882278.88
APSW,2021-09-16,3.58,3.58,3.34,3.37,-1.17,-0.04,-1,288519,1003614.38
APSW,2021-09-15,3.43,3.43,3.3,3.43,4.89,0.16,-1,488303,1673003.25
APSW,2021-09-14,3.27,3.27,3.15,3.27,4.81,0.15,-1,188631,611691.06
APSW,2021-09-13,3.16,3.16,3.08,3.12,0.32,0.01,-1,129347,402967.75
APSW,2021-09-12,3.17,3.17,3.06,3.09,-0.32,-0.01,-1,19721,60567.63
APSW,2021-09-09,3.17,3.17,3.05,3.09,-1.29,-0.04,-1,22343,69010.61
APSW,2021-09-08,3.11,3.11,3.07,3.09,-0.65,-0.02,-1,44021,136042.69
APSW,2021-09-07,3.19,3.19,3.02,3.09,0,0,-1,75635,233912.34
APSW,2021-09-06,3.35,3.35,3.07,3.09,-4.95,-0.16,-1,177083,556992.5
APSW,2021-09-05,3.4,3.4,3.23,3.23,-4.72,-0.16,-1,184607,605870.31
APSW,2021-09-02,3.41,3.41,3.34,3.39,2.73,0.09,-1,256672,869152.75
APSW,2021-09-01,3.36,3.36,3.26,3.3,0.61,0.02,-1,44262,146196.77
APSW,2021-08-31,3.37,3.37,3.23,3.3,0.3,0.01,-1,105001,346010.13
APSW,2021-08-30,3.4,3.4,3.21,3.29,-2.99,-0.1,-1,144775,476140.13
APSW,2021-08-29,3.39,3.39,3.3,3.35,-0.9,-0.03,-1,62200,208348.59
APSW,2021-08-26,3.4,3.4,3.3,3.34,-2.08,-0.07,-1,72155,241194.5
APSW,2021-08-25,3.4,3.4,3.3,3.37,0.6,0.02,-1,119691,403400.97
APSW,2021-08-24,3.4,3.4,3.28,3.36,1.52,0.05,-1,129461,434474.22
APSW,2021-08-23,3.34,3.34,3.25,3.29,-1.81,-0.06,-1,92904,305938.69
APSW,2021-08-22,3.36,3.36,3.2,3.32,-2.14,-0.07,-1,196595,653034.19
APSW,2021-08-19,3.33,3.33,3.2,3.27,1.53,0.05,-1,196394,642689.56
APSW,2021-08-18,3.3,3.3,3.24,3.26,-0.61,-0.02,-1,101079,329792.59
APSW,2021-08-17,3.31,3.31,3.23,3.27,-1.52,-0.05,-1,53018,173595.38
APSW,2021-08-16,3.39,3.39,3.23,3.29,-1.52,-0.05,-1,59351,194986.47
APSW,2021-08-15,3.4,3.4,3.25,3.3,-0.59,-0.02,-1,147307,486799.13
APSW,2021-08-11,3.42,3.42,3.27,3.38,1.22,0.04,-1,341670,1154281.38
APSW,2021-08-10,3.32,3.32,3.11,3.28,4.73,0.15,-1,336350,1102575.5
APSW,2021-08-09,3.21,3.21,3.14,3.17,-1.57,-0.05,-1,225105,712659.06
APSW,2021-08-08,3.3,3.3,3.16,3.19,0.32,0.01,-1,85923,273950.06
APSW,2021-08-05,3.2,3.2,3.1,3.16,1.61,0.05,-1,143399,453770.8
APSW,2021-08-04,3.16,3.16,3.02,3.11,2.61,0.08,-1,60489,188179.27
APSW,2021-08-03,3.16,3.16,3.03,3.07,-1.58,-0.05,-1,124134,381149.16
APSW,2021-08-02,3.21,3.21,3.14,3.16,-0.94,-0.03,-1,117477,371693.94
APSW,2021-08-01,3.25,3.25,3.1,3.18,0,0,-1,179250,570551.81
APSW,2021-07-29,3.24,3.24,3.13,3.17,-1.57,-0.05,-1,84469,267428.88
APSW,2021-07-28,3.22,3.22,3.15,3.19,-0.31,-0.01,-1,163560,521579.81
APSW,2021-07-27,3.22,3.22,3.15,3.19,0.32,0.01,-1,91046,290209.91
APSW,2021-07-26,3.26,3.26,3.13,3.16,-0.94,-0.03,-1,133795,423191.28
APSW,2021-07-25,3.26,3.26,3.14,3.18,2.53,0.08,-1,199136,633421.88
APSW,2021-07-18,3.2,3.2,3.05,3.16,2.56,0.08,-1,100946,319476.09
APSW,2021-07-15,3.18,3.18,3,3.12,1.29,0.04,-1,132797,414130.34
APSW,2021-07-14,3.15,3.15,3.07,3.11,0.66,0.02,-1,70574,219434.25
APSW,2021-07-13,3.13,3.13,3,3.05,-0.33,-0.01,-1,83882,255860.27
APSW,2021-07-12,3.15,3.15,2.98,3.05,-0.32,-0.01,-1,56232,171672.73
APSW,2021-07-11,3.09,3.09,2.94,3.08,-3.25,-0.1,-1,29998,89686.39
APSW,2021-07-08,3.12,3.12,2.98,3.08,-0.32,-0.01,-1,115299,354702.16
APSW,2021-07-07,3.17,3.17,3.05,3.1,1.31,0.04,-1,58432,181155.7
APSW,2021-07-06,3.12,3.12,3.01,3.05,-0.95,-0.03,-1,103455,315851.13
APSW,2021-07-05,3.22,3.22,3.12,3.15,-1.58,-0.05,-1,82835,260791.25
APSW,2021-07-04,3.21,3.21,3.12,3.17,-0.32,-0.01,-1,84890,268769.44
APSW,2021-06-30,3.22,3.22,3.11,3.16,0,0,-1,47884,151220.59
APSW,2021-06-29,3.19,3.19,3.1,3.14,-2.8,-0.09,-1,146042,458517.34
APSW,2021-06-28,3.29,3.29,3.17,3.21,-1.86,-0.06,-1,98002,314939.41
APSW,2021-06-27,3.35,3.35,3.2,3.23,1.23,0.04,-1,43791,141454.52
APSW,2021-06-24,3.36,3.36,3.21,3.24,0,0,-1,89154,288662.94
APSW,2021-06-23,3.36,3.36,3.23,3.29,-0.91,-0.03,-1,101341,332960.19
APSW,2021-06-22,3.4,3.4,3.26,3.29,-2.4,-0.08,-1,115735,381023.41
APSW,2021-06-21,3.45,3.45,3.27,3.34,-1.19,-0.04,-1,222692,743829.69
APSW,2021-06-20,3.53,3.53,3.25,3.36,0.3,0.01,-1,485882,1632890.13
APSW,2021-06-17,3.4,3.4,3.32,3.37,-1.47,-0.05,-1,186168,626817.38
APSW,2021-06-16,3.5,3.5,3.33,3.41,-2.88,-0.1,-1,242335,827106.13
APSW,2021-06-15,3.54,3.54,3.35,3.47,1.48,0.05,-1,618905,2149709.25
APSW,2021-06-14,3.41,3.41,3.35,3.38,0.3,0.01,-1,151072,511202.44
APSW,2021-06-13,3.48,3.48,3.3,3.36,-0.89,-0.03,-1,301590,1012464.31
APSW,2021-06-10,3.39,3.39,3.25,3.36,1.55,0.05,-1,427399,1436236.38
APSW,2021-06-09,3.26,3.26,3.12,3.23,4.82,0.15,-1,447416,1445883.13
APSW,2021-06-08,3.15,3.15,3.07,3.11,-0.95,-0.03,-1,160240,498483.84
APSW,2021-06-07,3.2,3.2,3.05,3.16,2.93,0.09,-1,300235,948213.5
APSW,2021-06-06,3.14,3.14,3.01,3.07,0.65,0.02,-1,256914,787698
APSW,2021-06-03,3.1,3.1,3.02,3.06,-1.93,-0.06,-1,81485,249380.02
APSW,2021-06-02,3.18,3.18,3.02,3.11,-0.33,-0.01,-1,335208,1041071.06
APSW,2021-06-01,3.16,3.16,2.98,3.03,0,0,-1,99947,302413.5
APSW,2021-05-31,3.18,3.18,3.04,3.06,-5,-0.16,-1,298811,915709.56
APSW,2021-05-30,3.26,3.26,3.13,3.2,0.96,0.03,-1,450195,1442729.5
APSW,2021-05-27,3.13,3.13,3.06,3.11,4.68,0.14,-1,265060,825560.19
APSW,2021-05-26,3.04,3.04,2.85,2.99,4.83,0.14,-1,408636,1221538.5
APSW,2021-05-25,2.94,2.94,2.89,2.9,-3.29,-0.1,-1,292681,848121.75
APSW,2021-05-24,3.16,3.16,2.96,3.04,-4.82,-0.15,-1,513376,1560045.75
APSW,2021-05-23,3.18,3.18,3.09,3.11,-9.91,-0.34,-1,1220594,3790515.5
APSW,2021-05-20,3.7,3.7,3.37,3.43,-9.89,-0.37,-1,1723737,5905003.5
APSW,2021-05-19,3.85,3.85,3.65,3.74,-2.4,-0.09,-1,608258,2273284.5
APSW,2021-05-18,3.9,3.9,3.68,3.75,-0.27,-0.01,-1,390470,1464482.25
APSW,2021-05-17,3.85,3.85,3.68,3.77,1.34,0.05,-1,219338,827930.88
APSW,2021-05-11,3.8,3.8,3.67,3.72,0,0,-1,185570,689793.06
APSW,2021-05-10,3.84,3.84,3.7,3.77,0.26,0.01,-1,158482,597439.06
APSW,2021-05-09,3.85,3.85,3.66,3.78,2.97,0.11,-1,328558,1242297.38
APSW,2021-05-06,3.76,3.76,3.55,3.7,3.88,0.14,-1,554875,2054678.75
APSW,2021-05-05,3.73,3.73,3.52,3.61,-0.84,-0.03,-1,535692,1935411.13
APSW,2021-05-04,3.68,3.68,3.44,3.58,8.58,0.29,-1,630224,2254850
APSW,2021-04-28,3.45,3.45,3.3,3.38,0.3,0.01,-1,409800,1383618.38
APSW,2021-04-27,3.45,3.45,3.25,3.37,5.9,0.19,-1,860707,2899240.25
APSW,2021-04-26,3.31,3.31,3.11,3.22,-3.31,-0.11,-1,232969,749864.31
APSW,2021-04-25,3.38,3.38,3.22,3.32,3.07,0.1,-1,287239,952946.19
APSW,2021-04-22,3.32,3.32,3.18,3.26,3.13,0.1,-1,433267,1411071.75
APSW,2021-04-21,3.25,3.25,3.02,3.19,4.21,0.13,-1,632128,2016233.5
APSW,2021-04-20,3.17,3.17,3,3.09,2.99,0.09,-1,231754,715931.13
APSW,2021-04-19,3.07,3.07,2.92,3.01,6.97,0.2,-1,324435,977625.5
APSW,2021-04-18,2.93,2.93,2.8,2.87,7.72,0.21,-1,116676,334336.84
APSW,2021-04-15,2.8,2.8,2.62,2.72,2.56,0.07,-1,160594,437165.19
APSW,2021-04-14,2.85,2.85,2.7,2.73,-8.33,-0.25,-1,320170,873387.25
APSW,2021-04-13,3.14,3.14,2.92,3,-4.13,-0.13,-1,142650,427927.34
APSW,2021-04-12,3.21,3.21,3.08,3.15,3.61,0.11,-1,428501,1348497.25
APSW,2021-04-11,3.11,3.11,2.97,3.05,5.08,0.15,-1,177020,539182.75
APSW,2021-04-08,3.1,3.1,2.75,2.95,5.3,0.15,-1,114241,336446.41
APSW,2021-04-07,2.95,2.95,2.72,2.83,-3.51,-0.1,-1,128447,363571.84
APSW,2021-04-06,2.96,2.96,2.76,2.85,-5.02,-0.15,-1,99258,282553.78
APSW,2021-04-05,3.15,3.15,2.92,2.99,-8.95,-0.29,-1,541288,1616112.63
APSW,2021-04-04,3.31,3.31,3.17,3.24,-3.92,-0.13,-1,203880,659920.19
APSW,2021-04-01,3.37,3.37,3.3,3.32,0.92,0.03,-1,212876,706871.63
APSW,2021-03-31,3.37,3.37,3.16,3.27,0.3,0.01,-1,386818,1265090.63
APSW,2021-03-30,3.42,3.42,3.22,3.31,4.37,0.14,-1,467023,1545359.88
APSW,2021-03-29,3.27,3.27,3.06,3.2,9.73,0.29,-1,801054,2565871.25
APSW,2021-03-28,3.04,3.04,2.74,2.98,3.48,0.1,-1,228285,680390.69
APSW,2021-03-25,2.95,2.95,2.66,2.87,0.34,0.01,-1,206689,592251
APSW,2021-03-24,3.14,3.14,2.8,2.93,-1.38,-0.04,-1,306916,899641.31
APSW,2021-03-23,3,3,2.86,2.9,-7.89,-0.25,-1,410514,1188894.5
APSW,2021-03-22,3.34,3.34,3.15,3.17,-10,-0.35,-1,437704,1388755.63
APSW,2021-03-21,3.74,3.74,3.4,3.5,-9.28,-0.35,-1,225135,788995.25
APSW,2021-03-18,3.9,3.9,3.65,3.77,-3.11,-0.12,-1,133560,503832.28
APSW,2021-03-17,3.99,3.99,3.79,3.86,-2.32,-0.09,-1,278315,1074847.25
APSW,2021-03-16,3.96,3.96,3.77,3.88,-3.53,-0.14,-1,134428,520975.56
APSW,2021-03-15,4.2,4.2,3.85,3.97,-9.62,-0.41,-1,443493,1761668.38
APSW,2021-03-14,4.33,4.33,4.17,4.26,0.71,0.03,-1,162824,694082.13
APSW,2021-03-11,4.31,4.31,4.14,4.24,0.95,0.04,-1,275439,1168539
APSW,2021-03-10,4.33,4.33,4.05,4.21,0.73,0.03,-1,365573,1537758.13
APSW,2021-03-09,4.24,4.24,4.02,4.13,-2.42,-0.1,-1,155823,643110.44
APSW,2021-03-08,4.25,4.25,4.05,4.13,-3.53,-0.15,-1,248404,1026327.94
APSW,2021-03-07,4.3,4.3,4.2,4.25,4.43,0.18,-1,137251,582928.44
APSW,2021-03-04,4.15,4.15,3.96,4.06,2.47,0.1,-1,253664,1029816.69
APSW,2021-03-03,4.25,4.25,3.9,4.05,-8.08,-0.35,-1,309912,1256669.63
APSW,2021-03-02,4.46,4.46,4.14,4.33,-5.19,-0.23,-1,335439,1452598.88
APSW,2021-03-01,4.54,4.54,4.3,4.43,-2.22,-0.1,-1,587939,2605738.5
APSW,2021-02-28,4.67,4.67,4.23,4.5,-9.38,-0.44,-1,414788,1866150.38
APSW,2021-02-25,4.8,4.8,4.62,4.69,0,0,-1,393660,1844473.5
APSW,2021-02-24,4.83,4.83,4.62,4.69,-2.7,-0.13,-1,407869,1913775.13
APSW,2021-02-23,4.99,4.99,4.68,4.81,0.64,0.03,-1,911513,4385334.5
APSW,2021-02-22,4.79,4.79,4.66,4.72,-2.3,-0.11,-1,283171,1336270.25
APSW,2021-02-21,4.85,4.85,4.72,4.79,-0.83,-0.04,-1,237300,1136724.5
APSW,2021-02-18,4.88,4.88,4.7,4.8,-1.86,-0.09,-1,487072,2336448
APSW,2021-02-17,4.94,4.94,4.74,4.83,-4.22,-0.21,-1,644531,3116252.5
APSW,2021-02-16,5.14,5.14,4.86,4.98,-3.35,-0.17,-1,1024838,5102406
APSW,2021-02-15,5.2,5.2,4.93,5.07,-2.94,-0.15,-1,1140412,5779408
APSW,2021-02-14,5.27,5.27,4.86,5.11,5.21,0.25,-1,3169563,16194444
APSW,2021-02-11,4.93,4.93,4.66,4.8,1.05,0.05,-1,1089904,5235405.5
APSW,2021-02-10,4.84,4.84,4.67,4.75,-0.21,-0.01,-1,393851,1871774.38
APSW,2021-02-09,4.8,4.8,4.65,4.71,-2.49,-0.12,-1,285931,1346718.75
APSW,2021-02-08,4.98,4.98,4.61,4.81,-5.1,-0.25,-1,939701,4523476
APSW,2021-02-07,4.97,4.97,4.76,4.9,3.4,0.16,-1,884073,4328585.5
APSW,2021-02-04,4.8,4.8,4.6,4.7,1.28,0.06,-1,689148,3237887.5
APSW,2021-02-03,4.78,4.78,4.63,4.69,-2.29,-0.11,-1,395173,1853687.63
APSW,2021-02-02,4.91,4.91,4.72,4.8,-0.84,-0.04,-1,1115630,5354534
APSW,2021-02-01,4.92,4.92,4.55,4.79,6.43,0.29,-1,2591890,12409980
APSW,2021-01-31,4.6,4.6,4.46,4.51,-3.22,-0.15,-1,801931,3618134
APSW,2021-01-27,4.85,4.85,4.54,4.66,0.22,0.01,-1,1328408,6192392
APSW,2021-01-26,4.65,4.65,4.51,4.56,-3.22,-0.15,-1,589550,2687019.25
APSW,2021-01-25,4.83,4.83,4.55,4.66,-2.36,-0.11,-1,937041,4366758
APSW,2021-01-24,4.8,4.8,4.43,4.67,5.61,0.25,-1,2173462,10143440
APSW,2021-01-21,4.55,4.55,4.4,4.46,-1.56,-0.07,-1,427079,1903893.38
APSW,2021-01-20,4.55,4.55,4.41,4.49,0,0,-1,437800,1966869.5
APSW,2021-01-19,4.5,4.5,4.34,4.42,-2.43,-0.11,-1,786751,3475717
APSW,2021-01-18,4.69,4.69,4.33,4.52,-4.14,-0.19,-1,766896,3465221.75
APSW,2021-01-17,4.68,4.68,4.48,4.59,5.07,0.22,-1,2015273,9244773
APSW,2021-01-14,4.48,4.48,4.15,4.34,8.74,0.36,-1,1988161,8634054
APSW,2021-01-13,4.18,4.18,4.03,4.12,3.73,0.15,-1,411365,1695301.5
APSW,2021-01-12,4.07,4.07,3.93,4.02,0.49,0.02,-1,147818,594724.81
APSW,2021-01-11,4.12,4.12,3.97,4.05,-2.2,-0.09,-1,363188,1470324.13
APSW,2021-01-10,4.19,4.19,4.06,4.09,-0.97,-0.04,-1,368945,1510823.75
APSW,2021-01-06,4.2,4.2,4.07,4.13,0.99,0.04,-1,227265,938404.44
APSW,2021-01-05,4.09,4.09,4.02,4.04,-0.49,-0.02,-1,133323,538709.19
APSW,2021-01-04,4.14,4.14,3.95,4.06,-2.91,-0.12,-1,412650,1674625.88
APSW,2021-01-03,4.22,4.22,4.07,4.13,-9.59,-0.04,-1,575605,2376031.25
APSW,2020-12-31,4.26,4.26,4.11,4.17,-1.88,-0.08,-1,369300,1540499.25
APSW,2020-12-30,4.37,4.37,4.17,4.25,0.47,0.02,-1,563669,2398270
APSW,2020-12-29,4.34,4.34,4.18,4.26,2.63,0.11,-1,745658,3178307.5
APSW,2020-12-28,4.27,4.27,4.03,4.18,7.09,0.28,-1,731405,3055065.5
APSW,2020-12-27,4.05,4.05,3.86,3.95,-3.94,-0.16,-1,162755,642083.31
APSW,2020-12-24,4.23,4.23,3.98,4.06,0.74,0.03,-1,333172,1351014.63
APSW,2020-12-23,4.11,4.11,4,4.05,2.53,0.1,-1,331283,1343347.38
APSW,2020-12-22,4.03,4.03,3.61,3.95,-1.5,-0.06,-1,268797,1062001.5
APSW,2020-12-21,4.22,4.22,4,4.01,-9.68,-0.43,-1,765777,3069373.5
APSW,2020-12-20,4.51,4.51,4.33,4.44,-1.8,-0.08,-1,228465,1015520.63
APSW,2020-12-17,4.53,4.53,4.36,4.44,-3.72,-0.17,-1,391147,1736455.5
APSW,2020-12-16,4.72,4.72,4.42,4.57,-6.95,-0.33,-1,336350,1535841.88
APSW,2020-12-15,4.9,4.9,4.6,4.75,-4.16,-0.2,-1,453736,2157063.5
APSW,2020-12-14,4.89,4.89,4.74,4.81,-0.21,-0.01,-1,304261,1463314.38
APSW,2020-12-13,4.86,4.86,4.65,4.76,-2.28,-0.11,-1,649713,3089929.25
APSW,2020-12-10,5.05,5.05,4.69,4.82,-4.43,-0.22,-1,704892,3398021.75
APSW,2020-12-09,5.15,5.15,4.85,4.97,-6.72,-0.35,-1,916109,4556573
APSW,2020-12-08,5.35,5.35,5.1,5.21,-1.73,-0.09,-1,914110,4761523
APSW,2020-12-07,5.32,5.32,5.09,5.21,-0.95,-0.05,-1,928569,4838459
APSW,2020-12-06,5.34,5.34,5.15,5.26,1.57,0.08,-1,629276,3309321.5
APSW,2020-12-03,5.2,5.2,5.05,5.11,-2.5,-0.13,-1,286696,1464162.38
APSW,2020-12-02,5.32,5.32,5.06,5.21,-1.93,-0.1,-1,621478,3235020.25
APSW,2020-12-01,5.25,5.25,5.04,5.18,3.39,0.17,-1,483957,2506088
APSW,2020-11-30,5.11,5.11,4.95,5.02,-1.77,-0.09,-1,158767,797615.06
APSW,2020-11-29,5.2,5.2,4.89,5.09,1.41,0.07,-1,584198,2971196.25
APSW,2020-11-26,5.2,5.2,4.8,4.96,-4.67,-0.24,-1,681958,3383248.25
APSW,2020-11-25,5.27,5.27,5.06,5.14,-3.02,-0.16,-1,587244,3018361.25
APSW,2020-11-24,5.48,5.48,5.18,5.29,-2.26,-0.12,-1,983216,5196321.5
APSW,2020-11-23,5.46,5.46,5.16,5.3,3.68,0.19,-1,1827074,9689618
APSW,2020-11-22,5.35,5.35,5.05,5.16,-3.4,-0.18,-1,1197751,6182760
APSW,2020-11-19,5.47,5.47,5.15,5.29,-5.11,-0.28,-1,1008283,5328796
APSW,2020-11-18,5.58,5.58,5.34,5.48,-0.37,-0.02,-1,1725648,9451236
APSW,2020-11-17,5.54,5.54,5.2,5.38,2.71,0.14,-1,2339535,12590398
APSW,2020-11-16,5.25,5.25,5.08,5.17,-1.7,-0.09,-1,786665,4070210
APSW,2020-11-15,5.4,5.4,5.14,5.28,-2.07,-0.11,-1,1517978,8008811.5
APSW,2020-11-12,5.5,5.5,5.15,5.31,-4.26,-0.23,-1,1449953,7694061.5
APSW,2020-11-11,5.48,5.48,5.28,5.4,5.26,0.27,-1,2554253,13801806
APSW,2020-11-10,5.32,5.32,4.87,5.13,9.92,0.48,-1,3448384,17679814
APSW,2020-11-09,4.91,4.91,4.69,4.84,5.59,0.26,-1,923105,4467408.5
APSW,2020-11-08,4.77,4.77,4.55,4.65,0.85,0.04,-1,455439,2118028.5
APSW,2020-11-05,4.84,4.84,4.54,4.69,0.85,0.04,-1,702259,3295980.75
APSW,2020-11-04,4.84,4.84,4.62,4.71,-1.47,-0.07,-1,370355,1744299.25
APSW,2020-11-03,4.88,4.88,4.59,4.75,-1.45,-0.07,-1,1316632,6252600.5
APSW,2020-11-02,5.05,5.05,4.31,4.82,-4.23,-0.2,-1,1438911,6931272.5
APSW,2020-11-01,4.94,4.94,4.5,4.73,2.15,0.1,-1,1184130,5595313.5
APSW,2020-10-28,4.79,4.79,4.45,4.66,1.11,0.05,-1,1440358,6714334.5
APSW,2020-10-27,4.65,4.65,4.23,4.52,9.93,0.42,-1,1651920,7473318
APSW,2020-10-26,4.31,4.31,4,4.23,2.91,0.12,-1,794525,3357855.75
APSW,2020-10-25,4.28,4.28,3.95,4.13,-1.88,-0.08,-1,885938,3656592.75
APSW,2020-10-22,4.47,4.47,4.14,4.25,-9.8,-0.45,-1,751046,3190902.25
APSW,2020-10-21,4.9,4.9,4.36,4.59,-9.92,-0.48,-1,1915799,8800905
APSW,2020-10-20,5,5,4.73,4.84,-4.19,-0.21,-1,1037566,5021963.5
APSW,2020-10-19,5.35,5.35,4.83,5.01,-8.99,-0.48,-1,2014927,10094498
APSW,2020-10-18,5.46,5.46,5.17,5.34,-0.38,-0.02,-1,811408,4330850
APSW,2020-10-15,5.49,5.49,5.19,5.29,-3.67,-0.2,-1,495343,2618932
APSW,2020-10-14,5.54,5.54,5.32,5.45,1.31,0.07,-1,589364,3210512.75
APSW,2020-10-13,5.5,5.5,5.14,5.33,-5.76,-0.32,-1,512021,2726739
APSW,2020-10-12,5.72,5.72,5.4,5.56,-1.1,-0.06,-1,2038918,11336322
APSW,2020-10-11,5.6,5.6,5.36,5.47,0.75,0.04,-1,1083097,5928404.5
APSW,2020-10-07,5.6,5.6,5.22,5.35,-3.25,-0.18,-1,1043845,5580658.5
APSW,2020-10-06,5.65,5.65,5.37,5.53,1.47,0.08,-1,1245735,6884950.5
APSW,2020-10-05,5.68,5.68,5.16,5.45,-2.33,-0.13,-1,1630885,8881771
APSW,2020-10-04,5.85,5.85,5.28,5.58,-0.53,-0.03,-1,1659299,9262290
APSW,2020-10-01,5.8,5.8,5.44,5.61,-2.83,-0.16,-1,927238,5205801
APSW,2020-09-30,5.85,5.85,5.45,5.66,-6.6,-0.39,-1,1021546,5782073.5
APSW,2020-09-29,6.21,6.21,5.71,5.91,-6.07,-0.37,-1,1348444,7968563
APSW,2020-09-28,6.47,6.47,5.81,6.1,-8.88,-0.57,-1,1727219,10532094
APSW,2020-09-27,6.55,6.55,6.18,6.42,-4.43,-0.29,-1,2085245,13386781
APSW,2020-09-24,6.8,6.8,6.26,6.54,-2.44,-0.16,-1,1700769,11128905
APSW,2020-09-23,6.89,6.89,6.2,6.56,-2.53,-0.17,-1,3528841,23163768
APSW,2020-09-22,7.07,7.07,6.32,6.71,4.35,0.28,-1,3167154,21262674
APSW,2020-09-21,6.46,6.46,6.16,6.43,9.86,0.58,-1,3322145,21371124
APSW,2020-09-20,6,6,5.57,5.88,9.89,0.54,-1,1860700,10936303
APSW,2020-09-17,5.57,5.57,5.2,5.46,9.86,0.5,-1,3884409,21205558
APSW,2020-09-16,5.08,5.08,4.89,5.07,9.96,0.46,-1,2828558,14338833
APSW,2020-09-15,4.84,4.84,4.23,4.62,9.09,0.4,-1,5760675,26610096
APSW,2020-09-14,4.6,4.6,4.25,4.4,2.39,0.1,-1,2267322,9981365
APSW,2020-09-13,4.32,4.32,3.99,4.19,6.62,0.26,-1,2720851,11407188
APSW,2020-09-10,4.06,4.06,3.86,3.93,4.32,0.16,-1,1610796,6323557.5
APSW,2020-09-09,3.84,3.84,3.45,3.7,3.06,0.11,-1,1702386,6297918
APSW,2020-09-08,3.85,3.85,3.51,3.59,-8.74,-0.34,-1,1655412,5950619.5
APSW,2020-09-07,4.15,4.15,3.71,3.89,-6.62,-0.27,-1,1311876,5101765
APSW,2020-09-06,4.22,4.22,3.91,4.08,-2.2,-0.09,-1,1455899,5936368
APSW,2020-09-03,4.17,4.17,4.01,4.09,-3.6,-0.15,-1,1172703,4793511
APSW,2020-09-02,4.35,4.35,4,4.17,-1.92,-0.08,-1,1128374,4703214
APSW,2020-09-01,4.35,4.35,4.01,4.16,2.44,0.1,-1,2165269,9016474
APSW,2020-08-31,4.15,4.15,3.92,4.09,5.82,0.22,-1,2698284,11032717
APSW,2020-08-30,3.9,3.9,3.58,3.78,9.86,0.35,-1,2298123,8696429
APSW,2020-08-27,3.64,3.64,3.45,3.55,5.97,0.2,-1,2081297,7387698.5
APSW,2020-08-26,3.49,3.49,3.3,3.35,-2.9,-0.1,-1,703797,2357311.5
APSW,2020-08-25,3.57,3.57,3.32,3.45,6.15,0.2,-1,1564261,5392596.5
APSW,2020-08-24,3.32,3.32,3.19,3.25,0,0,-1,146558,475737.47
APSW,2020-08-19,3.31,3.31,3.15,3.21,-0.94,-0.03,-1,665264,2132305.75
APSW,2020-08-18,3.28,3.28,3.09,3.19,-0.92,-0.03,-1,1148230,3665649
APSW,2020-08-17,3.43,3.43,3.12,3.26,-7.96,-0.27,-1,952217,3108651
APSW,2020-08-16,3.48,3.48,3.29,3.39,2.13,0.07,-1,902456,3056439.5
APSW,2020-08-13,3.36,3.36,3.23,3.29,-0.9,-0.03,-1,754242,2484458.25
APSW,2020-08-12,3.44,3.44,3.05,3.32,-0.62,-0.02,-1,1733732,5755188
APSW,2020-08-11,3.29,3.29,3.16,3.23,5.21,0.16,-1,1962279,6338783.5
APSW,2020-08-10,3.1,3.1,3,3.07,-0.65,-0.02,-1,686256,2109696.25
APSW,2020-08-09,3.14,3.14,3.04,3.09,0.99,0.03,-1,643131,1985137.25
APSW,2020-08-06,3.1,3.1,2.95,3.03,-4.53,-0.14,-1,432298,1308948.38
APSW,2020-08-05,3.19,3.19,3.03,3.09,-1.61,-0.05,-1,1119505,3457509.75
APSW,2020-08-04,3.2,3.2,2.91,3.11,2.31,0.07,-1,1159835,3608957.5
APSW,2020-07-29,3.1,3.1,2.9,3.03,3.41,0.1,-1,727172,2206371.5
APSW,2020-07-28,3.07,3.07,2.88,2.93,-4.56,-0.14,-1,321047,940632.25
APSW,2020-07-27,3.16,3.16,2.96,3.07,-1.33,-0.04,-1,1134107,3484369
APSW,2020-07-26,3.06,3.06,2.88,3,9.68,0.27,-1,1637952,4917334
APSW,2020-07-22,2.85,2.85,2.7,2.79,1.07,0.03,-1,834013,2323738
APSW,2020-07-21,2.9,2.9,2.73,2.8,-1.07,-0.03,-1,399922,1119488.13
APSW,2020-07-20,2.9,2.9,2.7,2.81,2.18,0.06,-1,1117015,3138756.75
APSW,2020-07-19,2.9,2.9,2.49,2.75,-2.17,-0.06,-1,1215242,3336582
APSW,2020-07-16,2.9,2.9,2.65,2.76,0,0,-1,448514,1239387.13
APSW,2020-07-15,3.15,3.15,2.64,2.8,-7.17,-0.21,-1,1416159,3959276.5
APSW,2020-07-14,3.01,3.01,2.8,2.93,-3.23,-0.1,-1,481409,1412337.88
APSW,2020-07-13,3.27,3.27,3,3.1,1.64,0.05,-1,928501,2878240.75
APSW,2020-07-12,3.11,3.11,2.91,3.05,7.77,0.22,-1,776875,2370315.02
APSW,2020-07-09,3,3,2.79,2.83,-8.41,-0.26,-1,695916,1966656.63
APSW,2020-07-08,3.32,3.32,2.92,3.09,-4.63,-0.15,-1,773262,2393191
APSW,2020-07-07,3.32,3.32,3.16,3.24,-1.24,-0.04,-1,1168029,3788847.75
APSW,2020-07-06,3.24,3.24,3.12,3.22,9.15,0.27,-1,1998373,6443542.5
APSW,2020-07-05,3.02,3.02,2.76,2.95,6.12,0.17,-1,1118644,3294999.5
APSW,2020-06-30,2.85,2.85,2.7,2.78,-0.36,-0.01,-1,461927,1282900.88
APSW,2020-06-29,2.86,2.86,2.71,2.79,1.09,0.03,-1,703367,1961264.5
APSW,2020-06-28,2.89,2.89,2.7,2.76,-4.5,-0.13,-1,610675,1687600.13
APSW,2020-06-25,3.08,3.08,2.69,2.89,-3.02,-0.09,-1,755841,2187214.5
APSW,2020-06-24,3.1,3.1,2.9,2.98,3.47,0.1,-1,1130943,3367992.75
APSW,2020-06-23,2.95,2.95,2.57,2.88,7.06,0.19,-1,1889514,5446077.5
APSW,2020-06-22,2.8,2.8,2.58,2.69,-0.39,-0.01,-1,705058,1898833.38
APSW,2020-06-21,2.66,2.66,2.52,2.59,-4.43,-0.12,-1,908769,2352051.75
APSW,2020-06-18,2.931,2.931,2.54,2.708,11.762,0.285,-1,1895138,5132334
APSW,2020-06-17,2.423,2.423,2.423,2.423,9.99,0.22,-1,145407,352321.156
APSW,2020-06-16,2.203,2.203,2.203,2.203,9.99,0.2,-1,107437,236683.719
APSW,2020-06-15,2.003,2.003,1.892,2.003,9.99,0.182,-1,280337,561500
APSW,2020-06-14,1.889,1.889,1.78,1.821,-3.575,-0.066,-1,398085,724933.75
APSW,2020-06-11,1.92,1.92,1.84,1.846,-2.28,-0.043,-1,153628,283649.313
APSW,2020-06-10,1.97,1.97,1.85,1.889,-0.853,-0.016,-1,612111,1156172.75
APSW,2020-06-09,1.901,1.901,1.85,1.876,-1.05,-0.02,-1,226428,424782.094
APSW,2020-06-08,1.95,1.95,1.862,1.896,1.83,0.034,-1,297481,564110.5
APSW,2020-06-07,1.9,1.9,1.812,1.862,2.93,0.053,-1,257747,479901.56
APSW,2020-06-04,1.83,1.83,1.8,1.809,0.498,0.009,-1,241353,436701.375
APSW,2020-06-03,1.85,1.85,1.776,1.806,0.44,0.008,-1,366218,661392.688
APSW,2020-06-02,1.82,1.82,1.772,1.798,-1.75,-0.032,-1,163331,293700
APSW,2020-06-01,1.97,1.97,1.781,1.83,1.95,0.035,-1,231209,423041.656
APSW,2020-05-31,1.81,1.81,1.752,1.795,1.07,0.019,-1,111552,200291.391
APSW,2020-05-21,1.816,1.816,1.73,1.776,4.106,0.071,-1,423606,752393.75
APSW,2020-05-20,1.77,1.77,1.671,1.729,3.595,0.06,-1,480991,831711.875
APSW,2020-05-19,1.689,1.689,1.62,1.669,8.66,0.133,-1,481987,804485.688
APSW,2020-05-18,1.611,1.611,1.5,1.536,6.242,0.094,-1,1424680,2188693.25
APSW,2020-05-17,1.548,1.548,1.5,1.506,0.67,0.01,-1,123409,185892.641
APSW,2020-05-14,1.51,1.51,1.486,1.496,0,0,-1,71176,106507.688
APSW,2020-05-13,1.534,1.534,1.476,1.496,0.2,0.003,-1,180595,270146.625
APSW,2020-05-12,1.568,1.568,1.45,1.493,2.89,0.042,-1,1385622,2068703.875
APSW,2020-05-11,1.55,1.55,1.436,1.451,-9.03,-0.144,-1,1295181,1878848
APSW,2020-05-10,1.62,1.62,1.593,1.595,-9.89,-0.175,-1,395439,630811.313
APSW,2020-05-07,1.9,1.9,1.74,1.77,-8.29,-0.16,-1,390573,689721.81
APSW,2020-05-06,1.99,1.99,1.91,1.93,-2.03,-0.04,-1,34000,65640
APSW,2020-05-05,2,2,1.91,1.97,0,0,-1,3336,6596.76
APSW,2020-05-04,1.95,1.95,1.9,1.97,0,0,-1,10462,20164.91
APSW,2020-05-03,2.04,2.04,1.88,1.97,-4.83,-0.1,-1,76123,149641.81
APSW,2020-04-30,2.11,2.11,2.05,2.07,-1.9,-0.04,-1,53266,110355.07
APSW,2020-04-29,2.15,2.15,2.08,2.11,-2.31,-0.05,-1,31387,66113.73
APSW,2020-04-28,2.19,2.19,2.07,2.16,0.93,0.02,-1,111696,241330.66
APSW,2020-04-27,2.2,2.2,2.04,2.14,-1.38,-0.03,-1,112161,240470.14
APSW,2020-04-26,2.23,2.23,2.09,2.17,6.37,0.13,-1,28754,62499.02
APSW,2020-04-23,2.09,2.09,2.01,2.041,2.56,0.051,-1,62286,127133.094
APSW,2020-04-22,2,2,1.962,1.99,0,0,-1,14726,29129.619
APSW,2020-04-21,2,2,1.97,1.99,0.15,0.003,-1,329008,654712.188
APSW,2020-04-16,2.069,2.069,1.972,1.987,-1.14,-0.023,-1,52010,103337.438
APSW,2020-04-15,2.05,2.05,1.981,2.01,0,0,-1,12000,24302
APSW,2020-04-14,2.04,2.04,1.976,2.01,1.457,0.029,-1,62539,125724.82
APSW,2020-04-13,2.04,2.04,1.976,1.991,0,0,-1,293,582.168
APSW,2020-04-12,2.04,2.04,2.04,1.991,0,0,-1,5000,10200
APSW,2020-04-09,2.03,2.03,1.96,1.991,-1.49,-0.03,-1,36950,73552
APSW,2020-04-08,2.039,2.039,1.931,2.018,4.12,0.08,-1,43500,87789.66
APSW,2020-04-07,1.98,1.98,1.92,1.94,1.04,0.02,-1,36858,71522.26
APSW,2020-04-05,1.94,1.94,1.87,1.919,-2.55,-0.05,-1,13633,26242.71
APSW,2020-04-02,1.98,1.98,1.87,1.919,0,0,-1,12047,23764.87
APSW,2020-04-01,1.93,1.93,1.83,1.919,0,0,-1,11243,21524.69
APSW,2020-03-31,1.99,1.99,1.9,1.919,-0.52,-0.01,-1,38170,73229.5
APSW,2020-03-30,1.92,1.92,1.83,1.927,0,0,-1,11519,21902.82
APSW,2020-03-29,1.97,1.97,1.91,1.927,0.52,0.01,-1,20641,39778.17
APSW,2020-03-26,1.91,1.91,1.91,1.92,0,0,-1,3500,6685
APSW,2020-03-25,1.93,1.93,1.8,1.921,9.71,0.17,-1,117513,225702.94
APSW,2020-03-24,1.764,1.764,1.671,1.755,9.37,0.15,-1,259357,455124.63
APSW,2020-03-23,1.701,1.701,1.5,1.604,-1.84,-0.03,-1,231644,371466.63
APSW,2020-03-22,1.7,1.7,1.531,1.635,0.62,0.01,-1,64122,104860.38
APSW,2020-03-19,1.77,1.77,1.51,1.62,0,0,-1,105349,170836.11
APSW,2020-03-18,1.56,1.56,1.46,1.62,0,0,-1,18500,27303.73
APSW,2020-03-17,1.7,1.7,1.54,1.62,-4.14,-0.07,-1,296448,479011.88
APSW,2020-03-16,1.79,1.79,1.65,1.69,-7.14,-0.13,-1,91374,154715
APSW,2020-03-15,1.83,1.83,1.82,1.82,-9,-0.18,-1,35315,64376.45
APSW,2020-03-11,2.06,2.06,1.97,2,-3.38,-0.07,-1,18902,37799.5
APSW,2020-03-09,2.25,2.25,1.88,2.07,0.98,0.02,-1,139984,290466.38
APSW,2020-03-08,2.1,2.1,2,2.05,-3.3,-0.07,-1,130615,267578.38
APSW,2020-03-05,2.14,2.14,2.07,2.12,2.42,0.05,-1,21943,46470.18
APSW,2020-03-04,2.1,2.1,2.06,2.07,-0.96,-0.02,-1,17625,36466.18
APSW,2020-03-03,2.13,2.13,2.06,2.09,-0.48,-0.01,-1,33403,69922.88
APSW,2020-03-02,2.2,2.2,2.01,2.1,-0.94,-0.02,-1,31076,65167.72
APSW,2020-03-01,2.19,2.19,2.07,2.12,-6.19,-0.14,-1,46170,97994.06
APSW,2020-02-27,2.3,2.3,2.23,2.26,-1.74,-0.04,-1,70562,159295.38
APSW,2020-02-26,2.3,2.3,2.22,2.3,-0.86,-0.02,-1,43872,100771.44
APSW,2020-02-25,2.4,2.4,2.27,2.32,3.11,0.07,-1,121645,282737.75
APSW,2020-02-24,2.3,2.3,2.2,2.25,-3.43,-0.08,-1,144312,324024.53
APSW,2020-02-23,2.4,2.4,2.28,2.33,-1.69,-0.04,-1,28156,65545.83
APSW,2020-02-20,2.45,2.45,2.27,2.37,1.28,0.03,-1,235098,557814.25
APSW,2020-02-19,2.39,2.39,2.29,2.34,-0.43,-0.01,-1,54579,127666.19
APSW,2020-02-18,2.41,2.41,2.26,2.35,-4.47,-0.11,-1,90621,213159.55
APSW,2020-02-17,2.49,2.49,2.41,2.46,3.36,0.08,-1,113667,279740.84
APSW,2020-02-16,2.46,2.46,2.24,2.38,2.15,0.05,-1,354510,843352.38
APSW,2020-02-13,2.39,2.39,2.27,2.33,2.64,0.06,-1,194223,451760.97
APSW,2020-02-12,2.3,2.3,2.22,2.27,-2.58,-0.06,-1,134569,305175.69
APSW,2020-02-11,2.4,2.4,2.25,2.33,5.43,0.12,-1,219391,510673.25
APSW,2020-02-10,2.3,2.3,2.14,2.21,1.84,0.04,-1,420015,930132.75
APSW,2020-02-09,2.2,2.2,2.16,2.17,0.46,0.01,-1,17949,39014.75
APSW,2020-02-06,2.18,2.18,2.15,2.16,-0.92,-0.02,-1,108327,233898.7
APSW,2020-02-05,2.23,2.23,2.15,2.18,-0.909,-0.02,-1,83038,181169.98
APSW,2020-02-04,2.25,2.25,2.15,2.2,1.85,0.04,-1,101867,224421.22
APSW,2020-02-03,2.18,2.18,2.13,2.16,-0.46,-0.01,-1,25153,54244.95
APSW,2020-02-02,2.18,2.18,2.15,2.17,0.46,0.01,-1,35541,77049.65
APSW,2020-01-30,2.18,2.18,2.12,2.16,0.47,0.01,-1,57657,124454.31
APSW,2020-01-29,2.18,2.18,2.12,2.15,-0.92,-0.02,-1,69748,149955.5
APSW,2020-01-28,2.12,2.12,2.11,2.17,0,0,-1,4170,8825.9
APSW,2020-01-27,2.13,2.13,2.1,2.17,0,0,-1,5539,11687.9
APSW,2020-01-26,2.22,2.22,2.15,2.17,-0.91,-0.02,-1,30346,65858.63
APSW,2020-01-23,2.2,2.2,2.12,2.19,2.34,0.05,-1,54406,119325.76
APSW,2020-01-22,2.14,2.14,2.14,2.14,0,0,-1,9056,19379.84
APSW,2020-01-21,2.15,2.15,2.13,2.14,0,0,-1,44164,94555.52
APSW,2020-01-20,2.2,2.2,2.12,2.14,0,0,-1,39605,84750.62
APSW,2020-01-19,2.15,2.15,2.11,2.14,0,0,-1,32432,69531.66
APSW,2020-01-16,2.15,2.15,2.11,2.14,-0.47,-0.01,-1,24285,51864.03
APSW,2020-01-15,2.15,2.15,2.12,2.15,0.94,0.02,-1,51442,110464.71
APSW,2020-01-14,2.15,2.15,2.09,2.13,-0.47,-0.01,-1,18591,39679.53
APSW,2020-01-13,2.14,2.14,2.13,2.14,0,0,-1,34262,73234.89
APSW,2020-01-12,2.16,2.16,2.11,2.14,0.47,0.01,-1,106903,228765.33
APSW,2020-01-09,2.15,2.15,2.1,2.13,2.4,0.05,-1,45968,98017.05
APSW,2020-01-08,2.1,2.1,2,2.08,4.52,0.09,-1,30100,62568.28
APSW,2020-01-06,2.1,2.1,1.83,1.99,-1.97,-0.04,-1,32248,64215.64
APSW,2020-01-05,2.1,2.1,2,2.03,-6.45,-0.14,-1,46646,94561.32
APSW,2020-01-02,2.15,2.15,2.14,2.17,0,0,-1,12462,26788.68
APSW,2019-12-31,2.2,2.2,2.14,2.17,1.88,0.04,-1,42020,91117.86
APSW,2019-12-30,2.19,2.19,2.14,2.13,0,0,-1,11237,24288.31
APSW,2019-12-29,2.2,2.2,2.12,2.13,-0.93,-0.02,-1,29261,62424.57
APSW,2019-12-26,2.2,2.2,2.19,2.15,0,0,-1,5000,10970
APSW,2019-12-25,2.18,2.18,2.12,2.15,0.94,0.02,-1,27277,58565.06
APSW,2019-12-24,2.14,2.14,2.13,2.13,-0.93,-0.02,-1,53973,114992.49
APSW,2019-12-23,2.2,2.2,2.14,2.15,0,0,-1,40092,86258.26
APSW,2019-12-22,2.16,2.16,2.13,2.15,-1.38,-0.03,-1,21176,45430.88
APSW,2019-12-19,2.22,2.22,2.16,2.18,-1.81,-0.04,-1,73211,159512.63
APSW,2019-12-18,2.23,2.23,2.17,2.21,2.31,0.05,-1,87809,194444.89
APSW,2019-12-17,2.2,2.2,2.14,2.16,-1.82,-0.04,-1,30308,65556.37
APSW,2019-12-16,2.21,2.21,2.12,2.2,0.46,0.01,-1,34015,74879.27
APSW,2019-12-15,2.21,2.21,2.12,2.19,2.34,0.05,-1,50219,110083.22
APSW,2019-12-12,2.15,2.15,2.1,2.14,0,0,-1,46546,99526.96
APSW,2019-12-11,2.13,2.13,2.13,2.15,0,0,-1,1100,2343
APSW,2019-12-10,2.19,2.19,2.1,2.15,1.9,0.04,-1,21887,47000.63
APSW,2019-12-09,2.12,2.12,2.09,2.11,0.96,0.02,-1,30330,63920.75
APSW,2019-12-08,2.1,2.1,2.07,2.09,-1.88,-0.04,-1,22328,46716.84
APSW,2019-12-05,2.17,2.17,2.11,2.13,0.47,0.01,-1,46151,98211.09
APSW,2019-12-04,2.11,2.11,2.1,2.12,0,0,-1,5270,11116.04
APSW,2019-12-03,2.2,2.2,1.98,2.12,0,0,-1,83066,176174.41
APSW,2019-12-02,2.2,2.2,2.03,2.12,-4.5,-0.1,-1,24335,51659.89
APSW,2019-12-01,2.25,2.25,2.2,2.22,-2.22,-0.05,-1,15127,33541.1
APSW,2019-11-28,2.3,2.3,2.25,2.25,0,0,-1,1525,3471.25
APSW,2019-11-27,2.3,2.3,2.24,2.25,-1.75,-0.04,-1,73614,165993.97
APSW,2019-11-26,2.33,2.33,2.26,2.29,-1.72,-0.04,-1,28949,66148.92
APSW,2019-11-25,2.39,2.39,2.27,2.33,1.3,0.03,-1,104864,244799.31
APSW,2019-11-24,2.34,2.34,2.22,2.3,0.44,0.01,-1,50655,116699.87
APSW,2019-11-21,2.31,2.31,2.22,2.29,3.15,0.07,-1,188210,430650.63
APSW,2019-11-20,2.26,2.26,2.17,2.22,1.83,0.04,-1,47603,105778.09
APSW,2019-11-19,2.24,2.24,2.16,2.18,0,0,-1,26475,57696
APSW,2019-11-18,2.2,2.2,2.15,2.18,1.4,0.03,-1,97200,211498.52
APSW,2019-11-17,2.17,2.17,2.13,2.15,0,0,-1,136538,293740.44
APSW,2019-11-14,2.15,2.15,2.14,2.15,0,0,-1,32531,69860.65
APSW,2019-11-13,2.17,2.17,2.13,2.15,-2.27,-0.05,-1,34552,74445.76
APSW,2019-11-12,2.22,2.22,2.17,2.2,1.85,0.04,-1,47093,103447.42
APSW,2019-11-11,2.23,2.23,2.13,2.16,-0.92,-0.02,-1,18337,39553.83
APSW,2019-11-07,2.19,2.19,2.17,2.18,0.92,0.02,-1,63031,137467.13
APSW,2019-11-06,2.19,2.19,2.15,2.17,-2.25,-0.05,-1,53679,116446.42
APSW,2019-11-05,2.25,2.25,2.21,2.22,0.91,0.02,-1,20097,44693.21
APSW,2019-11-04,2.22,2.22,2.17,2.2,0.92,0.02,-1,60023,131773.16
APSW,2019-11-03,2.19,2.19,2.17,2.18,0,0,-1,29265,63715.75
APSW,2019-10-31,2.2,2.2,2.15,2.18,0,0,-1,64230,140197.92
APSW,2019-10-30,2.2,2.2,2.15,2.18,1.4,0.03,-1,87638,190620.98
APSW,2019-10-29,2.18,2.18,2.13,2.15,0,0,-1,89399,191897.55
APSW,2019-10-28,2.18,2.18,2.15,2.15,0.47,0.01,-1,64181,138074.19
APSW,2019-10-27,2.16,2.16,2.12,2.14,0.47,0.01,-1,54000,115722.87
APSW,2019-10-24,2.15,2.15,2.1,2.13,0,0,-1,49354,104976.09
APSW,2019-10-23,2.15,2.15,2.06,2.13,-0.93,-0.02,-1,75766,161368.95
APSW,2019-10-22,2.18,2.18,2.11,2.15,0,0,-1,31443,67754.25
APSW,2019-10-21,2.15,2.15,2.15,2.15,0,0,-1,157540,338711
APSW,2019-10-20,2.16,2.16,2.15,2.15,-0.46,-0.01,-1,45686,98278.44
APSW,2019-10-17,2.2,2.2,2.14,2.16,0.47,0.01,-1,94543,203882.8
APSW,2019-10-16,2.15,2.15,2.14,2.15,0,0,-1,18316,39329.4
APSW,2019-10-15,2.2,2.2,2.14,2.15,0.47,0.01,-1,36830,79082.32
APSW,2019-10-14,2.15,2.15,2.13,2.14,0.47,0.01,-1,51498,110462.34
APSW,2019-10-13,2.14,2.14,2.12,2.13,-0.93,-0.02,-1,14762,31502.8
APSW,2019-10-10,2.16,2.16,2.13,2.15,-0.922,-0.02,-1,72790,156551.44
APSW,2019-10-09,2.18,2.18,2.15,2.17,-0.46,-0.01,-1,72594,157663.42
APSW,2019-10-08,2.27,2.27,2.12,2.18,-3.18,-0.07,-1,190461,414539.13
APSW,2019-10-07,2.24,2.24,2.17,2.2,3.29,0.07,-1,523318,1151451
APSW,2019-10-03,2.2,2.2,2.05,2.13,2.4,0.05,-1,293249,624773.5
APSW,2019-10-02,2.14,2.14,2.05,2.08,-1.42,-0.03,-1,833157,1736689.5
APSW,2019-10-01,2.2,2.2,2.07,2.11,-6.22,-0.14,-1,360331,760079.31
APSW,2019-09-30,2.3,2.3,2.17,2.25,0.446,0.01,-1,62318,140294.86
APSW,2019-09-29,2.25,2.25,2.19,2.24,9.27,0.19,-1,157357,352322.66
APSW,2019-09-26,2.06,2.06,2,2.05,2.5,0.05,-1,141922,291333.78
APSW,2019-09-25,2.04,2.04,1.85,2,7.53,0.14,-1,344987,691196.75
APSW,2019-09-24,1.98,1.98,1.75,1.86,-2.11,-0.04,-1,109949,204550.22
APSW,2019-09-23,2,2,1.83,1.9,-5,-0.1,-1,96117,182408.34
APSW,2019-09-22,2.11,2.11,1.97,2,-8.26,-0.18,-1,176133,352484.22
APSW,2019-09-19,2.22,2.22,2.08,2.18,5.83,0.12,-1,85443,185845.52
APSW,2019-09-18,2.14,2.14,2.02,2.06,-1.9,-0.04,-1,121682,250895.8
APSW,2019-09-17,2.27,2.27,2.06,2.1,-7.89,-0.18,-1,235190,493314.84
APSW,2019-09-16,2.3,2.3,2.26,2.28,-1.3,-0.03,-1,78550,179050.59
APSW,2019-09-15,2.37,2.37,2.27,2.31,0.43,0.01,-1,113012,260631.38
APSW,2019-09-12,2.32,2.32,2.28,2.3,1.32,0.03,-1,41857,96276.33
APSW,2019-09-11,2.31,2.31,2.27,2.27,-2.155,-0.05,-1,116962,265923.75
APSW,2019-09-10,2.35,2.35,2.3,2.32,-0.43,-0.01,-1,32481,75323.61
APSW,2019-09-09,2.35,2.35,2.27,2.33,1.3,0.03,-1,83160,193436.36
APSW,2019-09-08,2.31,2.31,2.28,2.3,0.44,0.01,-1,31987,73470.66
APSW,2019-09-05,2.32,2.32,2.26,2.29,1.78,0.04,-1,54007,123647.4
APSW,2019-09-04,2.32,2.32,2.25,2.25,0,0,-1,11884,26959.4
APSW,2019-09-03,2.26,2.26,2.24,2.25,-0.88,-0.02,-1,78252,176015.98
APSW,2019-09-02,2.35,2.35,2.25,2.27,-1.73,-0.04,-1,74847,169763.94
APSW,2019-09-01,2.36,2.36,2.26,2.31,0.43,0.01,-1,71741,165685.05
APSW,2019-08-29,2.3,2.3,2.23,2.3,-0.43,-0.01,-1,45634,104801.53
APSW,2019-08-28,2.34,2.34,2.26,2.31,3.12,0.07,-1,32914,75986.34
APSW,2019-08-27,2.33,2.33,2.2,2.24,-0.44,-0.01,-1,70900,158589.72
APSW,2019-08-26,2.34,2.34,2.06,2.25,0.897,0.02,-1,209964,471715.34
APSW,2019-08-25,2.25,2.25,2.2,2.23,0.9,0.02,-1,80761,180298.7
APSW,2019-08-22,2.27,2.27,2.2,2.21,-0.45,-0.01,-1,137070,302668.31
APSW,2019-08-21,2.29,2.29,2.19,2.22,0.91,0.02,-1,76079,168939.05
APSW,2019-08-20,2.24,2.24,2.14,2.2,0.46,0.01,-1,195172,428543.78
APSW,2019-08-19,2.2,2.2,2.17,2.19,-0.45,-0.01,-1,25108,54980.52
APSW,2019-08-18,2.24,2.24,2.18,2.2,0.46,0.01,-1,126972,279327.25
APSW,2019-08-15,2.22,2.22,2.14,2.19,-1.79,-0.04,-1,37861,83101.59
APSW,2019-08-14,2.3,2.3,2.07,2.23,6.19,0.13,-1,116380,259397.86
APSW,2019-08-08,2.14,2.14,2.06,2.1,3.45,0.07,-1,230911,485534.41
APSW,2019-08-07,2.1,2.1,1.96,2.03,4.1,0.08,-1,135663,274793.91
APSW,2019-08-06,1.98,1.98,1.95,1.95,-2.01,-0.04,-1,24982,48814.9
APSW,2019-08-05,2,2,1.95,1.99,0,0,-1,9993,19794.85
APSW,2019-08-04,2,2,1.87,1.99,-0.5,-0.01,-1,139176,277172.88
APSW,2019-08-01,2.02,2.02,1.95,2,4.71,0.09,-1,141272,282775.84
APSW,2019-07-31,2,2,1.87,1.91,-4.5,-0.09,-1,123527,236190.77
APSW,2019-07-30,2.06,2.06,1.95,2,-0.5,-0.01,-1,177788,355377.56
APSW,2019-07-29,2.11,2.11,2,2.01,2.03,0.04,-1,458817,920700.56
APSW,2019-07-28,2.11,2.11,1.91,1.97,-7.08,-0.15,-1,225083,443205.81
APSW,2019-07-25,2.16,2.16,2.11,2.12,-0.93,-0.02,-1,24152,51215.33
APSW,2019-07-24,2.2,2.2,2.07,2.14,1.38,0.03,-1,54618,116750.36
APSW,2019-07-22,2.18,2.18,2.15,2.17,-1.36,-0.03,-1,18306,39662.9
APSW,2019-07-21,2.21,2.21,2.17,2.2,-2.22,-0.05,-1,362239,796913.81
APSW,2019-07-18,2.26,2.26,2.19,2.25,2.74,0.06,-1,96377,216473.78
APSW,2019-07-17,2.2,2.2,2.14,2.19,0.92,0.02,-1,51944,113948.61
APSW,2019-07-16,2.18,2.18,2.15,2.17,0.93,0.02,-1,23006,49876.88
APSW,2019-07-15,2.2,2.2,2.15,2.15,-0.92,-0.02,-1,51114,110141.1
APSW,2019-07-14,2.2,2.2,2.13,2.17,-2.69,-0.06,-1,60871,132109.33
APSW,2019-07-11,2.24,2.24,2.22,2.23,-1.762,-0.04,-1,110858,247325.55
APSW,2019-07-10,2.34,2.34,2.23,2.27,1.79,0.04,-1,168035,381321.16
APSW,2019-07-09,2.29,2.29,2.17,2.23,2.29,0.05,-1,147393,328884.56
APSW,2019-07-08,2.25,2.25,2.16,2.18,-0.46,-0.01,-1,49320,107612.24
APSW,2019-07-07,2.2,2.2,2.17,2.19,0,0,-1,64579,141523.55
APSW,2019-07-04,2.21,2.21,2.19,2.2,-0.9,-0.02,-1,69247,152331.47
APSW,2019-07-03,2.31,2.31,2.2,2.22,0.91,0.02,-1,39687,88233.89
APSW,2019-07-02,2.23,2.23,2.2,2.2,0,0,-1,23863,52612.6
APSW,2019-06-27,2.21,2.21,2.2,2.2,0,0,-1,33698,74153.6
APSW,2019-06-26,2.23,2.23,2.19,2.2,0.92,0.02,-1,49439,108951.47
APSW,2019-06-25,2.26,2.26,2.14,2.18,0.46,0.01,-1,178978,389774.44
APSW,2019-06-24,2.2,2.2,2.14,2.17,-0.91,-0.02,-1,280145,608111.25
APSW,2019-06-23,2.23,2.23,2.16,2.19,-0.45,-0.01,-1,270939,593672.31
APSW,2019-06-20,2.25,2.25,2.17,2.2,-2.22,-0.05,-1,58996,129709.12
APSW,2019-06-19,2.3,2.3,2.24,2.25,-2.17,-0.05,-1,43350,97697.97
APSW,2019-06-18,2.35,2.35,2.27,2.3,-1.71,-0.04,-1,258310,592829.81
APSW,2019-06-17,2.39,2.39,2.24,2.34,2.64,0.06,-1,275724,645745.88
APSW,2019-06-16,2.35,2.35,2.25,2.27,-0.87,-0.02,-1,152257,345437
APSW,2019-06-13,2.34,2.34,2.28,2.29,-0.87,-0.02,-1,65359,149717.52
APSW,2019-06-12,2.38,2.38,2.3,2.31,-3.75,-0.09,-1,168336,388214.53
APSW,2019-06-11,2.46,2.46,2.34,2.4,-4.05,-0.1,-1,178307,427351.88
APSW,2019-06-10,2.56,2.56,2.41,2.47,-1.2,-0.03,-1,113463,280198.33
APSW,2019-06-09,2.56,2.56,2.48,2.5,0,0,-1,61300,153083
APSW,2019-06-03,2.55,2.55,2.43,2.5,0,0,-1,10000,24878.5
APSW,2019-06-02,2.52,2.52,2.4,2.5,-1.18,-0.03,-1,123325,308263.69
APSW,2019-05-30,2.53,2.53,2.36,2.55,0,0,-1,9526,23942.61
APSW,2019-05-29,2.5,2.5,2.45,2.55,0,0,-1,8081,19962.7
APSW,2019-05-28,2.65,2.65,2.5,2.55,-1.96,-0.05,-1,450682,1147123.63
APSW,2019-05-27,2.69,2.69,2.45,2.55,-1.54,-0.04,-1,120185,306727
APSW,2019-05-26,2.64,2.64,2.54,2.59,-0.38,-0.01,-1,55280,142932.41
APSW,2019-05-23,2.62,2.62,2.59,2.6,-0.76,-0.02,-1,212989,554731.81
APSW,2019-05-22,2.65,2.65,2.6,2.62,-1.87,-0.05,-1,54258,142036.13
APSW,2019-05-21,2.7,2.7,2.64,2.67,1.52,0.04,-1,133110,355122.44
APSW,2019-05-20,2.66,2.66,2.6,2.63,-1.13,-0.03,-1,335865,883394.69
APSW,2019-05-19,2.69,2.69,2.55,2.66,1.92,0.05,-1,89655,238736.7
APSW,2019-05-16,2.69,2.69,2.58,2.61,-0.76,-0.02,-1,117645,306921.22
APSW,2019-05-15,2.75,2.75,2.6,2.63,0.38,0.01,-1,37760,99405.7
APSW,2019-05-14,2.7,2.7,2.57,2.62,1.95,0.05,-1,312565,817972.25
APSW,2019-05-13,2.64,2.64,2.5,2.57,3.63,0.09,-1,138960,357811.44
APSW,2019-05-12,2.5,2.5,2.4,2.48,7.83,0.18,-1,232202,575841.86
APSW,2019-05-09,2.49,2.49,2.25,2.3,-1.29,-0.03,-1,1319720,3038515
APSW,2019-05-08,2.45,2.45,2.31,2.33,-8.98,-0.23,-1,183280,427637.19
APSW,2019-05-07,2.65,2.65,2.41,2.56,-1.16,-0.03,-1,205343,526607.19
APSW,2019-05-06,2.61,2.61,2.51,2.59,-1.15,-0.03,-1,246397,637768.75
APSW,2019-05-05,2.7,2.7,2.6,2.62,-4.38,-0.12,-1,152937,399973.69
APSW,2019-05-02,2.78,2.78,2.67,2.74,1.86,0.05,-1,198590,544069.13
APSW,2019-04-30,2.75,2.75,2.6,2.69,0.37,0.01,-1,141727,381720.69
APSW,2019-04-24,2.7,2.7,2.64,2.68,1.13,0.03,-1,359280,964608.19
APSW,2019-04-23,2.71,2.71,2.6,2.65,2.32,0.06,-1,169876,450304.94
APSW,2019-04-22,2.62,2.62,2.56,2.59,-0.38,-0.01,-1,100283,260160.88
APSW,2019-04-21,2.6,2.6,2.55,2.6,-2.67,-0.07,-1,71950,186787.61
APSW,2019-04-18,2.65,2.65,2.57,2.62,0,0,-1,154620,405495.88
APSW,2019-04-17,2.65,2.65,2.6,2.62,-1.13,-0.03,-1,115795,303825.75
APSW,2019-04-16,2.8,2.8,2.56,2.65,-3.66,-0.1,-1,121264,321489.69
APSW,2019-04-15,2.75,2.75,2.66,2.73,-2.85,-0.08,-1,100664,274576.56
APSW,2019-04-14,2.86,2.86,2.77,2.81,-1.77,-0.05,-1,233530,656219.81
APSW,2019-04-11,2.85,2.85,2.72,2.82,2.17,0.06,-1,183690,517188.56
APSW,2019-04-10,2.81,2.81,2.7,2.76,3.76,0.1,-1,250201,689639.06
APSW,2019-04-09,2.71,2.71,2.55,2.66,-2.56,-0.07,-1,78310,208253.78
APSW,2019-04-08,2.83,2.83,2.57,2.73,-2.85,-0.08,-1,238695,652088.25
APSW,2019-04-07,2.85,2.85,2.7,2.81,4.85,0.13,-1,341602,959971.75
APSW,2019-04-04,2.7,2.7,2.5,2.68,7.2,0.18,-1,396943,1062553.5
APSW,2019-04-03,2.57,2.57,2.46,2.5,-3.1,-0.08,-1,158224,395842.47
APSW,2019-04-02,2.62,2.62,2.53,2.58,1.98,0.05,-1,165850,427445.09
APSW,2019-04-01,2.6,2.6,2.36,2.53,6.75,0.16,-1,514478,1301350
APSW,2019-03-31,2.42,2.42,2.3,2.37,2.6,0.06,-1,344050,815570.25
APSW,2019-03-28,2.39,2.39,2.23,2.31,0.43,0.01,-1,321292,740781.81
APSW,2019-03-27,2.37,2.37,2.26,2.3,0.44,0.01,-1,318041,732179.44
APSW,2019-03-26,2.35,2.35,2.25,2.29,-2.97,-0.07,-1,176150,403994.5
APSW,2019-03-25,2.5,2.5,2.3,2.36,-4.84,-0.12,-1,228500,538931.69
APSW,2019-03-24,2.52,2.52,2.4,2.48,-1.98,-0.05,-1,261100,646867.5
APSW,2019-03-21,2.58,2.58,2.51,2.53,-1.17,-0.03,-1,53956,136542.59
APSW,2019-03-20,2.66,2.66,2.5,2.56,-6.37,-0.17,-1,147744,378143.28
APSW,2019-03-19,2.7,2.7,2.6,2.67,-3.26,-0.09,-1,216669,578403
APSW,2019-03-18,2.95,2.95,2.68,2.76,-7.07,-0.21,-1,367591,1013971.5
APSW,2019-03-17,3,3,2.91,2.97,-2.68,-0.08,-1,22000,65424.6
APSW,2019-03-14,3,3,2.94,2.99,0,0,-1,98945,295355.41
APSW,2019-03-13,3,3,2.95,2.99,-1.64,-0.05,-1,106213,317950.19
APSW,2019-03-12,3.15,3.15,3,3.04,-2.25,-0.07,-1,522080,1589505.63
APSW,2019-03-11,3.15,3.15,3.07,3.11,-3.12,-0.1,-1,363686,1129786.38
APSW,2019-03-10,3.23,3.23,3.17,3.21,0.94,0.03,-1,77534,248568.45
APSW,2019-03-07,3.22,3.22,3.05,3.18,3.92,0.12,-1,444012,1411138.5
APSW,2019-03-06,3.1,3.1,2.93,3.06,3.03,0.09,-1,63338,193844.47
APSW,2019-03-05,3,3,2.9,2.97,-1.66,-0.05,-1,61900,184004
APSW,2019-03-04,3.08,3.08,2.97,3.02,1,0.03,-1,114234,344869.97
APSW,2019-03-03,3.1,3.1,2.95,2.99,-1.32,-0.04,-1,19500,58295
APSW,2019-02-28,3.06,3.06,3,3.03,-0.98,-0.03,-1,46100,139602
APSW,2019-02-27,3.07,3.07,3.05,3.06,-0.65,-0.02,-1,31960,97698.84
APSW,2019-02-26,3.19,3.19,3.05,3.08,0,0,-1,21295,65501.19
APSW,2019-02-25,3.17,3.17,3,3.08,0.98,0.03,-1,170581,525223.81
APSW,2019-02-24,3.1,3.1,3,3.05,-2.56,-0.08,-1,169249,515489.56
APSW,2019-02-21,3.19,3.19,3.1,3.13,-1.57,-0.05,-1,189488,592500.56
APSW,2019-02-20,3.3,3.3,3.11,3.18,-0.31,-0.01,-1,279639,888951.5
APSW,2019-02-19,3.27,3.27,3.1,3.19,4.59,0.14,-1,852195,2716891.5
APSW,2019-02-18,3.14,3.14,2.97,3.05,4.452,0.13,-1,311980,952440.63
APSW,2019-02-17,2.97,2.97,2.79,2.92,9.59,0.26,-1,681164,1991147.88
APSW,2019-02-14,2.79,2.79,2.68,2.71,1.5,0.04,-1,186558,505657.19
APSW,2019-02-13,2.73,2.73,2.6,2.67,0.38,0.01,-1,120156,320761.78
APSW,2019-02-12,2.75,2.75,2.63,2.66,-2.56,-0.07,-1,31300,83380.93
APSW,2019-02-11,2.79,2.79,2.62,2.73,0.37,0.01,-1,269574,734936.44
APSW,2019-02-10,2.8,2.8,2.63,2.72,4.21,0.11,-1,397982,1080581.63
APSW,2019-02-07,2.65,2.65,2.54,2.61,1.95,0.05,-1,143330,374089.63
APSW,2019-02-06,2.6,2.6,2.53,2.56,-1.16,-0.03,-1,41400,105796.1
APSW,2019-02-05,2.6,2.6,2.5,2.59,2.37,0.06,-1,102860,266187.66
APSW,2019-02-04,2.6,2.6,2.5,2.53,-0.39,-0.01,-1,127888,323952.88
APSW,2019-02-03,2.6,2.6,2.52,2.54,-0.78,-0.02,-1,97050,246776
APSW,2019-01-31,2.6,2.6,2.53,2.56,-0.78,-0.02,-1,36704,93785.3
APSW,2019-01-30,2.65,2.65,2.55,2.58,-1.53,-0.04,-1,70101,180673.45
APSW,2019-01-29,2.68,2.68,2.57,2.62,-1.5,-0.04,-1,52450,137482.41
APSW,2019-01-28,2.7,2.7,2.56,2.66,1.96,0.05,-1,226200,602321.88
APSW,2019-01-27,2.62,2.62,2.42,2.55,9.62,0.23,-1,354176,903576.69
APSW,2019-01-23,2.44,2.44,2.35,2.39,1.271,0.03,-1,200840,480463.59
APSW,2019-01-22,2.38,2.38,2.3,2.36,0,0,-1,186555,439381.47
APSW,2019-01-21,2.4,2.4,2.33,2.36,0,0,-1,48125,113384.11
APSW,2019-01-20,2.41,2.41,2.29,2.36,3.51,0.08,-1,64640,152390.17
APSW,2019-01-17,2.3,2.3,2.26,2.28,-3.39,-0.08,-1,21000,47819
APSW,2019-01-16,2.4,2.4,2.3,2.36,-1.26,-0.03,-1,90593,213449.88
APSW,2019-01-15,2.41,2.41,2.35,2.39,0.84,0.02,-1,17545,41853.85
APSW,2019-01-14,2.4,2.4,2.33,2.37,0.42,0.01,-1,146933,348668.84
APSW,2019-01-13,2.39,2.39,2.34,2.36,0.85,0.02,-1,109429,258702.27
APSW,2019-01-10,2.41,2.41,2.24,2.34,4.46,0.1,-1,168100,393938.16
APSW,2019-01-09,2.26,2.26,2.17,2.24,0,0,-1,35301,78929.17
APSW,2019-01-08,2.26,2.26,2.2,2.24,-2.18,-0.05,-1,18212,40741
APSW,2019-01-06,2.33,2.33,2.2,2.29,2.23,0.05,-1,94319,216427.89
APSW,2019-01-03,2.29,2.29,2.18,2.24,2.75,0.06,-1,256883,576429.31
APSW,2018-12-31,2.18,2.18,2.13,2.18,1.87,0.04,-1,119743,260661.47
APSW,2018-12-30,2.15,2.15,2.11,2.14,0.47,0.01,-1,27500,58713
APSW,2018-12-27,2.15,2.15,2.11,2.13,0.47,0.01,-1,27838,59201.91
APSW,2018-12-26,2.14,2.14,2.11,2.12,-1.4,-0.03,-1,25624,54227
APSW,2018-12-25,2.08,2.08,2.08,2.15,0,0,-1,52,108.16
APSW,2018-12-24,2.17,2.17,2.1,2.15,0.94,0.02,-1,133500,286948.66
APSW,2018-12-23,2.16,2.16,2.12,2.13,-0.47,-0.01,-1,102000,217370
APSW,2018-12-20,2.17,2.17,2.1,2.14,-0.93,-0.02,-1,73763,157801.28
APSW,2018-12-19,2.18,2.18,2.12,2.16,2.37,0.05,-1,37500,80841
APSW,2018-12-18,2.15,2.15,2.1,2.11,-2.76,-0.06,-1,81000,171150
APSW,2018-12-17,2.19,2.19,2.13,2.17,1.88,0.04,-1,40950,88914.67
APSW,2018-12-16,2.14,2.14,2.08,2.13,2.4,0.05,-1,55479,117965.27
APSW,2018-12-13,2.05,2.05,2.05,2.08,0,0,-1,240,492
APSW,2018-12-12,2.11,2.11,2.02,2.08,2.46,0.05,-1,112429,234179.7
APSW,2018-12-11,2.06,2.06,2.04,2.03,0,0,-1,7010,14420.4
APSW,2018-12-10,2.05,2.05,2.01,2.03,0.5,0.01,-1,22100,44935
APSW,2018-12-09,2.05,2.05,1.95,2.02,1,0.02,-1,168400,340725
APSW,2018-12-06,2.02,2.02,2,2,0,0,-1,121205,242660
APSW,2018-12-05,2.02,2.02,1.99,2,-1.48,-0.03,-1,118553,236959.59
APSW,2018-12-04,2.07,2.07,2,2.03,-0.97,-0.02,-1,48000,97627.04
APSW,2018-12-03,2.1,2.1,2.03,2.07,-0.96,-0.02,-1,88689,183442.67
APSW,2018-12-02,2.1,2.1,2.07,2.09,-0.48,-0.01,-1,24055,50291.4
APSW,2018-11-29,2.11,2.11,2.05,2.1,0.48,0.01,-1,103771,217811.97
APSW,2018-11-28,2.11,2.11,2.03,2.09,2.96,0.06,-1,110765,231522.25
APSW,2018-11-27,2.05,2.05,1.96,2.03,1,0.02,-1,39802,80867.42
APSW,2018-11-26,2.01,2.01,1.99,2.01,0,0,-1,19303,38782.97
APSW,2018-11-25,2.05,2.05,2,2.01,-3.83,-0.08,-1,95500,192165.44
APSW,2018-11-22,2.11,2.11,2.08,2.09,0,0,-1,43204,90417.72
APSW,2018-11-21,2.1,2.1,2.08,2.09,-0.48,-0.01,-1,20500,42880.52
APSW,2018-11-19,2.12,2.12,2.05,2.1,0.48,0.01,-1,69328,145844.58
APSW,2018-11-18,2.1,2.1,2.06,2.09,1.951,0.04,-1,15043,31483.36
APSW,2018-11-15,2.09,2.09,2,2.05,0.985,0.02,-1,46665,95677.5
APSW,2018-11-14,2.1,2.1,2,2.03,-2.4,-0.05,-1,95909,195075.38
APSW,2018-11-13,2.08,2.08,2.08,2.08,0,0,-1,22650,47112
APSW,2018-11-12,2.12,2.12,2.07,2.08,0.48,0.01,-1,70495,146962.77
APSW,2018-11-11,2.08,2.08,2.03,2.07,-0.96,-0.02,-1,21742,44940.14
APSW,2018-11-08,2.164,2.164,2.076,2.091,-0.334,-0.007,-1,30170,63087.539
APSW,2018-11-07,2.14,2.14,2.061,2.098,0,0,-1,47000,98601.609
APSW,2018-11-06,2.2,2.2,2.07,2.098,-0.76,-0.016,-1,30291,63560.23
APSW,2018-11-05,2.142,2.142,1.98,2.114,8.52,0.166,-1,250690,530012
APSW,2018-11-01,1.998,1.998,1.91,1.948,0.93,0.018,-1,82967,161594.797
APSW,2018-10-31,1.975,1.975,1.901,1.93,2.71,0.051,-1,100541,194030.25
APSW,2018-10-30,1.934,1.934,1.88,1.879,0,0,-1,11725,22210.375
APSW,2018-10-29,1.939,1.939,1.84,1.879,0,0,-1,9502,17913.18
APSW,2018-10-28,1.94,1.94,1.811,1.879,0,0,-1,15450,28435.699
APSW,2018-10-25,1.861,1.861,1.861,1.879,-0.958,-0.018,-1,9000,16749
APSW,2018-10-24,1.881,1.881,1.863,1.879,-2.59,-0.05,-1,23492,44149.598
APSW,2018-10-23,1.94,1.94,1.912,1.929,-0.669,-0.013,-1,39407,76005.344
APSW,2018-10-22,1.95,1.95,1.94,1.942,-1.47,-0.029,-1,31667,61484.801
APSW,2018-10-21,1.999,1.999,1.885,1.971,5.06,0.095,-1,147600,290965.063
APSW,2018-10-18,1.94,1.94,1.83,1.876,0.644,0.012,-1,127950,240093.328
APSW,2018-10-17,1.93,1.93,1.86,1.864,0,0,-1,7186,13593.412
APSW,2018-10-16,1.94,1.94,1.8,1.864,5.55,0.098,-1,94302,175742.078
APSW,2018-10-15,1.79,1.79,1.721,1.766,-0.79,-0.014,-1,42800,75569.211
APSW,2018-10-14,1.82,1.82,1.81,1.78,0,0,-1,12265,22239.088
APSW,2018-10-11,1.83,1.83,1.705,1.78,-0.84,-0.015,-1,60483,107655.313
APSW,2018-10-10,1.835,1.835,1.741,1.795,0.22,0.004,-1,150087,269357.688
APSW,2018-10-09,1.85,1.85,1.61,1.791,0.28,0.005,-1,622000,1114150.875
APSW,2018-10-08,1.836,1.836,1.75,1.786,-6.563,-0.123,-1,33600,60009.898
APSW,2018-10-04,1.9,1.9,1.85,1.874,0.32,0.006,-1,24613,46127.301
APSW,2018-10-03,1.92,1.92,1.86,1.868,0,0,-1,13742,25851.119
APSW,2018-10-02,1.95,1.95,1.86,1.868,0,0,-1,8560,16147.9
APSW,2018-10-01,1.898,1.898,1.84,1.868,-2.35,-0.045,-1,23250,43436.984
APSW,2018-09-30,1.95,1.95,1.904,1.913,-0.73,-0.014,-1,78074,149354.531
APSW,2018-09-27,1.965,1.965,1.91,1.927,0,0,-1,6980,13624.82
APSW,2018-09-26,1.95,1.95,1.91,1.927,0.05,0.001,-1,120490,232225.406
APSW,2018-09-25,1.98,1.98,1.9,1.926,1.16,0.022,-1,20976,40409.309
APSW,2018-09-24,1.91,1.91,1.88,1.904,-0.78,-0.015,-1,37017,70495.477
APSW,2018-09-23,1.99,1.99,1.845,1.919,3.73,0.069,-1,36710,70449.141
APSW,2018-09-20,1.888,1.888,1.831,1.85,-4.64,-0.09,-1,646907,1197091.75
APSW,2018-09-19,2.02,2.02,1.89,1.94,-5.37,-0.11,-1,210651,408689.47
APSW,2018-09-18,2.1,2.1,2.01,2.05,0.49,0.01,-1,137782,281846.38
APSW,2018-09-17,2.08,2.08,2,2.04,-0.97,-0.02,-1,104650,213043.88
APSW,2018-09-16,2.18,2.18,2,2.06,-6.79,-0.15,-1,308547,634085.81
APSW,2018-09-13,2.25,2.25,2.2,2.21,-2.64,-0.06,-1,171003,378440.25
APSW,2018-09-12,2.34,2.34,2.2,2.27,3.18,0.07,-1,258144,584786.44
APSW,2018-09-10,2.24,2.24,2.16,2.2,-0.45,-0.01,-1,114200,251013.72
APSW,2018-09-09,2.25,2.25,2.17,2.21,0.45,0.01,-1,34162,75541
APSW,2018-09-06,2.25,2.25,2.18,2.2,0,0,-1,29513,64947.34
APSW,2018-09-05,2.25,2.25,2.15,2.2,-0.45,-0.01,-1,65177,143612
APSW,2018-09-04,2.25,2.25,2.18,2.21,0.46,0.01,-1,73301,161779.84
APSW,2018-09-03,2.2,2.2,2.15,2.17,0,0,-1,53119,115420.05
APSW,2018-09-02,2.2,2.2,2.15,2.17,-3.98,-0.09,-1,47255,102646.65
APSW,2018-08-30,2.29,2.29,2.2,2.26,1.8,0.04,-1,244739,552119.38
APSW,2018-08-29,2.24,2.24,2.19,2.22,0,0,-1,101797,225612.7
APSW,2018-08-28,2.25,2.25,2.19,2.22,1.37,0.03,-1,57255,127109.57
APSW,2018-08-27,2.25,2.25,2.08,2.19,3.3,0.07,-1,162731,356132.34
APSW,2018-08-19,2.15,2.15,2.08,2.12,0,0,-1,12056,25447.36
APSW,2018-08-16,2.15,2.15,2.05,2.12,3.41,0.07,-1,78354,166248.98
APSW,2018-08-15,2.08,2.08,2.04,2.05,-0.97,-0.02,-1,26930,55182.2
APSW,2018-08-14,2.08,2.08,2.04,2.07,-0.48,-0.01,-1,18000,37250.43
APSW,2018-08-13,2.14,2.14,2.02,2.08,-2.8,-0.06,-1,98254,203986.02
APSW,2018-08-12,2.15,2.15,2.13,2.14,-3.6,-0.08,-1,16848,36086.84
APSW,2018-08-09,2.24,2.24,2.17,2.22,0.91,0.02,-1,77698,172390.52
APSW,2018-08-08,2.21,2.21,2.18,2.2,2.33,0.05,-1,154973,340791.63
APSW,2018-08-07,2.23,2.23,2.1,2.15,3.86,0.08,-1,118136,253854.05
APSW,2018-08-06,2.11,2.11,2.05,2.07,-0.96,-0.02,-1,53430,110611.36
APSW,2018-08-05,2.12,2.12,2.06,2.09,-0.48,-0.01,-1,61279,128224.95
APSW,2018-08-02,2.12,2.12,2.09,2.1,-0.47,-0.01,-1,147021,308758.41
APSW,2018-08-01,2.13,2.13,2.07,2.11,0.48,0.01,-1,69297,146448.94
APSW,2018-07-31,2.13,2.13,2.07,2.1,-0.47,-0.01,-1,85550,179638.91
APSW,2018-07-30,2.17,2.17,2.06,2.11,-3.21,-0.07,-1,185600,392140.47
APSW,2018-07-29,2.23,2.23,2.15,2.18,-2.68,-0.06,-1,70590,153585.5
APSW,2018-07-26,2.33,2.33,2.17,2.24,0.45,0.01,-1,372149,832877.13
APSW,2018-07-25,2.26,2.26,2.09,2.23,9.71,0.2,-1,1158440,2581068
APSW,2018-07-24,2.09,2.09,2.05,2.06,0.49,0.01,-1,104602,215211.3
APSW,2018-07-22,2.05,2.05,2.01,2.05,-0.49,-0.01,-1,16085,32923.77
APSW,2018-07-19,2.14,2.14,2,2.04,-1.45,-0.03,-1,81454,166282.31
APSW,2018-07-18,2.1,2.1,2.05,2.07,-1.43,-0.03,-1,75000,155405.34
APSW,2018-07-17,2.08,2.08,2.07,2.1,0,0,-1,13922,28825.84
APSW,2018-07-16,2.11,2.11,2.04,2.1,-0.47,-0.01,-1,59996,125795.8
APSW,2018-07-15,2.13,2.13,2.09,2.11,-0.47,-0.01,-1,24717,52128.87
APSW,2018-07-12,2.2,2.2,2.1,2.12,-3.2,-0.07,-1,50822,107983.46
APSW,2018-07-11,2.23,2.23,2.15,2.19,1.39,0.03,-1,109902,240960.98
APSW,2018-07-10,2.19,2.19,2.14,2.16,0.93,0.02,-1,104218,224848.83
APSW,2018-07-09,2.24,2.24,2,2.14,1.9,0.04,-1,168726,361888.84
APSW,2018-07-08,2.25,2.25,2.04,2.1,-4.55,-0.1,-1,85742,180003.41
APSW,2018-07-05,2.21,2.21,2.2,2.2,-1.35,-0.03,-1,29852,65779.45
APSW,2018-07-04,2.26,2.26,2.2,2.23,1.36,0.03,-1,136156,303760.72
APSW,2018-07-03,2.25,2.25,2.17,2.2,0,0,-1,43360,95541.11
APSW,2018-07-02,2.25,2.25,2.21,2.2,0,0,-1,10500,23306.65
APSW,2018-06-28,2.22,2.22,2.19,2.2,-0.45,-0.01,-1,30020,65990.02
APSW,2018-06-27,2.23,2.23,2.18,2.21,0.45,0.01,-1,74285,163829.09
APSW,2018-06-26,2.22,2.22,2.19,2.2,-2.65,-0.06,-1,110064,242592.06
APSW,2018-06-25,2.35,2.35,2.21,2.26,-1.31,-0.03,-1,139953,316413
APSW,2018-06-24,2.29,2.29,2.27,2.29,0,0,-1,13036,29746.22
APSW,2018-06-21,2.33,2.33,2.26,2.29,1.78,0.04,-1,111363,255400.94
APSW,2018-06-20,2.28,2.28,2.21,2.25,-1.33,-0.03,-1,39361,88375.01
APSW,2018-06-19,2.29,2.29,2.2,2.26,0.44,0.01,-1,47950,108128.61
APSW,2018-06-14,2.34,2.34,2.2,2.25,2.27,0.05,-1,131390,295911.09
APSW,2018-06-13,2.24,2.24,2.16,2.2,0,0,-1,85000,187129.64
APSW,2018-06-12,2.17,2.17,2.16,2.2,-1.36,-0.03,-1,1055,2283.8
APSW,2018-06-11,2.21,2.21,2.14,2.2,-0.45,-0.01,-1,24250,53311.76
APSW,2018-06-10,2.29,2.29,2.16,2.2,-0.91,-0.02,-1,73849,162763.89
APSW,2018-06-07,2.22,2.22,2.15,2.19,-2.67,-0.06,-1,165141,362451.69
APSW,2018-06-06,2.4,2.4,2.15,2.25,-5.46,-0.13,-1,86433,194810.44
APSW,2018-06-05,2.43,2.43,2.26,2.38,-3.64,-0.09,-1,54099,128557.74
APSW,2018-06-04,2.56,2.56,2.4,2.47,-2.76,-0.07,-1,94478,233814.31
APSW,2018-06-03,2.63,2.63,2.53,2.54,-2.68,-0.07,-1,12195,30977.24
APSW,2018-05-31,2.65,2.65,2.53,2.61,-1.14,-0.03,-1,59589,155736.63
APSW,2018-05-30,2.65,2.65,2.64,2.64,-0.75,-0.02,-1,23800,62862
APSW,2018-05-29,2.7,2.7,2.65,2.66,-1.12,-0.03,-1,13000,34620
APSW,2018-05-28,2.74,2.74,2.66,2.69,0.76,0.02,-1,148655,399883.88
APSW,2018-05-27,2.64,2.64,2.63,2.64,0.38,0.01,-1,23960,63242.7
APSW,2018-05-24,2.68,2.68,2.62,2.62,0.38,0.01,-1,153000,401040
APSW,2018-05-23,2.63,2.63,2.6,2.61,-0.38,-0.01,-1,19000,49633.87
APSW,2018-05-22,2.63,2.63,2.61,2.62,-0.76,-0.02,-1,18413,48252.93
APSW,2018-05-21,2.7,2.7,2.61,2.64,-0.38,-0.01,-1,23495,62000.35
APSW,2018-05-20,2.7,2.7,2.63,2.65,0.38,0.01,-1,14285,37854.55
APSW,2018-05-17,2.65,2.65,2.64,2.64,-2.22,-0.06,-1,20700,54729.85
APSW,2018-05-16,2.73,2.73,2.64,2.7,-0.37,-0.01,-1,50950,137521
APSW,2018-05-15,2.74,2.74,2.65,2.71,3.44,0.09,-1,104640,283235.16
APSW,2018-05-14,2.73,2.73,2.53,2.62,-2.96,-0.08,-1,161450,422253.78
APSW,2018-05-13,2.75,2.75,2.65,2.7,0,0,-1,56042,151364.95
APSW,2018-05-10,2.79,2.79,2.62,2.7,-0.37,-0.01,-1,149479,403658.09
APSW,2018-05-09,2.86,2.86,2.62,2.71,-3.9,-0.11,-1,174614,473130.75
APSW,2018-05-08,2.86,2.86,2.8,2.82,0.71,0.02,-1,85675,241442.91
APSW,2018-05-07,2.83,2.83,2.77,2.8,-1.06,-0.03,-1,64351,180148.5
APSW,2018-05-06,2.9,2.9,2.8,2.83,-1.39,-0.04,-1,40500,114465.46
APSW,2018-05-03,2.9,2.9,2.84,2.87,-1.03,-0.03,-1,141710,406903.47
APSW,2018-05-02,2.95,2.95,2.62,2.9,-0.34,-0.01,-1,99963,289820
APSW,2018-04-30,3,3,2.87,2.91,-3.01,-0.09,-1,270603,788770.75
APSW,2018-04-29,3.04,3.04,2.94,2.99,1.36,0.04,-1,111250,332590
APSW,2018-04-26,3,3,2.92,2.95,-0.34,-0.01,-1,233410,689628.75
APSW,2018-04-24,3,3,2.93,2.96,-1.33,-0.04,-1,83318,246494.94
APSW,2018-04-23,3.03,3.03,2.98,3,0,0,-1,183638,550606.5
APSW,2018-04-22,3.05,3.05,2.97,3,1.35,0.04,-1,89537,268407
APSW,2018-04-19,3,3,2.93,2.96,0,0,-1,93050,275662.47
APSW,2018-04-18,2.98,2.98,2.94,2.96,-0.67,-0.02,-1,117339,347114.22
APSW,2018-04-17,3.05,3.05,2.94,2.98,-0.33,-0.01,-1,137411,408820.31
APSW,2018-04-16,3.04,3.04,2.94,2.99,0,0,-1,121292,362100.09
APSW,2018-04-15,3.09,3.09,2.92,2.99,-3.31,-0.1,-1,288015,861266.5
APSW,2018-04-12,3.1,3.1,2.98,3.02,-2.89,-0.09,-1,346035,1046056.38
APSW,2018-04-11,3.14,3.14,3.07,3.11,-1.89,-0.06,-1,175719,546757.75
APSW,2018-04-10,3.22,3.22,3.13,3.17,1.28,0.04,-1,92592,293405.16
APSW,2018-04-05,3.2,3.2,3.1,3.13,-0.32,-0.01,-1,149800,468505.13
APSW,2018-04-04,3.21,3.21,3.09,3.14,-3.38,-0.11,-1,198773,623540
APSW,2018-04-03,3.38,3.38,3.12,3.25,1.56,0.05,-1,437211,1421543.75
APSW,2018-04-02,3.24,3.24,3.14,3.2,0.31,0.01,-1,66670,213288.44
APSW,2018-04-01,3.26,3.26,3.14,3.19,0.31,0.01,-1,180932,577834.81
APSW,2018-03-29,3.25,3.25,3.15,3.18,-1.85,-0.06,-1,238195,758546.5
APSW,2018-03-28,3.3,3.3,3.18,3.24,0.62,0.02,-1,214186,692955.94
APSW,2018-03-27,3.28,3.28,3.13,3.22,3.54,0.11,-1,344773,1111597.13
APSW,2018-03-26,3.26,3.26,3.05,3.11,0,0,-1,260376,809365.31
APSW,2018-03-25,3.16,3.16,3.08,3.11,-1.27,-0.04,-1,244791,761947.31
APSW,2018-03-22,3.25,3.25,3.08,3.15,-1.25,-0.04,-1,340551,1074095.13
APSW,2018-03-21,3.28,3.28,3.13,3.19,-0.62,-0.02,-1,224853,718318.56
APSW,2018-03-20,3.3,3.3,3.19,3.21,-2.73,-0.09,-1,149800,481547.38
APSW,2018-03-19,3.38,3.38,3.22,3.3,-2.94,-0.1,-1,317966,1050065
APSW,2018-03-18,3.49,3.49,3.31,3.4,2.41,0.08,-1,842632,2868611.25
APSW,2018-03-15,3.4,3.4,3.2,3.32,0.91,0.03,-1,516176,1712111.75
APSW,2018-03-14,3.4,3.4,3.2,3.29,-0.9,-0.03,-1,512923,1686243.75
APSW,2018-03-13,3.46,3.46,3.12,3.32,3.11,0.1,-1,1598961,5301312.5
APSW,2018-03-12,3.29,3.29,3.14,3.22,2.9,0.09,-1,1129182,3638527.25
APSW,2018-03-11,3.14,3.14,3.01,3.1,2.31,0.07,-1,466737,1447943.63
APSW,2018-03-08,3.08,3.08,3,3.03,0.33,0.01,-1,433828,1316484.88
APSW,2018-03-07,3.1,3.1,3,3.02,-1.95,-0.06,-1,683043,2065708.75
APSW,2018-03-06,3.19,3.19,3.06,3.08,-0.96,-0.03,-1,747860,2305380.25
APSW,2018-03-05,3.17,3.17,3.05,3.11,-2.51,-0.08,-1,629690,1961039.88
APSW,2018-03-04,3.3,3.3,3.1,3.19,0,0,-1,846473,2700281.25
APSW,2018-03-01,3.26,3.26,3.14,3.19,-2.15,-0.07,-1,582063,1855973.63
APSW,2018-02-28,3.32,3.32,3.1,3.25,4.5,0.14,-1,1948329,6322672.5
APSW,2018-02-27,3.18,3.18,3.08,3.11,0,0,-1,411801,1281246
APSW,2018-02-26,3.2,3.2,3.09,3.15,0.96,0.03,-1,592026,1865003.13
APSW,2018-02-25,3.2,3.2,2.96,3.12,9.97,0.29,-1,2587792,8083647.5
APSW,2018-02-22,2.95,2.95,2.87,2.91,0,0,-1,171576,499790.56
APSW,2018-02-21,2.98,2.98,2.88,2.91,-2.35,-0.07,-1,261178,758966.06
APSW,2018-02-20,3.03,3.03,2.9,2.98,3.11,0.09,-1,840475,2503530
APSW,2018-02-19,2.91,2.91,2.87,2.89,-0.34,-0.01,-1,194367,562361.13
APSW,2018-02-18,2.96,2.96,2.85,2.9,0.69,0.02,-1,655517,1898511.5
APSW,2018-02-15,2.95,2.95,2.85,2.88,-0.35,-0.01,-1,187713,541382.75
APSW,2018-02-14,2.95,2.95,2.85,2.89,-1.37,-0.04,-1,187860,542178.75
APSW,2018-02-13,2.98,2.98,2.82,2.93,3.53,0.1,-1,612740,1795571.75
APSW,2018-02-12,2.86,2.86,2.82,2.83,0,0,-1,244011,690018.06
APSW,2018-02-11,2.87,2.87,2.8,2.83,-0.35,-0.01,-1,269150,760852.75
APSW,2018-02-08,2.88,2.88,2.82,2.84,0,0,-1,170074,483824.53
APSW,2018-02-07,2.89,2.89,2.81,2.85,0.35,0.01,-1,436096,1240815.75
APSW,2018-02-06,2.89,2.89,2.76,2.84,-3.4,-0.1,-1,479525,1359730.38
APSW,2018-02-05,2.99,2.99,2.9,2.94,1.38,0.04,-1,412626,1213152.88
APSW,2018-02-04,2.92,2.92,2.87,2.9,-3.33,-0.1,-1,369507,1069988.38
APSW,2018-02-01,3.05,3.05,2.96,3,-0.33,-0.01,-1,527159,1579121.5
APSW,2018-01-31,3.08,3.08,2.94,3.01,-0.67,-0.02,-1,1288499,3877413.5
APSW,2018-01-30,3.08,3.08,2.9,2.98,1.71,0.05,-1,778992,2323991
APSW,2018-01-29,3.02,3.02,2.88,2.93,-1.68,-0.05,-1,848881,2485908
APSW,2018-01-28,3.05,3.05,2.94,2.98,-2.94,-0.09,-1,313793,936275.75
APSW,2018-01-24,3.13,3.13,2.98,3.06,0.66,0.02,-1,952002,2909578
APSW,2018-01-23,3.11,3.11,2.9,3.04,7.42,0.21,-1,2477989,7524240
APSW,2018-01-22,2.88,2.88,2.77,2.83,-1.39,-0.04,-1,329246,930864.13
APSW,2018-01-21,2.97,2.97,2.8,2.87,-3.45,-0.1,-1,631825,1816147.88
APSW,2018-01-18,2.95,2.95,2.87,2.9,-0.68,-0.02,-1,255958,742581.13
APSW,2018-01-17,2.96,2.96,2.88,2.92,-0.34,-0.01,-1,360381,1053677.13
APSW,2018-01-16,2.98,2.98,2.84,2.93,1.38,0.04,-1,433661,1271455.13
APSW,2018-01-15,2.92,2.92,2.83,2.89,-0.7,-0.02,-1,192985,557641.63
APSW,2018-01-14,2.89,2.89,2.83,2.86,1.78,0.05,-1,143212,409758.28
APSW,2018-01-11,2.84,2.84,2.77,2.81,-0.35,-0.01,-1,176997,496863.91
APSW,2018-01-10,2.86,2.86,2.8,2.82,-2.09,-0.06,-1,297824,839363.69
APSW,2018-01-09,2.93,2.93,2.77,2.87,2.5,0.07,-1,268330,769397.31
APSW,2018-01-08,2.81,2.81,2.78,2.8,0.36,0.01,-1,59459,166385.44
APSW,2018-01-04,2.82,2.82,2.76,2.79,-2.79,-0.08,-1,149800,418291.47
APSW,2018-01-03,2.9,2.9,2.79,2.87,3.24,0.09,-1,169216,485352.34
APSW,2018-01-02,2.8,2.8,2.72,2.78,2.58,0.07,-1,87953,244483.03
APSW,2017-12-31,2.79,2.79,2.69,2.71,-2.17,-0.06,-1,162209,439420.66
APSW,2017-12-28,2.8,2.8,2.73,2.76,-0.72,-0.02,-1,66907,184524.95
APSW,2017-12-27,2.82,2.82,2.75,2.78,-0.71,-0.02,-1,46428,129272.73
APSW,2017-12-26,2.85,2.85,2.78,2.8,-0.36,-0.01,-1,100754,282458.38
APSW,2017-12-25,2.85,2.85,2.78,2.81,-0.71,-0.02,-1,93365,262165
APSW,2017-12-24,2.9,2.9,2.78,2.83,-1.42,-0.04,-1,174945,495255.47
APSW,2017-12-21,2.89,2.89,2.79,2.82,-0.35,-0.01,-1,291108,819591.25
APSW,2017-12-20,2.91,2.91,2.8,2.83,-1.05,-0.03,-1,196023,554885.69
APSW,2017-12-19,2.9,2.9,2.82,2.86,-2.39,-0.07,-1,312037,891789.56
APSW,2017-12-18,3,3,2.89,2.93,0.34,0.01,-1,642540,1884358.38
APSW,2017-12-17,2.97,2.97,2.88,2.92,1.04,0.03,-1,645056,1884356.63
APSW,2017-12-14,2.97,2.97,2.85,2.89,-2.36,-0.07,-1,285485,823647.06
APSW,2017-12-13,3.05,3.05,2.9,2.96,-1,-0.03,-1,329703,975887.06
APSW,2017-12-12,3.1,3.1,2.89,2.99,4.55,0.13,-1,1701886,5095048
APSW,2017-12-11,2.98,2.98,2.74,2.86,6.64,0.18,-1,1347418,3858068.5
APSW,2017-12-10,2.74,2.74,2.69,2.71,1.88,0.05,-1,176391,477527.63
APSW,2017-12-07,2.74,2.74,2.64,2.66,-1.48,-0.04,-1,281450,749887.69
APSW,2017-12-06,2.74,2.74,2.67,2.7,-0.74,-0.02,-1,262901,710241.88
APSW,2017-12-05,2.77,2.77,2.69,2.72,0,0,-1,768190,2088148.88
APSW,2017-12-04,2.77,2.77,2.68,2.72,-2.86,-0.08,-1,432748,1176529.13
APSW,2017-12-03,2.85,2.85,2.76,2.8,-1.06,-0.03,-1,220525,617317.25
APSW,2017-11-29,2.92,2.92,2.77,2.83,-1.39,-0.04,-1,723137,2048594
APSW,2017-11-28,2.91,2.91,2.81,2.87,2.14,0.06,-1,569743,1636125.13
APSW,2017-11-27,2.89,2.89,2.72,2.81,0.36,0.01,-1,1216591,3422498.75
APSW,2017-11-26,2.86,2.86,2.7,2.8,1.82,0.05,-1,418416,1170601.88
APSW,2017-11-23,2.85,2.85,2.7,2.75,-2.14,-0.06,-1,816594,2248199.5
APSW,2017-11-22,2.87,2.87,2.78,2.81,-2.09,-0.06,-1,639778,1800221.75
APSW,2017-11-21,2.93,2.93,2.78,2.87,7.09,0.19,-1,1020517,2924366
APSW,2017-11-20,2.73,2.73,2.58,2.68,2.68,0.07,-1,471757,1264018.13
APSW,2017-11-19,2.75,2.75,2.57,2.61,-3.69,-0.1,-1,407066,1064390
APSW,2017-11-16,2.75,2.75,2.66,2.71,1.12,0.03,-1,274501,743944.38
APSW,2017-11-15,2.75,2.75,2.65,2.68,0,0,-1,377750,1012419.25
APSW,2017-11-14,2.74,2.74,2.6,2.68,1.13,0.03,-1,278715,747660.13
APSW,2017-11-13,2.76,2.76,2.6,2.65,-4.68,-0.13,-1,236323,626224.19
APSW,2017-11-12,2.85,2.85,2.69,2.78,-1.42,-0.04,-1,305765,851218.56
APSW,2017-11-09,2.95,2.95,2.78,2.82,0,0,-1,455078,1283640.63
APSW,2017-11-08,2.9,2.9,2.64,2.82,9.47,0.25,-1,1070951,3023140.25
APSW,2017-11-07,2.69,2.69,2.56,2.64,-1.12,-0.03,-1,403464,1064721.75
APSW,2017-11-06,2.78,2.78,2.54,2.67,-1.84,-0.05,-1,525910,1403502.63
APSW,2017-11-05,2.81,2.81,2.65,2.72,-3.89,-0.11,-1,891124,2420450.75
APSW,2017-11-02,2.92,2.92,2.8,2.83,-0.35,-0.01,-1,403223,1140934.5
APSW,2017-11-01,2.89,2.89,2.82,2.84,-1.73,-0.05,-1,205586,584861.06
APSW,2017-10-31,2.99,2.99,2.8,2.89,-4.04,-0.12,-1,870415,2513391
APSW,2017-10-30,3.07,3.07,2.89,2.97,-1.98,-0.06,-1,1297537,3850475.5
APSW,2017-10-29,3.15,3.15,3,3.03,-2.26,-0.07,-1,746243,2264133
APSW,2017-10-26,3.2,3.2,3.05,3.1,0.32,0.01,-1,458438,1422955.13
APSW,2017-10-25,3.18,3.18,3.02,3.09,0.32,0.01,-1,385657,1191076.88
APSW,2017-10-24,3.19,3.19,3,3.08,4.76,0.14,-1,1524989,4700347.5
APSW,2017-10-23,3.05,3.05,2.89,2.94,-2.33,-0.07,-1,1037944,3054088.75
APSW,2017-10-22,3.14,3.14,2.93,3.01,-3.83,-0.12,-1,566538,1706677.75
APSW,2017-10-19,3.34,3.34,3.01,3.13,0.64,0.02,-1,1116100,3494269.5
APSW,2017-10-18,3.13,3.13,2.95,3.11,9.12,0.26,-1,3713471,11530393
APSW,2017-10-17,2.89,2.89,2.59,2.85,8.37,0.22,-1,3398242,9669471
APSW,2017-10-16,2.75,2.75,2.52,2.63,-1.5,-0.04,-1,1421880,3743621.75
APSW,2017-10-15,2.77,2.77,2.57,2.67,2.3,0.06,-1,2005514,5356932
APSW,2017-10-12,2.69,2.69,2.54,2.61,1.95,0.05,-1,1338107,3486049.5
APSW,2017-10-11,2.61,2.61,2.33,2.56,9.66,0.23,-1,2539802,6506485.5
APSW,2017-10-10,2.42,2.42,2.33,2.38,-1.26,-0.03,-1,736670,1750496.13
APSW,2017-10-09,2.45,2.45,2.3,2.38,1.71,0.04,-1,1428901,3399793.75
APSW,2017-10-08,2.38,2.38,2.18,2.34,7.83,0.17,-1,1907965,4464883
APSW,2017-10-04,2.19,2.19,2.13,2.17,0.93,0.02,-1,252619,548480.19
APSW,2017-10-03,2.18,2.18,2.11,2.15,-0.92,-0.02,-1,111853,240258.5
APSW,2017-10-02,2.21,2.21,2.13,2.17,-2.29,-0.05,-1,299049,649744.5
APSW,2017-10-01,2.2,2.2,2.16,2.18,0.46,0.01,-1,167663,364724.44
APSW,2017-09-28,2.19,2.19,2.14,2.17,0.93,0.02,-1,282041,611031.56
APSW,2017-09-27,2.18,2.18,2.13,2.15,-0.92,-0.02,-1,171368,368098.31
APSW,2017-09-26,2.23,2.23,2.15,2.17,-1.36,-0.03,-1,268623,582938
APSW,2017-09-25,2.25,2.25,2.17,2.2,0.46,0.01,-1,604448,1331206.5
APSW,2017-09-24,2.24,2.24,2.15,2.19,2.34,0.05,-1,309917,679202.31
APSW,2017-09-20,2.2,2.2,2.12,2.14,-2.73,-0.06,-1,184400,395182.06
APSW,2017-09-19,2.24,2.24,2.19,2.2,0,0,-1,213680,470585.06
APSW,2017-09-18,2.23,2.23,2.17,2.2,-0.45,-0.01,-1,250718,551720.13
APSW,2017-09-17,2.24,2.24,2.16,2.21,2.79,0.06,-1,418312,922433.63
APSW,2017-09-14,2.16,2.16,2.12,2.15,1.42,0.03,-1,180700,388043.41
APSW,2017-09-13,2.14,2.14,2.1,2.12,0,0,-1,103552,219178.78
APSW,2017-09-12,2.14,2.14,2.1,2.12,0,0,-1,124046,262426.53
APSW,2017-09-11,2.15,2.15,2.11,2.12,-0.93,-0.02,-1,141571,300258.16
APSW,2017-09-10,2.16,2.16,2.12,2.14,0.94,0.02,-1,87851,187856.05
APSW,2017-09-07,2.17,2.17,2.1,2.12,1.44,0.03,-1,280118,594131.13
APSW,2017-09-06,2.1,2.1,2.06,2.09,1.46,0.03,-1,127050,265895.84
APSW,2017-09-05,2.09,2.09,2.04,2.06,-0.48,-0.01,-1,41511,85452.99
APSW,2017-08-30,2.08,2.08,2.04,2.07,0.98,0.02,-1,138426,286241.72
APSW,2017-08-29,2.07,2.07,2.03,2.05,0.49,0.01,-1,129365,265262.59
APSW,2017-08-28,2.05,2.05,1.99,2.04,3.55,0.07,-1,136060,277323
APSW,2017-08-27,1.98,1.98,1.96,1.97,0,0,-1,8216,16188.89
APSW,2017-08-24,2.01,2.01,1.94,1.97,-1.99,-0.04,-1,45283,89402.94
APSW,2017-08-23,2.07,2.07,1.98,2.01,0.5,0.01,-1,105167,211235.06
APSW,2017-08-22,2.01,2.01,1.98,2,0,0,-1,27118,54295.5
APSW,2017-08-21,2.05,2.05,1.98,2,-1.96,-0.04,-1,89589,179348.23
APSW,2017-08-20,2.1,2.1,2,2.04,-2.39,-0.05,-1,115900,236392
APSW,2017-08-17,2.12,2.12,2.07,2.09,-0.48,-0.01,-1,42486,88931.59
APSW,2017-08-16,2.14,2.14,2.08,2.1,0,0,-1,61100,128241.06
APSW,2017-08-15,2.15,2.15,2.08,2.1,-1.41,-0.03,-1,90390,189910.19
APSW,2017-08-14,2.16,2.16,2.1,2.13,-0.93,-0.02,-1,118106,251037.73
APSW,2017-08-13,2.18,2.18,2.14,2.15,-1.83,-0.04,-1,31936,68728.58
APSW,2017-08-10,2.21,2.21,2.17,2.19,-1.79,-0.04,-1,85100,186552
APSW,2017-08-09,2.24,2.24,2.2,2.23,1.36,0.03,-1,190648,424306.69
APSW,2017-08-08,2.24,2.24,2.19,2.2,-1.35,-0.03,-1,271798,598596.38
APSW,2017-08-07,2.28,2.28,2.21,2.23,-0.45,-0.01,-1,426984,952362.63
APSW,2017-08-06,2.29,2.29,2.2,2.24,-0.44,-0.01,-1,442623,989770.63
APSW,2017-08-03,2.29,2.29,2.16,2.25,3.69,0.08,-1,338622,762060.56
APSW,2017-08-02,2.2,2.2,2.15,2.17,-0.91,-0.02,-1,105050,227454.7
APSW,2017-08-01,2.22,2.22,2.17,2.19,0,0,-1,81524,178726.95
APSW,2017-07-31,2.21,2.21,2.16,2.19,-1.79,-0.04,-1,97325,213531.91
APSW,2017-07-30,2.3,2.3,2.2,2.23,-0.89,-0.02,-1,435404,972492.88
APSW,2017-07-26,2.27,2.27,2.21,2.25,1.81,0.04,-1,183299,411675.97
APSW,2017-07-25,2.25,2.25,2.2,2.21,-1.34,-0.03,-1,494906,1094117.63
APSW,2017-07-24,2.28,2.28,2.22,2.24,-3.03,-0.07,-1,175715,394246.25
APSW,2017-07-20,2.39,2.39,2.25,2.31,-2.94,-0.07,-1,555512,1282119.13
APSW,2017-07-19,2.42,2.42,2.36,2.38,-1.24,-0.03,-1,131335,313118.5
APSW,2017-07-18,2.46,2.46,2.36,2.41,1.26,0.03,-1,707782,1708094.63
APSW,2017-07-17,2.4,2.4,2.33,2.38,2.59,0.06,-1,463357,1103186.63
APSW,2017-07-16,2.38,2.38,2.3,2.32,1.31,0.03,-1,181550,421063.5
APSW,2017-07-13,2.3,2.3,2.26,2.29,0.44,0.01,-1,199343,456457.53
APSW,2017-07-12,2.32,2.32,2.25,2.28,-3.39,-0.08,-1,90241,205819.75
APSW,2017-07-11,2.4,2.4,2.28,2.36,4.42,0.1,-1,498489,1174492
APSW,2017-07-10,2.3,2.3,2.23,2.26,1.8,0.04,-1,101612,229221.88
APSW,2017-07-09,2.25,2.25,2.2,2.22,-1.32,-0.03,-1,93865,208213.2
APSW,2017-07-06,2.32,2.32,2.25,2.28,0,0,-1,124575,284132.75
APSW,2017-07-05,2.3,2.3,2.23,2.28,3.14,0.07,-1,376671,859971.38
APSW,2017-07-04,2.25,2.25,2.21,2.23,0.9,0.02,-1,176752,393988.16
APSW,2017-07-03,2.24,2.24,2.18,2.21,2.28,0.05,-1,73170,161529.41
APSW,2017-07-02,2.21,2.21,2.18,2.19,-1.35,-0.03,-1,28180,61626.9
APSW,2017-06-28,2.3,2.3,2.1,2.22,-0.89,-0.02,-1,108714,241375.72
APSW,2017-06-22,2.29,2.29,2.19,2.24,-3.95,-0.09,-1,117238,262630.63
APSW,2017-06-21,2.35,2.35,2.21,2.28,5.07,0.11,-1,129619,295889.66
APSW,2017-06-01,2.18,2.18,2.15,2.17,1.88,0.04,-1,54490,118060.56
APSW,2017-05-31,2.18,2.18,2.11,2.13,-0.94,-0.02,-1,36750,78217.5
APSW,2017-05-30,2.16,2.16,2.12,2.13,-0.93,-0.02,-1,98230,209466.91
APSW,2017-05-29,2.2,2.2,2.13,2.14,-2.29,-0.05,-1,66900,143489.09
APSW,2017-05-28,2.25,2.25,2.16,2.18,1.4,0.03,-1,42315,92345.55
APSW,2017-05-25,2.2,2.2,2.11,2.14,-1.83,-0.04,-1,117074,250644.06
APSW,2017-05-24,2.22,2.22,2.13,2.18,2.38,0.05,-1,312305,681564.75
APSW,2017-05-23,2.14,2.14,2.08,2.1,-1.87,-0.04,-1,227352,477124.41
APSW,2017-05-22,2.2,2.2,2.08,2.14,-4.46,-0.1,-1,100463,214515.59
APSW,2017-05-21,2.26,2.26,2.26,2.24,0,0,-1,1596,3606.96
APSW,2017-05-18,2.26,2.26,2.22,2.24,-1.32,-0.03,-1,96404,215708.84
APSW,2017-05-17,2.3,2.3,2.24,2.27,-0.44,-0.01,-1,143835,326367.5
APSW,2017-05-16,2.3,2.3,2.25,2.28,-0.87,-0.02,-1,113000,257287.11
APSW,2017-05-15,2.33,2.33,2.28,2.3,0.44,0.01,-1,205505,472274.81
APSW,2017-05-14,2.31,2.31,2.28,2.29,-0.87,-0.02,-1,87113,199901.64
APSW,2017-05-11,2.34,2.34,2.29,2.31,-0.86,-0.02,-1,176037,406192.44
APSW,2017-05-10,2.39,2.39,2.3,2.33,0,0,-1,389979,907373.94
APSW,2017-05-09,2.37,2.37,2.29,2.33,0.43,0.01,-1,255516,595772.75
APSW,2017-05-08,2.36,2.36,2.29,2.32,1.31,0.03,-1,421350,976120.31
APSW,2017-05-07,2.3,2.3,2.28,2.29,0.44,0.01,-1,125715,288314.5
APSW,2017-05-04,2.33,2.33,2.25,2.28,0,0,-1,130808,298584.53
APSW,2017-05-03,2.32,2.32,2.26,2.28,-0.87,-0.02,-1,78150,178346.8
APSW,2017-05-02,2.34,2.34,2.27,2.3,1.77,0.04,-1,129104,296955.59
APSW,2017-04-30,2.3,2.3,2.2,2.26,-1.74,-0.04,-1,103295,233630.08
APSW,2017-04-27,2.34,2.34,2.27,2.3,-0.43,-0.01,-1,72102,165648.8
APSW,2017-04-26,2.34,2.34,2.29,2.31,-0.86,-0.02,-1,36078,83327.8
APSW,2017-04-24,2.37,2.37,2.3,2.33,-0.43,-0.01,-1,72457,168867.8
APSW,2017-04-23,2.4,2.4,2.26,2.34,0.86,0.02,-1,197796,463071.56
APSW,2017-04-20,2.4,2.4,2.28,2.32,-1.28,-0.03,-1,110266,255813.52
APSW,2017-04-19,2.41,2.41,2.32,2.35,-2.49,-0.06,-1,191846,449935.16
APSW,2017-04-18,2.47,2.47,2.37,2.41,0,0,-1,166854,402131.63
APSW,2017-04-13,2.45,2.45,2.35,2.41,0.84,0.02,-1,144865,348576.34
APSW,2017-04-12,2.43,2.43,2.32,2.39,0.84,0.02,-1,64400,153670
APSW,2017-04-11,2.47,2.47,2.3,2.37,1.72,0.04,-1,130635,309972.44
APSW,2017-04-10,2.4,2.4,2.29,2.33,0.87,0.02,-1,153652,358307.16
APSW,2017-04-09,2.4,2.4,2.25,2.31,-4.94,-0.12,-1,260700,601082.13
APSW,2017-04-06,2.5,2.5,2.4,2.43,-0.82,-0.02,-1,167455,406502.91
APSW,2017-04-05,2.55,2.55,2.38,2.45,0.41,0.01,-1,817520,2007001
APSW,2017-04-04,2.53,2.53,2.32,2.44,5.17,0.12,-1,1116390,2729304.75
APSW,2017-04-03,2.37,2.37,2.25,2.32,2.65,0.06,-1,219683,510754.22
APSW,2017-04-02,2.3,2.3,2.21,2.26,0,0,-1,98371,222414.59
APSW,2017-03-30,2.31,2.31,2.22,2.26,0.44,0.01,-1,107199,242111.98
APSW,2017-03-29,2.29,2.29,2.24,2.25,-2.17,-0.05,-1,47919,108006.31
APSW,2017-03-28,2.35,2.35,2.26,2.3,-1.29,-0.03,-1,69780,160211.7
APSW,2017-03-27,2.42,2.42,2.22,2.33,3.56,0.08,-1,516189,1202090.88
APSW,2017-03-26,2.33,2.33,2.2,2.25,2.74,0.06,-1,308753,696077.94
APSW,2017-03-23,2.21,2.21,2.14,2.19,2.34,0.05,-1,95681,209443.84
APSW,2017-03-22,2.18,2.18,2.12,2.14,0.47,0.01,-1,51880,111194.83
APSW,2017-03-21,2.18,2.18,2.11,2.13,0,0,-1,156863,334677.34
APSW,2017-03-20,2.15,2.15,2.12,2.13,-0.93,-0.02,-1,157490,335682.59
APSW,2017-03-19,2.17,2.17,2.12,2.15,0,0,-1,70139,150725.19
APSW,2017-03-16,2.18,2.18,2.13,2.15,0,0,-1,99020,212839.3
APSW,2017-03-15,2.17,2.17,2.12,2.15,1.42,0.03,-1,131322,281801.63
APSW,2017-03-14,2.18,2.18,2.1,2.12,-2.3,-0.05,-1,100855,213453.89
APSW,2017-03-13,2.19,2.19,2.11,2.17,0.46,0.01,-1,132271,286759.25
APSW,2017-03-12,2.2,2.2,2.15,2.16,-0.46,-0.01,-1,76367,165289.05
APSW,2017-03-09,2.21,2.21,2.1,2.17,3.33,0.07,-1,384648,834119.56
APSW,2017-03-08,2.13,2.13,2.08,2.1,-0.94,-0.02,-1,58205,122393.57
APSW,2017-03-07,2.16,2.16,2.09,2.12,-0.47,-0.01,-1,199603,423820.84
APSW,2017-03-06,2.16,2.16,2.07,2.13,0.47,0.01,-1,163636,347876.38
APSW,2017-03-05,2.18,2.18,2.09,2.12,-0.47,-0.01,-1,262018,554696.81
APSW,2017-03-02,2.18,2.18,2.11,2.13,1.91,0.04,-1,229682,489857.75
APSW,2017-03-01,2.14,2.14,2.05,2.09,-1.42,-0.03,-1,135550,283601.5
APSW,2017-02-28,2.18,2.18,2.09,2.12,-2.3,-0.05,-1,61280,129955.5
APSW,2017-02-27,2.2,2.2,2.13,2.17,-1.36,-0.03,-1,93064,202325.59
APSW,2017-02-26,2.24,2.24,2.17,2.2,-1.79,-0.04,-1,103520,227898.8
APSW,2017-02-23,2.3,2.3,2.15,2.24,-0.44,-0.01,-1,405018,907478.25
APSW,2017-02-22,2.3,2.3,2.21,2.25,-2.6,-0.06,-1,328800,739351.81
APSW,2017-02-21,2.4,2.4,2.29,2.31,0.43,0.01,-1,324301,749804.69
APSW,2017-02-20,2.39,2.39,2.22,2.3,0,0,-1,308210,708359.44
APSW,2017-02-19,2.38,2.38,2.24,2.3,-0.86,-0.02,-1,203056,466223.88
APSW,2017-02-16,2.37,2.37,2.29,2.32,4.04,0.09,-1,260000,603418.25
APSW,2017-02-15,2.3,2.3,2.17,2.23,-2.19,-0.05,-1,245900,548259.69
APSW,2017-02-14,2.41,2.41,2.21,2.28,0.88,0.02,-1,255451,582026.31
APSW,2017-02-13,2.32,2.32,2.23,2.26,-1.74,-0.04,-1,84697,191627.56
APSW,2017-02-12,2.36,2.36,2.25,2.3,-0.86,-0.02,-1,93334,214258.91
APSW,2017-02-09,2.41,2.41,2.19,2.32,-4.53,-0.11,-1,311590,723285.31
APSW,2017-02-08,2.49,2.49,2.38,2.43,-0.41,-0.01,-1,210719,512882.38
APSW,2017-02-07,2.47,2.47,2.38,2.44,2.52,0.06,-1,111923,272896.25
APSW,2017-02-06,2.43,2.43,2.35,2.38,-3.25,-0.08,-1,134255,320151
APSW,2017-02-05,2.5,2.5,2.43,2.46,-1.6,-0.04,-1,146125,359265.34
APSW,2017-02-02,2.55,2.55,2.47,2.5,2.04,0.05,-1,335170,838349.94
APSW,2017-02-01,2.58,2.58,2.39,2.45,-4.3,-0.11,-1,249975,613504.25
APSW,2017-01-31,2.63,2.63,2.49,2.56,-1.16,-0.03,-1,410019,1049249.5
APSW,2017-01-30,2.7,2.7,2.52,2.59,-2.63,-0.07,-1,535982,1388428.25
APSW,2017-01-29,2.74,2.74,2.5,2.66,5.56,0.14,-1,1086036,2886756
APSW,2017-01-26,2.58,2.58,2.46,2.52,1.2,0.03,-1,372027,935745.06
APSW,2017-01-24,2.58,2.58,2.3,2.49,5.51,0.13,-1,1142931,2847756.5
APSW,2017-01-23,2.43,2.43,2.28,2.36,3.96,0.09,-1,314110,740595
APSW,2017-01-22,2.33,2.33,2.21,2.27,-2.16,-0.05,-1,170551,386375.56
APSW,2017-01-19,2.42,2.42,2.2,2.32,-1.69,-0.04,-1,681010,1580029
APSW,2017-01-18,2.46,2.46,2.26,2.36,3.06,0.07,-1,934253,2209378
APSW,2017-01-17,2.33,2.33,2.23,2.29,1.78,0.04,-1,308323,705570.69
APSW,2017-01-16,2.28,2.28,2.22,2.25,-1.75,-0.04,-1,199383,447926.41
APSW,2017-01-15,2.35,2.35,2.25,2.29,2.23,0.05,-1,228450,523833.53
APSW,2017-01-12,2.28,2.28,2.19,2.24,2.28,0.05,-1,276116,618626.44
APSW,2017-01-11,2.24,2.24,2.16,2.19,-2.23,-0.05,-1,202087,443422.47
APSW,2017-01-10,2.3,2.3,2.2,2.24,0,0,-1,118024,264932.56
APSW,2017-01-09,2.3,2.3,2.2,2.24,-2.61,-0.06,-1,202985,453734.91
APSW,2017-01-08,2.36,2.36,2.25,2.3,-2.54,-0.06,-1,260485,599338.19
APSW,2017-01-05,2.4,2.4,2.31,2.36,1.29,0.03,-1,320270,755732.06
APSW,2017-01-04,2.45,2.45,2.29,2.33,-2.51,-0.06,-1,533500,1242358.88
APSW,2017-01-03,2.45,2.45,2.35,2.39,0.42,0.01,-1,272210,649271.75
APSW,2017-01-02,2.5,2.5,2.2,2.38,3.93,0.09,-1,822592,1955325.88
APSW,2016-12-29,2.35,2.35,2.22,2.29,1.78,0.04,-1,459358,1050534.63
APSW,2016-12-28,2.28,2.28,2.2,2.25,0,0,-1,305176,686943.94
APSW,2016-12-27,2.31,2.31,2.2,2.25,-1.75,-0.04,-1,465581,1048031.75
APSW,2016-12-26,2.36,2.36,2.2,2.29,-0.43,-0.01,-1,690444,1580041.75
APSW,2016-12-25,2.35,2.35,2.25,2.3,1.32,0.03,-1,459611,1057711.63
APSW,2016-12-22,2.35,2.35,2.18,2.27,1.34,0.03,-1,507918,1152282.63
APSW,2016-12-21,2.29,2.29,2.19,2.24,2.28,0.05,-1,403437,905697.19
APSW,2016-12-20,2.22,2.22,2.15,2.19,1.39,0.03,-1,221601,485279.16
APSW,2016-12-19,2.22,2.22,2.1,2.16,2.37,0.05,-1,310899,671840.69
APSW,2016-12-18,2.16,2.16,2.06,2.11,0.48,0.01,-1,175464,371046.09
APSW,2016-12-15,2.15,2.15,2.06,2.1,-0.473934,-0.01,-1,87505,183866.81
APSW,2016-12-14,2.18,2.18,2.05,2.11,-2.76,-0.06,-1,255991,540935.38
APSW,2016-12-13,2.23,2.23,2.15,2.17,-2.25,-0.05,-1,119071,258669.91
APSW,2016-12-12,2.27,2.27,2.16,2.22,0.91,0.02,-1,370631,822028
APSW,2016-12-08,2.23,2.23,2.15,2.2,0.46,0.01,-1,120183,263957.53
APSW,2016-12-07,2.28,2.28,2.14,2.19,-3.1,-0.07,-1,331528,726136.44
APSW,2016-12-06,2.29,2.29,2.22,2.26,0,0,-1,197570,446419.78
APSW,2016-12-05,2.39,2.39,2.19,2.26,-4.64,-0.11,-1,409067,923000.38
APSW,2016-12-04,2.41,2.41,2.32,2.37,0.42,0.01,-1,494171,1171415.63
APSW,2016-12-01,2.48,2.48,2.3,2.36,-6.35,-0.16,-1,1153951,2727760.5
APSW,2016-11-30,2.58,2.58,2.46,2.52,7.23,0.17,-1,1160979,2922136
APSW,2016-11-29,2.42,2.42,2.14,2.35,6.82,0.15,-1,1464210,3439212
APSW,2016-11-28,2.23,2.23,2.17,2.2,1.38,0.03,-1,422321,927090.06
APSW,2016-11-27,2.22,2.22,2.1,2.17,1.88,0.04,-1,520177,1128615.13
APSW,2016-11-24,2.2,2.2,2.08,2.13,-2.74,-0.06,-1,603541,1286471.5
APSW,2016-11-23,2.25,2.25,2.13,2.19,-0.45,-0.01,-1,447926,982059.56
APSW,2016-11-22,2.3,2.3,2.12,2.2,-2.22,-0.05,-1,348118,764774.31
APSW,2016-11-21,2.3,2.3,2.2,2.25,-0.88,-0.02,-1,357632,806248
APSW,2016-11-20,2.37,2.37,2.12,2.27,1.339286,0.03,-1,484224,1098914.13
APSW,2016-11-17,2.4,2.4,2.14,2.24,-3.86,-0.09,-1,804012,1804717.5
APSW,2016-11-16,2.39,2.39,2.24,2.33,3.1,0.07,-1,542054,1260955.5
APSW,2016-11-15,2.33,2.33,2.1,2.26,6.6,0.14,-1,709283,1604433.13
APSW,2016-11-14,2.15,2.15,2.1,2.12,-0.47,-0.01,-1,194062,411808.03
APSW,2016-11-13,2.2,2.2,2.04,2.13,-0.47,-0.01,-1,349164,742032.19
APSW,2016-11-10,2.19,2.19,2.06,2.14,3.88,0.08,-1,393500,840658.5
APSW,2016-11-09,2.13,2.13,1.97,2.06,0,0,-1,229048,470875.75
APSW,2016-11-08,2.23,2.23,2,2.06,0.98,0.02,-1,615721,1269342.63
APSW,2016-11-07,2.04,2.04,2.03,2.04,9.68,0.18,-1,103312,210746.48
APSW,2016-11-03,1.99,1.99,1.83,1.86,-1.06,-0.02,-1,214243,398645
APSW,2016-11-02,1.93,1.93,1.85,1.88,2.73,0.05,-1,321900,603877
APSW,2016-11-01,1.87,1.87,1.8,1.83,0,0,-1,164344,300916.13
APSW,2016-10-31,1.94,1.94,1.79,1.83,-2.14,-0.04,-1,255645,469056.31
APSW,2016-10-30,1.92,1.92,1.67,1.87,6.86,0.12,-1,648767,1211447.88
APSW,2016-10-27,1.8,1.8,1.69,1.75,6.06,0.1,-1,302398,528023.25
APSW,2016-10-26,1.69,1.69,1.53,1.65,7.14,0.11,-1,264252,434709.81
APSW,2016-10-25,1.58,1.58,1.5,1.54,0.65,0.01,-1,169567,261528.98
APSW,2016-10-24,1.59,1.59,1.5,1.53,-4.38,-0.07,-1,145831,223386.5
APSW,2016-10-23,1.65,1.65,1.54,1.6,-2.44,-0.04,-1,253327,405070.34
APSW,2016-10-20,1.67,1.67,1.6,1.64,1.23,0.02,-1,64595,105739.17
APSW,2016-10-19,1.73,1.73,1.57,1.62,-4.14,-0.07,-1,118838,192576.14
APSW,2016-10-18,1.8,1.8,1.66,1.69,-7.14,-0.13,-1,74426,125821.73
APSW,2016-10-17,2.09,2.09,1.74,1.82,-5.7,-0.11,-1,260980,475602.03
APSW,2016-06-16,1.96,1.96,1.91,1.93,-0.52,-0.01,-1,86985,167681.34
APSW,2016-06-15,1.96,1.96,1.93,1.94,-1.522843,-0.03,-1,101417,196806.38
APSW,2016-06-14,2,2,1.96,1.97,-1.01,-0.02,-1,134143,264866.28
APSW,2016-06-13,2.01,2.01,1.96,1.99,-1,-0.02,-1,61113,121497.6
APSW,2016-06-12,2.05,2.05,2,2.01,-1.95,-0.04,-1,44506,89353.35
APSW,2016-06-09,2.07,2.07,2.03,2.05,0.49,0.01,-1,100475,205612.75
APSW,2016-06-08,2.09,2.09,2.02,2.04,-0.49,-0.01,-1,86280,175774.09
APSW,2016-06-07,2.07,2.07,2.04,2.05,0,0,-1,53637,109902.6
APSW,2016-06-06,2.07,2.07,2.03,2.05,-0.49,-0.01,-1,16630,34149.44
APSW,2016-06-05,2.09,2.09,2.05,2.06,-0.961538,-0.02,-1,35415,73081.74
APSW,2016-06-02,2.11,2.11,2.06,2.08,0.48,0.01,-1,121525,253347.86
APSW,2016-06-01,2.1,2.1,2.06,2.07,0,0,-1,44639,92458.64
APSW,2016-05-31,2.11,2.11,2.04,2.07,0.98,0.02,-1,134661,279301.56
APSW,2016-05-30,2.07,2.07,2.05,2.05,-0.966184,-0.02,-1,203881,418603.97
APSW,2016-05-29,2.1,2.1,2.05,2.07,-1.9,-0.04,-1,72450,149720.84
APSW,2016-05-26,2.13,2.13,2.07,2.11,0.96,0.02,-1,104945,221726.66
APSW,2016-05-25,2.12,2.12,2.06,2.09,0,0,-1,151829,318023.88
APSW,2016-05-24,2.12,2.12,2.06,2.09,1.46,0.03,-1,72549,151804.39
APSW,2016-05-23,2.1,2.1,2.04,2.06,-0.961538,-0.02,-1,103850,213579
APSW,2016-05-22,2.13,2.13,2.06,2.08,-0.952381,-0.02,-1,32615,67769.5
APSW,2016-05-19,2.13,2.13,2.07,2.1,-0.943396,-0.02,-1,74910,157211.7
APSW,2016-05-18,2.15,2.15,2.09,2.12,0,0,-1,84471,178672.03
APSW,2016-05-17,2.15,2.15,2.1,2.12,0,0,-1,111105,235329.56
APSW,2016-05-16,2.16,2.16,2.09,2.12,-0.93,-0.02,-1,75393,159609.73
APSW,2016-05-15,2.21,2.21,2.09,2.14,1.42,0.03,-1,307653,657721.19
APSW,2016-05-12,2.14,2.14,2.07,2.11,1.93,0.04,-1,156574,329717.84
APSW,2016-05-11,2.12,2.12,2.03,2.07,-0.96,-0.02,-1,99726,206587.69
APSW,2016-05-10,2.12,2.12,2.07,2.09,-1.415094,-0.03,-1,118328,247662.45
APSW,2016-05-09,2.13,2.13,2.09,2.12,0.473934,0.01,-1,124951,264316.56
APSW,2016-05-08,2.14,2.14,2.07,2.11,-1.401869,-0.03,-1,95181,200579.75
APSW,2016-05-05,2.17,2.17,2.11,2.14,1.9,0.04,-1,65517,139989.64
APSW,2016-05-04,2.16,2.16,2.03,2.1,0.96,0.02,-1,199128,419033.09
APSW,2016-05-03,2.14,2.14,2.03,2.08,-2.8,-0.06,-1,149151,310425.84
APSW,2016-04-28,2.15,2.15,2.11,2.14,-1.83,-0.04,-1,161075,343971.09
APSW,2016-04-27,2.24,2.24,2.15,2.18,-1.36,-0.03,-1,103498,225736.55
APSW,2016-04-26,2.26,2.26,2.19,2.21,0.91,0.02,-1,96677,213368.52
APSW,2016-04-24,2.21,2.21,2.17,2.19,0.46,0.01,-1,72240,158142.39
APSW,2016-04-21,2.22,2.22,2.16,2.18,-1.8,-0.04,-1,168029,366762.72
APSW,2016-04-20,2.29,2.29,2.19,2.22,-1.77,-0.04,-1,186875,414997.38
APSW,2016-04-19,2.3,2.3,2.2,2.26,1.35,0.03,-1,533036,1207324.63
APSW,2016-04-18,2.28,2.28,2.19,2.23,0.9,0.02,-1,339496,756034.06
APSW,2016-04-17,2.24,2.24,2.15,2.21,-0.45,-0.01,-1,68276,151208.31
APSW,2016-04-14,2.27,2.27,2.17,2.22,0.91,0.02,-1,186474,413954.66
APSW,2016-04-13,2.23,2.23,2.18,2.2,0.92,0.02,-1,80750,177311.59
APSW,2016-04-12,2.22,2.22,2.1,2.18,1.4,0.03,-1,62050,135057.34
APSW,2016-04-11,2.19,2.19,2.12,2.15,-2.272727,-0.05,-1,136336,292715.72
APSW,2016-04-10,2.27,2.27,2.16,2.2,-2.22,-0.05,-1,183411,403304.91
APSW,2016-04-07,2.3,2.3,2.19,2.25,0.45,0.01,-1,260248,586052.88
APSW,2016-04-06,2.34,2.34,2.14,2.24,-3.86,-0.09,-1,344080,770257.5
APSW,2016-04-05,2.39,2.39,2.3,2.33,-1.27,-0.03,-1,462347,1077699.38
APSW,2016-04-04,2.41,2.41,2.35,2.36,-2.48,-0.06,-1,441104,1040668.06
APSW,2016-04-03,2.49,2.49,2.34,2.42,1.680672,0.04,-1,296016,717405.63
APSW,2016-03-31,2.41,2.41,2.34,2.38,-0.83,-0.02,-1,169290,402892.56
APSW,2016-03-30,2.47,2.47,2.35,2.4,1.27,0.03,-1,641740,1542555.38
APSW,2016-03-29,2.43,2.43,2.31,2.37,0.85,0.02,-1,448784,1065477.13
APSW,2016-03-28,2.4,2.4,2.28,2.35,0.42735,0.01,-1,346648,815746.06
APSW,2016-03-27,2.43,2.43,2.28,2.34,-0.85,-0.02,-1,358621,838927.19
APSW,2016-03-24,2.4,2.4,2.3,2.36,1.29,0.03,-1,661717,1561365.5
APSW,2016-03-23,2.38,2.38,2.26,2.33,1.304348,0.03,-1,590000,1373217
APSW,2016-03-22,2.37,2.37,2.25,2.3,-2.953586,-0.07,-1,350517,807229.19
APSW,2016-03-21,2.41,2.41,2.3,2.37,-1.25,-0.03,-1,457345,1082425.25
APSW,2016-03-20,2.47,2.47,2.28,2.4,3.004292,0.07,-1,1073295,2577961.75
APSW,2016-03-17,2.37,2.37,2.27,2.33,1.304348,0.03,-1,677094,1580701.5
APSW,2016-03-16,2.34,2.34,2.24,2.3,3.139013,0.07,-1,719083,1651064.25
APSW,2016-03-15,2.27,2.27,2.2,2.23,0,0,-1,258149,576747.63
APSW,2016-03-14,2.27,2.27,2.17,2.23,3.24,0.07,-1,452313,1008451.94
APSW,2016-03-13,2.22,2.22,2.13,2.16,-1.37,-0.03,-1,95704,207060.59
APSW,2016-03-10,2.21,2.21,2.16,2.19,0.46,0.01,-1,217137,474604.81
APSW,2016-03-09,2.19,2.19,2.14,2.18,1.4,0.03,-1,94706,206290.06
APSW,2016-03-08,2.21,2.21,2.11,2.15,0.47,0.01,-1,471393,1013041.56
APSW,2016-03-07,2.17,2.17,2.1,2.14,0.943396,0.02,-1,72214,154236.16
APSW,2016-03-06,2.16,2.16,2.07,2.12,0.473934,0.01,-1,253660,538393
APSW,2016-03-03,2.15,2.15,2.06,2.11,0,0,-1,119567,252647.73
APSW,2016-03-02,2.2,2.2,2.02,2.11,-1.860465,-0.04,-1,265614,561644.88
APSW,2016-03-01,2.19,2.19,2.12,2.15,-1.376147,-0.03,-1,39970,85876.86
APSW,2016-02-29,2.22,2.22,2.14,2.18,-1.801802,-0.04,-1,132229,288833.41
APSW,2016-02-28,2.25,2.25,2.2,2.22,-0.45,-0.01,-1,197718,437946.84
APSW,2016-02-25,2.26,2.26,2.16,2.22,2.3,0.05,-1,170019,377793.22
APSW,2016-02-24,2.19,2.19,2.15,2.17,-0.458716,-0.01,-1,59770,129851.4
APSW,2016-02-23,2.2,2.2,2.15,2.18,-0.909091,-0.02,-1,87459,190699.55
APSW,2016-02-22,2.22,2.22,2.15,2.2,2.325581,0.05,-1,192325,422941.06
APSW,2016-02-21,2.17,2.17,2.14,2.15,0.938967,0.02,-1,58651,126201.04
APSW,2016-02-18,2.17,2.17,2.11,2.13,-1.388889,-0.03,-1,172139,366672.53
APSW,2016-02-17,2.19,2.19,2.12,2.16,-0.460829,-0.01,-1,113576,245087.77
APSW,2016-02-16,2.21,2.21,2.12,2.17,2.84,0.06,-1,143232,310782.03
APSW,2016-02-15,2.13,2.13,2.06,2.11,0.956938,0.02,-1,131819,277561.94
APSW,2016-02-14,2.14,2.14,2.05,2.09,0.480769,0.01,-1,169880,354309.5
APSW,2016-02-11,2.14,2.14,2.01,2.08,-4.147465,-0.09,-1,280818,583807.94
APSW,2016-02-10,2.21,2.21,2.15,2.17,0.462963,0.01,-1,146794,318527.38
APSW,2016-02-09,2.2,2.2,2.13,2.16,-0.917431,-0.02,-1,213517,461278.63
APSW,2016-02-08,2.24,2.24,2.15,2.18,-0.909091,-0.02,-1,210571,459639.5
APSW,2016-02-07,2.25,2.25,2.18,2.2,-3.0837,-0.07,-1,271400,597049.69
APSW,2016-02-04,2.31,2.31,2.22,2.27,0.442478,0.01,-1,243960,553377
APSW,2016-02-03,2.29,2.29,2.23,2.26,0,0,-1,237555,537579.44
APSW,2016-02-02,2.32,2.32,2.22,2.26,0.444444,0.01,-1,435408,983201.31
APSW,2016-02-01,2.32,2.32,2.17,2.25,-1.746725,-0.04,-1,378509,853142.38
APSW,2016-01-31,2.4,2.4,2.21,2.29,-3.375527,-0.08,-1,533757,1220306.63
APSW,2016-01-28,2.42,2.42,2.32,2.37,-0.84,-0.02,-1,282831,669909.44
APSW,2016-01-27,2.49,2.49,2.34,2.39,0.843882,0.02,-1,469015,1120391
APSW,2016-01-26,2.46,2.46,2.22,2.37,3.947368,0.09,-1,1041014,2467422.25
APSW,2016-01-24,2.31,2.31,2.23,2.28,2.702703,0.06,-1,457291,1041475.56
APSW,2016-01-21,2.28,2.28,2.12,2.22,0.909091,0.02,-1,441458,979825.88
APSW,2016-01-20,2.29,2.29,2.11,2.2,-4.347826,-0.1,-1,628596,1380249.13
APSW,2016-01-19,2.37,2.37,2.24,2.3,3.603604,0.08,-1,977877,2252018.25
APSW,2016-01-18,2.3,2.3,2.13,2.22,1.83,0.04,-1,708033,1569776.25
APSW,2016-01-17,2.39,2.39,2.03,2.18,-3.11,-0.07,-1,812086,1774197.25
APSW,2016-01-14,2.32,2.32,2.24,2.25,-9.274194,-0.23,-1,345029,777917.25
APSW,2016-01-13,2.61,2.61,2.43,2.48,-7.806691,-0.21,-1,722640,1794558.5
APSW,2016-01-12,2.79,2.79,2.6,2.69,3.461538,0.09,-1,1426073,3842167.5
APSW,2016-01-11,2.67,2.67,2.44,2.6,6.995885,0.17,-1,2250806,5851238
APSW,2016-01-10,2.48,2.48,2.38,2.43,-2.016129,-0.05,-1,172425,418576
APSW,2016-01-06,2.53,2.53,2.39,2.48,4.64135,0.11,-1,585601,1449741.13
APSW,2016-01-05,2.4,2.4,2.35,2.37,0.423729,0.01,-1,161426,382892.75
APSW,2016-01-04,2.4,2.4,2.33,2.36,-2.880658,-0.07,-1,108916,256700.75
APSW,2016-01-03,2.46,2.46,2.38,2.43,1.67364,0.04,-1,82256,199686.34
APSW,2015-12-31,2.44,2.44,2.37,2.39,-2.04918,-0.05,-1,112079,267714.34
APSW,2015-12-30,2.47,2.47,2.4,2.44,0,0,-1,279680,682353.38
APSW,2015-12-29,2.47,2.47,2.36,2.44,2.09205,0.05,-1,310714,757279.38
APSW,2015-12-28,2.42,2.42,2.36,2.39,-0.416667,-0.01,-1,95665,228563.05
APSW,2015-12-27,2.47,2.47,2.38,2.4,-3.225806,-0.08,-1,341070,818512.5
APSW,2015-12-24,2.55,2.55,2.42,2.48,2.479339,0.06,-1,826568,2049354.13
APSW,2015-12-22,2.49,2.49,2.32,2.42,2.978723,0.07,-1,943565,2286287.75
APSW,2015-12-21,2.38,2.38,2.33,2.35,-0.423729,-0.01,-1,23500,55260
APSW,2015-12-20,2.4,2.4,2.31,2.36,0,0,-1,334963,790401.31
APSW,2015-12-17,2.39,2.39,2.32,2.36,0,0,-1,201481,475200.75
APSW,2015-12-16,2.39,2.39,2.32,2.36,1.724138,0.04,-1,99898,235942.38
APSW,2015-12-15,2.37,2.37,2.27,2.32,2.202643,0.05,-1,84950,196999.5
APSW,2015-12-14,2.3,2.3,2.24,2.27,0.442478,0.01,-1,96003,217481.25
APSW,2015-12-13,2.32,2.32,2.21,2.26,-3.418803,-0.08,-1,118872,268656.81
APSW,2015-12-10,2.35,2.35,2.32,2.34,-2.09205,-0.05,-1,162950,380648.5
APSW,2015-12-09,2.44,2.44,2.34,2.39,1.702128,0.04,-1,188541,450117.31
APSW,2015-12-08,2.39,2.39,2.31,2.35,-0.843882,-0.02,-1,112390,263836.63
APSW,2015-12-07,2.42,2.42,2.32,2.37,-0.83682,-0.02,-1,221470,524162.81
APSW,2015-12-06,2.44,2.44,2.3,2.39,1.702128,0.04,-1,176059,421321.19
APSW,2015-12-03,2.39,2.39,2.29,2.35,2.620087,0.06,-1,343699,806233.81
APSW,2015-12-02,2.32,2.32,2.24,2.29,3.61991,0.08,-1,159100,364085.47
APSW,2015-12-01,2.24,2.24,2.2,2.21,0.454545,0.01,-1,112961,249398.25
APSW,2015-11-30,2.22,2.22,2.17,2.2,-0.900901,-0.02,-1,419543,921827.88
APSW,2015-11-29,2.24,2.24,2.21,2.22,-0.892857,-0.02,-1,112400,249455
APSW,2015-11-26,2.25,2.25,2.21,2.24,0.44843,0.01,-1,62365,139573.75
APSW,2015-11-25,2.27,2.27,2.2,2.23,1.826484,0.04,-1,149531,333206.28
APSW,2015-11-24,2.22,2.22,2.14,2.19,-2.232143,-0.05,-1,176426,385678.16
APSW,2015-11-23,2.29,2.29,2.2,2.24,-2.608696,-0.06,-1,127969,286141.22
APSW,2015-11-22,2.36,2.36,2.27,2.3,0,0,-1,123413,283233.09
APSW,2015-11-19,2.34,2.34,2.26,2.3,2.222222,0.05,-1,222848,513336.09
APSW,2015-11-18,2.29,2.29,2.17,2.25,1.809955,0.04,-1,162601,365100.84
APSW,2015-11-17,2.27,2.27,2.17,2.21,-0.896861,-0.02,-1,212491,470040.53
APSW,2015-11-16,2.25,2.25,2.2,2.23,-0.446429,-0.01,-1,85065,189581.98
APSW,2015-11-15,2.3,2.3,2.2,2.24,-3.86,-0.09,-1,146410,327650.91
APSW,2015-11-12,2.4,2.4,2.29,2.33,-1.27,-0.03,-1,187127,435162.88
APSW,2015-11-11,2.4,2.4,2.27,2.36,4.89,0.11,-1,215234,508710.13
APSW,2015-11-10,2.3,2.3,2.2,2.25,-1.75,-0.04,-1,396780,891773
APSW,2015-11-09,2.39,2.39,2.21,2.29,-3.78,-0.09,-1,404464,925396.31
APSW,2015-11-08,2.5,2.5,2.33,2.38,-6.3,-0.16,-1,673273,1605746.75
APSW,2015-11-05,2.58,2.58,2.49,2.54,2.01,0.05,-1,365350,927717.25
APSW,2015-11-04,2.52,2.52,2.44,2.49,1.63,0.04,-1,190446,473669.13
APSW,2015-11-03,2.55,2.55,2.4,2.45,-2.39,-0.06,-1,302258,740945.56
APSW,2015-11-02,2.55,2.55,2.48,2.51,-2.36,-0.06,-1,149420,374998.81
APSW,2015-11-01,2.62,2.62,2.46,2.54,0.79,0.02,-1,932642,2373376.5
APSW,2015-10-29,2.6,2.6,2.44,2.52,6.33,0.15,-1,1077733,2717125.75
APSW,2015-10-28,2.44,2.44,2.29,2.37,1.28,0.03,-1,470036,1115184.38
APSW,2015-10-27,2.36,2.36,2.28,2.34,1.73,0.03,-1,289339,677154.19
APSW,2015-10-26,2.33,2.33,2.29,2.31,-1.28,-0.03,-1,238149,549236.81
APSW,2015-10-25,2.38,2.38,2.32,2.34,0.43,0.01,-1,180550,422821.25
APSW,2015-10-22,2.36,2.36,2.29,2.31,-2.94,-0.07,-1,376223,867392.19
APSW,2015-10-21,2.42,2.42,2.34,2.38,0.85,0.02,-1,297833,707702.13
APSW,2015-10-20,2.43,2.43,2.34,2.36,-0.84,-0.02,-1,284187,671354.63
APSW,2015-10-19,2.44,2.44,2.34,2.38,3.03,0.07,-1,538610,1283683
APSW,2015-10-18,2.39,2.39,2.23,2.31,1.32,0.03,-1,518704,1196595.5
APSW,2015-10-15,2.34,2.34,2.25,2.28,-2.56,-0.06,-1,474068,1083191
APSW,2015-10-12,2.36,2.36,2.31,2.34,0.86,0.02,-1,424281,990910.88
APSW,2015-10-11,2.36,2.36,2.27,2.32,0.87,0.02,-1,454608,1055189
APSW,2015-10-08,2.35,2.35,2.28,2.3,1.32,0.03,-1,452492,1041013.81
APSW,2015-10-07,2.3,2.3,2.2,2.27,2.71,0.06,-1,437279,992994.75
APSW,2015-10-05,2.23,2.23,2.19,2.21,-0.9,-0.02,-1,136275,300690.75
APSW,2015-10-04,2.28,2.28,2.2,2.23,1.36,0.03,-1,782449,1744576.75
APSW,2015-10-01,2.23,2.23,2.13,2.2,0.46,0.01,-1,1019267,2238537.5
APSW,2015-09-30,2.22,2.22,2.13,2.19,0,0,-1,1142178,2500002
APSW,2015-09-29,2.21,2.21,2.16,2.19,-0.9,-0.02,-1,396184,868981.69
APSW,2015-09-28,2.26,2.26,2.14,2.21,1.84,0.04,-1,304353,673452.06
APSW,2015-09-22,2.21,2.21,2.13,2.17,1.88,0.04,-1,502429,1091623
APSW,2015-09-21,2.16,2.16,2.08,2.13,3.4,0.07,-1,213031,453306.47
APSW,2015-09-20,2.11,2.11,2.02,2.06,0,0,-1,446767,921380.38
APSW,2015-09-17,2.07,2.07,2.04,2.06,0,0,-1,312255,642071.5
APSW,2015-09-16,2.08,2.08,2.04,2.06,0.49,0.01,-1,383891,791158.56
APSW,2015-09-15,2.09,2.09,2.03,2.05,1.49,0.03,-1,648031,1331002
APSW,2015-09-14,2.03,2.03,2,2.02,0.5,0.01,-1,327499,660866.06
APSW,2015-09-13,2.06,2.06,2,2.01,1.01,0.02,-1,631671,1269447.63
APSW,2015-09-10,2.06,2.06,1.92,1.99,2.58,0.05,-1,1027735,2041460.63
APSW,2015-09-09,1.99,1.99,1.9,1.94,2.65,0.05,-1,224205,434930.34
APSW,2015-09-08,1.96,1.96,1.82,1.89,-5.03,-0.1,-1,458746,868898.56
APSW,2015-09-07,2.05,2.05,1.93,1.99,-2.93,-0.06,-1,280287,558423.19
APSW,2015-09-06,2.1,2.1,2.02,2.05,-0.49,-0.01,-1,432976,888771.63
APSW,2015-09-03,2.1,2.1,2,2.06,4.04,0.08,-1,960100,1979131.75
APSW,2015-09-02,2.05,2.05,1.94,1.98,-1,-0.02,-1,1241151,2456820.75
APSW,2015-09-01,2.04,2.04,1.97,2,-0.99,-0.02,-1,217655,436395.88
APSW,2015-08-31,2.07,2.07,1.95,2.02,0.5,0.01,-1,333400,673334.38
APSW,2015-08-30,2.09,2.09,1.95,2.01,0.5,0.01,-1,141366,283913.5
APSW,2015-08-27,2.04,2.04,1.96,2,3.09,0.06,-1,176901,353169.81
APSW,2015-08-26,1.96,1.96,1.9,1.94,0.52,0.01,-1,126241,244878.81
APSW,2015-08-25,1.96,1.96,1.82,1.93,3.21,0.06,-1,188536,363509.09
APSW,2015-08-24,2.04,2.04,1.82,1.87,-7.425743,-0.15,-1,147515,275186.97
APSW,2015-08-23,2.1,2.1,1.98,2.02,-7.76,-0.17,-1,239457,484352.38
APSW,2015-08-20,2.24,2.24,2.14,2.19,0,0,-1,223429,490380.81
APSW,2015-08-19,2.23,2.23,2.16,2.19,0,0,-1,313497,685936.19
APSW,2015-08-18,2.2,2.2,2.16,2.19,-2.23,-0.05,-1,331214,726362.25
APSW,2015-08-17,2.28,2.28,2.18,2.24,1.82,0.04,-1,173368,387852.84
APSW,2015-08-16,2.25,2.25,2.17,2.2,-1.79,-0.04,-1,404216,889514.25
APSW,2015-08-13,2.29,2.29,2.21,2.24,-0.44,-0.01,-1,184365,413072.09
APSW,2015-08-12,2.29,2.29,2.22,2.25,-3.433476,-0.08,-1,237231,534821.88
APSW,2015-08-11,2.37,2.37,2.3,2.33,-0.43,-0.01,-1,89000,207485
APSW,2015-08-10,2.37,2.37,2.3,2.34,0.86,0.02,-1,65597,153312.22
APSW,2015-08-09,2.36,2.36,2.3,2.32,-2.93,-0.07,-1,103479,240065.75
APSW,2015-08-05,2.45,2.45,2.36,2.39,-2.45,-0.06,-1,251123,599875.19
APSW,2015-08-04,2.48,2.48,2.42,2.45,1.24,0.03,-1,239482,587639
APSW,2015-08-03,2.44,2.44,2.39,2.42,-1.22,-0.03,-1,377562,911971.63
APSW,2015-08-02,2.5,2.5,2.41,2.45,-0.41,-0.01,-1,283626,694270.06
APSW,2015-07-30,2.51,2.51,2.4,2.46,1.65,0.04,-1,644744,1585274.88
APSW,2015-07-29,2.46,2.46,2.37,2.42,0.83,0.02,-1,405858,981912.81
APSW,2015-07-28,2.42,2.42,2.33,2.4,3.45,0.08,-1,525197,1258676.38
APSW,2015-07-27,2.37,2.37,2.3,2.32,-3.33,-0.08,-1,303947,705967.81
APSW,2015-07-26,2.46,2.46,2.33,2.4,0.84,0.02,-1,425053,1019540
APSW,2015-07-22,2.44,2.44,2.27,2.38,3.48,0.08,-1,628834,1496268
APSW,2015-07-21,2.33,2.33,2.27,2.3,-0.86,-0.02,-1,219969,505803.53
APSW,2015-07-16,2.36,2.36,2.29,2.32,0.87,0.02,-1,549574,1277417.88
APSW,2015-07-15,2.33,2.33,2.24,2.3,0.88,0.02,-1,298538,686267.56
APSW,2015-07-14,2.32,2.32,2.23,2.28,2.7,0.06,-1,437270,999131.5
APSW,2015-07-13,2.25,2.25,2.17,2.22,0,0,-1,121960,271279.78
APSW,2015-07-12,2.26,2.26,2.19,2.22,-0.89,-0.02,-1,138721,308388
APSW,2015-07-09,2.27,2.27,2.21,2.24,0,0,-1,181321,405981.06
APSW,2015-07-08,2.3,2.3,2.2,2.24,0.45,0.01,-1,169440,378896.81
APSW,2015-07-07,2.27,2.27,2.2,2.23,-0.9,0.02,-1,513885,1146502.75
APSW,2015-07-06,2.27,2.27,2.16,2.21,-3.07,-0.07,-1,455205,1005032.94
APSW,2015-07-05,2.36,2.36,2.23,2.28,-2.56,-0.06,-1,145635,331777.75
APSW,2015-07-02,2.39,2.39,2.3,2.34,-1.68,-0.04,-1,372870,872957.94
APSW,2015-06-29,2.44,2.44,2.34,2.38,-0.42,-0.01,-1,567238,1350295.13
APSW,2015-06-28,2.47,2.47,2.25,2.39,5.75,0.13,-1,928003,2219836.5
APSW,2015-06-25,2.3,2.3,2.22,2.26,0.44,0.01,-1,137833,311308.66
APSW,2015-06-24,2.27,2.27,2.22,2.25,0.9,0.02,-1,223884,503896.47
APSW,2015-06-23,2.25,2.25,2.22,2.23,-0.13,-0.02,-1,63200,141103
APSW,2015-06-22,2.26,2.26,2.23,2.25,0,0,-1,186752,419931.97
APSW,2015-06-21,2.28,2.28,2.22,2.25,-1.32,-0.03,-1,158640,356331.56
APSW,2015-06-18,2.29,2.29,2.26,2.28,-0.44,-0.01,-1,56073,127605.73
APSW,2015-06-17,2.33,2.33,2.26,2.29,0,0,-1,299351,687003.81
APSW,2015-06-16,2.33,2.33,2.26,2.29,0.881057,0.02,-1,247109,566185.5
APSW,2015-06-15,2.31,2.31,2.24,2.27,1.339286,0.03,-1,475888,1081723.25
APSW,2015-06-14,2.27,2.27,2.22,2.24,-0.44,-0.01,-1,261757,587517.5
APSW,2015-06-11,2.29,2.29,2.23,2.25,-0.44,-0.01,-1,142229,320403.22
APSW,2015-06-10,2.34,2.34,2.24,2.26,0,0,-1,247699,559840.75
APSW,2015-06-09,2.32,2.32,2.21,2.26,0.89,0.02,-1,547598,1239617.25
APSW,2015-06-08,2.29,2.29,2.18,2.24,-0.88,-0.02,-1,408475,914555.63
APSW,2015-06-07,2.3,2.3,2.2,2.26,0,0,-1,230041,519070.63
APSW,2015-06-04,2.31,2.31,2.25,2.26,-2.59,-0.06,-1,199390,451236.94
APSW,2015-06-03,2.38,2.38,2.28,2.32,0.43,0.01,-1,277175,642814.69
APSW,2015-06-02,2.35,2.35,2.26,2.31,0.43,0.01,-1,285906,661685
APSW,2015-06-01,2.35,2.35,2.24,2.3,-2.54,-0.06,-1,477686,1099237
APSW,2015-05-31,2.39,2.39,2.33,2.36,-0.42,-0.01,-1,67539,159199.58
APSW,2015-05-28,2.45,2.45,2.31,2.37,-2.07,-0.05,-1,561248,1327811.63
APSW,2015-05-27,2.48,2.48,2.38,2.42,-1.63,-0.04,-1,1114048,2701001
APSW,2015-05-26,2.53,2.53,2.41,2.46,-1.6,-0.04,-1,826340,2032034.25
APSW,2015-05-25,2.57,2.57,2.45,2.5,-1.57,-0.04,-1,1031521,2575844.25
APSW,2015-05-24,2.6,2.6,2.47,2.54,2.42,0.06,-1,1706193,4327714.5
APSW,2015-05-21,2.55,2.55,2.42,2.48,3.33,0.08,-1,1078968,2671946.25
APSW,2015-05-20,2.49,2.49,2.24,2.4,4.35,0.1,-1,1464302,3509739.75
APSW,2015-05-19,2.39,2.39,2.24,2.3,0.44,0.01,-1,889773,2047191.88
APSW,2015-05-18,2.31,2.31,2.14,2.29,9.05,0.19,-1,1061943,2432992
APSW,2015-05-17,2.18,2.18,2.06,2.1,0.96,0.02,-1,283886,597072
APSW,2015-05-14,2.19,2.19,2,2.08,-2.35,-0.05,-1,1003608,2083816.75
APSW,2015-05-13,2.25,2.25,2.08,2.13,-3.62,-0.08,-1,239681,510850.22
APSW,2015-05-12,2.27,2.27,2.17,2.21,-3.07,-0.07,-1,431893,955265.56
APSW,2015-05-11,2.33,2.33,2.23,2.28,0.44,0.01,-1,657147,1497859
APSW,2015-05-10,2.32,2.32,2.2,2.27,2.71,0.06,-1,418564,949308.38
APSW,2015-05-07,2.27,2.27,2.16,2.21,-1.78,-0.04,-1,404833,892828.25
APSW,2015-05-06,2.29,2.29,2.23,2.25,-1.32,-0.03,-1,234299,527458
APSW,2015-05-05,2.32,2.32,2.25,2.28,1.79,0.04,-1,277738,634519.31
APSW,2015-05-04,2.28,2.28,2.21,2.24,1.36,0.03,-1,309810,695095.25
APSW,2015-05-03,2.26,2.26,2.19,2.21,-2.21,-0.05,-1,290477,642277.75
APSW,2015-04-30,2.31,2.31,2.22,2.26,1.35,0.03,-1,386413,874027.19
APSW,2015-04-29,2.29,2.29,2.14,2.23,2.76,0.06,-1,508897,1134437
APSW,2015-04-28,2.2,2.2,2.1,2.17,0,0,-1,735166,1593928.375
APSW,2015-04-27,2.3,2.3,2.12,2.17,-3.13,-0.07,-1,444282,962197.3125
APSW,2015-04-26,2.26,2.26,2.22,2.24,-1.75,-0.04,-1,184440,412515.34375
APSW,2015-04-23,2.32,2.32,2.25,2.28,0.44,0.01,-1,513392,1170719.75
APSW,2015-04-22,2.3,2.3,2.23,2.27,0.44,0.01,-1,524867,1192961.625
APSW,2015-04-21,2.34,2.34,2.19,2.26,0.44,0.01,-1,888413,2007354.25
APSW,2015-04-20,2.3,2.3,2.2,2.25,-3.02,-0.07,-1,571489,1283644.375
APSW,2015-04-19,2.39,2.39,2.26,2.32,1.31,0.03,-1,579899,1348098
APSW,2015-04-16,2.35,2.35,2.15,2.29,7.01,0.15,-1,1936314,4441423
APSW,2015-04-15,2.25,2.25,2.1,2.14,-3.6,-0.08,-1,780886,1673826.125
APSW,2015-04-14,2.26,2.26,2.2,2.22,0.91,0.02,-1,208901,464048.53125
APSW,2015-04-09,2.22,2.22,2.16,2.2,1.85,0.04,-1,583582,1283832
APSW,2015-04-08,2.22,2.22,2.05,2.16,-0.92,-0.02,-1,509050,1100183.875
APSW,2015-04-07,2.22,2.22,2.15,2.18,2.83,0.06,-1,144840,315650.375
APSW,2015-04-06,2.23,2.23,2.02,2.12,-4.07,-0.09,-1,617783,1309509.25
APSW,2015-04-05,2.29,2.29,2.11,2.21,-1.34,-0.03,-1,249387,550328.625
APSW,2015-04-02,2.33,2.33,2.2,2.24,-3.86,-0.09,-1,383599,859378.875
APSW,2015-04-01,2.37,2.37,2.29,2.33,-0.43,-0.01,-1,179184,417723.5
APSW,2015-03-31,2.39,2.39,2.3,2.34,1.74,0.04,-1,323777,758033.25
APSW,2015-03-30,2.34,2.34,2.25,2.3,0,0,-1,478171,1101975.75
APSW,2015-03-29,2.35,2.35,2.27,2.3,-0.43,-0.01,-1,328776,755926.5
APSW,2015-03-26,2.4,2.4,2.15,2.31,-2.12,-0.05,-1,582981,1346796.5
APSW,2015-03-25,2.41,2.41,2.31,2.36,-3.28,-0.08,-1,428346,1009738.0625
APSW,2015-03-24,2.48,2.48,2.4,2.44,0.41,0.01,-1,179000,435948.875
APSW,2015-03-23,2.49,2.49,2.37,2.43,0.41,0.01,-1,277810,674586.125
APSW,2015-03-22,2.58,2.58,2.34,2.42,-5.1,-0.13,-1,374044,905866.625
APSW,2015-03-19,2.59,2.59,2.52,2.55,0.79,0.02,-1,33909,86364.078125
APSW,2015-03-18,2.61,2.61,2.48,2.53,-2.69,-0.07,-1,318595,806251.75
APSW,2015-03-17,2.65,2.65,2.56,2.6,-0.76,-0.02,-1,167570,435750.8125
APSW,2015-03-16,2.64,2.64,2.6,2.62,-1.5,-0.04,-1,302942,793505.4375
APSW,2015-03-15,2.7,2.7,2.63,2.66,0.38,0.01,-1,196148,522236.875
APSW,2015-03-12,2.68,2.68,2.64,2.65,-1.49,-0.04,-1,150980,400641.15625
APSW,2015-03-11,2.72,2.72,2.67,2.69,-1.1,-0.03,-1,294982,792252.75
APSW,2015-03-10,2.77,2.77,2.69,2.72,-0.37,-0.01,-1,473296,1288121.5
APSW,2015-03-09,2.76,2.76,2.71,2.73,-0.36,-0.01,-1,253074,690785.875
APSW,2015-03-08,2.77,2.77,2.71,2.74,1.11,0.03,-1,497487,1363204.75
APSW,2015-03-05,2.74,2.74,2.68,2.71,1.5,0.04,-1,506681,1371222.25
APSW,2015-03-04,2.69,2.69,2.64,2.67,0.75,0.02,-1,174465,465418.46875
APSW,2015-03-03,2.69,2.69,2.63,2.65,-0.38,-0.01,-1,172057,456566.5625
APSW,2015-03-02,2.69,2.69,2.63,2.66,1.92,0.05,-1,272528,725535.9375
APSW,2015-03-01,2.67,2.67,2.57,2.61,-0.76,-0.02,-1,146310,382390.71875
APSW,2015-02-26,2.66,2.66,2.6,2.63,-0.75,-0.02,-1,199640,524132.84375
APSW,2015-02-25,2.7,2.7,2.62,2.65,-1.85,-0.05,-1,256714,680930.5
APSW,2015-02-24,2.74,2.74,2.65,2.7,0,0,-1,350474,947455.6875
APSW,2015-02-23,2.76,2.76,2.66,2.7,-0.37,-0.01,-1,465904,1257151.375
APSW,2015-02-22,2.75,2.75,2.67,2.71,0.37,0.01,-1,174465,472437.375
APSW,2015-02-19,2.77,2.77,2.65,2.7,-1.1,-0.03,-1,434590,1172594.125
APSW,2015-02-18,2.79,2.79,2.68,2.73,2.25,0.06,-1,517174,1410396.875
APSW,2015-02-17,2.77,2.77,2.58,2.67,-3.61,-0.1,-1,368867,984825.9375
APSW,2015-02-16,2.86,2.86,2.68,2.77,-2.12,-0.06,-1,426136,1178911.625
APSW,2015-02-15,2.86,2.86,2.8,2.83,1.43,0.04,-1,203012,573975.1875
APSW,2015-02-12,2.84,2.84,2.72,2.79,-1.76,-0.05,-1,225540,629421
APSW,2015-02-11,2.9,2.9,2.76,2.84,-2.41,-0.07,-1,432602,1226822
APSW,2015-02-10,2.95,2.95,2.9,2.91,-0.34,-0.01,-1,265581,772926.375
APSW,2015-02-09,2.95,2.95,2.9,2.92,-1.02,-0.03,-1,339288,990890.75
APSW,2015-02-08,2.98,2.98,2.94,2.95,0.68,0.02,-1,244800,722899.625
APSW,2015-02-05,2.97,2.97,2.92,2.93,-1.35,-0.04,-1,357174,1045811
APSW,2015-02-04,3.01,3.01,2.93,2.97,-0.67,-0.02,-1,567018,1686410.25
APSW,2015-02-03,3,3,2.95,2.99,1.01,0.03,-1,365695,1091821.625
APSW,2015-02-02,2.99,2.99,2.94,2.96,0.34,0.01,-1,144200,426833.65625
APSW,2015-02-01,2.99,2.99,2.92,2.95,-1.01,-0.03,-1,348629,1027549.6875
APSW,2015-01-29,3.01,3.01,2.92,2.98,-0.67,-0.02,-1,348286,1036864.5
APSW,2015-01-28,3.04,3.04,2.94,3,0,0,-1,723474,2168658.75
APSW,2015-01-27,3.04,3.04,2.95,3,2.39,0.07,-1,878089,2637219.5
APSW,2015-01-26,2.97,2.97,2.89,2.93,-0.68,-0.02,-1,493880,1445737.125
APSW,2015-01-22,3,3,2.93,2.95,0,0,-1,499322,1473195.5
APSW,2015-01-21,2.99,2.99,2.91,2.95,-1.01,-0.03,-1,499153,1474382
APSW,2015-01-20,3.02,3.02,2.93,2.98,1.02,0.03,-1,752503,2244792.75
APSW,2015-01-19,2.99,2.99,2.9,2.95,0.34,0.01,-1,468063,1380581.75
APSW,2015-01-18,2.99,2.99,2.91,2.94,-1.67,-0.05,-1,525082,1543248.25
APSW,2015-01-15,3.03,3.03,2.93,2.99,-1.97,-0.06,-1,1021628,3051225.25
APSW,2015-01-14,3.11,3.11,3,3.05,-0.65,-0.02,-1,1664057,5078671
APSW,2015-01-13,3.1,3.1,3.02,3.07,-1.92,-0.06,-1,1968824,6044860
APSW,2015-01-12,3.16,3.16,3.08,3.13,2.29,0.07,-1,502521,1570844.875
APSW,2015-01-11,3.14,3.14,3.01,3.06,-1.61,-0.05,-1,211534,648293.25
APSW,2015-01-08,3.13,3.13,3.09,3.11,2.98,0.09,-1,385621,1198055
APSW,2015-01-06,3.06,3.06,2.98,3.02,-3.21,-0.1,-1,581829,1757927.125
APSW,2015-01-05,3.17,3.17,3.06,3.12,2.63,0.08,-1,827354,2585300.25
APSW,2015-01-04,3.1,3.1,2.96,3.04,3.05,0.09,-1,526881,1603140
APSW,2014-12-31,3.03,3.03,2.88,2.95,-1.67,-0.05,-1,461489,1361794.5
APSW,2014-12-30,3.06,3.06,2.96,3,0,0,-1,600613,1802383.25
APSW,2014-12-29,3.05,3.05,2.95,3,1.35,0.04,-1,540072,1622163.75
APSW,2014-12-28,3.04,3.04,2.91,2.96,-0.67,-0.02,-1,522454,1547918.125
APSW,2014-12-24,3.03,3.03,2.93,2.98,-0.67,-0.02,-1,543765,1619139.875
APSW,2014-12-23,3.07,3.07,2.92,3,1.01,0.03,-1,478896,1435112.75
APSW,2014-12-22,3.06,3.06,2.83,2.97,2.77,0.08,-1,937165,2782445.25
APSW,2014-12-21,2.94,2.94,2.84,2.89,4.71,0.13,-1,504084,1454378.625
APSW,2014-12-18,2.85,2.85,2.68,2.76,2.99,0.08,-1,523414,1447083.75
APSW,2014-12-17,2.9,2.9,2.56,2.68,-5.63,-0.16,-1,685795,1836275.75
APSW,2014-12-16,2.96,2.96,2.76,2.84,-5.96,-0.18,-1,512776,1455101
APSW,2014-12-15,3.11,3.11,2.92,3.02,-1.31,-0.04,-1,561766,1696260.625
APSW,2014-12-14,3.27,3.27,2.98,3.06,-7.55,-0.25,-1,796913,2434979.75
APSW,2014-12-11,3.4,3.4,3.22,3.31,-3.78,-0.13,-1,886215,2936003.75
APSW,2014-12-10,3.53,3.53,3.3,3.44,-2.27,-0.08,-1,1075093,3697513
APSW,2014-12-09,3.61,3.61,3.47,3.52,-2.22,-0.08,-1,953082,3350345.5
APSW,2014-12-08,3.67,3.67,3.5,3.6,3.75,0.13,-1,2945221,10607274
APSW,2014-12-04,3.51,3.51,3.4,3.47,3.27,0.11,-1,1129589,3914286.25
APSW,2014-12-03,3.42,3.42,3.31,3.36,-0.88,-0.03,-1,1199450,4028763.75
APSW,2014-12-01,3.44,3.44,3.37,3.39,-0.59,-0.02,-1,356520,1208935.625
APSW,2014-11-30,3.47,3.47,3.36,3.41,-0.29,-0.01,-1,306230,1043213.5
APSW,2014-11-27,3.47,3.47,3.4,3.42,0.88,0.03,-1,346546,1186874.75
APSW,2014-11-26,3.42,3.42,3.36,3.39,0.89,0.03,-1,221473,751338.625
APSW,2014-11-25,3.41,3.41,3.3,3.36,0.3,0.01,-1,295992,995968.0625
APSW,2014-11-24,3.41,3.41,3.3,3.35,-2.05,-0.07,-1,458618,1537007.5
APSW,2014-11-23,3.45,3.45,3.4,3.42,-1.16,-0.04,-1,417035,1426350.125
APSW,2014-11-20,3.5,3.5,3.41,3.46,0.87,0.03,-1,564522,1952014.75
APSW,2014-11-19,3.47,3.47,3.4,3.43,-0.87,-0.03,-1,359606,1235041.875
APSW,2014-11-18,3.53,3.53,3.4,3.46,0.58,0.02,-1,442767,1530069
APSW,2014-11-17,3.52,3.52,3.38,3.44,-4.18,-0.15,-1,705640,2425478.5
APSW,2014-11-16,3.65,3.65,3.51,3.59,2.87,0.1,-1,922173,3309405.5
APSW,2014-11-13,3.62,3.62,3.36,3.49,1.45,0.05,-1,1560838,5455007.5
APSW,2014-11-12,3.55,3.55,3.37,3.44,-2.55,-0.09,-1,629675,2167839.25
APSW,2014-11-11,3.59,3.59,3.48,3.53,-0.84,-0.03,-1,785753,2771758.5
APSW,2014-11-10,3.6,3.6,3.48,3.56,1.14,0.04,-1,798648,2841910.5
APSW,2014-11-09,3.57,3.57,3.46,3.52,0.86,0.03,-1,825826,2906141.25
APSW,2014-11-06,3.56,3.56,3.43,3.49,-1.13,-0.04,-1,774730,2707029
APSW,2014-11-05,3.56,3.56,3.49,3.53,-0.56,-0.02,-1,541517,1911448.5
APSW,2014-11-04,3.61,3.61,3.49,3.55,1.72,0.06,-1,1405606,4993620
APSW,2014-11-03,3.57,3.57,3.4,3.49,-0.85,-0.03,-1,1007713,3516400
APSW,2014-11-02,3.58,3.58,3.45,3.52,-0.28,-0.01,-1,680861,2399614.5
APSW,2014-10-30,3.6,3.6,3.45,3.53,2.62,0.09,-1,1441068,5088264.5
APSW,2014-10-29,3.51,3.51,3.38,3.44,1.78,0.06,-1,776550,2670174.25
APSW,2014-10-28,3.43,3.43,3.28,3.38,2.42,0.08,-1,785222,2655368.5
APSW,2014-10-27,3.36,3.36,3.22,3.3,-2.65,-0.09,-1,616142,2031855.125
APSW,2014-10-26,3.53,3.53,3.28,3.39,-3.14,-0.11,-1,809253,2741079.5
APSW,2014-10-23,3.59,3.59,3.43,3.5,-1.13,-0.04,-1,956064,3344969
APSW,2014-10-22,3.62,3.62,3.5,3.54,0.57,0.02,-1,612539,2167801
APSW,2014-10-21,3.58,3.58,3.41,3.52,3.83,0.13,-1,888744,3126904.5
APSW,2014-10-20,3.44,3.44,3.3,3.39,2.42,0.08,-1,600002,2031033.125
APSW,2014-10-19,3.4,3.4,3.24,3.31,-0.6,-0.02,-1,1091880,3617749
APSW,2014-10-16,3.52,3.52,3.18,3.33,-5.67,-0.2,-1,983303,3269711.25
APSW,2014-10-15,3.62,3.62,3.45,3.53,-2.75,-0.1,-1,706002,2495384.5
APSW,2014-10-14,3.8,3.8,3.46,3.63,-4.47,-0.17,-1,935281,3392560.25
APSW,2014-10-13,3.85,3.85,3.74,3.8,-2.56,-0.1,-1,466456,1771439
APSW,2014-10-12,4.15,4.15,3.71,3.9,-5.34,-0.22,-1,1144232,4467243
APSW,2014-10-09,4.15,4.15,4.07,4.12,0.49,0.02,-1,485945,2000458.25
APSW,2014-10-08,4.18,4.18,4.05,4.1,-0.49,-0.02,-1,506111,2073814.625
APSW,2014-10-02,4.16,4.16,4.06,4.12,1.23,0.05,-1,793382,3272240.5
APSW,2014-10-01,4.1,4.1,4.05,4.07,-0.73,-0.03,-1,190595,776046.5
APSW,2014-09-30,4.12,4.12,4.06,4.1,0.49,0.02,-1,499059,2043734.625
APSW,2014-09-29,4.1,4.1,4.04,4.08,0.99,0.04,-1,378355,1542267.125
APSW,2014-09-28,4.09,4.09,3.96,4.04,-0.25,-0.01,-1,480221,1940054.875
APSW,2014-09-25,4.11,4.11,4,4.05,-1.7,-0.07,-1,583305,2361458.5
APSW,2014-09-24,4.18,4.18,4.05,4.12,1.23,0.05,-1,1243222,5120109
APSW,2014-09-23,4.12,4.12,4,4.07,0.49,0.02,-1,571175,2325232
APSW,2014-09-22,4.11,4.11,4.01,4.05,-1.22,-0.05,-1,611409,2475554.25
APSW,2014-09-21,4.16,4.16,4.04,4.09,-0.24,-0.01,-1,965322,3949871
APSW,2014-09-18,4.16,4.16,4.05,4.09,0,0,-1,1500398,6130348.5
APSW,2014-09-17,4.14,4.14,4.04,4.09,-1.45,-0.06,-1,916351,3746348.75
APSW,2014-09-16,4.3,4.3,4.08,4.15,-3.49,-0.15,-1,2583046,10732493
APSW,2014-09-15,4.37,4.37,4.22,4.3,-1.15,-0.05,-1,1092345,4696692
APSW,2014-09-14,4.45,4.45,4.21,4.35,4.07,0.17,-1,1718526,7475713
APSW,2014-09-11,4.36,4.36,3.93,4.18,2.7,0.11,-1,2065710,8633778
APSW,2014-09-10,4.2,4.2,3.91,4.07,-2.16,-0.09,-1,1254000,5108317
APSW,2014-09-09,4.28,4.28,4.04,4.16,-1.65,-0.07,-1,845499,3520813
APSW,2014-09-08,4.36,4.36,4.13,4.23,-2.08,-0.09,-1,1594672,6740051
APSW,2014-09-07,4.44,4.44,4.27,4.32,-1.37,-0.06,-1,1102640,4768046
APSW,2014-09-04,4.46,4.46,4.33,4.38,-1.57,-0.07,-1,918187,4023311
APSW,2014-09-03,4.52,4.52,4.36,4.45,-0.22,-0.01,-1,2458752,10930611
APSW,2014-09-02,4.56,4.56,4.37,4.46,3.24,0.14,-1,2039517,9102535
APSW,2014-09-01,4.48,4.48,4.1,4.32,5.88,0.24,-1,5187494,22434966
APSW,2014-08-31,4.16,4.16,4.01,4.08,-0.24,-0.01,-1,913832,3729141
APSW,2014-08-28,4.12,4.12,4.04,4.09,0.49,0.02,-1,610624,2494567.5
APSW,2014-08-27,4.14,4.14,3.99,4.07,2.26,0.09,-1,991625,4036190.25
APSW,2014-08-26,4.04,4.04,3.92,3.98,-1,-0.04,-1,706681,2812245.75
APSW,2014-08-25,4.09,4.09,3.88,4.02,-1.71,-0.07,-1,828065,3326395.75
APSW,2014-08-24,4.17,4.17,4.05,4.09,0.74,0.03,-1,860198,3517338.5
APSW,2014-08-21,4.12,4.12,4,4.06,-1.93,-0.08,-1,1140361,4630030.5
APSW,2014-08-20,4.22,4.22,4.05,4.14,-1.19,-0.05,-1,705465,2920049.5
APSW,2014-08-19,4.24,4.24,4.13,4.19,-0.24,-0.01,-1,712840,2985533
APSW,2014-08-18,4.27,4.27,4.12,4.2,-0.94,-0.04,-1,1138233,4776379
APSW,2014-08-17,4.34,4.34,4.16,4.24,2.17,0.09,-1,1791260,7600740
APSW,2014-08-14,4.22,4.22,4.1,4.15,-3.49,-0.15,-1,1958720,8135792.5
APSW,2014-08-13,4.38,4.38,4.18,4.3,1.18,0.05,-1,1675588,7210681
APSW,2014-08-12,4.3,4.3,4.21,4.25,-0.93,-0.04,-1,976600,4150213.5
APSW,2014-08-11,4.36,4.36,4.23,4.29,0.7,0.03,-1,1127910,4841366
APSW,2014-08-10,4.37,4.37,4.13,4.26,1.67,0.07,-1,1487990,6341307
APSW,2014-08-07,4.25,4.25,4.11,4.19,2.2,0.09,-1,1772132,7424959.5
APSW,2014-08-06,4.14,4.14,4.04,4.1,-0.49,-0.02,-1,732593,3000727
APSW,2014-08-05,4.18,4.18,4.07,4.12,-0.24,-0.01,-1,1526047,6288805.5
APSW,2014-08-04,4.25,4.25,4.06,4.13,-2.13,-0.09,-1,2426929,10020895
APSW,2014-08-03,4.3,4.3,4.13,4.22,5.24,0.21,-1,1893876,7985933
APSW,2014-07-31,4.18,4.18,3.84,4.01,9.71,0.37,-1,3453759,13834328
APSW,2014-07-27,3.85,3.85,3.77,3.81,-0.26,-0.01,-1,354894,1352293.5
APSW,2014-07-24,3.88,3.88,3.78,3.82,0.26,0.01,-1,531094,2029849.25
APSW,2014-07-22,3.85,3.85,3.77,3.81,1.33,0.05,-1,421901,1607914.5
APSW,2014-07-21,3.8,3.8,3.74,3.76,-0.27,-0.01,-1,387984,1457118.375
APSW,2014-07-20,3.82,3.82,3.73,3.77,-0.79,-0.03,-1,407170,1533331.5
APSW,2014-07-17,3.83,3.83,3.73,3.8,0.53,0.02,-1,325394,1236428.375
APSW,2014-07-16,3.88,3.88,3.74,3.78,-1.82,-0.07,-1,586834,2220583
APSW,2014-07-15,3.88,3.88,3.83,3.85,1.32,0.05,-1,623675,2402597.5
APSW,2014-07-14,3.85,3.85,3.75,3.8,0.26,0.01,-1,422339,1605235.875
APSW,2014-07-13,3.83,3.83,3.74,3.79,-2.07,-0.08,-1,801427,3033561
APSW,2014-07-10,3.94,3.94,3.82,3.87,-0.77,-0.03,-1,710076,2748937.5
APSW,2014-07-09,4,4,3.85,3.9,-0.76,-0.03,-1,2303430,8988753
APSW,2014-07-08,4.14,4.14,3.77,3.93,4.24,0.16,-1,3055225,11996244
APSW,2014-07-07,3.83,3.83,3.73,3.77,-0.79,-0.03,-1,397440,1498868.75
APSW,2014-07-06,3.86,3.86,3.71,3.8,0.26,0.01,-1,815527,3102411
APSW,2014-07-03,3.88,3.88,3.73,3.79,0,0,-1,1316410,4982948
APSW,2014-07-02,3.86,3.86,3.74,3.79,-2.57,-0.1,-1,1606222,6091056
APSW,2014-06-30,3.94,3.94,3.77,3.89,2.37,0.09,-1,1864122,7245275
APSW,2014-06-29,3.95,3.95,3.6,3.8,2.15,0.08,-1,1714060,6515220
APSW,2014-06-26,3.8,3.8,3.57,3.72,5.08,0.18,-1,2048157,7612522
APSW,2014-06-25,3.72,3.72,3.31,3.54,4.42,0.15,-1,2403441,8514879
APSW,2014-06-24,3.51,3.51,3.31,3.39,-3.14,-0.11,-1,584745,1983761.75
APSW,2014-06-23,3.59,3.59,3.43,3.5,-0.85,-0.03,-1,498973,1744694.75
APSW,2014-06-22,3.62,3.62,3.43,3.53,2.32,0.08,-1,710146,2505766
APSW,2014-06-19,3.52,3.52,3.4,3.45,-0.29,-0.01,-1,819037,2824781.75
APSW,2014-06-18,3.53,3.53,3.37,3.46,0,0,-1,498583,1724154.875
APSW,2014-06-17,3.62,3.62,3.38,3.46,-3.35,-0.12,-1,531987,1840649.5
APSW,2014-06-16,3.73,3.73,3.4,3.58,-2.98,-0.11,-1,751617,2694065.5
APSW,2014-06-15,3.74,3.74,3.64,3.69,-1.07,-0.04,-1,258718,953826.75
APSW,2014-06-12,3.82,3.82,3.66,3.73,-0.53,-0.02,-1,1086863,4056932
APSW,2014-06-11,3.79,3.79,3.68,3.75,1.9,0.07,-1,1000630,3748360
APSW,2014-06-10,3.75,3.75,3.63,3.68,-1.34,-0.05,-1,522364,1921212.375
APSW,2014-06-09,3.82,3.82,3.64,3.73,2.47,0.09,-1,936322,3490479
APSW,2014-06-05,3.7,3.7,3.54,3.64,5.81,0.2,-1,944984,3438495.5
APSW,2014-06-04,3.56,3.56,3.25,3.44,2.38,0.08,-1,771423,2650007.5
APSW,2014-06-03,3.45,3.45,3.24,3.36,1.2,0.04,-1,342016,1148369.625
APSW,2014-06-02,3.44,3.44,3.2,3.32,-0.3,-0.01,-1,918666,3052137.5
APSW,2014-06-01,3.41,3.41,3.19,3.33,-5.4,-0.19,-1,700283,2331232
APSW,2014-05-29,3.78,3.78,3.36,3.52,-5.38,-0.2,-1,864537,3047458
APSW,2014-05-28,3.79,3.79,3.65,3.72,-2.11,-0.08,-1,866418,3220361.75
APSW,2014-05-26,3.94,3.94,3.72,3.8,-2.31,-0.09,-1,1186593,4510539
APSW,2014-05-25,3.95,3.95,3.85,3.89,0,0,-1,791205,3078372.75
APSW,2014-05-22,3.96,3.96,3.83,3.89,0,0,-1,787242,3063771.75
APSW,2014-05-21,3.98,3.98,3.74,3.89,1.83,0.07,-1,1775316,6905330
APSW,2014-05-20,3.91,3.91,3.68,3.82,-1.04,-0.04,-1,1402870,5364403.5
APSW,2014-05-19,3.93,3.93,3.83,3.86,1.05,0.04,-1,1043402,4030279.5
APSW,2014-05-18,3.93,3.93,3.72,3.82,1.33,0.05,-1,1325248,5066440.5
APSW,2014-05-15,3.83,3.83,3.7,3.77,1.34,0.05,-1,1473782,5562176.5
APSW,2014-05-14,3.77,3.77,3.68,3.72,1.36,0.05,-1,840951,3132022
APSW,2014-05-13,3.72,3.72,3.6,3.67,0.55,0.02,-1,1385518,5083928.5
APSW,2014-05-12,3.71,3.71,3.6,3.65,1.39,0.05,-1,1118380,4078036
APSW,2014-05-11,3.7,3.7,3.42,3.6,5.26,0.18,-1,1472315,5303757.5
APSW,2014-05-08,3.48,3.48,3.38,3.42,-2.29,-0.08,-1,477862,1635575.75
APSW,2014-05-07,3.58,3.58,3.42,3.5,-1.41,-0.05,-1,746548,2616485.25
APSW,2014-05-06,3.6,3.6,3.47,3.55,2.01,0.07,-1,756186,2685428
APSW,2014-05-05,3.55,3.55,3.44,3.48,-2.79,-0.1,-1,647751,2256662
APSW,2014-05-04,3.61,3.61,3.53,3.58,1.42,0.05,-1,332077,1188596.875
APSW,2014-04-30,3.6,3.6,3.5,3.53,1.15,0.04,-1,705225,2487246.25
APSW,2014-04-29,3.59,3.59,3.44,3.49,-3.06,-0.11,-1,429690,1498169.125
APSW,2014-04-28,3.72,3.72,3.48,3.6,-1.91,-0.07,-1,498541,1792268.25
APSW,2014-04-27,3.79,3.79,3.61,3.67,-0.81,-0.03,-1,810399,2970774.75
APSW,2014-04-23,3.77,3.77,3.65,3.7,-1.33,-0.05,-1,746647,2759440.5
APSW,2014-04-22,3.83,3.83,3.67,3.75,3.59,0.13,-1,867973,3252066.25
APSW,2014-04-17,3.67,3.67,3.53,3.62,0,0,-1,538465,1948094.625
APSW,2014-04-16,3.7,3.7,3.55,3.62,1.4,0.05,-1,720483,2609816.5
APSW,2014-04-15,3.64,3.64,3.48,3.57,4.08,0.14,-1,874190,3120613
APSW,2014-04-14,3.52,3.52,3.33,3.43,-1.44,-0.05,-1,405461,1390254.5
APSW,2014-04-13,3.67,3.67,3.36,3.48,-2.25,-0.08,-1,814189,2833473.75
APSW,2014-04-10,3.75,3.75,3.36,3.56,4.4,0.15,-1,1112229,3963204
APSW,2014-04-09,3.5,3.5,3.27,3.41,2.4,0.08,-1,720683,2460817.75
APSW,2014-04-08,3.45,3.45,3.21,3.33,3.74,0.12,-1,675924,2252640.75
APSW,2014-04-07,3.38,3.38,3,3.21,-1.53,-0.05,-1,726123,2330714.25
APSW,2014-04-06,3.57,3.57,3.1,3.26,-5.23,-0.18,-1,808996,2641365
APSW,2014-04-03,3.83,3.83,3.33,3.44,-6.78,-0.25,-1,739506,2544132
APSW,2014-04-02,3.9,3.9,3.56,3.69,-2.38,-0.09,-1,953115,3512383.75
APSW,2014-04-01,3.89,3.89,3.58,3.78,-3.32,-0.13,-1,532534,2011755.875
APSW,2014-03-31,4.3,4.3,3.82,3.91,-7.78,-0.33,-1,1745323,6824209
APSW,2014-03-30,4.4,4.4,4.1,4.24,-4.72,-0.21,-1,604271,2563955.75
APSW,2014-03-27,4.86,4.86,4.3,4.45,-6.71,-0.32,-1,2373098,10564654
APSW,2014-03-23,4.85,4.85,4.65,4.77,0.42,0.02,-1,2352533,11230907
APSW,2014-03-20,4.82,4.82,4.67,4.75,2.15,0.1,-1,3161893,15012307
APSW,2014-03-19,4.74,4.74,4.54,4.65,2.42,0.11,-1,2516367,11706919
APSW,2014-03-18,4.6,4.6,4.47,4.54,1.57,0.07,-1,1941980,8825158
APSW,2014-03-17,4.57,4.57,4.39,4.47,-0.22,-0.01,-1,1018348,4551935
APSW,2014-03-16,4.65,4.65,4.38,4.48,-2.4,-0.11,-1,1382482,6197875.5
APSW,2014-03-13,4.66,4.66,4.42,4.59,0.22,0.01,-1,1949640,8947230
APSW,2014-03-12,4.7,4.7,4.44,4.58,-0.65,-0.03,-1,3114533,14262679
APSW,2014-03-11,4.71,4.71,4.53,4.61,0.22,0.01,-1,4020391,18538470
APSW,2014-03-10,4.77,4.77,4.41,4.6,1.32,0.06,-1,4491676,20645424
APSW,2014-03-09,4.63,4.63,4.35,4.54,7.84,0.33,-1,4366222,19810640
APSW,2014-03-06,4.38,4.38,3.98,4.21,5.51,0.22,-1,6394837,26922868
APSW,2014-03-05,4.05,4.05,3.94,3.99,1.27,0.05,-1,1470810,5865779
APSW,2014-03-04,4.03,4.03,3.75,3.94,2.87,0.11,-1,1770545,6967195
APSW,2014-03-03,3.98,3.98,3.72,3.83,-4.73,-0.19,-1,1414594,5421757
APSW,2014-03-02,4.13,4.13,3.91,4.02,-1.71,-0.07,-1,1455399,5845628.5
APSW,2014-02-27,4.16,4.16,4.03,4.09,1.24,0.05,-1,2475035,10119424
APSW,2014-02-26,4.1,4.1,3.91,4.04,0.5,0.02,-1,1628849,6575958.5
APSW,2014-02-25,4.11,4.11,3.91,4.02,1.26,0.05,-1,2598725,10442257
APSW,2014-02-24,4.09,4.09,3.8,3.97,-0.5,-0.02,-1,2799840,11113270
APSW,2014-02-23,4.1,4.1,3.87,3.99,-1.724138,-0.07,-1,2458253,9811634
APSW,2014-02-20,4.17,4.17,3.97,4.06,3.57,0.14,-1,2695656,10945544
APSW,2014-02-19,4.05,4.05,3.72,3.92,5.38,0.2,-1,4968896,19495792
APSW,2014-02-18,3.79,3.79,3.68,3.72,1.36,0.05,-1,807600,3005209.75
APSW,2014-02-17,3.72,3.72,3.63,3.67,-0.81,-0.03,-1,831926,3056052
APSW,2014-02-16,3.78,3.78,3.65,3.7,-0.8,-0.03,-1,1023356,3789948.25
APSW,2014-02-13,3.85,3.85,3.7,3.73,-2.61,-0.1,-1,774881,2886826.5
APSW,2014-02-12,3.92,3.92,3.76,3.83,1.06,0.04,-1,1339000,5134834.5
APSW,2014-02-11,3.88,3.88,3.58,3.79,0.8,0.03,-1,1927624,7296118.5
APSW,2014-02-10,3.84,3.84,3.68,3.76,2.17,0.08,-1,1613093,6062150
APSW,2014-02-09,3.74,3.74,3.61,3.68,1.1,0.04,-1,1206400,4436916
APSW,2014-02-06,3.76,3.76,3.6,3.64,0.83,0.03,-1,773465,2812824.5
APSW,2014-02-05,3.66,3.66,3.56,3.61,1.69,0.06,-1,1012590,3655659.5
APSW,2014-02-04,3.65,3.65,3.5,3.55,-2.74,-0.1,-1,1474556,5238537.5
APSW,2014-02-03,3.77,3.77,3.58,3.65,-3.18,-0.12,-1,2100362,7674788.5
APSW,2014-02-02,3.85,3.85,3.67,3.77,4.14,0.15,-1,1669162,6298914
APSW,2014-01-30,3.73,3.73,3.45,3.62,4.62,0.16,-1,4450999,16094015
APSW,2014-01-29,3.49,3.49,3.42,3.46,-0.57,-0.02,-1,557310,1925837
APSW,2014-01-28,3.54,3.54,3.39,3.48,2.65,0.09,-1,1417465,4936858.5
APSW,2014-01-27,3.42,3.42,3.35,3.39,0,0,-1,613843,2082491.875
APSW,2014-01-26,3.44,3.44,3.34,3.39,0,0,-1,695097,2356689.25
APSW,2014-01-23,3.44,3.44,3.35,3.39,1.5,0.05,-1,1053949,3576299.25
APSW,2014-01-22,3.38,3.38,3.31,3.34,0.6,0.02,-1,711328,2374214.25
APSW,2014-01-21,3.37,3.37,3.27,3.32,0.3,0.01,-1,402110,1333809.375
APSW,2014-01-20,3.35,3.35,3.27,3.31,-0.3,-0.01,-1,673741,2230726.5
APSW,2014-01-19,3.41,3.41,3.28,3.32,-2.92,-0.1,-1,508023,1688635.5
APSW,2014-01-16,3.48,3.48,3.38,3.42,-2.01,-0.07,-1,681543,2333610.75
APSW,2014-01-15,3.56,3.56,3.43,3.49,-1.97,-0.07,-1,935871,3262430.75
APSW,2014-01-14,3.64,3.64,3.51,3.56,0,0,-1,1424241,5063311
APSW,2014-01-12,3.64,3.64,3.47,3.56,2.3,0.08,-1,2346075,8358431
APSW,2014-01-09,3.54,3.54,3.4,3.48,1.75,0.06,-1,1794209,6242961
APSW,2014-01-08,3.47,3.47,3.36,3.42,1.48,0.05,-1,1997975,6830307
APSW,2014-01-06,3.46,3.46,3.33,3.37,-1.17,-0.04,-1,964059,3251279.25
APSW,2014-01-05,3.48,3.48,3.3,3.41,3.96,0.13,-1,2171446,7408488.5
APSW,2014-01-02,3.32,3.32,3.25,3.28,2.5,0.08,-1,602503,1976746.625
APSW,2013-12-31,3.26,3.26,3.16,3.2,-0.31,-0.01,-1,557255,1784297.375
APSW,2013-12-30,3.25,3.25,3.16,3.21,0.94,0.03,-1,347830,1117588.375
APSW,2013-12-29,3.23,3.23,3.15,3.18,-0.31,-0.01,-1,247203,785270.0625
APSW,2013-12-26,3.24,3.24,3.16,3.19,-1.24,-0.04,-1,441403,1408011
APSW,2013-12-25,3.27,3.27,3.2,3.23,1.25,0.04,-1,302488,977648.125
APSW,2013-12-24,3.24,3.24,3.13,3.19,-1.24,-0.04,-1,385662,1230500.375
APSW,2013-12-23,3.28,3.28,3.2,3.23,-1.22,-0.04,-1,390081,1260417
APSW,2013-12-22,3.32,3.32,3.16,3.27,-1.21,-0.04,-1,320938,1048272.5
APSW,2013-12-19,3.37,3.37,3.26,3.31,-0.6,-0.02,-1,805611,2664375
APSW,2013-12-18,3.36,3.36,3.31,3.33,-0.3,-0.01,-1,300165,999510.875
APSW,2013-12-17,3.37,3.37,3.29,3.34,1.52,0.05,-1,808717,2698397.25
APSW,2013-12-16,3.34,3.34,3.19,3.29,0.3,0.01,-1,684670,2250296.5
APSW,2013-12-15,3.35,3.35,3.23,3.28,-0.91,-0.03,-1,827071,2711005.5
APSW,2013-12-12,3.35,3.35,3.29,3.31,1.22,0.04,-1,799322,2648853.5
APSW,2013-12-11,3.32,3.32,3.2,3.27,1.87,0.06,-1,1345994,4407050
APSW,2013-12-10,3.25,3.25,3.17,3.21,-0.31,-0.01,-1,518590,1666813
APSW,2013-12-09,3.28,3.28,3.16,3.22,0.63,0.02,-1,1157611,3732633.75
APSW,2013-12-08,3.23,3.23,3.15,3.2,1.91,0.06,-1,243582,779018.375
APSW,2013-12-05,3.18,3.18,3.1,3.14,-0.32,-0.01,-1,395457,1241582.125
APSW,2013-12-04,3.18,3.18,3.13,3.15,0.32,0.01,-1,221165,696510.6875
APSW,2013-12-03,3.19,3.19,3.12,3.14,-2.48,-0.08,-1,280647,881682.6875
APSW,2013-12-02,3.31,3.31,3.13,3.22,0.63,0.02,-1,838658,2703189.75
APSW,2013-12-01,3.25,3.25,3.15,3.2,1.91,0.06,-1,368603,1181034.25
APSW,2013-11-28,3.18,3.18,3.1,3.14,-1.57,-0.05,-1,640611,2010284.25
APSW,2013-11-27,3.31,3.31,3.09,3.19,-0.31,-0.01,-1,861000,2743150
APSW,2013-11-26,3.26,3.26,3.14,3.2,-1.23,-0.04,-1,554582,1776994
APSW,2013-11-25,3.4,3.4,3.17,3.24,-3.57,-0.12,-1,1041031,3371402.75
APSW,2013-11-24,3.43,3.43,3.33,3.36,-0.59,-0.02,-1,471021,1580564.375
APSW,2013-11-21,3.44,3.44,3.35,3.38,-2.31,-0.08,-1,792294,2676296.25
APSW,2013-11-20,3.52,3.52,3.39,3.46,1.76,0.06,-1,1449092,5018846
APSW,2013-11-19,3.45,3.45,3.3,3.4,2.41,0.08,-1,1145075,3894264.25
APSW,2013-11-18,3.36,3.36,3.3,3.32,0,0,-1,322281,1071465.625
APSW,2013-11-17,3.37,3.37,3.25,3.32,0.61,0.02,-1,517374,1715495.25
APSW,2013-11-14,3.4,3.4,3.25,3.3,-2.37,-0.08,-1,698414,2305998.25
APSW,2013-11-13,3.42,3.42,3.36,3.38,-1.74,-0.06,-1,842779,2848963.75
APSW,2013-11-12,3.5,3.5,3.41,3.44,0.88,0.03,-1,737979,2539449
APSW,2013-11-11,3.48,3.48,3.34,3.41,-0.58,-0.02,-1,1238497,4222638.5
APSW,2013-11-10,3.5,3.5,3.4,3.43,-2.28,-0.08,-1,951839,3266534
APSW,2013-11-07,3.59,3.59,3.46,3.51,-1.68,-0.06,-1,1094009,3837835
APSW,2013-11-06,3.63,3.63,3.52,3.57,1.42,0.05,-1,1472240,5258100.5
APSW,2013-11-04,3.58,3.58,3.43,3.52,4.14,0.14,-1,1830635,6440627.5
APSW,2013-11-03,3.43,3.43,3.35,3.38,-0.59,-0.02,-1,613809,2074388.375
APSW,2013-10-31,3.48,3.48,3.36,3.4,-1.73,-0.06,-1,751080,2551938.5
APSW,2013-10-30,3.55,3.55,3.4,3.46,1.17,0.04,-1,1410355,4879987.5
APSW,2013-10-29,3.46,3.46,3.34,3.42,0,0,-1,1121363,3829717.5
APSW,2013-10-28,3.55,3.55,3.34,3.42,-4.74,-0.17,-1,1802506,6173146.5
APSW,2013-10-27,3.65,3.65,3.53,3.59,-1.1,-0.04,-1,1336231,4796419
APSW,2013-10-24,3.68,3.68,3.57,3.63,0,0,-1,1368065,4962646.5
APSW,2013-10-23,3.73,3.73,3.5,3.63,2.54,0.09,-1,4689098,17036230
APSW,2013-10-22,3.6,3.6,3.5,3.54,0.57,0.02,-1,1270140,4498860.5
APSW,2013-10-21,3.55,3.55,3.49,3.52,-0.28,-0.01,-1,938908,3301358
APSW,2013-10-20,3.62,3.62,3.49,3.53,0,0,-1,1682250,5936011
APSW,2013-10-13,3.58,3.58,3.47,3.53,1.44,0.05,-1,1620012,5715999
APSW,2013-10-10,3.54,3.54,3.45,3.48,-0.29,-0.01,-1,1328459,4624853.5
APSW,2013-10-09,3.57,3.57,3.44,3.49,-1.97,-0.07,-1,1366899,4765119.5
APSW,2013-10-08,3.71,3.71,3.48,3.56,-2.47,-0.09,-1,4383232,15616143
APSW,2013-10-07,3.66,3.66,3.49,3.65,9.61,0.32,-1,3055605,11138907
APSW,2013-10-03,3.43,3.43,3.06,3.33,6.73,0.21,-1,6282094,20930788
APSW,2013-10-02,3.17,3.17,3.06,3.12,-0.95,-0.03,-1,1021747,3182955.75
APSW,2013-10-01,3.19,3.19,3.12,3.15,0.64,0.02,-1,1071528,3378059.25
APSW,2013-09-30,3.17,3.17,3.1,3.13,-1.88,-0.06,-1,1075366,3368367
APSW,2013-09-29,3.3,3.3,3.11,3.19,-2.44,-0.08,-1,1376900,4387359
APSW,2013-09-26,3.31,3.31,3.22,3.27,0,0,-1,1109121,3628122.5
APSW,2013-09-25,3.34,3.34,3.17,3.25,0.62,0.02,-1,1988986,6471720
APSW,2013-09-24,3.25,3.25,3.16,3.2,-2.77,-0.09,-1,968019,3100403.5
APSW,2013-09-23,3.3,3.3,3.19,3.25,-1.23,-0.04,-1,1989926,6461878.5
APSW,2013-09-22,3.29,3.29,3.16,3.24,4.17,0.13,-1,2850881,9224090
