Symbol,Date Range,Open,High,Low,Closed,% Change,Change,Prev. Closed,Volume,Turnover
COSG,2026-09-07,1.96,1.96,1.91,1.94,0,0,-1,16225891,31328166
COSG,2026-09-06,2,2,1.93,1.94,0,0,-1,34204178,66958200
COSG,2026-09-03,1.95,1.95,1.85,1.94,4.86,0.09,-1,41464421,79129440
COSG,2026-09-02,1.93,1.93,1.84,1.85,-1.6,-0.03,-1,30174282,57045020
COSG,2026-09-01,1.9,1.9,1.81,1.88,3.3,0.06,-1,24612677,45831412
COSG,2026-08-31,1.84,1.84,1.79,1.82,1.11,0.02,-1,19392258,35266260
COSG,2026-08-30,1.84,1.84,1.8,1.8,-1.1,-0.02,-1,10351378,18754214
COSG,2026-08-26,1.86,1.86,1.8,1.82,0.55,0.01,-1,24827267,45260596
COSG,2026-08-25,1.91,1.91,1.79,1.81,-2.69,-0.05,-1,41662037,76964416
COSG,2026-08-24,1.89,1.89,1.84,1.86,-0.53,-0.01,-1,18933222,35284648
COSG,2026-08-23,1.89,1.89,1.8,1.87,2.19,0.04,-1,46175828,85521744
COSG,2026-08-20,1.87,1.87,1.74,1.83,2.23,0.04,-1,50914556,92513640
COSG,2026-08-19,1.83,1.83,1.76,1.79,-1.65,-0.03,-1,15476998,27827828
COSG,2026-08-18,1.84,1.84,1.79,1.82,1.11,0.02,-1,26209249,47390360
COSG,2026-08-17,1.88,1.88,1.78,1.8,-3.23,-0.06,-1,23826818,43342816
COSG,2026-08-16,1.89,1.89,1.85,1.86,1.09,0.02,-1,35298124,65883372
COSG,2026-08-13,1.93,1.93,1.73,1.84,6.98,0.12,-1,161947121,300308345.67
COSG,2026-08-12,1.73,1.73,1.71,1.72,0.585,0.01,-1,9573061,16459743
COSG,2026-08-11,1.74,1.74,1.7,1.71,0,0,-1,16837263,28904894
COSG,2026-08-10,1.73,1.73,1.7,1.71,0.588,0.01,-1,15994139,27344396
COSG,2026-08-09,1.72,1.72,1.69,1.7,0.592,0.01,-1,8435012,14368301
COSG,2026-08-06,1.74,1.74,1.69,1.69,-1.17,-0.02,-1,13540368,23145228
COSG,2026-08-05,1.71,1.71,1.68,1.71,1.786,0.03,-1,8384444,14216774
COSG,2026-08-04,1.72,1.72,1.67,1.68,-1.176,-0.02,-1,13259795,22499202
COSG,2026-08-03,1.72,1.72,1.69,1.7,0.592,0.01,-1,14906022,25340254
COSG,2026-08-02,1.69,1.69,1.62,1.69,4.969,0.08,-1,12201267,20216560
COSG,2026-07-30,1.67,1.67,1.6,1.61,-3.593,-0.06,-1,20767425,33859500
COSG,2026-07-29,1.71,1.71,1.66,1.67,-1.183,-0.02,-1,12599814,21209940
COSG,2026-07-28,1.73,1.73,1.69,1.69,-0.588,-0.01,-1,22545906,38415132
COSG,2026-07-27,1.74,1.74,1.7,1.7,-1.163,-0.02,-1,14564157,24933306
COSG,2026-07-26,1.76,1.76,1.71,1.72,-0.578,-0.01,-1,16438807,28455252
COSG,2026-07-22,1.78,1.78,1.71,1.73,1.765,0.03,-1,57278839,99972040
COSG,2026-07-21,1.73,1.73,1.67,1.7,1.19,0.02,-1,35894597,61046808
COSG,2026-07-20,1.72,1.72,1.67,1.68,0,0,-1,27327947,46470772
COSG,2026-07-19,1.69,1.69,1.65,1.68,0.599,0.01,-1,17763451,29694540
COSG,2026-07-16,1.69,1.69,1.66,1.67,0.602,0.01,-1,18008463,30099028
COSG,2026-07-15,1.69,1.69,1.66,1.66,-0.599,-0.01,-1,16980184,28386708
COSG,2026-07-14,1.71,1.71,1.65,1.67,0,0,-1,42602138,71577432
COSG,2026-07-13,1.68,1.68,1.63,1.67,2.454,0.04,-1,54296816,90478136
COSG,2026-07-12,1.66,1.66,1.62,1.63,0,0,-1,23417416,38510696
COSG,2026-07-09,1.65,1.65,1.58,1.63,2.516,0.04,-1,22958264,37096640
COSG,2026-07-08,1.63,1.63,1.58,1.59,-1.852,-0.03,-1,17029832,27250294
COSG,2026-07-07,1.66,1.66,1.61,1.62,1.25,0.02,-1,45433946,74326792
COSG,2026-07-06,1.61,1.61,1.56,1.6,2.564,0.04,-1,41852626,66470692
COSG,2026-07-05,1.6,1.6,1.53,1.56,1.299,0.02,-1,24592423,38616428
COSG,2026-07-01,1.56,1.56,1.5,1.54,1.316,0.02,-1,14335649,21887884
COSG,2026-06-30,1.54,1.54,1.51,1.52,1.333,0.02,-1,9503288,14427278
COSG,2026-06-29,1.52,1.52,1.47,1.5,1.351,0.02,-1,13644014,20409364
COSG,2026-06-28,1.54,1.54,1.48,1.48,-3.268,-0.05,-1,9989998,15085054
COSG,2026-06-25,1.55,1.55,1.52,1.53,0,0,-1,8185219,12555515
COSG,2026-06-24,1.56,1.56,1.53,1.53,-1.29,-0.02,-1,6685307,10316492
COSG,2026-06-23,1.6,1.6,1.55,1.55,-2.516,-0.04,-1,14292981,22476224
COSG,2026-06-22,1.63,1.63,1.59,1.59,-0.625,-0.01,-1,15176074,24382536
COSG,2026-06-21,1.62,1.62,1.58,1.6,0.629,0.01,-1,22862137,36644648
COSG,2026-06-17,1.65,1.65,1.59,1.59,-1.852,-0.03,-1,27153660,43893048
COSG,2026-06-16,1.66,1.66,1.58,1.62,2.532,0.04,-1,55538133,90209928
COSG,2026-06-15,1.64,1.64,1.56,1.58,-0.629,-0.01,-1,20688009,33071790
COSG,2026-06-14,1.61,1.61,1.57,1.59,2.581,0.04,-1,27572764,43949368
COSG,2026-06-11,1.67,1.67,1.54,1.55,-6.06,-0.1,-1,41413843,66062288
COSG,2026-06-10,1.73,1.73,1.63,1.65,-0.602,-0.01,-1,60099421,101312776
COSG,2026-06-09,1.68,1.68,1.64,1.66,1.84,0.03,-1,23445753,38828892
COSG,2026-06-08,1.67,1.67,1.62,1.63,-1.212,-0.02,-1,36419985,59851216
COSG,2026-06-07,1.74,1.74,1.63,1.65,-1.786,-0.03,-1,95683608,161625088
COSG,2026-06-04,1.71,1.71,1.56,1.68,7.006,0.11,-1,136194524,225115232
COSG,2026-06-03,1.61,1.61,1.56,1.57,-1.258,-0.02,-1,28269279,44774892
COSG,2026-06-02,1.61,1.61,1.56,1.59,2.581,0.04,-1,27901674,44158836
COSG,2026-06-01,1.57,1.57,1.54,1.55,1.307,0.02,-1,12001041,18589988
COSG,2026-05-25,1.55,1.55,1.52,1.53,0,0,-1,14780069,22709292
COSG,2026-05-24,1.55,1.55,1.51,1.53,1.324,0.02,-1,13048879,19971240
COSG,2026-05-21,1.56,1.56,1.49,1.51,-1.307,-0.02,-1,17765938,26977820
COSG,2026-05-20,1.58,1.58,1.52,1.53,-1.923,-0.03,-1,19360122,29977264
COSG,2026-05-19,1.59,1.59,1.53,1.56,2.632,0.04,-1,31373643,49011568
COSG,2026-05-18,1.59,1.59,1.52,1.52,-3.797,-0.06,-1,32076005,49841668
COSG,2026-05-17,1.65,1.65,1.56,1.58,0,0,-1,62640922,100201880
COSG,2026-05-14,1.62,1.62,1.49,1.58,5.333,0.08,-1,110010603,172885360
COSG,2026-05-13,1.53,1.53,1.49,1.5,0.671,0.01,-1,41128129,62214300
COSG,2026-05-12,1.51,1.51,1.46,1.49,2.759,0.04,-1,32325361,47896876
COSG,2026-05-11,1.47,1.47,1.45,1.45,-0.685,-0.01,-1,10162386,14783507
COSG,2026-05-10,1.47,1.47,1.45,1.46,0,0,-1,9818473,14305111
COSG,2026-05-06,1.48,1.48,1.44,1.46,0,0,-1,13365748,19525092
COSG,2026-05-05,1.47,1.47,1.45,1.46,0,0,-1,10821648,15790308
COSG,2026-05-04,1.48,1.48,1.45,1.46,0,0,-1,20585671,30169114
COSG,2026-05-03,1.48,1.48,1.45,1.46,0,0,-1,14006142,20428836
COSG,2026-04-30,1.5,1.5,1.46,1.46,-1.351,-0.02,-1,20718273,30534788
COSG,2026-04-29,1.52,1.52,1.47,1.48,0.68,0.01,-1,53624819,80254208
COSG,2026-04-28,1.5,1.5,1.44,1.47,1.379,0.02,-1,43827372,64510792
COSG,2026-04-27,1.52,1.52,1.45,1.45,0,0,-1,48043609,70950632
COSG,2026-04-26,1.48,1.48,1.42,1.45,2.837,0.04,-1,48102610,69893400
COSG,2026-04-23,1.45,1.45,1.41,1.41,-2.083,-0.03,-1,21049106,29992464
COSG,2026-04-22,1.5,1.5,1.42,1.44,0.699,0.01,-1,88498108,128921256
COSG,2026-04-21,1.47,1.47,1.36,1.43,5.926,0.08,-1,117313274,167666912
COSG,2026-04-20,1.37,1.37,1.34,1.35,-0.735,-0.01,-1,8064335,10925135
COSG,2026-04-19,1.36,1.36,1.34,1.36,1.493,0.02,-1,9539625,12938107
COSG,2026-04-16,1.37,1.37,1.33,1.34,0.752,0.01,-1,28131578,37830080
COSG,2026-04-15,1.35,1.35,1.33,1.33,0,0,-1,6978506,9326386
COSG,2026-04-14,1.34,1.34,1.32,1.33,0.758,0.01,-1,3716292,4941476
COSG,2026-04-09,1.34,1.34,1.32,1.32,-0.752,-0.01,-1,6649770,8835300
COSG,2026-04-08,1.35,1.35,1.32,1.33,2.308,0.03,-1,14765958,19767166
COSG,2026-04-07,1.33,1.33,1.3,1.3,-1.515,-0.02,-1,7367228,9689467
COSG,2026-04-06,1.34,1.34,1.32,1.32,-0.752,-0.01,-1,5683266,7556675
COSG,2026-04-05,1.35,1.35,1.31,1.33,1.527,0.02,-1,15845111,21091778
COSG,2026-04-02,1.32,1.32,1.3,1.31,0,0,-1,3489746,4564690
COSG,2026-04-01,1.31,1.31,1.3,1.31,1.55,0.02,-1,2986489,3893190.25
COSG,2026-03-31,1.31,1.31,1.29,1.29,-0.769,-0.01,-1,4815039,6251414
COSG,2026-03-30,1.33,1.33,1.29,1.3,-1.515,-0.02,-1,6993105,9154111
COSG,2026-03-29,1.35,1.35,1.32,1.32,-0.752,-0.01,-1,5831853,7742782
COSG,2026-03-26,1.36,1.36,1.32,1.33,-0.746,-0.01,-1,5556745,7419874
COSG,2026-03-25,1.36,1.36,1.33,1.34,0,0,-1,6802499,9150656
COSG,2026-03-24,1.35,1.35,1.32,1.34,0.752,0.01,-1,6012394,8017195.5
COSG,2026-03-18,1.34,1.34,1.32,1.33,0.758,0.01,-1,3748653,4983013
COSG,2026-03-17,1.34,1.34,1.32,1.32,0,0,-1,2671087,3540385.5
COSG,2026-03-16,1.34,1.34,1.31,1.32,-0.752,-0.01,-1,3726557,4925740.5
COSG,2026-03-15,1.36,1.36,1.32,1.33,-0.746,-0.01,-1,4878885,6534990
COSG,2026-03-12,1.37,1.37,1.34,1.34,-1.471,-0.02,-1,5543568,7481158
COSG,2026-03-11,1.37,1.37,1.34,1.36,0,0,-1,7164173,9692367
COSG,2026-03-10,1.37,1.37,1.34,1.36,0.741,0.01,-1,6757392,9145445
COSG,2026-03-09,1.38,1.38,1.34,1.35,0.746,0.01,-1,14967289,20342016
COSG,2026-03-08,1.36,1.36,1.32,1.34,1.515,0.02,-1,15685163,20992834
COSG,2026-03-05,1.33,1.33,1.32,1.32,0,0,-1,10385466,13746255
COSG,2026-03-04,1.33,1.33,1.29,1.32,1.538,0.02,-1,14209755,18642754
COSG,2026-03-03,1.31,1.31,1.28,1.3,-0.763,-0.01,-1,7511265,9710362
COSG,2026-03-02,1.34,1.34,1.3,1.31,-1.504,-0.02,-1,25810779,33888916
COSG,2026-03-01,1.34,1.34,1.24,1.33,-2.206,-0.03,-1,25210547,32643492
COSG,2026-02-26,1.37,1.37,1.34,1.36,0,0,-1,8997374,12193897
COSG,2026-02-25,1.4,1.4,1.35,1.36,-2.857,-0.04,-1,8989818,12377940
COSG,2026-02-24,1.42,1.42,1.39,1.4,-0.709,-0.01,-1,11668569,16359054
COSG,2026-02-23,1.43,1.43,1.4,1.41,0.714,0.01,-1,17587795,24813250
COSG,2026-02-22,1.45,1.45,1.4,1.4,-2.098,-0.03,-1,18488951,26242042
COSG,2026-02-19,1.51,1.51,1.43,1.43,-1.379,-0.02,-1,44467514,65644148
COSG,2026-02-18,1.46,1.46,1.44,1.45,0,0,-1,4724944,6851692.5
COSG,2026-02-17,1.47,1.47,1.44,1.45,0.694,0.01,-1,13503276,19607884
COSG,2026-02-16,1.47,1.47,1.44,1.44,-0.69,-0.01,-1,9310979,13521181
COSG,2026-02-15,1.47,1.47,1.44,1.45,0,0,-1,14686845,21386182
COSG,2026-02-12,1.48,1.48,1.43,1.45,1.4,0.02,-1,12843103,18729867.85
COSG,2026-02-11,1.47,1.47,1.43,1.43,-1.379,-0.02,-1,8630357,12502204
COSG,2026-02-10,1.47,1.47,1.45,1.45,-0.685,-0.01,-1,5045228,7357325.5
COSG,2026-02-09,1.48,1.48,1.45,1.46,-0.68,-0.01,-1,7538162,11051704
COSG,2026-02-08,1.49,1.49,1.46,1.47,0,0,-1,14280828,21029760
COSG,2026-02-05,1.5,1.5,1.46,1.47,-1.342,-0.02,-1,13598197,20090646
COSG,2026-02-04,1.53,1.53,1.45,1.49,2.759,0.04,-1,38318102,57088736
COSG,2026-02-03,1.46,1.46,1.43,1.45,0.694,0.01,-1,8425704,12172700
COSG,2026-02-02,1.47,1.47,1.43,1.44,0,0,-1,10872422,15731888
COSG,2026-02-01,1.46,1.46,1.39,1.44,2.857,0.04,-1,10201897,14586196
COSG,2026-01-28,1.45,1.45,1.39,1.4,-2.778,-0.04,-1,10335137,14548008
COSG,2026-01-27,1.46,1.46,1.42,1.44,0.699,0.01,-1,10420065,15014378
COSG,2026-01-26,1.46,1.46,1.42,1.43,-1.379,-0.02,-1,6736518,9656734
COSG,2026-01-25,1.48,1.48,1.45,1.45,-1.361,-0.02,-1,6772035,9886695
COSG,2026-01-22,1.49,1.49,1.47,1.47,-0.676,-0.01,-1,6910380,10202007
COSG,2026-01-21,1.5,1.5,1.44,1.48,1.37,0.02,-1,13903289,20439508
COSG,2026-01-20,1.49,1.49,1.45,1.46,-1.351,-0.02,-1,6343669,9293433
COSG,2026-01-19,1.5,1.5,1.46,1.48,-0.671,-0.01,-1,7831216,11561295
COSG,2026-01-18,1.5,1.5,1.4,1.49,7.194,0.1,-1,25854540,37465908
COSG,2026-01-15,1.45,1.45,1.38,1.39,-2.113,-0.03,-1,12520252,17685176
COSG,2026-01-14,1.48,1.48,1.39,1.42,-3.401,-0.05,-1,16273442,23359582
COSG,2026-01-13,1.54,1.54,1.47,1.47,-3.922,-0.06,-1,15362425,22951782
COSG,2026-01-12,1.6,1.6,1.51,1.53,-1.923,-0.03,-1,27033716,41969880
COSG,2026-01-11,1.58,1.58,1.54,1.56,0,0,-1,12171332,18964942
COSG,2026-01-08,1.61,1.61,1.55,1.56,-1.887,-0.03,-1,17446714,27551622
COSG,2026-01-06,1.61,1.61,1.58,1.59,0,0,-1,19892163,31713078
COSG,2026-01-05,1.65,1.65,1.56,1.59,0,0,-1,58395727,93528755.74
COSG,2026-01-04,1.68,1.68,1.57,1.59,2.581,0.04,-1,91359947,147818176
COSG,2025-12-31,1.63,1.63,1.48,1.55,4.73,0.07,-1,158372682,250600352
COSG,2025-12-30,1.5,1.5,1.48,1.48,-0.671,-0.01,-1,7332565,10907538
COSG,2025-12-29,1.51,1.51,1.47,1.48,0,0,-1,10553348,15712011
COSG,2025-12-28,1.5,1.5,1.47,1.49,0.676,0.01,-1,7066632,10488788
COSG,2025-12-25,1.52,1.52,1.48,1.48,-1.333,-0.02,-1,18380660,27477432
COSG,2025-12-24,1.54,1.54,1.45,1.5,3.448,0.05,-1,68375170,102784496
COSG,2025-12-23,1.47,1.47,1.43,1.45,-0.685,-0.01,-1,17079466,24870314
COSG,2025-12-22,1.51,1.51,1.46,1.46,-2.013,-0.03,-1,14937742,22056594
COSG,2025-12-21,1.52,1.52,1.48,1.49,1.361,0.02,-1,31656210,47430340
COSG,2025-12-18,1.5,1.5,1.45,1.47,1.379,0.02,-1,31175792,46109600
COSG,2025-12-17,1.48,1.48,1.45,1.45,-0.685,-0.01,-1,9705346,14178414
COSG,2025-12-16,1.5,1.5,1.44,1.46,1.389,0.02,-1,46488962,68670400
COSG,2025-12-15,1.46,1.46,1.43,1.44,0.699,0.01,-1,8819336,12735412
COSG,2025-12-14,1.45,1.45,1.42,1.43,0.704,0.01,-1,10249636,14721675
COSG,2025-12-11,1.46,1.46,1.42,1.42,-1.389,-0.02,-1,9680017,13926931
COSG,2025-12-10,1.46,1.46,1.42,1.44,1.408,0.02,-1,13910512,20057276
COSG,2025-12-09,1.44,1.44,1.41,1.42,0,0,-1,5947407,8463817
COSG,2025-12-08,1.47,1.47,1.41,1.42,0,0,-1,25160634,36334856
COSG,2025-12-07,1.42,1.42,1.39,1.42,2.158,0.03,-1,6096088,8578351
COSG,2025-12-04,1.4,1.4,1.38,1.39,0.725,0.01,-1,6001828,8349952
COSG,2025-12-03,1.41,1.41,1.38,1.38,0,0,-1,5683165,7925451.5
COSG,2025-12-02,1.41,1.41,1.38,1.38,-0.719,-0.01,-1,8437448,11750606
COSG,2025-12-01,1.4,1.4,1.38,1.39,0,0,-1,6021637,8383658
COSG,2025-11-30,1.42,1.42,1.39,1.39,-0.714,-0.01,-1,8275839,11630364
COSG,2025-11-27,1.42,1.42,1.38,1.4,1.449,0.02,-1,12297624,17227264
COSG,2025-11-26,1.41,1.41,1.38,1.38,-0.719,-0.01,-1,3959574,5515330
COSG,2025-11-25,1.42,1.42,1.39,1.39,-1.418,-0.02,-1,4737963,6655528
COSG,2025-11-24,1.46,1.46,1.41,1.41,-2.083,-0.03,-1,13560329,19372846
COSG,2025-11-23,1.46,1.46,1.4,1.44,2.857,0.04,-1,18437000,26525946
COSG,2025-11-20,1.43,1.43,1.38,1.4,1.45,0.02,-1,8007183,11285714
COSG,2025-11-19,1.4,1.4,1.38,1.38,-0.72,-0.01,-1,4927397,6835713.5
COSG,2025-11-18,1.42,1.42,1.38,1.39,-0.71,-0.01,-1,6157356,8636062
COSG,2025-11-17,1.44,1.44,1.4,1.4,0.72,0.01,-1,11526919,16379770
COSG,2025-11-16,1.4,1.4,1.38,1.39,0.72,0.01,-1,4676565,6491856
COSG,2025-11-13,1.41,1.41,1.37,1.38,-1.43,-0.02,-1,6555110,9125674
COSG,2025-11-12,1.42,1.42,1.39,1.4,-0.71,-0.01,-1,7602924,10650547
COSG,2025-11-11,1.44,1.44,1.41,1.41,-1.4,-0.02,-1,4707799,6679725.5
COSG,2025-11-10,1.44,1.44,1.41,1.43,0,0,-1,6258124,8920965
COSG,2025-11-09,1.46,1.46,1.42,1.43,0,0,-1,10528577,15142682
COSG,2025-11-06,1.46,1.46,1.43,1.43,0,0,-1,8147506,11720882
COSG,2025-11-05,1.47,1.47,1.43,1.43,-2.05,-0.03,-1,9053349,13072514
COSG,2025-11-04,1.48,1.48,1.45,1.46,0.69,0.01,-1,5920177,8659796
COSG,2025-11-03,1.48,1.48,1.44,1.45,0,0,-1,5971735,8722708
COSG,2025-11-02,1.48,1.48,1.43,1.45,-0.68,-0.01,-1,7512619,10926340
COSG,2025-10-30,1.49,1.49,1.46,1.46,-0.68,-0.01,-1,5715045,8411857
COSG,2025-10-29,1.5,1.5,1.46,1.47,-1.34,-0.02,-1,10023245,14806078
COSG,2025-10-28,1.54,1.54,1.49,1.49,-1.97,-0.03,-1,27481848,41526652
COSG,2025-10-27,1.54,1.54,1.49,1.52,1.33,0.02,-1,24938447,37791124
COSG,2025-10-26,1.52,1.52,1.48,1.5,0.67,0.01,-1,18544677,27817236
COSG,2025-10-23,1.53,1.53,1.44,1.49,2.76,0.04,-1,42420763,63059520
COSG,2025-10-22,1.48,1.48,1.44,1.45,-0.68,-0.01,-1,9325931,13586912
COSG,2025-10-21,1.48,1.48,1.45,1.46,-0.68,-0.01,-1,8296593,12124299
COSG,2025-10-20,1.5,1.5,1.45,1.47,2.08,0.03,-1,18548415,27383126
COSG,2025-10-19,1.46,1.46,1.43,1.44,0.7,0.01,-1,8570501,12381004
COSG,2025-10-16,1.46,1.46,1.43,1.43,0,0,-1,12706879,18341404
COSG,2025-10-15,1.45,1.45,1.42,1.43,0,0,-1,19525200,28000712
COSG,2025-10-14,1.49,1.49,1.43,1.43,-1.38,-0.02,-1,32895951,47808208
COSG,2025-10-13,1.49,1.49,1.45,1.45,-1.36,-0.02,-1,22135444,32508294
COSG,2025-10-12,1.49,1.49,1.45,1.47,-2,-0.03,-1,11492225,16874480
COSG,2025-10-08,1.53,1.53,1.47,1.5,0,0,-1,16739130,25023940
COSG,2025-10-07,1.53,1.53,1.46,1.5,1.35,0.02,-1,51155851,77061872
COSG,2025-10-06,1.48,1.48,1.42,1.48,3.5,0.05,-1,45540683,66551868
COSG,2025-10-05,1.45,1.45,1.41,1.43,0.7,0.01,-1,22818578,32687622
COSG,2025-10-02,1.49,1.49,1.41,1.42,-2.07,-0.03,-1,66324873,95824848
COSG,2025-10-01,1.51,1.51,1.33,1.45,9.02,0.12,-1,116073164,167639472
COSG,2025-09-30,1.37,1.37,1.33,1.33,-2.21,-0.03,-1,10847069,14629732
COSG,2025-09-29,1.39,1.39,1.36,1.36,-1.45,-0.02,-1,11274897,15447040
COSG,2025-09-28,1.39,1.39,1.36,1.38,1.47,0.02,-1,15671408,21573098
COSG,2025-09-25,1.39,1.39,1.35,1.36,0.74,0.01,-1,24860575,33988660
COSG,2025-09-24,1.38,1.38,1.32,1.35,1.5,0.02,-1,17178216,23179178
COSG,2025-09-23,1.36,1.36,1.28,1.33,1.53,0.02,-1,28180842,37231720
COSG,2025-09-22,1.34,1.34,1.3,1.31,-1.5,-0.02,-1,7256403,9553062
COSG,2025-09-21,1.36,1.36,1.32,1.33,-0.75,-0.01,-1,8185727,10935500
COSG,2025-09-18,1.38,1.38,1.34,1.34,-1.47,-0.02,-1,6872184,9271982
COSG,2025-09-17,1.36,1.36,1.32,1.36,0.74,0.01,-1,10221082,13665129
COSG,2025-09-16,1.41,1.41,1.34,1.35,-3.57,-0.05,-1,13890786,19008754
COSG,2025-09-15,1.43,1.43,1.38,1.4,-0.71,-0.01,-1,7599926,10649062
COSG,2025-09-14,1.45,1.45,1.4,1.41,-2.08,-0.03,-1,12134093,17170796
COSG,2025-09-11,1.47,1.47,1.44,1.44,-1.44,-0.02,-1,10277003,14970936
COSG,2025-09-10,1.49,1.49,1.461,1.463,-2.075,-0.031,-1,15396987,22629630
COSG,2025-09-09,1.56,1.56,1.484,1.494,-3.301,-0.051,-1,13517757,20349404
COSG,2025-09-08,1.57,1.57,1.54,1.55,-0.323,0,-1,14181626,21950844
COSG,2025-09-07,1.59,1.59,1.54,1.55,-1.587,-0.03,-1,30550419,47558108
COSG,2025-09-03,1.61,1.61,1.56,1.58,0.318,0.01,-1,40668343,64409124
COSG,2025-09-02,1.59,1.59,1.56,1.57,0.641,0.01,-1,29795156,46699488
COSG,2025-09-01,1.59,1.59,1.55,1.56,0.645,0.01,-1,35073337,54702932
COSG,2025-08-31,1.7,1.7,1.53,1.55,-5.488,-0.09,-1,107182441,173097184
COSG,2025-08-28,1.65,1.65,1.57,1.64,4.459,0.07,-1,64944966,104627232
COSG,2025-08-27,1.59,1.59,1.55,1.57,0.641,0.01,-1,28404852,44438352
COSG,2025-08-26,1.61,1.61,1.56,1.56,-1.266,-0.02,-1,31458520,49618036
COSG,2025-08-25,1.66,1.66,1.57,1.58,-2.469,-0.04,-1,38343171,61495460
COSG,2025-08-24,1.65,1.65,1.59,1.62,2.208,0.03,-1,26025134,42088416
COSG,2025-08-21,1.62,1.62,1.58,1.59,-1.246,-0.02,-1,16725475,26668972
COSG,2025-08-20,1.69,1.69,1.59,1.61,-3.604,-0.06,-1,53486050,87698136
COSG,2025-08-19,1.72,1.72,1.65,1.67,-0.597,-0.01,-1,32447789,54425892
COSG,2025-08-18,1.73,1.73,1.67,1.68,-1.76,-0.03,-1,23565377,39955800
COSG,2025-08-17,1.72,1.72,1.68,1.71,1.187,0.02,-1,21980530,37275152
COSG,2025-08-14,1.7,1.7,1.66,1.69,0.298,0.01,-1,15996248,26778078
COSG,2025-08-13,1.72,1.72,1.66,1.68,-1.754,-0.03,-1,18281599,30830022
COSG,2025-08-12,1.73,1.73,1.66,1.71,2.395,0.04,-1,31176433,52839904
COSG,2025-08-11,1.69,1.69,1.62,1.67,1.52,0.02,-1,32439479,53862852
COSG,2025-08-10,1.71,1.71,1.64,1.65,-3.235,-0.05,-1,27472817,45883088
COSG,2025-08-07,1.75,1.75,1.68,1.7,-2.299,-0.04,-1,47470308,81223864
COSG,2025-08-06,1.83,1.83,1.73,1.74,-3.064,-0.06,-1,24595889,43559236
COSG,2025-08-05,1.83,1.83,1.78,1.8,-1.102,-0.02,-1,20466293,36943452
COSG,2025-08-04,1.85,1.85,1.81,1.82,-0.82,-0.01,-1,15230961,27736394
COSG,2025-08-03,1.86,1.86,1.81,1.83,0,0,-1,22578170,41343188
COSG,2025-07-31,1.84,1.84,1.79,1.83,1.385,0.02,-1,22777731,41350416
COSG,2025-07-30,1.9,1.9,1.78,1.81,-3.476,-0.06,-1,39824384,73537520
COSG,2025-07-29,1.9,1.9,1.78,1.87,4.469,0.08,-1,57298379,105730624
COSG,2025-07-28,1.88,1.88,1.79,1.79,-3.504,-0.07,-1,36676046,66966008
COSG,2025-07-27,1.87,1.87,1.81,1.86,3.922,0.07,-1,52110744,96045904
COSG,2025-07-23,1.81,1.81,1.72,1.79,2.882,0.05,-1,55823874,98593560
COSG,2025-07-22,1.78,1.78,1.72,1.74,-0.857,-0.01,-1,22200901,38856720
COSG,2025-07-21,1.8,1.8,1.71,1.75,2.041,0.03,-1,47437592,83344376
COSG,2025-07-20,1.72,1.72,1.66,1.72,3.939,0.07,-1,40080384,68065528
COSG,2025-07-17,1.71,1.71,1.62,1.65,2.484,0.04,-1,26002227,43093612
COSG,2025-07-16,1.65,1.65,1.61,1.61,-0.923,-0.02,-1,8078089,13096980
COSG,2025-07-15,1.67,1.67,1.63,1.63,-0.307,0,-1,10113956,16649703
COSG,2025-07-14,1.65,1.65,1.62,1.63,0.308,0,-1,5719448,9329069
COSG,2025-07-13,1.69,1.69,1.62,1.63,0,0,-1,10466822,17291640
COSG,2025-07-10,1.65,1.65,1.62,1.63,-0.612,-0.01,-1,5739844,9365171
COSG,2025-07-09,1.67,1.67,1.63,1.64,-1.802,-0.03,-1,6438426,10587385
COSG,2025-07-07,1.73,1.73,1.66,1.67,-1.479,-0.02,-1,24290224,41226396
COSG,2025-07-06,1.69,1.69,1.59,1.69,5.956,0.09,-1,32949894,54126668
COSG,2025-07-02,1.6,1.6,1.57,1.6,2.244,0.04,-1,6760676,10682824
COSG,2025-07-01,1.59,1.59,1.56,1.56,-0.637,-0.01,-1,6026731,9460881
COSG,2025-06-30,1.64,1.64,1.57,1.57,-0.946,-0.02,-1,17892276,28704524
COSG,2025-06-29,1.6,1.6,1.56,1.59,1.278,0.02,-1,9333753,14708292
COSG,2025-06-25,1.57,1.57,1.51,1.57,2.961,0.05,-1,12197513,18790538
COSG,2025-06-24,1.54,1.54,1.49,1.52,4.467,0.06,-1,14729209,22239248
COSG,2025-06-23,1.47,1.47,1.44,1.46,1.394,0.02,-1,6210329,9023615
COSG,2025-06-22,1.44,1.44,1.35,1.44,3.237,0.05,-1,6934861,9710307
COSG,2025-06-19,1.47,1.47,1.39,1.39,-3.472,-0.05,-1,7711361,10959084
COSG,2025-06-18,1.46,1.46,1.38,1.44,0.699,0.01,-1,6327937,9028860
COSG,2025-06-17,1.5,1.5,1.43,1.43,-3.378,-0.05,-1,8103535,11790206
COSG,2025-06-16,1.5,1.5,1.47,1.48,1.37,0.02,-1,9035880,13394065
COSG,2025-06-15,1.5,1.5,1.4,1.46,-7.886,-0.13,-1,12050674,17492578
COSG,2025-06-12,1.67,1.67,1.59,1.59,-5.373,-0.09,-1,18038823,29093756
COSG,2025-06-11,1.74,1.74,1.66,1.68,2.446,0.04,-1,45646730,77033024
COSG,2025-06-10,1.64,1.64,1.55,1.64,5.825,0.09,-1,20253808,32319194
COSG,2025-06-04,1.59,1.59,1.54,1.55,0.98,0.02,-1,17886696,27880672
COSG,2025-06-03,1.59,1.59,1.51,1.53,1.661,0.02,-1,29860429,46295096
COSG,2025-06-02,1.51,1.51,1.46,1.51,3.436,0.05,-1,13149365,19564714
COSG,2025-06-01,1.55,1.55,1.45,1.46,-5.519,-0.08,-1,21130844,31573176
COSG,2025-05-29,1.6,1.6,1.53,1.54,-3.448,-0.06,-1,21220456,33050914
COSG,2025-05-28,1.65,1.65,1.6,1.6,-1.543,-0.02,-1,17060165,27589406
COSG,2025-05-27,1.67,1.67,1.6,1.62,1.567,0.02,-1,21844655,35732248
COSG,2025-05-26,1.63,1.63,1.59,1.6,-0.932,-0.01,-1,4778792,7686629
COSG,2025-05-25,1.63,1.63,1.61,1.61,0.94,0.01,-1,5705470,9215990
COSG,2025-05-22,1.62,1.62,1.59,1.6,-0.623,-0.01,-1,5046388,8060607
COSG,2025-05-21,1.62,1.62,1.6,1.61,0.943,0.02,-1,6890211,11071112
COSG,2025-05-20,1.62,1.62,1.59,1.59,0,0,-1,4553556,7286417.5
COSG,2025-05-19,1.62,1.62,1.59,1.59,-1.242,-0.02,-1,5550647,8873074
COSG,2025-05-18,1.69,1.69,1.61,1.61,-3.303,-0.06,-1,6436367,10598311
COSG,2025-05-15,1.7,1.7,1.67,1.67,-0.893,-0.01,-1,5193370,8704161
COSG,2025-05-14,1.71,1.71,1.67,1.68,0,0,-1,5923163,9941782
COSG,2025-05-13,1.72,1.72,1.68,1.68,-0.297,-0.01,-1,8614076,14582003
COSG,2025-05-12,1.7,1.7,1.68,1.69,0.298,0.01,-1,3945725,6660295.5
COSG,2025-05-11,1.73,1.73,1.68,1.68,-1.466,-0.03,-1,7206680,12234176
COSG,2025-05-08,1.72,1.72,1.69,1.71,0.294,0.01,-1,6930577,11794139
COSG,2025-05-07,1.76,1.76,1.69,1.7,-0.585,-0.01,-1,24447678,42400824
COSG,2025-05-06,1.74,1.74,1.71,1.71,-0.581,-0.01,-1,7947643,13679209
COSG,2025-05-05,1.75,1.75,1.72,1.72,-0.865,-0.02,-1,7775130,13461559
COSG,2025-05-04,1.76,1.76,1.73,1.74,0.58,0.01,-1,9645301,16809114
COSG,2025-04-30,1.75,1.75,1.72,1.73,-0.289,0,-1,10709024,18496572
COSG,2025-04-29,1.79,1.79,1.73,1.73,-1.983,-0.04,-1,14356462,25321922
COSG,2025-04-28,1.79,1.79,1.7,1.77,2.319,0.04,-1,25289752,44429564
COSG,2025-04-27,1.76,1.76,1.72,1.73,-0.289,0,-1,11060105,19207052
COSG,2025-04-23,1.77,1.77,1.72,1.73,0.875,0.01,-1,18507871,32194616
COSG,2025-04-22,1.74,1.74,1.67,1.72,3.313,0.06,-1,24274774,41497572
COSG,2025-04-17,1.69,1.69,1.66,1.66,0,0,-1,6952874,11558141
COSG,2025-04-16,1.7,1.7,1.66,1.66,-0.896,-0.02,-1,8437095,14141895
COSG,2025-04-15,1.73,1.73,1.68,1.68,-1.18,-0.02,-1,13587161,23145116
COSG,2025-04-14,1.74,1.74,1.69,1.7,0,0,-1,16692851,28564606
COSG,2025-04-13,1.72,1.72,1.68,1.7,1.194,0.02,-1,15650791,26473422
COSG,2025-04-10,1.77,1.77,1.64,1.68,5.016,0.08,-1,57846655,98727272
COSG,2025-04-09,1.68,1.68,1.59,1.6,-1.238,-0.02,-1,24617006,40182524
COSG,2025-04-08,1.65,1.65,1.6,1.62,0,0,-1,10145401,16424333
COSG,2025-04-07,1.64,1.64,1.56,1.62,1.893,0.03,-1,18555123,29653578
COSG,2025-04-06,1.62,1.62,1.55,1.59,-5.373,-0.09,-1,17026028,27096108
COSG,2025-04-03,1.7,1.7,1.66,1.68,0,0,-1,13791903,23141682
COSG,2025-03-27,1.74,1.74,1.67,1.68,-3.179,-0.05,-1,21341556,36237272
COSG,2025-03-26,1.95,1.95,1.4,1.73,6.462,0.1,-1,71469677,126988368
COSG,2025-03-25,1.66,1.66,1.63,1.63,-1.216,-0.02,-1,11669321,19066904
COSG,2025-03-24,1.7,1.7,1.64,1.65,-2.374,-0.04,-1,9878594,16429736
COSG,2025-03-23,1.75,1.75,1.66,1.69,2.121,0.04,-1,15287619,25958036
COSG,2025-03-20,1.68,1.68,1.63,1.65,1.227,0.02,-1,8913432,14748701
COSG,2025-03-19,1.68,1.68,1.63,1.63,-1.807,-0.03,-1,9495195,15695713
COSG,2025-03-18,1.71,1.71,1.65,1.66,0,0,-1,15631229,26203206
COSG,2025-03-17,1.74,1.74,1.66,1.66,-3.768,-0.07,-1,20232266,34216508
COSG,2025-03-16,1.79,1.79,1.7,1.73,-2.817,-0.05,-1,23502441,40903004
COSG,2025-03-13,1.94,1.94,1.6,1.78,-7.792,-0.15,-1,66905237,122378016
COSG,2025-03-12,1.93,1.93,1.73,1.93,10.315,0.18,-1,55958627,100742328
COSG,2025-03-11,1.77,1.77,1.71,1.75,-0.852,-0.01,-1,20096173,34812704
COSG,2025-03-10,1.82,1.82,1.73,1.76,0.86,0.01,-1,28589130,50444968
COSG,2025-03-09,1.84,1.84,1.74,1.75,-3.857,-0.07,-1,25816587,45982720
COSG,2025-03-06,1.85,1.85,1.81,1.82,0.276,0.01,-1,25157843,45904616
COSG,2025-03-05,1.86,1.86,1.79,1.81,-1.362,-0.03,-1,26339075,47782508
COSG,2025-03-04,1.87,1.87,1.83,1.84,-0.272,0,-1,19168317,35375168
COSG,2025-03-03,1.89,1.89,1.83,1.84,-0.809,-0.02,-1,25522095,47289972
COSG,2025-03-02,1.98,1.98,1.84,1.86,-5.838,-0.11,-1,40096754,75677296
COSG,2025-02-27,2.15,2.15,1.96,1.97,0.254,0,-1,44379194,89146240
COSG,2025-02-26,2.01,2.01,1.95,1.97,0.769,0.02,-1,29306889,57662336
COSG,2025-02-25,2.02,2.02,1.95,1.95,-2.01,-0.04,-1,33500712,66140448
COSG,2025-02-24,2.07,2.07,1.99,1.99,-2.211,-0.05,-1,54277766,110256672
COSG,2025-02-23,2.04,2.04,1.93,2.04,4.092,0.08,-1,45079490,89774208
COSG,2025-02-20,2.04,2.04,1.96,1.96,-3.46,-0.07,-1,40850359,81333415.43
COSG,2025-02-19,2.1,2.1,2,2.03,-1.22,-0.02,-1,69283230,141914800
COSG,2025-02-18,2.05,2.05,1.91,2.05,6.218,0.12,-1,78989156,154856800
COSG,2025-02-17,2.03,2.03,1.9,1.93,-3.015,-0.06,-1,57981444,112913256
COSG,2025-02-16,2.08,2.08,1.97,1.99,0.759,0.01,-1,59393055,119511272
COSG,2025-02-13,2.15,2.15,1.95,1.98,-4.126,-0.08,-1,114866832,237969552
COSG,2025-02-12,2.06,2.06,1.83,2.06,8.421,0.16,-1,154608667,306772000
COSG,2025-02-11,2.15,2.15,1.9,1.9,-9.524,-0.2,-1,84312847,172944720
COSG,2025-02-10,2.23,2.23,2.01,2.1,1.942,0.04,-1,145000037,309014528
COSG,2025-02-09,2.18,2.18,1.97,2.06,5.641,0.11,-1,161902587,334489952
COSG,2025-02-06,1.95,1.95,1.62,1.95,18.182,0.3,-1,124054655,219212448
COSG,2025-02-05,1.75,1.75,1.62,1.65,2.804,0.04,-1,119184264,200947344
COSG,2025-02-04,1.61,1.61,1.38,1.61,19.776,0.27,-1,188031211,287876096
COSG,2025-02-03,1.39,1.39,1.34,1.34,-0.741,-0.01,-1,14271297,19411402
COSG,2025-02-02,1.38,1.38,1.32,1.35,1.504,0.02,-1,20072017,27153096
COSG,2025-01-30,1.36,1.36,1.33,1.33,-0.375,-0.01,-1,8848481,11881944
COSG,2025-01-29,1.37,1.37,1.34,1.34,-0.744,-0.01,-1,8495375,11456520
COSG,2025-01-28,1.38,1.38,1.33,1.35,-0.74,-0.01,-1,10920325,14774292.06
COSG,2025-01-27,1.41,1.41,1.35,1.36,-0.733,-0.01,-1,29394440,40383024
COSG,2025-01-26,1.41,1.41,1.36,1.37,0.368,0.01,-1,14721953,20298562
COSG,2025-01-23,1.39,1.39,1.34,1.36,1.873,0.02,-1,22096991,30078568
COSG,2025-01-22,1.38,1.38,1.33,1.34,0,0,-1,16235154,21921556
COSG,2025-01-21,1.43,1.43,1.33,1.34,-3.957,-0.05,-1,34897079,47773208
COSG,2025-01-20,1.44,1.44,1.26,1.39,10.317,0.13,-1,60164801,81998568
COSG,2025-01-19,1.28,1.28,1.26,1.26,1.205,0.01,-1,11698391,14823516
COSG,2025-01-16,1.26,1.26,1.21,1.25,3.32,0.04,-1,9963601,12338035
COSG,2025-01-15,1.22,1.22,1.19,1.21,0.837,0.01,-1,3597477,4323129.5
COSG,2025-01-14,1.22,1.22,1.16,1.2,-1.646,-0.02,-1,7794698,9276739
COSG,2025-01-13,1.25,1.25,1.21,1.22,-1.619,-0.02,-1,5006907,6164493.5
COSG,2025-01-12,1.25,1.25,1.23,1.24,-1.594,-0.02,-1,5035890,6230441.5
COSG,2025-01-09,1.27,1.27,1.25,1.26,-0.397,0,-1,3894243,4896136
COSG,2025-01-08,1.29,1.29,1.25,1.26,-0.787,-0.01,-1,5659078,7161085.5
COSG,2025-01-06,1.31,1.31,1.27,1.27,0,0,-1,19299018,24857464
COSG,2025-01-05,1.28,1.28,1.27,1.27,0.395,0,-1,5080228,6466206
COSG,2025-01-02,1.28,1.28,1.25,1.27,2.846,0.04,-1,5551755,7009216.5
COSG,2024-12-31,1.24,1.24,1.21,1.23,0.82,0.01,-1,4158322,5085940.5
COSG,2024-12-30,1.24,1.24,1.22,1.22,-0.813,-0.01,-1,3937036,4818078.5
COSG,2024-12-29,1.26,1.26,1.23,1.23,-1.6,-0.02,-1,2586850,3193869.75
COSG,2024-12-26,1.27,1.27,1.24,1.25,-0.398,-0.01,-1,4763232,5942034.5
COSG,2024-12-25,1.28,1.28,1.25,1.26,1.21,0.02,-1,5042826,6323722.5
COSG,2024-12-24,1.27,1.27,1.23,1.24,-1.195,-0.02,-1,4871336,6053775
COSG,2024-12-23,1.3,1.3,1.25,1.26,-2.335,-0.03,-1,9783407,12423387
COSG,2024-12-22,1.32,1.32,1.28,1.29,0.391,0.01,-1,7962395,10282733
COSG,2024-12-19,1.28,1.28,1.25,1.28,0,0,-1,7676717,9743266
COSG,2024-12-18,1.33,1.33,1.27,1.28,-3.03,-0.04,-1,10632788,13767401
COSG,2024-12-17,1.36,1.36,1.32,1.32,-2.222,-0.03,-1,12723849,16977138
COSG,2024-12-16,1.41,1.41,1.35,1.35,0,0,-1,32111534,44329040
COSG,2024-12-15,1.36,1.36,1.28,1.35,5.882,0.07,-1,35705100,47602880
COSG,2024-12-12,1.32,1.32,1.27,1.28,0,0,-1,13043700,16869260
COSG,2024-12-11,1.28,1.28,1.24,1.28,2.823,0.04,-1,15361242,19454478
COSG,2024-12-10,1.31,1.31,1.24,1.24,-4.247,-0.06,-1,11889393,15093280
COSG,2024-12-09,1.32,1.32,1.28,1.3,1.172,0.02,-1,13932936,18060396
COSG,2024-12-08,1.3,1.3,1.28,1.28,-0.775,-0.01,-1,6886497,8880216
COSG,2024-12-05,1.3,1.3,1.28,1.29,0.389,0,-1,9719494,12544244
COSG,2024-12-04,1.31,1.31,1.28,1.29,-0.772,-0.01,-1,6623914,8565556
COSG,2024-12-03,1.32,1.32,1.29,1.3,0,0,-1,11026082,14346895
COSG,2024-12-02,1.36,1.36,1.3,1.3,-2.996,-0.04,-1,19577166,26012448
COSG,2024-12-01,1.34,1.34,1.29,1.34,3.891,0.05,-1,17120709,22573386
COSG,2024-11-28,1.3,1.3,1.26,1.29,-0.388,0,-1,9313680,11912199
COSG,2024-11-27,1.34,1.34,1.28,1.29,-2.642,-0.04,-1,9636376,12616602
COSG,2024-11-26,1.36,1.36,1.32,1.33,-1.487,-0.02,-1,8491492,11335711
COSG,2024-11-25,1.41,1.41,1.34,1.35,-2.888,-0.04,-1,21396818,29292176
COSG,2024-11-24,1.42,1.42,1.37,1.39,1.095,0.02,-1,19900108,27667700
COSG,2024-11-21,1.45,1.45,1.37,1.37,-2.837,-0.04,-1,26088359,36549788
COSG,2024-11-20,1.48,1.48,1.37,1.41,4.059,0.05,-1,61706291,88150824
COSG,2024-11-19,1.42,1.42,1.28,1.36,5.447,0.07,-1,58365077,79739944
COSG,2024-11-18,1.32,1.32,1.28,1.29,-0.388,0,-1,14751140,19038288
COSG,2024-11-17,1.39,1.39,1.26,1.29,2.381,0.03,-1,12453919,16015533
COSG,2024-11-14,1.3,1.3,1.26,1.26,-0.395,-0.01,-1,12847496,16364456
COSG,2024-11-13,1.29,1.29,1.26,1.27,-0.784,-0.01,-1,9290684,11815978
COSG,2024-11-12,1.31,1.31,1.25,1.28,-1.923,-0.02,-1,26451731,33615616
COSG,2024-11-11,1.32,1.32,1.21,1.3,7.884,0.09,-1,54409479,69170864
COSG,2024-11-10,1.22,1.22,1.2,1.21,0,0,-1,4285540,5178866.5
COSG,2024-11-07,1.22,1.22,1.2,1.21,0,0,-1,6296900,7589596
COSG,2024-11-06,1.23,1.23,1.2,1.21,-0.823,-0.01,-1,8744692,10594391
COSG,2024-11-05,1.25,1.25,1.21,1.22,0,0,-1,42335621,51962456
COSG,2024-11-04,1.22,1.22,1.17,1.22,3.846,0.05,-1,25489605,30551144
COSG,2024-11-03,1.18,1.18,1.17,1.17,0.429,0,-1,2985594,3506529
COSG,2024-10-31,1.18,1.18,1.16,1.17,0.431,0.01,-1,3511914,4089460.75
COSG,2024-10-30,1.19,1.19,1.16,1.16,-1.277,-0.02,-1,4765250,5571096.5
COSG,2024-10-29,1.19,1.19,1.15,1.18,3.07,0.04,-1,14517333,17002570
COSG,2024-10-28,1.17,1.17,1.14,1.14,-0.87,-0.01,-1,5567852,6396594
COSG,2024-10-27,1.19,1.19,1.15,1.15,0,0,-1,9445126,10995620
COSG,2024-10-24,1.19,1.19,1.15,1.15,-1.288,-0.02,-1,12374187,14294555
COSG,2024-10-23,1.21,1.21,1.16,1.17,1.304,0.02,-1,18764192,22229038
COSG,2024-10-22,1.17,1.17,1.12,1.15,1.77,0.02,-1,7826532,9008283
COSG,2024-10-21,1.14,1.14,1.11,1.13,1.345,0.01,-1,3301435,3707849.5
COSG,2024-10-20,1.15,1.15,1.1,1.12,-1.327,-0.01,-1,2022512,2269338.5
COSG,2024-10-17,1.15,1.15,1.12,1.13,-0.441,-0.01,-1,1697037,1922757.5
COSG,2024-10-16,1.19,1.19,1.13,1.14,1.794,0.02,-1,12135224,14025556
COSG,2024-10-15,1.13,1.13,1.1,1.12,1.826,0.02,-1,5889974,6539005
COSG,2024-10-14,1.11,1.11,1.08,1.1,-0.455,0,-1,2996799,3279434.25
COSG,2024-10-13,1.14,1.14,1.1,1.1,-2.655,-0.03,-1,3244777,3601006.25
COSG,2024-10-10,1.15,1.15,1.12,1.13,0.444,0,-1,3105179,3498441.5
COSG,2024-10-09,1.14,1.14,1.12,1.13,0.897,0.01,-1,1748632,1965263.5
COSG,2024-10-08,1.17,1.17,1.11,1.12,-3.879,-0.04,-1,4051592,4596724
COSG,2024-10-07,1.18,1.18,1.15,1.16,0.87,0.01,-1,5755776,6702506.5
COSG,2024-10-03,1.16,1.16,1.14,1.15,0.873,0,-1,2971095,3418104.5
COSG,2024-10-02,1.17,1.17,1.14,1.15,-2.137,-0.02,-1,8347474,9640885
COSG,2024-10-01,1.19,1.19,1.17,1.17,-0.426,-0.01,-1,8384251,9881296
COSG,2024-09-30,1.21,1.21,1.17,1.18,0.427,0.01,-1,11662156,13852241
COSG,2024-09-29,1.18,1.18,1.17,1.17,0,0,-1,9173891,10757198
COSG,2024-09-26,1.2,1.2,1.17,1.17,-0.426,-0.01,-1,9260041,10897300
COSG,2024-09-25,1.19,1.19,1.17,1.18,0.427,0.01,-1,4860519,5721930
COSG,2024-09-24,1.19,1.19,1.17,1.17,0,0,-1,5876328,6893994
COSG,2024-09-23,1.19,1.19,1.17,1.17,0,0,-1,9467094,11142469
COSG,2024-09-22,1.19,1.19,1.17,1.17,-0.426,-0.01,-1,4452462,5218218.5
COSG,2024-09-19,1.19,1.19,1.16,1.18,0.427,0.01,-1,7723080,9071408
COSG,2024-09-18,1.19,1.19,1.16,1.17,0,0,-1,4448348,5216549.5
COSG,2024-09-17,1.2,1.2,1.15,1.17,-1.681,-0.02,-1,11193550,13084614
COSG,2024-09-16,1.24,1.24,1.19,1.19,0.847,0.01,-1,22842546,27682070
COSG,2024-09-12,1.2,1.2,1.14,1.18,3.509,0.04,-1,24825661,29224746
COSG,2024-09-11,1.15,1.15,1.11,1.14,1.786,0.02,-1,5809068,6530244
COSG,2024-09-10,1.15,1.15,1.12,1.12,-0.885,-0.01,-1,3452503,3893727
COSG,2024-09-09,1.15,1.15,1.13,1.13,0,0,-1,4457267,5059885
COSG,2024-09-08,1.17,1.17,1.13,1.13,-2.165,-0.03,-1,7461141,8546411
COSG,2024-09-05,1.19,1.19,1.16,1.16,-0.431,0,-1,7274022,8515973
COSG,2024-09-04,1.17,1.17,1.13,1.16,0,0,-1,8230396,9511916
COSG,2024-09-03,1.18,1.18,1.15,1.16,0.433,0,-1,7325429,8518895
COSG,2024-09-02,1.2,1.2,1.16,1.16,-1.282,-0.01,-1,11060186,13029446
COSG,2024-09-01,1.19,1.19,1.15,1.17,1.739,0.02,-1,8405009,9818218
COSG,2024-08-29,1.17,1.17,1.14,1.15,-0.43,-0.01,-1,6080739,6999419.26
COSG,2024-08-28,1.19,1.19,1.15,1.16,-1.282,-0.01,-1,7151150,8310051.5
COSG,2024-08-27,1.2,1.2,1.16,1.17,-0.426,-0.01,-1,6765523,7958566
COSG,2024-08-26,1.18,1.18,1.12,1.18,1.293,0.02,-1,11228711,12930581
COSG,2024-08-25,1.2,1.2,1.16,1.16,0,0,-1,11778853,13838051
COSG,2024-08-22,1.22,1.22,1.15,1.16,2.203,0.02,-1,43172289,50908688
COSG,2024-08-21,1.17,1.17,1.11,1.14,3.653,0.04,-1,55569438,63386996
COSG,2024-08-20,1.1,1.1,1.07,1.1,2.817,0.03,-1,9133962,9919428
COSG,2024-08-19,1.1,1.1,1.07,1.07,-1.843,-0.02,-1,7095178,7662843
COSG,2024-08-18,1.12,1.12,1.06,1.09,1.878,0.02,-1,17656068,19327944
COSG,2024-08-15,1.08,1.08,1.06,1.07,-0.467,0,-1,2880061,3076531.5
COSG,2024-08-14,1.08,1.08,1.07,1.07,0.469,0,-1,2021424,2167764.5
COSG,2024-08-13,1.1,1.1,1.06,1.07,-1.389,-0.01,-1,4784702,5128306.5
COSG,2024-08-12,1.12,1.12,1.07,1.08,0,0,-1,6889671,7522612
COSG,2024-08-11,1.1,1.1,1.07,1.08,2.37,0.02,-1,7840713,8517010
COSG,2024-08-08,1.08,1.08,1.05,1.06,-1.402,-0.01,-1,5290628,5612073
COSG,2024-08-07,1.08,1.08,1.05,1.07,1.905,0.02,-1,9132366,9688714
COSG,2024-08-06,1.07,1.07,1.04,1.05,2.439,0.02,-1,6586634,6897609
COSG,2024-08-05,1.09,1.09,0.985,1.03,-6.818,-0.07,-1,12701276,13170221
COSG,2024-08-04,1.14,1.14,1.07,1.1,-3.93,-0.05,-1,10925574,12112062
COSG,2024-08-01,1.19,1.19,1.13,1.15,2.232,0.03,-1,20523741,23766000
COSG,2024-07-31,1.14,1.14,1.12,1.12,-0.885,-0.01,-1,5733504,6460737
COSG,2024-07-30,1.15,1.15,1.12,1.13,-0.441,-0.01,-1,7678372,8680084
COSG,2024-07-29,1.16,1.16,1.12,1.14,-0.873,-0.01,-1,8488747,9618878
COSG,2024-07-28,1.2,1.2,1.12,1.15,0.881,0.01,-1,21773098,25167278
COSG,2024-07-24,1.17,1.17,1.06,1.14,7.583,0.08,-1,37687861,42404316
COSG,2024-07-23,1.07,1.07,1.05,1.06,0.957,0.01,-1,5298595,5587620.5
COSG,2024-07-22,1.09,1.09,1.05,1.05,-1.415,-0.01,-1,11419039,12162988
COSG,2024-07-21,1.08,1.08,1.05,1.06,1.435,0.01,-1,8055447,8567885
COSG,2024-07-18,1.08,1.08,1.04,1.05,0.966,0.01,-1,11009755,11585048
COSG,2024-07-17,1.06,1.06,1.04,1.04,-0.481,0,-1,5964960,6233935.5
COSG,2024-07-16,1.07,1.07,1.04,1.04,-0.478,-0.01,-1,4257563,4468640.5
COSG,2024-07-15,1.06,1.06,1.01,1.05,2.451,0.03,-1,5679721,5867177
COSG,2024-07-14,1.05,1.05,1.02,1.02,-0.971,-0.01,-1,3753611,3845698.5
COSG,2024-07-10,1.05,1.05,1.02,1.03,-0.483,-0.01,-1,3853779,3978740.75
COSG,2024-07-09,1.06,1.06,1.03,1.04,-0.957,-0.01,-1,5724217,5955175
COSG,2024-07-08,1.1,1.1,1.04,1.05,-2.791,-0.03,-1,10158149,10813104
COSG,2024-07-07,1.11,1.11,1.07,1.08,0.467,0.01,-1,11779231,12855941
COSG,2024-07-04,1.13,1.13,1.03,1.07,3.884,0.04,-1,33171457,35928676
COSG,2024-07-03,1.06,1.06,1.03,1.03,0.488,0,-1,8660910,8994804
COSG,2024-07-02,1.06,1.06,1.03,1.03,-1.914,-0.02,-1,6594378,6840632
COSG,2024-07-01,1.09,1.09,1.03,1.05,1.456,0.02,-1,13821175,14592892
COSG,2024-06-27,1.08,1.08,1.02,1.03,-1.435,-0.02,-1,13511658,14115038
COSG,2024-06-26,1.07,1.07,1.03,1.05,-0.476,0,-1,8082064,8456482
COSG,2024-06-25,1.08,1.08,1.03,1.05,-1.408,-0.02,-1,13887355,14571593
COSG,2024-06-24,1.13,1.13,0.91,1.07,11.518,0.115,-1,60336705,62374868
COSG,2024-06-23,0.97,0.97,0.925,0.955,4.945,0.045,-1,4207257,3990103.5
COSG,2024-06-13,0.96,0.96,0.885,0.91,2.825,0.025,-1,3974455,3667433.75
COSG,2024-06-12,0.895,0.895,0.875,0.885,0,0.005,-1,686057,609373.5
COSG,2024-06-11,0.89,0.89,0.86,0.88,2.326,0.02,-1,1312506,1152836.5
COSG,2024-06-10,0.895,0.895,0.84,0.86,-1.714,-0.015,-1,1611986,1393221.625
COSG,2024-06-09,0.91,0.91,0.865,0.875,-2.762,-0.03,-1,1170042,1040840.125
COSG,2024-06-06,0.92,0.92,0.9,0.905,-0.549,-0.005,-1,1028957,934237.125
COSG,2024-06-05,0.94,0.94,0.9,0.91,-2.674,-0.025,-1,1841761,1695112.5
COSG,2024-06-04,0.95,0.95,0.93,0.935,0,0,-1,1100919,1035598.813
COSG,2024-06-03,0.95,0.95,0.93,0.935,0.535,0,-1,1221460,1148920.25
COSG,2024-06-02,0.95,0.95,0.93,0.935,0,0,-1,1479437,1384095
COSG,2024-05-30,0.95,0.95,0.93,0.935,-0.529,-0.01,-1,1161127,1090664.125
COSG,2024-05-29,0.96,0.96,0.94,0.945,-0.526,-0.005,-1,1770389,1680147.875
COSG,2024-05-28,0.96,0.96,0.925,0.95,0.524,-0.005,-1,2829669,2679115.5
COSG,2024-05-27,0.98,0.98,0.955,0.955,-1.036,-0.01,-1,2821618,2722028.75
COSG,2024-05-26,0.98,0.98,0.95,0.965,1.579,0.015,-1,2526526,2425439
COSG,2024-05-23,0.96,0.96,0.94,0.95,1.604,0.015,-1,1414063,1343489.875
COSG,2024-05-22,0.965,0.965,0.93,0.935,-1.579,-0.015,-1,1336298,1258451.25
COSG,2024-05-21,0.98,0.98,0.945,0.95,-2.062,-0.02,-1,1943988,1866195.375
COSG,2024-05-20,1.01,1.01,0.965,0.97,-1.523,-0.015,-1,3246920,3184913.75
COSG,2024-05-19,0.995,0.995,0.95,0.985,3.684,0.035,-1,2860047,2758838.25
COSG,2024-05-16,0.955,0.955,0.925,0.95,1.064,0.01,-1,2827943,2669458.5
COSG,2024-05-15,0.99,0.99,0.875,0.94,6.215,0.055,-1,5017583,4709061
COSG,2024-05-14,0.92,0.92,0.885,0.885,0,0,-1,2361546,2127932.75
COSG,2024-05-13,0.92,0.92,0.855,0.885,-2.21,-0.02,-1,1709988,1516293
COSG,2024-05-12,0.965,0.965,0.9,0.905,-5.236,-0.05,-1,2549030,2376637.5
COSG,2024-05-09,0.965,0.965,0.94,0.955,1.053,0.005,-1,1925192,1838962.125
COSG,2024-05-08,1,1,0.945,0.95,-1.554,-0.015,-1,1615158,1560906.125
COSG,2024-05-07,0.98,0.98,0.955,0.965,-0.515,-0.005,-1,2017982,1947468.875
COSG,2024-05-02,0.99,0.99,0.95,0.97,0.518,0.005,-1,1615260,1564890.125
COSG,2024-05-01,0.975,0.975,0.93,0.965,2.116,0.02,-1,1576401,1515860.625
COSG,2024-04-30,1.03,1.03,0.93,0.945,-6.436,-0.065,-1,2123893,2089482
COSG,2024-04-29,1.02,1.02,0.99,1.01,1.508,0.015,-1,1837649,1845484.875
COSG,2024-04-28,1.05,1.05,0.985,0.995,-2.451,-0.025,-1,2516265,2549434.75
COSG,2024-04-24,1.08,1.08,1.01,1.02,-5.116,-0.06,-1,3317719,3441042
COSG,2024-04-23,1.12,1.12,1.08,1.08,-1.818,-0.02,-1,3693578,4028727.5
COSG,2024-04-22,1.14,1.14,1.1,1.1,-1.345,-0.02,-1,1751745,1953501.5
COSG,2024-04-21,1.14,1.14,1.1,1.12,3.704,0.04,-1,3214456,3597703
COSG,2024-04-18,1.14,1.14,1.07,1.08,-3.571,-0.04,-1,5976590,6606452.5
COSG,2024-04-17,1.15,1.15,1.12,1.12,-1.322,-0.02,-1,4260702,4804365
COSG,2024-04-16,1.18,1.18,1.11,1.14,-1.304,-0.01,-1,5263734,6000697.5
COSG,2024-04-15,1.15,1.15,1.06,1.15,3.139,0.03,-1,6936671,7742556
COSG,2024-04-08,1.14,1.14,1.1,1.12,1.364,0.02,-1,5060783,5640805.5
COSG,2024-04-07,1.17,1.17,1.1,1.1,-1.345,-0.02,-1,7787242,8739149
COSG,2024-04-04,1.14,1.14,1.03,1.12,9.314,0.1,-1,11037861,11983316
COSG,2024-04-03,1.04,1.04,1.02,1.02,-1.449,-0.02,-1,1713896,1757204.375
COSG,2024-04-02,1.07,1.07,1.02,1.04,-0.481,0,-1,3164073,3287539.5
COSG,2024-04-01,1.06,1.06,1,1.04,2.97,0.03,-1,3898326,4001974
COSG,2024-03-31,1.07,1.07,1.01,1.01,-3.81,-0.04,-1,4110423,4259688.5
COSG,2024-03-28,1.08,1.08,1.03,1.05,-1.408,-0.02,-1,3062133,3223081.75
COSG,2024-03-27,1.12,1.12,1.04,1.07,-4.484,-0.05,-1,6616108,7132536.5
COSG,2024-03-26,1.14,1.14,1.1,1.12,0.45,0.01,-1,6520852,7302917.5
COSG,2024-03-25,1.13,1.13,1.1,1.11,0.452,0,-1,2824913,3128267
COSG,2024-03-24,1.17,1.17,1.09,1.11,1.376,0.02,-1,6379703,7113654.5
COSG,2024-03-21,1.1,1.1,1.08,1.09,0,0,-1,6199928,6748590
COSG,2024-03-20,1.14,1.14,1.08,1.09,-1.357,-0.02,-1,7071415,7796720.5
COSG,2024-03-19,1.25,1.25,1.08,1.11,-7.531,-0.09,-1,8311013,9332919
COSG,2024-03-18,1.44,1.44,1.19,1.2,-7.004,-0.09,-1,14639614,19460496
COSG,2024-03-17,1.29,1.29,1.1,1.29,19.535,0.21,-1,10811454,13299120
COSG,2024-03-14,1.14,1.14,1.06,1.08,-2.692,-0.03,-1,4321095,4743497.5
COSG,2024-03-13,1.19,1.19,1.09,1.11,-2.985,-0.03,-1,3451037,3870417.75
COSG,2024-03-12,1.22,1.22,1.12,1.14,-4.626,-0.06,-1,3998425,4687734.5
COSG,2024-03-11,1.24,1.24,1.19,1.2,-2.431,-0.02,-1,3973997,4811012.5
COSG,2024-03-10,1.25,1.25,1.21,1.22,0.348,0,-1,4844030,5937465.5
COSG,2024-03-07,1.25,1.25,1.19,1.22,-1.034,-0.01,-1,4262927,5170816
COSG,2024-03-06,1.27,1.27,1.23,1.23,-1.695,-0.02,-1,6616665,8258292.5
COSG,2024-03-05,1.28,1.28,1.25,1.25,-0.673,-0.01,-1,4675623,5895080
COSG,2024-03-04,1.28,1.28,1.26,1.26,0.338,0,-1,5448367,6903079.5
COSG,2024-03-03,1.32,1.32,1.25,1.26,0.68,0.01,-1,5878351,7490672.5
COSG,2024-02-29,1.28,1.28,1.22,1.25,-1.01,-0.01,-1,3964613,4923865
COSG,2024-02-28,1.31,1.31,1.25,1.26,-2.623,-0.04,-1,4117708,5289299.5
COSG,2024-02-27,1.34,1.34,1.29,1.3,-1.294,-0.01,-1,5683169,7467802
COSG,2024-02-26,1.34,1.34,1.31,1.31,-0.323,-0.01,-1,4131068,5447405
COSG,2024-02-25,1.39,1.39,1.21,1.32,-6.627,-0.09,-1,11465432,15371476
COSG,2024-02-22,1.45,1.45,1.38,1.41,2.154,0.03,-1,20067111,28461742
COSG,2024-02-21,1.4,1.4,1.37,1.38,0,0,-1,7347884,10170507
COSG,2024-02-20,1.41,1.41,1.37,1.38,0,0,-1,12163677,16876540
COSG,2024-02-19,1.42,1.42,1.36,1.38,-0.915,-0.01,-1,10201780,14146023
COSG,2024-02-18,1.44,1.44,1.34,1.39,6.494,0.08,-1,25230731,35319456
COSG,2024-02-15,1.33,1.33,1.29,1.31,1.316,0.02,-1,7833007,10278689
COSG,2024-02-14,1.31,1.31,1.28,1.29,0.997,0.01,-1,6574713,8454758
COSG,2024-02-13,1.29,1.29,1.25,1.28,1.689,0.02,-1,6965292,8814165
COSG,2024-02-12,1.28,1.28,1.19,1.26,-1.661,-0.02,-1,5849078,7291168
COSG,2024-02-11,1.31,1.31,1.28,1.28,-1.954,-0.03,-1,6567079,8442182
COSG,2024-02-08,1.31,1.31,1.28,1.31,2.333,0.03,-1,5621365,7235393.5
COSG,2024-02-07,1.3,1.3,1.28,1.28,-0.332,0,-1,6466361,8288954
COSG,2024-02-06,1.34,1.34,1.28,1.28,-2.589,-0.03,-1,8098698,10525449
COSG,2024-02-05,1.34,1.34,1.3,1.31,1.645,0.02,-1,7027990,9232910
COSG,2024-02-04,1.36,1.36,1.24,1.29,-3.492,-0.05,-1,7700866,9942953
COSG,2024-02-01,1.35,1.35,1.11,1.34,4.651,0.06,-1,11020524,13989812
COSG,2024-01-31,1.47,1.47,1.26,1.28,-10.149,-0.14,-1,17460365,23884528
COSG,2024-01-30,1.48,1.48,1.36,1.42,4.037,0.05,-1,27027675,38666396
COSG,2024-01-29,1.39,1.39,1.35,1.37,0.312,0.01,-1,10574758,14482271
COSG,2024-01-28,1.38,1.38,1.36,1.36,0.313,0,-1,8413988,11502273
COSG,2024-01-24,1.37,1.37,1.35,1.36,-0.312,0,-1,6126947,8319623.5
COSG,2024-01-23,1.39,1.39,1.36,1.36,-1.231,-0.02,-1,8280375,11361341
COSG,2024-01-22,1.41,1.41,1.37,1.38,-0.915,-0.01,-1,11249833,15576810
COSG,2024-01-21,1.41,1.41,1.39,1.39,0,0,-1,8852923,12335873
COSG,2024-01-18,1.4,1.4,1.36,1.39,0.614,0,-1,13586699,18736518
COSG,2024-01-17,1.44,1.44,1.38,1.39,-2.687,-0.03,-1,16229507,22832982
COSG,2024-01-16,1.46,1.46,1.42,1.42,0,0,-1,17484489,25093936
COSG,2024-01-15,1.45,1.45,1.39,1.42,2.134,0.03,-1,27684190,39195600
COSG,2024-01-14,1.42,1.42,1.39,1.39,0,0,-1,13575189,18980374
COSG,2024-01-11,1.44,1.44,1.38,1.39,0.614,0,-1,21149001,29694104
COSG,2024-01-10,1.4,1.4,1.38,1.39,0.308,0.01,-1,12770855,17712990
COSG,2024-01-09,1.42,1.42,1.38,1.38,-0.307,-0.01,-1,18540457,25869766
COSG,2024-01-08,1.42,1.42,1.36,1.39,1.242,0.02,-1,15038974,20806182
COSG,2024-01-04,1.39,1.39,1.36,1.37,-0.923,-0.01,-1,13389010,18294748
COSG,2024-01-03,1.43,1.43,1.37,1.38,0.932,0.01,-1,20955474,29158864
COSG,2024-01-02,1.39,1.39,1.34,1.37,2.222,0.03,-1,22382612,30514710
COSG,2023-12-31,1.39,1.39,1.33,1.34,-1.562,-0.02,-1,16263569,22016344
COSG,2023-12-28,1.41,1.41,1.36,1.36,-2.736,-0.04,-1,25905166,35611984
COSG,2023-12-27,1.47,1.47,1.38,1.4,-2.083,-0.03,-1,41718204,58883200
COSG,2023-12-26,1.56,1.56,1.42,1.43,-1.176,-0.02,-1,77609126,114734816
COSG,2023-12-25,1.48,1.48,1.28,1.45,9.677,0.13,-1,73256383,101749152
COSG,2023-12-24,1.39,1.39,1.29,1.32,-3.125,-0.04,-1,32133616,42837476
COSG,2023-12-21,1.44,1.44,1.31,1.36,4.235,0.05,-1,63254241,86845536
COSG,2023-12-20,1.39,1.39,1.29,1.31,-4.062,-0.05,-1,38865661,52084072
COSG,2023-12-19,1.36,1.36,1.16,1.36,15.942,0.19,-1,89405804,114366488
COSG,2023-12-18,1.23,1.23,1.16,1.17,-2.128,-0.03,-1,24026005,28660240
COSG,2023-12-17,1.26,1.26,1.2,1.2,0.714,0.01,-1,44889733,55100876
COSG,2023-12-14,1.2,1.2,1.06,1.19,7.692,0.08,-1,51373108,58128360
COSG,2023-12-13,1.19,1.19,1.08,1.11,-5.455,-0.06,-1,42845023,48763068
COSG,2023-12-12,1.19,1.19,1.02,1.17,14.58,0.15,-1,50397656,55698053.39
COSG,2023-12-11,1.05,1.05,1.02,1.02,-2.041,-0.02,-1,8787012,8999631
COSG,2023-12-10,1.09,1.09,1.02,1.04,0.823,0.01,-1,11019241,11632423
COSG,2023-12-07,1.06,1.06,1.01,1.03,-2.016,-0.03,-1,8136489,8325819
COSG,2023-12-06,1.09,1.09,1.05,1.06,-1.976,-0.02,-1,4845282,5145880
COSG,2023-12-05,1.1,1.1,1.07,1.08,-0.784,0,-1,6038108,6500794.5
COSG,2023-12-04,1.11,1.11,1.07,1.08,-0.778,-0.01,-1,8733182,9469508
COSG,2023-12-03,1.14,1.14,1.09,1.09,-2.281,-0.03,-1,13844853,15347851
COSG,2023-11-30,1.15,1.15,1.06,1.12,9.583,0.1,-1,34138111,37826136
COSG,2023-11-29,1.05,1.05,1.02,1.02,-1.626,-0.03,-1,7082174,7305912
COSG,2023-11-28,1.07,1.07,1.03,1.05,-1.205,-0.01,-1,9153462,9576145
COSG,2023-11-27,1.09,1.09,1.05,1.06,1.22,0.01,-1,12962373,13795926
COSG,2023-11-26,1.07,1.07,1.04,1.05,0.816,0.01,-1,4964909,5187142
COSG,2023-11-23,1.08,1.08,1.04,1.04,0.41,0,-1,8359517,8807960
COSG,2023-11-22,1.07,1.07,1.03,1.04,-0.408,0,-1,6176904,6455205.5
COSG,2023-11-21,1.06,1.06,0.995,1.04,3.814,0.04,-1,8847820,9022839
COSG,2023-11-20,1.03,1.03,1,1,-2.075,-0.03,-1,5164386,5233498
COSG,2023-11-19,1.06,1.06,1.02,1.03,0.837,0.01,-1,7425472,7658100.5
COSG,2023-11-16,1.03,1.03,0.995,1.02,1.271,0.02,-1,4610471,4660277
COSG,2023-11-15,1.04,1.04,0.995,1,-2.479,-0.03,-1,6964641,7073067.5
COSG,2023-11-14,1.08,1.08,1.03,1.03,-3.968,-0.04,-1,7539844,7854971
COSG,2023-11-13,1.1,1.1,1.03,1.07,5,0.05,-1,17406534,18533084
COSG,2023-11-12,1.02,1.02,0.955,1.02,4.803,0.05,-1,5823055,5749891
COSG,2023-11-09,0.995,0.995,0.96,0.97,1.778,0.015,-1,8890146,8707429
COSG,2023-11-08,0.975,0.975,0.95,0.955,-0.881,-0.01,-1,3591015,3452566.5
COSG,2023-11-07,0.98,0.98,0.95,0.965,-0.439,-0.005,-1,4183784,4025053.75
COSG,2023-11-06,1.02,1.02,0.95,0.97,2.242,0.025,-1,11045670,10816610
COSG,2023-11-05,0.95,0.95,0.925,0.945,2.765,0.025,-1,3847782,3612664.5
COSG,2023-11-02,0.935,0.935,0.91,0.92,0,0,-1,3145910,2899844.75
COSG,2023-11-01,0.955,0.955,0.905,0.92,-3.125,-0.03,-1,4112746,3818004
COSG,2023-10-31,0.985,0.985,0.95,0.95,-2.183,-0.02,-1,3837498,3678861.25
COSG,2023-10-30,1,1,0.95,0.97,2.691,0.025,-1,8196891,7963622.5
COSG,2023-10-29,0.97,0.97,0.94,0.945,0.45,0.005,-1,4371033,4154225.33
COSG,2023-10-26,0.955,0.955,0.92,0.94,0.909,0.005,-1,7949151,7461975
COSG,2023-10-25,0.97,0.97,0.92,0.935,-0.901,-0.005,-1,9087783,8535064
COSG,2023-10-24,1.03,1.03,0.875,0.94,-3.478,-0.035,-1,13398883,12910103
COSG,2023-10-23,0.975,0.975,0.815,0.975,19.792,0.16,-1,21613378,20347220
COSG,2023-10-22,0.815,0.815,0.8,0.815,1.053,0.01,-1,2595991,2093197.375
COSG,2023-10-19,0.815,0.815,0.8,0.805,-0.524,-0.005,-1,3876179,3134643
COSG,2023-10-18,0.83,0.83,0.805,0.81,-1.036,-0.01,-1,5106977,4173045.25
COSG,2023-10-17,0.83,0.83,0.805,0.82,-1.026,-0.01,-1,4094298,3344891
COSG,2023-10-16,0.84,0.84,0.825,0.83,-1.515,-0.01,-1,2923029,2431695.75
COSG,2023-10-15,0.85,0.85,0.835,0.84,-0.503,-0.005,-1,3024680,2555696
COSG,2023-10-12,0.85,0.85,0.835,0.845,1.015,0.01,-1,3350937,2825827.25
COSG,2023-10-11,0.865,0.865,0.835,0.835,-1.5,-0.015,-1,3211140,2724453.5
COSG,2023-10-10,0.865,0.865,0.84,0.85,0.503,0.005,-1,4254867,3618857.5
COSG,2023-10-09,0.855,0.855,0.825,0.845,1.523,0.01,-1,2855927,2396797
COSG,2023-10-08,0.91,0.91,0.77,0.835,-5.742,-0.05,-1,5836412,5047412
COSG,2023-10-04,0.91,0.91,0.88,0.885,-0.948,-0.01,-1,3627004,3222758.75
COSG,2023-10-03,0.92,0.92,0.89,0.895,-1.86,-0.015,-1,2413720,2179949.5
COSG,2023-10-02,0.94,0.94,0.885,0.91,-1.376,-0.015,-1,2654024,2431700
COSG,2023-10-01,0.955,0.955,0.905,0.925,0.461,0.005,-1,3929174,3658293.5
COSG,2023-09-27,0.935,0.935,0.875,0.92,-1.364,-0.015,-1,7232632,6556871
COSG,2023-09-26,0.97,0.97,0.925,0.935,-2.655,-0.025,-1,5000833,4734501.5
COSG,2023-09-25,0.985,0.985,0.955,0.96,-1.739,-0.015,-1,4723488,4562613.5
COSG,2023-09-24,1,1,0.975,0.975,-1.288,-0.015,-1,3786638,3741675.25
COSG,2023-09-21,1.01,1.01,0.98,0.99,-1.271,-0.01,-1,4727437,4701522
COSG,2023-09-20,1.03,1.03,0.995,1,-1.667,-0.02,-1,4371453,4416660.5
COSG,2023-09-19,1.05,1.05,1.02,1.02,-0.826,-0.01,-1,7810375,8014228
COSG,2023-09-18,1.04,1.04,1.03,1.03,0.415,0,-1,6687874,6897732.5
COSG,2023-09-17,1.05,1.05,1.03,1.03,-0.823,0,-1,4379362,4524982
COSG,2023-09-14,1.06,1.06,1.03,1.03,0,0,-1,5415173,5633366.5
COSG,2023-09-13,1.04,1.04,1.03,1.03,0,0,-1,2953519,3053170.5
COSG,2023-09-12,1.06,1.06,1.03,1.03,0.83,0,-1,3690038,3831138.5
COSG,2023-09-11,1.06,1.06,1.02,1.03,-1.633,-0.01,-1,3374801,3487402
COSG,2023-09-10,1.07,1.07,1.04,1.04,-0.81,-0.01,-1,4922170,5149863.5
COSG,2023-09-07,1.1,1.1,1.05,1.05,-0.803,-0.01,-1,10800272,11575593
COSG,2023-09-06,1.1,1.1,1.01,1.06,4.184,0.04,-1,22316180,23742032
COSG,2023-09-05,1.03,1.03,1.01,1.02,0,0,-1,3068308,3115825.25
COSG,2023-09-04,1.03,1.03,1.01,1.02,-0.417,0,-1,4355399,4426450.5
COSG,2023-09-03,1.05,1.05,1.02,1.02,-1.235,-0.01,-1,6176113,6336925.5
COSG,2023-08-31,1.06,1.06,1.03,1.03,-0.41,-0.01,-1,4304999,4446632.5
COSG,2023-08-30,1.08,1.08,1.03,1.04,1.245,0.01,-1,8172023,8593222
COSG,2023-08-29,1.05,1.05,1.02,1.03,-1.23,-0.01,-1,6704457,6905515
COSG,2023-08-28,1.06,1.06,1.03,1.04,-0.408,0,-1,3093800,3231143.75
COSG,2023-08-27,1.06,1.06,1.04,1.04,0.823,0.01,-1,3079882,3212308
COSG,2023-08-24,1.06,1.06,1.02,1.03,-1.22,-0.02,-1,5647172,5848007.5
COSG,2023-08-23,1.1,1.1,1.04,1.05,-3.15,-0.03,-1,6696602,7117142.5
COSG,2023-08-22,1.12,1.12,1.06,1.08,2.008,0.02,-1,9603294,10424252
COSG,2023-08-21,1.09,1.09,1.04,1.06,-1.969,-0.02,-1,4186970,4457820.5
COSG,2023-08-20,1.1,1.1,1.08,1.08,0.395,0,-1,2544014,2750274
COSG,2023-08-17,1.11,1.11,1.07,1.08,-0.784,0,-1,3874145,4187484
COSG,2023-08-16,1.14,1.14,1.08,1.08,-1.923,-0.03,-1,11632187,12921595
COSG,2023-08-15,1.16,1.16,1.1,1.11,-1.515,-0.01,-1,14107247,15796682
COSG,2023-08-14,1.13,1.13,1.08,1.12,3.125,0.03,-1,11763140,12994399
COSG,2023-08-13,1.13,1.13,1.08,1.09,1.587,0.02,-1,16079172,17677774
COSG,2023-08-10,1.09,1.09,1,1.07,7.692,0.075,-1,16678953,17685512
COSG,2023-08-09,1.05,1.05,0.985,0.995,-4.098,-0.045,-1,7042959,7227373.5
COSG,2023-08-08,1.06,1.06,1.03,1.04,-1.619,-0.01,-1,3133748,3272094
COSG,2023-08-07,1.06,1.06,1.03,1.05,1.23,0.01,-1,3830648,3992676
COSG,2023-08-06,1.06,1.06,1.02,1.04,0.826,0.01,-1,4477141,4640366.5
COSG,2023-08-03,1.04,1.04,0.985,1.03,0.833,0.01,-1,7507015,7623708.5
COSG,2023-08-02,1.08,1.08,1.02,1.02,-4.382,-0.05,-1,4841948,5074740.5
COSG,2023-08-01,1.09,1.09,1.06,1.07,0.4,0.01,-1,4673387,5009633.5
COSG,2023-07-31,1.08,1.08,1.06,1.06,0.402,0,-1,3970775,4220325
COSG,2023-07-30,1.1,1.1,1.05,1.06,-2.734,-0.03,-1,7463607,8039104
COSG,2023-07-27,1.11,1.11,1.06,1.09,-0.389,0,-1,6251173,6767126.5
COSG,2023-07-26,1.12,1.12,1.09,1.09,-1.154,-0.02,-1,3506617,3857424.75
COSG,2023-07-25,1.16,1.16,1.1,1.11,-2.256,-0.02,-1,5413234,6076990.5
COSG,2023-07-24,1.18,1.18,1.12,1.13,0.758,0.01,-1,10264458,11733771
COSG,2023-07-19,1.14,1.14,1.11,1.12,0.763,0.01,-1,6857216,7702338.5
COSG,2023-07-18,1.14,1.14,1.09,1.11,0,0,-1,4850455,5367187
COSG,2023-07-17,1.16,1.16,1.11,1.11,-1.504,-0.02,-1,5732938,6457516.5
COSG,2023-07-16,1.18,1.18,1.07,1.13,3.502,0.04,-1,16455331,18638010
COSG,2023-07-13,1.12,1.12,1.06,1.09,-1.533,-0.02,-1,8369153,9053462
COSG,2023-07-12,1.15,1.15,1.11,1.11,-1.136,-0.01,-1,5386679,6006082.5
COSG,2023-07-11,1.16,1.16,1.12,1.12,0,0,-1,8482519,9608432
COSG,2023-07-10,1.14,1.14,1.08,1.12,3.488,0.02,-1,9823825,10868624
COSG,2023-07-09,1.24,1.24,1.09,1.1,-10.417,-0.12,-1,10108018,11737233
COSG,2023-07-06,1.28,1.28,1.21,1.22,1.053,0.01,-1,11798618,14611233
COSG,2023-07-05,1.26,1.26,1.21,1.21,-1.042,-0.01,-1,6491205,7976844
COSG,2023-07-04,1.31,1.31,1.22,1.22,-2.373,-0.03,-1,19489214,24468080
COSG,2023-06-26,1.26,1.26,1.14,1.25,9.665,0.11,-1,21126066,25704550
COSG,2023-06-25,1.2,1.2,1.14,1.14,-2.182,-0.03,-1,9678688,11285480
COSG,2023-06-22,1.22,1.22,1.16,1.17,-2.135,-0.03,-1,16856508,20003354
COSG,2023-06-21,1.25,1.25,1.09,1.2,8.077,0.09,-1,47389330,55622612
COSG,2023-06-20,1.11,1.11,1.07,1.11,2.767,0.03,-1,10888511,11832406
COSG,2023-06-19,1.12,1.12,1.06,1.08,-2.692,-0.03,-1,9152511,9920001
COSG,2023-06-18,1.14,1.14,1.06,1.11,4.418,0.05,-1,14065369,15525549
COSG,2023-06-15,1.09,1.09,1.05,1.06,-0.4,0,-1,5163027,5484556
COSG,2023-06-14,1.12,1.12,1.06,1.06,-2.724,-0.03,-1,10334274,11180072
COSG,2023-06-13,1.16,1.16,1.08,1.09,-1.154,-0.02,-1,22877788,25521236
COSG,2023-06-12,1.17,1.17,0.995,1.11,8.368,0.09,-1,32331174,35543376
COSG,2023-06-11,1.12,1.12,0.97,1.02,6.222,0.065,-1,19446072,20456440
COSG,2023-06-08,0.995,0.995,0.945,0.955,-3.017,-0.03,-1,7624894,7376383.5
COSG,2023-06-07,1.06,1.06,0.96,0.985,-4.132,-0.045,-1,11649307,11813394
COSG,2023-06-06,1.09,1.09,0.995,1.03,-2.811,-0.03,-1,16993132,17628002
COSG,2023-06-05,1.11,1.11,0.86,1.06,8.734,0.09,-1,38250183,39193948
COSG,2023-06-04,1.06,1.06,0.965,0.97,7.009,0.06,-1,31539487,31754664
COSG,2023-06-01,0.91,0.91,0.745,0.91,19.553,0.15,-1,24871314,20977214
COSG,2023-05-31,0.82,0.82,0.755,0.76,-6.771,-0.055,-1,16073081,12512283
COSG,2023-05-30,0.885,0.885,0.775,0.815,-3.03,-0.025,-1,25972277,21561636
COSG,2023-05-29,0.84,0.84,0.7,0.84,20,0.14,-1,34198823,28057420
COSG,2023-05-28,0.7,0.7,0.585,0.7,19.565,0.115,-1,18292334,12128398
COSG,2023-05-25,0.585,0.585,0.57,0.585,2.222,0.01,-1,2985063,1731477.875
COSG,2023-05-24,0.58,0.58,0.565,0.575,0.746,0.005,-1,2706948,1545686.5
COSG,2023-05-23,0.575,0.575,0.56,0.57,0.752,0.005,-1,1998699,1134637.375
COSG,2023-05-22,0.58,0.58,0.56,0.565,0,0,-1,2575605,1469636
COSG,2023-05-21,0.575,0.575,0.56,0.565,0.746,-0.005,-1,1192125,679262.125
COSG,2023-05-18,0.585,0.585,0.565,0.57,-1.471,-0.005,-1,1314157,750108.375
COSG,2023-05-17,0.595,0.595,0.57,0.575,-1.449,-0.01,-1,944575,549018.313
COSG,2023-05-16,0.6,0.6,0.575,0.585,0.725,0,-1,2979051,1760870.5
COSG,2023-05-15,0.6,0.6,0.575,0.585,2.222,0.01,-1,4195262,2472387.25
COSG,2023-05-14,0.58,0.58,0.56,0.575,0.746,0.005,-1,1201173,686434.563
COSG,2023-05-11,0.58,0.58,0.56,0.57,-2.19,-0.01,-1,1851165,1060561.375
COSG,2023-05-10,0.585,0.585,0.555,0.58,3.03,0.02,-1,2816164,1603292.75
COSG,2023-05-09,0.57,0.57,0.555,0.56,0,0,-1,2283171,1281389.625
COSG,2023-05-08,0.57,0.57,0.55,0.56,0.763,0.005,-1,2339048,1311006.25
COSG,2023-05-07,0.565,0.565,0.545,0.555,0,0.005,-1,1650454,918577.375
COSG,2023-05-03,0.57,0.57,0.545,0.55,1.562,0.005,-1,2033282,1128433.125
COSG,2023-05-02,0.55,0.55,0.525,0.545,0,0,-1,2024799,1103249.75
COSG,2023-05-01,0.565,0.565,0.54,0.545,-1.54,-0.005,-1,1509711,828211.33
COSG,2023-04-30,0.59,0.59,0.545,0.55,-4.41,-0.025,-1,2661774,1511842.2
COSG,2023-04-27,0.59,0.59,0.56,0.575,0.741,0,-1,2132353,1234120.5
COSG,2023-04-26,0.575,0.575,0.545,0.575,3.053,0.02,-1,2369366,1342144.5
COSG,2023-04-19,0.575,0.575,0.545,0.555,1.538,0.005,-1,2128485,1182371.875
COSG,2023-04-18,0.56,0.56,0.545,0.55,1.562,0.005,-1,2202802,1216082
COSG,2023-04-13,0.545,0.545,0.53,0.545,0.787,0.005,-1,1208007,651401.438
COSG,2023-04-12,0.56,0.56,0.53,0.54,-2.308,-0.01,-1,2054338,1113595
COSG,2023-04-11,0.57,0.57,0.545,0.55,-1.515,-0.01,-1,1984528,1096877.625
COSG,2023-04-10,0.585,0.585,0.55,0.56,1.527,0.005,-1,2513271,1434834.125
COSG,2023-04-09,0.575,0.575,0.53,0.555,3.968,0.02,-1,4953624,2757324.75
COSG,2023-04-06,0.555,0.555,0.535,0.535,-2.326,-0.01,-1,2908606,1575909.875
COSG,2023-04-05,0.56,0.56,0.505,0.545,8.403,0.04,-1,4715597,2530188.5
COSG,2023-04-04,0.51,0.51,0.49,0.505,1.709,0.01,-1,1240592,621652.875
COSG,2023-04-03,0.5,0.5,0.485,0.495,0.862,0.005,-1,1274944,629227.313
COSG,2023-04-02,0.495,0.495,0.48,0.49,2.655,0.01,-1,765487,374249.813
COSG,2023-03-30,0.49,0.49,0.465,0.48,0,0,-1,1468944,706099.75
COSG,2023-03-29,0.49,0.49,0.48,0.48,0,0,-1,590830,285819.906
COSG,2023-03-28,0.49,0.49,0.475,0.48,-1.739,-0.01,-1,1625105,784576.438
COSG,2023-03-27,0.5,0.5,0.49,0.49,-1.709,-0.005,-1,925956,455984.594
COSG,2023-03-26,0.5,0.5,0.485,0.495,1.739,0.005,-1,801936,396268.625
COSG,2023-03-23,0.5,0.5,0.475,0.49,-0.862,0,-1,730682,356777.219
COSG,2023-03-22,0.51,0.51,0.49,0.49,-1.69,-0.01,-1,2112800,1047811.57
COSG,2023-03-21,0.515,0.515,0.48,0.5,1.724,0.01,-1,5195366,2565976.25
COSG,2023-03-20,0.51,0.51,0.465,0.49,4.505,0.02,-1,2984412,1461242
COSG,2023-03-19,0.475,0.475,0.435,0.47,1.835,0.005,-1,4751815,2200935.75
COSG,2023-03-16,0.465,0.465,0.43,0.465,-1.802,-0.005,-1,4411214,1973367.625
COSG,2023-03-15,0.53,0.53,0.45,0.47,-5.932,-0.03,-1,4223775,2137583
COSG,2023-03-14,0.52,0.52,0.49,0.5,-2.479,-0.015,-1,4123701,2084625.5
COSG,2023-03-13,0.59,0.59,0.505,0.515,-12.319,-0.07,-1,4937390,2645799.75
COSG,2023-03-12,0.625,0.625,0.575,0.585,-7.534,-0.035,-1,4002575,2380009.75
COSG,2023-03-09,0.63,0.63,0.61,0.62,0.69,0.005,-1,740736,458851
COSG,2023-03-08,0.635,0.635,0.605,0.615,-2.685,-0.015,-1,2193404,1356042.25
COSG,2023-03-07,0.655,0.655,0.625,0.63,-1.974,-0.015,-1,1826992,1166991.5
COSG,2023-03-06,0.665,0.665,0.635,0.645,-1.961,-0.005,-1,986682,640107.125
COSG,2023-03-05,0.665,0.665,0.645,0.65,0,0,-1,1294052,846356.75
COSG,2023-03-02,0.68,0.68,0.635,0.65,-2.548,-0.015,-1,2887721,1901551.625
COSG,2023-03-01,0.675,0.675,0.615,0.665,7.534,0.045,-1,5386225,3529081.75
COSG,2023-02-28,0.63,0.63,0.61,0.62,0.69,0.005,-1,876685,541390.5
COSG,2023-02-27,0.62,0.62,0.605,0.615,1.399,0.01,-1,1152272,705831.25
COSG,2023-02-26,0.625,0.625,0.595,0.605,-1.379,-0.01,-1,1667278,1015935.75
COSG,2023-02-23,0.63,0.63,0.61,0.615,-1.361,-0.01,-1,1662238,1030329.25
COSG,2023-02-22,0.635,0.635,0.62,0.625,-1.342,-0.005,-1,1346980,847679.813
COSG,2023-02-21,0.635,0.635,0.625,0.63,0.676,0,-1,1249219,788674.75
COSG,2023-02-20,0.655,0.655,0.625,0.63,-2.632,-0.015,-1,2541199,1617995.875
COSG,2023-02-19,0.655,0.655,0.64,0.645,0,0,-1,944559,611956.375
COSG,2023-02-16,0.67,0.67,0.645,0.645,-0.654,-0.005,-1,3099974,2044918
COSG,2023-02-15,0.66,0.66,0.64,0.65,2,0.015,-1,1376020,895775.125
COSG,2023-02-14,0.645,0.645,0.635,0.635,0,0,-1,434190,278169.563
COSG,2023-02-13,0.655,0.655,0.63,0.635,-0.662,-0.005,-1,893732,570804.063
COSG,2023-02-12,0.66,0.66,0.635,0.64,0.662,0,-1,1334058,865238.875
COSG,2023-02-09,0.645,0.645,0.63,0.64,0,0,-1,1115639,713178.563
COSG,2023-02-08,0.66,0.66,0.63,0.64,-2.597,-0.015,-1,3987495,2547552.75
COSG,2023-02-07,0.67,0.67,0.64,0.655,-1.282,-0.005,-1,3185246,2098744.25
COSG,2023-02-06,0.67,0.67,0.65,0.66,1.961,0.01,-1,1168372,770181.563
COSG,2023-02-05,0.7,0.7,0.635,0.65,1.325,0.01,-1,3328057,2214208
COSG,2023-02-02,0.655,0.655,0.635,0.64,0.667,0.005,-1,629808,406081.813
COSG,2023-02-01,0.66,0.66,0.615,0.635,-0.662,-0.005,-1,1342996,855753.313
COSG,2023-01-31,0.66,0.66,0.635,0.64,-1.961,-0.01,-1,1657425,1067746.875
COSG,2023-01-30,0.69,0.69,0.645,0.65,-4.375,-0.03,-1,1071095,702415.125
COSG,2023-01-29,0.695,0.695,0.66,0.68,-1.84,-0.01,-1,845241,574486.625
COSG,2023-01-25,0.7,0.7,0.64,0.69,7.237,0.045,-1,4795500,3238604
COSG,2023-01-24,0.65,0.65,0.63,0.645,1.333,0.01,-1,590319,376855.438
COSG,2023-01-23,0.655,0.655,0.635,0.635,-1.961,-0.015,-1,1676034,1075946.625
COSG,2023-01-22,0.66,0.66,0.64,0.65,0,0,-1,1062171,691975.813
COSG,2023-01-19,0.65,0.65,0.635,0.65,0,0,-1,1576366,1010899.438
COSG,2023-01-18,0.66,0.66,0.635,0.65,1.325,0.01,-1,1719577,1111903.125
COSG,2023-01-17,0.66,0.66,0.63,0.64,0,-0.005,-1,1300407,829871.313
COSG,2023-01-16,0.655,0.655,0.625,0.645,0.662,0.005,-1,1381367,883633.625
COSG,2023-01-15,0.665,0.665,0.63,0.64,-0.654,-0.01,-1,845148,544918.625
COSG,2023-01-12,0.675,0.675,0.645,0.65,-1.923,-0.01,-1,1142238,746969.688
COSG,2023-01-11,0.695,0.695,0.655,0.66,-3.704,-0.03,-1,2789872,1903672.875
COSG,2023-01-10,0.715,0.715,0.685,0.69,-2.994,-0.02,-1,1957457,1358957.25
COSG,2023-01-09,0.735,0.735,0.705,0.71,-1.765,-0.01,-1,1152938,827055.875
COSG,2023-01-05,0.74,0.74,0.715,0.72,0,0,-1,921107,665904.688
COSG,2023-01-04,0.745,0.745,0.71,0.72,-2.857,-0.025,-1,1981116,1437423.75
COSG,2023-01-03,0.745,0.745,0.715,0.745,2.941,0.025,-1,4105463,3005735.75
COSG,2023-01-02,0.735,0.735,0.715,0.72,1.19,0.005,-1,822039,592673.625
COSG,2022-12-29,0.805,0.805,0.69,0.715,3.681,0.025,-1,1304164,927881.688
COSG,2022-12-28,0.71,0.71,0.69,0.69,0,0,-1,1009012,699038.688
COSG,2022-12-27,0.705,0.705,0.69,0.69,1.227,0,-1,201831,141373.75
COSG,2022-12-26,0.71,0.71,0.69,0.69,-0.61,-0.005,-1,720684,499583.031
COSG,2022-12-25,0.715,0.715,0.685,0.695,-1.205,-0.01,-1,798038,555981.313
COSG,2022-12-22,0.725,0.725,0.69,0.705,-1.775,-0.01,-1,1293942,915697.063
COSG,2022-12-21,0.73,0.73,0.715,0.715,-1.17,-0.01,-1,806027,578693.563
COSG,2022-12-20,0.745,0.745,0.715,0.725,-1.156,-0.01,-1,1772034,1290154.25
COSG,2022-12-19,0.755,0.755,0.725,0.735,-2.26,-0.015,-1,1212525,890601.188
COSG,2022-12-18,0.77,0.77,0.725,0.75,0,0,-1,2717361,2025361.75
COSG,2022-12-15,0.775,0.775,0.71,0.75,5.988,0.04,-1,6598774,4894420.5
COSG,2022-12-14,0.72,0.72,0.69,0.71,1.829,0.015,-1,2567097,1836686.25
COSG,2022-12-13,0.72,0.72,0.68,0.695,1.863,0.01,-1,2698969,1881198.375
COSG,2022-12-12,0.705,0.705,0.68,0.685,-1.829,-0.01,-1,1661934,1140942.25
COSG,2022-12-11,0.715,0.715,0.69,0.695,-1.205,-0.01,-1,1482654,1038193.188
COSG,2022-12-08,0.72,0.72,0.695,0.705,-0.599,-0.005,-1,2182507,1540776.75
COSG,2022-12-07,0.735,0.735,0.705,0.71,-1.765,-0.01,-1,1537598,1096569.875
COSG,2022-12-06,0.745,0.745,0.715,0.72,-1.734,-0.015,-1,2768172,2012060.125
COSG,2022-12-05,0.745,0.745,0.73,0.735,-1.143,-0.01,-1,1996997,1469138
COSG,2022-12-04,0.75,0.75,0.735,0.745,1.156,0.01,-1,2334606,1740387.625
COSG,2022-12-01,0.745,0.745,0.725,0.735,1.744,0.005,-1,2176262,1596169.75
COSG,2022-11-30,0.75,0.75,0.725,0.73,-1.714,-0.015,-1,2015775,1476750
COSG,2022-11-29,0.755,0.755,0.735,0.745,-1.13,-0.005,-1,2626576,1951601.25
COSG,2022-11-28,0.775,0.775,0.745,0.75,-2.21,-0.02,-1,2954824,2235035
COSG,2022-11-27,0.775,0.775,0.75,0.77,2.26,0.02,-1,3888818,2971919.75
COSG,2022-11-24,0.765,0.765,0.745,0.75,0,0,-1,3487428,2626904
COSG,2022-11-23,0.765,0.765,0.745,0.75,-1.117,-0.01,-1,3569295,2695158.75
COSG,2022-11-22,0.77,0.77,0.74,0.76,-0.556,-0.005,-1,3691126,2782093.5
COSG,2022-11-21,0.805,0.805,0.75,0.765,-1.639,-0.01,-1,11029900,8514994
COSG,2022-11-20,0.825,0.825,0.695,0.775,9.581,0.065,-1,12913522,9733131
COSG,2022-11-17,0.735,0.735,0.695,0.71,-1.765,-0.01,-1,4963736,3538027.5
COSG,2022-11-16,0.745,0.745,0.7,0.72,-2.86,-0.025,-1,6987953,5065129.07
COSG,2022-11-15,0.805,0.805,0.72,0.745,-6.42,-0.05,-1,12077801,9178326.49
COSG,2022-11-14,0.8,0.8,0.69,0.795,10.651,0.08,-1,20711411,15376384
COSG,2022-11-13,0.715,0.715,0.66,0.715,19.858,0.115,-1,30697374,21727202
COSG,2022-11-10,0.6,0.6,0.6,0.6,-81.99,-2.73,-1,8460003,5062584.7
COSG,2022-11-03,2.66,2.66,2.66,3.33,-19.923,0,-1,9108,24237.94
COSG,2022-11-02,2.66,2.66,2.66,3.33,-19.923,0,-1,157,416.955
COSG,2022-11-01,2.66,2.66,2.66,3.33,-19.923,0,-1,503,1337.391
COSG,2022-10-31,2.66,2.66,2.66,3.33,-19.923,0,-1,7351,19561.773
COSG,2022-10-30,2.66,2.66,2.66,3.33,-19.923,0,-1,355,944.889
COSG,2022-10-27,2.66,2.66,2.66,3.33,-19.923,0,-1,22465,59781.316
COSG,2022-10-26,2.66,2.66,2.66,3.33,-19.923,0,-1,3906,10395.033
COSG,2022-10-25,2.66,2.66,2.66,3.33,-19.923,0,-1,628,1670.955
COSG,2022-10-24,2.66,2.66,2.66,3.33,-19.923,0,-1,50,133.551
COSG,2022-10-23,2.66,2.66,2.66,3.33,-19.923,0,-1,406,1080.948
COSG,2022-10-20,2.66,2.66,2.66,3.33,-19.923,0,-1,175,466.488
COSG,2022-10-19,2.66,2.66,2.66,3.33,-19.923,0,-1,6978,18567.979
COSG,2022-10-17,2.66,2.66,2.66,3.33,-19.923,0,-1,218,579.348
COSG,2022-10-16,2.66,2.66,2.66,3.33,-19.923,0,-1,174,463.98
COSG,2022-10-10,2.66,2.66,2.66,3.33,-19.923,0,-1,1393,3706.824
COSG,2022-10-09,2.66,2.66,2.66,3.33,-19.923,0,-1,666,1771.902
COSG,2022-10-04,2.66,2.66,2.66,3.33,-19.923,0,-1,662,1761.87
COSG,2022-10-02,2.66,2.66,2.66,3.33,-19.923,0,-1,417,1109.163
COSG,2022-09-29,2.66,2.66,2.66,3.33,-19.923,0,-1,1,3.762
COSG,2022-09-28,2.66,2.66,2.66,3.33,-19.923,0,-1,117,311.619
COSG,2022-09-27,2.66,2.66,2.66,3.33,-19.923,0,-1,3546,9436.977
COSG,2022-09-26,2.66,2.66,2.66,3.33,-19.923,0,-1,593,1576.905
COSG,2022-09-25,2.66,2.66,2.66,3.33,-19.923,0,-1,1614,4296.204
COSG,2022-09-22,2.66,2.66,2.66,3.33,-19.923,0,-1,1263,3360.093
COSG,2022-09-21,2.66,2.66,2.66,3.33,-19.923,0,-1,1100,2926.209
COSG,2022-09-20,2.66,2.66,2.66,3.33,-19.923,0,-1,2,6.27
COSG,2022-09-19,2.66,2.66,2.66,3.33,-19.923,0,-1,6303,16772.25
COSG,2022-09-18,2.66,2.66,2.66,3.33,-19.923,0,-1,1185,3153.81
COSG,2022-09-15,2.66,2.66,2.66,3.33,-19.923,0,-1,1033,2750.022
COSG,2022-09-14,2.66,2.66,2.66,3.33,-19.923,0,-1,1365,3632.838
COSG,2022-09-13,2.66,2.66,2.66,3.33,-19.923,0,-1,1418,3772.659
COSG,2022-09-12,2.66,2.66,2.66,3.33,-19.923,0,-1,3536,9410.016
COSG,2022-09-11,2.66,2.66,2.66,3.33,-19.923,0,-1,3096,8237.526
COSG,2022-09-08,2.66,2.66,2.66,3.33,-19.923,0,-1,819,2180.079
COSG,2022-09-07,2.66,2.66,2.66,3.33,-19.923,0,-1,203,541.101
COSG,2022-09-06,2.66,2.66,2.66,3.33,-19.923,0,-1,3096,8239.407
COSG,2022-09-05,2.66,2.66,2.66,3.33,-19.923,0,-1,5829,15511.98
COSG,2022-09-04,2.66,2.66,2.66,3.33,-19.923,0,-1,556,1479.093
COSG,2022-09-01,2.66,2.66,2.66,3.33,-19.923,0,-1,930,2474.769
COSG,2022-08-31,2.66,2.66,2.66,3.33,-19.923,0,-1,2765,7356.591
COSG,2022-08-30,2.66,2.66,2.66,3.33,-19.923,0,-1,1024,2723.688
COSG,2022-08-29,2.66,2.66,2.66,3.33,-19.923,0,-1,12800,34059.895
COSG,2022-08-28,2.66,2.66,2.66,3.33,-19.923,0,-1,552,1468.434
COSG,2022-08-25,2.66,2.66,2.66,3.33,-19.923,0,-1,52,138.567
COSG,2022-08-24,2.66,2.66,2.66,3.33,-19.923,0,-1,189,504.108
COSG,2022-08-23,2.66,2.66,2.66,3.33,-19.923,0,-1,35375,94134.016
COSG,2022-08-22,2.66,2.66,2.66,3.33,-19.923,0,-1,1169,3110.547
COSG,2022-08-21,2.66,2.66,2.66,3.33,-19.923,0,-1,590,1571.262
COSG,2022-08-18,2.66,2.66,2.66,3.33,-19.923,0,-1,1809,4814.733
COSG,2022-08-17,2.66,2.66,2.66,3.33,-19.923,0,-1,292,776.853
COSG,2022-08-15,2.66,2.66,2.66,3.33,-19.923,0,-1,1025,2727.45
COSG,2022-08-14,2.66,2.66,2.66,3.33,-19.923,0,-1,2308,6140.838
COSG,2022-08-11,2.66,2.66,2.66,3.33,-19.923,0,-1,3678,9786.216
COSG,2022-08-10,2.66,2.66,2.66,3.33,-19.923,0,-1,4696,12496.11
COSG,2022-08-09,2.66,2.66,2.66,3.33,-19.923,0,-1,2677,7123.974
COSG,2022-08-08,2.66,2.66,2.66,3.33,-19.923,0,-1,2850,7584.192
COSG,2022-08-07,2.66,2.66,2.66,3.33,-19.923,0,-1,707,1881
COSG,2022-08-04,2.66,2.66,2.66,3.33,-19.923,0,-1,42,112.233
COSG,2022-08-03,2.66,2.66,2.66,3.33,-19.923,0,-1,2781,7401.108
COSG,2022-08-02,2.66,2.66,2.66,3.33,-19.923,0,-1,739,1967.526
COSG,2022-07-31,2.66,2.66,2.66,3.33,-19.923,0,-1,4985,13264.185
COSG,2022-07-26,2.66,2.66,2.66,3.33,-19.923,0,-1,5404,14378.991
COSG,2022-07-24,2.66,2.66,2.66,3.33,-19.923,0,-1,139,369.303
COSG,2022-07-21,2.66,2.66,2.66,3.33,-19.923,0,-1,5803,15443.01
COSG,2022-07-20,2.66,2.66,2.66,3.33,-19.923,0,-1,17,45.771
COSG,2022-07-19,2.66,2.66,2.66,3.33,-19.923,0,-1,471,1254
COSG,2022-07-18,2.66,2.66,2.66,3.33,-19.923,0,-1,2441,6494.466
COSG,2022-07-07,2.66,2.66,2.66,3.33,-19.923,0,-1,7,18.81
COSG,2022-07-05,2.66,2.66,2.66,3.33,-19.923,0,-1,495,1316.7
COSG,2022-07-04,2.66,2.66,2.66,3.33,-19.923,0,-1,285,759.297
COSG,2022-07-03,2.66,2.66,2.66,3.33,-19.923,0,-1,12,31.35
COSG,2022-06-29,2.66,2.66,2.66,3.33,-19.923,0,-1,471,1254
COSG,2022-06-28,2.66,2.66,2.66,3.33,-19.923,0,-1,38,100.947
COSG,2022-06-27,2.66,2.66,2.66,3.33,-19.923,0,-1,1414,3762
COSG,2022-06-26,2.66,2.66,2.66,3.33,-19.923,0,-1,766,2037.75
COSG,2022-06-23,2.66,2.66,2.66,3.33,-19.923,0,-1,193,514.14
COSG,2022-06-22,2.66,2.66,2.66,3.33,-19.923,0,-1,82,219.45
COSG,2022-06-21,2.66,2.66,2.66,3.33,-19.923,0,-1,12,31.35
COSG,2022-06-20,2.66,2.66,2.66,3.33,0,0,-1,1178,3135
COSG,2022-06-19,2.66,2.66,2.66,3.33,-19.923,0,-1,143,379.962
COSG,2022-06-16,2.66,2.66,2.66,3.33,-19.923,0,-1,360,957.429
COSG,2022-06-15,2.66,2.66,2.66,3.33,0,0,-1,40,105.336
COSG,2022-06-14,2.66,2.66,2.66,3.33,0,0,-1,106,282.15
COSG,2022-06-13,2.66,2.66,2.66,3.33,0,0,-1,1738,4624.125
COSG,2022-06-12,2.66,2.66,2.66,3.33,-19.923,0,-1,3801,10115.391
COSG,2022-06-09,2.66,2.66,2.66,3.33,-19.923,0,-1,1361,3620.925
COSG,2022-06-08,2.66,2.66,2.66,3.33,-19.923,0,-1,30,80.256
COSG,2022-06-07,2.66,2.66,2.66,3.33,-19.923,0,-1,15,40.755
COSG,2022-06-06,2.66,2.66,2.66,3.33,-19.923,0,-1,1389,3696.792
COSG,2022-06-05,2.66,2.66,2.66,3.33,-19.923,0,-1,356,947.397
COSG,2022-06-02,2.66,2.66,2.66,3.33,-19.923,0,-1,253,674.025
COSG,2022-06-01,2.66,2.66,2.66,3.33,-19.923,0,-1,673,1790.085
COSG,2022-05-31,2.66,2.66,2.66,3.33,-19.923,0,-1,1447,3849.78
COSG,2022-05-30,2.66,2.66,2.66,3.33,-19.923,0,-1,24,62.7
COSG,2022-05-29,2.66,2.66,2.66,3.33,-19.923,0,-1,64,169.29
COSG,2022-05-26,2.66,2.66,2.66,3.33,-19.923,0,-1,2026,5392.2
COSG,2022-05-25,2.66,2.66,2.66,3.33,-19.923,0,-1,189,502.227
COSG,2022-05-24,2.66,2.66,2.66,3.33,-19.923,0,-1,518,1379.4
COSG,2022-05-23,2.66,2.66,2.66,3.33,-19.923,0,-1,259,689.7
COSG,2022-05-22,2.66,2.66,2.66,3.33,-19.923,0,-1,292,777.48
COSG,2022-05-19,2.66,2.66,2.66,3.33,-19.923,0,-1,148,392.502
COSG,2022-05-18,2.66,2.66,2.66,3.33,-19.923,0,-1,24,62.7
COSG,2022-05-17,2.66,2.66,2.66,3.33,-19.923,0,-1,201,534.831
COSG,2022-05-16,2.66,2.66,2.66,3.33,-19.923,0,-1,2344,6238.023
COSG,2022-05-15,2.66,2.66,2.66,3.33,-19.923,0,-1,80,213.18
COSG,2022-05-12,2.66,2.66,2.66,3.33,-19.923,0,-1,64,170.544
COSG,2022-05-11,2.66,2.66,2.66,3.33,-19.923,0,-1,2062,5486.25
COSG,2022-05-10,2.66,2.66,2.66,3.33,-19.923,0,-1,621,1652.145
COSG,2022-05-09,2.66,2.66,2.66,3.33,-19.923,0,-1,1491,3967.029
COSG,2022-05-08,2.66,2.66,2.66,3.33,-19.923,0,-1,4184,11133.639
COSG,2022-04-28,2.66,2.66,2.66,3.33,-19.923,0,-1,3039,8086.419
COSG,2022-04-27,2.66,2.66,2.66,3.33,-19.923,0,-1,266,706.629
COSG,2022-04-26,2.66,2.66,2.66,3.33,-19.923,0,-1,3826,10181.226
COSG,2022-04-21,2.66,2.66,2.66,3.33,-19.923,0,-1,2569,6834.927
COSG,2022-04-20,2.66,2.66,2.66,3.33,-19.923,0,-1,10173,27070.098
COSG,2022-04-19,3.16,3.16,3.16,3.33,-4.981,0,-1,97,306.528
COSG,2022-04-18,3.16,3.16,3.16,3.33,-4.981,0,-1,214,677.04
COSG,2022-04-17,3.16,3.16,3.16,3.33,-4.981,0,-1,24,75.144
COSG,2022-04-14,3.16,3.16,3.16,3.33,0,0,-1,106,334.8
COSG,2022-04-13,3.16,3.16,3.16,3.33,-4.981,0,-1,175,551.304
COSG,2022-04-12,3.16,3.16,3.16,3.33,-4.981,0,-1,161,508.896
COSG,2022-04-11,3.16,3.16,3.16,3.33,-4.981,0,-1,820,2589.12
COSG,2022-04-10,3.16,3.16,3.16,3.33,-4.981,0,-1,110,345.96
COSG,2022-04-07,3.16,3.16,3.16,3.33,-4.981,0,-1,250,788.64
COSG,2022-04-06,3.16,3.16,3.16,3.33,-4.981,0,-1,344,1087.728
COSG,2022-04-05,3.16,3.16,3.16,3.33,-4.981,0,-1,107,338.52
COSG,2022-04-04,3.16,3.16,3.16,3.33,-4.981,0,-1,344,1086.984
COSG,2022-04-03,3.16,3.16,3.16,3.33,-4.981,0,-1,18182,57412.246
COSG,2022-03-31,3.33,3.33,3.16,3.33,0,0,-1,2722,8593.983
COSG,2022-03-30,3.33,3.33,3.16,3.33,0,0,-1,1128,3563.055
COSG,2022-03-29,3.33,3.33,3.16,3.33,0,0,-1,94,298.383
COSG,2022-03-28,3.33,3.33,3.16,3.33,0,0,-1,1319,4163.463
COSG,2022-03-27,3.33,3.33,3.16,3.33,0,0,-1,3904,12325.887
COSG,2022-03-24,3.33,3.33,3.16,3.33,0,0,-1,3780,11935.287
COSG,2022-03-23,3.16,3.16,3.16,3.33,-4.981,0,-1,1811,5719.128
COSG,2022-03-22,3.33,3.33,3.33,3.33,-4.976,-0.17,-1,140862,468100.875
COSG,2022-03-21,3.5,3.5,3.5,3.5,-4.96,-0.18,-1,89240,312084.23
COSG,2022-03-20,3.68,3.68,3.5,3.68,0,0,-1,1133,3965.12
COSG,2022-03-17,3.68,3.68,3.5,3.68,0,0,-1,1932,6758.87
COSG,2022-03-16,3.68,3.68,3.5,3.68,0,0,-1,33,116.45
COSG,2022-03-07,3.68,3.68,3.5,3.68,0,0,-1,8,27.05
COSG,2022-03-03,3.68,3.68,3.5,3.68,0,0,-1,15,53.87
COSG,2022-03-02,3.68,3.68,3.5,3.68,0,0,-1,120,420.41
COSG,2022-03-01,3.68,3.68,3.68,3.68,0,0,-1,13,47
COSG,2022-02-28,3.5,3.5,3.5,3.68,-4.89,0,-1,277,969.99
COSG,2022-02-22,3.68,3.68,3.5,3.68,0,0,-1,4,13.64
COSG,2022-02-21,3.68,3.68,3.5,3.68,0,0,-1,1279,4474.7
COSG,2022-02-17,3.68,3.68,3.5,3.68,0,0,-1,3,9.17
COSG,2022-02-15,3.68,3.68,2.94,3.68,0,0,-1,353,1038.7
COSG,2022-02-14,3.68,3.68,2.94,3.68,0,0,-1,1317,3877.5
COSG,2022-02-13,3.68,3.68,2.94,3.68,0,0,-1,100,294.22
COSG,2022-02-10,3.68,3.68,2.94,3.68,0,0,-1,281,828.14
COSG,2022-02-09,3.68,3.68,2.94,3.68,0,0,-1,10211,30047.7
COSG,2022-02-07,3.68,3.68,2.94,3.68,0,0,-1,3298,9705.5
COSG,2022-02-06,3.68,3.68,2.94,3.68,0,0,-1,2589,7618.7
COSG,2022-02-03,3.68,3.68,2.94,3.68,0,0,-1,602,1772.84
COSG,2022-02-01,3.68,3.68,2.94,3.68,0,0,-1,512,1508.7
COSG,2022-01-31,3.68,3.68,2.94,3.68,0,0,-1,5113,15044.7
COSG,2022-01-30,3.68,3.68,2.94,3.68,0,0,-1,998,2937.5
COSG,2022-01-26,3.68,3.68,2.94,3.68,0,0,-1,1024,3012.7
COSG,2022-01-24,3.68,3.68,2.94,3.68,0,0,-1,553,1629.02
COSG,2022-01-23,3.68,3.68,2.94,3.68,0,0,-1,754,2219.34
COSG,2022-01-18,3.68,3.68,2.94,3.68,0,0,-1,1328,3907.58
COSG,2022-01-17,3.68,3.68,2.94,3.68,0,0,-1,119,350.62
COSG,2022-01-16,3.68,3.68,2.94,3.68,0,0,-1,2281,6712.54
COSG,2022-01-13,3.68,3.68,3.68,3.68,0,0,-1,1,4.7
COSG,2022-01-12,3.68,3.68,2.94,3.68,0,0,-1,681,2005.02
COSG,2022-01-11,0.49,0.49,0.49,0.61,-19.923,0,-1,2725,1337.391
COSG,2022-01-10,3.68,3.68,2.94,3.68,0,0,-1,10075,29648.54
COSG,2022-01-09,3.68,3.68,2.94,3.68,0,0,-1,5671,16687.82
COSG,2022-01-05,3.68,3.68,2.94,3.68,0,0,-1,34915,102739.18
COSG,2022-01-03,3.68,3.68,2.94,3.68,0,0,-1,5436,15995.98
COSG,2022-01-02,3.68,3.68,2.94,3.68,0,0,-1,6938,20417.74
COSG,2021-12-30,3.68,3.68,2.94,3.68,0,0,-1,9618,28302.47
COSG,2021-12-29,3.68,3.68,2.94,3.68,0,0,-1,1860,5479.26
COSG,2021-12-28,3.68,3.68,2.94,3.68,0,0,-1,3847,11322.3
COSG,2021-12-27,3.68,3.68,2.94,3.68,0,0,-1,28183,82931.5
COSG,2021-12-26,3.68,3.68,2.94,3.68,0,0,-1,38002,111823.34
COSG,2021-12-23,3.68,3.68,2.94,3.68,0,0,-1,16420,48316.94
COSG,2021-12-22,3.68,3.68,2.94,3.68,0,0,-1,52721,155135.72
COSG,2021-12-21,3.68,3.68,2.94,3.68,0,0,-1,406,1196.62
COSG,2021-12-19,3.68,3.68,2.94,3.68,0,0,-1,13035,38356.7
COSG,2021-12-15,3.68,3.68,2.94,3.68,0,0,-1,2975,8754.22
COSG,2021-12-13,3.68,3.68,2.94,3.68,0,0,-1,1113,3275.9
COSG,2021-12-12,3.68,3.68,2.94,3.68,0,0,-1,8334,24523.66
COSG,2021-12-09,3.68,3.68,2.94,3.68,0,0,-1,5446,16026.06
COSG,2021-12-07,3.68,3.68,2.94,3.68,0,0,-1,19671,57932.38
COSG,2021-12-06,3.68,3.68,2.94,3.68,0,0,-1,13846,40744.3
COSG,2021-12-05,3.68,3.68,2.94,3.68,0,0,-1,6358,18710.7
COSG,2021-12-02,3.68,3.68,2.94,3.68,0,0,-1,13739,40428.46
COSG,2021-12-01,3.68,3.68,2.94,3.68,0,0,-1,45,132.54
COSG,2021-11-30,3.68,3.68,2.94,3.68,0,0,-1,16864,49625.42
COSG,2021-11-29,3.68,3.68,2.94,3.68,0,0,-1,10479,30836.7
COSG,2021-11-28,3.68,3.68,2.94,3.68,0,0,-1,5496,16172.7
COSG,2021-11-25,3.68,3.68,2.94,3.68,0,0,-1,31269,92011.9
COSG,2021-11-24,3.68,3.68,2.94,3.68,0,0,-1,55969,164692.7
COSG,2021-11-23,3.68,3.68,2.94,3.68,0,0,-1,2621,7712.7
COSG,2021-11-22,3.68,3.68,2.94,3.68,0,0,-1,31372,92316.46
COSG,2021-11-21,3.68,3.68,2.94,3.68,0,0,-1,5415,15945.22
COSG,2021-11-18,3.68,3.68,2.94,3.68,0,0,-1,22790,67069.94
COSG,2021-11-17,3.68,3.68,2.94,3.68,0,0,-1,26908,79179.02
COSG,2021-11-16,2.94,2.94,2.94,3.68,-20,0,-1,21866,64341.12
COSG,2021-11-15,4.67,4.67,3.68,3.68,-19.93,-0.91,-1,1387115,6051483
COSG,2021-11-14,4.88,4.88,4.37,4.59,-5.48,-0.29,-1,2367151,11060427.45
COSG,2021-11-11,4.97,4.97,4.76,4.88,0.65,0.04,-1,960814,4668916.24
COSG,2021-11-10,5.3,5.3,4.8,4.84,-3.89,-0.16,-1,841501,4238003.71
COSG,2021-11-09,5.35,5.35,4.84,5,1.9,0.07,-1,957252,4777983.2
COSG,2021-11-08,5.25,5.25,4.84,4.93,1.78,0.09,-1,1372796,6792993.71
COSG,2021-11-07,5,5,4.8,4.84,-4.18,-0.21,-1,449179,2193270.56
COSG,2021-11-04,5.45,5.45,4.71,5.05,0.47,0,-1,1476427,7351468
COSG,2021-11-03,5.2,5.2,4.8,5.05,-3.44,-0.15,-1,797903,4074700.75
COSG,2021-11-02,5.35,5.35,5,5.2,-1.76,-0.15,-1,544919,2856736.75
COSG,2021-11-01,5.4,5.4,5.2,5.35,-0.73,-0.05,-1,353569,1880434.25
COSG,2021-10-31,5.55,5.55,5.35,5.4,-0.86,-0.05,-1,265086,1432559.25
COSG,2021-10-28,5.55,5.55,5.25,5.45,3.4,0.15,-1,1259280,6868688.5
COSG,2021-10-27,5.55,5.55,5.2,5.3,-1.17,-0.05,-1,599022,3174268.75
COSG,2021-10-26,5.45,5.45,5,5.35,5.17,0.2,-1,968624,5144498
COSG,2021-10-25,5.4,5.4,4.93,5.15,-2.32,-0.25,-1,875150,4525550
COSG,2021-10-24,5.6,5.6,5.25,5.4,-1.29,-0.05,-1,351942,1892710.38
COSG,2021-10-20,5.75,5.75,5.35,5.45,-3.05,-0.2,-1,565454,3096310.25
COSG,2021-10-19,5.75,5.75,5.45,5.65,2.12,0.15,-1,866240,4852411
COSG,2021-10-18,5.7,5.7,5.45,5.5,-0.42,-0.05,-1,507726,2805044.82
COSG,2021-10-17,5.8,5.8,5.5,5.55,-1.12,-0.05,-1,117425,655040.63
COSG,2021-10-14,5.7,5.7,5.55,5.6,0.7,0.05,-1,275372,1544399.84
COSG,2021-10-13,6.05,6.05,5.55,5.55,-3,-0.2,-1,395781,2264564
COSG,2021-10-12,5.85,5.85,5.55,5.75,3.38,0.2,-1,1572330,8895770.88
COSG,2021-10-11,5.65,5.65,5.45,5.55,-0.420757,0,-1,711629,3935792.66
COSG,2021-10-10,5.75,5.75,5.5,5.55,-1.95,-0.05,-1,640462,3575300
COSG,2021-10-06,5.75,5.75,5.6,5.6,-1.51,-0.1,-1,348840,1963909.5
COSG,2021-10-05,5.75,5.75,5.55,5.7,0.28,0,-1,649475,3682895.95
COSG,2021-10-04,5.75,5.75,5.65,5.7,0.14,-0.05,-1,306289,1742514.88
COSG,2021-10-03,5.85,5.85,5.7,5.75,-1.34,-0.05,-1,222684,1277548
COSG,2021-09-30,5.9,5.9,5.7,5.8,0.67,0,-1,325057,1887813.75
COSG,2021-09-29,6,6,5.75,5.8,-0.27,-0.05,-1,695545,4060327.25
COSG,2021-09-28,5.9,5.9,5.75,5.85,0,0,-1,235936,1377890.12
COSG,2021-09-27,6.05,6.05,5.8,5.85,-1.06,-0.05,-1,454044,2671114.5
COSG,2021-09-26,6.15,6.15,5.85,5.9,-0.4,-0.05,-1,489704,2910796.7
COSG,2021-09-23,6.3,6.3,5.55,5.95,4.84,0.3,-1,1081266,6323467.6
COSG,2021-09-22,5.75,5.75,5.6,5.65,0.56,0,-1,948522,5324835.52
COSG,2021-09-21,5.7,5.7,5.6,5.65,-0.27,-0.05,-1,407206,2291801.75
COSG,2021-09-20,5.85,5.85,5.65,5.7,-1.09,-0.05,-1,266760,1526682.88
COSG,2021-09-19,5.9,5.9,5.7,5.75,-0.27,-0.05,-1,307830,1775702.5
COSG,2021-09-16,5.95,5.95,5.7,5.8,1.64,0.05,-1,638886,3691269.91
COSG,2021-09-15,5.8,5.8,5.65,5.75,-0.41,0,-1,512900,2946797.55
COSG,2021-09-14,5.75,5.75,5.45,5.75,5,0.3,-1,1707260,9659842.5
COSG,2021-09-13,5.5,5.5,5.35,5.45,3.09,0.15,-1,711256,3875065.84
COSG,2021-09-12,5.45,5.45,5.2,5.3,1.04,0.05,-1,300160,1594070.5
COSG,2021-09-09,5.5,5.5,5.2,5.25,-1.6,-0.1,-1,680998,3636267.1
COSG,2021-09-08,5.45,5.45,5.2,5.35,-0.15,-0.05,-1,455702,2433997.74
COSG,2021-09-07,5.45,5.45,5.25,5.4,0.15,0.05,-1,558942,2978231.82
COSG,2021-09-06,5.45,5.45,5.25,5.35,0.44,0,-1,291952,1562866.12
COSG,2021-09-05,1.32,1.32,1.25,1.26,-2.29,-0.03,-1,2849041,3654866.25
COSG,2021-09-02,1.31,1.31,1.28,1.29,1.14,0,-1,2086176,2690134
COSG,2021-09-01,1.31,1.31,1.28,1.29,0.14,-0.01,-1,1567931,2030548.75
COSG,2021-08-31,1.33,1.33,1.27,1.3,3.45,0.02,-1,2107907,2740195.75
COSG,2021-08-30,1.31,1.31,1.25,1.28,2.75,0.01,-1,2416762,3097352.25
COSG,2021-08-29,1.31,1.31,1.26,1.27,0,-0.01,-1,1599238,2038426.88
COSG,2021-08-26,1.29,1.29,1.25,1.28,-0.57,0,-1,5915888,7546309.5
COSG,2021-08-25,1.33,1.33,1.27,1.28,0.14,0,-1,27244085,34985976
COSG,2021-08-24,1.29,1.29,1.26,1.28,-1,-0.01,-1,12423374,15952400
COSG,2021-08-23,1.31,1.31,1.27,1.29,-0.43,0,-1,7688247,9879524
COSG,2021-08-22,1.31,1.31,1.28,1.29,-0.99,-0.01,-1,6783141,8785720
COSG,2021-08-19,1.31,1.31,1.29,1.3,0.57,0.01,-1,2849648,3701578.25
COSG,2021-08-18,1.3,1.3,1.27,1.29,1.6,0.02,-1,4517944,5806137
COSG,2021-08-17,1.28,1.28,1.26,1.27,0,-0.01,-1,1843580,2342439.75
COSG,2021-08-16,1.29,1.29,1.27,1.28,0,-0.01,-1,993540,1272644
COSG,2021-08-15,1.3,1.3,1.27,1.29,-0.85,-0.01,-1,2127202,2744780.25
COSG,2021-08-11,1.32,1.32,1.29,1.3,0.14,0,-1,2783335,3625492.25
COSG,2021-08-10,1.31,1.31,1.29,1.3,1.14,0.01,-1,1740238,2261024.25
COSG,2021-08-09,1.32,1.32,1.26,1.29,-2.51,-0.03,-1,3159436,4090836
COSG,2021-08-08,1.44,1.44,1.29,1.32,1.27,0.01,-1,8186699,10842345
COSG,2021-08-05,1.35,1.35,1.22,1.31,0.28,0.01,-1,2542317,3322066.26
COSG,2021-08-04,1.34,1.34,1.28,1.3,4.02,0.02,-1,4990744,6509206
COSG,2021-08-03,1.31,1.31,1.25,1.28,-0.28,-0.01,-1,2516736,3229200.5
COSG,2021-08-02,1.31,1.31,1.28,1.29,-0.84,-0.02,-1,2516009,3256197.75
COSG,2021-08-01,1.33,1.33,1.29,1.31,-0.42,0,-1,9216064,12112851
COSG,2021-07-29,1.34,1.34,1.3,1.31,2.4,0,-1,14907290,19597978
COSG,2021-07-28,1.31,1.31,1.29,1.31,0.85,0.01,-1,3525401,4599863
COSG,2021-07-27,1.32,1.32,1.27,1.3,-0.57,0,-1,3724011,4833620.5
COSG,2021-07-26,1.32,1.32,1.29,1.3,0.14,-0.01,-1,1871059,2440947
COSG,2021-07-25,1.34,1.34,1.31,1.31,-0.83,-0.02,-1,1647596,2163005.75
COSG,2021-07-18,1.37,1.37,1.3,1.33,1.84,0.03,-1,3168151,4208989
COSG,2021-07-15,1.35,1.35,1.25,1.3,7.02,0.04,-1,4803604,6260683
COSG,2021-07-14,1.29,1.29,1.24,1.26,3.66,0.05,-1,2402103,3029332
COSG,2021-07-13,1.27,1.27,1.16,1.21,8.1,0.05,-1,4734574,5725190
COSG,2021-07-12,1.19,1.19,1.16,1.16,2.74,0.01,-1,3074044,3572813
COSG,2021-07-11,1.2,1.2,1.11,1.15,1.95,0.02,-1,5447421,6237502
COSG,2021-07-08,1.16,1.16,1.11,1.13,-0.48,-0.02,-1,2848368,3229535.75
COSG,2021-07-07,1.18,1.18,1.13,1.15,0,0,-1,1832111,2105286.75
COSG,2021-07-06,1.17,1.17,1.13,1.15,-0.63,-0.02,-1,2421507,2776916.25
COSG,2021-07-05,1.19,1.19,1.16,1.17,-0.46,-0.02,-1,2095493,2459021
COSG,2021-07-04,1.21,1.21,1.18,1.19,0.94,0.01,-1,937650,1116508.75
COSG,2021-06-30,1.22,1.22,1.17,1.18,2.81,0,-1,3532430,4176779
COSG,2021-06-29,1.2,1.2,1.17,1.18,-1.69,-0.02,-1,1256570,1485123.88
COSG,2021-06-28,1.22,1.22,1.18,1.2,-0.77,0,-1,4827959,5792369
COSG,2021-06-27,1.24,1.24,1.16,1.2,4.39,0.02,-1,5763050,6893476.5
COSG,2021-06-24,1.23,1.23,1.15,1.18,4.33,0.03,-1,4040257,4750503.5
COSG,2021-06-23,1.18,1.18,1.13,1.15,5.71,0.05,-1,3852765,4426165
COSG,2021-06-22,1.14,1.14,1.05,1.1,7.71,0.05,-1,12203116,13396544
COSG,2021-06-21,1.07,1.07,1.03,1.05,2.3,0.01,-1,1836888,1934145.63
COSG,2021-06-20,1.05,1.05,1.03,1.04,-0.35,-0.01,-1,565627,587798.63
COSG,2021-06-17,1.06,1.06,1.04,1.05,0.88,0,-1,1589005,1667376.88
COSG,2021-06-16,1.07,1.07,1.03,1.05,-0.17,-0.01,-1,1885956,1981122.13
COSG,2021-06-15,1.09,1.09,1.05,1.06,-1.03,-0.02,-1,870133,921881.06
COSG,2021-06-14,1.11,1.11,1.03,1.08,3.66,0.02,-1,2067450,2221614.5
COSG,2021-06-13,1.08,1.08,1.03,1.06,-4.43,-0.02,-1,1160132,1227937.25
COSG,2021-06-10,1.09,1.09,1.07,1.08,0.51,0,-1,2117918,2290791.5
COSG,2021-06-09,1.09,1.09,1.07,1.08,0.85,0,-1,922894,998843.81
COSG,2021-06-08,1.11,1.11,1.07,1.08,-2.03,-0.01,-1,1637276,1765107
COSG,2021-06-07,1.12,1.12,1.07,1.09,-2.13,-0.03,-1,1385542,1513294.25
COSG,2021-06-06,1.18,1.18,1.11,1.12,3.55,0.03,-1,4086798,4589670
COSG,2021-06-03,1.18,1.18,1.05,1.09,8.06,0.01,-1,5291703,5778626.5
COSG,2021-06-02,1.1,1.1,1.05,1.08,2.62,0.03,-1,2737911,2941532.25
COSG,2021-06-01,1.09,1.09,1.01,1.05,8.46,0.05,-1,5153539,5432229
COSG,2021-05-31,1.04,1.04,1,1,1.82,-0.01,-1,1588186,1594147.38
COSG,2021-05-30,1.03,1.03,1,1.01,-3.23,-0.02,-1,9008224,9104184
COSG,2021-05-27,1.06,1.06,1.02,1.03,0,0,-1,1577183,1621460.5
COSG,2021-05-26,1.05,1.05,1.02,1.03,-1.25,-0.01,-1,2462598,2542356.75
COSG,2021-05-25,1.06,1.06,1.02,1.04,0.18,-0.01,-1,2376148,2461184
COSG,2021-05-24,1.09,1.09,1.03,1.05,-1.37,-0.03,-1,3737248,3922524.5
COSG,2021-05-23,1.1,1.1,1.06,1.08,0.34,0.01,-1,1471351,1581720.5
COSG,2021-05-20,1.09,1.09,1.07,1.07,-0.34,-0.01,-1,1534845,1646216.75
COSG,2021-05-19,1.11,1.11,1.07,1.08,-1.51,-0.02,-1,3274291,3548683
COSG,2021-05-18,1.12,1.12,1.09,1.1,-1.16,-0.01,-1,4889490,5393252.5
COSG,2021-05-17,1.13,1.13,1.1,1.11,4.87,0.05,-1,7578506,8442904
COSG,2021-05-11,1.11,1.11,1.01,1.06,11.67,0.06,-1,9866551,10468704
COSG,2021-05-10,1,1,0.99,1,1.3,0.01,-1,4112249,4095880
COSG,2021-05-09,1,1,0.98,0.99,0.93,0,-1,9375415,9295457
COSG,2021-05-06,1.02,1.02,0.98,0.99,-2.03,-0.01,-1,12668535,12544569
COSG,2021-05-05,1.01,1.01,0.96,1,-0.36,-0.01,-1,2109078,2112082.25
COSG,2021-05-04,1.04,1.04,1,1.01,3.48,0,-1,2359879,2394507.5
COSG,2021-04-28,1.03,1.03,0.99,1.01,1.11,0.01,-1,1594580,1604735.38
COSG,2021-04-27,1.01,1.01,0.99,1,0,0.01,-1,11043749,11000961
COSG,2021-04-26,1,1,0.98,0.99,-0.37,0,-1,8677916,8595110
COSG,2021-04-25,1.01,1.01,0.97,0.99,1.49,0,-1,3797531,3774240
COSG,2021-04-22,1.01,1.01,0.98,0.99,-0.73,-0.01,-1,1246858,1237836.5
COSG,2021-04-21,1.01,1.01,0.99,1,-0.18,-0.01,-1,772040,775945.75
COSG,2021-04-20,1.06,1.06,0.99,1.01,4.52,0.03,-1,1766350,1786540.63
COSG,2021-04-19,1.04,1.04,0.94,0.98,9.94,0.03,-1,4092883,4008732.5
COSG,2021-04-18,0.96,0.96,0.92,0.95,3.45,0.04,-1,1266831,1199390.75
COSG,2021-04-15,0.93,0.93,0.87,0.91,2.25,0.01,-1,1804681,1639164.5
COSG,2021-04-14,0.94,0.94,0.85,0.9,-1.19,-0.03,-1,3274427,2952421
COSG,2021-04-13,0.95,0.95,0.92,0.93,-0.59,-0.01,-1,555399,515697.78
COSG,2021-04-12,0.96,0.96,0.93,0.94,1.96,0,-1,1238577,1161896.75
COSG,2021-04-11,0.96,0.96,0.93,0.94,1.19,0.01,-1,865002,811141.31
COSG,2021-04-08,0.95,0.95,0.92,0.93,1.8,0.01,-1,1949135,1809785.5
COSG,2021-04-07,0.94,0.94,0.92,0.92,-0.2,0,-1,944293,871263.5
COSG,2021-04-06,0.94,0.94,0.91,0.92,0.6,0,-1,857394,792349.25
COSG,2021-04-05,0.95,0.95,0.91,0.92,0.2,-0.01,-1,1366263,1261018.38
COSG,2021-04-04,0.94,0.94,0.93,0.93,-0.59,-0.01,-1,271051,252690.38
COSG,2021-04-01,0.95,0.95,0.94,0.94,0,-0.01,-1,195773,184758
COSG,2021-03-31,1,1,0.94,0.95,1.96,0.01,-1,883690,838496.5
COSG,2021-03-30,0.97,0.97,0.92,0.94,5.39,0.02,-1,3295457,3099010
COSG,2021-03-29,0.96,0.96,0.91,0.92,0.6,-0.01,-1,1424697,1317189.88
COSG,2021-03-28,0.95,0.95,0.92,0.93,0.99,0,-1,1702082,1582609.88
COSG,2021-03-25,0.96,0.96,0.9,0.93,1.76,-0.01,-1,1172957,1091247.88
COSG,2021-03-24,0.98,0.98,0.91,0.94,-0.8,0.02,-1,1430266,1344595.13
COSG,2021-03-23,0.99,0.99,0.89,0.92,3.38,-0.01,-1,4714595,4342390
COSG,2021-03-22,1,1,0.89,0.93,-1.95,-0.02,-1,4187738,3881889
COSG,2021-03-21,0.98,0.98,0.94,0.95,0,-0.01,-1,1195083,1132247.63
COSG,2021-03-18,0.98,0.98,0.96,0.96,0.57,-0.01,-1,1011268,975671.25
COSG,2021-03-17,0.99,0.99,0.95,0.97,0.19,0,-1,1948056,1883837.75
COSG,2021-03-16,0.98,0.98,0.95,0.97,3.11,0.02,-1,4424065,4275433
COSG,2021-03-15,0.99,0.99,0.93,0.95,-2.06,-0.03,-1,3157570,2999409
COSG,2021-03-14,1.02,1.02,0.96,0.98,1.9,0.01,-1,1834855,1801863.5
COSG,2021-03-11,0.98,0.98,0.96,0.97,1.15,0,-1,1357402,1313455.75
COSG,2021-03-10,0.98,0.98,0.96,0.97,0.19,0,-1,1359614,1313651.5
COSG,2021-03-09,0.99,0.99,0.96,0.97,0.19,0,-1,6059193,5885689.5
COSG,2021-03-08,1,1,0.96,0.97,0.94,-0.01,-1,9419380,9154179
COSG,2021-03-07,1.01,1.01,0.96,0.98,-2.79,-0.01,-1,2597399,2542553.25
COSG,2021-03-04,1.01,1.01,0.98,0.99,-1.09,-0.03,-1,2569324,2549594.75
COSG,2021-03-03,1.05,1.05,0.99,1.02,-2.83,-0.02,-1,4271817,4340635.5
COSG,2021-03-02,1.07,1.07,1.01,1.04,2.7,0.02,-1,18429383,19186432
COSG,2021-03-01,1.05,1.05,0.98,1.02,3.38,0.02,-1,3012194,3082062.75
COSG,2021-02-28,1.03,1.03,0.98,1,3.91,0.01,-1,2698848,2695663.25
COSG,2021-02-25,1,1,0.97,0.99,2.34,0.03,-1,1788802,1763051.5
COSG,2021-02-24,0.98,0.98,0.93,0.96,4.35,0.02,-1,2452912,2362550
COSG,2021-02-23,0.98,0.98,0.92,0.94,3.27,0.04,-1,3131718,2932504.75
COSG,2021-02-22,0.92,0.92,0.89,0.9,3.34,0.01,-1,3624785,3268570.5
COSG,2021-02-21,0.91,0.91,0.87,0.89,1.27,0,-1,284766,253250.7
COSG,2021-02-18,0.89,0.89,0.87,0.89,1.15,0.01,-1,582059,517228.5
COSG,2021-02-17,0.91,0.91,0.88,0.88,0.58,-0.01,-1,1215908,1074623.13
COSG,2021-02-16,0.91,0.91,0.87,0.89,2.99,0.01,-1,511396,454718.59
COSG,2021-02-15,0.9,0.9,0.88,0.88,0.31,-0.01,-1,440625,388910.19
COSG,2021-02-14,0.9,0.9,0.89,0.89,0.14,-0.01,-1,1211082,1079685.63
COSG,2021-02-11,0.92,0.92,0.89,0.9,1,-0.01,-1,1015417,914302.25
COSG,2021-02-10,0.92,0.92,0.9,0.91,1.54,0.01,-1,968019,878391.69
COSG,2021-02-09,0.92,0.92,0.87,0.9,4.34,0.02,-1,1789398,1611491
COSG,2021-02-08,0.92,0.92,0.87,0.88,-2,-0.03,-1,3814375,3367803.75
COSG,2021-02-07,0.95,0.95,0.9,0.91,-0.55,0,-1,1840863,1678881.38
COSG,2021-02-04,0.93,0.93,0.86,0.91,8.95,0.05,-1,7728210,6992430
COSG,2021-02-03,0.87,0.87,0.83,0.86,1.78,0,-1,1711523,1462707.75
COSG,2021-02-02,0.87,0.87,0.85,0.86,0.24,0,-1,4676211,4015925.75
COSG,2021-02-01,0.88,0.88,0.85,0.86,0.67,0,-1,1704636,1464358
COSG,2021-01-31,0.88,0.88,0.83,0.86,3.22,0.01,-1,979516,840896.38
COSG,2021-01-27,0.87,0.87,0.82,0.85,5.34,0.03,-1,2309255,1956844.38
COSG,2021-01-26,0.84,0.84,0.81,0.82,1.16,-0.01,-1,1686197,1385783.63
COSG,2021-01-25,0.84,0.84,0.82,0.83,1.22,0,-1,648058,536968
COSG,2021-01-24,0.85,0.85,0.83,0.83,1.2,0,-1,1442972,1201436.13
COSG,2021-01-21,0.85,0.85,0.81,0.83,4.44,0.02,-1,7373541,6140176.5
COSG,2021-01-20,0.83,0.83,0.8,0.81,2.87,0.01,-1,2179047,1765639.25
COSG,2021-01-19,0.82,0.82,0.8,0.8,1.13,0,-1,3981135,3200729.25
COSG,2021-01-18,0.81,0.81,0.78,0.8,1.75,0.01,-1,4888904,3922511.75
COSG,2021-01-17,0.8,0.8,0.78,0.79,1.17,0,-1,1882187,1483559.13
COSG,2021-01-14,0.79,0.79,0.77,0.79,1.75,0.01,-1,520507,409827.47
COSG,2021-01-13,0.79,0.79,0.77,0.78,2.99,0.01,-1,3713994,2890942.25
COSG,2021-01-12,0.78,0.78,0.77,0.77,-0.19,0,-1,413455,318209.97
COSG,2021-01-11,0.79,0.79,0.77,0.77,-0.12,0,-1,1536629,1190877.63
COSG,2021-01-10,0.79,0.79,0.77,0.77,-0.76,-0.01,-1,1120408,867702.38
COSG,2021-01-06,0.78,0.78,0.77,0.78,0.88,0.01,-1,160415,125176.36
COSG,2021-01-05,0.79,0.79,0.77,0.77,-0.79,-0.02,-1,375494,290984.06
COSG,2021-01-04,0.79,0.79,0.77,0.79,-1.23,0,-1,97941,76364.41
COSG,2021-01-03,0.8,0.8,0.76,0.79,-2.78,0,-1,198159,157052.56
COSG,2020-12-31,0.8,0.8,0.79,0.79,-0.37,-0.01,-1,474140,376846.22
COSG,2020-12-30,0.81,0.81,0.78,0.8,5.61,0.04,-1,1668247,1330651
COSG,2020-12-29,0.78,0.78,0.74,0.76,5.08,0.02,-1,3698159,2808565
COSG,2020-12-28,0.75,0.75,0.74,0.74,0,0,-1,540464,402086.66
COSG,2020-12-27,0.75,0.75,0.73,0.74,-1.19,0,-1,498923,367890.97
COSG,2020-12-24,0.75,0.75,0.73,0.74,2.98,0.01,-1,2227908,1654868.13
COSG,2020-12-23,0.75,0.75,0.72,0.73,1.12,0.01,-1,1248338,910242.31
COSG,2020-12-22,0.74,0.74,0.7,0.72,3.87,0.02,-1,1423829,1028049.94
COSG,2020-12-21,0.77,0.77,0.67,0.7,-3.33,-0.02,-1,2392662,1663476.88
COSG,2020-12-20,0.74,0.74,0.69,0.72,9.47,0.05,-1,3762260,2705311.75
COSG,2020-12-17,0.7,0.7,0.67,0.67,4.1,0,-1,2645973,1782726.13
COSG,2020-12-16,0.68,0.68,0.67,0.67,2.12,0.02,-1,2341847,1568180
COSG,2020-12-15,0.67,0.67,0.63,0.65,5.46,0.01,-1,2857962,1865684.63
COSG,2020-12-14,0.66,0.66,0.64,0.64,1.58,0,-1,898550,573207.88
COSG,2020-12-13,0.66,0.66,0.64,0.64,0.45,-0.01,-1,192682,123961.49
COSG,2020-12-10,0.66,0.66,0.64,0.65,1.13,0,-1,918452,598453.06
COSG,2020-12-09,0.67,0.67,0.65,0.65,-0.61,-0.01,-1,1136514,744779.75
COSG,2020-12-08,0.67,0.67,0.66,0.66,-0.66,-0.01,-1,2619834,1734172.88
COSG,2020-12-07,0.68,0.68,0.65,0.67,2.53,0.01,-1,2626233,1754510.13
COSG,2020-12-06,0.68,0.68,0.65,0.66,2.15,0.01,-1,1507453,999922.81
COSG,2020-12-03,0.72,0.72,0.65,0.65,4.09,0,-1,31379279,20446090
COSG,2020-12-02,0.67,0.67,0.64,0.65,-0.17,0,-1,908094,589868.75
COSG,2020-12-01,0.65,0.65,0.64,0.65,0.68,0,-1,893018,576430.63
COSG,2020-11-30,0.66,0.66,0.64,0.65,0.77,0.01,-1,272238,176630.83
COSG,2020-11-29,0.66,0.66,0.64,0.64,0.95,0,-1,404833,260415.56
COSG,2020-11-26,0.68,0.68,0.63,0.64,-0.48,-0.01,-1,1711089,1093759.75
COSG,2020-11-25,0.68,0.68,0.64,0.65,2.31,0.01,-1,1513255,978457.44
COSG,2020-11-24,0.68,0.68,0.64,0.64,4.54,0,-1,30630732,19600570
COSG,2020-11-23,0.66,0.66,0.64,0.64,0.26,0,-1,28538997,18197674
COSG,2020-11-22,0.67,0.67,0.63,0.64,-0.72,0,-1,1009072,643157.19
COSG,2020-11-19,0.65,0.65,0.62,0.64,3.89,0.02,-1,3374293,2164193.75
COSG,2020-11-18,0.63,0.63,0.62,0.62,0.03,0,-1,967368,600886.13
COSG,2020-11-17,0.63,0.63,0.62,0.62,1.07,0,-1,912162,564989.44
COSG,2020-11-16,0.64,0.64,0.62,0.62,-0.47,0,-1,512589,317537.63
COSG,2020-11-15,0.64,0.64,0.62,0.62,-0.18,-0.01,-1,481352,299647.5
COSG,2020-11-12,0.64,0.64,0.62,0.63,1.26,0,-1,1491075,935811.38
COSG,2020-11-11,0.65,0.65,0.63,0.63,-0.69,-0.01,-1,1611250,1011454.75
COSG,2020-11-10,0.66,0.66,0.64,0.64,-0.72,0,-1,840685,538203.19
COSG,2020-11-09,0.66,0.66,0.63,0.64,-1.06,0,-1,2540549,1632419.25
COSG,2020-11-08,0.66,0.66,0.63,0.64,4.59,0.01,-1,375928,241089
COSG,2020-11-05,0.65,0.65,0.62,0.63,4.64,0.01,-1,2332140,1470748.5
COSG,2020-11-04,0.64,0.64,0.62,0.62,-1.29,-0.01,-1,1052131,656255.06
COSG,2020-11-03,0.64,0.64,0.62,0.63,1.44,0,-1,1395249,878409.88
COSG,2020-11-02,0.66,0.66,0.62,0.63,-0.61,-0.01,-1,2026116,1268695.5
COSG,2020-11-01,0.68,0.68,0.63,0.64,1.43,0.01,-1,878267,561954.81
COSG,2020-10-28,0.66,0.66,0.63,0.63,-2.32,-0.01,-1,2299764,1455117.25
COSG,2020-10-27,0.7,0.7,0.63,0.64,0.17,0,-1,1330877,856709
COSG,2020-10-26,0.67,0.67,0.63,0.64,5.32,0,-1,1997157,1280590.88
COSG,2020-10-25,0.65,0.65,0.63,0.64,1.61,0,-1,888517,569405.06
COSG,2020-10-22,0.66,0.66,0.64,0.64,0.54,0,-1,2908017,1868148.75
COSG,2020-10-21,0.65,0.65,0.64,0.64,-0.71,-0.01,-1,1765483,1135030.75
COSG,2020-10-20,0.66,0.66,0.64,0.65,3.46,0.02,-1,5685771,3690843.25
COSG,2020-10-19,0.66,0.66,0.58,0.63,1.21,-0.01,-1,3294194,2087233.13
COSG,2020-10-18,0.66,0.66,0.63,0.64,0.17,0,-1,905003,577054.5
COSG,2020-10-15,0.66,0.66,0.64,0.64,1,0,-1,1064062,683537.25
COSG,2020-10-14,0.66,0.66,0.64,0.64,0.63,0,-1,1291506,832089.63
COSG,2020-10-13,0.66,0.66,0.64,0.64,-0.14,-0.01,-1,644262,415034.94
COSG,2020-10-12,0.68,0.68,0.64,0.65,0.46,0,-1,2879979,1869018.5
COSG,2020-10-11,0.66,0.66,0.64,0.65,0.62,0,-1,1227839,793209.06
COSG,2020-10-07,0.66,0.66,0.64,0.65,0.14,0,-1,968128,631650.25
COSG,2020-10-06,0.68,0.68,0.65,0.65,1.49,0.01,-1,5337826,3477275.5
COSG,2020-10-05,0.66,0.66,0.64,0.64,-0.09,0,-1,2240924,1438510.63
COSG,2020-10-04,0.65,0.65,0.64,0.64,-0.68,-0.01,-1,2517772,1617535.63
COSG,2020-10-01,0.67,0.67,0.64,0.65,0.54,0,-1,2033328,1315141.75
COSG,2020-09-30,0.66,0.66,0.65,0.65,0.36,-0.01,-1,786997,510720.31
COSG,2020-09-29,0.71,0.71,0.65,0.66,-0.65,0.01,-1,980330,645443.75
COSG,2020-09-28,0.69,0.69,0.64,0.65,4.29,0.03,-1,13738769,8940623
COSG,2020-09-27,0.62,0.62,0.62,0.62,9.99,0.05,-1,6789313,4231523.5
COSG,2020-09-24,0.58,0.58,0.52,0.57,13.18,0.06,-1,4085638,2314846.25
COSG,2020-09-23,0.53,0.53,0.51,0.51,0.11,0,-1,1416074,727229
COSG,2020-09-22,0.52,0.52,0.51,0.51,1.38,0,-1,583198,300239.34
COSG,2020-09-21,0.52,0.52,0.5,0.51,3.75,0.02,-1,5888106,2990106.5
COSG,2020-09-20,0.51,0.51,0.49,0.49,2.88,0,-1,9503942,4679725
COSG,2020-09-17,0.5,0.5,0.49,0.49,1.04,0,-1,965308,475320
COSG,2020-09-16,0.5,0.5,0.49,0.49,-0.52,-0.01,-1,526038,260106
COSG,2020-09-15,0.51,0.51,0.49,0.5,-0.84,-0.01,-1,1780722,884739.13
COSG,2020-09-14,0.52,0.52,0.49,0.51,0,0.01,-1,2728892,1385158.38
COSG,2020-09-13,0.51,0.51,0.49,0.5,3.26,0.02,-1,2154426,1080579.75
COSG,2020-09-10,0.49,0.49,0.48,0.48,1.28,-0.01,-1,677885,329281.81
COSG,2020-09-09,0.5,0.5,0.48,0.49,2.01,0,-1,544857,265867.41
COSG,2020-09-08,0.5,0.5,0.48,0.49,0.3,0,-1,7576581,3688823.5
COSG,2020-09-07,0.5,0.5,0.49,0.49,-1.41,-0.01,-1,779567,384164.75
COSG,2020-09-06,0.51,0.51,0.49,0.5,1.42,0.01,-1,3537961,1760100.5
COSG,2020-09-03,0.5,0.5,0.49,0.49,0.04,0,-1,414865,204775.25
COSG,2020-09-02,0.51,0.51,0.49,0.49,0.07,-0.01,-1,1196765,588889.19
COSG,2020-09-01,0.52,0.52,0.49,0.5,-0.97,0.01,-1,3445823,1707714.75
COSG,2020-08-31,0.51,0.51,0.49,0.49,0.22,0,-1,5470529,2699732.75
COSG,2020-08-30,0.51,0.51,0.49,0.49,0.22,-0.01,-1,5042214,2495747
COSG,2020-08-27,0.52,0.52,0.49,0.5,4.15,0.01,-1,5184462,2569399.5
COSG,2020-08-26,0.5,0.5,0.48,0.49,0.61,0.01,-1,3390182,1656036.25
COSG,2020-08-25,0.49,0.49,0.48,0.48,0.8,0,-1,5475627,2658833.25
COSG,2020-08-24,0.49,0.49,0.48,0.48,-0.83,-0.01,-1,3136382,1510848.13
COSG,2020-08-23,0.5,0.5,0.48,0.49,1.39,0.01,-1,2058654,1001090.88
COSG,2020-08-19,0.49,0.49,0.46,0.48,5.37,0.02,-1,3334433,1594776.5
COSG,2020-08-18,0.47,0.47,0.45,0.46,4.98,0.02,-1,1720254,785822.44
COSG,2020-08-17,0.46,0.46,0.43,0.44,6.12,0.01,-1,3153031,1402183.38
COSG,2020-08-16,0.45,0.45,0.43,0.43,4.74,0,-1,954462,411369.5
COSG,2020-08-13,0.44,0.44,0.42,0.43,0.43,0,-1,1717055,734509.06
COSG,2020-08-12,0.44,0.44,0.42,0.43,1.73,0,-1,13313979,5671990
COSG,2020-08-11,0.43,0.43,0.42,0.43,-0.52,0,-1,1949433,828968.38
COSG,2020-08-10,0.44,0.44,0.42,0.43,0.09,0,-1,1458265,623341.94
COSG,2020-08-09,0.44,0.44,0.42,0.43,-1.43,-0.01,-1,2360015,1007842.5
COSG,2020-08-06,0.44,0.44,0.44,0.44,1.48,0,-1,3190938,1402779
COSG,2020-08-05,0.44,0.44,0.43,0.44,3.91,0.02,-1,576527,251395.84
COSG,2020-08-04,0.44,0.44,0.42,0.42,4.15,0,-1,6722067,2853290.75
COSG,2020-07-29,0.43,0.43,0.42,0.42,0.79,0,-1,878755,370919.88
COSG,2020-07-28,0.42,0.42,0.41,0.42,-0.26,0,-1,547731,229328.55
COSG,2020-07-27,0.42,0.42,0.41,0.42,1.33,0.01,-1,1843846,772042
COSG,2020-07-26,0.42,0.42,0.41,0.41,0.85,0,-1,614706,255346.55
COSG,2020-07-22,0.42,0.42,0.41,0.41,-0.04,0,-1,2184578,903494
COSG,2020-07-21,0.42,0.42,0.41,0.41,2.36,0,-1,5460279,2259393.25
COSG,2020-07-20,0.41,0.41,0.4,0.41,0.36,0,-1,9479647,3858491.25
COSG,2020-07-19,0.42,0.42,0.4,0.41,0.05,0,-1,1117696,453271.25
COSG,2020-07-16,0.42,0.42,0.4,0.41,-1.13,0,-1,1987937,809776.25
COSG,2020-07-15,0.42,0.42,0.4,0.41,1.05,0,-1,4859728,1978287.63
COSG,2020-07-14,0.42,0.42,0.4,0.41,1.92,0.01,-1,9051332,3666501.5
COSG,2020-07-13,0.42,0.42,0.4,0.4,-0.45,-0.01,-1,2458660,994336.69
COSG,2020-07-12,0.41,0.41,0.4,0.41,2.99,0.02,-1,2053665,834292.01
COSG,2020-07-09,0.41,0.41,0.39,0.39,0.66,0,-1,2984319,1176874.38
COSG,2020-07-08,0.4,0.4,0.39,0.39,-1.12,-0.01,-1,2173623,851748.13
COSG,2020-07-07,0.41,0.41,0.39,0.4,0.47,0.01,-1,1718356,680928
COSG,2020-07-06,0.4,0.4,0.39,0.39,0.66,0,-1,4319372,1704416.88
COSG,2020-07-05,0.4,0.4,0.38,0.39,4.06,0.01,-1,2614791,1024944.56
COSG,2020-06-30,0.38,0.38,0.37,0.38,5.53,0.02,-1,4292040,1616865.5
COSG,2020-06-29,0.37,0.37,0.34,0.36,4.93,0.02,-1,6199987,2212943
COSG,2020-06-28,0.35,0.35,0.34,0.34,-1.07,0,-1,2759912,938998
COSG,2020-06-25,0.35,0.35,0.34,0.34,2.14,0,-1,2374765,816665.19
COSG,2020-06-24,0.34,0.34,0.33,0.34,2.53,0.01,-1,10908628,3673587
COSG,2020-06-23,0.34,0.34,0.32,0.33,-1.6,0,-1,51349326,16868276
COSG,2020-06-22,0.34,0.34,0.33,0.33,0.22,0,-1,4566122,1524184.5
COSG,2020-06-21,0.33,0.33,0.32,0.33,1.13,0,-1,3816057,1261168.88
COSG,2020-06-18,0.33,0.33,0.32,0.33,0.911,0.01,-1,4697632,1534655
COSG,2020-06-17,0.33,0.33,0.32,0.32,-1.95,-0.01,-1,2704217,875834.5
COSG,2020-06-16,0.33,0.33,0.32,0.33,1.76,0.01,-1,19010379,6279319
COSG,2020-06-15,0.33,0.33,0.32,0.32,0.57,0,-1,24610574,7989029.5
COSG,2020-06-14,0.33,0.33,0.32,0.32,-0.4,0,-1,6403298,2066333.5
COSG,2020-06-11,0.33,0.33,0.32,0.32,0,0,-1,2875587,931885.5
COSG,2020-06-10,0.33,0.33,0.32,0.32,1.3,-0.01,-1,9264839,3001053.25
COSG,2020-06-09,0.33,0.33,0.32,0.33,-0.23,0,-1,1351485,440299.97
COSG,2020-06-08,0.33,0.33,0.32,0.33,-0.67,0,-1,2429864,793629.31
COSG,2020-06-07,0.34,0.34,0.33,0.33,-0.56,0,-1,2422488,796435.06
COSG,2020-06-04,0.33,0.33,0.33,0.33,0.96,0,-1,6085777,2011930.13
COSG,2020-06-03,0.33,0.33,0.33,0.33,-0.34,0,-1,4495026,1471133.13
COSG,2020-06-02,0.33,0.33,0.33,0.33,0.06,0,-1,2262562,743116.88
COSG,2020-06-01,0.33,0.33,0.33,0.33,0.45,0,-1,1665752,546658.19
COSG,2020-05-31,0.33,0.33,0.32,0.33,3.5,0.01,-1,6100257,1993552.5
COSG,2020-05-21,0.32,0.32,0.31,0.32,1.05,0,-1,54813099,17304936
COSG,2020-05-20,0.32,0.32,0.31,0.32,0.647,0.01,-1,3040719,959909.63
COSG,2020-05-19,0.32,0.32,0.31,0.31,-0.41,-0.01,-1,1394815,437394.09
COSG,2020-05-18,0.32,0.32,0.31,0.32,-0.17,0,-1,4248981,1338136.25
COSG,2020-05-17,0.33,0.33,0.31,0.32,2.14,0.01,-1,4152450,1315538.88
COSG,2020-05-14,0.32,0.32,0.31,0.31,-0.12,0,-1,17824515,5528940.5
COSG,2020-05-13,0.31,0.31,0.31,0.31,-0.41,0,-1,1664885,517111.06
COSG,2020-05-12,0.32,0.32,0.31,0.31,-0.06,0,-1,7160088,2232868.25
COSG,2020-05-11,0.32,0.32,0.31,0.31,1.26,0,-1,7492143,2337735.5
COSG,2020-05-10,0.32,0.32,0.3,0.31,-2.11,-0.01,-1,3786663,1166943.75
COSG,2020-05-07,0.32,0.32,0.31,0.32,-0.871,0,-1,3924952,1235571.5
COSG,2020-05-06,0.32,0.32,0.32,0.32,0.12,0,-1,876369,278194.78
COSG,2020-05-05,0.32,0.32,0.31,0.32,1.71,0.01,-1,5319605,1686867.63
COSG,2020-05-04,0.31,0.31,0.31,0.31,-0.59,0,-1,2360286,735866.38
COSG,2020-05-03,0.32,0.32,0.31,0.31,-3.02,-0.01,-1,7122181,2234110.5
COSG,2020-04-30,0.33,0.33,0.32,0.32,0.69,0,-1,2490765,805476
COSG,2020-04-29,0.33,0.33,0.32,0.32,0.23,0,-1,1052728,338105.69
COSG,2020-04-28,0.33,0.33,0.32,0.32,-1.14,0,-1,4799315,1537999.75
COSG,2020-04-27,0.33,0.33,0.32,0.32,0.17,0,-1,7446752,2414191.5
COSG,2020-04-26,0.33,0.33,0.32,0.32,2.27,0,-1,21546535,6974329
COSG,2020-04-23,0.32,0.32,0.31,0.32,1.36,0.01,-1,3639373,1151721.5
COSG,2020-04-22,0.32,0.32,0.31,0.31,0.71,0,-1,3609058,1126409.75
COSG,2020-04-21,0.31,0.31,0.3,0.31,1.88,0.01,-1,9334363,2893205.75
COSG,2020-04-16,0.31,0.31,0.3,0.3,0.67,0,-1,9046452,2753154
COSG,2020-04-15,0.31,0.31,0.3,0.3,1.49,0,-1,3712096,1121760.38
COSG,2020-04-14,0.3,0.3,0.3,0.3,3.25,0,-1,6759323,2012923.13
COSG,2020-04-13,0.3,0.3,0.29,0.3,0.19,0,-1,2673848,787761.56
COSG,2020-04-12,0.3,0.3,0.29,0.3,-0.063,0,-1,987759,290489.47
COSG,2020-04-09,0.3,0.3,0.29,0.3,0.57,0.01,-1,4932885,1451454
COSG,2020-04-08,0.3,0.3,0.29,0.29,-0.19,0,-1,9011635,2637379.5
COSG,2020-04-07,0.3,0.3,0.29,0.29,0.7,0,-1,654294,191882.75
COSG,2020-04-06,0.3,0.3,0.29,0.29,-0.69,0,-1,1730992,503999.13
COSG,2020-04-05,0.3,0.3,0.29,0.29,1.98,0,-1,572677,167880.8
COSG,2020-04-02,0.3,0.3,0.27,0.29,-0.38,-0.01,-1,4879413,1407575.38
COSG,2020-04-01,0.3,0.3,0.29,0.3,-0.56,0,-1,720293,212481.19
COSG,2020-03-31,0.3,0.3,0.29,0.3,-1.89,0,-1,5745370,1704666.25
COSG,2020-03-30,0.31,0.31,0.3,0.3,-1.561,-0.01,-1,8044701,2432621.25
COSG,2020-03-29,0.32,0.32,0.3,0.31,5.84,0.02,-1,2913114,894786.19
COSG,2020-03-26,0.3,0.3,0.28,0.29,2.74,0.01,-1,4956421,1438783.63
COSG,2020-03-25,0.29,0.29,0.28,0.28,1.12,0,-1,3105471,877356.06
COSG,2020-03-24,0.29,0.29,0.28,0.28,-0.85,0,-1,6542346,1828029.88
COSG,2020-03-23,0.3,0.3,0.27,0.28,3.73,0.01,-1,4335045,1221771.63
COSG,2020-03-22,0.28,0.28,0.27,0.27,1.45,0,-1,2180077,592194.81
COSG,2020-03-19,0.27,0.27,0.26,0.27,-1.29,0,-1,905274,242345.55
COSG,2020-03-18,0.28,0.28,0.27,0.27,1.03,0,-1,1208804,327966.78
COSG,2020-03-17,0.27,0.27,0.26,0.27,1.96,0.01,-1,2831334,760211.94
COSG,2020-03-16,0.27,0.27,0.26,0.26,0.07,0,-1,5655618,1489620.5
COSG,2020-03-15,0.27,0.27,0.26,0.26,-2.66,-0.01,-1,2552697,671934.69
COSG,2020-03-11,0.27,0.27,0.27,0.27,2.59,0.01,-1,1707727,461626.91
COSG,2020-03-10,0.27,0.27,0.25,0.26,7.09,0.01,-1,6171570,1626251.88
COSG,2020-03-09,0.26,0.26,0.25,0.25,-1.36,-0.01,-1,3572018,910280.81
COSG,2020-03-08,0.26,0.26,0.26,0.26,-0.43,0,-1,4794922,1238677.38
COSG,2020-03-05,0.27,0.27,0.26,0.26,1.66,0.01,-1,4248547,1102231.5
COSG,2020-03-04,0.26,0.26,0.25,0.25,2.59,0,-1,1925463,491420.44
COSG,2020-03-03,0.25,0.25,0.24,0.25,4.17,0.01,-1,11923394,2966209.25
COSG,2020-03-02,0.25,0.25,0.24,0.24,-0.46,0,-1,2259796,539575.31
COSG,2020-03-01,0.25,0.25,0.24,0.24,-1.74,0,-1,2970599,712508.81
COSG,2020-02-27,0.25,0.25,0.24,0.24,-0.6,-0.01,-1,1847208,450847.13
COSG,2020-02-26,0.25,0.25,0.24,0.25,1.22,0.01,-1,1354359,332700.72
COSG,2020-02-25,0.25,0.25,0.24,0.24,3.38,0.01,-1,3139745,762019.13
COSG,2020-02-24,0.25,0.25,0.22,0.23,0.32,0,-1,7932118,1861811
COSG,2020-02-23,0.24,0.24,0.23,0.23,0.47,0,-1,3429554,802418.94
COSG,2020-02-20,0.24,0.24,0.23,0.23,2.33,0,-1,12157400,2855447.25
COSG,2020-02-19,0.23,0.23,0.23,0.23,-1.43,0,-1,1981592,455031.69
COSG,2020-02-18,0.24,0.24,0.23,0.23,0.24,0,-1,3294031,767242
COSG,2020-02-17,0.23,0.23,0.23,0.23,-0.4,0,-1,1353058,314462.38
COSG,2020-02-16,0.24,0.24,0.23,0.23,1.12,0,-1,1219379,284403.75
COSG,2020-02-13,0.23,0.23,0.23,0.23,0.64,0,-1,4594268,1059633.75
COSG,2020-02-11,0.23,0.23,0.22,0.23,-1.271,0,-1,4128100,946508.44
COSG,2020-02-10,0.23,0.23,0.23,0.23,0.96,0,-1,2828297,656419.75
COSG,2020-02-09,0.24,0.24,0.23,0.23,-1.58,0,-1,2871899,660569.88
COSG,2020-02-06,0.24,0.24,0.23,0.23,0.08,0,-1,3551193,829800
COSG,2020-02-05,0.24,0.24,0.23,0.23,0.158,0,-1,1384295,323242.59
COSG,2020-02-04,0.24,0.24,0.23,0.23,-0.08,0,-1,2429538,566183.81
COSG,2020-02-03,0.24,0.24,0.23,0.23,-0.32,0,-1,3804072,887263.56
COSG,2020-02-02,0.24,0.24,0.23,0.23,-0.39,0,-1,182920,42815.3
COSG,2020-01-30,0.24,0.24,0.23,0.23,0.24,0,-1,2069446,486103.41
COSG,2020-01-29,0.24,0.24,0.23,0.23,2.91,0,-1,6831504,1601574.75
COSG,2020-01-28,0.23,0.23,0.22,0.23,-0.08,0,-1,4168828,949383.56
COSG,2020-01-27,0.23,0.23,0.23,0.23,-1.28,0,-1,1224531,279069
COSG,2020-01-26,0.23,0.23,0.23,0.23,-0.56,0,-1,3106338,716921.81
COSG,2020-01-23,0.23,0.23,0.23,0.23,0.96,0,-1,10137087,2353500.5
COSG,2020-01-22,0.23,0.23,0.23,0.23,1.05,0,-1,4316769,992600.38
COSG,2020-01-21,0.23,0.23,0.22,0.23,-1.04,0,-1,6575264,1495570.88
COSG,2020-01-20,0.23,0.23,0.23,0.23,0.48,0,-1,5767063,1325902.38
COSG,2020-01-19,0.23,0.23,0.22,0.23,-0.4,0,-1,8497473,1945180.13
COSG,2020-01-16,0.24,0.24,0.23,0.23,1.38,0,-1,8403871,1930942
COSG,2020-01-15,0.23,0.23,0.22,0.23,2.16,0.01,-1,5565650,1260885.13
COSG,2020-01-14,0.23,0.23,0.22,0.22,0.08,0,-1,3560792,789703
COSG,2020-01-13,0.22,0.22,0.22,0.22,0.67,0,-1,3250809,720487.38
COSG,2020-01-12,0.23,0.23,0.22,0.22,-0.75,0,-1,2344288,516095.03
COSG,2020-01-09,0.23,0.23,0.22,0.22,0.33,0,-1,2313810,513303.41
COSG,2020-01-08,0.22,0.22,0.22,0.22,3.81,0.01,-1,1940431,428934.53
COSG,2020-01-06,0.22,0.22,0.21,0.21,-0.77,0,-1,6643974,1415045.25
COSG,2020-01-05,0.22,0.22,0.21,0.21,-1.02,-0.01,-1,14901748,3199187.25
COSG,2020-01-02,0.22,0.22,0.22,0.22,1.12,0.01,-1,4731418,1026073.25
COSG,2019-12-31,0.22,0.22,0.21,0.21,0.17,0,-1,2466144,528926.13
COSG,2019-12-30,0.22,0.22,0.21,0.21,1.13,0,-1,2508173,537013.25
COSG,2019-12-29,0.21,0.21,0.21,0.21,-0.86,0,-1,1269000,268647
COSG,2019-12-26,0.21,0.21,0.21,0.21,0.17,0,-1,553154,118113
COSG,2019-12-25,0.21,0.21,0.21,0.21,-0.17,0,-1,753808,160678.59
COSG,2019-12-24,0.21,0.21,0.21,0.21,-0.17,0,-1,1787446,381552
COSG,2019-12-23,0.22,0.22,0.21,0.21,0.17,0,-1,3294790,704756.44
COSG,2019-12-22,0.21,0.21,0.21,0.21,-0.26,0,-1,2878407,614467.25
COSG,2019-12-19,0.22,0.22,0.21,0.21,-0.26,0,-1,1352624,289511.03
COSG,2019-12-18,0.22,0.22,0.21,0.21,0,0,-1,4378755,936265.13
COSG,2019-12-17,0.22,0.22,0.21,0.21,0,0,-1,4713901,1007925.75
COSG,2019-12-16,0.22,0.22,0.21,0.21,0.43,0,-1,4045778,865608.19
COSG,2019-12-15,0.22,0.22,0.21,0.21,0.52,0,-1,951587,202744.95
COSG,2019-12-12,0.22,0.22,0.21,0.21,-1.81,0,-1,4072405,863044.13
COSG,2019-12-11,0.22,0.22,0.21,0.21,2.2,0,-1,5289235,1130723.5
COSG,2019-12-10,0.22,0.22,0.21,0.21,1.43,0,-1,6056004,1266393.13
COSG,2019-12-09,0.21,0.21,0.2,0.21,0.36,0.01,-1,2326500,479570.81
COSG,2019-12-08,0.21,0.21,0.2,0.2,0.45,0,-1,2387943,490704.31
COSG,2019-12-05,0.21,0.21,0.2,0.2,-0.27,0,-1,2644780,540772.88
COSG,2019-12-04,0.21,0.21,0.2,0.2,1.92,0,-1,3597018,737350.38
COSG,2019-12-03,0.2,0.2,0.2,0.2,-0.82,0,-1,1035808,208320
COSG,2019-12-02,0.21,0.21,0.2,0.2,-0.99,0,-1,7989765,1619966.63
COSG,2019-12-01,0.21,0.21,0.2,0.2,1.64,0,-1,6612520,1354399.5
COSG,2019-11-28,0.2,0.2,0.2,0.2,1.58,0,-1,6256116,1264863.5
COSG,2019-11-27,0.2,0.2,0.2,0.2,-1.37,0,-1,1030385,205077
COSG,2019-11-26,0.2,0.2,0.2,0.2,1.11,0,-1,4923069,992854.44
COSG,2019-11-25,0.2,0.2,0.2,0.2,1.03,0,-1,11834564,2362074.25
COSG,2019-11-24,0.2,0.2,0.2,0.2,-0.83,0,-1,6788987,1340351
COSG,2019-11-21,0.2,0.2,0.2,0.2,-0.28,0,-1,4093230,815493.44
COSG,2019-11-20,0.2,0.2,0.2,0.2,-0.46,0,-1,2680085,535272.75
COSG,2019-11-19,0.2,0.2,0.2,0.2,-0.27,0,-1,1756914,352489.44
COSG,2019-11-18,0.2,0.2,0.2,0.2,0.46,0,-1,2596569,522520.03
COSG,2019-11-17,0.2,0.2,0.2,0.2,-1.54,0,-1,2233006,447343.38
COSG,2019-11-14,0.2,0.2,0.2,0.2,0.82,0,-1,11082546,2253807.25
COSG,2019-11-13,0.2,0.2,0.2,0.2,-0.55,0,-1,2567935,518033.25
COSG,2019-11-12,0.2,0.2,0.2,0.2,0,0,-1,5520096,1119907
COSG,2019-11-11,0.2,0.2,0.2,0.2,0.18,0,-1,1897860,385051.34
COSG,2019-11-07,0.21,0.21,0.2,0.2,0.73,0,-1,3865407,782719
COSG,2019-11-06,0.21,0.21,0.2,0.2,2.42,0,-1,11478268,2331999.25
COSG,2019-11-05,0.2,0.2,0.2,0.2,2.18,0.01,-1,7045553,1398381.63
COSG,2019-11-04,0.2,0.2,0.19,0.19,-1.13,-0.01,-1,3074071,597071.74
COSG,2019-11-03,0.2,0.2,0.2,0.2,0.66,0,-1,2646570,519661.19
COSG,2019-10-31,0.2,0.2,0.19,0.2,0.38,0.01,-1,12649327,2468252.5
COSG,2019-10-30,0.2,0.2,0.19,0.19,-0.28,-0.01,-1,5885882,1144449.5
COSG,2019-10-29,0.2,0.2,0.19,0.2,-0.75,0,-1,5762562,1123671.5
COSG,2019-10-28,0.2,0.2,0.2,0.2,0.38,0,-1,4479516,879783.06
COSG,2019-10-27,0.2,0.2,0.2,0.2,-1.03,0,-1,2523303,493574.63
COSG,2019-10-24,0.2,0.2,0.2,0.2,0.28,0,-1,2500364,494191.53
COSG,2019-10-23,0.2,0.2,0.2,0.2,0.47,0,-1,6210074,1224419.88
COSG,2019-10-22,0.2,0.2,0.19,0.2,0.38,0,-1,7153906,1403863.88
COSG,2019-10-21,0.2,0.2,0.19,0.2,-0.56,0,-1,11778706,2302998.75
COSG,2019-10-20,0.2,0.2,0.19,0.2,1.43,0.01,-1,7981739,1568927.5
COSG,2019-10-17,0.2,0.2,0.19,0.19,2.14,0,-1,8913044,1728016.5
COSG,2019-10-16,0.19,0.19,0.19,0.19,0.78,0,-1,8699646,1651252.75
COSG,2019-10-15,0.19,0.19,0.19,0.19,1.09,0,-1,7735965,1457039
COSG,2019-10-14,0.19,0.19,0.19,0.19,-0.3,0,-1,7433954,1385102.88
COSG,2019-10-13,0.19,0.19,0.18,0.19,3.16,0.01,-1,20611814,3849449.75
COSG,2019-10-10,0.18,0.18,0.18,0.18,0.204,0,-1,6205952,1124235.25
COSG,2019-10-09,0.18,0.18,0.18,0.18,1.03,0,-1,5600683,1012610.75
COSG,2019-10-08,0.18,0.18,0.18,0.18,3.85,0.01,-1,13918923,2488995.25
COSG,2019-10-07,0.18,0.18,0.16,0.17,1.85,0,-1,9734857,1676994
COSG,2019-10-03,0.17,0.17,0.17,0.17,0.11,0,-1,7473813,1264434.88
COSG,2019-10-02,0.17,0.17,0.17,0.17,1.22,0,-1,10502385,1773368.13
COSG,2019-10-01,0.17,0.17,0.16,0.17,4.14,0.01,-1,15082011,2518240.75
COSG,2019-09-30,0.16,0.16,0.15,0.16,5.333,0.01,-1,14012417,2246029.5
COSG,2019-09-29,0.15,0.15,0.14,0.15,11.19,0.01,-1,9153069,1393114.88
COSG,2019-09-26,0.14,0.14,0.13,0.14,4.04,0.01,-1,21124023,2891427
COSG,2019-09-25,0.14,0.14,0.13,0.13,3.17,0,-1,20134637,2660441.75
COSG,2019-09-24,0.14,0.14,0.12,0.13,-5.7,-0.01,-1,40012655,5129385.5
COSG,2019-09-23,0.14,0.14,0.13,0.14,-9.46,-0.01,-1,12508598,1700512.63
COSG,2019-09-22,0.16,0.16,0.15,0.15,-7.18,-0.01,-1,8450238,1268265.75
COSG,2019-09-19,0.16,0.16,0.16,0.16,0.8,0,-1,2420645,391561.16
COSG,2019-09-18,0.16,0.16,0.16,0.16,1.28,0,-1,3429717,550255.31
COSG,2019-09-17,0.16,0.16,0.16,0.16,0,0,-1,8309076,1315996.5
COSG,2019-09-16,0.16,0.16,0.16,0.16,-0.81,0,-1,6155355,975199.13
COSG,2019-09-15,0.16,0.16,0.16,0.16,-2.04,0,-1,3459327,552450.06
COSG,2019-09-12,0.16,0.16,0.16,0.16,-1.12,0,-1,5950037,969503.63
COSG,2019-09-11,0.17,0.17,0.16,0.16,2.055,0,-1,9930359,1637560.88
COSG,2019-09-10,0.16,0.16,0.16,0.16,2.58,0,-1,11371433,1836608.75
COSG,2019-09-09,0.16,0.16,0.16,0.16,-0.23,0,-1,7168548,1128448.38
COSG,2019-09-08,0.16,0.16,0.16,0.16,-0.7,0,-1,5343032,843460.69
COSG,2019-09-05,0.16,0.16,0.16,0.16,-0.69,0,-1,3712476,590321.19
COSG,2019-09-04,0.16,0.16,0.16,0.16,0,0,-1,2342607,374769.09
COSG,2019-09-03,0.16,0.16,0.16,0.16,2,0,-1,14318984,2291536.5
COSG,2019-09-02,0.16,0.16,0.15,0.16,0.83,0.01,-1,6501564,1020592.69
COSG,2019-09-01,0.16,0.16,0.15,0.15,0.84,0,-1,3681727,572699
COSG,2019-08-29,0.15,0.15,0.15,0.15,1.45,0,-1,7599466,1173274.5
COSG,2019-08-28,0.15,0.15,0.15,0.15,0.24,0,-1,9188157,1397922.75
COSG,2019-08-27,0.15,0.15,0.15,0.15,-1.91,0,-1,4161995,631872.38
COSG,2019-08-26,0.16,0.16,0.15,0.15,-1.526,-0.01,-1,6805419,1052707
COSG,2019-08-25,0.16,0.16,0.16,0.16,1.19,0.01,-1,8648994,1359200.13
COSG,2019-08-22,0.16,0.16,0.15,0.15,2.31,0,-1,20630740,3201503.25
COSG,2019-08-21,0.15,0.15,0.15,0.15,0.73,0,-1,6437735,977133.38
COSG,2019-08-20,0.15,0.15,0.15,0.15,2.9,0,-1,20918652,3150285
COSG,2019-08-19,0.15,0.15,0.15,0.15,0.13,0,-1,13731231,2010679
COSG,2019-08-18,0.15,0.15,0.15,0.15,0.76,0,-1,8845960,1293318.63
COSG,2019-08-15,0.15,0.15,0.14,0.15,1.29,0.01,-1,13014897,1889206.13
COSG,2019-08-14,0.15,0.15,0.14,0.14,2.1,0,-1,2384364,341629.13
COSG,2019-08-08,0.14,0.14,0.14,0.14,2.98,0,-1,12023287,1686679
COSG,2019-08-07,0.14,0.14,0.13,0.14,3.07,0.01,-1,6604277,899754.75
COSG,2019-08-06,0.13,0.13,0.13,0.13,-0.83,0,-1,3189149,421377.44
COSG,2019-08-05,0.14,0.14,0.13,0.13,0.84,0,-1,7944699,1058929.88
COSG,2019-08-04,0.14,0.14,0.13,0.13,4.67,0,-1,12232455,1617469.38
COSG,2019-08-01,0.13,0.13,0.12,0.13,5.22,0.01,-1,13771036,1738677.25
COSG,2019-07-31,0.12,0.12,0.12,0.12,1.24,0,-1,9592284,1151328
COSG,2019-07-30,0.12,0.12,0.12,0.12,-1.38,0,-1,10221361,1212286.25
COSG,2019-07-29,0.12,0.12,0.12,0.12,0.15,0,-1,4771169,573928.81
COSG,2019-07-28,0.12,0.12,0.12,0.12,0.31,0,-1,14965360,1795304
COSG,2019-07-25,0.12,0.12,0.12,0.12,0.15,0,-1,13927926,1666895.87
COSG,2019-07-24,0.12,0.12,0.12,0.12,3.34,0,-1,39497300,4719762
COSG,2019-07-22,0.12,0.12,0.11,0.12,2.78,0.01,-1,24838289,2881580.5
COSG,2019-07-21,0.11,0.11,0.11,0.11,0.16,0,-1,11168339,1260616.38
COSG,2019-07-18,0.11,0.11,0.11,0.11,2.17,0,-1,28086875,3162273.25
COSG,2019-07-17,0.11,0.11,0.11,0.11,-0.33,0,-1,5417871,596932.38
COSG,2019-07-16,0.11,0.11,0.11,0.11,1.87,0,-1,12147367,1344019.63
COSG,2019-07-15,0.11,0.11,0.11,0.11,1.38,0,-1,6707804,728062.75
COSG,2019-07-14,0.11,0.11,0.11,0.11,-1.19,0,-1,8118021,869059.13
COSG,2019-07-11,0.11,0.11,0.11,0.11,-0.339,0,-1,5711313,619296.5
COSG,2019-07-10,0.11,0.11,0.11,0.11,-1.67,0,-1,9219827,1003638.94
COSG,2019-07-09,0.11,0.11,0.11,0.11,0.67,0,-1,6440121,712870.13
COSG,2019-07-08,0.11,0.11,0.11,0.11,2.41,0,-1,10447015,1148718
COSG,2019-07-07,0.11,0.11,0.11,0.11,0.68,0,-1,6827274,732104.81
COSG,2019-07-04,0.11,0.11,0.11,0.11,1.21,0,-1,10534110,1137606.38
COSG,2019-07-03,0.11,0.11,0.11,0.11,2.12,0,-1,14020064,1496756.38
COSG,2019-07-02,0.11,0.11,0.1,0.11,3.47,0.01,-1,11478973,1200647.63
COSG,2019-06-27,0.1,0.1,0.1,0.1,0.18,0,-1,4928221,498385.38
COSG,2019-06-26,0.1,0.1,0.1,0.1,0.55,0,-1,2573250,259724.5
COSG,2019-06-25,0.1,0.1,0.1,0.1,-1.45,0,-1,8619818,864037.31
COSG,2019-06-24,0.1,0.1,0.1,0.1,-0.72,0,-1,7041323,716496
COSG,2019-06-23,0.1,0.1,0.1,0.1,-0.71,0,-1,6044616,620081.5
COSG,2019-06-20,0.11,0.11,0.1,0.1,-0.36,0,-1,10460953,1079792.88
COSG,2019-06-19,0.11,0.11,0.1,0.1,-0.88,-0.01,-1,8868629,919464.06
COSG,2019-06-18,0.11,0.11,0.1,0.11,0.89,0.01,-1,10961828,1146246.75
COSG,2019-06-17,0.11,0.11,0.1,0.1,2.74,0,-1,13651620,1414677.5
COSG,2019-06-16,0.1,0.1,0.1,0.1,0,0,-1,9415655,952073.5
COSG,2019-06-13,0.1,0.1,0.1,0.1,1.86,0,-1,17328683,1750495.63
COSG,2019-06-12,0.1,0.1,0.1,0.1,0.94,0,-1,8560002,848572.44
COSG,2019-06-11,0.1,0.1,0.1,0.1,-1.11,0,-1,15706641,1545020.25
COSG,2019-06-10,0.1,0.1,0.1,0.1,3.24,0,-1,8677140,867078.76
COSG,2019-06-09,0.1,0.1,0.1,0.1,1.74,0,-1,3926308,379886.09
COSG,2019-06-03,0.1,0.1,0.09,0.1,2.79,0.01,-1,2037233,193989.73
COSG,2019-06-02,0.09,0.09,0.09,0.09,0.2,0,-1,561288,51931.25
COSG,2019-05-30,0.1,0.1,0.09,0.09,-3.06,-0.01,-1,8439175,788725.88
COSG,2019-05-29,0.1,0.1,0.09,0.1,0.19,0,-1,7207540,695145.5
COSG,2019-05-28,0.1,0.1,0.09,0.1,3.49,0,-1,20497875,1973824.5
COSG,2019-05-27,0.1,0.1,0.09,0.1,-2.64,0,-1,14554128,1385777.5
COSG,2019-05-26,0.1,0.1,0.1,0.1,2.12,0,-1,8586087,838424.94
COSG,2019-05-23,0.1,0.1,0.09,0.1,2.57,0.01,-1,19884688,1902058.38
COSG,2019-05-22,0.1,0.1,0.09,0.09,5.2,0,-1,24041530,2241073
COSG,2019-05-21,0.09,0.09,0.09,0.09,4.57,0.01,-1,8488851,753341.19
COSG,2019-05-20,0.09,0.09,0.08,0.08,5.02,0,-1,18372951,1558706.38
COSG,2019-05-19,0.08,0.08,0.08,0.08,0.69,0,-1,14625822,1180254.63
COSG,2019-05-16,0.08,0.08,0.08,0.08,-4.61,0,-1,25711675,2060270.13
COSG,2019-05-15,0.09,0.09,0.08,0.08,-6.17,-0.01,-1,29030165,2440709.25
COSG,2019-05-14,0.09,0.09,0.08,0.09,-2.8,0,-1,28876908,2586162.25
COSG,2019-05-13,0.1,0.1,0.09,0.09,-5.84,-0.01,-1,27876080,2572574.25
COSG,2019-05-12,0.1,0.1,0.1,0.1,-1.12,0,-1,22393132,2190899.57
COSG,2019-05-09,0.11,0.11,0.1,0.1,-8.21,-0.01,-1,38602926,3821348
COSG,2019-05-08,0.12,0.12,0.11,0.11,-7.73,-0.01,-1,17188008,1853196
COSG,2019-05-07,0.12,0.12,0.11,0.12,-2.16,0,-1,10631942,1242829.25
COSG,2019-05-06,0.12,0.12,0.12,0.12,-2.11,0,-1,3413122,407555.31
COSG,2019-05-05,0.13,0.13,0.12,0.12,-2.22,-0.01,-1,19647862,2397168.25
COSG,2019-05-02,0.13,0.13,0.12,0.13,-0.44,0,-1,8325616,1038973.06
COSG,2019-04-30,0.13,0.13,0.12,0.13,0,0,-1,6768705,849120.38
COSG,2019-04-24,0.13,0.13,0.12,0.13,-0.87,0,-1,11824585,1481859
COSG,2019-04-23,0.13,0.13,0.12,0.13,-1.29,0,-1,28987810,3665722.25
COSG,2019-04-22,0.13,0.13,0.13,0.13,0.14,0,-1,13034582,1669688.25
COSG,2019-04-21,0.13,0.13,0.13,0.13,1.01,0,-1,37470696,4794858.5
COSG,2019-04-18,0.13,0.13,0.13,0.13,-0.43,0,-1,9147267,1171565
COSG,2019-04-17,0.13,0.13,0.13,0.13,-2.24,0,-1,15859680,2042152.75
COSG,2019-04-16,0.13,0.13,0.13,0.13,0.42,0,-1,25236722,3324515
COSG,2019-04-15,0.13,0.13,0.13,0.13,-0.98,0,-1,10972891,1430648.75
COSG,2019-04-14,0.13,0.13,0.13,0.13,0.56,0,-1,20682260,2723946.25
COSG,2019-04-11,0.13,0.13,0.13,0.13,0.71,0,-1,14520126,1903979.25
COSG,2019-04-10,0.13,0.13,0.13,0.13,1.15,0,-1,17670771,2300011.5
COSG,2019-04-09,0.13,0.13,0.12,0.13,-3.32,0,-1,22812065,2934624
COSG,2019-04-08,0.14,0.14,0.13,0.13,-3.09,-0.01,-1,26201813,3486275.75
COSG,2019-04-07,0.14,0.14,0.13,0.14,-0.8,0,-1,15535543,2135355
COSG,2019-04-04,0.14,0.14,0.14,0.14,0,0,-1,20888662,2893027.5
COSG,2019-04-03,0.14,0.14,0.14,0.14,-1.7,0,-1,17679719,2447278.25
COSG,2019-04-02,0.14,0.14,0.14,0.14,0.92,0,-1,33911097,4776362.5
COSG,2019-04-01,0.14,0.14,0.14,0.14,-0.79,0,-1,24168430,3373053.5
COSG,2019-03-31,0.14,0.14,0.14,0.14,1.06,0,-1,28998657,4077666
COSG,2019-03-28,0.14,0.14,0.14,0.14,-0.26,0,-1,25790147,3592413.75
COSG,2019-03-27,0.14,0.14,0.14,0.14,-0.66,0,-1,37562020,5244247.5
COSG,2019-03-26,0.15,0.15,0.14,0.14,-6.16,-0.01,-1,70794093,9947908
COSG,2019-03-25,0.15,0.15,0.14,0.15,-3.1,0,-1,61814563,9252799
COSG,2019-03-24,0.16,0.16,0.15,0.15,-3.34,-0.01,-1,33710822,5210957
COSG,2019-03-21,0.16,0.16,0.16,0.16,-2.58,0,-1,31656398,5060524
COSG,2019-03-20,0.17,0.17,0.16,0.16,-1.02,0,-1,45581016,7476864
COSG,2019-03-19,0.16,0.16,0.16,0.16,-1.23,0,-1,65392763,10616939
COSG,2019-03-18,0.17,0.17,0.16,0.16,-3.88,-0.01,-1,34753788,5712545.5
COSG,2019-03-17,0.17,0.17,0.17,0.17,1.09,0,-1,23086255,3946555
COSG,2019-03-14,0.17,0.17,0.17,0.17,-0.76,0,-1,26337119,4449677.5
COSG,2019-03-13,0.17,0.17,0.17,0.17,0.33,0,-1,27587843,4696174
COSG,2019-03-12,0.17,0.17,0.17,0.17,-0.33,0,-1,22970744,3898937.25
COSG,2019-03-11,0.17,0.17,0.17,0.17,-2.22,0,-1,21927561,3733946.25
COSG,2019-03-10,0.18,0.18,0.17,0.17,0.53,0,-1,56183294,9782404
COSG,2019-03-07,0.18,0.18,0.17,0.17,2.51,0,-1,35124239,6083331
COSG,2019-03-06,0.17,0.17,0.17,0.17,-0.65,0,-1,31604120,5339695
COSG,2019-03-05,0.17,0.17,0.17,0.17,-0.43,0,-1,21999796,3738921
COSG,2019-03-04,0.17,0.17,0.17,0.17,-0.64,0,-1,12157291,2076406.38
COSG,2019-03-03,0.18,0.18,0.17,0.17,-1.27,0,-1,9326825,1603293.75
COSG,2019-02-28,0.18,0.18,0.17,0.17,-0.74,-0.01,-1,29295516,5101522.5
COSG,2019-02-27,0.18,0.18,0.17,0.18,2.26,0.01,-1,46533633,8162502
COSG,2019-02-26,0.17,0.17,0.17,0.17,0.43,0,-1,12281317,2106679
COSG,2019-02-25,0.17,0.17,0.17,0.17,-0.75,0,-1,7295774,1245435.25
COSG,2019-02-24,0.18,0.18,0.17,0.17,-0.64,0,-1,10983900,1889362.5
COSG,2019-02-21,0.18,0.18,0.17,0.17,2.18,0,-1,55652103,9632576
COSG,2019-02-20,0.17,0.17,0.17,0.17,0.44,0,-1,32739766,5545684
COSG,2019-02-19,0.17,0.17,0.17,0.17,-2.14,0,-1,37461368,6317304
COSG,2019-02-18,0.18,0.18,0.17,0.17,-0.32,0,-1,27081707,4669417.5
COSG,2019-02-17,0.18,0.18,0.17,0.17,2.72,0,-1,52176996,9028065
COSG,2019-02-14,0.18,0.18,0.17,0.17,2.57,0,-1,59401944,10068792
COSG,2019-02-13,0.17,0.17,0.16,0.17,2.4,0.01,-1,70966439,11725703
COSG,2019-02-12,0.16,0.16,0.16,0.16,0.92,0,-1,37755407,6093631.5
COSG,2019-02-11,0.16,0.16,0.15,0.16,1.18,0.01,-1,35800280,5634916
COSG,2019-02-10,0.16,0.16,0.15,0.15,0.6,0,-1,20716045,3223595.5
COSG,2019-02-07,0.16,0.16,0.15,0.15,0.36,0,-1,29008852,4488452.5
COSG,2019-02-06,0.16,0.16,0.15,0.15,-0.36,0,-1,17665510,2723759
COSG,2019-02-05,0.16,0.16,0.15,0.15,-2.56,-0.01,-1,54250401,8389363
COSG,2019-02-04,0.17,0.17,0.15,0.16,2.38,0.01,-1,71331249,11319003
COSG,2019-02-03,0.16,0.16,0.15,0.15,7.96,0.01,-1,103982511,16120205
COSG,2019-01-31,0.14,0.14,0.13,0.14,9.41,0.01,-1,70389423,10105582
COSG,2019-01-30,0.13,0.13,0.13,0.13,1.28,0,-1,20420867,2681410.5
COSG,2019-01-29,0.13,0.13,0.13,0.13,-0.28,0,-1,20364359,2641674.25
COSG,2019-01-28,0.13,0.13,0.13,0.13,-0.14,0,-1,9131919,1187021.88
COSG,2019-01-27,0.13,0.13,0.13,0.13,0.14,0,-1,8714939,1136339.75
COSG,2019-01-23,0.13,0.13,0.13,0.13,-2.098,0,-1,17380962,2243043.5
COSG,2019-01-22,0.14,0.14,0.13,0.13,-3.117,-0.01,-1,15072249,1986908.5
COSG,2019-01-21,0.14,0.14,0.13,0.14,-0.81,0,-1,30073836,4095138.25
COSG,2019-01-20,0.14,0.14,0.13,0.14,2.2,0.01,-1,27940180,3832696.25
COSG,2019-01-17,0.14,0.14,0.13,0.13,2.1,0,-1,61268188,8224895.5
COSG,2019-01-16,0.13,0.13,0.13,0.13,1.86,0,-1,44934477,5909980.5
COSG,2019-01-15,0.13,0.13,0.13,0.13,1.16,0,-1,10743387,1387342.88
COSG,2019-01-14,0.13,0.13,0.13,0.13,-0.29,0,-1,15620956,1993585.63
COSG,2019-01-13,0.13,0.13,0.13,0.13,-0.86,0,-1,15582235,1992826.63
COSG,2019-01-10,0.13,0.13,0.13,0.13,-1.82,0,-1,25625394,3306801
COSG,2019-01-09,0.13,0.13,0.13,0.13,0.71,0,-1,46323815,6090756.5
COSG,2019-01-08,0.13,0.13,0.13,0.13,1.87,0,-1,47708760,6229782
COSG,2019-01-06,0.13,0.13,0.13,0.13,2.81,0,-1,30001872,3842398
COSG,2019-01-03,0.13,0.13,0.12,0.13,-0.15,0,-1,5572103,694488.81
COSG,2019-01-02,0.13,0.13,0.12,0.13,0.74,0.01,-1,13331008,1664663.38
COSG,2018-12-31,0.13,0.13,0.12,0.12,0,0,-1,12731215,1578064.75
COSG,2018-12-30,0.13,0.13,0.12,0.12,-1.03,-0.01,-1,16540818,2048201.5
COSG,2018-12-27,0.13,0.13,0.12,0.13,-0.29,0,-1,20673149,2587936.25
COSG,2018-12-26,0.13,0.13,0.12,0.13,1.34,0.01,-1,15437982,1938940
COSG,2018-12-25,0.13,0.13,0.12,0.12,-0.88,-0.01,-1,15359781,1904074
COSG,2018-12-24,0.13,0.13,0.12,0.13,-2.16,0,-1,12954212,1619707
COSG,2018-12-23,0.13,0.13,0.13,0.13,1.17,0,-1,23556219,3010873.25
COSG,2018-12-20,0.13,0.13,0.12,0.13,-0.15,0,-1,33779478,4266037.5
COSG,2018-12-19,0.13,0.13,0.12,0.13,1.18,0,-1,18673118,2361755.5
COSG,2018-12-18,0.13,0.13,0.12,0.13,1.5,0.01,-1,26045791,3255470.25
COSG,2018-12-17,0.12,0.12,0.12,0.12,-0.15,0,-1,11549852,1421873.13
COSG,2018-12-16,0.13,0.13,0.12,0.12,0.3,0,-1,13589092,1675378.75
COSG,2018-12-13,0.13,0.13,0.12,0.12,1.83,0,-1,18068499,2223119.75
COSG,2018-12-12,0.12,0.12,0.12,0.12,0.61,0,-1,23316357,2817794
COSG,2018-12-11,0.12,0.12,0.12,0.12,0.62,0,-1,10438230,1252789.5
COSG,2018-12-10,0.12,0.12,0.12,0.12,1.89,0,-1,11882016,1418296.63
COSG,2018-12-09,0.12,0.12,0.11,0.12,-7.6,-0.01,-1,13281929,1555453.75
COSG,2018-12-06,0.13,0.13,0.12,0.13,-3.53,0,-1,15624210,1969878.13
COSG,2018-12-05,0.13,0.13,0.13,0.13,-2.61,0,-1,17878312,2336258.25
COSG,2018-12-04,0.14,0.14,0.13,0.13,-3.18,-0.01,-1,16254588,2182749.25
COSG,2018-12-03,0.14,0.14,0.13,0.14,-2.33,0,-1,14977454,2081494.88
COSG,2018-12-02,0.15,0.15,0.14,0.14,-1.78,-0.01,-1,12684685,1806145.38
COSG,2018-11-29,0.15,0.15,0.14,0.15,-1.87,0,-1,20173738,2924624.5
COSG,2018-11-28,0.15,0.15,0.14,0.15,2.3,0.01,-1,48575530,7174441
COSG,2018-11-27,0.15,0.15,0.14,0.14,1.42,0,-1,23052036,3328623.5
COSG,2018-11-26,0.15,0.15,0.14,0.14,0,0,-1,21744207,3093415.25
COSG,2018-11-25,0.15,0.15,0.14,0.14,-4.81,-0.01,-1,10258455,1460439.88
COSG,2018-11-22,0.15,0.15,0.15,0.15,-1.93,0,-1,29802628,4459127.5
COSG,2018-11-21,0.15,0.15,0.15,0.15,-1.31,0,-1,14781030,2254597.5
COSG,2018-11-19,0.16,0.16,0.15,0.15,0.24,0,-1,18417474,2845716.25
COSG,2018-11-18,0.15,0.15,0.15,0.15,0.966,0,-1,29521116,4551775.5
COSG,2018-11-15,0.16,0.16,0.15,0.15,-0.719,0,-1,10413284,1590809.63
COSG,2018-11-14,0.15,0.15,0.15,0.15,0.48,0,-1,15908759,2446669.75
COSG,2018-11-13,0.15,0.15,0.15,0.15,0.24,0,-1,9776669,1495909.75
COSG,2018-11-12,0.15,0.15,0.15,0.15,-0.84,0,-1,13358232,2038391.5
COSG,2018-11-11,0.16,0.16,0.15,0.15,-2.68,-0.01,-1,14975990,2306026.75
COSG,2018-11-08,0.16,0.16,0.16,0.16,-2.055,0,-1,12185708,1927986.75
COSG,2018-11-07,0.17,0.17,0.16,0.16,1.98,0,-1,29707127,4799626
COSG,2018-11-06,0.16,0.16,0.16,0.16,1.66,0,-1,21783307,3451539
COSG,2018-11-05,0.16,0.16,0.15,0.16,1.81,0.01,-1,26819935,4181029
COSG,2018-11-04,0.15,0.15,0.15,0.15,1.72,0,-1,14910804,2281548.75
COSG,2018-11-01,0.15,0.15,0.15,0.15,0,0,-1,10927229,1644608
COSG,2018-10-31,0.15,0.15,0.15,0.15,0,0,-1,16243417,2444948.75
COSG,2018-10-30,0.15,0.15,0.15,0.15,0.49,0,-1,13489362,2029271.25
COSG,2018-10-29,0.15,0.15,0.15,0.15,-0.73,0,-1,17150210,2567093.5
COSG,2018-10-28,0.15,0.15,0.15,0.15,4.071,0,-1,12514184,1886656.13
COSG,2018-10-25,0.15,0.15,0.14,0.15,6.15,0.01,-1,18926213,2742088.25
COSG,2018-10-24,0.15,0.15,0.14,0.14,-6.24,-0.01,-1,11654192,1679041
COSG,2018-10-23,0.16,0.16,0.15,0.15,0.361,0,-1,7582872,1164359.88
COSG,2018-10-22,0.16,0.16,0.15,0.15,-0.72,0,-1,3698755,565994.25
COSG,2018-10-21,0.16,0.16,0.15,0.15,-0.24,0,-1,8472473,1305784
COSG,2018-10-18,0.16,0.16,0.15,0.15,-1.988,-0.01,-1,13494730,2084887.75
COSG,2018-10-17,0.16,0.16,0.15,0.16,2.52,0.01,-1,27021294,4260962.5
COSG,2018-10-16,0.15,0.15,0.15,0.15,-0.95,0,-1,9574334,1473244.25
COSG,2018-10-15,0.16,0.16,0.15,0.15,-5.07,-0.01,-1,20929172,3251429
COSG,2018-10-14,0.17,0.17,0.16,0.16,3.26,0,-1,9055454,1481724
COSG,2018-10-11,0.16,0.16,0.15,0.16,-1.49,0,-1,3359759,532226.56
COSG,2018-10-10,0.16,0.16,0.16,0.16,3.56,0.01,-1,10948433,1759659.38
COSG,2018-10-09,0.16,0.16,0.15,0.15,-2.21,-0.01,-1,4866452,755403.75
COSG,2018-10-08,0.16,0.16,0.15,0.16,-3.68,-0.01,-1,6723910,1067594
COSG,2018-10-04,0.17,0.17,0.16,0.17,-1.54,0,-1,3319411,549006.13
COSG,2018-10-03,0.17,0.17,0.16,0.17,1.79,0,-1,11916127,2000977.5
COSG,2018-10-02,0.17,0.17,0.16,0.17,2.29,0.01,-1,19941793,3291299.25
COSG,2018-10-01,0.16,0.16,0.15,0.16,2.34,0,-1,20059257,3234967
COSG,2018-09-30,0.16,0.16,0.15,0.16,-0.23,0,-1,5495475,866116.88
COSG,2018-09-27,0.16,0.16,0.15,0.16,-1.72,0,-1,3813291,602696.19
COSG,2018-09-26,0.16,0.16,0.16,0.16,-0.57,0,-1,7990741,1284676.25
COSG,2018-09-25,0.16,0.16,0.16,0.16,0.57,0,-1,3712042,600528.75
COSG,2018-09-24,0.16,0.16,0.16,0.16,1.75,0,-1,17786065,2860267.25
COSG,2018-09-23,0.16,0.16,0.16,0.16,3.63,0.01,-1,9514788,1504102
COSG,2018-09-20,0.16,0.16,0.15,0.15,-3.5,-0.01,-1,11234067,1713557.75
COSG,2018-09-19,0.17,0.17,0.15,0.16,-6.34,-0.01,-1,12942932,2046343.38
COSG,2018-09-18,0.18,0.18,0.16,0.17,-0.87,0,-1,12137931,2048657.75
COSG,2018-09-17,0.17,0.17,0.17,0.17,-1.18,0,-1,6732208,1146015.38
COSG,2018-09-16,0.18,0.18,0.16,0.17,-4.79,-0.01,-1,12861695,2215037.25
COSG,2018-09-13,0.18,0.18,0.18,0.18,-0.2,0,-1,10850275,1962665.5
COSG,2018-09-12,0.18,0.18,0.18,0.18,0.2,0,-1,20864638,3782682.25
COSG,2018-09-10,0.18,0.18,0.18,0.18,1.76,0,-1,24719144,4471478.5
COSG,2018-09-09,0.18,0.18,0.18,0.18,2.34,0.01,-1,22544707,4008291
COSG,2018-09-06,0.18,0.18,0.17,0.17,2.17,0,-1,14459984,2510739.5
COSG,2018-09-05,0.17,0.17,0.17,0.17,-0.75,0,-1,9132787,1551880.75
COSG,2018-09-04,0.18,0.18,0.17,0.17,-1.91,0,-1,5387610,922566.56
COSG,2018-09-03,0.18,0.18,0.17,0.17,0.11,0,-1,21701093,3773180.75
COSG,2018-09-02,0.18,0.18,0.17,0.17,4.09,0,-1,27816914,4833662
COSG,2018-08-30,0.17,0.17,0.16,0.17,0.56,0,-1,9048675,1509606.5
COSG,2018-08-29,0.17,0.17,0.16,0.17,-0.77,0,-1,8033475,1332880.75
COSG,2018-08-28,0.17,0.17,0.17,0.17,0.67,0,-1,10127054,1693730.63
COSG,2018-08-27,0.17,0.17,0.16,0.17,0,0,-1,10107205,1680087.38
COSG,2018-08-26,0.17,0.17,0.16,0.17,-0.55,0,-1,1996885,331948.84
COSG,2018-08-19,0.17,0.17,0.16,0.17,-0.98,0,-1,2409473,402530.47
COSG,2018-08-16,0.17,0.17,0.17,0.17,0.55,0,-1,6336648,1069284.88
COSG,2018-08-15,0.17,0.17,0.17,0.17,-0.55,0,-1,12485170,2094206.13
COSG,2018-08-14,0.17,0.17,0.17,0.17,-0.11,0,-1,9184252,1550199
COSG,2018-08-13,0.18,0.18,0.16,0.17,-2.24,0,-1,13004810,2197516.25
COSG,2018-08-12,0.18,0.18,0.17,0.17,-1.47,-0.01,-1,4755496,821738.13
COSG,2018-08-09,0.18,0.18,0.17,0.18,-1.14,0,-1,8834355,1548764
COSG,2018-08-08,0.18,0.18,0.18,0.18,0.84,0,-1,10636118,1885790.5
COSG,2018-08-07,0.18,0.18,0.18,0.18,0.63,0,-1,4187049,736789.19
COSG,2018-08-06,0.18,0.18,0.17,0.18,-0.63,0,-1,7468607,1305860.25
COSG,2018-08-05,0.18,0.18,0.17,0.18,0.85,0,-1,10464369,1840270.13
COSG,2018-08-02,0.18,0.18,0.17,0.18,3.16,0.01,-1,26221933,4576219.5
COSG,2018-08-01,0.17,0.17,0.17,0.17,0.88,0,-1,5554478,939463.81
COSG,2018-07-31,0.17,0.17,0.17,0.17,2.25,0.01,-1,9082515,1522573.88
COSG,2018-07-30,0.17,0.17,0.16,0.16,-1.55,-0.01,-1,1946559,319262.69
COSG,2018-07-29,0.17,0.17,0.16,0.17,1.92,0.01,-1,7157106,1191232.13
COSG,2018-07-26,0.17,0.17,0.16,0.16,2.43,0,-1,6962580,1138060.88
COSG,2018-07-25,0.16,0.16,0.16,0.16,-0.68,0,-1,6746253,1076395.88
COSG,2018-07-24,0.16,0.16,0.16,0.16,-1.01,0,-1,1255063,203088.13
COSG,2018-07-22,0.17,0.17,0.16,0.16,0.92,0,-1,2889090,472587
COSG,2018-07-19,0.16,0.16,0.16,0.16,-1.7,0,-1,5222315,833307.44
COSG,2018-07-18,0.16,0.16,0.16,0.16,2.09,0,-1,3677497,596733.75
COSG,2018-07-17,0.16,0.16,0.16,0.16,-2.49,0,-1,3315940,527273.13
COSG,2018-07-16,0.17,0.17,0.16,0.16,-1.56,-0.01,-1,2966640,483325.88
COSG,2018-07-15,0.17,0.17,0.16,0.17,-0.88,0,-1,6902601,1142416.25
COSG,2018-07-12,0.17,0.17,0.17,0.17,-0.44,0,-1,8486844,1418605.5
COSG,2018-07-11,0.17,0.17,0.17,0.17,1.45,0,-1,14152007,2375609
COSG,2018-07-10,0.17,0.17,0.16,0.17,-0.22,0,-1,7090131,1172926.88
COSG,2018-07-09,0.17,0.17,0.16,0.17,-0.11,0,-1,6946419,1151839.5
COSG,2018-07-08,0.17,0.17,0.16,0.17,-1.42,0,-1,10175753,1689059.63
COSG,2018-07-05,0.17,0.17,0.16,0.17,4.22,0.01,-1,16755518,2821011
COSG,2018-07-04,0.16,0.16,0.16,0.16,0.34,0,-1,8415422,1358848.5
COSG,2018-07-03,0.16,0.16,0.16,0.16,1.39,0,-1,6671578,1074300.75
COSG,2018-07-02,0.16,0.16,0.16,0.16,-1.37,0,-1,11330977,1798011.63
COSG,2018-06-28,0.16,0.16,0.16,0.16,0.58,0,-1,7033948,1132493.25
COSG,2018-06-27,0.16,0.16,0.16,0.16,0.23,0,-1,4662653,746380.88
COSG,2018-06-26,0.16,0.16,0.16,0.16,-4.52,-0.01,-1,10538015,1681877.38
COSG,2018-06-25,0.17,0.17,0.16,0.17,-1.52,0,-1,8914725,1490316.75
COSG,2018-06-24,0.18,0.18,0.17,0.17,2.11,0,-1,16472705,2796588.25
COSG,2018-06-21,0.17,0.17,0.16,0.17,-0.55,0,-1,7314538,1216383.5
COSG,2018-06-20,0.17,0.17,0.16,0.17,2.02,0.01,-1,14437749,2415770.5
COSG,2018-06-19,0.17,0.17,0.16,0.16,5.83,0.01,-1,26365915,4323564
COSG,2018-06-14,0.16,0.16,0.15,0.15,0.48,0,-1,8997427,1394058.5
COSG,2018-06-13,0.16,0.16,0.15,0.15,0.6,0,-1,7116162,1096613.25
COSG,2018-06-12,0.16,0.16,0.15,0.15,-0.12,0,-1,15312383,2347786
COSG,2018-06-11,0.16,0.16,0.15,0.15,-5.6,-0.01,-1,19263583,2964658.25
COSG,2018-06-10,0.16,0.16,0.15,0.16,-2.86,0,-1,18550123,2932885
COSG,2018-06-07,0.17,0.17,0.16,0.16,-8.66,-0.02,-1,10154549,1639133.25
COSG,2018-06-06,0.19,0.19,0.17,0.18,-6.63,-0.01,-1,7183191,1268406.13
COSG,2018-06-05,0.2,0.2,0.18,0.19,-4.65,-0.01,-1,13072652,2472921.25
COSG,2018-06-04,0.2,0.2,0.19,0.2,-1.19,0,-1,3169897,629024.44
COSG,2018-06-03,0.21,0.21,0.2,0.2,0.28,0,-1,1704527,342422.88
COSG,2018-05-31,0.2,0.2,0.2,0.2,-0.73,0,-1,4740257,948834.44
COSG,2018-05-30,0.21,0.21,0.2,0.2,-0.45,0,-1,5021390,1012888.69
COSG,2018-05-29,0.21,0.21,0.2,0.2,-0.72,0,-1,4774694,967707.81
COSG,2018-05-28,0.21,0.21,0.2,0.2,-0.71,-0.01,-1,3185407,650088.06
COSG,2018-05-27,0.22,0.22,0.2,0.21,-1.81,0,-1,6249391,1302368.25
COSG,2018-05-24,0.22,0.22,0.2,0.21,0,0,-1,12611148,2698278.5
COSG,2018-05-23,0.22,0.22,0.21,0.21,-0.94,-0.01,-1,4712057,1007660.13
COSG,2018-05-22,0.22,0.22,0.21,0.22,-2.58,0,-1,6529602,1409886.13
COSG,2018-05-21,0.23,0.23,0.22,0.22,2.12,0,-1,8165527,1809946
COSG,2018-05-20,0.23,0.23,0.21,0.22,-3.45,0,-1,8554090,1856418
COSG,2018-05-17,0.23,0.23,0.22,0.22,0.74,0,-1,4483475,1007453.06
COSG,2018-05-16,0.23,0.23,0.22,0.22,-0.82,0,-1,3296688,735411.63
COSG,2018-05-15,0.23,0.23,0.22,0.22,-0.08,0,-1,6457692,1452325
COSG,2018-05-14,0.23,0.23,0.22,0.22,-1.53,-0.01,-1,4860975,1094833.38
COSG,2018-05-13,0.24,0.24,0.22,0.23,0.32,0,-1,13204704,3020296.75
COSG,2018-05-10,0.23,0.23,0.22,0.23,-0.8,0,-1,14938570,3403607
COSG,2018-05-09,0.24,0.24,0.22,0.23,0,0,-1,9231487,2121354.75
COSG,2018-05-08,0.24,0.24,0.23,0.23,-2.04,0,-1,16069770,3693187.75
COSG,2018-05-07,0.24,0.24,0.23,0.23,-0.78,-0.01,-1,12285113,2881822.5
COSG,2018-05-06,0.24,0.24,0.23,0.24,-1.23,0,-1,12260275,2897352.75
COSG,2018-05-03,0.24,0.24,0.24,0.24,1.01,0,-1,19014718,4550120
COSG,2018-05-02,0.24,0.24,0.21,0.24,3.3,0.01,-1,20130895,4771310
COSG,2018-04-30,0.23,0.23,0.22,0.23,4.59,0.01,-1,29476863,6762348
COSG,2018-04-29,0.23,0.23,0.21,0.22,3.36,0.01,-1,33947106,7499234.5
COSG,2018-04-26,0.22,0.22,0.21,0.21,0.7,0,-1,15932349,3405491
COSG,2018-04-24,0.22,0.22,0.21,0.21,3.6,0.01,-1,32908641,6985546.5
COSG,2018-04-23,0.21,0.21,0.2,0.2,0.82,0,-1,13143369,2692101
COSG,2018-04-22,0.2,0.2,0.2,0.2,0.73,0,-1,7305264,1483866
COSG,2018-04-19,0.2,0.2,0.2,0.2,1.2,0,-1,9606547,1937702.38
COSG,2018-04-18,0.2,0.2,0.2,0.2,1.5,0,-1,20981559,4181002
COSG,2018-04-17,0.2,0.2,0.19,0.2,0.38,0,-1,6875702,1350232.25
COSG,2018-04-16,0.2,0.2,0.19,0.2,-1.39,0,-1,4841994,947442.5
COSG,2018-04-15,0.2,0.2,0.2,0.2,1.59,0,-1,5276112,1047144.13
COSG,2018-04-12,0.2,0.2,0.2,0.2,-1.39,0,-1,5256372,1035506.19
COSG,2018-04-11,0.21,0.21,0.2,0.2,-0.46,0,-1,5674599,1133528.75
COSG,2018-04-10,0.2,0.2,0.2,0.2,-0.27,0,-1,1698399,340701.03
COSG,2018-04-05,0.21,0.21,0.2,0.2,-2.24,-0.01,-1,6702543,1348922
COSG,2018-04-04,0.21,0.21,0.2,0.21,0.9,0.01,-1,11377724,2342164.75
COSG,2018-04-03,0.21,0.21,0.2,0.2,2.12,0,-1,20843867,4249127
COSG,2018-04-02,0.2,0.2,0.2,0.2,-1.1,0,-1,2800043,559095.06
COSG,2018-04-01,0.21,0.21,0.2,0.2,0.83,0,-1,10719633,2163494.75
COSG,2018-03-29,0.2,0.2,0.2,0.2,-1.27,0,-1,8292969,1660050.75
COSG,2018-03-28,0.21,0.21,0.2,0.2,-0.36,0,-1,11925617,2418530.5
COSG,2018-03-27,0.21,0.21,0.2,0.2,0.73,0,-1,17206230,3503368.75
COSG,2018-03-26,0.21,0.21,0.2,0.2,-1.17,0,-1,9743968,1969309.38
COSG,2018-03-25,0.21,0.21,0.2,0.2,0.82,0,-1,9774174,1998728
COSG,2018-03-22,0.21,0.21,0.2,0.2,-0.09,0,-1,11760756,2386387.75
COSG,2018-03-21,0.2,0.2,0.2,0.2,0.92,0,-1,13814312,2804152.5
COSG,2018-03-20,0.2,0.2,0.2,0.2,2.54,0,-1,22455497,4516637
COSG,2018-03-19,0.2,0.2,0.2,0.2,-0.75,0,-1,11854195,2326280.5
COSG,2018-03-18,0.2,0.2,0.2,0.2,0.94,0,-1,13018205,2573414
COSG,2018-03-15,0.2,0.2,0.19,0.2,-1.76,0,-1,9070259,1776241
COSG,2018-03-14,0.2,0.2,0.19,0.2,0.65,0,-1,22003321,4385501.5
COSG,2018-03-13,0.2,0.2,0.2,0.2,2.09,0.01,-1,18332278,3629562.75
COSG,2018-03-12,0.2,0.2,0.19,0.19,3.89,0,-1,24722018,4796781.5
COSG,2018-03-11,0.2,0.2,0.18,0.19,-2.65,-0.01,-1,19301707,3657837.5
COSG,2018-03-08,0.2,0.2,0.19,0.2,-2.03,0,-1,13464415,2622654.5
COSG,2018-03-07,0.2,0.2,0.2,0.2,-0.18,0,-1,10205688,2036323.63
COSG,2018-03-06,0.2,0.2,0.2,0.2,-0.37,0,-1,4796278,958769.88
COSG,2018-03-05,0.2,0.2,0.2,0.2,-0.09,0,-1,10954236,2196821.5
COSG,2018-03-04,0.2,0.2,0.2,0.2,0.09,0,-1,8218890,1650088.88
COSG,2018-03-01,0.2,0.2,0.2,0.2,-2.26,0,-1,5422263,1087880.13
COSG,2018-02-28,0.21,0.21,0.2,0.2,0,0,-1,11093609,2262540.75
COSG,2018-02-27,0.21,0.21,0.2,0.2,2.1,0,-1,19414507,3960258.75
COSG,2018-02-26,0.2,0.2,0.2,0.2,-0.27,0,-1,10226405,2062338.5
COSG,2018-02-25,0.2,0.2,0.2,0.2,0.82,0,-1,12505615,2530112.5
COSG,2018-02-22,0.2,0.2,0.2,0.2,-0.27,0,-1,11340088,2282137.5
COSG,2018-02-21,0.21,0.21,0.2,0.2,-2.06,-0.01,-1,10267078,2070737
COSG,2018-02-20,0.21,0.21,0.2,0.21,-1.33,0,-1,16468420,3391383.25
COSG,2018-02-19,0.22,0.22,0.2,0.21,-3.81,0,-1,20350530,4248623
COSG,2018-02-18,0.22,0.22,0.21,0.21,3.31,0,-1,28908850,6153237
COSG,2018-02-15,0.21,0.21,0.2,0.21,3.2,0.01,-1,19589998,4033991
COSG,2018-02-14,0.2,0.2,0.2,0.2,-0.82,0,-1,7005531,1415057.13
COSG,2018-02-13,0.21,0.21,0.2,0.2,1.75,0,-1,22197901,4520121.5
COSG,2018-02-12,0.2,0.2,0.19,0.2,4.43,0.01,-1,16736863,3348071
COSG,2018-02-11,0.2,0.2,0.19,0.19,2.47,0,-1,10909658,2089983.88
COSG,2018-02-08,0.19,0.19,0.18,0.19,-0.2,0,-1,4577728,856197.69
COSG,2018-02-07,0.19,0.19,0.19,0.19,2.4,0.01,-1,7462425,1406689.25
COSG,2018-02-06,0.19,0.19,0.18,0.18,-2.63,-0.01,-1,4475177,823517.63
COSG,2018-02-05,0.19,0.19,0.19,0.19,1.18,0,-1,4757611,899101.88
COSG,2018-02-04,0.19,0.19,0.18,0.19,-0.88,0,-1,4538790,847527
COSG,2018-02-01,0.19,0.19,0.19,0.19,1.29,0,-1,8592323,1618903.25
COSG,2018-01-31,0.19,0.19,0.18,0.19,0,0,-1,5272803,980935
COSG,2018-01-30,0.19,0.19,0.19,0.19,0.2,0,-1,3264313,612070.88
COSG,2018-01-29,0.19,0.19,0.19,0.19,-0.49,0,-1,3736229,699256.25
COSG,2018-01-28,0.19,0.19,0.19,0.19,-1.26,0,-1,3933358,739921.06
COSG,2018-01-24,0.19,0.19,0.19,0.19,0.29,0,-1,5618362,1066176.63
COSG,2018-01-23,0.19,0.19,0.19,0.19,0.88,0,-1,4200173,794331.88
COSG,2018-01-22,0.19,0.19,0.19,0.19,-1.17,0,-1,4640961,870449.5
COSG,2018-01-21,0.2,0.2,0.19,0.19,-3.14,0,-1,4743999,899929.38
COSG,2018-01-18,0.2,0.2,0.19,0.19,-0.09,0,-1,5014177,972540.44
COSG,2018-01-17,0.2,0.2,0.19,0.19,2.93,0,-1,11975781,2325151.75
COSG,2018-01-16,0.19,0.19,0.19,0.19,-0.49,0,-1,2664358,502751
COSG,2018-01-15,0.19,0.19,0.19,0.19,-0.19,0,-1,12053602,2284366
COSG,2018-01-14,0.2,0.2,0.19,0.19,-0.29,0,-1,15600186,2983892
COSG,2018-01-11,0.19,0.19,0.19,0.19,2.06,0,-1,17921263,3436461.5
COSG,2018-01-10,0.19,0.19,0.19,0.19,0.49,0,-1,10463935,1966365.63
COSG,2018-01-09,0.19,0.19,0.18,0.19,0.4,0,-1,6274175,1173764.25
COSG,2018-01-08,0.19,0.19,0.18,0.19,1.81,0.01,-1,10002703,1864368
COSG,2018-01-04,0.19,0.19,0.18,0.18,-0.9,0,-1,6827491,1249796
COSG,2018-01-03,0.19,0.19,0.18,0.18,-2.05,-0.01,-1,12990547,2399618.25
COSG,2018-01-02,0.19,0.19,0.19,0.19,0.1,0,-1,4122352,777541.63
COSG,2017-12-31,0.19,0.19,0.19,0.19,0.98,0,-1,4800453,904848.88
COSG,2017-12-28,0.19,0.19,0.19,0.19,-1.07,0,-1,5144873,967410.44
COSG,2017-12-27,0.19,0.19,0.19,0.19,-1.34,0,-1,1097522,208619.95
COSG,2017-12-26,0.2,0.2,0.19,0.19,0.77,0,-1,8646662,1665731.25
COSG,2017-12-25,0.2,0.2,0.19,0.19,2.27,0,-1,14692363,2810435.25
COSG,2017-12-24,0.19,0.19,0.19,0.19,-1.37,0,-1,4432281,828448.69
COSG,2017-12-21,0.19,0.19,0.19,0.19,-0.97,0,-1,3817250,717341.56
COSG,2017-12-20,0.19,0.19,0.19,0.19,0.19,0,-1,6235942,1183699.25
COSG,2017-12-19,0.19,0.19,0.19,0.19,-0.96,0,-1,2114295,400216.72
COSG,2017-12-18,0.2,0.2,0.19,0.19,-0.86,0,-1,5169277,988509.94
COSG,2017-12-17,0.2,0.2,0.19,0.19,0.77,0,-1,5425951,1046191.44
COSG,2017-12-14,0.19,0.19,0.19,0.19,1.37,0,-1,3378902,646711.06
COSG,2017-12-13,0.19,0.19,0.19,0.19,-0.39,0,-1,1576163,297571.03
COSG,2017-12-12,0.19,0.19,0.19,0.19,0,0,-1,2237019,424206.91
COSG,2017-12-11,0.19,0.19,0.19,0.19,0.97,0,-1,3142022,595395.44
COSG,2017-12-10,0.19,0.19,0.19,0.19,0.68,0,-1,2603782,494400.97
COSG,2017-12-07,0.19,0.19,0.19,0.19,0.2,0,-1,5313965,1002612.44
COSG,2017-12-06,0.19,0.19,0.19,0.19,-1.16,0,-1,7389376,1390938.75
COSG,2017-12-05,0.19,0.19,0.19,0.19,-1.15,0,-1,3785145,721168.31
COSG,2017-12-04,0.2,0.2,0.19,0.19,-0.1,0,-1,2039402,392906.88
COSG,2017-12-03,0.19,0.19,0.19,0.19,0.48,0,-1,3091750,596209.56
COSG,2017-11-29,0.2,0.2,0.19,0.19,-0.95,0,-1,8520413,1635423.38
COSG,2017-11-28,0.2,0.2,0.19,0.19,-0.47,-0.01,-1,2660290,515802
COSG,2017-11-27,0.2,0.2,0.19,0.2,-0.19,0,-1,5615650,1093138.63
COSG,2017-11-26,0.2,0.2,0.19,0.2,-0.84,0,-1,4986628,972581.25
COSG,2017-11-23,0.2,0.2,0.2,0.2,-0.47,0,-1,2936542,577713
COSG,2017-11-22,0.2,0.2,0.2,0.2,-0.65,0,-1,2040378,403234.63
COSG,2017-11-21,0.2,0.2,0.2,0.2,0.94,0,-1,8755775,1742384.88
COSG,2017-11-20,0.2,0.2,0.19,0.2,-1.66,0,-1,7802506,1538137.88
COSG,2017-11-19,0.2,0.2,0.19,0.2,0.74,0,-1,9056159,1814939.13
COSG,2017-11-16,0.2,0.2,0.2,0.2,0.37,0,-1,7382055,1468247.63
COSG,2017-11-15,0.2,0.2,0.2,0.2,0.47,0,-1,4853112,962332.19
COSG,2017-11-14,0.2,0.2,0.2,0.2,1.71,0.01,-1,2391577,471719.31
COSG,2017-11-13,0.2,0.2,0.19,0.19,-1.68,-0.01,-1,3396473,659008.25
COSG,2017-11-12,0.2,0.2,0.19,0.2,-1.29,0,-1,5259951,1038171.38
COSG,2017-11-09,0.2,0.2,0.2,0.2,0.37,0,-1,3357861,671365.75
COSG,2017-11-08,0.2,0.2,0.2,0.2,1.86,0,-1,1918251,381916.25
COSG,2017-11-07,0.2,0.2,0.2,0.2,-2.36,0,-1,3718767,736580.06
COSG,2017-11-06,0.21,0.21,0.2,0.2,1.1,0,-1,8870527,1799200.13
COSG,2017-11-05,0.2,0.2,0.2,0.2,-0.64,0,-1,3734060,748817.75
COSG,2017-11-02,0.21,0.21,0.2,0.2,-0.64,0,-1,5497427,1110351.63
COSG,2017-11-01,0.21,0.21,0.2,0.2,-0.27,0,-1,4275825,868976
COSG,2017-10-31,0.21,0.21,0.2,0.2,0,0,-1,6752273,1376012.88
COSG,2017-10-30,0.21,0.21,0.2,0.2,-0.54,0,-1,7997954,1630758.13
COSG,2017-10-29,0.21,0.21,0.2,0.2,-0.54,-0.01,-1,10035133,2057541.75
COSG,2017-10-26,0.21,0.21,0.2,0.21,-0.09,0,-1,7247020,1493799.25
COSG,2017-10-25,0.21,0.21,0.2,0.21,-2.1,0,-1,4710973,971719.19
COSG,2017-10-24,0.22,0.22,0.2,0.21,-0.09,0,-1,11165844,2353434.75
COSG,2017-10-23,0.22,0.22,0.21,0.21,-0.61,0,-1,6768325,1428092.13
COSG,2017-10-22,0.22,0.22,0.21,0.21,1.5,0,-1,24138170,5122431
COSG,2017-10-19,0.21,0.21,0.2,0.21,0.71,0,-1,14838894,3101823.25
COSG,2017-10-18,0.21,0.21,0.2,0.21,3.11,0.01,-1,17785469,3692443.25
COSG,2017-10-17,0.2,0.2,0.2,0.2,-0.91,0,-1,6668053,1342531.25
COSG,2017-10-16,0.21,0.21,0.2,0.2,-2.82,-0.01,-1,10082910,2048083
COSG,2017-10-15,0.21,0.21,0.2,0.21,1.7,0,-1,15435758,3227074
COSG,2017-10-12,0.21,0.21,0.2,0.21,-0.71,0,-1,8562496,1761173
COSG,2017-10-11,0.21,0.21,0.2,0.21,-0.09,0,-1,5645315,1169491.13
COSG,2017-10-10,0.21,0.21,0.21,0.21,-0.53,0,-1,7155533,1492754.38
COSG,2017-10-09,0.22,0.22,0.2,0.21,2.44,0.01,-1,19257346,4026667
COSG,2017-10-08,0.21,0.21,0.2,0.2,2.79,0,-1,13572335,2770067.5
COSG,2017-10-04,0.2,0.2,0.2,0.2,0.28,0,-1,7169416,1423612
COSG,2017-10-03,0.2,0.2,0.2,0.2,-0.92,0,-1,3693007,730863.88
COSG,2017-10-02,0.2,0.2,0.2,0.2,0.19,0,-1,8559785,1709718
COSG,2017-10-01,0.2,0.2,0.2,0.2,1.8,0,-1,6436433,1275015.63
COSG,2017-09-28,0.2,0.2,0.19,0.2,2.31,0.01,-1,6150203,1196545.13
COSG,2017-09-27,0.2,0.2,0.19,0.19,0.39,0,-1,5746455,1102549.13
COSG,2017-09-26,0.19,0.19,0.19,0.19,-0.19,0,-1,3473481,664147.44
COSG,2017-09-25,0.19,0.19,0.19,0.19,-0.1,0,-1,2038263,390600.03
COSG,2017-09-24,0.2,0.2,0.19,0.19,-0.19,0,-1,3846317,737333.94
COSG,2017-09-20,0.2,0.2,0.19,0.19,-1.23,-0.01,-1,4527130,870150.69
COSG,2017-09-19,0.2,0.2,0.19,0.2,-0.38,0,-1,2514138,489249.75
COSG,2017-09-18,0.2,0.2,0.19,0.2,-0.47,0,-1,4753978,928152.19
COSG,2017-09-17,0.2,0.2,0.19,0.2,-2.47,0,-1,6121786,1201202.25
COSG,2017-09-14,0.2,0.2,0.2,0.2,0,0,-1,4419320,888807.19
COSG,2017-09-13,0.2,0.2,0.2,0.2,0,0,-1,6665233,1340947.25
COSG,2017-09-12,0.21,0.21,0.2,0.2,1.49,0,-1,6158663,1238609
COSG,2017-09-11,0.2,0.2,0.19,0.2,3.37,0.01,-1,14040834,2782684.75
COSG,2017-09-10,0.2,0.2,0.19,0.19,-0.29,0,-1,7997683,1533161.5
COSG,2017-09-07,0.2,0.2,0.19,0.19,-1.04,0,-1,2757363,530495.75
COSG,2017-09-06,0.2,0.2,0.19,0.19,-0.85,-0.01,-1,2413378,468942.91
COSG,2017-09-05,0.2,0.2,0.19,0.2,-0.37,0,-1,462046,90608.5
COSG,2017-08-30,0.2,0.2,0.2,0.2,0.57,0,-1,1197198,235642.67
COSG,2017-08-29,0.2,0.2,0.19,0.2,1.24,0.01,-1,3024721,591745
COSG,2017-08-28,0.2,0.2,0.19,0.19,1.16,0,-1,2946141,569552.44
COSG,2017-08-27,0.2,0.2,0.19,0.19,-0.58,0,-1,1990432,380312.69
COSG,2017-08-24,0.2,0.2,0.19,0.19,-0.76,0,-1,5669990,1089779.88
COSG,2017-08-23,0.2,0.2,0.19,0.19,-0.85,-0.01,-1,2841692,550294.81
COSG,2017-08-22,0.2,0.2,0.19,0.2,-1.4,0,-1,5109677,997990.44
COSG,2017-08-21,0.2,0.2,0.19,0.2,-0.74,0,-1,2494507,493804.19
COSG,2017-08-20,0.2,0.2,0.2,0.2,-0.73,0,-1,1421334,283672.19
COSG,2017-08-17,0.2,0.2,0.2,0.2,-0.09,0,-1,3110135,625216.75
COSG,2017-08-16,0.2,0.2,0.2,0.2,-0.64,0,-1,1832241,368574.91
COSG,2017-08-15,0.21,0.21,0.2,0.2,-0.09,0,-1,2702319,547102.5
COSG,2017-08-14,0.21,0.21,0.2,0.2,-0.36,0,-1,8299314,1681172.75
COSG,2017-08-13,0.21,0.21,0.2,0.2,-0.99,0,-1,6934163,1410920.38
COSG,2017-08-10,0.21,0.21,0.2,0.2,-1.5,-0.01,-1,16657360,3421557.75
COSG,2017-08-09,0.22,0.22,0.21,0.21,-2.5,0,-1,7386610,1541066.25
COSG,2017-08-08,0.22,0.22,0.21,0.21,-0.6,-0.01,-1,5804102,1241253.88
COSG,2017-08-07,0.22,0.22,0.21,0.22,-2.75,0,-1,6245432,1343691.13
COSG,2017-08-06,0.23,0.23,0.22,0.22,1.61,0,-1,4615581,1021287.06
COSG,2017-08-03,0.22,0.22,0.21,0.22,4.42,0.01,-1,16519343,3596065
COSG,2017-08-02,0.21,0.21,0.2,0.21,1.89,0.01,-1,13088271,2730681.75
COSG,2017-08-01,0.21,0.21,0.2,0.2,0.27,0,-1,4784184,978919.81
COSG,2017-07-31,0.21,0.21,0.2,0.2,0.27,0,-1,4509939,920531.31
COSG,2017-07-30,0.21,0.21,0.2,0.2,-0.54,0,-1,7793992,1587320.13
COSG,2017-07-27,0.21,0.21,0.2,0.2,-0.45,-0.01,-1,2584096,528891.19
COSG,2017-07-26,0.21,0.21,0.2,0.21,0.18,0.01,-1,2729652,561009.56
COSG,2017-07-25,0.21,0.21,0.2,0.2,0.09,0,-1,3879290,796494.44
COSG,2017-07-24,0.21,0.21,0.2,0.2,-0.45,-0.01,-1,2829599,580173.81
COSG,2017-07-20,0.21,0.21,0.2,0.21,0.45,0.01,-1,4439548,914239.19
COSG,2017-07-19,0.21,0.21,0.2,0.2,-0.63,-0.01,-1,5542818,1136633
COSG,2017-07-18,0.21,0.21,0.2,0.21,-0.71,0,-1,10590944,2186281.25
COSG,2017-07-17,0.21,0.21,0.2,0.21,0.81,0,-1,5268465,1094689.25
COSG,2017-07-16,0.21,0.21,0.2,0.21,1.27,0.01,-1,7619152,1570686.63
COSG,2017-07-13,0.21,0.21,0.2,0.2,0,0,-1,12579478,2560962
COSG,2017-07-12,0.2,0.2,0.2,0.2,-0.81,0,-1,6082252,1238446.63
COSG,2017-07-11,0.21,0.21,0.2,0.2,3.34,0,-1,15431962,3165831.75
COSG,2017-07-10,0.21,0.21,0.19,0.2,-6.59,-0.01,-1,34955418,6939355
COSG,2017-07-09,0.22,0.22,0.21,0.21,6.14,0,-1,13364793,2842338.75
COSG,2017-07-06,0.21,0.21,0.21,0.21,-0.26,0,-1,4537760,954202.56
COSG,2017-07-05,0.22,0.22,0.21,0.21,0.35,0,-1,7093439,1495870.63
COSG,2017-07-04,0.22,0.22,0.2,0.21,2.33,0,-1,10801305,2274456
COSG,2017-07-03,0.21,0.21,0.2,0.21,-0.44,0,-1,4816235,991252.63
COSG,2017-07-02,0.21,0.21,0.2,0.21,0.27,0,-1,3379878,701095.06
COSG,2017-06-28,0.21,0.21,0.21,0.21,0,0,-1,6047707,1249443.38
COSG,2017-06-22,0.21,0.21,0.2,0.21,0.89,0,-1,9022536,1863790.63
COSG,2017-06-21,0.21,0.21,0.2,0.21,0.27,0,-1,7451687,1539192.63
COSG,2017-06-20,0.21,0.21,0.2,0.21,-0.27,0,-1,7797680,1605920.63
COSG,2017-06-19,0.21,0.21,0.2,0.21,-0.27,0,-1,1734788,358301.09
COSG,2017-06-18,0.21,0.21,0.2,0.21,0.9,0,-1,6379003,1320427.25
COSG,2017-06-15,0.21,0.21,0.2,0.21,-1.59,0,-1,6394296,1314964.13
COSG,2017-06-14,0.21,0.21,0.2,0.21,-1.4,0,-1,7433845,1553293.63
COSG,2017-06-13,0.21,0.21,0.21,0.21,-0.78,0,-1,4319752,913213.44
COSG,2017-06-12,0.22,0.22,0.21,0.21,-0.17,0,-1,2925587,622894.19
COSG,2017-06-11,0.22,0.22,0.21,0.21,4.31,0,-1,9780465,2096025.5
COSG,2017-06-08,0.21,0.21,0.21,0.21,0,0,-1,2448845,513699.78
COSG,2017-06-07,0.21,0.21,0.21,0.21,0.7,0,-1,4013348,843562.25
COSG,2017-06-06,0.21,0.21,0.21,0.21,0,0,-1,3214475,676195
COSG,2017-06-05,0.22,0.22,0.21,0.21,-0.78,0,-1,2921249,614244.69
COSG,2017-06-04,0.22,0.22,0.21,0.21,2.21,0,-1,6280303,1333407.38
COSG,2017-06-01,0.21,0.21,0.2,0.21,2.89,0.01,-1,8702845,1815930.38
COSG,2017-05-31,0.21,0.21,0.2,0.2,-3.65,-0.01,-1,10569740,2159923
COSG,2017-05-30,0.22,0.22,0.21,0.21,-1.72,0,-1,4746277,1008431.38
COSG,2017-05-29,0.22,0.22,0.21,0.21,-0.77,-0.01,-1,4412866,944376.75
COSG,2017-05-28,0.22,0.22,0.22,0.22,-2.67,0,-1,1140961,247098
COSG,2017-05-25,0.23,0.23,0.22,0.22,1.03,0,-1,11627185,2567334.25
COSG,2017-05-24,0.22,0.22,0.21,0.22,2.54,0.01,-1,9878135,2126732.5
COSG,2017-05-23,0.21,0.21,0.2,0.21,0,0,-1,11389709,2395902
COSG,2017-05-22,0.23,0.23,0.21,0.21,-8.87,-0.02,-1,16234632,3415938.5
COSG,2017-05-21,0.25,0.25,0.22,0.23,-6.78,-0.02,-1,25336724,5849554.5
COSG,2017-05-18,0.25,0.25,0.25,0.25,-3.31,-0.01,-1,13576890,3362203.5
COSG,2017-05-17,0.26,0.26,0.25,0.26,0.73,0.01,-1,2023730,518170.16
COSG,2017-05-16,0.26,0.26,0.25,0.25,0.8,0,-1,4948937,1258346.25
COSG,2017-05-15,0.26,0.26,0.25,0.25,-1.3,-0.01,-1,2799555,706130.25
COSG,2017-05-14,0.26,0.26,0.25,0.26,0.8,0.01,-1,9567772,2445230.75
COSG,2017-05-11,0.26,0.26,0.25,0.25,-2.41,-0.01,-1,10927337,2769854.75
COSG,2017-05-10,0.27,0.27,0.26,0.26,0.5,0,-1,18494319,4803678.5
COSG,2017-05-09,0.27,0.27,0.25,0.26,4.16,0.01,-1,45953798,11883489
COSG,2017-05-08,0.25,0.25,0.25,0.25,9.88,0.02,-1,29621822,7353955
COSG,2017-05-07,0.23,0.23,0.22,0.23,8.89,0.02,-1,13397061,3026241.25
COSG,2017-05-04,0.22,0.22,0.2,0.21,-3.6,-0.02,-1,48376287,10034978
COSG,2017-05-03,0.28,0.28,0.23,0.23,-7.01,-0.05,-1,41649610,9777401
COSG,2017-04-30,0.31,0.31,0.28,0.28,-9.14,-0.06,-1,3439478,964899.5
COSG,2017-04-27,0.35,0.35,0.34,0.34,0.6,0,-1,17408999,5969028
COSG,2017-04-26,0.34,0.34,0.34,0.34,2.38,0.01,-1,15687552,5345166.5
COSG,2017-04-24,0.34,0.34,0.33,0.33,-0.55,-0.01,-1,17284485,5754029.5
COSG,2017-04-23,0.35,0.35,0.32,0.34,-4.72,-0.02,-1,30093088,10070083
COSG,2017-04-20,0.38,0.38,0.34,0.36,-2.76,-0.01,-1,44701718,16267742
COSG,2017-04-19,0.38,0.38,0.37,0.37,-1.07,-0.01,-1,26971510,10096972
COSG,2017-04-18,0.39,0.39,0.37,0.38,-0.15,0,-1,21224242,8029263
COSG,2017-04-13,0.38,0.38,0.37,0.38,-0.53,0,-1,30665005,11619505
COSG,2017-04-12,0.39,0.39,0.38,0.38,0,0,-1,21924470,8350796
COSG,2017-04-11,0.38,0.38,0.38,0.38,1.18,0,-1,29287110,11158494
COSG,2017-04-10,0.38,0.38,0.37,0.38,-0.87,0,-1,27348360,10295981
COSG,2017-04-09,0.39,0.39,0.37,0.38,-1.81,-0.01,-1,47300023,17965798
COSG,2017-04-06,0.39,0.39,0.38,0.39,0,0,-1,20014299,7742291.5
COSG,2017-04-05,0.39,0.39,0.38,0.39,-0.66,0,-1,25276311,9780695
COSG,2017-04-04,0.39,0.39,0.39,0.39,0.91,0,-1,32193879,12539699
COSG,2017-04-03,0.39,0.39,0.38,0.39,0.14,0,-1,43212216,16679542
COSG,2017-04-02,0.4,0.4,0.37,0.39,-2.2,0,-1,27385996,10548281
COSG,2017-03-30,0.4,0.4,0.39,0.39,-0.65,-0.01,-1,30882959,12162291
COSG,2017-03-29,0.4,0.4,0.39,0.4,-0.56,0,-1,20463222,8113275.5
COSG,2017-03-28,0.4,0.4,0.39,0.4,0.09,0,-1,26721778,10653111
COSG,2017-03-27,0.41,0.41,0.39,0.4,-1.99,-0.01,-1,39330648,15753744
COSG,2017-03-26,0.41,0.41,0.4,0.41,2.55,0.01,-1,43615476,17789848
COSG,2017-03-23,0.41,0.41,0.39,0.4,1.36,0.01,-1,37405944,14875634
COSG,2017-03-22,0.4,0.4,0.39,0.39,-0.47,0,-1,22563037,8853208
COSG,2017-03-21,0.4,0.4,0.39,0.39,0.23,0,-1,42328959,16690103
COSG,2017-03-20,0.4,0.4,0.39,0.39,-0.33,0,-1,25092957,9867589
COSG,2017-03-19,0.4,0.4,0.39,0.39,1.47,0,-1,19878451,7844631
COSG,2017-03-16,0.39,0.39,0.39,0.39,-0.24,-0.01,-1,47144868,18330684
COSG,2017-03-15,0.41,0.41,0.38,0.4,-4.58,-0.01,-1,39792532,15756032
COSG,2017-03-14,0.43,0.43,0.41,0.41,-2,-0.02,-1,60121858,24940580
COSG,2017-03-13,0.45,0.45,0.41,0.43,-3.9,-0.01,-1,63271038,27036908
COSG,2017-03-12,0.45,0.45,0.44,0.44,0.88,0,-1,21330426,9483320
COSG,2017-03-09,0.45,0.45,0.44,0.44,0.55,0,-1,53255483,23466238
COSG,2017-03-08,0.44,0.44,0.43,0.44,-0.13,0,-1,53013939,23240570
COSG,2017-03-07,0.45,0.45,0.43,0.44,-0.08,0,-1,47669768,20938862
COSG,2017-03-06,0.44,0.44,0.43,0.44,2.94,0.01,-1,30389513,13358875
COSG,2017-03-05,0.43,0.43,0.42,0.43,2.61,0.01,-1,31449670,13428213
COSG,2017-03-02,0.42,0.42,0.41,0.42,3.25,0.02,-1,48230785,20069744
COSG,2017-03-01,0.41,0.41,0.4,0.4,3.65,0.01,-1,52198254,21043806
COSG,2017-02-28,0.4,0.4,0.38,0.39,2.88,0.01,-1,50097246,19479266
COSG,2017-02-27,0.38,0.38,0.37,0.38,1.28,0.01,-1,26503824,10018444
COSG,2017-02-26,0.38,0.38,0.37,0.37,-1.17,-0.01,-1,30518420,11388517
COSG,2017-02-23,0.39,0.39,0.36,0.38,-3.17,-0.01,-1,48446027,18298928
COSG,2017-02-22,0.41,0.41,0.38,0.39,-4.21,-0.02,-1,32918457,12838497
COSG,2017-02-21,0.42,0.42,0.39,0.41,0.64,0.01,-1,97161961,39566784
COSG,2017-02-20,0.41,0.41,0.4,0.4,1.29,0,-1,40911584,16552057
COSG,2017-02-19,0.41,0.41,0.39,0.4,2.12,0.01,-1,73101775,29196880
COSG,2017-02-16,0.4,0.4,0.39,0.39,0.57,0,-1,44562345,17432222
COSG,2017-02-15,0.39,0.39,0.39,0.39,0.43,0,-1,58108866,22600784
COSG,2017-02-14,0.4,0.4,0.37,0.39,-1.54,0,-1,39333848,15299926
COSG,2017-02-13,0.4,0.4,0.39,0.39,-0.93,-0.01,-1,53001900,20929810
COSG,2017-02-12,0.4,0.4,0.39,0.4,0.09,0.01,-1,36751487,14533125
COSG,2017-02-09,0.4,0.4,0.39,0.39,-0.88,-0.01,-1,58512180,23124062
COSG,2017-02-08,0.41,0.41,0.39,0.4,1.55,0.01,-1,30935563,12332516
COSG,2017-02-07,0.4,0.4,0.38,0.39,2.21,0.01,-1,54834087,21525290
COSG,2017-02-06,0.38,0.38,0.37,0.38,0.64,0.01,-1,28525059,10708728
COSG,2017-02-05,0.38,0.38,0.37,0.37,1.76,0,-1,23370045,8716106
COSG,2017-02-02,0.37,0.37,0.36,0.37,2.47,0.01,-1,40508595,14850427
COSG,2017-02-01,0.37,0.37,0.35,0.36,-5.46,-0.02,-1,48461483,17339574
COSG,2017-01-31,0.4,0.4,0.36,0.38,-5.04,-0.03,-1,52468757,19854752
COSG,2017-01-30,0.43,0.43,0.39,0.41,-5.06,-0.02,-1,42783088,17603742
COSG,2017-01-29,0.44,0.44,0.43,0.43,0,0,-1,43227183,18728146
COSG,2017-01-26,0.44,0.44,0.43,0.43,1.08,0,-1,56985530,24688640
COSG,2017-01-24,0.43,0.43,0.42,0.43,-0.47,-0.01,-1,23649225,10137274
COSG,2017-01-23,0.44,0.44,0.43,0.43,-0.42,-0.01,-1,37121612,16118078
COSG,2017-01-22,0.46,0.46,0.42,0.43,-2.85,-0.02,-1,34940776,15170249
COSG,2017-01-19,0.48,0.48,0.44,0.45,-8.18,-0.04,-1,32451042,14504444
COSG,2017-01-18,0.5,0.5,0.47,0.49,-2,-0.01,-1,55083928,26818448
COSG,2017-01-17,0.5,0.5,0.49,0.5,-1.46,0,-1,36793842,18280712
COSG,2017-01-16,0.51,0.51,0.5,0.5,-0.87,-0.01,-1,39031674,19677402
COSG,2017-01-15,0.52,0.52,0.5,0.51,-0.29,0,-1,49557270,25332894
COSG,2017-01-12,0.52,0.52,0.5,0.51,3.96,0.02,-1,57528000,29493706
COSG,2017-01-11,0.51,0.51,0.48,0.49,0.6,0,-1,35133404,17321084
COSG,2017-01-10,0.49,0.49,0.48,0.49,0.38,0,-1,19312119,9466270
COSG,2017-01-09,0.49,0.49,0.48,0.49,-1.41,-0.01,-1,15866296,7747460.5
COSG,2017-01-08,0.5,0.5,0.49,0.5,0.6,0.01,-1,30535990,15126663
COSG,2017-01-05,0.5,0.5,0.49,0.49,-0.96,-0.01,-1,11854304,5836281
COSG,2017-01-04,0.5,0.5,0.49,0.5,-0.44,0,-1,35848220,17821954
COSG,2017-01-03,0.51,0.51,0.49,0.5,-0.59,0,-1,35054064,17381482
COSG,2017-01-02,0.51,0.51,0.49,0.5,1.01,0.01,-1,21778047,10861716
COSG,2016-12-29,0.51,0.51,0.49,0.49,-0.04,0,-1,22585055,11151073
COSG,2016-12-28,0.5,0.5,0.49,0.49,-1,-0.01,-1,21196801,10439988
COSG,2016-12-27,0.5,0.5,0.49,0.5,-0.55,0,-1,25858858,12866940
COSG,2016-12-26,0.51,0.51,0.49,0.5,-1.17,-0.01,-1,23008814,11512280
COSG,2016-12-25,0.52,0.52,0.5,0.51,-2,0,-1,14472565,7337336.5
COSG,2016-12-22,0.52,0.52,0.51,0.51,-0.68,0,-1,43166987,22139900
COSG,2016-12-21,0.52,0.52,0.5,0.51,-0.04,0.01,-1,58978348,29898736
COSG,2016-12-20,0.51,0.51,0.49,0.5,1.01,0.01,-1,51573624,25750638
COSG,2016-12-19,0.5,0.5,0.49,0.49,0.41,0,-1,41399118,20463182
COSG,2016-12-18,0.5,0.5,0.48,0.49,0.07,0,-1,64689770,31899610
COSG,2016-12-15,0.5,0.5,0.48,0.49,0.565398,0,-1,49979836,24593020
COSG,2016-12-14,0.5,0.5,0.48,0.49,-1.3,-0.01,-1,21664596,10596761
COSG,2016-12-13,0.51,0.51,0.49,0.5,1.51,0.01,-1,38795662,19227944
COSG,2016-12-12,0.51,0.51,0.48,0.49,1.73,0.01,-1,46704732,22804236
COSG,2016-12-08,0.48,0.48,0.48,0.48,0.74,0,-1,39175006,18799928
COSG,2016-12-07,0.48,0.48,0.47,0.48,-1.07,0,-1,29876978,14233218
COSG,2016-12-06,0.49,0.49,0.48,0.48,-0.42,0,-1,20034473,9651090
COSG,2016-12-05,0.49,0.49,0.48,0.48,-0.61,-0.01,-1,48358607,23392176
COSG,2016-12-04,0.51,0.51,0.48,0.49,1.11,0.02,-1,41432091,20158650
COSG,2016-12-01,0.48,0.48,0.46,0.47,1.56,0.01,-1,66203567,30991818
COSG,2016-11-30,0.46,0.46,0.45,0.46,-0.16,0,-1,51265539,23467606
COSG,2016-11-29,0.47,0.47,0.45,0.46,0.24,0,-1,53489055,24522230
COSG,2016-11-28,0.46,0.46,0.45,0.46,-0.6,0,-1,35772947,16385390
COSG,2016-11-27,0.47,0.47,0.45,0.46,-1.74,-0.01,-1,16819456,7716932.5
COSG,2016-11-24,0.48,0.48,0.45,0.47,-0.35,0,-1,53428805,24944826
COSG,2016-11-23,0.47,0.47,0.46,0.47,-0.39,0,-1,24558512,11507210
COSG,2016-11-22,0.48,0.48,0.46,0.47,-1.62,-0.01,-1,20268642,9534513
COSG,2016-11-21,0.48,0.48,0.47,0.48,0.93,0.01,-1,75877035,36283672
COSG,2016-11-20,0.48,0.48,0.46,0.47,-0.850406,-0.01,-1,44934639,21250224
COSG,2016-11-17,0.49,0.49,0.45,0.48,-0.58,0,-1,51630350,24609128
COSG,2016-11-16,0.5,0.5,0.48,0.48,0.66,0.02,-1,58899225,28233256
COSG,2016-11-15,0.48,0.48,0.45,0.46,-0.44,0,-1,60414921,27726288
COSG,2016-11-14,0.47,0.47,0.44,0.46,-0.84,0,-1,38399398,17526522
COSG,2016-11-13,0.47,0.47,0.45,0.46,1.01,0,-1,27308446,12566400
COSG,2016-11-10,0.46,0.46,0.45,0.46,2.87,0.02,-1,61430067,27991820
COSG,2016-11-09,0.45,0.45,0.44,0.44,-0.74,-0.01,-1,25373926,11237013
COSG,2016-11-08,0.46,0.46,0.44,0.45,-0.17,0,-1,34812249,15534970
COSG,2016-11-07,0.45,0.45,0.44,0.45,0.71,0.01,-1,32023812,14314520
COSG,2016-11-06,0.44,0.44,0.44,0.44,-0.92,0,-1,28785530,12646204
COSG,2016-11-03,0.46,0.46,0.43,0.44,0.38,0,-1,21659878,9602577
COSG,2016-11-02,0.45,0.45,0.44,0.44,-0.13,0,-1,44510392,19655522
COSG,2016-11-01,0.44,0.44,0.43,0.44,-0.04,0,-1,21764001,9497749
COSG,2016-10-31,0.44,0.44,0.44,0.44,0.13,0,-1,14316164,6250613.5
COSG,2016-10-30,0.44,0.44,0.43,0.44,-0.38,0,-1,18109932,7898006.5
COSG,2016-10-27,0.44,0.44,0.44,0.44,-0.29,0,-1,15385323,6735374.5
COSG,2016-10-26,0.44,0.44,0.44,0.44,-0.83,0,-1,7178202,3151043.25
COSG,2016-10-25,0.45,0.45,0.44,0.44,0.29,0,-1,49453418,21890676
COSG,2016-10-24,0.45,0.45,0.44,0.44,-1.68,-0.01,-1,26362987,11639937
COSG,2016-10-23,0.45,0.45,0.44,0.45,-0.08,0,-1,29921773,13360291
COSG,2016-10-20,0.48,0.48,0.44,0.45,1.85,0.01,-1,37282190,16660161
COSG,2016-10-19,0.44,0.44,0.44,0.44,0.04,0,-1,13801568,6053897.5
COSG,2016-10-18,0.44,0.44,0.44,0.44,-0.38,0,-1,7099079,3113006.75
COSG,2016-10-17,0.44,0.44,0.43,0.44,-0.13,0,-1,15033908,6616006.5
COSG,2016-10-16,0.45,0.45,0.44,0.44,-0.5,0,-1,20187946,8895799
COSG,2016-10-13,0.45,0.45,0.44,0.44,0.54,0,-1,9575961,4241014
COSG,2016-10-12,0.44,0.44,0.44,0.44,0.25,0,-1,9363213,4125206
COSG,2016-10-11,0.44,0.44,0.44,0.44,-0.914761,0,-1,5627364,2472522.75
COSG,2016-10-10,0.45,0.45,0.43,0.44,0.04,0,-1,25086069,11124392
COSG,2016-10-09,0.45,0.45,0.44,0.44,0.33,0,-1,19388693,8596214
COSG,2016-10-05,0.45,0.45,0.44,0.44,1.396526,0,-1,17037789,7528306.5
COSG,2016-10-04,0.44,0.44,0.43,0.44,-0.55,0,-1,11143393,4854890
COSG,2016-10-03,0.45,0.45,0.43,0.44,-0.13,0,-1,20212350,8855180
COSG,2016-09-29,0.44,0.44,0.43,0.44,0.04,0,-1,13121352,5755100
COSG,2016-09-28,0.45,0.45,0.44,0.44,0.592221,0,-1,24014903,10530526
COSG,2016-09-27,0.44,0.44,0.43,0.44,-0.672273,0,-1,18052610,7868059.5
COSG,2016-09-26,0.45,0.45,0.43,0.44,1.115876,0.01,-1,28760258,12496001
COSG,2016-09-25,0.43,0.43,0.42,0.43,0.17,0,-1,15230440,6513403
COSG,2016-09-22,0.43,0.43,0.42,0.43,0.48,0.01,-1,12680564,5413435
COSG,2016-09-21,0.43,0.43,0.41,0.42,-1.24,-0.01,-1,12574109,5341860.5
COSG,2016-09-20,0.44,0.44,0.42,0.43,-1.11,0,-1,9696245,4170967.25
COSG,2016-09-19,0.44,0.44,0.43,0.43,0.95,0,-1,19630562,8485497
COSG,2016-09-18,0.43,0.43,0.42,0.43,0.22,0,-1,10198964,4352719
COSG,2016-09-15,0.43,0.43,0.42,0.43,0.22,0.01,-1,7260524,3091026.75
COSG,2016-09-14,0.43,0.43,0.42,0.42,-0.9,-0.01,-1,7284819,3094981.25
COSG,2016-09-08,0.43,0.43,0.43,0.43,0.09,0,-1,13762413,5899355
COSG,2016-09-07,0.44,0.44,0.42,0.43,-0.34,0,-1,5968096,2556303.5
COSG,2016-09-06,0.44,0.44,0.42,0.43,-0.51,0,-1,14278257,6138019
COSG,2016-09-05,0.44,0.44,0.43,0.43,1.38,0,-1,20465120,8841397
COSG,2016-09-04,0.43,0.43,0.42,0.43,0.26,0.01,-1,9861215,4201662
COSG,2016-09-01,0.43,0.43,0.42,0.42,-0.69,-0.01,-1,9834045,4180122
COSG,2016-08-31,0.43,0.43,0.42,0.43,0.22,0,-1,8337710,3567708.75
COSG,2016-08-30,0.43,0.43,0.42,0.43,0.04,0,-1,14051355,6001934.5
COSG,2016-08-29,0.43,0.43,0.42,0.43,-0.09,0,-1,8313848,3549645.25
COSG,2016-08-28,0.43,0.43,0.42,0.43,-0.56,0,-1,7055260,3014510.25
COSG,2016-08-25,0.43,0.43,0.43,0.43,0.34,0,-1,5239072,2251377.25
COSG,2016-08-24,0.43,0.43,0.43,0.43,0.3,0,-1,7490571,3206970
COSG,2016-08-23,0.43,0.43,0.42,0.43,-0.9,0,-1,15762661,6727448.5
COSG,2016-08-22,0.44,0.44,0.42,0.43,0.26,0,-1,21126952,9099491
COSG,2016-08-21,0.43,0.43,0.43,0.43,-0.17,0,-1,11408581,4900696.5
COSG,2016-08-18,0.43,0.43,0.43,0.43,-0.042827,0,-1,13181710,5673753
COSG,2016-08-17,0.44,0.44,0.42,0.43,1.169844,0,-1,50399148,21699054
COSG,2016-08-16,0.43,0.43,0.42,0.43,-1.325348,0,-1,19495690,8295499.5
COSG,2016-08-15,0.44,0.44,0.42,0.43,0.602146,0,-1,27231547,11744806
COSG,2016-08-14,0.43,0.43,0.42,0.43,0.999131,0.01,-1,19057506,8170988
COSG,2016-08-11,0.43,0.43,0.42,0.42,0.174064,0,-1,22860384,9705785
COSG,2016-08-10,0.44,0.44,0.42,0.42,1.997332,0.01,-1,37136526,15739730
COSG,2016-08-09,0.42,0.42,0.41,0.41,1.35,0,-1,36447036,15145155
COSG,2016-08-08,0.42,0.42,0.41,0.41,0.09,0,-1,18790419,7700888.5
COSG,2016-08-07,0.41,0.41,0.41,0.41,-0.49,0,-1,13884921,5687217
COSG,2016-08-04,0.41,0.41,0.41,0.41,-0.36,0,-1,12223073,5030981
COSG,2016-08-03,0.42,0.42,0.41,0.41,1.68,0,-1,27754223,11463921
COSG,2016-08-02,0.41,0.41,0.4,0.41,1.8,0.01,-1,28464809,11562455
COSG,2016-08-01,0.4,0.4,0.39,0.4,-0.55,0,-1,14213613,5671878.5
COSG,2016-07-31,0.41,0.41,0.39,0.4,-0.96,-0.01,-1,11449797,4595145
COSG,2016-07-28,0.41,0.41,0.39,0.41,0.78,0.01,-1,20371463,8256118.5
COSG,2016-07-27,0.41,0.41,0.39,0.4,3.12,0.01,-1,35282484,14188234
COSG,2016-07-26,0.39,0.39,0.39,0.39,0.33,0,-1,17292837,6744576
COSG,2016-07-25,0.39,0.39,0.38,0.39,0.72,0,-1,16305348,6337062.5
COSG,2016-07-24,0.39,0.39,0.38,0.39,1.6,0.01,-1,19218517,7416310
COSG,2016-07-21,0.39,0.39,0.37,0.38,1.23,0,-1,23089021,8771768
COSG,2016-07-20,0.38,0.38,0.37,0.38,-1.35,0,-1,14213776,5379999.5
COSG,2016-07-19,0.39,0.39,0.38,0.38,-0.34,0,-1,14534009,5547220
COSG,2016-07-18,0.39,0.39,0.38,0.38,0.68,0,-1,19362012,7413782
COSG,2016-07-17,0.39,0.39,0.38,0.38,1.028404,0,-1,14802831,5632239
COSG,2016-07-14,0.38,0.38,0.37,0.38,1.69,0.01,-1,22481799,8463483
COSG,2016-07-13,0.38,0.38,0.37,0.37,1.26,0,-1,17314854,6412702.5
COSG,2016-07-12,0.37,0.37,0.36,0.37,-0.1,0,-1,16075627,5878918
COSG,2016-07-11,0.38,0.38,0.36,0.37,-1.24,0,-1,14307162,5274457.5
COSG,2016-07-10,0.37,0.37,0.37,0.37,-0.1,0,-1,9585939,3533915.25
COSG,2016-07-04,0.37,0.37,0.37,0.37,1.009596,0,-1,11662761,4303789
COSG,2016-07-03,0.37,0.37,0.36,0.37,2.43,0.01,-1,6989262,2553415.5
COSG,2016-06-29,0.36,0.36,0.35,0.36,2.06,0.01,-1,6991810,2493375.75
COSG,2016-06-28,0.36,0.36,0.34,0.35,2.82,0.01,-1,8351538,2917997.75
COSG,2016-06-27,0.34,0.34,0.33,0.34,1.99,0.01,-1,11583963,3936490.25
COSG,2016-06-26,0.34,0.34,0.33,0.33,0.39,-0.01,-1,10034211,3344250.25
COSG,2016-06-23,0.34,0.34,0.33,0.34,0,0,-1,14502067,4865200.5
COSG,2016-06-22,0.34,0.34,0.33,0.34,-2.47,0,-1,21112635,7082014.5
COSG,2016-06-21,0.35,0.35,0.34,0.34,-0.8,-0.01,-1,15156903,5211762
COSG,2016-06-20,0.36,0.36,0.34,0.35,-2.34,-0.01,-1,13566912,4703763.5
COSG,2016-06-19,0.36,0.36,0.35,0.36,0,0,-1,14412586,5115930.5
COSG,2016-06-16,0.36,0.36,0.35,0.36,-0.67,0,-1,10651791,3781458
COSG,2016-06-15,0.36,0.36,0.35,0.36,-0.869565,0,-1,4676319,1671454.13
COSG,2016-06-14,0.37,0.37,0.36,0.36,-1.26,-0.01,-1,4961844,1789145.25
COSG,2016-06-13,0.37,0.37,0.36,0.37,-0.15,0,-1,14975935,5466564
COSG,2016-06-12,0.37,0.37,0.36,0.37,0.1,0,-1,11275499,4123855.25
COSG,2016-06-09,0.37,0.37,0.36,0.37,-0.2,0,-1,11207927,4094999.25
COSG,2016-06-08,0.37,0.37,0.36,0.37,-0.3,0,-1,5520909,2020321.75
COSG,2016-06-07,0.37,0.37,0.36,0.37,-1.14,0,-1,22686629,8327206.5
COSG,2016-06-06,0.37,0.37,0.37,0.37,-0.4,0,-1,16160552,6001934
COSG,2016-06-05,0.38,0.38,0.37,0.37,1.915318,0,-1,23601068,8799165
COSG,2016-06-02,0.38,0.38,0.36,0.37,0,0,-1,25187210,9215614
COSG,2016-06-01,0.37,0.37,0.36,0.37,-0.6,0,-1,26054685,9530007
COSG,2016-05-31,0.37,0.37,0.37,0.37,-0.6,0,-1,18390847,6767951.5
COSG,2016-05-30,0.37,0.37,0.37,0.37,0.249626,0,-1,28895510,10700875
COSG,2016-05-29,0.37,0.37,0.37,0.37,-0.2,0,-1,17938345,6626496.5
COSG,2016-05-26,0.37,0.37,0.37,0.37,-0.45,0,-1,22321764,8259325.5
COSG,2016-05-25,0.38,0.38,0.37,0.37,1.05,0,-1,35564159,13219624
COSG,2016-05-24,0.37,0.37,0.36,0.37,1.32,0.01,-1,29100393,10705998
COSG,2016-05-23,0.37,0.37,0.36,0.36,0.561798,0,-1,17708732,6430992
COSG,2016-05-22,0.37,0.37,0.36,0.36,-0.152988,0,-1,13692727,4943411.5
COSG,2016-05-19,0.37,0.37,0.36,0.36,-1.457281,-0.01,-1,24210622,8752722
COSG,2016-05-18,0.37,0.37,0.36,0.37,-0.350521,0,-1,26869882,9862360
COSG,2016-05-17,0.37,0.37,0.37,0.37,0.55,0,-1,29413847,10832384
COSG,2016-05-16,0.37,0.37,0.36,0.37,-0.2,0,-1,13054377,4779748
COSG,2016-05-15,0.37,0.37,0.36,0.37,-0.55,0,-1,17334974,6361737
COSG,2016-05-12,0.38,0.38,0.37,0.37,2.41,0.01,-1,37757251,13932984
COSG,2016-05-11,0.39,0.39,0.36,0.36,-1.51,-0.01,-1,32590686,11740766
COSG,2016-05-10,0.37,0.37,0.36,0.37,-0.551383,0,-1,38347716,14031875
COSG,2016-05-09,0.37,0.37,0.36,0.37,2.676279,0.01,-1,48968649,18015112
COSG,2016-05-08,0.36,0.36,0.35,0.36,2.101939,0.01,-1,39084007,14001895
COSG,2016-05-05,0.36,0.36,0.34,0.35,2.2,0.01,-1,37901668,13300195
COSG,2016-05-04,0.35,0.35,0.34,0.34,-0.85,-0.01,-1,17181121,5898581.5
COSG,2016-05-03,0.35,0.35,0.34,0.35,1.35,0.01,-1,22635110,7837495
COSG,2016-04-28,0.35,0.35,0.34,0.34,0.87,0,-1,14955273,5109682.5
COSG,2016-04-27,0.34,0.34,0.34,0.34,-0.86,0,-1,17606182,5964642.5
COSG,2016-04-26,0.35,0.35,0.34,0.34,1.31,0,-1,16880140,5767979
COSG,2016-04-24,0.34,0.34,0.33,0.34,0.05,0,-1,20074604,6771438
COSG,2016-04-21,0.34,0.34,0.33,0.34,0.16,0,-1,23151929,7804641.5
COSG,2016-04-20,0.34,0.34,0.33,0.34,0.72,0.01,-1,21099620,7099066.5
COSG,2016-04-19,0.34,0.34,0.33,0.33,1.12,0,-1,19896727,6649411.5
COSG,2016-04-18,0.33,0.33,0.32,0.33,0.73,0,-1,26671018,8812885
COSG,2016-04-17,0.33,0.33,0.32,0.33,1.83,0.01,-1,11864608,3891995.5
COSG,2016-04-14,0.33,0.33,0.32,0.32,2.76,0.01,-1,15145623,4879303.5
COSG,2016-04-13,0.32,0.32,0.31,0.31,0.47,0,-1,5344388,1675373.25
COSG,2016-04-12,0.32,0.32,0.31,0.31,0.53,0,-1,9150683,2854770.75
COSG,2016-04-11,0.32,0.32,0.3,0.31,-1.058201,0,-1,4348006,1349194.88
COSG,2016-04-10,0.32,0.32,0.31,0.31,-0.35,-0.01,-1,8515370,2670415.5
COSG,2016-04-07,0.32,0.32,0.31,0.32,-1.56,0,-1,7563240,2381341.5
COSG,2016-04-06,0.32,0.32,0.31,0.32,1.17,0,-1,17654556,5646441.5
COSG,2016-04-05,0.32,0.32,0.31,0.32,-0.17,0,-1,10136544,3204403.5
COSG,2016-04-04,0.32,0.32,0.31,0.32,0.47,0,-1,8481421,2686048
COSG,2016-04-03,0.32,0.32,0.31,0.32,0.293421,0.01,-1,9285392,2926984
COSG,2016-03-31,0.32,0.32,0.31,0.31,0.18,0,-1,13167990,4138534.5
COSG,2016-03-30,0.32,0.32,0.3,0.31,-2.86,-0.01,-1,10880211,3412596.75
COSG,2016-03-29,0.33,0.33,0.32,0.32,0,0,-1,15925950,5141576
COSG,2016-03-28,0.33,0.33,0.32,0.32,-1.794728,-0.01,-1,9977268,3221023
COSG,2016-03-27,0.34,0.34,0.32,0.33,-1.65,0,-1,12962022,4262755.5
COSG,2016-03-24,0.34,0.34,0.33,0.33,0.17,0,-1,10211274,3413849.25
COSG,2016-03-23,0.34,0.34,0.33,0.33,-0.110381,0,-1,9168417,3059661.75
COSG,2016-03-22,0.34,0.34,0.33,0.33,0.276707,0,-1,14924742,4985661.5
COSG,2016-03-21,0.34,0.34,0.33,0.33,1.402918,0,-1,28311661,9432868
COSG,2016-03-20,0.33,0.33,0.32,0.33,2.296211,0.01,-1,30965661,10175061
COSG,2016-03-17,0.32,0.32,0.32,0.32,0.287847,0,-1,10631888,3415104
COSG,2016-03-16,0.32,0.32,0.31,0.32,-1.081993,0,-1,25484232,8161514.5
COSG,2016-03-15,0.33,0.33,0.32,0.32,0,0,-1,25536130,8270031
COSG,2016-03-14,0.33,0.33,0.32,0.32,1.97,0,-1,37708932,12209068
COSG,2016-03-13,0.32,0.32,0.31,0.32,-0.12,0,-1,25981636,8249363.5
COSG,2016-03-10,0.33,0.33,0.31,0.32,1.41,0.01,-1,26601711,8457146
COSG,2016-03-09,0.32,0.32,0.31,0.31,3.16,0.01,-1,31097821,9750487
COSG,2016-03-08,0.31,0.31,0.3,0.3,0.43,0,-1,32525229,9883863
COSG,2016-03-07,0.31,0.31,0.3,0.3,-0.424757,0,-1,12601333,3813182.5
COSG,2016-03-06,0.31,0.31,0.3,0.3,1.353014,0,-1,28228200,8580770
COSG,2016-03-03,0.3,0.3,0.3,0.3,-0.611253,0,-1,13422115,4024294.75
COSG,2016-03-02,0.31,0.31,0.3,0.3,0.183717,0,-1,17325538,5225852.5
COSG,2016-03-01,0.3,0.3,0.3,0.3,-0.0612,0,-1,12401980,3735162.25
COSG,2016-02-29,0.31,0.31,0.3,0.3,-0.668699,0,-1,21252822,6404049
COSG,2016-02-28,0.31,0.31,0.3,0.3,-0.121421,0,-1,32160907,9758342
COSG,2016-02-25,0.31,0.31,0.3,0.3,-1.55,-0.01,-1,10688288,3246647
COSG,2016-02-24,0.31,0.31,0.3,0.31,-1.005917,0,-1,15847749,4888998.5
COSG,2016-02-23,0.32,0.32,0.31,0.31,-0.471698,0,-1,25190247,7842603.5
COSG,2016-02-22,0.32,0.32,0.31,0.31,1.49611,0,-1,22553980,7052709
COSG,2016-02-21,0.31,0.31,0.3,0.31,0.11982,0.01,-1,25351312,7813689.5
COSG,2016-02-18,0.31,0.31,0.3,0.3,-0.843876,-0.01,-1,14509876,4400689
COSG,2016-02-17,0.31,0.31,0.3,0.31,1.779147,0.01,-1,28111007,8600921
COSG,2016-02-16,0.31,0.31,0.3,0.3,0.43,0,-1,42186061,12678266
COSG,2016-02-15,0.31,0.31,0.3,0.3,0.744873,0,-1,22720469,6799837
COSG,2016-02-14,0.31,0.31,0.29,0.3,-1.407583,0,-1,24919635,7403483.5
COSG,2016-02-11,0.31,0.31,0.29,0.3,-1.802879,-0.01,-1,31263930,9422631
COSG,2016-02-10,0.31,0.31,0.3,0.31,1.711479,0.01,-1,36355169,11157715
COSG,2016-02-09,0.3,0.3,0.29,0.3,0.377596,0.01,-1,19742928,5806217.5
COSG,2016-02-08,0.3,0.3,0.29,0.29,1.858974,0,-1,17397773,5098336
COSG,2016-02-07,0.29,0.29,0.29,0.29,0.515464,0,-1,10595879,3048528.75
COSG,2016-02-04,0.29,0.29,0.28,0.29,-2.143758,0,-1,13033877,3729208.25
COSG,2016-02-03,0.3,0.3,0.29,0.29,4.273504,0.01,-1,18978275,5551052.5
COSG,2016-02-02,0.29,0.29,0.26,0.28,7.037298,-0.01,-1,26776659,7508536
COSG,2016-02-01,0.29,0.29,0.29,0.29,-9.954233,-0.03,-1,16604865,4819415
COSG,2016-01-31,0.32,0.32,0.32,0.32,-9.989701,-0.04,-1,71802,23143.52
COSG,2016-01-28,0.36,0.36,0.36,0.36,-9.97,-0.04,-1,533685,191112.22
COSG,2016-01-26,0.43,0.43,0.39,0.4,-9.102402,-0.04,-1,16349547,6504158.5
COSG,2016-01-24,0.44,0.44,0.43,0.44,3.669729,0.02,-1,7509823,3286062
COSG,2016-01-21,0.43,0.43,0.41,0.42,-1.165807,-0.01,-1,6048629,2552663.5
COSG,2016-01-20,0.44,0.44,0.42,0.43,1.179559,0.01,-1,8405932,3589195
COSG,2016-01-19,0.43,0.43,0.41,0.42,2.968956,0.01,-1,7963572,3360764.75
COSG,2016-01-18,0.42,0.42,0.39,0.41,3.2,0.01,-1,20568104,8429775
COSG,2016-01-17,0.43,0.43,0.38,0.4,-5.24,-0.02,-1,10738506,4265003.5
COSG,2016-01-14,0.44,0.44,0.41,0.42,-7.676689,-0.03,-1,8709624,3649765
COSG,2016-01-13,0.48,0.48,0.42,0.45,-1.322645,-0.01,-1,13421085,6093439
COSG,2016-01-12,0.48,0.48,0.45,0.46,2.63267,0.01,-1,7134166,3281923
COSG,2016-01-11,0.46,0.46,0.44,0.45,-1.299229,0,-1,11959403,5360088.5
COSG,2016-01-10,0.46,0.46,0.44,0.45,0.612741,0,-1,10603363,4815628.5
COSG,2016-01-06,0.46,0.46,0.45,0.45,-0.163132,0,-1,4710918,2126589.5
COSG,2016-01-05,0.46,0.46,0.45,0.45,0.65681,0,-1,15981428,7226172
COSG,2016-01-04,0.46,0.46,0.44,0.45,0.412205,0,-1,12721779,5715590.5
COSG,2016-01-03,0.46,0.46,0.44,0.45,0.24793,0,-1,16495698,7378310
COSG,2015-12-31,0.45,0.45,0.44,0.45,0.665557,0.01,-1,7347076,3279227.25
COSG,2015-12-30,0.45,0.45,0.44,0.44,1.093356,0,-1,12408597,5501750.5
COSG,2015-12-29,0.44,0.44,0.44,0.44,1.407249,0.01,-1,8526378,3739306.75
COSG,2015-12-28,0.44,0.44,0.43,0.43,0.643785,0,-1,8174909,3535497.25
COSG,2015-12-27,0.43,0.43,0.43,0.43,1.746721,0.01,-1,6379165,2740437.25
COSG,2015-12-24,0.43,0.43,0.41,0.42,3.61991,0.01,-1,8199421,3461749.25
COSG,2015-12-22,0.41,0.41,0.4,0.41,-0.450455,0,-1,10081608,4108183
COSG,2015-12-21,0.41,0.41,0.4,0.41,0.361664,0,-1,6290227,2575152.5
COSG,2015-12-20,0.41,0.41,0.4,0.41,3.21979,0.02,-1,8512116,3471560.5
COSG,2015-12-17,0.4,0.4,0.39,0.39,1.515864,0,-1,6956289,2748299
COSG,2015-12-16,0.39,0.39,0.39,0.39,1.101542,0,-1,6427214,2502070.75
COSG,2015-12-15,0.39,0.39,0.38,0.39,0.869556,0.01,-1,5952207,2292254.5
COSG,2015-12-14,0.39,0.39,0.38,0.38,1.024895,0,-1,9499278,3625182.5
COSG,2015-12-13,0.38,0.38,0.37,0.38,0.985702,0.01,-1,3945017,1490582.75
COSG,2015-12-10,0.38,0.38,0.37,0.37,2.26815,0,-1,8295898,3104552.75
COSG,2015-12-09,0.37,0.37,0.36,0.37,-0.201202,0,-1,7426958,2717572
COSG,2015-12-08,0.38,0.38,0.36,0.37,-1.241928,0,-1,6699235,2455547
COSG,2015-12-07,0.38,0.38,0.37,0.37,0.902246,0,-1,12672267,4703706.5
COSG,2015-12-06,0.37,0.37,0.36,0.37,1.681957,0.01,-1,6548420,2408675.25
COSG,2015-12-03,0.37,0.37,0.36,0.36,5.032125,0.02,-1,5493306,1986965.38
COSG,2015-12-02,0.36,0.36,0.34,0.34,5.061861,0.01,-1,8026859,2764755.25
COSG,2015-12-01,0.34,0.34,0.32,0.33,2.537491,0.01,-1,6950270,2279267.5
COSG,2015-11-30,0.32,0.32,0.32,0.32,0.69687,0,-1,1673724,535273.5
COSG,2015-11-29,0.32,0.32,0.31,0.32,2.622157,0.01,-1,4620462,1467110
COSG,2015-11-26,0.31,0.31,0.31,0.31,0.720294,0,-1,4177613,1292789.5
COSG,2015-11-25,0.31,0.31,0.3,0.31,0.664659,0.01,-1,3774353,1159538.63
COSG,2015-11-24,0.31,0.31,0.3,0.3,0.12098,0,-1,1646446,502400.22
COSG,2015-11-23,0.31,0.31,0.3,0.3,-0.899275,-0.01,-1,3671586,1119406.38
COSG,2015-11-22,0.31,0.31,0.31,0.31,3.026553,0.01,-1,2316033,712281.25
COSG,2015-11-19,0.31,0.31,0.29,0.3,0.872287,0,-1,7696268,2297764.75
COSG,2015-11-18,0.3,0.3,0.29,0.3,-0.186573,0,-1,6530090,1932271.5
COSG,2015-11-17,0.3,0.3,0.29,0.3,1.772152,0.01,-1,5431212,1609928.75
COSG,2015-11-16,0.3,0.3,0.29,0.29,2.067183,0,-1,5401764,1574004.63
COSG,2015-11-15,0.29,0.29,0.28,0.29,-1.53,0,-1,2541796,725639.94
COSG,2015-11-12,0.3,0.3,0.29,0.29,2.81,0.01,-1,4256844,1233794
COSG,2015-11-11,0.29,0.29,0.28,0.28,1.06,0,-1,2193363,618317.56
COSG,2015-11-10,0.29,0.29,0.27,0.28,-1.75,0,-1,3713289,1036117.38
COSG,2015-11-09,0.29,0.29,0.27,0.28,2.53,0,-1,8889020,2523893
COSG,2015-11-08,0.28,0.28,0.27,0.28,-1.57,0,-1,5178496,1433814.63
COSG,2015-11-05,0.29,0.29,0.27,0.28,1.94,0,-1,7023807,1976832.63
COSG,2015-11-04,0.28,0.28,0.27,0.28,0.6,0.01,-1,6474937,1787114.25
COSG,2015-11-03,0.28,0.28,0.27,0.27,2.83,0,-1,7065890,1939047.38
COSG,2015-11-02,0.27,0.27,0.26,0.27,2.74,0.01,-1,4749748,1267725.25
COSG,2015-11-01,0.26,0.26,0.26,0.26,1.72,0,-1,3771479,987889
COSG,2015-10-29,0.27,0.27,0.25,0.26,0.07,0,-1,2617448,674337.63
COSG,2015-10-28,0.27,0.27,0.25,0.26,-1.9,0,-1,5622050,1447632.63
COSG,2015-10-27,0.27,0.27,0.25,0.26,2.19,0.19,-1,10428848,2736118.25
COSG,2015-10-26,0.26,0.26,0.25,0.25,2.39,0,-1,4010094,1013324.19
COSG,2015-10-25,0.25,0.25,0.23,0.25,6.47,0.01,-1,8093346,1996436.88
COSG,2015-10-22,0.24,0.24,0.23,0.24,-1.23,0,-1,5586095,1321084
COSG,2015-10-21,0.24,0.24,0.24,0.24,0.08,0,-1,4070019,974800.69
COSG,2015-10-20,0.25,0.25,0.24,0.24,0.46,0,-1,6073629,1454136
COSG,2015-10-19,0.24,0.24,0.23,0.24,4.28,0.01,-1,4432769,1055924.63
COSG,2015-10-18,0.24,0.24,0.22,0.23,5.09,0.01,-1,9366847,2139363.5
COSG,2015-10-15,0.22,0.22,0.21,0.22,0.68,0,-1,6746308,1466529.13
COSG,2015-10-13,0.22,0.22,0.21,0.22,-1.51,0,-1,3780047,816322.56
COSG,2015-10-12,0.22,0.22,0.21,0.22,3.39,0.01,-1,7871813,1726477.38
COSG,2015-10-11,0.22,0.22,0.21,0.21,0.52,0,-1,2876075,609824.94
COSG,2015-10-08,0.22,0.22,0.2,0.21,1.78,0,-1,6255085,1319726.38
COSG,2015-10-07,0.21,0.21,0.21,0.21,8.29,0.02,-1,5966957,1236351.75
COSG,2015-10-05,0.2,0.2,0.18,0.19,3.28,0,-1,8386897,1604867.63
COSG,2015-10-04,0.19,0.19,0.18,0.19,6.69,0.02,-1,5096879,944861
COSG,2015-10-01,0.18,0.18,0.16,0.17,6.71,0.01,-1,6617727,1149201.375
COSG,2015-09-30,0.16,0.16,0.15,0.16,9.37,0.01,-1,18382170,2927344.25
COSG,2015-09-29,0.15,0.15,0.15,0.15,9.87,0.02,-1,2859588,416567
COSG,2015-09-28,0.14,0.14,0.13,0.13,3.47,0,-1,7216217,956625.5
COSG,2015-09-22,0.13,0.13,0.12,0.13,7.1,0.01,-1,14259059,1825898.38
COSG,2015-09-21,0.12,0.12,0.11,0.12,6.67,0.01,-1,11589278,1385382.88
COSG,2015-09-20,0.11,0.11,0.11,0.11,0.11,0,-1,5152194,577728.63
COSG,2015-09-17,0.11,0.11,0.11,0.11,1.15,0,-1,5132129,574706.13
COSG,2015-09-16,0.11,0.11,0.11,0.11,0,0,-1,3374564,373636.81
COSG,2015-09-15,0.11,0.11,0.11,0.11,-1.69,0,-1,5196284,575309.06
COSG,2015-09-14,0.11,0.11,0.11,0.11,-0.45,0,-1,2318582,261185
COSG,2015-09-13,0.11,0.11,0.11,0.11,0,0,-1,3727877,421875.69
COSG,2015-09-10,0.11,0.11,0.11,0.11,-0.67,0,-1,2257085,255371.8
COSG,2015-09-09,0.11,0.11,0.11,0.11,3.34,0,-1,4548063,517852.69
COSG,2015-09-08,0.11,0.11,0.11,0.11,-3.23,0,-1,2782635,306493.59
COSG,2015-09-07,0.12,0.12,0.11,0.11,-1.64,-0.01,-1,1348557,153553
COSG,2015-09-06,0.11,0.11,0.11,0.12,0,0,-1,63070,7200
COSG,2015-09-03,0.12,0.12,0.11,0.12,2.01,0.01,-1,1589070,184033
COSG,2015-09-02,0.11,0.11,0.11,0.11,-1.54,-0.01,-1,2532685,287504.91
COSG,2015-09-01,0.12,0.12,0.11,0.12,-0.44,0,-1,473163,54540
COSG,2015-08-31,0.12,0.12,0.11,0.12,-0.54,0,-1,1916353,221972.84
COSG,2015-08-30,0.12,0.12,0.12,0.12,0.22,0,-1,1947915,226855.17
COSG,2015-08-27,0.12,0.12,0.12,0.12,1.33,0.01,-1,4337485,503734.16
COSG,2015-08-26,0.12,0.12,0.11,0.11,0.78,0,-1,2926075,335510.84
COSG,2015-08-25,0.12,0.12,0.11,0.11,3.1,0,-1,1464393,166533.19
COSG,2015-08-24,0.11,0.11,0.11,0.11,1.280559,0,-1,2105672,232216.34
COSG,2015-08-23,0.11,0.11,0.11,0.11,-5.6,-0.01,-1,2744457,298777.81
COSG,2015-08-20,0.12,0.12,0.11,0.12,0.11,0,-1,1197958,138193.94
COSG,2015-08-19,0.12,0.12,0.11,0.12,-0.33,0,-1,1498396,172681
COSG,2015-08-18,0.12,0.12,0.11,0.12,1.11,0.01,-1,1711360,197798.05
COSG,2015-08-17,0.12,0.12,0.11,0.11,-0.22,0,-1,425874,48682.5
COSG,2015-08-16,0.12,0.12,0.11,0.11,-1.63,-0.01,-1,4759401,545357.56
COSG,2015-08-13,0.12,0.12,0.12,0.12,1.1,0,-1,1127729,131374.13
COSG,2015-08-12,0.12,0.12,0.11,0.12,1.112347,0.01,-1,1777034,204885.91
COSG,2015-08-11,0.12,0.12,0.11,0.11,-2.07,-0.01,-1,3789375,431852
COSG,2015-08-10,0.12,0.12,0.12,0.12,2.34,0.01,-1,1182936,137721.09
COSG,2015-08-09,0.12,0.12,0.11,0.11,-0.66,0,-1,1601977,182283.73
COSG,2015-08-05,0.12,0.12,0.11,0.11,-0.77,-0.01,-1,2216032,253851.58
COSG,2015-08-04,0.12,0.12,0.12,0.12,0,0,-1,78852,9221
COSG,2015-08-03,0.12,0.12,0.11,0.12,0,0,-1,55207,6394
COSG,2015-08-02,0.12,0.12,0.11,0.12,1.56,0.01,-1,3953803,456127
COSG,2015-07-30,0.11,0.11,0.11,0.11,1.36,0,-1,2833178,321880.19
COSG,2015-07-29,0.11,0.11,0.11,0.11,0.57,0,-1,1121438,125696.4
COSG,2015-07-28,0.11,0.11,0.11,0.11,0.8,0,-1,1823727,203276.16
COSG,2015-07-27,0.11,0.11,0.11,0.11,1.63,0,-1,958203,105897.5
COSG,2015-07-26,0.11,0.11,0.11,0.11,0.82,0,-1,2710508,294868.47
COSG,2015-07-22,0.11,0.11,0.11,0.11,-0.93,0,-1,1612769,173959.84
COSG,2015-07-21,0.11,0.11,0.11,0.11,0.7,0,-1,1088303,118593
COSG,2015-07-16,0.11,0.11,0.11,0.11,2.28,0,-1,1853282,200424.59
COSG,2015-07-15,0.11,0.11,0.1,0.11,1.34,0,-1,1834356,193949.3
COSG,2015-07-14,0.11,0.11,0.1,0.11,3.52,0.01,-1,6305140,658238.94
COSG,2015-07-13,0.1,0.1,0.1,0.1,0,0,-1,2014944,203245
COSG,2015-07-12,0.1,0.1,0.1,0.1,8.46,0.01,-1,5970265,601665
COSG,2015-07-09,0.1,0.1,0.09,0.09,1.24,0,-1,619261,57581.16
COSG,2015-07-08,0.1,0.1,0.09,0.09,2.55,0,-1,4165032,382306.09
COSG,2015-07-07,0.1,0.1,0.08,0.09,0,0,-1,1493841,133795.45
COSG,2015-07-06,0.1,0.1,0.09,0.09,-5.1,-0.01,-1,3267567,308430.5
COSG,2015-07-05,0.1,0.1,0.1,0.1,-2,0,-1,1813857,180425
COSG,2015-07-02,0.1,0.1,0.1,0.1,-0.37,0,-1,4134717,419431.06
COSG,2015-06-29,0.1,0.1,0.1,0.1,0.12,0,-1,503153,51234.6
COSG,2015-06-28,0.1,0.1,0.1,0.1,0.5,0,-1,933800,94997.15
COSG,2015-06-25,0.11,0.11,0.1,0.1,0.76,0,-1,2334906,236158.31
COSG,2015-06-24,0.11,0.11,0.1,0.1,-2.46,0,-1,2176010,218596.23
COSG,2015-06-23,0.11,0.11,0.1,0.1,-0.46,0,-1,2124328,218858.27
COSG,2015-06-22,0.11,0.11,0.1,0.1,-1.81,-0.01,-1,883257,91346.5
COSG,2015-06-21,0.11,0.11,0.1,0.11,-1.77,0,-1,1782294,187769.45
COSG,2015-06-18,0.11,0.11,0.11,0.11,0.95,0,-1,406134,43576.5
COSG,2015-06-17,0.11,0.11,0.1,0.11,1.7,0,-1,2811486,298867.91
COSG,2015-06-16,0.11,0.11,0.1,0.11,1.477833,0.01,-1,1273664,133053.5
COSG,2015-06-15,0.11,0.11,0.1,0.1,0.49505,0,-1,784665,80823.56
COSG,2015-06-14,0.11,0.11,0.1,0.1,-0.49,0,-1,828050,84793.9
COSG,2015-06-11,0.11,0.11,0.1,0.1,-0.25,0,-1,716063,73717.1
COSG,2015-06-10,0.11,0.11,0.1,0.1,1.62,0,-1,1490099,153826.56
COSG,2015-06-09,0.1,0.1,0.1,0.1,-0.99,0,-1,630921,64091.5
COSG,2015-06-08,0.11,0.11,0.1,0.1,-0.98,0,-1,2164784,222044.23
COSG,2015-06-07,0.11,0.11,0.1,0.1,-1.33,-0.01,-1,1770580,183465.14
COSG,2015-06-04,0.11,0.11,0.1,0.11,-1.55,0,-1,878538,92232.8
COSG,2015-06-03,0.11,0.11,0.11,0.11,-0.36,0,-1,2482197,264551.19
COSG,2015-06-02,0.11,0.11,0.11,0.11,0.12,0,-1,4722307,505586.59
COSG,2015-06-01,0.11,0.11,0.1,0.11,-2.2,0,-1,5122747,547421.75
COSG,2015-05-31,0.11,0.11,0.11,0.11,-1.26,0,-1,3913021,427924.56
COSG,2015-05-28,0.11,0.11,0.11,0.11,1.75,0,-1,1995801,220813.13
COSG,2015-05-27,0.11,0.11,0.1,0.11,4.89,0.01,-1,12353986,1343610.5
COSG,2015-05-26,0.11,0.11,0.1,0.1,-0.85,-0.01,-1,1742868,180672
COSG,2015-05-25,0.11,0.11,0.1,0.11,-0.36,0,-1,2670323,279299.81
COSG,2015-05-24,0.11,0.11,0.1,0.11,-0.36,0,-1,2026767,212791.38
COSG,2015-05-21,0.11,0.11,0.1,0.11,4.79,0.01,-1,6604820,695598.69
COSG,2015-05-20,0.1,0.1,0.1,0.1,-0.38,0,-1,1303979,131062.3
COSG,2015-05-19,0.11,0.11,0.1,0.1,2.98,0,-1,3373696,340643.69
COSG,2015-05-18,0.1,0.1,0.1,0.1,9.96,0.01,-1,4690311,459560.03
COSG,2015-05-17,0.09,0.09,0.08,0.09,-1.4,0,-1,1183044,105401.62
COSG,2015-05-14,0.1,0.1,0.09,0.09,-4.42,0,-1,1985280,179566.5
COSG,2015-05-13,0.1,0.1,0.09,0.09,-3.87,-0.01,-1,2859100,270614.75
COSG,2015-05-12,0.1,0.1,0.1,0.1,-2.02,0,-1,1159779,114067.51
COSG,2015-05-11,0.11,0.11,0.1,0.1,-1,0,-1,2590658,260329.8
COSG,2015-05-10,0.11,0.11,0.1,0.1,-1.11,0,-1,456623,46306
COSG,2015-05-07,0.11,0.11,0.1,0.1,1.76,0,-1,3375106,346141.84
COSG,2015-05-06,0.1,0.1,0.1,0.1,-2.09,0,-1,709230,71502.73
COSG,2015-05-05,0.11,0.11,0.1,0.1,-0.25,0,-1,5464021,562388.25
COSG,2015-05-04,0.11,0.11,0.1,0.1,1.5,0,-1,1989890,205454.19
COSG,2015-05-03,0.11,0.11,0.1,0.1,-6.64,-0.01,-1,1834193,186516.98
COSG,2015-04-30,0.11,0.11,0.11,0.11,4.63,0,-1,2318040,252530.41
COSG,2015-04-29,0.11,0.11,0.1,0.11,7.6,0.01,-1,10383945,1080439.63
COSG,2015-04-28,0.1,0.1,0.09,0.1,-1.55,0,-1,1870962,181036.15625
COSG,2015-04-27,0.1,0.1,0.1,0.1,-2.64,0,-1,3387200,332779.71875
COSG,2015-04-26,0.1,0.1,0.1,0.1,0,0,-1,2937681,296595
COSG,2015-04-23,0.1,0.1,0.1,0.1,0.38,0,-1,1537280,155094.625
COSG,2015-04-22,0.1,0.1,0.1,0.1,3.39,0,-1,1558321,156660.703125
COSG,2015-04-21,0.1,0.1,0.1,0.1,-1.41,0,-1,2919134,284086.34375
COSG,2015-04-20,0.1,0.1,0.1,0.1,-0.77,0,-1,780652,76981.273438
COSG,2015-04-19,0.1,0.1,0.1,0.1,-2.12,0,-1,229233,22799.800781
COSG,2015-04-16,0.1,0.1,0.1,0.1,-0.74,0,-1,1160864,117892.53125
COSG,2015-04-15,0.11,0.11,0.1,0.1,-1.1,0,-1,4349308,444790.25
COSG,2015-04-14,0.11,0.11,0.1,0.1,1.12,0,-1,583577,60396.5
COSG,2015-04-09,0.1,0.1,0.1,0.1,-1.71,-0.01,-1,2959753,302905
COSG,2015-04-08,0.11,0.11,0.1,0.11,0.86,0.01,-1,2389137,248856.453125
COSG,2015-04-07,0.11,0.11,0.1,0.1,2.65,0,-1,5677365,586038.6875
COSG,2015-04-06,0.11,0.11,0.09,0.1,3.8,0,-1,3510466,353074.46875
COSG,2015-04-05,0.1,0.1,0.1,0.1,-1.42,0,-1,3194572,309421.1875
COSG,2015-04-02,0.1,0.1,0.1,0.1,-1.02,0,-1,3113822,306016.5
COSG,2015-04-01,0.1,0.1,0.1,0.1,-2.49,0,-1,1172307,116463.1875
COSG,2015-03-31,0.11,0.11,0.1,0.1,2.29,0,-1,2863113,291605.78125
COSG,2015-03-30,0.1,0.1,0.1,0.1,0.64,0,-1,1071763,106676.203125
COSG,2015-03-29,0.1,0.1,0.09,0.1,4.84,0.01,-1,2947117,291347.6875
COSG,2015-03-26,0.1,0.1,0.09,0.09,-0.8,-0.01,-1,1220247,115133.601563
COSG,2015-03-25,0.1,0.1,0.09,0.1,-4.7,0,-1,2731170,259623.65625
COSG,2015-03-24,0.1,0.1,0.1,0.1,-2.11,0,-1,2758773,275387.90625
COSG,2015-03-23,0.11,0.11,0.1,0.1,-2.19,-0.01,-1,1396930,142404.75
COSG,2015-03-22,0.11,0.11,0.1,0.11,-4.75,0,-1,2912409,303395.65625
COSG,2015-03-19,0.11,0.11,0.11,0.11,1.17,0,-1,464758,50885.058594
COSG,2015-03-18,0.11,0.11,0.11,0.11,-1.73,0,-1,1647531,178151.5625
COSG,2015-03-17,0.11,0.11,0.11,0.11,0.81,0,-1,1082609,119124.078125
COSG,2015-03-16,0.12,0.12,0.11,0.11,-3.37,0,-1,2096182,228931.84375
COSG,2015-03-15,0.12,0.12,0.11,0.11,-0.22,0,-1,2260230,255296.125
COSG,2015-03-12,0.12,0.12,0.11,0.11,-1.43,0,-1,2524388,285724
COSG,2015-03-11,0.12,0.12,0.11,0.11,-2.69,-0.01,-1,2921900,335735.09375
COSG,2015-03-10,0.12,0.12,0.12,0.12,2.65,0.01,-1,10166263,1200494
COSG,2015-03-09,0.12,0.12,0.11,0.11,0.11,0,-1,6681990,768721.5625
COSG,2015-03-08,0.12,0.12,0.11,0.11,-0.33,-0.01,-1,5118680,587745.1875
COSG,2015-03-05,0.12,0.12,0.11,0.12,0.11,0.01,-1,3453036,398174.0625
COSG,2015-03-04,0.12,0.12,0.11,0.11,1.68,0,-1,1561467,179697.765625
COSG,2015-03-03,0.12,0.12,0.11,0.11,-1.87,-0.01,-1,1872588,212028.9375
COSG,2015-03-02,0.12,0.12,0.11,0.12,2.59,0.01,-1,3395551,391841.15625
COSG,2015-03-01,0.11,0.11,0.11,0.11,-0.22,0,-1,1942709,218463.140625
COSG,2015-02-26,0.12,0.12,0.11,0.11,-0.22,0,-1,3400974,383516.78125
COSG,2015-02-25,0.12,0.12,0.11,0.11,3.36,0,-1,4252126,480510.34375
COSG,2015-02-24,0.11,0.11,0.1,0.11,2.99,0,-1,5664567,619291.625
COSG,2015-02-23,0.11,0.11,0.11,0.11,-1.99,0,-1,4394265,466119.15625
COSG,2015-02-22,0.11,0.11,0.11,0.11,-2.06,0,-1,684067,74042.453125
COSG,2015-02-19,0.12,0.12,0.1,0.11,-3.86,0,-1,9537945,1054793
COSG,2015-02-18,0.12,0.12,0.11,0.11,-0.87,-0.01,-1,3577495,411549.375
COSG,2015-02-17,0.12,0.12,0.11,0.12,-3.58,0,-1,2855792,331274.625
COSG,2015-02-16,0.13,0.13,0.12,0.12,-5.1,-0.01,-1,6673042,803377.125
COSG,2015-02-15,0.13,0.13,0.13,0.13,-2.34,0,-1,3940082,499837.4375
COSG,2015-02-12,0.13,0.13,0.13,0.13,3.54,0,-1,7926857,1029604.4375
COSG,2015-02-11,0.13,0.13,0.12,0.13,-2.18,0,-1,2052797,257456
COSG,2015-02-10,0.13,0.13,0.13,0.13,4.12,0.01,-1,6665233,854633.4375
COSG,2015-02-09,0.13,0.13,0.12,0.12,-0.61,0,-1,3010784,370796.75
COSG,2015-02-08,0.13,0.13,0.12,0.12,0.62,0,-1,3989378,494418.40625
COSG,2015-02-05,0.13,0.13,0.12,0.12,-2.71,-0.01,-1,7424952,913926.875
COSG,2015-02-04,0.13,0.13,0.12,0.13,0.71,0,-1,5268085,666499.25
COSG,2015-02-03,0.13,0.13,0.12,0.13,2.91,0.01,-1,17525324,2202900.5
COSG,2015-02-02,0.13,0.13,0.12,0.12,-0.31,0,-1,5072963,619351.875
COSG,2015-02-01,0.13,0.13,0.12,0.12,5.57,0,-1,19717386,2414204.5
COSG,2015-01-29,0.12,0.12,0.11,0.12,-1.08,0,-1,8110157,940950.1875
COSG,2015-01-28,0.12,0.12,0.11,0.12,1.65,0,-1,6079161,713089.5
COSG,2015-01-27,0.12,0.12,0.11,0.12,2.25,0.01,-1,15384727,1774712.125
COSG,2015-01-26,0.11,0.11,0.11,0.11,1.37,0,-1,6088000,686736.9375
COSG,2015-01-22,0.11,0.11,0.11,0.11,-2.23,0,-1,2992074,333093.40625
COSG,2015-01-21,0.12,0.12,0.11,0.11,-1.32,-0.01,-1,7107376,809147.875
COSG,2015-01-20,0.12,0.12,0.11,0.12,-2.47,0,-1,4349308,501806.3125
COSG,2015-01-19,0.12,0.12,0.11,0.12,1.86,0,-1,6992082,827533.0625
COSG,2015-01-18,0.12,0.12,0.11,0.12,3.04,0.01,-1,9159360,1063321.375
COSG,2015-01-15,0.11,0.11,0.11,0.11,1.25,0,-1,4671601,526624.8125
COSG,2015-01-14,0.11,0.11,0.11,0.11,-2.23,0,-1,8216124,914927.625
COSG,2015-01-13,0.12,0.12,0.11,0.11,-3.34,-0.01,-1,8582616,977313.25
COSG,2015-01-12,0.12,0.12,0.11,0.12,3.11,0.01,-1,8653658,1019662
COSG,2015-01-11,0.12,0.12,0.11,0.11,8.42,0,-1,22392590,2559465.75
COSG,2015-01-08,0.11,0.11,0.11,0.11,1.22,0,-1,732387,77164.796875
COSG,2015-01-06,0.11,0.11,0.1,0.11,-3.3,0,-1,2114349,220125.296875
COSG,2015-01-05,0.11,0.11,0.1,0.11,2.04,0,-1,2968104,319518.15625
COSG,2015-01-04,0.11,0.11,0.1,0.11,0.6,0,-1,918778,96891
COSG,2014-12-31,0.11,0.11,0.1,0.11,-1.08,0,-1,3691597,386919.59375
COSG,2014-12-30,0.11,0.11,0.1,0.11,-1.99,0,-1,3275593,347296.78125
COSG,2014-12-29,0.11,0.11,0.11,0.11,0.59,0,-1,2456600,265716.59375
COSG,2014-12-28,0.11,0.11,0.11,0.11,-1.05,0,-1,3219193,346217.75
COSG,2014-12-25,0.11,0.11,0.11,0.11,-1.15,0,-1,1980182,215179.625
COSG,2014-12-24,0.11,0.11,0.11,0.11,4.84,0,-1,7015292,771124
COSG,2014-12-23,0.11,0.11,0.1,0.11,2.48,0.01,-1,5336525,559277.5
COSG,2014-12-22,0.11,0.11,0.1,0.1,0.62,0,-1,1187600,121527.789063
COSG,2014-12-21,0.1,0.1,0.1,0.1,0.75,0,-1,2750856,279873.1875
COSG,2014-12-18,0.11,0.11,0.1,0.1,0,0,-1,2072863,209330
COSG,2014-12-17,0.11,0.11,0.1,0.1,-5.8,-0.01,-1,5807519,586389.625
COSG,2014-12-16,0.11,0.11,0.11,0.11,-2.87,0,-1,2148243,230094.796875
COSG,2014-12-15,0.11,0.11,0.11,0.11,1.87,0,-1,2020313,222759.046875
COSG,2014-12-14,0.11,0.11,0.1,0.11,-4.58,0,-1,4111289,445044.84375
COSG,2014-12-11,0.12,0.12,0.11,0.11,0.67,0,-1,11080268,1257867.125
COSG,2014-12-10,0.12,0.12,0.11,0.11,3.61,0,-1,7283192,821385.0625
COSG,2014-12-09,0.11,0.11,0.11,0.11,-3.7,0,-1,4135259,450123.40625
COSG,2014-12-08,0.12,0.12,0.11,0.11,-1.11,0,-1,2844892,321487.6875
COSG,2014-12-07,0.12,0.12,0.1,0.11,2.85,0,-1,8911688,1017782.5625
COSG,2014-12-04,0.11,0.11,0.11,0.11,0.23,0,-1,5657788,628334.0625
COSG,2014-12-03,0.11,0.11,0.11,0.11,-2.73,0,-1,6360185,704877.5
COSG,2014-12-02,0.12,0.12,0.11,0.11,-0.66,0,-1,6403678,729655.375
COSG,2014-12-01,0.12,0.12,0.11,0.11,3.91,0,-1,8282991,950257.3125
COSG,2014-11-30,0.12,0.12,0.11,0.11,-2.57,0,-1,3221253,355468.28125
COSG,2014-11-27,0.12,0.12,0.11,0.11,1.13,0,-1,4041928,457868.40625
COSG,2014-11-26,0.11,0.11,0.11,0.11,4.06,0,-1,1739398,194890.703125
COSG,2014-11-25,0.11,0.11,0.11,0.11,-2.75,0,-1,4208145,453126.9375
COSG,2014-11-24,0.11,0.11,0.11,0.11,-5.42,-0.01,-1,3015122,333732.21875
COSG,2014-11-23,0.12,0.12,0.12,0.12,-1.96,0,-1,4696005,549474.9375
COSG,2014-11-20,0.12,0.12,0.12,0.12,-0.84,0,-1,10256503,1224409
COSG,2014-11-19,0.12,0.12,0.12,0.12,-0.78,0,-1,7008242,843845.25
COSG,2014-11-18,0.13,0.13,0.11,0.12,5.57,0.01,-1,23200628,2815485.25
COSG,2014-11-17,0.12,0.12,0.11,0.11,-0.44,-0.01,-1,8603169,989075.8125
COSG,2014-11-16,0.12,0.12,0.11,0.12,3.23,0.01,-1,9708067,1120848.25
COSG,2014-11-13,0.12,0.12,0.11,0.11,4.75,0,-1,9968646,1114990.75
COSG,2014-11-12,0.11,0.11,0.1,0.11,-1.86,0,-1,8559351,913754.3125
COSG,2014-11-11,0.11,0.11,0.11,0.11,-1.66,0,-1,6321193,687891.3125
COSG,2014-11-10,0.11,0.11,0.11,0.11,1.04,0,-1,7503857,830195.4375
COSG,2014-11-09,0.11,0.11,0.11,0.11,8.89,0.01,-1,18879846,2067707.875
COSG,2014-11-06,0.11,0.11,0.09,0.1,1.41,0,-1,17153247,1724455
COSG,2014-11-05,0.1,0.1,0.1,0.1,-1.57,0,-1,6470707,641818.8125
COSG,2014-11-04,0.11,0.11,0.1,0.1,3.52,0,-1,7959992,801755.9375
COSG,2014-11-03,0.1,0.1,0.1,0.1,-3.7,0,-1,10470660,1018870.5625
COSG,2014-11-02,0.11,0.11,0.1,0.1,-1.42,0,-1,6044073,610898.25
COSG,2014-10-30,0.11,0.11,0.09,0.1,6.31,0,-1,24136272,2475074.5
COSG,2014-10-29,0.1,0.1,0.09,0.1,2.29,0.01,-1,9779380,942897.8125
COSG,2014-10-28,0.1,0.1,0.09,0.09,5.54,0,-1,7539650,710626.8125
COSG,2014-10-27,0.09,0.09,0.09,0.09,0,0,-1,3484652,311326.5
COSG,2014-10-26,0.09,0.09,0.08,0.09,4.68,0.01,-1,3501518,312882
COSG,2014-10-23,0.09,0.09,0.08,0.08,0.6,0,-1,3465075,295648.03125
COSG,2014-10-22,0.09,0.09,0.08,0.08,2.53,0,-1,2274276,192990.640625
COSG,2014-10-21,0.09,0.09,0.08,0.08,-2.1,0,-1,1994933,165112.375
COSG,2014-10-20,0.08,0.08,0.08,0.08,3.49,0,-1,1047305,88514.5
COSG,2014-10-19,0.08,0.08,0.08,0.08,-4.59,0,-1,1627574,132906.21875
COSG,2014-10-16,0.09,0.09,0.08,0.08,-3.71,-0.01,-1,6325477,541576.625
COSG,2014-10-15,0.09,0.09,0.08,0.09,7.02,0.01,-1,7783797,691774.25
COSG,2014-10-14,0.09,0.09,0.08,0.08,-2.17,0,-1,4532608,376469.65625
COSG,2014-10-13,0.09,0.09,0.08,0.08,-3.11,-0.01,-1,1946342,165272.09375
COSG,2014-10-12,0.1,0.1,0.09,0.09,-8.96,-0.01,-1,9994677,875627.3125
COSG,2014-10-09,0.1,0.1,0.09,0.1,0,0,-1,6395814,615585.375
COSG,2014-10-08,0.1,0.1,0.09,0.1,7.89,0.01,-1,26460819,2546128.5
COSG,2014-10-02,0.09,0.09,0.08,0.09,5,0.01,-1,7734284,689723.4375
COSG,2014-10-01,0.09,0.09,0.08,0.08,1.36,0,-1,1474752,125267.59375
COSG,2014-09-30,0.08,0.08,0.08,0.08,1.23,0,-1,126195,10573
COSG,2014-09-29,0.08,0.08,0.08,0.08,0,0,-1,115132,9594
COSG,2014-09-28,0.08,0.08,0.08,0.08,-0.68,0,-1,512589,42437.398438
COSG,2014-09-25,0.08,0.08,0.08,0.08,0.69,0,-1,891933,74382.25
COSG,2014-09-24,0.08,0.08,0.08,0.08,-1.95,0,-1,457382,37861.601563
COSG,2014-09-23,0.09,0.09,0.08,0.08,2.46,0,-1,1613528,136263.15625
COSG,2014-09-22,0.08,0.08,0.08,0.08,-0.92,0,-1,686128,56558.371094
COSG,2014-09-21,0.08,0.08,0.08,0.08,-2.4,0,-1,550442,45609.140625
COSG,2014-09-18,0.09,0.09,0.08,0.08,-2.06,-0.01,-1,441655,37327.628906
COSG,2014-09-17,0.09,0.09,0.08,0.09,2.64,0.01,-1,173810,14998.009766
COSG,2014-09-16,0.08,0.08,0.08,0.08,-1.34,0,-1,436124,36654.25
COSG,2014-09-15,0.09,0.09,0.08,0.08,0.22,0,-1,827887,70561.21875
COSG,2014-09-14,0.09,0.09,0.08,0.08,2.68,0,-1,364648,30995.919922
COSG,2014-09-11,0.08,0.08,0.08,0.08,-7.11,-0.01,-1,225546,18675
COSG,2014-09-09,0.09,0.09,0.09,0.09,-0.71,0,-1,851748,75920
COSG,2014-09-08,0.09,0.09,0.09,0.09,-1.12,0,-1,1395900,125337
COSG,2014-09-07,0.09,0.09,0.09,0.09,-1.04,0,-1,834991,75805.601563
COSG,2014-09-04,0.09,0.09,0.09,0.09,3.36,0,-1,1750135,160524.046875
COSG,2014-09-03,0.09,0.09,0.09,0.09,-2.17,0,-1,3244735,287965.46875
COSG,2014-09-02,0.09,0.09,0.09,0.09,-2.45,0,-1,3393816,308002.625
COSG,2014-09-01,0.09,0.09,0.09,0.09,1.52,0,-1,1598560,148728.296875
COSG,2014-08-31,0.09,0.09,0.09,0.09,3.21,0,-1,6090007,558106.0625
COSG,2014-08-28,0.09,0.09,0.09,0.09,0.43,0,-1,1706588,151448.015625
COSG,2014-08-27,0.09,0.09,0.08,0.09,0.22,0,-1,3774082,333508.6875
COSG,2014-08-26,0.09,0.09,0.09,0.09,1.31,0,-1,3442244,303541.71875
COSG,2014-08-25,0.09,0.09,0.08,0.09,0.96,0,-1,4499961,391803.03125
COSG,2014-08-24,0.09,0.09,0.08,0.09,4.45,0.01,-1,3579122,308584.6875
COSG,2014-08-21,0.08,0.08,0.08,0.08,-0.08,0,-1,3979454,328557.8125
COSG,2014-08-20,0.08,0.08,0.08,0.08,-0.53,0,-1,2100141,173531.203125
COSG,2014-08-19,0.08,0.08,0.08,0.08,-1.21,0,-1,2401393,199385.71875
COSG,2014-08-18,0.08,0.08,0.08,0.08,-1.12,0,-1,1624754,136578.015625
COSG,2014-08-17,0.09,0.09,0.08,0.08,3.55,0,-1,5706541,485268.6875
COSG,2014-08-14,0.08,0.08,0.08,0.08,2.53,0,-1,2435287,199925.1875
COSG,2014-08-13,0.08,0.08,0.08,0.08,-1.64,0,-1,1371279,109781.039063
COSG,2014-08-12,0.08,0.08,0.08,0.08,0.23,0,-1,2058329,167596.5
COSG,2014-08-11,0.08,0.08,0.08,0.08,-1.46,0,-1,1900626,154380.953125
COSG,2014-08-10,0.08,0.08,0.08,0.08,0.08,0,-1,236609,19495
COSG,2014-08-07,0.08,0.08,0.08,0.08,0,0,-1,252336,20776.300781
COSG,2014-08-06,0.08,0.08,0.08,0.08,-0.15,0,-1,929787,76581
COSG,2014-08-05,0.08,0.08,0.08,0.08,-1.21,0,-1,1214498,100201.5
COSG,2014-08-04,0.09,0.09,0.08,0.08,0.92,0,-1,2131812,178007.40625
COSG,2014-08-03,0.08,0.08,0.08,0.08,0.31,0,-1,1735005,143550.546875
COSG,2014-07-31,0.08,0.08,0.08,0.08,0.15,0,-1,975557,80441.25
COSG,2014-07-27,0.08,0.08,0.08,0.08,0.46,0,-1,1774431,146049.65625
COSG,2014-07-24,0.08,0.08,0.08,0.08,2.3,0,-1,331242,27123
COSG,2014-07-22,0.08,0.08,0.08,0.08,1.36,0,-1,623166,49916.539063
COSG,2014-07-21,0.08,0.08,0.08,0.08,-0.16,0,-1,497459,39303.601563
COSG,2014-07-20,0.08,0.08,0.08,0.08,-1.58,0,-1,208192,16474.400391
COSG,2014-07-17,0.08,0.08,0.08,0.08,0.08,0,-1,982662,79006.039063
COSG,2014-07-16,0.08,0.08,0.08,0.08,0.32,0,-1,463727,37242.5
COSG,2014-07-15,0.08,0.08,0.08,0.08,-1.17,0,-1,197183,15784
COSG,2014-07-14,0.08,0.08,0.08,0.08,1.03,0,-1,171152,13863.660156
COSG,2014-07-13,0.08,0.08,0.08,0.08,-2.17,0,-1,630921,50619.199219
COSG,2014-07-10,0.08,0.08,0.08,0.08,1.57,0,-1,2588272,212174.359375
COSG,2014-07-09,0.08,0.08,0.08,0.08,-0.31,0,-1,1220626,98502.476563
COSG,2014-07-08,0.08,0.08,0.08,0.08,0.87,0,-1,793667,64276.5
COSG,2014-07-07,0.08,0.08,0.08,0.08,-3.14,0,-1,1185322,95135.796875
COSG,2014-07-06,0.08,0.08,0.08,0.08,1.79,0,-1,394312,32665
COSG,2014-07-03,0.08,0.08,0.08,0.08,0.63,0,-1,238182,19395
COSG,2014-07-02,0.08,0.08,0.08,0.08,3.07,0,-1,389268,31502
COSG,2014-06-30,0.08,0.08,0.08,0.08,0.73,0,-1,1312276,102964.601563
COSG,2014-06-29,0.08,0.08,0.08,0.08,-1.6,0,-1,552069,43026.320313
COSG,2014-06-26,0.08,0.08,0.08,0.08,5.05,0,-1,214483,16992.800781
COSG,2014-06-25,0.08,0.08,0.07,0.08,-1.33,0,-1,1296332,97750.921875
COSG,2014-06-24,0.08,0.08,0.08,0.08,-4.29,0,-1,646702,49390.601563
COSG,2014-06-23,0.08,0.08,0.08,0.08,1.45,0,-1,447133,35681.550781
COSG,2014-06-22,0.08,0.08,0.08,0.08,1.47,0,-1,354886,27925
COSG,2014-06-19,0.08,0.08,0.08,0.08,1.07,0,-1,864330,67021.921875
COSG,2014-06-18,0.08,0.08,0.08,0.08,-2.34,0,-1,2674553,205221.5
COSG,2014-06-17,0.08,0.08,0.08,0.08,-1.9,0,-1,1227297,96404.132813
COSG,2014-06-16,0.08,0.08,0.08,0.08,-2.4,0,-1,1642704,131491.796875
COSG,2014-06-15,0.08,0.08,0.08,0.08,0.15,0,-1,585150,47997.699219
COSG,2014-06-12,0.08,0.08,0.08,0.08,-1.6,0,-1,982770,80499.851563
COSG,2014-06-11,0.08,0.08,0.08,0.08,1.31,0,-1,1350943,112462.5
COSG,2014-06-10,0.08,0.08,0.08,0.08,-1.59,0,-1,500604,41121.199219
COSG,2014-06-09,0.08,0.08,0.08,0.08,0,0,-1,1741133,145370.625
COSG,2014-06-05,0.08,0.08,0.08,0.08,2.01,0,-1,4016060,335232.03125
COSG,2014-06-04,0.08,0.08,0.08,0.08,5.22,0,-1,1963533,160768.8125
COSG,2014-06-03,0.08,0.08,0.08,0.08,-1.29,0,-1,976317,75976.023438
COSG,2014-06-02,0.08,0.08,0.08,0.08,1.3,0,-1,1323014,104258.820313
COSG,2014-06-01,0.08,0.08,0.07,0.08,-6.05,0,-1,3645555,283559.71875
COSG,2014-05-29,0.09,0.09,0.08,0.08,-0.91,0,-1,2627427,217543.40625
COSG,2014-05-28,0.09,0.09,0.08,0.08,-2.95,-0.01,-1,4351965,363754.09375
COSG,2014-05-26,0.09,0.09,0.08,0.09,-3.28,0,-1,1839074,158331
COSG,2014-05-25,0.09,0.09,0.09,0.09,-0.64,0,-1,1272362,113254.71875
COSG,2014-05-22,0.09,0.09,0.09,0.09,0,0,-1,918778,82297.75
COSG,2014-05-21,0.09,0.09,0.09,0.09,0.36,0,-1,1205170,107992.296875
COSG,2014-05-20,0.09,0.09,0.09,0.09,-0.14,0,-1,8777467,783723.125
COSG,2014-05-19,0.09,0.09,0.09,0.09,-0.28,0,-1,6797230,607428.5625
COSG,2014-05-18,0.09,0.09,0.09,0.09,-1.26,0,-1,3170331,284223.90625
COSG,2014-05-15,0.09,0.09,0.09,0.09,-0.28,0,-1,1529958,138950.34375
COSG,2014-05-14,0.09,0.09,0.09,0.09,1.84,0,-1,2031539,184940.34375
COSG,2014-05-13,0.09,0.09,0.09,0.09,-0.14,0,-1,1870636,167277.296875
COSG,2014-05-12,0.09,0.09,0.09,0.09,-0.21,0,-1,2333550,208930
COSG,2014-05-11,0.09,0.09,0.09,0.09,0.86,0,-1,1301267,116736.898438
COSG,2014-05-08,0.09,0.09,0.09,0.09,-1.2,0,-1,2659585,236621.625
COSG,2014-05-07,0.09,0.09,0.09,0.09,-1.73,0,-1,1978989,178182.3125
COSG,2014-05-06,0.09,0.09,0.09,0.09,0.98,0,-1,1499210,137339.953125
COSG,2014-05-05,0.09,0.09,0.09,0.09,-2.39,0,-1,3378685,306506.4375
COSG,2014-05-04,0.1,0.1,0.09,0.09,-0.34,0,-1,4603270,427896.71875
COSG,2014-04-30,0.1,0.1,0.09,0.09,4.03,0,-1,15342210,1430803.875
COSG,2014-04-29,0.1,0.1,0.09,0.09,-4.07,0,-1,5502633,493308.46875
COSG,2014-04-28,0.1,0.1,0.09,0.09,4.39,0,-1,14564487,1360681
COSG,2014-04-27,0.09,0.09,0.08,0.09,5.06,0.01,-1,6835083,611961
COSG,2014-04-23,0.09,0.09,0.08,0.08,-0.22,0,-1,1974434,168192.8125
COSG,2014-04-22,0.09,0.09,0.08,0.08,3.38,0,-1,8242806,704066.5
COSG,2014-04-17,0.08,0.08,0.08,0.08,1.48,0,-1,2535939,209519.734375
COSG,2014-04-16,0.08,0.08,0.08,0.08,2.97,0,-1,5672647,461877.84375
COSG,2014-04-15,0.08,0.08,0.08,0.08,2.13,0,-1,1340693,105998
COSG,2014-04-14,0.08,0.08,0.08,0.08,0,0,-1,236609,18320
COSG,2014-04-13,0.08,0.08,0.08,0.08,-1.85,0,-1,1593029,123359
COSG,2014-04-10,0.08,0.08,0.08,0.08,0.89,0,-1,2049489,161624.25
COSG,2014-04-09,0.08,0.08,0.07,0.08,2.75,0,-1,3055795,238970.515625
COSG,2014-04-08,0.08,0.08,0.08,0.08,0.17,0,-1,2142549,163051.875
COSG,2014-04-07,0.08,0.08,0.07,0.08,-0.33,0,-1,1979477,150304
COSG,2014-04-06,0.08,0.08,0.07,0.08,0.75,0,-1,2055943,156724.953125
COSG,2014-04-03,0.08,0.08,0.07,0.08,-3.48,0,-1,974907,73734.203125
COSG,2014-04-02,0.08,0.08,0.08,0.08,-4.33,0,-1,1839562,144137.453125
COSG,2014-04-01,0.08,0.08,0.08,0.08,0.86,0,-1,1326810,108709.578125
COSG,2014-03-31,0.08,0.08,0.08,0.08,-5.81,-0.01,-1,832008,67579
COSG,2014-03-30,0.09,0.09,0.08,0.09,-5.03,0,-1,1045732,90168.796875
COSG,2014-03-27,0.09,0.09,0.08,0.09,-2.05,0,-1,5642983,512286.96875
COSG,2014-03-26,0.09,0.09,0.09,0.09,-1.08,0,-1,1717977,159282.921875
COSG,2014-03-25,0.1,0.1,0.09,0.09,-0.2,0,-1,860425,80599.140625
COSG,2014-03-24,0.1,0.1,0.09,0.09,0.61,0,-1,1036242,97277.609375
COSG,2014-03-23,0.1,0.1,0.09,0.09,-1.67,-0.01,-1,1357722,126726.78125
COSG,2014-03-20,0.1,0.1,0.09,0.1,-2.41,0,-1,3384813,321164.65625
COSG,2014-03-19,0.1,0.1,0.1,0.1,1.52,0,-1,2638761,256658.5625
COSG,2014-03-18,0.1,0.1,0.1,0.1,-1.88,0,-1,3518113,337093.59375
COSG,2014-03-17,0.1,0.1,0.1,0.1,2.26,0,-1,6065712,592415.5
COSG,2014-03-16,0.1,0.1,0.09,0.1,2.38,0.01,-1,3694742,352683.28125
COSG,2014-03-13,0.1,0.1,0.09,0.09,-0.74,0,-1,1128542,105270.742188
COSG,2014-03-12,0.1,0.1,0.09,0.09,-1.92,-0.01,-1,2039890,191603.984375
COSG,2014-03-11,0.1,0.1,0.1,0.1,1.48,0.01,-1,4854847,465072.15625
COSG,2014-03-10,0.1,0.1,0.09,0.09,3.12,0,-1,10964214,1034952.125
COSG,2014-03-09,0.09,0.09,0.09,0.09,0.56,0,-1,635639,58210.53
COSG,2014-03-06,0.09,0.09,0.09,0.09,-1.64,0,-1,2128666,193789.09375
COSG,2014-03-05,0.09,0.09,0.09,0.09,0.55,0,-1,1339392,124009.046875
COSG,2014-03-04,0.09,0.09,0.09,0.09,0.41,0,-1,3127109,287878.125
COSG,2014-03-03,0.1,0.1,0.09,0.09,-3.92,-0.01,-1,5453392,499802.4375
COSG,2014-03-02,0.1,0.1,0.09,0.1,-1.51,0,-1,6645167,634171.75
COSG,2014-02-27,0.1,0.1,0.1,0.1,0.33,0,-1,2675529,259220.25
COSG,2014-02-26,0.1,0.1,0.1,0.1,-1.1,0,-1,6179867,596909.1875
COSG,2014-02-25,0.1,0.1,0.1,0.1,-0.71,0,-1,5708439,557290.9375
COSG,2014-02-24,0.1,0.1,0.1,0.1,-1.4,0,-1,4195347,412587.78125
COSG,2014-02-23,0.1,0.1,0.1,0.1,2.209227,0,-1,9192170,916445.0625
COSG,2014-02-20,0.1,0.1,0.1,0.1,-0.52,0,-1,5936697,579113
COSG,2014-02-19,0.1,0.1,0.1,0.1,-1.15,0,-1,4828979,473506.5
COSG,2014-02-18,0.1,0.1,0.1,0.1,-1.82,0,-1,8967220,889739.5
COSG,2014-02-17,0.1,0.1,0.1,0.1,0.82,0,-1,13971744,1412205.5
COSG,2014-02-16,0.1,0.1,0.1,0.1,4.29,0,-1,24196685,2425649.25
COSG,2014-02-13,0.1,0.1,0.1,0.1,-1.94,0,-1,7671485,737510.375
COSG,2014-02-12,0.1,0.1,0.1,0.1,2.32,0,-1,14166975,1388724
COSG,2014-02-11,0.1,0.1,0.09,0.1,-1.18,0,-1,4237484,405886.03125
COSG,2014-02-10,0.1,0.1,0.09,0.1,0.92,0,-1,13358665,1295353.375
COSG,2014-02-09,0.1,0.1,0.09,0.1,1.61,0.01,-1,11667045,1121007.75
COSG,2014-02-06,0.1,0.1,0.09,0.09,-0.13,0,-1,11790366,1114792
COSG,2014-02-05,0.1,0.1,0.09,0.09,0.34,0,-1,10436766,987767.25
COSG,2014-02-04,0.1,0.1,0.09,0.09,5.53,0,-1,17213009,1623504.5
COSG,2014-02-03,0.09,0.09,0.09,0.09,-1.81,0,-1,7640302,683195.375
COSG,2014-02-02,0.09,0.09,0.09,0.09,1.41,0,-1,8666782,788798.5
COSG,2014-01-30,0.09,0.09,0.09,0.09,0.57,0,-1,10145926,911176.5625
COSG,2014-01-29,0.09,0.09,0.09,0.09,-5.12,0,-1,11647305,1040101.1875
COSG,2014-01-28,0.1,0.1,0.09,0.09,2.7,0,-1,8698290,818432.375
COSG,2014-01-27,0.09,0.09,0.08,0.09,7.92,0.01,-1,31271522,2864880.5
COSG,2014-01-26,0.09,0.09,0.08,0.08,0.53,0,-1,3063822,260021.875
COSG,2014-01-23,0.08,0.08,0.08,0.08,1.37,0,-1,3088280,260877.296875
COSG,2014-01-22,0.08,0.08,0.08,0.08,0.61,0,-1,1963696,163601.5
COSG,2014-01-21,0.08,0.08,0.08,0.08,-0.91,0,-1,1905507,157725.765625
COSG,2014-01-20,0.08,0.08,0.08,0.08,0.61,0,-1,843831,70517.75
COSG,2014-01-19,0.08,0.08,0.08,0.08,-3.39,-0.01,-1,5223453,433703.6875
COSG,2014-01-16,0.09,0.09,0.09,0.09,-1.02,0,-1,1723183,148195.90625
COSG,2014-01-15,0.09,0.09,0.09,0.09,-0.87,0,-1,3742682,325153.375
COSG,2014-01-14,0.09,0.09,0.09,0.09,-0.14,0,-1,5350082,468740.0625
COSG,2014-01-12,0.09,0.09,0.09,0.09,1.02,0,-1,6613497,580310.4375
COSG,2014-01-09,0.09,0.09,0.09,0.09,0.15,0,-1,3501843,304133.4375
COSG,2014-01-08,0.09,0.09,0.08,0.09,0.96,0,-1,3488937,302517.46875
COSG,2014-01-06,0.09,0.09,0.08,0.09,-1.38,0,-1,2033871,174720.546875
COSG,2014-01-05,0.09,0.09,0.09,0.09,-0.36,0,-1,4946172,430990
COSG,2014-01-02,0.09,0.09,0.08,0.09,2.15,0.01,-1,4294263,375500.46875
COSG,2013-12-31,0.09,0.09,0.08,0.08,0.3,0,-1,8306039,710723.25
COSG,2013-12-30,0.09,0.09,0.08,0.08,0.82,0,-1,1380607,117846.320313
COSG,2013-12-29,0.09,0.09,0.08,0.08,-1.62,-0.01,-1,1931375,163486.625
COSG,2013-12-26,0.09,0.09,0.08,0.09,-2.79,0,-1,6583182,566221.3125
COSG,2013-12-25,0.09,0.09,0.09,0.09,0.43,0,-1,2418584,214023.84375
COSG,2013-12-24,0.09,0.09,0.08,0.09,-0.86,0,-1,7825608,689534.9375
COSG,2013-12-23,0.09,0.09,0.09,0.09,-0.78,0,-1,5489998,488037.40625
COSG,2013-12-22,0.09,0.09,0.09,0.09,-2.28,0,-1,8921016,799112.25
COSG,2013-12-19,0.09,0.09,0.09,0.09,-2.69,0,-1,6776406,621440.0625
COSG,2013-12-18,0.1,0.1,0.09,0.09,0.27,0,-1,8935224,841557.6875
COSG,2013-12-17,0.1,0.1,0.09,0.09,-0.4,0,-1,4350392,408679.71875
COSG,2013-12-16,0.1,0.1,0.09,0.09,3.48,0,-1,16465221,1553486.25
COSG,2013-12-15,0.09,0.09,0.09,0.09,-3.3,0,-1,7551797,688438.625
COSG,2013-12-12,0.1,0.1,0.09,0.09,-1.46,-0.01,-1,8172902,770655.6875
COSG,2013-12-11,0.1,0.1,0.09,0.1,7.4,0.01,-1,16654974,1593774.5
COSG,2013-12-10,0.09,0.09,0.08,0.09,6.68,0.01,-1,9817233,874630.5625
COSG,2013-12-09,0.08,0.08,0.08,0.08,-2.95,-0.01,-1,5264452,439584.59375
COSG,2013-12-08,0.09,0.09,0.08,0.09,0.37,0,-1,6007793,516847.40625
COSG,2013-12-05,0.09,0.09,0.08,0.09,-2.59,0,-1,9456816,810327.375
COSG,2013-12-04,0.09,0.09,0.08,0.09,3.74,0.01,-1,3661607,322149.59375
COSG,2013-12-03,0.09,0.09,0.08,0.08,-4.22,-0.01,-1,6057197,513642.59375
COSG,2013-12-02,0.09,0.09,0.09,0.09,-3.59,0,-1,2900099,256948.421875
COSG,2013-12-01,0.09,0.09,0.09,0.09,0,0,-1,2352802,216129.5
COSG,2013-11-28,0.09,0.09,0.09,0.09,-0.28,0,-1,3470607,318908.3125
COSG,2013-11-27,0.1,0.1,0.09,0.09,-2.22,0,-1,4840801,445805.625
COSG,2013-11-26,0.1,0.1,0.09,0.09,-0.93,-0.01,-1,3096957,291718.84375
COSG,2013-11-25,0.1,0.1,0.09,0.1,-4.09,0,-1,5243627,498788.0625
COSG,2013-11-24,0.1,0.1,0.1,0.1,1.36,0,-1,9734098,964962.6875
COSG,2013-11-21,0.1,0.1,0.1,0.1,-2.77,0,-1,4195509,410305.875
COSG,2013-11-20,0.11,0.11,0.1,0.1,1.08,0,-1,12639403,1271383.125
COSG,2013-11-19,0.1,0.1,0.1,0.1,0.9,0,-1,4529408,450864.15625
COSG,2013-11-18,0.1,0.1,0.1,0.1,-0.89,0,-1,5565053,548927.75
COSG,2013-11-17,0.1,0.1,0.1,0.1,0.06,0,-1,3249182,323349.13
COSG,2013-11-14,0.1,0.1,0.1,0.1,-2.43,0,-1,4190628,416934.4375
COSG,2013-11-13,0.1,0.1,0.1,0.1,-1.41,0,-1,4048815,412811.59375
COSG,2013-11-12,0.11,0.11,0.1,0.1,4.48,0,-1,12620151,1304880.5
COSG,2013-11-11,0.1,0.1,0.1,0.1,-3.82,0,-1,4828328,477789.1875
COSG,2013-11-10,0.11,0.11,0.1,0.1,-4.42,-0.01,-1,10660088,1096705.125
COSG,2013-11-07,0.11,0.11,0.11,0.11,-2.75,0,-1,11115952,1196553.875
COSG,2013-11-06,0.12,0.12,0.11,0.11,-1.8,0,-1,10787856,1194134.625
COSG,2013-11-04,0.12,0.12,0.11,0.11,1.89,0,-1,5007832,564453.5625
COSG,2013-11-03,0.11,0.11,0.11,0.11,1.28,0,-1,7139481,789963.8125
COSG,2013-10-31,0.11,0.11,0.11,0.11,-3.85,0,-1,7297238,797324.0625
COSG,2013-10-30,0.12,0.12,0.11,0.11,-4.58,-0.01,-1,15402298,1749635.375
COSG,2013-10-29,0.12,0.12,0.11,0.12,-0.84,0,-1,9848742,1172460.625
COSG,2013-10-28,0.13,0.13,0.11,0.12,-4.2,-0.01,-1,8374478,1005403.4375
COSG,2013-10-27,0.13,0.13,0.12,0.13,2.7,0.01,-1,51927534,6507487
COSG,2013-10-24,0.13,0.13,0.12,0.12,5.36,0,-1,13799833,1684450.75
COSG,2013-10-23,0.12,0.12,0.11,0.12,-1.08,0,-1,18741557,2170866.5
COSG,2013-10-22,0.12,0.12,0.11,0.12,4.47,0.01,-1,22154896,2593754.75
COSG,2013-10-21,0.11,0.11,0.11,0.11,9,0.01,-1,49353254,5530881.5
COSG,2013-10-20,0.1,0.1,0.1,0.1,9.97,0.01,-1,2759099,283681.46875
COSG,2013-10-13,0.09,0.09,0.08,0.09,8.94,0,-1,14110521,1319718.5
COSG,2013-10-10,0.09,0.09,0.08,0.09,0.3,0.01,-1,2168743,186135.734375
COSG,2013-10-09,0.09,0.09,0.08,0.08,0.22,0,-1,324625,27792.029297
COSG,2013-10-08,0.09,0.09,0.08,0.08,-2.95,-0.01,-1,467523,39928.941406
COSG,2013-10-03,0.09,0.09,0.09,0.09,3.58,0.01,-1,236609,20821.339844
COSG,2013-10-02,0.09,0.09,0.08,0.08,-3.18,-0.01,-1,1025233,87109
COSG,2013-10-01,0.09,0.09,0.08,0.09,3.59,0.01,-1,1432940,125763.28125
COSG,2013-09-30,0.09,0.09,0.08,0.08,-2.05,-0.01,-1,657873,55718.480469
COSG,2013-09-29,0.09,0.09,0.08,0.09,-1.72,0,-1,1397147,120848.382813
COSG,2013-09-26,0.09,0.09,0.09,0.09,0.57,0,-1,260253,22897.5
COSG,2013-09-25,0.09,0.09,0.09,0.09,2.14,0,-1,173484,15311.5
COSG,2013-09-24,0.09,0.09,0.08,0.09,0.87,0,-1,315460,27157.330078
COSG,2013-09-23,0.09,0.09,0.09,0.09,2.39,0,-1,2160879,189206.125
COSG,2013-09-22,0.09,0.09,0.08,0.09,2.51,0.01,-1,2428996,213051.90625
COSG,2013-09-19,0.09,0.09,0.08,0.08,2.82,0,-1,946381,78996.898438
COSG,2013-09-18,0.09,0.09,0.08,0.08,3.85,0,-1,2087017,173565.75
COSG,2013-09-17,0.09,0.09,0.08,0.08,4.32,0,-1,867475,72760
COSG,2013-09-16,0.09,0.09,0.08,0.08,-7.85,-0.01,-1,1119865,93581.5625
COSG,2013-09-15,0.09,0.09,0.08,0.09,3.43,0.01,-1,331242,29175.980469
COSG,2013-09-12,0.09,0.09,0.08,0.08,0.46,0,-1,520507,44307.5
COSG,2013-09-11,0.08,0.08,0.08,0.08,1.84,0,-1,141976,11736.5
COSG,2013-09-10,0.08,0.08,0.08,0.08,0.4,0,-1,1656153,131555.015625
COSG,2013-09-09,0.08,0.08,0.08,0.08,2.39,0,-1,883257,69174
COSG,2013-09-08,0.08,0.08,0.07,0.08,-6.1,0,-1,15781,1140
COSG,2013-09-05,0.08,0.08,0.08,0.08,-2.22,0,-1,760098,58496.269531
COSG,2013-09-02,0.08,0.08,0.08,0.08,0.73,0,-1,157703,12621.30957
COSG,2013-09-01,0.08,0.08,0.08,0.08,0.08,0,-1,327283,25704.75
COSG,2013-08-29,0.08,0.08,0.08,0.08,7.08,0.01,-1,161662,12402.5
COSG,2013-08-28,0.07,0.07,0.07,0.07,-8.94,-0.01,-1,211988,15192.200195
COSG,2013-08-27,0.08,0.08,0.08,0.08,-1.69,0,-1,55207,4270
COSG,2013-08-26,0.08,0.08,0.08,0.08,0.65,0,-1,769372,60539.910156
COSG,2013-08-25,0.08,0.08,0.08,0.08,-3.07,0,-1,1591456,123691.90625
COSG,2013-08-22,0.08,0.08,0.08,0.08,6.12,0,-1,307543,24766
COSG,2013-08-21,0.08,0.08,0.08,0.08,-2.04,0,-1,118277,9000
COSG,2013-08-18,0.08,0.08,0.07,0.08,-7.59,0,-1,118277,8560
COSG,2013-08-14,0.08,0.08,0.08,0.08,-6.88,0,-1,213723,16592.75
COSG,2013-08-13,0.08,0.08,0.08,0.08,-1.9,0,-1,143549,11777.5
COSG,2013-08-12,0.08,0.08,0.08,0.08,0.68,0,-1,31562,2580
COSG,2013-08-04,0.09,0.09,0.08,0.08,3.13,0,-1,724306,60565.269531
COSG,2013-08-01,0.08,0.08,0.08,0.08,2.38,0,-1,362750,30092
COSG,2013-07-31,0.08,0.08,0.08,0.08,4.02,0,-1,190079,15714.530273
COSG,2013-07-30,0.08,0.08,0.08,0.08,0.45,0,-1,165621,13584.200195
COSG,2013-07-28,0.09,0.09,0.08,0.08,-4.95,-0.01,-1,449682,38205.800781
COSG,2013-07-25,0.09,0.09,0.08,0.09,-2.11,0,-1,113071,9400.299805
COSG,2013-07-24,0.09,0.09,0.08,0.09,6.19,0.01,-1,218279,19003.140625
COSG,2013-07-22,0.09,0.09,0.08,0.08,1.3,-0.01,-1,2208331,187675.234375
COSG,2013-07-21,0.09,0.09,0.08,0.09,9.6,0.01,-1,678210,59434.839844
COSG,2013-07-17,0.08,0.08,0.08,0.08,2.51,0,-1,1573,134.600006
COSG,2013-07-16,0.08,0.08,0.08,0.08,-4.79,-0.01,-1,1308480,108931.117188
COSG,2013-07-15,0.09,0.09,0.08,0.09,1.55,0,-1,205047,17637.529297
COSG,2013-07-14,0.09,0.09,0.08,0.09,2.87,0,-1,356459,30719.5
COSG,2013-07-11,0.09,0.09,0.08,0.09,-3.78,0,-1,852670,73594.53125
COSG,2013-07-10,0.09,0.09,0.09,0.09,0.58,0,-1,321751,28629.199219
COSG,2013-07-09,0.09,0.09,0.08,0.09,8.92,0.01,-1,964332,84839.539063
COSG,2013-07-08,0.1,0.1,0.08,0.08,8.4,-0.01,-1,1028215,85510.070313
COSG,2013-07-07,0.11,0.11,0.09,0.09,9.84,-0.01,-1,2727103,240906.8125
COSG,2013-07-04,0.1,0.1,0.09,0.1,9.92,0.01,-1,1213685,117334.898438
COSG,2013-07-03,0.1,0.1,0.09,0.09,8,0,-1,189265,17407
COSG,2013-07-02,0.09,0.09,0.09,0.09,7.09,0.01,-1,150762,13257.650391
COSG,2013-06-30,0.08,0.08,0.07,0.08,6.12,0,-1,157866,12996.509766
COSG,2013-06-27,0.08,0.08,0.07,0.08,0.99,0,-1,228854,17773.96
COSG,2013-06-26,0.08,0.08,0.07,0.08,-0.75,0,-1,152388,11721.950195
COSG,2013-06-25,0.08,0.08,0.07,0.08,-0.09,0.01,-1,280753,21504
COSG,2013-06-23,0.07,0.07,0.07,0.07,-6.27,-0.01,-1,282488,20707.640625
COSG,2013-06-19,0.08,0.08,0.08,0.08,-1.96,0,-1,173484,13506.549805
COSG,2013-06-18,0.08,0.08,0.07,0.08,3.81,0,-1,220828,17821.429688
COSG,2013-06-17,0.08,0.08,0.08,0.08,4.11,0,-1,788624,60301.5
COSG,2013-06-16,0.08,0.08,0.07,0.08,-0.17,0,-1,315460,23818
COSG,2013-06-13,0.08,0.08,0.07,0.08,5.13,0.01,-1,162150,12345.5
COSG,2013-06-12,0.08,0.08,0.07,0.07,-5.73,-0.01,-1,477610,34831.261719
COSG,2013-06-11,0.08,0.08,0.08,0.08,8.97,0.01,-1,149840,12090.5
COSG,2013-06-10,0.07,0.07,0.07,0.07,-9.65,0,-1,39588,2650.580078
COSG,2013-06-09,0.07,0.07,0.07,0.07,-9.365,-0.01,-1,149840,11120
COSG,2013-06-05,0.08,0.08,0.08,0.08,1.54,0,-1,481081,39395.921875
COSG,2013-06-04,0.08,0.08,0.08,0.08,1.21,0,-1,835967,68896.953125
COSG,2013-06-03,0.09,0.09,0.08,0.08,-1.43,0,-1,410093,34409.5
COSG,2013-06-02,0.09,0.09,0.08,0.08,3.01,0,-1,339105,28576.5
COSG,2013-05-30,0.08,0.08,0.08,0.08,-7.38,-0.01,-1,680271,57372.328125
COSG,2013-05-29,0.08,0.08,0.08,0.08,-2.29,0,-1,278692,21522.699219
COSG,2013-05-28,0.09,0.09,0.08,0.08,-3.4,0,-1,705217,56292.070313
COSG,2013-05-27,0.09,0.09,0.08,0.08,5.75,0,-1,364973,31204.349609
COSG,2013-05-26,0.09,0.09,0.08,0.08,-9.99,-0.01,-1,1083260,88127.9375
COSG,2013-05-23,0.09,0.09,0.09,0.09,0.24,0,-1,344148,30379.5
COSG,2013-05-22,0.09,0.09,0.09,0.09,1.25,0,-1,185957,16457
COSG,2013-05-21,0.09,0.09,0.09,0.09,3.3,0,-1,407382,35159.398438
COSG,2013-05-20,0.09,0.09,0.09,0.09,-4.65,0,-1,297456,25713
COSG,2013-05-19,0.1,0.1,0.09,0.09,1.19,0,-1,911185,82285.453125
COSG,2013-05-16,0.09,0.09,0.08,0.09,2.98,0,-1,448109,40464.5
COSG,2013-05-15,0.09,0.09,0.09,0.09,0.68,0,-1,645400,57158.128906
COSG,2013-05-14,0.09,0.09,0.08,0.09,-1.96,0,-1,353313,30517
COSG,2013-05-13,0.09,0.09,0.08,0.09,-0.82,0,-1,251577,22082.019531
COSG,2013-05-12,0.09,0.09,0.09,0.09,0.06,0,-1,948550,86627.953125
COSG,2013-05-09,0.1,0.1,0.09,0.09,9.75,0,-1,1879638,171213.1875
COSG,2013-05-08,0.09,0.09,0.08,0.09,-2.55,0,-1,18764,1584.619995
COSG,2013-05-07,0.09,0.09,0.08,0.09,1.32,0.01,-1,691768,59920.738281
COSG,2013-04-30,0.08,0.08,0.08,0.08,-0.19,0,-1,78092,6662.100098
COSG,2013-04-29,0.09,0.09,0.08,0.08,3.5,0,-1,390516,33346.761719
COSG,2013-04-28,0.08,0.08,0.08,0.08,2.07,0,-1,104123,8837
COSG,2013-04-24,0.08,0.08,0.08,0.08,-3.56,0,-1,66867,5396.5
COSG,2013-04-23,0.08,0.08,0.08,0.08,-2.34,0,-1,246370,20465.589844
COSG,2013-04-22,0.08,0.08,0.08,0.08,4.88,0,-1,148755,12291.959961
COSG,2013-04-21,0.08,0.08,0.08,0.08,5.61,0,-1,92897,7778.75
COSG,2013-04-17,0.08,0.08,0.08,0.08,0.2,0,-1,371915,29914.150391
COSG,2013-04-16,0.08,0.08,0.08,0.08,4.67,0,-1,669370,54975.941406
COSG,2013-04-15,0.08,0.08,0.07,0.08,3.14,0,-1,417523,33134.23
COSG,2013-04-14,0.08,0.08,0.07,0.08,-2.37,0,-1,338020,26010.300781
COSG,2013-04-11,0.08,0.08,0.08,0.08,0.5,0,-1,65131,4900
COSG,2013-04-09,0.08,0.08,0.07,0.08,0,0,-1,111498,7931
COSG,2013-04-08,0.08,0.08,0.08,0.08,5.66,0.01,-1,199840,14972.5
COSG,2013-04-07,0.07,0.07,0.07,0.07,-4.15,0,-1,27929,1905
COSG,2013-04-03,0.07,0.07,0.07,0.07,0,0,-1,102225,7192.279785
COSG,2013-04-02,0.07,0.07,0.07,0.07,-8.62,-0.01,-1,214808,15303.75
COSG,2013-03-31,0.08,0.08,0.07,0.08,-6.48,0,-1,134872,9839.799805
COSG,2013-03-27,0.08,0.08,0.08,0.08,7.65,0.01,-1,267846,20878.79
COSG,2013-03-25,0.07,0.07,0.07,0.07,-3.04,0,-1,130100,9447.959961
COSG,2013-03-24,0.07,0.07,0.07,0.07,0.22,0,-1,60901,4444.5
COSG,2013-03-20,0.07,0.07,0.07,0.07,-1.89,0,-1,516060,37379.21875
COSG,2013-03-19,0.07,0.07,0.07,0.07,-6.54,-0.01,-1,233409,17264.349609
COSG,2013-03-18,0.08,0.08,0.07,0.08,0,0,-1,65131,4789.370117
COSG,2013-03-14,0.08,0.08,0.07,0.08,0,0,-1,55858,4090.5
COSG,2013-03-13,0.08,0.08,0.08,0.08,0,0,-1,85034,6412
COSG,2013-03-12,0.08,0.08,0.08,0.08,-1.86,0,-1,55858,4350
COSG,2013-03-10,0.08,0.08,0.08,0.08,4.68,0,-1,9328,760
COSG,2013-03-07,0.08,0.08,0.08,0.08,0.9,0,-1,111498,8787.5
COSG,2013-03-06,0.08,0.08,0.08,0.08,-3.24,0,-1,46530,3512.5
COSG,2013-03-04,0.08,0.08,0.08,0.08,-8.2,0,-1,487372,38053.109375
COSG,2013-03-03,0.08,0.08,0.08,0.08,-3.71,0,-1,65131,5180
COSG,2013-02-28,0.08,0.08,0.08,0.08,2.15,0,-1,46530,3925
COSG,2013-02-27,0.08,0.08,0.08,0.08,2.6,0,-1,450603,37236.929688
COSG,2013-02-26,0.08,0.08,0.08,0.08,-1.381,0,-1,260416,21005
COSG,2013-02-25,0.08,0.08,0.08,0.08,4.61,0,-1,162475,13295.700195
COSG,2013-02-24,0.08,0.08,0.08,0.08,-5.73,0,-1,227932,18096.789063
COSG,2013-02-21,0.08,0.08,0.08,0.08,-3.69,0,-1,26031,2116.800049
COSG,2013-02-19,0.08,0.08,0.08,0.08,0.32,0,-1,55858,4725
COSG,2013-02-18,0.08,0.08,0.08,0.08,-1.85,0,-1,44632,3698.399902
COSG,2013-02-17,0.08,0.08,0.08,0.08,1.88,0,-1,130100,10993
COSG,2013-02-14,0.08,0.08,0.08,0.08,-6.17,-0.01,-1,506787,41986.449219
COSG,2013-02-12,0.09,0.09,0.09,0.09,2.37,0.01,-1,420343,36275.460938
COSG,2013-02-11,0.08,0.08,0.08,0.08,-4.56,-0.01,-1,487372,40977.28125
COSG,2013-02-10,0.09,0.09,0.08,0.09,-3.88,0,-1,65131,5432.5
COSG,2013-02-07,0.09,0.09,0.08,0.09,1.91,0.01,-1,519856,45404.519531
COSG,2013-02-06,0.09,0.09,0.08,0.08,-4.16,0,-1,566223,46310.800781
COSG,2013-02-05,0.09,0.09,0.08,0.08,-0.76,0,-1,134872,11504
COSG,2013-02-04,0.09,0.09,0.08,0.08,4.89,0,-1,246370,20845.5
COSG,2013-01-31,0.08,0.08,0.08,0.08,0,0,-1,50814,4274.25
COSG,2013-01-29,0.08,0.08,0.08,0.08,-2.28,0,-1,49513,4015
COSG,2013-01-28,0.09,0.09,0.08,0.08,5.22,0,-1,380429,31400.029297
COSG,2013-01-27,0.08,0.08,0.08,0.08,0,0,-1,46530,3764.22998
COSG,2013-01-23,0.08,0.08,0.08,0.08,1.15,0,-1,18601,1589
COSG,2013-01-22,0.08,0.08,0.08,0.08,0,0,-1,9328,790
COSG,2013-01-21,0.08,0.08,0.08,0.08,0,0,-1,75543,6187.339844
COSG,2013-01-20,0.08,0.08,0.08,0.08,0,0,-1,95717,7890.629883
COSG,2013-01-17,0.08,0.08,0.08,0.08,0,0,-1,13883,1155
COSG,2013-01-16,0.09,0.09,0.08,0.08,-8.68,-0.01,-1,296534,25064.550781
COSG,2013-01-15,0.09,0.09,0.08,0.09,0,0,-1,92897,7875
COSG,2013-01-14,0.09,0.09,0.09,0.09,0,0,-1,37202,3260
COSG,2013-01-13,0.09,0.09,0.09,0.09,-3.22,0,-1,511342,45632.5
COSG,2013-01-10,0.09,0.09,0.09,0.09,0,0,-1,46530,4282.5
COSG,2013-01-09,0.1,0.1,0.09,0.09,2.94,0,-1,297781,27383.730469
COSG,2013-01-08,0.09,0.09,0.09,0.09,3.64,0,-1,316111,28356.150391
COSG,2013-01-06,0.09,0.09,0.09,0.09,-3.44,0,-1,288182,25573.599609
COSG,2013-01-03,0.09,0.09,0.09,0.09,3.13,0,-1,176630,15755
COSG,2013-01-02,0.09,0.09,0.09,0.09,1.01,0.01,-1,175870,15136
COSG,2012-12-31,0.08,0.08,0.08,0.08,-3.09,0,-1,96693,8053
COSG,2012-12-30,0.08,0.08,0.08,0.08,0,0,-1,37202,3076
COSG,2012-12-27,0.09,0.09,0.08,0.08,2.95,0,-1,251088,21390
COSG,2012-12-26,0.08,0.08,0.08,0.08,-3,-0.01,-1,216869,17808.089844
COSG,2012-12-25,0.08,0.08,0.08,0.09,-2.69,0,-1,18601,1557
COSG,2012-12-24,0.08,0.08,0.08,0.09,-2.19,0,-1,46530,3912.5
COSG,2012-12-23,0.09,0.09,0.09,0.09,-5.33,0,-1,185957,16000
COSG,2012-12-20,0.09,0.09,0.09,0.09,3.53,0,-1,362912,32996.410156
COSG,2012-12-19,0.09,0.09,0.09,0.09,-1.95,0,-1,55858,4831.009766
COSG,2012-12-18,0.09,0.09,0.09,0.09,0,0,-1,37202,3260
COSG,2012-12-17,0.09,0.09,0.09,0.09,-0.12,0,-1,139427,12311.599609
COSG,2012-12-16,0.09,0.09,0.09,0.09,1.01,0,-1,46693,4264.060059
COSG,2012-12-13,0.09,0.09,0.09,0.09,-4.76,0,-1,46530,4006.01001
COSG,2012-12-12,0.09,0.09,0.09,0.09,2.05,0,-1,130100,11775
COSG,2012-12-09,0.09,0.09,0.09,0.09,2.29,0,-1,292250,26029
COSG,2012-12-05,0.08,0.08,0.08,0.09,-1.98,0,-1,55858,4718.279785
COSG,2012-12-04,0.09,0.09,0.09,0.09,-0.56,0,-1,28092,2518.159912
COSG,2012-12-02,0.09,0.09,0.08,0.09,-7.19,0,-1,223160,19361.009766
COSG,2012-11-29,0.1,0.1,0.08,0.09,7.25,0,-1,57105,4776.790039
COSG,2012-11-27,0.09,0.09,0.09,0.09,-1.39,0,-1,46693,4276.700195
COSG,2012-11-25,0.09,0.09,0.08,0.09,0.93,0,-1,117355,9807.019531
COSG,2012-11-22,0.09,0.09,0.09,0.09,-3.1,-0.01,-1,285308,26444.800781
COSG,2012-11-21,0.1,0.1,0.09,0.1,0.67,0,-1,308193,29410.25
COSG,2012-11-20,0.1,0.1,0.09,0.1,-0.5,0,-1,392902,37648.699219
COSG,2012-11-19,0.1,0.1,0.09,0.1,-2.63,0.01,-1,450007,43322.898438
COSG,2012-11-18,0.1,0.1,0.09,0.09,-8.3,0,-1,59166,5101.03
COSG,2012-11-14,0.09,0.09,0.09,0.09,0,0,-1,2657,244.44
COSG,2012-11-13,0.09,0.09,0.09,0.09,9.95,0.01,-1,138939,13042.62
COSG,2012-11-08,0.09,0.09,0.08,0.08,-9.91,-0.01,-1,130100,11116.32
COSG,2012-11-07,0.1,0.1,0.1,0.09,7.16,0,-1,1898,182.7
COSG,2012-11-05,0.1,0.1,0.1,0.09,5.57,0,-1,39100,3787
COSG,2012-11-04,0.09,0.09,0.09,0.09,-5.79,0,-1,154395,14153.55
COSG,2012-11-01,0.1,0.1,0.09,0.09,-1.19,-0.01,-1,192411,18246.1
COSG,2012-10-31,0.1,0.1,0.09,0.1,-7.06,0,-1,239917,22851
COSG,2012-10-30,0.1,0.1,0.1,0.1,0,0,-1,16378,1598.08
COSG,2012-10-29,0.11,0.11,0.1,0.1,-1.5,0,-1,161825,16753
COSG,2012-10-18,0.11,0.11,0.1,0.1,3.47,0,-1,185957,19286.2
COSG,2012-10-14,0.1,0.1,0.1,0.1,2.24,0,-1,260091,26231.25
COSG,2012-10-11,0.1,0.1,0.1,0.1,4.01,0,-1,109763,10820.6
COSG,2012-10-10,0.1,0.1,0.1,0.1,5.83,0,-1,185957,18219.5
COSG,2012-10-09,0.1,0.1,0.1,0.1,0,0,-1,55858,5400
COSG,2012-10-08,0.09,0.09,0.09,0.1,-0.96,0,-1,46530,4375
COSG,2012-10-04,0.1,0.1,0.09,0.1,-0.45,0,-1,160252,15234.44
COSG,2012-10-03,0.1,0.1,0.1,0.1,-1.44,0,-1,130100,12449.7
COSG,2012-10-02,0.11,0.11,0.1,0.1,4.53,0,-1,135794,13154.6
COSG,2012-10-01,0.1,0.1,0.1,0.1,-8.94,-0.01,-1,153473,15483.3
COSG,2012-09-30,0.11,0.11,0.1,0.11,-5.38,0,-1,301252,32060.25
COSG,2012-09-27,0.11,0.11,0.11,0.11,1.16,0,-1,1010102,111081.38
COSG,2012-09-26,0.11,0.11,0.1,0.11,5.79,0.01,-1,139427,14824
COSG,2012-09-25,0.11,0.11,0.1,0.1,0,0,-1,129015,13060.9
COSG,2012-09-24,0.1,0.1,0.1,0.1,-2.63,0,-1,23482,2331
COSG,2012-09-23,0.11,0.11,0.1,0.1,0.67,-0.01,-1,24295,2489.5
COSG,2012-09-20,0.11,0.11,0.1,0.11,-2.19,0,-1,261501,27237.7
COSG,2012-09-19,0.11,0.11,0.1,0.11,0.05,0.01,-1,794155,83806.1
COSG,2012-09-18,0.11,0.11,0.1,0.1,-2.68,0,-1,121748,12454.9
COSG,2012-09-17,0.11,0.11,0.1,0.1,-0.68,0,-1,295720,30248.7
COSG,2012-09-16,0.1,0.1,0.1,0.1,-4.43,-0.01,-1,182161,18645
COSG,2012-09-13,0.11,0.11,0.1,0.11,-1.97,0.01,-1,163885,17515.99
COSG,2012-09-12,0.11,0.11,0.1,0.1,-8.83,-0.01,-1,173810,18071.9
COSG,2012-09-11,0.11,0.11,0.11,0.11,7.43,0,-1,1827902,195950.73
COSG,2012-09-10,0.11,0.11,0.1,0.11,-0.99,0.01,-1,381242,39995
COSG,2012-09-09,0.11,0.11,0.1,0.1,-2.91,-0.01,-1,325385,33606.6
COSG,2012-09-06,0.11,0.11,0.1,0.11,9.01,0.01,-1,511342,53811.8
COSG,2012-09-05,0.1,0.1,0.1,0.1,5.23,0.01,-1,377446,37182
COSG,2012-09-04,0.1,0.1,0.09,0.09,1.05,0,-1,190513,18016.1
COSG,2012-09-03,0.09,0.09,0.09,0.09,-3.42,-0.01,-1,185957,17220
COSG,2012-08-29,0.1,0.1,0.09,0.1,1.15,0,-1,74459,7130
COSG,2012-08-28,0.1,0.1,0.1,0.1,2.24,0,-1,461178,45185.6
COSG,2012-08-27,0.1,0.1,0.09,0.1,5.88,0.01,-1,558848,53537
COSG,2012-08-26,0.1,0.1,0.09,0.09,2.57,0,-1,187855,17365.95
COSG,2012-08-23,0.1,0.1,0.09,0.09,6.86,0,-1,288182,26514
COSG,2012-08-22,0.09,0.09,0.09,0.09,0.06,0,-1,455647,40696.5
COSG,2012-08-21,0.09,0.09,0.09,0.09,7.98,0.01,-1,18601,1650
COSG,2012-08-16,0.08,0.08,0.08,0.08,-7.58,-0.01,-1,120663,9913.74
COSG,2012-08-13,0.09,0.09,0.09,0.09,2.1,0,-1,25055,2227.5
COSG,2012-08-12,0.09,0.09,0.09,0.09,0,0,-1,9328,806.5
COSG,2012-08-08,0.09,0.09,0.09,0.09,-0.25,0,-1,357706,31100.05
COSG,2012-08-07,0.09,0.09,0.09,0.09,3.69,0.01,-1,204558,17595
COSG,2012-08-06,0.08,0.08,0.08,0.08,-2.15,0,-1,37202,3086
COSG,2012-08-05,0.08,0.08,0.08,0.08,-4.99,-0.01,-1,18601,1580
COSG,2012-08-02,0.09,0.09,0.08,0.09,-0.9,0,-1,141325,12635.2
COSG,2012-08-01,0.09,0.09,0.09,0.09,5.65,0.01,-1,37202,3330
COSG,2012-07-30,0.09,0.09,0.08,0.08,2.27,0,-1,92897,7881
COSG,2012-07-26,0.08,0.08,0.08,0.08,-0.26,0,-1,66107,5469.9
COSG,2012-07-24,0.08,0.08,0.08,0.08,-1.97,0,-1,185957,15449.3
COSG,2012-07-19,0.08,0.08,0.08,0.08,-9.609,-0.01,-1,37202,3142
COSG,2012-07-18,0.1,0.1,0.09,0.09,6.22,0,-1,130100,12166
COSG,2012-07-16,0.09,0.09,0.09,0.09,4.17,0.01,-1,223051,19459.2
COSG,2012-07-12,0.08,0.08,0.08,0.08,-1.08,0,-1,135794,11374.2
COSG,2012-07-11,0.09,0.09,0.08,0.08,8.69,0,-1,492741,41757.5
COSG,2012-07-10,0.08,0.08,0.08,0.08,-7.17,-0.01,-1,92897,7708
COSG,2012-07-08,0.09,0.09,0.09,0.09,-2.37,0,-1,212910,19007.9
COSG,2012-07-05,0.1,0.1,0.1,0.09,0,0,-1,163,17.98
COSG,2012-07-04,0.09,0.09,0.09,0.09,-5.9,-0.01,-1,190079,17275.1
COSG,2012-07-03,0.1,0.1,0.09,0.1,-2.34,0,-1,37202,3594
COSG,2012-07-02,0.1,0.1,0.09,0.1,1.73,0.01,-1,269256,25944.8
COSG,2012-06-28,0.1,0.1,0.09,0.09,0.17,-0.01,-1,164536,15316.5
COSG,2012-06-26,0.1,0.1,0.1,0.1,7.72,0.01,-1,18601,1815
COSG,2012-06-25,0.09,0.09,0.09,0.09,9.99,0.01,-1,92897,8425
COSG,2012-06-21,0.09,0.09,0.08,0.08,2.55,-0.01,-1,214971,17707.8
COSG,2012-06-20,0.09,0.09,0.09,0.09,9.87,0.01,-1,20499,1810.24
COSG,2012-06-19,0.08,0.08,0.08,0.08,0,0,-1,55858,4620
COSG,2012-06-14,0.08,0.08,0.08,0.08,-1.91,0,-1,37202,3080
COSG,2012-06-11,0.09,0.09,0.08,0.08,-6.4,-0.01,-1,272076,22974.8
COSG,2012-06-05,0.09,0.09,0.08,0.08,-7.31,0,-1,272076,22975
COSG,2012-05-31,0.09,0.09,0.09,0.09,-0.18,0,-1,35033,3152.76
COSG,2012-05-30,0.09,0.09,0.09,0.09,-3.45,0,-1,27929,2520
COSG,2012-05-29,0.09,0.09,0.09,0.09,0,0,-1,17517,1575.5
COSG,2012-05-28,0.1,0.1,0.1,0.09,0,0,-1,10412,1008
COSG,2012-05-24,0.09,0.09,0.09,0.09,-1.14,0,-1,18601,1740
COSG,2012-05-21,0.1,0.1,0.09,0.09,0.23,0,-1,33460,3168
COSG,2012-05-20,0.1,0.1,0.09,0.09,2.46,0,-1,10250,942.65
COSG,2012-05-17,0.09,0.09,0.09,0.09,-0.4,0,-1,131998,12397.55
COSG,2012-05-15,0.09,0.09,0.09,0.09,0.29,0,-1,35304,3328.8
COSG,2012-05-14,0.1,0.1,0.09,0.09,-2.07,-0.01,-1,76194,7164.35
COSG,2012-05-13,0.1,0.1,0.1,0.1,0.9,0,-1,16703,1607.2
COSG,2012-05-09,0.1,0.1,0.1,0.1,-1.39,0,-1,184059,17660.1
COSG,2012-05-07,0.1,0.1,0.1,0.1,-2.33,0,-1,92897,8977
COSG,2012-05-02,0.1,0.1,0.09,0.1,-5.42,0,-1,14805,1396
COSG,2012-04-26,0.1,0.1,0.09,0.1,5.37,0.01,-1,18601,1845
COSG,2012-04-24,0.09,0.09,0.09,0.09,-6.81,-0.01,-1,26031,2451.4
COSG,2012-04-23,0.1,0.1,0.09,0.1,7.49,0.01,-1,18601,1879
COSG,2012-04-22,0.09,0.09,0.09,0.09,-9.77,-0.02,-1,92897,8739.6
COSG,2012-04-11,0.11,0.11,0.11,0.11,0.26,0,-1,2223,232.8
COSG,2012-04-03,0.11,0.11,0.11,0.11,3.31,0,-1,6128,659.67
COSG,2012-04-01,0.11,0.11,0.11,0.11,-1.07,0,-1,334875,34849.35
COSG,2012-03-26,0.11,0.11,0.1,0.11,-5.32,0,-1,13883,1389
COSG,2012-03-14,0.11,0.11,0.1,0.11,0.21,0.01,-1,28092,2953
COSG,2012-03-13,0.1,0.1,0.1,0.1,0.05,0,-1,343986,35686.5
COSG,2012-03-12,0.11,0.11,0.1,0.1,-4.84,-0.01,-1,139427,14457.68
COSG,2012-03-11,0.11,0.11,0.11,0.11,-0.15,0,-1,130100,14182
COSG,2012-03-08,0.11,0.11,0.11,0.11,-0.25,0,-1,55858,6086.45
COSG,2012-03-07,0.11,0.11,0.11,0.11,-4.37,0,-1,1031849,112866.98
COSG,2012-03-06,0.12,0.12,0.11,0.11,0.76,0,-1,579347,66264.48
COSG,2012-03-05,0.12,0.12,0.11,0.11,2.18,0,-1,195285,22169.6
COSG,2012-03-04,0.11,0.11,0.11,0.11,-3.32,0,-1,92897,10330
COSG,2012-03-01,0.11,0.11,0.11,0.11,2.25,0,-1,116271,13357.17
COSG,2012-02-29,0.11,0.11,0.11,0.11,2.1,0,-1,121152,13602.84
COSG,2012-02-28,0.11,0.11,0.11,0.11,-2.15,0,-1,286772,31569.34
COSG,2012-02-27,0.11,0.11,0.11,0.11,-1.09,0,-1,306621,34495.02
COSG,2012-02-26,0.12,0.12,0.11,0.11,-0.7,0,-1,734556,83533
COSG,2012-02-23,0.12,0.12,0.11,0.11,4,0,-1,139427,15972.5
COSG,2012-02-21,0.11,0.11,0.11,0.11,0.34,0,-1,185957,20480
COSG,2012-02-20,0.11,0.11,0.11,0.11,-5.11,-0.01,-1,591170,64885.92
COSG,2012-02-19,0.12,0.12,0.11,0.12,5.7,0.01,-1,517633,59895.65
COSG,2012-02-16,0.11,0.11,0.11,0.11,-9.27,-0.01,-1,190513,20858.75
COSG,2012-02-14,0.13,0.13,0.11,0.12,2.8,0,-1,241815,29155
COSG,2012-02-13,0.12,0.12,0.12,0.12,0.51,0,-1,92897,10910
COSG,2012-02-12,0.12,0.12,0.11,0.12,8.55,0.01,-1,446373,52105
COSG,2012-02-09,0.11,0.11,0.11,0.11,-1.28,0,-1,193387,20800
COSG,2012-02-08,0.11,0.11,0.11,0.11,5.91,0.01,-1,158028,17225
COSG,2012-02-06,0.11,0.11,0.1,0.1,-6.68,-0.01,-1,67192,6905.55
COSG,2012-02-01,0.11,0.11,0.11,0.11,0.15,0,-1,55858,6150
COSG,2012-01-31,0.12,0.12,0.11,0.11,0.69,0,-1,68114,7493.08
COSG,2012-01-30,0.11,0.11,0.1,0.11,1.35,0,-1,46530,5083
COSG,2012-01-29,0.11,0.11,0.11,0.11,-0.64,0,-1,62148,6698.46
COSG,2012-01-26,0.11,0.11,0.1,0.11,6.94,0.01,-1,548870,59600.28
COSG,2012-01-24,0.1,0.1,0.1,0.1,7.89,0.01,-1,18601,1888
COSG,2012-01-22,0.09,0.09,0.09,0.09,-9.23,-0.01,-1,36606,3447.5
COSG,2012-01-15,0.1,0.1,0.1,0.1,9.24,0,-1,30261,3143.34
COSG,2012-01-12,0.1,0.1,0.09,0.1,0.57,0.01,-1,177443,16838.86
COSG,2012-01-11,0.1,0.1,0.09,0.09,-2.5,-0.01,-1,30749,2895.36
COSG,2012-01-10,0.1,0.1,0.1,0.1,4.47,0.01,-1,92138,8910
COSG,2012-01-09,0.09,0.09,0.09,0.09,-9.65,-0.01,-1,92897,8616.16
COSG,2011-12-29,0.11,0.11,0.1,0.1,-1.45,-0.01,-1,437046,44809.13
COSG,2011-12-27,0.11,0.11,0.11,0.11,9.57,0.01,-1,185957,19350
COSG,2011-12-26,0.1,0.1,0.09,0.1,-3.6,0,-1,46530,4415
COSG,2011-12-21,0.1,0.1,0.1,0.1,-2.24,0,-1,111498,10992.5
COSG,2011-12-20,0.1,0.1,0.1,0.1,-2.65,0,-1,610855,61544.5
COSG,2011-12-19,0.1,0.1,0.1,0.1,-5.31,-0.01,-1,18601,1925
COSG,2011-12-18,0.11,0.11,0.1,0.11,-1.79,0,-1,231565,25312.95
COSG,2011-12-15,0.11,0.11,0.11,0.11,-4.08,-0.01,-1,20011,2235.6
COSG,2011-12-13,0.12,0.12,0.11,0.12,0,0,-1,8352,900
COSG,2011-12-08,0.12,0.12,0.12,0.12,4.3,0.01,-1,233409,27084.05
COSG,2011-12-07,0.11,0.11,0.11,0.11,-9.29,-0.01,-1,27929,3103.6
COSG,2011-12-05,0.12,0.12,0.11,0.12,0,0,-1,13070,1470
COSG,2011-12-01,0.13,0.13,0.11,0.12,4.11,0,-1,52062,6386.6
COSG,2011-11-30,0.12,0.12,0.12,0.12,0.05,0,-1,92138,10845.45
COSG,2011-11-29,0.12,0.12,0.12,0.12,9.99,0.01,-1,92897,10950
COSG,2011-11-23,0.11,0.11,0.11,0.11,10,0.01,-1,74133,7944.09
COSG,2011-11-22,0.1,0.1,0.1,0.1,-9.36,-0.01,-1,100923,9828.3
COSG,2011-11-21,0.11,0.11,0.11,0.11,-9.23,-0.01,-1,209168,22464.05
COSG,2011-11-15,0.12,0.12,0.12,0.12,1.1,0,-1,18601,2200
COSG,2011-11-14,0.12,0.12,0.11,0.12,-6.69,-0.01,-1,239103,27983.96
COSG,2011-11-13,0.13,0.13,0.12,0.13,-6.72,0,-1,363888,45638.17
COSG,2011-11-10,0.13,0.13,0.13,0.13,0.04,0,-1,92897,12500
COSG,2011-11-03,0.13,0.13,0.13,0.13,-0.04,0,-1,154395,20745.5
COSG,2011-11-02,0.13,0.13,0.13,0.13,-0.08,0,-1,390678,52525
COSG,2011-11-01,0.13,0.13,0.13,0.13,-1.42,-0.01,-1,92897,12507.92
COSG,2011-10-31,0.14,0.14,0.13,0.14,-3.02,0,-1,343986,46949.71
COSG,2011-10-30,0.14,0.14,0.13,0.14,5.52,0.01,-1,139102,19574.2
COSG,2011-10-27,0.13,0.13,0.13,0.13,-1.39,0,-1,384876,51345.76
COSG,2011-10-26,0.13,0.13,0.13,0.13,-4.34,-0.01,-1,223160,30178.84
COSG,2011-10-20,0.15,0.15,0.14,0.14,-3.98,-0.01,-1,644316,91109.14
COSG,2011-10-19,0.15,0.15,0.15,0.15,9.52,0.02,-1,111498,16426
COSG,2011-10-18,0.13,0.13,0.13,0.13,-8.79,-0.02,-1,185957,25000.6
COSG,2011-10-16,0.15,0.15,0.15,0.15,2.09,0.01,-1,922520,135995.57
COSG,2011-10-13,0.15,0.15,0.14,0.14,0,0,-1,9328,1366.5
COSG,2011-10-09,0.15,0.15,0.14,0.14,6.38,0,-1,51573,7436.11
COSG,2011-09-29,0.14,0.14,0.14,0.14,0.16,0,-1,46530,6310
COSG,2011-09-28,0.14,0.14,0.13,0.14,-8.7,-0.01,-1,37202,5040
COSG,2011-09-27,0.15,0.15,0.15,0.15,-1.46,0,-1,66107,9798
COSG,2011-09-26,0.15,0.15,0.15,0.15,-8.28,-0.01,-1,92897,14005
COSG,2011-09-20,0.16,0.16,0.16,0.16,0,0,-1,9328,1515
COSG,2011-09-19,0.16,0.16,0.16,0.16,7.84,0.01,-1,185957,30542.5
COSG,2011-09-13,0.15,0.15,0.15,0.15,0.25,0,-1,193387,29456
COSG,2011-09-12,0.15,0.15,0.15,0.15,-2.62,-0.01,-1,48428,7345
COSG,2011-09-08,0.16,0.16,0.16,0.16,0.73,0.01,-1,282651,44093.99
COSG,2011-09-06,0.15,0.15,0.15,0.15,0,0,-1,11226,1734
COSG,2011-09-04,0.16,0.16,0.15,0.15,-6.07,-0.02,-1,59437,9215.95
COSG,2011-08-29,0.17,0.17,0.15,0.17,4.96,0.01,-1,111065,18301.05
COSG,2011-08-25,0.16,0.16,0.15,0.16,0,0,-1,9328,1400
COSG,2011-08-23,0.16,0.16,0.16,0.16,0,0,-1,9328,1460.5
COSG,2011-08-22,0.16,0.16,0.16,0.16,0,0,-1,4555,725
COSG,2011-08-21,0.16,0.16,0.15,0.16,0,0,-1,9328,1365.5
COSG,2011-08-18,0.16,0.16,0.16,0.16,-7.21,-0.01,-1,18601,2921
COSG,2011-08-17,0.17,0.17,0.15,0.17,8.18,0.01,-1,223160,37776.45
COSG,2011-08-16,0.16,0.16,0.16,0.16,-1.36,0,-1,55858,8730
COSG,2011-08-14,0.16,0.16,0.16,0.16,-3.28,0,-1,37202,5900
COSG,2011-08-11,0.16,0.16,0.16,0.16,-2.99,-0.01,-1,27929,4575
COSG,2011-08-10,0.17,0.17,0.17,0.17,9.97,0.02,-1,115620,19553.83
COSG,2011-08-09,0.17,0.17,0.15,0.15,-7.77,-0.02,-1,159927,24583.46
COSG,2011-08-08,0.17,0.17,0.17,0.17,-6.06,-0.01,-1,58515,9765
COSG,2011-08-04,0.18,0.18,0.18,0.18,0,0,-1,46530,8250
COSG,2011-08-03,0.18,0.18,0.18,0.18,-2.08,0,-1,650769,115512
COSG,2011-08-01,0.18,0.18,0.18,0.18,-0.88,0,-1,260416,47183.9
COSG,2011-07-31,0.18,0.18,0.18,0.18,0.68,0,-1,185957,34000
COSG,2011-07-28,0.18,0.18,0.18,0.18,0.81,0,-1,152660,27728.67
COSG,2011-07-27,0.18,0.18,0.18,0.18,-1,0,-1,20499,3685
COSG,2011-07-26,0.18,0.18,0.18,0.18,2.55,0,-1,814329,148178.51
COSG,2011-07-25,0.18,0.18,0.18,0.18,-0.21,0,-1,52062,9240
COSG,2011-07-21,0.18,0.18,0.18,0.18,-0.42,0,-1,381242,67803.5
COSG,2011-07-20,0.18,0.18,0.18,0.18,-0.15,0,-1,116271,20755.15
COSG,2011-07-19,0.18,0.18,0.18,0.18,0.7,0,-1,360092,64382.02
COSG,2011-07-18,0.18,0.18,0.18,0.18,-2.68,0,-1,141325,25103
COSG,2011-07-17,0.18,0.18,0.18,0.18,2.23,0,-1,195285,35635.3
COSG,2011-07-14,0.18,0.18,0.16,0.18,0.33,0,-1,388943,69459.62
COSG,2011-07-13,0.18,0.18,0.18,0.18,0,0,-1,9165,1607.2
COSG,2011-07-11,0.18,0.18,0.18,0.18,-2.76,0,-1,121152,21543
COSG,2011-07-07,0.18,0.18,0.18,0.18,1.7,0,-1,288616,52808.64
COSG,2011-07-06,0.18,0.18,0.18,0.18,-1.59,0,-1,343986,61899.84
COSG,2011-07-05,0.18,0.18,0.18,0.18,-0.06,0,-1,231403,42296
COSG,2011-07-04,0.19,0.19,0.18,0.18,-2.04,-0.01,-1,260416,47631
COSG,2011-07-03,0.19,0.19,0.19,0.19,2.21,0.01,-1,185035,34553.87
COSG,2011-06-30,0.18,0.18,0.18,0.18,-0.03,0,-1,215784,39418.25
COSG,2011-06-29,0.18,0.18,0.18,0.18,-2.1,-0.01,-1,1003757,183451.37
COSG,2011-06-28,0.19,0.19,0.18,0.19,2.06,0.01,-1,1622693,302952.68
COSG,2011-06-27,0.18,0.18,0.18,0.18,0.5,0,-1,92897,17012
COSG,2011-06-26,0.18,0.18,0.18,0.18,0.8,0,-1,258518,47047.45
COSG,2011-06-23,0.18,0.18,0.18,0.18,0.12,0,-1,314647,56815.84
COSG,2011-06-22,0.18,0.18,0.18,0.18,-1.03,0,-1,524466,94571.32
COSG,2011-06-21,0.18,0.18,0.18,0.18,-1.34,0,-1,1245084,226907.18
COSG,2011-06-20,0.19,0.19,0.18,0.18,2.05,0,-1,567200,104756.14
COSG,2011-06-19,0.18,0.18,0.18,0.18,-0.47,0,-1,1337548,242093.58
COSG,2011-06-16,0.18,0.18,0.18,0.18,-0.38,0,-1,120826,21980.9
COSG,2011-06-15,0.19,0.19,0.18,0.18,-0.47,0,-1,1756589,320669.56
COSG,2011-06-14,0.19,0.19,0.18,0.18,-1.76,-0.01,-1,603480,110696.05
COSG,2011-06-13,0.19,0.19,0.18,0.19,1.79,0.01,-1,763407,142540.1
COSG,2011-06-12,0.18,0.18,0.18,0.18,-1.7,-0.01,-1,463402,85012.24
COSG,2011-06-09,0.19,0.19,0.18,0.19,2.54,0.01,-1,716714,133738.66
COSG,2011-06-08,0.18,0.18,0.18,0.18,0.33,0,-1,404399,73611.16
COSG,2011-06-07,0.18,0.18,0.18,0.18,-0.44,0,-1,54393,9881.78
COSG,2011-06-06,0.18,0.18,0.18,0.18,-1.2,0,-1,502068,91466.1
COSG,2011-06-05,0.19,0.19,0.18,0.18,0.79,0,-1,503912,92921.25
COSG,2011-06-02,0.18,0.18,0.18,0.18,-0.03,0,-1,508847,93088.63
COSG,2011-06-01,0.18,0.18,0.18,0.18,-0.56,0,-1,957227,175195.84
COSG,2011-05-31,0.19,0.19,0.18,0.18,0.03,0,-1,569369,104785.14
COSG,2011-05-30,0.19,0.19,0.18,0.18,-0.15,0,-1,2432955,447589.47
COSG,2011-05-29,0.19,0.19,0.18,0.18,-0.09,0,-1,1464339,269783.46
COSG,2011-05-26,0.19,0.19,0.18,0.18,1.36,0,-1,176630,32575.95
COSG,2011-05-25,0.19,0.19,0.18,0.18,-0.56,0,-1,577449,105053.3
COSG,2011-05-24,0.18,0.18,0.18,0.18,-2.74,-0.01,-1,1980399,362297.04
COSG,2011-05-23,0.19,0.19,0.18,0.19,-1.71,0,-1,828212,155783.52
COSG,2011-05-22,0.19,0.19,0.19,0.19,-1.55,0,-1,2541145,486330
COSG,2011-05-19,0.2,0.2,0.19,0.19,2.12,0,-1,1800895,350140.65
COSG,2011-05-18,0.19,0.19,0.19,0.19,0.51,0,-1,919374,175001.93
COSG,2011-05-17,0.2,0.2,0.19,0.19,-0.54,0,-1,829460,157128.76
COSG,2011-05-16,0.19,0.19,0.19,0.19,-1.78,0,-1,1566673,298355.97
COSG,2011-05-15,0.2,0.2,0.19,0.19,0.33,0,-1,2215273,429423.59
COSG,2011-05-12,0.2,0.2,0.19,0.19,2.54,0,-1,1246060,240733.47
COSG,2011-05-11,0.19,0.19,0.18,0.19,3.33,0.01,-1,3870125,729213.23
COSG,2011-05-10,0.19,0.19,0.18,0.18,-0.56,0,-1,2195262,400288.35
COSG,2011-05-09,0.19,0.19,0.18,0.18,2.03,0,-1,2201715,403711.44
COSG,2011-05-08,0.18,0.18,0.18,0.18,-1.39,0,-1,1389121,249638.32
COSG,2011-05-05,0.18,0.18,0.18,0.18,-0.67,0,-1,344799,62826.12
COSG,2011-05-04,0.19,0.19,0.18,0.18,0.38,0,-1,1151265,211258.92
COSG,2011-05-03,0.19,0.19,0.18,0.18,1.25,0,-1,1099963,201022.09
COSG,2011-05-02,0.19,0.19,0.17,0.18,2.5,0,-1,1223012,220809.57
COSG,2011-04-28,0.18,0.18,0.17,0.18,5.1,0.01,-1,2347921,413485.68
COSG,2011-04-27,0.17,0.17,0.17,0.17,-1.8,0,-1,27766,4643.15
COSG,2011-04-26,0.17,0.17,0.17,0.17,-0.53,0,-1,120826,20623
COSG,2011-04-21,0.17,0.17,0.17,0.17,1.98,0,-1,218442,37478.15
COSG,2011-04-20,0.17,0.17,0.17,0.17,-0.19,0,-1,153473,25803.9
COSG,2011-04-19,0.18,0.18,0.17,0.17,0.45,0,-1,331079,55777.3
COSG,2011-04-18,0.17,0.17,0.17,0.17,-2.26,0,-1,403802,67728.25
COSG,2011-04-17,0.18,0.18,0.17,0.17,-0.65,0,-1,141163,24228.17
COSG,2011-04-14,0.18,0.18,0.17,0.17,-3.43,-0.01,-1,1662444,287206.02
COSG,2011-04-13,0.18,0.18,0.18,0.18,5.22,0.01,-1,97615,17468.62
COSG,2011-04-12,0.18,0.18,0.17,0.17,-1.56,0,-1,417523,70989.3
COSG,2011-04-11,0.18,0.18,0.17,0.17,-0.06,0,-1,1079626,186515.6
COSG,2011-04-10,0.18,0.18,0.17,0.17,-2.69,-0.01,-1,334550,57825.97
COSG,2011-04-07,0.18,0.18,0.17,0.18,-0.27,0,-1,398867,70838.8
COSG,2011-04-06,0.18,0.18,0.17,0.18,1.04,0,-1,758200,135042.56
COSG,2011-04-05,0.18,0.18,0.17,0.18,4.83,0.01,-1,1088628,191883.38
COSG,2011-04-04,0.17,0.17,0.16,0.17,-2.71,0,-1,801422,134779.53
COSG,2011-04-03,0.18,0.18,0.17,0.17,5.55,0.01,-1,524900,90739.34
COSG,2011-03-31,0.17,0.17,0.16,0.16,-3.67,-0.01,-1,331079,54194.7
COSG,2011-03-30,0.17,0.17,0.17,0.17,3.3,0.01,-1,167356,28450.75
COSG,2011-03-29,0.17,0.17,0.16,0.16,-1.39,-0.01,-1,1017152,167357.77
COSG,2011-03-28,0.17,0.17,0.16,0.17,-5.08,-0.01,-1,476038,79434.5
COSG,2011-03-27,0.18,0.18,0.17,0.18,8.1,0.02,-1,750283,131915.56
COSG,2011-03-24,0.17,0.17,0.15,0.16,3.42,0,-1,568610,92481.84
COSG,2011-03-23,0.16,0.16,0.16,0.16,-9.95,-0.02,-1,995731,156563.15
COSG,2011-01-27,0.19,0.19,0.16,0.18,-13.41,-0.02,-1,869862,151890.33
COSG,2011-01-26,0.21,0.21,0.2,0.2,-7.5,-0.02,-1,3628960,731730.5
COSG,2011-01-24,0.22,0.22,0.22,0.22,1.71,0.01,-1,2571732,560662.05
COSG,2011-01-23,0.22,0.22,0.21,0.21,-1.41,-0.01,-1,1725677,369939.13
COSG,2011-01-20,0.22,0.22,0.21,0.22,7.33,0.02,-1,3670772,798118.85
COSG,2011-01-19,0.21,0.21,0.2,0.2,-2.21,-0.01,-1,2125683,430612.9
COSG,2011-01-18,0.22,0.22,0.2,0.21,-4.49,-0.01,-1,3844582,796385.8
COSG,2011-01-17,0.23,0.23,0.21,0.22,-5.22,-0.01,-1,6382257,1384087.5
COSG,2011-01-16,0.23,0.23,0.23,0.23,-1.69,0,-1,1757240,402060.08
COSG,2011-01-13,0.24,0.24,0.22,0.23,2.53,0,-1,6608887,1538174.91
COSG,2011-01-12,0.23,0.23,0.22,0.23,0.14,0,-1,2495537,566519.43
COSG,2011-01-11,0.23,0.23,0.22,0.23,-0.17,0,-1,3506236,794778.62
COSG,2011-01-10,0.23,0.23,0.22,0.23,0.6,0.01,-1,2427912,551172.01
COSG,2011-01-06,0.23,0.23,0.22,0.22,0.19,0,-1,1730287,390493.21
COSG,2011-01-05,0.23,0.23,0.22,0.22,0.82,0,-1,1986907,447550.76
COSG,2011-01-04,0.22,0.22,0.22,0.22,1.47,0,-1,1431367,319841.34
COSG,2011-01-03,0.22,0.22,0.22,0.22,-0.94,0,-1,671268,147845.08
COSG,2011-01-02,0.22,0.22,0.21,0.22,2.38,0,-1,1878228,417489.34
COSG,2010-12-30,0.22,0.22,0.21,0.22,1,0,-1,2008328,436154.59
COSG,2010-12-29,0.22,0.22,0.21,0.22,2.02,0.01,-1,2923472,628539.29
COSG,2010-12-28,0.21,0.21,0.21,0.21,1.48,0,-1,2160066,455279.99
COSG,2010-12-27,0.21,0.21,0.21,0.21,-0.26,0,-1,938952,195004.56
COSG,2010-12-26,0.21,0.21,0.2,0.21,-0.28,0,-1,918452,191221.78
COSG,2010-12-23,0.21,0.21,0.21,0.21,-0.28,0,-1,1137057,237429.77
COSG,2010-12-22,0.21,0.21,0.21,0.21,-0.03,0,-1,1373177,287553.3
COSG,2010-12-21,0.21,0.21,0.21,0.21,-0.1,0,-1,1155007,241908.53
COSG,2010-12-20,0.21,0.21,0.21,0.21,-2.79,-0.01,-1,1665752,349265.98
COSG,2010-12-19,0.22,0.22,0.21,0.22,0.28,0,-1,2269503,489545.4
COSG,2010-12-16,0.22,0.22,0.21,0.22,1.39,0.01,-1,2625528,564819.56
COSG,2010-12-15,0.22,0.22,0.21,0.21,-3.19,-0.01,-1,2412402,511818.75
COSG,2010-12-14,0.22,0.22,0.22,0.22,-1.59,0,-1,2132137,467191.4
COSG,2010-12-13,0.23,0.23,0.22,0.22,-3.36,-0.01,-1,3726901,829980.06
COSG,2010-12-12,0.24,0.24,0.23,0.23,0.19,0,-1,6964912,1605031.45
COSG,2010-12-09,0.23,0.23,0.22,0.23,3.01,0.01,-1,12137822,2791964
COSG,2010-12-08,0.23,0.23,0.21,0.22,3.33,0,-1,6821851,1522999.32
COSG,2010-12-06,0.22,0.22,0.21,0.22,-2.05,0,-1,5713645,1234425.47
COSG,2010-12-05,0.22,0.22,0.21,0.22,2.45,0,-1,7909829,1744792.16
COSG,2010-12-02,0.23,0.23,0.2,0.22,7.49,0.02,-1,8743085,1882348.86
COSG,2010-12-01,0.2,0.2,0.2,0.2,-0.96,0,-1,3345713,670218.47
COSG,2010-11-30,0.2,0.2,0.2,0.2,-0.4,0,-1,1259943,254776.4
COSG,2010-11-29,0.21,0.21,0.2,0.2,-0.34,0,-1,1222687,248256.79
COSG,2010-11-28,0.2,0.2,0.2,0.2,-0.73,0,-1,2031810,414005.28
COSG,2010-11-25,0.21,0.21,0.2,0.2,0.13,0,-1,440842,90491.48
COSG,2010-11-24,0.21,0.21,0.2,0.2,-1.27,-0.01,-1,1581044,324136.51
COSG,2010-11-23,0.21,0.21,0.21,0.21,-0.41,0,-1,1054734,218985.97
COSG,2010-11-22,0.21,0.21,0.21,0.21,-0.18,0,-1,1837067,382988.95
COSG,2010-11-21,0.22,0.22,0.21,0.21,-0.1,0,-1,1296495,270788.95
COSG,2010-11-18,0.21,0.21,0.21,0.21,1.12,0,-1,491005,102651.5
COSG,2010-11-14,0.21,0.21,0.21,0.21,-0.85,0,-1,791335,163603.65
COSG,2010-11-11,0.21,0.21,0.21,0.21,-0.05,0,-1,974418,203196.79
COSG,2010-11-10,0.21,0.21,0.21,0.21,0,0,-1,899038,187609.63
COSG,2010-11-09,0.21,0.21,0.21,0.21,-1.92,0,-1,1386735,289324.97
COSG,2010-11-08,0.22,0.22,0.21,0.21,-4.35,-0.01,-1,3061002,651205.53
COSG,2010-11-07,0.23,0.23,0.22,0.22,4.42,0.01,-1,3310029,736186.83
COSG,2010-11-04,0.22,0.22,0.2,0.21,4.21,0.01,-1,5846619,1245304.96
COSG,2010-11-03,0.21,0.21,0.2,0.2,-0.16,0,-1,1799811,367852.58
COSG,2010-11-02,0.21,0.21,0.2,0.2,2.23,0,-1,1199693,245602.78
COSG,2010-11-01,0.2,0.2,0.2,0.2,-2.21,0,-1,1179953,236295.79
COSG,2010-10-31,0.21,0.21,0.2,0.2,-0.7,-0.01,-1,3424239,701236.66
COSG,2010-10-28,0.21,0.21,0.2,0.21,0.6,0.01,-1,2405189,496071.06
COSG,2010-10-27,0.21,0.21,0.2,0.2,-1.45,-0.01,-1,3386712,694315.42
COSG,2010-10-26,0.22,0.22,0.2,0.21,-0.97,0,-1,1664342,346216.35
COSG,2010-10-25,0.21,0.21,0.21,0.21,-1.98,0,-1,613730,128908.15
COSG,2010-10-24,0.22,0.22,0.21,0.21,-0.52,-0.01,-1,1726925,370049.28
COSG,2010-10-21,0.22,0.22,0.21,0.22,0.55,0.01,-1,1198066,258124.72
COSG,2010-10-20,0.22,0.22,0.21,0.21,-2.99,-0.01,-1,1399805,299887.29
COSG,2010-10-19,0.22,0.22,0.22,0.22,-1.13,0,-1,2704705,597402.66
COSG,2010-10-18,0.23,0.23,0.22,0.22,-0.69,0,-1,1737825,388234.01
COSG,2010-10-14,0.22,0.22,0.22,0.22,-1,0,-1,3343815,745296.18
COSG,2010-10-13,0.23,0.23,0.22,0.22,-0.02,0,-1,2438758,549124.66
COSG,2010-10-12,0.23,0.23,0.22,0.22,0.48,0,-1,2832473,637888.3
COSG,2010-10-11,0.23,0.23,0.22,0.22,-1.02,-0.01,-1,3483242,780786.37
COSG,2010-10-10,0.23,0.23,0.22,0.23,1.54,0.01,-1,4275337,968096.38
COSG,2010-10-07,0.23,0.23,0.22,0.22,-1.52,-0.01,-1,3200103,713733.46
COSG,2010-10-05,0.23,0.23,0.22,0.23,-2.39,0,-1,6472008,1465453.62
COSG,2010-10-04,0.24,0.24,0.23,0.23,1.82,0,-1,4709563,1092489.6
COSG,2010-10-03,0.24,0.24,0.21,0.23,7.46,0.02,-1,17065230,3887898.21
COSG,2010-09-30,0.22,0.22,0.21,0.21,-0.88,0,-1,2735454,580015.96
COSG,2010-09-29,0.22,0.22,0.21,0.21,1.56,0,-1,7386177,1579897.62
COSG,2010-09-28,0.21,0.21,0.21,0.21,1.63,0,-1,5323889,1121547.61
COSG,2010-09-27,0.21,0.21,0.2,0.21,-2.92,0,-1,2271890,470864.76
COSG,2010-09-26,0.22,0.22,0.21,0.21,1.22,0,-1,4333852,925246.41
COSG,2010-09-23,0.22,0.22,0.21,0.21,-3.3,-0.01,-1,5699003,1202101.34
COSG,2010-09-22,0.22,0.22,0.21,0.22,1.6,0.01,-1,3941113,859598.79
COSG,2010-09-21,0.22,0.22,0.21,0.21,4.28,0,-1,7277986,1562484.25
COSG,2010-09-20,0.21,0.21,0.2,0.21,-0.23,0,-1,2165109,445643.47
COSG,2010-09-19,0.21,0.21,0.2,0.21,1.51,0.01,-1,2091301,431541.8
COSG,2010-09-16,0.21,0.21,0.2,0.2,-0.84,0,-1,2025194,411708.83
COSG,2010-09-15,0.21,0.21,0.2,0.2,-1.06,-0.01,-1,875556,179483.72
COSG,2010-09-14,0.21,0.21,0.2,0.21,-0.46,0,-1,3024070,626561.15
COSG,2010-09-13,0.21,0.21,0.21,0.21,0.94,0,-1,1877578,390895.72
COSG,2010-09-08,0.21,0.21,0.2,0.21,1.91,0.01,-1,1331203,274517.61
COSG,2010-09-07,0.2,0.2,0.2,0.2,-0.84,0,-1,463077,93688.98
COSG,2010-09-06,0.21,0.21,0.2,0.2,0.21,0,-1,1726653,352353.86
COSG,2010-09-05,0.2,0.2,0.2,0.2,-0.6,0,-1,789871,160890.58
COSG,2010-09-02,0.21,0.21,0.2,0.2,0.24,0,-1,836727,171434.3
COSG,2010-09-01,0.21,0.21,0.2,0.2,2.04,0,-1,871922,178225.9
COSG,2010-08-31,0.21,0.21,0.2,0.2,-3.17,-0.01,-1,2062125,413091.77
COSG,2010-08-30,0.21,0.21,0.2,0.21,-1.59,0,-1,3805807,787426.88
COSG,2010-08-29,0.21,0.21,0.21,0.21,-2.23,-0.01,-1,3324726,698857.74
COSG,2010-08-26,0.22,0.22,0.21,0.22,-0.77,0,-1,1509893,324653.76
COSG,2010-08-25,0.22,0.22,0.21,0.22,-2.16,0,-1,2586862,560412.55
COSG,2010-08-24,0.22,0.22,0.22,0.22,0.32,0,-1,1501216,332468.33
COSG,2010-08-23,0.22,0.22,0.22,0.22,-0.17,0,-1,3998055,882588.43
COSG,2010-08-22,0.22,0.22,0.22,0.22,-1.08,0,-1,1939401,428885.54
COSG,2010-08-19,0.23,0.23,0.22,0.22,-1.28,-0.01,-1,2699174,603455.55
COSG,2010-08-18,0.23,0.23,0.22,0.23,-1.89,0,-1,4170617,944513.28
COSG,2010-08-17,0.23,0.23,0.23,0.23,0.52,0,-1,2361967,545120.56
COSG,2010-08-16,0.23,0.23,0.22,0.23,1.21,0,-1,4441880,1020067.95
COSG,2010-08-15,0.23,0.23,0.22,0.23,2.03,0.01,-1,4822200,1094121.39
COSG,2010-08-12,0.23,0.23,0.22,0.22,-0.67,0,-1,1821557,405090.63
COSG,2010-08-11,0.23,0.23,0.22,0.22,-2.98,-0.01,-1,3316971,742494.34
COSG,2010-08-10,0.23,0.23,0.23,0.23,-0.97,0,-1,3664482,845663.45
COSG,2010-08-09,0.24,0.24,0.23,0.23,-0.21,0,-1,4367475,1017711.39
COSG,2010-08-08,0.24,0.24,0.23,0.23,-0.73,-0.01,-1,2555625,596710.49
COSG,2010-08-05,0.24,0.24,0.23,0.24,-0.61,0,-1,3697888,869799.5
COSG,2010-08-04,0.24,0.24,0.24,0.24,-1.41,0,-1,1872209,443076.1
COSG,2010-08-03,0.25,0.25,0.24,0.24,-0.58,0,-1,3842521,922470.92
COSG,2010-08-02,0.24,0.24,0.24,0.24,-0.24,0,-1,4636839,1119484.43
COSG,2010-08-01,0.25,0.25,0.24,0.24,0.04,0,-1,3445552,833945.99
COSG,2010-07-29,0.25,0.25,0.23,0.24,2.74,0,-1,8192968,1982388.48
COSG,2010-07-28,0.24,0.24,0.23,0.24,-1.22,0,-1,4875183,1148088.2
COSG,2010-07-27,0.24,0.24,0.24,0.24,1.67,0.01,-1,6140604,1463926.47
COSG,2010-07-26,0.24,0.24,0.23,0.23,-1.13,-0.01,-1,3329769,780654.93
COSG,2010-07-25,0.24,0.24,0.23,0.24,0.16,0,-1,5586691,1324872.05
COSG,2010-07-22,0.24,0.24,0.24,0.24,-0.56,0,-1,3736554,884684.83
COSG,2010-07-21,0.25,0.25,0.23,0.24,-3.19,-0.01,-1,10293054,2450888.58
COSG,2010-07-20,0.25,0.25,0.24,0.25,3.2,0.01,-1,16516794,4062541.41
COSG,2010-07-19,0.25,0.25,0.24,0.24,-1.07,0,-1,8703659,2074552.04
COSG,2010-07-18,0.25,0.25,0.23,0.24,-3.59,-0.01,-1,14816063,3569340.34
COSG,2010-07-15,0.26,0.26,0.25,0.25,-2.52,-0.01,-1,6041742,1509660.69
COSG,2010-07-14,0.26,0.26,0.25,0.26,-1.47,0,-1,3981623,1020621.14
COSG,2010-07-13,0.27,0.27,0.26,0.26,-0.12,0,-1,5195525,1351657.55
COSG,2010-07-12,0.27,0.27,0.25,0.26,-5.67,-0.02,-1,10393544,2707427.02
COSG,2010-07-11,0.28,0.28,0.27,0.28,1.86,0.01,-1,6961278,1922150.72
COSG,2010-07-08,0.28,0.28,0.27,0.27,1.76,0,-1,2996630,812290.19
COSG,2010-07-07,0.27,0.27,0.26,0.27,-0.8,0,-1,3138443,836153.43
COSG,2010-07-06,0.27,0.27,0.26,0.27,1.65,0.01,-1,3400595,913164.25
COSG,2010-07-05,0.27,0.27,0.26,0.26,-0.45,-0.01,-1,1440369,380540.35
COSG,2010-07-04,0.27,0.27,0.26,0.27,2.66,0.01,-1,3461767,918783.57
COSG,2010-06-30,0.26,0.26,0.25,0.26,2.56,0.01,-1,1516563,392007.2
COSG,2010-06-29,0.26,0.26,0.25,0.25,1.27,0,-1,3272339,824834.83
COSG,2010-06-28,0.25,0.25,0.24,0.25,1,0,-1,3004710,747756.39
COSG,2010-06-27,0.25,0.25,0.24,0.25,0.97,0.01,-1,2316684,570822.07
COSG,2010-06-24,0.25,0.25,0.24,0.24,-0.42,-0.01,-1,1022684,249572.63
COSG,2010-06-23,0.25,0.25,0.24,0.25,1.49,0.01,-1,1591782,390043.05
COSG,2010-06-22,0.25,0.25,0.24,0.24,-2.98,-0.01,-1,6143424,1483205.98
COSG,2010-06-21,0.26,0.26,0.24,0.25,-3.72,-0.01,-1,2545538,633586.33
COSG,2010-06-20,0.26,0.26,0.25,0.26,3.29,0.01,-1,1592866,411765.01
COSG,2010-06-17,0.25,0.25,0.25,0.25,3.58,0.01,-1,2463053,616456.93
COSG,2010-06-16,0.25,0.25,0.24,0.24,-0.79,0,-1,7254179,1752873.65
COSG,2010-06-15,0.25,0.25,0.24,0.24,-1.44,-0.01,-1,2442554,594916.34
COSG,2010-06-14,0.25,0.25,0.24,0.25,3.49,0.01,-1,2426935,599747.07
COSG,2010-06-13,0.25,0.25,0.24,0.24,2.42,0.01,-1,2101876,501828.24
COSG,2010-06-10,0.24,0.24,0.23,0.23,-2.36,-0.01,-1,5461581,1273097
COSG,2010-06-09,0.25,0.25,0.23,0.24,-0.89,0,-1,2572545,614228.38
COSG,2010-06-08,0.25,0.25,0.24,0.24,-5.04,-0.01,-1,2854708,687664.33
COSG,2010-06-07,0.26,0.26,0.25,0.25,-3.32,-0.01,-1,2382303,604363.1
COSG,2010-06-06,0.27,0.27,0.26,0.26,-0.33,0,-1,4925347,1292611.89
COSG,2010-06-03,0.27,0.27,0.26,0.26,-0.65,-0.01,-1,1809898,476556.55
COSG,2010-06-02,0.27,0.27,0.26,0.27,-0.14,0,-1,3072173,814226.42
COSG,2010-06-01,0.28,0.28,0.26,0.27,-2.47,0,-1,3543818,940515.37
COSG,2010-05-31,0.28,0.28,0.27,0.27,-2.64,-0.01,-1,6576403,1789551.12
COSG,2010-05-30,0.29,0.29,0.27,0.28,4.09,0.01,-1,4899479,1369158.28
COSG,2010-05-27,0.27,0.27,0.26,0.27,5.58,0.02,-1,2107842,565935.64
COSG,2010-05-26,0.27,0.27,0.25,0.25,8.22,0.01,-1,5676280,1443550.12
COSG,2010-05-25,0.25,0.25,0.22,0.24,-7.77,-0.01,-1,1961798,461052.15
COSG,2010-05-24,0.26,0.26,0.25,0.25,-2.41,-0.01,-1,1977091,503725.23
COSG,2010-05-23,0.27,0.27,0.25,0.26,-0.53,0,-1,1048552,273777.01
COSG,2010-05-20,0.27,0.27,0.25,0.26,-4.14,-0.01,-1,4670462,1225812.35
COSG,2010-05-19,0.28,0.28,0.26,0.27,-4.64,-0.02,-1,4066494,1113577.86
COSG,2010-05-18,0.29,0.29,0.29,0.29,1.48,0.01,-1,2609097,749258.4
COSG,2010-05-17,0.29,0.29,0.28,0.28,-2.3,-0.01,-1,3639698,1029997.06
COSG,2010-05-16,0.3,0.3,0.29,0.29,-2.45,-0.01,-1,6696144,1939376.2
COSG,2010-05-13,0.3,0.3,0.29,0.3,1.64,0.01,-1,5893312,1749750.57
COSG,2010-05-12,0.3,0.3,0.29,0.29,1.06,0,-1,8807782,2572991.42
COSG,2010-05-11,0.29,0.29,0.29,0.29,3.23,0.01,-1,5254528,1518699.78
COSG,2010-05-10,0.29,0.29,0.27,0.28,3.19,0.01,-1,9303180,2604924.16
COSG,2010-05-09,0.28,0.28,0.26,0.27,-1.73,-0.01,-1,2703133,733452
COSG,2010-05-06,0.28,0.28,0.27,0.28,2.47,0.01,-1,3481670,961421.1
COSG,2010-05-05,0.27,0.27,0.26,0.27,2.52,0.01,-1,4329459,1166618.67
COSG,2010-05-04,0.27,0.27,0.26,0.26,1.31,0,-1,7342467,1930004.73
COSG,2010-05-03,0.27,0.27,0.26,0.26,0.88,0,-1,2330405,604644.77
COSG,2010-05-02,0.26,0.26,0.25,0.26,0.93,0.01,-1,2114946,544016.06
COSG,2010-04-29,0.26,0.26,0.25,0.25,-0.17,0,-1,1113846,283869.24
COSG,2010-04-28,0.26,0.26,0.25,0.25,-1.72,-0.01,-1,3987805,1018042.3
COSG,2010-04-27,0.27,0.27,0.25,0.26,-1.49,0,-1,1531206,397664.48
COSG,2010-04-26,0.27,0.27,0.25,0.26,1.81,0,-1,529943,139731.46
COSG,2010-04-22,0.27,0.27,0.26,0.26,-1.97,0,-1,907877,235093.2
COSG,2010-04-21,0.27,0.27,0.25,0.26,0.22,0,-1,6012674,1588550.2
COSG,2010-04-20,0.27,0.27,0.26,0.26,-0.14,0,-1,2183114,575472.87
COSG,2010-04-19,0.27,0.27,0.26,0.26,-1.9,-0.01,-1,2938115,775591.56
COSG,2010-04-18,0.28,0.28,0.26,0.27,4.12,0.01,-1,9087721,2445552.38
COSG,2010-04-15,0.26,0.26,0.25,0.26,1.87,0.01,-1,8522908,2202623.22
COSG,2010-04-14,0.26,0.26,0.25,0.25,3.17,0,-1,6251832,1586036.3
COSG,2010-04-13,0.25,0.25,0.25,0.25,-1.1,0,-1,472404,116152
COSG,2010-04-12,0.25,0.25,0.25,0.25,1.4,0,-1,4682881,1164537.28
COSG,2010-04-11,0.25,0.25,0.24,0.25,0.13,0,-1,4267907,1046494.82
COSG,2010-04-08,0.25,0.25,0.24,0.25,-2.11,0,-1,1430553,350316.71
COSG,2010-04-07,0.25,0.25,0.25,0.25,-0.28,0,-1,2589248,647807.22
COSG,2010-04-06,0.25,0.25,0.25,0.25,1.02,0,-1,2642882,662986
COSG,2010-04-01,0.25,0.25,0.24,0.25,2.1,0.01,-1,4974534,1235264.65
COSG,2010-03-31,0.25,0.25,0.24,0.24,0.76,0,-1,2605355,633646.93
COSG,2010-03-30,0.24,0.24,0.24,0.24,-0.77,0,-1,1105657,266923.27
COSG,2010-03-29,0.25,0.25,0.24,0.24,-1.24,-0.01,-1,4083848,993574.65
COSG,2010-03-28,0.25,0.25,0.24,0.25,1.73,0.01,-1,7153038,1761949.64
COSG,2010-03-25,0.25,0.25,0.24,0.24,0.76,0,-1,4932288,1194452.98
COSG,2010-03-24,0.25,0.25,0.24,0.24,-0.73,0,-1,1620036,389372.36
COSG,2010-03-23,0.25,0.25,0.24,0.24,-1.23,-0.01,-1,2841909,688024.55
COSG,2010-03-22,0.25,0.25,0.24,0.25,-1.98,0,-1,5544717,1359008.42
COSG,2010-03-21,0.25,0.25,0.23,0.25,4.24,0.01,-1,5136359,1284378.51
COSG,2010-03-18,0.24,0.24,0.23,0.24,3.17,0.01,-1,3609437,865942.08
COSG,2010-03-17,0.24,0.24,0.23,0.23,0.77,0,-1,6562194,1525772.42
COSG,2010-03-16,0.24,0.24,0.22,0.23,4.81,0.01,-1,4756418,1097549.24
COSG,2010-03-15,0.23,0.23,0.22,0.22,-5.97,-0.01,-1,4905932,1080012.18
COSG,2010-03-14,0.24,0.24,0.23,0.23,-4.5,-0.02,-1,6256550,1464750.86
COSG,2010-03-11,0.26,0.26,0.24,0.25,-1.36,0,-1,5313965,1302853.21
COSG,2010-03-10,0.26,0.26,0.24,0.25,6.23,0.02,-1,13351887,3318763.31
COSG,2010-03-09,0.25,0.25,0.22,0.23,-1.34,-0.01,-1,5353553,1252598.87
COSG,2010-02-23,0.25,0.25,0.23,0.24,-2.82,0,-1,2675041,634438.1
COSG,2010-02-22,0.25,0.25,0.24,0.24,-2.37,-0.01,-1,4591882,1120525.05
COSG,2010-02-21,0.26,0.26,0.24,0.25,3.52,0.01,-1,7411557,1852319.43
COSG,2010-02-18,0.25,0.25,0.23,0.24,1.42,0,-1,11762166,2840031.36
COSG,2010-02-17,0.25,0.25,0.23,0.24,-2.6,-0.01,-1,5311416,1264353.31
COSG,2010-02-16,0.25,0.25,0.24,0.25,-3.5,0,-1,9697980,2370234.6
COSG,2010-02-15,0.26,0.26,0.25,0.25,-1.67,-0.01,-1,9970869,2525417.42
COSG,2010-02-14,0.26,0.26,0.25,0.26,3.81,0.01,-1,9325740,2401980.26
COSG,2010-02-11,0.25,0.25,0.24,0.25,1.23,0,-1,6120756,1518796
COSG,2010-02-10,0.25,0.25,0.24,0.25,-1.7,0,-1,6931940,1699266.57
COSG,2010-02-09,0.25,0.25,0.24,0.25,1.33,0,-1,10964540,2733882.58
COSG,2010-02-08,0.25,0.25,0.24,0.25,2.44,0.01,-1,5975309,1470249.66
COSG,2010-02-07,0.25,0.25,0.23,0.24,4.81,0.01,-1,16057188,3856853.54
COSG,2010-02-04,0.23,0.23,0.23,0.23,-2.07,0,-1,5190807,1189780.83
COSG,2010-02-03,0.24,0.24,0.22,0.23,0.14,0,-1,7734121,1809847.2
COSG,2010-02-02,0.24,0.24,0.22,0.23,2.09,0,-1,13619515,3182692.21
COSG,2010-02-01,0.23,0.23,0.22,0.23,3.85,0.01,-1,16394233,3752667.53
COSG,2010-01-31,0.23,0.23,0.21,0.22,2.99,0.01,-1,7962487,1755247.99
COSG,2010-01-28,0.22,0.22,0.21,0.21,2.92,0,-1,7215512,1544241.57
COSG,2010-01-27,0.21,0.21,0.2,0.21,3.56,0.01,-1,2808178,583974.23
COSG,2010-01-26,0.2,0.2,0.2,0.2,-1.94,0,-1,2567935,515630.01
COSG,2010-01-24,0.21,0.21,0.2,0.2,-3.72,-0.01,-1,4365414,893875.74
COSG,2010-01-21,0.22,0.22,0.21,0.21,-2.85,-0.01,-1,3329607,708109.84
COSG,2010-01-20,0.23,0.23,0.21,0.22,-2.89,0,-1,5898518,1291181.72
COSG,2010-01-19,0.24,0.24,0.22,0.22,-0.9,-0.01,-1,8944227,2016376.28
COSG,2010-01-18,0.23,0.23,0.22,0.23,0.26,0,-1,6738553,1532928.62
COSG,2010-01-17,0.23,0.23,0.22,0.23,5.63,0.01,-1,8671175,1967218.7
COSG,2010-01-14,0.23,0.23,0.2,0.22,5.72,0.02,-1,15564773,3343280.71
COSG,2010-01-13,0.21,0.21,0.2,0.2,2.08,0,-1,9499062,1929634.76
COSG,2010-01-12,0.2,0.2,0.2,0.2,-1.57,0,-1,4710810,937590.3
COSG,2010-01-11,0.21,0.21,0.2,0.2,-0.53,0,-1,4393614,888403.23
COSG,2010-01-10,0.21,0.21,0.2,0.2,2.49,0,-1,5374866,1092658.94
COSG,2010-01-06,0.2,0.2,0.2,0.2,0.44,0,-1,8131145,1612787.68
COSG,2010-01-05,0.2,0.2,0.19,0.2,2.03,0.01,-1,4996281,986715.69
COSG,2010-01-04,0.2,0.2,0.19,0.19,-0.61,-0.01,-1,3080253,596111.85
COSG,2010-01-03,0.2,0.2,0.19,0.2,3.46,0.01,-1,6425912,1251170.86
COSG,2009-12-31,0.19,0.19,0.18,0.19,0.98,0,-1,4421868,832331.85
COSG,2009-12-30,0.19,0.19,0.18,0.19,3.34,0.01,-1,8070406,1504177.51
COSG,2009-12-29,0.18,0.18,0.18,0.18,2.57,0,-1,3672020,662292.93
COSG,2009-12-28,0.18,0.18,0.17,0.18,-2.74,0,-1,2968104,521986.16
COSG,2009-12-27,0.19,0.19,0.18,0.18,-2.72,-0.01,-1,2763058,499497.24
COSG,2009-12-24,0.19,0.19,0.18,0.19,0.52,0.01,-1,3380692,628379.38
COSG,2009-12-23,0.19,0.19,0.18,0.18,-4.61,-0.01,-1,7365515,1361873.95
COSG,2009-12-22,0.2,0.2,0.19,0.19,-2.25,-0.01,-1,4141767,802719.74
COSG,2009-12-21,0.21,0.21,0.19,0.2,-4.03,-0.01,-1,3236709,641761.23
COSG,2009-12-20,0.22,0.22,0.2,0.21,-1.56,0,-1,3859712,797394.63
COSG,2009-12-17,0.21,0.21,0.2,0.21,-0.2,0,-1,3512418,737129.64
COSG,2009-12-16,0.22,0.22,0.2,0.21,-0.76,0,-1,2494615,524679.82
COSG,2009-12-15,0.22,0.22,0.2,0.21,-0.4,0,-1,6460349,1369229.54
COSG,2009-12-14,0.22,0.22,0.2,0.21,-3.06,-0.01,-1,7694533,1637284.99
COSG,2009-12-13,0.24,0.24,0.2,0.22,-10.07,-0.02,-1,10343218,2270263.88
COSG,2009-12-10,0.26,0.26,0.22,0.24,-4.88,-0.02,-1,17476082,4265791.2
COSG,2009-12-09,0.27,0.27,0.25,0.26,-4.79,-0.01,-1,10443545,2680248.01
COSG,2009-12-08,0.28,0.28,0.26,0.27,1.68,0,-1,10160406,2738431.76
COSG,2009-12-07,0.27,0.27,0.26,0.27,-1.22,0,-1,15140960,4013088.13
COSG,2009-12-06,0.28,0.28,0.24,0.27,12.13,0.03,-1,21629508,5804515.52
COSG,2009-12-03,0.25,0.25,0.23,0.24,3.66,0.01,-1,13484047,3226458.08
COSG,2009-12-02,0.24,0.24,0.22,0.23,-3.72,-0.01,-1,5228009,1206831.02
COSG,2009-12-01,0.25,0.25,0.22,0.24,9.42,0.02,-1,14199785,3404766.38
COSG,2009-11-30,0.22,0.22,0.2,0.22,11.92,0.02,-1,19243897,4217151.39
COSG,2009-11-25,0.2,0.2,0.18,0.2,5.44,0.01,-1,9213428,1803837.15
COSG,2009-11-24,0.19,0.19,0.18,0.19,0.94,0.01,-1,2830250,525615.05
COSG,2009-11-23,0.19,0.19,0.18,0.18,-1.27,-0.01,-1,1327732,244291.42
COSG,2009-11-22,0.19,0.19,0.18,0.19,-0.55,0,-1,3489696,650310.84
COSG,2009-11-19,0.19,0.19,0.18,0.19,2.11,0.01,-1,3207370,600861.92
COSG,2009-11-18,0.19,0.19,0.18,0.18,-1.3,-0.01,-1,6450858,1183677.15
COSG,2009-11-17,0.2,0.2,0.18,0.19,-7.39,-0.01,-1,6818814,1267806.94
COSG,2009-11-16,0.22,0.22,0.2,0.2,-2.38,-0.01,-1,2039077,409351.53
COSG,2009-11-15,0.21,0.21,0.2,0.21,-1.24,0,-1,3585305,737283.14
COSG,2009-11-12,0.21,0.21,0.2,0.21,-2.54,0,-1,2414300,502666.57
COSG,2009-11-11,0.22,0.22,0.21,0.21,-0.53,-0.01,-1,5999767,1281826.89
COSG,2009-11-10,0.22,0.22,0.21,0.22,2.67,0.01,-1,5045197,1083598.81
COSG,2009-11-09,0.22,0.22,0.2,0.21,1.46,0,-1,6161429,1288835.86
COSG,2009-11-08,0.21,0.21,0.2,0.21,0.26,0,-1,3975007,819596.89
COSG,2009-11-05,0.21,0.21,0.2,0.21,-3.17,0,-1,3953098,812805.99
COSG,2009-11-04,0.22,0.22,0.2,0.21,2.15,0,-1,2732146,580171.76
COSG,2009-11-03,0.22,0.22,0.2,0.21,-2.99,0,-1,6213816,1291742.07
COSG,2009-11-02,0.22,0.22,0.21,0.21,0.1,0,-1,3641922,780437.01
COSG,2009-11-01,0.23,0.23,0.2,0.21,-0.05,0,-1,6758564,1446929.55
COSG,2009-10-29,0.23,0.23,0.19,0.21,-2.33,-0.01,-1,5579424,1195058.79
COSG,2009-10-28,0.23,0.23,0.21,0.22,-4.92,-0.01,-1,8412168,1844555.95
COSG,2009-10-27,0.25,0.25,0.22,0.23,-6.42,-0.02,-1,7566168,1744982.95
COSG,2009-10-26,0.26,0.26,0.24,0.25,-5.37,-0.01,-1,3845395,947649.14
COSG,2009-10-25,0.27,0.27,0.26,0.26,0.48,0,-1,2231976,581318.66
COSG,2009-10-22,0.26,0.26,0.25,0.26,-1.29,0,-1,3256124,843916.34
COSG,2009-10-21,0.28,0.28,0.26,0.26,-2.9,-0.01,-1,2912897,764834.38
COSG,2009-10-20,0.28,0.28,0.26,0.27,1.55,0,-1,6814259,1842725.38
COSG,2009-10-19,0.27,0.27,0.25,0.27,3.75,0.01,-1,5879103,1565459.71
COSG,2009-10-18,0.27,0.27,0.24,0.26,-6.5,-0.01,-1,11051905,2836808.26
COSG,2009-10-08,0.29,0.29,0.26,0.27,-5.31,-0.02,-1,9355242,2568332.39
COSG,2009-10-07,0.31,0.31,0.27,0.29,-1.61,-0.01,-1,10126186,2935681.79
COSG,2009-10-05,0.31,0.31,0.29,0.3,-5.97,-0.01,-1,13874725,4087862.8
COSG,2009-10-04,0.33,0.33,0.31,0.31,-4.4,-0.02,-1,18097730,5671076.85
COSG,2009-10-01,0.35,0.35,0.31,0.33,8.03,0.03,-1,25265573,8281791.74
COSG,2009-09-30,0.33,0.33,0.28,0.3,10.02,0.02,-1,32662487,9909211.98
COSG,2009-09-29,0.29,0.29,0.26,0.28,3.93,0.01,-1,36166554,9974002.83
COSG,2009-09-28,0.28,0.28,0.26,0.27,0.39,0.01,-1,9757742,2589096.09
COSG,2009-09-27,0.27,0.27,0.25,0.26,3.6,0.01,-1,22240852,5878073.98
COSG,2009-09-24,0.26,0.26,0.25,0.25,1.65,0,-1,12620042,3219451.28
COSG,2009-09-23,0.26,0.26,0.25,0.25,-2.18,-0.01,-1,14019196,3518591.13
COSG,2009-09-22,0.27,0.27,0.25,0.26,4.22,0.01,-1,8917870,2288090.68
COSG,2009-09-17,0.25,0.25,0.24,0.25,3.55,0.01,-1,21754890,5355355.88
COSG,2009-09-16,0.25,0.25,0.23,0.24,-2.64,0,-1,7207649,1713697.6
COSG,2009-09-15,0.25,0.25,0.24,0.24,1.16,0,-1,2778188,678433.63
COSG,2009-09-14,0.25,0.25,0.24,0.24,-2.77,-0.01,-1,2940989,709974.09
COSG,2009-09-13,0.26,0.26,0.25,0.25,-0.17,0,-1,2217496,550608.9
COSG,2009-09-10,0.25,0.25,0.24,0.25,-3.08,-0.01,-1,2584801,642933.8
COSG,2009-09-09,0.26,0.26,0.25,0.26,-0.25,0,-1,1830234,469693.83
COSG,2009-09-08,0.26,0.26,0.25,0.26,-5.81,-0.01,-1,6027045,1550422.5
COSG,2009-09-07,0.28,0.28,0.26,0.27,2.34,0,-1,12617005,3445944.3
COSG,2009-09-06,0.28,0.28,0.25,0.27,7.42,0.02,-1,11645570,3108306.37
COSG,2009-09-03,0.26,0.26,0.24,0.25,7.62,0.02,-1,14621429,3632998.23
COSG,2009-09-02,0.23,0.23,0.23,0.23,0.59,0,-1,2845055,656882.8
COSG,2009-09-01,0.23,0.23,0.22,0.23,-3.81,-0.01,-1,3942197,904804.1
COSG,2009-08-31,0.25,0.25,0.23,0.24,-3.82,-0.01,-1,4982289,1188924.29
COSG,2009-08-30,0.25,0.25,0.24,0.25,1.3,0,-1,3685415,914242.99
COSG,2009-08-27,0.25,0.25,0.24,0.25,0.64,0.01,-1,2471405,605257.58
COSG,2009-08-26,0.25,0.25,0.24,0.24,-2.14,-0.01,-1,6091851,1482444.43
COSG,2009-08-25,0.26,0.26,0.24,0.25,-0.67,0,-1,1138955,283227.5
COSG,2009-08-24,0.26,0.26,0.24,0.25,-3.06,-0.01,-1,4089705,1023815.06
COSG,2009-08-23,0.26,0.26,0.25,0.26,1.29,0.01,-1,3129007,807900.95
COSG,2009-08-20,0.27,0.27,0.25,0.25,3.33,0,-1,6274988,1599940.47
COSG,2009-08-19,0.26,0.26,0.23,0.25,5.25,0.02,-1,7534769,1858913.39
COSG,2009-08-18,0.24,0.24,0.22,0.23,6.01,0.01,-1,4802948,1125774.48
COSG,2009-08-17,0.23,0.23,0.22,0.22,-5.08,-0.01,-1,5726552,1266294.76
COSG,2009-08-16,0.25,0.25,0.23,0.23,-0.76,0,-1,8179085,1905331.99
COSG,2009-08-13,0.24,0.24,0.22,0.23,8.34,0.01,-1,13048248,3062903.24
COSG,2009-08-12,0.23,0.23,0.2,0.22,4.22,0.01,-1,5735717,1242595.57
COSG,2009-08-11,0.22,0.22,0.2,0.21,-1.88,0,-1,4663792,969529.9
COSG,2009-08-10,0.22,0.22,0.2,0.21,2.93,0,-1,8205549,1738550.19
COSG,2009-08-09,0.22,0.22,0.2,0.21,-1.85,0,-1,5913160,1217156.73
COSG,2009-08-06,0.22,0.22,0.2,0.21,2.93,0.01,-1,13402321,2810961.01
COSG,2009-08-05,0.21,0.21,0.19,0.2,13.68,0.02,-1,10522233,2144121.16
COSG,2009-08-04,0.19,0.19,0.17,0.18,-5.37,-0.01,-1,17661606,3165248.88
COSG,2009-08-03,0.19,0.19,0.18,0.19,-5.09,-0.01,-1,2222214,420885.3
COSG,2009-08-02,0.21,0.21,0.18,0.2,8.64,0.02,-1,10944312,2184342.58
COSG,2009-07-30,0.2,0.2,0.17,0.18,9.35,0.01,-1,8994661,1652560.98
COSG,2009-07-29,0.18,0.18,0.16,0.17,-2.41,0,-1,4732611,795010.99
COSG,2009-07-28,0.18,0.18,0.16,0.17,10.88,0.02,-1,2449983,421721.81
COSG,2009-07-27,0.18,0.18,0.15,0.15,-6.84,-0.02,-1,7065347,1096800.05
COSG,2009-07-26,0.17,0.17,0.16,0.17,15.16,0.02,-1,1361952,226960.78
COSG,2009-07-22,0.15,0.15,0.14,0.15,3.02,0.01,-1,100652,14558.5
COSG,2009-07-21,0.14,0.14,0.14,0.14,-6.25,-0.01,-1,37202,5224
COSG,2009-07-15,0.15,0.15,0.15,0.15,11.44,0.02,-1,183137,27441.5
COSG,2009-07-14,0.13,0.13,0.13,0.13,0,0,-1,204558,27503.59
COSG,2009-07-12,0.13,0.13,0.13,0.13,-3.85,-0.01,-1,111498,15000
COSG,2009-07-08,0.14,0.14,0.14,0.14,1.72,0,-1,130100,18201
COSG,2009-07-05,0.14,0.14,0.14,0.14,1.79,0.01,-1,22560,3092.5
COSG,2009-07-02,0.13,0.13,0.13,0.13,-1.53,-0.01,-1,37202,5021.5
COSG,2009-06-30,0.14,0.14,0.14,0.14,1.67,0.01,-1,55858,7650
COSG,2009-06-29,0.16,0.16,0.13,0.13,0,0,-1,163,29.49
COSG,2009-06-25,0.16,0.16,0.13,0.13,3.21,0,-1,199027,26834.8
COSG,2009-06-24,0.13,0.13,0.13,0.13,-12.02,-0.02,-1,37202,4860
COSG,2009-06-23,0.16,0.16,0.15,0.15,-4.53,0,-1,241815,35900
COSG,2009-06-21,0.16,0.16,0.15,0.15,5.51,0,-1,96693,15044.5
COSG,2009-06-18,0.15,0.15,0.15,0.15,-9.83,-0.01,-1,151575,22351
COSG,2009-06-17,0.17,0.17,0.16,0.16,7.99,0.01,-1,185957,30413
COSG,2009-06-16,0.16,0.16,0.15,0.15,-6.1,-0.01,-1,502068,76041
COSG,2009-06-15,0.16,0.16,0.16,0.16,6.8,0.01,-1,20499,3299
COSG,2009-06-14,0.15,0.15,0.15,0.15,0.29,0,-1,55858,8425
COSG,2009-06-11,0.15,0.15,0.15,0.15,-6.35,-0.01,-1,138505,20863
COSG,2009-06-10,0.16,0.16,0.16,0.16,8.93,0.01,-1,171152,27504
COSG,2009-06-09,0.16,0.16,0.15,0.15,-6.28,-0.01,-1,483413,71358.75
COSG,2009-06-08,0.17,0.17,0.14,0.16,11.79,0.02,-1,111498,17575
COSG,2009-06-07,0.14,0.14,0.14,0.14,-1.76,0,-1,18601,2620
COSG,2009-06-04,0.15,0.15,0.14,0.14,0,0,-1,13883,2025
COSG,2009-06-03,0.15,0.15,0.14,0.14,4.22,0,-1,27929,4001
COSG,2009-06-02,0.14,0.14,0.13,0.14,2.36,0.01,-1,223160,30703.25
COSG,2009-05-28,0.13,0.13,0.13,0.13,0,0,-1,41812,5625
COSG,2009-05-25,0.13,0.13,0.13,0.13,0,0,-1,88342,11877
COSG,2009-05-21,0.13,0.13,0.13,0.13,-8.09,-0.02,-1,38504,5175
COSG,2009-05-20,0.17,0.17,0.14,0.15,-1.91,0,-1,148755,21763
COSG,2009-05-19,0.17,0.17,0.13,0.15,4.64,0.01,-1,260416,38815.35
COSG,2009-05-14,0.14,0.14,0.14,0.14,-6.46,-0.01,-1,29827,4240
COSG,2009-05-13,0.15,0.15,0.15,0.15,2.83,0,-1,257542,39240
COSG,2009-05-12,0.16,0.16,0.15,0.15,-0.18,0,-1,69741,10330.5
COSG,2009-05-11,0.15,0.15,0.15,0.15,-0.58,0,-1,128364,19045.2
COSG,2009-05-10,0.15,0.15,0.15,0.15,1.2,0,-1,179667,26819.09
COSG,2009-05-07,0.15,0.15,0.14,0.15,-3.11,0,-1,149514,22052
COSG,2009-05-06,0.15,0.15,0.14,0.15,-1.56,0,-1,23211,3539
COSG,2009-05-05,0.16,0.16,0.15,0.15,3.19,0,-1,37202,5752.9
COSG,2009-04-23,0.15,0.15,0.15,0.15,0,0,-1,4555,675.25
COSG,2009-04-22,0.15,0.15,0.15,0.15,0,0,-1,316708,45986.02
COSG,2009-04-16,0.15,0.15,0.15,0.15,-0.04,0,-1,111498,16200
COSG,2009-04-15,0.15,0.15,0.15,0.15,-3.54,0,-1,780598,113398
COSG,2009-04-14,0.15,0.15,0.15,0.15,-0.04,0,-1,74459,11200
COSG,2009-04-13,0.15,0.15,0.15,0.15,-0.36,0,-1,150653,22685
COSG,2009-04-12,0.16,0.16,0.15,0.15,-1.13,0,-1,429508,64925.4
COSG,2009-04-09,0.16,0.16,0.15,0.15,5.3,0,-1,27929,4265.2
COSG,2009-04-08,0.15,0.15,0.15,0.15,-0.04,0,-1,429508,62376.52
COSG,2009-04-07,0.15,0.15,0.15,0.15,-2.1,0,-1,316111,45922
COSG,2009-04-06,0.15,0.15,0.15,0.15,1.81,0,-1,140403,20830.35
COSG,2009-04-05,0.15,0.15,0.15,0.15,2.3,0.01,-1,43710,6368.5
COSG,2009-04-01,0.15,0.15,0.14,0.14,-7.67,-0.01,-1,55858,7946.6
COSG,2009-03-29,0.16,0.16,0.14,0.15,1.88,0,-1,187367,28915
COSG,2009-03-25,0.15,0.15,0.15,0.15,2.74,0,-1,37202,5632
COSG,2009-03-24,0.15,0.15,0.14,0.15,0,0,-1,527123,77719.2
COSG,2009-03-22,0.15,0.15,0.15,0.15,8.77,0.01,-1,371915,54822.5
COSG,2009-03-19,0.14,0.14,0.13,0.14,-0.47,0,-1,223160,30238.6
COSG,2009-03-18,0.14,0.14,0.14,0.14,-0.12,0,-1,251088,34186
COSG,2009-03-16,0.15,0.15,0.13,0.14,-6.08,-0.01,-1,21475,2914.75
COSG,2009-03-15,0.15,0.15,0.14,0.15,5.18,0.01,-1,347023,50371.35
COSG,2009-03-11,0.14,0.14,0.13,0.14,0,0,-1,9328,1225.5
COSG,2009-03-10,0.14,0.14,0.14,0.14,2.68,0.01,-1,196532,27124.55
COSG,2009-03-08,0.13,0.13,0.13,0.13,0.36,0,-1,185957,24992.52
COSG,2009-03-05,0.14,0.14,0.13,0.13,3.11,0,-1,299354,40085.5
COSG,2009-03-04,0.13,0.13,0.13,0.13,4.86,0.01,-1,37202,4830
COSG,2009-03-03,0.13,0.13,0.12,0.12,-4.04,-0.01,-1,185957,23025
COSG,2009-03-02,0.13,0.13,0.13,0.13,-2,0,-1,37202,4800
COSG,2009-03-01,0.14,0.14,0.12,0.13,9.67,0.01,-1,538945,70959.98
COSG,2009-02-26,0.12,0.12,0.1,0.12,-2.32,0,-1,241978,29054.41
COSG,2009-02-25,0.12,0.12,0.12,0.12,8.86,0.01,-1,45445,5577.6
COSG,2009-02-24,0.11,0.11,0.11,0.11,-0.05,0,-1,278855,31500
COSG,2009-02-23,0.11,0.11,0.11,0.11,-1.78,0,-1,22235,2521.6
COSG,2009-02-22,0.12,0.12,0.11,0.11,1.81,0,-1,185957,21389.13
COSG,2009-02-19,0.13,0.13,0.11,0.11,0.05,0,-1,78255,8843.7
COSG,2009-02-18,0.11,0.11,0.11,0.11,0,0,-1,167356,18900
COSG,2009-02-17,0.11,0.11,0.11,0.11,-0.1,0,-1,385798,43575
COSG,2009-02-12,0.11,0.11,0.11,0.11,0,0,-1,130100,14711.5
COSG,2009-02-11,0.11,0.11,0.11,0.11,0.1,0,-1,251088,28371.8
COSG,2009-02-10,0.11,0.11,0.11,0.11,-0.1,0,-1,93873,10606
COSG,2009-02-09,0.11,0.11,0.11,0.11,0,0,-1,334875,37857
COSG,2009-02-08,0.11,0.11,0.11,0.11,2.54,0,-1,269093,30412
COSG,2009-02-05,0.11,0.11,0.11,0.11,-9.37,-0.01,-1,37202,4100
COSG,2009-02-04,0.13,0.13,0.11,0.12,-5.63,-0.01,-1,74947,9114.05
COSG,2009-02-03,0.13,0.13,0.13,0.13,10.26,0.01,-1,69849,9010.84
COSG,2009-02-02,0.12,0.12,0.12,0.12,-13.07,-0.01,-1,18601,2174.25
COSG,2009-02-01,0.15,0.15,0.12,0.13,-1.92,-0.01,-1,171423,23055
COSG,2009-01-29,0.14,0.14,0.13,0.14,2.08,0.01,-1,217845,29855
COSG,2009-01-27,0.13,0.13,0.13,0.13,0.12,0,-1,227769,30605.87
COSG,2009-01-26,0.13,0.13,0.13,0.13,8.1,0.01,-1,139427,18715
COSG,2009-01-25,0.12,0.12,0.12,0.12,-2.41,-0.01,-1,37202,4616
COSG,2009-01-22,0.13,0.13,0.13,0.13,-5.4,0,-1,23211,2956.25
COSG,2009-01-21,0.13,0.13,0.13,0.13,-0.04,0,-1,666388,89606
COSG,2009-01-20,0.14,0.14,0.13,0.13,-0.08,0,-1,446373,60013.33
COSG,2009-01-19,0.13,0.13,0.13,0.13,-0.44,0,-1,154720,20826.21
COSG,2009-01-18,0.14,0.14,0.13,0.13,0.44,0,-1,102225,13827.5
COSG,2009-01-15,0.13,0.13,0.13,0.13,-2.61,-0.01,-1,185957,25031
COSG,2009-01-14,0.14,0.14,0.13,0.14,0.63,0,-1,275221,38042.25
COSG,2009-01-13,0.14,0.14,0.14,0.14,-8.52,-0.01,-1,55858,7663
COSG,2009-01-12,0.15,0.15,0.15,0.15,1.64,0,-1,262152,39372.2
COSG,2009-01-11,0.15,0.15,0.15,0.15,0.66,0,-1,186879,27606.98
COSG,2009-01-08,0.15,0.15,0.13,0.15,6.1,0.01,-1,197183,28932.5
COSG,2009-01-05,0.15,0.15,0.13,0.14,-7.95,-0.01,-1,188940,26130.21
COSG,2009-01-04,0.16,0.16,0.14,0.15,8,0.01,-1,266870,40094.58
COSG,2008-12-31,0.14,0.14,0.12,0.14,-0.12,0,-1,371915,51732.8
COSG,2008-12-30,0.14,0.14,0.14,0.14,12.61,0.02,-1,55858,7770
COSG,2008-12-28,0.12,0.12,0.12,0.12,-4.17,-0.01,-1,92897,11500
COSG,2008-12-24,0.13,0.13,0.12,0.13,0,0,-1,3796,445
COSG,2008-12-23,0.13,0.13,0.13,0.13,-1.96,0,-1,260416,33600
COSG,2008-12-22,0.13,0.13,0.13,0.13,-0.49,0,-1,92897,12240.5
COSG,2008-12-21,0.13,0.13,0.13,0.13,-0.04,0,-1,37202,4920
COSG,2008-12-18,0.13,0.13,0.13,0.13,-3.34,-0.01,-1,74459,9842.85
COSG,2008-12-17,0.14,0.14,0.13,0.14,3.92,0.01,-1,185957,25462.5
COSG,2008-12-16,0.14,0.14,0.12,0.13,-6.52,-0.01,-1,526798,69405.4
COSG,2008-12-15,0.14,0.14,0.14,0.14,0,0,-1,9328,1262.5
COSG,2008-12-14,0.16,0.16,0.13,0.14,7.42,0.01,-1,297130,41887.22
COSG,2008-12-11,0.13,0.13,0.13,0.13,3.61,0,-1,119253,15643.6
COSG,2008-12-10,0.13,0.13,0.12,0.13,-0.67,0,-1,176630,22375
COSG,2008-12-04,0.13,0.13,0.12,0.13,2.86,0.01,-1,371915,47412.66
COSG,2008-12-02,0.13,0.13,0.12,0.12,0.7,0,-1,439757,54518.25
COSG,2008-12-01,0.12,0.12,0.12,0.12,-4.51,-0.01,-1,399843,49210
COSG,2008-11-27,0.13,0.13,0.13,0.13,3.5,0,-1,111498,14380
COSG,2008-11-26,0.13,0.13,0.12,0.13,8.22,0.02,-1,565302,70415
COSG,2008-11-25,0.12,0.12,0.11,0.11,10.14,0,-1,418445,48152.05
COSG,2008-11-24,0.12,0.12,0.1,0.11,-2.07,0,-1,705054,73674.66
COSG,2008-11-20,0.11,0.11,0.11,0.11,-1.24,0,-1,404887,43196.7
COSG,2008-11-19,0.11,0.11,0.11,0.11,-4.61,0,-1,137529,14865.4
COSG,2008-11-18,0.12,0.12,0.11,0.11,-10.72,-0.02,-1,158028,17899
COSG,2008-11-17,0.13,0.13,0.13,0.13,-10.3,-0.01,-1,506787,64274.84
COSG,2008-11-16,0.14,0.14,0.13,0.14,0,0,-1,4555,629.45
COSG,2008-11-13,0.15,0.15,0.14,0.14,0.38,0,-1,437208,61842.88
COSG,2008-11-12,0.15,0.15,0.14,0.14,-7.81,-0.01,-1,799362,112641.4
COSG,2008-11-11,0.16,0.16,0.14,0.15,9.18,0.01,-1,535800,81881.94
COSG,2008-11-10,0.14,0.14,0.14,0.14,2.6,0,-1,539271,75496
COSG,2008-11-09,0.14,0.14,0.13,0.14,1.72,0.01,-1,83732,11418
COSG,2008-11-06,0.14,0.14,0.13,0.13,-0.56,0,-1,381080,51103.68
COSG,2008-11-05,0.14,0.14,0.12,0.13,-0.24,0,-1,591007,79697.45
COSG,2008-11-04,0.14,0.14,0.12,0.13,4.75,0,-1,671431,90775.38
COSG,2008-11-03,0.14,0.14,0.13,0.13,-0.95,0,-1,532655,68745.49
COSG,2008-11-02,0.13,0.13,0.12,0.13,4.13,0,-1,738298,96174.35
COSG,2008-10-30,0.13,0.13,0.12,0.13,0.13,0,-1,437046,54690.35
COSG,2008-10-29,0.13,0.13,0.11,0.13,7.74,0.01,-1,577287,72123.41
COSG,2008-10-28,0.12,0.12,0.11,0.12,7.05,0.01,-1,1287655,149367.5
COSG,2008-10-27,0.11,0.11,0.1,0.11,2.81,0,-1,755977,81923.15
COSG,2008-10-26,0.11,0.11,0.1,0.11,-9.68,-0.01,-1,371915,39199.99
COSG,2008-10-23,0.12,0.12,0.11,0.12,-0.28,0,-1,1283100,149762.9
COSG,2008-10-22,0.12,0.12,0.11,0.12,-6.57,-0.01,-1,731682,85636
COSG,2008-10-21,0.13,0.13,0.12,0.13,-3.2,0,-1,158028,19797
COSG,2008-10-20,0.13,0.13,0.13,0.13,0.5,0,-1,439920,56916.6
COSG,2008-10-19,0.13,0.13,0.13,0.13,-3,0,-1,597786,76968.8
COSG,2008-10-16,0.13,0.13,0.13,0.13,-2.87,-0.01,-1,561668,74520.2
COSG,2008-10-15,0.14,0.14,0.13,0.14,-5.43,0,-1,658687,89999.33
COSG,2008-10-14,0.15,0.15,0.13,0.14,9.67,0.01,-1,1041285,150445.2
COSG,2008-10-13,0.13,0.13,0.13,0.13,-4.22,-0.01,-1,299354,39446.5
COSG,2008-10-12,0.16,0.16,0.12,0.14,2.28,0.01,-1,1348231,185480.9
COSG,2008-10-09,0.17,0.17,0.11,0.13,5.97,0,-1,281403,37845.18
COSG,2008-10-08,0.14,0.14,0.08,0.13,136,0.08,-1,46530,5900
COSG,2008-09-29,0.16,0.16,0.15,0.15,-4.62,-0.01,-1,416547,62506.1
COSG,2008-09-28,0.16,0.16,0.16,0.16,-6.94,-0.01,-1,27929,4386.78
COSG,2008-09-25,0.18,0.18,0.14,0.17,2.24,0,-1,559770,94609.15
COSG,2008-09-24,0.17,0.17,0.16,0.17,-10.3,-0.01,-1,211012,34890.1
COSG,2008-09-23,0.19,0.19,0.18,0.18,7.67,0.01,-1,57593,10623
COSG,2008-09-22,0.18,0.18,0.17,0.17,1.82,0,-1,130100,22281.75
COSG,2008-09-21,0.18,0.18,0.16,0.17,-3.4,0,-1,633415,106464.62
COSG,2008-09-18,0.18,0.18,0.17,0.17,-7.65,-0.02,-1,278855,48535.75
COSG,2008-09-17,0.19,0.19,0.18,0.19,-1.16,0,-1,300601,56661.51
COSG,2008-09-16,0.19,0.19,0.19,0.19,-1.96,-0.01,-1,135306,25810
COSG,2008-09-15,0.2,0.2,0.19,0.2,-4.44,0,-1,784394,152519.93
COSG,2008-09-14,0.21,0.21,0.2,0.2,0.75,0,-1,65131,13243
COSG,2008-09-11,0.2,0.2,0.2,0.2,-4.18,-0.01,-1,1085808,219327.31
COSG,2008-09-10,0.22,0.22,0.21,0.21,0.18,0,-1,423000,89190.5
COSG,2008-09-09,0.21,0.21,0.2,0.21,1.93,0,-1,1472853,309875.55
COSG,2008-09-08,0.21,0.21,0.2,0.21,-0.49,0,-1,985644,203488.53
COSG,2008-09-07,0.21,0.21,0.2,0.21,1.69,0.01,-1,237043,49184.65
COSG,2008-09-04,0.21,0.21,0.2,0.2,-1.63,-0.01,-1,523652,106839
COSG,2008-09-03,0.21,0.21,0.2,0.21,3.05,0.01,-1,190513,39532.25
COSG,2008-09-02,0.2,0.2,0.2,0.2,-1.63,0,-1,167682,33764
COSG,2008-09-01,0.21,0.21,0.2,0.2,-2.26,-0.01,-1,107865,22067.75
COSG,2008-08-31,0.22,0.22,0.2,0.21,4.88,0.01,-1,1015742,212655.01
COSG,2008-08-28,0.21,0.21,0.2,0.2,0.62,0,-1,469530,93715.55
COSG,2008-08-27,0.2,0.2,0.19,0.2,2.42,0.01,-1,998226,198020.53
COSG,2008-08-26,0.2,0.2,0.19,0.19,-4.61,-0.01,-1,468933,90840.82
COSG,2008-08-25,0.21,0.21,0.2,0.2,0.85,0,-1,578371,117447.74
COSG,2008-08-24,0.2,0.2,0.19,0.2,0.7,0,-1,136119,27406.45
COSG,2008-08-21,0.21,0.21,0.19,0.2,-0.35,0,-1,1152350,230394.72
COSG,2008-08-20,0.21,0.21,0.19,0.2,-2.43,-0.01,-1,143223,28727.35
COSG,2008-08-19,0.21,0.21,0.2,0.21,-1.47,0,-1,830273,170733.3
COSG,2008-08-18,0.21,0.21,0.21,0.21,-5.64,-0.01,-1,275221,57440.5
COSG,2008-08-17,0.23,0.23,0.22,0.22,3.84,0.01,-1,285471,63130.6
COSG,2008-08-14,0.22,0.22,0.2,0.21,2.72,0,-1,370179,78857.25
COSG,2008-08-13,0.22,0.22,0.2,0.21,-5.58,-0.01,-1,600606,124543.1
COSG,2008-08-12,0.23,0.23,0.21,0.22,-2.04,0,-1,1101102,241805.5
COSG,2008-08-11,0.23,0.23,0.22,0.22,-1.56,-0.01,-1,854406,191571.29
COSG,2008-08-10,0.23,0.23,0.23,0.23,-2.01,0,-1,344962,78552.85
COSG,2008-08-07,0.24,0.24,0.23,0.23,0.32,0,-1,1278870,297202.27
COSG,2008-08-06,0.24,0.24,0.23,0.23,-1.73,-0.01,-1,423000,98016.8
COSG,2008-08-05,0.24,0.24,0.23,0.24,-0.45,0,-1,1232015,290431.7
COSG,2008-08-04,0.25,0.25,0.23,0.24,0.34,0,-1,3084050,730464.3
COSG,2008-08-03,0.25,0.25,0.23,0.24,4.25,0.01,-1,1386735,327277.3
COSG,2008-07-31,0.23,0.23,0.23,0.23,0.05,0,-1,857551,194143.55
COSG,2008-07-30,0.23,0.23,0.22,0.23,-0.36,0,-1,1148228,259833.34
COSG,2008-07-29,0.23,0.23,0.23,0.23,-2.74,0,-1,1072251,243494.09
COSG,2008-07-28,0.24,0.24,0.22,0.23,-1.63,-0.01,-1,1676490,391442.75
COSG,2008-07-27,0.24,0.24,0.23,0.24,2.58,0.01,-1,1143022,271306.9
COSG,2008-07-24,0.24,0.24,0.23,0.23,1.63,0,-1,1227297,284018
COSG,2008-07-22,0.23,0.23,0.22,0.23,0.33,0,-1,587373,133752.1
COSG,2008-07-21,0.23,0.23,0.23,0.23,-0.92,0,-1,1329467,301690.3
COSG,2008-07-20,0.23,0.23,0.22,0.23,1.19,0,-1,590356,135221.1
COSG,2008-07-17,0.23,0.23,0.22,0.23,-2.07,0,-1,1890051,427792.09
COSG,2008-07-16,0.24,0.24,0.22,0.23,-7.03,-0.02,-1,3069841,709451.66
COSG,2008-07-15,0.26,0.26,0.24,0.25,3.52,0.01,-1,2790824,693764.11
COSG,2008-07-14,0.25,0.25,0.24,0.24,5.03,0.01,-1,1148228,275759.9
COSG,2008-07-13,0.23,0.23,0.23,0.23,-0.72,0,-1,1728552,395200.6
COSG,2008-07-10,0.26,0.26,0.23,0.23,3.4,0.01,-1,1642867,378420.04
COSG,2008-07-09,0.23,0.23,0.22,0.22,1.69,0,-1,1376323,306521.26
COSG,2008-07-08,0.23,0.23,0.22,0.22,0.59,0,-1,1101698,241306.25
COSG,2008-07-07,0.23,0.23,0.22,0.22,-3.96,-0.01,-1,661019,143928.55
COSG,2008-07-06,0.23,0.23,0.22,0.23,-4.12,-0.01,-1,764654,173363.62
COSG,2008-07-03,0.25,0.25,0.23,0.24,-3.17,0,-1,485474,114804.89
COSG,2008-07-02,0.25,0.25,0.24,0.24,1.86,0,-1,1099041,268358.8
COSG,2008-06-30,0.25,0.25,0.23,0.24,-5.15,-0.01,-1,2501069,599553.98
COSG,2008-06-29,0.26,0.26,0.25,0.25,-2.89,-0.01,-1,1531694,387155.75
COSG,2008-06-26,0.27,0.27,0.25,0.26,-5.02,-0.01,-1,1958653,509775.39
COSG,2008-06-25,0.29,0.29,0.25,0.27,-1.45,-0.01,-1,3079440,843827.7
COSG,2008-06-24,0.28,0.28,0.27,0.28,-2.38,-0.01,-1,1736903,482995.58
COSG,2008-06-23,0.3,0.3,0.27,0.29,-0.39,0,-1,2156758,614300.18
COSG,2008-06-22,0.3,0.3,0.28,0.29,-0.89,0,-1,2300307,657855.45
COSG,2008-06-19,0.3,0.3,0.28,0.29,-2.1,-0.01,-1,2511807,724721.45
COSG,2008-06-18,0.31,0.31,0.29,0.3,-1.51,0,-1,3739537,1102275.8
COSG,2008-06-17,0.3,0.3,0.29,0.3,-4.04,-0.01,-1,2834480,848277.2
COSG,2008-06-16,0.32,0.32,0.3,0.31,2.93,0.01,-1,10719417,3342988.95
COSG,2008-06-15,0.31,0.31,0.29,0.3,3.99,0.01,-1,3565402,1080266.48
COSG,2008-06-12,0.3,0.3,0.29,0.29,-2.68,-0.01,-1,3985907,1161408.04
COSG,2008-06-11,0.31,0.31,0.29,0.3,-3,-0.01,-1,2686104,804108
COSG,2008-06-10,0.32,0.32,0.29,0.31,1.85,0.01,-1,7198158,2221356.4
COSG,2008-06-09,0.32,0.32,0.3,0.3,-1.97,-0.01,-1,3716489,1126292.79
COSG,2008-06-08,0.33,0.33,0.3,0.31,6.35,0.02,-1,10352545,3199983.42
COSG,2008-06-05,0.3,0.3,0.28,0.29,-2.93,-0.01,-1,2696517,783733.61
COSG,2008-06-04,0.31,0.31,0.28,0.3,8.01,0.02,-1,3282914,982994.04
COSG,2008-06-03,0.29,0.29,0.26,0.28,-2.57,0,-1,2906878,805858.3
COSG,2008-06-02,0.3,0.3,0.28,0.28,-3.02,-0.01,-1,1595740,453979.2
COSG,2008-06-01,0.3,0.3,0.28,0.29,3.14,0.01,-1,4455329,1307183.12
COSG,2008-05-29,0.3,0.3,0.28,0.28,-1.16,-0.01,-1,2617448,744633.8
COSG,2008-05-28,0.29,0.29,0.28,0.29,-4.46,-0.01,-1,1209455,348081.32
COSG,2008-05-27,0.31,0.31,0.29,0.3,3.89,0.01,-1,8031577,2419687.29
COSG,2008-05-26,0.3,0.3,0.27,0.29,-4.06,-0.01,-1,1923945,557851.75
COSG,2008-05-25,0.31,0.31,0.29,0.3,6.16,0.02,-1,3516540,1062736.9
COSG,2008-05-22,0.3,0.3,0.26,0.28,6.35,0.01,-1,4405437,1254194.69
COSG,2008-05-21,0.27,0.27,0.26,0.27,-1.62,0,-1,1025558,274562.54
COSG,2008-05-20,0.28,0.28,0.27,0.27,-0.41,0,-1,1673616,455375.84
COSG,2008-05-19,0.28,0.28,0.27,0.27,1.03,0,-1,1482290,405041.01
COSG,2008-05-18,0.28,0.28,0.26,0.27,5.14,0.01,-1,1741947,471048.25
COSG,2008-05-15,0.28,0.28,0.25,0.26,-6.34,-0.01,-1,2914307,749547.54
COSG,2008-05-14,0.29,0.29,0.26,0.27,-0.91,-0.01,-1,1721285,472683.97
COSG,2008-05-13,0.3,0.3,0.26,0.28,-11.91,-0.04,-1,4339383,1202642.44
COSG,2008-05-12,0.35,0.35,0.29,0.32,-20.02,-0.07,-1,7421969,2335093.5
COSG,2008-05-11,0.43,0.43,0.35,0.39,28.51,0.08,-1,32484,12802.5
COSG,2008-05-08,0.34,0.34,0.27,0.31,13.02,0.04,-1,19906055,6093726.31
COSG,2008-05-07,0.28,0.28,0.26,0.27,2.99,0.01,-1,5031477,1362872.5
COSG,2008-05-06,0.27,0.27,0.26,0.26,0.12,0,-1,1736740,456724.7
COSG,2008-05-05,0.27,0.27,0.26,0.26,0.29,0,-1,1576000,414026.83
COSG,2008-05-04,0.27,0.27,0.26,0.26,3.05,0.01,-1,1574428,412403.53
COSG,2008-04-30,0.26,0.26,0.25,0.25,1.46,0,-1,2159740,548964.19
COSG,2008-04-29,0.26,0.26,0.25,0.25,-1.38,0,-1,197183,49385
COSG,2008-04-24,0.26,0.26,0.25,0.25,0.04,0,-1,754730,191731.12
COSG,2008-04-23,0.26,0.26,0.25,0.25,-0.63,-0.01,-1,539271,136932.04
COSG,2008-04-22,0.26,0.26,0.25,0.26,-0.59,0,-1,2831009,723398.24
COSG,2008-04-21,0.26,0.26,0.25,0.26,0.76,0.01,-1,1351865,347525.6
COSG,2008-04-20,0.26,0.26,0.25,0.25,-1,-0.01,-1,3299942,841789.07
COSG,2008-04-17,0.27,0.27,0.25,0.26,-2.32,0,-1,1969228,507500.35
COSG,2008-04-16,0.27,0.27,0.26,0.26,-0.87,-0.01,-1,3724081,982495.38
COSG,2008-04-15,0.27,0.27,0.26,0.27,-0.24,0,-1,2416360,643019.11
COSG,2008-04-14,0.27,0.27,0.26,0.27,-3.05,0,-1,3474077,926769.17
COSG,2008-04-13,0.29,0.29,0.27,0.27,-4.36,-0.02,-1,3269844,899773.46
COSG,2008-04-10,0.3,0.3,0.28,0.29,-0.07,0,-1,4737925,1363231.34
COSG,2008-04-09,0.3,0.3,0.27,0.29,1.83,0.01,-1,10881241,3132705.37
COSG,2008-04-08,0.29,0.29,0.28,0.28,0.75,0,-1,3931514,1111619.21
COSG,2008-04-07,0.29,0.29,0.27,0.28,0.02,0,-1,4939230,1386133.6
COSG,2008-04-06,0.29,0.29,0.28,0.28,4.44,0.01,-1,3682107,1033222.74
COSG,2008-04-03,0.27,0.27,0.26,0.27,-0.68,0,-1,2463053,661778.01
COSG,2008-04-02,0.28,0.28,0.26,0.27,-1.8,0,-1,2630409,711434.34
COSG,2008-04-01,0.28,0.28,0.27,0.27,-0.06,-0.01,-1,1490695,410580.49
COSG,2008-03-31,0.28,0.28,0.27,0.28,-0.95,0,-1,1578224,434936.91
COSG,2008-03-30,0.29,0.29,0.27,0.28,2.7,0.01,-1,4520785,1257759.43
COSG,2008-03-27,0.28,0.28,0.27,0.27,-1.58,0,-1,2692395,729446.1
COSG,2008-03-26,0.29,0.29,0.27,0.27,-1.86,-0.01,-1,2212887,609168.91
COSG,2008-03-25,0.29,0.29,0.27,0.28,-1.84,-0.01,-1,3036543,851733.3
COSG,2008-03-24,0.3,0.3,0.27,0.29,-2.12,0,-1,5081315,1451919.82
COSG,2008-03-23,0.3,0.3,0.28,0.29,5.07,0.01,-1,7724793,2255235.1
COSG,2008-03-19,0.29,0.29,0.27,0.28,2.24,0.01,-1,4175498,1160095.76
COSG,2008-03-18,0.29,0.29,0.26,0.27,-0.96,0,-1,3645989,990960.41
COSG,2008-03-17,0.29,0.29,0.26,0.27,-2.43,-0.01,-1,6624668,1817956.8
COSG,2008-03-16,0.29,0.29,0.27,0.28,3.61,0.01,-1,6948968,1954318.78
COSG,2008-03-13,0.28,0.28,0.27,0.27,-3,-0.01,-1,2569183,697373.94
COSG,2008-03-12,0.29,0.29,0.27,0.28,0.33,0,-1,4406087,1233041.75
COSG,2008-03-11,0.29,0.29,0.27,0.28,0.02,0,-1,3632594,1013245.3
COSG,2008-03-10,0.3,0.3,0.27,0.28,-1.52,0,-1,9914686,2765125.65
COSG,2008-03-09,0.29,0.29,0.28,0.28,-1.37,-0.01,-1,3304552,935847.92
COSG,2008-03-06,0.29,0.29,0.28,0.29,-2.79,-0.01,-1,3528200,1013004.53
COSG,2008-03-05,0.31,0.31,0.29,0.3,3.31,0.01,-1,9359363,2764087.26
COSG,2008-03-04,0.3,0.3,0.27,0.29,6.24,0.02,-1,8192154,2342065.54
COSG,2008-03-03,0.28,0.28,0.26,0.27,-1.13,0,-1,3788128,1019445.6
COSG,2008-03-02,0.28,0.28,0.27,0.27,0.4,0,-1,3190505,868288.72
COSG,2008-02-28,0.28,0.28,0.26,0.27,-0.1,0,-1,4930553,1336442.95
COSG,2008-02-27,0.28,0.28,0.26,0.27,-0.69,0,-1,4799640,1302327.05
COSG,2008-02-26,0.29,0.29,0.26,0.27,-2.33,-0.01,-1,5264615,1438464.31
COSG,2008-02-25,0.3,0.3,0.27,0.28,-5.78,-0.02,-1,9628239,2693682.15
COSG,2008-02-24,0.32,0.32,0.28,0.3,6.81,0.02,-1,11549039,3428630.85
COSG,2008-02-21,0.31,0.31,0.25,0.28,10.1,0.03,-1,23420480,6509941.06
COSG,2008-02-20,0.26,0.26,0.23,0.25,-3.14,-0.01,-1,9623847,2429833.11
COSG,2008-02-19,0.27,0.27,0.25,0.26,6.2,0.01,-1,10082964,2628000.37
COSG,2008-02-18,0.26,0.26,0.22,0.25,9.79,0.03,-1,22107878,5425727.24
COSG,2008-02-17,0.23,0.23,0.22,0.22,3.23,0,-1,3280257,733258.79
COSG,2008-02-14,0.22,0.22,0.21,0.22,2.05,0.01,-1,2277421,493165.78
COSG,2008-02-13,0.22,0.22,0.21,0.21,0.64,0,-1,1328708,281942.24
COSG,2008-02-12,0.22,0.22,0.21,0.21,-0.93,0,-1,1055819,222651.37
COSG,2008-02-11,0.22,0.22,0.21,0.21,-0.73,0,-1,2570159,547048.46
COSG,2008-02-10,0.22,0.22,0.21,0.21,0.86,0,-1,661995,141949.3
COSG,2008-02-07,0.22,0.22,0.21,0.21,-1.86,-0.01,-1,2012287,427754.73
COSG,2008-02-06,0.22,0.22,0.21,0.22,-3.31,0,-1,615465,133314.5
COSG,2008-02-05,0.23,0.23,0.22,0.22,-1.23,-0.01,-1,3007042,673659.71
COSG,2008-02-04,0.23,0.23,0.22,0.23,1.91,0.01,-1,3436062,779474.3
COSG,2008-02-03,0.23,0.23,0.22,0.22,1.2,0,-1,1595578,355090.55
COSG,2008-01-31,0.22,0.22,0.21,0.22,2.63,0.01,-1,3211763,706444.6
COSG,2008-01-30,0.22,0.22,0.21,0.21,-0.35,-0.01,-1,1275237,273311.37
COSG,2008-01-29,0.22,0.22,0.21,0.22,-0.03,0,-1,1529308,328850.05
COSG,2008-01-28,0.22,0.22,0.21,0.22,2.25,0.01,-1,3435465,738905.3
COSG,2008-01-27,0.21,0.21,0.21,0.21,1.66,0,-1,604402,127151.6
COSG,2008-01-24,0.22,0.22,0.2,0.21,-3,0,-1,2681983,554928.7
COSG,2008-01-23,0.22,0.22,0.21,0.21,2.35,0,-1,4149793,885346.76
COSG,2008-01-22,0.22,0.22,0.2,0.21,-4.06,-0.01,-1,4596003,957898.3
COSG,2008-01-21,0.22,0.22,0.21,0.22,-4.04,-0.01,-1,2012124,437142.69
COSG,2008-01-20,0.23,0.23,0.22,0.23,-0.21,0,-1,1635003,370146.01
COSG,2008-01-17,0.23,0.23,0.22,0.23,-3.19,0,-1,2174274,493302.75
COSG,2008-01-16,0.24,0.24,0.23,0.23,-3.24,-0.01,-1,2464300,577483.31
COSG,2008-01-15,0.25,0.25,0.24,0.24,2.22,0,-1,2675041,647917.28
COSG,2008-01-14,0.24,0.24,0.23,0.24,-5.04,-0.01,-1,3166860,750311.56
COSG,2008-01-13,0.26,0.26,0.24,0.25,0.52,0,-1,5936697,1481380.27
COSG,2008-01-10,0.27,0.27,0.24,0.25,-2.33,0,-1,5021390,1246406.79
COSG,2008-01-08,0.27,0.27,0.24,0.25,7.65,0.01,-1,6421682,1631990.15
COSG,2008-01-06,0.24,0.24,0.23,0.24,3.88,0.01,-1,6876570,1623200.12
COSG,2008-01-03,0.23,0.23,0.22,0.23,-0.31,0,-1,2169231,492982.67
COSG,2008-01-02,0.23,0.23,0.22,0.23,6.8,0.02,-1,3378794,770235.16
COSG,2007-12-31,0.22,0.22,0.21,0.21,-2.12,-0.01,-1,1328708,283571.06
COSG,2007-12-30,0.22,0.22,0.22,0.22,-1.15,0,-1,1747153,380934.9
COSG,2007-12-27,0.22,0.22,0.22,0.22,-1.28,0,-1,1370628,302334.56
COSG,2007-12-26,0.23,0.23,0.22,0.22,-2.69,-0.01,-1,955980,213585.54
COSG,2007-12-25,0.23,0.23,0.22,0.23,1.72,0,-1,601582,138128.35
COSG,2007-12-24,0.23,0.23,0.22,0.23,-0.47,0,-1,2264623,511221.76
COSG,2007-12-23,0.23,0.23,0.2,0.23,1.81,0.01,-1,1021274,231663.09
COSG,2007-12-17,0.23,0.23,0.22,0.22,1.84,0,-1,1595578,355432.32
COSG,2007-12-16,0.22,0.22,0.22,0.22,-0.46,0,-1,353313,77291.6
COSG,2007-12-13,0.22,0.22,0.22,0.22,-0.2,0,-1,2704217,594302.22
COSG,2007-12-12,0.22,0.22,0.22,0.22,-0.9,0,-1,120826,26620.1
COSG,2007-12-11,0.22,0.22,0.22,0.22,-4.51,-0.01,-1,2385286,529965.6
COSG,2007-12-10,0.24,0.24,0.22,0.23,1.45,0,-1,3706077,862304.62
COSG,2007-12-09,0.23,0.23,0.22,0.23,4.64,0.01,-1,1214498,278543.19
COSG,2007-12-06,0.23,0.23,0.22,0.22,-1.66,0,-1,4386835,961630.6
COSG,2007-12-05,0.23,0.23,0.22,0.22,-1.66,-0.01,-1,3470010,773466.82
COSG,2007-12-04,0.23,0.23,0.22,0.23,-2.59,0,-1,1335162,302665.9
COSG,2007-12-03,0.24,0.24,0.23,0.23,-1.57,-0.01,-1,571592,133009.3
COSG,2007-12-02,0.24,0.24,0.23,0.24,1.41,0.01,-1,967314,228691.38
COSG,2007-11-29,0.24,0.24,0.23,0.23,-3.34,-0.01,-1,3008018,701155.14
COSG,2007-11-28,0.25,0.25,0.24,0.24,-2.37,-0.01,-1,872410,210381
COSG,2007-11-27,0.25,0.25,0.24,0.25,2.75,0.01,-1,3997567,987465.56
COSG,2007-11-26,0.25,0.25,0.23,0.24,-1.13,0,-1,2256759,542621.72
COSG,2007-11-25,0.24,0.24,0.23,0.24,4.65,0.01,-1,10994041,2673510.2
COSG,2007-11-22,0.23,0.23,0.23,0.23,4.98,0.01,-1,796053,184982.01
COSG,2007-11-21,0.22,0.22,0.22,0.22,4.52,0.01,-1,2323463,514330.61
COSG,2007-11-20,0.22,0.22,0.21,0.21,0.51,0,-1,3650273,773042.55
COSG,2007-11-19,0.22,0.22,0.21,0.21,0.41,0,-1,1479470,311751.91
COSG,2007-11-18,0.22,0.22,0.21,0.21,-4.17,-0.01,-1,5678178,1191367.76
COSG,2007-11-15,0.24,0.24,0.22,0.22,-4.23,-0.01,-1,5815382,1273296.77
COSG,2007-11-14,0.23,0.23,0.21,0.23,4.11,0.01,-1,2684532,613844.91
COSG,2007-11-13,0.23,0.23,0.22,0.22,-1.09,0,-1,1675514,367932.19
COSG,2007-11-12,0.23,0.23,0.22,0.22,-3.32,-0.01,-1,3360030,746080.21
COSG,2007-11-11,0.25,0.25,0.23,0.23,-4.37,-0.01,-1,5195687,1193287.35
COSG,2007-11-08,0.24,0.24,0.24,0.24,-4.82,-0.01,-1,1957243,469994.75
COSG,2007-11-07,0.25,0.25,0.24,0.25,4.52,0.01,-1,1635492,412672.21
COSG,2007-11-06,0.25,0.25,0.24,0.24,-4.04,-0.01,-1,1597313,385593.53
COSG,2007-11-05,0.26,0.26,0.25,0.25,-4.35,-0.01,-1,2141302,538628.39
COSG,2007-11-04,0.27,0.27,0.25,0.26,4.35,0.01,-1,3431832,902565.91
COSG,2007-11-01,0.28,0.28,0.25,0.25,-4.6,-0.01,-1,3582268,902973.62
COSG,2007-10-31,0.28,0.28,0.26,0.26,-3.08,-0.01,-1,10209647,2697585.74
COSG,2007-10-30,0.29,0.29,0.27,0.27,-2.31,-0.01,-1,8614070,2347925.1
COSG,2007-10-29,0.28,0.28,0.27,0.28,4.98,0.01,-1,14775824,4123148.53
COSG,2007-10-28,0.27,0.27,0.25,0.27,4.86,0.02,-1,35354882,9397105.86
COSG,2007-10-25,0.25,0.25,0.25,0.25,4.87,0.01,-1,7198809,1824776.12
COSG,2007-10-24,0.25,0.25,0.23,0.24,3.86,0.01,-1,8324640,2012437.21
COSG,2007-10-23,0.24,0.24,0.22,0.23,3.81,0.01,-1,4965857,1155792.84
COSG,2007-10-22,0.23,0.23,0.22,0.22,1.41,0,-1,2327259,521734.12
COSG,2007-10-18,0.22,0.22,0.22,0.22,-1.25,0,-1,1827414,403974.36
COSG,2007-10-17,0.23,0.23,0.22,0.22,-1.54,-0.01,-1,1506151,337174.7
COSG,2007-10-16,0.23,0.23,0.22,0.23,1.56,0.01,-1,1579634,359188.4
COSG,2007-10-11,0.23,0.23,0.22,0.22,1.34,0,-1,1802522,403500.35
COSG,2007-10-10,0.22,0.22,0.22,0.22,0.29,0,-1,2407250,531793.81
COSG,2007-10-09,0.23,0.23,0.22,0.22,-0.78,0,-1,1571608,346160.17
COSG,2007-10-08,0.22,0.22,0.22,0.22,0.19,0,-1,390190,86595.48
COSG,2007-10-04,0.23,0.23,0.22,0.22,-0.87,0,-1,1611359,356969.1
COSG,2007-10-03,0.23,0.23,0.22,0.22,-1.93,-0.01,-1,872519,194989.72
COSG,2007-10-02,0.24,0.24,0.22,0.23,-3.04,-0.01,-1,2323463,529487.49
COSG,2007-10-01,0.24,0.24,0.23,0.24,1.58,0.01,-1,1313252,308653.24
COSG,2007-09-30,0.24,0.24,0.22,0.23,3.39,0.01,-1,7180045,1661531.76
COSG,2007-09-27,0.23,0.23,0.22,0.22,0.92,0,-1,4296162,961588.85
COSG,2007-09-26,0.22,0.22,0.22,0.22,-3.37,-0.01,-1,895242,198539.94
COSG,2007-09-25,0.23,0.23,0.22,0.23,2.97,0.01,-1,2853298,654828.89
COSG,2007-09-24,0.23,0.23,0.22,0.22,0.24,0,-1,1992547,444118.25
COSG,2007-09-23,0.23,0.23,0.22,0.22,-0.98,0,-1,1773943,394453.25
COSG,2007-09-20,0.23,0.23,0.22,0.22,-1.3,-0.01,-1,1897752,426141.7
COSG,2007-09-19,0.23,0.23,0.23,0.23,-4.71,-0.01,-1,4297409,977844.91
COSG,2007-09-18,0.24,0.24,0.23,0.24,4.74,0.01,-1,5410007,1291750.05
COSG,2007-09-17,0.23,0.23,0.23,0.23,-4.25,-0.01,-1,5256372,1198359.01
COSG,2007-09-16,0.26,0.26,0.24,0.24,-3.84,-0.01,-1,6620275,1575931.99
COSG,2007-09-13,0.27,0.27,0.24,0.25,-3.6,-0.01,-1,4528161,1121105.38
COSG,2007-09-12,0.26,0.26,0.25,0.26,4.48,0.01,-1,4116332,1057255.28
COSG,2007-09-11,0.25,0.25,0.23,0.25,3.04,0.01,-1,23315272,5730846.32
COSG,2007-09-10,0.24,0.24,0.24,0.24,4.99,0.01,-1,246208,58732.64
COSG,2007-09-09,0.23,0.23,0.23,0.23,5,0.01,-1,1573343,357477.25
COSG,2007-09-06,0.22,0.22,0.2,0.22,4.01,0.01,-1,4394753,951019.87
COSG,2007-09-05,0.22,0.22,0.21,0.21,-4.28,-0.01,-1,2619346,544929.84
COSG,2007-09-04,0.23,0.23,0.21,0.22,-0.93,0,-1,4153426,902775.65
COSG,2007-09-03,0.22,0.22,0.21,0.22,4.97,0.01,-1,4951649,1086348.68
COSG,2007-09-02,0.21,0.21,0.19,0.21,4.63,0.01,-1,3549783,741910.69
COSG,2007-08-30,0.21,0.21,0.19,0.2,-1.46,0,-1,2100629,419658.72
COSG,2007-08-29,0.22,0.22,0.2,0.2,-4.31,-0.01,-1,3139853,636625.51
COSG,2007-08-28,0.22,0.22,0.21,0.21,-1.43,-0.01,-1,2686104,569071.92
COSG,2007-08-27,0.22,0.22,0.2,0.22,4.41,0.01,-1,4371217,939556.69
COSG,2007-08-26,0.21,0.21,0.2,0.21,-1.49,0,-1,1621608,333831.56
COSG,2007-08-23,0.22,0.22,0.21,0.21,-3.72,-0.01,-1,2348247,490678.85
COSG,2007-08-22,0.22,0.22,0.2,0.22,4.45,0.01,-1,5454205,1183858.65
COSG,2007-08-21,0.21,0.21,0.2,0.21,-3.23,-0.01,-1,1513689,314544.69
COSG,2007-08-20,0.23,0.23,0.21,0.22,-4.52,0,-1,1737988,373150.14
COSG,2007-08-19,0.22,0.22,0.22,0.22,4.97,0.01,-1,2156595,484992.11
COSG,2007-08-16,0.23,0.23,0.21,0.21,-4.35,-0.01,-1,3247610,695697.31
COSG,2007-08-15,0.23,0.23,0.22,0.22,-3.94,-0.01,-1,2600420,582411.15
COSG,2007-08-14,0.24,0.24,0.23,0.23,1.03,0,-1,4076310,950561.23
COSG,2007-08-13,0.24,0.24,0.23,0.23,-3.07,-0.01,-1,2292877,529197.69
COSG,2007-08-12,0.26,0.26,0.24,0.24,-3.95,-0.01,-1,5190481,1235986
COSG,2007-08-09,0.26,0.26,0.25,0.25,-4.69,-0.01,-1,1417158,351308.36
COSG,2007-08-08,0.27,0.27,0.25,0.26,1.68,0,-1,1653767,430149.65
COSG,2007-08-07,0.26,0.26,0.25,0.26,4.8,0.02,-1,7697515,1969171.7
COSG,2007-08-06,0.26,0.26,0.24,0.24,-3.98,-0.01,-1,3000263,732259.03
COSG,2007-08-05,0.26,0.26,0.24,0.25,3.32,0,-1,3773268,959187.94
COSG,2007-08-02,0.26,0.26,0.24,0.25,0.95,0.01,-1,1321441,325103.38
COSG,2007-08-01,0.25,0.25,0.23,0.24,3.42,0,-1,3364477,819937.37
COSG,2007-07-31,0.24,0.24,0.23,0.24,-2.23,0,-1,944808,222667.1
COSG,2007-07-30,0.24,0.24,0.24,0.24,2.63,0.01,-1,1958165,471957.69
COSG,2007-07-29,0.25,0.25,0.23,0.23,-0.84,-0.01,-1,1379631,324015.27
COSG,2007-07-26,0.24,0.24,0.24,0.24,-4.61,-0.01,-1,1774593,420306.3
COSG,2007-07-25,0.25,0.25,0.24,0.25,3.96,0.01,-1,1627086,404031
COSG,2007-07-24,0.25,0.25,0.23,0.24,-2.87,-0.01,-1,2113536,504757.49
COSG,2007-07-22,0.25,0.25,0.25,0.25,-4.47,-0.01,-1,2198570,540522.11
COSG,2007-07-19,0.28,0.28,0.25,0.26,-2.72,-0.01,-1,6672283,1717276.32
COSG,2007-07-18,0.27,0.27,0.25,0.27,2.99,0.01,-1,2679163,708874.05
COSG,2007-07-17,0.26,0.26,0.26,0.26,-4.5,-0.01,-1,2263538,581502.39
COSG,2007-07-16,0.28,0.28,0.25,0.27,0.97,0,-1,5840437,1570919.59
COSG,2007-07-15,0.27,0.27,0.27,0.27,4.98,0.02,-1,264050,70346.8
COSG,2007-07-12,0.25,0.25,0.25,0.25,4.98,0.01,-1,1103271,279978.27
COSG,2007-07-11,0.25,0.25,0.22,0.24,3.24,0.01,-1,6974836,1685942.62
COSG,2007-07-10,0.24,0.24,0.23,0.23,-4.77,-0.02,-1,2251065,527086.87
COSG,2007-07-09,0.25,0.25,0.25,0.25,-4.99,-0.01,-1,102225,25146
COSG,2007-07-08,0.28,0.28,0.26,0.26,-4.2,-0.01,-1,1724918,446367.22
COSG,2007-07-05,0.29,0.29,0.27,0.27,-4.92,-0.01,-1,4248981,1147645.79
COSG,2007-07-04,0.31,0.31,0.28,0.28,-2.6,-0.01,-1,1703117,483845.47
COSG,2007-07-03,0.29,0.29,0.28,0.29,4.69,0.01,-1,4206572,1226930.19
COSG,2007-07-02,0.28,0.28,0.28,0.28,-4.66,-0.01,-1,1871558,521495.19
COSG,2007-06-28,0.29,0.29,0.29,0.29,-4.98,-0.02,-1,419529,122591.54
COSG,2007-06-27,0.31,0.31,0.31,0.31,-4.98,-0.01,-1,2450580,753676.82
COSG,2007-06-26,0.34,0.34,0.32,0.32,-3.57,-0.02,-1,3178357,1028721.77
COSG,2007-06-25,0.34,0.34,0.32,0.34,0.99,0.01,-1,4088729,1372405.61
COSG,2007-06-24,0.34,0.34,0.32,0.33,2.79,0.01,-1,2225848,739875.98
COSG,2007-06-21,0.35,0.35,0.31,0.32,-2.13,-0.01,-1,10267186,3319882.14
COSG,2007-06-20,0.33,0.33,0.33,0.33,-4.99,-0.02,-1,363563,120115.2
COSG,2007-06-19,0.35,0.35,0.35,0.35,-4.99,-0.02,-1,74459,25868
COSG,2007-06-18,0.37,0.37,0.37,0.37,-5,-0.02,-1,18601,6807
COSG,2007-06-17,0.39,0.39,0.37,0.39,4.45,0.02,-1,3620609,1395063.73
COSG,2007-06-14,0.37,0.37,0.34,0.37,3.44,0.01,-1,16961270,6257481.92
COSG,2007-06-13,0.36,0.36,0.36,0.36,-5,-0.02,-1,176955,63136.64
COSG,2007-06-12,0.4,0.4,0.36,0.38,-1.98,0,-1,10076023,3782587.52
COSG,2007-06-11,0.39,0.39,0.38,0.38,-4.96,-0.02,-1,4949642,1895684.55
COSG,2007-06-10,0.4,0.4,0.4,0.4,-4.97,-0.02,-1,1480880,596802.88
COSG,2007-06-07,0.43,0.43,0.42,0.42,-4.82,-0.03,-1,1045895,443525.74
COSG,2007-06-06,0.47,0.47,0.43,0.45,-0.53,0,-1,14103905,6283958.04
COSG,2007-06-05,0.45,0.45,0.45,0.45,4.99,0.02,-1,21135358,9466491.53
COSG,2007-06-04,0.43,0.43,0.43,0.43,4.99,0.02,-1,2590333,1105066.9
COSG,2007-06-03,0.41,0.41,0.41,0.41,4.99,0.02,-1,5625141,2285690
COSG,2007-05-31,0.39,0.39,0.39,0.39,4.99,0.02,-1,14899470,5766447.31
COSG,2007-05-30,0.37,0.37,0.36,0.37,4.98,0.02,-1,4390632,1618456.26
COSG,2007-05-29,0.38,0.38,0.34,0.35,-2.54,-0.01,-1,5746130,2017850.38
COSG,2007-05-28,0.36,0.36,0.36,0.36,-4.95,-0.02,-1,805490,290259.34
COSG,2007-05-27,0.39,0.39,0.36,0.38,0.97,0,-1,714165,270746.22
COSG,2007-05-24,0.41,0.41,0.37,0.38,-2.6,-0.01,-1,7865360,2952602.8
COSG,2007-05-23,0.4,0.4,0.38,0.39,-3.75,-0.01,-1,576798,222330.28
COSG,2007-05-22,0.4,0.4,0.36,0.4,4.74,0.02,-1,4499147,1801618.18
COSG,2007-05-21,0.38,0.38,0.38,0.38,4.99,0.01,-1,1097468,419573.18
COSG,2007-05-20,0.37,0.37,0.37,0.37,4.99,0.02,-1,638296,232448.43
COSG,2007-05-17,0.35,0.35,0.35,0.35,4.98,0.02,-1,2828026,980741
COSG,2007-05-16,0.33,0.33,0.33,0.33,4.99,0.01,-1,158028,52215.5
COSG,2007-05-15,0.32,0.32,0.32,0.32,4.99,0.02,-1,5276112,1660104.23
COSG,2007-05-14,0.3,0.3,0.3,0.3,4.99,0.01,-1,1411790,423102.16
COSG,2007-05-13,0.29,0.29,0.29,0.29,4.98,0.02,-1,3169517,904695.52
COSG,2007-05-10,0.27,0.27,0.27,0.27,4.94,0.01,-1,973822,264795.76
COSG,2007-05-09,0.26,0.26,0.26,0.26,4.99,0.01,-1,1375997,356514
COSG,2007-05-08,0.25,0.25,0.25,0.25,4.99,0.01,-1,1668898,411862.75
COSG,2007-05-07,0.24,0.24,0.24,0.24,5,0.02,-1,195285,45895.5
COSG,2007-05-06,0.22,0.22,0.22,0.22,4.99,0.01,-1,1170951,262137.61
COSG,2007-05-03,0.21,0.21,0.21,0.21,4.65,0.01,-1,111498,23790
COSG,2007-05-02,0.2,0.2,0.2,0.2,4.99,0.01,-1,758688,154591.2
COSG,2007-04-30,0.19,0.19,0.19,0.19,0,0,-1,795891,154465.2
COSG,2007-04-29,0.19,0.19,0.19,0.19,4.97,0.01,-1,65131,12631.5
COSG,2007-04-26,0.18,0.18,0.18,0.18,0,0,-1,7430,1375.2
COSG,2007-04-24,0.19,0.19,0.18,0.18,0,0,-1,1864183,344702.25
COSG,2007-04-23,0.19,0.19,0.18,0.18,0.06,0,-1,35731515,6605252.5
COSG,2007-04-22,0.19,0.19,0.18,0.18,0,0,-1,9328,1803.5
COSG,2007-04-19,0.18,0.18,0.18,0.18,4.98,0,-1,27929,5154
COSG,2007-04-18,0.18,0.18,0.18,0.18,4.97,0.01,-1,37202,6546
COSG,2007-04-16,0.17,0.17,0.17,0.17,4.98,0.01,-1,18601,3118
COSG,2007-04-10,0.16,0.16,0.16,0.16,0,0,-1,18601,2970
COSG,2007-04-03,0.16,0.16,0.16,0.16,0,0,-1,9328,1485
COSG,2007-04-02,0.16,0.16,0.16,0.16,0,0,-1,9328,1485
COSG,2007-03-28,0.16,0.16,0.16,0.16,-0.87,0,-1,55858,8910
COSG,2007-03-27,0.16,0.16,0.16,0.16,0.88,0,-1,142410,22950
COSG,2007-03-26,0.16,0.16,0.16,0.16,0,0,-1,8352,1336.5
COSG,2007-03-21,0.16,0.16,0.16,0.16,0,0,-1,93873,14998.5
COSG,2007-03-14,0.16,0.16,0.16,0.16,-0.2,0,-1,230589,36828
COSG,2007-03-13,0.16,0.16,0.16,0.16,4.97,0.01,-1,18601,2976
COSG,2007-03-12,0.15,0.15,0.15,0.15,0,0,-1,18601,2835
COSG,2007-03-08,0.15,0.15,0.15,0.15,5,0,-1,29827,4536
COSG,2007-03-04,0.15,0.15,0.15,0.15,4.33,0.01,-1,31996,4644
COSG,2007-02-28,0.15,0.15,0.13,0.14,-1.93,0,-1,96693,13460
COSG,2007-02-18,0.14,0.14,0.14,0.14,0,0,-1,184873,26231.66
COSG,2007-02-15,0.14,0.14,0.14,0.14,-4.97,-0.01,-1,37202,5278
COSG,2007-01-31,0.15,0.15,0.15,0.15,-4.99,-0.01,-1,18601,2777
COSG,2007-01-30,0.16,0.16,0.16,0.16,0,0,-1,46530,7307.5
COSG,2007-01-28,0.16,0.16,0.16,0.16,-4.97,-0.01,-1,18601,2923
COSG,2007-01-23,0.17,0.17,0.17,0.17,0,0,-1,185957,30760
COSG,2007-01-22,0.17,0.17,0.17,0.17,0,0,-1,929787,153800
COSG,2007-01-10,0.17,0.17,0.17,0.17,4.98,0.01,-1,483413,79976
COSG,2007-01-09,0.16,0.16,0.15,0.16,4.64,0.01,-1,502068,79100
COSG,2007-01-08,0.15,0.15,0.15,0.15,0,0,-1,111498,16801
COSG,2007-01-03,0.15,0.15,0.15,0.15,3.7,0,-1,18601,2800
COSG,2006-12-28,0.15,0.15,0.15,0.15,4.49,0.01,-1,326632,47439
COSG,2006-12-27,0.14,0.14,0.14,0.14,4.74,0.01,-1,120826,16795
COSG,2006-12-26,0.13,0.13,0.13,0.13,1.31,0,-1,92897,12335
COSG,2006-12-25,0.13,0.13,0.13,0.13,3.62,0,-1,343986,45054.5
COSG,2006-12-24,0.13,0.13,0.13,0.13,-0.42,0,-1,278529,35203
COSG,2006-12-21,0.13,0.13,0.13,0.13,-4.26,0,-1,160252,20344.7
COSG,2006-12-20,0.13,0.13,0.13,0.13,4.4,0,-1,251088,33278.5
COSG,2006-12-19,0.13,0.13,0.13,0.13,0,0,-1,129991,16503.39
COSG,2006-12-18,0.13,0.13,0.13,0.13,-4.84,0,-1,104123,13222
COSG,2006-12-14,0.14,0.14,0.13,0.13,-2.97,-0.01,-1,74133,9899.1
COSG,2006-12-13,0.14,0.14,0.14,0.14,4.88,0.01,-1,42734,5881.1
COSG,2006-12-12,0.14,0.14,0.13,0.13,-1.22,0,-1,521266,68331.4
COSG,2006-12-11,0.13,0.13,0.13,0.13,4.75,0,-1,174298,23126.75
COSG,2006-12-10,0.13,0.13,0.13,0.13,-5,0,-1,708525,89763.6
COSG,2006-12-07,0.13,0.13,0.13,0.13,0,0,-1,9328,1178
COSG,2006-12-06,0.14,0.14,0.13,0.13,1.72,0,-1,56780,7562.7
COSG,2006-12-05,0.13,0.13,0.13,0.13,2.18,0,-1,520670,68251.8
COSG,2006-12-04,0.13,0.13,0.12,0.13,4.83,0.01,-1,343986,44145.5
COSG,2006-12-03,0.12,0.12,0.12,0.12,4.98,0,-1,72073,8830.88
COSG,2006-11-30,0.12,0.12,0.11,0.12,4.28,0.01,-1,278855,32525
COSG,2006-11-29,0.11,0.11,0.11,0.11,-4.72,-0.01,-1,202660,22661.4
COSG,2006-11-28,0.12,0.12,0.12,0.12,-4.97,0,-1,65131,7637
COSG,2006-11-27,0.13,0.13,0.12,0.12,0.92,0,-1,130100,16075
COSG,2006-11-22,0.12,0.12,0.12,0.12,-0.31,0,-1,111498,13648.1
COSG,2006-11-20,0.13,0.13,0.12,0.12,-4.96,-0.01,-1,3072498,376980.63
COSG,2006-11-19,0.14,0.14,0.13,0.13,-3.73,0,-1,371915,48021
COSG,2006-11-16,0.13,0.13,0.13,0.13,4.97,0,-1,788461,105740.85
COSG,2006-11-15,0.13,0.13,0.13,0.13,4.99,0.01,-1,1632617,208612.8
COSG,2006-11-14,0.12,0.12,0.12,0.12,4.96,0,-1,223160,27156
COSG,2006-11-13,0.12,0.12,0.12,0.12,4.97,0.01,-1,510420,59182.2
COSG,2006-11-12,0.11,0.11,0.11,0.11,4.96,0,-1,1655015,182806
COSG,2006-11-09,0.11,0.11,0.11,0.11,4.99,0.01,-1,717798,75540.2
COSG,2006-11-08,0.1,0.1,0.1,0.1,1.19,0,-1,135794,13608.7
COSG,2006-11-07,0.1,0.1,0.1,0.1,2.33,0,-1,164536,16301
COSG,2006-11-05,0.1,0.1,0.1,0.1,0.56,0,-1,36280,3510
COSG,2006-11-02,0.1,0.1,0.1,0.1,-0.06,0,-1,182161,17542
COSG,2006-11-01,0.1,0.1,0.1,0.1,0.67,0,-1,74459,7163.1
COSG,2006-10-31,0.1,0.1,0.09,0.1,1.66,0.01,-1,65131,6225
COSG,2006-10-29,0.09,0.09,0.09,0.09,0.4,0,-1,25055,2362.5
COSG,2006-10-22,0.09,0.09,0.09,0.09,-2.63,-0.01,-1,88342,8280
COSG,2006-10-19,0.1,0.1,0.1,0.1,4.99,0.01,-1,109763,10561
COSG,2006-10-18,0.1,0.1,0.09,0.09,-3.94,-0.01,-1,18601,1705.25
COSG,2006-10-17,0.1,0.1,0.09,0.1,-1.72,0,-1,62311,5946
COSG,2006-10-16,0.1,0.1,0.1,0.1,1.18,0,-1,7473542,725850
COSG,2006-10-15,0.1,0.1,0.1,0.1,5,0.01,-1,58515,5622.75
COSG,2006-10-12,0.09,0.09,0.09,0.09,0,0,-1,92897,8500
COSG,2006-10-11,0.09,0.09,0.09,0.09,2.53,0,-1,75218,6885
COSG,2006-10-10,0.09,0.09,0.09,0.09,-2.13,0,-1,202660,18069.5
COSG,2006-10-08,0.09,0.09,0.09,0.09,4.96,0,-1,128364,11688.6
COSG,2006-10-01,0.09,0.09,0.09,0.09,4.94,0.01,-1,30749,2663.1
COSG,2006-09-27,0.08,0.08,0.08,0.08,4.98,0,-1,426796,35297.1
COSG,2006-09-19,0.08,0.08,0.08,0.08,2.81,0,-1,185957,14650
COSG,2006-07-04,0.08,0.08,0.08,0.08,-2.73,0,-1,18601,1425
COSG,2006-04-06,0.08,0.08,0.08,0.08,0,0,-1,12148,926.25
COSG,2006-03-06,0.08,0.08,0.08,0.08,-3.24,0,-1,30749,2417.25
COSG,2006-01-30,0.08,0.08,0.08,0.08,0.93,0,-1,100490,8175
COSG,2006-01-24,0.08,0.08,0.08,0.08,0,0,-1,9328,787.5
COSG,2006-01-19,0.08,0.08,0.08,0.08,-2.91,0,-1,18601,1500
COSG,2005-12-20,0.08,0.08,0.08,0.08,0,0,-1,12148,1004.25
COSG,2005-12-19,0.08,0.08,0.08,0.08,0,0,-1,18601,1545
COSG,2005-12-18,0.08,0.08,0.08,0.08,0,0,-1,6453,525
COSG,2005-11-27,0.08,0.08,0.08,0.08,1.51,0,-1,18601,1545
COSG,2005-11-21,0.08,0.08,0.08,0.08,4.97,0,-1,18601,1522
COSG,2005-11-14,0.08,0.08,0.08,0.08,0,0,-1,17679,1377.5
COSG,2005-11-10,0.08,0.08,0.08,0.08,0,0,-1,10250,797.5
COSG,2005-11-07,0.08,0.08,0.08,0.08,4.54,0.01,-1,19577,1522.5
COSG,2005-10-30,0.08,0.08,0.07,0.07,-4.67,-0.01,-1,17679,1383.2
COSG,2005-09-25,0.08,0.08,0.08,0.08,-4.96,0,-1,27929,2182.5
COSG,2005-08-14,0.08,0.08,0.08,0.08,-4.97,-0.01,-1,27929,2296.5
COSG,2005-08-09,0.09,0.09,0.09,0.09,4.61,0.01,-1,65131,5638.5
COSG,2005-08-08,0.08,0.08,0.08,0.08,-4.41,-0.01,-1,18601,1540
COSG,2005-08-04,0.09,0.09,0.09,0.09,0,0,-1,325385,28192.5
COSG,2005-08-02,0.09,0.09,0.09,0.09,0,0,-1,604402,52357.5
COSG,2005-06-27,0.09,0.09,0.09,0.09,0,0,-1,9328,805.5
COSG,2005-06-21,0.09,0.09,0.09,0.09,0,0,-1,83732,7249.5
COSG,2005-06-14,0.09,0.09,0.09,0.09,-0.25,0,-1,92897,8055
COSG,2005-06-13,0.09,0.09,0.09,0.09,0.25,0,-1,139427,12112.5
COSG,2005-05-22,0.07,0.07,0.06,0.07,-3.38,0,-1,130100,9006.7
COSG,2005-05-08,0.07,0.07,0.07,0.07,4.96,0,-1,46530,3330
COSG,2005-04-28,0.07,0.07,0.07,0.07,-4.94,0,-1,46530,3172.5
COSG,2005-03-17,0.07,0.07,0.07,0.07,1.21,0,-1,37202,2670
COSG,2005-03-14,0.07,0.07,0.07,0.07,4.93,0,-1,18601,1319
COSG,2005-02-21,0.07,0.07,0.07,0.07,4.92,0.01,-1,18601,1257
COSG,2005-01-11,0.06,0.06,0.06,0.06,-5,-0.01,-1,18601,1198
COSG,2005-01-02,0.07,0.07,0.07,0.07,0,0,-1,9328,630.5
COSG,2004-12-23,0.07,0.07,0.07,0.07,0.001,0,-1,18601,1261
COSG,2004-12-19,0.07,0.07,0.07,0.07,0,0,-1,18601,1260
COSG,2004-12-12,0.07,0.07,0.07,0.07,0.044,0.01,-1,18601,1260
COSG,2004-12-09,0.06,0.06,0.06,0.06,0.05,0,-1,18601,1207
COSG,2004-12-08,0.06,0.06,0.06,0.06,0.013,0,-1,18601,1150
COSG,2004-10-28,0.07,0.07,0.07,0.07,-0.037,0,-1,18601,1301
COSG,2004-10-25,0.07,0.07,0.07,0.07,0,0,-1,8352,585
COSG,2004-09-19,0.07,0.07,0.07,0.07,0,0,-1,8352,607.5
COSG,2004-09-16,0.07,0.07,0.07,0.07,0.006,0,-1,29827,2160
COSG,2004-09-02,0.07,0.07,0.07,0.07,0.05,0,-1,27929,2013
COSG,2004-09-01,0.07,0.07,0.07,0.07,-0.05,0,-1,18601,1279
COSG,2004-07-05,0.07,0.07,0.07,0.07,4.99,0,-1,18601,1346
COSG,2004-06-29,0.07,0.07,0.07,0.07,0,0,-1,9328,609
COSG,2004-06-16,0.07,0.07,0.07,0.07,0,0,-1,9328,609
COSG,2004-06-08,0.07,0.07,0.07,0.07,-4.97,0,-1,18601,1282
COSG,2004-05-13,0.07,0.07,0.07,0.07,0,0,-1,9328,657.5
COSG,2004-04-04,0.07,0.07,0.07,0.07,-5,-0.01,-1,27929,2023.5
COSG,2004-04-01,0.08,0.08,0.07,0.08,0,0,-1,9328,674.5
COSG,2004-03-18,0.08,0.08,0.07,0.08,0,0,-1,9328,674.5
COSG,2004-02-26,0.08,0.08,0.08,0.08,0.92,0,-1,37202,2840
COSG,2004-02-25,0.08,0.08,0.08,0.08,-6.2,0,-1,18601,1407
