Symbol,Date Range,Open,High,Low,Closed,% Change,Change,Prev. Closed,Volume,Turnover
EGTS,2026-09-07,17.5,17.5,16.8,17.45,3.32,0.56,-1,1724481,29282802
EGTS,2026-09-06,17.15,17.15,16.85,16.89,-0.65,-0.11,-1,3015245,51130236
EGTS,2026-09-03,17.09,17.09,16.61,17,1.13,0.19,-1,381068,6425764.5
EGTS,2026-09-02,17.23,17.23,16.81,16.81,-0.88,-0.15,-1,1423112,24142444
EGTS,2026-09-01,17.25,17.25,16.85,16.96,-1.17,-0.2,-1,728132,12459479
EGTS,2026-08-31,17.65,17.65,16.9,17.16,-1.61,-0.28,-1,2477199,42772320
EGTS,2026-08-30,17.6,17.6,17.05,17.44,2.59,0.44,-1,1321960,22933390
EGTS,2026-08-26,17.4,17.4,16.84,17,1.01,0.17,-1,667482,11446372
EGTS,2026-08-25,17.41,17.41,16.81,16.83,-2.15,-0.37,-1,1236818,21028010
EGTS,2026-08-24,17.65,17.65,17.11,17.2,0,0,-1,1619027,28012662
EGTS,2026-08-23,17.2,17.2,16.17,17.2,2.5,0.42,-1,3184441,53684212
EGTS,2026-08-20,17.6,17.6,16.63,16.78,-4.22,-0.74,-1,2924839,49698956
EGTS,2026-08-19,18.62,18.62,17.16,17.52,-5.09,-0.94,-1,611182,10883295
EGTS,2026-08-18,18.9,18.9,18.26,18.46,-1.76,-0.33,-1,1423888,26391860
EGTS,2026-08-17,19.2,19.2,18.47,18.79,-0.84,-0.16,-1,1370203,25752698
EGTS,2026-08-16,19.7,19.7,18.61,18.95,1.23,0.23,-1,3044445,58464672
EGTS,2026-08-13,19.4,19.4,18.54,18.72,-1.21,-0.23,-1,1641753,30987374.09
EGTS,2026-08-12,20.75,20.75,18.93,18.95,-1.56,-0.3,-1,3525060,69560688
EGTS,2026-08-11,19.7,19.7,18.2,19.25,5.77,1.05,-1,6323005,120017648
EGTS,2026-08-10,18.7,18.7,18.03,18.2,0,0,-1,2594815,47701036
EGTS,2026-08-09,18.66,18.66,17.94,18.2,0.28,0.05,-1,2158692,39489428
EGTS,2026-08-06,18.17,18.17,17.73,18.15,1.74,0.31,-1,2569625,45945604
EGTS,2026-08-05,18,18,17.49,17.84,0.22,0.04,-1,955889,16899694
EGTS,2026-08-04,18.14,18.14,17.41,17.8,2.3,0.4,-1,2036029,36223220
EGTS,2026-08-03,17.84,17.84,17.3,17.4,-0.17,-0.03,-1,616530,10833306
EGTS,2026-08-02,17.83,17.83,17.11,17.43,0.23,0.04,-1,917027,15918590
EGTS,2026-07-30,17.89,17.89,17.15,17.39,-2.19,-0.39,-1,2492383,43603588
EGTS,2026-07-29,18.12,18.12,17.77,17.78,-1.11,-0.2,-1,708774,12673810
EGTS,2026-07-28,18.3,18.3,17.72,17.98,-0.06,-0.01,-1,2568418,46377288
EGTS,2026-07-27,18.01,18.01,17.6,17.99,2.27,0.4,-1,1015065,18106244
EGTS,2026-07-26,18,18,17.41,17.59,-0.06,-0.01,-1,1413276,24792758
EGTS,2026-07-22,17.89,17.89,17.6,17.6,-0.9,-0.16,-1,1427160,25253366
EGTS,2026-07-21,18.32,18.32,17.52,17.76,-0.5,-0.09,-1,1972929,35353084
EGTS,2026-07-20,18.18,18.18,17.6,17.85,-0.67,-0.12,-1,1189322,21175820
EGTS,2026-07-19,18.7,18.7,17.88,17.97,-4.67,-0.88,-1,4629151,83791952
EGTS,2026-07-16,19.73,19.73,18.85,18.85,-0.79,-0.15,-1,2964588,57031560
EGTS,2026-07-15,19.54,19.54,18.1,19,2.59,0.48,-1,3973606,75458608
EGTS,2026-07-14,18.65,18.65,17.88,18.52,1.76,0.32,-1,1074836,19695804
EGTS,2026-07-13,18.52,18.52,18.02,18.2,-0.82,-0.15,-1,940681,17222554
EGTS,2026-07-12,18.9,18.9,18.35,18.35,-0.6,-0.11,-1,1617158,30031254
EGTS,2026-07-09,18.93,18.93,18.2,18.46,0.11,0.02,-1,5389129,100176728
EGTS,2026-07-08,19.58,19.58,18.3,18.44,-3.91,-0.75,-1,2481340,47071916
EGTS,2026-07-07,19.8,19.8,18.64,19.19,3.06,0.57,-1,4647652,89982032
EGTS,2026-07-06,19.31,19.31,18.6,18.62,-3.07,-0.59,-1,2149564,40825892
EGTS,2026-07-05,19.43,19.43,17.8,19.21,8.53,1.51,-1,3924895,73703040
EGTS,2026-07-01,17.85,17.85,17.3,17.7,1.43,0.25,-1,3524544,61890540
EGTS,2026-06-30,17.75,17.75,16.75,17.45,2.77,0.47,-1,2069965,35991000
EGTS,2026-06-29,16.99,16.99,15.1,16.98,4.94,0.8,-1,1488953,24575364
EGTS,2026-06-28,17.2,17.2,16.11,16.18,-5.16,-0.88,-1,2496311,40860176
EGTS,2026-06-25,17.7,17.7,16.7,17.06,-1.95,-0.34,-1,1901813,32949298
EGTS,2026-06-24,17.95,17.95,17.4,17.4,-1.53,-0.27,-1,1244465,21909620
EGTS,2026-06-23,18.65,18.65,17.61,17.67,-3.55,-0.65,-1,1928032,34746140
EGTS,2026-06-22,18.95,18.95,18.12,18.32,-1.13,-0.21,-1,3141750,58389424
EGTS,2026-06-21,19,19,18.3,18.53,1.42,0.26,-1,4784468,89922704
EGTS,2026-06-17,18.47,18.47,17.65,18.27,3.16,0.56,-1,2794044,50602268
EGTS,2026-06-16,18.14,18.14,17.5,17.71,-0.51,-0.09,-1,3012260,53657752
EGTS,2026-06-15,18.95,18.95,17.7,17.8,-3.26,-0.6,-1,2457798,44999680
EGTS,2026-06-14,18.94,18.94,18.32,18.4,2.28,0.41,-1,4209942,78349144
EGTS,2026-06-11,18.88,18.88,17.81,17.99,-1.32,-0.24,-1,4902680,90015696
EGTS,2026-06-10,20.09,20.09,18.21,18.23,-8.39,-1.67,-1,5027115,96035496
EGTS,2026-06-09,20.22,20.22,18.35,19.9,12.94,2.28,-1,9467250,185288192
EGTS,2026-06-08,18.5,18.5,17.25,17.62,0.06,0.01,-1,3176089,57188644
EGTS,2026-06-07,20.39,20.39,17.61,17.61,-11.28,-2.24,-1,5504261,103422616
EGTS,2026-06-04,21.37,21.37,19.66,19.85,-5.48,-1.15,-1,5892676,120745632
EGTS,2026-06-03,22.69,22.69,19.51,21,-3.63,-0.79,-1,4631479,100772984
EGTS,2026-06-02,22.1,22.1,21.22,21.79,2.73,0.58,-1,8758755,190193184
EGTS,2026-06-01,21.49,21.49,19.76,21.21,8.16,1.6,-1,8446869,176781712
EGTS,2026-05-25,20.23,20.23,18.85,19.61,4.14,0.78,-1,9730941,191604336
EGTS,2026-05-24,19.35,19.35,18.31,18.83,1.13,0.21,-1,3422375,64781300
EGTS,2026-05-21,20.13,20.13,18.53,18.62,-5.48,-1.08,-1,4861739,93519848
EGTS,2026-05-20,20.94,20.94,19.34,19.7,-3.9,-0.8,-1,6576254,131225096
EGTS,2026-05-19,20.99,20.99,19.05,20.5,10.75,1.99,-1,13798799,279892384
EGTS,2026-05-18,19,19,16.65,18.51,13.35,2.18,-1,9341068,165987664
EGTS,2026-05-17,17.1,17.1,14.72,16.33,11.93,1.74,-1,11579966,187589104
EGTS,2026-05-14,15.2,15.2,13.61,14.59,7.6,1.03,-1,7080990,102872696
EGTS,2026-05-13,13.81,13.81,13.45,13.56,0,0,-1,2058977,28145496
EGTS,2026-05-12,13.65,13.65,12.9,13.56,4.31,0.56,-1,2507836,33401522
EGTS,2026-05-11,13.69,13.69,12.9,13,-2.33,-0.31,-1,1750383,23155116
EGTS,2026-05-10,13.98,13.98,13.25,13.31,-1.48,-0.2,-1,2732922,37233204
EGTS,2026-05-06,14.1,14.1,13.3,13.51,0.52,0.07,-1,3453614,47608832
EGTS,2026-05-05,13.65,13.65,13.25,13.44,1.43,0.19,-1,6861674,92460144
EGTS,2026-05-04,13.89,13.89,13.21,13.25,-0.45,-0.06,-1,3605099,48901008
EGTS,2026-05-03,13.49,13.49,13,13.31,1.84,0.24,-1,2353263,31091848
EGTS,2026-04-30,13.88,13.88,13,13.07,-2.24,-0.3,-1,2808296,37900676
EGTS,2026-04-29,14.19,14.19,13.3,13.37,-0.3,-0.04,-1,4144290,56537032
EGTS,2026-04-28,13.94,13.94,13.22,13.41,-1.18,-0.16,-1,6396359,86851992
EGTS,2026-04-27,14.5,14.5,13.57,13.57,-1.38,-0.19,-1,4199434,58985416
EGTS,2026-04-26,14.85,14.85,13.76,13.76,-3.44,-0.49,-1,2023660,29121934
EGTS,2026-04-23,15.24,15.24,13,14.25,5.56,0.75,-1,7463778,105619240
EGTS,2026-04-22,14,14,13.45,13.5,-0.74,-0.1,-1,3972146,54459288
EGTS,2026-04-21,15.3,15.3,13.25,13.6,4.37,0.57,-1,15378824,214643376
EGTS,2026-04-20,13.03,13.03,10.5,13.03,19.98,2.17,-1,7112702,84341760
EGTS,2026-04-19,11.24,11.24,10.04,10.86,1.69,0.18,-1,4332377,47252232
EGTS,2026-04-16,11.05,11.05,10.31,10.68,4.2,0.43,-1,5404558,57731184
EGTS,2026-04-15,10.85,10.85,9.63,10.25,11.66,1.07,-1,11905193,119825432
EGTS,2026-04-14,9.18,9.18,7.83,9.18,20,1.53,-1,11273002,97957016
EGTS,2026-04-09,7.74,7.74,7.38,7.65,2.82,0.21,-1,2533763,19223612
EGTS,2026-04-08,7.5,7.5,7.4,7.44,0.54,0.04,-1,346008,2582596
EGTS,2026-04-07,7.5,7.5,7.28,7.4,-0.67,-0.05,-1,1224972,9073140
EGTS,2026-04-06,7.55,7.55,7.43,7.45,0.13,0.01,-1,362738,2720082.5
EGTS,2026-04-05,7.65,7.65,7.36,7.44,0.13,0.01,-1,599747,4512924
EGTS,2026-04-02,7.51,7.51,7.35,7.43,1.08,0.08,-1,444980,3310925.5
EGTS,2026-04-01,7.43,7.43,7.26,7.41,2.07,0.15,-1,867485,6410189
EGTS,2026-03-31,7.42,7.42,7.24,7.26,-0.95,-0.07,-1,486466,3549188.75
EGTS,2026-03-30,7.45,7.45,7.24,7.33,0.41,0.03,-1,206961,1521605.38
EGTS,2026-03-29,7.69,7.69,7.23,7.33,-3.17,-0.24,-1,737289,5494009.5
EGTS,2026-03-26,7.85,7.85,7.41,7.57,0.4,0.03,-1,2029642,15474726
EGTS,2026-03-25,7.78,7.78,7.4,7.54,2.03,0.15,-1,1364940,10422819
EGTS,2026-03-24,7.5,7.5,7.26,7.39,1.09,0.08,-1,768061,5722154
EGTS,2026-03-18,7.34,7.34,7.17,7.31,0.42,0.03,-1,251183,1833799.38
EGTS,2026-03-17,7.3,7.3,7.12,7.17,-0.42,-0.03,-1,780052,5650514
EGTS,2026-03-16,7.24,7.24,7.13,7.15,1.26,0.09,-1,386212,2763575
EGTS,2026-03-15,7.33,7.33,7.05,7.12,-2.33,-0.17,-1,136582,987776.25
EGTS,2026-03-12,7.44,7.44,7.27,7.29,0.41,0.03,-1,288230,2120131.5
EGTS,2026-03-11,7.32,7.32,7.19,7.26,2.38,0.17,-1,960876,6992206
EGTS,2026-03-10,7.2,7.2,7.02,7.13,2.86,0.2,-1,597796,4272563.5
EGTS,2026-03-09,7.19,7.19,6.91,6.99,-1.96,-0.14,-1,1015945,7141456
EGTS,2026-03-08,7.2,7.2,7.12,7.14,-0.7,-0.05,-1,383521,2742899
EGTS,2026-03-05,7.24,7.24,7.12,7.19,0.7,0.05,-1,990934,7124766.5
EGTS,2026-03-04,7.22,7.22,7.07,7.14,0.14,0.01,-1,283947,2029514.75
EGTS,2026-03-03,7.21,7.21,7.03,7.13,-0.7,-0.05,-1,707332,5045810.5
EGTS,2026-03-02,7.25,7.25,7.1,7.18,0.28,0.02,-1,607409,4355651.5
EGTS,2026-03-01,7.23,7.23,6.68,7.16,-3.63,-0.27,-1,782285,5491743.5
EGTS,2026-02-26,7.6,7.6,7.35,7.43,-2.65,-0.2,-1,305951,2294990.5
EGTS,2026-02-25,7.66,7.66,7.48,7.55,-0.13,-0.01,-1,392433,2960485.5
EGTS,2026-02-24,7.69,7.69,7.53,7.56,-1.69,-0.13,-1,2242422,17082718
EGTS,2026-02-23,7.75,7.75,7.61,7.69,1.05,0.08,-1,562812,4328539.5
EGTS,2026-02-22,7.78,7.78,7.53,7.61,0.92,0.07,-1,8988635,68924544
EGTS,2026-02-19,7.87,7.87,7.63,7.64,-1.8,-0.14,-1,452310,3471507.5
EGTS,2026-02-18,7.82,7.82,7.71,7.78,0.91,0.07,-1,342796,2664194.75
EGTS,2026-02-17,7.87,7.87,7.7,7.71,-1.03,-0.08,-1,938379,7298228
EGTS,2026-02-16,7.96,7.96,7.75,7.78,-1.52,-0.12,-1,964480,7587390
EGTS,2026-02-15,7.98,7.98,7.88,7.9,0.38,0.03,-1,287239,2278530.75
EGTS,2026-02-12,7.95,7.95,7.78,7.86,0.51,0.04,-1,2537100,20030381.08
EGTS,2026-02-11,7.99,7.99,7.81,7.82,-0.89,-0.07,-1,878512,6926516.5
EGTS,2026-02-10,8.03,8.03,7.87,7.89,-0.38,-0.03,-1,2407297,19095694
EGTS,2026-02-09,8,8,7.9,7.92,-0.25,-0.02,-1,723669,5737437
EGTS,2026-02-08,8.06,8.06,7.93,7.94,0,0,-1,785012,6278908.5
EGTS,2026-02-05,8.18,8.18,7.9,7.94,-1.12,-0.09,-1,3590972,28817306
EGTS,2026-02-04,8.2,8.2,7.62,8.03,4.56,0.35,-1,4664365,36887048
EGTS,2026-02-03,7.77,7.77,7.53,7.68,2.4,0.18,-1,851835,6508537.5
EGTS,2026-02-02,7.64,7.64,7.5,7.5,0.4,0.03,-1,462263,3483781.75
EGTS,2026-02-01,7.68,7.68,7.3,7.47,-0.91,-0.07,-1,3797042,28471610
EGTS,2026-01-28,7.7,7.7,7.26,7.7,0.52,0.04,-1,959364,7196957
EGTS,2026-01-27,7.71,7.71,7.62,7.65,0,0,-1,401853,3076944
EGTS,2026-01-26,7.85,7.85,7.61,7.65,-1.92,-0.15,-1,609256,4681658
EGTS,2026-01-25,7.83,7.83,7.62,7.8,1.04,0.08,-1,693773,5363231
EGTS,2026-01-22,7.77,7.77,7.62,7.71,1.31,0.1,-1,374376,2878516
EGTS,2026-01-21,7.79,7.79,7.6,7.61,-0.65,-0.05,-1,252473,1937450.13
EGTS,2026-01-20,7.85,7.85,7.65,7.66,-1.79,-0.14,-1,601298,4662053.5
EGTS,2026-01-19,7.82,7.82,7.65,7.8,1.56,0.12,-1,665007,5162783.5
EGTS,2026-01-18,7.7,7.7,7.52,7.68,1.86,0.14,-1,587376,4477136.5
EGTS,2026-01-15,7.67,7.67,7.51,7.54,-0.53,-0.04,-1,389483,2954698.25
EGTS,2026-01-14,7.77,7.77,7.51,7.58,-2.45,-0.19,-1,808103,6185369.5
EGTS,2026-01-13,7.92,7.92,7.74,7.77,-1.4,-0.11,-1,1166914,9091873
EGTS,2026-01-12,8.09,8.09,7.85,7.88,-2.11,-0.17,-1,1060828,8466541
EGTS,2026-01-11,8.14,8.14,8.01,8.05,0.25,0.02,-1,433134,3492001
EGTS,2026-01-08,8.2,8.2,8.02,8.03,-1.11,-0.09,-1,486338,3930609
EGTS,2026-01-06,8.14,8.14,8.05,8.12,0.87,0.07,-1,504532,4085501
EGTS,2026-01-05,8.24,8.24,8.02,8.03,-2.07,-0.17,-1,1416244,11502097.89
EGTS,2026-01-04,8.27,8.27,8.16,8.2,0.61,0.05,-1,680783,5585504.5
EGTS,2025-12-31,8.25,8.25,8.15,8.15,-0.24,-0.02,-1,1033848,8477489
EGTS,2025-12-30,8.35,8.35,8.16,8.17,-0.73,-0.06,-1,1669806,13772203
EGTS,2025-12-29,8.4,8.4,8.2,8.23,-1.44,-0.12,-1,3783213,31196916
EGTS,2025-12-28,8.56,8.56,8.2,8.35,1.21,0.1,-1,4723257,39680044
EGTS,2025-12-25,8.42,8.42,8.25,8.25,-1.43,-0.12,-1,3123646,25861446
EGTS,2025-12-24,8.44,8.44,8.3,8.37,1.95,0.16,-1,3156792,26413500
EGTS,2025-12-23,8.26,8.26,8.06,8.21,1.36,0.11,-1,3525338,28883974
EGTS,2025-12-22,8.25,8.25,8,8.1,1.5,0.12,-1,22213108,179023840
EGTS,2025-12-21,8.09,8.09,7.96,7.98,0.25,0.02,-1,747888,5984097
EGTS,2025-12-18,8.1,8.1,7.95,7.96,-0.5,-0.04,-1,679397,5445661
EGTS,2025-12-17,8.17,8.17,8,8,-0.5,-0.04,-1,1233727,9952869
EGTS,2025-12-16,8.2,8.2,8.03,8.04,0.37,0.03,-1,727838,5919282
EGTS,2025-12-15,8.23,8.23,8,8.01,0.13,0.01,-1,2430427,19728854
EGTS,2025-12-14,8.06,8.06,7.9,8,0.88,0.07,-1,1085642,8678384
EGTS,2025-12-11,7.95,7.95,7.89,7.93,0.51,0.04,-1,854308,6763318
EGTS,2025-12-10,7.97,7.97,7.87,7.89,-0.13,-0.01,-1,515887,4078484.5
EGTS,2025-12-09,8.09,8.09,7.84,7.9,-1.37,-0.11,-1,1334724,10613215
EGTS,2025-12-08,8.13,8.13,7.98,8.01,-0.74,-0.06,-1,979620,7896764
EGTS,2025-12-07,8.13,8.13,7.93,8.07,2.15,0.17,-1,1107746,8886682
EGTS,2025-12-04,8.1,8.1,7.87,7.9,-1.37,-0.11,-1,580857,4639737.5
EGTS,2025-12-03,8.07,8.07,7.81,8.01,1.78,0.14,-1,1501172,11952474
EGTS,2025-12-02,8.14,8.14,7.55,7.87,3.42,0.26,-1,3425159,26977280
EGTS,2025-12-01,7.84,7.84,7.6,7.61,-1.93,-0.15,-1,1419982,10958193
EGTS,2025-11-30,7.89,7.89,7.73,7.76,-0.26,-0.02,-1,1152233,8997211
EGTS,2025-11-27,7.98,7.98,7.73,7.78,-1.27,-0.1,-1,1287728,10091941
EGTS,2025-11-26,8.08,8.08,7.86,7.88,-0.25,-0.02,-1,1795430,14280341
EGTS,2025-11-25,8.05,8.05,7.8,7.9,-1.25,-0.1,-1,1427193,11307002
EGTS,2025-11-24,8.17,8.17,7.99,8,-1.36,-0.11,-1,1419276,11433747
EGTS,2025-11-23,8.24,8.24,8.1,8.11,-1.46,-0.12,-1,577744,4713537.5
EGTS,2025-11-20,8.23,8.23,8.11,8.23,1.86,0.15,-1,1649839,13486573
EGTS,2025-11-19,8.21,8.21,8,8.08,-0.62,-0.05,-1,2112411,17168138
EGTS,2025-11-18,8.24,8.24,8.1,8.13,0,0,-1,2099658,17189976
EGTS,2025-11-17,8.3,8.3,8.11,8.13,-1.09,-0.09,-1,807370,6623604
EGTS,2025-11-16,8.4,8.4,8.18,8.22,-1.08,-0.09,-1,1010885,8359162
EGTS,2025-11-13,8.35,8.35,8.15,8.31,2.21,0.18,-1,1832643,15140678
EGTS,2025-11-12,8.29,8.29,8.07,8.13,0,0,-1,1654904,13487150
EGTS,2025-11-11,8.45,8.45,8.11,8.13,-3.44,-0.29,-1,4083797,34034676
EGTS,2025-11-10,8.68,8.68,8.25,8.42,-2.21,-0.19,-1,2560153,21535096
EGTS,2025-11-09,8.9,8.9,8.55,8.61,-1.37,-0.12,-1,2747472,23998040
EGTS,2025-11-06,9,9,8.73,8.73,-1.69,-0.15,-1,3163878,28009494
EGTS,2025-11-05,9.32,9.32,8.87,8.88,-3.37,-0.31,-1,2986722,27003614
EGTS,2025-11-04,9.41,9.41,9.07,9.19,2.45,0.22,-1,6494607,60219116
EGTS,2025-11-03,9.11,9.11,8.8,8.97,2.16,0.19,-1,3836294,34496696
EGTS,2025-11-02,8.88,8.88,8.67,8.78,-0.34,-0.03,-1,796898,6981659.5
EGTS,2025-10-30,8.92,8.92,8.7,8.81,0.11,0.01,-1,1609469,14145523
EGTS,2025-10-29,8.93,8.93,8.77,8.8,-0.9,-0.08,-1,917776,8100866
EGTS,2025-10-28,9,9,8.77,8.88,-0.22,-0.02,-1,1159661,10253141
EGTS,2025-10-27,9.17,9.17,8.86,8.9,-1,-0.09,-1,1996598,18024690
EGTS,2025-10-26,9.1,9.1,8.79,8.99,2.51,0.22,-1,4680511,41951300
EGTS,2025-10-23,8.94,8.94,8.73,8.77,-0.11,-0.01,-1,1548144,13678988
EGTS,2025-10-22,9.01,9.01,8.61,8.78,-2.12,-0.19,-1,931699,8292081.5
EGTS,2025-10-21,9.1,9.1,8.97,8.97,0.11,0.01,-1,1458580,13158554
EGTS,2025-10-20,9.22,9.22,8.96,8.96,-0.44,-0.04,-1,7112485,64693008
EGTS,2025-10-19,9.02,9.02,8.75,9,2.74,0.24,-1,4791709,42819072
EGTS,2025-10-16,8.9,8.9,8.7,8.76,-0.9,-0.08,-1,1248672,10963915
EGTS,2025-10-15,8.96,8.96,8.74,8.84,0.45,0.04,-1,670550,5944609.5
EGTS,2025-10-14,9.02,9.02,8.77,8.8,-1.23,-0.11,-1,3482270,31075880
EGTS,2025-10-13,9.02,9.02,8.6,8.91,-0.34,-0.03,-1,1750221,15617931
EGTS,2025-10-12,9.05,9.05,8.9,8.94,0,0,-1,399505,3579850.75
EGTS,2025-10-08,9.02,9.02,8.85,8.94,0.11,0.01,-1,1088252,9731539
EGTS,2025-10-07,9.15,9.15,8.92,8.93,-0.78,-0.07,-1,2095311,18875002
EGTS,2025-10-06,9.24,9.24,9,9,-2.17,-0.2,-1,2639223,23981262
EGTS,2025-10-05,9.35,9.35,9.18,9.2,0.22,0.02,-1,2626901,24312956
EGTS,2025-10-02,9.28,9.28,9.06,9.18,0.88,0.08,-1,2818386,25749972
EGTS,2025-10-01,9.35,9.35,9,9.1,0.22,0.02,-1,3616401,33122664
EGTS,2025-09-30,9.49,9.49,9.06,9.08,-3.3,-0.31,-1,6417953,59127612
EGTS,2025-09-29,9.69,9.69,9.3,9.39,-2.19,-0.21,-1,2637865,24929352
EGTS,2025-09-28,9.67,9.67,9.35,9.6,3.56,0.33,-1,2827056,26990246
EGTS,2025-09-25,9.55,9.55,9.16,9.27,2.21,0.2,-1,4530202,42317760
EGTS,2025-09-24,9.2,9.2,8.93,9.07,0.22,0.02,-1,2632146,23900516
EGTS,2025-09-23,9.43,9.43,9,9.05,-2.37,-0.22,-1,1844692,17025652
EGTS,2025-09-22,9.6,9.6,9.17,9.27,-1.7,-0.16,-1,3104194,29005054
EGTS,2025-09-21,9.7,9.7,9.4,9.43,0.75,0.07,-1,9720605,92381664
EGTS,2025-09-18,9.36,9.36,8.6,9.36,8.84,0.76,-1,7826892,69262072
EGTS,2025-09-17,8.63,8.63,8.4,8.6,1.18,0.1,-1,12429011,106797376
EGTS,2025-09-16,8.74,8.74,8.21,8.5,-0.23,-0.02,-1,3239587,27490118
EGTS,2025-09-15,8.67,8.67,8.03,8.52,3.15,0.26,-1,34107179,289291968
EGTS,2025-09-14,8.44,8.44,8.25,8.26,-1.31,-0.11,-1,1228170,10209366
EGTS,2025-09-11,8.6,8.6,8.3,8.37,-1.65,-0.14,-1,3442582,29044072
EGTS,2025-09-10,8.69,8.69,8.4,8.51,-0.47,-0.04,-1,1056832,9007159
EGTS,2025-09-09,8.9,8.9,8.44,8.55,-1.38,-0.12,-1,2506488,21639962
EGTS,2025-09-08,8.96,8.96,8.54,8.67,4.21,0.35,-1,6526917,57204060
EGTS,2025-09-07,8.47,8.47,8.2,8.32,3.35,0.27,-1,1637611,13717226
EGTS,2025-09-03,8.34,8.34,8.05,8.05,-1.95,-0.16,-1,499948,4071668
EGTS,2025-09-02,8.4,8.4,8.13,8.21,-0.97,-0.08,-1,525079,4349091
EGTS,2025-09-01,8.48,8.48,8.2,8.29,-0.84,-0.07,-1,2053858,17064018
EGTS,2025-08-31,8.7,8.7,8.2,8.36,-1.42,-0.12,-1,1635884,14002989
EGTS,2025-08-28,8.62,8.62,8.31,8.48,1.92,0.16,-1,8292166,70415360
EGTS,2025-08-27,8.5,8.5,7.95,8.32,4,0.32,-1,9589400,77455480
EGTS,2025-08-26,8.12,8.12,7.99,8,-1.48,-0.12,-1,390929,3145810.75
EGTS,2025-08-25,8.17,8.17,7.99,8.12,1.63,0.13,-1,3137155,25247226
EGTS,2025-08-24,8.09,8.09,7.97,7.99,-0.25,-0.02,-1,1821164,14571925
EGTS,2025-08-21,8.12,8.12,7.9,8.01,-0.74,-0.06,-1,388990,3115511.5
EGTS,2025-08-20,8.28,8.28,8.05,8.07,-1.34,-0.11,-1,969662,7923462
EGTS,2025-08-19,8.27,8.27,8.13,8.18,0.99,0.08,-1,808495,6631294.5
EGTS,2025-08-18,8.16,8.16,7.86,8.1,2.92,0.23,-1,2150988,17083432
EGTS,2025-08-17,7.97,7.97,7.85,7.87,0.25,0.02,-1,1256772,9930069
EGTS,2025-08-14,7.96,7.96,7.81,7.85,-0.13,-0.01,-1,227798,1793021.88
EGTS,2025-08-13,8.1,8.1,7.86,7.86,-2.48,-0.2,-1,809990,6425575.5
EGTS,2025-08-12,8.1,8.1,7.92,8.06,0.5,0.04,-1,419987,3366568
EGTS,2025-08-11,8.2,8.2,8.05,8.05,-0.98,-0.08,-1,1723007,13966081
EGTS,2025-08-10,8.24,8.24,8.11,8.13,0.12,0.01,-1,489278,3996424.5
EGTS,2025-08-07,8.24,8.24,8.1,8.12,-0.37,-0.03,-1,555212,4537681
EGTS,2025-08-06,8.34,8.34,8.04,8.15,0.87,0.07,-1,1725889,14204617
EGTS,2025-08-05,8.18,8.18,8.06,8.08,-0.12,-0.01,-1,484651,3930313.75
EGTS,2025-08-04,8.15,8.15,8.04,8.09,0.25,0.02,-1,1634703,13223919
EGTS,2025-08-03,8.14,8.14,7.97,8.07,1.25,0.1,-1,244563,1967315.88
EGTS,2025-07-31,8.19,8.19,7.94,7.97,0.89,0.07,-1,5564437,44529584
EGTS,2025-07-30,7.98,7.98,7.8,7.9,0.64,0.05,-1,5601373,44252464
EGTS,2025-07-29,8,8,7.81,7.85,-1.88,-0.15,-1,431346,3415021.25
EGTS,2025-07-28,8.1,8.1,8,8,-1.23,-0.1,-1,577526,4636158
EGTS,2025-07-27,8.23,8.23,8.04,8.1,-0.86,-0.07,-1,317380,2585791.25
EGTS,2025-07-23,8.27,8.27,8.12,8.17,0.49,0.04,-1,2035114,16635493
EGTS,2025-07-22,8.29,8.29,8.13,8.13,-1.22,-0.1,-1,638137,5230637.5
EGTS,2025-07-21,8.35,8.35,8.09,8.23,-0.48,-0.04,-1,1425995,11692855
EGTS,2025-07-20,8.4,8.4,8.26,8.27,-0.12,-0.01,-1,447598,3715470.25
EGTS,2025-07-17,8.5,8.5,8.27,8.28,-0.12,-0.01,-1,2510190,20821964
EGTS,2025-07-16,8.35,8.35,8.15,8.29,-0.48,-0.04,-1,988863,8178746.5
EGTS,2025-07-15,8.46,8.46,8.21,8.3,-0.95,-0.08,-1,2267846,18968050
EGTS,2025-07-14,8.5,8.5,8.22,8.38,-0.24,-0.02,-1,855166,7198779
EGTS,2025-07-13,8.59,8.59,8.38,8.4,-0.59,-0.05,-1,1467308,12415557
EGTS,2025-07-10,8.6,8.6,8.4,8.45,0.6,0.05,-1,1132599,9630998
EGTS,2025-07-09,8.53,8.53,7.31,8.4,0,0,-1,682348,5751215.5
EGTS,2025-07-07,8.67,8.67,8.38,8.4,-2.44,-0.21,-1,1463024,12461797
EGTS,2025-07-06,8.73,8.73,8.52,8.61,0.7,0.06,-1,2168934,18672140
EGTS,2025-07-02,8.87,8.87,8.51,8.55,-1.5,-0.13,-1,4763012,41478412
EGTS,2025-07-01,8.89,8.89,8.48,8.68,1.76,0.15,-1,5219516,45578232
EGTS,2025-06-30,8.8,8.8,8.48,8.53,0.59,0.05,-1,4970871,42992972
EGTS,2025-06-29,8.55,8.55,8.25,8.48,0.12,0.01,-1,4320744,36046764
EGTS,2025-06-25,8.6,8.6,8.41,8.47,0.12,0.01,-1,2333549,19841208
EGTS,2025-06-24,8.65,8.65,8.41,8.46,1.68,0.14,-1,3795247,32295272
EGTS,2025-06-23,8.46,8.46,7.93,8.32,2.46,0.2,-1,3359797,27791004
EGTS,2025-06-22,8.18,8.18,7.23,8.12,2.78,0.22,-1,1913872,15272918
EGTS,2025-06-19,8.38,8.38,7.83,7.9,-4.82,-0.4,-1,1885168,15286681
EGTS,2025-06-18,8.39,8.39,8.07,8.3,1.84,0.15,-1,1967607,16284777
EGTS,2025-06-17,8.71,8.71,8.11,8.15,-2.98,-0.25,-1,5043591,42421816
EGTS,2025-06-16,8.59,8.59,8.23,8.4,2.44,0.2,-1,3203387,27135374
EGTS,2025-06-15,8.4,8.4,7.99,8.2,-6.61,-0.58,-1,13888623,114818480
EGTS,2025-06-12,9.01,9.01,8.55,8.78,2.69,0.23,-1,20856625,183172960
EGTS,2025-06-11,8.7,8.7,8.07,8.55,6.61,0.53,-1,8323456,70727952
EGTS,2025-06-10,8.2,8.2,7.99,8.02,-0.87,-0.07,-1,1662650,13351926
EGTS,2025-06-04,8.25,8.25,8.05,8.09,-0.25,-0.02,-1,721847,5839454.5
EGTS,2025-06-03,8.33,8.33,8.08,8.11,0.37,0.03,-1,1558593,12803768
EGTS,2025-06-02,8.14,8.14,7.88,8.08,0.75,0.06,-1,1813978,14527320
EGTS,2025-06-01,8.34,8.34,8,8.02,-1.72,-0.14,-1,2476881,20189598
EGTS,2025-05-29,8.35,8.35,8.11,8.16,-1.09,-0.09,-1,1113456,9176396
EGTS,2025-05-28,8.6,8.6,8.25,8.25,-2.94,-0.25,-1,2762268,23181734
EGTS,2025-05-27,8.71,8.71,8.44,8.5,-0.23,-0.02,-1,2933404,25124942
EGTS,2025-05-26,8.86,8.86,8.36,8.52,-2.96,-0.26,-1,3254998,27998290
EGTS,2025-05-25,9.02,9.02,8.77,8.78,-0.45,-0.04,-1,5951171,52726720
EGTS,2025-05-22,9,9,8.72,8.82,1.15,0.1,-1,4306684,38153344
EGTS,2025-05-21,9.18,9.18,8.66,8.72,-3.65,-0.33,-1,7420106,65674616
EGTS,2025-05-20,9.35,9.35,9,9.05,0.56,0.05,-1,13568668,124450088
EGTS,2025-05-19,9.18,9.18,8.45,9,6.89,0.58,-1,18398527,161371632
EGTS,2025-05-18,8.63,8.63,8.38,8.42,0.72,0.06,-1,44299241,376362368
EGTS,2025-05-15,8.5,8.5,8.19,8.36,1.21,0.1,-1,51916019,436109088
EGTS,2025-05-14,8.58,8.58,8.25,8.26,-1.67,-0.14,-1,11595676,97205728
EGTS,2025-05-13,9.4,9.4,7.71,8.4,-9.68,-0.9,-1,77031137,630386944
EGTS,2025-05-12,9.75,9.75,9.14,9.3,-3.13,-0.3,-1,2263003,21500612
EGTS,2025-05-11,10.15,10.15,9.53,9.6,-2.83,-0.28,-1,1771236,17310348
EGTS,2025-05-08,10.39,10.39,9.61,9.88,1.65,0.16,-1,3901074,38800220
EGTS,2025-05-07,10.73,10.73,9.72,9.72,-6.36,-0.66,-1,2911361,29987724
EGTS,2025-05-06,11.25,11.25,10.3,10.38,-3.53,-0.38,-1,2699719,28746426
EGTS,2025-05-05,12.9,12.9,10.51,10.76,-4.95,-0.56,-1,3983980,46570412
EGTS,2025-05-04,11.32,11.32,9.31,11.32,19.92,1.88,-1,9555367,103944304
EGTS,2025-04-30,9.44,9.44,7.8,9.44,19.95,1.57,-1,11913298,106689816
EGTS,2025-04-29,8.08,8.08,7.7,7.87,-0.63,-0.05,-1,410541,3210058.75
EGTS,2025-04-28,7.94,7.94,7.57,7.9,2.2,0.17,-1,976387,7564010
EGTS,2025-04-27,8.45,8.45,7.53,7.73,1.18,0.09,-1,1662501,13420487
EGTS,2025-04-23,7.96,7.96,7.5,7.64,-1.04,-0.08,-1,834022,6367664
EGTS,2025-04-22,8.57,8.57,7.65,7.72,1.98,0.15,-1,4833360,38946568
EGTS,2025-04-17,7.57,7.57,6.31,7.57,19.97,1.26,-1,6161564,44516556
EGTS,2025-04-16,6.58,6.58,6.3,6.31,-1.71,-0.11,-1,403747,2593448.5
EGTS,2025-04-15,6.53,6.53,6.26,6.42,1.58,0.1,-1,710256,4552318
EGTS,2025-04-14,6.47,6.47,5.88,6.34,8.11,0.48,-1,535958,3368207.5
EGTS,2025-04-13,6.04,6.04,5.88,5.92,0.17,0.01,-1,68898,407982.13
EGTS,2025-04-10,6.1,6.1,5.72,5.91,-0.85,-0.05,-1,80361,476714.22
EGTS,2025-04-09,6,6,5.6,5.86,-0.34,-0.02,-1,96631,569491.31
EGTS,2025-04-08,6.09,6.09,5.81,5.97,1.01,0.06,-1,66906,399845.44
EGTS,2025-04-07,5.99,5.99,5.61,5.94,1.18,0.07,-1,102808,602119.81
EGTS,2025-04-06,6.08,6.08,5.81,5.92,-4.82,-0.3,-1,215715,1280247
EGTS,2025-04-03,6.27,6.27,5.97,6.22,0.98,0.06,-1,141058,869042.63
EGTS,2025-03-27,6.15,6.15,5.87,6.12,3.93,0.23,-1,129411,780356.06
EGTS,2025-03-26,6,6,5.63,5.85,-2.5,-0.15,-1,201955,1175557.75
EGTS,2025-03-25,6.2,6.2,6,6,-2.91,-0.18,-1,366105,2229372.75
EGTS,2025-03-24,6.34,6.34,6.1,6.18,1.15,0.07,-1,129529,796114.81
EGTS,2025-03-23,6.21,6.21,6.07,6.11,-1.45,-0.09,-1,196736,1201372.88
EGTS,2025-03-20,6.35,6.35,6.11,6.2,-0.16,-0.01,-1,55103,341777.09
EGTS,2025-03-19,6.49,6.49,6.1,6.21,-2.82,-0.18,-1,364120,2290658.25
EGTS,2025-03-18,6.59,6.59,6.2,6.39,4.07,0.25,-1,1622120,10468400
EGTS,2025-03-17,6.39,6.39,6.1,6.14,-1.13,-0.07,-1,674497,4175579.75
EGTS,2025-03-16,6.66,6.66,5.9,6.21,5.43,0.32,-1,2444904,15618482
EGTS,2025-03-13,6.5,6.5,5.82,5.89,-4.07,-0.25,-1,2720203,16895266
EGTS,2025-03-12,6.14,6.14,5.15,6.14,19.92,1.02,-1,2760648,16282816
EGTS,2025-03-11,5.16,5.16,5.06,5.12,0.78,0.04,-1,103306,527874.31
EGTS,2025-03-10,5.15,5.15,5.07,5.11,0,0,-1,52349,267741.75
EGTS,2025-03-09,5.13,5.13,5.02,5.11,2.2,0.11,-1,151343,771301.19
EGTS,2025-03-06,5.17,5.17,4.96,5,-5.48,-0.29,-1,367129,1848873.88
EGTS,2025-03-05,5.25,5.25,5.06,5.29,-2.27,-0.12,-1,55441,282487.75
EGTS,2025-03-04,5.25,5.25,5.08,5.29,-1.7,-0.09,-1,20420,104585.89
EGTS,2025-03-03,5.29,5.29,5.08,5.29,-0.76,-0.04,-1,51088,266638.19
EGTS,2025-03-02,5.4,5.4,5.21,5.29,-0.76,-0.04,-1,76395,403848.38
EGTS,2025-02-27,5.45,5.45,5.2,5.28,-3.49,-0.19,-1,594766,3142781.5
EGTS,2025-02-26,5.47,5.47,5.03,5.45,6.86,0.35,-1,1477380,7866326
EGTS,2025-02-25,5.15,5.15,5.07,5.1,0.39,0.02,-1,5141199,26220524
EGTS,2025-02-24,5.12,5.12,5.03,5.09,0.8,0.04,-1,5240950,26727624
EGTS,2025-02-23,5.07,5.07,4.97,5.01,0,0,-1,7047998,35312396
EGTS,2025-02-20,5.1,5.1,5.02,5.01,0,0,-1,34638,175754.94
EGTS,2025-02-19,5.07,5.07,4.98,5.01,1.2,0.06,-1,159796,802004.56
EGTS,2025-02-18,5.08,5.08,4.97,5.01,-0.2,-0.01,-1,33160,167422.91
EGTS,2025-02-17,5.14,5.14,4.95,5.01,2.67,0.13,-1,332468,1672315.88
EGTS,2025-02-16,4.94,4.94,4.89,4.87,1.44,0.07,-1,22658,111143.2
EGTS,2025-02-13,4.99,4.99,4.82,4.87,0,0,-1,25258,123793.24
EGTS,2025-02-12,4.93,4.93,4.77,4.87,0.2,0.01,-1,295607,1445092.88
EGTS,2025-02-11,4.98,4.98,4.85,4.89,-1.81,-0.09,-1,525110,2571015
EGTS,2025-02-10,5.04,5.04,4.92,4.98,0,0,-1,133649,666513.81
EGTS,2025-02-09,5.04,5.04,4.96,5,0,0,-1,1647948,8239678
EGTS,2025-02-06,5.09,5.09,4.97,5,0,0,-1,94418,472052
EGTS,2025-02-05,5.1,5.1,4.9,5,0,0,-1,331819,1657102.5
EGTS,2025-02-04,5.15,5.15,5,5,-0.2,-0.01,-1,1077307,5396168
EGTS,2025-02-03,5.3,5.3,4.94,5.01,-2.15,-0.11,-1,465132,2355114
EGTS,2025-02-02,5.25,5.25,5,5.12,2.35,0.12,-1,302965,1553904.25
EGTS,2025-01-30,5.18,5.18,5.03,5.11,0,0,-1,210428,1074489
EGTS,2025-01-29,5.17,5.17,5,5.04,-1.75,-0.09,-1,85182,430806.84
EGTS,2025-01-28,5.19,5.19,5.08,5.13,0,0,-1,42640,217883.02
EGTS,2025-01-27,5.17,5.17,5.08,5.13,-0.97,-0.05,-1,21406,108980.91
EGTS,2025-01-26,5.19,5.19,5.08,5.13,-0.58,-0.03,-1,158028,808844.88
EGTS,2025-01-23,5.19,5.19,5.12,5.13,-0.58,-0.03,-1,94251,484668
EGTS,2025-01-22,5.18,5.18,5.13,5.15,0.39,0.02,-1,86855,446947.97
EGTS,2025-01-21,5.19,5.19,5.1,5.13,0.39,0.02,-1,79642,408887.91
EGTS,2025-01-20,5.22,5.22,5.1,5.11,1.17,0.06,-1,137539,704526.75
EGTS,2025-01-19,5.25,5.25,5.11,5.12,-0.39,-0.02,-1,239777,1236725
EGTS,2025-01-16,5.29,5.29,5.07,5.14,-0.77,-0.04,-1,275042,1420848.88
EGTS,2025-01-15,5.41,5.41,5.13,5.18,-2.26,-0.12,-1,687823,3592125
EGTS,2025-01-14,5.49,5.49,4.91,5.3,5.79,0.29,-1,1951418,9907536
EGTS,2025-01-13,5.16,5.16,4.92,5.01,-1.19,-0.06,-1,7655929,38401780
EGTS,2025-01-12,5.15,5.15,4.87,5.05,-0.59,-0.03,-1,103517,519172.63
EGTS,2025-01-09,5.18,5.18,4.95,5.08,-3.32,-0.17,-1,81707,416121.41
EGTS,2025-01-08,5.17,5.17,5.05,5.12,0.79,0.04,-1,69281,354401.78
EGTS,2025-01-06,5.28,5.28,4.77,5.04,-3.26,-0.17,-1,226199,1169499.63
EGTS,2025-01-05,5.26,5.26,5.1,5.21,1.94,0.1,-1,137594,713351.5
EGTS,2025-01-02,5.23,5.23,5.03,5.16,3.82,0.19,-1,134744,694851.31
EGTS,2024-12-31,5.19,5.19,4.92,4.97,-1.97,-0.1,-1,205435,1030214.63
EGTS,2024-12-30,5.13,5.13,4.83,5.07,1.6,0.08,-1,391337,1943880.88
EGTS,2024-12-29,5.25,5.25,4.93,4.99,-3.29,-0.17,-1,192430,967956.13
EGTS,2024-12-26,5.26,5.26,5.12,5.16,-1.73,-0.09,-1,114198,591201
EGTS,2024-12-25,5.34,5.34,5.14,5.21,-0.58,-0.03,-1,123777,648326.5
EGTS,2024-12-24,5.46,5.46,5.11,5.21,-1.49,-0.08,-1,262236,1383853.88
EGTS,2024-12-23,5.45,5.45,5.25,5.36,-0.75,-0.04,-1,185825,997242.94
EGTS,2024-12-22,5.51,5.51,4.44,5.35,1.13,0.06,-1,529892,2802997.25
EGTS,2024-12-19,5.4,5.4,5.25,5.3,-0.19,-0.01,-1,137818,729903.06
EGTS,2024-12-18,5.46,5.46,5.27,5.31,-1.48,-0.08,-1,165400,883257.75
EGTS,2024-12-17,5.56,5.56,5.31,5.39,-1.47,-0.08,-1,219930,1190199.25
EGTS,2024-12-16,5.6,5.6,5.35,5.45,-1.45,-0.08,-1,243951,1339239
EGTS,2024-12-15,5.65,5.65,5.51,5.53,-0.36,-0.02,-1,106390,589220.63
EGTS,2024-12-12,5.68,5.68,5.49,5.54,-0.54,-0.03,-1,123224,684345.38
EGTS,2024-12-11,5.65,5.65,5.3,5.57,-0.71,-0.04,-1,138810,772796
EGTS,2024-12-10,5.67,5.67,5.56,5.61,-0.88,-0.05,-1,67212,376945.47
EGTS,2024-12-09,5.75,5.75,5.65,5.66,-0.53,-0.03,-1,2311180,13173186
EGTS,2024-12-08,5.77,5.77,5.66,5.69,0.18,0.01,-1,2235381,12844051
EGTS,2024-12-05,5.77,5.77,5.68,5.68,-0.87,-0.05,-1,4306097,24746552
EGTS,2024-12-04,5.75,5.75,5.69,5.73,0.88,0.05,-1,246298,1408893.75
EGTS,2024-12-03,5.73,5.73,5.65,5.69,0,0,-1,246241,1404877.5
EGTS,2024-12-02,5.74,5.74,5.66,5.69,0.35,0.02,-1,128772,732862.75
EGTS,2024-12-01,5.74,5.74,5.62,5.67,0.18,0.01,-1,1170499,6666595.5
EGTS,2024-11-28,5.69,5.69,5.57,5.66,0,0,-1,1096212,6200439
EGTS,2024-11-27,5.79,5.79,5.55,5.65,-0.88,-0.05,-1,1190804,6730088
EGTS,2024-11-26,5.76,5.76,5.67,5.7,0.18,0.01,-1,1640577,9409610
EGTS,2024-11-25,5.77,5.77,5.62,5.69,-0.18,-0.01,-1,1429451,8150999
EGTS,2024-11-24,5.76,5.76,5.56,5.7,2.31,0.13,-1,3171905,18075024
EGTS,2024-11-21,5.69,5.69,5.59,5.63,1.26,0.07,-1,3166201,17821780
EGTS,2024-11-20,5.76,5.76,5.43,5.56,-2.28,-0.13,-1,334429,1861267
EGTS,2024-11-19,5.75,5.75,5.66,5.69,-2.08,-0.12,-1,444917,2537333.5
EGTS,2024-11-18,5.84,5.84,5.77,5.78,-0.86,-0.05,-1,779213,4517236
EGTS,2024-11-17,5.84,5.84,5.7,5.82,0.52,0.03,-1,14080268,81743200
EGTS,2024-11-14,5.82,5.82,5.72,5.79,0.17,0.01,-1,1399682,8091808.5
EGTS,2024-11-13,5.87,5.87,5.77,5.78,0,0,-1,10484523,60613548
EGTS,2024-11-12,5.92,5.92,5.77,5.78,-1.2,-0.07,-1,1054841,6146386.5
EGTS,2024-11-11,5.98,5.98,5.84,5.85,-0.68,-0.04,-1,3284607,19378822
EGTS,2024-11-10,5.89,5.89,5.76,5.88,2.44,0.14,-1,4397723,25612332
EGTS,2024-11-07,5.83,5.83,5.73,5.74,0,0,-1,4575829,26524432
EGTS,2024-11-06,5.88,5.88,5.71,5.74,0.53,0.03,-1,4558478,26492784
EGTS,2024-11-05,5.82,5.82,5.71,5.71,-1.55,-0.09,-1,2336321,13462504
EGTS,2024-11-04,5.86,5.86,5.79,5.8,0.17,0.01,-1,2429419,14105421
EGTS,2024-11-03,5.86,5.86,5.78,5.79,0.35,0.02,-1,1570790,9145248
EGTS,2024-10-31,5.83,5.83,5.74,5.77,0.17,0.01,-1,6466390,37438880
EGTS,2024-10-30,5.97,5.97,5.71,5.74,-0.52,-0.03,-1,2734129,15966187
EGTS,2024-10-29,6.09,6.09,5.75,5.77,0.52,0.03,-1,4852085,28477564
EGTS,2024-10-28,5.98,5.98,5.73,5.74,-2.71,-0.16,-1,6175929,36463908
EGTS,2024-10-27,5.99,5.99,5.73,5.9,3.51,0.2,-1,13548663,78684416
EGTS,2024-10-24,5.77,5.77,5.61,5.7,1.24,0.07,-1,5773373,33061376
EGTS,2024-10-23,5.85,5.85,5.63,5.63,-2.6,-0.15,-1,1997653,11470302
EGTS,2024-10-22,5.85,5.85,5.36,5.78,7.43,0.4,-1,13821043,78010400
EGTS,2024-10-21,5.45,5.45,5.2,5.38,-1.1,-0.06,-1,2610194,14079722
EGTS,2024-10-20,5.98,5.98,5.36,5.44,-1.09,-0.06,-1,16688453,93416840
EGTS,2024-10-17,5.93,5.93,5.46,5.5,-4.68,-0.27,-1,5899561,33817988
EGTS,2024-10-16,5.88,5.88,5.72,5.77,0.35,0.02,-1,6656337,38496764
EGTS,2024-10-15,5.91,5.91,5.7,5.75,-0.17,-0.01,-1,2723239,15776551
EGTS,2024-10-14,5.9,5.9,5.7,5.76,-1.87,-0.11,-1,8166873,48168724
EGTS,2024-10-13,6.08,6.08,5.79,5.87,-0.86,-0.05,-1,2437128,14371974
EGTS,2024-10-10,5.9,5.9,5.75,5.84,1.21,0.07,-1,4980709,29125234
EGTS,2024-10-09,5.82,5.82,5.69,5.77,-0.35,-0.02,-1,12271131,71352712
EGTS,2024-10-08,5.97,5.97,5.66,5.78,-2.2,-0.13,-1,11525871,67994912
EGTS,2024-10-07,6.04,6.04,5.88,5.91,0.68,0.04,-1,3313327,19586768
EGTS,2024-10-03,6,6,5.77,5.87,0.17,0.01,-1,2035557,12187019
EGTS,2024-10-02,6.23,6.23,5.8,5.86,-5.94,-0.37,-1,320640,1933665
EGTS,2024-10-01,6.33,6.33,6.15,6.23,1.3,0.08,-1,417944,2612694.75
EGTS,2024-09-30,6.27,6.27,6.14,6.15,-1.29,-0.08,-1,102382,631635.94
EGTS,2024-09-29,6.26,6.26,6.11,6.22,0,0,-1,144624,897103.06
EGTS,2024-09-26,6.35,6.35,6.21,6.22,-0.16,-0.01,-1,189074,1186757.38
EGTS,2024-09-25,6.39,6.39,6.23,6.23,-0.16,-0.01,-1,923859,5811571
EGTS,2024-09-24,6.34,6.34,6.2,6.24,0.81,0.05,-1,323000,2026211.63
EGTS,2024-09-23,6.35,6.35,6.13,6.19,0.65,0.04,-1,729506,4566430
EGTS,2024-09-22,6.3,6.3,6.13,6.15,0.33,0.02,-1,394410,2446593.75
EGTS,2024-09-19,6.22,6.22,6.06,6.14,-0.81,-0.05,-1,260569,1606970.63
EGTS,2024-09-18,6.2,6.2,6.07,6.19,1.48,0.09,-1,308148,1900047.63
EGTS,2024-09-17,6.17,6.17,6.04,6.1,-0.33,-0.02,-1,167364,1021350.56
EGTS,2024-09-16,6.26,6.26,6.1,6.12,0.16,0.01,-1,96923,594125.75
EGTS,2024-09-12,6.31,6.31,6,6.09,-2.72,-0.17,-1,280901,1744028.63
EGTS,2024-09-11,6.35,6.35,6.15,6.26,1.13,0.07,-1,93961,587165.13
EGTS,2024-09-10,6.55,6.55,6.15,6.19,0,0,-1,214562,1343473.25
EGTS,2024-09-09,6.4,6.4,6.17,6.19,-2.06,-0.13,-1,140755,881511.69
EGTS,2024-09-08,6.47,6.47,6.21,6.32,-0.63,-0.04,-1,288482,1832037.25
EGTS,2024-09-05,6.47,6.47,6.25,6.38,0.63,0.04,-1,98616,628671.88
EGTS,2024-09-04,6.64,6.64,6.26,6.34,-2.76,-0.18,-1,633359,4068100.75
EGTS,2024-09-03,6.84,6.84,6.52,6.52,-2.25,-0.15,-1,904590,6028634
EGTS,2024-09-02,6.8,6.8,6.26,6.67,6.72,0.42,-1,2325292,15240187
EGTS,2024-09-01,6.45,6.45,6.15,6.25,1.79,0.11,-1,673872,4268167.5
EGTS,2024-08-29,6.2,6.2,6.12,6.14,-0.49,-0.03,-1,181172,1115015.09
EGTS,2024-08-28,6.25,6.25,6.15,6.17,-1.28,-0.08,-1,252219,1561669.5
EGTS,2024-08-27,6.52,6.52,6.21,6.25,-0.16,-0.01,-1,967387,6194067
EGTS,2024-08-26,6.3,6.3,6.15,6.26,1.29,0.08,-1,226696,1413014.25
EGTS,2024-08-25,6.37,6.37,6.05,6.18,1.31,0.08,-1,711426,4429279.5
EGTS,2024-08-22,6.2,6.2,6.03,6.1,-0.49,-0.03,-1,109748,669522.38
EGTS,2024-08-21,6.24,6.24,6.01,6.07,1.68,0.1,-1,470628,2884405.5
EGTS,2024-08-20,6.03,6.03,5.76,5.97,2.39,0.14,-1,497017,2967661.25
EGTS,2024-08-19,5.9,5.9,5.8,5.86,0.85,0.05,-1,121910,712656.13
EGTS,2024-08-18,5.9,5.9,5.77,5.85,-0.17,-0.01,-1,129711,755604.31
EGTS,2024-08-15,5.83,5.83,5.74,5.79,0.69,0.04,-1,114604,662866.44
EGTS,2024-08-14,5.82,5.82,5.72,5.79,0.17,0.01,-1,153611,889645.81
EGTS,2024-08-13,5.78,5.78,5.7,5.78,0,0,-1,36807,211423.02
EGTS,2024-08-12,5.85,5.85,5.74,5.78,-0.86,-0.05,-1,100931,584645
EGTS,2024-08-11,5.83,5.83,5.62,5.79,-0.17,-0.01,-1,189562,1094684.25
EGTS,2024-08-08,5.8,5.8,5.55,5.76,1.05,0.06,-1,268042,1535077.38
EGTS,2024-08-07,6.04,6.04,5.61,5.7,1.79,0.1,-1,210544,1202603.13
EGTS,2024-08-05,5.79,5.79,5.5,5.6,0,0,-1,148784,835820.19
EGTS,2024-08-04,5.94,5.94,5.5,5.65,-4.24,-0.25,-1,174665,1000382
EGTS,2024-08-01,6.03,6.03,5.86,5.9,-1.18,-0.07,-1,175211,1036688.5
EGTS,2024-07-31,6.03,6.03,5.9,5.93,-0.5,-0.03,-1,350342,2082539.38
EGTS,2024-07-30,6.08,6.08,5.92,5.96,-0.33,-0.02,-1,214098,1274718.25
EGTS,2024-07-29,6.01,6.01,5.97,5.98,0.17,0.01,-1,75879,453833.84
EGTS,2024-07-28,6.14,6.14,5.92,5.97,-0.67,-0.04,-1,259876,1560871.25
EGTS,2024-07-24,6.15,6.15,6,6.01,-0.66,-0.04,-1,249500,1509333.75
EGTS,2024-07-23,6.16,6.16,5.9,6.05,2.36,0.14,-1,415029,2520909.75
EGTS,2024-07-22,6.1,6.1,5.91,5.92,-1.5,-0.09,-1,388380,2326158.75
EGTS,2024-07-21,6.08,6.08,5.83,6.01,3.62,0.21,-1,860139,5143631
EGTS,2024-07-18,5.9,5.9,5.73,5.8,-0.52,-0.03,-1,680861,3931141
EGTS,2024-07-17,5.86,5.86,5.7,5.82,0.17,0.01,-1,273563,1590205.13
EGTS,2024-07-16,5.84,5.84,5.77,5.81,0,0,-1,302450,1755216.63
EGTS,2024-07-15,5.85,5.85,5.77,5.8,0.17,0.01,-1,207021,1200896.25
EGTS,2024-07-14,5.85,5.85,5.73,5.79,-0.17,-0.01,-1,86859,503046.44
EGTS,2024-07-10,5.86,5.86,5.74,5.8,0,0,-1,733244,4249724
EGTS,2024-07-09,5.84,5.84,5.72,5.8,0.52,0.03,-1,674623,3900393
EGTS,2024-07-08,5.85,5.85,5.73,5.77,0.52,0.03,-1,721784,4173833.75
EGTS,2024-07-07,5.92,5.92,5.63,5.74,-0.17,-0.01,-1,677230,3930213
EGTS,2024-07-04,5.76,5.76,5.62,5.75,0.88,0.05,-1,822229,4690664.5
EGTS,2024-07-03,5.93,5.93,5,5.7,-3.06,-0.18,-1,2963800,16862554
EGTS,2024-07-02,5.96,5.96,5.82,5.88,-0.17,-0.01,-1,761880,4486767
EGTS,2024-07-01,5.99,5.99,5.85,5.89,-0.34,-0.02,-1,564726,3332903
EGTS,2024-06-27,5.99,5.99,5.87,5.91,0.17,0.01,-1,291478,1722200.5
EGTS,2024-06-26,6.08,6.08,5.9,5.9,-1.83,-0.11,-1,713104,4229270.5
EGTS,2024-06-25,6.05,6.05,5.9,6.01,1.35,0.08,-1,693641,4136985.25
EGTS,2024-06-24,6.15,6.15,5.9,5.93,-0.5,-0.03,-1,2010584,12082202
EGTS,2024-06-23,6.15,6.15,5.83,5.96,-1.65,-0.1,-1,1307346,7712181
EGTS,2024-06-13,6.13,6.13,6,6.06,-0.33,-0.02,-1,232792,1407037.88
EGTS,2024-06-12,6.21,6.21,6.06,6.08,0,0,-1,256067,1559249.63
EGTS,2024-06-11,6.25,6.25,6.06,6.09,-0.16,-0.01,-1,374907,2309929.5
EGTS,2024-06-10,6.25,6.25,6,6.1,0.33,0.02,-1,744019,4507047.5
EGTS,2024-06-09,6.15,6.15,5.9,6.08,-0.65,-0.04,-1,1644390,9879611
EGTS,2024-06-06,6.3,6.3,6.09,6.12,-2.7,-0.17,-1,373104,2316253.5
EGTS,2024-06-05,6.46,6.46,6.25,6.29,-2.48,-0.16,-1,823702,5208636.5
EGTS,2024-06-04,6.53,6.53,6.25,6.45,2.38,0.15,-1,1264431,8148020.5
EGTS,2024-06-03,6.47,6.47,6.13,6.3,1.78,0.11,-1,2832367,17905224
EGTS,2024-06-02,6.25,6.25,5.99,6.19,3.17,0.19,-1,3280205,20150222
EGTS,2024-05-30,6.01,6.01,5.86,6,0.84,0.05,-1,947406,5633173.5
EGTS,2024-05-29,6.02,6.02,5.89,5.95,-1.16,-0.07,-1,6276042,37419348
EGTS,2024-05-28,6.25,6.25,5.97,6.02,-2.9,-0.18,-1,5391613,32694740
EGTS,2024-05-27,6.4,6.4,5.88,6.2,0.98,0.06,-1,5683935,34820620
EGTS,2024-05-26,6.4,6.4,6.08,6.14,1.82,0.11,-1,4485652,27837914
EGTS,2024-05-23,6.31,6.31,5.85,6.03,2.2,0.13,-1,8001063,49196072
EGTS,2024-05-22,5.94,5.94,5.72,5.9,1.72,0.1,-1,1583383,9268544
EGTS,2024-05-21,6,6,5.8,5.8,-0.51,-0.03,-1,1785463,10569680
EGTS,2024-05-20,6.2,6.2,5.8,5.83,-4.58,-0.28,-1,5736132,34353204
EGTS,2024-05-19,6.18,6.18,5.58,6.11,8.72,0.49,-1,8003069,47668288
EGTS,2024-05-16,5.66,5.66,5.36,5.62,2.55,0.14,-1,1535299,8534629
EGTS,2024-05-15,5.61,5.61,5.26,5.48,2.43,0.13,-1,2406781,13131252
EGTS,2024-05-14,5.52,5.52,5.21,5.35,-2.55,-0.14,-1,3152424,16803582
EGTS,2024-05-13,5.49,5.49,4.91,5.49,7.02,0.36,-1,3423952,17845558
EGTS,2024-05-12,5.9,5.9,5.07,5.13,-12.01,-0.7,-1,6275979,35033340
EGTS,2024-05-09,6.1,6.1,5.7,5.83,0,0,-1,15799478,93107760
EGTS,2024-05-08,5.96,5.96,5.74,5.83,0,0,-1,20878372,121735240
EGTS,2024-05-07,6.18,6.18,5.52,5.83,2.64,0.15,-1,12359021,72686608
EGTS,2024-05-02,5.7,5.7,5.33,5.68,5.97,0.32,-1,11315004,63121512
EGTS,2024-05-01,5.5,5.5,5.21,5.36,5.49,0.28,-1,2367363,12684823
EGTS,2024-04-30,5.35,5.35,5,5.1,4.08,0.2,-1,6197046,32183662
EGTS,2024-04-29,5.05,5.05,4.63,4.9,4.26,0.2,-1,2218554,10757448
EGTS,2024-04-28,4.92,4.92,4.6,4.7,-5.09,-0.25,-1,1606754,7683949
EGTS,2024-04-24,5.35,5.35,4.9,4.91,-9.07,-0.49,-1,3843647,19599196
EGTS,2024-04-23,5.66,5.66,5.23,5.4,-3.4,-0.19,-1,9435704,51882936
EGTS,2024-04-22,5.67,5.67,5.14,5.59,10.04,0.51,-1,14127920,77529832
EGTS,2024-04-21,5.21,5.21,4.94,5.08,2.83,0.14,-1,1816115,9227467
EGTS,2024-04-18,5.32,5.32,4.82,4.94,-5,-0.26,-1,2543935,12780152
EGTS,2024-04-17,5.36,5.36,5.14,5.2,1.36,0.07,-1,4991978,26303348
EGTS,2024-04-16,5.31,5.31,5,5.13,0.79,0.04,-1,5145469,26647386
EGTS,2024-04-15,5.17,5.17,4.74,5.09,4.52,0.22,-1,3812955,19261518
EGTS,2024-04-08,4.97,4.97,4.81,4.87,1.25,0.06,-1,1851611,9048449
EGTS,2024-04-07,4.9,4.9,4.7,4.81,1.26,0.06,-1,694928,3362046
EGTS,2024-04-04,4.84,4.84,4.68,4.75,-0.63,-0.03,-1,1833182,8707052
EGTS,2024-04-03,4.9,4.9,4.7,4.78,2.58,0.12,-1,3740767,18008668
EGTS,2024-04-02,4.7,4.7,4.38,4.66,6.15,0.27,-1,5202216,23602374
EGTS,2024-04-01,4.43,4.43,4.3,4.39,2.8,0.12,-1,446612,1955545.25
EGTS,2024-03-31,4.6,4.6,4.26,4.28,-5.1,-0.23,-1,958955,4247730.5
EGTS,2024-03-28,4.68,4.68,4.47,4.51,-0.44,-0.02,-1,386419,1753450.13
EGTS,2024-03-27,4.73,4.73,4.44,4.53,-0.22,-0.01,-1,1018125,4707289
EGTS,2024-03-26,4.75,4.75,4.53,4.54,-0.66,-0.03,-1,543316,2523645.25
EGTS,2024-03-25,4.73,4.73,4.55,4.57,0.88,0.04,-1,1602724,7455380.5
EGTS,2024-03-24,4.9,4.9,4.26,4.53,4.14,0.18,-1,2140599,9854478
EGTS,2024-03-21,4.4,4.4,4.2,4.35,4.32,0.18,-1,971019,4191284
EGTS,2024-03-20,4.2,4.2,4,4.17,6.38,0.25,-1,2839949,11610708
EGTS,2024-03-19,4,4,3.87,3.92,0.26,0.01,-1,614982,2410210.25
EGTS,2024-03-18,4.3,4.3,3.9,3.91,-7.57,-0.32,-1,427328,1696084
EGTS,2024-03-17,4.3,4.3,4.21,4.23,0.71,0.03,-1,396186,1684571.75
EGTS,2024-03-14,4.24,4.24,4.07,4.2,3.19,0.13,-1,353493,1474547.5
EGTS,2024-03-13,4.52,4.52,4.05,4.07,-7.95,-0.35,-1,1006576,4256852.5
EGTS,2024-03-12,4.59,4.59,4.4,4.4,-2,-0.09,-1,1042814,4647446.5
EGTS,2024-03-11,4.8,4.8,4.41,4.49,-4.75,-0.22,-1,739537,3444401.5
EGTS,2024-03-10,4.8,4.8,4.5,4.63,3.58,0.16,-1,3652108,17161414
EGTS,2024-03-07,4.63,4.63,4.31,4.47,0.68,0.03,-1,1595265,7087118.5
EGTS,2024-03-06,4.76,4.76,4.33,4.44,-5.93,-0.28,-1,1667169,7697270.5
EGTS,2024-03-05,5.08,5.08,4.7,4.72,-1.46,-0.07,-1,6197522,30397408
EGTS,2024-03-04,4.93,4.93,4.6,4.79,4.13,0.19,-1,5243816,25008498
EGTS,2024-03-03,4.84,4.84,4.56,4.6,-2.54,-0.12,-1,1741100,8169746
EGTS,2024-02-29,4.96,4.96,4.54,4.72,2.39,0.11,-1,3678663,17568336
EGTS,2024-02-28,5.1,5.1,4.4,4.61,4.54,0.2,-1,15235150,73400680
EGTS,2024-02-27,4.59,4.59,4.39,4.41,1.15,0.05,-1,1696186,7593237.5
EGTS,2024-02-26,4.6,4.6,4.32,4.36,0.69,0.03,-1,2507527,11153366
EGTS,2024-02-25,4.9,4.9,4.2,4.33,-12.35,-0.61,-1,4974983,22277086
EGTS,2024-02-22,5.09,5.09,4.92,4.94,-1.59,-0.08,-1,1548154,7762906
EGTS,2024-02-21,5.16,5.16,5,5.02,-0.4,-0.02,-1,2120987,10754770
EGTS,2024-02-20,5.16,5.16,5.03,5.04,0.2,0.01,-1,1370254,6995450.5
EGTS,2024-02-19,5.19,5.19,5,5.03,-1.76,-0.09,-1,2495407,12702307
EGTS,2024-02-18,5.27,5.27,5.11,5.12,-0.58,-0.03,-1,3020241,15633382
EGTS,2024-02-15,5.28,5.28,5.08,5.15,-1.15,-0.06,-1,3967195,20531764
EGTS,2024-02-14,5.53,5.53,5.11,5.21,-3.52,-0.19,-1,5485441,29215914
EGTS,2024-02-13,5.7,5.7,5.07,5.4,4.65,0.24,-1,13608467,73474144
EGTS,2024-02-12,5.42,5.42,4.94,5.16,-1.9,-0.1,-1,5615431,29234962
EGTS,2024-02-11,5.45,5.45,4.44,5.26,14.35,0.66,-1,16463913,83167536
EGTS,2024-02-08,4.65,4.65,4.22,4.6,4.07,0.18,-1,4476572,19875348
EGTS,2024-02-07,4.73,4.73,4.4,4.42,3.76,0.16,-1,12052701,55152004
EGTS,2024-02-06,4.4,4.4,4.05,4.26,5.71,0.23,-1,11171963,47524056
EGTS,2024-02-05,4.25,4.25,3.9,4.03,1,0.04,-1,4170137,16528353
EGTS,2024-02-04,4.06,4.06,3.92,3.99,0,0,-1,2195694,8777091
EGTS,2024-02-01,4.15,4.15,3.22,3.99,2.3,0.09,-1,516479,2016332.38
EGTS,2024-01-31,4.32,4.32,3.9,3.91,-7.13,-0.3,-1,1702885,6976913.5
EGTS,2024-01-30,4.28,4.28,4.18,4.21,0.24,0.01,-1,460007,1937022.13
EGTS,2024-01-29,4.36,4.36,4.2,4.21,-0.94,-0.04,-1,800274,3417380.75
EGTS,2024-01-28,4.37,4.37,4.12,4.25,3.16,0.13,-1,865416,3709716.75
EGTS,2024-01-24,4.3,4.3,4.1,4.12,-2.83,-0.12,-1,508961,2117952
EGTS,2024-01-23,4.31,4.31,4.21,4.24,0.24,0.01,-1,310489,1319547
EGTS,2024-01-22,4.4,4.4,4.22,4.24,-0.47,-0.02,-1,577579,2472591.75
EGTS,2024-01-21,4.31,4.31,4.21,4.25,0.48,0.02,-1,445149,1891478.38
EGTS,2024-01-18,4.37,4.37,4.15,4.2,-1.87,-0.08,-1,388178,1638406.38
EGTS,2024-01-17,4.43,4.43,4.26,4.28,-2.06,-0.09,-1,517362,2252258
EGTS,2024-01-16,4.47,4.47,4.35,4.37,-0.46,-0.02,-1,355851,1558077.13
EGTS,2024-01-15,4.58,4.58,4.38,4.39,0,0,-1,1112761,4978943
EGTS,2024-01-14,4.53,4.53,4.21,4.39,3.78,0.16,-1,2110246,9361784
EGTS,2024-01-11,4.29,4.29,4.17,4.23,-0.24,-0.01,-1,865769,3640688.75
EGTS,2024-01-10,4.39,4.39,4.24,4.25,-0.7,-0.03,-1,517867,2229568.25
EGTS,2024-01-09,4.37,4.37,4.24,4.28,0.47,0.02,-1,265166,1137835.88
EGTS,2024-01-08,4.34,4.34,4.21,4.26,-1.16,-0.05,-1,328786,1406339.25
EGTS,2024-01-04,4.44,4.44,4.21,4.31,2.14,0.09,-1,885919,3855876.75
EGTS,2024-01-03,4.35,4.35,4.2,4.21,-0.71,-0.03,-1,514383,2187762.25
EGTS,2024-01-02,4.38,4.38,4.15,4.24,1.19,0.05,-1,652290,2789026.5
EGTS,2023-12-31,4.26,4.26,4.1,4.19,0.48,0.02,-1,722453,3015966.5
EGTS,2023-12-28,4.3,4.3,4.14,4.16,-0.48,-0.02,-1,514800,2178926.75
EGTS,2023-12-27,4.31,4.31,4.05,4.17,2.96,0.12,-1,1270610,5360770
EGTS,2023-12-26,4.14,4.14,4.01,4.05,-0.74,-0.03,-1,274152,1112180.25
EGTS,2023-12-25,4.08,4.08,4,4.06,0.74,0.03,-1,151363,612487.06
EGTS,2023-12-24,4.26,4.26,4,4.03,-1.71,-0.07,-1,587323,2394226.5
EGTS,2023-12-21,4.3,4.3,4.1,4.1,-1.68,-0.07,-1,710520,2968152.75
EGTS,2023-12-20,4.43,4.43,4.15,4.17,-4.36,-0.19,-1,1388004,5951435
EGTS,2023-12-19,4.38,4.38,4.1,4.36,6.6,0.27,-1,2644874,11283493
EGTS,2023-12-18,4.2,4.2,4.08,4.09,0.49,0.02,-1,653783,2687428.75
EGTS,2023-12-17,4.14,4.14,4.06,4.07,0,0,-1,187535,766615.19
EGTS,2023-12-14,4.16,4.16,4.04,4.07,0.74,0.03,-1,454222,1858827.63
EGTS,2023-12-13,4.14,4.14,4.01,4.03,-0.25,-0.01,-1,203169,824066.5
EGTS,2023-12-12,4.16,4.16,4.01,4.04,-0.49,-0.02,-1,289350,1182490.09
EGTS,2023-12-11,4.1,4.1,4,4.06,-0.49,-0.02,-1,234470,949216.94
EGTS,2023-12-10,4.15,4.15,4.05,4.08,-1.46,-0.06,-1,162993,668043.94
EGTS,2023-12-07,4.26,4.26,4.01,4.11,-2.61,-0.11,-1,1212119,4990643.5
EGTS,2023-12-06,4.33,4.33,4.04,4.22,3.94,0.16,-1,1156822,4856829
EGTS,2023-12-05,4.29,4.29,3.81,4.06,-9.5,-0.4,-1,560979,2352016.25
EGTS,2023-12-04,4.31,4.31,4.2,4.21,-0.47,-0.02,-1,336937,1424126.88
EGTS,2023-12-03,4.25,4.25,4.09,4.23,3.41,0.14,-1,380290,1594558.5
EGTS,2023-11-30,4.2,4.2,4,4.1,-0.24,-0.01,-1,609821,2507392.5
EGTS,2023-11-29,4.27,4.27,4.1,4.11,-2.38,-0.1,-1,839461,3507617
EGTS,2023-11-28,4.5,4.5,4.14,4.21,-5.19,-0.23,-1,2108316,9021166
EGTS,2023-11-27,4.52,4.52,4.43,4.43,-0.23,-0.01,-1,558057,2488798
EGTS,2023-11-26,4.55,4.55,4.42,4.44,-1.11,-0.05,-1,704907,3166840
EGTS,2023-11-23,4.59,4.59,4.48,4.49,-0.22,-0.01,-1,802106,3618345.25
EGTS,2023-11-22,4.54,4.54,4.41,4.5,1.35,0.06,-1,1045053,4677106.5
EGTS,2023-11-21,4.59,4.59,4.41,4.44,-1.77,-0.08,-1,1323140,5957986.5
EGTS,2023-11-20,4.8,4.8,4.5,4.52,-1.09,-0.05,-1,2403521,11180146
EGTS,2023-11-19,4.74,4.74,4.56,4.57,-1.08,-0.05,-1,1133241,5260209
EGTS,2023-11-16,4.75,4.75,4.6,4.62,0.43,0.02,-1,3080150,14348563
EGTS,2023-11-15,4.63,4.63,4.33,4.6,4.55,0.2,-1,3354933,15205825
EGTS,2023-11-14,4.5,4.5,4.37,4.4,0,0,-1,970796,4289099.5
EGTS,2023-11-13,4.55,4.55,4.36,4.4,1.15,0.05,-1,1939163,8662554
EGTS,2023-11-12,4.5,4.5,4.35,4.35,1.16,0.05,-1,2138112,9444544
EGTS,2023-11-09,4.54,4.54,4.24,4.3,3.86,0.16,-1,3750782,16447542
EGTS,2023-11-08,4.26,4.26,4.12,4.14,-0.72,-0.03,-1,520957,2182646.5
EGTS,2023-11-07,4.29,4.29,4.16,4.17,0.72,0.03,-1,586987,2487334.25
EGTS,2023-11-06,4.31,4.31,4.07,4.17,3.22,0.13,-1,1714630,7221532.5
EGTS,2023-11-05,4.13,4.13,4.03,4.04,0.75,0.03,-1,841553,3417408
EGTS,2023-11-02,4.19,4.19,3.99,4.01,-0.99,-0.04,-1,1799462,7258355
EGTS,2023-11-01,4.14,4.14,4,4.05,1.5,0.06,-1,673998,2740292
EGTS,2023-10-31,4.25,4.25,3.96,3.99,-3.86,-0.16,-1,1711727,7033614
EGTS,2023-10-30,4.33,4.33,4.13,4.15,1.19,0.05,-1,1179144,4992725.5
EGTS,2023-10-29,4.32,4.32,4.13,4.19,0.72,0.03,-1,903207,3827977.67
EGTS,2023-10-26,4.44,4.44,4.11,4.16,-1.19,-0.05,-1,949560,4009600.5
EGTS,2023-10-25,4.48,4.48,4.2,4.21,-0.24,-0.01,-1,1980191,8628906
EGTS,2023-10-24,4.63,4.63,4.12,4.22,-2.76,-0.12,-1,4360730,19304140
EGTS,2023-10-23,4.44,4.44,3.96,4.34,9.05,0.36,-1,3136649,13271727
EGTS,2023-10-22,4.15,4.15,3.98,3.98,0.25,0.01,-1,922272,3694457.75
EGTS,2023-10-19,4.17,4.17,3.91,3.97,-0.75,-0.03,-1,1731202,6952908.5
EGTS,2023-10-18,4.14,4.14,3.98,4,-1.72,-0.07,-1,1325478,5383386
EGTS,2023-10-17,4.27,4.27,4.04,4.07,-2.63,-0.11,-1,446680,1842506.25
EGTS,2023-10-16,4.28,4.28,4.15,4.18,0,0,-1,553289,2322562.25
EGTS,2023-10-15,4.3,4.3,4.16,4.18,-0.24,-0.01,-1,466932,1963567.38
EGTS,2023-10-12,4.31,4.31,4.1,4.19,-2.56,-0.11,-1,226096,950925.38
EGTS,2023-10-11,4.47,4.47,4.25,4.3,-0.69,-0.03,-1,1714944,7404986
EGTS,2023-10-10,4.46,4.46,4.01,4.33,7.18,0.29,-1,1008477,4362996.5
EGTS,2023-10-09,4.15,4.15,3.92,4.04,3.59,0.14,-1,182244,735930.44
EGTS,2023-10-08,4.33,4.33,3.75,3.9,-6.79,-0.29,-1,213023,861376.69
EGTS,2023-10-04,4.35,4.35,4,4.27,3.39,0.14,-1,675675,2832472
EGTS,2023-10-03,4.36,4.36,4.1,4.13,-3.28,-0.14,-1,740711,3139342.75
EGTS,2023-10-02,4.44,4.44,4.16,4.27,-2.06,-0.09,-1,1047848,4469165
EGTS,2023-10-01,4.64,4.64,4.25,4.36,-3.75,-0.17,-1,1133021,5060668.5
EGTS,2023-09-27,4.59,4.59,4.35,4.53,0.44,0.02,-1,1580501,7128706
EGTS,2023-09-26,4.74,4.74,4.5,4.51,-4.04,-0.19,-1,1472692,6779005.5
EGTS,2023-09-25,4.8,4.8,4.66,4.7,-0.63,-0.03,-1,583879,2768196.25
EGTS,2023-09-24,4.87,4.87,4.7,4.73,-1.05,-0.05,-1,1660380,7936388.5
EGTS,2023-09-21,4.9,4.9,4.65,4.78,4.6,0.21,-1,2874015,13814475
EGTS,2023-09-20,4.87,4.87,4.54,4.57,-4.99,-0.24,-1,1217944,5720949
EGTS,2023-09-19,4.94,4.94,4.72,4.81,2.34,0.11,-1,3687942,17871398
EGTS,2023-09-18,4.94,4.94,4.7,4.7,-1.26,-0.06,-1,4165961,19985888
EGTS,2023-09-17,4.97,4.97,4.27,4.76,11.74,0.5,-1,8737894,40965212
EGTS,2023-09-14,4.45,4.45,4.25,4.26,-2.96,-0.13,-1,1341026,5819124
EGTS,2023-09-13,4.53,4.53,4.27,4.39,1.15,0.05,-1,3484830,15360219
EGTS,2023-09-12,4.45,4.45,4.04,4.34,8.5,0.34,-1,9562225,40922464
EGTS,2023-09-11,4.08,4.08,3.8,4,1.78,0.07,-1,1537300,6106446
EGTS,2023-09-10,4.09,4.09,3.92,3.93,1.29,0.05,-1,725204,2880703.25
EGTS,2023-09-07,4.06,4.06,3.69,3.88,5.93,0.22,-1,2594162,10235860
EGTS,2023-09-06,3.84,3.84,3.69,3.71,-1.33,-0.05,-1,2494899,9301351
EGTS,2023-09-05,3.92,3.92,3.75,3.76,-1.57,-0.06,-1,870412,3333863
EGTS,2023-09-04,3.92,3.92,3.75,3.82,1.06,0.04,-1,2104638,8055291
EGTS,2023-09-03,4.1,4.1,3.74,3.78,-3.08,-0.12,-1,3043095,11927930
EGTS,2023-08-31,4.1,4.1,3.9,3.9,-2.26,-0.09,-1,1984484,7840055.5
EGTS,2023-08-30,4.11,4.11,3.94,3.99,0,0,-1,2832195,11363302
EGTS,2023-08-29,4.29,4.29,3.91,3.99,-3.62,-0.15,-1,5505563,22570274
EGTS,2023-08-28,4.35,4.35,3.7,4.14,11.59,0.43,-1,8982121,36280196
EGTS,2023-08-27,3.97,3.97,3.45,3.71,6.61,0.23,-1,4098548,15381262
EGTS,2023-08-24,3.59,3.59,3.4,3.48,-0.57,-0.02,-1,1308100,4556557.5
EGTS,2023-08-23,3.75,3.75,3.47,3.5,-4.63,-0.17,-1,2634338,9502964
EGTS,2023-08-22,3.83,3.83,3.65,3.67,0,0,-1,3309172,12378806
EGTS,2023-08-21,3.93,3.93,3.56,3.67,3.09,0.11,-1,13651277,51203072
EGTS,2023-08-20,3.56,3.56,2.95,3.56,19.87,0.59,-1,11659076,39647760
EGTS,2023-08-17,3.02,3.02,2.96,2.97,-1.33,-0.04,-1,630336,1885167.75
EGTS,2023-08-16,3.06,3.06,2.93,3,3.09,0.09,-1,1979078,5932364.5
EGTS,2023-08-15,3.1,3.1,2.9,2.91,-3,-0.09,-1,2148080,6472432.5
EGTS,2023-08-14,3.05,3.05,2.83,3,6.38,0.18,-1,2037102,6040642
EGTS,2023-08-13,2.85,2.85,2.79,2.82,1.42,0.04,-1,452428,1270271.63
EGTS,2023-08-10,2.89,2.89,2.74,2.81,1.82,0.05,-1,1542184,4343274.5
EGTS,2023-08-09,2.77,2.77,2.74,2.75,0.36,0.01,-1,157641,433552.69
EGTS,2023-08-08,2.77,2.77,2.73,2.74,-0.36,-0.01,-1,516480,1416511.25
EGTS,2023-08-07,2.77,2.77,2.73,2.75,0.36,0.01,-1,287955,793314.56
EGTS,2023-08-06,2.76,2.76,2.7,2.74,0.36,0.01,-1,291827,799038.19
EGTS,2023-08-03,2.77,2.77,2.72,2.74,0.37,0.01,-1,469297,1285321.25
EGTS,2023-08-02,2.84,2.84,2.68,2.73,1.11,0.03,-1,2119212,5876117.5
EGTS,2023-08-01,2.75,2.75,2.64,2.7,2.64,0.07,-1,442751,1189775.63
EGTS,2023-07-31,2.66,2.66,2.6,2.65,0,0,-1,476715,1260660.5
EGTS,2023-07-30,2.67,2.67,2.6,2.65,0.38,0.01,-1,202665,537685.88
EGTS,2023-07-27,2.66,2.66,2.6,2.64,1.14,0.03,-1,351549,927168
EGTS,2023-07-26,2.63,2.63,2.56,2.63,2.73,0.07,-1,322520,843502.56
EGTS,2023-07-25,2.6,2.6,2.55,2.56,-1.16,-0.03,-1,392296,1007857.5
EGTS,2023-07-24,2.64,2.64,2.58,2.59,-0.77,-0.02,-1,334186,866057.19
EGTS,2023-07-19,2.69,2.69,2.61,2.61,0,0,-1,967686,2554752.25
EGTS,2023-07-18,2.65,2.65,2.6,2.61,1.15,0.03,-1,293787,768242.44
EGTS,2023-07-17,2.69,2.69,2.6,2.61,-1.14,-0.03,-1,469187,1235077.75
EGTS,2023-07-16,2.78,2.78,2.62,2.64,-2.22,-0.06,-1,929513,2465889.75
EGTS,2023-07-13,2.78,2.78,2.66,2.7,2.66,0.07,-1,1971261,5341833.5
EGTS,2023-07-12,2.72,2.72,2.62,2.63,-1.13,-0.03,-1,1863353,4938417
EGTS,2023-07-11,2.9,2.9,2.47,2.66,8.57,0.21,-1,6330864,17304380
EGTS,2023-07-10,2.48,2.48,2.44,2.45,-0.4,-0.01,-1,267491,656916.25
EGTS,2023-07-09,2.5,2.5,2.47,2.49,-0.4,-0.01,-1,606329,1511412.63
EGTS,2023-07-06,2.51,2.51,2.44,2.5,1.63,0.04,-1,386895,962523.13
EGTS,2023-07-05,2.5,2.5,2.4,2.46,2.88,0.07,-1,401823,991187.13
EGTS,2023-07-04,2.45,2.45,2.4,2.43,1.25,0.03,-1,391818,951172.13
EGTS,2023-06-26,2.4,2.4,2.38,2.4,0,0,-1,175725,421650
EGTS,2023-06-25,2.45,2.45,2.37,2.4,0,0,-1,290781,696934.06
EGTS,2023-06-22,2.43,2.43,2.39,2.4,0,0,-1,459449,1104358.38
EGTS,2023-06-21,2.47,2.47,2.4,2.4,-2.44,-0.06,-1,872850,2108916.25
EGTS,2023-06-20,2.48,2.48,2.45,2.46,0.41,0.01,-1,500835,1232075.5
EGTS,2023-06-19,2.5,2.5,2.42,2.45,-1.21,-0.03,-1,1515384,3712820.75
EGTS,2023-06-18,2.49,2.49,2.44,2.48,1.22,0.03,-1,291223,719256.63
EGTS,2023-06-15,2.5,2.5,2.44,2.45,-1.61,-0.04,-1,1312248,3238946.75
EGTS,2023-06-14,2.55,2.55,2.45,2.49,-1.97,-0.05,-1,3333279,8341771.5
EGTS,2023-06-13,2.59,2.59,2.53,2.54,-1.17,-0.03,-1,1303072,3331618.5
EGTS,2023-06-12,2.61,2.61,2.55,2.57,0.39,0.01,-1,573166,1476635.63
EGTS,2023-06-11,2.59,2.59,2.53,2.55,0.39,0.01,-1,2829269,7219119
EGTS,2023-06-08,2.6,2.6,2.53,2.54,0.79,0.02,-1,1092484,2789021.5
EGTS,2023-06-07,2.62,2.62,2.53,2.53,-1.56,-0.04,-1,1867977,4802037
EGTS,2023-06-06,2.64,2.64,2.56,2.57,-0.39,-0.01,-1,1440568,3728488.5
EGTS,2023-06-05,2.65,2.65,2.53,2.58,1.98,0.05,-1,3349662,8715501
EGTS,2023-06-04,2.57,2.57,2.5,2.53,0,0,-1,1689160,4291388.5
EGTS,2023-06-01,2.53,2.53,2.49,2.53,1.2,0.03,-1,1388902,3481732.5
EGTS,2023-05-31,2.58,2.58,2.48,2.5,-1.96,-0.05,-1,2277142,5751284
EGTS,2023-05-30,2.6,2.6,2.52,2.55,1.19,0.03,-1,3039833,7798093.5
EGTS,2023-05-29,2.55,2.55,2.44,2.52,0,0,-1,5800630,14519958
EGTS,2023-05-28,2.55,2.55,2.48,2.51,0,0,-1,1890686,4733257.5
EGTS,2023-05-25,2.57,2.57,2.47,2.51,0,0,-1,4611135,11572299
EGTS,2023-05-24,2.6,2.6,2.43,2.51,3.72,0.09,-1,4847954,12279725
EGTS,2023-05-23,2.47,2.47,2.4,2.42,-0.41,-0.01,-1,484421,1170840.38
EGTS,2023-05-22,2.47,2.47,2.43,2.43,-0.41,-0.01,-1,283719,693121.94
EGTS,2023-05-21,2.47,2.47,2.4,2.44,1.66,0.04,-1,344042,835079
EGTS,2023-05-18,2.47,2.47,2.39,2.41,1.25,0.03,-1,809246,1959828.63
EGTS,2023-05-17,2.45,2.45,2.38,2.4,-0.41,-0.01,-1,874060,2100140.5
EGTS,2023-05-16,2.45,2.45,2.4,2.41,-0.41,-0.01,-1,552804,1339275
EGTS,2023-05-15,2.5,2.5,2.42,2.42,-1.63,-0.04,-1,543820,1331089.13
EGTS,2023-05-14,2.5,2.5,2.43,2.46,0.82,0.02,-1,881869,2168421.75
EGTS,2023-05-11,2.52,2.52,2.42,2.44,0.41,0.01,-1,909630,2250571.75
EGTS,2023-05-10,2.52,2.52,2.4,2.45,-1.61,-0.04,-1,381710,930117.31
EGTS,2023-05-09,2.64,2.64,2.45,2.49,-3.49,-0.09,-1,1256864,3204942.5
EGTS,2023-05-08,2.62,2.62,2.45,2.58,4.88,0.12,-1,1761945,4477282.5
EGTS,2023-05-07,2.55,2.55,2.4,2.46,-1.61,-0.04,-1,1236431,3050864
EGTS,2023-05-03,2.6,2.6,2.47,2.49,-2.35,-0.06,-1,1208859,3077051.75
EGTS,2023-05-02,2.62,2.62,2.49,2.55,2.43,0.06,-1,1295499,3302406
EGTS,2023-05-01,2.67,2.67,2.46,2.47,-3.89,-0.1,-1,1359561,3489660.53
EGTS,2023-04-30,2.7,2.7,2.55,2.57,-3.02,-0.08,-1,1678455,4392469.72
EGTS,2023-04-27,2.75,2.75,2.63,2.65,-1.49,-0.04,-1,4454648,11992521
EGTS,2023-04-26,2.75,2.75,2.47,2.69,9.35,0.23,-1,13258997,34762212
EGTS,2023-04-19,2.49,2.49,2.37,2.46,5.13,0.12,-1,1316448,3198411.25
EGTS,2023-04-18,2.45,2.45,2.32,2.34,-1.27,-0.03,-1,860332,2029269.25
EGTS,2023-04-13,2.47,2.47,2.35,2.37,-1.25,-0.03,-1,1199943,2895893.25
EGTS,2023-04-12,2.53,2.53,2.4,2.4,-0.41,-0.01,-1,2779563,6821837
EGTS,2023-04-11,2.45,2.45,2.37,2.41,1.26,0.03,-1,1554833,3748088.75
EGTS,2023-04-10,2.52,2.52,2.37,2.38,-3.64,-0.09,-1,4295008,10415825
EGTS,2023-04-09,2.58,2.58,2.37,2.47,0.41,0.01,-1,4143381,10316208
EGTS,2023-04-06,2.598,2.598,2.3,2.461,7.42,0.17,-1,10884500,26759738
EGTS,2023-04-05,2.34,2.34,2.122,2.291,8.372,0.18,-1,6676107,15050734
EGTS,2023-04-04,2.17,2.17,2.051,2.15,6.061,0.124,-1,3279655,6956149
EGTS,2023-04-03,2.064,2.064,1.99,2.046,3.875,0.077,-1,1481133,3006767.75
EGTS,2023-04-02,2.02,2.02,1.921,1.987,1.895,0.037,-1,459039,906388.688
EGTS,2023-03-30,2,2,1.9,1.953,0.463,0.009,-1,780249,1523235.625
EGTS,2023-03-29,1.95,1.95,1.911,1.944,1.04,0.02,-1,758785,1473836.875
EGTS,2023-03-28,1.96,1.96,1.915,1.924,-1.333,-0.026,-1,1404559,2716253.25
EGTS,2023-03-27,1.98,1.98,1.933,1.95,-0.205,-0.004,-1,717007,1400237.75
EGTS,2023-03-26,1.969,1.969,1.943,1.954,1.92,0.037,-1,787183,1537003.375
EGTS,2023-03-23,1.95,1.95,1.901,1.927,0.524,0.01,-1,300550,576715.375
EGTS,2023-03-22,1.97,1.97,1.891,1.908,0.37,0.007,-1,1205401,2314201.22
EGTS,2023-03-21,1.97,1.97,1.84,1.901,5.028,0.091,-1,1401862,2666493.5
EGTS,2023-03-20,1.87,1.87,1.793,1.81,0.388,0.007,-1,1012146,1861047.5
EGTS,2023-03-19,1.89,1.89,1.7,1.803,1.136,0.02,-1,357523,635000.063
EGTS,2023-03-16,1.85,1.85,1.55,1.76,1.68,0.03,-1,1332499,2317465.75
EGTS,2023-03-15,1.98,1.98,1.71,1.79,-10.94,-0.21,-1,7813064,15082633
EGTS,2023-03-14,1.96,1.96,1.87,1.92,-0.52,-0.01,-1,1529080,2928743.5
EGTS,2023-03-13,2.03,2.03,1.85,1.91,-4.5,-0.09,-1,8315359,16000734
EGTS,2023-03-12,2.11,2.11,1.98,2,-3.38,-0.07,-1,16534640,33767236
EGTS,2023-03-09,2.1,2.1,1.955,2.065,5.789,0.113,-1,9270362,18928836
EGTS,2023-03-08,1.97,1.97,1.85,1.952,2.899,0.055,-1,1565573,3017028.25
EGTS,2023-03-07,1.955,1.955,1.88,1.897,-1.608,-0.031,-1,386977,740574.438
EGTS,2023-03-06,1.968,1.968,1.91,1.928,-0.362,-0.007,-1,604880,1165380.5
EGTS,2023-03-05,1.95,1.95,1.85,1.935,0.676,0.013,-1,515342,995488.313
EGTS,2023-03-02,1.97,1.97,1.92,1.922,-1.03,-0.02,-1,248583,478229.156
EGTS,2023-03-01,1.968,1.968,1.937,1.942,0,0,-1,766984,1493123
EGTS,2023-02-28,1.96,1.96,1.916,1.942,0.831,0.016,-1,491151,948525.25
EGTS,2023-02-27,1.96,1.96,1.911,1.926,-0.773,-0.015,-1,311450,599518
EGTS,2023-02-26,1.96,1.96,1.92,1.941,0.414,0.008,-1,317715,615133.313
EGTS,2023-02-23,1.95,1.95,1.91,1.933,0.521,0.01,-1,568427,1097939.875
EGTS,2023-02-22,1.95,1.95,1.912,1.918,-1.439,-0.028,-1,619563,1190935.625
EGTS,2023-02-21,1.95,1.95,1.9,1.946,1.999,0.038,-1,832469,1610877.25
EGTS,2023-02-20,1.959,1.959,1.891,1.901,-1.452,-0.028,-1,1598782,3060236.25
EGTS,2023-02-19,1.978,1.978,1.923,1.929,-1.931,-0.038,-1,657108,1275048.875
EGTS,2023-02-16,2.03,2.03,1.956,1.968,-1.262,-0.025,-1,1916579,3824028.25
EGTS,2023-02-15,2.03,2.03,1.968,1.981,0,0,-1,1679455,3345977.25
EGTS,2023-02-14,1.989,1.989,1.915,1.981,4.355,0.083,-1,1778642,3496909.75
EGTS,2023-02-13,1.957,1.957,1.901,1.906,-0.882,-0.017,-1,612970,1178570.875
EGTS,2023-02-12,1.984,1.984,1.924,1.928,-2.429,-0.048,-1,567499,1102644.125
EGTS,2023-02-09,1.985,1.985,1.901,1.976,2.463,0.047,-1,1876182,3669634.25
EGTS,2023-02-08,1.969,1.969,1.902,1.908,-1.852,-0.036,-1,1125039,2166449
EGTS,2023-02-07,1.98,1.98,1.927,1.944,1.887,0.036,-1,1857434,3638081
EGTS,2023-02-06,1.98,1.98,1.903,1.908,0.579,0.011,-1,1105861,2146789.5
EGTS,2023-02-05,1.95,1.95,1.827,1.9,-2.062,-0.04,-1,2862905,5386169.5
EGTS,2023-02-02,2.07,2.07,1.93,1.94,-3.98,-0.08,-1,1457866,2901894
EGTS,2023-02-01,2.05,2.05,1.98,2.01,0,0,-1,2452616,4922922.5
EGTS,2023-01-31,2.12,2.12,1.94,2.01,-2.9,-0.06,-1,2838076,5826656
EGTS,2023-01-30,2.19,2.19,2.03,2.07,-2.36,-0.05,-1,1910441,4021053
EGTS,2023-01-29,2.22,2.22,2.11,2.12,-1.85,-0.04,-1,2951020,6336194.5
EGTS,2023-01-25,2.23,2.23,2.13,2.16,2.86,0.06,-1,4469181,9724318
EGTS,2023-01-24,2.16,2.16,2.06,2.1,-0.47,-0.01,-1,1845846,3892949.25
EGTS,2023-01-23,2.22,2.22,2.1,2.11,-2.76,-0.06,-1,2990283,6418264.5
EGTS,2023-01-22,2.28,2.28,2.15,2.17,-2.25,-0.05,-1,6758557,15001874
EGTS,2023-01-19,2.32,2.32,2.21,2.22,-0.45,-0.01,-1,9152503,20716772
EGTS,2023-01-18,2.33,2.33,2.21,2.23,0.9,0.02,-1,6841475,15531689
EGTS,2023-01-17,2.29,2.29,2.19,2.21,0.45,0.01,-1,10412463,23210172
EGTS,2023-01-16,2.28,2.28,2.08,2.2,6.28,0.13,-1,9819564,21180406
EGTS,2023-01-15,2.12,2.12,2.03,2.07,0.49,0.01,-1,3826645,7915660.5
EGTS,2023-01-12,2.08,2.08,1.9,2.06,4.04,0.08,-1,5055145,10275101
EGTS,2023-01-11,2.15,2.15,1.95,1.98,-1.49,-0.03,-1,7175672,14816332
EGTS,2023-01-10,2.07,2.07,1.98,2.01,-0.99,-0.02,-1,8297088,16715251
EGTS,2023-01-09,2.21,2.21,2.01,2.03,-5.58,-0.12,-1,8666781,18091258
EGTS,2023-01-05,2.215,2.215,2.111,2.146,3.223,0.067,-1,6839379,14815520
EGTS,2023-01-04,2.13,2.13,1.95,2.079,-1.841,-0.039,-1,5911560,12250422
EGTS,2023-01-03,2.147,2.147,2.05,2.118,3.6,0.073,-1,9663509,20362768
EGTS,2023-01-02,2.05,2.05,1.95,2.028,3.311,0.065,-1,3987421,8020180.5
EGTS,2022-12-29,2.043,2.043,1.963,1.963,-2.14,-0.043,-1,6655845,13278424.94
EGTS,2022-12-28,2.02,2.02,1.91,2.006,5.357,0.102,-1,11593817,22859586
EGTS,2022-12-27,1.95,1.95,1.89,1.904,0.263,0.005,-1,16996735,32354960
EGTS,2022-12-26,1.924,1.924,1.86,1.899,2.593,0.048,-1,1853160,3514907.75
EGTS,2022-12-25,1.899,1.899,1.84,1.851,-1.069,-0.02,-1,763788,1415767.5
EGTS,2022-12-22,1.98,1.98,1.83,1.871,-4.002,-0.078,-1,2360034,4559943
EGTS,2022-12-21,2.06,2.06,1.931,1.949,-2.938,-0.059,-1,3004761,5954447
EGTS,2022-12-20,2.09,2.09,1.95,2.008,4.312,0.083,-1,7440937,15183559
EGTS,2022-12-19,1.986,1.986,1.9,1.925,-0.977,-0.019,-1,805784,1551266.625
EGTS,2022-12-18,2.019,2.019,1.912,1.944,1.197,0.023,-1,2309780,4553417.5
EGTS,2022-12-15,2.025,2.025,1.92,1.921,-2.365,-0.047,-1,2611291,5164847
EGTS,2022-12-14,2.05,2.05,1.941,1.987,1.957,0.038,-1,5557277,11143050
EGTS,2022-12-13,2,2,1.9,1.942,-0.969,-0.019,-1,5869012,11417196
EGTS,2022-12-12,1.98,1.98,1.85,1.96,1.187,0.023,-1,4082767,7860096
EGTS,2022-12-11,1.999,1.999,1.89,1.937,0.991,0.019,-1,2891481,5609933.5
EGTS,2022-12-08,1.95,1.95,1.834,1.918,3.341,0.062,-1,2477060,4732731
EGTS,2022-12-07,1.939,1.939,1.845,1.856,-2.984,-0.057,-1,4035908,7716341.5
EGTS,2022-12-06,1.93,1.93,1.79,1.91,7.971,0.141,-1,9525529,17726130
EGTS,2022-12-05,1.8,1.8,1.675,1.769,5.325,0.091,-1,5948161,10479084
EGTS,2022-12-04,1.735,1.735,1.702,1.709,0.411,0.007,-1,1551960,2661611
EGTS,2022-12-01,1.72,1.72,1.69,1.702,0.059,0.001,-1,1433980,2442114.5
EGTS,2022-11-30,1.75,1.75,1.693,1.701,-2.577,-0.045,-1,1070499,1838419.375
EGTS,2022-11-29,1.76,1.76,1.682,1.746,3.633,0.061,-1,1871409,3257684.75
EGTS,2022-11-28,1.74,1.74,1.666,1.679,-1.755,-0.03,-1,1262849,2142935.25
EGTS,2022-11-27,1.76,1.76,1.7,1.709,-0.643,-0.011,-1,1204499,2081091.25
EGTS,2022-11-24,1.72,1.72,1.671,1.711,0.529,0.009,-1,1118460,1896003
EGTS,2022-11-23,1.72,1.72,1.681,1.702,0.71,0.012,-1,1346064,2297917.5
EGTS,2022-11-22,1.7,1.7,1.656,1.69,1.258,0.021,-1,824524,1387879.375
EGTS,2022-11-21,1.71,1.71,1.661,1.669,-3.134,-0.054,-1,608113,1028693.313
EGTS,2022-11-20,1.743,1.743,1.716,1.723,-1.263,-0.022,-1,595843,1030307.813
EGTS,2022-11-17,1.779,1.779,1.74,1.742,-0.115,-0.002,-1,628358,1100275.5
EGTS,2022-11-16,1.76,1.76,1.73,1.744,-1.08,-0.019,-1,1046392,1828241.25
EGTS,2022-11-15,1.779,1.779,1.721,1.759,2.327,0.04,-1,6139519,10779743
EGTS,2022-11-14,1.735,1.735,1.68,1.719,2.261,0.038,-1,2079703,3556603.75
EGTS,2022-11-13,1.694,1.694,1.628,1.681,5.754,0.092,-1,1263183,2095000.875
EGTS,2022-11-10,1.63,1.63,1.58,1.599,-1.235,-0.02,-1,527565,839797
EGTS,2022-11-09,1.587,1.587,1.582,1.62,-2.037,-0.033,-1,70695,111991.094
EGTS,2022-11-08,1.647,1.647,1.592,1.62,-1.235,-0.02,-1,51683,82902.383
EGTS,2022-11-07,1.63,1.63,1.573,1.62,2.922,0.046,-1,1374795,2230362.25
EGTS,2022-11-06,1.647,1.647,1.57,1.574,-3.019,-0.049,-1,608531,956578.313
EGTS,2022-11-03,1.622,1.622,1.616,1.623,-0.123,-0.002,-1,139640,226141.719
EGTS,2022-11-02,1.636,1.636,1.617,1.623,-2.296,-0.038,-1,296293,482150.406
EGTS,2022-11-01,1.675,1.675,1.615,1.655,-1.608,-0.027,-1,276630,455288.156
EGTS,2022-10-31,1.685,1.685,1.65,1.679,-0.536,-0.009,-1,116220,192394.734
EGTS,2022-10-30,1.7,1.7,1.6,1.679,1.285,0.021,-1,699917,1160116.125
EGTS,2022-10-27,1.71,1.71,1.626,1.634,-0.487,-0.008,-1,1565928,2570668.5
EGTS,2022-10-26,1.7,1.7,1.636,1.642,-4.49,-0.077,-1,432300,728202.25
EGTS,2022-10-25,1.721,1.721,1.68,1.715,-0.058,-0.001,-1,1862455,3172799.5
EGTS,2022-10-24,1.73,1.73,1.7,1.721,0.879,0.015,-1,1001317,1710407.875
EGTS,2022-10-23,1.72,1.72,1.635,1.706,5.179,0.084,-1,2834854,4811024.5
EGTS,2022-10-20,1.69,1.69,1.52,1.622,8.133,0.122,-1,2752652,4403014
EGTS,2022-10-19,1.519,1.519,1.499,1.5,-0.067,-0.001,-1,283280,426085.375
EGTS,2022-10-18,1.526,1.526,1.47,1.5,0.2,0.003,-1,642543,963549
EGTS,2022-10-17,1.52,1.52,1.48,1.5,0.267,0.004,-1,663533,995664.75
EGTS,2022-10-16,1.5,1.5,1.451,1.496,0.673,0.01,-1,237309,354324.156
EGTS,2022-10-13,1.515,1.515,1.42,1.486,-1.667,-0.025,-1,378009,560721.813
EGTS,2022-10-12,1.49,1.49,1.47,1.5,-2,-0.03,-1,82368,122080.938
EGTS,2022-10-11,1.527,1.527,1.482,1.5,0,0,-1,871754,1307063.75
EGTS,2022-10-10,1.5,1.5,1.49,1.5,0.067,0.001,-1,1416791,2125051.5
EGTS,2022-10-09,1.506,1.506,1.47,1.499,1.688,0.025,-1,376499,562094.813
EGTS,2022-10-05,1.5,1.5,1.473,1.481,-1.66,-0.025,-1,349193,518980.375
EGTS,2022-10-04,1.52,1.52,1.481,1.506,2.721,0.04,-1,1166403,1755099.75
EGTS,2022-10-03,1.508,1.508,1.465,1.47,-0.136,-0.002,-1,368243,545146.063
EGTS,2022-10-02,1.528,1.528,1.465,1.472,-3.173,-0.048,-1,687513,1035763.313
EGTS,2022-09-29,1.548,1.548,1.5,1.513,0.936,0.014,-1,1331074,2022512.375
EGTS,2022-09-28,1.52,1.52,1.492,1.496,-1.058,-0.016,-1,277746,417630.313
EGTS,2022-09-27,1.554,1.554,1.502,1.512,0.066,0.001,-1,559456,850530.75
EGTS,2022-09-26,1.593,1.593,1.5,1.519,-3.8,-0.06,-1,2545627,3882983.75
EGTS,2022-09-25,1.584,1.584,1.55,1.579,-1.393,-0.022,-1,99498,154718.047
EGTS,2022-09-22,1.622,1.622,1.561,1.579,-2.724,-0.044,-1,695208,1111324.5
EGTS,2022-09-21,1.644,1.644,1.51,1.615,6.5,0.099,-1,749402,1199339
EGTS,2022-09-20,1.563,1.563,1.476,1.523,0.985,0.015,-1,176664,265115.125
EGTS,2022-09-19,1.53,1.53,1.47,1.523,1.124,0.017,-1,596936,897775.563
EGTS,2022-09-18,1.639,1.639,1.51,1.513,-5.556,-0.089,-1,589386,928876.375
EGTS,2022-09-15,1.679,1.679,1.6,1.602,-1.476,-0.024,-1,1489057,2402728.5
EGTS,2022-09-14,1.649,1.649,1.61,1.626,-2.41,-0.04,-1,1013973,1654128.25
EGTS,2022-09-13,1.688,1.688,1.62,1.66,0.302,0.005,-1,2104757,3471554.75
EGTS,2022-09-12,1.683,1.683,1.641,1.658,1.531,0.025,-1,366022,611185.875
EGTS,2022-09-11,1.672,1.672,1.621,1.633,1.79,0.029,-1,875356,1447515.5
EGTS,2022-09-08,1.69,1.69,1.603,1.62,-1.038,-0.017,-1,1106314,1808835.25
EGTS,2022-09-07,1.74,1.74,1.63,1.637,-4.604,-0.079,-1,1203348,1997380.125
EGTS,2022-09-06,1.748,1.748,1.705,1.716,1.239,0.021,-1,2566720,4425362
EGTS,2022-09-05,1.748,1.748,1.628,1.695,4.85,0.079,-1,31961909,54321688
EGTS,2022-09-04,1.647,1.647,1.58,1.629,2.004,0.032,-1,1042179,1669326.625
EGTS,2022-09-01,1.629,1.629,1.59,1.597,-0.25,-0.004,-1,652791,1044379.25
EGTS,2022-08-31,1.659,1.659,1.585,1.601,-3.058,-0.05,-1,457750,736471.563
EGTS,2022-08-30,1.65,1.65,1.599,1.635,2.002,0.032,-1,351580,572564.125
EGTS,2022-08-29,1.635,1.635,1.59,1.598,-4.159,-0.069,-1,2123155,3408624
EGTS,2022-08-28,1.659,1.659,1.622,1.659,-1.748,-0.029,-1,163912,268123.844
EGTS,2022-08-25,1.68,1.68,1.619,1.659,0.372,0.006,-1,505650,840771.875
EGTS,2022-08-24,1.67,1.67,1.611,1.615,-0.124,-0.002,-1,357346,584655.25
EGTS,2022-08-23,1.697,1.697,1.608,1.617,-3.239,-0.054,-1,811146,1331819.375
EGTS,2022-08-22,1.7,1.7,1.66,1.667,-2.238,-0.038,-1,893757,1502902.875
EGTS,2022-08-21,1.72,1.72,1.665,1.698,0,0,-1,5262261,8935533
EGTS,2022-08-18,1.718,1.718,1.66,1.698,-2.061,-0.035,-1,151175,253525.047
EGTS,2022-08-17,1.71,1.71,1.67,1.698,-1.118,-0.019,-1,2282517,3875271.75
EGTS,2022-08-16,1.799,1.799,1.69,1.699,-0.176,-0.003,-1,6223414,10701403
EGTS,2022-08-15,1.75,1.75,1.536,1.702,8.586,0.136,-1,5183108,8718791
EGTS,2022-08-14,1.59,1.59,1.571,1.584,0.952,0.015,-1,741838,1172557.625
EGTS,2022-08-11,1.62,1.62,1.5,1.575,0.255,0.004,-1,644980,1017055.938
EGTS,2022-08-10,1.585,1.585,1.53,1.566,2.589,0.04,-1,218789,338809.594
EGTS,2022-08-09,1.588,1.588,1.53,1.545,-1.733,-0.027,-1,477978,742520.625
EGTS,2022-08-08,1.63,1.63,1.55,1.558,1.498,0.023,-1,2418703,3837267
EGTS,2022-08-07,1.57,1.57,1.45,1.535,5.728,0.083,-1,672270,1019822.25
EGTS,2022-08-04,1.45,1.45,1.4,1.449,2.784,0.039,-1,319450,460306.031
EGTS,2022-08-03,1.408,1.408,1.394,1.401,0,0,-1,61550,86261.352
EGTS,2022-08-02,1.428,1.428,1.4,1.401,0.642,0.009,-1,55300,77481.523
EGTS,2022-08-01,1.428,1.428,1.398,1.401,-3.379,-0.049,-1,741612,1040123.875
EGTS,2022-07-31,1.479,1.479,1.441,1.45,-1.695,-0.025,-1,238966,346475.688
EGTS,2022-07-28,1.48,1.48,1.422,1.475,2.502,0.036,-1,314938,464714.063
EGTS,2022-07-27,1.459,1.459,1.417,1.439,-1.32,-0.019,-1,77305,110649.25
EGTS,2022-07-26,1.46,1.46,1.411,1.439,0.069,0.001,-1,31549,45836.973
EGTS,2022-07-25,1.487,1.487,1.433,1.439,0.069,0.001,-1,12533,18292.889
EGTS,2022-07-24,1.448,1.448,1.37,1.439,0.417,0.006,-1,153900,217584.953
EGTS,2022-07-21,1.448,1.448,1.402,1.439,11.815,0.153,-1,269832,386749.938
EGTS,2022-07-20,1.425,1.425,1.391,1.295,9.266,0.12,-1,77181,108641.656
EGTS,2022-07-19,1.41,1.41,1.351,1.295,7.336,0.095,-1,13459,18811.381
EGTS,2022-07-18,1.41,1.41,1.381,1.295,6.795,0.088,-1,120027,167523.281
EGTS,2022-07-17,1.4,1.4,1.3,1.295,5.328,0.069,-1,85907,116433.383
EGTS,2022-07-07,1.37,1.37,1.3,1.295,0.541,0.007,-1,139101,182325.766
EGTS,2022-07-06,1.378,1.378,1.261,1.295,4.247,0.055,-1,6010,7914.944
EGTS,2022-07-05,1.448,1.448,1.251,1.295,-1.931,-0.025,-1,127500,166043.734
EGTS,2022-07-04,1.348,1.348,1.291,1.295,-9.902,-0.142,-1,409399,536023.563
EGTS,2022-07-03,1.351,1.351,1.3,1.434,-9.275,-0.133,-1,27300,35864.465
EGTS,2022-06-29,1.38,1.38,1.369,1.434,-3.766,-0.054,-1,23406,32175.279
EGTS,2022-06-28,1.392,1.392,1.34,1.434,-5.16,-0.074,-1,149811,203602.313
EGTS,2022-06-27,1.437,1.437,1.39,1.434,-2.72,-0.039,-1,177847,250281.297
EGTS,2022-06-26,1.44,1.44,1.432,1.434,0.07,0.001,-1,136620,196380.563
EGTS,2022-06-23,1.499,1.499,1.432,1.434,-2.119,-0.031,-1,283536,410558.813
EGTS,2022-06-22,1.49,1.49,1.461,1.463,1.846,0.027,-1,49000,71854.039
EGTS,2022-06-21,1.471,1.471,1.46,1.463,0,0,-1,79295,116193.852
EGTS,2022-06-20,1.499,1.499,1.461,1.463,-1.68,-0.025,-1,228535,335059.063
EGTS,2022-06-19,1.483,1.483,1.462,1.488,-1.478,-0.022,-1,124454,182720.625
EGTS,2022-06-16,1.501,1.501,1.483,1.488,-2.562,-0.039,-1,422335,632405.625
EGTS,2022-06-15,1.55,1.55,1.5,1.522,-2.436,-0.038,-1,773355,1167897.625
EGTS,2022-06-14,1.523,1.523,1.505,1.56,0,0,-1,55013,83551.977
EGTS,2022-06-13,1.555,1.555,1.51,1.56,0,0,-1,46615,71065.695
EGTS,2022-06-12,1.54,1.54,1.5,1.56,-3.526,-0.055,-1,110542,167182.234
EGTS,2022-06-09,1.577,1.577,1.523,1.56,-1.154,-0.018,-1,115338,178142.109
EGTS,2022-06-08,1.61,1.61,1.55,1.56,-2.75,-0.044,-1,490009,776976.375
EGTS,2022-06-07,1.61,1.61,1.517,1.6,5.398,0.082,-1,4691369,7467211
EGTS,2022-06-06,1.55,1.55,1.43,1.519,4.327,0.063,-1,2308344,3461886.25
EGTS,2022-06-05,1.47,1.47,1.41,1.456,2.394,0.034,-1,1073947,1549322.5
EGTS,2022-06-02,1.424,1.424,1.39,1.42,1.429,0.02,-1,808987,1140341.25
EGTS,2022-06-01,1.41,1.41,1.371,1.4,0.071,0.001,-1,1215711,1701601.375
EGTS,2022-05-31,1.41,1.41,1.33,1.399,2.263,0.031,-1,1719180,2394262.75
EGTS,2022-05-30,1.4,1.4,1.222,1.37,4.58,0.06,-1,2538464,3457384.75
EGTS,2022-05-16,1.31,1.31,1.292,1.31,0,0,-1,138017,180010.875
EGTS,2022-05-15,1.35,1.35,1.111,1.31,-1.132,-0.015,-1,405765,535579.688
EGTS,2022-05-11,1.34,1.34,1.305,1.325,-1.208,-0.016,-1,40620,53599.035
EGTS,2022-05-10,1.33,1.33,1.29,1.325,1.923,0.025,-1,472807,623482.813
EGTS,2022-05-09,1.319,1.319,1.295,1.3,0.153,0.002,-1,472341,613909.688
EGTS,2022-05-08,1.32,1.32,1.28,1.305,-0.766,-0.01,-1,166088,215519.641
EGTS,2022-04-28,1.337,1.337,1.265,1.305,2.623,0.034,-1,369442,482596.563
EGTS,2022-04-27,1.3,1.3,1.255,1.296,-1.62,-0.021,-1,217249,277184.625
EGTS,2022-04-26,1.311,1.311,1.29,1.296,-3.346,-0.045,-1,238950,309980.844
EGTS,2022-04-21,1.349,1.349,1.31,1.345,3.695,0.048,-1,365060,487151.844
EGTS,2022-04-20,1.309,1.309,1.27,1.299,0.692,0.009,-1,1247511,1620222.375
EGTS,2022-04-19,1.309,1.309,1.265,1.3,0,0,-1,224002,291770.813
EGTS,2022-04-18,1.309,1.309,1.15,1.3,0.077,0.001,-1,2173611,2816309.5
EGTS,2022-04-17,1.3,1.3,1.273,1.3,0,0,-1,1737468,2257732.25
EGTS,2022-04-14,1.3,1.3,1.275,1.3,-1.52,-0.02,-1,377241,489584.39
EGTS,2022-04-13,1.33,1.33,1.281,1.32,0.92,0.012,-1,1837357,2413937.98
EGTS,2022-04-12,1.31,1.31,1.28,1.308,0.769,0.01,-1,424995,552257.5
EGTS,2022-04-11,1.3,1.3,1.26,1.3,0,0,-1,270500,350574
EGTS,2022-04-10,1.322,1.322,1.295,1.3,-1.968,-0.026,-1,329725,429556.844
EGTS,2022-04-07,1.334,1.334,1.307,1.321,-0.83,-0.011,-1,348010,459460.78
EGTS,2022-04-06,1.333,1.333,1.31,1.332,-1.985,-0.027,-1,590499,780757.063
EGTS,2022-04-05,1.34,1.34,1.304,1.36,-2.868,-0.039,-1,66550,87484.453
EGTS,2022-04-04,1.35,1.35,1.335,1.36,-1.471,-0.02,-1,57200,76677.5
EGTS,2022-04-03,1.378,1.378,1.33,1.36,-1.985,-0.027,-1,68730,91769.094
EGTS,2022-03-31,1.38,1.38,1.33,1.36,-0.875,-0.012,-1,350525,477423.531
EGTS,2022-03-30,1.38,1.38,1.32,1.372,4.391,0.058,-1,1261000,1712152.75
EGTS,2022-03-29,1.335,1.335,1.284,1.321,0.08,0.001,-1,6549742,8643883.04
EGTS,2022-03-28,1.34,1.34,1.3,1.32,-1.493,-0.02,-1,3619062,4777878
EGTS,2022-03-27,1.357,1.357,1.33,1.34,-1.398,-0.019,-1,3298639,4420351
EGTS,2022-03-24,1.499,1.499,1.347,1.359,7.346,0.093,-1,4214274,5810196
EGTS,2022-03-23,1.3,1.3,1.25,1.266,-3.92,-0.051,-1,507313,644595.313
EGTS,2022-03-22,1.36,1.36,1.273,1.301,-4.104,-0.055,-1,2611227,3397567.5
EGTS,2022-03-21,1.357,1.357,1.3,1.34,0.752,0.01,-1,3048841,4089388.5
EGTS,2022-03-20,1.331,1.331,1.25,1.33,4.89,0.062,-1,3646924,4816558.31
EGTS,2022-03-17,1.269,1.269,1.2,1.268,4.963,0.06,-1,1398192,1758685.75
EGTS,2022-03-16,1.209,1.209,1.16,1.209,4.948,0.057,-1,1852206,2226800
EGTS,2022-03-15,1.152,1.152,1.071,1.152,4.918,0.054,-1,2113907,2398324.75
EGTS,2022-03-14,1.13,1.13,1.093,1.098,-4.439,-0.051,-1,2003817,2217511.5
EGTS,2022-03-13,1.18,1.18,1.147,1.149,-4.805,-0.058,-1,16225469,18635256
EGTS,2022-03-10,1.24,1.24,1.207,1.207,-4.961,-0.063,-1,37232846,44940044
EGTS,2022-03-09,1.279,1.279,1.27,1.27,0.316,0.004,-1,836286,1062845.25
EGTS,2022-03-08,1.31,1.31,1.256,1.266,-0.157,-0.002,-1,15186733,19337734
EGTS,2022-03-07,1.321,1.321,1.263,1.271,-3.71,-0.049,-1,3159458,4047076.19
EGTS,2022-03-06,1.345,1.345,1.302,1.32,0.69,0.009,-1,3121286,4136348.07
EGTS,2022-03-03,1.325,1.325,1.3,1.311,1.46,0.019,-1,6206045,8122756
EGTS,2022-03-02,1.318,1.318,1.28,1.301,1.17,0.015,-1,3759256,4880972.51
EGTS,2022-03-01,1.3,1.3,1.27,1.286,1.261,0.016,-1,2640415,3402276.25
EGTS,2022-02-28,1.3,1.3,1.26,1.269,-2.98,-0.039,-1,2552746,3259485.19
EGTS,2022-02-27,1.33,1.33,1.267,1.308,5.65,0.07,-1,2776622,3601370.72
EGTS,2022-02-24,1.316,1.316,1.201,1.238,-10.03,-0.138,-1,4333059,5505781.09
EGTS,2022-02-23,1.388,1.388,1.345,1.376,2.46,0.033,-1,1154654,1587002.36
EGTS,2022-02-22,1.351,1.351,1.316,1.343,-1.03,-0.014,-1,1191362,1587177.78
EGTS,2022-02-21,1.38,1.38,1.34,1.357,0,0,-1,1153893,1569155.25
EGTS,2022-02-20,1.39,1.39,1.345,1.357,-1.667,-0.023,-1,1319935,1800739.625
EGTS,2022-02-17,1.385,1.385,1.367,1.38,-1.15,-0.016,-1,1784910,2458682.26
EGTS,2022-02-16,1.429,1.429,1.367,1.396,-0.71,-0.01,-1,3159079,4436113.25
EGTS,2022-02-15,1.416,1.416,1.369,1.406,5.08,0.068,-1,5246740,7324045.98
EGTS,2022-02-14,1.37,1.37,1.301,1.338,0.525,0.007,-1,3790482,5069763
EGTS,2022-02-13,1.421,1.421,1.321,1.333,-7.3,-0.105,-1,5600173,7683140.8
EGTS,2022-02-10,1.49,1.49,1.433,1.438,-3.555,-0.053,-1,3112873,4527565
EGTS,2022-02-09,1.535,1.535,1.486,1.491,-1.584,-0.024,-1,5670560,8561598
EGTS,2022-02-08,1.537,1.537,1.509,1.515,-0.39,-0.006,-1,5927592,9004530.51
EGTS,2022-02-07,1.565,1.565,1.517,1.521,-1.105,-0.017,-1,11718783,18010074
EGTS,2022-02-06,1.548,1.548,1.499,1.538,2.602,0.039,-1,13060971,19974380
EGTS,2022-02-03,1.543,1.543,1.493,1.499,-2.47,-0.038,-1,12195334,18444889.23
EGTS,2022-02-02,1.549,1.549,1.476,1.537,3.92,0.058,-1,14119388,21262192.43
EGTS,2022-02-01,1.52,1.52,1.39,1.479,7.49,0.103,-1,14956749,21637832.04
EGTS,2022-01-31,1.382,1.382,1.356,1.376,1.33,0.018,-1,455194,623603.16
EGTS,2022-01-30,1.381,1.381,1.355,1.358,-0.657,-0.009,-1,616458,841667.125
EGTS,2022-01-26,1.404,1.404,1.365,1.369,-0.869,-0.012,-1,570430,783136.875
EGTS,2022-01-25,1.405,1.405,1.37,1.381,1.02,0.014,-1,1657822,2300679.25
EGTS,2022-01-24,1.397,1.397,1.361,1.367,-1.157,-0.016,-1,1566293,2155031
EGTS,2022-01-23,1.44,1.44,1.38,1.383,-4.29,-0.062,-1,4318969,6030227.38
EGTS,2022-01-20,1.465,1.465,1.4,1.445,0.905,0.013,-1,2393873,3457103.25
EGTS,2022-01-19,1.47,1.47,1.426,1.437,-1.033,-0.015,-1,2350756,3400052
EGTS,2022-01-18,1.47,1.47,1.371,1.452,6.72,0.092,-1,3840063,5486579.5
EGTS,2022-01-17,1.41,1.41,1.354,1.369,-1.227,-0.017,-1,1890895,2595733.25
EGTS,2022-01-16,1.421,1.421,1.38,1.386,-2.669,-0.038,-1,2634931,3695007.25
EGTS,2022-01-13,1.46,1.46,1.42,1.424,-2.93,-0.043,-1,3890540,5597939.26
EGTS,2022-01-12,1.496,1.496,1.461,1.467,-1.083,-0.016,-1,2087688,3084686.75
EGTS,2022-01-11,1.51,1.51,1.471,1.477,-1.795,-0.027,-1,5847189,8694085
EGTS,2022-01-10,1.56,1.56,1.495,1.504,-2.91,-0.045,-1,8575118,13068615
EGTS,2022-01-09,1.588,1.588,1.543,1.549,-0.32,-0.005,-1,6685340,10438482.79
EGTS,2022-01-05,1.57,1.57,1.54,1.554,0.52,0.008,-1,3868262,6019389.47
EGTS,2022-01-04,1.574,1.574,1.537,1.546,0.13,0.002,-1,5674268,8842727.66
EGTS,2022-01-03,1.565,1.565,1.52,1.544,1.695,0.026,-1,9442584,14550247
EGTS,2022-01-02,1.573,1.573,1.53,1.534,0.46,0.007,-1,4186408,6471504.51
EGTS,2021-12-30,1.56,1.56,1.475,1.527,1.87,0.028,-1,4103513,6293398.82
EGTS,2021-12-29,1.549,1.549,1.471,1.499,-1.9,-0.029,-1,4589638,6922754.37
EGTS,2021-12-28,1.56,1.56,1.505,1.528,-1.42,-0.022,-1,7557267,11548824.36
EGTS,2021-12-27,1.6,1.6,1.51,1.55,-0.26,-0.004,-1,24694426,38785144.51
EGTS,2021-12-26,1.58,1.58,1.502,1.554,4.155,0.062,-1,23900824,37026608
EGTS,2021-12-23,1.51,1.51,1.42,1.492,4.78,0.068,-1,10201003,14965186.27
EGTS,2021-12-22,1.44,1.44,1.42,1.424,0.71,0.01,-1,1945235,2775918.59
EGTS,2021-12-21,1.43,1.43,1.4,1.414,1,0.014,-1,1273622,1806234.125
EGTS,2021-12-20,1.425,1.425,1.395,1.4,-2.098,-0.03,-1,6267491,8787266
EGTS,2021-12-19,1.46,1.46,1.41,1.43,-0.763,-0.011,-1,1650564,2373196.5
EGTS,2021-12-16,1.461,1.461,1.43,1.441,0.35,0.005,-1,2233566,3221689.33
EGTS,2021-12-15,1.475,1.475,1.392,1.436,2.64,0.037,-1,14947948,21491670.84
EGTS,2021-12-14,1.56,1.56,1.38,1.399,-9.385,-0.145,-1,29422483,42038172
EGTS,2021-12-13,1.59,1.59,1.462,1.545,5.533,0.081,-1,12746729,19656424
EGTS,2021-12-12,1.48,1.48,1.366,1.464,6.061,0.084,-1,5368653,7745812
EGTS,2021-12-09,1.403,1.403,1.375,1.386,-1.07,-0.015,-1,1079521,1501238.32
EGTS,2021-12-08,1.444,1.444,1.383,1.401,-2.096,-0.03,-1,2513264,3541044.5
EGTS,2021-12-07,1.533,1.533,1.423,1.431,-1.45,-0.021,-1,4458139,6597485.15
EGTS,2021-12-06,1.462,1.462,1.4,1.452,-0.68,-0.01,-1,4735272,6809337.93
EGTS,2021-12-05,1.48,1.48,1.428,1.462,2.958,0.042,-1,3039648,4445065.5
EGTS,2021-12-02,1.455,1.455,1.411,1.42,-0.07,-0.001,-1,2029991,2911999
EGTS,2021-12-01,1.45,1.45,1.386,1.431,3.247,0.045,-1,5060721,7241897
EGTS,2021-11-30,1.404,1.404,1.321,1.386,5.723,0.076,-1,2971436,4074647.75
EGTS,2021-11-29,1.37,1.37,1.27,1.328,3.19,0.041,-1,2336904,3106748.98
EGTS,2021-11-28,1.3,1.3,1.25,1.287,-1.61,-0.021,-1,1369516,1757435.14
EGTS,2021-11-25,1.321,1.321,1.27,1.308,4.098,0.052,-1,2174597,2837727.75
EGTS,2021-11-24,1.289,1.289,1.25,1.269,-0.234,-0.003,-1,1604156,2027672.875
EGTS,2021-11-23,1.3,1.3,1.27,1.283,0.469,0.006,-1,1054828,1355686.625
EGTS,2021-11-22,1.29,1.29,1.25,1.279,1.83,0.023,-1,1860379,2362760.57
EGTS,2021-11-21,1.313,1.313,1.251,1.256,-2.484,-0.032,-1,567011,716710.5
EGTS,2021-11-18,1.32,1.32,1.273,1.288,-0.463,-0.006,-1,786710,1011482.25
EGTS,2021-11-17,1.329,1.329,1.22,1.297,2.429,0.031,-1,2995859,3807490.75
EGTS,2021-11-16,1.386,1.386,1.15,1.276,-6.793,-0.093,-1,3830506,4937287.5
EGTS,2021-11-15,1.412,1.412,1.35,1.369,-3.045,-0.043,-1,2759955,3808970
EGTS,2021-11-14,1.428,1.428,1.364,1.412,1.368,0.019,-1,5220214,7339586
EGTS,2021-11-11,1.42,1.42,1.35,1.389,1.833,0.025,-1,3182515,4443438.5
EGTS,2021-11-10,1.417,1.417,1.34,1.364,-2.85,-0.04,-1,2098223,2866465.4
EGTS,2021-11-09,1.457,1.457,1.39,1.404,-1.82,-0.026,-1,8635965,12221277.93
EGTS,2021-11-08,1.458,1.458,1.385,1.43,3.77,0.052,-1,7947663,11264993.97
EGTS,2021-11-07,1.4,1.4,1.36,1.378,-1.57,-0.022,-1,2236723,3078300.81
EGTS,2021-11-04,1.436,1.436,1.396,1.4,-1.269,-0.018,-1,1719450,2419224.75
EGTS,2021-11-03,1.482,1.482,1.38,1.418,-4.19,-0.062,-1,2063541,2971043.53
EGTS,2021-11-02,1.52,1.52,1.434,1.48,-1.86,-0.028,-1,1864877,2765432.63
EGTS,2021-11-01,1.561,1.561,1.505,1.508,-3.21,-0.05,-1,2983242,4544706.94
EGTS,2021-10-31,1.57,1.57,1.5,1.558,2.164,0.033,-1,2732749,4221238
EGTS,2021-10-28,1.544,1.544,1.48,1.525,4.02,0.059,-1,2619026,3961779.15
EGTS,2021-10-27,1.52,1.52,1.41,1.466,2.368,0.034,-1,3958194,5757095
EGTS,2021-10-26,1.58,1.58,1.401,1.436,-2.999,-0.046,-1,8049921,11965871
EGTS,2021-10-25,1.638,1.638,1.515,1.534,-6.46,-0.106,-1,5293844,8213509.75
EGTS,2021-10-24,1.68,1.68,1.633,1.64,0,0,-1,2267351,3739096.33
EGTS,2021-10-20,1.698,1.698,1.503,1.64,-1.91,-0.032,-1,2596344,4183365
EGTS,2021-10-19,1.757,1.757,1.662,1.675,-2.693,-0.046,-1,5984422,10344188
EGTS,2021-10-18,1.725,1.725,1.687,1.708,1.43,0.024,-1,4159578,7125753.76
EGTS,2021-10-17,1.716,1.716,1.675,1.684,0.24,0.004,-1,2926609,4949018.01
EGTS,2021-10-14,1.71,1.71,1.67,1.68,-0.53,-0.009,-1,4848423,8209253.17
EGTS,2021-10-13,1.735,1.735,1.672,1.689,-2.393,-0.041,-1,3843616,6566775.5
EGTS,2021-10-12,1.739,1.739,1.705,1.713,0.587,0.01,-1,5645298,9731932
EGTS,2021-10-11,1.728,1.728,1.683,1.703,-0.117,-0.002,-1,2922142,4985717.5
EGTS,2021-10-10,1.748,1.748,1.695,1.703,-0.12,-0.002,-1,5755809,9878181.63
EGTS,2021-10-06,1.744,1.744,1.69,1.705,-0.47,-0.008,-1,3617843,6172846.17
EGTS,2021-10-05,1.785,1.785,1.7,1.713,-2.45,-0.043,-1,2223442,3843247.34
EGTS,2021-10-04,1.8,1.8,1.75,1.756,-0.284,-0.005,-1,1806364,3188829
EGTS,2021-10-03,1.838,1.838,1.75,1.761,-2.438,-0.044,-1,1751669,3158034.25
EGTS,2021-09-30,1.835,1.835,1.8,1.805,0,0,-1,3382862,6128523.65
EGTS,2021-09-29,1.854,1.854,1.791,1.805,-0.056,-0.001,-1,4739867,8637202
EGTS,2021-09-28,1.83,1.83,1.76,1.801,-0.385,-0.007,-1,3547856,6400605.5
EGTS,2021-09-27,1.945,1.945,1.8,1.816,-5.91,-0.114,-1,4782412,8902449.72
EGTS,2021-09-26,2.02,2.02,1.92,1.93,-1.531,-0.03,-1,6174062,12129642
EGTS,2021-09-23,2,2,1.9,1.96,2.62,0.05,-1,7978282,15597783
EGTS,2021-09-22,1.94,1.94,1.88,1.91,3.24,0.06,-1,6013514,11485848
EGTS,2021-09-21,1.99,1.99,1.77,1.85,-4.55,-0.09,-1,6010522,11070945
EGTS,2021-09-20,2.1,2.1,1.94,1.98,-6.16,-0.13,-1,4746225,9567117.36
EGTS,2021-09-19,2.23,2.23,2.09,2.11,-5.8,-0.13,-1,2719528,5838943.72
EGTS,2021-09-16,2.32,2.32,2.21,2.24,-1.75,-0.04,-1,2446130,5541105.42
EGTS,2021-09-15,2.38,2.38,2.25,2.28,-1.3,-0.03,-1,5483719,12760327.53
EGTS,2021-09-14,2.35,2.35,2.28,2.31,-0.86,-0.02,-1,6896726,15947420
EGTS,2021-09-13,2.35,2.35,2.21,2.33,5.91,0.13,-1,6475995,14843770.28
EGTS,2021-09-12,2.21,2.21,2.13,2.2,-0.45,-0.01,-1,4138964,9032298
EGTS,2021-09-09,2.28,2.28,2.17,2.21,-3.07,-0.07,-1,4048735,8977138.3
EGTS,2021-09-08,2.34,2.34,2.22,2.28,1.79,0.04,-1,4721244,10705059.21
EGTS,2021-09-07,2.27,2.27,2.16,2.24,5.66,0.12,-1,8608317,19108510.31
EGTS,2021-09-06,2.29,2.29,2.1,2.12,-4.93,-0.11,-1,10355408,22464794
EGTS,2021-09-05,2.5,2.5,2.22,2.23,-11.86,-0.3,-1,13550407,31765895.59
EGTS,2021-09-02,2.61,2.61,2.48,2.53,-2.75,-0.07,-1,11600549,29379472
EGTS,2021-09-01,2.6,2.6,2.46,2.55,3.21,0.08,-1,17507766,44623688
EGTS,2021-08-31,2.56,2.56,2.43,2.49,-3.14,-0.08,-1,16789681,41844628
EGTS,2021-08-30,2.71,2.71,2.4,2.55,-4.21,-0.11,-1,26428198,67343848
EGTS,2021-08-29,2.75,2.75,2.4,2.61,1.55,0.04,-1,30255781,79059128
EGTS,2021-08-26,2.8,2.8,2.43,2.58,-10,-0.27,-1,37305343,96251896
EGTS,2021-08-25,2.83,2.83,2.53,2.7,7.91,0.2,-1,45404082,122482216
EGTS,2021-08-24,2.53,2.53,2.45,2.53,10,0.23,-1,32891213,83064416
EGTS,2021-08-23,2.35,2.35,2.15,2.3,9.81,0.21,-1,28309345,65040356
EGTS,2021-08-22,2.18,2.18,2.1,2.14,0.47,0.01,-1,7212657,15404481
EGTS,2021-08-19,2.22,2.22,2.1,2.14,-2.29,-0.05,-1,9014768,19326106
EGTS,2021-08-18,2.26,2.26,2.12,2.18,-6.61,-0.15,-1,10741513,23404110
EGTS,2021-08-17,2.32,2.32,2.2,2.27,1.81,0.04,-1,23675810,53683756
EGTS,2021-08-16,2.27,2.27,2.08,2.21,6.22,0.13,-1,32885232,72521784
EGTS,2021-08-15,2.13,2.13,2.06,2.09,-0.95,-0.02,-1,4266166,8931012
EGTS,2021-08-11,2.16,2.16,2.05,2.1,-2.36,-0.05,-1,6513453,13666320
EGTS,2021-08-10,2.16,2.16,2.01,2.12,1.46,0.03,-1,7675351,16233540
EGTS,2021-08-09,2.08,2.08,2.02,2.05,-1.46,-0.03,-1,2372220,4864105.5
EGTS,2021-08-08,2.14,2.14,2.03,2.06,-2.87,-0.06,-1,4398977,9064140
EGTS,2021-08-05,2.12,2.12,2.05,2.09,0.97,0.02,-1,4673830,9764694.69
EGTS,2021-08-04,2.11,2.11,2.01,2.07,0.97,0.02,-1,4894534,10109341
EGTS,2021-08-03,2.17,2.17,1.98,2.06,-5.12,-0.11,-1,14581942,30094626
EGTS,2021-08-02,2.22,2.22,2.1,2.15,-4.52,-0.1,-1,12559303,27051168
EGTS,2021-08-01,2.27,2.27,2.16,2.21,-5.24,-0.12,-1,11559133,25571908
EGTS,2021-07-29,2.38,2.38,2.18,2.29,-0.89,-0.02,-1,22840142,52214396
EGTS,2021-07-28,2.29,2.29,2.15,2.25,9.57,0.2,-1,47406485,106535056
EGTS,2021-07-27,2.15,2.15,2.01,2.09,6.5,0.13,-1,15455935,32292032
EGTS,2021-07-26,2.07,2.07,1.97,2,-4.83,-0.1,-1,13000154,26048530
EGTS,2021-07-25,2.21,2.21,1.99,2.07,-5.96,-0.13,-1,32121941,66450592
EGTS,2021-07-18,2.27,2.27,2.08,2.18,-3.2,-0.07,-1,20405612,44429408
EGTS,2021-07-15,2.34,2.34,2.08,2.187,12.712,0.247,-1,43120533,94290824
EGTS,2021-07-14,1.943,1.943,1.9,1.943,9.96,0.176,-1,18400474,35744936
EGTS,2021-07-13,1.802,1.802,1.625,1.767,9.945,0.163,-1,15855614,28022716
EGTS,2021-07-12,1.67,1.67,1.623,1.639,-3.047,-0.051,-1,2460718,4032792.25
EGTS,2021-07-11,1.73,1.73,1.65,1.674,-5.143,-0.09,-1,3295532,5517879
EGTS,2021-07-08,1.799,1.799,1.692,1.75,-2.186,-0.038,-1,899655,1574403.5
EGTS,2021-07-07,1.799,1.799,1.684,1.738,7.467,0.125,-1,3328478,5784126.5
EGTS,2021-07-06,1.71,1.71,1.65,1.674,-4.427,-0.078,-1,1679512,2811451.75
EGTS,2021-07-05,1.788,1.788,1.71,1.762,-3.1,-0.055,-1,3341426,5887640
EGTS,2021-07-04,1.787,1.787,1.76,1.774,0.17,0.003,-1,1662220,2948367.5
EGTS,2021-06-30,1.807,1.807,1.74,1.764,0.399,0.007,-1,4960813,8751555
EGTS,2021-06-29,1.78,1.78,1.733,1.753,-2.076,-0.037,-1,2711421,4753387.5
EGTS,2021-06-28,1.81,1.81,1.74,1.782,-0.498,-0.009,-1,3744577,6671453
EGTS,2021-06-27,1.86,1.86,1.765,1.809,0.056,0.001,-1,7014535,12692594
EGTS,2021-06-24,1.83,1.83,1.694,1.785,3.573,0.062,-1,19580669,34946108
EGTS,2021-06-23,1.77,1.77,1.72,1.735,-2.7,-0.048,-1,1318808,2287780.5
EGTS,2021-06-22,1.834,1.834,1.733,1.778,-5.125,-0.094,-1,6311952,11223917
EGTS,2021-06-21,1.9,1.9,1.787,1.834,1.733,0.031,-1,5527014,10136173
EGTS,2021-06-20,1.869,1.869,1.71,1.789,14.764,0.238,-1,16492386,29496744
EGTS,2021-06-17,1.657,1.657,1.47,1.612,9.954,0.15,-1,3265780,5264550.5
EGTS,2021-06-16,1.549,1.549,1.466,1.507,-1.427,-0.022,-1,533833,804241.625
EGTS,2021-06-15,1.599,1.599,1.48,1.542,-3.718,-0.058,-1,1666947,2571042
EGTS,2021-06-14,1.577,1.577,1.54,1.56,-1.649,-0.026,-1,883264,1378210.5
EGTS,2021-06-13,1.621,1.621,1.55,1.577,-2.258,-0.036,-1,2244797,3540396
EGTS,2021-06-10,1.619,1.619,1.57,1.594,-0.621,-0.01,-1,1244011,1983487.125
EGTS,2021-06-09,1.635,1.635,1.587,1.61,-0.685,-0.011,-1,2730410,4397044.5
EGTS,2021-06-08,1.66,1.66,1.575,1.607,-2.836,-0.047,-1,1733301,2785205.25
EGTS,2021-06-07,1.697,1.697,1.63,1.657,-2.794,-0.047,-1,2712425,4493352.5
EGTS,2021-06-06,1.719,1.719,1.652,1.682,-1.724,-0.029,-1,1613460,2714074.5
EGTS,2021-06-03,1.72,1.72,1.62,1.682,-0.89,-0.015,-1,4390982,7385910.5
EGTS,2021-06-02,1.738,1.738,1.633,1.685,-4.053,-0.07,-1,7787513,13121284
EGTS,2021-06-01,1.768,1.768,1.7,1.727,-3.109,-0.055,-1,5555601,9597129
EGTS,2021-05-31,1.825,1.825,1.72,1.769,-2.082,-0.037,-1,7087836,12538181
EGTS,2021-05-30,1.845,1.845,1.692,1.777,1.769,0.031,-1,17073870,30338778
EGTS,2021-05-27,1.785,1.785,1.705,1.752,1.744,0.03,-1,9197066,16111026
EGTS,2021-05-26,1.773,1.773,1.65,1.72,6.667,0.11,-1,13767304,23673628
EGTS,2021-05-25,1.68,1.68,1.614,1.65,1.327,0.022,-1,6149064,10143339
EGTS,2021-05-24,1.7,1.7,1.605,1.658,-2.395,-0.04,-1,3005814,4985058
EGTS,2021-05-23,1.7,1.7,1.57,1.67,4.294,0.07,-1,13259823,22143668
EGTS,2021-05-20,1.65,1.65,1.614,1.63,-1.824,-0.03,-1,7662427,12487884
EGTS,2021-05-19,1.67,1.67,1.62,1.645,-0.181,-0.003,-1,4704640,7740386
EGTS,2021-05-18,1.67,1.67,1.632,1.653,2.643,0.043,-1,8318026,13749350
EGTS,2021-05-17,1.635,1.635,1.61,1.627,0.184,0.003,-1,1356865,2207533.5
EGTS,2021-05-11,1.65,1.65,1.61,1.631,0.684,0.011,-1,5736023,9353523
EGTS,2021-05-10,1.65,1.65,1.54,1.609,5.512,0.085,-1,8717491,14026186
EGTS,2021-05-09,1.56,1.56,1.54,1.542,0,0,-1,2424024,3738778.25
EGTS,2021-05-06,1.55,1.55,1.521,1.541,-0.901,-0.014,-1,2295284,3537002.75
EGTS,2021-05-05,1.57,1.57,1.533,1.554,0.715,0.011,-1,1330324,2067698.625
EGTS,2021-05-04,1.56,1.56,1.52,1.539,1.183,0.018,-1,3490353,5370845
EGTS,2021-04-28,1.54,1.54,1.501,1.522,-1.17,-0.018,-1,770533,1172865.75
EGTS,2021-04-27,1.56,1.56,1.522,1.54,-1.282,-0.02,-1,2548340,3925097.25
EGTS,2021-04-26,1.6,1.6,1.542,1.56,-0.257,-0.004,-1,2543555,3967573
EGTS,2021-04-25,1.603,1.603,1.47,1.554,7.75,0.113,-1,11139147,17312022
EGTS,2021-04-22,1.474,1.474,1.421,1.458,1.113,0.016,-1,2534814,3695239
EGTS,2021-04-21,1.46,1.46,1.421,1.437,1.399,0.02,-1,4453248,6398568.5
EGTS,2021-04-20,1.455,1.455,1.42,1.43,3.943,0.055,-1,4206095,6013076.5
EGTS,2021-04-19,1.42,1.42,1.335,1.395,6.208,0.083,-1,2519659,3515525.5
EGTS,2021-04-18,1.369,1.369,1.33,1.337,0.753,0.01,-1,166425,222484.75
EGTS,2021-04-15,1.34,1.34,1.27,1.328,2.682,0.035,-1,715500,949925.5
EGTS,2021-04-14,1.354,1.354,1.25,1.305,-3.506,-0.048,-1,1929980,2519443.25
EGTS,2021-04-13,1.385,1.385,1.36,1.369,-1.588,-0.022,-1,1148090,1571230
EGTS,2021-04-12,1.4,1.4,1.37,1.385,1.313,0.018,-1,947161,1311818
EGTS,2021-04-11,1.395,1.395,1.347,1.371,4.532,0.06,-1,2114983,2899332
EGTS,2021-04-08,1.35,1.35,1.315,1.324,0.379,0.005,-1,3361719,4449570.5
EGTS,2021-04-07,1.34,1.34,1.312,1.32,1.295,0.017,-1,4988000,6582399
EGTS,2021-04-06,1.348,1.348,1.28,1.313,-0.452,-0.006,-1,1716405,2253693.25
EGTS,2021-04-05,1.36,1.36,1.31,1.326,-4.248,-0.059,-1,2228883,2956193.75
EGTS,2021-04-04,1.428,1.428,1.366,1.389,-2.768,-0.039,-1,1673673,2324336.25
EGTS,2021-04-01,1.424,1.424,1.389,1.409,3.066,0.042,-1,3225383,4545129.5
EGTS,2021-03-31,1.425,1.425,1.355,1.37,2.297,0.032,-1,3126773,4284891.5
EGTS,2021-03-30,1.41,1.41,1.38,1.393,0.216,0.003,-1,1105353,1540249
EGTS,2021-03-29,1.41,1.41,1.37,1.388,1.739,0.024,-1,2528474,3509049
EGTS,2021-03-28,1.4,1.4,1.37,1.38,1.626,0.022,-1,1641386,2265276
EGTS,2021-03-25,1.39,1.39,1.291,1.353,3.886,0.052,-1,2597505,3513635.25
EGTS,2021-03-24,1.366,1.366,1.315,1.338,2.088,0.027,-1,2215697,2963938
EGTS,2021-03-23,1.369,1.369,1.231,1.293,-3.535,-0.048,-1,4130688,5339840
EGTS,2021-03-22,1.42,1.42,1.34,1.358,-5.33,-0.076,-1,5678230,7709092.5
EGTS,2021-03-21,1.508,1.508,1.344,1.426,-3.406,-0.05,-1,3782256,5395270
EGTS,2021-03-18,1.499,1.499,1.45,1.468,0.402,0.006,-1,4970310,7297045
EGTS,2021-03-17,1.53,1.53,1.48,1.493,-0.47,-0.007,-1,3017652,4505027
EGTS,2021-03-16,1.515,1.515,1.451,1.488,1.821,0.027,-1,3895777,5797687
EGTS,2021-03-15,1.523,1.523,1.461,1.483,1.997,0.029,-1,5399655,8006353.5
EGTS,2021-03-14,1.54,1.54,1.432,1.452,1.37,0.02,-1,53660341,77924016
EGTS,2021-03-11,1.48,1.48,1.44,1.46,2.582,0.037,-1,1526515,2227970.5
EGTS,2021-03-10,1.51,1.51,1.42,1.433,1.53,0.022,-1,189390810,271395392
EGTS,2021-03-09,1.46,1.46,1.43,1.438,-0.417,-0.006,-1,3397550,4887362.5
EGTS,2021-03-08,1.46,1.46,1.427,1.439,0.487,0.007,-1,2187269,3147369.25
EGTS,2021-03-07,1.469,1.469,1.422,1.438,2.2,0.031,-1,1762246,2533584.75
EGTS,2021-03-04,1.43,1.43,1.36,1.409,1.347,0.019,-1,2250275,3170326
EGTS,2021-03-03,1.454,1.454,1.35,1.411,-4.827,-0.071,-1,4112454,5803003
EGTS,2021-03-02,1.498,1.498,1.442,1.471,-0.619,-0.009,-1,1721957,2532391
EGTS,2021-03-01,1.463,1.463,1.44,1.455,0.069,0.001,-1,927965,1350520.125
EGTS,2021-02-28,1.474,1.474,1.44,1.459,-2.694,-0.04,-1,1981224,2890002.25
EGTS,2021-02-25,1.5,1.5,1.463,1.485,1.794,0.026,-1,2565967,3809829.75
EGTS,2021-02-24,1.466,1.466,1.437,1.449,-0.613,-0.009,-1,5095839,7382007.5
EGTS,2021-02-23,1.507,1.507,1.451,1.468,-3.054,-0.046,-1,1755927,2578268.25
EGTS,2021-02-22,1.52,1.52,1.491,1.506,0.539,0.008,-1,1711164,2577012.75
EGTS,2021-02-21,1.5,1.5,1.47,1.483,1.283,0.019,-1,1286796,1907978
EGTS,2021-02-18,1.509,1.509,1.471,1.481,-1.398,-0.021,-1,1482314,2195946
EGTS,2021-02-17,1.52,1.52,1.48,1.502,-1.639,-0.025,-1,3196508,4800306
EGTS,2021-02-16,1.54,1.54,1.51,1.525,0.264,0.004,-1,5589996,8522003
EGTS,2021-02-15,1.541,1.541,1.492,1.516,-1.986,-0.031,-1,4365550,6616246.5
EGTS,2021-02-14,1.61,1.61,1.507,1.561,-5.059,-0.081,-1,6480837,10115520
EGTS,2021-02-11,1.614,1.614,1.577,1.601,1.727,0.027,-1,9264541,14836465
EGTS,2021-02-10,1.59,1.59,1.548,1.563,1.408,0.022,-1,15000905,23451006
EGTS,2021-02-09,1.577,1.577,1.551,1.563,-1.941,-0.031,-1,5439920,8504523
EGTS,2021-02-08,1.665,1.665,1.546,1.597,-6.438,-0.107,-1,12281114,19611592
EGTS,2021-02-07,1.68,1.68,1.642,1.662,-1.024,-0.017,-1,7881426,13101504
EGTS,2021-02-04,1.692,1.692,1.64,1.66,-3.012,-0.051,-1,7412334,12308077
EGTS,2021-02-03,1.718,1.718,1.67,1.693,2.011,0.033,-1,33053198,55971532
EGTS,2021-02-02,1.678,1.678,1.583,1.641,4.545,0.072,-1,45051572,73921408
EGTS,2021-02-01,1.6,1.6,1.562,1.584,0.254,0.004,-1,4296681,6806380
EGTS,2021-01-31,1.599,1.599,1.55,1.576,-3.536,-0.057,-1,11743908,18505840
EGTS,2021-01-27,1.637,1.637,1.583,1.612,-2.52,-0.041,-1,12933448,20847990
EGTS,2021-01-26,1.67,1.67,1.6,1.627,-0.186,-0.003,-1,18761899,30527948
EGTS,2021-01-25,1.65,1.65,1.571,1.61,5.328,0.082,-1,27723332,44646444
EGTS,2021-01-24,1.56,1.56,1.491,1.539,3.04,0.046,-1,14721522,22654982
EGTS,2021-01-21,1.535,1.535,1.493,1.513,-1.254,-0.019,-1,5050617,7640255
EGTS,2021-01-20,1.55,1.55,1.49,1.515,0.468,0.007,-1,8287477,12555317
EGTS,2021-01-19,1.513,1.513,1.452,1.496,-0.334,-0.005,-1,3525103,5272675
EGTS,2021-01-18,1.53,1.53,1.46,1.497,-3.922,-0.06,-1,3501597,5240668
EGTS,2021-01-17,1.54,1.54,1.516,1.53,-0.391,-0.006,-1,2028631,3103414
EGTS,2021-01-14,1.559,1.559,1.515,1.536,-1.87,-0.029,-1,2814784,4322707.5
EGTS,2021-01-13,1.589,1.589,1.521,1.551,-1.608,-0.025,-1,5638348,8743077
EGTS,2021-01-12,1.581,1.581,1.52,1.555,3.104,0.047,-1,18702978,29084250
EGTS,2021-01-11,1.531,1.531,1.49,1.514,2.503,0.037,-1,9497618,14381660
EGTS,2021-01-10,1.5,1.5,1.45,1.478,2.921,0.042,-1,6404061,9463794
EGTS,2021-01-06,1.449,1.449,1.42,1.438,0.492,0.007,-1,2399749,3450679
EGTS,2021-01-05,1.43,1.43,1.4,1.423,0.423,0.006,-1,2117452,3013231.25
EGTS,2021-01-04,1.44,1.44,1.4,1.417,-1.817,-0.026,-1,2239194,3173232.5
EGTS,2021-01-03,1.45,1.45,1.412,1.431,14.19,0.02,-1,4048779,5794696
EGTS,2020-12-31,1.427,1.427,1.398,1.409,0,0,-1,2123602,2992033.5
EGTS,2020-12-30,1.424,1.424,1.4,1.409,2.386,0.033,-1,3247524,4575264
EGTS,2020-12-29,1.397,1.397,1.378,1.383,0.506,0.007,-1,3391356,4690823.5
EGTS,2020-12-28,1.409,1.409,1.373,1.383,0,0,-1,2047676,2832125.75
EGTS,2020-12-27,1.396,1.396,1.362,1.38,-1.791,-0.025,-1,998647,1378604.875
EGTS,2020-12-24,1.444,1.444,1.3,1.396,-7.997,-0.113,-1,2710944,3784206.5
EGTS,2020-12-23,1.45,1.45,1.4,1.413,1.717,0.024,-1,1356562,1916585.75
EGTS,2020-12-22,1.42,1.42,1.35,1.398,0.72,0.01,-1,2380450,3327942.5
EGTS,2020-12-21,1.48,1.48,1.345,1.391,-6.69,-0.1,-1,9026532,12555875
EGTS,2020-12-20,1.511,1.511,1.48,1.494,0.135,0.002,-1,1028925,1537254
EGTS,2020-12-17,1.498,1.498,1.46,1.478,-0.667,-0.01,-1,1105671,1634115
EGTS,2020-12-16,1.557,1.557,1.46,1.5,-4.328,-0.067,-1,5634197,8449723
EGTS,2020-12-15,1.58,1.58,1.524,1.548,-0.455,-0.007,-1,9635726,14920657
EGTS,2020-12-14,1.559,1.559,1.525,1.537,1.449,0.022,-1,1493148,2294434
EGTS,2020-12-13,1.549,1.549,1.49,1.518,1.712,0.026,-1,3987800,6054884.5
EGTS,2020-12-10,1.559,1.559,1.5,1.519,-3.448,-0.054,-1,3335135,5065385.5
EGTS,2020-12-09,1.61,1.61,1.54,1.566,-1.579,-0.025,-1,5796187,9075707
EGTS,2020-12-08,1.6,1.6,1.563,1.583,1.138,0.018,-1,5546582,8781335
EGTS,2020-12-07,1.62,1.62,1.56,1.582,-0.94,-0.015,-1,5704457,9023610
EGTS,2020-12-06,1.618,1.618,1.56,1.595,5.755,0.088,-1,18283248,29152814
EGTS,2020-12-03,1.559,1.559,1.463,1.529,3.552,0.053,-1,14116070,21587324
EGTS,2020-12-02,1.53,1.53,1.461,1.492,-2.986,-0.045,-1,4472922,6675213.5
EGTS,2020-12-01,1.54,1.54,1.48,1.507,-1.948,-0.03,-1,9751143,14695862
EGTS,2020-11-30,1.569,1.569,1.514,1.54,-0.262,-0.004,-1,9563108,14723184
EGTS,2020-11-29,1.57,1.57,1.479,1.526,5.668,0.084,-1,27306278,41664744
EGTS,2020-11-26,1.516,1.516,1.432,1.482,4.603,0.066,-1,36866834,54640132
EGTS,2020-11-25,1.455,1.455,1.409,1.434,1.705,0.024,-1,7856232,11269539
EGTS,2020-11-24,1.414,1.414,1.396,1.408,0.935,0.013,-1,3924068,5525848
EGTS,2020-11-23,1.408,1.408,1.383,1.391,-0.575,-0.008,-1,2007022,2791636.75
EGTS,2020-11-22,1.421,1.421,1.381,1.392,-1.777,-0.025,-1,2692147,3746972.25
EGTS,2020-11-19,1.428,1.428,1.39,1.407,-2.845,-0.041,-1,2217255,3118676
EGTS,2020-11-18,1.46,1.46,1.42,1.441,-1.252,-0.018,-1,5170201,7451007.5
EGTS,2020-11-17,1.455,1.455,1.418,1.438,2.128,0.03,-1,6826793,9820224
EGTS,2020-11-16,1.424,1.424,1.4,1.41,-0.282,-0.004,-1,1517915,2140976
EGTS,2020-11-15,1.44,1.44,1.407,1.419,-0.914,-0.013,-1,2694178,3823486.5
EGTS,2020-11-12,1.437,1.437,1.407,1.423,-2.759,-0.04,-1,2737518,3894234
EGTS,2020-11-11,1.47,1.47,1.412,1.45,-0.56,-0.008,-1,8519340,12349895
EGTS,2020-11-10,1.46,1.46,1.384,1.429,6.691,0.09,-1,13000545,18576066
EGTS,2020-11-09,1.377,1.377,1.301,1.345,4.736,0.062,-1,4111579,5529694
EGTS,2020-11-08,1.325,1.325,1.29,1.309,-0.23,-0.003,-1,3049352,3992629
EGTS,2020-11-05,1.325,1.325,1.29,1.304,-0.998,-0.013,-1,2695319,3515248.5
EGTS,2020-11-04,1.32,1.32,1.296,1.303,0,0,-1,738634,962401.5
EGTS,2020-11-03,1.31,1.31,1.27,1.298,0.621,0.008,-1,762606,990128.813
EGTS,2020-11-02,1.325,1.325,1.26,1.288,-2.214,-0.029,-1,2672855,3443135.25
EGTS,2020-11-01,1.33,1.33,1.303,1.31,-1.578,-0.021,-1,1940269,2542216.25
EGTS,2020-10-28,1.36,1.36,1.321,1.331,-0.967,-0.013,-1,2170463,2888543.75
EGTS,2020-10-27,1.355,1.355,1.31,1.344,1.586,0.021,-1,2779365,3734227.5
EGTS,2020-10-26,1.34,1.34,1.302,1.324,2.844,0.037,-1,3022049,4002534.5
EGTS,2020-10-25,1.325,1.325,1.25,1.301,-0.301,-0.004,-1,4229359,5504166.5
EGTS,2020-10-22,1.377,1.377,1.302,1.329,-3.942,-0.054,-1,4359238,5791419.5
EGTS,2020-10-21,1.41,1.41,1.312,1.37,-3.712,-0.052,-1,7087353,9712631
EGTS,2020-10-20,1.41,1.41,1.392,1.401,-1.06,-0.015,-1,4005688,5612328.5
EGTS,2020-10-19,1.437,1.437,1.405,1.415,-1.264,-0.018,-1,2341447,3313799.75
EGTS,2020-10-18,1.441,1.441,1.416,1.424,-1.797,-0.026,-1,2243086,3193320.75
EGTS,2020-10-15,1.47,1.47,1.437,1.447,-1.774,-0.026,-1,3651949,5285422
EGTS,2020-10-14,1.475,1.475,1.45,1.466,1.24,0.018,-1,4815650,7060173
EGTS,2020-10-13,1.483,1.483,1.433,1.452,-3.089,-0.046,-1,7282019,10572495
EGTS,2020-10-12,1.515,1.515,1.466,1.489,0.618,0.009,-1,17433365,25962386
EGTS,2020-10-11,1.47,1.47,1.445,1.457,1.52,0.022,-1,6685108,9742249
EGTS,2020-10-07,1.467,1.467,1.427,1.447,2.12,0.03,-1,18661184,26996962
EGTS,2020-10-06,1.43,1.43,1.401,1.414,0.71,0.01,-1,5308715,7506110
EGTS,2020-10-05,1.43,1.43,1.39,1.406,-0.71,-0.01,-1,5163443,7261700.5
EGTS,2020-10-04,1.445,1.445,1.4,1.416,0.71,0.01,-1,7748436,10971183
EGTS,2020-10-01,1.428,1.428,1.4,1.407,-1.059,-0.015,-1,3836975,5396971
EGTS,2020-09-30,1.43,1.43,1.4,1.417,-1.889,-0.027,-1,2035039,2883408.75
EGTS,2020-09-29,1.467,1.467,1.411,1.429,-2.338,-0.034,-1,2779120,3970830.5
EGTS,2020-09-28,1.478,1.478,1.405,1.454,2.635,0.037,-1,6590445,9581729
EGTS,2020-09-27,1.424,1.424,1.387,1.404,1.156,0.016,-1,2715587,3812190
EGTS,2020-09-24,1.414,1.414,1.301,1.384,-1.358,-0.019,-1,5217817,7220695
EGTS,2020-09-23,1.419,1.419,1.38,1.399,0.363,0.005,-1,3988289,5579561
EGTS,2020-09-22,1.398,1.398,1.342,1.376,-0.07,-0.001,-1,2904985,3997500
EGTS,2020-09-21,1.434,1.434,1.332,1.377,-4.277,-0.06,-1,7143360,9839456
EGTS,2020-09-20,1.417,1.417,1.352,1.403,-1.334,-0.019,-1,3323516,4663405.5
EGTS,2020-09-17,1.45,1.45,1.405,1.424,-0.91,-0.013,-1,4138237,5892899.5
EGTS,2020-09-16,1.44,1.44,1.41,1.429,2.345,0.033,-1,4047353,5785227
EGTS,2020-09-15,1.428,1.428,1.393,1.407,0.14,0.002,-1,5368754,7555792
EGTS,2020-09-14,1.47,1.47,1.394,1.426,-3.005,-0.044,-1,5089288,7258175.5
EGTS,2020-09-13,1.498,1.498,1.448,1.464,0.97,0.014,-1,5005770,7329433.5
EGTS,2020-09-10,1.48,1.48,1.43,1.45,4.965,0.07,-1,6965480,10102252
EGTS,2020-09-09,1.435,1.435,1.375,1.41,-0.49,-0.007,-1,4680325,6600525.5
EGTS,2020-09-08,1.488,1.488,1.373,1.417,-5.548,-0.083,-1,7931226,11239521
EGTS,2020-09-07,1.518,1.518,1.462,1.496,-0.88,-0.013,-1,6151091,9202981
EGTS,2020-09-06,1.51,1.51,1.468,1.478,-3.016,-0.046,-1,7752016,11455527
EGTS,2020-09-03,1.56,1.56,1.5,1.525,-2.274,-0.035,-1,10134294,15450703
EGTS,2020-09-02,1.58,1.58,1.51,1.539,-4.279,-0.068,-1,11836844,18217928
EGTS,2020-09-01,1.633,1.633,1.52,1.589,-4.851,-0.078,-1,19656368,31232966
EGTS,2020-08-31,1.65,1.65,1.58,1.608,-0.751,-0.012,-1,9524251,15318107
EGTS,2020-08-19,1.64,1.64,1.541,1.597,5.332,0.082,-1,37840971,60444904
EGTS,2020-08-18,1.57,1.57,1.471,1.538,1.583,0.024,-1,18022008,27719402
EGTS,2020-08-17,1.542,1.542,1.481,1.516,-3.111,-0.048,-1,8741675,13249970
EGTS,2020-08-16,1.558,1.558,1.522,1.543,0.459,0.007,-1,10248234,15817209
EGTS,2020-08-13,1.546,1.546,1.507,1.524,0,0,-1,26048664,39691148
EGTS,2020-08-12,1.55,1.55,1.488,1.523,2.787,0.041,-1,50426079,76785584
EGTS,2020-08-11,1.487,1.487,1.435,1.471,2.279,0.033,-1,15025926,22096554
EGTS,2020-08-10,1.486,1.486,1.422,1.448,-1.76,-0.026,-1,19251220,27867196
EGTS,2020-08-09,1.487,1.487,1.455,1.474,0.687,0.01,-1,7250877,10688820
EGTS,2020-08-06,1.47,1.47,1.441,1.455,1.256,0.018,-1,5900292,8585056
EGTS,2020-08-05,1.458,1.458,1.401,1.433,2.401,0.034,-1,11246676,16113691
EGTS,2020-08-04,1.434,1.434,1.394,1.416,2.89,0.04,-1,8724671,12352465
EGTS,2020-07-29,1.404,1.404,1.359,1.384,2.67,0.036,-1,17522456,24248724
EGTS,2020-07-28,1.365,1.365,1.337,1.348,-0.66,-0.009,-1,3048067,4107602.25
EGTS,2020-07-27,1.373,1.373,1.33,1.357,-1.183,-0.016,-1,3857562,5236352.5
EGTS,2020-07-26,1.369,1.369,1.33,1.353,0.902,0.012,-1,4583739,6200515.5
EGTS,2020-07-22,1.359,1.359,1.32,1.33,-0.741,-0.01,-1,5901565,7846686.5
EGTS,2020-07-21,1.375,1.375,1.33,1.349,0.9,0.012,-1,7128308,9618844
EGTS,2020-07-20,1.36,1.36,1.3,1.337,2.37,0.031,-1,7657562,10238474
EGTS,2020-07-19,1.368,1.368,1.28,1.306,-2.402,-0.032,-1,4491189,5867404.5
EGTS,2020-07-16,1.36,1.36,1.27,1.332,0.372,0.005,-1,9464295,12609111
EGTS,2020-07-15,1.46,1.46,1.312,1.345,-7.69,-0.112,-1,27078614,36429896
EGTS,2020-07-14,1.5,1.5,1.43,1.457,-5.523,-0.084,-1,14780663,21535612
EGTS,2020-07-13,1.56,1.56,1.486,1.521,-0.07,-0.001,-1,19153133,29130716
EGTS,2020-07-12,1.559,1.559,1.474,1.522,2.63,0.039,-1,25959843,39522837.2
EGTS,2020-07-09,1.54,1.54,1.449,1.483,-3.58,-0.055,-1,20878774,30967420
EGTS,2020-07-08,1.6,1.6,1.477,1.538,2.95,0.044,-1,39833566,61254340
EGTS,2020-07-07,1.52,1.52,1.462,1.494,1.851,0.027,-1,22797791,34054760
EGTS,2020-07-06,1.489,1.489,1.42,1.459,3.4,0.048,-1,43691862,63732796
EGTS,2020-07-05,1.427,1.427,1.39,1.411,1.95,0.027,-1,14250761,20104090
EGTS,2020-06-30,1.395,1.395,1.36,1.384,1.24,0.017,-1,8522905,11797610
EGTS,2020-06-29,1.395,1.395,1.351,1.367,-1.8,-0.025,-1,8484835,11600576
EGTS,2020-06-28,1.428,1.428,1.364,1.392,0.87,0.012,-1,6109230,8503035
EGTS,2020-06-25,1.417,1.417,1.36,1.38,-2.4,-0.034,-1,5768484,7961603.5
EGTS,2020-06-24,1.435,1.435,1.389,1.414,3.29,0.045,-1,17360233,24540596
EGTS,2020-06-23,1.38,1.38,1.351,1.369,-1.01,-0.014,-1,5509058,7541207.5
EGTS,2020-06-22,1.414,1.414,1.353,1.383,-2.238,-0.031,-1,6597323,9121128
EGTS,2020-06-21,1.399,1.399,1.376,1.385,-1.63,-0.023,-1,6146610,8512607
EGTS,2020-06-18,1.426,1.426,1.395,1.408,-1.054,-0.015,-1,6739267,9490570
EGTS,2020-06-17,1.446,1.446,1.405,1.423,0.57,0.008,-1,10178323,14487696
EGTS,2020-06-16,1.434,1.434,1.401,1.415,1.07,0.015,-1,14114595,19966352
EGTS,2020-06-15,1.422,1.422,1.365,1.4,1.08,0.015,-1,7745413,10845214
EGTS,2020-06-14,1.415,1.415,1.353,1.385,-1.783,-0.025,-1,9534247,13207399
EGTS,2020-06-11,1.43,1.43,1.387,1.402,-2.16,-0.031,-1,15438585,21639334
EGTS,2020-06-10,1.459,1.459,1.403,1.433,3.476,0.048,-1,28586531,40962832
EGTS,2020-06-09,1.45,1.45,1.342,1.381,-2.401,-0.035,-1,109901318,151746160
EGTS,2020-06-08,1.53,1.53,1.429,1.458,-3.76,-0.057,-1,18509416,26984220
EGTS,2020-06-07,1.538,1.538,1.484,1.515,3.2,0.047,-1,3877567,5876232.97
EGTS,2020-06-04,1.5,1.5,1.43,1.468,3.219,0.046,-1,10128828,14870725
EGTS,2020-06-03,1.452,1.452,1.4,1.429,2.88,0.04,-1,5111550,7304071.5
EGTS,2020-06-02,1.45,1.45,1.342,1.389,4.75,0.063,-1,19293654,26804766
EGTS,2020-06-01,1.399,1.399,1.3,1.326,-4.47,-0.062,-1,12676908,16805518
EGTS,2020-05-31,1.425,1.425,1.37,1.388,0,0,-1,5781603,8026333
EGTS,2020-05-21,1.42,1.42,1.36,1.388,-1.887,-0.027,-1,3732914,5180084.5
EGTS,2020-05-20,1.59,1.59,1.401,1.431,-8.033,-0.125,-1,8406288,12027485
EGTS,2020-05-19,1.627,1.627,1.517,1.556,0,0,-1,1800531,2800961.25
EGTS,2020-05-18,1.615,1.615,1.521,1.556,-7.59,-0.126,-1,1531936,2383124.75
EGTS,2020-05-17,1.72,1.72,1.6,1.66,0.61,0.01,-1,5801624,9632982
EGTS,2020-05-14,1.709,1.709,1.615,1.65,-2.71,-0.046,-1,1052760,1737118.625
EGTS,2020-05-13,1.734,1.734,1.65,1.696,-0.41,-0.007,-1,522987,887122.375
EGTS,2020-05-12,1.722,1.722,1.651,1.703,1.85,0.031,-1,386254,657771.313
EGTS,2020-05-11,1.74,1.74,1.61,1.672,0.12,0.002,-1,506386,846879.125
EGTS,2020-05-10,1.75,1.75,1.621,1.67,-2.62,-0.045,-1,505200,843495.938
EGTS,2020-05-07,1.758,1.758,1.64,1.715,-2.056,-0.036,-1,606799,1040597.063
EGTS,2020-05-06,1.768,1.768,1.726,1.751,-0.11,-0.002,-1,485640,850190.313
EGTS,2020-05-05,1.775,1.775,1.71,1.753,1.45,0.025,-1,497604,872249.625
EGTS,2020-05-04,1.773,1.773,1.675,1.728,-1.26,-0.022,-1,2687018,4641909.5
EGTS,2020-05-03,1.838,1.838,1.66,1.75,-4.68,-0.086,-1,3311422,5796447
EGTS,2020-04-30,1.889,1.889,1.807,1.836,-2.75,-0.052,-1,2464341,4525006
EGTS,2020-04-29,1.94,1.94,1.84,1.888,0.43,0.008,-1,1005575,1898173.5
EGTS,2020-04-28,1.925,1.925,1.84,1.88,2.01,0.037,-1,1389772,2612531
EGTS,2020-04-27,1.889,1.889,1.81,1.843,0.55,0.01,-1,928365,1710626.125
EGTS,2020-04-26,1.87,1.87,1.8,1.83,4.57,0.08,-1,1460098,2672113.5
EGTS,2020-04-23,1.8,1.8,1.685,1.75,4.92,0.082,-1,2828509,4950971.5
EGTS,2020-04-22,1.719,1.719,1.632,1.668,0.97,0.016,-1,693850,1157524.375
EGTS,2020-04-21,1.689,1.689,1.62,1.652,-3.05,-0.052,-1,442929,731530.875
EGTS,2020-04-16,1.728,1.728,1.673,1.704,0.95,0.016,-1,477820,814113.125
EGTS,2020-04-15,1.74,1.74,1.678,1.688,-0.88,-0.015,-1,720543,1216405.25
EGTS,2020-04-14,1.74,1.74,1.69,1.703,-0.807,-0.014,-1,1039928,1771498.5
EGTS,2020-04-13,1.784,1.784,1.687,1.734,1.05,0.018,-1,2111649,3660701.5
EGTS,2020-04-12,1.759,1.759,1.666,1.716,0.41,0.007,-1,641325,1100729.125
EGTS,2020-04-09,1.75,1.75,1.653,1.709,1.54,0.026,-1,1772923,3029163.75
EGTS,2020-04-08,1.711,1.711,1.62,1.683,3.06,0.05,-1,3239496,5450766.5
EGTS,2020-04-07,1.697,1.697,1.57,1.633,4.15,0.065,-1,4323404,7060642
EGTS,2020-04-06,1.609,1.609,1.451,1.568,7.18,0.105,-1,2938156,4606972.5
EGTS,2020-04-05,1.56,1.56,1.436,1.463,-9.401,-0.149,-1,1223290,1789277.625
EGTS,2020-04-02,1.6,1.6,1.507,1.585,1.68,0.026,-1,1720208,2727278
EGTS,2020-04-01,1.56,1.56,1.511,1.548,-3.25,-0.052,-1,3541850,5482450.5
EGTS,2020-03-31,1.63,1.63,1.46,1.6,6.52,0.098,-1,4215454,6744680.5
EGTS,2020-03-30,1.6,1.6,1.45,1.502,-1.119,-0.017,-1,1045660,1570996.625
EGTS,2020-03-29,1.6,1.6,1.49,1.519,1.47,0.022,-1,1053605,1600110.75
EGTS,2020-03-26,1.569,1.569,1.45,1.497,4.32,0.062,-1,2430632,3638004.25
EGTS,2020-03-25,1.443,1.443,1.39,1.435,9.38,0.123,-1,3975495,5703790
EGTS,2020-03-24,1.361,1.361,1.28,1.312,5.98,0.074,-1,2212746,2904112
EGTS,2020-03-23,1.26,1.26,1.19,1.238,8.03,0.092,-1,3005363,3720445
EGTS,2020-03-22,1.194,1.194,1.1,1.146,5.52,0.06,-1,4679726,5360631
EGTS,2020-03-19,1.178,1.178,0.964,1.086,1.4,0.015,-1,4832417,5249325
EGTS,2020-03-18,1.17,1.17,1.062,1.071,-9.24,-0.109,-1,67550,72331.453
EGTS,2020-03-17,1.185,1.185,1.18,1.18,-9.99,-0.131,-1,1183528,1396686.875
EGTS,2020-03-16,1.449,1.449,1.31,1.311,-9.9,-0.144,-1,1126013,1475789.5
EGTS,2020-03-15,1.5,1.5,1.449,1.455,-9.63,-0.155,-1,145607,211869.672
EGTS,2020-03-11,1.65,1.65,1.6,1.61,0.63,0.01,-1,4060153,6524915.5
EGTS,2020-03-10,1.67,1.67,1.53,1.6,-4.73,-0.08,-1,2788918,4475698
EGTS,2020-03-09,1.75,1.75,1.69,1.69,-9.63,-0.18,-1,800764,1357188.5
EGTS,2020-03-08,1.99,1.99,1.85,1.87,-8.78,-0.18,-1,382865,717861.06
EGTS,2020-03-05,2.09,2.09,2.02,2.05,1.99,0.04,-1,374274,765621.31
EGTS,2020-03-04,2.07,2.07,1.96,2.01,-1.47,-0.03,-1,781697,1567444.25
EGTS,2020-03-03,2.11,2.11,2,2.04,1.49,0.03,-1,655047,1337771.38
EGTS,2020-03-02,2.16,2.16,1.97,2.01,-1.47,-0.03,-1,1336521,2689580.75
EGTS,2020-03-01,2.12,2.12,2,2.04,-8.11,-0.18,-1,465613,951111.56
EGTS,2020-02-27,2.33,2.33,2.15,2.22,-3.48,-0.08,-1,7536871,16725410
EGTS,2020-02-26,2.36,2.36,2.28,2.3,1.32,0.03,-1,254580,585524.63
EGTS,2020-02-25,2.4,2.4,2.27,2.27,-2.58,-0.06,-1,5226677,11886959
EGTS,2020-02-24,2.37,2.37,2.28,2.33,-2.92,-0.07,-1,266405,620175.19
EGTS,2020-02-23,2.45,2.45,2.34,2.4,-1.23,-0.03,-1,452421,1086802.25
EGTS,2020-02-20,2.47,2.47,2.39,2.43,5.65,0.13,-1,1069303,2595056.75
EGTS,2020-02-19,2.43,2.43,2.23,2.3,1.77,0.04,-1,6477428,14917840
EGTS,2020-02-18,2.3,2.3,2.19,2.26,-0.44,-0.01,-1,3091087,6986605.5
EGTS,2020-02-17,2.3,2.3,2.19,2.27,3.18,0.07,-1,391650,887201.75
EGTS,2020-02-16,2.23,2.23,2.18,2.2,-2.65,-0.06,-1,243222,536296.19
EGTS,2020-02-13,2.28,2.28,2.21,2.26,1.35,0.03,-1,204282,460938.34
EGTS,2020-02-12,2.27,2.27,2.2,2.23,-2.19,-0.05,-1,279452,623775.25
EGTS,2020-02-11,2.3,2.3,2.26,2.28,-0.437,-0.01,-1,198859,453386.81
EGTS,2020-02-10,2.3,2.3,2.28,2.29,-1.29,-0.03,-1,228654,523354.56
EGTS,2020-02-09,2.36,2.36,2.29,2.32,-0.43,-0.01,-1,582999,1351071.63
EGTS,2020-02-06,2.38,2.38,2.3,2.33,-0.43,-0.01,-1,403010,939956
EGTS,2020-02-05,2.38,2.38,2.32,2.34,0.429,0.01,-1,38782,90747.98
EGTS,2020-02-04,2.42,2.42,2.32,2.33,-0.43,-0.01,-1,53757,125375.04
EGTS,2020-02-03,2.42,2.42,2.3,2.34,-0.43,-0.01,-1,36209,84865.45
EGTS,2020-02-02,2.43,2.43,2.31,2.35,-1.26,-0.03,-1,2077444,4879160
EGTS,2020-01-30,2.45,2.45,2.28,2.38,4.39,0.1,-1,1176713,2795966.25
EGTS,2020-01-29,2.32,2.32,2.21,2.28,4.59,0.1,-1,376274,857504.81
EGTS,2020-01-28,2.21,2.21,2.12,2.18,-1.36,-0.03,-1,1577913,3439031.5
EGTS,2020-01-27,2.26,2.26,2.2,2.21,-1.78,-0.04,-1,4332080,9576535
EGTS,2020-01-26,2.27,2.27,2.24,2.25,0,0,-1,51700,116550
EGTS,2020-01-23,2.28,2.28,2.24,2.25,0.45,0.01,-1,3356264,7556441.5
EGTS,2020-01-22,2.27,2.27,2.21,2.24,0.9,0.02,-1,426289,953891.31
EGTS,2020-01-21,2.29,2.29,2.19,2.22,-4.72,-0.11,-1,787260,1747925.5
EGTS,2020-01-20,2.37,2.37,2.27,2.33,-3.32,-0.08,-1,182464,425181.69
EGTS,2020-01-19,2.47,2.47,2.36,2.41,-1.63,-0.04,-1,453465,1092192.25
EGTS,2020-01-16,2.49,2.49,2.42,2.45,0,0,-1,232489,570135.38
EGTS,2020-01-15,2.51,2.51,2.35,2.45,2.51,0.06,-1,1557705,3810716.25
EGTS,2020-01-14,2.43,2.43,2.31,2.39,3.46,0.08,-1,1414443,3381038.5
EGTS,2020-01-13,2.35,2.35,2.29,2.31,0,0,-1,388772,899563.19
EGTS,2020-01-12,2.34,2.34,2.26,2.31,-0.43,-0.01,-1,690013,1593348.13
EGTS,2020-01-09,2.35,2.35,2.29,2.32,5.45,0.12,-1,1329115,3077099.25
EGTS,2020-01-08,2.24,2.24,2.01,2.2,7.84,0.16,-1,3992839,8794203
EGTS,2020-01-06,2.11,2.11,2,2.04,-5.99,-0.13,-1,1082117,2205366
EGTS,2020-01-05,2.4,2.4,2.16,2.17,-9.21,-0.22,-1,501340,1089152.75
EGTS,2020-01-02,2.44,2.44,2.35,2.39,-0.42,-0.01,-1,40675,97120.27
EGTS,2019-12-31,2.48,2.48,2.32,2.4,-1.23,-0.03,-1,485807,1167400.13
EGTS,2019-12-30,2.52,2.52,2.4,2.43,-2.02,-0.05,-1,349820,849346.31
EGTS,2019-12-29,2.58,2.58,2.45,2.48,-1.59,-0.04,-1,305293,757498.38
EGTS,2019-12-26,2.57,2.57,2.5,2.52,0.4,0.01,-1,234825,591344
EGTS,2019-12-25,2.55,2.55,2.47,2.51,1.21,0.03,-1,483505,1211741.13
EGTS,2019-12-24,2.52,2.52,2.45,2.48,-1.98,-0.05,-1,362775,898818.31
EGTS,2019-12-23,2.58,2.58,2.5,2.53,-2.32,-0.06,-1,229141,580609.88
EGTS,2019-12-22,2.62,2.62,2.57,2.59,0.78,0.02,-1,249299,646482.13
EGTS,2019-12-19,2.6,2.6,2.55,2.57,-2.3,-0.06,-1,168850,433642.66
EGTS,2019-12-18,2.63,2.63,2.57,2.61,2.35,0.06,-1,1234590,3216858.25
EGTS,2019-12-17,2.59,2.59,2.51,2.55,2.82,0.07,-1,1076646,2744756
EGTS,2019-12-16,2.57,2.57,2.44,2.48,-3.13,-0.08,-1,555229,1378672.75
EGTS,2019-12-15,2.6,2.6,2.5,2.56,2.81,0.07,-1,1365960,3496164
EGTS,2019-12-12,2.51,2.51,2.44,2.49,-2.4,-0.06,-1,195001,484580.875
EGTS,2019-12-11,2.57,2.57,2.46,2.5,2.46,0.06,-1,295392,739241.875
EGTS,2019-12-10,2.56,2.56,2.4,2.44,0,0,-1,1443326,3517280.5
EGTS,2019-12-09,2.52,2.52,2.41,2.44,-3.17,-0.08,-1,303113,739885.5
EGTS,2019-12-08,2.6,2.6,2.45,2.52,-0.79,-0.02,-1,650750,1636888.25
EGTS,2019-12-05,2.7,2.7,2.5,2.54,-3.79,-0.1,-1,477400,1212713.875
EGTS,2019-12-04,2.7,2.7,2.58,2.64,4.76,0.12,-1,400815,1056819.875
EGTS,2019-12-03,2.61,2.61,2.4,2.52,-2.33,-0.06,-1,371732,937927.125
EGTS,2019-12-02,2.79,2.79,2.5,2.58,-6.18,-0.17,-1,1012824,2612607.5
EGTS,2019-12-01,2.88,2.88,2.72,2.75,-0.725,-0.02,-1,214963,590313.25
EGTS,2019-11-28,2.81,2.81,2.73,2.76,1.818,0.05,-1,262609,725798.438
EGTS,2019-11-27,2.9,2.9,2.7,2.75,-3.17,-0.09,-1,1488226,4090424
EGTS,2019-11-26,2.94,2.94,2.8,2.84,-1.73,-0.05,-1,332310,943090.875
EGTS,2019-11-25,2.94,2.94,2.85,2.89,-1.7,-0.05,-1,157221,454684.938
EGTS,2019-11-24,2.98,2.98,2.91,2.94,-1.01,-0.03,-1,295959,871338.375
EGTS,2019-11-21,3.02,3.02,2.93,2.97,-1,-0.03,-1,570697,1693243.125
EGTS,2019-11-20,3.06,3.06,2.97,3,-2.6,-0.08,-1,782088,2349234.25
EGTS,2019-11-19,3.14,3.14,3.02,3.08,-1.6,-0.05,-1,2958878,9125852
EGTS,2019-11-18,3.17,3.17,3.06,3.13,1.29,0.04,-1,3184927,9973134
EGTS,2019-11-17,3.15,3.15,3,3.09,0.98,0.03,-1,8440082,26098382
EGTS,2019-11-14,3.15,3.15,2.99,3.06,-1.29,-0.04,-1,17200288,52644532
EGTS,2019-11-13,3.15,3.15,3.05,3.1,2.31,0.07,-1,9471204,29326608
EGTS,2019-11-12,3.1,3.1,2.95,3.03,5.21,0.15,-1,9578624,28975700
EGTS,2019-11-11,3,3,2.77,2.88,8.791,0.24,-1,17722439,50952796
EGTS,2019-11-07,2.76,2.76,2.67,2.73,1.859,0.05,-1,5672236,15504518
EGTS,2019-11-06,2.72,2.72,2.64,2.69,0.75,0.02,-1,4665565,12530298
EGTS,2019-11-05,2.73,2.73,2.63,2.67,-0.74,-0.02,-1,3379845,9039485
EGTS,2019-11-04,2.78,2.78,2.65,2.69,-2.89,-0.08,-1,3093435,8327898.66
EGTS,2019-11-03,2.8,2.8,2.74,2.77,1.09,0.03,-1,1292380,3574340.25
EGTS,2019-10-31,2.78,2.78,2.67,2.74,3.01,0.08,-1,9130012,25035860
EGTS,2019-10-30,2.68,2.68,2.63,2.66,0.76,0.02,-1,1001634,2660780
EGTS,2019-10-29,2.66,2.66,2.63,2.64,0,0,-1,563097,1488581.75
EGTS,2019-10-28,2.68,2.68,2.62,2.64,-1.12,-0.03,-1,437091,1155010.875
EGTS,2019-10-27,2.7,2.7,2.62,2.67,0.75,0.02,-1,2585773,6915102.5
EGTS,2019-10-24,2.7,2.7,2.62,2.65,-0.75,-0.02,-1,2063729,5469414.5
EGTS,2019-10-23,2.7,2.7,2.62,2.67,0.38,0.01,-1,577624,1539810
EGTS,2019-10-22,2.69,2.69,2.62,2.66,1.92,0.05,-1,1050498,2798370.75
EGTS,2019-10-21,2.65,2.65,2.6,2.61,-2.25,-0.06,-1,719751,1878776.625
EGTS,2019-10-20,2.7,2.7,2.63,2.67,-1.84,-0.05,-1,754870,2012995.125
EGTS,2019-10-17,2.77,2.77,2.65,2.72,-0.37,-0.01,-1,1156010,3141367.25
EGTS,2019-10-16,2.75,2.75,2.64,2.73,3.41,0.09,-1,5042530,13755521
EGTS,2019-10-15,2.7,2.7,2.6,2.64,-2.22,-0.06,-1,561609,1481863.125
EGTS,2019-10-14,2.73,2.73,2.65,2.7,-0.74,-0.02,-1,789358,2133491.25
EGTS,2019-10-13,2.77,2.77,2.7,2.72,0.74,0.02,-1,368081,1000112.5
EGTS,2019-10-10,2.75,2.75,2.62,2.7,3.053,0.08,-1,1957256,5293619.5
EGTS,2019-10-09,2.7,2.7,2.6,2.62,-2.6,-0.07,-1,3512824,9215203
EGTS,2019-10-08,2.74,2.74,2.61,2.69,-0.74,-0.02,-1,443079,1191450.625
EGTS,2019-10-07,2.77,2.77,2.68,2.71,-0.73,-0.02,-1,604426,1635858.375
EGTS,2019-10-03,2.76,2.76,2.67,2.73,-1.44,-0.04,-1,879047,2395942.5
EGTS,2019-10-02,2.83,2.83,2.68,2.77,-3.48,-0.1,-1,3385321,9373153
EGTS,2019-10-01,2.9,2.9,2.8,2.87,-0.69,-0.02,-1,7199878,20692262
EGTS,2019-09-30,2.93,2.93,2.86,2.89,0,0,-1,1173768,3395638
EGTS,2019-09-29,2.92,2.92,2.81,2.89,4.71,0.13,-1,3300312,9548179
EGTS,2019-09-26,2.81,2.81,2.69,2.76,0,0,-1,1124660,3100978.5
EGTS,2019-09-25,2.82,2.82,2.69,2.77,5.73,0.15,-1,2310886,6395534
EGTS,2019-09-24,2.8,2.8,2.56,2.62,-5.07,-0.14,-1,2680093,7032765.5
EGTS,2019-09-23,2.85,2.85,2.65,2.76,4.15,0.11,-1,4799531,13239253
EGTS,2019-09-22,2.73,2.73,2.55,2.65,-3.28,-0.09,-1,2320223,6144417.5
EGTS,2019-09-19,2.85,2.85,2.69,2.74,1.11,0.03,-1,1908394,5229463.5
EGTS,2019-09-18,2.76,2.76,2.66,2.71,0.74,0.02,-1,1120505,3032640
EGTS,2019-09-17,2.77,2.77,2.64,2.69,-1.82,-0.05,-1,2362158,6361344
EGTS,2019-09-16,2.83,2.83,2.69,2.74,-4.2,-0.12,-1,2995817,8195258.5
EGTS,2019-09-15,2.9,2.9,2.82,2.86,-0.69,-0.02,-1,468823,1339368.375
EGTS,2019-09-12,2.94,2.94,2.85,2.88,-1.71,-0.05,-1,808940,2331889.75
EGTS,2019-09-11,2.98,2.98,2.9,2.93,-2.007,-0.06,-1,1322282,3876032
EGTS,2019-09-10,3.04,3.04,2.92,2.99,0.34,0.01,-1,2087952,6245624.5
EGTS,2019-09-09,3.01,3.01,2.89,2.98,3.11,0.09,-1,3087377,9192423
EGTS,2019-09-08,2.95,2.95,2.84,2.89,-1.37,-0.04,-1,1588231,4590981.5
EGTS,2019-09-05,3.04,3.04,2.84,2.93,-3.3,-0.1,-1,3783890,11092783
EGTS,2019-09-04,3.15,3.15,2.93,3.03,-2.57,-0.08,-1,2186663,6633462
EGTS,2019-09-03,3.2,3.2,3.06,3.11,-1.58,-0.05,-1,1264839,3931620.75
EGTS,2019-09-02,3.25,3.25,3.05,3.16,2.93,0.09,-1,2772290,8754042
EGTS,2019-09-01,3.15,3.15,2.96,3.07,3.37,0.1,-1,2225047,6824942.5
EGTS,2019-08-29,3.02,3.02,2.9,2.97,1.71,0.05,-1,3481411,10344720
EGTS,2019-08-28,2.97,2.97,2.87,2.92,1.39,0.04,-1,1577178,4598209.5
EGTS,2019-08-27,3,3,2.8,2.88,-4.64,-0.14,-1,4126701,11872713
EGTS,2019-08-26,3.07,3.07,2.98,3.02,0.667,0.02,-1,4243819,12811329
EGTS,2019-08-25,3.06,3.06,2.88,3,2.04,0.06,-1,30957609,92802296
EGTS,2019-08-22,2.99,2.99,2.87,2.94,3.16,0.09,-1,7151700,21036152
EGTS,2019-08-21,2.91,2.91,2.77,2.85,5.17,0.14,-1,9965654,28360372
EGTS,2019-08-20,2.75,2.75,2.5,2.71,8.4,0.21,-1,6843336,18526556
EGTS,2019-08-19,2.55,2.55,2.38,2.5,0.4,0.01,-1,2952378,7380468.5
EGTS,2019-08-18,2.51,2.51,2.45,2.49,-1.19,-0.03,-1,2721960,6775015
EGTS,2019-08-15,2.6,2.6,2.46,2.52,0.8,0.02,-1,2152268,5413868.5
EGTS,2019-08-14,2.55,2.55,2.42,2.5,5.04,0.12,-1,5959942,14879940
EGTS,2019-08-08,2.43,2.43,2.3,2.381,5.78,0.13,-1,8277878,19712540
EGTS,2019-08-07,2.328,2.328,2.135,2.251,5.04,0.108,-1,12031046,27077328
EGTS,2019-08-06,2.179,2.179,2.071,2.143,1.81,0.038,-1,4497067,9638308
EGTS,2019-08-05,2.139,2.139,2.022,2.105,1.01,0.021,-1,4339134,9134986
EGTS,2019-08-04,2.11,2.11,1.931,2.084,5.79,0.114,-1,6938631,14462424
EGTS,2019-08-01,1.99,1.99,1.95,1.97,0.1,0.002,-1,416481,820479
EGTS,2019-07-31,1.98,1.98,1.902,1.968,2.71,0.052,-1,1563336,3076945.25
EGTS,2019-07-30,1.97,1.97,1.87,1.916,1.59,0.03,-1,4603352,8818467
EGTS,2019-07-29,1.95,1.95,1.836,1.885,-1,-0.019,-1,4369786,8235697.5
EGTS,2019-07-28,1.925,1.925,1.891,1.904,-0.57,-0.01,-1,248638,473289.844
EGTS,2019-07-25,1.94,1.94,1.904,1.915,0.1,0.002,-1,285758,547122.53
EGTS,2019-07-24,1.926,1.926,1.902,1.913,-0.364,-0.007,-1,435335,832592.188
EGTS,2019-07-22,1.948,1.948,1.912,1.924,-0.1,-0.002,-1,347162,668040.188
EGTS,2019-07-21,1.94,1.94,1.913,1.926,0.05,0.001,-1,193170,372025.438
EGTS,2019-07-18,1.943,1.943,1.92,1.925,0.31,0.006,-1,154908,298198.656
EGTS,2019-07-17,1.93,1.93,1.911,1.919,-1.29,-0.025,-1,630125,1209352.75
EGTS,2019-07-16,1.978,1.978,1.919,1.944,0.1,0.002,-1,829179,1612150.75
EGTS,2019-07-15,1.955,1.955,1.92,1.942,-0.21,-0.004,-1,1110992,2157385.5
EGTS,2019-07-14,2,2,1.911,1.946,-2.21,-0.044,-1,1465261,2851198.75
EGTS,2019-07-11,2.02,2.02,1.97,1.99,-1.97,-0.04,-1,1384627,2754411
EGTS,2019-07-10,2.05,2.05,2,2.03,0,0,-1,1795296,3641273.75
EGTS,2019-07-09,2.06,2.06,2,2.03,-0.49,-0.01,-1,1201276,2439839.25
EGTS,2019-07-08,2.07,2.07,2.01,2.04,0.99,0.02,-1,2570285,5250023.5
EGTS,2019-07-07,2.04,2.04,1.99,2.02,-2.44,-0.05,-1,2395838,4839368
EGTS,2019-07-04,2.12,2.12,2.01,2.05,-2.84,-0.06,-1,7473514,15300884
EGTS,2019-07-03,2.13,2.13,2.08,2.11,1.44,0.03,-1,5349693,11287708
EGTS,2019-07-02,2.1,2.1,2.05,2.08,0.97,0.02,-1,1866211,3886469.25
EGTS,2019-06-27,2.1,2.1,2.03,2.06,0.98,0.02,-1,7770561,16015780
EGTS,2019-06-26,2.06,2.06,1.99,2.04,3.55,0.07,-1,4862445,9913834
EGTS,2019-06-25,1.98,1.98,1.95,1.97,1.03,0.02,-1,1771114,3488777.25
EGTS,2019-06-24,1.97,1.97,1.93,1.95,-1.52,-0.03,-1,2184194,4267739.5
EGTS,2019-06-23,2,2,1.94,1.98,-1,-0.02,-1,1135299,2246977
EGTS,2019-06-20,2.04,2.04,1.985,2.004,0.3,0.006,-1,2981093,5974387
EGTS,2019-06-19,2.03,2.03,1.966,1.998,1.94,0.038,-1,7118436,14224792
EGTS,2019-06-18,1.97,1.97,1.95,1.96,0.31,0.006,-1,2310019,4528138
EGTS,2019-06-17,1.96,1.96,1.938,1.954,0.564,0.011,-1,2429102,4745491
EGTS,2019-06-16,1.96,1.96,1.937,1.949,0.52,0.01,-1,1764641,3439923.5
EGTS,2019-06-13,1.95,1.95,1.92,1.94,0.57,0.011,-1,2999305,5819385
EGTS,2019-06-12,1.94,1.94,1.922,1.929,-1.18,-0.023,-1,1078652,2080476.375
EGTS,2019-06-11,1.98,1.98,1.935,1.952,-0.463,-0.009,-1,1348779,2633064.25
EGTS,2019-06-10,1.965,1.965,1.93,1.945,1.3,0.025,-1,3096916,6024483.98
EGTS,2019-06-09,1.96,1.96,1.916,1.92,-0.52,-0.01,-1,7345355,14106480
EGTS,2019-06-03,1.94,1.94,1.92,1.93,0.31,0.006,-1,812804,1568656
EGTS,2019-06-02,1.95,1.95,1.91,1.924,-0.413,-0.008,-1,103955,199990.609
EGTS,2019-05-30,1.955,1.955,1.915,1.938,-0.62,-0.012,-1,1559912,3023529
EGTS,2019-05-29,1.97,1.97,1.921,1.95,0.1,0.002,-1,4127133,8047643.5
EGTS,2019-05-28,1.975,1.975,1.916,1.948,3.566,0.068,-1,3069866,5981387
EGTS,2019-05-27,1.94,1.94,1.887,1.907,0.69,0.013,-1,2994168,5708831.5
EGTS,2019-05-26,1.9,1.9,1.875,1.894,1.83,0.034,-1,1663590,3151341.75
EGTS,2019-05-23,1.878,1.878,1.83,1.86,1.14,0.021,-1,1443867,2685552.75
EGTS,2019-05-22,1.85,1.85,1.81,1.839,1.32,0.024,-1,4492577,8260711
EGTS,2019-05-21,1.84,1.84,1.78,1.815,1.74,0.031,-1,2964810,5382154
EGTS,2019-05-20,1.8,1.8,1.72,1.784,0.62,0.011,-1,3989383,7116250.5
EGTS,2019-05-19,1.83,1.83,1.74,1.773,1.03,0.018,-1,5971087,10584360
EGTS,2019-05-16,1.789,1.789,1.74,1.755,-1.52,-0.027,-1,3151738,5532245.5
EGTS,2019-05-15,1.85,1.85,1.73,1.782,-4.76,-0.089,-1,5228721,9316543
EGTS,2019-05-14,1.929,1.929,1.848,1.871,-1.58,-0.03,-1,3912293,7320637
EGTS,2019-05-13,1.927,1.927,1.883,1.901,-1.55,-0.03,-1,2547503,4843360
EGTS,2019-05-12,1.94,1.94,1.93,1.931,0.42,0.008,-1,1560458,3012762.2
EGTS,2019-05-09,1.94,1.94,1.876,1.923,1.21,0.023,-1,2223983,4277059.5
EGTS,2019-05-08,1.95,1.95,1.861,1.9,-3.99,-0.079,-1,2774501,5271064
EGTS,2019-05-07,1.998,1.998,1.931,1.979,2.59,0.05,-1,4757433,9416287
EGTS,2019-05-06,1.94,1.94,1.916,1.929,-0.41,-0.008,-1,4170097,8042769.5
EGTS,2019-05-05,1.968,1.968,1.92,1.937,-0.46,-0.009,-1,972562,1884071.5
EGTS,2019-05-02,1.98,1.98,1.94,1.946,-1.96,-0.039,-1,287230,559043.813
EGTS,2019-04-30,1.999,1.999,1.971,1.985,0.66,0.013,-1,1039224,2062605.875
EGTS,2019-04-24,2,2,1.92,1.972,2.34,0.045,-1,6137682,12102942
EGTS,2019-04-23,1.95,1.95,1.912,1.927,-0.41,-0.008,-1,854447,1646350.375
EGTS,2019-04-22,1.96,1.96,1.924,1.935,0.16,0.003,-1,954464,1847005.625
EGTS,2019-04-21,1.957,1.957,1.925,1.932,0.515,0.01,-1,753128,1454736.25
EGTS,2019-04-18,1.958,1.958,1.93,1.94,0.1,0.002,-1,2128222,4128336.75
EGTS,2019-04-17,1.969,1.969,1.921,1.938,-1.17,-0.023,-1,1294260,2508354.5
EGTS,2019-04-16,1.99,1.99,1.937,1.961,0.154,0.003,-1,5675552,11128074
EGTS,2019-04-15,1.96,1.96,1.925,1.947,0,0,-1,2066258,4022007
EGTS,2019-04-14,1.96,1.96,1.91,1.948,1.563,0.03,-1,1569119,3057329
EGTS,2019-04-11,1.964,1.964,1.902,1.92,-1.49,-0.029,-1,6445726,12376858
EGTS,2019-04-10,1.96,1.96,1.941,1.949,0.31,0.006,-1,1834483,3575880.5
EGTS,2019-04-09,1.958,1.958,1.914,1.943,0.05,0.001,-1,2247796,4368158
EGTS,2019-04-08,1.99,1.99,1.901,1.942,-3.14,-0.063,-1,7417767,14408910
EGTS,2019-04-07,2.028,2.028,1.97,2.005,2.45,0.048,-1,8115981,16269460
EGTS,2019-04-04,1.99,1.99,1.901,1.957,2.41,0.046,-1,5682715,11118609
EGTS,2019-04-03,1.929,1.929,1.9,1.911,-0.21,-0.004,-1,833657,1593051.625
EGTS,2019-04-02,1.938,1.938,1.904,1.915,-0.36,-0.007,-1,1904308,3647278.75
EGTS,2019-04-01,1.94,1.94,1.905,1.922,0.26,0.005,-1,962428,1850129.125
EGTS,2019-03-31,1.949,1.949,1.904,1.917,-0.21,-0.004,-1,617700,1184108.25
EGTS,2019-03-28,1.946,1.946,1.896,1.921,0.21,0.004,-1,905504,1739086
EGTS,2019-03-27,1.959,1.959,1.893,1.917,0.21,0.004,-1,1569466,3009139
EGTS,2019-03-26,1.95,1.95,1.889,1.913,0.21,0.004,-1,3220192,6158971
EGTS,2019-03-25,1.96,1.96,1.876,1.909,-3.44,-0.068,-1,3201489,6111813
EGTS,2019-03-24,2.01,2.01,1.96,1.977,1.38,0.027,-1,636611,1258762.75
EGTS,2019-03-21,1.97,1.97,1.93,1.95,0,0,-1,2155926,4204869
EGTS,2019-03-20,1.97,1.97,1.93,1.95,0,0,-1,2132757,4155233.5
EGTS,2019-03-19,2,2,1.9,1.93,-3.5,-0.07,-1,2861069,5532924
EGTS,2019-03-18,2.04,2.04,1.95,2,-0.99,-0.02,-1,4848457,9713284
EGTS,2019-03-17,2.03,2.03,2,2.02,0.5,0.01,-1,964120,1944294.25
EGTS,2019-03-14,2.04,2.04,1.995,2.007,-1.42,-0.029,-1,3314751,6653264
EGTS,2019-03-13,2.08,2.08,2.013,2.036,-1.55,-0.032,-1,4091152,8329394
EGTS,2019-03-12,2.085,2.085,2.051,2.068,1.22,0.025,-1,6742189,13944831
EGTS,2019-03-11,2.06,2.06,1.999,2.043,2.35,0.047,-1,12630323,25806050
EGTS,2019-03-10,2.01,2.01,1.99,1.996,0.45,0.009,-1,3692776,7371429.5
EGTS,2019-03-07,2.01,2.01,1.96,1.987,-0.35,-0.007,-1,7714513,15332472
EGTS,2019-03-06,2.03,2.03,1.965,1.994,2.1,0.041,-1,8770694,17488692
EGTS,2019-03-05,1.97,1.97,1.931,1.953,0.1,0.002,-1,4280717,8360342
EGTS,2019-03-04,1.998,1.998,1.93,1.951,-0.51,-0.01,-1,5749589,11215491
EGTS,2019-03-03,2.01,2.01,1.933,1.963,-1.01,-0.02,-1,2257946,4433314
EGTS,2019-02-28,2.05,2.05,1.94,1.98,-2.46,-0.05,-1,7440182,14762660
EGTS,2019-02-27,2.06,2.06,2.01,2.03,-1.46,-0.03,-1,3713490,7548573.5
EGTS,2019-02-26,2.1,2.1,2.02,2.06,0,0,-1,7441493,15292899
EGTS,2019-02-25,2.08,2.08,2.02,2.06,0.49,0.01,-1,4610613,9481188
EGTS,2019-02-24,2.1,2.1,2.03,2.05,-1.44,-0.03,-1,3719102,7622958
EGTS,2019-02-21,2.11,2.11,2.06,2.08,-1.89,-0.04,-1,4666371,9686421
EGTS,2019-02-20,2.14,2.14,2.09,2.12,0.95,0.02,-1,6274738,13281019
EGTS,2019-02-19,2.11,2.11,2.08,2.1,-0.94,-0.02,-1,8033312,16880212
EGTS,2019-02-18,2.17,2.17,2.08,2.12,-0.469,-0.01,-1,9762525,20715908
EGTS,2019-02-17,2.17,2.17,2.07,2.13,3.86,0.08,-1,23108557,49272544
EGTS,2019-02-14,2.11,2.11,2.04,2.07,1.47,0.03,-1,12761671,26432556
EGTS,2019-02-13,2.08,2.08,2.03,2.04,-0.97,-0.02,-1,4279714,8743607
EGTS,2019-02-12,2.09,2.09,2.04,2.06,0.49,0.01,-1,6362391,13127731
EGTS,2019-02-11,2.09,2.09,2.02,2.05,-2.38,-0.05,-1,5981095,12255001
EGTS,2019-02-10,2.13,2.13,2.08,2.1,0.48,0.01,-1,4600810,9665858
EGTS,2019-02-07,2.12,2.12,2.06,2.09,0.48,0.01,-1,9076565,19000178
EGTS,2019-02-06,2.12,2.12,2.06,2.08,-1.42,-0.03,-1,7933197,16521387
EGTS,2019-02-05,2.14,2.14,2.06,2.11,2.93,0.06,-1,16236221,34261588
EGTS,2019-02-04,2.1,2.1,2.03,2.05,-2.38,-0.05,-1,4983190,10202806
EGTS,2019-02-03,2.13,2.13,2.05,2.1,2.94,0.06,-1,13420737,28131556
EGTS,2019-01-31,2.085,2.085,1.986,2.044,2.15,0.043,-1,17619442,36015228
EGTS,2019-01-30,2.04,2.04,1.97,2.001,1.63,0.032,-1,6462695,12931218
EGTS,2019-01-29,1.998,1.998,1.95,1.969,-1.01,-0.02,-1,4585040,9025938
EGTS,2019-01-28,2.03,2.03,1.964,1.989,-0.805,-0.016,-1,5269547,10480976
EGTS,2019-01-27,2.04,2.04,1.91,1.988,7.124,0.133,-1,13799340,27438388
EGTS,2019-01-23,1.9,1.9,1.83,1.867,0.322,0.006,-1,3717994,6942953.5
EGTS,2019-01-22,1.916,1.916,1.84,1.861,-1.846,-0.035,-1,1650221,3070604.5
EGTS,2019-01-21,1.91,1.91,1.875,1.896,-0.68,-0.013,-1,2663546,5050069.5
EGTS,2019-01-20,1.935,1.935,1.892,1.909,0.26,0.005,-1,3915092,7475789
EGTS,2019-01-17,1.936,1.936,1.861,1.904,-2.06,-0.04,-1,11259797,21439972
EGTS,2019-01-16,1.978,1.978,1.904,1.944,4.35,0.081,-1,9868964,19185704
EGTS,2019-01-15,1.92,1.92,1.778,1.863,6.87,0.12,-1,21886966,40779832
EGTS,2019-01-14,1.79,1.79,1.726,1.746,-1.8,-0.032,-1,3919930,6845742.5
EGTS,2019-01-13,1.809,1.809,1.751,1.778,-0.89,-0.016,-1,4493780,7988336
EGTS,2019-01-10,1.81,1.81,1.777,1.794,-0.88,-0.016,-1,1476567,2649662
EGTS,2019-01-09,1.844,1.844,1.775,1.81,-1.42,-0.026,-1,3323725,6017197.5
EGTS,2019-01-08,1.86,1.86,1.82,1.836,-0.38,-0.007,-1,3798536,6974282
EGTS,2019-01-06,1.85,1.85,1.83,1.843,1.82,0.033,-1,3166473,5835429.5
EGTS,2019-01-03,1.83,1.83,1.77,1.81,2.03,0.036,-1,8141681,14737498
EGTS,2019-01-02,1.79,1.79,1.741,1.774,1.55,0.027,-1,1990159,3530110.75
EGTS,2018-12-31,1.76,1.76,1.73,1.747,0.58,0.01,-1,995715,1739412.5
EGTS,2018-12-30,1.778,1.778,1.725,1.737,-1.7,-0.03,-1,737437,1280595.25
EGTS,2018-12-27,1.79,1.79,1.745,1.767,1.26,0.022,-1,2251235,3977939.5
EGTS,2018-12-26,1.769,1.769,1.721,1.745,2.95,0.05,-1,1578916,2755122
EGTS,2018-12-25,1.74,1.74,1.663,1.695,-2.31,-0.04,-1,4006174,6790138.5
EGTS,2018-12-24,1.773,1.773,1.703,1.732,-2.7,-0.048,-1,902279,1562447.5
EGTS,2018-12-23,1.83,1.83,1.737,1.78,-1.87,-0.034,-1,3194234,5685398.5
EGTS,2018-12-20,1.83,1.83,1.791,1.814,-1.41,-0.03,-1,2042102,3705187.5
EGTS,2018-12-19,1.87,1.87,1.821,1.84,-1.13,-0.021,-1,1854306,3412383.75
EGTS,2018-12-18,1.879,1.879,1.825,1.861,1.64,0.03,-1,8172654,15212579
EGTS,2018-12-17,1.866,1.866,1.8,1.834,1.89,0.034,-1,9664412,17723316
EGTS,2018-12-16,1.828,1.828,1.78,1.8,-1.21,-0.02,-1,1696987,3054915.5
EGTS,2018-12-13,1.85,1.85,1.802,1.822,0.94,0.017,-1,3939382,7176735
EGTS,2018-12-12,1.84,1.84,1.753,1.805,2.79,0.049,-1,7756392,13998301
EGTS,2018-12-11,1.774,1.774,1.732,1.756,1.15,0.02,-1,4733244,8313471.5
EGTS,2018-12-10,1.756,1.756,1.71,1.732,2.85,0.048,-1,7243679,12544484
EGTS,2018-12-09,1.74,1.74,1.632,1.684,-2.754,-0.049,-1,2027088,3413590.75
EGTS,2018-12-06,1.835,1.835,1.73,1.779,-2.41,-0.044,-1,3122601,5556374.5
EGTS,2018-12-05,1.87,1.87,1.793,1.823,-1.94,-0.04,-1,7436951,13554690
EGTS,2018-12-04,1.909,1.909,1.84,1.859,-2.74,-0.052,-1,2662373,4949699
EGTS,2018-12-03,2.01,2.01,1.86,1.898,-3.46,-0.068,-1,8406565,15951966
EGTS,2018-12-02,2,2,1.92,1.966,0.31,0.006,-1,4647074,9136514
EGTS,2018-11-29,2,2,1.93,1.96,-2,-0.04,-1,3583283,7016817
EGTS,2018-11-28,2.05,2.05,1.94,2,-0.5,-0.01,-1,4847338,9688307
EGTS,2018-11-27,2.04,2.04,1.99,2.01,0,0,-1,4450530,8959751
EGTS,2018-11-26,2.04,2.04,1.98,2.01,1.01,0.02,-1,6762794,13599949
EGTS,2018-11-25,2.04,2.04,1.94,1.99,-3.86,-0.08,-1,8415879,16736162
EGTS,2018-11-22,2.15,2.15,2,2.07,-2.36,-0.05,-1,16320733,33732424
EGTS,2018-11-21,2.15,2.15,2.09,2.12,-1.85,-0.04,-1,5892154,12485607
EGTS,2018-11-19,2.18,2.18,2.14,2.16,-0.46,-0.01,-1,4244545,9153235
EGTS,2018-11-18,2.21,2.21,2.14,2.17,0,0,-1,7352780,15959494
EGTS,2018-11-15,2.2,2.2,2.14,2.17,-0.459,-0.01,-1,5077280,10999375
EGTS,2018-11-14,2.22,2.22,2.14,2.18,0.93,0.02,-1,5933495,12908511
EGTS,2018-11-13,2.22,2.22,2.13,2.16,-0.92,-0.02,-1,13549557,29298414
EGTS,2018-11-12,2.21,2.21,2.12,2.18,0,0,-1,12049897,26210566
EGTS,2018-11-11,2.26,2.26,2.12,2.18,-3.96,-0.09,-1,10770051,23445068
EGTS,2018-11-08,2.3,2.3,2.21,2.27,0,0,-1,6844761,15517625
EGTS,2018-11-07,2.32,2.32,2.23,2.27,0.44,0.01,-1,20262223,45994244
EGTS,2018-11-06,2.32,2.32,2.21,2.26,0.44,0.01,-1,25495732,57612216
EGTS,2018-11-05,2.28,2.28,2.2,2.25,2.74,0.06,-1,13199510,29672104
EGTS,2018-11-04,2.23,2.23,2.13,2.19,2.34,0.05,-1,12166358,26638056
EGTS,2018-11-01,2.19,2.19,2.1,2.144,2.24,0.047,-1,11163979,23939422
EGTS,2018-10-31,2.12,2.12,2.07,2.097,2.64,0.054,-1,14923522,31291828
EGTS,2018-10-30,2.079,2.079,1.967,2.043,4.39,0.086,-1,19540242,39912788
EGTS,2018-10-29,1.98,1.98,1.94,1.957,1.08,0.021,-1,2828809,5536668
EGTS,2018-10-28,1.978,1.978,1.899,1.936,0.467,0.009,-1,11366188,22007590
EGTS,2018-10-25,1.96,1.96,1.882,1.927,-0.558,-0.011,-1,5902776,11371922
EGTS,2018-10-24,2,2,1.913,1.971,0,0,-1,3329664,6563557.5
EGTS,2018-10-23,2.01,2.01,1.941,1.975,0.305,0.006,-1,7701534,15214232
EGTS,2018-10-22,1.987,1.987,1.94,1.969,2.45,0.047,-1,8494419,16721846
EGTS,2018-10-21,1.941,1.941,1.855,1.922,-0.62,-0.012,-1,4061962,7807849.5
EGTS,2018-10-18,1.995,1.995,1.86,1.934,1.522,0.029,-1,12851733,24857322
EGTS,2018-10-17,1.94,1.94,1.85,1.905,3.42,0.063,-1,31208975,59456644
EGTS,2018-10-16,1.855,1.855,1.82,1.842,0.71,0.013,-1,2804849,5166382.5
EGTS,2018-10-15,1.879,1.879,1.79,1.829,-2.51,-0.047,-1,4180959,7646147.5
EGTS,2018-10-14,1.9,1.9,1.811,1.876,4.92,0.088,-1,3665196,6874466.5
EGTS,2018-10-11,1.85,1.85,1.72,1.788,-0.89,-0.016,-1,4557950,8149385.5
EGTS,2018-10-10,1.84,1.84,1.74,1.804,3.14,0.055,-1,6428069,11595525
EGTS,2018-10-09,1.78,1.78,1.693,1.749,0.75,0.013,-1,3778983,6608023.5
EGTS,2018-10-08,1.84,1.84,1.675,1.736,-5.13,-0.093,-1,7324729,12718028
EGTS,2018-10-04,1.834,1.834,1.79,1.813,-2.16,-0.04,-1,4972523,9013462
EGTS,2018-10-03,1.89,1.89,1.803,1.853,0,0,-1,7860409,14566392
EGTS,2018-10-02,1.875,1.875,1.811,1.853,1.2,0.022,-1,3656327,6774112.5
EGTS,2018-10-01,1.869,1.869,1.802,1.831,-3.28,-0.062,-1,5763054,10551709
EGTS,2018-09-30,1.959,1.959,1.825,1.893,2.21,0.041,-1,18855590,35685856
EGTS,2018-09-27,1.92,1.92,1.68,1.852,5.77,0.101,-1,35335437,65440028
EGTS,2018-09-26,1.796,1.796,1.71,1.751,-0.96,-0.017,-1,7582705,13277434
EGTS,2018-09-25,1.81,1.81,1.71,1.768,5.68,0.095,-1,12290869,21730818
EGTS,2018-09-24,1.707,1.707,1.57,1.673,7.8,0.121,-1,12433156,20798930
EGTS,2018-09-23,1.6,1.6,1.48,1.552,3.47,0.052,-1,6636755,10303527
EGTS,2018-09-20,1.63,1.63,1.422,1.5,-5.06,-0.08,-1,14609862,21920730
EGTS,2018-09-19,1.65,1.65,1.53,1.58,-6.51,-0.11,-1,8204318,12926963
EGTS,2018-09-18,1.74,1.74,1.64,1.69,0,0,-1,7822355,13203943
EGTS,2018-09-17,1.73,1.73,1.65,1.69,-1.17,-0.02,-1,6791067,11469311
EGTS,2018-09-16,1.82,1.82,1.65,1.71,-6.56,-0.12,-1,5797855,9927999
EGTS,2018-09-13,1.88,1.88,1.79,1.83,-2.14,-0.04,-1,10301281,18831780
EGTS,2018-09-12,1.92,1.92,1.85,1.87,-2.09,-0.04,-1,7453422,13941197
EGTS,2018-09-10,1.94,1.94,1.88,1.91,-3.05,-0.06,-1,9481200,18091902
EGTS,2018-09-09,2.03,2.03,1.91,1.97,2.6,0.05,-1,25815702,50743717
EGTS,2018-09-06,1.94,1.94,1.88,1.92,4.92,0.09,-1,8273051,15857600
EGTS,2018-09-05,1.9,1.9,1.8,1.83,-3.68,-0.07,-1,11406840,20905334
EGTS,2018-09-04,1.95,1.95,1.86,1.9,-2.6,-0.05,-1,4393182,8366369
EGTS,2018-09-03,1.96,1.96,1.88,1.92,-2.54,-0.05,-1,6508632,12479369
EGTS,2018-09-02,2.03,2.03,1.91,1.97,0,0,-1,8978805,17694838
EGTS,2018-08-30,2.01,2.01,1.91,1.97,1.03,0.02,-1,9893837,19489070
EGTS,2018-08-29,1.98,1.98,1.91,1.95,2.63,0.05,-1,16164410,31456948
EGTS,2018-08-28,1.93,1.93,1.86,1.9,6.15,0.11,-1,16245164,30889770
EGTS,2018-08-27,1.85,1.85,1.68,1.79,5.92,0.1,-1,20516544,36641000
EGTS,2018-08-26,1.74,1.74,1.62,1.69,5.62,0.09,-1,10103600,17109236
EGTS,2018-08-19,1.63,1.63,1.58,1.6,-1.23,-0.02,-1,1829001,2931253
EGTS,2018-08-16,1.65,1.65,1.6,1.62,1.25,0.02,-1,2388477,3868988.5
EGTS,2018-08-15,1.64,1.64,1.57,1.6,-0.62,-0.01,-1,3763096,6029218.5
EGTS,2018-08-14,1.63,1.63,1.58,1.61,-1.83,-0.03,-1,1734732,2785517.5
EGTS,2018-08-13,1.67,1.67,1.59,1.64,-2.96,-0.05,-1,3916864,6411686
EGTS,2018-08-12,1.72,1.72,1.66,1.69,-1.74,-0.03,-1,2882839,4857866
EGTS,2018-08-09,1.76,1.76,1.7,1.72,0.58,0.01,-1,8548735,14746561
EGTS,2018-08-08,1.75,1.75,1.65,1.71,3.64,0.06,-1,16326956,27857718
EGTS,2018-08-07,1.67,1.67,1.64,1.65,1.23,0.02,-1,2938273,4861992.5
EGTS,2018-08-06,1.67,1.67,1.61,1.63,-2.98,-0.05,-1,2984216,4876330
EGTS,2018-08-05,1.71,1.71,1.64,1.68,1.2,0.02,-1,5287153,8865542
EGTS,2018-08-02,1.68,1.68,1.63,1.66,0.61,0.01,-1,4491016,7441831
EGTS,2018-08-01,1.68,1.68,1.63,1.65,3.77,0.06,-1,5433700,8975419
EGTS,2018-07-31,1.64,1.64,1.54,1.59,1.27,0.02,-1,4586356,7312296
EGTS,2018-07-30,1.63,1.63,1.54,1.57,-4.27,-0.07,-1,4387556,6893227.5
EGTS,2018-07-29,1.71,1.71,1.6,1.64,-1.2,-0.02,-1,4834419,7934982.5
EGTS,2018-07-26,1.69,1.69,1.61,1.66,-1.19,-0.02,-1,7418289,12310867
EGTS,2018-07-25,1.81,1.81,1.64,1.68,-9.34,-0.17,-1,15334695,25733558
EGTS,2018-07-24,1.9,1.9,1.77,1.82,-3.19,-0.06,-1,7321612,13353593
EGTS,2018-07-22,1.93,1.93,1.84,1.88,-1.6,-0.03,-1,4581155,8595297
EGTS,2018-07-19,1.9,1.9,1.82,1.87,0.54,0.01,-1,4831740,9027316
EGTS,2018-07-18,1.87,1.87,1.85,1.86,1.64,0.03,-1,2881097,5352858
EGTS,2018-07-17,1.86,1.86,1.8,1.83,0,0,-1,4254050,7794207.5
EGTS,2018-07-16,1.85,1.85,1.8,1.83,-2.66,-0.05,-1,2596217,4739050.5
EGTS,2018-07-15,1.92,1.92,1.85,1.88,-1.05,-0.02,-1,1230052,2313228.5
EGTS,2018-07-12,1.94,1.94,1.88,1.9,0,0,-1,4824363,9150948
EGTS,2018-07-11,1.92,1.92,1.87,1.9,-1.04,-0.02,-1,4897039,9301873
EGTS,2018-07-10,1.96,1.96,1.89,1.92,3.23,0.06,-1,10024275,19218814
EGTS,2018-07-09,1.94,1.94,1.76,1.86,-2.11,-0.04,-1,7766406,14438050
EGTS,2018-07-08,1.98,1.98,1.81,1.9,-2.56,-0.05,-1,3755896,7118926.5
EGTS,2018-07-05,1.97,1.97,1.93,1.95,-2.01,-0.04,-1,2457058,4794370.5
EGTS,2018-07-04,2.04,2.04,1.94,1.99,-1,-0.02,-1,11374491,22644754
EGTS,2018-07-03,2.04,2.04,1.99,2.01,2.03,0.04,-1,8344378,16801444
EGTS,2018-07-02,2,2,1.91,1.97,2.6,0.05,-1,5493193,10798383
EGTS,2018-06-28,1.96,1.96,1.89,1.92,-1.03,-0.02,-1,3302050,6349122.5
EGTS,2018-06-27,1.97,1.97,1.92,1.94,0,0,-1,6546875,12707500
EGTS,2018-06-26,1.99,1.99,1.92,1.94,-4.43,-0.09,-1,3534740,6851782
EGTS,2018-06-25,2.09,2.09,1.96,2.03,-2.4,-0.05,-1,6321246,12843466
EGTS,2018-06-24,2.1,2.1,2.06,2.08,0,0,-1,6440110,13393741
EGTS,2018-06-21,2.11,2.11,2.05,2.08,1.46,0.03,-1,5114353,10644372
EGTS,2018-06-20,2.07,2.07,2.03,2.05,1.49,0.03,-1,5764880,11818998
EGTS,2018-06-19,2.06,2.06,1.95,2.02,2.02,0.04,-1,8163603,16464150
EGTS,2018-06-14,2.02,2.02,1.93,1.98,2.06,0.04,-1,5056010,10027161
EGTS,2018-06-13,1.98,1.98,1.9,1.94,1.57,0.03,-1,2959688,5738286
EGTS,2018-06-12,1.93,1.93,1.89,1.91,0.52,0.01,-1,1255445,2395159.5
EGTS,2018-06-11,1.97,1.97,1.89,1.92,-2.06,-0.04,-1,2409287,4625302.5
EGTS,2018-06-10,1.96,1.96,1.89,1.94,5.95,0.11,-1,6729039,13080187
EGTS,2018-06-07,1.9,1.9,1.76,1.85,1.65,0.03,-1,5905233,10920749
EGTS,2018-06-06,1.96,1.96,1.73,1.82,-4.71,-0.09,-1,6562995,11975513
EGTS,2018-06-05,1.95,1.95,1.85,1.91,-4.5,-0.09,-1,5178911,9886674
EGTS,2018-06-04,2.07,2.07,1.9,2,-1.96,-0.04,-1,3922149,7831308.5
EGTS,2018-06-03,2.07,2.07,2.02,2.04,0.49,0.01,-1,2769265,5652075.5
EGTS,2018-05-31,2.1,2.1,1.96,2.03,-4.25,-0.09,-1,6404663,13016324
EGTS,2018-05-30,2.15,2.15,2.08,2.12,-1.4,-0.03,-1,2812617,5953706.5
EGTS,2018-05-29,2.19,2.19,2.13,2.15,-0.92,-0.02,-1,7408381,15906459
EGTS,2018-05-28,2.19,2.19,2.15,2.17,0.93,0.02,-1,4808628,10423060
EGTS,2018-05-27,2.15,2.15,2.12,2.14,-0.93,-0.02,-1,2514902,5378662
EGTS,2018-05-24,2.18,2.18,2.13,2.15,-1.38,-0.03,-1,2711981,5818480
EGTS,2018-05-23,2.2,2.2,2.15,2.18,-0.46,-0.01,-1,3468370,7545563.5
EGTS,2018-05-22,2.21,2.21,2.17,2.19,0,0,-1,7609127,16679572
EGTS,2018-05-21,2.21,2.21,2.16,2.19,0,0,-1,6802869,14895917
EGTS,2018-05-20,2.21,2.21,2.15,2.19,-0.45,-0.01,-1,3403874,7439736
EGTS,2018-05-17,2.23,2.23,2.17,2.2,-1.35,-0.03,-1,3597248,7912634
EGTS,2018-05-16,2.27,2.27,2.18,2.23,-1.33,-0.03,-1,9353533,20896680
EGTS,2018-05-15,2.31,2.31,2.24,2.26,-2.16,-0.05,-1,7591403,17192714
EGTS,2018-05-14,2.38,2.38,2.25,2.31,0.43,0.01,-1,32010477,74012208
EGTS,2018-05-13,2.34,2.34,2.24,2.3,5.02,0.11,-1,19957742,45922928
EGTS,2018-05-10,2.23,2.23,2.13,2.19,0,0,-1,9894195,21662536
EGTS,2018-05-09,2.31,2.31,2.12,2.19,-3.52,-0.08,-1,10220984,22425864
EGTS,2018-05-08,2.3,2.3,2.22,2.27,3.65,0.08,-1,11630083,26395188
EGTS,2018-05-07,2.22,2.22,2.15,2.19,0,0,-1,6922835,15128788
EGTS,2018-05-06,2.26,2.26,2.13,2.19,-1.79,-0.04,-1,9744320,21298022
EGTS,2018-05-03,2.29,2.29,2.2,2.23,-4.29,-0.1,-1,4593382,10245194
EGTS,2018-05-02,2.41,2.41,2.16,2.33,-2.92,-0.07,-1,13611225,31689114
EGTS,2018-04-30,2.45,2.45,2.36,2.4,-1.23,-0.03,-1,29171351,69902240
EGTS,2018-04-29,2.49,2.49,2.4,2.43,-0.82,-0.02,-1,41099466,100068024
EGTS,2018-04-26,2.47,2.47,2.42,2.45,1.66,0.04,-1,27005897,66030232
EGTS,2018-04-24,2.46,2.46,2.35,2.41,1.26,0.03,-1,54643810,131701784
EGTS,2018-04-23,2.41,2.41,2.34,2.38,3.03,0.07,-1,43040887,102261832
EGTS,2018-04-22,2.36,2.36,2.25,2.31,5,0.11,-1,48787684,112935120
EGTS,2018-04-19,2.23,2.23,2.13,2.2,0,0,-1,30720083,67470704
EGTS,2018-04-18,2.26,2.26,2.16,2.2,-2.22,-0.05,-1,27334197,60005552
EGTS,2018-04-17,2.3,2.3,2.22,2.25,1.35,0.03,-1,27380715,61721316
EGTS,2018-04-16,2.27,2.27,2.15,2.22,3.26,0.07,-1,27333649,60597072
EGTS,2018-04-15,2.19,2.19,2.12,2.15,-2.3,-0.05,-1,12626416,27124032
EGTS,2018-04-12,2.22,2.22,2.08,2.17,-1.36,-0.03,-1,27257302,59096564
EGTS,2018-04-11,2.27,2.27,2.12,2.2,0,0,-1,23881925,52425620
EGTS,2018-04-10,2.25,2.25,2.13,2.2,2.33,0.05,-1,26187760,57625424
EGTS,2018-04-05,2.23,2.23,2.1,2.15,-1.83,-0.04,-1,29353470,63150148
EGTS,2018-04-04,2.36,2.36,2.09,2.19,-5.6,-0.13,-1,31237892,68320808
EGTS,2018-04-03,2.38,2.38,2.27,2.32,0,0,-1,17970093,41765880
EGTS,2018-04-02,2.39,2.39,2.29,2.32,-2.52,-0.06,-1,14195843,32963540
EGTS,2018-04-01,2.45,2.45,2.31,2.38,-1.24,-0.03,-1,34086449,80993384
EGTS,2018-03-29,2.5,2.5,2.35,2.41,-1.23,-0.03,-1,33015357,79670272
EGTS,2018-03-28,2.55,2.55,2.31,2.44,5.17,0.12,-1,82321879,201043088
EGTS,2018-03-27,2.37,2.37,2.26,2.32,6.42,0.14,-1,66857385,154800208
EGTS,2018-03-26,2.28,2.28,2.1,2.18,4.81,0.1,-1,68579500,149716256
EGTS,2018-03-25,2.15,2.15,1.99,2.08,2.46,0.05,-1,40756545,84804184
EGTS,2018-03-22,2.07,2.07,1.94,2.03,7.41,0.14,-1,70662455,143188992
EGTS,2018-03-21,1.99,1.99,1.83,1.89,3.28,0.06,-1,64772518,122192744
EGTS,2018-03-20,1.88,1.88,1.72,1.83,3.39,0.06,-1,73946010,135651312
EGTS,2018-03-19,1.8,1.8,1.71,1.77,4.73,0.08,-1,40578238,71623584
EGTS,2018-03-18,1.74,1.74,1.61,1.69,6.29,0.1,-1,93578625,158154176
EGTS,2018-03-15,1.63,1.63,1.55,1.59,1.27,0.02,-1,45261500,72102616
EGTS,2018-03-14,1.62,1.62,1.55,1.57,-3.09,-0.05,-1,8976204,14094631
EGTS,2018-03-13,1.64,1.64,1.59,1.62,1.89,0.03,-1,41775104,67637992
EGTS,2018-03-12,1.64,1.64,1.54,1.59,5.84,0.09,-1,51186569,81446304
EGTS,2018-03-11,1.55,1.55,1.53,1.54,0,0,-1,6204855,9561634
EGTS,2018-03-08,1.55,1.55,1.53,1.54,-0.65,-0.01,-1,19055036,29385096
EGTS,2018-03-07,1.58,1.58,1.53,1.55,-1.9,-0.03,-1,25845552,40087076
EGTS,2018-03-06,1.59,1.59,1.56,1.58,1.28,0.02,-1,16897568,26674974
EGTS,2018-03-05,1.58,1.58,1.54,1.56,1.3,0.02,-1,9609819,14986123
EGTS,2018-03-04,1.55,1.55,1.53,1.54,0,0,-1,7462251,11497934
EGTS,2018-03-01,1.56,1.56,1.52,1.54,-0.65,-0.01,-1,17226922,26563420
EGTS,2018-02-28,1.57,1.57,1.54,1.55,-0.64,-0.01,-1,2692089,4183949.5
EGTS,2018-02-27,1.57,1.57,1.55,1.56,-0.64,-0.01,-1,8839153,13815035
EGTS,2018-02-26,1.58,1.58,1.54,1.56,-1.27,-0.02,-1,8636713,13456238
EGTS,2018-02-25,1.6,1.6,1.56,1.58,-0.63,-0.01,-1,6231203,9843448
EGTS,2018-02-22,1.6,1.6,1.56,1.58,0.64,0.01,-1,13308329,20989880
EGTS,2018-02-21,1.6,1.6,1.53,1.57,-2.48,-0.04,-1,9792823,15335007
EGTS,2018-02-20,1.65,1.65,1.58,1.61,-1.23,-0.02,-1,19419361,31233562
EGTS,2018-02-19,1.66,1.66,1.58,1.63,1.25,0.02,-1,21384373,34777968
EGTS,2018-02-18,1.63,1.63,1.58,1.6,-0.62,-0.01,-1,5972723,9559470
EGTS,2018-02-15,1.63,1.63,1.58,1.61,0,0,-1,18223512,29333126
EGTS,2018-02-14,1.6,1.6,1.58,1.59,-0.63,-0.01,-1,7500505,11906911
EGTS,2018-02-13,1.62,1.62,1.57,1.6,0,0,-1,18198787,29119316
EGTS,2018-02-12,1.63,1.63,1.55,1.6,3.9,0.06,-1,21644397,34554200
EGTS,2018-02-11,1.56,1.56,1.51,1.54,0.65,0.01,-1,5412273,8342955
EGTS,2018-02-08,1.55,1.55,1.51,1.53,0,0,-1,9951400,15262414
EGTS,2018-02-07,1.56,1.56,1.52,1.54,2.67,0.04,-1,7655166,11779575
EGTS,2018-02-06,1.53,1.53,1.48,1.5,-2.6,-0.04,-1,14575405,21885642
EGTS,2018-02-05,1.56,1.56,1.52,1.54,-0.65,-0.01,-1,37257480,57263164
EGTS,2018-02-04,1.57,1.57,1.53,1.55,-0.64,-0.01,-1,13175453,20452292
EGTS,2018-02-01,1.58,1.58,1.53,1.56,1.3,0.02,-1,18136482,28326806
EGTS,2018-01-31,1.58,1.58,1.51,1.54,-2.55,-0.04,-1,14563370,22407700
EGTS,2018-01-30,1.6,1.6,1.56,1.57,-1.26,-0.02,-1,10612451,16707256
EGTS,2018-01-29,1.61,1.61,1.58,1.59,-0.63,-0.01,-1,7504740,11950683
EGTS,2018-01-28,1.61,1.61,1.58,1.6,-0.63,-0.01,-1,4947262,7910009
EGTS,2018-01-24,1.63,1.63,1.58,1.59,-1.24,-0.02,-1,20182292,32065308
EGTS,2018-01-23,1.63,1.63,1.58,1.61,-0.62,-0.01,-1,9976205,16024738
EGTS,2018-01-22,1.64,1.64,1.6,1.62,0,0,-1,18387374,29752028
EGTS,2018-01-21,1.66,1.66,1.6,1.62,-2.42,-0.04,-1,21553064,34811260
EGTS,2018-01-18,1.68,1.68,1.6,1.65,3.12,0.05,-1,55120437,90944528
EGTS,2018-01-17,1.63,1.63,1.57,1.6,0,0,-1,32362872,51634568
EGTS,2018-01-16,1.62,1.62,1.57,1.6,0.63,0.01,-1,13075420,20864888
EGTS,2018-01-15,1.63,1.63,1.55,1.59,-3.09,-0.05,-1,33597640,53310932
EGTS,2018-01-14,1.63,1.63,1.6,1.62,0.62,0.01,-1,17975893,29068736
EGTS,2018-01-11,1.64,1.64,1.59,1.61,-0.62,-0.01,-1,20465766,32927054
EGTS,2018-01-10,1.64,1.64,1.6,1.62,1.87,0.03,-1,16139728,26139788
EGTS,2018-01-09,1.64,1.64,1.54,1.6,4.58,0.07,-1,38235022,61166716
EGTS,2018-01-08,1.56,1.56,1.51,1.53,0.66,0.01,-1,17005973,26083786
EGTS,2018-01-04,1.55,1.55,1.51,1.52,-0.65,-0.01,-1,10826346,16503764
EGTS,2018-01-03,1.55,1.55,1.51,1.53,0.66,0.01,-1,20245015,31052124
EGTS,2018-01-02,1.55,1.55,1.48,1.52,3.4,0.05,-1,19149992,29194642
EGTS,2017-12-31,1.48,1.48,1.45,1.47,-1.36,-0.02,-1,4667981,6848331.5
EGTS,2017-12-28,1.49,1.49,1.46,1.47,-0.68,-0.01,-1,6326714,9285177
EGTS,2017-12-27,1.48,1.48,1.47,1.48,0,0,-1,10369817,15334558
EGTS,2017-12-26,1.5,1.5,1.46,1.48,-1.33,-0.02,-1,6014440,8906857
EGTS,2017-12-25,1.51,1.51,1.48,1.5,2.04,0.03,-1,10399387,15583410
EGTS,2017-12-24,1.48,1.48,1.47,1.47,0,0,-1,5750095,8454795
EGTS,2017-12-21,1.5,1.5,1.47,1.48,-1.33,-0.02,-1,8067023,11934892
EGTS,2017-12-20,1.52,1.52,1.48,1.5,-1.32,-0.02,-1,22851864,34237896
EGTS,2017-12-19,1.55,1.55,1.51,1.52,-1.94,-0.03,-1,13557071,20602536
EGTS,2017-12-18,1.57,1.57,1.53,1.55,0,0,-1,19283697,29898560
EGTS,2017-12-17,1.59,1.59,1.5,1.55,3.33,0.05,-1,43842229,68081872
EGTS,2017-12-14,1.52,1.52,1.48,1.5,-1.32,-0.02,-1,12734734,19079826
EGTS,2017-12-13,1.53,1.53,1.49,1.52,-0.65,-0.01,-1,10659236,16150465
EGTS,2017-12-12,1.58,1.58,1.51,1.53,-1.92,-0.03,-1,23118693,35445604
EGTS,2017-12-11,1.59,1.59,1.54,1.56,0.64,0.01,-1,14277580,22294896
EGTS,2017-12-10,1.59,1.59,1.51,1.56,3.31,0.05,-1,42038044,65568660
EGTS,2017-12-07,1.52,1.52,1.48,1.51,-0.66,-0.01,-1,13390782,20156548
EGTS,2017-12-06,1.55,1.55,1.5,1.52,-0.65,-0.01,-1,25386039,38595316
EGTS,2017-12-05,1.55,1.55,1.51,1.53,1.32,0.02,-1,29409160,44922452
EGTS,2017-12-04,1.53,1.53,1.47,1.51,3.42,0.05,-1,35453318,53404564
EGTS,2017-12-03,1.48,1.48,1.45,1.46,0.69,0.01,-1,12301992,17955634
EGTS,2017-11-29,1.46,1.46,1.43,1.45,0,0,-1,15737957,22765406
EGTS,2017-11-28,1.47,1.47,1.42,1.45,3.57,0.05,-1,26166491,37998664
EGTS,2017-11-27,1.42,1.42,1.38,1.4,-2.1,-0.03,-1,16720023,23385192
EGTS,2017-11-26,1.45,1.45,1.41,1.43,-0.69,-0.01,-1,11009500,15773264
EGTS,2017-11-23,1.46,1.46,1.43,1.44,0,0,-1,7854593,11319023
EGTS,2017-11-22,1.45,1.45,1.42,1.44,2.86,0.04,-1,10231862,14729327
EGTS,2017-11-21,1.43,1.43,1.38,1.4,2.19,0.03,-1,11965506,16808818
EGTS,2017-11-20,1.4,1.4,1.35,1.37,-2.14,-0.03,-1,11349998,15573756
EGTS,2017-11-19,1.48,1.48,1.35,1.4,-4.11,-0.06,-1,5730239,7998034
EGTS,2017-11-16,1.49,1.49,1.44,1.46,-2.01,-0.03,-1,5981720,8758540
EGTS,2017-11-15,1.52,1.52,1.47,1.49,-1.32,-0.02,-1,14855352,22070144
EGTS,2017-11-14,1.52,1.52,1.49,1.51,0.67,0.01,-1,7905680,11918924
EGTS,2017-11-13,1.52,1.52,1.47,1.5,-0.66,-0.01,-1,16429537,24633122
EGTS,2017-11-12,1.53,1.53,1.48,1.51,0,0,-1,13565406,20438590
EGTS,2017-11-09,1.55,1.55,1.48,1.51,-1.31,-0.02,-1,19263683,29040992
EGTS,2017-11-08,1.56,1.56,1.49,1.53,0.66,0.01,-1,27060661,41455140
EGTS,2017-11-07,1.54,1.54,1.48,1.52,0.66,0.01,-1,21897963,33222868
EGTS,2017-11-06,1.56,1.56,1.48,1.51,-1.95,-0.03,-1,14741505,22305068
EGTS,2017-11-05,1.56,1.56,1.51,1.54,-1.91,-0.03,-1,23017382,35418724
EGTS,2017-11-02,1.59,1.59,1.55,1.57,3.29,0.05,-1,51655679,81085176
EGTS,2017-11-01,1.59,1.59,1.45,1.52,2.7,0.04,-1,59009017,89674888
EGTS,2017-10-31,1.52,1.52,1.44,1.48,-3.97,-0.06,-1,34602081,51084012
EGTS,2017-10-30,1.53,1.53,1.49,1.51,0.67,0.01,-1,16508568,24913828
EGTS,2017-10-29,1.53,1.53,1.47,1.5,1.35,0.02,-1,26009097,38944800
EGTS,2017-10-26,1.51,1.51,1.45,1.48,0,0,-1,23212289,34284960
EGTS,2017-10-25,1.51,1.51,1.44,1.48,1.37,0.02,-1,48659025,72084080
EGTS,2017-10-24,1.5,1.5,1.42,1.46,4.29,0.06,-1,68022917,99068760
EGTS,2017-10-23,1.44,1.44,1.35,1.4,2.94,0.04,-1,48321651,67610360
EGTS,2017-10-22,1.39,1.39,1.32,1.36,-2.16,-0.03,-1,11343659,15371418
EGTS,2017-10-19,1.42,1.42,1.36,1.39,-0.71,-0.01,-1,33647472,46714196
EGTS,2017-10-18,1.43,1.43,1.38,1.4,3.7,0.05,-1,45196961,63413908
EGTS,2017-10-17,1.37,1.37,1.31,1.35,2.27,0.03,-1,21649611,29164862
EGTS,2017-10-16,1.37,1.37,1.27,1.32,-3.65,-0.05,-1,43408790,57155800
EGTS,2017-10-15,1.4,1.4,1.33,1.37,-0.72,-0.01,-1,15543663,21221024
EGTS,2017-10-12,1.42,1.42,1.35,1.38,-2.13,-0.03,-1,20605460,28351970
EGTS,2017-10-11,1.44,1.44,1.39,1.41,-0.7,-0.01,-1,17672951,24979522
EGTS,2017-10-10,1.45,1.45,1.39,1.42,-4.79,-0.07,-1,12680665,18036434
EGTS,2017-10-09,1.5,1.5,1.43,1.46,1.39,0.02,-1,31357512,45776504
EGTS,2017-10-08,1.49,1.49,1.4,1.44,1.41,0.02,-1,41248071,59588460
EGTS,2017-10-04,1.46,1.46,1.38,1.42,2.14,0.03,-1,27578715,39227948
EGTS,2017-10-03,1.46,1.46,1.32,1.4,2.94,0.04,-1,36950195,51748776
EGTS,2017-10-02,1.4,1.4,1.34,1.36,-4.96,-0.07,-1,16080181,21925738
EGTS,2017-10-01,1.43,1.43,1.37,1.41,0,0,-1,14850013,20886044
EGTS,2017-09-28,1.44,1.44,1.39,1.41,1.45,0.02,-1,27085314,38229660
EGTS,2017-09-27,1.44,1.44,1.3,1.38,2.99,0.04,-1,48575540,66887804
EGTS,2017-09-26,1.38,1.38,1.29,1.34,2.29,0.03,-1,58986088,79236120
EGTS,2017-09-25,1.35,1.35,1.24,1.31,6.5,0.08,-1,70050694,91439360
EGTS,2017-09-24,1.25,1.25,1.21,1.23,-2.38,-0.03,-1,13832030,17082298
EGTS,2017-09-20,1.3,1.3,1.23,1.26,-3.82,-0.05,-1,30090911,37904356
EGTS,2017-09-19,1.33,1.33,1.28,1.31,-0.76,-0.01,-1,18949448,24796934
EGTS,2017-09-18,1.35,1.35,1.3,1.32,0,0,-1,26288052,34701264
EGTS,2017-09-17,1.35,1.35,1.28,1.32,3.13,0.04,-1,25594365,33778128
EGTS,2017-09-14,1.31,1.31,1.26,1.28,0,0,-1,21978854,28146162
EGTS,2017-09-13,1.32,1.32,1.26,1.28,-0.78,-0.01,-1,12897024,16572494
EGTS,2017-09-12,1.34,1.34,1.24,1.29,1.57,0.02,-1,31249517,40467688
EGTS,2017-09-11,1.3,1.3,1.25,1.27,0.79,0.01,-1,16496021,20959174
EGTS,2017-09-10,1.29,1.29,1.22,1.26,6.78,0.08,-1,30778969,38634912
EGTS,2017-09-07,1.22,1.22,1.14,1.18,6.31,0.07,-1,55225738,65359280
EGTS,2017-09-06,1.14,1.14,1.07,1.11,3.74,0.04,-1,23632193,26237582
EGTS,2017-09-05,1.1,1.1,1.04,1.07,3.88,0.04,-1,15844161,16920110
EGTS,2017-08-30,1.04,1.04,1.01,1.03,0.98,0.01,-1,8756515,9010848
EGTS,2017-08-29,1.03,1.03,1,1.02,0,0,-1,7282477,7405321.5
EGTS,2017-08-28,1.04,1.04,0.99,1.02,3.03,0.03,-1,14963316,15206227
EGTS,2017-08-27,1,1,0.98,0.99,1.02,0.01,-1,1297820,1282805.63
EGTS,2017-08-24,0.99,0.99,0.97,0.98,-2,-0.02,-1,2024800,1989367.75
EGTS,2017-08-23,1.01,1.01,0.98,1,-1.96,-0.02,-1,3841927,3836060
EGTS,2017-08-22,1.04,1.04,1,1.02,0.99,0.01,-1,7100236,7267465.5
EGTS,2017-08-21,1.02,1.02,1,1.01,0,0,-1,2671515,2693423
EGTS,2017-08-20,1.03,1.03,0.99,1.01,-1.94,-0.02,-1,4012796,4058459
EGTS,2017-08-17,1.03,1.03,1.02,1.03,0,0,-1,2925814,3004969.25
EGTS,2017-08-16,1.04,1.04,1.02,1.03,-0.96,-0.01,-1,3579583,3684953.5
EGTS,2017-08-15,1.06,1.06,1.02,1.04,-0.95,-0.01,-1,4766571,4937517.5
EGTS,2017-08-14,1.07,1.07,1.03,1.05,-0.94,-0.01,-1,5709774,5977334
EGTS,2017-08-13,1.1,1.1,1.05,1.06,-3.64,-0.04,-1,9175409,9747898
EGTS,2017-08-10,1.11,1.11,1.08,1.1,0,0,-1,11143427,12257246
EGTS,2017-08-09,1.11,1.11,1.09,1.1,0.92,0.01,-1,8933042,9803653
EGTS,2017-08-08,1.1,1.1,1.07,1.09,0,0,-1,7516241,8186790
EGTS,2017-08-07,1.11,1.11,1.07,1.09,-0.91,-0.01,-1,4427928,4808358.5
EGTS,2017-08-06,1.11,1.11,1.09,1.1,1.85,0.02,-1,6300366,6930969
EGTS,2017-08-03,1.09,1.09,1.06,1.08,0.93,0.01,-1,4092655,4426343.5
EGTS,2017-08-02,1.09,1.09,1.04,1.07,1.9,0.02,-1,9064255,9704175
EGTS,2017-08-01,1.07,1.07,1.04,1.05,-0.94,-0.01,-1,3277457,3449503.25
EGTS,2017-07-31,1.08,1.08,1.04,1.06,0.95,0.01,-1,5454428,5778606.5
EGTS,2017-07-30,1.09,1.09,1.05,1.05,-3.67,-0.04,-1,127731230,134260000
EGTS,2017-07-27,1.1,1.1,1.08,1.09,-0.91,-0.01,-1,2479447,2703545.5
EGTS,2017-07-26,1.11,1.11,1.09,1.1,-0.9,-0.01,-1,2769499,3052743.25
EGTS,2017-07-25,1.12,1.12,1.09,1.11,0.91,0.01,-1,7068967,7843178
EGTS,2017-07-24,1.11,1.11,1.09,1.1,0,0,-1,2421857,2664872.75
EGTS,2017-07-20,1.12,1.12,1.08,1.1,-0.9,-0.01,-1,5948101,6523276.5
EGTS,2017-07-19,1.12,1.12,1.09,1.11,0.91,0.01,-1,9858019,10897837
EGTS,2017-07-18,1.14,1.14,1.07,1.1,-3.51,-0.04,-1,14127350,15502305
EGTS,2017-07-17,1.16,1.16,1.12,1.14,1.79,0.02,-1,13194995,15004385
EGTS,2017-07-16,1.13,1.13,1.1,1.12,0.9,0.01,-1,13519088,15075140
EGTS,2017-07-13,1.14,1.14,1.06,1.11,5.71,0.06,-1,45368523,50205768
EGTS,2017-07-12,1.06,1.06,1.03,1.05,0.96,0.01,-1,17755833,18591502
EGTS,2017-07-11,1.06,1.06,1,1.04,4,0.04,-1,27029697,28066456
EGTS,2017-07-10,1.02,1.02,0.99,1,0,0,-1,4489547,4494685
EGTS,2017-07-09,1,1,0.99,1,-1.98,-0.02,-1,4083464,4065342.25
EGTS,2017-07-06,1.03,1.03,1,1.01,-1.96,-0.02,-1,6161009,6241399.5
EGTS,2017-07-05,1.03,1.03,1.01,1.02,0,0,-1,6491733,6597234.5
EGTS,2017-07-04,1.03,1.03,1,1.01,0,0,-1,17273453,17451322
EGTS,2017-07-03,1,1,0.98,1,0,0,-1,3716657,3699034
EGTS,2017-07-02,1.01,1.01,0.98,0.99,1.02,0.01,-1,5829931,5796145
EGTS,2017-06-28,0.99,0.99,0.97,0.98,0,0,-1,2538171,2486187.25
EGTS,2017-06-22,1,1,0.97,0.98,-1.02,-0.01,-1,3795643,3711025
EGTS,2017-06-21,0.99,0.99,0.98,0.98,0,0,-1,2928985,2884624.25
EGTS,2017-06-20,1,1,0.97,0.98,-2,-0.02,-1,2919727,2874753.25
EGTS,2017-06-19,1.01,1.01,0.99,1,0,0,-1,3569565,3566183.25
EGTS,2017-06-18,1.01,1.01,0.99,1,-1,-0.01,-1,1870064,1870645
EGTS,2017-06-15,1.01,1.01,0.99,1,0,0,-1,5627177,5643001
EGTS,2017-06-14,1.01,1.01,0.99,1,-0.99,-0.01,-1,4849983,4862263.5
EGTS,2017-06-13,1.03,1.03,1,1.01,-0.98,-0.01,-1,7051020,7137691
EGTS,2017-06-12,1.04,1.04,1,1.02,-2.88,-0.03,-1,12556025,12805461
EGTS,2017-06-11,1.05,1.05,1.03,1.04,0.98,0.01,-1,12707558,13197916
EGTS,2017-06-08,1.04,1.04,1.01,1.02,0,0,-1,9710893,9940867
EGTS,2017-06-07,1.03,1.03,1.01,1.02,0,0,-1,9959283,10110296
EGTS,2017-06-06,1.03,1.03,0.99,1.02,3.03,0.03,-1,18781270,19074090
EGTS,2017-06-05,1,1,0.98,0.99,-1.01,-0.01,-1,4377011,4343689.5
EGTS,2017-06-04,1,1,0.98,0.99,0,0,-1,3560401,3522602.25
EGTS,2017-06-01,1,1,0.97,0.99,1.03,0.01,-1,17321537,17139478
EGTS,2017-05-31,0.99,0.99,0.96,0.97,-2.04,-0.02,-1,10198152,9890969
EGTS,2017-05-30,0.99,0.99,0.96,0.98,-1.02,-0.01,-1,7084046,6921445.5
EGTS,2017-05-29,1,1,0.97,0.98,-3,-0.03,-1,6714579,6609888
EGTS,2017-05-28,1.01,1.01,0.98,1,-1.01,-0.01,-1,10399460,10356067
EGTS,2017-05-25,1.01,1.01,0.98,0.99,-2,-0.02,-1,9588616,9540353
EGTS,2017-05-24,1.02,1.02,0.99,1,3.09,0.03,-1,20756811,20854374
EGTS,2017-05-23,0.98,0.98,0.95,0.97,-1.02,-0.01,-1,7335723,7081224
EGTS,2017-05-22,1.03,1.03,0.95,0.98,-6.67,-0.07,-1,19178804,18701232
EGTS,2017-05-21,1.07,1.07,1.03,1.05,1.94,0.02,-1,16169323,17045076
EGTS,2017-05-18,1.04,1.04,1.02,1.03,-0.96,-0.01,-1,7013058,7217303.5
EGTS,2017-05-17,1.05,1.05,1.02,1.04,0.97,0.01,-1,10828282,11262667
EGTS,2017-05-16,1.04,1.04,1.01,1.03,0,0,-1,8215231,8433056
EGTS,2017-05-15,1.04,1.04,1.02,1.03,0,0,-1,8697421,8952693
EGTS,2017-05-14,1.05,1.05,1.03,1.03,-0.96,-0.01,-1,4451875,4606728
EGTS,2017-05-11,1.05,1.05,1.03,1.04,-0.95,-0.01,-1,4847267,5038276.5
EGTS,2017-05-10,1.09,1.09,1.03,1.05,-0.94,-0.01,-1,16292987,17166868
EGTS,2017-05-09,1.08,1.08,1.04,1.06,0.95,0.01,-1,12854132,13641964
EGTS,2017-05-08,1.07,1.07,1.03,1.05,0.96,0.01,-1,5617088,5877618
EGTS,2017-05-07,1.06,1.06,1.03,1.04,-0.95,-0.01,-1,5077436,5297908
EGTS,2017-05-04,1.07,1.07,1.04,1.05,0,0,-1,1896455,1992384.25
EGTS,2017-05-03,1.07,1.07,1.03,1.05,0,0,-1,6515132,6831593.5
EGTS,2017-05-02,1.07,1.07,1.04,1.05,2.94,0.03,-1,3326929,3500200.75
EGTS,2017-04-30,1.05,1.05,1,1.02,-2.86,-0.03,-1,3154294,3229460.5
EGTS,2017-04-27,1.07,1.07,1.03,1.05,-1.87,-0.02,-1,4201714,4412284.5
EGTS,2017-04-26,1.08,1.08,1.06,1.07,0,0,-1,4958230,5305688
EGTS,2017-04-24,1.08,1.08,1.05,1.07,-0.93,-0.01,-1,3579436,3823232.25
EGTS,2017-04-23,1.1,1.1,1.06,1.08,-3.57,-0.04,-1,4851583,5221531.5
EGTS,2017-04-20,1.14,1.14,1.1,1.12,-0.88,-0.01,-1,3416651,3837500.25
EGTS,2017-04-19,1.13,1.13,1.12,1.13,-0.88,-0.01,-1,2552969,2878601.75
EGTS,2017-04-18,1.16,1.16,1.12,1.14,2.7,0.03,-1,9161679,10476105
EGTS,2017-04-13,1.13,1.13,1.1,1.11,-2.63,-0.03,-1,3258864,3631509.25
EGTS,2017-04-12,1.15,1.15,1.12,1.14,-1.72,-0.02,-1,5648996,6436026.5
EGTS,2017-04-11,1.17,1.17,1.15,1.16,0.87,0.01,-1,7784859,9014810
EGTS,2017-04-10,1.17,1.17,1.13,1.15,0,0,-1,8788089,10089381
EGTS,2017-04-09,1.17,1.17,1.12,1.15,2.68,0.03,-1,25975853,29916106
EGTS,2017-04-06,1.13,1.13,1.1,1.12,0,0,-1,14238617,15919213
EGTS,2017-04-05,1.15,1.15,1.1,1.12,0.9,0.01,-1,15515538,17445922
EGTS,2017-04-04,1.13,1.13,1.08,1.11,3.74,0.04,-1,21952084,24302038
EGTS,2017-04-03,1.08,1.08,1.06,1.07,0,0,-1,7811716,8354915
EGTS,2017-04-02,1.08,1.08,1.04,1.07,-0.93,-0.01,-1,5687134,6058935
EGTS,2017-03-30,1.09,1.09,1.07,1.08,0,0,-1,2671683,2886931
EGTS,2017-03-29,1.09,1.09,1.07,1.08,-0.92,-0.01,-1,2590640,2807938.5
EGTS,2017-03-28,1.11,1.11,1.08,1.09,-0.91,-0.01,-1,4540096,4948005
EGTS,2017-03-27,1.12,1.12,1.08,1.1,-0.9,-0.01,-1,7482216,8240225
EGTS,2017-03-26,1.12,1.12,1.1,1.11,1.83,0.02,-1,9759634,10833562
EGTS,2017-03-23,1.11,1.11,1.08,1.09,1.87,0.02,-1,12014034,13144690
EGTS,2017-03-22,1.08,1.08,1.06,1.07,0.94,0.01,-1,9321487,9997505
EGTS,2017-03-21,1.08,1.08,1.05,1.06,0,0,-1,7324780,7799476.5
EGTS,2017-03-20,1.08,1.08,1.05,1.06,-1.85,-0.02,-1,9410099,10000775
EGTS,2017-03-19,1.09,1.09,1.07,1.08,0,0,-1,8521743,9233490
EGTS,2017-03-16,1.11,1.11,1.07,1.08,-2.7,-0.03,-1,20049873,21701952
EGTS,2017-03-15,1.12,1.12,1.1,1.11,0.91,0.01,-1,1627535,1813952.25
EGTS,2017-03-14,1.12,1.12,1.09,1.1,-1.79,-0.02,-1,1389741,1532691.63
EGTS,2017-03-13,1.13,1.13,1.1,1.12,-0.88,-0.01,-1,2602376,2908342.75
EGTS,2017-03-12,1.15,1.15,1.11,1.13,0.89,0.01,-1,3181432,3601644.25
EGTS,2017-03-09,1.14,1.14,1.11,1.12,0,0,-1,4277103,4811544.5
EGTS,2017-03-08,1.13,1.13,1.1,1.12,0,0,-1,4618060,5153818
EGTS,2017-03-07,1.14,1.14,1.09,1.12,0,0,-1,5505831,6161356
EGTS,2017-03-06,1.13,1.13,1.1,1.12,0,0,-1,4616534,5173474
EGTS,2017-03-05,1.14,1.14,1.1,1.12,0,0,-1,2959250,3307515
EGTS,2017-03-02,1.14,1.14,1.09,1.12,3.7,0.04,-1,8095313,9027592
EGTS,2017-03-01,1.1,1.1,1.06,1.08,0,0,-1,5024956,5430590
EGTS,2017-02-28,1.1,1.1,1.06,1.08,-0.92,-0.01,-1,7549713,8149526
EGTS,2017-02-27,1.13,1.13,1.07,1.09,-3.54,-0.04,-1,5442935,5939342
EGTS,2017-02-26,1.15,1.15,1.08,1.13,3.67,0.04,-1,10048980,11345157
EGTS,2017-02-23,1.13,1.13,1.05,1.09,-4.39,-0.05,-1,8545774,9287136
EGTS,2017-02-22,1.18,1.18,1.11,1.14,-2.56,-0.03,-1,8154539,9309282
EGTS,2017-02-21,1.19,1.19,1.16,1.17,1.74,0.02,-1,10486860,12298614
EGTS,2017-02-20,1.19,1.19,1.09,1.15,3.6,0.04,-1,10452075,12037945
EGTS,2017-02-19,1.14,1.14,1.09,1.11,-0.89,-0.01,-1,5002140,5566082
EGTS,2017-02-16,1.14,1.14,1.1,1.12,1.82,0.02,-1,7940302,8887807
EGTS,2017-02-15,1.12,1.12,1.07,1.1,-0.9,-0.01,-1,7551286,8282000.5
EGTS,2017-02-14,1.14,1.14,1.07,1.11,-1.77,-0.02,-1,13625500,15077509
EGTS,2017-02-13,1.17,1.17,1.1,1.13,-3.42,-0.04,-1,11669308,13160082
EGTS,2017-02-12,1.2,1.2,1.14,1.17,5.41,0.06,-1,16439877,19203912
EGTS,2017-02-09,1.13,1.13,1.09,1.11,-0.89,-0.01,-1,5614385,6214978
EGTS,2017-02-08,1.15,1.15,1.09,1.12,0.9,0.01,-1,9959291,11168111
EGTS,2017-02-07,1.13,1.13,1.07,1.11,2.78,0.03,-1,9347418,10402517
EGTS,2017-02-06,1.1,1.1,1.07,1.08,-2.7,-0.03,-1,5442997,5895484
EGTS,2017-02-05,1.14,1.14,1.08,1.11,-0.89,-0.01,-1,7242577,8030887
EGTS,2017-02-02,1.13,1.13,1.09,1.12,2.75,0.03,-1,7567725,8445552
EGTS,2017-02-01,1.12,1.12,1.06,1.09,0,0,-1,10323991,11264082
EGTS,2017-01-31,1.13,1.13,1.06,1.09,-4.39,-0.05,-1,8785233,9616774
EGTS,2017-01-30,1.18,1.18,1.09,1.14,-4.2,-0.05,-1,10620177,12065741
EGTS,2017-01-29,1.22,1.22,1.16,1.19,0.85,0.01,-1,17101640,20367310
EGTS,2017-01-26,1.2,1.2,1.16,1.18,3.51,0.04,-1,15242021,17958536
EGTS,2017-01-24,1.16,1.16,1.1,1.14,0,0,-1,10766687,12263596
EGTS,2017-01-23,1.16,1.16,1.1,1.14,2.7,0.03,-1,15058971,17145060
EGTS,2017-01-22,1.15,1.15,1.08,1.11,-4.31,-0.05,-1,16975859,18854576
EGTS,2017-01-19,1.23,1.23,1.14,1.16,-7.94,-0.1,-1,26066782,30327216
EGTS,2017-01-18,1.32,1.32,1.2,1.26,-3.08,-0.04,-1,20296909,25635918
EGTS,2017-01-17,1.32,1.32,1.28,1.3,2.36,0.03,-1,14849768,19354570
EGTS,2017-01-16,1.32,1.32,1.24,1.27,-0.78,-0.01,-1,16405518,20893068
EGTS,2017-01-15,1.3,1.3,1.25,1.28,4.07,0.05,-1,14999177,19153224
EGTS,2017-01-12,1.27,1.27,1.16,1.23,6.03,0.07,-1,31298161,38363956
EGTS,2017-01-11,1.19,1.19,1.12,1.16,0.87,0.01,-1,16776924,19457516
EGTS,2017-01-10,1.17,1.17,1.12,1.15,-0.86,-0.01,-1,10149258,11636226
EGTS,2017-01-09,1.18,1.18,1.14,1.16,-1.69,-0.02,-1,8903618,10296215
EGTS,2017-01-08,1.21,1.21,1.14,1.18,2.61,0.03,-1,19725037,23214900
EGTS,2017-01-05,1.2,1.2,1.11,1.15,0.88,0.01,-1,19717434,22748950
EGTS,2017-01-04,1.16,1.16,1.12,1.14,0,0,-1,14232465,16236257
EGTS,2017-01-03,1.16,1.16,1.12,1.14,1.79,0.02,-1,10259104,11688811
EGTS,2017-01-02,1.17,1.17,1.05,1.12,3.7,0.04,-1,24548468,27518496
EGTS,2016-12-29,1.12,1.12,1.04,1.08,-3.57,-0.04,-1,18557802,20038646
EGTS,2016-12-28,1.14,1.14,1.1,1.12,0,0,-1,10057018,11257862
EGTS,2016-12-27,1.15,1.15,1.1,1.12,3.7,0.04,-1,21690292,24195994
EGTS,2016-12-26,1.13,1.13,1.04,1.08,4.85,0.05,-1,49866640,54095104
EGTS,2016-12-25,1.05,1.05,1.02,1.03,-0.96,-0.01,-1,18062893,18571958
EGTS,2016-12-22,1.06,1.06,1,1.04,0.97,0.01,-1,20389805,21131020
EGTS,2016-12-21,1.07,1.07,0.99,1.03,3,0.03,-1,20374602,20941318
EGTS,2016-12-20,1.02,1.02,0.98,1,3.09,0.03,-1,13888010,13868296
EGTS,2016-12-19,0.99,0.99,0.95,0.97,2.11,0.02,-1,13210603,12864479
EGTS,2016-12-18,0.97,0.97,0.94,0.95,0,0,-1,1892058,1805786.13
EGTS,2016-12-15,0.96,0.96,0.93,0.95,1.06383,0.01,-1,8095780,7657382.5
EGTS,2016-12-14,0.96,0.96,0.92,0.94,-3.09,-0.03,-1,7966536,7481580.5
EGTS,2016-12-13,1,1,0.94,0.97,-1.02,-0.01,-1,8172284,7900002
EGTS,2016-12-12,1,1,0.96,0.98,-1.01,-0.01,-1,15587830,15323379
EGTS,2016-12-08,1,1,0.97,0.99,-2.94,-0.03,-1,14747712,14536321
EGTS,2016-12-07,1.05,1.05,0.98,1.02,0,0,-1,14671910,14953814
EGTS,2016-12-06,1.03,1.03,1,1.02,0,0,-1,12989912,13299094
EGTS,2016-12-05,1.05,1.05,1,1.02,-3.77,-0.04,-1,12744248,12991330
EGTS,2016-12-04,1.08,1.08,1.03,1.06,0.95,0.01,-1,9172897,9684275
EGTS,2016-12-01,1.09,1.09,1.02,1.05,3.96,0.04,-1,31961921,33614760
EGTS,2016-11-30,1.04,1.04,0.97,1.01,6.32,0.06,-1,30264549,30423874
EGTS,2016-11-29,0.98,0.98,0.92,0.95,1.06,0.01,-1,14640475,13938785
EGTS,2016-11-28,0.95,0.95,0.92,0.94,3.3,0.03,-1,7215344,6754205.5
EGTS,2016-11-27,0.93,0.93,0.9,0.91,-4.21,-0.04,-1,9923671,9036942
EGTS,2016-11-24,0.98,0.98,0.91,0.95,-2.06,-0.02,-1,11762098,11145907
EGTS,2016-11-23,0.98,0.98,0.94,0.97,-1.02,-0.01,-1,13066672,12642688
EGTS,2016-11-22,1.01,1.01,0.95,0.98,0,0,-1,19593890,19108374
EGTS,2016-11-21,1,1,0.96,0.98,1.03,0.01,-1,22644180,22183288
EGTS,2016-11-20,0.99,0.99,0.94,0.97,-2.020202,-0.02,-1,12708225,12292902
EGTS,2016-11-17,1.02,1.02,0.93,0.99,0,0,-1,25268290,24896416
EGTS,2016-11-16,1.01,1.01,0.96,0.99,4.21,0.04,-1,23138549,22838890
EGTS,2016-11-15,0.98,0.98,0.88,0.95,4.4,0.04,-1,26118922,24784556
EGTS,2016-11-14,0.94,0.94,0.89,0.91,3.41,0.03,-1,22864711,20795938
EGTS,2016-11-13,0.92,0.92,0.84,0.88,4.76,0.04,-1,26027692,22801210
EGTS,2016-11-10,0.86,0.86,0.81,0.84,5,0.04,-1,23384744,19669776
EGTS,2016-11-09,0.83,0.83,0.77,0.8,0,0,-1,22544892,18134906
EGTS,2016-11-08,0.82,0.82,0.78,0.8,1.27,0.01,-1,9267409,7392760
EGTS,2016-11-07,0.82,0.82,0.75,0.79,3.95,0.03,-1,15172870,11910814
EGTS,2016-11-06,0.78,0.78,0.72,0.76,2.7,0.02,-1,11640572,8864416
EGTS,2016-11-03,0.77,0.77,0.71,0.74,1.37,0.01,-1,7601426,5630656
EGTS,2016-11-02,0.74,0.74,0.72,0.73,1.39,0.01,-1,5225645,3799572.5
EGTS,2016-11-01,0.73,0.73,0.71,0.72,2.86,0.02,-1,4095952,2945329
EGTS,2016-10-31,0.71,0.71,0.7,0.7,0,0,-1,2428992,1704992.38
EGTS,2016-10-30,0.72,0.72,0.69,0.7,-1.41,-0.01,-1,2212532,1556383.38
EGTS,2016-10-27,0.71,0.71,0.7,0.71,4.41,0.03,-1,3780001,2670110.75
EGTS,2016-10-26,0.71,0.71,0.66,0.68,3.03,0.02,-1,4613345,3146227.25
EGTS,2016-10-25,0.67,0.67,0.65,0.66,0,0,-1,2677794,1770636
EGTS,2016-10-24,0.66,0.66,0.65,0.66,0,0,-1,1599864,1053762.75
EGTS,2016-10-23,0.67,0.67,0.66,0.66,0,0,-1,1739446,1148134.38
EGTS,2016-10-20,0.67,0.67,0.65,0.66,3.13,0.02,-1,6391589,4205159.5
EGTS,2016-10-19,0.66,0.66,0.63,0.64,-3.03,-0.02,-1,3480565,2237696
EGTS,2016-10-18,0.67,0.67,0.65,0.66,-2.94,-0.02,-1,3646356,2412123.25
EGTS,2016-10-17,0.72,0.72,0.66,0.68,-6.85,-0.05,-1,7144701,4884586
EGTS,2016-10-16,0.75,0.75,0.71,0.73,-2.67,-0.02,-1,4637069,3377604.75
EGTS,2016-10-13,0.76,0.76,0.73,0.75,2.74,0.02,-1,9866455,7360154.5
EGTS,2016-10-12,0.73,0.73,0.72,0.73,1.39,0.01,-1,2093038,1517822
EGTS,2016-10-11,0.73,0.73,0.71,0.72,-2.702703,-0.02,-1,3805843,2729501
EGTS,2016-10-10,0.75,0.75,0.71,0.74,-1.33,-0.01,-1,7786779,5745110.5
EGTS,2016-10-09,0.76,0.76,0.74,0.75,0,0,-1,7313143,5506978.5
EGTS,2016-10-05,0.77,0.77,0.73,0.75,2.739726,0.02,-1,13040760,9833408
EGTS,2016-10-04,0.74,0.74,0.72,0.73,-1.35,-0.01,-1,3256751,2391790.5
EGTS,2016-10-03,0.75,0.75,0.73,0.74,1.37,0.01,-1,9975970,7370578.5
EGTS,2016-09-29,0.75,0.75,0.71,0.73,0,0,-1,8186184,5949171.5
EGTS,2016-09-28,0.73,0.73,0.72,0.73,0,0,-1,3414346,2490345
EGTS,2016-09-27,0.73,0.73,0.71,0.73,0,0,-1,3657446,2655256.25
EGTS,2016-09-26,0.73,0.73,0.72,0.73,0,0,-1,4653826,3395215.5
EGTS,2016-09-25,0.73,0.73,0.72,0.73,0,0,-1,2852300,2068944
EGTS,2016-09-22,0.74,0.74,0.72,0.73,-1.35,-0.01,-1,3793056,2763088.25
EGTS,2016-09-21,0.76,0.76,0.72,0.74,-1.33,-0.01,-1,1993246,1466958.75
EGTS,2016-09-20,0.76,0.76,0.75,0.75,-1.32,-0.01,-1,1447396,1089657
EGTS,2016-09-19,0.76,0.76,0.75,0.76,1.33,0.01,-1,429170,324429.81
EGTS,2016-09-18,0.76,0.76,0.74,0.75,-1.32,-0.01,-1,598052,449488.5
EGTS,2016-09-15,0.77,0.77,0.76,0.76,-1.3,-0.01,-1,1096436,833791.38
EGTS,2016-09-14,0.77,0.77,0.76,0.77,0,0,-1,243200,187069
EGTS,2016-09-08,0.77,0.77,0.76,0.77,1.32,0.01,-1,1149029,884209.75
EGTS,2016-09-07,0.77,0.77,0.75,0.76,-1.3,-0.01,-1,2040946,1550851.38
EGTS,2016-09-06,0.78,0.78,0.76,0.77,0,0,-1,1644038,1263168.88
EGTS,2016-09-05,0.78,0.78,0.76,0.77,-1.28,-0.01,-1,3034223,2342012.75
EGTS,2016-09-04,0.78,0.78,0.77,0.78,0,0,-1,2212534,1721988.13
EGTS,2016-09-01,0.79,0.79,0.77,0.78,-2.5,-0.02,-1,1983165,1549138.25
EGTS,2016-08-31,0.81,0.81,0.78,0.8,0,0,-1,3061013,2438672.25
EGTS,2016-08-30,0.81,0.81,0.79,0.8,1.27,0.01,-1,4587893,3663250.5
EGTS,2016-08-29,0.8,0.8,0.78,0.79,0,0,-1,2348863,1857967.13
EGTS,2016-08-28,0.79,0.79,0.78,0.79,1.28,0.01,-1,952043,750809
EGTS,2016-08-25,0.81,0.81,0.78,0.78,-2.5,-0.02,-1,2600569,2041016.63
EGTS,2016-08-24,0.82,0.82,0.79,0.8,0,0,-1,5701973,4582970.5
EGTS,2016-08-23,0.8,0.8,0.78,0.8,1.27,0.01,-1,2796920,2226547.25
EGTS,2016-08-22,0.81,0.81,0.78,0.79,-1.25,-0.01,-1,2717195,2141629
EGTS,2016-08-21,0.8,0.8,0.79,0.8,0,0,-1,944281,755347.19
EGTS,2016-08-18,0.81,0.81,0.78,0.8,0,0,-1,2096499,1667842.75
EGTS,2016-08-17,0.81,0.81,0.79,0.8,-1.234568,-0.01,-1,1669039,1336881.63
EGTS,2016-08-16,0.81,0.81,0.8,0.81,0,0,-1,4041207,3253886.75
EGTS,2016-08-15,0.83,0.83,0.79,0.81,-1.219512,-0.01,-1,6841893,5553325.5
EGTS,2016-08-14,0.84,0.84,0.8,0.82,1.234568,0.01,-1,3920565,3227211.75
EGTS,2016-08-11,0.83,0.83,0.8,0.81,-1.219512,-0.01,-1,4954835,4037702.5
EGTS,2016-08-10,0.84,0.84,0.81,0.82,1.234568,0.01,-1,7451729,6142723
EGTS,2016-08-09,0.83,0.83,0.8,0.81,1.25,0.01,-1,11891412,9671221
EGTS,2016-08-08,0.81,0.81,0.78,0.8,2.56,0.02,-1,9614776,7646542
EGTS,2016-08-07,0.78,0.78,0.78,0.78,0,0,-1,2872419,2240486.75
EGTS,2016-08-04,0.8,0.8,0.77,0.78,0,0,-1,6281266,4920837
EGTS,2016-08-03,0.8,0.8,0.77,0.78,1.3,0.01,-1,6850968,5367334
EGTS,2016-08-02,0.78,0.78,0.75,0.77,1.32,0.01,-1,3401701,2603679.5
EGTS,2016-08-01,0.78,0.78,0.74,0.76,0,0,-1,4053395,3082662
EGTS,2016-07-31,0.78,0.78,0.75,0.76,-1.3,-0.01,-1,2269610,1729435.38
EGTS,2016-07-28,0.78,0.78,0.76,0.77,-1.28,-0.01,-1,1431464,1103241.75
EGTS,2016-07-27,0.79,0.79,0.76,0.78,4,0.03,-1,9473119,7361229
EGTS,2016-07-26,0.76,0.76,0.73,0.75,0,0,-1,3069097,2293440.75
EGTS,2016-07-25,0.76,0.76,0.73,0.75,1.35,0.01,-1,1801310,1342360.13
EGTS,2016-07-24,0.75,0.75,0.73,0.74,0,0,-1,1588608,1172329.38
EGTS,2016-07-21,0.75,0.75,0.73,0.74,-2.63,-0.02,-1,1334800,987091.5
EGTS,2016-07-20,0.77,0.77,0.73,0.76,-2.56,-0.02,-1,9440858,7139695
EGTS,2016-07-19,0.79,0.79,0.77,0.78,-1.27,-0.01,-1,3977942,3092137.5
EGTS,2016-07-18,0.81,0.81,0.77,0.79,2.6,0.02,-1,8346096,6584907.5
EGTS,2016-07-17,0.8,0.8,0.74,0.77,2.666667,0.02,-1,12003290,9292737
EGTS,2016-07-14,0.75,0.75,0.74,0.75,0,0,-1,1750845,1304984.25
EGTS,2016-07-13,0.76,0.76,0.73,0.75,1.35,0.01,-1,2766073,2064231.88
EGTS,2016-07-12,0.76,0.76,0.73,0.74,0,0,-1,3389959,2511364.75
EGTS,2016-07-11,0.76,0.76,0.73,0.74,-2.63,-0.02,-1,5945850,4421302.5
EGTS,2016-07-10,0.77,0.77,0.74,0.76,4.11,0.03,-1,5909016,4467894.5
EGTS,2016-07-04,0.75,0.75,0.71,0.73,4.285714,0.03,-1,4233523,3099897.75
EGTS,2016-07-03,0.72,0.72,0.69,0.7,1.45,0.01,-1,3642414,2565426
EGTS,2016-06-29,0.7,0.7,0.68,0.69,0,0,-1,3888848,2685972.75
EGTS,2016-06-28,0.71,0.71,0.68,0.69,1.47,0.01,-1,3111112,2158589
EGTS,2016-06-27,0.69,0.69,0.67,0.68,3.03,0.02,-1,1295610,877593.31
EGTS,2016-06-26,0.68,0.68,0.65,0.66,-7.04,-0.05,-1,2810734,1868068.13
EGTS,2016-06-23,0.72,0.72,0.7,0.71,1.43,0.01,-1,2095656,1497309.38
EGTS,2016-06-22,0.72,0.72,0.69,0.7,-4.11,-0.03,-1,2884168,2026495.5
EGTS,2016-06-21,0.74,0.74,0.71,0.73,0,0,-1,1965548,1426845.25
EGTS,2016-06-20,0.75,0.75,0.71,0.73,-2.67,-0.02,-1,2227326,1631589.5
EGTS,2016-06-19,0.77,0.77,0.73,0.75,-2.6,-0.02,-1,2899433,2183493.5
EGTS,2016-06-16,0.78,0.78,0.76,0.77,1.32,0.01,-1,7196150,5531945
EGTS,2016-06-15,0.79,0.79,0.74,0.76,-5,-0.04,-1,7914247,6043209
EGTS,2016-06-14,0.81,0.81,0.78,0.8,-1.23,-0.01,-1,3306174,2638134.5
EGTS,2016-06-13,0.83,0.83,0.8,0.81,-1.22,-0.01,-1,2438409,1985258.5
EGTS,2016-06-12,0.83,0.83,0.81,0.82,-2.38,-0.02,-1,3167899,2604654
EGTS,2016-06-09,0.85,0.85,0.83,0.84,0,0,-1,2826215,2368874.5
EGTS,2016-06-08,0.86,0.86,0.82,0.84,2.44,0.02,-1,14137984,11939252
EGTS,2016-06-07,0.83,0.83,0.81,0.82,1.23,0.01,-1,4470025,3651767.5
EGTS,2016-06-06,0.82,0.82,0.81,0.81,-1.22,-0.01,-1,2072900,1687316
EGTS,2016-06-05,0.83,0.83,0.81,0.82,-1.204819,-0.01,-1,2228768,1823735.75
EGTS,2016-06-02,0.83,0.83,0.82,0.83,1.22,0.01,-1,2947091,2436886
EGTS,2016-06-01,0.83,0.83,0.81,0.82,0,0,-1,1487010,1220089.63
EGTS,2016-05-31,0.83,0.83,0.81,0.82,-1.2,-0.01,-1,1404784,1150800.63
EGTS,2016-05-30,0.84,0.84,0.82,0.83,0,0,-1,1944337,1609746.25
EGTS,2016-05-29,0.84,0.84,0.82,0.83,-1.19,-0.01,-1,1178154,979952.06
EGTS,2016-05-26,0.85,0.85,0.83,0.84,-1.18,-0.01,-1,2575123,2165131.25
EGTS,2016-05-25,0.86,0.86,0.84,0.85,0,0,-1,2306679,1959860.63
EGTS,2016-05-24,0.86,0.86,0.85,0.85,0,0,-1,5679487,4837347
EGTS,2016-05-23,0.87,0.87,0.84,0.85,-1.162791,-0.01,-1,4843906,4133591
EGTS,2016-05-22,0.87,0.87,0.85,0.86,1.176471,0.01,-1,2334134,2006361.38
EGTS,2016-05-19,0.86,0.86,0.83,0.85,-3.409091,-0.03,-1,3547110,3010882
EGTS,2016-05-18,0.9,0.9,0.86,0.88,1.149425,0.01,-1,10354876,9106923
EGTS,2016-05-17,0.88,0.88,0.85,0.87,2.35,0.02,-1,3905564,3378474
EGTS,2016-05-16,0.87,0.87,0.84,0.85,-1.16,-0.01,-1,1938912,1650044.38
EGTS,2016-05-15,0.87,0.87,0.84,0.86,-2.27,-0.02,-1,2531151,2172342.5
EGTS,2016-05-12,0.9,0.9,0.87,0.88,0,0,-1,4043970,3565266.25
EGTS,2016-05-11,0.89,0.89,0.86,0.88,-1.12,-0.01,-1,3690184,3235684
EGTS,2016-05-10,0.9,0.9,0.87,0.89,-1.111111,-0.01,-1,4063786,3606639.75
EGTS,2016-05-09,0.91,0.91,0.89,0.9,0,0,-1,3986892,3584734.75
EGTS,2016-05-08,0.91,0.91,0.88,0.9,1.123596,0.01,-1,2387800,2139733.5
EGTS,2016-05-05,0.91,0.91,0.88,0.89,0,0,-1,5207163,4658914.5
EGTS,2016-05-04,0.9,0.9,0.87,0.89,1.14,0.01,-1,6810991,6049596
EGTS,2016-05-03,0.92,0.92,0.86,0.88,-3.3,-0.03,-1,5110565,4514655
EGTS,2016-04-28,0.92,0.92,0.89,0.91,-2.15,-0.02,-1,5393734,4898568.5
EGTS,2016-04-27,0.96,0.96,0.9,0.93,-2.11,-0.02,-1,9860885,9147332
EGTS,2016-04-26,0.97,0.97,0.94,0.95,1.06,0.01,-1,7520086,7156525
EGTS,2016-04-24,0.96,0.96,0.93,0.94,0,0,-1,9160603,8644379
EGTS,2016-04-21,0.96,0.96,0.92,0.94,-2.13,-0.02,-1,6704270,6273080.5
EGTS,2016-04-20,0.97,0.97,0.92,0.94,-3.09,-0.03,-1,13959549,13163765
EGTS,2016-04-19,0.98,0.98,0.95,0.97,2.11,0.02,-1,12139786,11721255
EGTS,2016-04-18,0.97,0.97,0.93,0.95,2.15,0.02,-1,15617568,14798065
EGTS,2016-04-17,0.95,0.95,0.92,0.93,2.2,0.02,-1,12039283,11221752
EGTS,2016-04-14,0.93,0.93,0.89,0.91,1.11,0.01,-1,9743814,8854811
EGTS,2016-04-13,0.92,0.92,0.88,0.9,1.12,0.01,-1,6101236,5487654.5
EGTS,2016-04-12,0.92,0.92,0.85,0.89,0,0,-1,6966864,6182888
EGTS,2016-04-11,0.9,0.9,0.87,0.89,-2.197802,-0.02,-1,3728897,3320224
EGTS,2016-04-10,0.94,0.94,0.89,0.91,-1.09,-0.01,-1,12630945,11443156
EGTS,2016-04-07,0.94,0.94,0.9,0.92,-1.08,-0.01,-1,8249605,7622650.5
EGTS,2016-04-06,0.97,0.97,0.9,0.93,-5.1,-0.05,-1,13860371,12920708
EGTS,2016-04-05,1,1,0.95,0.98,0,0,-1,12062828,11777223
EGTS,2016-04-04,0.99,0.99,0.96,0.98,0,0,-1,8121864,7958508.5
EGTS,2016-04-03,1.01,1.01,0.96,0.98,0,0,-1,9170545,9026054
EGTS,2016-03-31,1.01,1.01,0.95,0.98,2.08,0.02,-1,21423882,20984534
EGTS,2016-03-30,0.98,0.98,0.94,0.96,-1.03,-0.01,-1,18005104,17253590
EGTS,2016-03-29,0.99,0.99,0.94,0.97,4.3,0.04,-1,26279631,25437872
EGTS,2016-03-28,0.98,0.98,0.88,0.93,2.197802,0.02,-1,33804500,31578868
EGTS,2016-03-27,0.94,0.94,0.88,0.91,-1.09,-0.01,-1,17114083,15593582
EGTS,2016-03-24,0.95,0.95,0.9,0.92,-2.13,-0.02,-1,24976831,23085854
EGTS,2016-03-23,0.9,0.9,0.82,0.9,9.756098,0.08,-1,14279700,12784523
EGTS,2016-03-22,0.84,0.84,0.8,0.82,-1.204819,-0.01,-1,9217335,7555608.5
EGTS,2016-03-21,0.85,0.85,0.82,0.83,-1.190476,-0.01,-1,13884284,11550030
EGTS,2016-03-20,0.87,0.87,0.82,0.84,1.204819,0.01,-1,14624724,12294602
EGTS,2016-03-17,0.85,0.85,0.81,0.83,3.75,0.03,-1,28520405,23735754
EGTS,2016-03-16,0.83,0.83,0.77,0.8,3.896104,0.03,-1,23557474,18875268
EGTS,2016-03-15,0.79,0.79,0.75,0.77,0,0,-1,13890184,10764853
EGTS,2016-03-14,0.8,0.8,0.74,0.77,5.48,0.04,-1,20788443,15918856
EGTS,2016-03-13,0.74,0.74,0.72,0.73,-1.35,-0.01,-1,5428210,3961527.25
EGTS,2016-03-10,0.76,0.76,0.72,0.74,0,0,-1,13597947,10080355
EGTS,2016-03-09,0.76,0.76,0.72,0.74,1.37,0.01,-1,12370705,9183901
EGTS,2016-03-08,0.75,0.75,0.71,0.73,2.82,0.02,-1,16418063,11996287
EGTS,2016-03-07,0.72,0.72,0.7,0.71,1.428571,0.01,-1,3661415,2598504.75
EGTS,2016-03-06,0.71,0.71,0.7,0.7,0,0,-1,2077066,1459836.38
EGTS,2016-03-03,0.71,0.71,0.7,0.7,-2.777778,-0.02,-1,2209158,1547707
EGTS,2016-03-02,0.74,0.74,0.69,0.72,1.408451,0.01,-1,9442717,6773568.5
EGTS,2016-03-01,0.72,0.72,0.7,0.71,1.428571,0.01,-1,3978239,2819897.25
EGTS,2016-02-29,0.72,0.72,0.69,0.7,-1.408451,-0.01,-1,4254396,2998697.75
EGTS,2016-02-28,0.72,0.72,0.7,0.71,2.898551,0.02,-1,5935134,4197890.5
EGTS,2016-02-25,0.7,0.7,0.68,0.69,0,0,-1,2445917,1685012.5
EGTS,2016-02-24,0.7,0.7,0.68,0.69,-1.428571,-0.01,-1,3176513,2186390.5
EGTS,2016-02-23,0.71,0.71,0.68,0.7,1.449275,0.01,-1,5678387,3948735.25
EGTS,2016-02-22,0.69,0.69,0.68,0.69,1.470588,0.01,-1,3610847,2491383
EGTS,2016-02-21,0.69,0.69,0.67,0.68,0,0,-1,2175676,1479540.88
EGTS,2016-02-18,0.69,0.69,0.67,0.68,0,0,-1,2027858,1378851
EGTS,2016-02-17,0.7,0.7,0.66,0.68,0,0,-1,5137408,3505463
EGTS,2016-02-16,0.69,0.69,0.67,0.68,1.49,0.01,-1,3675410,2488751.5
EGTS,2016-02-15,0.68,0.68,0.67,0.67,0,0,-1,1903744,1278564.5
EGTS,2016-02-14,0.68,0.68,0.66,0.67,1.515152,0.01,-1,2376763,1582167.75
EGTS,2016-02-11,0.69,0.69,0.65,0.66,-5.714286,-0.04,-1,3288466,2182444.5
EGTS,2016-02-10,0.7,0.7,0.68,0.7,1.449275,0.01,-1,1854516,1292211.5
EGTS,2016-02-09,0.7,0.7,0.68,0.69,-2.816901,-0.02,-1,1815038,1252519.75
EGTS,2016-02-08,0.73,0.73,0.68,0.71,0,0,-1,4907581,3480551.75
EGTS,2016-02-07,0.72,0.72,0.7,0.71,-1.388889,-0.01,-1,3619036,2564415
EGTS,2016-02-04,0.74,0.74,0.71,0.72,0,0,-1,5358804,3884180.5
EGTS,2016-02-03,0.72,0.72,0.7,0.72,0,0,-1,4929153,3531552.75
EGTS,2016-02-02,0.72,0.72,0.71,0.72,1.408451,0.01,-1,3525617,2527454.75
EGTS,2016-02-01,0.73,0.73,0.69,0.71,0,0,-1,6850099,4882389.5
EGTS,2016-01-31,0.73,0.73,0.69,0.71,-1.388889,-0.01,-1,4869582,3460689.5
EGTS,2016-01-28,0.73,0.73,0.71,0.72,1.41,0.01,-1,4497997,3218304.25
EGTS,2016-01-27,0.73,0.73,0.7,0.71,1.428571,0.01,-1,4370726,3123360.75
EGTS,2016-01-26,0.71,0.71,0.68,0.7,0,0,-1,2234603,1565036.25
EGTS,2016-01-24,0.71,0.71,0.69,0.7,2.941176,0.02,-1,2451906,1724332.5
EGTS,2016-01-21,0.69,0.69,0.65,0.68,0,0,-1,2521635,1714361.63
EGTS,2016-01-20,0.71,0.71,0.66,0.68,-6.849315,-0.05,-1,6680926,4576351.5
EGTS,2016-01-19,0.73,0.73,0.71,0.73,4.285714,0.03,-1,5146908,3736442.75
EGTS,2016-01-18,0.71,0.71,0.69,0.7,2.94,0.02,-1,7689759,5365594
EGTS,2016-01-17,0.71,0.71,0.64,0.68,-1.45,-0.01,-1,7208641,4869997.5
EGTS,2016-01-14,0.72,0.72,0.67,0.69,-6.756757,-0.05,-1,5051827,3479922.5
EGTS,2016-01-13,0.79,0.79,0.71,0.74,-5.128205,-0.04,-1,7588220,5639807.5
EGTS,2016-01-12,0.8,0.8,0.76,0.78,0,0,-1,7607492,5938122
EGTS,2016-01-11,0.8,0.8,0.76,0.78,-1.265823,-0.01,-1,7416311,5767682.5
EGTS,2016-01-10,0.8,0.8,0.77,0.79,-2.469136,-0.02,-1,5365718,4238253
EGTS,2016-01-06,0.83,0.83,0.8,0.81,-1.219512,-0.01,-1,9091740,7361406
EGTS,2016-01-05,0.83,0.83,0.8,0.82,0,0,-1,4560766,3732783.75
EGTS,2016-01-04,0.85,0.85,0.8,0.82,-2.380952,-0.02,-1,8065789,6597317.5
EGTS,2016-01-03,0.85,0.85,0.83,0.84,0,0,-1,3855801,3236917.75
EGTS,2015-12-31,0.85,0.85,0.82,0.84,-1.176471,-0.01,-1,8045470,6739184
EGTS,2015-12-30,0.86,0.86,0.84,0.85,2.409639,0.02,-1,10667434,9054898
EGTS,2015-12-29,0.85,0.85,0.82,0.83,-1.190476,-0.01,-1,10813766,9024968
EGTS,2015-12-28,0.85,0.85,0.82,0.84,0,0,-1,8827097,7377043
EGTS,2015-12-27,0.86,0.86,0.8,0.84,2.439024,0.02,-1,20283961,16944712
EGTS,2015-12-24,0.83,0.83,0.81,0.82,1.234568,0.01,-1,12861138,10567132
EGTS,2015-12-22,0.82,0.82,0.8,0.81,1.25,0.01,-1,9517431,7749760.5
EGTS,2015-12-21,0.82,0.82,0.78,0.8,2.564103,0.02,-1,14998908,11964207
EGTS,2015-12-20,0.79,0.79,0.77,0.78,0,0,-1,7722863,6016144.5
EGTS,2015-12-17,0.79,0.79,0.77,0.78,2.631579,0.02,-1,10780571,8396632
EGTS,2015-12-16,0.77,0.77,0.74,0.76,2.702703,0.02,-1,6786247,5144770
EGTS,2015-12-15,0.75,0.75,0.72,0.74,1.369863,0.01,-1,6141462,4540381.5
EGTS,2015-12-14,0.75,0.75,0.72,0.73,0,0,-1,3529072,2580680.25
EGTS,2015-12-13,0.76,0.76,0.72,0.73,-6.410256,-0.05,-1,6609270,4852516.5
EGTS,2015-12-10,0.8,0.8,0.77,0.78,-2.5,-0.02,-1,7626942,5945181.5
EGTS,2015-12-09,0.82,0.82,0.79,0.8,0,0,-1,9595883,7666937.5
EGTS,2015-12-08,0.82,0.82,0.78,0.8,-3.614458,-0.03,-1,6707556,5345287.5
EGTS,2015-12-07,0.86,0.86,0.81,0.83,-1.190476,-0.01,-1,8411387,7001081
EGTS,2015-12-06,0.86,0.86,0.81,0.84,1.204819,0.01,-1,9218511,7699350
EGTS,2015-12-03,0.84,0.84,0.81,0.83,2.469136,0.02,-1,7759580,6425648.5
EGTS,2015-12-02,0.84,0.84,0.79,0.81,3.846154,0.03,-1,16743614,13543421
EGTS,2015-12-01,0.79,0.79,0.77,0.78,1.298701,0.01,-1,2581548,2016367.5
EGTS,2015-11-30,0.79,0.79,0.76,0.77,-1.282051,-0.01,-1,2550858,1968228.25
EGTS,2015-11-29,0.8,0.8,0.77,0.78,-1.265823,-0.01,-1,5342580,4191353.25
EGTS,2015-11-26,0.81,0.81,0.77,0.79,2.597403,0.02,-1,11638203,9205650
EGTS,2015-11-25,0.78,0.78,0.76,0.77,1.315789,0.01,-1,5500146,4234749
EGTS,2015-11-24,0.78,0.78,0.75,0.76,-2.564103,-0.02,-1,8327255,6353212
EGTS,2015-11-23,0.81,0.81,0.76,0.78,-3.703704,-0.03,-1,5438888,4249222.5
EGTS,2015-11-22,0.82,0.82,0.79,0.81,1.25,0.01,-1,4844148,3900540
EGTS,2015-11-19,0.81,0.81,0.8,0.8,2.564103,0.02,-1,3933907,3164614.75
EGTS,2015-11-18,0.81,0.81,0.75,0.78,0,0,-1,7372686,5786296
EGTS,2015-11-17,0.81,0.81,0.75,0.78,0,0,-1,7348052,5712900.5
EGTS,2015-11-16,0.79,0.79,0.76,0.78,0,0,-1,5416317,4227740.5
EGTS,2015-11-15,0.8,0.8,0.76,0.78,-7.14,-0.06,-1,6665448,5183253.5
EGTS,2015-11-12,0.86,0.86,0.83,0.84,2.44,0.02,-1,5620611,4734030.5
EGTS,2015-11-11,0.85,0.85,0.79,0.82,-1.2,-0.01,-1,10381364,8527820
EGTS,2015-11-10,0.88,0.88,0.81,0.83,-6.74,-0.06,-1,15384473,12822093
EGTS,2015-11-09,0.93,0.93,0.87,0.89,-5.32,-0.05,-1,9015688,8067275.5
EGTS,2015-11-08,0.96,0.96,0.91,0.94,-4.08,-0.04,-1,13026885,12202217
EGTS,2015-11-05,0.99,0.99,0.96,0.98,3.16,0.03,-1,10164044,9932391
EGTS,2015-11-04,0.97,0.97,0.94,0.95,1.06,0.01,-1,8177012,7803694.5
EGTS,2015-11-03,0.97,0.97,0.93,0.94,-1.05,-0.01,-1,7065188,6672307
EGTS,2015-11-02,0.96,0.96,0.94,0.95,1.05,0.01,-1,4763079,4535183.5
EGTS,2015-11-01,0.97,0.97,0.93,0.95,-4.04,-0.04,-1,6046102,5751115.5
EGTS,2015-10-29,1,1,0.96,0.99,1.02,0.01,-1,10437483,10320248
EGTS,2015-10-28,1,1,0.97,0.98,-2,-0.02,-1,6528301,6425477
EGTS,2015-10-27,1.01,1.01,0.98,1,-1.98,-0.01,-1,5614979,5602555.5
EGTS,2015-10-26,1.03,1.03,0.99,1.01,-1.94,-0.02,-1,7283757,7347367.5
EGTS,2015-10-25,1.04,1.04,1.02,1.03,0,0,-1,4594406,4730088.5
EGTS,2015-10-22,1.05,1.05,1,1.02,-2.86,-0.03,-1,13658404,13927981
EGTS,2015-10-21,1.07,1.07,1.02,1.05,1.94,0.02,-1,15764435,16551911
EGTS,2015-10-20,1.06,1.06,1.01,1.03,0.98,0.01,-1,11552819,11940690
EGTS,2015-10-19,1.04,1.04,0.98,1.02,4.08,0.04,-1,18850257,19199054
EGTS,2015-10-18,0.99,0.99,0.96,0.98,0,0,-1,6210127,6062557.5
EGTS,2015-10-15,1,1,0.95,0.98,-1.01,-0.01,-1,4485168,4391180
EGTS,2015-10-13,1,1,0.98,0.99,-1.98,-0.02,-1,8320053,8214205.5
EGTS,2015-10-12,1.02,1.02,1,1.01,4.12,0.04,-1,17249859,17337920
EGTS,2015-10-11,1,1,0.95,0.97,1.04,0.01,-1,10468995,10186700
EGTS,2015-10-08,0.97,0.97,0.94,0.96,3.23,0.03,-1,9898988,9474177
EGTS,2015-10-07,0.95,0.95,0.93,0.93,2.2,0.02,-1,4123705,3850761.25
EGTS,2015-10-05,0.92,0.92,0.91,0.91,-1.09,-0.01,-1,2342132,2140692.75
EGTS,2015-10-04,0.93,0.93,0.91,0.92,-1.08,-0.01,-1,1730002,1594061
EGTS,2015-10-01,0.95,0.95,0.92,0.93,-2.13,-0.02,-1,2890445,2693150.25
EGTS,2015-09-30,0.95,0.95,0.92,0.94,0,0,-1,3351877,3135187
EGTS,2015-09-29,0.96,0.96,0.93,0.94,-1.05,-0.01,-1,4395760,4123956.5
EGTS,2015-09-28,0.97,0.97,0.94,0.95,-1.04,-0.01,-1,4939811,4710101.5
EGTS,2015-09-22,0.98,0.98,0.94,0.96,2.13,0.02,-1,8249998,7898638
EGTS,2015-09-21,0.97,0.97,0.92,0.94,2.17,0.02,-1,10228637,9659767
EGTS,2015-09-20,0.93,0.93,0.9,0.92,-1.08,-0.01,-1,6381565,5846309
EGTS,2015-09-17,0.94,0.94,0.91,0.93,-1.06,-0.01,-1,5438228,5032334.5
EGTS,2015-09-16,0.96,0.96,0.93,0.94,0,0,-1,4821472,4551644
EGTS,2015-09-15,0.95,0.95,0.93,0.94,0,0,-1,2570181,2409248.25
EGTS,2015-09-14,0.96,0.96,0.92,0.94,1.08,0.01,-1,6077402,5740763.5
EGTS,2015-09-13,0.94,0.94,0.92,0.93,0,0,-1,2825566,2633973.25
EGTS,2015-09-10,0.94,0.94,0.92,0.93,-2.11,-0.02,-1,8034545,7451226.5
EGTS,2015-09-09,0.97,0.97,0.92,0.95,2.15,0.02,-1,13829046,13083814
EGTS,2015-09-08,0.98,0.98,0.9,0.93,-7,-0.07,-1,13866696,12918548
EGTS,2015-09-07,1.04,1.04,0.96,1,-1.96,-0.02,-1,10135184,10136040
EGTS,2015-09-06,1.04,1.04,1.01,1.02,-1.92,-0.02,-1,4614124,4710562.5
EGTS,2015-09-03,1.06,1.06,1.02,1.04,1.96,0.02,-1,9737955,10148751
EGTS,2015-09-02,1.05,1.05,1,1.02,-1.92,-0.02,-1,13003640,13312546
EGTS,2015-09-01,1.06,1.06,1.01,1.04,0,0,-1,13063644,13540285
EGTS,2015-08-31,1.07,1.07,1,1.04,0,0,-1,15788571,16424422
EGTS,2015-08-30,1.06,1.06,1,1.04,0,0,-1,10787087,11172026
EGTS,2015-08-27,1.06,1.06,1.02,1.04,5.05,0.05,-1,15548720,16171981
EGTS,2015-08-26,1.01,1.01,0.97,0.99,1.02,0.01,-1,12630587,12500929
EGTS,2015-08-25,1.03,1.03,0.94,0.98,1.03,0.01,-1,20476304,20151560
EGTS,2015-08-24,1.02,1.02,0.94,0.97,-6.730769,-0.07,-1,21895291,21235748
EGTS,2015-08-23,1.1,1.1,0.99,1.04,-4.59,-0.05,-1,33519819,34947404
EGTS,2015-08-20,1.15,1.15,1.03,1.09,3.81,0.04,-1,19577953,21394586
EGTS,2015-08-19,1.07,1.07,1.02,1.05,-0.94,-0.01,-1,14378142,15056534
EGTS,2015-08-18,1.09,1.09,1.03,1.06,-2.75,-0.03,-1,14039240,14877712
EGTS,2015-08-17,1.12,1.12,1.04,1.09,5.83,0.06,-1,19271137,20942512
EGTS,2015-08-16,1.06,1.06,1,1.03,-0.96,-0.01,-1,16561879,16989832
EGTS,2015-08-13,1.06,1.06,1.02,1.04,0,0,-1,6162322,6397178.5
EGTS,2015-08-12,1.05,1.05,1.02,1.04,-2.803738,-0.03,-1,5676043,5884713
EGTS,2015-08-11,1.1,1.1,1.05,1.07,0.94,0.01,-1,5561393,5974959.5
EGTS,2015-08-10,1.09,1.09,1.02,1.06,1.92,0.02,-1,11460723,12182994
EGTS,2015-08-09,1.07,1.07,1.02,1.04,-3.7,-0.04,-1,7247576,7520290.5
EGTS,2015-08-05,1.12,1.12,1.06,1.08,-3.57,-0.04,-1,9440647,10227006
EGTS,2015-08-04,1.15,1.15,1.1,1.12,1.82,0.02,-1,7677820,8626130
EGTS,2015-08-03,1.12,1.12,1.08,1.1,-0.9,-0.01,-1,7027935,7722294.5
EGTS,2015-08-02,1.13,1.13,1.08,1.11,-1.77,-0.02,-1,9750688,10788488
EGTS,2015-07-30,1.15,1.15,1.1,1.13,2.73,0.03,-1,11241129,12672265
EGTS,2015-07-29,1.13,1.13,1.07,1.1,3.77,0.04,-1,14960552,16494564
EGTS,2015-07-28,1.1,1.1,1,1.06,4.95,0.05,-1,14675758,15513413
EGTS,2015-07-27,1.04,1.04,1,1.01,-1.94,-0.02,-1,7912341,8012043.5
EGTS,2015-07-26,1.05,1.05,1,1.03,4.04,0.04,-1,9533645,9776437
EGTS,2015-07-22,1.02,1.02,0.96,0.99,2.06,0.02,-1,7621952,7569949.5
EGTS,2015-07-21,0.98,0.98,0.95,0.97,1.04,0.01,-1,4291792,4159974.75
EGTS,2015-07-16,0.98,0.98,0.95,0.96,2.13,0.02,-1,6313929,6089565.5
EGTS,2015-07-15,0.97,0.97,0.9,0.94,3.3,0.03,-1,7460342,7030936.5
EGTS,2015-07-14,0.91,0.91,0.9,0.91,1.11,0.01,-1,2628452,2381505.75
EGTS,2015-07-13,0.92,0.92,0.89,0.9,-2.17,-0.02,-1,2264517,2030526.5
EGTS,2015-07-12,0.94,0.94,0.89,0.92,1.1,0.01,-1,5295729,4851082
EGTS,2015-07-09,0.93,0.93,0.9,0.91,1.11,0.01,-1,3880665,3543933
EGTS,2015-07-08,0.93,0.93,0.87,0.9,-2.17,-0.02,-1,9047738,8151998.5
EGTS,2015-07-07,0.94,0.94,0.9,0.92,-34.41,-0.01,-1,4387652,4019171.75
EGTS,2015-07-06,0.96,0.96,0.9,0.93,-6.06,-0.06,-1,4769501,4436218
EGTS,2015-07-05,1.03,1.03,0.96,0.99,-1,-0.01,-1,4745938,4704015
EGTS,2015-07-02,1.03,1.03,0.98,1,-0.99,-0.01,-1,2768992,2774286.5
EGTS,2015-06-29,1.04,1.04,0.99,1.01,-3.81,-0.04,-1,7020743,7104144.5
EGTS,2015-06-28,1.07,1.07,1.02,1.05,3.96,0.04,-1,5668145,5928252.5
EGTS,2015-06-25,1.04,1.04,0.96,1.01,3.06,0.03,-1,5029738,5068259
EGTS,2015-06-24,1,1,0.96,0.98,2.08,0.02,-1,3588419,3517108.25
EGTS,2015-06-23,0.98,0.98,0.95,0.96,-0.11,-0.01,-1,3560574,3409040.5
EGTS,2015-06-22,0.97,0.97,0.95,0.97,0,0,-1,3675084,3548898.25
EGTS,2015-06-21,0.98,0.98,0.96,0.97,2.11,0.02,-1,3478152,3364506
EGTS,2015-06-18,0.95,0.95,0.95,0.95,0,0,-1,940257,893244.13
EGTS,2015-06-17,0.96,0.96,0.94,0.95,0,0,-1,2602923,2478076.75
EGTS,2015-06-16,0.97,0.97,0.93,0.95,2.150538,0.02,-1,2839330,2706253.5
EGTS,2015-06-15,0.94,0.94,0.92,0.93,-1.06383,-0.01,-1,2062793,1914502.63
EGTS,2015-06-14,0.96,0.96,0.92,0.94,-2.08,-0.02,-1,3519594,3310663.5
EGTS,2015-06-11,0.97,0.97,0.95,0.96,-2.04,-0.02,-1,2299716,2214741.5
EGTS,2015-06-10,1.02,1.02,0.96,0.98,0,0,-1,4743052,4639752
EGTS,2015-06-09,1,1,0.95,0.98,1.03,0.01,-1,6767556,6637522
EGTS,2015-06-08,1,1,0.95,0.97,-2.02,-0.02,-1,3615106,3496534
EGTS,2015-06-07,1.01,1.01,0.97,0.99,-2.94,-0.03,-1,5767166,5710873
EGTS,2015-06-04,1.04,1.04,1.01,1.02,-1.92,-0.02,-1,5226201,5335101
EGTS,2015-06-03,1.07,1.07,1.02,1.04,0,0,-1,7115023,7433995.5
EGTS,2015-06-02,1.06,1.06,1.01,1.04,-0.95,-0.01,-1,4167874,4331953.5
EGTS,2015-06-01,1.08,1.08,1.01,1.05,0.96,0.01,-1,7800140,8162614.5
EGTS,2015-05-31,1.06,1.06,1.03,1.04,-3.7,-0.04,-1,6416663,6699349.5
EGTS,2015-05-28,1.11,1.11,1.04,1.08,-3.57,-0.04,-1,9092337,9778709
EGTS,2015-05-27,1.14,1.14,1.09,1.12,1.82,0.02,-1,11772417,13126882
EGTS,2015-05-26,1.14,1.14,1.05,1.1,4.76,0.05,-1,17945109,19690854
EGTS,2015-05-25,1.07,1.07,1.03,1.05,0,0,-1,11573992,12108208
EGTS,2015-05-24,1.07,1.07,1.04,1.05,2.94,0.03,-1,11475579,12088529
EGTS,2015-05-21,1.05,1.05,0.97,1.02,6.25,0.06,-1,12427985,12633159
EGTS,2015-05-20,0.98,0.98,0.94,0.96,-1.03,-0.01,-1,5238345,5025949
EGTS,2015-05-19,1,1,0.95,0.97,5.43,0.05,-1,6811500,6634330
EGTS,2015-05-18,0.94,0.94,0.86,0.92,6.98,0.06,-1,3006212,2775363.5
EGTS,2015-05-17,0.89,0.89,0.83,0.86,-1.15,-0.01,-1,1890858,1616712.5
EGTS,2015-05-14,0.9,0.9,0.85,0.87,-4.4,-0.04,-1,5469743,4776029.5
EGTS,2015-05-13,0.94,0.94,0.89,0.91,-3.19,-0.03,-1,5003330,4541178.5
EGTS,2015-05-12,0.94,0.94,0.93,0.94,-1.05,-0.01,-1,2564300,2404241.5
EGTS,2015-05-11,0.97,0.97,0.93,0.95,0,0,-1,3510884,3324793.25
EGTS,2015-05-10,0.97,0.97,0.94,0.95,-2.06,-0.02,-1,2023461,1922585
EGTS,2015-05-07,0.98,0.98,0.95,0.97,-1.02,-0.01,-1,4066494,3931624.5
EGTS,2015-05-06,1,1,0.97,0.98,1.03,0.01,-1,6945586,6828085
EGTS,2015-05-05,0.99,0.99,0.96,0.97,2.11,0.02,-1,6041972,5888489.5
EGTS,2015-05-04,0.97,0.97,0.93,0.95,0,0,-1,3316689,3149941.25
EGTS,2015-05-03,0.98,0.98,0.93,0.95,-3.06,-0.03,-1,3579497,3410852.75
EGTS,2015-04-30,1.01,1.01,0.95,0.98,3.16,0.03,-1,8915705,8729230
EGTS,2015-04-29,0.99,0.99,0.91,0.95,3.26,0.03,-1,5290696,5012095.5
EGTS,2015-04-28,0.94,0.94,0.91,0.92,-4.17,-0.04,-1,3560334,3285420.25
EGTS,2015-04-27,1,1,0.92,0.96,-4.95,-0.05,-1,4442140,4278033.5
EGTS,2015-04-26,1.02,1.02,0.99,1.01,-0.98,-0.01,-1,4563818,4593749
EGTS,2015-04-23,1.03,1.03,1.01,1.02,0.99,0.01,-1,2355209,2391862.5
EGTS,2015-04-22,1.03,1.03,0.99,1.01,1,0.01,-1,3207388,3241848.25
EGTS,2015-04-21,1.02,1.02,0.99,1,-0.99,-0.01,-1,3858930,3877595.75
EGTS,2015-04-20,1.02,1.02,0.99,1.01,-1.94,-0.02,-1,3842541,3865114
EGTS,2015-04-19,1.05,1.05,1.01,1.03,0,0,-1,3601585,3696089
EGTS,2015-04-16,1.04,1.04,1.02,1.03,0,0,-1,1707411,1761340.375
EGTS,2015-04-15,1.05,1.05,1.02,1.03,-1.9,-0.02,-1,5197910,5366353
EGTS,2015-04-14,1.06,1.06,1.03,1.05,0.96,0.01,-1,3576591,3740340.5
EGTS,2015-04-09,1.05,1.05,1.03,1.04,0.96,0.01,-1,2632903,2746005.25
EGTS,2015-04-08,1.06,1.06,1.02,1.04,-0.95,-0.01,-1,5404756,5605577
EGTS,2015-04-07,1.05,1.05,1.03,1.05,2.94,0.03,-1,3601122,3766396.75
EGTS,2015-04-06,1.05,1.05,0.99,1.02,-0.97,-0.01,-1,7860342,8013654
EGTS,2015-04-05,1.06,1.06,1.01,1.03,-3.74,-0.04,-1,7787807,8034308.5
EGTS,2015-04-02,1.11,1.11,1.05,1.07,-3.6,-0.04,-1,5854078,6285791.5
EGTS,2015-04-01,1.13,1.13,1.08,1.11,0.91,0.01,-1,6277105,6940626.5
EGTS,2015-03-31,1.12,1.12,1.08,1.1,0.92,0.01,-1,5862581,6450142.5
EGTS,2015-03-30,1.12,1.12,1.05,1.09,1.87,0.02,-1,7378222,8054680.5
EGTS,2015-03-29,1.09,1.09,1.05,1.07,0.94,0.01,-1,5070635,5406129.5
EGTS,2015-03-26,1.08,1.08,1.03,1.06,-3.64,-0.04,-1,6448218,6844474.5
EGTS,2015-03-25,1.12,1.12,1.08,1.1,-3.51,-0.04,-1,8831826,9675133
EGTS,2015-03-24,1.17,1.17,1.11,1.14,0,0,-1,3810504,4338484
EGTS,2015-03-23,1.16,1.16,1.13,1.14,-0.87,-0.01,-1,8320971,9514922
EGTS,2015-03-22,1.17,1.17,1.13,1.15,-2.54,-0.03,-1,2518745,2888718
EGTS,2015-03-19,1.2,1.2,1.16,1.18,0.85,0.01,-1,3373653,3993283.25
EGTS,2015-03-18,1.18,1.18,1.15,1.17,-2.5,-0.03,-1,4737098,5520348.5
EGTS,2015-03-17,1.22,1.22,1.17,1.2,0,0,-1,5500203,6593222
EGTS,2015-03-16,1.23,1.23,1.17,1.2,-2.44,-0.03,-1,6914843,8265363
EGTS,2015-03-15,1.26,1.26,1.21,1.23,0,0,-1,4948635,6108641
EGTS,2015-03-12,1.25,1.25,1.21,1.23,0,0,-1,5761628,7078600
EGTS,2015-03-11,1.25,1.25,1.21,1.23,-3.15,-0.04,-1,6647293,8186968
EGTS,2015-03-10,1.3,1.3,1.23,1.27,0.79,0.01,-1,8860154,11279893
EGTS,2015-03-09,1.28,1.28,1.24,1.26,1.61,0.02,-1,8907906,11209737
EGTS,2015-03-08,1.26,1.26,1.22,1.24,1.64,0.02,-1,9793483,12136491
EGTS,2015-03-05,1.23,1.23,1.2,1.22,1.67,0.02,-1,4431043,5393151
EGTS,2015-03-04,1.23,1.23,1.16,1.2,1.69,0.02,-1,13222759,15816749
EGTS,2015-03-03,1.19,1.19,1.16,1.18,1.72,0.02,-1,7448232,8754330
EGTS,2015-03-02,1.19,1.19,1.14,1.16,3.57,0.04,-1,10058969,11682810
EGTS,2015-03-01,1.14,1.14,1.1,1.12,0.9,0.01,-1,8607452,9624840
EGTS,2015-02-26,1.13,1.13,1.09,1.11,0,0,-1,8785043,9724047
EGTS,2015-02-25,1.14,1.14,1.1,1.11,-2.63,-0.03,-1,4361031,4858494.5
EGTS,2015-02-24,1.17,1.17,1.12,1.14,0.88,0.01,-1,9740556,11141281
EGTS,2015-02-23,1.14,1.14,1.11,1.13,2.73,0.03,-1,10913767,12285427
EGTS,2015-02-22,1.12,1.12,1.1,1.1,-0.9,-0.01,-1,4452465,4919122.5
EGTS,2015-02-19,1.14,1.14,1.09,1.11,-1.77,-0.02,-1,7518777,8355830.5
EGTS,2015-02-18,1.15,1.15,1.11,1.13,0.89,0.01,-1,5288226,5979098
EGTS,2015-02-17,1.15,1.15,1.09,1.12,-4.27,-0.05,-1,9679604,10877927
EGTS,2015-02-16,1.22,1.22,1.1,1.17,-4.1,-0.05,-1,8486017,9888297
EGTS,2015-02-15,1.24,1.24,1.21,1.22,0.83,0.01,-1,2503777,3066206.75
EGTS,2015-02-12,1.23,1.23,1.2,1.21,-1.63,-0.02,-1,4891423,5928028
EGTS,2015-02-11,1.24,1.24,1.2,1.23,-1.6,-0.02,-1,4982473,6115841
EGTS,2015-02-10,1.28,1.28,1.22,1.25,-0.79,-0.01,-1,4222600,5288367.5
EGTS,2015-02-09,1.28,1.28,1.24,1.26,-0.79,-0.01,-1,4124323,5181581.5
EGTS,2015-02-08,1.29,1.29,1.26,1.27,-0.78,-0.01,-1,3270993,4159302
EGTS,2015-02-05,1.3,1.3,1.27,1.28,-2.29,-0.03,-1,4709721,6040356.5
EGTS,2015-02-04,1.33,1.33,1.28,1.31,0.77,0.01,-1,7529849,9891955
EGTS,2015-02-03,1.32,1.32,1.28,1.3,2.36,0.03,-1,7393768,9603602
EGTS,2015-02-02,1.28,1.28,1.26,1.27,0,0,-1,2106899,2683987.5
EGTS,2015-02-01,1.29,1.29,1.26,1.27,-0.78,-0.01,-1,4142523,5266624
EGTS,2015-01-29,1.29,1.29,1.27,1.28,-1.54,-0.02,-1,3178357,4083298
EGTS,2015-01-28,1.32,1.32,1.28,1.3,-1.52,-0.02,-1,7230835,9379975
EGTS,2015-01-27,1.34,1.34,1.31,1.32,0.76,0.01,-1,7598440,10055485
EGTS,2015-01-26,1.32,1.32,1.3,1.31,-0.76,-0.01,-1,5310943,6960936.5
EGTS,2015-01-22,1.34,1.34,1.3,1.32,1.54,0.02,-1,13038239,17171468
EGTS,2015-01-21,1.31,1.31,1.29,1.3,-0.76,-0.01,-1,5563799,7230652.5
EGTS,2015-01-20,1.34,1.34,1.28,1.31,0.77,0.01,-1,11519742,15111364
EGTS,2015-01-19,1.32,1.32,1.29,1.3,0,0,-1,4611833,6007497
EGTS,2015-01-18,1.32,1.32,1.28,1.3,-0.76,-0.01,-1,2945610,3827421
EGTS,2015-01-15,1.33,1.33,1.29,1.31,-1.5,-0.02,-1,7776842,10182017
EGTS,2015-01-14,1.35,1.35,1.3,1.33,1.53,0.02,-1,21391086,28391222
EGTS,2015-01-13,1.32,1.32,1.29,1.31,1.55,0.02,-1,7782809,10162530
EGTS,2015-01-12,1.32,1.32,1.26,1.29,0.78,0.01,-1,16635064,21535380
EGTS,2015-01-11,1.3,1.3,1.26,1.28,0,0,-1,11011666,14114578
EGTS,2015-01-08,1.29,1.29,1.26,1.28,2.4,0.03,-1,7710624,9839671
EGTS,2015-01-06,1.27,1.27,1.22,1.25,-3.1,-0.04,-1,14865382,18523018
EGTS,2015-01-05,1.31,1.31,1.24,1.29,4.03,0.05,-1,17118929,22077932
EGTS,2015-01-04,1.26,1.26,1.22,1.24,1.64,0.02,-1,5428533,6737293
EGTS,2014-12-31,1.24,1.24,1.21,1.22,0,0,-1,7641206,9331992
EGTS,2014-12-30,1.24,1.24,1.21,1.22,0.83,0.01,-1,10419144,12762674
EGTS,2014-12-29,1.24,1.24,1.18,1.21,2.54,0.03,-1,8179281,9920794
EGTS,2014-12-28,1.2,1.2,1.17,1.18,-0.84,-0.01,-1,4223682,4987618.5
EGTS,2014-12-25,1.21,1.21,1.17,1.19,-1.65,-0.02,-1,3414452,4063692.75
EGTS,2014-12-24,1.22,1.22,1.19,1.21,1.68,0.02,-1,5334466,6429111.5
EGTS,2014-12-23,1.22,1.22,1.17,1.19,0.85,0.01,-1,5627332,6701486
EGTS,2014-12-22,1.21,1.21,1.15,1.18,0.85,0.01,-1,8995715,10657547
EGTS,2014-12-21,1.19,1.19,1.15,1.17,6.36,0.07,-1,5953683,6959013.5
EGTS,2014-12-18,1.13,1.13,1.07,1.1,5.77,0.06,-1,5856908,6441930.5
EGTS,2014-12-17,1.14,1.14,1,1.04,-6.31,-0.07,-1,9392791,9798640
EGTS,2014-12-16,1.15,1.15,1.06,1.11,-5.13,-0.06,-1,8063194,8922950
EGTS,2014-12-15,1.2,1.2,1.13,1.17,-0.85,-0.01,-1,6777195,7955575
EGTS,2014-12-14,1.24,1.24,1.14,1.18,-6.35,-0.08,-1,10830129,12738852
EGTS,2014-12-11,1.3,1.3,1.23,1.26,-4.55,-0.06,-1,10597880,13325013
EGTS,2014-12-10,1.34,1.34,1.3,1.32,-1.49,-0.02,-1,8382683,11097560
EGTS,2014-12-09,1.37,1.37,1.32,1.34,-2.9,-0.04,-1,13941058,18641932
EGTS,2014-12-08,1.4,1.4,1.35,1.38,2.99,0.04,-1,25009288,34502704
EGTS,2014-12-07,1.37,1.37,1.3,1.34,3.08,0.04,-1,17945938,24132526
EGTS,2014-12-04,1.32,1.32,1.28,1.3,3.17,0.04,-1,14600568,18980834
EGTS,2014-12-03,1.29,1.29,1.23,1.26,0,0,-1,9838740,12427786
EGTS,2014-12-02,1.28,1.28,1.23,1.26,-0.79,-0.01,-1,7972614,10008935
EGTS,2014-12-01,1.29,1.29,1.25,1.27,0.79,0.01,-1,9805636,12435237
EGTS,2014-11-30,1.29,1.29,1.21,1.26,2.44,0.03,-1,16076398,20264918
EGTS,2014-11-27,1.24,1.24,1.21,1.23,0.82,0.01,-1,4136153,5075223
EGTS,2014-11-26,1.23,1.23,1.21,1.22,0.83,0.01,-1,4050773,4942243
EGTS,2014-11-25,1.23,1.23,1.19,1.21,-0.82,-0.01,-1,5366222,6474690.5
EGTS,2014-11-24,1.24,1.24,1.19,1.22,-1.61,-0.02,-1,7786932,9475586
EGTS,2014-11-23,1.26,1.26,1.22,1.24,0.81,0.01,-1,7853299,9751201
EGTS,2014-11-20,1.25,1.25,1.21,1.23,0,0,-1,4328121,5332106.5
EGTS,2014-11-19,1.24,1.24,1.22,1.23,0,0,-1,6520887,8017698
EGTS,2014-11-18,1.25,1.25,1.21,1.23,0,0,-1,5626093,6932473
EGTS,2014-11-17,1.26,1.26,1.21,1.23,-3.15,-0.04,-1,9793799,12046826
EGTS,2014-11-16,1.3,1.3,1.24,1.27,-0.78,-0.01,-1,6345615,8057027
EGTS,2014-11-13,1.3,1.3,1.25,1.28,-1.54,-0.02,-1,7403614,9459967
EGTS,2014-11-12,1.34,1.34,1.26,1.3,-2.99,-0.04,-1,9487569,12321250
EGTS,2014-11-11,1.36,1.36,1.32,1.34,-0.74,-0.01,-1,8818183,11837872
EGTS,2014-11-10,1.37,1.37,1.3,1.35,3.05,0.04,-1,13956100,18800916
EGTS,2014-11-09,1.33,1.33,1.29,1.31,-1.5,-0.02,-1,7339704,9607684
EGTS,2014-11-06,1.37,1.37,1.3,1.33,-1.48,-0.02,-1,12533550,16641301
EGTS,2014-11-05,1.38,1.38,1.32,1.35,-0.74,-0.01,-1,13543865,18285564
EGTS,2014-11-04,1.4,1.4,1.32,1.36,4.62,0.06,-1,29923738,40686188
EGTS,2014-11-03,1.33,1.33,1.27,1.3,0.78,0.01,-1,12754489,16628063
EGTS,2014-11-02,1.32,1.32,1.27,1.29,4.03,0.05,-1,9258973,11959855
EGTS,2014-10-30,1.28,1.28,1.19,1.24,3.33,0.04,-1,17149439,21253990
EGTS,2014-10-29,1.21,1.21,1.18,1.2,2.56,0.03,-1,5439511,6527744.5
EGTS,2014-10-28,1.2,1.2,1.14,1.17,0.86,0.01,-1,5497727,6455267.5
EGTS,2014-10-27,1.19,1.19,1.14,1.16,-3.33,-0.04,-1,3976157,4603309.5
EGTS,2014-10-26,1.23,1.23,1.16,1.2,-0.83,-0.01,-1,9085636,10875934
EGTS,2014-10-23,1.24,1.24,1.19,1.21,-0.82,-0.01,-1,7811500,9463977
EGTS,2014-10-22,1.23,1.23,1.2,1.22,1.67,0.02,-1,7535122,9169411
EGTS,2014-10-21,1.21,1.21,1.18,1.2,2.56,0.03,-1,5561993,6650465
EGTS,2014-10-20,1.2,1.2,1.14,1.17,0,0,-1,6850380,8023292.5
EGTS,2014-10-19,1.21,1.21,1.12,1.17,0.86,0.01,-1,6385688,7440177
EGTS,2014-10-16,1.21,1.21,1.11,1.16,-4.92,-0.06,-1,11500902,13347145
EGTS,2014-10-15,1.27,1.27,1.2,1.22,-1.61,-0.02,-1,9338066,11430346
EGTS,2014-10-14,1.31,1.31,1.18,1.24,-5.34,-0.07,-1,14956419,18509502
EGTS,2014-10-13,1.33,1.33,1.29,1.31,-4.38,-0.06,-1,10738842,14046707
EGTS,2014-10-12,1.45,1.45,1.32,1.37,-6.16,-0.09,-1,8782259,12072354
EGTS,2014-10-09,1.47,1.47,1.44,1.46,-0.68,-0.01,-1,4455464,6501674.5
EGTS,2014-10-08,1.5,1.5,1.45,1.47,-0.68,-0.01,-1,4083031,5997814
EGTS,2014-10-02,1.49,1.49,1.45,1.48,1.37,0.02,-1,4713917,6960753
EGTS,2014-10-01,1.47,1.47,1.45,1.46,-0.68,-0.01,-1,2596200,3782296.25
EGTS,2014-09-30,1.48,1.48,1.46,1.47,0.68,0.01,-1,4229592,6219778.5
EGTS,2014-09-29,1.48,1.48,1.45,1.46,1.39,0.02,-1,6158916,8993348
EGTS,2014-09-28,1.46,1.46,1.43,1.44,-1.37,-0.02,-1,3124675,4514798.5
EGTS,2014-09-25,1.49,1.49,1.43,1.46,-3.31,-0.05,-1,3916909,5737231
EGTS,2014-09-24,1.54,1.54,1.46,1.51,0.67,0.01,-1,7357887,11079764
EGTS,2014-09-23,1.53,1.53,1.43,1.5,2.74,0.04,-1,10590994,15839974
EGTS,2014-09-22,1.49,1.49,1.44,1.46,-2.7,-0.04,-1,5955850,8683841
EGTS,2014-09-21,1.52,1.52,1.46,1.48,-2,-0.03,-1,6129347,9089716
EGTS,2014-09-18,1.52,1.52,1.5,1.5,1.35,0.02,-1,6399989,9618894
EGTS,2014-09-17,1.5,1.5,1.46,1.48,-1.99,-0.03,-1,4447387,6593050.5
EGTS,2014-09-16,1.54,1.54,1.48,1.51,0,0,-1,4953745,7496533
EGTS,2014-09-15,1.54,1.54,1.46,1.51,2.03,0.03,-1,5077232,7666346
EGTS,2014-09-14,1.51,1.51,1.45,1.48,1.37,0.02,-1,4714357,6990506
EGTS,2014-09-11,1.51,1.51,1.38,1.46,-4.58,-0.07,-1,6160575,8984285
EGTS,2014-09-10,1.59,1.59,1.47,1.53,-3.16,-0.05,-1,7875925,12068138
EGTS,2014-09-09,1.62,1.62,1.54,1.58,-3.07,-0.05,-1,8164387,12867814
EGTS,2014-09-08,1.67,1.67,1.59,1.63,-2.4,-0.04,-1,6366858,10405073
EGTS,2014-09-07,1.7,1.7,1.65,1.67,0.6,0.01,-1,6662938,11144493
EGTS,2014-09-04,1.68,1.68,1.65,1.66,-0.6,-0.01,-1,4336222,7198635.5
EGTS,2014-09-03,1.69,1.69,1.65,1.67,-0.6,-0.01,-1,6291814,10508461
EGTS,2014-09-02,1.71,1.71,1.66,1.68,0.6,0.01,-1,9972444,16791012
EGTS,2014-09-01,1.69,1.69,1.66,1.67,-0.6,-0.01,-1,5118178,8550946
EGTS,2014-08-31,1.7,1.7,1.66,1.68,0.6,0.01,-1,3676195,6172884
EGTS,2014-08-28,1.69,1.69,1.65,1.67,0,0,-1,4390215,7344420
EGTS,2014-08-27,1.7,1.7,1.65,1.67,0,0,-1,2946972,4925669.5
EGTS,2014-08-26,1.7,1.7,1.63,1.67,0,0,-1,13281758,22136628
EGTS,2014-08-25,1.69,1.69,1.64,1.67,-1.76,-0.03,-1,5009634,8344082.5
EGTS,2014-08-24,1.72,1.72,1.68,1.7,0,0,-1,7179211,12215251
EGTS,2014-08-21,1.72,1.72,1.68,1.7,-2.3,-0.04,-1,6247470,10617262
EGTS,2014-08-20,1.77,1.77,1.7,1.74,0,0,-1,12311668,21408400
EGTS,2014-08-19,1.75,1.75,1.73,1.74,0,0,-1,4176929,7257519
EGTS,2014-08-18,1.76,1.76,1.72,1.74,-0.57,-0.01,-1,7095707,12356276
EGTS,2014-08-17,1.78,1.78,1.73,1.75,-1.13,-0.02,-1,5469816,9596270
EGTS,2014-08-14,1.79,1.79,1.76,1.77,-0.56,-0.01,-1,6259618,11076016
EGTS,2014-08-13,1.81,1.81,1.75,1.78,0.56,0.01,-1,17661103,31462034
EGTS,2014-08-12,1.78,1.78,1.75,1.77,-0.56,-0.01,-1,11741012,20734328
EGTS,2014-08-11,1.8,1.8,1.76,1.78,0,0,-1,10723702,19113602
EGTS,2014-08-10,1.8,1.8,1.76,1.78,-1.11,-0.02,-1,5083790,9060078
EGTS,2014-08-07,1.83,1.83,1.77,1.8,1.69,0.03,-1,24168169,43549740
EGTS,2014-08-06,1.79,1.79,1.74,1.77,0,0,-1,9273166,16387433
EGTS,2014-08-05,1.8,1.8,1.75,1.77,1.72,0.03,-1,16737022,29688944
EGTS,2014-08-04,1.76,1.76,1.72,1.74,0.58,0.01,-1,7608190,13228869
EGTS,2014-08-03,1.76,1.76,1.7,1.73,-1.7,-0.03,-1,8035924,13874845
EGTS,2014-07-31,1.77,1.77,1.75,1.76,1.16,0.02,-1,7433065,13091234
EGTS,2014-07-27,1.76,1.76,1.71,1.73,1.17,0.02,-1,7021365,12181576
EGTS,2014-07-24,1.72,1.72,1.7,1.71,1.18,0.02,-1,8021554,13706608
EGTS,2014-07-22,1.71,1.71,1.67,1.69,0.6,0.01,-1,5061554,8564641
EGTS,2014-07-21,1.71,1.71,1.66,1.68,-1.75,-0.03,-1,7705461,12944038
EGTS,2014-07-20,1.73,1.73,1.68,1.71,-1.72,-0.03,-1,8542684,14565858
EGTS,2014-07-17,1.75,1.75,1.73,1.74,-0.57,-0.01,-1,7619813,13257536
EGTS,2014-07-16,1.77,1.77,1.73,1.75,-0.57,-0.01,-1,8628246,15102211
EGTS,2014-07-15,1.78,1.78,1.75,1.76,1.15,0.02,-1,8165429,14406280
EGTS,2014-07-14,1.76,1.76,1.72,1.74,0.58,0.01,-1,5260384,9157723
EGTS,2014-07-13,1.75,1.75,1.71,1.73,-1.14,-0.02,-1,5563425,9631746
EGTS,2014-07-10,1.77,1.77,1.73,1.75,-1.69,-0.03,-1,8937204,15639202
EGTS,2014-07-09,1.82,1.82,1.74,1.78,0.56,0.01,-1,13503387,24088892
EGTS,2014-07-08,1.8,1.8,1.74,1.77,0.57,0.01,-1,13626895,24175946
EGTS,2014-07-07,1.79,1.79,1.72,1.76,1.15,0.02,-1,9930174,17431694
EGTS,2014-07-06,1.77,1.77,1.69,1.74,0,0,-1,7615372,13264417
EGTS,2014-07-03,1.76,1.76,1.71,1.74,2.35,0.04,-1,8739114,15190165
EGTS,2014-07-02,1.84,1.84,1.63,1.7,1.19,0.02,-1,12296053,20860786
EGTS,2014-06-30,1.7,1.7,1.64,1.68,3.07,0.05,-1,7018201,11757827
EGTS,2014-06-29,1.67,1.67,1.59,1.63,-1.21,-0.02,-1,2692384,4379111.5
EGTS,2014-06-26,1.69,1.69,1.62,1.65,1.85,0.03,-1,6246718,10319827
EGTS,2014-06-25,1.68,1.68,1.55,1.62,-1.82,-0.03,-1,13218339,21459594
EGTS,2014-06-24,1.7,1.7,1.6,1.65,-3.51,-0.06,-1,9909600,16340241
EGTS,2014-06-23,1.74,1.74,1.68,1.71,-0.58,-0.01,-1,6544685,11196737
EGTS,2014-06-22,1.78,1.78,1.69,1.72,-1.71,-0.03,-1,9214964,15864138
EGTS,2014-06-19,1.82,1.82,1.71,1.75,-1.69,-0.03,-1,10405617,18167610
EGTS,2014-06-18,1.81,1.81,1.74,1.78,0.56,0.01,-1,11174997,19921518
EGTS,2014-06-17,1.86,1.86,1.69,1.77,-2.75,-0.05,-1,17782690,31465574
EGTS,2014-06-16,1.9,1.9,1.74,1.82,-3.19,-0.06,-1,25708713,46683924
EGTS,2014-06-15,1.91,1.91,1.86,1.88,-2.59,-0.05,-1,13958359,26279312
EGTS,2014-06-12,1.97,1.97,1.89,1.93,0.52,0.01,-1,24110434,46473108
EGTS,2014-06-11,1.94,1.94,1.87,1.92,1.59,0.03,-1,32948011,63191452
EGTS,2014-06-10,1.93,1.93,1.85,1.89,-0.53,-0.01,-1,20081551,37895572
EGTS,2014-06-09,1.95,1.95,1.86,1.9,2.7,0.05,-1,29797168,56641808
EGTS,2014-06-05,1.89,1.89,1.77,1.85,7.56,0.13,-1,30406123,56232960
EGTS,2014-06-04,1.81,1.81,1.61,1.72,4.24,0.07,-1,35300604,60799484
EGTS,2014-06-03,1.71,1.71,1.59,1.65,0,0,-1,19569050,32344652
EGTS,2014-06-02,1.76,1.76,1.56,1.65,-0.6,-0.01,-1,28931874,47856100
EGTS,2014-06-01,1.74,1.74,1.64,1.66,-8.79,-0.16,-1,26399006,43854544
EGTS,2014-05-29,1.96,1.96,1.73,1.82,-5.21,-0.1,-1,40412250,73447560
EGTS,2014-05-28,1.97,1.97,1.89,1.92,-4.95,-0.1,-1,34774513,66939316
EGTS,2014-05-26,2.1,2.1,1.92,2.02,-0.98,-0.02,-1,36530633,73702584
EGTS,2014-05-25,2.08,2.08,1.97,2.04,2.51,0.05,-1,40046016,81554000
EGTS,2014-05-22,2.02,2.02,1.95,1.99,2.58,0.05,-1,24279503,48281704
EGTS,2014-05-21,1.98,1.98,1.89,1.94,0.52,0.01,-1,18619432,36038156
EGTS,2014-05-20,1.98,1.98,1.87,1.93,-1.53,-0.03,-1,20146751,38903108
EGTS,2014-05-19,1.99,1.99,1.93,1.96,0.51,0.01,-1,22956449,45007220
EGTS,2014-05-18,2,2,1.92,1.95,0.52,0.01,-1,17167697,33555372
EGTS,2014-05-15,1.97,1.97,1.91,1.94,1.04,0.02,-1,36964211,71601632
EGTS,2014-05-14,1.94,1.94,1.9,1.92,1.59,0.03,-1,17828317,34252296
EGTS,2014-05-13,1.94,1.94,1.84,1.89,2.72,0.05,-1,24182127,45651232
EGTS,2014-05-12,1.86,1.86,1.82,1.84,0.55,0.01,-1,8976528,16511058
EGTS,2014-05-11,1.86,1.86,1.8,1.83,2.23,0.04,-1,12464993,22846564
EGTS,2014-05-08,1.82,1.82,1.77,1.79,-3.24,-0.06,-1,14133852,25360526
EGTS,2014-05-07,1.9,1.9,1.78,1.85,-1.6,-0.03,-1,19423260,35844040
EGTS,2014-05-06,1.9,1.9,1.85,1.88,2.73,0.05,-1,24125468,45327536
EGTS,2014-05-05,1.88,1.88,1.77,1.83,1.1,0.02,-1,22789523,41657668
EGTS,2014-05-04,1.84,1.84,1.79,1.81,0.56,0.01,-1,9519693,17263240
EGTS,2014-04-30,1.82,1.82,1.77,1.8,2.27,0.04,-1,16806627,30310526
EGTS,2014-04-29,1.79,1.79,1.72,1.76,-1.68,-0.03,-1,16711132,29415862
EGTS,2014-04-28,1.87,1.87,1.74,1.79,1.7,0.03,-1,29183604,52304238
EGTS,2014-04-27,1.81,1.81,1.67,1.76,4.14,0.07,-1,27841035,48927152
EGTS,2014-04-23,1.72,1.72,1.65,1.69,-2.31,-0.04,-1,18954248,32074824
EGTS,2014-04-22,1.76,1.76,1.7,1.73,4.22,0.07,-1,21551266,37300092
EGTS,2014-04-17,1.7,1.7,1.59,1.66,1.22,0.02,-1,29499906,48888360
EGTS,2014-04-16,1.69,1.69,1.6,1.64,3.14,0.05,-1,18286586,29988582
EGTS,2014-04-15,1.62,1.62,1.49,1.59,7.43,0.11,-1,28939064,45910776
EGTS,2014-04-14,1.51,1.51,1.44,1.48,-0.67,-0.01,-1,12037395,17830842
EGTS,2014-04-13,1.54,1.54,1.43,1.49,-0.67,-0.01,-1,10166463,15104376
EGTS,2014-04-10,1.54,1.54,1.44,1.5,4.9,0.07,-1,16758377,25075994
EGTS,2014-04-09,1.46,1.46,1.37,1.43,0,0,-1,13890779,19797440
EGTS,2014-04-08,1.47,1.47,1.38,1.43,3.62,0.05,-1,11210360,16008268
EGTS,2014-04-07,1.43,1.43,1.27,1.38,-0.72,-0.01,-1,7426605,10263335
EGTS,2014-04-06,1.51,1.51,1.31,1.39,-4.14,-0.06,-1,16175180,22529628
EGTS,2014-04-03,1.53,1.53,1.42,1.45,-7.64,-0.12,-1,9088119,13196792
EGTS,2014-04-02,1.65,1.65,1.48,1.57,0,0,-1,12021561,18884714
EGTS,2014-04-01,1.62,1.62,1.49,1.57,-2.48,-0.04,-1,12587892,19823074
EGTS,2014-03-31,1.79,1.79,1.58,1.61,-8,-0.14,-1,11684081,18827756
EGTS,2014-03-30,1.8,1.8,1.72,1.75,-4.37,-0.08,-1,10841826,18999218
EGTS,2014-03-27,1.97,1.97,1.75,1.83,-5.67,-0.11,-1,20955413,38452404
EGTS,2014-03-26,1.98,1.98,1.9,1.94,-2.02,-0.04,-1,9586958,18564764
EGTS,2014-03-25,2.02,2.02,1.93,1.98,1.54,0.03,-1,20752572,41082456
EGTS,2014-03-24,1.98,1.98,1.91,1.95,-1.52,-0.03,-1,13999628,27295638
EGTS,2014-03-23,2.05,2.05,1.92,1.98,-2.46,-0.05,-1,25359849,50218832
EGTS,2014-03-20,2.06,2.06,2,2.03,-0.49,-0.01,-1,24254148,49144920
EGTS,2014-03-19,2.09,2.09,2,2.04,2,0.04,-1,28947409,59089904
EGTS,2014-03-18,2.07,2.07,1.92,2,5.26,0.1,-1,38367466,76798408
EGTS,2014-03-17,1.93,1.93,1.86,1.9,-1.04,-0.02,-1,12898081,24492440
EGTS,2014-03-16,1.98,1.98,1.85,1.92,0.52,0.01,-1,21739505,41666092
EGTS,2014-03-13,1.95,1.95,1.88,1.91,-0.52,-0.01,-1,27601716,52744368
EGTS,2014-03-12,1.96,1.96,1.86,1.92,-1.03,-0.02,-1,22435469,42981116
EGTS,2014-03-11,1.97,1.97,1.8,1.94,2.65,0.05,-1,25608249,49681244
EGTS,2014-03-10,1.93,1.93,1.82,1.89,1.61,0.03,-1,24176669,45619612
EGTS,2014-03-09,1.91,1.91,1.81,1.86,-0.53,-0.01,-1,19868732,36906920
EGTS,2014-03-06,1.91,1.91,1.83,1.87,-2.09,-0.04,-1,18847817,35267332
EGTS,2014-03-05,1.98,1.98,1.88,1.91,2.69,0.05,-1,33418202,63802220
EGTS,2014-03-04,1.93,1.93,1.74,1.86,5.68,0.1,-1,47695939,88859248
EGTS,2014-03-03,1.82,1.82,1.71,1.76,-0.56,-0.01,-1,36018232,63528432
EGTS,2014-03-02,1.84,1.84,1.72,1.77,0,0,-1,30333120,53825132
EGTS,2014-02-27,1.8,1.8,1.73,1.77,3.51,0.06,-1,23061045,40725840
EGTS,2014-02-26,1.78,1.78,1.6,1.71,4.91,0.08,-1,40192696,68906424
EGTS,2014-02-25,1.68,1.68,1.6,1.63,0,0,-1,26816742,43843336
EGTS,2014-02-24,1.67,1.67,1.59,1.63,-1.21,-0.02,-1,20091752,32805332
EGTS,2014-02-23,1.68,1.68,1.6,1.65,1.851852,0.03,-1,30999403,51004716
EGTS,2014-02-20,1.66,1.66,1.58,1.62,1.89,0.03,-1,27914022,45118904
EGTS,2014-02-19,1.67,1.67,1.51,1.59,2.58,0.04,-1,37293019,59233968
EGTS,2014-02-18,1.63,1.63,1.49,1.55,4.03,0.06,-1,24813798,38548864
EGTS,2014-02-17,1.54,1.54,1.43,1.49,2.76,0.04,-1,24343092,36345376
EGTS,2014-02-16,1.48,1.48,1.42,1.45,2.11,0.03,-1,13794403,20027702
EGTS,2014-02-13,1.44,1.44,1.4,1.42,-0.7,-0.01,-1,9907350,14084533
EGTS,2014-02-12,1.47,1.47,1.4,1.43,-0.69,-0.01,-1,16464706,23621536
EGTS,2014-02-11,1.46,1.46,1.42,1.44,-0.69,-0.01,-1,16927439,24373298
EGTS,2014-02-10,1.48,1.48,1.41,1.45,-2.03,-0.03,-1,14700406,21306058
EGTS,2014-02-09,1.51,1.51,1.45,1.48,-0.67,-0.01,-1,19253052,28488502
EGTS,2014-02-06,1.53,1.53,1.46,1.49,-0.67,-0.01,-1,22826672,33927768
EGTS,2014-02-05,1.54,1.54,1.47,1.5,2.74,0.04,-1,19004525,28513134
EGTS,2014-02-04,1.51,1.51,1.43,1.46,-2.01,-0.03,-1,20922471,30530830
EGTS,2014-02-03,1.53,1.53,1.44,1.49,-3.25,-0.05,-1,29805182,44493780
EGTS,2014-02-02,1.6,1.6,1.49,1.54,2.67,0.04,-1,33119320,50953428
EGTS,2014-01-30,1.54,1.54,1.45,1.5,7.14,0.1,-1,27766782,41520316
EGTS,2014-01-29,1.48,1.48,1.32,1.4,2.19,0.03,-1,31551716,44158296
EGTS,2014-01-28,1.4,1.4,1.33,1.37,7.03,0.09,-1,22765204,31210314
EGTS,2014-01-27,1.33,1.33,1.22,1.28,5.79,0.07,-1,29522503,37916500
EGTS,2014-01-26,1.24,1.24,1.18,1.21,-0.82,-0.01,-1,12391004,14993391
EGTS,2014-01-23,1.25,1.25,1.2,1.22,0.83,0.01,-1,13214399,16182230
EGTS,2014-01-22,1.22,1.22,1.18,1.21,1.68,0.02,-1,10348562,12477987
EGTS,2014-01-21,1.2,1.2,1.17,1.19,0.85,0.01,-1,4158627,4929914
EGTS,2014-01-20,1.2,1.2,1.15,1.18,0.85,0.01,-1,8410937,9895263
EGTS,2014-01-19,1.22,1.22,1.13,1.17,-4.88,-0.06,-1,8640934,10124801
EGTS,2014-01-16,1.26,1.26,1.19,1.23,-1.6,-0.02,-1,9414205,11536532
EGTS,2014-01-15,1.29,1.29,1.22,1.25,-3.1,-0.04,-1,8457139,10564671
EGTS,2014-01-14,1.32,1.32,1.24,1.29,3.2,0.04,-1,14496560,18705868
EGTS,2014-01-12,1.27,1.27,1.22,1.25,0,0,-1,13019149,16236095
EGTS,2014-01-09,1.29,1.29,1.22,1.25,-1.57,-0.02,-1,12420096,15520470
EGTS,2014-01-08,1.29,1.29,1.24,1.27,4.1,0.05,-1,17220645,21913096
EGTS,2014-01-06,1.26,1.26,1.19,1.22,0.83,0.01,-1,13864977,16958428
EGTS,2014-01-05,1.25,1.25,1.18,1.21,4.31,0.05,-1,29394250,35690388
EGTS,2014-01-02,1.19,1.19,1.14,1.16,2.65,0.03,-1,13163596,15301780
EGTS,2013-12-31,1.17,1.17,1.1,1.13,0.89,0.01,-1,19896114,22576082
EGTS,2013-12-30,1.15,1.15,1.08,1.12,4.67,0.05,-1,20222679,22556376
EGTS,2013-12-29,1.09,1.09,1.03,1.07,4.9,0.05,-1,16365105,17507452
EGTS,2013-12-26,1.04,1.04,1.02,1.02,-1.92,-0.02,-1,1751755,1793249
EGTS,2013-12-25,1.13,1.13,1.03,1.04,0.97,0.01,-1,2139260,2221731.25
EGTS,2013-12-24,1.04,1.04,1.01,1.03,0,0,-1,2269472,2329106
EGTS,2013-12-23,1.04,1.04,1.02,1.03,0,0,-1,2539347,2616503.5
EGTS,2013-12-22,1.05,1.05,1.02,1.03,-0.96,-0.01,-1,4500443,4656308
EGTS,2013-12-19,1.06,1.06,1.02,1.04,1.96,0.02,-1,4645247,4829294
EGTS,2013-12-18,1.03,1.03,1.01,1.02,0,0,-1,4439351,4518012.5
EGTS,2013-12-17,1.04,1.04,1.01,1.02,0,0,-1,4001363,4100664.25
EGTS,2013-12-16,1.02,1.02,1,1.02,-0.97,-0.01,-1,1299562,1319910.25
EGTS,2013-12-15,1.04,1.04,1.01,1.03,0,0,-1,1933357,1982813.25
EGTS,2013-12-12,1.04,1.04,1.01,1.03,1.98,0.02,-1,5607858,5767300.5
EGTS,2013-12-11,1.01,1.01,1,1.01,1,0.01,-1,845489,853706.25
EGTS,2013-12-10,1.01,1.01,0.98,1,1.01,0.01,-1,875143,872763.5625
EGTS,2013-12-09,1.01,1.01,0.98,0.99,-1.98,-0.02,-1,1726466,1717812.125
EGTS,2013-12-08,1.03,1.03,1,1.01,1,0.01,-1,1332865,1347333.5
EGTS,2013-12-05,1.02,1.02,1,1,0,0,-1,1687539,1694258
EGTS,2013-12-04,1.01,1.01,1,1,0,0,-1,495255,495352.5
EGTS,2013-12-03,1.01,1.01,0.99,1,-0.99,-0.01,-1,991038,990933.625
EGTS,2013-12-02,1.03,1.03,1,1.01,0,0,-1,1792501,1804969.625
EGTS,2013-12-01,1.03,1.03,1,1.01,2.02,0.02,-1,3423859,3471155.25
EGTS,2013-11-28,1.01,1.01,0.97,0.99,-1.98,-0.02,-1,2530290,2516165.25
EGTS,2013-11-27,1.03,1.03,0.99,1.01,-1.94,-0.02,-1,2955277,2991216.25
EGTS,2013-11-26,1.04,1.04,1.02,1.03,0,0,-1,2199543,2260531.25
EGTS,2013-11-25,1.05,1.05,1.02,1.03,-1.9,-0.02,-1,3151758,3251186.5
EGTS,2013-11-24,1.07,1.07,1.04,1.05,-0.94,-0.01,-1,4856421,5114394.5
EGTS,2013-11-21,1.07,1.07,1.05,1.06,-1.85,-0.02,-1,2896183,3060228.25
EGTS,2013-11-20,1.1,1.1,1.05,1.08,2.86,0.03,-1,13687193,14721502
EGTS,2013-11-19,1.06,1.06,1.04,1.05,0.96,0.01,-1,3566430,3751215.25
EGTS,2013-11-18,1.05,1.05,1.03,1.04,0.97,0.01,-1,2352121,2441865.5
EGTS,2013-11-17,1.04,1.04,1.02,1.03,0,0,-1,2825018,2906507.75
EGTS,2013-11-14,1.05,1.05,1.01,1.03,-0.96,-0.01,-1,2597412,2671948.5
EGTS,2013-11-13,1.05,1.05,1.02,1.04,-1.89,-0.02,-1,2608779,2700319
EGTS,2013-11-12,1.08,1.08,1.03,1.06,0.95,0.01,-1,4075429,4313967.5
EGTS,2013-11-11,1.07,1.07,1.03,1.05,-1.87,-0.02,-1,4655327,4881480.5
EGTS,2013-11-10,1.09,1.09,1.05,1.07,0,0,-1,3661543,3911325
EGTS,2013-11-07,1.1,1.1,1.04,1.07,1.9,0.02,-1,11866544,12726456
EGTS,2013-11-06,1.07,1.07,1.05,1.05,0.96,0.01,-1,4938031,5208875
EGTS,2013-11-04,1.05,1.05,1.02,1.04,1.96,0.02,-1,3893865,4046849.5
EGTS,2013-11-03,1.03,1.03,1.01,1.02,0,0,-1,2886590,2939613.25
EGTS,2013-10-31,1.04,1.04,0.95,1.02,-0.97,-0.01,-1,1826479,1864362.625
EGTS,2013-10-30,1.04,1.04,1.02,1.03,0.98,0.01,-1,2726464,2821472.25
EGTS,2013-10-29,1.04,1.04,1,1.02,0,0,-1,3101008,3177304.75
EGTS,2013-10-28,1.03,1.03,1,1.02,-2.86,-0.03,-1,4270693,4341403.5
EGTS,2013-10-27,1.07,1.07,1.03,1.05,0,0,-1,4317443,4523276.5
EGTS,2013-10-24,1.06,1.06,1.03,1.05,0.96,0.01,-1,3747355,3919731
EGTS,2013-10-23,1.05,1.05,1.03,1.04,-1.89,-0.02,-1,5169358,5387817.5
EGTS,2013-10-22,1.07,1.07,1.04,1.06,0.95,0.01,-1,7252269,7664029.5
EGTS,2013-10-21,1.07,1.07,1.01,1.05,1.94,0.02,-1,11714124,12241870
EGTS,2013-10-20,1.05,1.05,1.02,1.03,0.98,0.01,-1,4779852,4933380.5
EGTS,2013-10-13,1.03,1.03,1,1.02,2,0.02,-1,5339396,5465482
EGTS,2013-10-10,1.02,1.02,0.98,1,2.04,0.02,-1,9889671,9923997
EGTS,2013-10-09,0.99,0.99,0.98,0.98,-1.01,-0.01,-1,1917135,1885401.375
EGTS,2013-10-08,1,1,0.98,0.99,-1,-0.01,-1,1639285,1623339.5
EGTS,2013-10-07,1.02,1.02,0.99,1,2.04,0.02,-1,4829833,4826928
EGTS,2013-10-03,0.99,0.99,0.96,0.98,1.03,0.01,-1,4408447,4303048.5
EGTS,2013-10-02,0.99,0.99,0.96,0.97,-2.02,-0.02,-1,2538761,2474125.25
EGTS,2013-10-01,1,1,0.98,0.99,1.02,0.01,-1,5866458,5801937
EGTS,2013-09-30,1,1,0.95,0.98,-1.01,-0.01,-1,3899744,3818483.25
EGTS,2013-09-29,1.01,1.01,0.95,0.99,4.21,0.04,-1,15614221,15432528
EGTS,2013-09-26,0.96,0.96,0.94,0.95,1.06,0.01,-1,3587623,3405832.25
EGTS,2013-09-25,0.95,0.95,0.93,0.94,-2.11,-0.02,-1,3704673,3469213.75
EGTS,2013-09-24,0.96,0.96,0.93,0.95,-1.05,-0.01,-1,2950302,2789141
EGTS,2013-09-23,0.96,0.96,0.93,0.95,1.06,0.01,-1,6612704,6258021.5
EGTS,2013-09-22,0.95,0.95,0.92,0.94,1.09,0.01,-1,4593693,4301513
