Symbol,Date Range,Open,High,Low,Closed,% Change,Change,Prev. Closed,Volume,Turnover
ELEC,2026-09-07,2.14,2.14,2.09,2.11,-0.47,-0.01,-1,19377438,40937600
ELEC,2026-09-06,2.14,2.14,2.1,2.12,0.47,0.01,-1,16613561,35322540
ELEC,2026-09-03,2.11,2.11,2.09,2.11,0.48,0.01,-1,22175335,46548452
ELEC,2026-09-02,2.18,2.18,2.08,2.1,-2.33,-0.05,-1,51639438,109757400
ELEC,2026-09-01,2.16,2.16,2.07,2.15,3.37,0.07,-1,66462521,142069664
ELEC,2026-08-31,2.11,2.11,2.06,2.08,-0.95,-0.02,-1,22853865,47672384
ELEC,2026-08-30,2.11,2.11,2.08,2.1,0.96,0.02,-1,14377727,30181540
ELEC,2026-08-26,2.09,2.09,2.04,2.08,0.97,0.02,-1,19676771,40701708
ELEC,2026-08-25,2.1,2.1,2.05,2.06,-0.96,-0.02,-1,25134355,52134368
ELEC,2026-08-24,2.12,2.12,2.08,2.08,-0.95,-0.02,-1,15901368,33360742
ELEC,2026-08-23,2.11,2.11,2.08,2.1,0.96,0.02,-1,19629717,41164268
ELEC,2026-08-20,2.12,2.12,2.06,2.08,-1.42,-0.03,-1,66039790,138492128
ELEC,2026-08-19,2.17,2.17,2.11,2.11,-1.86,-0.04,-1,33112235,70675568
ELEC,2026-08-18,2.2,2.2,2.15,2.15,-1.38,-0.03,-1,58881947,128091864
ELEC,2026-08-17,2.21,2.21,2.18,2.18,-0.46,-0.01,-1,19800069,43385748
ELEC,2026-08-16,2.24,2.24,2.16,2.19,0.92,0.02,-1,50897762,112137760
ELEC,2026-08-13,2.19,2.19,2.16,2.17,-0.46,-0.01,-1,20053612,43559423.37
ELEC,2026-08-12,2.18,2.18,2.16,2.18,0.93,0.02,-1,22375326,48575624
ELEC,2026-08-11,2.22,2.22,2.16,2.16,-1.82,-0.04,-1,32898364,71634408
ELEC,2026-08-10,2.25,2.25,2.18,2.2,-0.9,-0.02,-1,42649135,94343448
ELEC,2026-08-09,2.26,2.26,2.22,2.22,2.3,0.05,-1,44803515,100086288
ELEC,2026-08-06,2.21,2.21,2.17,2.17,-0.46,-0.01,-1,20812427,45568248
ELEC,2026-08-05,2.21,2.21,2.18,2.18,0,0,-1,22428015,49061992
ELEC,2026-08-04,2.22,2.22,2.16,2.18,0.46,0.01,-1,43801052,96097752
ELEC,2026-08-03,2.21,2.21,2.17,2.17,0.46,0.01,-1,15948126,34843256
ELEC,2026-08-02,2.17,2.17,2.14,2.16,0.93,0.02,-1,8224108,17757162
ELEC,2026-07-30,2.18,2.18,2.12,2.14,-1.38,-0.03,-1,21067010,45181528
ELEC,2026-07-29,2.21,2.21,2.16,2.17,-1.36,-0.03,-1,20861884,45459672
ELEC,2026-07-28,2.23,2.23,2.19,2.2,-0.45,-0.01,-1,15335073,33873492
ELEC,2026-07-27,2.24,2.24,2.2,2.21,0,0,-1,15199013,33702180
ELEC,2026-07-26,2.25,2.25,2.2,2.21,-0.9,-0.02,-1,21340149,47423132
ELEC,2026-07-22,2.25,2.25,2.21,2.23,0,0,-1,19985345,44497144
ELEC,2026-07-21,2.27,2.27,2.23,2.23,0.45,0.01,-1,34680360,77831576
ELEC,2026-07-20,2.28,2.28,2.21,2.22,-1.77,-0.04,-1,65302339,146573936
ELEC,2026-07-19,2.32,2.32,2.22,2.26,2.73,0.06,-1,108899123,247718240
ELEC,2026-07-16,2.26,2.26,2.2,2.2,-1.35,-0.03,-1,50167192,111685560
ELEC,2026-07-15,2.25,2.25,2.15,2.23,4.21,0.09,-1,92609261,204137888
ELEC,2026-07-14,2.17,2.17,2.14,2.14,-0.93,-0.02,-1,35530151,76430464
ELEC,2026-07-13,2.21,2.21,2.16,2.16,0.47,0.01,-1,59367776,129780192
ELEC,2026-07-12,2.18,2.18,2.1,2.15,2.38,0.05,-1,45689949,98205176
ELEC,2026-07-09,2.11,2.11,2.09,2.1,0.48,0.01,-1,3631071,7629506.5
ELEC,2026-07-08,2.13,2.13,2.08,2.09,-0.95,-0.02,-1,4669748,9802404
ELEC,2026-07-07,2.14,2.14,2.1,2.11,0,0,-1,11819963,25049668
ELEC,2026-07-06,2.14,2.14,2.1,2.11,1.44,0.03,-1,9745343,20660154
ELEC,2026-07-05,2.12,2.12,2.08,2.08,-0.95,-0.02,-1,5668115,11915505
ELEC,2026-07-01,2.1,2.1,2.08,2.1,0.96,0.02,-1,5415040,11326406
ELEC,2026-06-30,2.09,2.09,2.04,2.08,0.97,0.02,-1,8898203,18397760
ELEC,2026-06-29,2.1,2.1,2.05,2.06,-1.44,-0.03,-1,8175131,16933066
ELEC,2026-06-28,2.12,2.12,2.07,2.09,-0.48,-0.01,-1,4550265,9502625
ELEC,2026-06-25,2.13,2.13,2.1,2.1,-1.41,-0.03,-1,5867438,12377751
ELEC,2026-06-24,2.13,2.13,2.1,2.13,0.47,0.01,-1,6589838,13926659
ELEC,2026-06-23,2.13,2.13,2.09,2.12,0.47,0.01,-1,9806549,20728082
ELEC,2026-06-22,2.15,2.15,2.11,2.11,-1.4,-0.03,-1,7243708,15369982
ELEC,2026-06-21,2.15,2.15,2.13,2.14,0.47,0.01,-1,3158751,6768522
ELEC,2026-06-17,2.15,2.15,2.13,2.13,-0.47,-0.01,-1,6163425,13176711
ELEC,2026-06-16,2.15,2.15,2.11,2.14,1.9,0.04,-1,8354081,17847852
ELEC,2026-06-15,2.13,2.13,2.1,2.1,-0.47,-0.01,-1,5436452,11499982
ELEC,2026-06-14,2.13,2.13,2.1,2.11,1.93,0.04,-1,5037891,10626683
ELEC,2026-06-11,2.13,2.13,2.06,2.07,-2.82,-0.06,-1,12984217,27155894
ELEC,2026-06-10,2.18,2.18,2.13,2.13,-1.39,-0.03,-1,6984926,15013953
ELEC,2026-06-09,2.18,2.18,2.15,2.16,0.93,0.02,-1,6692874,14489786
ELEC,2026-06-08,2.18,2.18,2.14,2.14,-1.83,-0.04,-1,9105386,19668976
ELEC,2026-06-07,2.2,2.2,2.17,2.18,0.46,0.01,-1,10297969,22464240
ELEC,2026-06-04,2.19,2.19,2.12,2.17,2.36,0.05,-1,22001453,47692468
ELEC,2026-06-03,2.14,2.14,2.11,2.12,0,0,-1,8003280,17011522
ELEC,2026-06-02,2.13,2.13,2.11,2.12,0,0,-1,8692050,18458060
ELEC,2026-06-01,2.14,2.14,2.11,2.12,0.47,0.01,-1,6807577,14446254
ELEC,2026-05-25,2.11,2.11,2.07,2.11,1.93,0.04,-1,9502231,19881070
ELEC,2026-05-24,2.12,2.12,2.06,2.07,-0.96,-0.02,-1,22305329,46493772
ELEC,2026-05-21,2.12,2.12,2.08,2.09,-0.95,-0.02,-1,11103175,23311036
ELEC,2026-05-20,2.16,2.16,2.11,2.11,-1.4,-0.03,-1,14094505,30058890
ELEC,2026-05-19,2.17,2.17,2.14,2.14,-0.47,-0.01,-1,11243865,24195252
ELEC,2026-05-18,2.2,2.2,2.15,2.15,-1.83,-0.04,-1,18869453,40928068
ELEC,2026-05-17,2.24,2.24,2.19,2.19,-1.35,-0.03,-1,15270042,33753372
ELEC,2026-05-14,2.25,2.25,2.19,2.22,0.91,0.02,-1,31440164,70016944
ELEC,2026-05-13,2.21,2.21,2.19,2.2,0,0,-1,7639459,16791190
ELEC,2026-05-12,2.21,2.21,2.19,2.2,0.46,0.01,-1,11511381,25311124
ELEC,2026-05-11,2.22,2.22,2.19,2.19,-0.9,-0.02,-1,8310796,18278944
ELEC,2026-05-10,2.22,2.22,2.19,2.21,0.91,0.02,-1,7536800,16636249
ELEC,2026-05-06,2.23,2.23,2.19,2.19,-0.45,-0.01,-1,17781562,39247932
ELEC,2026-05-05,2.22,2.22,2.18,2.2,0,0,-1,16275263,35806376
ELEC,2026-05-04,2.25,2.25,2.19,2.2,-1.35,-0.03,-1,18123379,40121724
ELEC,2026-05-03,2.25,2.25,2.19,2.23,0.9,0.02,-1,17500532,38966252
ELEC,2026-04-30,2.26,2.26,2.2,2.21,-0.9,-0.02,-1,18332095,40733432
ELEC,2026-04-29,2.26,2.26,2.22,2.23,-0.45,-0.01,-1,13674193,30622782
ELEC,2026-04-28,2.29,2.29,2.23,2.24,0.45,0.01,-1,48161673,109033520
ELEC,2026-04-27,2.24,2.24,2.17,2.23,2.76,0.06,-1,38012673,84286008
ELEC,2026-04-26,2.2,2.2,2.16,2.17,0.93,0.02,-1,15826080,34516072
ELEC,2026-04-23,2.17,2.17,2.13,2.15,0.47,0.01,-1,14119131,30401168
ELEC,2026-04-22,2.16,2.16,2.13,2.14,0,0,-1,10607596,22703024
ELEC,2026-04-21,2.16,2.16,2.14,2.14,0,0,-1,8196307,17597022
ELEC,2026-04-20,2.18,2.18,2.13,2.14,-1.38,-0.03,-1,15345449,32908738
ELEC,2026-04-19,2.2,2.2,2.16,2.17,0,0,-1,13596214,29656684
ELEC,2026-04-16,2.2,2.2,2.11,2.17,3.33,0.07,-1,33654236,72551088
ELEC,2026-04-15,2.13,2.13,2.07,2.1,1.45,0.03,-1,31498310,66400972
ELEC,2026-04-14,2.09,2.09,2.06,2.07,0.49,0.01,-1,13880239,28744266
ELEC,2026-04-09,2.08,2.08,2.05,2.06,0,0,-1,5567233,11493240
ELEC,2026-04-08,2.09,2.09,2.06,2.06,0,0,-1,7073416,14665166
ELEC,2026-04-07,2.08,2.08,2.05,2.06,-0.48,-0.01,-1,6930977,14253096
ELEC,2026-04-06,2.08,2.08,2.05,2.07,0.49,0.01,-1,7569066,15637538
ELEC,2026-04-05,2.08,2.08,2.05,2.06,0,0,-1,8283595,17042042
ELEC,2026-04-02,2.09,2.09,2.06,2.06,-0.96,-0.02,-1,6291217,13015791
ELEC,2026-04-01,2.11,2.11,2.05,2.08,1.46,0.03,-1,14273071,29833658
ELEC,2026-03-31,2.08,2.08,2.04,2.05,0,0,-1,7418787,15254607
ELEC,2026-03-30,2.1,2.1,2.04,2.05,-0.97,-0.02,-1,9656598,19926320
ELEC,2026-03-29,2.13,2.13,2.07,2.07,-2.36,-0.05,-1,7253247,15127833
ELEC,2026-03-26,2.14,2.14,2.11,2.12,0,0,-1,5965579,12702928
ELEC,2026-03-25,2.15,2.15,2.08,2.12,1.44,0.03,-1,6092548,12900112
ELEC,2026-03-24,2.12,2.12,2.09,2.09,-0.48,-0.01,-1,4177042,8778366
ELEC,2026-03-18,2.12,2.12,2.08,2.1,0.96,0.02,-1,4710812,9893708
ELEC,2026-03-17,2.09,2.09,2.06,2.08,0.97,0.02,-1,1854827,3856851.25
ELEC,2026-03-16,2.09,2.09,2.05,2.06,-0.96,-0.02,-1,4870463,10041052
ELEC,2026-03-15,2.13,2.13,2.08,2.08,-1.89,-0.04,-1,5018903,10515348
ELEC,2026-03-12,2.16,2.16,2.12,2.12,-1.4,-0.03,-1,4349755,9302020
ELEC,2026-03-11,2.18,2.18,2.15,2.15,-0.92,-0.02,-1,4386963,9480735
ELEC,2026-03-10,2.18,2.18,2.15,2.17,0.46,0.01,-1,4485163,9704963
ELEC,2026-03-09,2.2,2.2,2.16,2.16,-0.46,-0.01,-1,7140691,15533665
ELEC,2026-03-08,2.21,2.21,2.12,2.17,2.36,0.05,-1,12950200,28195058
ELEC,2026-03-05,2.13,2.13,2.07,2.12,2.42,0.05,-1,12308657,25932626
ELEC,2026-03-04,2.07,2.07,2.01,2.07,1.97,0.04,-1,10402068,21242100
ELEC,2026-03-03,2.04,2.04,2,2.03,-0.49,-0.01,-1,6310167,12734636
ELEC,2026-03-02,2.06,2.06,2.01,2.04,0.49,0.01,-1,5453955,11131731
ELEC,2026-03-01,2.04,2.04,1.9,2.03,-2.4,-0.05,-1,13460403,26604712
ELEC,2026-02-26,2.08,2.08,2.03,2.08,1.46,0.03,-1,13569681,27788368
ELEC,2026-02-25,2.11,2.11,2.04,2.05,-1.91,-0.04,-1,9712279,20035290
ELEC,2026-02-24,2.13,2.13,2.08,2.09,-1.42,-0.03,-1,10123849,21341146
ELEC,2026-02-23,2.12,2.12,2.05,2.12,3.41,0.07,-1,21579779,45115788
ELEC,2026-02-22,2.19,2.19,2.03,2.05,-4.65,-0.1,-1,60115568,126040344
ELEC,2026-02-19,2.27,2.27,2.11,2.15,-4.44,-0.1,-1,41487223,91688392
ELEC,2026-02-18,2.28,2.28,2.23,2.25,0,0,-1,26616668,59998840
ELEC,2026-02-17,2.29,2.29,2.24,2.25,-1.32,-0.03,-1,21111296,47699220
ELEC,2026-02-16,2.33,2.33,2.27,2.28,-1.3,-0.03,-1,13630040,31286200
ELEC,2026-02-15,2.33,2.33,2.3,2.31,0.43,0.01,-1,19761340,45704256
ELEC,2026-02-12,2.31,2.31,2.27,2.3,0.44,0.01,-1,20386951,46757017.84
ELEC,2026-02-11,2.34,2.34,2.29,2.29,-1.29,-0.03,-1,23195310,53684740
ELEC,2026-02-10,2.41,2.41,2.3,2.31,0.87,0.02,-1,81808862,191631152
ELEC,2026-02-09,2.3,2.3,2.28,2.3,0.44,0.01,-1,8250424,18908024
ELEC,2026-02-08,2.32,2.32,2.28,2.29,0.44,0.01,-1,12509808,28748430
ELEC,2026-02-05,2.32,2.32,2.28,2.28,-0.87,-0.02,-1,18921279,43424664
ELEC,2026-02-04,2.34,2.34,2.3,2.3,-0.86,-0.02,-1,19435633,45043236
ELEC,2026-02-03,2.32,2.32,2.26,2.32,2.65,0.06,-1,24334677,55815564
ELEC,2026-02-02,2.31,2.31,2.24,2.26,-0.88,-0.02,-1,25315967,57419868
ELEC,2026-02-01,2.3,2.3,2.18,2.28,2.7,0.06,-1,50467655,113627888
ELEC,2026-01-28,2.5,2.5,2.2,2.22,-8.64,-0.21,-1,152199113,357406944
ELEC,2026-01-27,2.55,2.55,2.42,2.43,-3.57,-0.09,-1,53159157,131358056
ELEC,2026-01-26,2.61,2.61,2.52,2.52,-2.7,-0.07,-1,34895130,88664544
ELEC,2026-01-25,2.67,2.67,2.56,2.59,-2.63,-0.07,-1,43605268,114120968
ELEC,2026-01-22,2.75,2.75,2.66,2.66,-1.85,-0.05,-1,26559620,71558800
ELEC,2026-01-21,2.74,2.74,2.66,2.71,0,0,-1,18400845,49758832
ELEC,2026-01-20,2.77,2.77,2.7,2.71,-1.09,-0.03,-1,22242676,60865768
ELEC,2026-01-19,2.76,2.76,2.69,2.74,1.86,0.05,-1,57114320,155355936
ELEC,2026-01-18,2.7,2.7,2.64,2.69,2.28,0.06,-1,17598248,46961340
ELEC,2026-01-15,2.78,2.78,2.63,2.63,-4.36,-0.12,-1,23050863,61996904
ELEC,2026-01-14,2.87,2.87,2.72,2.75,-3.85,-0.11,-1,28732709,80457560
ELEC,2026-01-13,3.01,3.01,2.86,2.86,-4.35,-0.13,-1,27527308,80210560
ELEC,2026-01-12,3.09,3.09,2.97,2.99,0.67,0.02,-1,39590665,120299080
ELEC,2026-01-11,3.05,3.05,2.94,2.97,-1,-0.03,-1,28598082,85284456
ELEC,2026-01-08,3.21,3.21,3,3,-5.36,-0.17,-1,54793412,168909136
ELEC,2026-01-06,3.36,3.36,3.12,3.17,2.26,0.07,-1,88255284,285766688
ELEC,2026-01-05,3.19,3.19,3.05,3.1,1.97,0.06,-1,25575890,79953982.82
ELEC,2026-01-04,3.23,3.23,3.04,3.04,-2.25,-0.07,-1,21925190,68186280
ELEC,2025-12-31,3.3,3.3,2.86,3.11,9.12,0.26,-1,76281306,240493456
ELEC,2025-12-30,2.86,2.86,2.83,2.85,0.71,0.02,-1,1637570,4665873.5
ELEC,2025-12-29,2.88,2.88,2.83,2.84,-1.05,-0.03,-1,2735917,7793914.5
ELEC,2025-12-28,2.94,2.94,2.82,2.86,1.42,0.04,-1,11662224,33718996
ELEC,2025-12-25,2.85,2.85,2.81,2.82,0,0,-1,1481034,4195615
ELEC,2025-12-24,2.86,2.86,2.81,2.82,-1.05,-0.03,-1,1857657,5256920.5
ELEC,2025-12-23,2.86,2.86,2.75,2.85,3.26,0.09,-1,4607577,12992900
ELEC,2025-12-22,2.78,2.78,2.75,2.76,0.36,0.01,-1,1841352,5082738
ELEC,2025-12-21,2.79,2.79,2.74,2.75,-0.72,-0.02,-1,2546766,7036472
ELEC,2025-12-18,2.82,2.82,2.77,2.77,-1.42,-0.04,-1,2973936,8310359.5
ELEC,2025-12-17,2.83,2.83,2.79,2.81,-0.71,-0.02,-1,2180818,6131040.5
ELEC,2025-12-16,2.89,2.89,2.82,2.83,-0.7,-0.02,-1,3471175,9915488
ELEC,2025-12-15,2.88,2.88,2.81,2.85,1.79,0.05,-1,5232594,14887672
ELEC,2025-12-14,2.83,2.83,2.78,2.8,0.36,0.01,-1,2450960,6869043
ELEC,2025-12-11,2.86,2.86,2.75,2.79,1.82,0.05,-1,10859804,30588396
ELEC,2025-12-10,2.77,2.77,2.74,2.74,-0.72,-0.02,-1,1841217,5060593
ELEC,2025-12-09,2.84,2.84,2.74,2.76,0.36,0.01,-1,5384302,14988948
ELEC,2025-12-08,2.79,2.79,2.75,2.75,-1.08,-0.03,-1,1574768,4344686
ELEC,2025-12-07,2.79,2.79,2.72,2.78,1.83,0.05,-1,3039543,8380134
ELEC,2025-12-04,2.76,2.76,2.72,2.73,-0.36,-0.01,-1,2347730,6407594.5
ELEC,2025-12-03,2.81,2.81,2.73,2.74,-2.49,-0.07,-1,4630164,12774108
ELEC,2025-12-02,2.81,2.81,2.69,2.81,4.46,0.12,-1,16688434,45955944
ELEC,2025-12-01,2.72,2.72,2.68,2.69,0,0,-1,1463389,3948006
ELEC,2025-11-30,2.71,2.71,2.67,2.69,0,0,-1,1648344,4425125.5
ELEC,2025-11-27,2.69,2.69,2.67,2.69,0.37,0.01,-1,1432731,3842690.75
ELEC,2025-11-26,2.74,2.74,2.67,2.68,-0.37,-0.01,-1,3184029,8604502
ELEC,2025-11-25,2.73,2.73,2.68,2.69,-0.74,-0.02,-1,1378184,3726076.5
ELEC,2025-11-24,2.71,2.71,2.67,2.71,1.5,0.04,-1,719322,1940610.5
ELEC,2025-11-23,2.72,2.72,2.67,2.67,-1.11,-0.03,-1,2062078,5556481
ELEC,2025-11-20,2.73,2.73,2.69,2.7,-0.74,-0.02,-1,1425518,3855056
ELEC,2025-11-19,2.74,2.74,2.7,2.72,0.37,0.01,-1,2020846,5497298
ELEC,2025-11-18,2.76,2.76,2.7,2.71,-1.45,-0.04,-1,2236217,6077208
ELEC,2025-11-17,2.81,2.81,2.75,2.75,-0.72,-0.02,-1,2425843,6725514
ELEC,2025-11-16,2.8,2.8,2.76,2.77,-0.36,-0.01,-1,3398851,9452982
ELEC,2025-11-13,2.83,2.83,2.76,2.78,-1.07,-0.03,-1,3551713,9902309
ELEC,2025-11-12,2.84,2.84,2.79,2.81,-0.35,-0.01,-1,1420285,3991841.25
ELEC,2025-11-11,2.86,2.86,2.81,2.82,0,0,-1,1849076,5237399.5
ELEC,2025-11-10,2.87,2.87,2.81,2.82,-1.05,-0.03,-1,2123330,6030192
ELEC,2025-11-09,2.94,2.94,2.85,2.85,-0.35,-0.01,-1,7113243,20533002
ELEC,2025-11-06,2.96,2.96,2.77,2.86,3.25,0.09,-1,17485414,50374684
ELEC,2025-11-05,2.81,2.81,2.76,2.77,-1.07,-0.03,-1,1464492,4074843.5
ELEC,2025-11-04,2.83,2.83,2.78,2.8,0,0,-1,4587676,12853898
ELEC,2025-11-03,2.84,2.84,2.79,2.8,-0.36,-0.01,-1,1815862,5089731.5
ELEC,2025-11-02,2.87,2.87,2.8,2.81,-0.71,-0.02,-1,1835822,5213993
ELEC,2025-10-30,2.86,2.86,2.79,2.82,0.71,0.02,-1,2792865,7901817
ELEC,2025-10-29,2.83,2.83,2.77,2.8,-0.71,-0.02,-1,2115568,5899574
ELEC,2025-10-28,2.85,2.85,2.79,2.82,0,0,-1,1596561,4485739.5
ELEC,2025-10-27,2.9,2.9,2.81,2.82,-2.08,-0.06,-1,4600587,13034175
ELEC,2025-10-26,2.93,2.93,2.85,2.88,1.05,0.03,-1,4821489,13923803
ELEC,2025-10-23,2.93,2.93,2.84,2.85,1.06,0.03,-1,5153613,14902312
ELEC,2025-10-22,2.94,2.94,2.81,2.82,0.71,0.02,-1,6918396,19871014
ELEC,2025-10-21,2.83,2.83,2.74,2.8,0.72,0.02,-1,4376481,12195933
ELEC,2025-10-20,2.93,2.93,2.78,2.78,-4.47,-0.13,-1,5796588,16472200
ELEC,2025-10-19,3.04,3.04,2.76,2.91,5.82,0.16,-1,16386442,48284584
ELEC,2025-10-16,2.78,2.78,2.68,2.75,3,0.08,-1,6816939,18772096
ELEC,2025-10-15,2.69,2.69,2.67,2.67,0.37,0.01,-1,1651298,4418069.5
ELEC,2025-10-14,2.7,2.7,2.67,2.68,0,0,-1,1711096,4582785.5
ELEC,2025-10-13,2.71,2.71,2.67,2.68,-0.37,-0.01,-1,1241064,3337961.5
ELEC,2025-10-12,2.7,2.7,2.66,2.69,0.75,0.02,-1,1467908,3931270.75
ELEC,2025-10-08,2.69,2.69,2.66,2.67,0,0,-1,766494,2048631.75
ELEC,2025-10-07,2.71,2.71,2.66,2.67,0,0,-1,893135,2397265.25
ELEC,2025-10-06,2.7,2.7,2.67,2.67,-0.74,-0.02,-1,1116031,2996558.75
ELEC,2025-10-05,2.72,2.72,2.68,2.7,0.37,0.01,-1,929484,2510454.75
ELEC,2025-10-02,2.71,2.71,2.68,2.7,0.75,0.02,-1,935325,2521229.75
ELEC,2025-10-01,2.72,2.72,2.67,2.68,-0.74,-0.02,-1,928317,2498988
ELEC,2025-09-30,2.73,2.73,2.7,2.7,0,0,-1,1236452,3350756.75
ELEC,2025-09-29,2.71,2.71,2.66,2.7,1.12,0.03,-1,1284207,3453093.25
ELEC,2025-09-28,2.68,2.68,2.64,2.67,1.14,0.03,-1,675152,1793368
ELEC,2025-09-25,2.64,2.64,2.63,2.64,0.76,0.02,-1,235649,620706.5
ELEC,2025-09-24,2.64,2.64,2.61,2.62,0,0,-1,444936,1166726.88
ELEC,2025-09-23,2.65,2.65,2.62,2.63,-0.38,-0.01,-1,341358,900627.94
ELEC,2025-09-22,2.64,2.64,2.61,2.64,0,0,-1,563235,1479686.38
ELEC,2025-09-21,2.66,2.66,2.62,2.63,0.77,0.02,-1,472875,1245216.13
ELEC,2025-09-18,2.64,2.64,2.61,2.61,0,0,-1,360004,944456.44
ELEC,2025-09-17,2.65,2.65,2.6,2.62,-0.76,-0.02,-1,865732,2263721.25
ELEC,2025-09-16,2.68,2.68,2.6,2.64,-1.12,-0.03,-1,807723,2122082.75
ELEC,2025-09-15,2.7,2.7,2.66,2.67,0,0,-1,506455,1353093.5
ELEC,2025-09-14,2.71,2.71,2.66,2.67,-0.37,-0.01,-1,545560,1464214.63
ELEC,2025-09-11,2.71,2.71,2.69,2.7,0,0,-1,440232,1187399.38
ELEC,2025-09-10,2.71,2.71,2.67,2.7,0,0,-1,666110,1792701.25
ELEC,2025-09-09,2.73,2.73,2.69,2.7,0,0,-1,589083,1592117.88
ELEC,2025-09-08,2.73,2.73,2.69,2.7,0,0,-1,783558,2117120.25
ELEC,2025-09-07,2.75,2.75,2.69,2.7,-0.74,-0.02,-1,1024891,2776415.25
ELEC,2025-09-03,2.74,2.74,2.71,2.72,-0.37,-0.01,-1,871518,2376773.25
ELEC,2025-09-02,2.76,2.76,2.72,2.73,-0.73,-0.02,-1,886938,2423017
ELEC,2025-09-01,2.75,2.75,2.72,2.75,0.36,0.01,-1,1049775,2875793
ELEC,2025-08-31,2.76,2.76,2.73,2.74,-0.36,-0.01,-1,1154318,3168143.25
ELEC,2025-08-28,2.76,2.76,2.74,2.75,0,0,-1,1107738,3041746.75
ELEC,2025-08-27,2.76,2.76,2.73,2.75,0.36,0.01,-1,801295,2198908.25
ELEC,2025-08-26,2.77,2.77,2.73,2.74,-0.36,-0.01,-1,1215953,3339140.75
ELEC,2025-08-25,2.82,2.82,2.74,2.75,-2.14,-0.06,-1,2695133,7465683
ELEC,2025-08-24,2.87,2.87,2.79,2.81,0.36,0.01,-1,1236916,3482744.75
ELEC,2025-08-21,2.82,2.82,2.78,2.8,0.36,0.01,-1,1422872,3977947
ELEC,2025-08-20,2.88,2.88,2.77,2.79,-2.11,-0.06,-1,2626004,7427925.5
ELEC,2025-08-19,2.95,2.95,2.85,2.85,-2.4,-0.07,-1,2113388,6130303
ELEC,2025-08-18,3.02,3.02,2.88,2.92,1.74,0.05,-1,10622376,31386758
ELEC,2025-08-17,2.89,2.89,2.76,2.87,3.99,0.11,-1,2891368,8216253
ELEC,2025-08-14,2.82,2.82,2.75,2.76,-0.36,-0.01,-1,1194620,3322464.25
ELEC,2025-08-13,2.79,2.79,2.76,2.77,0,0,-1,620665,1720121.88
ELEC,2025-08-12,2.8,2.8,2.76,2.77,-0.36,-0.01,-1,1143081,3175100.25
ELEC,2025-08-11,2.82,2.82,2.76,2.78,-0.36,-0.01,-1,1627578,4528887.5
ELEC,2025-08-10,2.8,2.8,2.75,2.78,0.36,0.01,-1,836672,2326380.5
ELEC,2025-08-07,2.8,2.8,2.77,2.78,-0.36,-0.01,-1,876199,2441657.25
ELEC,2025-08-06,2.82,2.82,2.76,2.79,0.36,0.01,-1,776257,2165462.75
ELEC,2025-08-05,2.8,2.8,2.76,2.78,0,0,-1,607171,1687941.25
ELEC,2025-08-04,2.8,2.8,2.75,2.78,0,0,-1,642316,1783661.5
ELEC,2025-08-03,2.79,2.79,2.71,2.78,2.21,0.06,-1,687761,1905337.88
ELEC,2025-07-31,2.75,2.75,2.7,2.72,0.74,0.02,-1,728812,1979175.63
ELEC,2025-07-30,2.8,2.8,2.68,2.7,-2.17,-0.06,-1,1035365,2832490.75
ELEC,2025-07-29,2.8,2.8,2.73,2.76,1.09,0.03,-1,572013,1577931.13
ELEC,2025-07-28,2.87,2.87,2.74,2.75,-3.17,-0.09,-1,2274783,6360520
ELEC,2025-07-27,2.87,2.87,2.83,2.84,0.35,0.01,-1,1081655,3081117.5
ELEC,2025-07-23,2.88,2.88,2.83,2.83,-0.7,-0.02,-1,878990,2505552.25
ELEC,2025-07-22,2.97,2.97,2.85,2.85,-2.4,-0.07,-1,2411710,6988824
ELEC,2025-07-21,3.03,3.03,2.92,2.92,-2.34,-0.07,-1,4031294,12061301
ELEC,2025-07-20,3,3,2.9,2.99,1.7,0.05,-1,5369683,15918947
ELEC,2025-07-17,2.94,2.94,2.85,2.94,1.03,0.03,-1,1272711,3677135.5
ELEC,2025-07-16,2.97,2.97,2.89,2.91,0.34,0.01,-1,2923739,8571227
ELEC,2025-07-15,2.99,2.99,2.9,2.9,0.35,0.01,-1,7825428,23058132
ELEC,2025-07-14,2.89,2.89,2.82,2.89,2.12,0.06,-1,2301831,6571466.5
ELEC,2025-07-13,2.88,2.88,2.83,2.83,-1.05,-0.03,-1,1065243,3035920.75
ELEC,2025-07-10,2.89,2.89,2.83,2.86,0.7,0.02,-1,2491336,7120504
ELEC,2025-07-09,2.87,2.87,2.78,2.84,3.27,0.09,-1,5438876,15481830
ELEC,2025-07-07,2.8,2.8,2.75,2.75,0.72,0.02,-1,1425791,3955803
ELEC,2025-07-06,2.79,2.79,2.73,2.76,0.73,0.02,-1,1250568,3461426.25
ELEC,2025-07-02,2.76,2.76,2.72,2.74,0.37,0.01,-1,577917,1581172.38
ELEC,2025-07-01,2.77,2.77,2.72,2.73,-1.44,-0.04,-1,669357,1838006.5
ELEC,2025-06-30,2.77,2.77,2.71,2.77,0.36,0.01,-1,1833269,5033740
ELEC,2025-06-29,2.76,2.76,2.68,2.76,2.6,0.07,-1,2244832,6118606.5
ELEC,2025-06-25,2.7,2.7,2.65,2.69,1.51,0.04,-1,1084078,2897236.75
ELEC,2025-06-24,2.68,2.68,2.64,2.65,1.91,0.05,-1,1561206,4146828.75
ELEC,2025-06-23,2.64,2.64,2.57,2.62,1.95,0.05,-1,1098736,2866385.75
ELEC,2025-06-22,2.59,2.59,2.45,2.57,1.58,0.04,-1,659311,1672656.5
ELEC,2025-06-19,2.61,2.61,2.52,2.53,0,0,-1,1231409,3170655.5
ELEC,2025-06-18,2.58,2.58,2.46,2.55,-1.16,-0.03,-1,972988,2462159.75
ELEC,2025-06-17,2.66,2.66,2.57,2.58,-1.53,-0.04,-1,1136095,2945622
ELEC,2025-06-16,2.68,2.68,2.6,2.62,0,0,-1,558178,1471860.38
ELEC,2025-06-15,2.67,2.67,2.42,2.62,-3.32,-0.09,-1,3368321,8748677
ELEC,2025-06-12,2.74,2.74,2.7,2.71,-1.09,-0.03,-1,1481105,4028474.75
ELEC,2025-06-11,2.77,2.77,2.74,2.74,-0.72,-0.02,-1,1808241,4984261.5
ELEC,2025-06-10,2.77,2.77,2.74,2.76,0.73,0.02,-1,1224357,3368696.25
ELEC,2025-06-04,2.77,2.77,2.74,2.74,-0.36,-0.01,-1,1028634,2831334.25
ELEC,2025-06-03,2.75,2.75,2.73,2.75,0.73,0.02,-1,1526933,4185766.25
ELEC,2025-06-02,2.74,2.74,2.72,2.73,0.37,0.01,-1,1077545,2937704.75
ELEC,2025-06-01,2.78,2.78,2.72,2.72,-1.45,-0.04,-1,1556743,4264384
ELEC,2025-05-29,2.82,2.82,2.75,2.76,-0.72,-0.02,-1,1602275,4455825
ELEC,2025-05-28,2.83,2.83,2.76,2.79,1.09,0.03,-1,3887729,10895178
ELEC,2025-05-27,2.77,2.77,2.73,2.76,1.1,0.03,-1,990798,2723941.25
ELEC,2025-05-26,2.8,2.8,2.73,2.73,-0.73,-0.02,-1,2154665,5958571.5
ELEC,2025-05-25,2.8,2.8,2.72,2.75,1.48,0.04,-1,1913644,5277257.5
ELEC,2025-05-22,2.73,2.73,2.7,2.71,0.37,0.01,-1,1147951,3115399.75
ELEC,2025-05-21,2.77,2.77,2.7,2.7,-0.37,-0.01,-1,2256731,6137795
ELEC,2025-05-20,2.73,2.73,2.69,2.71,0.37,0.01,-1,502554,1361558.13
ELEC,2025-05-19,2.73,2.73,2.68,2.7,0,0,-1,740119,1998273.88
ELEC,2025-05-18,2.76,2.76,2.7,2.7,-1.1,-0.03,-1,1426296,3883226.25
ELEC,2025-05-15,2.77,2.77,2.73,2.73,-0.36,-0.01,-1,1229355,3375424.25
ELEC,2025-05-14,2.79,2.79,2.73,2.74,-0.72,-0.02,-1,1439764,3958990.25
ELEC,2025-05-13,2.81,2.81,2.75,2.76,-0.72,-0.02,-1,1268125,3526006.25
ELEC,2025-05-12,2.81,2.81,2.76,2.78,0.36,0.01,-1,1339301,3720947.75
ELEC,2025-05-11,2.85,2.85,2.77,2.77,-1.77,-0.05,-1,2662998,7468847
ELEC,2025-05-08,2.9,2.9,2.76,2.82,-2.08,-0.06,-1,6055083,17051338
ELEC,2025-05-07,3.01,3.01,2.85,2.88,-2.37,-0.07,-1,4995614,14755127
ELEC,2025-05-06,3.03,3.03,2.84,2.95,4.24,0.12,-1,13261800,39228140
ELEC,2025-05-05,2.87,2.87,2.82,2.83,0.35,0.01,-1,2089512,5950048.5
ELEC,2025-05-04,2.85,2.85,2.8,2.82,0.36,0.01,-1,963095,2718899.75
ELEC,2025-04-30,2.83,2.83,2.8,2.81,0,0,-1,763143,2145320.25
ELEC,2025-04-29,2.85,2.85,2.81,2.81,-1.06,-0.03,-1,888706,2511642.5
ELEC,2025-04-28,2.89,2.89,2.83,2.84,-1.39,-0.04,-1,746450,2124856.25
ELEC,2025-04-27,2.88,2.88,2.83,2.88,2.13,0.06,-1,2111337,6033649
ELEC,2025-04-23,2.82,2.82,2.79,2.82,0.71,0.02,-1,995421,2794673.75
ELEC,2025-04-22,2.82,2.82,2.78,2.8,0.36,0.01,-1,1541571,4321433.5
ELEC,2025-04-17,2.81,2.81,2.77,2.78,-0.36,-0.01,-1,874969,2440431.25
ELEC,2025-04-16,2.82,2.82,2.72,2.79,2.2,0.06,-1,3507826,9778283
ELEC,2025-04-15,2.79,2.79,2.72,2.73,0.37,0.01,-1,2078785,5718494
ELEC,2025-04-14,2.74,2.74,2.71,2.72,0,0,-1,848389,2311050.5
ELEC,2025-04-13,2.73,2.73,2.69,2.72,0.74,0.02,-1,1133925,3077117.5
ELEC,2025-04-10,2.73,2.73,2.69,2.7,1.12,0.03,-1,685127,1854260.13
ELEC,2025-04-09,2.72,2.72,2.67,2.67,-0.74,-0.02,-1,830770,2225045.5
ELEC,2025-04-08,2.73,2.73,2.68,2.69,0,0,-1,819943,2216303.25
ELEC,2025-04-07,2.71,2.71,2.64,2.69,-0.37,-0.01,-1,1307488,3471927.75
ELEC,2025-04-06,2.73,2.73,2.64,2.7,-2.88,-0.08,-1,1695445,4579827.5
ELEC,2025-04-03,2.8,2.8,2.76,2.78,0,0,-1,294314,818664.69
ELEC,2025-03-27,2.83,2.83,2.74,2.78,1.09,0.03,-1,1411587,3938494.25
ELEC,2025-03-26,2.77,2.77,2.73,2.75,0,0,-1,673729,1849155.38
ELEC,2025-03-25,2.77,2.77,2.74,2.75,0.36,0.01,-1,920322,2535418.5
ELEC,2025-03-24,2.83,2.83,2.74,2.74,-2.49,-0.07,-1,2077655,5783634
ELEC,2025-03-23,2.85,2.85,2.81,2.81,-0.35,-0.01,-1,1518214,4280172
ELEC,2025-03-20,2.86,2.86,2.81,2.82,-0.35,-0.01,-1,1360793,3851666.75
ELEC,2025-03-19,2.88,2.88,2.82,2.83,-1.05,-0.03,-1,958795,2724947
ELEC,2025-03-18,2.93,2.93,2.85,2.86,0,0,-1,2997497,8639646
ELEC,2025-03-17,2.9,2.9,2.85,2.86,-1.04,-0.03,-1,1553937,4469778
ELEC,2025-03-16,2.92,2.92,2.81,2.89,2.48,0.07,-1,3519919,10127919
ELEC,2025-03-13,2.89,2.89,2.73,2.82,3.3,0.09,-1,7320995,20792110
ELEC,2025-03-12,2.76,2.76,2.71,2.73,-0.73,-0.02,-1,1684306,4605931.5
ELEC,2025-03-11,2.78,2.78,2.73,2.75,-0.36,-0.01,-1,1413567,3887466.25
ELEC,2025-03-10,2.79,2.79,2.75,2.76,-0.36,-0.01,-1,1172519,3235156.25
ELEC,2025-03-09,2.81,2.81,2.76,2.77,-0.36,-0.01,-1,1803952,5031499
ELEC,2025-03-06,2.82,2.82,2.72,2.78,1.83,0.05,-1,2296019,6398369
ELEC,2025-03-05,2.8,2.8,2.72,2.73,-1.44,-0.04,-1,1057965,2898007.75
ELEC,2025-03-04,2.82,2.82,2.75,2.77,-0.36,-0.01,-1,1406908,3903776.5
ELEC,2025-03-03,2.84,2.84,2.75,2.78,0.36,0.01,-1,3830700,10711853
ELEC,2025-03-02,2.8,2.8,2.7,2.77,1.84,0.05,-1,2602027,7176058
ELEC,2025-02-27,2.82,2.82,2.71,2.72,-1.45,-0.04,-1,9605595,26586254
ELEC,2025-02-26,2.87,2.87,2.62,2.76,5.75,0.15,-1,18837079,52540280
ELEC,2025-02-25,2.64,2.64,2.61,2.61,-0.38,-0.01,-1,1238614,3244538
ELEC,2025-02-24,2.65,2.65,2.62,2.62,-0.38,-0.01,-1,1719353,4528890.5
ELEC,2025-02-23,2.64,2.64,2.62,2.63,0,0,-1,1373082,3612616
ELEC,2025-02-20,2.65,2.65,2.62,2.63,0,0,-1,872364,2293996.17
ELEC,2025-02-19,2.67,2.67,2.62,2.63,0,0,-1,927553,2445685
ELEC,2025-02-18,2.66,2.66,2.62,2.63,0,0,-1,685975,1807217.5
ELEC,2025-02-17,2.67,2.67,2.61,2.63,0,0,-1,1529372,4035300.75
ELEC,2025-02-16,2.65,2.65,2.61,2.63,1.94,0.05,-1,1344790,3530775
ELEC,2025-02-13,2.71,2.71,2.53,2.58,1.57,0.04,-1,3198588,8392445
ELEC,2025-02-12,2.56,2.56,2.5,2.54,-0.78,-0.02,-1,1791881,4516005.5
ELEC,2025-02-11,2.64,2.64,2.53,2.56,-1.92,-0.05,-1,1681622,4353426.5
ELEC,2025-02-10,2.65,2.65,2.6,2.61,-0.76,-0.02,-1,923625,2419370
ELEC,2025-02-09,2.66,2.66,2.63,2.63,0,0,-1,770090,2030654.75
ELEC,2025-02-06,2.67,2.67,2.62,2.63,-0.38,-0.01,-1,1201218,3174983.75
ELEC,2025-02-05,2.66,2.66,2.62,2.64,-0.38,-0.01,-1,1529066,4028657
ELEC,2025-02-04,2.7,2.7,2.62,2.65,1.15,0.03,-1,2006977,5347164.5
ELEC,2025-02-03,2.66,2.66,2.62,2.62,-0.76,-0.02,-1,587257,1545328.63
ELEC,2025-02-02,2.68,2.68,2.62,2.64,-0.75,-0.02,-1,875881,2317668.75
ELEC,2025-01-30,2.7,2.7,2.65,2.66,-0.37,-0.01,-1,982801,2623927.25
ELEC,2025-01-29,2.71,2.71,2.63,2.67,1.14,0.03,-1,2023676,5409633.5
ELEC,2025-01-28,2.69,2.69,2.62,2.64,-1.49,-0.04,-1,2523096,6708763.42
ELEC,2025-01-27,2.73,2.73,2.66,2.68,-1.11,-0.03,-1,1423551,3834821.75
ELEC,2025-01-26,2.78,2.78,2.71,2.71,-0.37,-0.01,-1,1237398,3380069.75
ELEC,2025-01-23,2.78,2.78,2.71,2.72,-1.45,-0.04,-1,2079890,5672257.5
ELEC,2025-01-22,2.82,2.82,2.73,2.76,1.47,0.04,-1,2960215,8216575.5
ELEC,2025-01-21,2.75,2.75,2.72,2.72,0,0,-1,1077596,2942956.25
ELEC,2025-01-20,2.81,2.81,2.72,2.72,-0.73,-0.02,-1,5876613,16278741
ELEC,2025-01-19,2.78,2.78,2.7,2.74,1.48,0.04,-1,2423329,6644843
ELEC,2025-01-16,2.75,2.75,2.68,2.7,0.75,0.02,-1,1272153,3442731
ELEC,2025-01-15,2.71,2.71,2.62,2.68,3.07,0.08,-1,887517,2358047
ELEC,2025-01-14,2.65,2.65,2.42,2.61,-1.51,-0.04,-1,2416717,6220192
ELEC,2025-01-13,2.74,2.74,2.63,2.65,-0.75,-0.02,-1,1203565,3242284
ELEC,2025-01-12,2.72,2.72,2.64,2.67,-1.84,-0.05,-1,1974090,5301513.5
ELEC,2025-01-09,2.76,2.76,2.72,2.72,-0.73,-0.02,-1,803016,2193131.25
ELEC,2025-01-08,2.78,2.78,2.72,2.74,-1.44,-0.04,-1,975676,2681356.25
ELEC,2025-01-06,2.84,2.84,2.75,2.78,-0.71,-0.02,-1,2160874,6004019.5
ELEC,2025-01-05,2.85,2.85,2.77,2.8,1.08,0.03,-1,2413729,6796291.5
ELEC,2025-01-02,2.78,2.78,2.74,2.77,1.09,0.03,-1,860422,2377947
ELEC,2024-12-31,2.76,2.76,2.62,2.74,4.18,0.11,-1,1670194,4509960.5
ELEC,2024-12-30,2.68,2.68,2.6,2.63,-1.87,-0.05,-1,1479137,3892543.25
ELEC,2024-12-29,2.71,2.71,2.65,2.68,-0.37,-0.01,-1,1360887,3635096.75
ELEC,2024-12-26,2.73,2.73,2.68,2.69,-0.37,-0.01,-1,1240575,3348459.25
ELEC,2024-12-25,2.74,2.74,2.68,2.7,1.12,0.03,-1,1350937,3661253
ELEC,2024-12-24,2.74,2.74,2.64,2.67,-1.48,-0.04,-1,1166259,3130762.25
ELEC,2024-12-23,2.8,2.8,2.7,2.71,-2.87,-0.08,-1,2573147,7049727
ELEC,2024-12-22,2.83,2.83,2.79,2.79,-0.71,-0.02,-1,2212332,6197061
ELEC,2024-12-19,2.82,2.82,2.76,2.81,0.72,0.02,-1,1127297,3151519.75
ELEC,2024-12-18,2.83,2.83,2.78,2.79,-0.71,-0.02,-1,1192076,3340183.75
ELEC,2024-12-17,2.85,2.85,2.81,2.81,-0.35,-0.01,-1,1386064,3917348.5
ELEC,2024-12-16,2.9,2.9,2.82,2.82,-1.74,-0.05,-1,3218628,9138931
ELEC,2024-12-15,2.9,2.9,2.86,2.87,0,0,-1,632108,1820343.88
ELEC,2024-12-12,2.9,2.9,2.86,2.88,0.35,0.01,-1,1652024,4758168.5
ELEC,2024-12-11,2.9,2.9,2.85,2.87,0.35,0.01,-1,1134588,3255583.5
ELEC,2024-12-10,2.94,2.94,2.85,2.86,-2.05,-0.06,-1,1472917,4249963
ELEC,2024-12-09,2.98,2.98,2.9,2.92,-1.02,-0.03,-1,1795636,5290921.5
ELEC,2024-12-08,2.99,2.99,2.94,2.95,0.34,0.01,-1,2874122,8522373
ELEC,2024-12-05,3,3,2.88,2.94,2.44,0.07,-1,4614336,13647397
ELEC,2024-12-04,2.89,2.89,2.85,2.87,0.35,0.01,-1,955183,2744437
ELEC,2024-12-03,2.89,2.89,2.85,2.86,0,0,-1,1470132,4224017
ELEC,2024-12-02,2.91,2.91,2.84,2.86,0.7,0.02,-1,3040112,8762444
ELEC,2024-12-01,2.86,2.86,2.82,2.84,1.07,0.03,-1,2046476,5808010.5
ELEC,2024-11-28,2.84,2.84,2.76,2.81,-0.71,-0.02,-1,2911492,8154349.5
ELEC,2024-11-27,2.87,2.87,2.82,2.83,-0.7,-0.02,-1,1280531,3652275
ELEC,2024-11-26,2.88,2.88,2.84,2.85,0.35,0.01,-1,1101382,3147491.5
ELEC,2024-11-25,2.88,2.88,2.83,2.84,0,0,-1,1138161,3243685.5
ELEC,2024-11-24,2.92,2.92,2.84,2.84,-1.39,-0.04,-1,1916034,5529880.5
ELEC,2024-11-21,2.91,2.91,2.87,2.88,0.7,0.02,-1,1785186,5159630.5
ELEC,2024-11-20,2.9,2.9,2.84,2.86,-0.69,-0.02,-1,1575964,4519152
ELEC,2024-11-19,2.92,2.92,2.87,2.88,0,0,-1,1236162,3573284.75
ELEC,2024-11-18,2.96,2.96,2.87,2.88,-2.04,-0.06,-1,3323498,9674195
ELEC,2024-11-17,2.99,2.99,2.94,2.94,0,0,-1,3782123,11195752
ELEC,2024-11-14,2.96,2.96,2.92,2.94,0,0,-1,3069126,9022931
ELEC,2024-11-13,2.98,2.98,2.92,2.94,-0.34,-0.01,-1,2595520,7655197
ELEC,2024-11-12,3.05,3.05,2.96,2.96,-1.99,-0.06,-1,4106455,12357086
ELEC,2024-11-11,3.08,3.08,3.01,3.02,-1.31,-0.04,-1,4544080,13821128
ELEC,2024-11-10,3.06,3.06,2.99,3.06,2.68,0.08,-1,4319394,13042684
ELEC,2024-11-07,3.01,3.01,2.94,2.98,1.02,0.03,-1,7001814,20887844
ELEC,2024-11-06,2.98,2.98,2.94,2.95,0.68,0.02,-1,2693373,7968126
ELEC,2024-11-05,2.97,2.97,2.91,2.93,-0.68,-0.02,-1,2174274,6389926.5
ELEC,2024-11-04,3,3,2.95,2.95,0.68,0.02,-1,4953637,14722472
ELEC,2024-11-03,2.95,2.95,2.92,2.93,0.69,0.02,-1,3072336,9017576
ELEC,2024-10-31,2.94,2.94,2.9,2.91,0.34,0.01,-1,1829550,5337552
ELEC,2024-10-30,2.97,2.97,2.9,2.9,-1.36,-0.04,-1,2364731,6930228.5
ELEC,2024-10-29,3.04,3.04,2.94,2.94,0.34,0.01,-1,10804363,32298936
ELEC,2024-10-28,2.95,2.95,2.84,2.93,2.81,0.08,-1,3792486,10947125
ELEC,2024-10-27,2.88,2.88,2.83,2.85,-0.35,-0.01,-1,2728889,7789654.5
ELEC,2024-10-24,2.87,2.87,2.83,2.86,0.7,0.02,-1,2416238,6888354.5
ELEC,2024-10-23,2.92,2.92,2.82,2.84,0.71,0.02,-1,4446555,12748832
ELEC,2024-10-22,2.87,2.87,2.81,2.82,0,0,-1,3389625,9612969
ELEC,2024-10-21,2.83,2.83,2.71,2.82,1.81,0.05,-1,3657221,10167697
ELEC,2024-10-20,2.87,2.87,2.77,2.77,-2.81,-0.08,-1,3519120,9861798
ELEC,2024-10-17,2.87,2.87,2.82,2.85,0.35,0.01,-1,1498796,4251238
ELEC,2024-10-16,2.9,2.9,2.83,2.84,0,0,-1,2361370,6765519.5
ELEC,2024-10-15,2.89,2.89,2.83,2.84,1.07,0.03,-1,2313827,6598136.5
ELEC,2024-10-14,2.86,2.86,2.76,2.81,-0.35,-0.01,-1,2686124,7567706
ELEC,2024-10-13,2.92,2.92,2.81,2.82,-2.76,-0.08,-1,2774999,7943292.5
ELEC,2024-10-10,3,3,2.9,2.9,-2.03,-0.06,-1,5036023,14808811
ELEC,2024-10-09,2.98,2.98,2.92,2.96,1.72,0.05,-1,5164545,15222516
ELEC,2024-10-08,3.07,3.07,2.85,2.91,-4.28,-0.13,-1,7201677,21393876
ELEC,2024-10-07,3.16,3.16,3.04,3.04,0.66,0.02,-1,22286201,69111144
ELEC,2024-10-03,3.04,3.04,2.96,3.02,2.03,0.06,-1,11152694,33546742
ELEC,2024-10-02,3.08,3.08,2.96,2.96,-2.63,-0.08,-1,13104456,39424168
ELEC,2024-10-01,3.14,3.14,3.02,3.04,1,0.03,-1,16963823,52367712
ELEC,2024-09-30,3.06,3.06,3,3.01,0.67,0.02,-1,8955550,27164790
ELEC,2024-09-29,3.04,3.04,2.97,2.99,-0.66,-0.02,-1,4896098,14724987
ELEC,2024-09-26,3.08,3.08,3,3.01,-1.63,-0.05,-1,5606385,17056048
ELEC,2024-09-25,3.12,3.12,3.01,3.06,2.34,0.07,-1,21170395,65072644
ELEC,2024-09-24,3.04,3.04,2.96,2.99,1.01,0.03,-1,9099206,27301034
ELEC,2024-09-23,3.01,3.01,2.95,2.96,0,0,-1,5145230,15300689
ELEC,2024-09-22,2.96,2.96,2.91,2.96,1.37,0.04,-1,5494017,16164033
ELEC,2024-09-19,2.95,2.95,2.85,2.92,3.55,0.1,-1,6641010,19298908
ELEC,2024-09-18,2.86,2.86,2.81,2.82,0.36,0.01,-1,2381987,6761839.5
ELEC,2024-09-17,2.85,2.85,2.81,2.81,-0.71,-0.02,-1,1587498,4486993
ELEC,2024-09-16,2.92,2.92,2.81,2.83,-1.74,-0.05,-1,3511205,10025901
ELEC,2024-09-12,2.94,2.94,2.87,2.88,-0.69,-0.02,-1,3319247,9631454
ELEC,2024-09-11,2.93,2.93,2.85,2.9,-0.34,-0.01,-1,3384991,9830509
ELEC,2024-09-10,2.98,2.98,2.91,2.91,-1.36,-0.04,-1,2741925,8043574
ELEC,2024-09-09,2.99,2.99,2.93,2.95,0,0,-1,3734351,11040212
ELEC,2024-09-08,3.05,3.05,2.94,2.95,-2.32,-0.07,-1,6275610,18776468
ELEC,2024-09-05,3.07,3.07,3,3.02,0.67,0.02,-1,7317205,22177532
ELEC,2024-09-04,3.04,3.04,2.99,3,-1.64,-0.05,-1,5193050,15644236
ELEC,2024-09-03,3.07,3.07,3.01,3.05,0.66,0.02,-1,6222183,18922190
ELEC,2024-09-02,3.12,3.12,3.01,3.03,1.34,0.04,-1,17605255,54090280
ELEC,2024-09-01,3.04,3.04,2.98,2.99,0,0,-1,4794014,14427812
ELEC,2024-08-29,3.02,3.02,2.96,2.99,0,0,-1,3586738,10704102.7
ELEC,2024-08-28,3.07,3.07,2.96,2.99,1.36,0.04,-1,9236895,27942976
ELEC,2024-08-27,2.98,2.98,2.93,2.95,0.34,0.01,-1,3542173,10473013
ELEC,2024-08-26,3.02,3.02,2.92,2.94,-1.01,-0.03,-1,5270607,15626865
ELEC,2024-08-25,3.04,3.04,2.96,2.97,0,0,-1,7096583,21284556
ELEC,2024-08-22,3.03,3.03,2.96,2.97,-1,-0.03,-1,5896484,17650590
ELEC,2024-08-21,3.07,3.07,2.99,3,-1.32,-0.04,-1,8338558,25261774
ELEC,2024-08-20,3.1,3.1,3.03,3.04,0.33,0.01,-1,13143051,40267328
ELEC,2024-08-19,3.07,3.07,3,3.03,1.34,0.04,-1,11067870,33595032
ELEC,2024-08-18,3.07,3.07,2.98,2.99,0.34,0.01,-1,9270478,28082306
ELEC,2024-08-15,3.07,3.07,2.98,2.98,-0.67,-0.02,-1,12456479,37658808
ELEC,2024-08-14,3.09,3.09,2.97,3,-0.66,-0.02,-1,13740776,41671304
ELEC,2024-08-13,3.21,3.21,3.01,3.02,-3.51,-0.11,-1,18958934,58838980
ELEC,2024-08-12,3.27,3.27,3.08,3.13,-1.26,-0.04,-1,43665706,138388144
ELEC,2024-08-11,3.29,3.29,3.08,3.17,3.93,0.12,-1,41701523,133528728
ELEC,2024-08-08,3.2,3.2,2.7,3.05,9.71,0.27,-1,47477573,142158176
ELEC,2024-08-07,2.82,2.82,2.75,2.78,1.83,0.05,-1,8036620,22377226
ELEC,2024-08-06,2.77,2.77,2.65,2.73,3.41,0.09,-1,6905948,18722826
ELEC,2024-08-05,2.8,2.8,2.4,2.64,-6.71,-0.19,-1,15307701,40143968
ELEC,2024-08-04,2.95,2.95,2.8,2.83,-6.6,-0.2,-1,9272621,26729302
ELEC,2024-08-01,3.15,3.15,3.02,3.03,-0.66,-0.02,-1,19239204,59499244
ELEC,2024-07-31,3.07,3.07,2.91,3.05,4.45,0.13,-1,10439293,31160252
ELEC,2024-07-30,2.92,2.92,2.85,2.92,1.74,0.05,-1,4324918,12466388
ELEC,2024-07-29,2.97,2.97,2.87,2.87,-1.71,-0.05,-1,4637789,13499104
ELEC,2024-07-28,2.99,2.99,2.9,2.92,-1.02,-0.03,-1,4163857,12246100
ELEC,2024-07-24,3.04,3.04,2.95,2.95,0,0,-1,8933569,26788614
ELEC,2024-07-23,3,3,2.94,2.95,1.03,0.03,-1,5514688,16345343
ELEC,2024-07-22,3.06,3.06,2.92,2.92,-3.63,-0.11,-1,7774570,23375164
ELEC,2024-07-21,3.1,3.1,3.01,3.03,1,0.03,-1,10306074,31395878
ELEC,2024-07-18,3.09,3.09,2.99,3,0.33,0.01,-1,10071136,30554214
ELEC,2024-07-17,3.05,3.05,2.97,2.99,-0.33,-0.01,-1,7555787,22703954
ELEC,2024-07-16,3.06,3.06,2.94,3,2.04,0.06,-1,14979042,44985592
ELEC,2024-07-15,3.07,3.07,2.93,2.94,-3.29,-0.1,-1,11535968,34578952
ELEC,2024-07-14,3.15,3.15,3.03,3.04,-1.3,-0.04,-1,16978471,52357528
ELEC,2024-07-10,3.18,3.18,3.07,3.08,-1.6,-0.05,-1,11668652,36513352
ELEC,2024-07-09,3.22,3.22,3.05,3.13,4.68,0.14,-1,29042166,91397736
ELEC,2024-07-08,3.08,3.08,2.76,2.99,8.33,0.23,-1,39305727,116794168
ELEC,2024-07-07,2.87,2.87,2.75,2.76,-3.16,-0.09,-1,7267510,20374208
ELEC,2024-07-04,2.89,2.89,2.75,2.85,2.52,0.07,-1,9026970,25503278
ELEC,2024-07-03,2.91,2.91,2.77,2.78,1.46,0.04,-1,14857769,42177596
ELEC,2024-07-02,2.79,2.79,2.55,2.74,6.2,0.16,-1,26494888,71974456
ELEC,2024-07-01,2.62,2.62,2.57,2.58,0,0,-1,3549977,9194650
ELEC,2024-06-27,2.66,2.66,2.57,2.58,0,0,-1,7288758,19009258
ELEC,2024-06-26,2.67,2.67,2.56,2.58,-0.39,-0.01,-1,12155217,31794918
ELEC,2024-06-25,2.68,2.68,2.54,2.59,1.57,0.04,-1,17825791,46720256
ELEC,2024-06-24,2.74,2.74,2.55,2.55,-2.67,-0.07,-1,13145269,34717188
ELEC,2024-06-23,2.62,2.62,2.35,2.62,11.49,0.27,-1,13727268,34608608
ELEC,2024-06-13,2.39,2.39,2.32,2.35,0,0,-1,3595212,8425512
ELEC,2024-06-12,2.43,2.43,2.34,2.35,1.29,0.03,-1,8544765,20300862
ELEC,2024-06-11,2.42,2.42,2.3,2.32,0.87,0.02,-1,12694893,30078138
ELEC,2024-06-10,2.34,2.34,2.18,2.3,3.14,0.07,-1,12435223,28414516
ELEC,2024-06-09,2.28,2.28,2.2,2.23,0.9,0.02,-1,4338247,9700113
ELEC,2024-06-06,2.28,2.28,2.17,2.21,1.84,0.04,-1,7369578,16415896
ELEC,2024-06-05,2.27,2.27,2.11,2.17,-2.25,-0.05,-1,3294490,7186503.5
ELEC,2024-06-04,2.3,2.3,2.17,2.22,2.3,0.05,-1,6843629,15415439
ELEC,2024-06-03,2.3,2.3,2.16,2.17,-3.98,-0.09,-1,4333401,9603354
ELEC,2024-06-02,2.39,2.39,2.24,2.26,-3,-0.07,-1,5744883,13256998
ELEC,2024-05-30,2.45,2.45,2.25,2.33,1.304,0.03,-1,11350878,26720678
ELEC,2024-05-29,2.41,2.41,2.26,2.3,-0.862,-0.02,-1,3617035,8483476
ELEC,2024-05-28,2.37,2.37,2.15,2.32,0,0,-1,8741660,20086778
ELEC,2024-05-27,2.43,2.43,2.29,2.32,1.31,0.03,-1,9248136,21858130
ELEC,2024-05-26,2.34,2.34,2.24,2.29,-0.435,-0.01,-1,4432441,10159542
ELEC,2024-05-23,2.354,2.354,2.17,2.296,6.149,0.133,-1,10626326,24461034
ELEC,2024-05-22,2.32,2.32,2.1,2.163,-5.215,-0.119,-1,7142237,15854646
ELEC,2024-05-21,2.35,2.35,2.24,2.282,-2.353,-0.055,-1,4604717,10512927
ELEC,2024-05-20,2.5,2.5,2.24,2.337,5.081,0.113,-1,12139410,28956524
ELEC,2024-05-19,2.224,2.224,1.879,2.224,19.957,0.37,-1,12669195,26673186
ELEC,2024-05-16,1.88,1.88,1.778,1.854,4.791,0.085,-1,2367488,4346875.5
ELEC,2024-05-15,1.823,1.823,1.761,1.774,-0.672,-0.012,-1,1336836,2404779
ELEC,2024-05-14,1.843,1.843,1.78,1.786,-1.809,-0.033,-1,898137,1617919.5
ELEC,2024-05-13,1.849,1.849,1.58,1.824,3.296,0.059,-1,1824233,3249830.25
ELEC,2024-05-12,1.95,1.95,1.761,1.79,-7.254,-0.14,-1,2751803,5071774
ELEC,2024-05-09,1.97,1.97,1.87,1.93,0.52,0.01,-1,2234385,4293630
ELEC,2024-05-08,2.03,2.03,1.9,1.92,-3.52,-0.07,-1,2765806,5420986.5
ELEC,2024-05-07,2.07,2.07,1.96,1.99,-1.49,-0.03,-1,3600717,7259173
ELEC,2024-05-02,2.07,2.07,1.85,2.02,5.76,0.11,-1,9398102,18812950
ELEC,2024-05-01,1.97,1.97,1.72,1.91,7.3,0.13,-1,5748704,10787470
ELEC,2024-04-30,1.98,1.98,1.76,1.78,-8.25,-0.16,-1,2951656,5553178.5
ELEC,2024-04-29,1.98,1.98,1.82,1.94,3.74,0.07,-1,3478792,6673573
ELEC,2024-04-28,2.1,2.1,1.86,1.87,-9.22,-0.19,-1,3246023,6397318.5
ELEC,2024-04-24,2.17,2.17,1.96,2.06,-5.07,-0.11,-1,4587434,9464995
ELEC,2024-04-23,2.43,2.43,2.11,2.17,-8.44,-0.2,-1,4926270,11018667
ELEC,2024-04-22,2.56,2.56,2.35,2.37,-3.66,-0.09,-1,2918297,7037628
ELEC,2024-04-21,2.48,2.48,2.35,2.46,3.36,0.08,-1,3935277,9498035
ELEC,2024-04-18,2.65,2.65,2.32,2.38,-8.46,-0.22,-1,6615539,16446693
ELEC,2024-04-17,2.67,2.67,2.58,2.6,-0.38,-0.01,-1,4949395,12996770
ELEC,2024-04-16,2.74,2.74,2.57,2.61,-1.88,-0.05,-1,7591310,20050250
ELEC,2024-04-15,2.7,2.7,2.6,2.66,1.53,0.04,-1,4503262,11979523
ELEC,2024-04-08,2.65,2.65,2.44,2.62,3.15,0.08,-1,5799972,14718257
ELEC,2024-04-07,2.61,2.61,2.35,2.54,7.63,0.18,-1,8333632,20983790
ELEC,2024-04-04,2.38,2.38,2.29,2.36,2.61,0.06,-1,2537137,5951189.5
ELEC,2024-04-03,2.37,2.37,2.15,2.3,4.07,0.09,-1,2821613,6338079
ELEC,2024-04-02,2.31,2.31,2.16,2.21,-1.34,-0.03,-1,2622421,5842176.5
ELEC,2024-04-01,2.28,2.28,2.12,2.24,5.66,0.12,-1,2682636,5918039
ELEC,2024-03-31,2.25,2.25,2.06,2.12,-4.07,-0.09,-1,1874738,4021047.25
ELEC,2024-03-28,2.26,2.26,2.15,2.21,-1.78,-0.04,-1,1686838,3724453.75
ELEC,2024-03-27,2.38,2.38,2.21,2.25,-5.88,-0.14,-1,2001536,4563581.5
ELEC,2024-03-26,2.43,2.43,2.32,2.38,-0.83,-0.02,-1,2314724,5523848
ELEC,2024-03-25,2.47,2.47,2.39,2.4,-1.23,-0.03,-1,1716511,4163950.25
ELEC,2024-03-24,2.55,2.55,2.4,2.43,-1.22,-0.03,-1,1642940,4019910.25
ELEC,2024-03-21,2.51,2.51,2.37,2.46,4.24,0.1,-1,4455300,10914971
ELEC,2024-03-20,2.45,2.45,2.21,2.36,7.76,0.17,-1,5405889,12547609
ELEC,2024-03-19,2.33,2.33,2.09,2.19,-6.01,-0.14,-1,3155362,6939693
ELEC,2024-03-18,2.77,2.77,2.31,2.33,-15.88,-0.44,-1,5851817,14478196
ELEC,2024-03-17,2.94,2.94,2.76,2.77,-3.48,-0.1,-1,1814098,5189164
ELEC,2024-03-14,2.89,2.89,2.6,2.87,5.9,0.16,-1,3217392,8943225
ELEC,2024-03-13,2.96,2.96,2.63,2.71,-6.23,-0.18,-1,2934187,8155818
ELEC,2024-03-12,3.06,3.06,2.81,2.89,-4.62,-0.14,-1,3170177,9359312
ELEC,2024-03-11,3.34,3.34,3.01,3.03,-1.94,-0.06,-1,10355588,32845014
ELEC,2024-03-10,3.19,3.19,2.72,3.09,14.44,0.39,-1,13463246,40988112
ELEC,2024-03-07,2.8,2.8,2.58,2.7,1.5,0.04,-1,2496168,6627004.5
ELEC,2024-03-06,2.83,2.83,2.65,2.66,-2.56,-0.07,-1,4176736,11441259
ELEC,2024-03-05,2.82,2.82,2.72,2.73,0,0,-1,3793406,10507022
ELEC,2024-03-04,2.84,2.84,2.69,2.73,2.25,0.06,-1,7043441,19409206
ELEC,2024-03-03,2.84,2.84,2.65,2.67,-2.91,-0.08,-1,3559146,9692961
ELEC,2024-02-29,2.93,2.93,2.64,2.75,5.36,0.14,-1,7604600,21084362
ELEC,2024-02-28,3.05,3.05,2.6,2.61,-10.31,-0.3,-1,5620510,16045361
ELEC,2024-02-27,3.17,3.17,2.91,2.91,-1.02,-0.03,-1,6022789,18203858
ELEC,2024-02-26,3.25,3.25,2.9,2.94,-7.55,-0.24,-1,6586888,20243264
ELEC,2024-02-25,3.52,3.52,3.15,3.18,-10.17,-0.36,-1,8246072,27135882
ELEC,2024-02-22,3.72,3.72,3.18,3.54,11.32,0.36,-1,24874721,86470048
ELEC,2024-02-21,3.26,3.26,3.17,3.18,-1.55,-0.05,-1,2881353,9263990
ELEC,2024-02-20,3.36,3.36,3.22,3.23,-0.31,-0.01,-1,5190904,17001684
ELEC,2024-02-19,3.3,3.3,3.23,3.24,0,0,-1,2765818,8996032
ELEC,2024-02-18,3.4,3.4,3.21,3.24,-2.99,-0.1,-1,4962879,16257505
ELEC,2024-02-15,3.45,3.45,3.31,3.34,0,0,-1,4991372,16808976
ELEC,2024-02-14,3.52,3.52,3.21,3.34,4.7,0.15,-1,11195135,37958056
ELEC,2024-02-13,3.32,3.32,3.15,3.19,0.31,0.01,-1,5790972,18717562
ELEC,2024-02-12,3.33,3.33,3.16,3.18,-3.05,-0.1,-1,2841792,9101303
ELEC,2024-02-11,3.46,3.46,3.25,3.28,-2.96,-0.1,-1,2856569,9507128
ELEC,2024-02-08,3.52,3.52,3.31,3.38,0.297,0.01,-1,4540827,15341328
ELEC,2024-02-07,3.64,3.64,3.22,3.37,4.334,0.14,-1,10872467,37652688
ELEC,2024-02-06,3.55,3.55,3.02,3.23,-6.647,-0.23,-1,4098274,13908330
ELEC,2024-02-05,3.7,3.7,3.42,3.46,-5.464,-0.2,-1,7068198,24675766
ELEC,2024-02-04,4,4,3.61,3.66,-6.394,-0.25,-1,8043188,30108190
ELEC,2024-02-01,4.04,4.04,3.3,3.91,11.08,0.39,-1,11915365,45025732
ELEC,2024-01-31,4.84,4.84,3.52,3.52,-20,-0.88,-1,19656080,76501928
ELEC,2024-01-30,4.4,4.4,4,4.4,19.891,0.73,-1,8021934,34310244
ELEC,2024-01-29,3.67,3.67,3.17,3.67,19.935,0.61,-1,9156651,32023040
ELEC,2024-01-28,3.06,3.06,2.85,3.06,20,0.51,-1,4410966,13460739
ELEC,2024-01-24,2.554,2.554,2.15,2.554,19.962,0.425,-1,12880679,31581558
ELEC,2024-01-23,2.19,2.19,1.825,2.129,15.081,0.279,-1,11805307,23698574
ELEC,2024-01-22,1.88,1.88,1.822,1.85,-0.054,-0.001,-1,2944283,5465592.5
ELEC,2024-01-21,1.9,1.9,1.83,1.851,0.541,0.01,-1,2837893,5276750.5
ELEC,2024-01-18,1.935,1.935,1.81,1.85,3.7,0.066,-1,5016020,9385136
ELEC,2024-01-17,1.977,1.977,1.695,1.784,6.064,0.102,-1,10835812,19909462
ELEC,2024-01-16,1.7,1.7,1.63,1.682,3.993,0.065,-1,2530591,4217003
ELEC,2024-01-15,1.69,1.69,1.62,1.628,-1.333,-0.022,-1,2308440,3805340.25
ELEC,2024-01-14,1.699,1.699,1.64,1.65,1.103,0.018,-1,1969571,3281489.25
ELEC,2024-01-11,1.709,1.709,1.58,1.632,-1.211,-0.02,-1,7129846,11561746
ELEC,2024-01-10,1.728,1.728,1.61,1.652,2.672,0.043,-1,5365297,9001786
ELEC,2024-01-09,1.7,1.7,1.431,1.609,10.736,0.156,-1,13413012,21286258
ELEC,2024-01-08,1.466,1.466,1.322,1.453,9.992,0.132,-1,6012095,8445176
ELEC,2024-01-04,1.325,1.325,1.25,1.321,5.849,0.073,-1,3923608,5073353
ELEC,2024-01-03,1.255,1.255,1.22,1.248,2.791,0.034,-1,1201875,1491513.875
ELEC,2024-01-02,1.23,1.23,1.215,1.218,1.321,0.016,-1,713393,870434.25
ELEC,2023-12-31,1.239,1.239,1.202,1.211,0.991,0.012,-1,228134,277929.219
ELEC,2023-12-28,1.242,1.242,1.201,1.211,0.081,0.001,-1,826717,1002810.688
ELEC,2023-12-27,1.247,1.247,1.212,1.228,-0.407,-0.005,-1,416639,511807.656
ELEC,2023-12-26,1.24,1.24,1.206,1.228,-1.631,-0.02,-1,993228,1220613.75
ELEC,2023-12-25,1.239,1.239,1.205,1.226,-1.468,-0.018,-1,182835,222223.219
ELEC,2023-12-24,1.24,1.24,1.212,1.226,-1.692,-0.021,-1,310234,380956.813
ELEC,2023-12-21,1.254,1.254,1.23,1.241,0.644,0.008,-1,929080,1153253.5
ELEC,2023-12-20,1.25,1.25,1.21,1.242,1.793,0.022,-1,1629871,2025084.75
ELEC,2023-12-19,1.246,1.246,1.202,1.227,-1.284,-0.016,-1,465854,573326.688
ELEC,2023-12-18,1.253,1.253,1.23,1.246,0.403,0.005,-1,752236,934721.125
ELEC,2023-12-17,1.256,1.256,1.231,1.241,-1.123,-0.014,-1,257723,319760.656
ELEC,2023-12-14,1.272,1.272,1.22,1.247,2.31,0.028,-1,1162031,1443734.125
ELEC,2023-12-13,1.241,1.241,1.16,1.212,4.573,0.053,-1,2271360,2756286.75
ELEC,2023-12-12,1.2,1.2,1.15,1.159,-1.86,-0.022,-1,773552,906529.31
ELEC,2023-12-11,1.23,1.23,1.17,1.181,-1.583,-0.019,-1,1341779,1590124.625
ELEC,2023-12-10,1.25,1.25,1.197,1.2,-2.041,-0.025,-1,1177419,1436437.75
ELEC,2023-12-07,1.28,1.28,1.2,1.225,-3.125,-0.04,-1,4631834,5606330.5
ELEC,2023-12-06,1.3,1.3,1.275,1.28,-1.463,-0.019,-1,764202,979743.25
ELEC,2023-12-05,1.335,1.335,1.26,1.299,-0.38,-0.005,-1,780491,1020517.313
ELEC,2023-12-04,1.33,1.33,1.23,1.315,6.048,0.075,-1,4555509,5945489
ELEC,2023-12-03,1.26,1.26,1.21,1.24,-0.8,-0.01,-1,702995,874290.75
ELEC,2023-11-30,1.264,1.264,1.234,1.25,0.8,0.01,-1,1364838,1714996.625
ELEC,2023-11-29,1.258,1.258,1.223,1.25,1.543,0.019,-1,2222606,2773162.75
ELEC,2023-11-28,1.239,1.239,1.211,1.231,0.902,0.011,-1,2251830,2757955.75
ELEC,2023-11-27,1.265,1.265,1.22,1.22,-2.244,-0.028,-1,2941499,3616455.25
ELEC,2023-11-26,1.329,1.329,1.233,1.248,-3.03,-0.039,-1,2757960,3482238.75
ELEC,2023-11-23,1.35,1.35,1.281,1.287,-3.378,-0.045,-1,1900594,2486149.75
ELEC,2023-11-22,1.37,1.37,1.32,1.332,1.139,0.015,-1,2188289,2934940
ELEC,2023-11-21,1.355,1.355,1.23,1.317,9.567,0.115,-1,3547951,4596216
ELEC,2023-11-20,1.267,1.267,1.18,1.202,-0.797,-0.01,-1,2451743,3032562.5
ELEC,2023-11-19,1.27,1.27,1.235,1.255,0.642,0.008,-1,1220979,1531257.875
ELEC,2023-11-16,1.255,1.255,1.219,1.247,0.08,0.001,-1,926438,1144812.875
ELEC,2023-11-15,1.25,1.25,1.202,1.246,0.161,0.002,-1,1190474,1461334.625
ELEC,2023-11-14,1.25,1.25,1.177,1.244,4.603,0.055,-1,2476600,2973795.75
ELEC,2023-11-13,1.22,1.22,1.135,1.195,3.553,0.041,-1,2656098,3139687
ELEC,2023-11-12,1.3,1.3,1.12,1.154,-5.255,-0.064,-1,4987267,6125183.5
ELEC,2023-11-09,1.26,1.26,1.04,1.218,13.408,0.144,-1,6624226,7766273
ELEC,2023-11-08,1.08,1.08,0.972,1.074,8.266,0.082,-1,2948279,3063376.75
ELEC,2023-11-07,0.999,0.999,0.95,0.992,4.063,0.039,-1,1622175,1579924.875
ELEC,2023-11-06,0.973,0.973,0.946,0.96,1.266,0.012,-1,558537,536764.375
ELEC,2023-11-05,0.96,0.96,0.918,0.948,4.053,0.037,-1,1618699,1517548.875
ELEC,2023-11-02,0.919,0.919,0.88,0.913,2.011,0.018,-1,1391579,1259174.75
ELEC,2023-11-01,0.913,0.913,0.88,0.895,-0.667,-0.006,-1,1115784,1003286.063
ELEC,2023-10-31,0.914,0.914,0.889,0.899,-1.768,-0.016,-1,825473,743974.438
ELEC,2023-10-30,0.92,0.92,0.882,0.905,0.331,0.003,-1,1097152,992380.688
ELEC,2023-10-29,0.92,0.92,0.87,0.907,3.07,0.027,-1,1531794,1390607.23
ELEC,2023-10-26,0.929,0.929,0.841,0.88,-3.115,-0.028,-1,1975228,1778286.75
ELEC,2023-10-25,0.928,0.928,0.82,0.899,10.024,0.082,-1,4971447,4388433.5
ELEC,2023-10-24,0.824,0.824,0.795,0.818,1.363,0.011,-1,3081326,2503590.25
ELEC,2023-10-23,0.824,0.824,0.8,0.807,1.004,0.008,-1,2655112,2154191.75
ELEC,2023-10-22,0.808,0.808,0.782,0.797,3.457,0.027,-1,1257374,995145.5
ELEC,2023-10-19,0.819,0.819,0.772,0.781,-2.861,-0.023,-1,2765540,2216107.75
ELEC,2023-10-18,0.814,0.814,0.794,0.804,1.387,0.011,-1,3828638,3082707.5
ELEC,2023-10-17,0.805,0.805,0.743,0.793,4,0.03,-1,7233380,5656153.5
ELEC,2023-10-16,0.765,0.765,0.74,0.75,2.041,0.015,-1,2956351,2219652.25
ELEC,2023-10-15,0.74,0.74,0.71,0.735,1.66,0.012,-1,1723064,1255941.75
ELEC,2023-10-12,0.73,0.73,0.7,0.723,-0.276,-0.002,-1,953719,684039.563
ELEC,2023-10-11,0.735,0.735,0.712,0.725,-0.276,-0.002,-1,646144,468532.438
ELEC,2023-10-10,0.735,0.735,0.705,0.725,0.139,0.001,-1,419373,303821.844
ELEC,2023-10-09,0.72,0.72,0.679,0.719,1.585,0.011,-1,723524,515561.875
ELEC,2023-10-08,0.728,0.728,0.67,0.694,-0.838,-0.006,-1,968337,677654.188
ELEC,2023-10-04,0.728,0.728,0.7,0.716,1.111,0.008,-1,558009,397910.219
ELEC,2023-10-03,0.728,0.728,0.713,0.72,-0.833,-0.006,-1,393572,282459.75
ELEC,2023-10-02,0.74,0.74,0.716,0.72,-2.041,-0.015,-1,811822,586359.063
ELEC,2023-10-01,0.74,0.74,0.691,0.735,-0.136,-0.001,-1,1537340,1115273.625
ELEC,2023-09-27,0.742,0.742,0.72,0.736,-0.815,-0.006,-1,408219,296794.594
ELEC,2023-09-26,0.744,0.744,0.72,0.736,1.238,0.009,-1,1289430,950120.75
ELEC,2023-09-25,0.731,0.731,0.715,0.727,1.25,0.009,-1,498493,362041.469
ELEC,2023-09-24,0.73,0.73,0.719,0.72,0.139,0.001,-1,847112,610684.5
ELEC,2023-09-21,0.73,0.73,0.711,0.719,0.139,0.001,-1,1284205,924473.625
ELEC,2023-09-20,0.743,0.743,0.713,0.718,-2.71,-0.02,-1,1690422,1225290.5
ELEC,2023-09-19,0.75,0.75,0.735,0.738,-0.405,-0.003,-1,1427518,1055463
ELEC,2023-09-18,0.749,0.749,0.73,0.741,0.943,0.007,-1,1277055,942191.125
ELEC,2023-09-17,0.755,0.755,0.73,0.742,-0.8,-0.006,-1,2056153,1536903
ELEC,2023-09-14,0.75,0.75,0.721,0.75,3.448,0.025,-1,1172862,872665.188
ELEC,2023-09-13,0.732,0.732,0.714,0.725,0.698,0.005,-1,963197,694617.563
ELEC,2023-09-12,0.737,0.737,0.714,0.716,-1.513,-0.011,-1,2005271,1442292.375
ELEC,2023-09-11,0.749,0.749,0.725,0.727,-2.153,-0.016,-1,1156677,844574.5
ELEC,2023-09-10,0.757,0.757,0.739,0.743,-1.202,-0.009,-1,846080,631079
ELEC,2023-09-07,0.764,0.764,0.723,0.749,1.081,0.008,-1,3485768,2555223.75
ELEC,2023-09-06,0.773,0.773,0.735,0.74,-1.323,-0.01,-1,4264520,3209169.75
ELEC,2023-09-05,0.79,0.79,0.691,0.756,6.78,0.048,-1,14096419,10749964
ELEC,2023-09-04,0.712,0.712,0.686,0.708,0,0,-1,815135,575384.938
ELEC,2023-09-03,0.715,0.715,0.69,0.702,-1.284,-0.009,-1,642459,452166.438
ELEC,2023-08-31,0.709,0.709,0.7,0.701,-0.426,-0.003,-1,537005,376545.375
ELEC,2023-08-30,0.714,0.714,0.691,0.705,1.007,0.007,-1,450821,317869.094
ELEC,2023-08-29,0.703,0.703,0.689,0.695,0.431,0.003,-1,1114721,776866.688
ELEC,2023-08-28,0.7,0.7,0.681,0.696,0.437,0.003,-1,1705745,1184766.625
ELEC,2023-08-27,0.693,0.693,0.665,0.687,1.794,0.012,-1,908330,624239.125
ELEC,2023-08-24,0.688,0.688,0.65,0.669,-2.336,-0.016,-1,1421247,951292.5
ELEC,2023-08-23,0.69,0.69,0.678,0.685,0.147,0.001,-1,505038,345982.063
ELEC,2023-08-22,0.69,0.69,0.679,0.681,0.441,0.003,-1,227109,155013.172
ELEC,2023-08-21,0.695,0.695,0.671,0.681,-1.161,-0.008,-1,795762,543000.5
ELEC,2023-08-20,0.697,0.697,0.682,0.689,-0.434,-0.003,-1,901845,622199
ELEC,2023-08-17,0.709,0.709,0.683,0.692,-0.435,-0.003,-1,1770536,1231123.75
ELEC,2023-08-16,0.738,0.738,0.66,0.69,4.072,0.027,-1,8901216,6273941
ELEC,2023-08-15,0.664,0.664,0.655,0.663,0,0,-1,224164,147620.578
ELEC,2023-08-14,0.665,0.665,0.65,0.663,1.376,0.009,-1,637825,422576
ELEC,2023-08-13,0.665,0.665,0.643,0.654,0.77,0.005,-1,1098217,716788.563
ELEC,2023-08-10,0.658,0.658,0.644,0.649,-1.218,-0.008,-1,634644,412190.281
ELEC,2023-08-09,0.664,0.664,0.65,0.657,0,0,-1,419211,273461.063
ELEC,2023-08-08,0.665,0.665,0.652,0.657,0,0,-1,557890,366661.625
ELEC,2023-08-07,0.666,0.666,0.65,0.657,0.304,0.002,-1,318693,210195.297
ELEC,2023-08-06,0.669,0.669,0.645,0.657,0.305,0.002,-1,529985,347942.156
ELEC,2023-08-03,0.672,0.672,0.64,0.655,2.344,0.015,-1,1820849,1196180
ELEC,2023-08-02,0.66,0.66,0.64,0.64,-1.52,-0.01,-1,923189,593096.438
ELEC,2023-08-01,0.664,0.664,0.64,0.658,1.543,0.01,-1,1389937,915118.438
ELEC,2023-07-31,0.66,0.66,0.635,0.648,-0.312,-0.002,-1,747439,481686.563
ELEC,2023-07-30,0.648,0.648,0.635,0.64,0.467,0.003,-1,856356,548437.063
ELEC,2023-07-27,0.659,0.659,0.64,0.642,0.156,0.001,-1,599235,386103
ELEC,2023-07-26,0.679,0.679,0.635,0.641,-2.731,-0.018,-1,1582336,1029119.563
ELEC,2023-07-25,0.69,0.69,0.655,0.659,-3.812,-0.026,-1,1466752,989167.438
ELEC,2023-07-24,0.684,0.684,0.675,0.682,0,0,-1,108638,73852.195
ELEC,2023-07-19,0.685,0.685,0.675,0.682,0.293,0.002,-1,191776,130363.063
ELEC,2023-07-18,0.689,0.689,0.676,0.682,-0.733,-0.005,-1,359149,244483.844
ELEC,2023-07-17,0.695,0.695,0.671,0.682,-1.163,-0.008,-1,460931,314407.469
ELEC,2023-07-16,0.696,0.696,0.682,0.688,0,0,-1,190341,130413.938
ELEC,2023-07-13,0.699,0.699,0.68,0.688,0,0,-1,209824,144159.453
ELEC,2023-07-12,0.699,0.699,0.684,0.688,1.314,0.009,-1,702381,482864.344
ELEC,2023-07-11,0.69,0.69,0.678,0.685,0.73,0.005,-1,431712,295435.281
ELEC,2023-07-10,0.699,0.699,0.665,0.685,-0.73,-0.005,-1,311215,210018.563
ELEC,2023-07-09,0.7,0.7,0.67,0.685,-2.857,-0.02,-1,573719,393269.656
ELEC,2023-07-06,0.72,0.72,0.692,0.7,-1.823,-0.013,-1,973307,685897.188
ELEC,2023-07-05,0.727,0.727,0.711,0.713,-0.695,-0.005,-1,1426165,1022064.438
ELEC,2023-07-04,0.729,0.729,0.71,0.719,1.551,0.011,-1,2062597,1485044.875
ELEC,2023-06-26,0.71,0.71,0.685,0.709,2.457,0.017,-1,6599460,4596093.5
ELEC,2023-06-25,0.695,0.695,0.683,0.692,-0.288,-0.002,-1,4395407,3039585.25
ELEC,2023-06-22,0.699,0.699,0.68,0.694,-0.719,-0.005,-1,5140844,3556925.25
ELEC,2023-06-21,0.699,0.699,0.679,0.695,0.144,0.001,-1,2139427,1474375.5
ELEC,2023-06-20,0.7,0.7,0.68,0.694,1.012,0.007,-1,1747437,1211664.375
ELEC,2023-06-19,0.708,0.708,0.682,0.692,-0.571,-0.004,-1,2119952,1469018.5
ELEC,2023-06-18,0.702,0.702,0.69,0.7,-0.285,-0.002,-1,1844479,1289531.25
ELEC,2023-06-15,0.708,0.708,0.684,0.702,1.158,0.008,-1,4921200,3435540.25
ELEC,2023-06-14,0.696,0.696,0.653,0.691,4.985,0.033,-1,2660932,1809773
ELEC,2023-06-13,0.678,0.678,0.618,0.662,3.657,0.023,-1,3257740,2105709.5
ELEC,2023-06-12,0.635,0.635,0.611,0.629,1.452,0.009,-1,943181,590522.125
ELEC,2023-06-11,0.62,0.62,0.604,0.62,1.307,0.008,-1,1284631,792128.75
ELEC,2023-06-08,0.618,0.618,0.6,0.612,2.318,0.014,-1,775187,472645.5
ELEC,2023-06-07,0.617,0.617,0.6,0.604,-1.146,-0.007,-1,1677330,1021865.75
ELEC,2023-06-06,0.62,0.62,0.604,0.611,0.817,0.005,-1,733291,447417.281
ELEC,2023-06-05,0.622,0.622,0.603,0.612,0,0,-1,1382776,843890.125
ELEC,2023-06-04,0.62,0.62,0.59,0.62,2.31,0.014,-1,4690008,2853799.5
ELEC,2023-06-01,0.619,0.619,0.6,0.606,-0.495,-0.003,-1,1103515,669604.875
ELEC,2023-05-31,0.624,0.624,0.603,0.606,0.498,0.003,-1,1866632,1145269.25
ELEC,2023-05-30,0.61,0.61,0.571,0.602,4.878,0.028,-1,3873942,2282383.5
ELEC,2023-05-29,0.58,0.58,0.568,0.574,0.175,0.001,-1,760796,436664.938
ELEC,2023-05-28,0.58,0.58,0.569,0.573,-0.347,-0.002,-1,577929,331122.156
ELEC,2023-05-25,0.584,0.584,0.572,0.576,-0.518,-0.003,-1,600598,346508.531
ELEC,2023-05-24,0.585,0.585,0.573,0.579,-0.521,-0.003,-1,592034,343020.5
ELEC,2023-05-23,0.582,0.582,0.571,0.576,0,0,-1,1202784,693990.188
ELEC,2023-05-22,0.582,0.582,0.577,0.58,0,0,-1,213818,124043.07
ELEC,2023-05-21,0.582,0.582,0.57,0.58,-0.172,-0.001,-1,1981178,1148405.625
ELEC,2023-05-18,0.58,0.58,0.566,0.581,-0.516,-0.003,-1,437307,249932.188
ELEC,2023-05-17,0.587,0.587,0.568,0.581,-1.389,-0.008,-1,1312581,763688.625
ELEC,2023-05-16,0.58,0.58,0.563,0.576,-1.893,-0.011,-1,1362217,777004.563
ELEC,2023-05-15,0.583,0.583,0.569,0.581,0.693,0.004,-1,1030631,597098.125
ELEC,2023-05-14,0.58,0.58,0.565,0.577,-0.173,-0.001,-1,1686290,964833.813
ELEC,2023-05-11,0.583,0.583,0.573,0.578,0.694,0.004,-1,761265,439668.781
ELEC,2023-05-10,0.587,0.587,0.561,0.576,1.053,0.006,-1,1134135,649484.875
ELEC,2023-05-09,0.588,0.588,0.565,0.57,-2.062,-0.012,-1,2492224,1442154.125
ELEC,2023-05-08,0.586,0.586,0.56,0.582,3.929,0.022,-1,2453776,1404587.75
ELEC,2023-05-07,0.587,0.587,0.544,0.56,-3.282,-0.019,-1,2540251,1424844.25
ELEC,2023-05-03,0.582,0.582,0.556,0.579,2.842,0.016,-1,2500600,1434326.875
ELEC,2023-05-02,0.58,0.58,0.548,0.563,0.357,0.002,-1,1967073,1104035.5
ELEC,2023-05-01,0.596,0.596,0.555,0.561,0.18,0.001,-1,6166534,3569325.28
ELEC,2023-04-30,0.572,0.572,0.542,0.56,3.9,0.021,-1,4955282,2779644.99
ELEC,2023-04-27,0.542,0.542,0.52,0.539,4.031,0.021,-1,3311150,1767228.875
ELEC,2023-04-26,0.525,0.525,0.507,0.521,2.947,0.015,-1,1300140,671301.375
ELEC,2023-04-19,0.521,0.521,0.508,0.509,-0.775,-0.004,-1,1544291,789821
ELEC,2023-04-18,0.523,0.523,0.5,0.516,1.779,0.009,-1,757805,389174.438
ELEC,2023-04-13,0.525,0.525,0.504,0.506,-1.751,-0.009,-1,1137313,578743.75
ELEC,2023-04-12,0.53,0.53,0.512,0.514,-1.538,-0.008,-1,1494160,774181.188
ELEC,2023-04-11,0.54,0.54,0.518,0.52,0.577,0.003,-1,211305,111611.375
ELEC,2023-04-10,0.54,0.54,0.52,0.52,0.569,0.003,-1,765660,405465.938
ELEC,2023-04-09,0.549,0.549,0.516,0.527,-2.407,-0.013,-1,882243,467619.063
ELEC,2023-04-06,0.545,0.545,0.526,0.54,0.372,0.002,-1,2848203,1533123.75
ELEC,2023-04-05,0.542,0.542,0.524,0.538,0.935,0.005,-1,1817554,977934.813
ELEC,2023-04-04,0.54,0.54,0.505,0.535,-0.748,-0.004,-1,2148219,1136063.875
ELEC,2023-04-03,0.545,0.545,0.515,0.535,2.687,0.014,-1,3662168,1959578.875
ELEC,2023-04-02,0.535,0.535,0.49,0.521,6.135,0.03,-1,5431543,2821163.5
ELEC,2023-03-30,0.504,0.504,0.474,0.489,2.083,0.01,-1,4897439,2417689.25
ELEC,2023-03-29,0.487,0.487,0.452,0.48,2.564,0.012,-1,2358052,1128197.875
ELEC,2023-03-28,0.475,0.475,0.452,0.468,5.333,0.024,-1,963473,446121.281
ELEC,2023-03-27,0.455,0.455,0.442,0.45,1.111,0.005,-1,595822,269522.531
ELEC,2023-03-26,0.455,0.455,0.442,0.45,1.351,0.006,-1,913817,411038.75
ELEC,2023-03-23,0.452,0.452,0.426,0.444,0.225,0.001,-1,289712,129036.688
ELEC,2023-03-22,0.45,0.45,0.422,0.444,0.68,0.003,-1,865573,383171.16
ELEC,2023-03-21,0.446,0.446,0.43,0.441,6.747,0.028,-1,860942,377616.25
ELEC,2023-03-20,0.439,0.439,0.41,0.415,5.783,0.024,-1,602229,257571.891
ELEC,2023-03-19,0.44,0.44,0.396,0.415,1.205,0.005,-1,264824,108916.82
ELEC,2023-03-16,0.419,0.419,0.372,0.415,0,0,-1,400876,156509.313
ELEC,2023-03-15,0.455,0.455,0.371,0.415,-19.697,-0.091,-1,1005862,425899.594
ELEC,2023-03-14,0.44,0.44,0.42,0.462,-7.576,-0.035,-1,548774,236382.297
ELEC,2023-03-13,0.46,0.46,0.416,0.462,-9.307,-0.043,-1,439679,189027
ELEC,2023-03-12,0.465,0.465,0.445,0.462,-1.948,-0.009,-1,298760,134765.438
ELEC,2023-03-09,0.465,0.465,0.45,0.462,0,0,-1,371810,168329.109
ELEC,2023-03-08,0.474,0.474,0.447,0.462,-0.216,-0.001,-1,696839,316010.656
ELEC,2023-03-07,0.475,0.475,0.452,0.463,-1.512,-0.007,-1,537703,246476.266
ELEC,2023-03-06,0.475,0.475,0.461,0.463,-1.489,-0.007,-1,820303,380072.406
ELEC,2023-03-05,0.475,0.475,0.464,0.47,0,0,-1,460715,215928.656
ELEC,2023-03-02,0.479,0.479,0.466,0.47,-0.851,-0.004,-1,388846,182594.438
ELEC,2023-03-01,0.485,0.485,0.45,0.47,3.982,0.018,-1,1661354,783823.813
ELEC,2023-02-28,0.459,0.459,0.445,0.452,0.664,0.003,-1,555466,249149.609
ELEC,2023-02-27,0.468,0.468,0.44,0.452,-1.31,-0.006,-1,1064436,482165.156
ELEC,2023-02-26,0.475,0.475,0.454,0.458,1.952,0.009,-1,1300540,604948.75
ELEC,2023-02-23,0.476,0.476,0.46,0.461,-2.123,-0.01,-1,802624,371012
ELEC,2023-02-22,0.479,0.479,0.466,0.471,-0.637,-0.003,-1,251248,118686.75
ELEC,2023-02-21,0.48,0.48,0.46,0.471,0,0,-1,248342,116894.992
ELEC,2023-02-20,0.483,0.483,0.469,0.471,-2.484,-0.012,-1,1668248,792918.688
ELEC,2023-02-19,0.488,0.488,0.474,0.483,0,0,-1,757572,364540.281
ELEC,2023-02-16,0.485,0.485,0.471,0.483,0.625,0.003,-1,1277634,612037.813
ELEC,2023-02-15,0.482,0.482,0.47,0.48,1.48,0.007,-1,1985922,950164.75
ELEC,2023-02-14,0.478,0.478,0.463,0.473,1.931,0.009,-1,996207,471498.656
ELEC,2023-02-13,0.475,0.475,0.461,0.466,0,0,-1,454222,212502.078
ELEC,2023-02-12,0.477,0.477,0.452,0.466,1.969,0.009,-1,1147046,533628.375
ELEC,2023-02-09,0.477,0.477,0.445,0.457,0,0,-1,456283,212796.688
ELEC,2023-02-08,0.474,0.474,0.455,0.457,1.978,0.009,-1,781877,359785.438
ELEC,2023-02-07,0.475,0.475,0.459,0.455,3.297,0.015,-1,486714,228241.484
ELEC,2023-02-06,0.469,0.469,0.435,0.455,-0.44,-0.002,-1,271488,124276.414
ELEC,2023-02-05,0.475,0.475,0.435,0.455,-1.728,-0.008,-1,1971919,884125.938
ELEC,2023-02-02,0.48,0.48,0.462,0.463,1.512,0.007,-1,518801,243261.547
ELEC,2023-02-01,0.48,0.48,0.46,0.463,1.483,0.007,-1,696996,324765.938
ELEC,2023-01-31,0.486,0.486,0.468,0.472,-2.49,-0.012,-1,982661,465730.906
ELEC,2023-01-30,0.498,0.498,0.475,0.482,-2.834,-0.014,-1,3063555,1477617.875
ELEC,2023-01-29,0.498,0.498,0.486,0.494,-0.202,-0.001,-1,1433712,702922.938
ELEC,2023-01-25,0.5,0.5,0.49,0.496,0.205,0.001,-1,804179,397126.125
ELEC,2023-01-24,0.499,0.499,0.486,0.489,0.617,0.003,-1,755211,370700
ELEC,2023-01-23,0.509,0.509,0.485,0.486,-2.8,-0.014,-1,1770835,866239.625
ELEC,2023-01-22,0.51,0.51,0.495,0.5,0,0,-1,2091568,1049139
ELEC,2023-01-19,0.503,0.503,0.487,0.5,1.42,0.007,-1,3484643,1739694.5
ELEC,2023-01-18,0.495,0.495,0.486,0.493,0.407,0.002,-1,1218513,597707.125
ELEC,2023-01-17,0.494,0.494,0.484,0.491,1.237,0.006,-1,1968004,964344.5
ELEC,2023-01-16,0.495,0.495,0.482,0.485,0.616,0.003,-1,2049507,995103.938
ELEC,2023-01-15,0.495,0.495,0.481,0.487,0,0,-1,456226,222339.688
ELEC,2023-01-12,0.5,0.5,0.478,0.487,0.41,0.002,-1,989505,477894.688
ELEC,2023-01-11,0.498,0.498,0.482,0.488,1.035,0.005,-1,1657922,813180.688
ELEC,2023-01-10,0.5,0.5,0.474,0.483,-3.03,-0.015,-1,2516749,1220810.75
ELEC,2023-01-09,0.504,0.504,0.492,0.495,-0.202,-0.001,-1,2451573,1223639.125
ELEC,2023-01-05,0.509,0.509,0.49,0.496,-0.8,-0.004,-1,2284510,1138580.875
ELEC,2023-01-04,0.513,0.513,0.49,0.5,-1.186,-0.006,-1,3703172,1853212.375
ELEC,2023-01-03,0.51,0.51,0.49,0.506,4.294,0.021,-1,5129094,2568930.25
ELEC,2023-01-02,0.492,0.492,0.475,0.489,3.579,0.017,-1,2565758,1250898.375
ELEC,2022-12-29,0.476,0.476,0.47,0.475,0.422,0.002,-1,2090180,989685.688
ELEC,2022-12-28,0.478,0.478,0.453,0.474,3.037,0.014,-1,2124611,994323.063
ELEC,2022-12-27,0.467,0.467,0.451,0.461,2.198,0.01,-1,2128928,984670.188
ELEC,2022-12-26,0.457,0.457,0.45,0.455,0.664,0.003,-1,2497646,1126909.375
ELEC,2022-12-25,0.459,0.459,0.45,0.452,0,0,-1,2124021,960163.25
ELEC,2022-12-22,0.467,0.467,0.451,0.452,-1.31,-0.006,-1,1075982,488915.969
ELEC,2022-12-21,0.47,0.47,0.452,0.458,0.881,0.004,-1,2164817,998197.75
ELEC,2022-12-20,0.47,0.47,0.452,0.454,-0.873,-0.004,-1,1044221,479099.688
ELEC,2022-12-19,0.48,0.48,0.456,0.458,-0.218,-0.001,-1,2355000,1091687.5
ELEC,2022-12-18,0.481,0.481,0.455,0.458,-1.923,-0.009,-1,3238769,1508651.5
ELEC,2022-12-15,0.482,0.482,0.46,0.468,1.957,0.009,-1,4088330,1944643.5
ELEC,2022-12-14,0.47,0.47,0.454,0.46,1.101,0.005,-1,2626853,1214564.875
ELEC,2022-12-13,0.469,0.469,0.45,0.454,-0.22,-0.001,-1,3194326,1470451.125
ELEC,2022-12-12,0.48,0.48,0.444,0.455,-4.008,-0.019,-1,2912886,1327288.25
ELEC,2022-12-11,0.482,0.482,0.468,0.474,1.502,0.007,-1,3710557,1767350.75
ELEC,2022-12-08,0.468,0.468,0.45,0.466,2.193,0.01,-1,2478288,1141241.5
ELEC,2022-12-07,0.46,0.46,0.434,0.456,2.288,0.01,-1,5135866,2311660.75
ELEC,2022-12-06,0.446,0.446,0.43,0.437,-0.682,-0.003,-1,6269428,2737988
ELEC,2022-12-05,0.446,0.446,0.437,0.44,-0.452,-0.002,-1,3047843,1345006.625
ELEC,2022-12-04,0.446,0.446,0.438,0.442,0.913,0.004,-1,2786555,1233212.875
ELEC,2022-12-01,0.443,0.443,0.43,0.438,0.69,0.003,-1,2814106,1234119.25
ELEC,2022-11-30,0.445,0.445,0.426,0.435,2.331,0.01,-1,2715542,1188375.625
ELEC,2022-11-29,0.435,0.435,0.415,0.429,1.9,0.008,-1,3867574,1649000
ELEC,2022-11-28,0.428,0.428,0.414,0.421,-1.176,-0.005,-1,2199417,923571.188
ELEC,2022-11-27,0.425,0.425,0.412,0.425,3.16,0.013,-1,4463112,1878077.84
ELEC,2022-11-24,0.427,0.427,0.41,0.412,-2.6,-0.011,-1,2826505,1180289.625
ELEC,2022-11-23,0.428,0.428,0.421,0.423,-0.704,-0.003,-1,1352538,572899.75
ELEC,2022-11-22,0.43,0.43,0.41,0.426,1.914,0.008,-1,3322424,1391859
ELEC,2022-11-21,0.439,0.439,0.415,0.418,-2.336,-0.01,-1,5010859,2143649
ELEC,2022-11-20,0.441,0.441,0.411,0.428,6.733,0.027,-1,8757143,3776115.75
ELEC,2022-11-17,0.412,0.412,0.388,0.401,5.398,0.021,-1,5825418,2318287.25
ELEC,2022-11-16,0.391,0.391,0.382,0.389,0.78,0.003,-1,2491606,968504.34
ELEC,2022-11-15,0.395,0.395,0.377,0.386,3.183,0.012,-1,7240040,2806990.25
ELEC,2022-11-14,0.381,0.381,0.371,0.377,-1.061,-0.004,-1,681484,257230.688
ELEC,2022-11-13,0.38,0.38,0.37,0.377,2.989,0.011,-1,2770812,1047466.625
ELEC,2022-11-10,0.373,0.373,0.368,0.368,0,0,-1,554029,205918.219
ELEC,2022-11-09,0.373,0.373,0.367,0.368,-0.271,-0.001,-1,928628,342385.5
ELEC,2022-11-08,0.377,0.377,0.368,0.369,-2.122,-0.008,-1,1153984,426681.594
ELEC,2022-11-07,0.379,0.379,0.368,0.377,0,0,-1,236317,88099.68
ELEC,2022-11-06,0.38,0.38,0.366,0.377,2.439,0.009,-1,834112,313840.063
ELEC,2022-11-03,0.378,0.378,0.368,0.369,1.897,0.007,-1,672470,250546.063
ELEC,2022-11-02,0.38,0.38,0.37,0.369,2.168,0.008,-1,357899,134867.047
ELEC,2022-11-01,0.38,0.38,0.368,0.369,2.439,0.009,-1,529526,198556.609
ELEC,2022-10-31,0.381,0.381,0.363,0.369,3.252,0.012,-1,729847,270983.625
ELEC,2022-10-30,0.389,0.389,0.366,0.369,-2.895,-0.011,-1,1823094,677484.188
ELEC,2022-10-27,0.389,0.389,0.375,0.38,0.265,0.001,-1,2491561,951436.313
ELEC,2022-10-26,0.385,0.385,0.374,0.377,-0.265,-0.001,-1,1238605,469533.813
ELEC,2022-10-25,0.387,0.387,0.37,0.378,-0.262,-0.001,-1,1714814,640323.625
ELEC,2022-10-24,0.39,0.39,0.375,0.381,1.055,0.004,-1,1256180,482898.5
ELEC,2022-10-23,0.387,0.387,0.37,0.379,2.426,0.009,-1,2987804,1135709.75
ELEC,2022-10-20,0.374,0.374,0.366,0.371,1.093,0.004,-1,866499,320204.938
ELEC,2022-10-19,0.374,0.374,0.363,0.366,0.271,0.001,-1,1346604,493922.25
ELEC,2022-10-18,0.374,0.374,0.362,0.369,-1.337,-0.005,-1,1687327,617463.875
ELEC,2022-10-17,0.377,0.377,0.368,0.374,0,0,-1,315085,117270.539
ELEC,2022-10-16,0.375,0.375,0.363,0.374,1.902,0.007,-1,1368736,504480.531
ELEC,2022-10-13,0.37,0.37,0.364,0.368,-0.271,-0.001,-1,1080348,395151.781
ELEC,2022-10-12,0.379,0.379,0.364,0.369,0.541,0.002,-1,1103964,407796.25
ELEC,2022-10-11,0.38,0.38,0.366,0.37,-1.857,-0.007,-1,987547,363770.094
ELEC,2022-10-10,0.378,0.378,0.37,0.377,0,0,-1,501018,187583.938
ELEC,2022-10-09,0.38,0.38,0.369,0.377,0,0,-1,1583181,595414.938
ELEC,2022-10-05,0.385,0.385,0.37,0.377,0.802,0.003,-1,3287527,1247235.375
ELEC,2022-10-04,0.376,0.376,0.36,0.374,4.444,0.016,-1,2850632,1056539.625
ELEC,2022-10-03,0.364,0.364,0.35,0.36,0.84,0.003,-1,2632913,934325.188
ELEC,2022-10-02,0.36,0.36,0.343,0.357,2.571,0.009,-1,1121311,396373.438
ELEC,2022-09-29,0.357,0.357,0.348,0.35,0,0,-1,761883,267417.969
ELEC,2022-09-28,0.359,0.359,0.348,0.35,0,0,-1,475911,166731.406
ELEC,2022-09-27,0.36,0.36,0.352,0.35,2.286,0.008,-1,612373,218471.469
ELEC,2022-09-26,0.363,0.363,0.35,0.35,0.571,0.002,-1,807774,288922.656
ELEC,2022-09-25,0.36,0.36,0.35,0.35,1.143,0.004,-1,510203,180796.234
ELEC,2022-09-22,0.363,0.363,0.345,0.35,2,0.007,-1,381680,134413.453
ELEC,2022-09-21,0.368,0.368,0.346,0.35,0,0,-1,856620,308511
ELEC,2022-09-20,0.36,0.36,0.345,0.35,-1.685,-0.006,-1,2483684,866696.938
ELEC,2022-09-19,0.362,0.362,0.341,0.356,2.882,0.01,-1,1042178,366812.906
ELEC,2022-09-18,0.368,0.368,0.336,0.347,-5.707,-0.021,-1,2660851,939530.688
ELEC,2022-09-15,0.372,0.372,0.364,0.368,0,0,-1,515665,188596.422
ELEC,2022-09-14,0.373,0.373,0.361,0.368,-0.535,-0.002,-1,1523475,557185.563
ELEC,2022-09-13,0.377,0.377,0.365,0.374,1.348,0.005,-1,1650794,616517.875
ELEC,2022-09-12,0.373,0.373,0.364,0.371,0.541,0.002,-1,1423689,525353.938
ELEC,2022-09-11,0.37,0.37,0.365,0.37,1.928,0.007,-1,1406061,518813.438
ELEC,2022-09-08,0.37,0.37,0.36,0.363,0.817,0.003,-1,976628,355079.375
ELEC,2022-09-07,0.374,0.374,0.362,0.367,0,0,-1,857472,313937.063
ELEC,2022-09-06,0.371,0.371,0.362,0.368,1.374,0.005,-1,1664212,613830.438
ELEC,2022-09-05,0.369,0.369,0.355,0.364,2.786,0.01,-1,871230,316316.375
ELEC,2022-09-04,0.36,0.36,0.35,0.359,-0.552,-0.002,-1,1212279,429887.719
ELEC,2022-09-01,0.366,0.366,0.354,0.362,-0.552,-0.002,-1,390844,139620.047
ELEC,2022-08-31,0.367,0.367,0.36,0.362,0,0,-1,1029980,372633.625
ELEC,2022-08-30,0.369,0.369,0.361,0.366,0,0,-1,936543,342090.625
ELEC,2022-08-29,0.377,0.377,0.357,0.366,1.105,0.004,-1,1610942,597232.75
ELEC,2022-08-28,0.364,0.364,0.357,0.362,0.552,0.002,-1,312614,113015.484
ELEC,2022-08-25,0.364,0.364,0.356,0.362,1.676,0.006,-1,904856,326588.063
ELEC,2022-08-24,0.367,0.367,0.355,0.358,-1.648,-0.006,-1,1755587,633299.813
ELEC,2022-08-23,0.374,0.374,0.361,0.364,-0.273,-0.001,-1,1408857,516480.844
ELEC,2022-08-22,0.37,0.37,0.36,0.366,0.545,0.002,-1,975108,355878.688
ELEC,2022-08-21,0.373,0.373,0.364,0.367,0,0,-1,3886505,1434464.125
ELEC,2022-08-18,0.379,0.379,0.36,0.367,1.648,0.006,-1,2472262,911288.125
ELEC,2022-08-17,0.366,0.366,0.356,0.364,0.551,0.002,-1,2262438,822067.375
ELEC,2022-08-16,0.367,0.367,0.351,0.363,-0.829,-0.003,-1,1541689,556830.25
ELEC,2022-08-15,0.37,0.37,0.357,0.362,0,0,-1,3341240,1215848.75
ELEC,2022-08-14,0.366,0.366,0.342,0.362,3.429,0.012,-1,6645441,2351701.5
ELEC,2022-08-11,0.352,0.352,0.34,0.35,-2,-0.007,-1,246493,84738.336
ELEC,2022-08-10,0.352,0.352,0.332,0.35,1.479,0.005,-1,2778619,965366.813
ELEC,2022-08-09,0.357,0.357,0.336,0.338,-2.579,-0.009,-1,2652030,912272.188
ELEC,2022-08-08,0.35,0.35,0.337,0.349,2.647,0.009,-1,3005312,1040518
ELEC,2022-08-07,0.344,0.344,0.32,0.34,6.173,0.02,-1,5200187,1733202.125
ELEC,2022-08-04,0.327,0.327,0.315,0.324,1.577,0.005,-1,2063278,664475.063
ELEC,2022-08-03,0.327,0.327,0.315,0.317,-1.562,-0.005,-1,1498704,478157.094
ELEC,2022-08-02,0.323,0.323,0.31,0.32,0,0,-1,990522,315656.406
ELEC,2022-08-01,0.325,0.325,0.314,0.323,-2.786,-0.009,-1,743536,236695.719
ELEC,2022-07-31,0.323,0.323,0.315,0.323,0,0,-1,853973,272599.344
ELEC,2022-07-28,0.321,0.321,0.31,0.323,-0.929,-0.003,-1,340430,108344.234
ELEC,2022-07-27,0.323,0.323,0.316,0.323,-1.858,-0.006,-1,333672,106594.938
ELEC,2022-07-26,0.325,0.325,0.312,0.323,1.572,0.005,-1,1654998,530566.875
ELEC,2022-07-25,0.328,0.328,0.312,0.318,1.905,0.006,-1,2047978,654607.563
ELEC,2022-07-24,0.32,0.32,0.31,0.315,1.27,0.004,-1,471685,150082.766
ELEC,2022-07-21,0.316,0.316,0.299,0.315,2.941,0.009,-1,2289075,710578.563
ELEC,2022-07-20,0.308,0.308,0.301,0.306,1.65,0.005,-1,2367210,721680.875
ELEC,2022-07-19,0.305,0.305,0.295,0.303,1.329,0.004,-1,1163612,351911.844
ELEC,2022-07-18,0.305,0.305,0.294,0.301,3.401,0.01,-1,1193384,358490.188
ELEC,2022-07-17,0.305,0.305,0.29,0.294,1.678,0.005,-1,1213235,357386.469
ELEC,2022-07-07,0.3,0.3,0.295,0.298,0.671,0.002,-1,710518,211192.094
ELEC,2022-07-06,0.3,0.3,0.29,0.298,0.671,0.002,-1,851739,252466.547
ELEC,2022-07-05,0.3,0.3,0.285,0.298,-0.336,-0.001,-1,852674,248153.297
ELEC,2022-07-04,0.294,0.294,0.285,0.298,-2.685,-0.008,-1,857791,246679.125
ELEC,2022-07-03,0.306,0.306,0.29,0.298,0,0,-1,621693,183847.031
ELEC,2022-06-29,0.3,0.3,0.291,0.298,3.093,0.009,-1,1272782,377654.719
ELEC,2022-06-28,0.298,0.298,0.286,0.291,-1.689,-0.005,-1,1838248,533156.438
ELEC,2022-06-27,0.3,0.3,0.29,0.296,-2.027,-0.006,-1,923581,272247.031
ELEC,2022-06-26,0.303,0.303,0.29,0.296,0,0,-1,1724015,512268.781
ELEC,2022-06-23,0.3,0.3,0.29,0.296,-0.667,-0.002,-1,2537684,743483.063
ELEC,2022-06-22,0.305,0.305,0.299,0.3,-1.961,-0.006,-1,1546505,464785.688
ELEC,2022-06-21,0.312,0.312,0.302,0.306,-1.307,-0.004,-1,500963,151899.672
ELEC,2022-06-20,0.31,0.31,0.303,0.306,0,0,-1,752572,229204.359
ELEC,2022-06-19,0.316,0.316,0.302,0.306,-1.923,-0.006,-1,1923382,591197
ELEC,2022-06-16,0.324,0.324,0.311,0.312,-1.577,-0.005,-1,1891382,597699.563
ELEC,2022-06-15,0.322,0.322,0.315,0.317,0.635,0.002,-1,1299251,413281.625
ELEC,2022-06-14,0.32,0.32,0.31,0.315,-3.67,-0.012,-1,2026708,635348
ELEC,2022-06-13,0.326,0.326,0.315,0.327,0,0,-1,564086,180922.359
ELEC,2022-06-12,0.33,0.33,0.319,0.327,-0.306,-0.001,-1,383508,125341.727
ELEC,2022-06-09,0.328,0.328,0.321,0.327,1.548,0.005,-1,1933311,628712
ELEC,2022-06-08,0.326,0.326,0.317,0.323,3.526,0.011,-1,1377267,443534.281
ELEC,2022-06-07,0.317,0.317,0.312,0.312,1.603,0.005,-1,168613,53005.758
ELEC,2022-06-06,0.318,0.318,0.31,0.312,0.641,0.002,-1,377995,118674.523
ELEC,2022-06-05,0.313,0.313,0.31,0.312,-0.321,-0.001,-1,383962,119689.641
ELEC,2022-06-02,0.317,0.317,0.31,0.312,0,0,-1,378364,118266.938
ELEC,2022-06-01,0.32,0.32,0.303,0.312,0,0,-1,1977864,626670.813
ELEC,2022-05-31,0.31,0.31,0.302,0.312,-2.564,-0.008,-1,416633,127403.203
ELEC,2022-05-30,0.307,0.307,0.298,0.312,-3.205,-0.01,-1,547750,165003.891
ELEC,2022-05-29,0.302,0.302,0.295,0.312,-4.808,-0.015,-1,276208,82252.961
ELEC,2022-05-26,0.31,0.31,0.3,0.312,-3.205,-0.01,-1,751329,226797.297
ELEC,2022-05-25,0.312,0.312,0.302,0.312,-3.205,-0.01,-1,565702,172518.859
ELEC,2022-05-24,0.32,0.32,0.31,0.312,0,0,-1,481671,150522.922
ELEC,2022-05-23,0.321,0.321,0.314,0.312,0.962,0.003,-1,409812,129385.523
ELEC,2022-05-22,0.322,0.322,0.318,0.312,1.923,0.006,-1,477882,152912.125
ELEC,2022-05-19,0.322,0.322,0.31,0.312,0.962,0.003,-1,778289,245469.25
ELEC,2022-05-18,0.322,0.322,0.312,0.312,0,0,-1,615198,196101.719
ELEC,2022-05-17,0.321,0.321,0.313,0.312,2.885,0.009,-1,490550,155741.844
ELEC,2022-05-16,0.319,0.319,0.308,0.312,1.603,0.005,-1,1255199,391474
ELEC,2022-05-15,0.332,0.332,0.31,0.312,-3.427,-0.011,-1,1106753,350624.313
ELEC,2022-05-12,0.329,0.329,0.311,0.321,-3.293,-0.011,-1,2038532,647435.688
ELEC,2022-05-11,0.343,0.343,0.329,0.334,3.364,0.011,-1,7806654,2629809
ELEC,2022-05-10,0.329,0.329,0.319,0.327,2.174,0.007,-1,1769812,577179.313
ELEC,2022-05-09,0.328,0.328,0.32,0.322,0,0,-1,931196,301253.156
ELEC,2022-05-08,0.327,0.327,0.306,0.326,0.308,0.001,-1,1291734,413932.156
ELEC,2022-04-28,0.327,0.327,0.316,0.325,2.83,0.009,-1,1253493,405097.281
ELEC,2022-04-27,0.327,0.327,0.308,0.318,-2.454,-0.008,-1,2051513,647998.25
ELEC,2022-04-26,0.328,0.328,0.31,0.326,-3.681,-0.012,-1,872160,275771.219
ELEC,2022-04-21,0.33,0.33,0.314,0.326,3.459,0.011,-1,1835082,593633.5
ELEC,2022-04-20,0.324,0.324,0.31,0.318,-0.93,-0.003,-1,1144695,362018.87
ELEC,2022-04-19,0.329,0.329,0.278,0.321,13.028,0.037,-1,6181953,1898395.375
ELEC,2022-04-18,0.29,0.29,0.27,0.284,2.16,0.006,-1,10451996,2847406.63
ELEC,2022-04-17,0.297,0.297,0.276,0.278,-2.456,-0.007,-1,2270412,646567.438
ELEC,2022-04-14,0.299,0.299,0.284,0.285,-4.04,-0.012,-1,5145533,1476768.17
ELEC,2022-04-13,0.313,0.313,0.295,0.297,-3.548,-0.011,-1,3050235,915367.875
ELEC,2022-04-12,0.313,0.313,0.306,0.31,0,0,-1,366572,112981.477
ELEC,2022-04-11,0.313,0.313,0.305,0.31,0,0,-1,785485,241364.578
ELEC,2022-04-10,0.315,0.315,0.3,0.31,1.639,0.005,-1,2714220,831603.313
ELEC,2022-04-07,0.316,0.316,0.307,0.305,2.951,0.009,-1,519546,161906.672
ELEC,2022-04-06,0.317,0.317,0.312,0.305,3.607,0.011,-1,309866,97550.07
ELEC,2022-04-05,0.319,0.319,0.31,0.305,3.934,0.012,-1,616942,194765.359
ELEC,2022-04-04,0.318,0.318,0.312,0.305,3.934,0.012,-1,556524,175396
ELEC,2022-04-03,0.32,0.32,0.31,0.305,3.934,0.012,-1,806441,254936.844
ELEC,2022-03-31,0.313,0.313,0.302,0.305,-0.958,-0.003,-1,1159632,354444.188
ELEC,2022-03-30,0.318,0.318,0.305,0.313,-2.556,-0.008,-1,708726,218494
ELEC,2022-03-29,0.317,0.317,0.307,0.313,0.321,0.001,-1,1568590,485069.031
ELEC,2022-03-28,0.323,0.323,0.309,0.312,0,0,-1,2644727,824785.563
ELEC,2022-03-27,0.329,0.329,0.31,0.312,-3.406,-0.011,-1,2913285,917283.125
ELEC,2022-03-24,0.331,0.331,0.321,0.323,-3.313,-0.011,-1,1292372,423072.188
ELEC,2022-03-23,0.334,0.334,0.324,0.332,-1.506,-0.005,-1,237357,77640.375
ELEC,2022-03-22,0.34,0.34,0.33,0.332,-0.601,-0.002,-1,1203618,403196.875
ELEC,2022-03-21,0.337,0.337,0.32,0.333,4.72,0.015,-1,4003714,1323084.13
ELEC,2022-03-20,0.323,0.323,0.316,0.318,0.314,0.001,-1,376741,120503.555
ELEC,2022-03-17,0.323,0.323,0.319,0.318,0.629,0.002,-1,792400,253777.297
ELEC,2022-03-16,0.319,0.319,0.31,0.318,3.571,0.011,-1,1082030,339441.531
ELEC,2022-03-15,0.32,0.32,0.305,0.308,-1.274,-0.004,-1,1935545,605563.063
ELEC,2022-03-14,0.318,0.318,0.311,0.314,0.318,0.001,-1,178402,56189.148
ELEC,2022-03-13,0.322,0.322,0.312,0.314,0,0,-1,564122,177981.25
ELEC,2022-03-10,0.321,0.321,0.316,0.314,0.955,0.003,-1,183040,58089.789
ELEC,2022-03-09,0.32,0.32,0.315,0.314,1.274,0.004,-1,478227,152429.844
ELEC,2022-03-08,0.326,0.326,0.31,0.314,-3.058,-0.01,-1,2157244,680920.438
ELEC,2022-03-07,0.334,0.334,0.315,0.327,-1.223,-0.004,-1,837742,270048.063
ELEC,2022-03-06,0.335,0.335,0.325,0.327,1.529,0.005,-1,1617613,529073.063
ELEC,2022-03-03,0.33,0.33,0.315,0.327,3.81,0.012,-1,2565608,832181.125
ELEC,2022-03-02,0.325,0.325,0.313,0.315,0,0,-1,2911011,921636.563
ELEC,2022-03-01,0.321,0.321,0.31,0.319,2.572,0.008,-1,3702516,1163827.125
ELEC,2022-02-28,0.318,0.318,0.302,0.311,0,0,-1,783305,244683.266
ELEC,2022-02-27,0.323,0.323,0.28,0.311,2.98,0.009,-1,5979078,1862818.67
ELEC,2022-02-24,0.332,0.332,0.28,0.302,-8.929,-0.03,-1,3590104,1092961.375
ELEC,2022-02-23,0.343,0.343,0.337,0.336,1.19,0.004,-1,501261,170626.641
ELEC,2022-02-22,0.337,0.337,0.327,0.336,0.898,0.003,-1,1720239,571645.75
ELEC,2022-02-21,0.344,0.344,0.334,0.334,0.599,0.002,-1,244467,82670.602
ELEC,2022-02-20,0.35,0.35,0.332,0.334,-5.114,-0.018,-1,1334846,450526.469
ELEC,2022-02-17,0.355,0.355,0.343,0.352,-0.28,-0.001,-1,949350,333168.83
ELEC,2022-02-16,0.354,0.354,0.34,0.353,0.88,0.003,-1,1566510,549431.688
ELEC,2022-02-15,0.355,0.355,0.332,0.341,-1.437,-0.005,-1,996628,339305.406
ELEC,2022-02-14,0.35,0.35,0.32,0.348,-1.149,-0.004,-1,861489,286846.594
ELEC,2022-02-13,0.366,0.366,0.346,0.348,-4.891,-0.018,-1,859994,303789.438
ELEC,2022-02-10,0.368,0.368,0.363,0.368,-1.087,-0.004,-1,305383,111509.531
ELEC,2022-02-09,0.37,0.37,0.362,0.368,0,0,-1,345576,127045.57
ELEC,2022-02-08,0.37,0.37,0.363,0.368,-0.272,-0.001,-1,512032,188237.734
ELEC,2022-02-07,0.375,0.375,0.366,0.368,-0.543,-0.002,-1,1026248,380612.125
ELEC,2022-02-06,0.375,0.375,0.367,0.368,-1.075,-0.004,-1,1007106,371318.313
ELEC,2022-02-03,0.376,0.376,0.369,0.372,0,0,-1,681443,252898.33
ELEC,2022-02-02,0.376,0.376,0.369,0.372,-0.27,-0.001,-1,2246841,836929.21
ELEC,2022-02-01,0.378,0.378,0.368,0.373,-1.34,-0.005,-1,230022,85029.008
ELEC,2022-01-31,0.372,0.372,0.361,0.373,-0.268,-0.001,-1,725545,267977.781
ELEC,2022-01-30,0.374,0.374,0.359,0.373,-3.753,-0.014,-1,617437,226845.359
ELEC,2022-01-26,0.379,0.379,0.364,0.373,-1.06,-0.004,-1,2168602,803802.31
ELEC,2022-01-25,0.38,0.38,0.366,0.377,2.162,0.008,-1,1251426,465883.938
ELEC,2022-01-24,0.372,0.372,0.364,0.37,1.087,0.004,-1,1446882,530592.438
ELEC,2022-01-23,0.371,0.371,0.367,0.368,-2.65,-0.01,-1,948853,350454.73
ELEC,2022-01-20,0.379,0.379,0.372,0.378,0.531,0.002,-1,1450727,545824.688
ELEC,2022-01-19,0.38,0.38,0.37,0.377,0.265,0.001,-1,2477760,926448.75
ELEC,2022-01-18,0.38,0.38,0.366,0.378,2.16,0.008,-1,1710267,633572.58
ELEC,2022-01-17,0.38,0.38,0.368,0.37,-1.857,-0.007,-1,2321541,861885.375
ELEC,2022-01-16,0.381,0.381,0.374,0.377,-1.554,-0.006,-1,1927899,725594.438
ELEC,2022-01-13,0.39,0.39,0.377,0.386,1.302,0.005,-1,1795225,688212
ELEC,2022-01-12,0.395,0.395,0.383,0.384,-1.028,-0.004,-1,1666547,646101
ELEC,2022-01-11,0.38,0.38,0.368,0.369,2.439,0.009,-1,529526,198556.609
ELEC,2022-01-10,0.39,0.39,0.38,0.383,0.781,0.003,-1,2410846,925177.75
ELEC,2022-01-09,0.393,0.393,0.376,0.384,-1.285,-0.005,-1,1682879,645124.625
ELEC,2022-01-05,0.396,0.396,0.383,0.389,2.1,0.008,-1,4490859,1750114.77
ELEC,2022-01-04,0.387,0.387,0.375,0.381,1.319,0.005,-1,2528884,965899.375
ELEC,2022-01-03,0.38,0.38,0.37,0.379,1.064,0.004,-1,2008848,756262.938
ELEC,2022-01-02,0.379,0.379,0.37,0.376,1.344,0.005,-1,3239900,1211821
ELEC,2021-12-30,0.375,0.375,0.36,0.372,3.05,0.011,-1,5917975,2187583.48
ELEC,2021-12-29,0.363,0.363,0.356,0.361,0.838,0.003,-1,1117386,402789.438
ELEC,2021-12-28,0.36,0.36,0.352,0.358,0,0,-1,1043857,372748.063
ELEC,2021-12-27,0.367,0.367,0.358,0.358,-1.099,-0.004,-1,2730387,986743
ELEC,2021-12-26,0.367,0.367,0.354,0.364,1.11,0.004,-1,3582101,1299288.5
ELEC,2021-12-23,0.363,0.363,0.358,0.36,-0.278,-0.001,-1,4442659,1600376.125
ELEC,2021-12-22,0.362,0.362,0.353,0.36,0.559,0.002,-1,1769171,637964.875
ELEC,2021-12-21,0.362,0.362,0.351,0.358,1.408,0.005,-1,911724,326353.469
ELEC,2021-12-20,0.36,0.36,0.348,0.355,0.28,0.001,-1,1667958,590282.063
ELEC,2021-12-19,0.362,0.362,0.355,0.357,-0.559,-0.002,-1,1180023,420480.75
ELEC,2021-12-16,0.363,0.363,0.355,0.358,0,0,-1,645716,230535.016
ELEC,2021-12-15,0.36,0.36,0.353,0.358,0.559,0.002,-1,481673,171641.047
ELEC,2021-12-14,0.364,0.364,0.353,0.358,0.277,0.001,-1,1398842,502668.219
ELEC,2021-12-13,0.364,0.364,0.352,0.361,0.56,0.002,-1,1548487,556653.29
ELEC,2021-12-12,0.364,0.364,0.347,0.359,0.831,0.003,-1,2140841,765676
ELEC,2021-12-09,0.364,0.364,0.35,0.361,3.409,0.012,-1,2011602,722055.438
ELEC,2021-12-08,0.364,0.364,0.344,0.352,-2.222,-0.008,-1,2081640,734747.438
ELEC,2021-12-07,0.377,0.377,0.355,0.36,-2.151,-0.008,-1,3145552,1149409.25
ELEC,2021-12-06,0.374,0.374,0.354,0.372,5.085,0.018,-1,14034819,5130046.5
ELEC,2021-12-05,0.356,0.356,0.342,0.354,2.02,0.007,-1,6058938,2130132.59
ELEC,2021-12-02,0.356,0.356,0.342,0.347,-2.564,-0.009,-1,2111079,737532.75
ELEC,2021-12-01,0.356,0.356,0.344,0.351,0.29,0.001,-1,4857303,1696721.625
ELEC,2021-11-30,0.347,0.347,0.331,0.345,1.173,0.004,-1,2773192,942143
ELEC,2021-11-29,0.347,0.347,0.335,0.341,-0.297,-0.001,-1,2804813,961727
ELEC,2021-11-28,0.34,0.34,0.319,0.337,-2.346,-0.001,-1,1909935,627989.375
ELEC,2021-11-25,0.35,0.35,0.331,0.341,2.711,0.009,-1,4860109,1663645.125
ELEC,2021-11-24,0.34,0.34,0.331,0.332,-1.78,-0.006,-1,2504526,838654.188
ELEC,2021-11-23,0.338,0.338,0.329,0.337,3.364,0.011,-1,2890623,965898.563
ELEC,2021-11-22,0.33,0.33,0.317,0.327,3.125,0.01,-1,2946863,955846.438
ELEC,2021-11-21,0.33,0.33,0.319,0.32,-0.621,-0.002,-1,1903122,613811.75
ELEC,2021-11-18,0.329,0.329,0.316,0.322,0.312,0.001,-1,1376422,443820.469
ELEC,2021-11-17,0.325,0.325,0.31,0.321,1.254,0.004,-1,2078661,666987.938
ELEC,2021-11-16,0.33,0.33,0.302,0.319,-1.24,-0.004,-1,2798073,888926.23
ELEC,2021-11-15,0.333,0.333,0.323,0.323,-2.417,-0.008,-1,2399771,779509.813
ELEC,2021-11-14,0.339,0.339,0.33,0.331,-2.367,-0.008,-1,2045638,679496.875
ELEC,2021-11-11,0.34,0.34,0.33,0.338,4.969,0.016,-1,2641050,887656.188
ELEC,2021-11-10,0.331,0.331,0.32,0.322,-1.813,-0.006,-1,2364524,763681.188
ELEC,2021-11-09,0.343,0.343,0.33,0.331,-2.647,-0.009,-1,3045144,1009535.25
ELEC,2021-11-08,0.341,0.341,0.333,0.34,0,0,-1,849337,286258.781
ELEC,2021-11-07,0.345,0.345,0.33,0.34,0.295,0.001,-1,1907061,645538.125
ELEC,2021-11-04,0.341,0.341,0.326,0.339,0.89,0.003,-1,2415443,808651.72
ELEC,2021-11-03,0.348,0.348,0.334,0.336,-1.466,-0.005,-1,2613718,892368.75
ELEC,2021-11-02,0.345,0.345,0.337,0.341,0,0,-1,1744845,593501.938
ELEC,2021-11-01,0.353,0.353,0.34,0.341,-0.872,-0.003,-1,2856615,983786.063
ELEC,2021-10-31,0.35,0.35,0.34,0.344,-0.291,-0.001,-1,4333653,1499037.625
ELEC,2021-10-28,0.347,0.347,0.32,0.344,6.83,0.022,-1,8835058,2954683.89
ELEC,2021-10-27,0.329,0.329,0.301,0.322,0.629,0.002,-1,2879402,904554.938
ELEC,2021-10-26,0.356,0.356,0.301,0.318,-4.217,-0.014,-1,4043919,1325859.125
ELEC,2021-10-25,0.355,0.355,0.325,0.332,-5.143,-0.018,-1,3250628,1082394.5
ELEC,2021-10-24,0.358,0.358,0.348,0.35,0.865,0.003,-1,1454103,513222.156
ELEC,2021-10-20,0.369,0.369,0.32,0.347,-3.343,-0.012,-1,3682996,1254988.25
ELEC,2021-10-19,0.374,0.374,0.356,0.359,-2.446,-0.009,-1,5860454,2128629.25
ELEC,2021-10-18,0.371,0.371,0.365,0.368,0.822,0.003,-1,3131145,1152014.875
ELEC,2021-10-17,0.371,0.371,0.364,0.365,0.546,0.002,-1,2210112,809960.563
ELEC,2021-10-14,0.375,0.375,0.36,0.366,-0.81,-0.003,-1,3493784,1273197.21
ELEC,2021-10-13,0.383,0.383,0.366,0.369,-1.86,-0.007,-1,5153121,1918471.28
ELEC,2021-10-12,0.385,0.385,0.373,0.376,0.796,0.003,-1,5361679,2032662.25
ELEC,2021-10-11,0.38,0.38,0.369,0.377,1.344086,0.005,-1,3275266,1224821.96
ELEC,2021-10-10,0.379,0.379,0.368,0.372,-0.8,-0.003,-1,1971733,735487.81
ELEC,2021-10-06,0.38,0.38,0.37,0.375,-0.266,-0.001,-1,1490756,557554.563
ELEC,2021-10-05,0.38,0.38,0.369,0.376,-0.8,-0.003,-1,3405161,1272876.375
ELEC,2021-10-04,0.386,0.386,0.366,0.375,1.902,0.007,-1,9537732,3606074.25
ELEC,2021-10-03,0.374,0.374,0.367,0.368,0,0,-1,3228969,1192947.625
ELEC,2021-09-30,0.375,0.375,0.36,0.368,0.27,0.001,-1,5903365,2160618.25
ELEC,2021-09-29,0.38,0.38,0.366,0.367,-0.811,-0.003,-1,6756310,2491035
ELEC,2021-09-28,0.38,0.38,0.37,0.37,-1.857,-0.007,-1,4472951,1662377.125
ELEC,2021-09-27,0.387,0.387,0.373,0.377,-1.823,-0.007,-1,12945301,4881926.5
ELEC,2021-09-26,0.392,0.392,0.381,0.384,-0.52,-0.002,-1,9998055,3858059.09
ELEC,2021-09-23,0.397,0.397,0.38,0.386,1.579,0.006,-1,4472441,1732038
ELEC,2021-09-22,0.39,0.39,0.376,0.38,1.064,0.004,-1,5719495,2188194.5
ELEC,2021-09-21,0.385,0.385,0.353,0.376,-2.073,-0.008,-1,6535283,2418800.5
ELEC,2021-09-20,0.395,0.395,0.382,0.386,-3.046,-0.012,-1,4646198,1805690
ELEC,2021-09-19,0.415,0.415,0.39,0.394,-3.194,-0.013,-1,6216209,2466266.5
ELEC,2021-09-16,0.417,0.417,0.405,0.407,0,0,-1,2639111,1080130.98
ELEC,2021-09-15,0.424,0.424,0.405,0.407,-0.489,-0.002,-1,7945461,3287432.5
ELEC,2021-09-14,0.41,0.41,0.404,0.409,1.235,0.005,-1,3001151,1224216
ELEC,2021-09-13,0.407,0.407,0.392,0.405,2.02,0.008,-1,3548632,1427181.23
ELEC,2021-09-12,0.404,0.404,0.395,0.397,0,0,-1,1388734,554279.688
ELEC,2021-09-09,0.408,0.408,0.39,0.395,-1.496,-0.006,-1,3469884,1382014.25
ELEC,2021-09-08,0.415,0.415,0.4,0.401,-0.249,-0.001,-1,5437801,2207472
ELEC,2021-09-07,0.409,0.409,0.39,0.401,3.325,0.013,-1,3532689,1408364.625
ELEC,2021-09-06,0.429,0.429,0.385,0.391,-6.24,-0.026,-1,19279163,7730138.95
ELEC,2021-09-05,0.453,0.453,0.417,0.417,-6.92,-0.031,-1,9005199,3876572.51
ELEC,2021-09-02,0.46,0.46,0.44,0.448,0.885,0.004,-1,9105170,4077071.75
ELEC,2021-09-01,0.46,0.46,0.441,0.452,2.968,0.013,-1,9673758,4368515.5
ELEC,2021-08-31,0.445,0.445,0.431,0.438,-4.783,-0.022,-1,6634819,2903737.75
ELEC,2021-08-30,0.485,0.485,0.436,0.46,-6.596,-0.031,-1,30489141,14017862
ELEC,2021-08-29,0.489,0.489,0.451,0.47,-5.637,-0.027,-1,33774579,15869479
ELEC,2021-08-26,0.51,0.51,0.45,0.479,2.908,0.013,-1,62869238,30111354
ELEC,2021-08-25,0.456,0.456,0.42,0.447,9.88,0.041,-1,42885992,19191312
ELEC,2021-08-24,0.423,0.423,0.41,0.415,2.2,0.009,-1,6825339,2830394.75
ELEC,2021-08-23,0.416,0.416,0.405,0.409,0.993,0.004,-1,5221875,2138232.75
ELEC,2021-08-22,0.419,0.419,0.4,0.403,-2.644,-0.011,-1,11727689,4725080
ELEC,2021-08-19,0.425,0.425,0.41,0.416,-0.709,-0.003,-1,2656294,1104466.75
ELEC,2021-08-18,0.433,0.433,0.417,0.423,-1.865,-0.008,-1,3737598,1582532.75
ELEC,2021-08-17,0.439,0.439,0.426,0.429,-0.924,-0.004,-1,1402784,601364.75
ELEC,2021-08-16,0.443,0.443,0.426,0.433,-2.948,-0.013,-1,6482464,2804387.25
ELEC,2021-08-15,0.45,0.45,0.418,0.441,2.817,0.012,-1,10034913,4423221
ELEC,2021-08-11,0.432,0.432,0.42,0.426,0.465,0.002,-1,3604042,1537102.375
ELEC,2021-08-10,0.439,0.439,0.428,0.43,-1.835,-0.008,-1,6480158,2785866.5
ELEC,2021-08-09,0.444,0.444,0.426,0.436,0.233,0.001,-1,10914782,4755126
ELEC,2021-08-08,0.438,0.438,0.421,0.43,2.375,0.01,-1,15292792,6568825.5
ELEC,2021-08-05,0.425,0.425,0.417,0.421,0,0,-1,1389682,585041.87
ELEC,2021-08-04,0.429,0.429,0.41,0.421,0.24,0.001,-1,3819826,1606766.875
ELEC,2021-08-03,0.426,0.426,0.403,0.417,-1.408,-0.006,-1,4938259,2058200
ELEC,2021-08-02,0.433,0.433,0.421,0.426,-2.546,-0.011,-1,5707103,2431334.25
ELEC,2021-08-01,0.442,0.442,0.429,0.432,-0.461,-0.002,-1,10677540,4617271.5
ELEC,2021-07-29,0.443,0.443,0.424,0.434,4.808,0.02,-1,31026644,13478426
ELEC,2021-07-28,0.422,0.422,0.41,0.416,2.19,0.009,-1,11222003,4668179.5
ELEC,2021-07-27,0.417,0.417,0.406,0.411,1.478,0.006,-1,6572216,2698027.5
ELEC,2021-07-26,0.409,0.409,0.402,0.406,0,0,-1,3904924,1584608
ELEC,2021-07-25,0.414,0.414,0.401,0.407,-1.463,-0.006,-1,3789990,1544315.5
ELEC,2021-07-18,0.418,0.418,0.405,0.41,0.49,0.002,-1,6282121,2578172.25
ELEC,2021-07-15,0.42,0.42,0.399,0.408,2.545,0.01,-1,13894506,5665923
ELEC,2021-07-14,0.41,0.41,0.377,0.393,7.979,0.03,-1,29984285,11790963
ELEC,2021-07-13,0.389,0.389,0.37,0.376,-1.832,-0.007,-1,10798348,4058053
ELEC,2021-07-12,0.39,0.39,0.371,0.382,1.061,0.004,-1,1634815,624464.063
ELEC,2021-07-11,0.38,0.38,0.372,0.377,-2.872,-0.011,-1,2177054,821062.5
ELEC,2021-07-08,0.39,0.39,0.38,0.383,-2.314,-0.009,-1,2987791,1144127.25
ELEC,2021-07-07,0.394,0.394,0.385,0.389,0,0,-1,3311225,1289444.75
ELEC,2021-07-06,0.396,0.396,0.38,0.385,-4.261,-0.017,-1,4304272,1656577.875
ELEC,2021-07-05,0.412,0.412,0.39,0.399,-3.457,-0.014,-1,6709333,2679337.25
ELEC,2021-07-04,0.41,0.41,0.402,0.405,0.743,0.003,-1,828953,335678.406
ELEC,2021-06-30,0.41,0.41,0.401,0.404,1,0.004,-1,2055625,830916.438
ELEC,2021-06-29,0.405,0.405,0.396,0.4,-1.716,-0.007,-1,3034169,1213910.5
ELEC,2021-06-28,0.421,0.421,0.402,0.408,-4.513,-0.019,-1,5047261,2061755.5
ELEC,2021-06-27,0.427,0.427,0.415,0.421,0.723,0.003,-1,7700254,3241401.75
ELEC,2021-06-24,0.427,0.427,0.407,0.415,-0.243,-0.001,-1,6274183,2605063.25
ELEC,2021-06-23,0.416,0.416,0.406,0.412,0.244,0.001,-1,4813965,1981777.75
ELEC,2021-06-22,0.413,0.413,0.407,0.409,0.737,0.003,-1,5678960,2323902.5
ELEC,2021-06-21,0.412,0.412,0.401,0.407,1.247,0.005,-1,4420281,1800197.5
ELEC,2021-06-20,0.409,0.409,0.399,0.401,-0.498,-0.002,-1,2761736,1107925.625
ELEC,2021-06-17,0.414,0.414,0.395,0.402,1.772,0.007,-1,3445566,1383640
ELEC,2021-06-16,0.401,0.401,0.39,0.395,-1.01,-0.004,-1,4929296,1949332.5
ELEC,2021-06-15,0.41,0.41,0.382,0.396,-3.218,-0.013,-1,6022649,2384271
ELEC,2021-06-14,0.411,0.411,0.397,0.404,-1.961,-0.008,-1,5972294,2412839
ELEC,2021-06-13,0.426,0.426,0.397,0.408,-5.476,-0.023,-1,8226350,3353314.5
ELEC,2021-06-10,0.423,0.423,0.417,0.42,-0.476,-0.002,-1,5139231,2156858
ELEC,2021-06-09,0.425,0.425,0.415,0.42,1.449,0.006,-1,2684213,1128513
ELEC,2021-06-08,0.421,0.421,0.41,0.414,-2.128,-0.009,-1,7467051,3093235.5
ELEC,2021-06-07,0.43,0.43,0.417,0.423,-0.943,-0.004,-1,6559741,2773065
ELEC,2021-06-06,0.433,0.433,0.42,0.424,2.404,0.01,-1,7424148,3149711.5
ELEC,2021-06-03,0.425,0.425,0.41,0.416,-1.878,-0.008,-1,6461248,2687631.25
ELEC,2021-06-02,0.444,0.444,0.412,0.426,-2.778,-0.012,-1,6690568,2850009
ELEC,2021-06-01,0.439,0.439,0.425,0.432,-2.709,-0.012,-1,9176247,3965121.25
ELEC,2021-05-31,0.46,0.46,0.434,0.443,-2.45,-0.011,-1,9548043,4231796
ELEC,2021-05-30,0.459,0.459,0.44,0.449,1.81,0.008,-1,12277552,5509815
ELEC,2021-05-27,0.45,0.45,0.439,0.442,-1.566,-0.007,-1,5740704,2537596.75
ELEC,2021-05-26,0.458,0.458,0.44,0.447,0.677,0.003,-1,4821029,2155871
ELEC,2021-05-25,0.457,0.457,0.43,0.443,-3.226,-0.015,-1,5518624,2443618.25
ELEC,2021-05-24,0.477,0.477,0.446,0.465,-1.31,-0.006,-1,22989769,10691620
ELEC,2021-05-23,0.466,0.466,0.452,0.458,-1.307,-0.006,-1,6097806,2793473.25
ELEC,2021-05-20,0.469,0.469,0.45,0.459,-1.078,-0.005,-1,9153402,4200871
ELEC,2021-05-19,0.478,0.478,0.452,0.464,-3.571,-0.017,-1,12352840,5736208.5
ELEC,2021-05-18,0.484,0.484,0.465,0.476,1.296,0.006,-1,21295292,10147110
ELEC,2021-05-17,0.476,0.476,0.438,0.463,7.061,0.031,-1,27106165,12538487
ELEC,2021-05-11,0.447,0.447,0.434,0.439,0.457,0.002,-1,6963024,3055636.75
ELEC,2021-05-10,0.44,0.44,0.433,0.438,-0.679,-0.003,-1,2862437,1255053.25
ELEC,2021-05-09,0.448,0.448,0.437,0.442,-2.004,-0.009,-1,3183253,1406785.5
ELEC,2021-05-06,0.46,0.46,0.44,0.449,-1.322,-0.006,-1,10075110,4518706
ELEC,2021-05-05,0.46,0.46,0.45,0.454,1.996,0.009,-1,5906076,2683267.25
ELEC,2021-05-04,0.459,0.459,0.445,0.451,1.121,0.005,-1,3244700,1462733.25
ELEC,2021-04-28,0.464,0.464,0.44,0.446,-4.09,-0.019,-1,4447584,1984717.375
ELEC,2021-04-27,0.476,0.476,0.45,0.465,1.996,0.009,-1,12548410,5831946.5
ELEC,2021-04-26,0.461,0.461,0.441,0.451,-1.08,-0.005,-1,9292439,4192046.75
ELEC,2021-04-25,0.468,0.468,0.452,0.463,3.111,0.014,-1,10584117,4895330.5
ELEC,2021-04-22,0.456,0.456,0.43,0.45,2.262,0.01,-1,14792446,6659081
ELEC,2021-04-21,0.454,0.454,0.432,0.442,-1.348,-0.006,-1,5005739,2211248.75
ELEC,2021-04-20,0.453,0.453,0.438,0.445,2.746,0.012,-1,9057513,4032138
ELEC,2021-04-19,0.444,0.444,0.421,0.437,4.988,0.021,-1,5746927,2510523
ELEC,2021-04-18,0.427,0.427,0.414,0.421,4.703,0.019,-1,4106511,1729884.625
ELEC,2021-04-15,0.419,0.419,0.383,0.404,5.276,0.021,-1,7094174,2865681
ELEC,2021-04-14,0.428,0.428,0.39,0.398,-7.39,-0.032,-1,9394731,3742403
ELEC,2021-04-13,0.45,0.45,0.427,0.433,-5.322,-0.024,-1,2786961,1207169.625
ELEC,2021-04-12,0.459,0.459,0.447,0.451,0,0,-1,4057319,1828548.875
ELEC,2021-04-11,0.46,0.46,0.426,0.45,6.481,0.028,-1,7672816,3453296
ELEC,2021-04-08,0.439,0.439,0.427,0.432,3.052,0.013,-1,3281067,1418874
ELEC,2021-04-07,0.44,0.44,0.415,0.426,-1.392,-0.006,-1,5525752,2353423.25
ELEC,2021-04-06,0.447,0.447,0.411,0.431,-1.806,-0.008,-1,7705770,3323337.75
ELEC,2021-04-05,0.46,0.46,0.432,0.443,-8.977,-0.043,-1,10285841,4555764
ELEC,2021-04-04,0.491,0.491,0.462,0.479,-4.348,-0.021,-1,14780811,7072720
ELEC,2021-04-01,0.49,0.49,0.466,0.483,5.652,0.026,-1,15792237,7628003
ELEC,2021-03-31,0.47,0.47,0.451,0.46,-2.954,-0.014,-1,4776236,2195439.75
ELEC,2021-03-30,0.483,0.483,0.469,0.474,3.261,0.015,-1,16576325,7865263.5
ELEC,2021-03-29,0.473,0.473,0.441,0.46,4.878,0.022,-1,20290457,9336091
ELEC,2021-03-28,0.455,0.455,0.441,0.451,2.759,0.012,-1,10243800,4619661
ELEC,2021-03-25,0.444,0.444,0.422,0.435,-0.45,-0.002,-1,5510757,2395895.5
ELEC,2021-03-24,0.465,0.465,0.427,0.444,1.617,0.007,-1,14344632,6364541.5
ELEC,2021-03-23,0.455,0.455,0.401,0.433,8.612,0.036,-1,15817947,6844479.5
ELEC,2021-03-22,0.445,0.445,0.404,0.418,-7.014,-0.031,-1,8847264,3698844.25
ELEC,2021-03-21,0.47,0.47,0.43,0.442,-5.628,-0.026,-1,7698262,3406446
ELEC,2021-03-18,0.48,0.48,0.44,0.462,1.078,0.005,-1,16495186,7628966.5
ELEC,2021-03-17,0.49,0.49,0.447,0.464,-4.691,-0.022,-1,10406066,4833392.5
ELEC,2021-03-16,0.48,0.48,0.457,0.469,-1.674,-0.008,-1,6966810,3264423.25
ELEC,2021-03-15,0.502,0.502,0.451,0.478,-7.475,-0.037,-1,11793211,5641471
ELEC,2021-03-14,0.51,0.51,0.481,0.495,-3.386,-0.017,-1,13387897,6628300
ELEC,2021-03-11,0.523,0.523,0.493,0.502,-1.2,-0.006,-1,8919925,4478353.5
ELEC,2021-03-10,0.52,0.52,0.474,0.5,4.082,0.02,-1,20703247,10350261
ELEC,2021-03-09,0.523,0.523,0.468,0.49,-6.535,-0.033,-1,19034924,9327498
ELEC,2021-03-08,0.537,0.537,0.493,0.505,-3.592,-0.019,-1,12093366,6108423.5
ELEC,2021-03-07,0.542,0.542,0.5,0.529,-0.192,-0.001,-1,13720466,7254389.5
ELEC,2021-03-04,0.533,0.533,0.5,0.522,-0.574,-0.003,-1,10044428,5246785.5
ELEC,2021-03-03,0.565,0.565,0.51,0.523,-8.657,-0.049,-1,20158246,10542938
ELEC,2021-03-02,0.594,0.594,0.54,0.566,-5.593,-0.033,-1,27759442,15705065
ELEC,2021-03-01,0.605,0.605,0.579,0.59,-2.192,-0.013,-1,9157323,5406304.5
ELEC,2021-02-28,0.61,0.61,0.58,0.593,-4.448,-0.027,-1,12536279,7440029
ELEC,2021-02-25,0.629,0.629,0.599,0.607,-1.634,-0.01,-1,18636614,11312197
ELEC,2021-02-24,0.626,0.626,0.593,0.612,-1.613,-0.01,-1,6789258,4152988.25
ELEC,2021-02-23,0.646,0.646,0.605,0.62,-3.427,-0.022,-1,18374185,11393590
ELEC,2021-02-22,0.66,0.66,0.63,0.642,-1.869,-0.012,-1,26532984,17044862
ELEC,2021-02-21,0.66,0.66,0.614,0.642,7.426,0.045,-1,49049521,31511036
ELEC,2021-02-18,0.635,0.635,0.58,0.606,2.5,0.015,-1,153202481,92867264
ELEC,2021-02-17,0.624,0.624,0.58,0.6,-2.602,-0.016,-1,8692711,5213314.5
ELEC,2021-02-16,0.629,0.629,0.601,0.615,-3.221,-0.02,-1,7649494,4707069
ELEC,2021-02-15,0.632,0.632,0.614,0.621,-3.762,-0.024,-1,10397893,6460767.5
ELEC,2021-02-14,0.665,0.665,0.618,0.638,-4.755,-0.031,-1,10067319,6426415.5
ELEC,2021-02-11,0.665,0.665,0.643,0.652,-2.131,-0.014,-1,9142306,5958967.5
ELEC,2021-02-10,0.663,0.663,0.65,0.657,1.244,0.008,-1,12117018,7963788
ELEC,2021-02-09,0.651,0.651,0.63,0.643,-0.913,-0.006,-1,6426794,4135022.75
ELEC,2021-02-08,0.682,0.682,0.627,0.657,-2.752,-0.018,-1,17697591,11621048
ELEC,2021-02-07,0.67,0.67,0.64,0.654,2.188,0.014,-1,26379556,17261312
ELEC,2021-02-04,0.65,0.65,0.625,0.64,-1.546,-0.01,-1,13116802,8399526
ELEC,2021-02-03,0.658,0.658,0.636,0.647,0.157,0.001,-1,18698244,12088974
ELEC,2021-02-02,0.649,0.649,0.622,0.635,0.317,0.002,-1,20329186,12911496
ELEC,2021-02-01,0.65,0.65,0.616,0.631,-3.709,-0.024,-1,20846022,13146897
ELEC,2021-01-31,0.682,0.682,0.631,0.647,-6.957,-0.048,-1,19692474,12733911
ELEC,2021-01-27,0.71,0.71,0.65,0.69,3.03,0.02,-1,39574876,27127664
ELEC,2021-01-26,0.68,0.68,0.64,0.66,3.11,0.02,-1,65872415,43776872
ELEC,2021-01-25,0.67,0.67,0.62,0.64,-4.28,-0.01,-1,39390070,25337336
ELEC,2021-01-24,0.67,0.67,0.63,0.65,4.49,0.03,-1,52602055,34414088
ELEC,2021-01-21,0.63,0.63,0.6,0.62,0.32,-0.01,-1,34727940,21683150
ELEC,2021-01-20,0.65,0.65,0.61,0.63,-3.18,0,-1,40063080,25160718
ELEC,2021-01-19,0.64,0.64,0.61,0.63,6.06,0.04,-1,47936480,30083048
ELEC,2021-01-18,0.61,0.61,0.57,0.59,6.76,0.03,-1,72506570,43134940
ELEC,2021-01-17,0.57,0.57,0.55,0.56,-1.06,-0.01,-1,7767565,4366746.5
ELEC,2021-01-14,0.57,0.57,0.56,0.57,0,0.01,-1,22164940,12526061
ELEC,2021-01-13,0.58,0.58,0.54,0.56,2.95,0.02,-1,32009445,17840264
ELEC,2021-01-12,0.55,0.55,0.53,0.54,-2.53,-0.01,-1,18464295,10007490
ELEC,2021-01-11,0.56,0.56,0.53,0.55,-2.52,-0.01,-1,10426025,5781280
ELEC,2021-01-10,0.6,0.6,0.53,0.56,-7.09,-0.03,-1,50907180,28260058
ELEC,2021-01-06,0.61,0.61,0.58,0.59,-1.34,-0.01,-1,14711985,8718745
ELEC,2021-01-05,0.61,0.61,0.58,0.6,-2.35,0,-1,13368795,7969020.5
ELEC,2021-01-04,0.63,0.63,0.58,0.6,-2.96,-0.01,-1,11684215,6970947
ELEC,2021-01-03,0.63,0.63,0.57,0.61,59.23,0.04,-1,18612820,11320800
ELEC,2020-12-31,0.59,0.59,0.56,0.57,4.74,0.02,-1,17081125,9793455
ELEC,2020-12-30,0.56,0.56,0.5,0.55,9.8,0.04,-1,29530310,16154230
ELEC,2020-12-29,0.53,0.53,0.5,0.51,-1.19,0,-1,8449015,4309473.5
ELEC,2020-12-28,0.51,0.51,0.46,0.51,9.87,0.04,-1,13386395,6776738
ELEC,2020-12-27,0.48,0.48,0.46,0.47,-4.13,-0.01,-1,634685,295676.16
ELEC,2020-12-24,0.5,0.5,0.47,0.48,1.27,0.01,-1,1663830,803700.69
ELEC,2020-12-23,0.49,0.49,0.46,0.47,5.68,0.01,-1,4374500,2075336.75
ELEC,2020-12-22,0.47,0.47,0.41,0.46,4.57,0.02,-1,6220100,2853688
ELEC,2020-12-21,0.48,0.48,0.43,0.44,-7.98,-0.04,-1,10143095,4448469
ELEC,2020-12-20,0.48,0.48,0.47,0.48,-0.84,0.01,-1,2581195,1229411.25
ELEC,2020-12-17,0.49,0.49,0.47,0.47,-1.24,-0.01,-1,5987115,2838649.75
ELEC,2020-12-16,0.51,0.51,0.46,0.48,-6.05,-0.02,-1,5372620,2597359
ELEC,2020-12-15,0.51,0.51,0.48,0.5,0,0.02,-1,9793700,4865096.5
ELEC,2020-12-14,0.5,0.5,0.48,0.48,-2.04,-0.01,-1,4217715,2044278
ELEC,2020-12-13,0.5,0.5,0.48,0.49,-2.81,-0.01,-1,2799960,1373608.75
ELEC,2020-12-10,0.52,0.52,0.48,0.5,0,0,-1,10979645,5472193
ELEC,2020-12-09,0.52,0.52,0.47,0.5,-3.23,0,-1,14411025,7144437
ELEC,2020-12-08,0.51,0.51,0.48,0.5,-4.35,-0.01,-1,7275875,3602548.75
ELEC,2020-12-07,0.52,0.52,0.5,0.51,-4.58,-0.01,-1,6793520,3435115
ELEC,2020-12-06,0.54,0.54,0.51,0.52,-0.77,0,-1,13460275,7041978.5
ELEC,2020-12-03,0.53,0.53,0.51,0.52,1.18,0.01,-1,7477000,3909398.25
ELEC,2020-12-02,0.53,0.53,0.5,0.51,4.45,0.02,-1,19544350,9951717
ELEC,2020-12-01,0.51,0.51,0.47,0.49,7.33,0.03,-1,20244030,9984982
ELEC,2020-11-30,0.47,0.47,0.45,0.46,1.72,-0.01,-1,7290770,3387183.25
ELEC,2020-11-29,0.48,0.48,0.45,0.47,2.19,0.01,-1,7204785,3361853
ELEC,2020-11-26,0.47,0.47,0.44,0.46,-1.72,-0.01,-1,18158980,8293089.5
ELEC,2020-11-25,0.48,0.48,0.45,0.47,0,0.01,-1,21005340,9808321
ELEC,2020-11-24,0.48,0.48,0.44,0.46,4.55,0.02,-1,22469345,10401427
ELEC,2020-11-23,0.45,0.45,0.43,0.44,-3.12,-0.01,-1,7994965,3512315.5
ELEC,2020-11-22,0.46,0.46,0.43,0.45,4.69,0.02,-1,15728175,7047262
ELEC,2020-11-19,0.43,0.43,0.42,0.43,-1.39,0,-1,5163310,2198877
ELEC,2020-11-18,0.45,0.45,0.42,0.43,-0.93,0,-1,6838810,2959671
ELEC,2020-11-17,0.45,0.45,0.41,0.43,6.7,0.01,-1,27200520,11634882
ELEC,2020-11-16,0.42,0.42,0.41,0.42,0,0.01,-1,4841735,2019256.13
ELEC,2020-11-15,0.42,0.42,0.41,0.41,0.48,0,-1,3601105,1491178.88
ELEC,2020-11-12,0.42,0.42,0.41,0.41,1.805,0,-1,6536595,2707287
ELEC,2020-11-11,0.42,0.42,0.4,0.41,1.517,0,-1,9945850,4077195.75
ELEC,2020-11-10,0.42,0.42,0.4,0.41,-0.395,0,-1,5539015,2264298.25
ELEC,2020-11-09,0.41,0.41,0.39,0.41,6.108,0.02,-1,12188130,4936189
ELEC,2020-11-08,0.39,0.39,0.38,0.39,2.105,0.01,-1,1020940,394390.125
ELEC,2020-11-05,0.39,0.39,0.38,0.38,-0.926,-0.01,-1,3563855,1354438.5
ELEC,2020-11-04,0.39,0.39,0.38,0.39,0.777,0,-1,4005640,1557038.625
ELEC,2020-11-03,0.39,0.39,0.38,0.39,-5.114,-0.01,-1,4859345,1876784.375
ELEC,2020-11-02,0.43,0.43,0.36,0.4,-0.051,0.01,-1,20012250,8061631.5
ELEC,2020-11-01,0.4,0.4,0.36,0.39,9.911,0.03,-1,23908430,9378402
ELEC,2020-10-28,0.38,0.38,0.35,0.36,-3.164,-0.01,-1,4821760,1741212.125
ELEC,2020-10-27,0.37,0.37,0.36,0.37,3.386,0.02,-1,2301705,843956.063
ELEC,2020-10-26,0.36,0.36,0.34,0.35,5.824,0.01,-1,6970560,2470442.25
ELEC,2020-10-25,0.35,0.35,0.33,0.34,-0.874,0,-1,3548890,1206565.375
ELEC,2020-10-22,0.36,0.36,0.33,0.34,-9.012,-0.03,-1,4277475,1468403.875
ELEC,2020-10-21,0.38,0.38,0.34,0.37,-3.723,-0.01,-1,2988315,1100626.375
ELEC,2020-10-20,0.38,0.38,0.37,0.38,-2.362,0,-1,2636755,991574.688
ELEC,2020-10-19,0.39,0.39,0.37,0.38,-0.213,0,-1,6886585,2624270.5
ELEC,2020-10-18,0.39,0.39,0.36,0.38,-5.641,-0.01,-1,3832070,1440674.875
ELEC,2020-10-15,0.4,0.4,0.38,0.39,-5,-0.01,-1,6248510,2430958
ELEC,2020-10-14,0.41,0.41,0.39,0.4,0.51,0.01,-1,5936005,2372171
ELEC,2020-10-13,0.41,0.41,0.38,0.39,-3.47,-0.01,-1,8266140,3244977.25
ELEC,2020-10-12,0.42,0.42,0.39,0.4,-4.78,-0.02,-1,9761800,3947184.5
ELEC,2020-10-11,0.43,0.43,0.4,0.42,-2.84,0,-1,18089930,7565888.5
ELEC,2020-10-07,0.44,0.44,0.41,0.42,-0.47,0,-1,21589975,9116803
ELEC,2020-10-06,0.43,0.43,0.41,0.42,0.47,0,-1,13968950,5921613.5
ELEC,2020-10-05,0.43,0.43,0.42,0.42,-3.65,-0.02,-1,7832220,3311998.5
ELEC,2020-10-04,0.46,0.46,0.42,0.44,0.46,0,-1,17757800,7767564.5
ELEC,2020-10-01,0.45,0.45,0.42,0.44,1.4,0.01,-1,10861565,4729718
ELEC,2020-09-30,0.44,0.44,0.42,0.43,-5.36,-0.02,-1,7220160,3083461
ELEC,2020-09-29,0.47,0.47,0.43,0.45,-2.25,0.01,-1,11002415,4930780
ELEC,2020-09-28,0.47,0.47,0.43,0.44,-4.8,-0.02,-1,11988885,5323251.5
ELEC,2020-09-27,0.47,0.47,0.44,0.46,-1.33,0.01,-1,6598965,3020251.75
ELEC,2020-09-24,0.47,0.47,0.42,0.45,0.09,0.01,-1,16730095,7556175.5
ELEC,2020-09-23,0.44,0.44,0.44,0.44,9.965,0.04,-1,5899870,2617182.25
ELEC,2020-09-22,0.42,0.42,0.37,0.4,5.93,0.02,-1,20293750,8185051.5
ELEC,2020-09-21,0.4,0.4,0.36,0.38,-3.209,-0.01,-1,14304145,5446020
ELEC,2020-09-20,0.4,0.4,0.38,0.39,5.147,0.02,-1,21809175,8560188
ELEC,2020-09-17,0.39,0.39,0.35,0.37,4.155,0.01,-1,27501115,10259104
ELEC,2020-09-16,0.37,0.37,0.36,0.36,-0.717,0,-1,5317240,1919787.625
ELEC,2020-09-15,0.37,0.37,0.35,0.36,-0.222,0,-1,19608005,7114824
ELEC,2020-09-14,0.38,0.38,0.35,0.36,-5.645,-0.01,-1,9240190,3333220.75
ELEC,2020-09-13,0.39,0.39,0.36,0.37,4.38,0.01,-1,21773695,8099791
ELEC,2020-09-10,0.36,0.36,0.34,0.36,9.963,0.03,-1,15037050,5359982.5
ELEC,2020-09-09,0.34,0.34,0.31,0.33,2.31,0.01,-1,7108410,2325739
ELEC,2020-09-08,0.33,0.33,0.31,0.32,-4.337,-0.02,-1,6579690,2104212.5
ELEC,2020-09-07,0.35,0.35,0.32,0.34,-5.318,-0.01,-1,7934955,2670574
ELEC,2020-09-06,0.36,0.36,0.33,0.35,-2.319,0,-1,8967870,3103069.75
ELEC,2020-09-03,0.37,0.37,0.34,0.35,-4.393,-0.01,-1,13027325,4605698.5
ELEC,2020-09-02,0.38,0.38,0.35,0.36,-0.169,0,-1,10898215,3968699.75
ELEC,2020-09-01,0.37,0.37,0.32,0.36,4.956,0.02,-1,16095120,5721939
ELEC,2020-08-31,0.36,0.36,0.33,0.34,2.907,0.01,-1,14327060,4914252.5
ELEC,2020-08-30,0.34,0.34,0.31,0.33,9.968,0.02,-1,27454410,9067483
ELEC,2020-08-27,0.32,0.32,0.29,0.31,5.21,0.01,-1,27498465,8550828
ELEC,2020-08-26,0.3,0.3,0.29,0.3,3.21,0.01,-1,8395305,2482273.5
ELEC,2020-08-25,0.29,0.29,0.29,0.29,-1.38,0,-1,787650,225641.906
ELEC,2020-08-24,0.29,0.29,0.29,0.29,-1.308,0,-1,3943225,1145031.25
ELEC,2020-08-23,0.29,0.29,0.29,0.29,1.253,0,-1,5048000,1466600
ELEC,2020-08-19,0.29,0.29,0.28,0.29,1.472,0,-1,469760,134953.953
ELEC,2020-08-18,0.29,0.29,0.28,0.29,0.348,0,-1,656975,187453.469
ELEC,2020-08-17,0.29,0.29,0.28,0.29,-3.379,0,-1,3115135,894332.75
ELEC,2020-08-16,0.29,0.29,0.29,0.29,-1.715,0,-1,1491955,432591.281
ELEC,2020-08-13,0.3,0.3,0.28,0.29,0,0,-1,3146375,917223.875
ELEC,2020-08-12,0.3,0.3,0.27,0.29,9.05,0.02,-1,28517355,8294944
ELEC,2020-08-11,0.27,0.27,0.27,0.27,0.07,0,-1,1850830,498816.438
ELEC,2020-08-10,0.27,0.27,0.27,0.27,-0.37,0,-1,1919810,517173.469
ELEC,2020-08-09,0.27,0.27,0.27,0.27,-0.665,0,-1,1687545,456301.375
ELEC,2020-08-06,0.28,0.28,0.26,0.27,-0.298,0,-1,845270,228916.203
ELEC,2020-08-05,0.28,0.28,0.26,0.27,3.13,0.01,-1,5016320,1348507
ELEC,2020-08-04,0.26,0.26,0.26,0.26,1.628,0,-1,1261825,330553.594
ELEC,2020-07-29,0.26,0.26,0.26,0.26,-0.31,0,-1,601785,155220.859
ELEC,2020-07-28,0.26,0.26,0.25,0.26,-0.155,0,-1,1812985,469332.688
ELEC,2020-07-27,0.27,0.27,0.26,0.26,-2.642,-0.01,-1,1672975,432199.625
ELEC,2020-07-26,0.27,0.27,0.26,0.27,1.315,0.01,-1,1966250,521010.375
ELEC,2020-07-22,0.26,0.26,0.25,0.26,1.482,0,-1,2165925,560256.063
ELEC,2020-07-21,0.26,0.26,0.25,0.26,0.392,0,-1,1048545,268930.938
ELEC,2020-07-20,0.26,0.26,0.24,0.26,3.74,0.01,-1,1181020,301292.625
ELEC,2020-07-19,0.26,0.26,0.24,0.25,0.487,0,-1,2708800,666143.938
ELEC,2020-07-16,0.25,0.25,0.24,0.25,-0.476,0,-1,2528895,623078.938
ELEC,2020-07-15,0.27,0.27,0.24,0.25,-8.352,-0.01,-1,4357485,1098750.5
ELEC,2020-07-14,0.28,0.28,0.26,0.26,-2.324,-0.02,-1,3710505,976998.125
ELEC,2020-07-13,0.28,0.28,0.27,0.28,-0.36,0,-1,1455260,400725.594
ELEC,2020-07-12,0.28,0.28,0.27,0.28,3.83,0.01,-1,4109910,1136222.1
ELEC,2020-07-09,0.28,0.28,0.26,0.27,-4.24,-0.01,-1,2945205,783970.813
ELEC,2020-07-08,0.28,0.28,0.27,0.28,-0.36,0,-1,2767685,769404.063
ELEC,2020-07-07,0.28,0.28,0.28,0.28,-2.25,0,-1,3629645,1012344.563
ELEC,2020-07-06,0.29,0.29,0.28,0.28,-0.7,-0.01,-1,1719660,489180.781
ELEC,2020-07-05,0.29,0.29,0.28,0.29,2.51,0.01,-1,7124835,2040522.375
ELEC,2020-06-30,0.28,0.28,0.28,0.28,-0.07,0,-1,3361235,939395
ELEC,2020-06-29,0.28,0.28,0.28,0.28,-0.5,0,-1,2040500,570357.125
ELEC,2020-06-28,0.29,0.29,0.28,0.28,-2.16,-0.01,-1,3829505,1076469.75
ELEC,2020-06-25,0.3,0.3,0.28,0.29,-4.39,-0.01,-1,7732240,2220593.25
ELEC,2020-06-24,0.31,0.31,0.29,0.3,1.49,0,-1,18744320,5631641
ELEC,2020-06-23,0.3,0.3,0.28,0.3,5.41,0.02,-1,10623465,3145523.75
ELEC,2020-06-22,0.29,0.29,0.27,0.28,0,0,-1,6396230,1795885.125
ELEC,2020-06-21,0.28,0.28,0.27,0.28,-3.5,-0.01,-1,1747700,482380.156
ELEC,2020-06-18,0.3,0.3,0.28,0.29,2.509,0.01,-1,6763960,1934838.875
ELEC,2020-06-17,0.28,0.28,0.26,0.28,7.39,0.02,-1,13656065,3809524.75
ELEC,2020-06-16,0.26,0.26,0.26,0.26,-0.99,0,-1,1499670,389719
ELEC,2020-06-15,0.27,0.27,0.25,0.26,-0.23,0,-1,611230,160388.766
ELEC,2020-06-14,0.27,0.27,0.26,0.26,-1.44,0,-1,1138530,299416.688
ELEC,2020-06-11,0.27,0.27,0.25,0.26,0.53,0,-1,902120,237900.484
ELEC,2020-06-10,0.26,0.26,0.25,0.26,-2.256,-0.01,-1,4874325,1278813.875
ELEC,2020-06-09,0.27,0.27,0.26,0.27,-1.92,0,-1,4176040,1111052.375
ELEC,2020-06-08,0.27,0.27,0.27,0.27,4.07,0.01,-1,9103315,2468653.25
ELEC,2020-06-07,0.27,0.27,0.25,0.26,7.15,0.02,-1,23307565,6075001.16
ELEC,2020-06-04,0.25,0.25,0.24,0.24,0.743,0,-1,3026705,736280.625
ELEC,2020-06-03,0.24,0.24,0.24,0.24,-0.16,0,-1,3665990,888053
ELEC,2020-06-02,0.24,0.24,0.24,0.24,1.51,0,-1,4868725,1180814.625
ELEC,2020-06-01,0.24,0.24,0.23,0.24,-0.17,0,-1,1811070,432683.438
ELEC,2020-05-31,0.25,0.25,0.24,0.24,2.4,0.01,-1,12446065,2980335
ELEC,2020-05-21,0.25,0.25,0.23,0.23,9.155001,0,-1,13062855,3055359.75
ELEC,2020-05-20,0.23,0.23,0.23,0.23,0.353,0,-1,1796500,408234.25
ELEC,2020-05-19,0.24,0.24,0.23,0.23,0,0,-1,79045,18157.68
ELEC,2020-05-18,0.23,0.23,0.23,0.23,-1.109,0,-1,755000,170886
ELEC,2020-05-17,0.24,0.24,0.23,0.23,-0.17,0,-1,425075,99636.188
ELEC,2020-05-14,0.24,0.24,0.23,0.23,-1.01,-0.01,-1,405000,95109.641
ELEC,2020-05-13,0.24,0.24,0.23,0.24,-2.06,0,-1,428500,101626.797
ELEC,2020-05-12,0.25,0.25,0.24,0.24,4.49,0.01,-1,1071465,259527.078
ELEC,2020-05-11,0.24,0.24,0.23,0.23,-2.93,-0.01,-1,665000,154082
ELEC,2020-05-10,0.25,0.25,0.23,0.24,-0.17,0,-1,2272930,542972.063
ELEC,2020-05-07,0.24,0.24,0.24,0.24,-3.236,-0.01,-1,1661190,397384.438
ELEC,2020-05-06,0.25,0.25,0.24,0.25,0,0,-1,1585525,392030.969
ELEC,2020-05-05,0.25,0.25,0.24,0.25,1.98,0.01,-1,178850,44203.129
ELEC,2020-05-04,0.25,0.25,0.24,0.24,-3.58,-0.01,-1,4085385,990138.25
ELEC,2020-05-03,0.26,0.26,0.25,0.25,-3.6,-0.01,-1,5054930,1270545
ELEC,2020-04-30,0.26,0.26,0.26,0.26,-0.31,0,-1,2250150,586920
ELEC,2020-04-29,0.27,0.27,0.26,0.26,-0.76,0,-1,4780340,1250347.5
ELEC,2020-04-28,0.27,0.27,0.26,0.26,0.92,0,-1,3955115,1042845.125
ELEC,2020-04-27,0.27,0.27,0.26,0.26,-1.51,0,-1,4704460,1229027.5
ELEC,2020-04-26,0.27,0.27,0.26,0.26,1.53,0,-1,5114695,1353646.5
ELEC,2020-04-23,0.27,0.27,0.25,0.26,3.82,0.01,-1,9082720,2368737.25
ELEC,2020-04-22,0.26,0.26,0.25,0.25,-0.95,0,-1,1222010,306942.406
ELEC,2020-04-21,0.26,0.26,0.25,0.25,-1.09,-0.01,-1,949370,240802.094
ELEC,2020-04-16,0.26,0.26,0.26,0.26,-0.85,0,-1,895095,229481.266
ELEC,2020-04-15,0.26,0.26,0.25,0.26,1.73,0.01,-1,1843875,476808.125
ELEC,2020-04-14,0.26,0.26,0.25,0.25,0.316,0,-1,25251790,6418964.5
ELEC,2020-04-13,0.25,0.25,0.25,0.25,1.44,0,-1,2423000,614026.063
ELEC,2020-04-12,0.26,0.26,0.25,0.25,-0.873,0,-1,3432400,857486.25
ELEC,2020-04-09,0.25,0.25,0.25,0.25,-0.87,0,-1,1156770,291412.313
ELEC,2020-04-08,0.26,0.26,0.25,0.25,1.27,0,-1,2314405,588332.313
ELEC,2020-04-07,0.25,0.25,0.25,0.25,2.53,0.01,-1,3992130,1001747.313
ELEC,2020-04-06,0.25,0.25,0.24,0.24,0.99,0,-1,2403665,588563.375
ELEC,2020-04-05,0.25,0.25,0.24,0.24,0.332,0,-1,1750260,424270.563
ELEC,2020-04-02,0.25,0.25,0.24,0.24,1.18,0,-1,5316800,1282633
ELEC,2020-04-01,0.24,0.24,0.23,0.24,-1.41,0,-1,3170750,752263.25
ELEC,2020-03-31,0.25,0.25,0.24,0.24,0.25,0,-1,8741380,2103212.25
ELEC,2020-03-30,0.24,0.24,0.24,0.24,-1.072,0,-1,3312870,795293.375
ELEC,2020-03-29,0.25,0.25,0.24,0.24,0.58,0,-1,1844500,447645.5
ELEC,2020-03-26,0.25,0.25,0.23,0.24,4.33,0.01,-1,7064310,1704450.625
ELEC,2020-03-25,0.24,0.24,0.23,0.23,0.43,0,-1,8824865,2039914.25
ELEC,2020-03-24,0.23,0.23,0.23,0.23,-1.54,0,-1,15797335,3635104.5
ELEC,2020-03-23,0.25,0.25,0.23,0.23,3.45,0,-1,15559675,3636475.25
ELEC,2020-03-22,0.23,0.23,0.22,0.23,6.91,0.02,-1,5466595,1235523.5
ELEC,2020-03-19,0.21,0.21,0.2,0.21,9.42,0.02,-1,14537650,3072004.25
ELEC,2020-03-18,0.2,0.2,0.19,0.19,-1.02,-0.01,-1,3913970,756279.938
ELEC,2020-03-17,0.22,0.22,0.19,0.2,-7.66,-0.01,-1,4143065,809111.875
ELEC,2020-03-16,0.24,0.24,0.21,0.21,-8.64,-0.02,-1,17590990,3719853
ELEC,2020-03-15,0.24,0.24,0.23,0.23,-9.54,-0.03,-1,5956395,1378238.625
ELEC,2020-03-11,0.26,0.26,0.25,0.26,-3.83,-0.01,-1,2106730,539074.313
ELEC,2020-03-10,0.28,0.28,0.25,0.27,-5.077,0,-1,8970235,2385827.25
ELEC,2020-03-02,0.28,0.28,0.26,0.27,2.1,0,-1,3973550,1080072.625
ELEC,2020-03-01,0.28,0.28,0.26,0.27,-6.14,-0.01,-1,3826465,1018746.188
ELEC,2020-02-27,0.29,0.29,0.28,0.28,0.21,0,-1,3010580,853712
ELEC,2020-02-26,0.29,0.29,0.28,0.28,0,0,-1,10551055,2985237.5
ELEC,2020-02-25,0.29,0.29,0.28,0.28,2.02,0,-1,2286860,647113.188
ELEC,2020-02-24,0.28,0.28,0.27,0.28,-3.61,-0.01,-1,9330890,2589208.5
ELEC,2020-02-23,0.29,0.29,0.28,0.29,-2.406,0,-1,4019545,1156588
ELEC,2020-02-20,0.29,0.29,0.29,0.29,0.48,0,-1,2376115,691240.438
ELEC,2020-02-19,0.29,0.29,0.29,0.29,-0.07,0,-1,3356355,972314.063
ELEC,2020-02-18,0.3,0.3,0.29,0.29,0.69,0,-1,17278945,5006687
ELEC,2020-02-17,0.29,0.29,0.28,0.29,2.13,0.01,-1,7712460,2219363.25
ELEC,2020-02-16,0.29,0.29,0.28,0.28,-0.84,0,-1,3694735,1041275.813
ELEC,2020-02-13,0.29,0.29,0.28,0.28,2.97,0,-1,8789410,2497377.75
ELEC,2020-02-12,0.28,0.28,0.28,0.28,-0.72,0,-1,1324540,365562.344
ELEC,2020-02-11,0.28,0.28,0.28,0.28,-0.645,0,-1,2483705,688358.25
ELEC,2020-02-10,0.28,0.28,0.28,0.28,-0.71,0,-1,2601270,725886.688
ELEC,2020-02-09,0.28,0.28,0.28,0.28,1.3,0,-1,10976105,3084348
ELEC,2020-02-06,0.28,0.28,0.28,0.28,0.8,0,-1,1006825,279292.344
ELEC,2020-02-05,0.28,0.28,0.27,0.28,-0.936,0,-1,1032350,284131.688
ELEC,2020-02-04,0.28,0.28,0.28,0.28,-0.71,0,-1,3079695,855775.438
ELEC,2020-02-03,0.29,0.29,0.28,0.28,-1.48,0,-1,1594100,446134.469
ELEC,2020-02-02,0.29,0.29,0.28,0.28,0,0,-1,1719935,488542.875
ELEC,2020-01-30,0.29,0.29,0.28,0.28,0.07,0,-1,1221255,347188.719
ELEC,2020-01-29,0.29,0.29,0.28,0.28,3.2,0,-1,6329150,1797886.25
ELEC,2020-01-28,0.28,0.28,0.27,0.28,-2.13,0,-1,4258695,1171611.75
ELEC,2020-01-27,0.29,0.29,0.28,0.28,1.08,0,-1,9416950,2647803.5
ELEC,2020-01-26,0.28,0.28,0.28,0.28,-0.57,0,-1,2434935,677555.5
ELEC,2020-01-23,0.28,0.28,0.28,0.28,0,0,-1,1683555,470990.563
ELEC,2020-01-22,0.29,0.29,0.28,0.28,1.82,0.01,-1,4515115,1263014
ELEC,2020-01-21,0.28,0.28,0.27,0.27,-2.84,-0.01,-1,25586310,7031128.5
ELEC,2020-01-20,0.29,0.29,0.28,0.28,-2.15,-0.01,-1,12916665,3642117.25
ELEC,2020-01-19,0.3,0.3,0.28,0.29,-4.06,-0.01,-1,11730635,3381116.25
ELEC,2020-01-16,0.31,0.31,0.3,0.3,-1.18,0,-1,11929440,3584338
ELEC,2020-01-15,0.31,0.31,0.3,0.3,-4.52,-0.02,-1,21751700,6610754.5
ELEC,2020-01-14,0.35,0.35,0.3,0.32,-1.24,0,-1,31777325,10118307
ELEC,2020-01-13,0.33,0.33,0.3,0.32,8.04,0.02,-1,80835870,26060450
ELEC,2020-01-12,0.3,0.3,0.3,0.3,0.54,0,-1,4619565,1378613.25
ELEC,2020-01-09,0.31,0.31,0.29,0.3,0.13,0,-1,2328635,691239.875
ELEC,2020-01-08,0.3,0.3,0.28,0.3,-0.47,0,-1,5266235,1560909.625
ELEC,2020-01-06,0.31,0.31,0.28,0.3,0.81,0,-1,6998440,2084581.375
ELEC,2020-01-05,0.3,0.3,0.27,0.3,2.86,0.01,-1,23147830,6839540.5
ELEC,2020-01-02,0.3,0.3,0.27,0.29,5.12,0.02,-1,7560445,2171628.75
ELEC,2019-12-31,0.28,0.28,0.27,0.27,1.04,0,-1,3420000,934368.75
ELEC,2019-12-30,0.27,0.27,0.26,0.27,0.67,0,-1,2293075,619991.938
ELEC,2019-12-29,0.27,0.27,0.27,0.27,1.74,0.01,-1,1545895,415075.875
ELEC,2019-12-26,0.27,0.27,0.26,0.26,0.46,0,-1,2011360,531173.875
ELEC,2019-12-25,0.26,0.26,0.26,0.26,0.92,0,-1,1331925,349944.063
ELEC,2019-12-24,0.26,0.26,0.26,0.26,0,0,-1,4535,1172.376
ELEC,2019-12-23,0.26,0.26,0.26,0.26,-1.36,0,-1,724795,188728.531
ELEC,2019-12-22,0.26,0.26,0.26,0.26,1.46,0,-1,1318500,347984.094
ELEC,2019-12-19,0.26,0.26,0.26,0.26,-0.839,0,-1,2910385,757189.25
ELEC,2019-12-18,0.27,0.27,0.26,0.26,-1.13,-0.01,-1,4988315,1307845.5
ELEC,2019-12-17,0.27,0.27,0.26,0.27,0.76,0.01,-1,2531235,671270
ELEC,2019-12-16,0.27,0.27,0.26,0.26,0.69,0,-1,3741050,987400.5
ELEC,2019-12-15,0.26,0.26,0.25,0.26,2.99,0.01,-1,3009195,789005.813
ELEC,2019-12-12,0.26,0.26,0.25,0.25,-1.627,-0.01,-1,2153295,548116.813
ELEC,2019-12-11,0.26,0.26,0.26,0.26,-1.38,0,-1,520830,134529.781
ELEC,2019-12-10,0.26,0.26,0.26,0.26,0.61,0,-1,3065580,802850.438
ELEC,2019-12-09,0.26,0.26,0.26,0.26,-0.08,0,-1,1129480,293915.625
ELEC,2019-12-08,0.26,0.26,0.26,0.26,-0.08,0,-1,6105360,1590391.75
ELEC,2019-12-05,0.27,0.27,0.26,0.26,-1.21,0,-1,6483835,1690091.25
ELEC,2019-12-04,0.27,0.27,0.26,0.26,0.08,0,-1,15506390,4091237
ELEC,2019-12-03,0.27,0.27,0.25,0.26,-2.44,-0.01,-1,5778730,1523289.875
ELEC,2019-12-02,0.27,0.27,0.27,0.27,-1.6,0,-1,722545,195221.938
ELEC,2019-12-01,0.28,0.28,0.27,0.27,-1.935,-0.01,-1,122595,33653.844
ELEC,2019-11-28,0.28,0.28,0.27,0.28,3.221,0.01,-1,2500520,697852.25
ELEC,2019-11-27,0.28,0.28,0.27,0.27,-0.73,0,-1,143305,39157.469
ELEC,2019-11-26,0.28,0.28,0.27,0.27,-1.43,-0.01,-1,1108420,304542.313
ELEC,2019-11-25,0.29,0.29,0.28,0.28,0,0,-1,975360,271851.375
ELEC,2019-11-24,0.28,0.28,0.28,0.28,-1.42,0,-1,558305,155843.844
ELEC,2019-11-21,0.28,0.28,0.28,0.28,-1.19,-0.01,-1,4795670,1355350.375
ELEC,2019-11-20,0.29,0.29,0.28,0.29,-1.38,0,-1,1810905,517987.375
ELEC,2019-11-19,0.29,0.29,0.29,0.29,0,0,-1,104220,29871.592
ELEC,2019-11-18,0.3,0.3,0.29,0.29,-0.34,0,-1,734785,213101.031
ELEC,2019-11-17,0.3,0.3,0.28,0.29,-2.55,-0.01,-1,3141710,914194.875
ELEC,2019-11-14,0.3,0.3,0.3,0.3,-0.07,0,-1,5299350,1581904
ELEC,2019-11-13,0.3,0.3,0.3,0.3,0,0,-1,922720,275784.844
ELEC,2019-11-12,0.3,0.3,0.29,0.3,-0.4,0,-1,256685,76672.789
ELEC,2019-11-11,0.3,0.3,0.3,0.3,0.27,0,-1,293120,87907.047
ELEC,2019-11-07,0.31,0.31,0.29,0.3,0.942,0,-1,1470080,439888.438
ELEC,2019-11-06,0.3,0.3,0.3,0.3,-0.8,0,-1,373100,110916.703
ELEC,2019-11-05,0.31,0.31,0.3,0.3,-0.27,0,-1,2286000,684899.125
ELEC,2019-11-04,0.3,0.3,0.29,0.3,-1.44,0,-1,1196430,359406.26
ELEC,2019-11-03,0.31,0.31,0.3,0.3,0.07,0,-1,2285900,696871.313
ELEC,2019-10-31,0.31,0.31,0.3,0.3,1.33,0,-1,3915580,1192901
ELEC,2019-10-30,0.3,0.3,0.3,0.3,-1.38,0,-1,3904960,1174211.375
ELEC,2019-10-29,0.31,0.31,0.3,0.3,-1.29,-0.01,-1,3445340,1050461.625
ELEC,2019-10-28,0.31,0.31,0.3,0.31,0,0,-1,2640185,816008.563
ELEC,2019-10-27,0.31,0.31,0.3,0.31,2.93,0.01,-1,1886135,582607.188
ELEC,2019-10-24,0.3,0.3,0.3,0.3,4.75,0.01,-1,12687740,3806499.25
ELEC,2019-10-23,0.3,0.3,0.28,0.29,0.92,0.01,-1,9249140,2649213.5
ELEC,2019-10-22,0.28,0.28,0.28,0.28,0.64,0,-1,587780,166862.906
ELEC,2019-10-21,0.28,0.28,0.28,0.28,-1.12,-0.01,-1,399450,112634.82
ELEC,2019-10-20,0.29,0.29,0.28,0.29,0.64,0.01,-1,2427965,692264.125
ELEC,2019-10-17,0.29,0.29,0.28,0.28,-0.63,-0.01,-1,3438655,974174.375
ELEC,2019-10-16,0.29,0.29,0.28,0.29,2.44,0.01,-1,2707370,772249.188
ELEC,2019-10-15,0.28,0.28,0.28,0.28,-0.93,0,-1,1318535,367028.188
ELEC,2019-10-14,0.28,0.28,0.28,0.28,0.43,0,-1,975500,274034.563
ELEC,2019-10-13,0.28,0.28,0.28,0.28,-2.1,-0.01,-1,2311660,646575.688
ELEC,2019-10-10,0.29,0.29,0.28,0.29,2.507,0.01,-1,4227235,1209661.75
ELEC,2019-10-09,0.28,0.28,0.28,0.28,-0.99,0,-1,2485645,694099.75
ELEC,2019-10-08,0.29,0.29,0.28,0.28,-2.08,-0.01,-1,7872560,2219729
ELEC,2019-10-07,0.29,0.29,0.28,0.29,0,0,-1,2365080,681344.563
ELEC,2019-10-03,0.29,0.29,0.28,0.29,-1.57,0,-1,4727960,1362233
ELEC,2019-10-02,0.31,0.31,0.28,0.29,2.81,0.01,-1,12343925,3614743.25
ELEC,2019-10-01,0.29,0.29,0.28,0.28,2.15,0,-1,4001485,1139548.125
ELEC,2019-09-30,0.28,0.28,0.28,0.28,-0.994,0,-1,3037705,846841.188
ELEC,2019-09-29,0.3,0.3,0.28,0.28,4.45,0.01,-1,5480425,1543755.5
ELEC,2019-09-26,0.28,0.28,0.26,0.27,1.173,0,-1,4721275,1272772.375
ELEC,2019-09-25,0.28,0.28,0.26,0.27,6.98,0.01,-1,2035080,555355.25
ELEC,2019-09-24,0.26,0.26,0.25,0.26,-2.07,0,-1,3667655,935365.125
ELEC,2019-09-23,0.28,0.28,0.25,0.26,-4.89,-0.01,-1,3613175,940841
ELEC,2019-09-22,0.29,0.29,0.27,0.27,-9.1,-0.03,-1,6457515,1767856.125
ELEC,2019-09-19,0.31,0.31,0.3,0.3,0.27,0,-1,1965215,591940
ELEC,2019-09-18,0.31,0.31,0.29,0.3,-1.38,0,-1,3300535,991256.75
ELEC,2019-09-17,0.31,0.31,0.3,0.3,-2.12,-0.01,-1,8283265,2523741.25
ELEC,2019-09-16,0.31,0.31,0.31,0.31,-0.95,0,-1,2544600,791627.25
ELEC,2019-09-15,0.32,0.32,0.31,0.31,-1.01,-0.01,-1,2599525,816860.875
ELEC,2019-09-12,0.32,0.32,0.31,0.32,1.67,0.01,-1,9382700,2978728.5
ELEC,2019-09-11,0.32,0.32,0.31,0.31,0.84,0,-1,9201175,2872593.5
ELEC,2019-09-10,0.31,0.31,0.3,0.31,1.44,0,-1,3969270,1229199.625
ELEC,2019-09-09,0.31,0.31,0.3,0.31,-0.97,0,-1,3061415,934509.313
ELEC,2019-09-08,0.31,0.31,0.3,0.31,2.66,0.01,-1,6123960,1887018.75
ELEC,2019-09-05,0.31,0.31,0.3,0.3,1.62,0,-1,14200545,4262095
ELEC,2019-09-04,0.3,0.3,0.28,0.3,-0.94,0,-1,28423145,8395150
ELEC,2019-09-03,0.31,0.31,0.29,0.3,-3.88,-0.01,-1,23719090,7072457.5
ELEC,2019-09-02,0.33,0.33,0.3,0.31,-6.36,-0.02,-1,13124435,4061745.25
ELEC,2019-09-01,0.34,0.34,0.33,0.33,3.06,0.01,-1,5628140,1859143.5
ELEC,2019-08-29,0.33,0.33,0.32,0.32,-0.43,0,-1,2056525,659466.5
ELEC,2019-08-28,0.33,0.33,0.32,0.32,2.29,0.01,-1,5314000,1711013.5
ELEC,2019-08-27,0.32,0.32,0.31,0.31,1.29,0,-1,5570355,1753997.75
ELEC,2019-08-26,0.31,0.31,0.31,0.31,-2.015,-0.01,-1,1941085,603946.125
ELEC,2019-08-25,0.33,0.33,0.31,0.32,-3.7,-0.01,-1,5801825,1842422.875
ELEC,2019-08-22,0.34,0.34,0.33,0.33,-0.9,0,-1,7335120,2419784
ELEC,2019-08-21,0.34,0.34,0.33,0.33,-1.3,-0.01,-1,7007130,2332618
ELEC,2019-08-20,0.34,0.34,0.33,0.34,0.06,0,-1,8426300,2841198.75
ELEC,2019-08-19,0.34,0.34,0.33,0.34,1.08,0.01,-1,7881770,2656775.75
ELEC,2019-08-18,0.34,0.34,0.33,0.33,0,0,-1,1857325,619268.625
ELEC,2019-08-15,0.34,0.34,0.31,0.33,0,0,-1,6368865,2123669
ELEC,2019-08-14,0.34,0.34,0.33,0.33,3.09,0.01,-1,8050020,2682262.5
ELEC,2019-08-08,0.33,0.33,0.32,0.32,2.73,0.01,-1,7206110,2329983.5
ELEC,2019-08-07,0.32,0.32,0.31,0.31,2.47,0,-1,961260,302543.469
ELEC,2019-08-06,0.31,0.31,0.3,0.31,0.2,0,-1,2408300,739777.25
ELEC,2019-08-05,0.31,0.31,0.3,0.31,2.47,0.01,-1,1178350,361196.719
ELEC,2019-08-04,0.3,0.3,0.3,0.3,-0.4,0,-1,599125,179299.625
ELEC,2019-08-01,0.31,0.31,0.3,0.3,1.01,0,-1,1184885,355854.094
ELEC,2019-07-31,0.31,0.31,0.29,0.3,-2.17,0,-1,1706300,507604.094
ELEC,2019-07-30,0.31,0.31,0.29,0.3,-3.18,-0.01,-1,2768075,841559.688
ELEC,2019-07-29,0.32,0.32,0.31,0.31,0.45,0,-1,4975850,1564186.875
ELEC,2019-07-28,0.32,0.32,0.31,0.31,-0.63,-0.01,-1,520260,162844.578
ELEC,2019-07-25,0.32,0.32,0.31,0.32,-0.19,0,-1,1953575,615565.51
ELEC,2019-07-24,0.32,0.32,0.31,0.32,-2.375,0,-1,878965,277341.5
ELEC,2019-07-22,0.32,0.32,0.32,0.32,-0.62,0,-1,929070,297298.125
ELEC,2019-07-21,0.32,0.32,0.32,0.32,0.63,0,-1,4885935,1573540.375
ELEC,2019-07-18,0.32,0.32,0.32,0.32,-0.12,0,-1,1925480,616095.125
ELEC,2019-07-17,0.32,0.32,0.32,0.32,-2.14,-0.01,-1,506190,162160.859
ELEC,2019-07-16,0.33,0.33,0.33,0.33,0.68,0,-1,3684055,1205997.625
ELEC,2019-07-15,0.33,0.33,0.32,0.33,-0.25,0,-1,1646405,535479.125
ELEC,2019-07-14,0.33,0.33,0.32,0.33,-1.15,0,-1,2601595,848038.188
ELEC,2019-07-11,0.33,0.33,0.33,0.33,0.98,0,-1,12347220,4072526
ELEC,2019-07-10,0.33,0.33,0.32,0.33,-0.67,0,-1,2851295,931498.625
ELEC,2019-07-09,0.33,0.33,0.32,0.33,-1.97,-0.01,-1,4452770,1464085.25
ELEC,2019-07-08,0.34,0.34,0.33,0.34,0.66,0.01,-1,3393475,1138484.125
ELEC,2019-07-07,0.34,0.34,0.33,0.33,1.328,0,-1,1550700,516540.031
ELEC,2019-07-04,0.34,0.34,0.33,0.33,0,0,-1,4250930,1408471.625
ELEC,2019-07-03,0.34,0.34,0.33,0.33,0.61,0,-1,7641295,2534611.25
ELEC,2019-07-02,0.33,0.33,0.32,0.33,-2.95,-0.01,-1,4404470,1450909.625
ELEC,2019-06-27,0.34,0.34,0.33,0.34,2.54,0.01,-1,13427520,4549906
ELEC,2019-06-26,0.33,0.33,0.33,0.33,1.47,0,-1,8855150,2925571.5
ELEC,2019-06-25,0.33,0.33,0.32,0.33,2.26,0.01,-1,7282965,2370663.75
ELEC,2019-06-24,0.32,0.32,0.32,0.32,-1.24,0,-1,2044100,650652.688
ELEC,2019-06-23,0.33,0.33,0.32,0.32,0.25,0,-1,7593005,2448054.75
ELEC,2019-06-20,0.33,0.33,0.31,0.32,-0.92,0,-1,13411460,4313404
ELEC,2019-06-19,0.33,0.33,0.32,0.32,-1.04,-0.01,-1,9997610,3245307
ELEC,2019-06-18,0.34,0.34,0.32,0.33,-2.9,-0.01,-1,9303345,3052118.5
ELEC,2019-06-17,0.34,0.34,0.33,0.34,-2.18,0,-1,23020865,7777557
ELEC,2019-06-16,0.34,0.34,0.33,0.34,1.19,0,-1,13206335,4483240.5
ELEC,2019-06-13,0.35,0.35,0.33,0.34,-2.04,0,-1,16646835,5600123.5
ELEC,2019-06-12,0.35,0.35,0.34,0.34,0.7,0,-1,14431400,4956802
ELEC,2019-06-11,0.35,0.35,0.31,0.34,8.396,0.02,-1,47927690,16340051
ELEC,2019-06-10,0.33,0.33,0.31,0.32,3.3,0.01,-1,10299615,3286695.24
ELEC,2019-06-09,0.32,0.32,0.3,0.31,7.22,0.02,-1,19284585,5957777
ELEC,2019-06-03,0.3,0.3,0.28,0.29,4.5,0.01,-1,14881915,4288264
ELEC,2019-06-02,0.28,0.28,0.27,0.28,-0.293,0.01,-1,1256765,346630.781
ELEC,2019-05-30,0.28,0.28,0.27,0.27,-2.01,-0.01,-1,1098575,299706.094
ELEC,2019-05-29,0.28,0.28,0.27,0.28,-0.36,0,-1,4914195,1367621
ELEC,2019-05-28,0.28,0.28,0.27,0.28,5.071,0.01,-1,11810250,3300520
ELEC,2019-05-27,0.27,0.27,0.26,0.27,3.63,0.01,-1,7682535,2060540
ELEC,2019-05-26,0.27,0.27,0.24,0.26,4.78,0.01,-1,9050250,2342133.25
ELEC,2019-05-23,0.25,0.25,0.25,0.25,1.23,0.01,-1,6142510,1517613.375
ELEC,2019-05-22,0.25,0.25,0.24,0.24,0.08,0,-1,1207030,294527.844
ELEC,2019-05-21,0.25,0.25,0.24,0.24,2.44,0,-1,1800470,439109.656
ELEC,2019-05-20,0.24,0.24,0.23,0.24,-1.08,0,-1,3828725,911152.75
ELEC,2019-05-19,0.24,0.24,0.24,0.24,-0.17,0,-1,1324945,318822.813
ELEC,2019-05-16,0.25,0.25,0.24,0.24,1.69,0,-1,5257895,1266671.5
ELEC,2019-05-15,0.24,0.24,0.24,0.24,-1.5,0,-1,383470,90865.953
ELEC,2019-05-14,0.25,0.25,0.23,0.24,1.35,0,-1,4871030,1171646.75
ELEC,2019-05-13,0.24,0.24,0.23,0.24,1.11,0.01,-1,2311810,548601.688
ELEC,2019-05-12,0.24,0.24,0.23,0.23,-1.18,-0.01,-1,2992795,703004.73
ELEC,2019-05-09,0.24,0.24,0.23,0.24,0.17,0,-1,5031735,1195990.125
ELEC,2019-05-08,0.25,0.25,0.23,0.24,-5.5,-0.01,-1,3702375,878565.188
ELEC,2019-05-07,0.26,0.26,0.25,0.25,-0.71,0,-1,3278315,823033.688
ELEC,2019-05-06,0.26,0.26,0.25,0.25,-2.24,-0.01,-1,1942500,491227.781
ELEC,2019-05-05,0.27,0.27,0.26,0.26,-2.19,0,-1,3075890,795564.688
ELEC,2019-05-02,0.27,0.27,0.26,0.26,-1.27,-0.01,-1,3651220,965492.875
ELEC,2019-04-30,0.27,0.27,0.26,0.27,-0.07,0,-1,3550625,950926.5
ELEC,2019-04-24,0.27,0.27,0.27,0.27,-0.07,0,-1,5542070,1485529
ELEC,2019-04-23,0.28,0.28,0.26,0.27,-2.97,-0.01,-1,9109960,2442653.25
ELEC,2019-04-22,0.28,0.28,0.27,0.28,-1.85,0,-1,5096960,1409179.375
ELEC,2019-04-21,0.29,0.29,0.28,0.28,0.714,0,-1,10130675,2853627
ELEC,2019-04-18,0.29,0.29,0.27,0.28,3.78,0.01,-1,36491450,10215774
ELEC,2019-04-17,0.27,0.27,0.27,0.27,0.22,0,-1,55886520,15072825
ELEC,2019-04-16,0.27,0.27,0.27,0.27,0.149,0,-1,5672955,1526797.125
ELEC,2019-04-15,0.27,0.27,0.27,0.27,0,0,-1,22856790,6148404.5
ELEC,2019-04-14,0.27,0.27,0.27,0.27,-4.468,-0.01,-1,44008155,11863600
ELEC,2019-04-11,0.31,0.31,0.28,0.28,-9.96,-0.03,-1,915530,258179.453
ELEC,2019-04-09,0.32,0.32,0.3,0.31,8.67,0.02,-1,4359880,1365212.875
ELEC,2019-04-08,0.29,0.29,0.27,0.29,5.11,0.02,-1,2384690,687189.25
ELEC,2019-04-07,0.28,0.28,0.26,0.27,2.77,0,-1,1211820,332341.219
ELEC,2019-04-04,0.27,0.27,0.26,0.27,-0.22,0,-1,733280,195612.625
ELEC,2019-04-03,0.27,0.27,0.26,0.27,-0.15,0,-1,3183350,851397.25
ELEC,2019-04-02,0.27,0.27,0.27,0.27,0,0,-1,12946645,3467140.75
ELEC,2019-04-01,0.27,0.27,0.27,0.27,-0.07,0,-1,8204090,2197834.75
ELEC,2019-03-31,0.27,0.27,0.26,0.27,1.59,0.01,-1,35859195,9607849
ELEC,2019-03-28,0.26,0.26,0.26,0.26,0.23,0,-1,10315730,2721922.75
ELEC,2019-03-27,0.26,0.26,0.26,0.26,0,0,-1,2548750,671029.188
ELEC,2019-03-26,0.26,0.26,0.26,0.26,-0.15,0,-1,21571595,5676307
ELEC,2019-03-25,0.27,0.27,0.26,0.26,-0.15,0,-1,5167235,1361795.5
ELEC,2019-03-24,0.26,0.26,0.26,0.26,0.08,0,-1,5095105,1345007.875
ELEC,2019-03-21,0.26,0.26,0.26,0.26,0.15,0,-1,9157395,2414924.25
ELEC,2019-03-20,0.26,0.26,0.26,0.26,0.152,0,-1,2960840,780037.375
ELEC,2019-03-19,0.26,0.26,0.26,0.26,-0.3,0,-1,6635410,1744435.375
ELEC,2019-03-18,0.26,0.26,0.26,0.26,0,0,-1,15153485,3994522.75
ELEC,2019-03-17,0.26,0.26,0.26,0.26,0.534,0,-1,4965075,1309133.25
ELEC,2019-03-14,0.26,0.26,0.26,0.26,-0.23,0,-1,7239315,1899114.125
ELEC,2019-03-13,0.26,0.26,0.26,0.26,0.23,0,-1,12433475,3269347.25
ELEC,2019-03-12,0.26,0.26,0.26,0.26,0.31,0,-1,12719415,3337883.25
ELEC,2019-03-11,0.26,0.26,0.26,0.26,-0.15,0,-1,8322155,2177163.5
ELEC,2019-03-10,0.26,0.26,0.26,0.26,0.31,0,-1,22444560,5880803.5
ELEC,2019-03-07,0.26,0.26,0.26,0.26,4.23,0.01,-1,57093575,14909227
ELEC,2019-03-06,0.25,0.25,0.25,0.25,-0.16,0,-1,1578835,395032.625
ELEC,2019-03-05,0.25,0.25,0.25,0.25,0.72,0,-1,9266975,2323030.25
ELEC,2019-03-04,0.25,0.25,0.25,0.25,-0.64,0,-1,4096770,1018960.5
ELEC,2019-03-03,0.25,0.25,0.25,0.25,-0.08,0,-1,6164900,1543939.625
ELEC,2019-02-28,0.25,0.25,0.25,0.25,-0.16,0,-1,2554080,639850.5
ELEC,2019-02-27,0.25,0.25,0.25,0.25,-0.48,0,-1,1703920,427712
ELEC,2019-02-26,0.25,0.25,0.25,0.25,0,0,-1,3874345,977257.688
ELEC,2019-02-25,0.25,0.25,0.25,0.25,0.24,0,-1,2989150,750731.563
ELEC,2019-02-24,0.25,0.25,0.25,0.25,-0.63,0,-1,2643520,662306.625
ELEC,2019-02-21,0.25,0.25,0.25,0.25,-0.39,0,-1,4076255,1028247
ELEC,2019-02-20,0.25,0.25,0.25,0.25,0.4,0,-1,5469500,1385306.25
ELEC,2019-02-19,0.25,0.25,0.25,0.25,0.24,0,-1,4571660,1152939
ELEC,2019-02-18,0.25,0.25,0.25,0.25,-0.238,0,-1,5706490,1435693
ELEC,2019-02-17,0.25,0.25,0.25,0.25,-0.079,0,-1,19762425,4982552.5
ELEC,2019-02-14,0.25,0.25,0.25,0.25,-0.16,0,-1,13896650,3504068
ELEC,2019-02-13,0.26,0.26,0.25,0.25,0.08,0,-1,7406130,1870798.625
ELEC,2019-02-12,0.26,0.26,0.25,0.25,-0.79,0,-1,35112215,8861341
ELEC,2019-02-11,0.26,0.26,0.25,0.25,-1.4,-0.01,-1,28929325,7360929.5
ELEC,2019-02-10,0.26,0.26,0.25,0.26,1.49,0.01,-1,7302340,1883723.125
ELEC,2019-02-07,0.26,0.26,0.25,0.25,0.08,0,-1,2104675,535020.563
ELEC,2019-02-06,0.26,0.26,0.25,0.25,-0.08,0,-1,4905345,1246264
ELEC,2019-02-05,0.26,0.26,0.25,0.25,-0.08,0,-1,4071990,1035043.813
ELEC,2019-02-04,0.26,0.26,0.25,0.25,0.08,0,-1,2352120,598605
ELEC,2019-02-03,0.26,0.26,0.25,0.25,0.24,0,-1,7318975,1860304.625
ELEC,2019-01-31,0.26,0.26,0.25,0.25,0.56,0,-1,18439790,4677438
ELEC,2019-01-30,0.25,0.25,0.25,0.25,0.08,0,-1,11138855,2809328.5
ELEC,2019-01-29,0.25,0.25,0.25,0.25,0,0,-1,1173200,295629.438
ELEC,2019-01-28,0.25,0.25,0.25,0.25,-0.552,0,-1,14419545,3640624
ELEC,2019-01-27,0.26,0.26,0.25,0.25,0.235,0,-1,3930940,997453.875
ELEC,2019-01-23,0.26,0.26,0.25,0.25,0.315,0,-1,8671535,2209121
ELEC,2019-01-22,0.26,0.26,0.25,0.25,1.034,0,-1,13878965,3526132.25
ELEC,2019-01-21,0.25,0.25,0.25,0.25,0.56,0,-1,10831385,2722585
ELEC,2019-01-20,0.25,0.25,0.25,0.25,0.32,0,-1,8798380,2199275.5
ELEC,2019-01-17,0.25,0.25,0.25,0.25,-0.24,0,-1,13288915,3311162.25
ELEC,2019-01-16,0.25,0.25,0.25,0.25,-0.08,0,-1,5980220,1493385.125
ELEC,2019-01-15,0.25,0.25,0.25,0.25,0.81,0,-1,9513885,2378938.25
ELEC,2019-01-14,0.25,0.25,0.25,0.25,0,0,-1,3909355,969449.75
ELEC,2019-01-13,0.25,0.25,0.25,0.25,0.08,0,-1,5428920,1346354
ELEC,2019-01-10,0.25,0.25,0.25,0.25,0.08,0,-1,6960810,1724497.5
ELEC,2019-01-09,0.25,0.25,0.25,0.25,-0.16,0,-1,9493765,2350424.75
ELEC,2019-01-08,0.25,0.25,0.25,0.25,0,0,-1,6414640,1591141.875
ELEC,2019-01-06,0.25,0.25,0.25,0.25,0,0,-1,3664545,908735.938
ELEC,2019-01-03,0.25,0.25,0.25,0.25,-0.4,0,-1,8671550,2151190
ELEC,2019-01-02,0.25,0.25,0.25,0.25,-0.32,0,-1,6615025,1647322.25
ELEC,2018-12-31,0.25,0.25,0.25,0.25,0.73,0,-1,9883430,2468566.75
ELEC,2018-12-30,0.25,0.25,0.25,0.25,0.24,0,-1,2555715,633814
ELEC,2018-12-27,0.25,0.25,0.25,0.25,-0.08,0,-1,6838715,1691905.625
ELEC,2018-12-26,0.25,0.25,0.25,0.25,-0.4,0,-1,12203410,3021474
ELEC,2018-12-25,0.25,0.25,0.25,0.25,0.81,0,-1,6070255,1509084.625
ELEC,2018-12-24,0.25,0.25,0.25,0.25,0,0,-1,6984590,1718799.25
ELEC,2018-12-23,0.25,0.25,0.25,0.25,0,0,-1,3772400,927678.125
ELEC,2018-12-20,0.25,0.25,0.25,0.25,-0.16,0,-1,4660660,1146461.875
ELEC,2018-12-19,0.25,0.25,0.25,0.25,0.08,0,-1,12477495,3075047
ELEC,2018-12-18,0.25,0.25,0.25,0.25,0,0,-1,4353330,1072087.125
ELEC,2018-12-17,0.25,0.25,0.25,0.25,0,0,-1,7676720,1896346.75
ELEC,2018-12-16,0.25,0.25,0.25,0.25,-0.56,0,-1,7483690,1848879.25
ELEC,2018-12-13,0.25,0.25,0.25,0.25,0.32,0,-1,6066680,1506524.25
ELEC,2018-12-12,0.25,0.25,0.25,0.25,-0.88,0,-1,6510870,1612311.375
ELEC,2018-12-11,0.25,0.25,0.25,0.25,-0.8,0,-1,5974835,1492280.625
ELEC,2018-12-10,0.25,0.25,0.25,0.25,1.13,0,-1,4206080,1056663.25
ELEC,2018-12-09,0.25,0.25,0.25,0.25,0.728,0,-1,7276020,1807962.25
ELEC,2018-12-06,0.25,0.25,0.24,0.25,1.23,0.01,-1,14980090,3704915.25
ELEC,2018-12-05,0.25,0.25,0.24,0.24,-0.41,-0.01,-1,7412925,1811739.25
ELEC,2018-12-04,0.25,0.25,0.24,0.25,0.41,0.01,-1,16504360,4051642.75
ELEC,2018-12-03,0.25,0.25,0.24,0.24,-0.57,-0.01,-1,38955015,9495258
ELEC,2018-12-02,0.25,0.25,0.24,0.25,0,0,-1,6906625,1692866.625
ELEC,2018-11-29,0.25,0.25,0.25,0.25,-0.24,0,-1,3094605,759002.25
ELEC,2018-11-28,0.25,0.25,0.24,0.25,-0.32,0,-1,8886160,2183706.5
ELEC,2018-11-27,0.25,0.25,0.25,0.25,0.81,0,-1,20514850,5058748
ELEC,2018-11-26,0.25,0.25,0.24,0.25,0.16,0,-1,6699915,1644988.125
ELEC,2018-11-25,0.25,0.25,0.24,0.25,-0.16,0,-1,28909055,7089538
ELEC,2018-11-22,0.25,0.25,0.24,0.25,-0.08,0,-1,27052345,6646661.5
ELEC,2018-11-21,0.25,0.25,0.24,0.25,-0.73,0,-1,85306040,20968806
ELEC,2018-11-19,0.25,0.25,0.25,0.25,2.48,0.01,-1,107920825,26715598
ELEC,2018-11-18,0.24,0.24,0.24,0.24,4.589,0.01,-1,2713200,655509.125
ELEC,2018-11-15,0.24,0.24,0.22,0.23,5.096,0.01,-1,29092650,6717804
ELEC,2018-11-14,0.22,0.22,0.22,0.22,-1.79,0,-1,21345235,4691818
ELEC,2018-11-13,0.23,0.23,0.22,0.22,-2.86,-0.01,-1,5373270,1202714.375
ELEC,2018-11-12,0.23,0.23,0.22,0.23,1.05,0,-1,9510550,2191038.25
ELEC,2018-11-11,0.23,0.23,0.22,0.23,-0.61,0,-1,12519925,2854239.5
ELEC,2018-11-08,0.23,0.23,0.23,0.23,-1.714,0,-1,20350345,4668957.5
ELEC,2018-11-07,0.24,0.24,0.23,0.23,2.01,0,-1,32567525,7599680
ELEC,2018-11-06,0.23,0.23,0.22,0.23,2.42,0.01,-1,27799590,6359998.5
ELEC,2018-11-05,0.23,0.23,0.22,0.22,1.64,0,-1,28250555,6312458
ELEC,2018-11-04,0.22,0.22,0.22,0.22,5.07,0.01,-1,28043300,6165144.5
ELEC,2018-11-01,0.22,0.22,0.2,0.21,5.13,0.01,-1,46526965,9728944
ELEC,2018-10-31,0.2,0.2,0.2,0.2,1.12,0,-1,23540420,4684929
ELEC,2018-10-30,0.21,0.21,0.19,0.2,5.35,0.01,-1,40165035,7908267
ELEC,2018-10-29,0.19,0.19,0.18,0.19,3.43,0.01,-1,17006810,3175951.25
ELEC,2018-10-28,0.18,0.18,0.18,0.18,1.919,0,-1,7939820,1433916
ELEC,2018-10-25,0.18,0.18,0.17,0.18,1.79,0,-1,9575950,1696582.375
ELEC,2018-10-24,0.18,0.18,0.17,0.18,-2.18,0,-1,9315945,1665561.375
ELEC,2018-10-23,0.19,0.19,0.18,0.18,-0.217,0,-1,8694010,1595705.125
ELEC,2018-10-22,0.19,0.19,0.18,0.18,1.43,0,-1,14494205,2668324.75
ELEC,2018-10-21,0.18,0.18,0.18,0.18,-1.73,0,-1,7789900,1413444.625
ELEC,2018-10-18,0.19,0.19,0.18,0.18,-3.553,-0.01,-1,20415155,3768232.75
ELEC,2018-10-17,0.19,0.19,0.19,0.19,2.46,0,-1,22953450,4391509.5
ELEC,2018-10-16,0.19,0.19,0.18,0.19,2.52,0.01,-1,23612550,4411652.5
ELEC,2018-10-15,0.19,0.19,0.18,0.18,0.11,0,-1,12886570,2347438
ELEC,2018-10-14,0.18,0.18,0.18,0.18,4.96,0.01,-1,11062700,2012601.75
ELEC,2018-10-11,0.18,0.18,0.16,0.17,-2.8,-0.01,-1,26275935,4554603.5
ELEC,2018-10-10,0.18,0.18,0.17,0.18,1.02,0,-1,10373340,1849581.125
ELEC,2018-10-09,0.18,0.18,0.17,0.18,-2.54,0,-1,12399255,2190701.5
ELEC,2018-10-08,0.19,0.19,0.18,0.18,-7.503,-0.01,-1,23081820,4183482.75
ELEC,2018-10-04,0.2,0.2,0.19,0.19,-4.61,-0.01,-1,22066440,4292583.5
ELEC,2018-10-03,0.21,0.21,0.2,0.2,1.09,0,-1,37732555,7696446
ELEC,2018-10-02,0.21,0.21,0.2,0.2,1.61,0,-1,29104610,5872050
ELEC,2018-10-01,0.2,0.2,0.19,0.2,-1.19,0,-1,24847570,4936652
ELEC,2018-09-30,0.21,0.21,0.19,0.2,5.24,0.01,-1,53082580,10665768
ELEC,2018-09-27,0.19,0.19,0.19,0.19,-1.95,0,-1,10517675,2008153
ELEC,2018-09-26,0.2,0.2,0.19,0.19,-0.51,-0.01,-1,22214780,4328477
ELEC,2018-09-25,0.2,0.2,0.19,0.2,1.45,0.01,-1,16069815,3145555.5
ELEC,2018-09-24,0.2,0.2,0.18,0.19,2.88,0,-1,31734205,6123883
ELEC,2018-09-23,0.2,0.2,0.18,0.19,1.85,0.01,-1,7488055,1405289.5
ELEC,2018-09-20,0.2,0.2,0.17,0.18,-4.17,-0.01,-1,69268360,12762853
ELEC,2018-09-19,0.2,0.2,0.19,0.19,-8.57,-0.02,-1,27867545,5347221
ELEC,2018-09-18,0.22,0.22,0.2,0.21,-1.87,0,-1,56806945,11964438
ELEC,2018-09-17,0.22,0.22,0.21,0.21,-2.73,-0.01,-1,51694035,11034727
ELEC,2018-09-16,0.23,0.23,0.21,0.22,-5.17,-0.01,-1,46581845,10247102
ELEC,2018-09-13,0.24,0.24,0.23,0.23,-2.52,-0.01,-1,68784085,15956904
ELEC,2018-09-12,0.26,0.26,0.23,0.24,-3.25,-0.01,-1,65477600,15592422
ELEC,2018-09-10,0.25,0.25,0.24,0.25,1.65,0.01,-1,68465155,16822574
ELEC,2018-09-09,0.25,0.25,0.23,0.24,5.22,0.01,-1,159937380,38558750
ELEC,2018-09-06,0.23,0.23,0.23,0.23,0.88,0,-1,56536520,13035273
ELEC,2018-09-05,0.23,0.23,0.22,0.23,-1.72,0,-1,49708625,11295948
ELEC,2018-09-04,0.24,0.24,0.23,0.23,-1.72,0,-1,71781565,16668642
ELEC,2018-09-03,0.24,0.24,0.23,0.23,3.57,0.01,-1,106897055,24806834
ELEC,2018-09-02,0.23,0.23,0.22,0.22,-2.61,-0.01,-1,35332455,7934131
ELEC,2018-08-30,0.24,0.24,0.22,0.23,0,0,-1,70738975,16231783
ELEC,2018-08-29,0.24,0.24,0.22,0.23,1.77,0,-1,139694360,32091144
ELEC,2018-08-28,0.23,0.23,0.22,0.23,-0.88,0,-1,75388045,16963770
ELEC,2018-08-27,0.23,0.23,0.22,0.23,3.64,0.01,-1,109629340,24899234
ELEC,2018-08-26,0.22,0.22,0.21,0.22,7.84,0.02,-1,124493100,27282638
ELEC,2018-08-19,0.21,0.21,0.19,0.2,3.03,0,-1,81941425,16769862
ELEC,2018-08-16,0.2,0.2,0.18,0.2,7.61,0.02,-1,97873535,19302822
ELEC,2018-08-15,0.19,0.19,0.18,0.18,3.37,0,-1,16729590,3082459
ELEC,2018-08-14,0.18,0.18,0.17,0.18,-2.2,0,-1,8020110,1425594.63
ELEC,2018-08-13,0.19,0.19,0.18,0.18,-4.21,-0.01,-1,18486390,3369261
ELEC,2018-08-12,0.19,0.19,0.18,0.19,6.74,0.01,-1,64292545,12165536
ELEC,2018-08-09,0.18,0.18,0.17,0.18,7.23,0.01,-1,43592865,7759307.5
ELEC,2018-08-08,0.17,0.17,0.16,0.17,1.22,0.01,-1,13412455,2232398
ELEC,2018-08-07,0.16,0.16,0.16,0.16,0,0,-1,2479880,404310.44
ELEC,2018-08-06,0.17,0.17,0.16,0.16,0,0,-1,2757910,450649.69
ELEC,2018-08-05,0.17,0.17,0.16,0.16,5.13,0,-1,26523945,4338776.5
ELEC,2018-08-02,0.16,0.16,0.15,0.16,0,0,-1,4088235,638674.69
ELEC,2018-08-01,0.16,0.16,0.15,0.16,0,0,-1,5381395,843598.88
ELEC,2018-07-31,0.16,0.16,0.15,0.16,1.3,0.01,-1,4956475,768329.88
ELEC,2018-07-30,0.16,0.16,0.15,0.15,-2.53,-0.01,-1,2132120,330096.38
ELEC,2018-07-29,0.16,0.16,0.15,0.16,-1.25,0,-1,3971840,626297.19
ELEC,2018-07-26,0.16,0.16,0.16,0.16,0,0,-1,5154340,820403.94
ELEC,2018-07-25,0.16,0.16,0.16,0.16,-1.25,0,-1,4292095,683021
ELEC,2018-07-24,0.16,0.16,0.16,0.16,-1.23,0,-1,2999700,481324.56
ELEC,2018-07-22,0.16,0.16,0.16,0.16,0,0,-1,510770,82626.09
ELEC,2018-07-19,0.16,0.16,0.16,0.16,-2.44,0,-1,6490795,1044909.44
ELEC,2018-07-18,0.17,0.17,0.16,0.16,0,0,-1,676205,110810.67
ELEC,2018-07-17,0.16,0.16,0.16,0.16,0,0,-1,981370,160755.17
ELEC,2018-07-16,0.17,0.17,0.16,0.16,-1.2,-0.01,-1,4276985,698597.13
ELEC,2018-07-15,0.17,0.17,0.16,0.17,-1.19,0,-1,5173495,862188.5
ELEC,2018-07-12,0.17,0.17,0.17,0.17,0,0,-1,2787685,468309.75
ELEC,2018-07-11,0.17,0.17,0.17,0.17,1.2,0,-1,6515310,1096073
ELEC,2018-07-10,0.17,0.17,0.17,0.17,1.22,0.01,-1,3640245,604305.75
ELEC,2018-07-09,0.17,0.17,0.16,0.16,-2.38,-0.01,-1,1675620,276155.75
ELEC,2018-07-08,0.17,0.17,0.16,0.17,0,0,-1,7790930,1302947.75
ELEC,2018-07-05,0.17,0.17,0.17,0.17,-1.18,0,-1,1058725,177979.92
ELEC,2018-07-04,0.17,0.17,0.17,0.17,-1.16,0,-1,5448695,923832.75
ELEC,2018-07-03,0.18,0.18,0.17,0.17,2.38,0,-1,13950700,2397930.25
ELEC,2018-07-02,0.17,0.17,0.17,0.17,0,0,-1,9754930,1641713
ELEC,2018-06-28,0.17,0.17,0.16,0.17,3.7,0.01,-1,11976125,2010821.25
ELEC,2018-06-27,0.16,0.16,0.16,0.16,0,0,-1,4555615,739680.5
ELEC,2018-06-26,0.17,0.17,0.16,0.16,-3.57,-0.01,-1,10494575,1696049.5
ELEC,2018-06-25,0.17,0.17,0.16,0.17,-1.18,0,-1,8106510,1357893.75
ELEC,2018-06-24,0.17,0.17,0.17,0.17,-2.3,0,-1,6713060,1147199.5
ELEC,2018-06-21,0.17,0.17,0.17,0.17,1.16,0,-1,4282650,741656.13
ELEC,2018-06-20,0.18,0.18,0.17,0.17,1.18,0,-1,19226280,3299670.75
ELEC,2018-06-19,0.17,0.17,0.17,0.17,0,0,-1,3964130,672506.38
ELEC,2018-06-14,0.17,0.17,0.17,0.17,-1.16,0,-1,2927185,497667.22
ELEC,2018-06-13,0.17,0.17,0.17,0.17,1.18,0,-1,2258725,389114.66
ELEC,2018-06-12,0.17,0.17,0.17,0.17,1.19,0,-1,5090295,861405.94
ELEC,2018-06-11,0.17,0.17,0.17,0.17,1.2,0,-1,2326360,390746.75
ELEC,2018-06-10,0.17,0.17,0.17,0.17,-1.19,0,-1,5414415,903368.38
ELEC,2018-06-07,0.17,0.17,0.16,0.17,0,0,-1,7002465,1172105.38
ELEC,2018-06-06,0.18,0.18,0.16,0.17,-3.45,0,-1,7531140,1267559
ELEC,2018-06-05,0.18,0.18,0.17,0.17,-3.33,-0.01,-1,6700620,1168724.25
ELEC,2018-06-04,0.19,0.19,0.18,0.18,-4.26,-0.01,-1,10280930,1845433.88
ELEC,2018-06-03,0.19,0.19,0.18,0.19,1.08,0,-1,6878625,1290199.88
ELEC,2018-05-31,0.19,0.19,0.18,0.19,-1.06,0,-1,15989645,2984841.75
ELEC,2018-05-30,0.19,0.19,0.18,0.19,3.3,0.01,-1,39293475,7405777.5
ELEC,2018-05-29,0.19,0.19,0.18,0.18,1.11,0,-1,10996085,2007690.38
ELEC,2018-05-28,0.19,0.19,0.17,0.18,9.41,0.01,-1,25723600,4604670.5
ELEC,2018-05-27,0.17,0.17,0.17,0.17,-1.18,0,-1,1537075,261246.53
ELEC,2018-05-24,0.17,0.17,0.17,0.17,1.19,0,-1,9718000,1649844.13
ELEC,2018-05-23,0.17,0.17,0.17,0.17,0,0,-1,1104440,185124.63
ELEC,2018-05-22,0.17,0.17,0.17,0.17,0,0,-1,5799985,973176.5
ELEC,2018-05-21,0.17,0.17,0.16,0.17,-1.18,0,-1,5518160,921698.69
ELEC,2018-05-20,0.17,0.17,0.17,0.17,0,0,-1,3228355,548326.5
ELEC,2018-05-17,0.17,0.17,0.17,0.17,-1.16,0,-1,1103405,188313.84
ELEC,2018-05-16,0.18,0.18,0.17,0.17,-1.15,0,-1,5142705,886343.69
ELEC,2018-05-15,0.18,0.18,0.17,0.17,1.16,0,-1,6728750,1177383.13
ELEC,2018-05-14,0.17,0.17,0.17,0.17,-1.15,0,-1,3946955,675642.38
ELEC,2018-05-13,0.18,0.18,0.17,0.17,0,0,-1,8573980,1495744.5
ELEC,2018-05-10,0.18,0.18,0.17,0.17,1.16,0,-1,6568620,1139739.63
ELEC,2018-05-09,0.18,0.18,0.17,0.17,-3.37,-0.01,-1,4059240,700757.75
ELEC,2018-05-08,0.18,0.18,0.18,0.18,0,0,-1,2544690,450535.38
ELEC,2018-05-07,0.18,0.18,0.17,0.18,2.3,0.01,-1,3456550,613993.31
ELEC,2018-05-06,0.18,0.18,0.17,0.17,-1.14,-0.01,-1,5153435,894408
ELEC,2018-05-03,0.18,0.18,0.17,0.18,-2.22,0,-1,15561725,2730713.25
ELEC,2018-05-02,0.18,0.18,0.16,0.18,-1.1,0,-1,20094070,3618038
ELEC,2018-04-30,0.18,0.18,0.18,0.18,-2.15,-0.01,-1,9164770,1673602.88
ELEC,2018-04-29,0.19,0.19,0.18,0.19,0,0,-1,19852660,3688780.75
ELEC,2018-04-26,0.19,0.19,0.18,0.19,-1.06,0,-1,6199645,1149614.75
ELEC,2018-04-24,0.19,0.19,0.19,0.19,-3.09,0,-1,16775940,3169756.5
ELEC,2018-04-23,0.2,0.2,0.19,0.19,5.43,0.01,-1,49964120,9724458
ELEC,2018-04-22,0.19,0.19,0.17,0.18,6.98,0.01,-1,39380305,7212085.5
ELEC,2018-04-19,0.17,0.17,0.17,0.17,-1.15,0,-1,1071575,184800.84
ELEC,2018-04-18,0.17,0.17,0.17,0.17,0,0,-1,2956910,513984.59
ELEC,2018-04-17,0.18,0.18,0.17,0.17,1.16,0,-1,4465925,776223.94
ELEC,2018-04-16,0.17,0.17,0.17,0.17,0,0,-1,2556220,439059.41
ELEC,2018-04-15,0.17,0.17,0.17,0.17,0,0,-1,2766065,474206.13
ELEC,2018-04-12,0.17,0.17,0.17,0.17,-2.27,-0.01,-1,4648035,798985.69
ELEC,2018-04-11,0.19,0.19,0.18,0.18,-1.12,0,-1,16731600,3027633.75
ELEC,2018-04-10,0.19,0.19,0.18,0.18,0,0,-1,6079145,1117357.75
ELEC,2018-04-05,0.19,0.19,0.18,0.18,-1.11,-0.01,-1,2790710,511472.44
ELEC,2018-04-04,0.19,0.19,0.18,0.19,-2.17,0,-1,13825585,2553091.75
ELEC,2018-04-03,0.2,0.2,0.19,0.19,-1.08,0,-1,22505585,4272074
ELEC,2018-04-02,0.19,0.19,0.19,0.19,-1.06,0,-1,13395355,2583372.75
ELEC,2018-04-01,0.2,0.2,0.19,0.19,0,0,-1,14821660,2860875.25
ELEC,2018-03-29,0.2,0.2,0.19,0.19,2.17,0,-1,27386730,5297341.5
ELEC,2018-03-28,0.19,0.19,0.19,0.19,1.1,0,-1,18794795,3547822
ELEC,2018-03-27,0.19,0.19,0.18,0.19,2.25,0.01,-1,26715080,5030095
ELEC,2018-03-26,0.19,0.19,0.18,0.18,1.14,0,-1,5834675,1068812.38
ELEC,2018-03-25,0.19,0.19,0.18,0.18,-2.22,-0.01,-1,9330425,1701472.63
ELEC,2018-03-22,0.19,0.19,0.18,0.19,1.12,0.01,-1,20350055,3764548.75
ELEC,2018-03-21,0.19,0.19,0.18,0.18,0,0,-1,16806440,3094871.5
ELEC,2018-03-20,0.19,0.19,0.18,0.18,1.14,0,-1,19514480,3565810
ELEC,2018-03-19,0.19,0.19,0.18,0.18,-1.12,0,-1,16875550,3049891.75
ELEC,2018-03-18,0.19,0.19,0.18,0.18,4.71,0,-1,38969300,7132163
ELEC,2018-03-15,0.18,0.18,0.17,0.18,1.19,0.01,-1,6626765,1161568.38
ELEC,2018-03-14,0.18,0.18,0.17,0.17,-1.18,-0.01,-1,9659255,1680966.38
ELEC,2018-03-13,0.18,0.18,0.17,0.18,0,0,-1,14830920,2609391
ELEC,2018-03-12,0.18,0.18,0.17,0.18,2.41,0.01,-1,34986495,6131450.5
ELEC,2018-03-11,0.17,0.17,0.17,0.17,0,0,-1,6756905,1159981.5
ELEC,2018-03-08,0.17,0.17,0.17,0.17,-2.38,0,-1,4317475,740211.44
ELEC,2018-03-07,0.18,0.18,0.17,0.17,1.2,0,-1,6116135,1057860.63
ELEC,2018-03-06,0.17,0.17,0.17,0.17,1.22,0,-1,4855315,832843.5
ELEC,2018-03-05,0.17,0.17,0.17,0.17,0,0,-1,1753035,296513.81
ELEC,2018-03-04,0.17,0.17,0.17,0.17,0,0,-1,3410790,576375.06
ELEC,2018-03-01,0.17,0.17,0.17,0.17,0,0,-1,1948115,330351.09
ELEC,2018-02-28,0.17,0.17,0.17,0.17,-2.38,0,-1,10006390,1698729.38
ELEC,2018-02-27,0.18,0.18,0.17,0.17,-1.19,0,-1,5988955,1033900.5
ELEC,2018-02-26,0.18,0.18,0.17,0.17,1.2,0,-1,12302035,2133967.75
ELEC,2018-02-25,0.17,0.17,0.17,0.17,2.44,0,-1,6774555,1163413.5
ELEC,2018-02-22,0.17,0.17,0.17,0.17,-1.2,0,-1,3774575,637510.69
ELEC,2018-02-21,0.17,0.17,0.17,0.17,1.22,0,-1,10596680,1804109.75
ELEC,2018-02-20,0.17,0.17,0.17,0.17,0,0,-1,11272335,1917833
ELEC,2018-02-19,0.17,0.17,0.17,0.17,-1.2,0,-1,10145185,1725018.25
ELEC,2018-02-18,0.17,0.17,0.17,0.17,1.22,0,-1,4666375,794730.06
ELEC,2018-02-15,0.17,0.17,0.17,0.17,3.7,0,-1,14346555,2423703
ELEC,2018-02-14,0.17,0.17,0.17,0.17,0,0,-1,5417980,900393.06
ELEC,2018-02-13,0.17,0.17,0.16,0.17,-2.41,0,-1,8036830,1335510.75
ELEC,2018-02-12,0.17,0.17,0.17,0.17,0,0,-1,3090475,526509.69
ELEC,2018-02-11,0.17,0.17,0.17,0.17,-1.19,0,-1,6155350,1055444.88
ELEC,2018-02-08,0.18,0.18,0.17,0.17,-2.33,-0.01,-1,6799355,1183928
ELEC,2018-02-07,0.18,0.18,0.17,0.18,1.18,0,-1,9350245,1656428
ELEC,2018-02-06,0.18,0.18,0.17,0.18,-4.49,0,-1,11874560,2081536.25
ELEC,2018-02-05,0.19,0.19,0.18,0.18,2.3,0,-1,2785740,512659.25
ELEC,2018-02-04,0.18,0.18,0.18,0.18,-1.14,0,-1,6268435,1126880.25
ELEC,2018-02-01,0.18,0.18,0.18,0.18,0,0,-1,4779645,865836.25
ELEC,2018-01-31,0.19,0.19,0.18,0.18,-2.22,-0.01,-1,11148685,2018632
ELEC,2018-01-30,0.19,0.19,0.18,0.19,-1.1,0,-1,8648900,1607046.5
ELEC,2018-01-29,0.19,0.19,0.19,0.19,-1.09,0,-1,6287600,1182486.38
ELEC,2018-01-28,0.19,0.19,0.19,0.19,-1.08,0,-1,5593565,1063139.25
ELEC,2018-01-24,0.19,0.19,0.19,0.19,1.09,0,-1,14715255,2814182.75
ELEC,2018-01-23,0.19,0.19,0.19,0.19,1.1,0,-1,7489560,1420380.63
ELEC,2018-01-22,0.19,0.19,0.19,0.19,-2.15,0,-1,8153010,1536209.75
ELEC,2018-01-21,0.2,0.2,0.19,0.19,-2.13,0,-1,5357665,1031061.94
ELEC,2018-01-18,0.2,0.2,0.19,0.19,2.17,0,-1,10869785,2104225.25
ELEC,2018-01-17,0.19,0.19,0.19,0.19,0,0,-1,11029380,2103762
ELEC,2018-01-16,0.19,0.19,0.19,0.19,-1.08,0,-1,5203405,987864.88
ELEC,2018-01-15,0.2,0.2,0.19,0.19,-2.13,0,-1,23724045,4558853.5
ELEC,2018-01-14,0.2,0.2,0.19,0.19,3.3,0,-1,36582105,7100602
ELEC,2018-01-11,0.19,0.19,0.19,0.19,1.11,0,-1,4769425,894562.5
ELEC,2018-01-10,0.19,0.19,0.19,0.19,-1.1,0,-1,6823985,1271043.5
ELEC,2018-01-09,0.19,0.19,0.19,0.19,1.11,0,-1,7231650,1354353.75
ELEC,2018-01-08,0.19,0.19,0.18,0.19,-1.1,0,-1,7068730,1313097.63
ELEC,2018-01-04,0.19,0.19,0.19,0.19,0,0,-1,12428640,2342791.25
ELEC,2018-01-03,0.19,0.19,0.19,0.19,0,0,-1,11459075,2156437.5
ELEC,2018-01-02,0.19,0.19,0.18,0.19,4.6,0.01,-1,19907705,3744048.5
ELEC,2017-12-31,0.18,0.18,0.18,0.18,-1.14,0,-1,5667590,1020128.63
ELEC,2017-12-28,0.18,0.18,0.18,0.18,-1.12,0,-1,9837440,1786497.75
ELEC,2017-12-27,0.19,0.19,0.18,0.18,-1.11,-0.01,-1,6907985,1269353.13
ELEC,2017-12-26,0.19,0.19,0.18,0.19,0,0,-1,5834320,1080669.88
ELEC,2017-12-25,0.19,0.19,0.18,0.19,0,0,-1,10715580,1983851.25
ELEC,2017-12-24,0.19,0.19,0.18,0.19,1.12,0,-1,3457820,642160.94
ELEC,2017-12-21,0.19,0.19,0.18,0.18,-2.2,-0.01,-1,8135410,1499911.13
ELEC,2017-12-20,0.19,0.19,0.19,0.19,-1.09,0,-1,8896365,1667510.88
ELEC,2017-12-19,0.19,0.19,0.19,0.19,3.37,0.01,-1,38565875,7352535.5
ELEC,2017-12-18,0.19,0.19,0.18,0.18,1.14,0,-1,12960985,2385684.25
ELEC,2017-12-17,0.18,0.18,0.18,0.18,0,0,-1,5356535,967253.44
ELEC,2017-12-14,0.19,0.19,0.18,0.18,-2.22,-0.01,-1,8432215,1537228.88
ELEC,2017-12-13,0.19,0.19,0.18,0.19,-2.17,0,-1,9890290,1839217.63
ELEC,2017-12-12,0.19,0.19,0.19,0.19,0,0,-1,11612865,2210929.5
ELEC,2017-12-11,0.19,0.19,0.19,0.19,3.37,0.01,-1,22372015,4238643.5
ELEC,2017-12-10,0.19,0.19,0.18,0.18,3.49,0,-1,24079140,4439079
ELEC,2017-12-07,0.18,0.18,0.18,0.18,0,0,-1,7370925,1302434.75
ELEC,2017-12-06,0.18,0.18,0.18,0.18,-2.27,0,-1,6544165,1166815.25
ELEC,2017-12-05,0.18,0.18,0.18,0.18,0,0,-1,6182375,1116542.75
ELEC,2017-12-04,0.18,0.18,0.18,0.18,0,0,-1,7690385,1395354
ELEC,2017-12-03,0.19,0.19,0.18,0.18,-1.12,0,-1,8263120,1507607.38
ELEC,2017-11-29,0.19,0.19,0.18,0.18,-1.11,-0.01,-1,5110230,935550.19
ELEC,2017-11-28,0.19,0.19,0.18,0.19,2.27,0.01,-1,18216100,3369415.25
ELEC,2017-11-27,0.19,0.19,0.18,0.18,0,0,-1,14813050,2687246.5
ELEC,2017-11-26,0.19,0.19,0.18,0.18,-1.12,0,-1,9097420,1659394.25
ELEC,2017-11-23,0.19,0.19,0.18,0.18,3.49,0,-1,17226955,3166243.75
ELEC,2017-11-22,0.18,0.18,0.18,0.18,0,0,-1,10807075,1927057.38
ELEC,2017-11-21,0.18,0.18,0.18,0.18,1.18,0,-1,12243870,2167360.75
ELEC,2017-11-20,0.18,0.18,0.17,0.18,-2.3,0,-1,13098505,2305484.75
ELEC,2017-11-19,0.19,0.19,0.17,0.18,-3.33,-0.01,-1,8632325,1541192.5
ELEC,2017-11-16,0.19,0.19,0.18,0.19,-2.17,0,-1,11543790,2148668.5
ELEC,2017-11-15,0.19,0.19,0.19,0.19,-1.08,0,-1,9012585,1706032.63
ELEC,2017-11-14,0.19,0.19,0.19,0.19,0,0,-1,9761560,1863506.38
ELEC,2017-11-13,0.2,0.2,0.19,0.19,-3.12,-0.01,-1,13844340,2660970.5
ELEC,2017-11-12,0.2,0.2,0.19,0.2,3.23,0.01,-1,32428105,6437830.5
ELEC,2017-11-09,0.2,0.2,0.19,0.19,1.09,0,-1,34843515,6717192
ELEC,2017-11-08,0.19,0.19,0.19,0.19,2.2,0,-1,11506475,2176583.5
ELEC,2017-11-07,0.19,0.19,0.18,0.19,-2.15,0,-1,28645140,5362158
ELEC,2017-11-06,0.2,0.2,0.19,0.19,-4.12,-0.01,-1,27807390,5350047.5
ELEC,2017-11-05,0.2,0.2,0.2,0.2,-2.02,0,-1,24376140,4860012.5
ELEC,2017-11-02,0.21,0.21,0.2,0.2,1.02,0,-1,26312935,5367427
ELEC,2017-11-01,0.21,0.21,0.2,0.2,-1.01,0,-1,28646840,5795444.5
ELEC,2017-10-31,0.21,0.21,0.2,0.2,-1.01,0,-1,34935700,7114668
ELEC,2017-10-30,0.21,0.21,0.2,0.2,0,0,-1,34624465,7073793
ELEC,2017-10-29,0.21,0.21,0.2,0.2,-1,-0.01,-1,16521000,3359048.75
ELEC,2017-10-26,0.21,0.21,0.2,0.21,1.01,0.01,-1,35315850,7266067
ELEC,2017-10-25,0.21,0.21,0.2,0.2,1.02,0,-1,33030005,6734290
ELEC,2017-10-24,0.21,0.21,0.2,0.2,-2.97,-0.01,-1,35154665,7103409
ELEC,2017-10-23,0.21,0.21,0.2,0.21,-0.98,0,-1,47148035,9847682
ELEC,2017-10-22,0.21,0.21,0.2,0.21,3.03,0.01,-1,52524195,11034687
ELEC,2017-10-19,0.21,0.21,0.2,0.2,6.45,0.01,-1,153044290,31130736
ELEC,2017-10-18,0.19,0.19,0.18,0.19,8.14,0.01,-1,130112285,24886460
ELEC,2017-10-17,0.18,0.18,0.17,0.18,0,0,-1,35174865,6221932
ELEC,2017-10-16,0.18,0.18,0.17,0.18,-2.27,0,-1,30175730,5332705.5
ELEC,2017-10-15,0.19,0.19,0.18,0.18,0,0,-1,24301795,4412416
ELEC,2017-10-12,0.18,0.18,0.18,0.18,-1.12,0,-1,21519040,3885149.25
ELEC,2017-10-11,0.19,0.19,0.18,0.18,-1.12,0,-1,30205415,5568672.5
ELEC,2017-10-10,0.19,0.19,0.18,0.18,1.14,0,-1,64721355,11858628
ELEC,2017-10-09,0.19,0.19,0.18,0.18,4.76,0.01,-1,88247655,15941702
ELEC,2017-10-08,0.18,0.18,0.17,0.17,2.44,0,-1,28852075,4985072
ELEC,2017-10-04,0.17,0.17,0.17,0.17,1.23,0,-1,8544180,1441353.5
ELEC,2017-10-03,0.17,0.17,0.16,0.17,0,0,-1,12147685,2028098.63
ELEC,2017-10-02,0.17,0.17,0.17,0.17,-2.38,0,-1,22011595,3683622
ELEC,2017-10-01,0.18,0.18,0.17,0.17,-1.18,-0.01,-1,8168425,1409553.38
ELEC,2017-09-28,0.18,0.18,0.17,0.18,-1.19,0.01,-1,26234905,4586291.5
ELEC,2017-09-27,0.18,0.18,0.17,0.17,1.2,0,-1,32632145,5677580
ELEC,2017-09-26,0.18,0.18,0.17,0.17,0,0,-1,18210150,3126007.25
ELEC,2017-09-25,0.17,0.17,0.17,0.17,2.47,0,-1,35590755,6089277
ELEC,2017-09-24,0.17,0.17,0.16,0.17,0,0,-1,17161740,2850212.5
ELEC,2017-09-20,0.17,0.17,0.17,0.17,-1.22,0,-1,29042760,4840937.5
ELEC,2017-09-19,0.18,0.18,0.17,0.17,-1.2,0,-1,49200565,8349360
ELEC,2017-09-18,0.18,0.18,0.17,0.17,-2.35,-0.01,-1,34473925,5934527.5
ELEC,2017-09-17,0.18,0.18,0.17,0.18,-1.16,0,-1,56538455,9930792
ELEC,2017-09-14,0.18,0.18,0.17,0.18,4.88,0.01,-1,53826740,9519812
ELEC,2017-09-13,0.18,0.18,0.16,0.17,5.13,0.01,-1,88532530,14988527
ELEC,2017-09-12,0.17,0.17,0.15,0.16,4,0.01,-1,53216525,8537710
ELEC,2017-09-11,0.16,0.16,0.15,0.15,0,0,-1,25886635,4030849.25
ELEC,2017-09-10,0.16,0.16,0.15,0.15,2.74,0,-1,37791580,5863916.5
ELEC,2017-09-07,0.15,0.15,0.15,0.15,2.82,0,-1,45968280,6956264
ELEC,2017-09-06,0.15,0.15,0.14,0.15,0,0,-1,8535490,1257621.5
ELEC,2017-09-05,0.15,0.15,0.14,0.15,2.9,0.01,-1,8727950,1277590.13
ELEC,2017-08-30,0.15,0.15,0.14,0.14,1.47,0,-1,21982390,3143552
ELEC,2017-08-29,0.14,0.14,0.14,0.14,-1.45,0,-1,4508175,634940.81
ELEC,2017-08-28,0.14,0.14,0.14,0.14,0,0,-1,1165655,165708.05
ELEC,2017-08-27,0.14,0.14,0.14,0.14,2.99,0,-1,5828760,833011.81
ELEC,2017-08-24,0.14,0.14,0.14,0.14,-1.47,0,-1,2902080,401166.28
ELEC,2017-08-23,0.14,0.14,0.14,0.14,0,0,-1,3830705,535664.25
ELEC,2017-08-22,0.14,0.14,0.14,0.14,-1.45,0,-1,3208615,452281.09
ELEC,2017-08-21,0.14,0.14,0.14,0.14,1.47,0,-1,6114085,864583.63
ELEC,2017-08-20,0.14,0.14,0.14,0.14,-1.45,0,-1,4449685,625625.19
ELEC,2017-08-17,0.14,0.14,0.14,0.14,-1.43,0,-1,11355970,1618072.75
ELEC,2017-08-16,0.15,0.15,0.14,0.14,0,0,-1,6441390,929409.25
ELEC,2017-08-15,0.15,0.15,0.14,0.14,-1.41,-0.01,-1,6302375,910838.81
ELEC,2017-08-14,0.15,0.15,0.14,0.15,0,0,-1,4583125,668170
ELEC,2017-08-13,0.15,0.15,0.14,0.15,-1.39,0,-1,16172975,2367589.25
ELEC,2017-08-10,0.15,0.15,0.15,0.15,-1.37,0,-1,5698725,848910.94
ELEC,2017-08-09,0.15,0.15,0.15,0.15,-1.35,0,-1,6062705,917990.56
ELEC,2017-08-08,0.15,0.15,0.15,0.15,0,0,-1,7916715,1207777.5
ELEC,2017-08-07,0.15,0.15,0.15,0.15,0,0,-1,4429580,677621.56
ELEC,2017-08-06,0.15,0.15,0.15,0.15,1.37,0,-1,13548370,2063062.38
ELEC,2017-08-03,0.15,0.15,0.15,0.15,1.39,0,-1,8186730,1232131.75
ELEC,2017-08-02,0.15,0.15,0.15,0.15,0,0,-1,2411825,357624.88
ELEC,2017-08-01,0.15,0.15,0.15,0.15,0,0,-1,2192265,325529.5
ELEC,2017-07-31,0.15,0.15,0.15,0.15,-2.7,0,-1,14027860,2093563.75
ELEC,2017-07-30,0.15,0.15,0.15,0.15,0,0,-1,3511105,534311.25
ELEC,2017-07-27,0.15,0.15,0.15,0.15,0,0,-1,15231050,2312306.75
ELEC,2017-07-26,0.15,0.15,0.15,0.15,-1.33,0,-1,8360095,1282837.88
ELEC,2017-07-25,0.16,0.16,0.15,0.15,-1.32,-0.01,-1,13844160,2149666.25
ELEC,2017-07-24,0.16,0.16,0.15,0.16,2.7,0.01,-1,34455025,5378622
ELEC,2017-07-20,0.15,0.15,0.15,0.15,2.78,0,-1,18474640,2817342.5
ELEC,2017-07-19,0.15,0.15,0.15,0.15,-1.37,0,-1,8975490,1340385.63
ELEC,2017-07-18,0.15,0.15,0.15,0.15,-1.35,0,-1,11978750,1799362.5
ELEC,2017-07-17,0.15,0.15,0.15,0.15,0,0,-1,7115745,1087338.63
ELEC,2017-07-16,0.15,0.15,0.15,0.15,2.78,0,-1,21830600,3327365
ELEC,2017-07-13,0.15,0.15,0.15,0.15,1.41,0,-1,8403185,1250000.75
ELEC,2017-07-12,0.15,0.15,0.15,0.15,-2.74,0,-1,7278070,1072406.63
ELEC,2017-07-11,0.15,0.15,0.15,0.15,1.39,0,-1,9791060,1466313.5
ELEC,2017-07-10,0.15,0.15,0.15,0.15,1.41,0,-1,6703575,995045.75
ELEC,2017-07-09,0.15,0.15,0.15,0.15,0,0,-1,2245060,330680.41
ELEC,2017-07-06,0.15,0.15,0.15,0.15,0,0,-1,4324720,642342.38
ELEC,2017-07-05,0.15,0.15,0.15,0.15,-1.39,0,-1,5254655,778749.25
ELEC,2017-07-04,0.15,0.15,0.15,0.15,0,0,-1,4371640,647057.81
ELEC,2017-07-03,0.15,0.15,0.14,0.15,0,0,-1,4889045,716006.5
ELEC,2017-07-02,0.15,0.15,0.15,0.15,0,0,-1,1535725,226135.09
ELEC,2017-06-28,0.15,0.15,0.14,0.15,0,0,-1,2473390,360926.59
ELEC,2017-06-22,0.15,0.15,0.14,0.15,-1.41,0,-1,4576875,669427.31
ELEC,2017-06-21,0.15,0.15,0.15,0.15,0,0,-1,5846800,856377.19
ELEC,2017-06-20,0.15,0.15,0.15,0.15,-1.39,0,-1,1526775,224184.44
ELEC,2017-06-19,0.15,0.15,0.15,0.15,0,0,-1,2029455,299971.44
ELEC,2017-06-18,0.15,0.15,0.15,0.15,0,0,-1,3214795,475863.34
ELEC,2017-06-15,0.15,0.15,0.15,0.15,-1.39,0,-1,3220800,478085.66
ELEC,2017-06-14,0.15,0.15,0.15,0.15,-2.74,0,-1,2524175,374385.13
ELEC,2017-06-13,0.15,0.15,0.15,0.15,-1.35,0,-1,2928460,438709.5
ELEC,2017-06-12,0.15,0.15,0.15,0.15,0,0,-1,13979740,2123703.25
ELEC,2017-06-11,0.15,0.15,0.15,0.15,2.78,0,-1,14439010,2179814.25
ELEC,2017-06-08,0.15,0.15,0.15,0.15,0,0,-1,5308400,788746.94
ELEC,2017-06-07,0.15,0.15,0.14,0.15,1.41,0,-1,7545405,1106822.5
ELEC,2017-06-06,0.15,0.15,0.14,0.15,0,0,-1,3682120,542048.56
ELEC,2017-06-05,0.15,0.15,0.14,0.15,0,0,-1,5411165,792564.75
ELEC,2017-06-04,0.15,0.15,0.14,0.15,1.41,0,-1,5836775,854819.25
ELEC,2017-06-01,0.15,0.15,0.14,0.15,0,0.01,-1,1608565,234501.81
ELEC,2017-05-31,0.15,0.15,0.14,0.14,-2.82,-0.01,-1,4621690,665079.38
ELEC,2017-05-30,0.15,0.15,0.14,0.15,0,0,-1,6080460,892546.31
ELEC,2017-05-29,0.15,0.15,0.14,0.15,-2.78,0,-1,1373655,201375.59
ELEC,2017-05-28,0.15,0.15,0.15,0.15,1.41,0,-1,2968100,439727.5
ELEC,2017-05-25,0.15,0.15,0.14,0.15,1.43,0.01,-1,2758755,403993.5
ELEC,2017-05-24,0.15,0.15,0.14,0.14,1.45,0,-1,11025395,1601951
ELEC,2017-05-23,0.14,0.14,0.14,0.14,0,0,-1,4351475,619421.19
ELEC,2017-05-22,0.15,0.15,0.14,0.14,-4.17,-0.01,-1,15746710,2243350
ELEC,2017-05-21,0.15,0.15,0.15,0.15,0,0,-1,5090930,756372.75
ELEC,2017-05-18,0.15,0.15,0.15,0.15,-1.37,0,-1,8145260,1208135.63
ELEC,2017-05-17,0.15,0.15,0.15,0.15,0,0,-1,4323800,647300.81
ELEC,2017-05-16,0.15,0.15,0.15,0.15,-1.35,0,-1,7822545,1178162
ELEC,2017-05-15,0.15,0.15,0.15,0.15,-1.33,0,-1,5377745,820705.81
ELEC,2017-05-14,0.16,0.16,0.15,0.15,-1.32,-0.01,-1,7730780,1201179.63
ELEC,2017-05-11,0.16,0.16,0.15,0.16,2.7,0.01,-1,39677360,6188978.5
ELEC,2017-05-10,0.15,0.15,0.15,0.15,-1.33,0,-1,18102825,2770345.5
ELEC,2017-05-09,0.16,0.16,0.15,0.15,2.74,0,-1,22543080,3474705.5
ELEC,2017-05-08,0.15,0.15,0.15,0.15,-1.35,0,-1,7910335,1194404.25
ELEC,2017-05-07,0.15,0.15,0.15,0.15,0,0,-1,19547795,2981285.25
ELEC,2017-05-04,0.15,0.15,0.15,0.15,0,0,-1,14156690,2169110.25
ELEC,2017-05-03,0.15,0.15,0.15,0.15,4.23,0,-1,48945730,7439749
ELEC,2017-05-02,0.15,0.15,0.14,0.15,2.9,0.01,-1,5803375,847763.75
ELEC,2017-04-30,0.14,0.14,0.14,0.14,-1.43,0,-1,4749220,677675.94
ELEC,2017-04-27,0.15,0.15,0.14,0.14,0,0,-1,6405875,920042.94
ELEC,2017-04-26,0.15,0.15,0.14,0.14,-1.41,-0.01,-1,12922595,1879086.75
ELEC,2017-04-24,0.15,0.15,0.14,0.15,-1.39,0,-1,4528420,664193.88
ELEC,2017-04-23,0.15,0.15,0.15,0.15,-1.37,0,-1,12001365,1779808.25
ELEC,2017-04-20,0.15,0.15,0.15,0.15,-1.35,0,-1,2551755,386505.66
ELEC,2017-04-19,0.15,0.15,0.15,0.15,-1.33,0,-1,6261890,952482.94
ELEC,2017-04-18,0.16,0.16,0.15,0.15,1.35,0,-1,2728560,422068.66
ELEC,2017-04-13,0.15,0.15,0.15,0.15,-1.33,0,-1,2835285,433656.75
ELEC,2017-04-12,0.16,0.16,0.15,0.15,0,0,-1,5896430,912168.56
ELEC,2017-04-11,0.16,0.16,0.15,0.15,1.35,0,-1,7194195,1111316.88
ELEC,2017-04-10,0.15,0.15,0.15,0.15,0,0,-1,4390425,670057
ELEC,2017-04-09,0.16,0.16,0.15,0.15,-1.33,0,-1,12902230,1979118.75
ELEC,2017-04-06,0.16,0.16,0.15,0.15,0,0,-1,6216255,963234.13
ELEC,2017-04-05,0.16,0.16,0.15,0.15,0,0,-1,9558895,1488037
ELEC,2017-04-04,0.16,0.16,0.15,0.15,2.74,0,-1,14403060,2232586.75
ELEC,2017-04-03,0.15,0.15,0.15,0.15,-1.35,0,-1,10295840,1559599.5
ELEC,2017-04-02,0.15,0.15,0.15,0.15,0,0,-1,10204735,1566660
ELEC,2017-03-30,0.16,0.16,0.15,0.15,-1.33,0,-1,8462120,1298729.88
ELEC,2017-03-29,0.16,0.16,0.15,0.15,-1.32,-0.01,-1,4037265,623723.56
ELEC,2017-03-28,0.16,0.16,0.15,0.16,0,0,-1,6338660,989333.81
ELEC,2017-03-27,0.16,0.16,0.15,0.16,0,0,-1,18042235,2811994.25
ELEC,2017-03-26,0.16,0.16,0.15,0.16,0,0,-1,15758670,2473709.75
ELEC,2017-03-23,0.16,0.16,0.15,0.16,4.11,0.01,-1,44986505,7014688
ELEC,2017-03-22,0.15,0.15,0.15,0.15,0,0,-1,6573545,992184
ELEC,2017-03-21,0.15,0.15,0.15,0.15,0,0,-1,9709915,1462867
ELEC,2017-03-20,0.15,0.15,0.15,0.15,-1.35,0,-1,13416195,2019121.13
ELEC,2017-03-19,0.15,0.15,0.15,0.15,1.37,0,-1,6947670,1059375.88
ELEC,2017-03-16,0.15,0.15,0.15,0.15,0,0,-1,6420400,965776.38
ELEC,2017-03-15,0.15,0.15,0.15,0.15,0,0,-1,4074315,610353.25
ELEC,2017-03-14,0.15,0.15,0.15,0.15,-1.35,0,-1,7606150,1137635.5
ELEC,2017-03-13,0.15,0.15,0.15,0.15,0,0,-1,7330720,1116427
ELEC,2017-03-12,0.15,0.15,0.15,0.15,0,0,-1,5172940,788231.44
ELEC,2017-03-09,0.16,0.16,0.15,0.15,-1.33,0,-1,13199075,2001670.63
ELEC,2017-03-08,0.15,0.15,0.15,0.15,0,0,-1,7849995,1213777.25
ELEC,2017-03-07,0.15,0.15,0.15,0.15,0,0,-1,4367815,673135.5
ELEC,2017-03-06,0.15,0.15,0.15,0.15,0,0,-1,1993925,307692.47
ELEC,2017-03-05,0.16,0.16,0.15,0.15,0,0,-1,809485,125118.4
ELEC,2017-03-02,0.15,0.15,0.15,0.15,1.35,0,-1,8958880,1383885.13
ELEC,2017-03-01,0.15,0.15,0.15,0.15,0,0,-1,3920305,597929.81
ELEC,2017-02-28,0.15,0.15,0.15,0.15,-1.33,0,-1,4922420,750421.94
ELEC,2017-02-27,0.16,0.16,0.15,0.15,-2.6,-0.01,-1,2323415,359399.81
ELEC,2017-02-26,0.16,0.16,0.16,0.16,1.32,0,-1,3080850,487056.59
ELEC,2017-02-23,0.16,0.16,0.15,0.16,-2.56,0,-1,14494990,2268381
ELEC,2017-02-22,0.16,0.16,0.16,0.16,-1.27,0,-1,2420940,389375.16
ELEC,2017-02-21,0.16,0.16,0.16,0.16,2.6,0,-1,10069575,1637772.75
ELEC,2017-02-20,0.16,0.16,0.16,0.16,0,0,-1,6228995,995187.44
ELEC,2017-02-19,0.16,0.16,0.16,0.16,0,0,-1,2417320,385016.34
ELEC,2017-02-16,0.16,0.16,0.16,0.16,1.32,0,-1,2980040,473027.28
ELEC,2017-02-15,0.16,0.16,0.15,0.16,-1.3,0,-1,7405560,1163060
ELEC,2017-02-14,0.16,0.16,0.16,0.16,-1.28,0,-1,4570260,725168.75
ELEC,2017-02-13,0.16,0.16,0.16,0.16,-1.27,0,-1,3503560,562335.81
ELEC,2017-02-12,0.17,0.17,0.16,0.16,1.28,0,-1,2200015,357511.16
ELEC,2017-02-09,0.16,0.16,0.16,0.16,-1.27,0,-1,816895,131742.55
ELEC,2017-02-08,0.17,0.17,0.16,0.16,-1.25,-0.01,-1,3082775,502274.72
ELEC,2017-02-07,0.17,0.17,0.16,0.17,2.56,0.01,-1,10916505,1791722.5
ELEC,2017-02-06,0.17,0.17,0.16,0.16,-2.5,-0.01,-1,16911460,2729546
ELEC,2017-02-05,0.17,0.17,0.16,0.17,0,0,-1,5973755,987711.69
ELEC,2017-02-02,0.17,0.17,0.16,0.17,1.27,0.01,-1,2432160,401160.78
ELEC,2017-02-01,0.17,0.17,0.16,0.16,-1.25,-0.01,-1,2131440,348064.16
ELEC,2017-01-31,0.17,0.17,0.16,0.17,-1.23,0,-1,4183765,686404.31
ELEC,2017-01-30,0.17,0.17,0.17,0.17,-3.57,0,-1,7942300,1334384.5
ELEC,2017-01-29,0.18,0.18,0.17,0.17,1.2,0,-1,5597050,970810.81
ELEC,2017-01-26,0.17,0.17,0.17,0.17,0,0,-1,3109810,535118.75
ELEC,2017-01-24,0.17,0.17,0.17,0.17,-1.19,0,-1,2948580,504313.84
ELEC,2017-01-23,0.18,0.18,0.17,0.17,1.2,0,-1,6652575,1147824.13
ELEC,2017-01-22,0.18,0.18,0.17,0.17,-1.19,0,-1,4840810,831450.38
ELEC,2017-01-19,0.18,0.18,0.17,0.17,-6.67,-0.02,-1,24037615,4190014.25
ELEC,2017-01-18,0.19,0.19,0.18,0.19,-2.17,0,-1,19732870,3674001.5
ELEC,2017-01-17,0.2,0.2,0.19,0.19,0,0,-1,21402205,4082195
ELEC,2017-01-16,0.19,0.19,0.18,0.19,3.37,0.01,-1,64776340,12238701
ELEC,2017-01-15,0.19,0.19,0.18,0.18,2.3,0,-1,36201995,6679532.5
ELEC,2017-01-12,0.18,0.18,0.18,0.18,1.16,0,-1,15398160,2775472
ELEC,2017-01-11,0.18,0.18,0.18,0.18,-1.15,0,-1,9184720,1633675.5
ELEC,2017-01-10,0.18,0.18,0.18,0.18,0,0,-1,7411840,1328832.75
ELEC,2017-01-09,0.18,0.18,0.18,0.18,-1.14,0,-1,4743935,849784.94
ELEC,2017-01-08,0.19,0.19,0.18,0.18,-2.22,-0.01,-1,13519580,2467991
ELEC,2017-01-05,0.19,0.19,0.18,0.19,2.27,0.01,-1,29696410,5489117.5
ELEC,2017-01-04,0.19,0.19,0.18,0.18,2.33,0,-1,36693020,6691508
ELEC,2017-01-03,0.18,0.18,0.18,0.18,1.18,0,-1,6779630,1201471.13
ELEC,2017-01-02,0.18,0.18,0.17,0.18,-1.16,0,-1,6262570,1102316
ELEC,2016-12-29,0.18,0.18,0.17,0.18,0,0,-1,11483365,2027884.75
ELEC,2016-12-28,0.18,0.18,0.18,0.18,0,0,-1,8745095,1550937
ELEC,2016-12-27,0.18,0.18,0.18,0.18,1.18,0,-1,16155500,2867256
ELEC,2016-12-26,0.18,0.18,0.17,0.18,1.19,0.01,-1,11107655,1945477.75
ELEC,2016-12-25,0.18,0.18,0.17,0.17,-1.18,-0.01,-1,5383505,933552.31
ELEC,2016-12-22,0.18,0.18,0.17,0.18,-3.41,0,-1,22636710,3985518.5
ELEC,2016-12-21,0.19,0.19,0.18,0.18,0,0,-1,19877915,3619960.5
ELEC,2016-12-20,0.18,0.18,0.18,0.18,2.33,0,-1,15535830,2810265
ELEC,2016-12-19,0.18,0.18,0.17,0.18,1.18,0,-1,26516415,4725399.5
ELEC,2016-12-18,0.18,0.18,0.17,0.18,1.19,0.01,-1,5125110,893668.25
ELEC,2016-12-15,0.18,0.18,0.17,0.17,0,0,-1,3958310,689016.5
ELEC,2016-12-14,0.18,0.18,0.17,0.17,-1.18,-0.01,-1,3092685,537412.31
ELEC,2016-12-13,0.18,0.18,0.17,0.18,-1.16,0,-1,8795165,1545729.5
ELEC,2016-12-12,0.18,0.18,0.17,0.18,1.18,0,-1,9354610,1651669.38
ELEC,2016-12-08,0.18,0.18,0.17,0.18,-1.16,0,-1,8022040,1403660.25
ELEC,2016-12-07,0.18,0.18,0.17,0.18,-2.27,0,-1,9433710,1673935.75
ELEC,2016-12-06,0.18,0.18,0.18,0.18,-1.12,0,-1,9002700,1632728.88
ELEC,2016-12-05,0.19,0.19,0.18,0.18,-3.26,-0.01,-1,12635335,2322438.75
ELEC,2016-12-04,0.19,0.19,0.19,0.19,0,0,-1,25247010,4811618
ELEC,2016-12-01,0.2,0.2,0.19,0.19,4.55,0.01,-1,79386095,15126596
ELEC,2016-11-30,0.19,0.19,0.18,0.18,2.33,0,-1,36416780,6639290.5
ELEC,2016-11-29,0.18,0.18,0.17,0.18,0,0,-1,10144605,1791414.88
ELEC,2016-11-28,0.18,0.18,0.17,0.18,2.38,0.01,-1,6444705,1137002.75
ELEC,2016-11-27,0.18,0.18,0.17,0.17,-1.18,-0.01,-1,8438245,1466312.13
ELEC,2016-11-24,0.18,0.18,0.17,0.18,-2.3,0,-1,13091775,2306140.5
ELEC,2016-11-23,0.18,0.18,0.18,0.18,-1.14,0,-1,14949990,2687796.5
ELEC,2016-11-22,0.19,0.19,0.18,0.18,0,0,-1,21222300,3835869.75
ELEC,2016-11-21,0.19,0.19,0.18,0.18,1.15,0,-1,23517225,4279939
ELEC,2016-11-20,0.18,0.18,0.17,0.18,-1.136364,0,-1,22944465,4102599
ELEC,2016-11-17,0.19,0.19,0.17,0.18,-1.12,0,-1,40920445,7465402.5
ELEC,2016-11-16,0.19,0.19,0.18,0.18,4.71,0,-1,44186170,8089979.5
ELEC,2016-11-15,0.18,0.18,0.17,0.18,2.41,0.01,-1,40922530,7201564.5
ELEC,2016-11-14,0.18,0.18,0.17,0.17,2.47,0,-1,41358060,7101993
ELEC,2016-11-13,0.17,0.17,0.16,0.17,1.25,0,-1,32676020,5481567.5
ELEC,2016-11-10,0.17,0.17,0.16,0.17,3.9,0.01,-1,24243360,3986893.5
ELEC,2016-11-09,0.16,0.16,0.15,0.16,1.32,0,-1,29112645,4622065
ELEC,2016-11-08,0.16,0.16,0.15,0.16,2.7,0.01,-1,21696145,3384993.5
ELEC,2016-11-07,0.16,0.16,0.15,0.15,2.78,0,-1,19074100,2917199.5
ELEC,2016-11-06,0.15,0.15,0.14,0.15,1.41,0,-1,11730500,1753298.63
ELEC,2016-11-03,0.15,0.15,0.14,0.15,-1.39,0,-1,11151450,1631868
ELEC,2016-11-02,0.15,0.15,0.14,0.15,2.86,0.01,-1,5421695,800389.19
ELEC,2016-11-01,0.15,0.15,0.14,0.14,0,0,-1,1975125,285719.19
ELEC,2016-10-31,0.15,0.15,0.14,0.14,0,0,-1,3033675,437598.41
ELEC,2016-10-30,0.15,0.15,0.14,0.14,1.45,0,-1,2858785,410241.19
ELEC,2016-10-27,0.14,0.14,0.14,0.14,1.47,0,-1,9306395,1328742.25
ELEC,2016-10-26,0.14,0.14,0.14,0.14,3.03,0,-1,2390015,334138.47
ELEC,2016-10-25,0.14,0.14,0.14,0.14,0,0,-1,754690,103322.9
ELEC,2016-10-24,0.14,0.14,0.14,0.14,-1.49,0,-1,642015,87964.76
ELEC,2016-10-23,0.14,0.14,0.14,0.14,-1.47,0,-1,908060,126183.27
ELEC,2016-10-20,0.14,0.14,0.14,0.14,1.49,0,-1,3782195,530140.31
ELEC,2016-10-19,0.14,0.14,0.13,0.14,-1.41,0,-1,3982810,546375.44
ELEC,2016-10-18,0.14,0.14,0.14,0.14,-1.39,0,-1,1987025,275564.66
ELEC,2016-10-17,0.14,0.14,0.14,0.14,-1.37,0,-1,4167285,585940.88
ELEC,2016-10-16,0.15,0.15,0.14,0.14,-1.35,0,-1,1985030,285577.59
ELEC,2016-10-13,0.15,0.15,0.14,0.14,1.37,0,-1,3190090,464947.66
ELEC,2016-10-12,0.14,0.14,0.14,0.14,0,0,-1,1945040,277287.72
ELEC,2016-10-11,0.14,0.14,0.14,0.14,-1.351351,0,-1,3562225,509225.06
ELEC,2016-10-10,0.15,0.15,0.14,0.14,-1.33,-0.01,-1,4590555,670492
ELEC,2016-10-09,0.15,0.15,0.14,0.15,0,0,-1,2365550,348532.47
ELEC,2016-10-05,0.15,0.15,0.14,0.15,0,0,-1,4974795,734794.25
ELEC,2016-10-04,0.15,0.15,0.14,0.15,-1.32,0,-1,2049060,301098.75
ELEC,2016-10-03,0.15,0.15,0.14,0.15,4.11,0.01,-1,2419870,360575.91
ELEC,2016-09-29,0.14,0.14,0.14,0.14,-1.35,0,-1,1011830,145371.13
ELEC,2016-09-28,0.15,0.15,0.14,0.14,0,0,-1,1189085,172885.3
ELEC,2016-09-27,0.15,0.15,0.14,0.14,-1.333333,-0.01,-1,806180,117901.98
ELEC,2016-09-26,0.15,0.15,0.15,0.15,0,0,-1,1171050,172687.84
ELEC,2016-09-25,0.15,0.15,0.15,0.15,-1.32,0,-1,2163000,318723.75
ELEC,2016-09-22,0.15,0.15,0.15,0.15,0,0,-1,1764745,262607.31
ELEC,2016-09-21,0.15,0.15,0.15,0.15,-2.56,0,-1,2569780,385618.34
ELEC,2016-09-20,0.15,0.15,0.15,0.15,1.3,0,-1,2053325,314113.09
ELEC,2016-09-19,0.15,0.15,0.15,0.15,0,0,-1,594705,90118.34
ELEC,2016-09-18,0.15,0.15,0.15,0.15,0,0,-1,3494740,531038.44
ELEC,2016-09-15,0.15,0.15,0.15,0.15,-1.28,0,-1,1766600,267568.59
ELEC,2016-09-14,0.15,0.15,0.15,0.15,0,0,-1,566480,86782
ELEC,2016-09-08,0.15,0.15,0.15,0.15,0,0,-1,998480,152961.56
ELEC,2016-09-07,0.15,0.15,0.15,0.15,0,0,-1,1519840,231575.94
ELEC,2016-09-06,0.15,0.15,0.15,0.15,-1.27,0,-1,5709955,874447
ELEC,2016-09-05,0.16,0.16,0.15,0.15,0,0,-1,1876040,289904.88
ELEC,2016-09-04,0.16,0.16,0.15,0.15,0,0,-1,1248150,193778.75
ELEC,2016-09-01,0.16,0.16,0.15,0.15,-1.25,-0.01,-1,895120,139788.48
ELEC,2016-08-31,0.16,0.16,0.15,0.16,0,0,-1,1582540,247232.73
ELEC,2016-08-30,0.16,0.16,0.15,0.16,1.27,0.01,-1,1491690,234483.22
ELEC,2016-08-29,0.16,0.16,0.15,0.15,-1.25,-0.01,-1,1021470,159496.38
ELEC,2016-08-28,0.16,0.16,0.15,0.16,0,0,-1,1484800,232128.02
ELEC,2016-08-25,0.16,0.16,0.15,0.16,-2.44,0,-1,2554785,402806.16
ELEC,2016-08-24,0.16,0.16,0.16,0.16,1.23,0,-1,1340490,214687.84
ELEC,2016-08-23,0.16,0.16,0.16,0.16,-1.22,0,-1,2475510,393407.13
ELEC,2016-08-22,0.16,0.16,0.16,0.16,-1.2,0,-1,2817945,454783.44
ELEC,2016-08-21,0.17,0.17,0.16,0.16,0,0,-1,1560695,255452.78
ELEC,2016-08-18,0.17,0.17,0.16,0.16,-1.190476,-0.01,-1,5836105,951225.13
ELEC,2016-08-17,0.17,0.17,0.16,0.17,-1.176471,0,-1,8280700,1363925.63
ELEC,2016-08-16,0.17,0.17,0.17,0.17,-1.162791,0,-1,4448910,740601.5
ELEC,2016-08-15,0.17,0.17,0.17,0.17,-1.149425,0,-1,6164910,1043130.06
ELEC,2016-08-14,0.17,0.17,0.17,0.17,1.162791,0,-1,6017965,1022909.69
ELEC,2016-08-11,0.17,0.17,0.17,0.17,-1.149425,0,-1,16899515,2860091.75
ELEC,2016-08-10,0.17,0.17,0.17,0.17,2.352941,0,-1,25014290,4276138.5
ELEC,2016-08-09,0.17,0.17,0.17,0.17,1.19,0,-1,25821295,4336433.5
ELEC,2016-08-08,0.17,0.17,0.16,0.17,0,0,-1,20393490,3366178.75
ELEC,2016-08-07,0.17,0.17,0.16,0.17,0,0,-1,6251330,1026215
ELEC,2016-08-04,0.17,0.17,0.16,0.17,0,0,-1,17049180,2828674.75
ELEC,2016-08-03,0.17,0.17,0.16,0.17,1.2,0.01,-1,22055545,3653884.75
ELEC,2016-08-02,0.17,0.17,0.16,0.16,-1.19,-0.01,-1,6987200,1145537
ELEC,2016-08-01,0.17,0.17,0.16,0.17,-1.18,0,-1,3829620,629375.06
ELEC,2016-07-31,0.17,0.17,0.17,0.17,-1.16,0,-1,2758560,460278.75
ELEC,2016-07-28,0.17,0.17,0.17,0.17,0,0,-1,4492020,761225.81
ELEC,2016-07-27,0.17,0.17,0.17,0.17,3.61,0.01,-1,7284290,1234739.13
ELEC,2016-07-26,0.17,0.17,0.16,0.16,-1.19,-0.01,-1,1851670,302717.16
ELEC,2016-07-25,0.17,0.17,0.16,0.17,1.2,0.01,-1,1988970,326676
ELEC,2016-07-24,0.17,0.17,0.16,0.16,0,0,-1,1965070,319394.91
ELEC,2016-07-21,0.17,0.17,0.16,0.16,-1.19,-0.01,-1,1798685,294810.06
ELEC,2016-07-20,0.17,0.17,0.16,0.17,-2.33,0,-1,3413920,566534.31
ELEC,2016-07-19,0.17,0.17,0.17,0.17,-1.15,0,-1,5319310,894943.94
ELEC,2016-07-18,0.17,0.17,0.17,0.17,0,0,-1,3346505,571209.88
ELEC,2016-07-17,0.17,0.17,0.17,0.17,0,0,-1,3047630,519632.34
ELEC,2016-07-14,0.17,0.17,0.17,0.17,0,0,-1,3685975,629310.5
ELEC,2016-07-13,0.18,0.18,0.17,0.17,-1.14,0,-1,4138900,708117
ELEC,2016-07-12,0.18,0.18,0.17,0.17,-1.12,-0.01,-1,7194805,1239470.25
ELEC,2016-07-11,0.18,0.18,0.17,0.18,0,0,-1,20444695,3558467.5
ELEC,2016-07-10,0.18,0.18,0.17,0.18,3.49,0.01,-1,3925495,684669.88
ELEC,2016-07-04,0.17,0.17,0.17,0.17,2.380952,0,-1,1764035,297317.25
ELEC,2016-07-03,0.17,0.17,0.16,0.17,2.44,0.01,-1,1851860,305457.31
ELEC,2016-06-29,0.16,0.16,0.16,0.16,0,0,-1,943350,151968.8
ELEC,2016-06-28,0.17,0.17,0.16,0.16,3.8,0.01,-1,1370665,221627.56
ELEC,2016-06-27,0.16,0.16,0.15,0.15,1.28,0,-1,1760985,274618.97
ELEC,2016-06-26,0.16,0.16,0.15,0.15,-7.14,-0.02,-1,3818275,587278.5
ELEC,2016-06-23,0.17,0.17,0.16,0.17,1.2,0.01,-1,2513975,413526.69
ELEC,2016-06-22,0.17,0.17,0.16,0.16,-2.35,-0.01,-1,4193635,686726.19
ELEC,2016-06-21,0.17,0.17,0.17,0.17,-1.16,0,-1,2758605,461007.91
ELEC,2016-06-20,0.17,0.17,0.17,0.17,-2.27,0,-1,3257775,552075
ELEC,2016-06-19,0.18,0.18,0.17,0.17,1.15,0,-1,4047300,698760.69
ELEC,2016-06-16,0.18,0.18,0.17,0.17,2.35,0,-1,1699740,291359.13
ELEC,2016-06-15,0.17,0.17,0.17,0.17,0,0,-1,3820030,639493.69
ELEC,2016-06-14,0.17,0.17,0.17,0.17,-1.16,0,-1,5898315,982570.75
ELEC,2016-06-13,0.17,0.17,0.17,0.17,-2.27,0,-1,5352320,909212.75
ELEC,2016-06-12,0.18,0.18,0.17,0.17,-1.12,-0.01,-1,2212365,380393.78
ELEC,2016-06-09,0.18,0.18,0.17,0.18,-1.11,0,-1,3847565,675684.06
ELEC,2016-06-08,0.18,0.18,0.17,0.18,3.45,0.01,-1,13997645,2468863.25
ELEC,2016-06-07,0.17,0.17,0.17,0.17,0,0,-1,1470225,251100.78
ELEC,2016-06-06,0.17,0.17,0.17,0.17,3.57,0,-1,11639045,1983676.63
ELEC,2016-06-05,0.17,0.17,0.16,0.17,-1.176471,0,-1,1300750,213813.64
ELEC,2016-06-02,0.17,0.17,0.17,0.17,1.19,0,-1,4283720,714756.63
ELEC,2016-06-01,0.17,0.17,0.16,0.17,0,0,-1,1385695,228307.3
ELEC,2016-05-31,0.17,0.17,0.16,0.17,-1.18,0,-1,1620030,267288.63
ELEC,2016-05-30,0.17,0.17,0.17,0.17,0,0,-1,2703635,451828.94
ELEC,2016-05-29,0.17,0.17,0.17,0.17,-2.3,0,-1,3155580,529375.81
ELEC,2016-05-26,0.17,0.17,0.17,0.17,0,0,-1,1956115,333653.81
ELEC,2016-05-25,0.17,0.17,0.17,0.17,-1.14,0,-1,6222315,1063460
ELEC,2016-05-24,0.18,0.18,0.17,0.17,0,0,-1,5594675,962450
ELEC,2016-05-23,0.17,0.17,0.17,0.17,0,0,-1,2216510,381179.06
ELEC,2016-05-22,0.17,0.17,0.17,0.17,1.149425,0,-1,940490,162445.84
ELEC,2016-05-19,0.17,0.17,0.17,0.17,-2.247191,-0.01,-1,4342865,744133.25
ELEC,2016-05-18,0.18,0.18,0.17,0.18,0,0,-1,3218890,559978.25
ELEC,2016-05-17,0.18,0.18,0.17,0.18,2.3,0.01,-1,4430490,775732.56
ELEC,2016-05-16,0.17,0.17,0.17,0.17,0,0,-1,3789920,649245.69
ELEC,2016-05-15,0.18,0.18,0.17,0.17,-3.33,-0.01,-1,4238065,728052.25
ELEC,2016-05-12,0.18,0.18,0.17,0.18,1.12,0,-1,8054655,1421239.88
ELEC,2016-05-11,0.18,0.18,0.17,0.18,1.14,0.01,-1,13894735,2431933
ELEC,2016-05-10,0.18,0.18,0.17,0.17,-3.296703,-0.01,-1,13665315,2375315
ELEC,2016-05-09,0.18,0.18,0.18,0.18,0,0,-1,11722580,2088041.63
ELEC,2016-05-08,0.18,0.18,0.18,0.18,0,0,-1,7054410,1264143.5
ELEC,2016-05-05,0.18,0.18,0.18,0.18,1.11,0,-1,3387600,605169.25
ELEC,2016-05-04,0.18,0.18,0.18,0.18,-2.17,0,-1,4829185,857311.06
ELEC,2016-05-03,0.19,0.19,0.18,0.18,-3.16,-0.01,-1,6055065,1097441.38
ELEC,2016-04-28,0.19,0.19,0.18,0.19,-2.06,0,-1,5823445,1089365.88
ELEC,2016-04-27,0.2,0.2,0.19,0.19,-3.96,-0.01,-1,11600830,2214883
ELEC,2016-04-26,0.2,0.2,0.2,0.2,1,0,-1,6505880,1287594.88
ELEC,2016-04-24,0.2,0.2,0.19,0.2,1.01,0.01,-1,8894885,1755430.63
ELEC,2016-04-21,0.2,0.2,0.19,0.19,-1,-0.01,-1,13126525,2560162.75
ELEC,2016-04-20,0.2,0.2,0.19,0.2,-1.96,0,-1,18357940,3597414.75
ELEC,2016-04-19,0.2,0.2,0.2,0.2,2,0,-1,22958475,4597341
ELEC,2016-04-18,0.2,0.2,0.19,0.2,3.09,0.01,-1,28439220,5585058.5
ELEC,2016-04-17,0.2,0.2,0.18,0.19,6.59,0.01,-1,34215265,6510009
ELEC,2016-04-14,0.18,0.18,0.17,0.18,3.41,0.01,-1,13693505,2447943.5
ELEC,2016-04-13,0.18,0.18,0.17,0.17,2.33,0,-1,6891735,1195367.75
ELEC,2016-04-12,0.17,0.17,0.17,0.17,-1.15,0,-1,4897025,830361.75
ELEC,2016-04-11,0.18,0.18,0.17,0.17,-1.136364,0,-1,3589055,613087.31
ELEC,2016-04-10,0.18,0.18,0.17,0.17,-1.12,-0.01,-1,2137360,369010.91
ELEC,2016-04-07,0.18,0.18,0.17,0.18,0,0,-1,5601585,978195.13
ELEC,2016-04-06,0.18,0.18,0.17,0.18,-4.3,0,-1,12260615,2153410
ELEC,2016-04-05,0.19,0.19,0.18,0.18,1.09,0,-1,8492185,1547496.25
ELEC,2016-04-04,0.18,0.18,0.18,0.18,-1.08,0,-1,6318960,1146931
ELEC,2016-04-03,0.18,0.18,0.18,0.18,-1.06383,-0.01,-1,2910345,530084.63
ELEC,2016-03-31,0.19,0.19,0.18,0.19,3.3,0.01,-1,19361110,3562910.25
ELEC,2016-03-30,0.18,0.18,0.18,0.18,-2.15,0,-1,7451475,1329696.13
ELEC,2016-03-29,0.19,0.19,0.18,0.18,1.09,0,-1,15238825,2782465.25
ELEC,2016-03-28,0.19,0.19,0.18,0.18,1.098901,0,-1,10146730,1842402.25
ELEC,2016-03-27,0.18,0.18,0.18,0.18,0,0,-1,13557555,2427224.25
ELEC,2016-03-24,0.18,0.18,0.18,0.18,0,0,-1,9469155,1698171.25
ELEC,2016-03-23,0.18,0.18,0.17,0.18,3.409091,0.01,-1,22281415,3981077
ELEC,2016-03-22,0.18,0.18,0.17,0.17,-1.123596,-0.01,-1,6276030,1080586.88
ELEC,2016-03-21,0.18,0.18,0.17,0.18,1.136364,0.01,-1,6953850,1209955
ELEC,2016-03-20,0.18,0.18,0.17,0.17,-2.222222,-0.01,-1,9396805,1629574
ELEC,2016-03-17,0.18,0.18,0.17,0.18,2.272727,0.01,-1,25720145,4547290
ELEC,2016-03-16,0.18,0.18,0.17,0.17,3.529412,0,-1,31587980,5449320
ELEC,2016-03-15,0.17,0.17,0.16,0.17,-1.16,0,-1,14836265,2475610.5
ELEC,2016-03-14,0.18,0.18,0.16,0.17,6.17,0.01,-1,40166080,6773818
ELEC,2016-03-13,0.16,0.16,0.15,0.16,1.25,0,-1,21602810,3444475.25
ELEC,2016-03-10,0.16,0.16,0.15,0.16,2.56,0.01,-1,38702555,6107745.5
ELEC,2016-03-09,0.15,0.15,0.15,0.15,1.3,0,-1,11407665,1740905.5
ELEC,2016-03-08,0.15,0.15,0.15,0.15,0,0,-1,5112920,774161.06
ELEC,2016-03-07,0.15,0.15,0.14,0.15,4.054054,0.01,-1,21479570,3248507.25
ELEC,2016-03-06,0.14,0.14,0.14,0.14,1.369863,0,-1,5918665,860452.31
ELEC,2016-03-03,0.14,0.14,0.14,0.14,-1.351351,0,-1,4175335,598999.5
ELEC,2016-03-02,0.15,0.15,0.14,0.14,0,0,-1,16227765,2349060.5
ELEC,2016-03-01,0.15,0.15,0.14,0.14,0,0,-1,9012965,1311331.88
ELEC,2016-02-29,0.15,0.15,0.14,0.14,0,0,-1,16365925,2377316
ELEC,2016-02-28,0.15,0.15,0.14,0.14,4.225352,0,-1,28481885,4125631.75
ELEC,2016-02-25,0.14,0.14,0.14,0.14,1.43,0,-1,3574520,496408.25
ELEC,2016-02-24,0.14,0.14,0.14,0.14,-1.408451,0,-1,4399870,609111.44
ELEC,2016-02-23,0.14,0.14,0.14,0.14,-1.388889,0,-1,4471655,624536.38
ELEC,2016-02-22,0.14,0.14,0.14,0.14,1.408451,0,-1,3487560,492798.09
ELEC,2016-02-21,0.14,0.14,0.14,0.14,0,0,-1,2147590,300736.91
ELEC,2016-02-18,0.14,0.14,0.14,0.14,0,0,-1,3674400,512166.09
ELEC,2016-02-17,0.14,0.14,0.14,0.14,0,0,-1,9882165,1384948.13
ELEC,2016-02-16,0.14,0.14,0.14,0.14,0,0,-1,3442655,479519.09
ELEC,2016-02-15,0.14,0.14,0.14,0.14,1.428571,0,-1,3275470,454123.28
ELEC,2016-02-14,0.14,0.14,0.14,0.14,0,0,-1,3562530,489398.13
ELEC,2016-02-11,0.14,0.14,0.13,0.14,-4.109589,0,-1,9678305,1330290.13
ELEC,2016-02-10,0.15,0.15,0.14,0.14,4.285714,0,-1,21885945,3141912.75
ELEC,2016-02-09,0.14,0.14,0.14,0.14,-1.408451,0,-1,2127925,290899.16
ELEC,2016-02-08,0.14,0.14,0.14,0.14,0,0,-1,4572260,636601.31
ELEC,2016-02-07,0.14,0.14,0.14,0.14,-1.388889,0,-1,3428645,477559.72
ELEC,2016-02-04,0.14,0.14,0.14,0.14,0,0,-1,9871330,1400945
ELEC,2016-02-03,0.14,0.14,0.14,0.14,0,0,-1,3818630,540175.38
ELEC,2016-02-02,0.14,0.14,0.14,0.14,1.408451,0,-1,6122075,868921
ELEC,2016-02-01,0.14,0.14,0.14,0.14,-1.388889,0,-1,7463785,1044255.69
ELEC,2016-01-31,0.14,0.14,0.14,0.14,-1.369863,0,-1,9266690,1308530.5
ELEC,2016-01-28,0.14,0.14,0.14,0.14,1.39,0,-1,8270330,1183789.25
ELEC,2016-01-27,0.14,0.14,0.14,0.14,0,0,-1,13749575,1951953.13
ELEC,2016-01-26,0.14,0.14,0.14,0.14,0,0,-1,6816365,967911.63
ELEC,2016-01-24,0.14,0.14,0.14,0.14,2.857143,0,-1,8741825,1238686.5
ELEC,2016-01-21,0.14,0.14,0.13,0.14,1.449275,0,-1,8017035,1097740.13
ELEC,2016-01-20,0.14,0.14,0.13,0.14,-5.479452,0,-1,8895600,1213690.88
ELEC,2016-01-19,0.14,0.14,0.14,0.14,4.285714,0,-1,12003445,1714839.88
ELEC,2016-01-18,0.14,0.14,0.14,0.14,2.94,0.01,-1,3731530,513217.91
ELEC,2016-01-17,0.14,0.14,0.13,0.13,-1.45,-0.01,-1,7698450,1027542.06
ELEC,2016-01-14,0.14,0.14,0.13,0.14,-8,-0.01,-1,9313225,1253722.5
ELEC,2016-01-13,0.15,0.15,0.14,0.15,-2.597403,0,-1,18825725,2767406.25
ELEC,2016-01-12,0.15,0.15,0.15,0.15,-2.531646,0,-1,5686685,864592.13
ELEC,2016-01-11,0.16,0.16,0.15,0.15,0,0,-1,17349160,2680573
ELEC,2016-01-10,0.16,0.16,0.15,0.15,-1.25,-0.01,-1,14999845,2332835.5
ELEC,2016-01-06,0.16,0.16,0.15,0.16,0,0,-1,17443670,2741693.25
ELEC,2016-01-05,0.16,0.16,0.15,0.16,0,0,-1,11165690,1765392.5
ELEC,2016-01-04,0.16,0.16,0.15,0.16,-2.439024,0,-1,13394820,2105412.75
ELEC,2016-01-03,0.16,0.16,0.16,0.16,1.234568,0,-1,12158655,1951823.25
ELEC,2015-12-31,0.16,0.16,0.16,0.16,-1.219512,0,-1,14371665,2287972.5
ELEC,2015-12-30,0.17,0.17,0.16,0.16,2.5,0,-1,26649100,4292943.5
ELEC,2015-12-29,0.16,0.16,0.15,0.16,1.265823,0.01,-1,36130410,5679792.5
ELEC,2015-12-28,0.16,0.16,0.15,0.15,0,0,-1,14268050,2217678
ELEC,2015-12-27,0.16,0.16,0.15,0.15,1.282051,0,-1,32132395,4974498.5
ELEC,2015-12-24,0.15,0.15,0.15,0.15,0,0,-1,14572240,2227531.5
ELEC,2015-12-22,0.15,0.15,0.15,0.15,1.298701,0,-1,24566990,3764946.25
ELEC,2015-12-21,0.15,0.15,0.14,0.15,2.666667,0,-1,34110230,5167987
ELEC,2015-12-20,0.15,0.15,0.14,0.15,0,0,-1,9031950,1327001.63
ELEC,2015-12-17,0.15,0.15,0.14,0.15,1.351351,0.01,-1,29687070,4354892.5
ELEC,2015-12-16,0.15,0.15,0.14,0.14,1.369863,0,-1,26330435,3816356.25
ELEC,2015-12-15,0.15,0.15,0.14,0.14,4.285714,0,-1,33342570,4774945.5
ELEC,2015-12-14,0.14,0.14,0.14,0.14,-1.408451,0,-1,11645680,1611040.38
ELEC,2015-12-13,0.14,0.14,0.14,0.14,-2.739726,0,-1,8319970,1157915.63
ELEC,2015-12-10,0.14,0.14,0.14,0.14,-2.666667,-0.01,-1,9366910,1352309.75
ELEC,2015-12-09,0.15,0.15,0.14,0.15,2.739726,0.01,-1,11627615,1702890.25
ELEC,2015-12-08,0.15,0.15,0.14,0.14,-1.351351,0,-1,15408920,2213384
ELEC,2015-12-07,0.15,0.15,0.14,0.14,-1.333333,-0.01,-1,10681280,1561624.88
ELEC,2015-12-06,0.15,0.15,0.14,0.15,1.351351,0.01,-1,15635340,2305868.5
ELEC,2015-12-03,0.15,0.15,0.14,0.14,0,0,-1,9655850,1402216.38
ELEC,2015-12-02,0.15,0.15,0.14,0.14,5.714286,0,-1,14293710,2065306.63
ELEC,2015-12-01,0.14,0.14,0.14,0.14,1.449275,0,-1,3618025,498569.75
ELEC,2015-11-30,0.14,0.14,0.13,0.14,-1.428571,0,-1,3797155,517493.28
ELEC,2015-11-29,0.14,0.14,0.14,0.14,1.449275,0,-1,3203430,437833
ELEC,2015-11-26,0.14,0.14,0.14,0.14,-1.428571,0,-1,421310,57144.75
ELEC,2015-11-25,0.14,0.14,0.14,0.14,1.449275,0,-1,3139125,430676.94
ELEC,2015-11-24,0.14,0.14,0.13,0.14,-1.428571,0,-1,3491085,475567.56
ELEC,2015-11-23,0.14,0.14,0.13,0.14,-2.777778,0,-1,4704310,644983.13
ELEC,2015-11-22,0.14,0.14,0.14,0.14,-1.369863,0,-1,4094115,581646.75
ELEC,2015-11-19,0.14,0.14,0.14,0.14,2.816901,0,-1,4101660,586910.38
ELEC,2015-11-18,0.14,0.14,0.13,0.14,0,0,-1,4802065,666383.75
ELEC,2015-11-17,0.14,0.14,0.13,0.14,0,0,-1,8011940,1111696.63
ELEC,2015-11-16,0.14,0.14,0.14,0.14,0,0,-1,6507305,912009
ELEC,2015-11-15,0.15,0.15,0.14,0.14,-5.33,-0.01,-1,7422615,1029532.31
ELEC,2015-11-12,0.15,0.15,0.14,0.15,0,0,-1,9232355,1366869.38
ELEC,2015-11-11,0.15,0.15,0.14,0.15,-2.6,0,-1,13591855,2003781.38
ELEC,2015-11-10,0.16,0.16,0.15,0.15,-6.1,-0.01,-1,6953815,1054855.25
ELEC,2015-11-09,0.16,0.16,0.16,0.16,-1.2,0,-1,5248340,844755.94
ELEC,2015-11-08,0.17,0.17,0.16,0.16,-3.49,-0.01,-1,6151015,1006950.88
ELEC,2015-11-05,0.17,0.17,0.17,0.17,1.18,0,-1,5056940,854424.56
ELEC,2015-11-04,0.17,0.17,0.16,0.17,0,0,-1,4150430,690112.56
ELEC,2015-11-03,0.17,0.17,0.16,0.17,0,0,-1,3241195,540299.94
ELEC,2015-11-02,0.17,0.17,0.16,0.17,0,0,-1,4912645,821970.63
ELEC,2015-11-01,0.17,0.17,0.17,0.17,-3.41,0,-1,5660895,946904.44
ELEC,2015-10-29,0.17,0.17,0.17,0.17,2.33,0,-1,8344005,1434441.5
ELEC,2015-10-28,0.17,0.17,0.17,0.17,-2.27,0,-1,8403535,1426194.38
ELEC,2015-10-27,0.18,0.18,0.17,0.17,-1.14,0.17,-1,8368760,1438788.75
ELEC,2015-10-26,0.18,0.18,0.17,0.17,-3.3,-0.01,-1,14002850,2426588.5
ELEC,2015-10-25,0.18,0.18,0.18,0.18,0,0,-1,4449950,792686.88
ELEC,2015-10-22,0.18,0.18,0.18,0.18,-2.17,0,-1,14738675,2614717.5
ELEC,2015-10-21,0.19,0.19,0.18,0.18,2.22,0,-1,35013680,6332230
ELEC,2015-10-20,0.18,0.18,0.18,0.18,1.12,0,-1,10604390,1870871.88
ELEC,2015-10-19,0.18,0.18,0.17,0.18,2.3,0.01,-1,8467625,1482950.75
ELEC,2015-10-18,0.17,0.17,0.17,0.17,0,0,-1,3057070,522691.75
ELEC,2015-10-15,0.18,0.18,0.17,0.17,-2.25,-0.01,-1,5337885,914038.31
ELEC,2015-10-13,0.18,0.18,0.18,0.18,-1.11,0,-1,8305495,1458566.5
ELEC,2015-10-12,0.18,0.18,0.18,0.18,2.27,0.01,-1,33826170,6009050.5
ELEC,2015-10-11,0.18,0.18,0.17,0.17,1.15,0,-1,10285955,1774987.88
ELEC,2015-10-08,0.17,0.17,0.17,0.17,3.57,0,-1,14545410,2484479.25
ELEC,2015-10-07,0.17,0.17,0.16,0.17,1.15,0.01,-1,13375635,2209385
ELEC,2015-10-05,0.17,0.17,0.16,0.16,0,0,-1,3853750,628701
ELEC,2015-10-04,0.17,0.17,0.16,0.16,-1.14,-0.01,-1,4737135,771506.25
ELEC,2015-10-01,0.17,0.17,0.16,0.17,0,0,-1,5967950,980512.875
ELEC,2015-09-30,0.17,0.17,0.16,0.17,0,0,-1,4547010,749025.56
ELEC,2015-09-29,0.17,0.17,0.16,0.17,0,0,-1,7386470,1213176.88
ELEC,2015-09-28,0.17,0.17,0.16,0.17,1.15,0.01,-1,9333525,1539568.38
ELEC,2015-09-22,0.17,0.17,0.16,0.16,1.16,0,-1,11014450,1794661.75
ELEC,2015-09-21,0.16,0.16,0.16,0.16,1.18,0,-1,4032565,649433.38
ELEC,2015-09-20,0.16,0.16,0.16,0.16,-2.3,0,-1,10891730,1733144.5
ELEC,2015-09-17,0.17,0.17,0.16,0.16,-1.14,-0.01,-1,2868610,466117.47
ELEC,2015-09-16,0.17,0.17,0.16,0.17,1.15,0.01,-1,8650150,1428653.63
ELEC,2015-09-15,0.17,0.17,0.16,0.16,0,0,-1,5964990,968839
ELEC,2015-09-14,0.17,0.17,0.16,0.16,1.16,0,-1,7262405,1178467.5
ELEC,2015-09-13,0.17,0.17,0.16,0.16,1.18,0,-1,4539570,733896.5
ELEC,2015-09-10,0.16,0.16,0.16,0.16,-1.16,0,-1,7744150,1234447.5
ELEC,2015-09-09,0.17,0.17,0.16,0.16,2.38,0,-1,6634080,1073467.75
ELEC,2015-09-08,0.17,0.17,0.15,0.16,-6.67,-0.01,-1,10985290,1735642.38
ELEC,2015-09-07,0.18,0.18,0.17,0.17,-2.17,0,-1,10427160,1760398.63
ELEC,2015-09-06,0.18,0.18,0.17,0.17,-1.08,-0.01,-1,5596490,966067.19
ELEC,2015-09-03,0.18,0.18,0.17,0.18,1.09,0.01,-1,8372205,1461700.75
ELEC,2015-09-02,0.18,0.18,0.17,0.17,-1.08,-0.01,-1,16183455,2785632
ELEC,2015-09-01,0.18,0.18,0.17,0.18,-1.06,0,-1,13983510,2425410.75
ELEC,2015-08-31,0.18,0.18,0.17,0.18,2.17,0.01,-1,16366140,2872669
ELEC,2015-08-30,0.18,0.18,0.17,0.17,0,0,-1,11758940,2018784.5
ELEC,2015-08-27,0.18,0.18,0.17,0.17,4.55,0,-1,26389805,4522875
ELEC,2015-08-26,0.17,0.17,0.16,0.17,1.15,0.01,-1,9960115,1634805.88
ELEC,2015-08-25,0.17,0.17,0.15,0.16,7.41,0.01,-1,17694375,2889072.25
ELEC,2015-08-24,0.16,0.16,0.14,0.15,-2.409639,0,-1,21362700,3228280.75
ELEC,2015-08-23,0.17,0.17,0.15,0.15,-7.78,-0.02,-1,9626385,1496196.25
ELEC,2015-08-20,0.17,0.17,0.17,0.17,0,0,-1,9220095,1557706.75
ELEC,2015-08-19,0.17,0.17,0.17,0.17,-2.17,0,-1,13714345,2312308.5
ELEC,2015-08-18,0.18,0.18,0.17,0.17,-3.16,-0.01,-1,11230380,1932422.25
ELEC,2015-08-17,0.18,0.18,0.18,0.18,1.06,0,-1,9514600,1693187.88
ELEC,2015-08-16,0.18,0.18,0.17,0.18,-4.08,0,-1,13281710,2339756.75
ELEC,2015-08-13,0.19,0.19,0.18,0.18,-1.01,-0.01,-1,8778855,1606222.88
ELEC,2015-08-12,0.19,0.19,0.18,0.19,-2.941176,0,-1,5597455,1041717.88
ELEC,2015-08-11,0.19,0.19,0.19,0.19,2,0,-1,10621485,2020556.25
ELEC,2015-08-10,0.19,0.19,0.18,0.19,0,0,-1,5576985,1046231.88
ELEC,2015-08-09,0.19,0.19,0.18,0.19,-2.91,0,-1,9162985,1708313
ELEC,2015-08-05,0.2,0.2,0.19,0.19,-1.9,-0.01,-1,9324695,1800568.75
ELEC,2015-08-04,0.2,0.2,0.19,0.2,0.96,0.01,-1,13481235,2651396.5
ELEC,2015-08-03,0.2,0.2,0.19,0.19,-1.89,-0.01,-1,17632660,3425921.75
ELEC,2015-08-02,0.2,0.2,0.19,0.2,0.95,0,-1,21505005,4267542.5
ELEC,2015-07-30,0.2,0.2,0.19,0.2,-1.87,0,-1,22687425,4458807.5
ELEC,2015-07-29,0.2,0.2,0.19,0.2,1.9,0,-1,22574045,4501056.5
ELEC,2015-07-28,0.2,0.2,0.19,0.2,6.06,0.01,-1,34039945,6656043.5
ELEC,2015-07-27,0.19,0.19,0.18,0.19,-2.94,0,-1,22833630,4222387
ELEC,2015-07-26,0.2,0.2,0.18,0.19,4.08,0.01,-1,25538525,4880188
ELEC,2015-07-22,0.19,0.19,0.17,0.18,6.52,0.01,-1,32339545,5902567.5
ELEC,2015-07-21,0.18,0.18,0.17,0.17,2.22,0,-1,13271735,2282752
ELEC,2015-07-16,0.18,0.18,0.16,0.17,5.88,0.01,-1,21114445,3569611.75
ELEC,2015-07-15,0.16,0.16,0.15,0.16,4.94,0.01,-1,9581360,1521197.88
ELEC,2015-07-14,0.15,0.15,0.15,0.15,0,0,-1,4839180,737063.81
ELEC,2015-07-13,0.15,0.15,0.15,0.15,-1.22,0,-1,5489215,826850.25
ELEC,2015-07-12,0.15,0.15,0.15,0.15,-1.2,0,-1,2217805,340669.88
ELEC,2015-07-09,0.16,0.16,0.15,0.15,0,0,-1,2157960,335898.81
ELEC,2015-07-08,0.16,0.16,0.15,0.15,0,0,-1,5390835,836346.63
ELEC,2015-07-07,0.17,0.17,0.15,0.15,-28.74,-0.01,-1,5542625,865834.19
ELEC,2015-07-06,0.17,0.17,0.16,0.16,-4.4,-0.01,-1,5154125,836362.44
ELEC,2015-07-05,0.18,0.18,0.17,0.17,-1.09,0,-1,7698005,1313602.13
ELEC,2015-07-02,0.18,0.18,0.17,0.17,-1.08,-0.01,-1,6410510,1102907
ELEC,2015-06-29,0.18,0.18,0.17,0.18,-2.11,0,-1,7292460,1273226.13
ELEC,2015-06-28,0.18,0.18,0.18,0.18,3.26,0.01,-1,10557445,1882929.38
ELEC,2015-06-25,0.18,0.18,0.17,0.17,-1.08,-0.01,-1,4846060,838052.44
ELEC,2015-06-24,0.18,0.18,0.17,0.18,1.09,0.01,-1,5060845,880917.38
ELEC,2015-06-23,0.18,0.18,0.17,0.17,0.09,0,-1,2945170,505963.28
ELEC,2015-06-22,0.18,0.18,0.17,0.17,-2.15,-0.01,-1,2944315,502513.59
ELEC,2015-06-21,0.18,0.18,0.17,0.18,0,0,-1,2244610,389711.5
ELEC,2015-06-18,0.18,0.18,0.18,0.18,0,0,-1,1763225,307356.41
ELEC,2015-06-17,0.18,0.18,0.18,0.18,-1.06,0,-1,3913155,684529.5
ELEC,2015-06-16,0.18,0.18,0.17,0.18,2.173913,0.01,-1,6651615,1166594
ELEC,2015-06-15,0.18,0.18,0.17,0.17,-1.075269,-0.01,-1,1586465,272853.53
ELEC,2015-06-14,0.18,0.18,0.17,0.18,-1.06,0,-1,2317680,402791.38
ELEC,2015-06-11,0.18,0.18,0.18,0.18,-1.05,0,-1,3039515,535440.63
ELEC,2015-06-10,0.18,0.18,0.18,0.18,0,0,-1,4189875,747596
ELEC,2015-06-09,0.18,0.18,0.18,0.18,0,0,-1,5931725,1059947.13
ELEC,2015-06-08,0.18,0.18,0.18,0.18,-2.06,0,-1,6330800,1127128.63
ELEC,2015-06-07,0.19,0.19,0.18,0.18,-3,-0.01,-1,6841615,1243935.5
ELEC,2015-06-04,0.19,0.19,0.18,0.19,-0.99,0,-1,8236425,1535400.88
ELEC,2015-06-03,0.19,0.19,0.19,0.19,-0.98,0,-1,6837495,1298207.5
ELEC,2015-06-02,0.19,0.19,0.19,0.19,0.99,0,-1,5604785,1073465.5
ELEC,2015-06-01,0.2,0.2,0.19,0.19,-0.98,0,-1,9923045,1878595.13
ELEC,2015-05-31,0.19,0.19,0.19,0.19,-3.77,-0.01,-1,12633645,2421791.25
ELEC,2015-05-28,0.2,0.2,0.19,0.2,-1.85,0,-1,9216445,1821105.13
ELEC,2015-05-27,0.21,0.21,0.2,0.2,-1.82,-0.01,-1,17737670,3596020
ELEC,2015-05-26,0.21,0.21,0.2,0.21,0,0,-1,10170745,2086620
ELEC,2015-05-25,0.21,0.21,0.2,0.21,0.92,0.01,-1,11748175,2408866.75
ELEC,2015-05-24,0.21,0.21,0.2,0.2,0.93,0,-1,27649310,5642193.5
ELEC,2015-05-21,0.21,0.21,0.2,0.2,5.88,0.01,-1,18067865,3661183.25
ELEC,2015-05-20,0.2,0.2,0.19,0.19,-0.97,0,-1,16115930,3074302.25
ELEC,2015-05-19,0.2,0.2,0.19,0.19,0,0,-1,13823660,2670980.5
ELEC,2015-05-18,0.19,0.19,0.18,0.19,8.42,0.01,-1,17093060,3282931.5
ELEC,2015-05-17,0.18,0.18,0.17,0.18,1.06,0,-1,7021235,1243637
ELEC,2015-05-14,0.19,0.19,0.17,0.18,-6,-0.01,-1,8806225,1550824.25
ELEC,2015-05-13,0.19,0.19,0.18,0.19,-2.91,0,-1,8119885,1518895.63
ELEC,2015-05-12,0.2,0.2,0.19,0.19,-2.83,-0.01,-1,4254235,816396.38
ELEC,2015-05-11,0.2,0.2,0.19,0.2,0.95,0,-1,5100960,1007837.13
ELEC,2015-05-10,0.2,0.2,0.19,0.2,-0.94,0,-1,7467590,1469567
ELEC,2015-05-07,0.2,0.2,0.19,0.2,0,0,-1,11402365,2262559
ELEC,2015-05-06,0.21,0.21,0.19,0.2,3.92,0.01,-1,30081280,5981088
ELEC,2015-05-05,0.2,0.2,0.18,0.19,6.25,0.01,-1,18423785,3502956
ELEC,2015-05-04,0.18,0.18,0.18,0.18,1.05,0,-1,3478165,627602.5
ELEC,2015-05-03,0.18,0.18,0.18,0.18,-2.06,0,-1,3317185,592288.69
ELEC,2015-04-30,0.19,0.19,0.18,0.18,2.11,0,-1,5328200,967995.88
ELEC,2015-04-29,0.18,0.18,0.17,0.18,1.06,0,-1,6012680,1072695
ELEC,2015-04-28,0.18,0.18,0.18,0.18,-2.08,0,-1,5242745,919198.1875
ELEC,2015-04-27,0.19,0.19,0.18,0.18,-3.03,-0.01,-1,6002000,1076820.625
ELEC,2015-04-26,0.19,0.19,0.18,0.19,-1,0,-1,1457185,270199.90625
ELEC,2015-04-23,0.19,0.19,0.19,0.19,0,0,-1,2455230,459450.0625
ELEC,2015-04-22,0.19,0.19,0.18,0.19,1.01,0,-1,3091405,577030.9375
ELEC,2015-04-21,0.19,0.19,0.18,0.19,0,0,-1,2852910,530943.5
ELEC,2015-04-20,0.19,0.19,0.18,0.19,-1,0,-1,2068340,384297.65625
ELEC,2015-04-19,0.19,0.19,0.19,0.19,0,0,-1,3867565,725133
ELEC,2015-04-16,0.19,0.19,0.18,0.19,0,0,-1,5170940,964787.75
ELEC,2015-04-15,0.19,0.19,0.19,0.19,-1.96,0,-1,3793215,711716.125
ELEC,2015-04-14,0.19,0.19,0.19,0.19,0,0,-1,1780700,339668.4375
ELEC,2015-04-09,0.19,0.19,0.19,0.19,0.98,0,-1,3108285,593618.4375
ELEC,2015-04-08,0.19,0.19,0.19,0.19,0,0,-1,3926875,750356
ELEC,2015-04-07,0.19,0.19,0.19,0.19,3.03,0,-1,5372675,1029014.625
ELEC,2015-04-06,0.19,0.19,0.18,0.19,0,0,-1,7783445,1447927.125
ELEC,2015-04-05,0.19,0.19,0.18,0.19,-5.71,-0.01,-1,5657525,1053277.375
ELEC,2015-04-02,0.2,0.2,0.19,0.2,-0.94,0,-1,4688710,920361.375
ELEC,2015-04-01,0.2,0.2,0.2,0.2,-1.85,0,-1,2711525,539584.875
ELEC,2015-03-31,0.21,0.21,0.2,0.2,0.93,0,-1,5143195,1039070.125
ELEC,2015-03-30,0.2,0.2,0.2,0.2,0,0,-1,4146105,831962.5
ELEC,2015-03-29,0.2,0.2,0.2,0.2,2.88,0.01,-1,5509745,1099492.625
ELEC,2015-03-26,0.2,0.2,0.19,0.19,-0.95,-0.01,-1,13055505,2531141.5
ELEC,2015-03-25,0.2,0.2,0.19,0.2,-2.78,0,-1,8111995,1592773
ELEC,2015-03-24,0.21,0.21,0.2,0.2,0,0,-1,5113975,1037351.4375
ELEC,2015-03-23,0.2,0.2,0.2,0.2,-0.92,0,-1,3502220,709490.3125
ELEC,2015-03-22,0.21,0.21,0.2,0.2,-1.8,-0.01,-1,4844500,985435.875
ELEC,2015-03-19,0.21,0.21,0.21,0.21,0.91,0,-1,4513050,934870.5
ELEC,2015-03-18,0.21,0.21,0.2,0.21,-1.79,0,-1,5473105,1128210.25
ELEC,2015-03-17,0.21,0.21,0.21,0.21,0,0,-1,4809750,1007208.875
ELEC,2015-03-16,0.21,0.21,0.21,0.21,-2.61,-0.01,-1,3968020,834987.4375
ELEC,2015-03-15,0.22,0.22,0.21,0.22,1.77,0.01,-1,4351845,932543.5625
ELEC,2015-03-12,0.22,0.22,0.21,0.21,-0.88,0,-1,4653550,984591.0625
ELEC,2015-03-11,0.22,0.22,0.21,0.21,-1.72,-0.01,-1,5864465,1247516
ELEC,2015-03-10,0.22,0.22,0.21,0.22,-0.85,0,-1,10277870,2233603.5
ELEC,2015-03-09,0.22,0.22,0.22,0.22,0,0,-1,1882440,411109.875
ELEC,2015-03-08,0.22,0.22,0.22,0.22,0.86,0,-1,4691860,1027807.125
ELEC,2015-03-05,0.22,0.22,0.22,0.22,0.87,0,-1,8035020,1745896.5
ELEC,2015-03-04,0.22,0.22,0.21,0.22,0,0,-1,3542835,765178.375
ELEC,2015-03-03,0.22,0.22,0.21,0.22,-0.86,0,-1,4619935,991885.1875
ELEC,2015-03-02,0.22,0.22,0.22,0.22,1.75,0.01,-1,7960375,1724149.5
ELEC,2015-03-01,0.22,0.22,0.21,0.21,-1.72,-0.01,-1,6670415,1426283
ELEC,2015-02-26,0.22,0.22,0.22,0.22,-0.85,0,-1,3371160,729454.5625
ELEC,2015-02-25,0.22,0.22,0.22,0.22,0,0,-1,6696930,1461747.875
ELEC,2015-02-24,0.22,0.22,0.22,0.22,0.86,0,-1,4942655,1079273.875
ELEC,2015-02-23,0.22,0.22,0.21,0.22,1.75,0.01,-1,8086540,1753848.125
ELEC,2015-02-22,0.22,0.22,0.21,0.21,-0.87,-0.01,-1,1919675,409724.125
ELEC,2015-02-19,0.22,0.22,0.21,0.22,-1.71,0,-1,9443920,2036484.625
ELEC,2015-02-18,0.22,0.22,0.22,0.22,0.86,0,-1,5142615,1126805.875
ELEC,2015-02-17,0.22,0.22,0.21,0.22,-1.69,0,-1,8829625,1919165.375
ELEC,2015-02-16,0.23,0.23,0.22,0.22,-2.48,-0.01,-1,5212415,1154127.375
ELEC,2015-02-15,0.23,0.23,0.22,0.23,0.83,0.01,-1,2335280,528753.625
ELEC,2015-02-12,0.23,0.23,0.22,0.22,-0.83,-0.01,-1,4684465,1054843.5
ELEC,2015-02-11,0.23,0.23,0.22,0.23,-1.63,0,-1,10056195,2284191
ELEC,2015-02-10,0.23,0.23,0.23,0.23,0.82,0,-1,6004705,1380409.125
ELEC,2015-02-09,0.23,0.23,0.23,0.23,-1.61,0,-1,7567990,1733266.5
ELEC,2015-02-08,0.23,0.23,0.23,0.23,0,0,-1,3509165,813534.9375
ELEC,2015-02-05,0.23,0.23,0.23,0.23,-1.59,-0.01,-1,9909170,2302590.75
ELEC,2015-02-04,0.24,0.24,0.23,0.24,0,0,-1,6952475,1640487
ELEC,2015-02-03,0.24,0.24,0.23,0.24,0.8,0.01,-1,10094695,2375815.25
ELEC,2015-02-02,0.24,0.24,0.23,0.23,0.81,0,-1,6117280,1426979
ELEC,2015-02-01,0.23,0.23,0.23,0.23,-0.8,0,-1,5718600,1331452.875
ELEC,2015-01-29,0.24,0.24,0.23,0.23,-0.79,-0.01,-1,6917815,1620878.875
ELEC,2015-01-28,0.24,0.24,0.23,0.24,0,0,-1,5773640,1363768.5
ELEC,2015-01-27,0.24,0.24,0.23,0.24,-0.79,0,-1,16382165,3869274
ELEC,2015-01-26,0.24,0.24,0.24,0.24,0,0,-1,6062330,1437683.875
ELEC,2015-01-22,0.24,0.24,0.23,0.24,0.79,0,-1,8839360,2092409.625
ELEC,2015-01-21,0.24,0.24,0.23,0.24,-0.79,0,-1,8132565,1915463.5
ELEC,2015-01-20,0.24,0.24,0.23,0.24,0,0,-1,12287600,2911619.75
ELEC,2015-01-19,0.24,0.24,0.23,0.24,0.79,0,-1,6903760,1636148.5
ELEC,2015-01-18,0.24,0.24,0.23,0.24,-0.79,0,-1,12744635,3001309.5
ELEC,2015-01-15,0.24,0.24,0.24,0.24,-1.55,0,-1,14380375,3429153.25
ELEC,2015-01-14,0.25,0.25,0.23,0.24,2.38,0,-1,37299620,8999525
ELEC,2015-01-13,0.24,0.24,0.23,0.24,1.61,0.01,-1,11022650,2601232.25
ELEC,2015-01-12,0.23,0.23,0.23,0.23,0.81,0,-1,9567465,2221036.5
ELEC,2015-01-11,0.23,0.23,0.23,0.23,-0.81,0,-1,7148030,1651210.375
ELEC,2015-01-08,0.23,0.23,0.23,0.23,2.48,0,-1,12435765,2891979.75
ELEC,2015-01-06,0.23,0.23,0.22,0.23,-3.2,0,-1,13237130,2989612
ELEC,2015-01-05,0.24,0.24,0.23,0.23,0.81,0,-1,12829035,3008800.25
ELEC,2015-01-04,0.23,0.23,0.23,0.23,1.64,0,-1,3820995,883009
ELEC,2014-12-31,0.23,0.23,0.22,0.23,-1.61,0,-1,7917865,1801670.125
ELEC,2014-12-30,0.24,0.24,0.23,0.23,0,0,-1,13843655,3210714
ELEC,2014-12-29,0.24,0.24,0.23,0.23,2.48,0,-1,16267130,3773424.25
ELEC,2014-12-28,0.23,0.23,0.22,0.23,-0.82,0,-1,2945835,669233.125
ELEC,2014-12-25,0.23,0.23,0.23,0.23,-0.81,0,-1,3734890,854038.4375
ELEC,2014-12-24,0.23,0.23,0.23,0.23,0.82,0,-1,5717900,1315042.75
ELEC,2014-12-23,0.23,0.23,0.22,0.23,-0.81,0,-1,8357480,1911623.375
ELEC,2014-12-22,0.23,0.23,0.22,0.23,0.82,0,-1,7067470,1621184.875
ELEC,2014-12-21,0.23,0.23,0.23,0.23,4.27,0.01,-1,9006510,2057078.125
ELEC,2014-12-18,0.22,0.22,0.21,0.22,4.46,0.01,-1,7500110,1643529
ELEC,2014-12-17,0.22,0.22,0.2,0.21,-3.45,-0.01,-1,15467855,3228328.5
ELEC,2014-12-16,0.23,0.23,0.21,0.22,-4.92,-0.01,-1,22300890,4839929
ELEC,2014-12-15,0.23,0.23,0.22,0.23,0,0,-1,17099035,3908885
ELEC,2014-12-14,0.24,0.24,0.22,0.23,-5.43,-0.01,-1,20981920,4771063
ELEC,2014-12-11,0.25,0.25,0.24,0.24,-3.01,-0.01,-1,25943610,6271693
ELEC,2014-12-10,0.26,0.26,0.25,0.25,-2.21,-0.01,-1,9301560,2320781.5
ELEC,2014-12-09,0.26,0.26,0.25,0.26,-2.86,0,-1,16006430,4072708.75
ELEC,2014-12-08,0.27,0.27,0.26,0.26,0.72,0,-1,21737410,5697718
ELEC,2014-12-07,0.27,0.27,0.25,0.26,2.21,0,-1,32122170,8361264.5
ELEC,2014-12-04,0.26,0.26,0.25,0.26,1.49,0.01,-1,20197905,5144113
ELEC,2014-12-03,0.26,0.26,0.25,0.25,1.52,0,-1,10425485,2608442.75
ELEC,2014-12-02,0.25,0.25,0.24,0.25,-1.49,0,-1,10858880,2683916.5
ELEC,2014-12-01,0.26,0.26,0.25,0.25,-0.74,0,-1,14471905,3616959
ELEC,2014-11-30,0.26,0.26,0.25,0.25,1.5,0,-1,27126745,6856341.5
ELEC,2014-11-27,0.25,0.25,0.25,0.25,0.76,0,-1,14082900,3509692.5
ELEC,2014-11-26,0.25,0.25,0.24,0.25,0.76,0,-1,6735345,1661570.375
ELEC,2014-11-25,0.25,0.25,0.24,0.25,-0.76,0,-1,20254670,4950830.5
ELEC,2014-11-24,0.26,0.26,0.24,0.25,-2.22,0,-1,13441150,3316566.5
ELEC,2014-11-23,0.26,0.26,0.25,0.25,1.5,0,-1,16441945,4142360
ELEC,2014-11-20,0.25,0.25,0.25,0.25,0,0,-1,9119545,2276652.5
ELEC,2014-11-19,0.25,0.25,0.25,0.25,0.76,0,-1,6321935,1571195.375
ELEC,2014-11-18,0.25,0.25,0.25,0.25,-0.75,0,-1,8359335,2070498
ELEC,2014-11-17,0.26,0.26,0.24,0.25,-3.62,-0.01,-1,18822965,4671461
ELEC,2014-11-16,0.26,0.26,0.25,0.26,0.73,0,-1,11519825,2977776.75
ELEC,2014-11-13,0.26,0.26,0.25,0.26,-1.44,0,-1,24228260,6191709.5
ELEC,2014-11-12,0.27,0.27,0.26,0.26,-3.47,-0.01,-1,30220365,7879677.5
ELEC,2014-11-11,0.27,0.27,0.26,0.27,0.7,0,-1,34457215,9267315
ELEC,2014-11-10,0.27,0.27,0.26,0.27,0.7,0,-1,22523435,6017718
ELEC,2014-11-09,0.27,0.27,0.26,0.27,0,0,-1,12988655,3452518
ELEC,2014-11-06,0.27,0.27,0.26,0.27,-1.39,0,-1,33585465,8895900
ELEC,2014-11-05,0.28,0.28,0.26,0.27,2.13,0.01,-1,53267110,14346972
ELEC,2014-11-04,0.27,0.27,0.25,0.26,6.82,0.01,-1,74996585,19771368
ELEC,2014-11-03,0.25,0.25,0.24,0.25,-0.75,0,-1,32837315,8108710
ELEC,2014-11-02,0.26,0.26,0.25,0.25,3.1,0.01,-1,16294465,4069544.25
ELEC,2014-10-30,0.25,0.25,0.23,0.24,2.38,0,-1,35703735,8617515
ELEC,2014-10-29,0.24,0.24,0.23,0.24,1.61,0.01,-1,12239860,2874387.75
ELEC,2014-10-28,0.24,0.24,0.23,0.23,2.48,0,-1,12425715,2882624.75
ELEC,2014-10-27,0.23,0.23,0.22,0.23,-2.42,0,-1,9354920,2117936.75
ELEC,2014-10-26,0.24,0.24,0.23,0.23,-2.36,-0.01,-1,11252070,2616178.5
ELEC,2014-10-23,0.24,0.24,0.23,0.24,0.79,0,-1,18414155,4375408.5
ELEC,2014-10-22,0.24,0.24,0.23,0.24,3.28,0.01,-1,23606340,5584059.5
ELEC,2014-10-21,0.23,0.23,0.22,0.23,3.39,0.01,-1,15384665,3503216.25
ELEC,2014-10-20,0.23,0.23,0.21,0.22,0,0,-1,16659315,3693755.75
ELEC,2014-10-19,0.23,0.23,0.21,0.22,-1.67,0,-1,17210645,3812998.5
ELEC,2014-10-16,0.23,0.23,0.22,0.22,-6.25,-0.02,-1,19483040,4380533.5
ELEC,2014-10-15,0.25,0.25,0.23,0.24,-2.29,-0.01,-1,15614490,3729655.25
ELEC,2014-10-14,0.26,0.26,0.24,0.25,-5.76,-0.01,-1,29390125,7201602.5
ELEC,2014-10-13,0.26,0.26,0.26,0.26,-2.8,-0.01,-1,10909635,2830084
ELEC,2014-10-12,0.28,0.28,0.25,0.27,-4.67,-0.01,-1,18539730,4977421
ELEC,2014-10-09,0.28,0.28,0.28,0.28,-0.66,0,-1,7462480,2100847
ELEC,2014-10-08,0.29,0.29,0.28,0.28,-1.31,-0.01,-1,11914420,3363077.5
ELEC,2014-10-02,0.29,0.29,0.28,0.29,0.66,0.01,-1,7882880,2263372
ELEC,2014-10-01,0.29,0.29,0.28,0.28,0,0,-1,5150885,1461400.625
ELEC,2014-09-30,0.29,0.29,0.28,0.28,0.66,0,-1,7504175,2134403.25
ELEC,2014-09-29,0.29,0.29,0.28,0.28,1.34,0,-1,9356730,2647407
ELEC,2014-09-28,0.28,0.28,0.28,0.28,-0.67,0,-1,16652915,4628577
ELEC,2014-09-25,0.28,0.28,0.28,0.28,-0.66,0,-1,11167455,3126583.75
ELEC,2014-09-24,0.29,0.29,0.28,0.28,0,0,-1,18885620,5336422
ELEC,2014-09-23,0.29,0.29,0.28,0.28,0.67,0,-1,19307595,5469055.5
ELEC,2014-09-22,0.29,0.29,0.28,0.28,-1.32,0,-1,14134360,3970808
ELEC,2014-09-21,0.29,0.29,0.28,0.28,-2.58,-0.01,-1,12433110,3546261.5
ELEC,2014-09-18,0.29,0.29,0.29,0.29,0.65,0,-1,14756950,4275178.5
ELEC,2014-09-17,0.29,0.29,0.29,0.29,-1.28,0,-1,8744200,2523741.25
ELEC,2014-09-16,0.3,0.3,0.29,0.29,-1.89,-0.01,-1,13187675,3855229
ELEC,2014-09-15,0.3,0.3,0.29,0.3,1.27,0,-1,18087095,5364350
ELEC,2014-09-14,0.3,0.3,0.29,0.3,1.95,0.01,-1,21710125,6372763
ELEC,2014-09-11,0.3,0.3,0.28,0.29,-3.14,-0.01,-1,14381260,4143325
ELEC,2014-09-10,0.31,0.31,0.29,0.3,-1.85,0,-1,16935795,5025849
ELEC,2014-09-09,0.31,0.31,0.3,0.3,-2.99,-0.01,-1,25766060,7810997
ELEC,2014-09-08,0.32,0.32,0.31,0.31,-1.18,-0.01,-1,22390980,6994413
ELEC,2014-09-07,0.32,0.32,0.31,0.32,0,0,-1,13303220,4217636.5
ELEC,2014-09-04,0.32,0.32,0.31,0.32,1.2,0.01,-1,16761830,5296861
ELEC,2014-09-03,0.32,0.32,0.31,0.31,-1.18,-0.01,-1,19771440,6183149.5
ELEC,2014-09-02,0.32,0.32,0.31,0.32,0.6,0.01,-1,20234335,6403661.5
ELEC,2014-09-01,0.32,0.32,0.31,0.31,-0.59,-0.01,-1,21482330,6758316
ELEC,2014-08-31,0.32,0.32,0.31,0.32,-0.59,0,-1,16435705,5201394.5
ELEC,2014-08-28,0.32,0.32,0.32,0.32,-0.58,0,-1,18862570,5995863
ELEC,2014-08-27,0.33,0.33,0.32,0.32,0,0,-1,21299300,6823497
ELEC,2014-08-26,0.33,0.33,0.31,0.32,3.01,0.01,-1,49792375,15895872
ELEC,2014-08-25,0.32,0.32,0.31,0.31,-1.78,-0.01,-1,23305665,7255095.5
ELEC,2014-08-24,0.32,0.32,0.31,0.32,1.2,0.01,-1,26955025,8544946
ELEC,2014-08-21,0.32,0.32,0.31,0.31,-2.34,-0.01,-1,26734955,8351812
ELEC,2014-08-20,0.33,0.33,0.31,0.32,-2.29,-0.01,-1,94040850,30018246
ELEC,2014-08-19,0.33,0.33,0.33,0.33,-1.13,0,-1,30051695,9856020
ELEC,2014-08-18,0.34,0.34,0.32,0.33,-1.67,-0.01,-1,37350455,12336448
ELEC,2014-08-17,0.34,0.34,0.33,0.34,-1.1,0,-1,31371400,10570932
ELEC,2014-08-14,0.35,0.35,0.33,0.34,0.55,0,-1,36413915,12424814
ELEC,2014-08-13,0.35,0.35,0.33,0.34,-1.63,0,-1,36939990,12482336
ELEC,2014-08-12,0.35,0.35,0.34,0.34,-1.08,-0.01,-1,39419315,13560453
ELEC,2014-08-11,0.35,0.35,0.34,0.35,1.09,0.01,-1,24772415,8624967
ELEC,2014-08-10,0.35,0.35,0.34,0.34,0,0,-1,16802535,5790235
ELEC,2014-08-07,0.35,0.35,0.34,0.34,-1.08,-0.01,-1,26291180,9075538
ELEC,2014-08-06,0.35,0.35,0.34,0.35,1.09,0.01,-1,52090060,18140104
ELEC,2014-08-05,0.35,0.35,0.34,0.34,2.79,0.01,-1,85440485,29378964
ELEC,2014-08-04,0.34,0.34,0.32,0.33,2.87,0,-1,59080655,19743606
ELEC,2014-08-03,0.33,0.33,0.32,0.33,-1.14,0,-1,13310320,4321346.5
ELEC,2014-07-31,0.33,0.33,0.33,0.33,0,0,-1,21364650,7034776.5
ELEC,2014-07-27,0.33,0.33,0.32,0.33,0.58,0.01,-1,15684535,5112656.5
ELEC,2014-07-24,0.33,0.33,0.32,0.32,0.58,0,-1,20567300,6673260.5
ELEC,2014-07-22,0.33,0.33,0.32,0.32,0,0,-1,15086930,4864462
ELEC,2014-07-21,0.33,0.33,0.32,0.32,-0.58,0,-1,13335545,4302411.5
ELEC,2014-07-20,0.33,0.33,0.32,0.32,-3.35,-0.01,-1,31564190,10210217
ELEC,2014-07-17,0.34,0.34,0.33,0.33,0,0,-1,15599690,5213774
ELEC,2014-07-16,0.34,0.34,0.33,0.33,-0.56,-0.01,-1,11404705,3816358.25
ELEC,2014-07-15,0.34,0.34,0.33,0.34,0,0,-1,11134675,3757550.5
ELEC,2014-07-14,0.34,0.34,0.33,0.34,0.56,0.01,-1,11059460,3719135.25
ELEC,2014-07-13,0.34,0.34,0.33,0.33,-0.56,-0.01,-1,8346180,2792083
ELEC,2014-07-10,0.34,0.34,0.33,0.34,-0.55,0,-1,22361960,7542564.5
ELEC,2014-07-09,0.35,0.35,0.33,0.34,-0.55,0,-1,15120285,5130580
ELEC,2014-07-08,0.34,0.34,0.33,0.34,1.11,0,-1,21649050,7353107.5
ELEC,2014-07-07,0.34,0.34,0.33,0.34,-1.1,0,-1,19958255,6734334
ELEC,2014-07-06,0.34,0.34,0.33,0.34,-0.55,0,-1,16834475,5719523.5
ELEC,2014-07-03,0.35,0.35,0.34,0.34,2.81,0.01,-1,31029175,10649003
ELEC,2014-07-02,0.34,0.34,0.32,0.33,0.56,0,-1,25767565,8603025
ELEC,2014-06-30,0.33,0.33,0.33,0.33,2.91,0.01,-1,18724985,6192869
ELEC,2014-06-29,0.33,0.33,0.32,0.32,-2.82,-0.01,-1,15172785,4886455.5
ELEC,2014-06-26,0.34,0.34,0.32,0.33,2.31,0.01,-1,17736230,5858013.5
ELEC,2014-06-25,0.33,0.33,0.32,0.32,-1.7,-0.01,-1,31322440,10139664
ELEC,2014-06-24,0.34,0.34,0.32,0.33,-2.76,-0.01,-1,29938370,9843107
ELEC,2014-06-23,0.35,0.35,0.33,0.34,-0.55,0,-1,20493270,6954513.5
ELEC,2014-06-22,0.35,0.35,0.33,0.34,-0.55,0,-1,15972580,5438289
ELEC,2014-06-19,0.35,0.35,0.33,0.34,0,0,-1,36196345,12390934
ELEC,2014-06-18,0.35,0.35,0.3,0.34,2.23,0.01,-1,48321820,16569886
ELEC,2014-06-17,0.35,0.35,0.32,0.33,-2.72,-0.01,-1,58591045,19648932
ELEC,2014-06-16,0.36,0.36,0.33,0.34,-3.66,-0.02,-1,72102540,24879956
ELEC,2014-06-15,0.36,0.36,0.35,0.36,-1.55,0,-1,41871880,14944815
ELEC,2014-06-12,0.37,0.37,0.35,0.36,2.65,0.01,-1,67919370,24648192
ELEC,2014-06-11,0.37,0.37,0.34,0.35,4.42,0.01,-1,93867610,33283704
ELEC,2014-06-10,0.35,0.35,0.33,0.34,-1.63,0,-1,30956565,10512370
ELEC,2014-06-09,0.35,0.35,0.33,0.34,-0.54,-0.01,-1,58223260,20043832
ELEC,2014-06-05,0.35,0.35,0.33,0.35,5.71,0.02,-1,72827265,25212904
ELEC,2014-06-04,0.34,0.34,0.31,0.33,3.55,0.01,-1,64868850,21187416
ELEC,2014-06-03,0.33,0.33,0.31,0.32,0,0,-1,30689330,9710887
ELEC,2014-06-02,0.33,0.33,0.31,0.32,1.81,0.01,-1,54752265,17289116
ELEC,2014-06-01,0.33,0.33,0.29,0.31,-4.05,-0.01,-1,50945525,15823618
ELEC,2014-05-29,0.35,0.35,0.31,0.32,-4.95,-0.02,-1,80296065,26007222
ELEC,2014-05-28,0.35,0.35,0.33,0.34,0,0,-1,54330605,18551464
ELEC,2014-05-26,0.36,0.36,0.33,0.34,-2.15,-0.01,-1,77342645,26382586
ELEC,2014-05-25,0.35,0.35,0.34,0.35,2.76,0.01,-1,68315280,23776994
ELEC,2014-05-22,0.34,0.34,0.33,0.34,4.02,0.01,-1,81864560,27729332
ELEC,2014-05-21,0.34,0.34,0.31,0.33,1.75,0.01,-1,92440065,30176454
ELEC,2014-05-20,0.33,0.33,0.31,0.32,0,0,-1,45168855,14483267
ELEC,2014-05-19,0.33,0.33,0.3,0.32,3.64,0.01,-1,68521595,21884384
ELEC,2014-05-18,0.32,0.32,0.3,0.31,-2.37,-0.01,-1,35759285,11062039
ELEC,2014-05-15,0.32,0.32,0.31,0.32,2.42,0.01,-1,85553335,27111058
ELEC,2014-05-14,0.31,0.31,0.3,0.31,4.43,0.01,-1,95786580,29519274
ELEC,2014-05-13,0.3,0.3,0.28,0.3,4.64,0.02,-1,88529140,26133154
ELEC,2014-05-12,0.28,0.28,0.28,0.28,-0.66,0,-1,14951315,4212434
ELEC,2014-05-11,0.29,0.29,0.28,0.28,0,0,-1,10116240,2871068.25
ELEC,2014-05-08,0.29,0.29,0.28,0.28,-2.56,-0.01,-1,20729200,5876420
ELEC,2014-05-07,0.3,0.3,0.28,0.29,-0.64,-0.01,-1,30699905,8937772
ELEC,2014-05-06,0.3,0.3,0.29,0.3,1.95,0.01,-1,48210520,14165608
ELEC,2014-05-05,0.29,0.29,0.28,0.29,1.32,0.01,-1,45208575,12994709
ELEC,2014-05-04,0.29,0.29,0.28,0.28,1.33,0,-1,32189615,9134598
ELEC,2014-04-30,0.28,0.28,0.27,0.28,3.45,0.01,-1,19040905,5343330
ELEC,2014-04-29,0.28,0.28,0.27,0.27,-3.33,-0.01,-1,27774625,7559239
ELEC,2014-04-28,0.29,0.29,0.27,0.28,-2.6,-0.01,-1,35039725,9857374
ELEC,2014-04-27,0.3,0.3,0.28,0.29,0.65,0,-1,25255935,7265207
ELEC,2014-04-23,0.29,0.29,0.28,0.29,-2.55,-0.01,-1,24647835,7064571
ELEC,2014-04-22,0.3,0.3,0.29,0.3,1.95,0.01,-1,42423095,12479082
ELEC,2014-04-17,0.3,0.3,0.28,0.29,0.65,0,-1,56454680,16258420
ELEC,2014-04-16,0.3,0.3,0.28,0.29,0.66,0.01,-1,50459835,14438535
ELEC,2014-04-15,0.29,0.29,0.28,0.28,3.4,0.01,-1,49488200,14058316
ELEC,2014-04-14,0.28,0.28,0.26,0.27,3.52,0,-1,46811520,12858344
ELEC,2014-04-13,0.28,0.28,0.25,0.27,0,0,-1,78463630,20882442
ELEC,2014-04-10,0.27,0.27,0.25,0.27,5.97,0.02,-1,54193125,14415028
ELEC,2014-04-09,0.26,0.26,0.23,0.25,3.87,0.01,-1,74402835,18669376
ELEC,2014-04-08,0.25,0.25,0.23,0.24,6.61,0.01,-1,50570045,12211399
ELEC,2014-04-07,0.24,0.24,0.21,0.23,-1.63,0,-1,54124835,12214041
ELEC,2014-04-06,0.25,0.25,0.22,0.23,-3.91,-0.01,-1,23165895,5340353.5
ELEC,2014-04-03,0.25,0.25,0.23,0.24,-5.19,-0.01,-1,27013195,6458472.5
ELEC,2014-04-02,0.26,0.26,0.25,0.25,0.75,0,-1,30274535,7646293.5
ELEC,2014-04-01,0.26,0.26,0.23,0.25,-0.74,0,-1,30263115,7580081
ELEC,2014-03-31,0.28,0.28,0.24,0.25,-5.59,-0.02,-1,36500870,9254337
ELEC,2014-03-30,0.28,0.28,0.26,0.27,-7.14,-0.02,-1,187160010,50250304
ELEC,2014-03-27,0.31,0.31,0.27,0.29,-4.35,-0.01,-1,55908025,16065457
ELEC,2014-03-26,0.31,0.31,0.3,0.3,-1.23,-0.01,-1,43552615,13154749
ELEC,2014-03-25,0.31,0.31,0.3,0.31,2.52,0.01,-1,48216990,14742285
ELEC,2014-03-24,0.31,0.31,0.29,0.3,0.63,0,-1,67038955,19976426
ELEC,2014-03-23,0.31,0.31,0.29,0.3,-3.66,-0.01,-1,72306395,21425916
ELEC,2014-03-20,0.31,0.31,0.3,0.31,-0.61,0,-1,58595875,17932782
ELEC,2014-03-19,0.32,0.32,0.3,0.31,0,0,-1,69448260,21456570
ELEC,2014-03-18,0.32,0.32,0.3,0.31,5.1,0.01,-1,96681750,29786338
ELEC,2014-03-17,0.3,0.3,0.28,0.3,3.97,0.02,-1,72193775,21212708
ELEC,2014-03-16,0.3,0.3,0.27,0.28,2.72,0.01,-1,110683255,31284884
ELEC,2014-03-13,0.28,0.28,0.26,0.27,5.76,0.01,-1,185345450,50807600
ELEC,2014-03-12,0.27,0.27,0.25,0.26,4.51,0.01,-1,153128375,39697176
ELEC,2014-03-11,0.25,0.25,0.23,0.25,3.91,0.01,-1,91741915,22858156
ELEC,2014-03-10,0.24,0.24,0.24,0.24,-0.78,0,-1,23600810,5670561
ELEC,2014-03-09,0.25,0.25,0.24,0.24,0,0,-1,36010390,8688875
ELEC,2014-03-06,0.25,0.25,0.24,0.24,0,0,-1,44249770,10709739
ELEC,2014-03-05,0.25,0.25,0.24,0.24,1.57,0,-1,42859525,10348267
ELEC,2014-03-04,0.24,0.24,0.23,0.24,0.79,0,-1,67986100,16188065
ELEC,2014-03-03,0.24,0.24,0.23,0.24,-3.08,0,-1,53193100,12525818
ELEC,2014-03-02,0.26,0.26,0.24,0.24,-2.26,-0.01,-1,74556140,18167708
ELEC,2014-02-27,0.26,0.26,0.25,0.25,0,0,-1,60556625,15122199
ELEC,2014-02-26,0.26,0.26,0.24,0.25,3.1,0.01,-1,104467205,25996378
ELEC,2014-02-25,0.25,0.25,0.23,0.24,3.2,0.01,-1,125284550,30165012
ELEC,2014-02-24,0.24,0.24,0.23,0.23,0,0,-1,70174870,16372662
ELEC,2014-02-23,0.24,0.24,0.23,0.23,0.806452,0,-1,80007720,18731258
ELEC,2014-02-20,0.24,0.24,0.23,0.23,3.33,0.01,-1,89545205,20694208
ELEC,2014-02-19,0.23,0.23,0.22,0.22,-0.83,-0.01,-1,41413740,9333795
ELEC,2014-02-18,0.23,0.23,0.22,0.23,0.83,0.01,-1,51494220,11648646
ELEC,2014-02-17,0.23,0.23,0.22,0.22,0,0,-1,39363385,8805490
ELEC,2014-02-16,0.23,0.23,0.22,0.22,1.69,0,-1,21858585,4912665
ELEC,2014-02-13,0.23,0.23,0.22,0.22,-0.84,0,-1,32429750,7190385
ELEC,2014-02-12,0.23,0.23,0.22,0.22,-0.83,0,-1,59517800,13246734
ELEC,2014-02-11,0.23,0.23,0.22,0.22,-1.64,-0.01,-1,59035095,13303848
ELEC,2014-02-10,0.25,0.25,0.22,0.23,0,0,-1,114634305,26215598
ELEC,2014-02-09,0.25,0.25,0.21,0.23,1.67,0.01,-1,120257305,27477714
ELEC,2014-02-06,0.23,0.23,0.22,0.22,5.26,0.01,-1,118295910,26638344
ELEC,2014-02-05,0.22,0.22,0.2,0.21,4.59,0.01,-1,100221455,21324398
ELEC,2014-02-04,0.21,0.21,0.2,0.2,-2.68,-0.01,-1,33595145,6864149.5
ELEC,2014-02-03,0.21,0.21,0.21,0.21,0.9,0,-1,58226575,12168554
ELEC,2014-02-02,0.21,0.21,0.2,0.21,4.72,0.01,-1,110792350,23080586
ELEC,2014-01-30,0.2,0.2,0.2,0.2,-0.93,0,-1,40125205,7967694
ELEC,2014-01-29,0.21,0.21,0.2,0.2,-0.93,0,-1,62887120,12617519
ELEC,2014-01-28,0.21,0.21,0.18,0.2,1.89,0,-1,68004525,13727928
ELEC,2014-01-27,0.2,0.2,0.19,0.2,0,0,-1,86866205,17165818
ELEC,2014-01-26,0.21,0.21,0.19,0.2,2.91,0.01,-1,83643360,16547431
ELEC,2014-01-23,0.2,0.2,0.19,0.19,4.04,0,-1,137132140,26411932
ELEC,2014-01-22,0.19,0.19,0.18,0.19,4.21,0.01,-1,65374435,12079846
ELEC,2014-01-21,0.18,0.18,0.18,0.18,1.06,0,-1,13320750,2363804.75
ELEC,2014-01-20,0.18,0.18,0.17,0.18,0,0,-1,14940475,2621819.75
ELEC,2014-01-19,0.19,0.19,0.17,0.18,-5.05,-0.01,-1,24897915,4390411.5
ELEC,2014-01-16,0.19,0.19,0.18,0.19,-1,0,-1,44620210,8239695.5
ELEC,2014-01-15,0.19,0.19,0.18,0.19,-1.96,0,-1,77017785,14430439
ELEC,2014-01-12,0.2,0.2,0.19,0.19,3.03,0,-1,73624070,14052835
ELEC,2014-01-09,0.19,0.19,0.18,0.19,0,0,-1,64643445,12002697
ELEC,2014-01-08,0.19,0.19,0.18,0.19,3.13,0.01,-1,61041695,11261833
ELEC,2014-01-06,0.18,0.18,0.18,0.18,2.13,0,-1,100679005,18035194
ELEC,2014-01-05,0.18,0.18,0.17,0.18,4.44,0.01,-1,58780765,10291175
ELEC,2014-01-02,0.18,0.18,0.16,0.17,4.65,0.01,-1,77288745,13011756
ELEC,2013-12-31,0.17,0.17,0.16,0.16,0,0,-1,43805685,7032768
ELEC,2013-12-30,0.17,0.17,0.15,0.16,2.38,0,-1,42799470,6910907.5
ELEC,2013-12-29,0.16,0.16,0.15,0.16,-1.18,0,-1,29935550,4725353.5
ELEC,2013-12-26,0.16,0.16,0.16,0.16,1.19,0,-1,27506755,4371727
ELEC,2013-12-25,0.16,0.16,0.15,0.16,5,0.01,-1,91881240,14476354
ELEC,2013-12-24,0.15,0.15,0.14,0.15,0,0,-1,7463840,1115795.25
ELEC,2013-12-23,0.15,0.15,0.15,0.15,-1.23,0,-1,17798730,2656758.5
ELEC,2013-12-22,0.15,0.15,0.15,0.15,-1.22,0,-1,19118610,2891939.5
ELEC,2013-12-19,0.15,0.15,0.15,0.15,1.23,0,-1,14544520,2225183
ELEC,2013-12-18,0.15,0.15,0.15,0.15,0,0,-1,11195870,1701569.75
ELEC,2013-12-17,0.15,0.15,0.15,0.15,-2.41,0,-1,36682880,5580048
ELEC,2013-12-16,0.16,0.16,0.15,0.15,3.75,0,-1,33111910,5155319
ELEC,2013-12-15,0.15,0.15,0.14,0.15,6.67,0.01,-1,67837955,10197378
ELEC,2013-12-12,0.14,0.14,0.14,0.14,2.74,0,-1,17248880,2434857.5
ELEC,2013-12-11,0.14,0.14,0.14,0.14,0,0,-1,3883940,534050
ELEC,2013-12-10,0.14,0.14,0.14,0.14,-1.35,0,-1,4337140,593281.9375
ELEC,2013-12-09,0.14,0.14,0.14,0.14,-1.33,0,-1,9060100,1249117
ELEC,2013-12-08,0.14,0.14,0.14,0.14,0,0,-1,6010470,846250.1875
ELEC,2013-12-05,0.14,0.14,0.14,0.14,1.35,0,-1,4908595,687450.5
ELEC,2013-12-04,0.14,0.14,0.14,0.14,-1.33,0,-1,5990025,834320.9375
ELEC,2013-12-03,0.14,0.14,0.14,0.14,-1.32,0,-1,7500300,1050790.75
ELEC,2013-12-02,0.14,0.14,0.14,0.14,-1.3,0,-1,8854960,1253530.125
ELEC,2013-12-01,0.14,0.14,0.14,0.14,2.67,0,-1,7218735,1043597.375
ELEC,2013-11-28,0.14,0.14,0.14,0.14,-2.6,0,-1,8911350,1258647.375
ELEC,2013-11-27,0.15,0.15,0.14,0.14,-2.53,-0.01,-1,15722290,2259274.25
ELEC,2013-11-26,0.16,0.16,0.14,0.15,-7.06,-0.01,-1,16965240,2517390.25
ELEC,2013-11-25,0.17,0.17,0.15,0.16,-2.3,0,-1,39712265,6329950.5
ELEC,2013-11-24,0.17,0.17,0.16,0.16,1.16,0,-1,36412575,5960787
ELEC,2013-11-21,0.16,0.16,0.16,0.16,-1.15,0,-1,8944515,1431190.75
ELEC,2013-11-20,0.17,0.17,0.16,0.16,-1.14,-0.01,-1,22802410,3697803.25
ELEC,2013-11-19,0.17,0.17,0.16,0.17,3.53,0.01,-1,12738435,2091701.375
ELEC,2013-11-18,0.17,0.17,0.15,0.16,3.66,0.01,-1,53431755,8544519
ELEC,2013-11-17,0.15,0.15,0.15,0.15,0,0,-1,10378875,1600006.63
ELEC,2013-11-14,0.15,0.15,0.15,0.15,1.23,0,-1,14444990,2219244.5
ELEC,2013-11-13,0.15,0.15,0.15,0.15,-2.41,0,-1,16001940,2428204.75
ELEC,2013-11-12,0.16,0.16,0.15,0.15,0,0,-1,16756295,2616533
ELEC,2013-11-11,0.17,0.17,0.15,0.15,-5.68,-0.02,-1,31229205,4876240
ELEC,2013-11-10,0.17,0.17,0.16,0.17,4.76,0.01,-1,16610370,2721221.25
ELEC,2013-11-07,0.16,0.16,0.15,0.16,6.33,0.01,-1,93321235,14596441
ELEC,2013-11-06,0.15,0.15,0.14,0.15,1.28,0.01,-1,12235895,1808750.625
ELEC,2013-11-04,0.15,0.15,0.14,0.14,1.3,0,-1,6902205,1004849.0625
ELEC,2013-11-03,0.14,0.14,0.14,0.14,1.32,0,-1,3740935,539229.6875
ELEC,2013-10-31,0.14,0.14,0.14,0.14,-1.3,0,-1,3638275,518173.46875
ELEC,2013-10-30,0.14,0.14,0.14,0.14,0,0,-1,9474150,1364470
ELEC,2013-10-29,0.14,0.14,0.14,0.14,1.32,0,-1,6616610,948460.875
ELEC,2013-10-28,0.14,0.14,0.14,0.14,-1.3,0,-1,10803375,1535169.875
ELEC,2013-10-27,0.15,0.15,0.14,0.14,-1.28,0,-1,23345595,3375155.75
ELEC,2013-10-24,0.15,0.15,0.14,0.14,0,0,-1,9981970,1456637.25
ELEC,2013-10-23,0.15,0.15,0.14,0.14,-1.27,-0.01,-1,19372240,2825466.25
ELEC,2013-10-22,0.15,0.15,0.14,0.15,1.28,0.01,-1,19439480,2867549
ELEC,2013-10-21,0.15,0.15,0.14,0.14,0,0,-1,11407065,1665162.625
ELEC,2013-10-20,0.15,0.15,0.14,0.14,4,0,-1,25936660,3788443.5
ELEC,2013-10-13,0.14,0.14,0.14,0.14,1.35,0,-1,7695145,1081248.25
ELEC,2013-10-10,0.14,0.14,0.14,0.14,1.37,0,-1,1713950,237616.453125
ELEC,2013-10-09,0.14,0.14,0.14,0.14,-1.35,0,-1,3280460,449856.71875
ELEC,2013-10-08,0.14,0.14,0.14,0.14,0,0,-1,2815765,388693.5
ELEC,2013-10-07,0.14,0.14,0.14,0.14,1.37,0,-1,2147640,297446.90625
ELEC,2013-10-03,0.14,0.14,0.14,0.14,0,0,-1,4751830,652756.9375
ELEC,2013-10-02,0.14,0.14,0.14,0.14,-1.35,0,-1,2259745,308741.3125
ELEC,2013-10-01,0.14,0.14,0.13,0.14,2.78,0,-1,12370115,1707231.75
ELEC,2013-09-30,0.14,0.14,0.13,0.14,-2.7,0,-1,4072340,548665.1875
ELEC,2013-09-29,0.14,0.14,0.14,0.14,0,0,-1,6822575,938636.3125
ELEC,2013-09-26,0.14,0.14,0.14,0.14,0,0,-1,1434990,199581.828125
ELEC,2013-09-25,0.14,0.14,0.14,0.14,0,0,-1,4170855,573885.375
ELEC,2013-09-24,0.14,0.14,0.14,0.14,-2.63,0,-1,6144465,852792.8125
ELEC,2013-09-23,0.14,0.14,0.14,0.14,0,0,-1,7350490,1038764.125
ELEC,2013-09-22,0.14,0.14,0.14,0.14,4.17,0,-1,20831285,2922877.75
ELEC,2013-09-19,0.14,0.14,0.14,0.14,-1.37,0,-1,8063405,1093301.625
ELEC,2013-09-18,0.14,0.14,0.14,0.14,1.3,0,-1,9464650,1292510
ELEC,2013-09-17,0.14,0.14,0.13,0.14,0,0,-1,10936695,1477605.5
ELEC,2013-09-16,0.14,0.14,0.13,0.14,-1.39,0,-1,7072690,951468.75
ELEC,2013-09-15,0.14,0.14,0.13,0.14,0,0,-1,6494220,874903.5625
ELEC,2013-09-12,0.14,0.14,0.13,0.14,-2.74,0,-1,4656235,625244.375
ELEC,2013-09-11,0.14,0.14,0.13,0.14,2.86,0.01,-1,14447320,1974151
ELEC,2013-09-10,0.14,0.14,0.12,0.13,7.46,0,-1,26589920,3507005
ELEC,2013-09-09,0.13,0.13,0.12,0.13,0,0.01,-1,3443635,430201.84375
ELEC,2013-09-08,0.13,0.13,0.12,0.12,0,0,-1,3612105,446126.8125
ELEC,2013-09-05,0.13,0.13,0.12,0.12,1.54,0,-1,6332970,786754.375
ELEC,2013-09-04,0.13,0.13,0.12,0.12,3.08,0,-1,9843590,1203445.375
ELEC,2013-09-03,0.12,0.12,0.12,0.12,1.56,0,-1,1956405,236914.9375
ELEC,2013-09-02,0.12,0.12,0.12,0.12,-1.54,0,-1,1463490,175934.0625
ELEC,2013-09-01,0.12,0.12,0.12,0.12,0,0,-1,2644025,322765.25
ELEC,2013-08-29,0.12,0.12,0.12,0.12,3.17,0,-1,1194190,144922.0625
ELEC,2013-08-28,0.12,0.12,0.12,0.12,-1.54,0,-1,3755565,446205.5
ELEC,2013-08-27,0.12,0.12,0.12,0.12,-2.99,-0.01,-1,4435860,540396.5
ELEC,2013-08-26,0.13,0.13,0.12,0.13,-1.49,0,-1,2214560,276887.15625
ELEC,2013-08-25,0.13,0.13,0.13,0.13,1.49,0,-1,312045,39260.628906
ELEC,2013-08-22,0.13,0.13,0.12,0.13,1.49,0,-1,3099210,387835.125
ELEC,2013-08-21,0.13,0.13,0.12,0.13,1.52,0.01,-1,2697320,337588.84375
ELEC,2013-08-20,0.13,0.13,0.12,0.12,3.08,0,-1,3265625,406032.5625
ELEC,2013-08-19,0.12,0.12,0.12,0.12,1.54,0,-1,2684480,324865.65625
ELEC,2013-08-18,0.12,0.12,0.12,0.12,-3.03,0,-1,2540755,309289.78125
ELEC,2013-08-14,0.13,0.13,0.12,0.12,-2.99,-0.01,-1,5659210,695234.25
ELEC,2013-08-13,0.13,0.13,0.13,0.13,1.52,0.01,-1,5020525,632553.81
ELEC,2013-08-12,0.13,0.13,0.12,0.12,-2.94,-0.01,-1,1432090,177786.90625
ELEC,2013-08-07,0.13,0.13,0.13,0.13,0,0,-1,7298205,928669.9375
ELEC,2013-08-06,0.13,0.13,0.13,0.13,2.99,0,-1,3993895,509444.75
ELEC,2013-08-05,0.13,0.13,0.12,0.13,0,0,-1,5091295,642287.875
ELEC,2013-08-04,0.13,0.13,0.12,0.13,3.03,0.01,-1,1500365,188021.796875
ELEC,2013-08-01,0.13,0.13,0.12,0.12,1.52,0,-1,2437880,300655.40625
ELEC,2013-07-31,0.12,0.12,0.12,0.12,-1.49,-0.01,-1,1185630,146401.703125
ELEC,2013-07-30,0.13,0.13,0.12,0.13,0,0.01,-1,2923550,366152.75
ELEC,2013-07-29,0.13,0.13,0.12,0.12,1.52,0,-1,1641075,202940.546875
ELEC,2013-07-28,0.13,0.13,0.12,0.12,1.54,0,-1,1680525,207747
ELEC,2013-07-25,0.13,0.13,0.12,0.12,3.08,0,-1,5870755,712759.875
ELEC,2013-07-24,0.13,0.13,0.12,0.12,-5.88,-0.01,-1,4950115,603168.6875
ELEC,2013-07-22,0.13,0.13,0.13,0.13,1.49,0,-1,5011285,637660.8125
ELEC,2013-07-21,0.13,0.13,0.13,0.13,3.03,0.01,-1,4192870,528038.625
ELEC,2013-07-18,0.13,0.13,0.12,0.12,-1.49,-0.01,-1,1333850,164750.28125
ELEC,2013-07-17,0.13,0.13,0.12,0.13,0,0,-1,1707215,212686
ELEC,2013-07-16,0.13,0.13,0.12,0.13,1.52,0.01,-1,2912205,362746.5625
ELEC,2013-07-15,0.13,0.13,0.12,0.12,0,-0.01,-1,4348230,538351.0625
ELEC,2013-07-14,0.13,0.13,0.12,0.13,-2.94,0,-1,3770455,473844.65625
ELEC,2013-07-11,0.13,0.13,0.12,0.13,-1.45,0,-1,3409660,432245.875
ELEC,2013-07-10,0.13,0.13,0.13,0.13,1.49,0,-1,10503900,1350293.25
ELEC,2013-07-09,0.13,0.13,0.12,0.13,9.84,0.02,-1,13554005,1690661.375
ELEC,2013-07-08,0.12,0.12,0.11,0.11,-7.58,-0.01,-1,12369105,1421356.625
ELEC,2013-07-07,0.14,0.14,0.12,0.12,1.52,0,-1,12396350,1539688.125
ELEC,2013-07-04,0.12,0.12,0.12,0.12,10,0.01,-1,2154525,265822.375
ELEC,2013-07-03,0.12,0.12,0.11,0.11,1.67,0,-1,7423475,835834.25
ELEC,2013-07-02,0.11,0.11,0.1,0.11,8.93,0.01,-1,6400360,723352.375
ELEC,2013-06-30,0.11,0.11,0.1,0.1,3.64,0,-1,5261495,552298.5625
ELEC,2013-06-27,0.1,0.1,0.1,0.1,3.77,0,-1,8430110,866187.63
ELEC,2013-06-26,0.1,0.1,0.1,0.1,1.89,0,-1,5242740,523359.34375
ELEC,2013-06-25,0.1,0.1,0.1,0.1,5.88,0,-1,4795565,472876.59375
ELEC,2013-06-24,0.1,0.1,0.09,0.1,4,0.01,-1,2740435,261682.40625
ELEC,2013-06-23,0.1,0.1,0.09,0.09,-1.96,-0.01,-1,1552845,145341.5
ELEC,2013-06-20,0.1,0.1,0.09,0.1,1.96,0,-1,4074510,385844.03125
ELEC,2013-06-19,0.1,0.1,0.09,0.1,-5.66,0,-1,1985735,189500.0625
ELEC,2013-06-18,0.1,0.1,0.1,0.1,0,0,-1,3835330,377575.375
ELEC,2013-06-17,0.1,0.1,0.09,0.1,6.12,0.01,-1,5007225,477998.28125
ELEC,2013-06-16,0.09,0.09,0.09,0.09,4.17,0,-1,2897805,265985.78125
ELEC,2013-06-13,0.1,0.1,0.09,0.09,6.38,0,-1,22106825,1983775.375
ELEC,2013-06-12,0.1,0.1,0.09,0.09,-5.88,-0.01,-1,9893285,877373.75
ELEC,2013-06-11,0.1,0.1,0.09,0.1,0,0,-1,3861640,370263.3125
ELEC,2013-06-10,0.1,0.1,0.09,0.1,-5.45,0,-1,10065200,955598.9375
ELEC,2013-06-09,0.11,0.11,0.1,0.1,-6.78,-0.01,-1,9113690,936890.38
ELEC,2013-06-06,0.11,0.11,0.11,0.11,-3.33,0,-1,4215145,466846.375
ELEC,2013-06-05,0.12,0.12,0.11,0.11,-7.94,-0.01,-1,6774245,763988.5
ELEC,2013-06-04,0.12,0.12,0.12,0.12,-3.08,0,-1,4136290,487244.71875
ELEC,2013-06-03,0.13,0.13,0.12,0.12,-3.03,0,-1,1897910,230781.046875
ELEC,2013-06-02,0.13,0.13,0.12,0.12,-1.52,0,-1,4312070,528705.25
ELEC,2013-05-30,0.13,0.13,0.12,0.12,0,0,-1,2327485,287860.40625
ELEC,2013-05-29,0.13,0.13,0.12,0.12,-1.52,0,-1,5996135,735095.75
ELEC,2013-05-28,0.13,0.13,0.12,0.12,-1.49,-0.01,-1,4839430,599532.5
ELEC,2013-05-27,0.13,0.13,0.12,0.13,0,0,-1,6135415,768994.0625
ELEC,2013-05-26,0.13,0.13,0.13,0.13,0,0,-1,4189985,525371.25
ELEC,2013-05-23,0.13,0.13,0.13,0.13,-1.47,0,-1,582200,73143.9375
ELEC,2013-05-22,0.13,0.13,0.13,0.13,0,0,-1,2361355,300465.90625
ELEC,2013-05-21,0.13,0.13,0.13,0.13,0,0,-1,13423425,1707912.625
ELEC,2013-05-20,0.13,0.13,0.13,0.13,-1.45,0,-1,558760,71119.453125
ELEC,2013-05-19,0.13,0.13,0.13,0.13,1.47,0,-1,2869320,370344.5625
ELEC,2013-05-16,0.13,0.13,0.13,0.13,0,0,-1,1793925,229862.921875
ELEC,2013-05-15,0.13,0.13,0.13,0.13,0,0,-1,2327985,300502.5
ELEC,2013-05-14,0.13,0.13,0.13,0.13,2.94,0,-1,4122930,531048.3125
ELEC,2013-05-13,0.13,0.13,0.13,0.13,-1.45,0,-1,4504775,574116.8125
ELEC,2013-05-12,0.13,0.13,0.13,0.13,-2.86,0,-1,10436435,1340349
ELEC,2013-05-09,0.13,0.13,0.13,0.13,-1.43,0,-1,1179340,154168.8125
ELEC,2013-05-08,0.13,0.13,0.13,0.13,1.45,0,-1,3638450,475962.9375
ELEC,2013-05-07,0.13,0.13,0.13,0.13,0,0,-1,1552395,201467.75
ELEC,2013-05-02,0.13,0.13,0.13,0.13,0,0,-1,1276585,164851.328125
ELEC,2013-04-30,0.13,0.13,0.13,0.13,-1.45,0,-1,1718060,220946.9375
ELEC,2013-04-29,0.13,0.13,0.13,0.13,-1.45,0,-1,2121165,273544.75
ELEC,2013-04-28,0.13,0.13,0.13,0.13,1.47,0,-1,5479500,708214.1875
ELEC,2013-04-24,0.13,0.13,0.13,0.13,0,0,-1,1095220,139802.484375
ELEC,2013-04-23,0.13,0.13,0.13,0.13,0,0,-1,5829350,749936
ELEC,2013-04-22,0.13,0.13,0.13,0.13,-1.43,0,-1,1698885,218920.90625
ELEC,2013-04-21,0.13,0.13,0.13,0.13,-1.45,0,-1,4746545,617946.6875
ELEC,2013-04-18,0.13,0.13,0.13,0.13,1.45,0,-1,1313210,169609.265625
ELEC,2013-04-17,0.13,0.13,0.13,0.13,0,0,-1,4215130,543844.5625
ELEC,2013-04-16,0.13,0.13,0.13,0.13,-1.43,0,-1,3178345,416060.75
ELEC,2013-04-15,0.13,0.13,0.13,0.13,-1.41,0,-1,2663645,349204.91
ELEC,2013-04-14,0.14,0.14,0.13,0.13,1.43,0,-1,7016630,929883.25
ELEC,2013-04-11,0.13,0.13,0.13,0.13,2.9,0,-1,4294970,565372
ELEC,2013-04-10,0.13,0.13,0.13,0.13,1.47,0,-1,4353520,561024.1875
ELEC,2013-04-09,0.13,0.13,0.13,0.13,0,0,-1,3602390,457737
ELEC,2013-04-08,0.13,0.13,0.13,0.13,1.47,0,-1,1355100,172209.109375
ELEC,2013-04-07,0.13,0.13,0.13,0.13,0,0,-1,1941090,246448.515625
ELEC,2013-04-04,0.13,0.13,0.12,0.13,0,0,-1,5150350,651948.9375
ELEC,2013-04-03,0.13,0.13,0.12,0.13,1.49,0,-1,5136560,645472.9375
ELEC,2013-04-02,0.13,0.13,0.13,0.13,0,0,-1,3451080,433517.9375
ELEC,2013-04-01,0.13,0.13,0.12,0.13,-1.49,0,-1,2255915,282254.5625
ELEC,2013-03-31,0.13,0.13,0.12,0.13,-1.47,0,-1,8405650,1055252.75
ELEC,2013-03-28,0.13,0.13,0.13,0.13,-1.45,0,-1,5853615,749833.25
ELEC,2013-03-27,0.13,0.13,0.13,0.13,0,0,-1,2347320,301419.09
ELEC,2013-03-26,0.13,0.13,0.13,0.13,-1.43,0,-1,3218070,414400.71875
ELEC,2013-03-25,0.13,0.13,0.13,0.13,-1.43,0,-1,4191810,547401
ELEC,2013-03-24,0.13,0.13,0.13,0.13,0,0,-1,2912130,381434.125
ELEC,2013-03-21,0.13,0.13,0.13,0.13,0,0,-1,6881405,900276.8125
ELEC,2013-03-20,0.13,0.13,0.13,0.13,1.47,0,-1,9302795,1200181.75
ELEC,2013-03-19,0.13,0.13,0.13,0.13,-2.86,0,-1,14229965,1821273.5
ELEC,2013-03-18,0.13,0.13,0.13,0.13,-1.41,0,-1,2800330,367357.40625
ELEC,2013-03-17,0.13,0.13,0.13,0.13,0,0,-1,2921530,385914.3125
ELEC,2013-03-14,0.13,0.13,0.13,0.13,0,0,-1,7700795,1002226.25
ELEC,2013-03-13,0.14,0.14,0.13,0.13,0,0,-1,1614825,213026.90625
ELEC,2013-03-12,0.14,0.14,0.13,0.13,-2.78,-0.01,-1,5113645,678677.6875
ELEC,2013-03-11,0.14,0.14,0.13,0.14,-1.39,0,-1,2326580,311351
ELEC,2013-03-10,0.14,0.14,0.13,0.14,1.41,0.01,-1,8416235,1127786.375
ELEC,2013-03-07,0.14,0.14,0.13,0.13,1.43,0,-1,9815185,1300569.75
ELEC,2013-03-06,0.13,0.13,0.13,0.13,1.45,0,-1,4415145,575423.4375
ELEC,2013-03-05,0.13,0.13,0.13,0.13,-1.41,0,-1,6463185,838528
ELEC,2013-03-04,0.14,0.14,0.13,0.13,-5.48,-0.01,-1,14215980,1877788.125
ELEC,2013-03-03,0.14,0.14,0.14,0.14,-1.35,0,-1,9331670,1278961.75
ELEC,2013-02-28,0.14,0.14,0.14,0.14,0,0,-1,1848850,254418.109375
ELEC,2013-02-27,0.14,0.14,0.14,0.14,-1.35,0,-1,2623380,358975.5625
ELEC,2013-02-26,0.14,0.14,0.14,0.14,1.37,0,-1,4372385,605416.69
ELEC,2013-02-25,0.14,0.14,0.14,0.14,0,0,-1,4071700,559149.9375
ELEC,2013-02-24,0.14,0.14,0.14,0.14,-1.33,0,-1,5608285,776147.75
ELEC,2013-02-21,0.14,0.14,0.14,0.14,-1.33,0,-1,2255185,316070.625
ELEC,2013-02-20,0.14,0.14,0.14,0.14,0,0,-1,9071120,1265345.75
ELEC,2013-02-19,0.14,0.14,0.14,0.14,-2.6,0,-1,9691950,1368219.75
ELEC,2013-02-18,0.14,0.14,0.14,0.14,-2.56,0,-1,11577935,1667771.625
ELEC,2013-02-17,0.15,0.15,0.14,0.14,-1.28,0,-1,3437215,501312.3125
ELEC,2013-02-14,0.15,0.15,0.14,0.14,0,0,-1,2948025,429100.40625
ELEC,2013-02-13,0.15,0.15,0.14,0.14,0,-0.01,-1,4292665,630296.3125
ELEC,2013-02-12,0.15,0.15,0.14,0.15,1.28,0.01,-1,11717460,1730334.5
ELEC,2013-02-11,0.15,0.15,0.14,0.14,0,0,-1,2254555,328881.5625
ELEC,2013-02-10,0.15,0.15,0.14,0.14,0,0,-1,5174725,755513.5
ELEC,2013-02-07,0.15,0.15,0.14,0.14,-1.28,0,-1,9333670,1362746.125
ELEC,2013-02-06,0.15,0.15,0.14,0.14,0,0,-1,19982915,2933266.5
ELEC,2013-02-05,0.15,0.15,0.14,0.14,3.95,0,-1,23423710,3412737.5
ELEC,2013-02-04,0.14,0.14,0.14,0.14,1.33,0,-1,2896035,412804.4375
ELEC,2013-02-03,0.14,0.14,0.14,0.14,1.35,0,-1,7331920,1035786.75
ELEC,2013-01-31,0.14,0.14,0.14,0.14,0,0,-1,3864415,534681.875
ELEC,2013-01-30,0.14,0.14,0.14,0.14,1.39,0,-1,5447055,749638.5625
ELEC,2013-01-29,0.14,0.14,0.14,0.14,0,0,-1,4325750,586185.1875
ELEC,2013-01-28,0.14,0.14,0.14,0.14,-1.35,0,-1,5237065,717585.5625
ELEC,2013-01-27,0.14,0.14,0.14,0.14,-1.33,0,-1,5086835,702858.875
ELEC,2013-01-23,0.14,0.14,0.14,0.14,2.67,0,-1,6501310,913824.4375
ELEC,2013-01-22,0.14,0.14,0.14,0.14,4.17,0,-1,4180525,583018.5625
ELEC,2013-01-21,0.14,0.14,0.13,0.14,-1.35,0,-1,4771040,645742.5
ELEC,2013-01-20,0.14,0.14,0.14,0.14,-5.26,0,-1,5775655,796503.5
ELEC,2013-01-17,0.14,0.14,0.14,0.14,-5.13,0,-1,11652120,1650602.5
ELEC,2013-01-16,0.14,0.14,0.14,0.14,-1.28,0,-1,1397990,202902.875
ELEC,2013-01-15,0.16,0.16,0.14,0.14,-1.27,-0.01,-1,4666870,677058.75
ELEC,2013-01-14,0.15,0.15,0.14,0.15,0,0.01,-1,3926395,579845.0625
ELEC,2013-01-13,0.15,0.15,0.14,0.14,-2.5,-0.01,-1,6672095,976913.125
ELEC,2013-01-10,0.15,0.15,0.15,0.15,-1.25,0,-1,5315035,793260.125
ELEC,2013-01-09,0.15,0.15,0.15,0.15,0,0,-1,3876105,583175.3125
ELEC,2013-01-08,0.15,0.15,0.15,0.15,0,0,-1,14308615,2158761.75
ELEC,2013-01-06,0.15,0.15,0.15,0.15,0,0,-1,4148480,618455.125
ELEC,2013-01-03,0.15,0.15,0.15,0.15,0,0,-1,4189320,627079.3125
ELEC,2013-01-02,0.15,0.15,0.15,0.15,3.85,0.01,-1,17887440,2670828
ELEC,2012-12-31,0.15,0.15,0.14,0.14,0,0,-1,4253245,621325.125
ELEC,2012-12-30,0.14,0.14,0.14,0.14,1.3,0,-1,3619315,527823.94
ELEC,2012-12-27,0.14,0.14,0.14,0.14,1.32,0,-1,8278980,1199153.875
ELEC,2012-12-26,0.14,0.14,0.14,0.14,1.32,0,-1,1830290,260418.6875
ELEC,2012-12-25,0.14,0.14,0.14,0.14,-1.3,0,-1,3619235,517054.6875
ELEC,2012-12-24,0.15,0.15,0.14,0.14,0,0,-1,5625340,814208.125
ELEC,2012-12-23,0.15,0.15,0.14,0.14,-2.53,-0.01,-1,7523775,1099497.5
ELEC,2012-12-20,0.15,0.15,0.14,0.15,1.28,0.01,-1,13149590,1938537.125
ELEC,2012-12-19,0.15,0.15,0.14,0.14,0,0,-1,10124490,1486174.375
ELEC,2012-12-18,0.14,0.14,0.14,0.14,0,0,-1,5937665,853031.375
ELEC,2012-12-17,0.15,0.15,0.14,0.14,0,0,-1,8075450,1159219.125
ELEC,2012-12-16,0.15,0.15,0.14,0.14,5.33,0,-1,9523680,1372638.125
ELEC,2012-12-13,0.14,0.14,0.14,0.14,1.37,0,-1,8826165,1235841.125
ELEC,2012-12-12,0.14,0.14,0.14,0.14,5.63,0.01,-1,14383590,1968139.625
ELEC,2012-12-11,0.14,0.14,0.13,0.13,0,0,-1,1886550,251003.94
ELEC,2012-12-10,0.14,0.14,0.13,0.14,1.41,0.01,-1,8192950,1088661.125
ELEC,2012-12-09,0.14,0.14,0.13,0.13,2.94,0,-1,1752950,233076.78125
ELEC,2012-12-06,0.13,0.13,0.13,0.13,-1.41,0,-1,8323115,1064897.875
ELEC,2012-12-05,0.14,0.14,0.13,0.13,0,0,-1,3530700,467742.84375
ELEC,2012-12-04,0.14,0.14,0.13,0.13,4.35,0,-1,5598970,743995.625
ELEC,2012-12-03,0.13,0.13,0.13,0.13,-1.43,0,-1,1309285,169366.140625
ELEC,2012-12-02,0.14,0.14,0.13,0.13,1.45,0,-1,4599950,605225.625
ELEC,2012-11-29,0.13,0.13,0.13,0.13,2.9,0,-1,7086840,912276.3125
ELEC,2012-11-28,0.13,0.13,0.13,0.13,-4.23,0,-1,9802175,1262425.25
ELEC,2012-11-27,0.14,0.14,0.13,0.13,2.86,0,-1,6552465,873042.5
ELEC,2012-11-26,0.14,0.14,0.12,0.13,-1.37,-0.01,-1,20089945,2628307.25
ELEC,2012-11-25,0.14,0.14,0.14,0.14,-10,-0.01,-1,7904800,1079578.125
ELEC,2012-11-22,0.15,0.15,0.15,0.15,0,0,-1,2987840,446821.21875
ELEC,2012-11-21,0.15,0.15,0.14,0.15,0,0,-1,7396950,1104837.375
ELEC,2012-11-20,0.15,0.15,0.14,0.15,0,0,-1,6208840,928991.75
ELEC,2012-11-19,0.15,0.15,0.15,0.15,-2.44,0,-1,9692675,1461865.75
ELEC,2012-11-18,0.15,0.15,0.15,0.15,-2.38,-0.01,-1,5020560,768244
ELEC,2012-11-14,0.16,0.16,0.15,0.16,0,0,-1,3097355,486577.38
ELEC,2012-11-13,0.16,0.16,0.15,0.16,1.2,0.01,-1,3786325,593873.63
ELEC,2012-11-12,0.16,0.16,0.15,0.15,0,0,-1,840080,130489.7
ELEC,2012-11-11,0.16,0.16,0.15,0.15,0,0,-1,2435475,379736.97
ELEC,2012-11-08,0.16,0.16,0.15,0.15,1.2,0,-1,7030925,1097153.25
ELEC,2012-11-07,0.16,0.16,0.15,0.15,-1.19,-0.01,-1,1008585,157452.27
ELEC,2012-11-06,0.16,0.16,0.15,0.16,0,0.01,-1,3009305,471131.5
ELEC,2012-11-05,0.16,0.16,0.15,0.15,1.2,0,-1,4979945,775418.63
ELEC,2012-11-04,0.16,0.16,0.15,0.15,-2.33,-0.01,-1,11266575,1758749.5
ELEC,2012-11-01,0.16,0.16,0.16,0.16,0,0,-1,7219515,1160084.38
ELEC,2012-10-31,0.16,0.16,0.16,0.16,-1.15,0,-1,2185195,352275.41
ELEC,2012-10-30,0.17,0.17,0.16,0.16,-1.14,-0.01,-1,6909425,1125315.13
ELEC,2012-10-29,0.17,0.17,0.16,0.17,1.14,0,-1,4913340,811181.31
ELEC,2012-10-24,0.17,0.17,0.16,0.17,0,0,-1,6619480,1089990.75
ELEC,2012-10-23,0.17,0.17,0.16,0.17,0,0.01,-1,3874975,635453
ELEC,2012-10-22,0.17,0.17,0.16,0.16,0,0,-1,6576670,1070008.75
ELEC,2012-10-21,0.17,0.17,0.16,0.16,-1.15,0,-1,2828645,460612.28
ELEC,2012-10-18,0.17,0.17,0.16,0.16,0,0,-1,9302990,1518082.88
ELEC,2012-10-17,0.17,0.17,0.16,0.16,1.16,0,-1,3864120,631515.69
ELEC,2012-10-16,0.17,0.17,0.16,0.16,0,0,-1,8090185,1308024.5
ELEC,2012-10-15,0.17,0.17,0.16,0.16,-1.15,0,-1,5421380,880762.06
ELEC,2012-10-14,0.17,0.17,0.16,0.16,-2.25,-0.01,-1,7428600,1213840.75
ELEC,2012-10-11,0.17,0.17,0.16,0.17,-3.33,0,-1,10413680,1724751.38
ELEC,2012-10-10,0.17,0.17,0.17,0.17,-1.12,0,-1,20852900,3496617.5
ELEC,2012-10-09,0.17,0.17,0.16,0.17,2.27,0,-1,11355115,1886380.63
ELEC,2012-10-08,0.17,0.17,0.16,0.17,-2.25,0,-1,17209815,2846946.25
ELEC,2012-10-04,0.17,0.17,0.16,0.17,3.45,0.01,-1,24422645,4048200.25
ELEC,2012-10-03,0.17,0.17,0.16,0.16,0,0,-1,17219690,2793320
ELEC,2012-10-02,0.17,0.17,0.16,0.16,-4.49,-0.01,-1,18371950,2977230
ELEC,2012-10-01,0.18,0.18,0.16,0.17,-6.45,-0.01,-1,41080335,6832882.5
ELEC,2012-09-30,0.18,0.18,0.17,0.18,1.08,0,-1,29447310,5120514
ELEC,2012-09-27,0.18,0.18,0.16,0.18,5.62,0.01,-1,95976255,16732807
ELEC,2012-09-26,0.17,0.17,0.17,0.17,-2.22,0,-1,23062180,3860190
ELEC,2012-09-25,0.17,0.17,0.17,0.17,1.14,0,-1,14390575,2421440
ELEC,2012-09-24,0.17,0.17,0.16,0.17,-1.12,0,-1,14124790,2334850
ELEC,2012-09-23,0.17,0.17,0.17,0.17,-1.11,0,-1,10324725,1727130
ELEC,2012-09-20,0.17,0.17,0.17,0.17,-2.17,0,-1,21384720,3594650
ELEC,2012-09-19,0.18,0.18,0.17,0.17,-1.1,0,-1,16195450,2780770
ELEC,2012-09-18,0.17,0.17,0.17,0.17,0,0,-1,26351885,4501520
ELEC,2012-09-17,0.18,0.18,0.17,0.17,-1.1,0,-1,31641685,5439160
ELEC,2012-09-16,0.18,0.18,0.17,0.17,4.49,0,-1,31584695,5407226
ELEC,2012-09-13,0.17,0.17,0.16,0.17,0,0,-1,16925080,2825389
ELEC,2012-09-12,0.17,0.17,0.17,0.17,-2.22,0,-1,16543750,2767080
ELEC,2012-09-11,0.17,0.17,0.17,0.17,3.41,0,-1,20216305,3397905
ELEC,2012-09-10,0.17,0.17,0.16,0.17,-1.12,0,-1,15645735,2587830
ELEC,2012-09-09,0.17,0.17,0.17,0.17,-1.11,0,-1,10299440,1715910
ELEC,2012-09-06,0.17,0.17,0.17,0.17,0,0,-1,19361770,3254800
ELEC,2012-09-05,0.17,0.17,0.17,0.17,-2.2,0,-1,12780910,2131060
ELEC,2012-09-04,0.17,0.17,0.17,0.17,-1.11,0,-1,23142770,3922560
ELEC,2012-09-03,0.17,0.17,0.17,0.17,-1.1,0,-1,22898840,3863410
ELEC,2012-09-02,0.18,0.18,0.17,0.17,0,0,-1,22808160,3891760
ELEC,2012-08-30,0.17,0.17,0.16,0.17,4.6,0.01,-1,21578020,3615870
ELEC,2012-08-29,0.17,0.17,0.16,0.16,-3.33,-0.01,-1,18954235,3071920
ELEC,2012-08-28,0.17,0.17,0.16,0.17,3.53,0.01,-1,26297920,4423292
ELEC,2012-08-27,0.17,0.17,0.15,0.16,10,0.01,-1,56886675,9032790
ELEC,2012-08-26,0.15,0.15,0.15,0.15,1.27,0,-1,10597020,1588009.25
ELEC,2012-08-23,0.15,0.15,0.14,0.15,2.56,0.01,-1,11515515,1704800
ELEC,2012-08-22,0.15,0.15,0.14,0.14,-1.27,-0.01,-1,5315060,775843
ELEC,2012-08-21,0.15,0.15,0.14,0.15,-6.02,0,-1,8955395,1322590
ELEC,2012-08-16,0.16,0.16,0.15,0.15,1.22,0,-1,15593770,2415790
ELEC,2012-08-15,0.15,0.15,0.15,0.15,1.22,0,-1,9992515,1538560
ELEC,2012-08-14,0.15,0.15,0.15,0.15,1.22,0,-1,5468755,839128
ELEC,2012-08-13,0.15,0.15,0.15,0.15,1.23,0,-1,10313970,1583940
ELEC,2012-08-12,0.15,0.15,0.15,0.15,0,0,-1,3609120,547202
ELEC,2012-08-09,0.15,0.15,0.15,0.15,-1.23,0,-1,3891200,586157
ELEC,2012-08-08,0.15,0.15,0.15,0.15,-2.44,0,-1,12556800,1903788.75
ELEC,2012-08-07,0.16,0.16,0.15,0.15,1.25,0,-1,12025530,1856260
ELEC,2012-08-06,0.15,0.15,0.14,0.15,6.41,0.01,-1,25000655,3757477.5
ELEC,2012-08-05,0.15,0.15,0.14,0.14,1.28,0,-1,9149005,1343660
ELEC,2012-08-02,0.15,0.15,0.14,0.14,0,0,-1,5395440,789152
ELEC,2012-08-01,0.15,0.15,0.14,0.14,2.6,0,-1,4904395,715187
ELEC,2012-07-31,0.15,0.15,0.14,0.14,2.67,0,-1,9508810,1372700
ELEC,2012-07-30,0.14,0.14,0.14,0.14,0,0,-1,1599195,224215.2
ELEC,2012-07-29,0.14,0.14,0.14,0.14,-1.33,0,-1,3647290,510175
ELEC,2012-07-26,0.14,0.14,0.14,0.14,0,0,-1,1104800,155006
ELEC,2012-07-25,0.14,0.14,0.14,0.14,-2.63,0,-1,1714660,240059
ELEC,2012-07-24,0.14,0.14,0.14,0.14,-1.32,0,-1,2171380,307250
ELEC,2012-07-22,0.14,0.14,0.14,0.14,0,0,-1,1477740,210513.45
ELEC,2012-07-19,0.14,0.14,0.14,0.14,2.703,0,-1,3604720,510237
ELEC,2012-07-18,0.14,0.14,0.14,0.14,0,0,-1,2074810,287294
ELEC,2012-07-17,0.14,0.14,0.14,0.14,1.35,0,-1,2654820,370375
ELEC,2012-07-16,0.14,0.14,0.14,0.14,-1.33,0,-1,3368240,467947
ELEC,2012-07-15,0.14,0.14,0.14,0.14,-3.9,0,-1,2965840,415060
ELEC,2012-07-12,0.15,0.15,0.14,0.14,-3.85,0,-1,6401315,918213
ELEC,2012-07-11,0.15,0.15,0.14,0.14,0,0,-1,4124285,599012
ELEC,2012-07-10,0.14,0.14,0.14,0.14,0,0,-1,2539825,365945
ELEC,2012-07-09,0.15,0.15,0.14,0.14,-2.5,-0.01,-1,9233635,1325130
ELEC,2012-07-08,0.15,0.15,0.15,0.15,-3.66,0,-1,6151970,922420
ELEC,2012-07-05,0.15,0.15,0.15,0.15,1.23,0,-1,10622335,1625040
ELEC,2012-07-04,0.15,0.15,0.15,0.15,-1.22,0,-1,9538930,1446370
ELEC,2012-07-03,0.15,0.15,0.15,0.15,0,0,-1,5614875,866367
ELEC,2012-07-02,0.15,0.15,0.15,0.15,3.8,0,-1,11581965,1772530
ELEC,2012-06-28,0.15,0.15,0.14,0.15,1.28,0.01,-1,8668470,1285090
ELEC,2012-06-27,0.15,0.15,0.14,0.14,-1.27,-0.01,-1,4083790,597569
ELEC,2012-06-26,0.15,0.15,0.14,0.15,5.26,0.01,-1,7331265,1087690
ELEC,2012-06-25,0.14,0.14,0.14,0.14,10,0.01,-1,10573690,1509760
ELEC,2012-06-24,0.14,0.14,0.13,0.13,2.9,0,-1,3152260,415392
ELEC,2012-06-21,0.13,0.13,0.13,0.13,-1.43,0,-1,3845995,497480
ELEC,2012-06-20,0.13,0.13,0.13,0.13,0,0,-1,2275590,297317
ELEC,2012-06-19,0.13,0.13,0.13,0.13,-1.41,0,-1,3313030,430747
ELEC,2012-06-18,0.14,0.14,0.13,0.13,-2.74,-0.01,-1,4385015,583164
ELEC,2012-06-14,0.14,0.14,0.14,0.14,0,0,-1,1484775,202013
ELEC,2012-06-13,0.14,0.14,0.13,0.14,-1.37,0,-1,3689625,497206
ELEC,2012-06-12,0.14,0.14,0.14,0.14,1.39,0,-1,2963535,404976
ELEC,2012-06-11,0.14,0.14,0.13,0.14,-1.37,0,-1,2842525,385478
ELEC,2012-06-10,0.14,0.14,0.14,0.14,0,0,-1,731790,100061
ELEC,2012-06-07,0.14,0.14,0.14,0.14,1.37,0,-1,1213990,166810
ELEC,2012-06-06,0.14,0.14,0.14,0.14,1.37,0,-1,1821920,249699
ELEC,2012-06-05,0.14,0.14,0.14,0.14,-2.82,0.01,-1,3263675,447960
ELEC,2012-06-04,0.14,0.14,0.14,0.14,-1.33,0,-1,1307250,183765
ELEC,2012-06-03,0.14,0.14,0.14,0.14,-1.3,0,-1,1059940,149253
ELEC,2012-05-31,0.14,0.14,0.14,0.14,-1.3,0,-1,1459270,208995
ELEC,2012-05-30,0.14,0.14,0.14,0.14,0,0,-1,1730735,248291
ELEC,2012-05-29,0.14,0.14,0.14,0.14,0,0,-1,2099655,300011
ELEC,2012-05-28,0.14,0.14,0.14,0.14,0,0,-1,1735625,250277
ELEC,2012-05-27,0.15,0.15,0.14,0.14,-3.8,-0.01,-1,5651935,818233
ELEC,2012-05-24,0.15,0.15,0.15,0.15,-1.25,0,-1,3876425,573405
ELEC,2012-05-23,0.15,0.15,0.14,0.15,1.28,0.01,-1,4376735,652162
ELEC,2012-05-22,0.15,0.15,0.14,0.14,-1.27,-0.01,-1,2616485,383595
ELEC,2012-05-21,0.15,0.15,0.14,0.15,2.56,0.01,-1,2569070,379888
ELEC,2012-05-20,0.14,0.14,0.14,0.14,-1.28,0,-1,2674200,388725
ELEC,2012-05-17,0.15,0.15,0.14,0.14,-1.27,-0.01,-1,5929620,867858.94
ELEC,2012-05-16,0.15,0.15,0.15,0.15,-1.25,0,-1,2290360,339682.81
ELEC,2012-05-15,0.15,0.15,0.15,0.15,-1.23,0,-1,9202995,1378719.63
ELEC,2012-05-14,0.15,0.15,0.15,0.15,-1.22,0,-1,1621700,245247.19
ELEC,2012-05-13,0.15,0.15,0.15,0.15,1.23,0,-1,2905235,445349.22
ELEC,2012-05-10,0.15,0.15,0.15,0.15,0,0,-1,2731470,413845.25
ELEC,2012-05-09,0.15,0.15,0.15,0.15,-1.23,0,-1,2944650,443764.72
ELEC,2012-05-08,0.15,0.15,0.15,0.15,0,0,-1,3566145,540479.81
ELEC,2012-05-07,0.15,0.15,0.15,0.15,0,0,-1,2353975,356563.44
ELEC,2012-05-06,0.15,0.15,0.15,0.15,1.25,0,-1,8305200,1253564
ELEC,2012-05-03,0.15,0.15,0.15,0.15,1.27,0,-1,3729825,555233.5
ELEC,2012-05-02,0.15,0.15,0.14,0.15,-1.23,0,-1,4814800,715937.69
ELEC,2012-04-30,0.15,0.15,0.15,0.15,-1.22,0,-1,3410455,519875.19
ELEC,2012-04-29,0.15,0.15,0.15,0.15,-1.2,0,-1,7075550,1081076.38
ELEC,2012-04-26,0.16,0.16,0.15,0.15,1.22,0,-1,4797020,746541.13
ELEC,2012-04-24,0.16,0.16,0.15,0.15,-2.41,0,-1,5857840,902368.44
ELEC,2012-04-23,0.16,0.16,0.15,0.15,0,0,-1,5202190,803961.5
ELEC,2012-04-22,0.16,0.16,0.15,0.15,5.06,0,-1,9186680,1406919.13
ELEC,2012-04-19,0.15,0.15,0.14,0.15,2.56,0.01,-1,3100660,458502.75
ELEC,2012-04-18,0.15,0.15,0.14,0.14,-1.27,-0.01,-1,2654315,389806.41
ELEC,2012-04-17,0.15,0.15,0.14,0.15,-2.47,0,-1,5363920,790598.44
ELEC,2012-04-12,0.15,0.15,0.15,0.15,0,0,-1,4033160,608134.44
ELEC,2012-04-11,0.15,0.15,0.14,0.15,2.56,0.01,-1,7395600,1103844.75
ELEC,2012-04-10,0.15,0.15,0.14,0.14,-2.5,-0.01,-1,13250595,1943942.5
ELEC,2012-04-09,0.15,0.15,0.14,0.15,-3.66,0,-1,10303265,1533571.75
ELEC,2012-04-08,0.16,0.16,0.15,0.15,-2.41,0,-1,4143995,636467.31
ELEC,2012-04-05,0.16,0.16,0.15,0.15,0,0,-1,3189180,495918.53
ELEC,2012-04-04,0.16,0.16,0.15,0.15,-2.38,-0.01,-1,6187465,961673
ELEC,2012-04-03,0.16,0.16,0.15,0.16,-1.19,0,-1,3894750,608903.5
ELEC,2012-04-02,0.16,0.16,0.15,0.16,-1.19,0,-1,6515075,1020772.13
ELEC,2012-04-01,0.16,0.16,0.15,0.16,-1.18,0,-1,5484680,861705.13
ELEC,2012-03-29,0.16,0.16,0.16,0.16,-1.16,0,-1,4953125,790308.38
ELEC,2012-03-28,0.17,0.17,0.15,0.16,2.33,0,-1,12270340,1974117.38
ELEC,2012-03-27,0.16,0.16,0.16,0.16,1.18,0,-1,4540535,729815.75
ELEC,2012-03-26,0.16,0.16,0.15,0.16,1.16,0,-1,9386235,1495135.88
ELEC,2012-03-25,0.17,0.17,0.15,0.16,-4.55,-0.01,-1,13484915,2159826.5
ELEC,2012-03-22,0.17,0.17,0.16,0.17,0,0,-1,3961425,653350.75
ELEC,2012-03-21,0.17,0.17,0.16,0.17,-1.14,0,-1,4882935,808911.75
ELEC,2012-03-20,0.17,0.17,0.16,0.17,1.14,0,-1,7842850,1295539.38
ELEC,2012-03-19,0.17,0.17,0.16,0.17,-2.25,0,-1,10938785,1801318
ELEC,2012-03-18,0.17,0.17,0.17,0.17,-1.11,0,-1,3927135,651207.69
ELEC,2012-03-15,0.18,0.18,0.17,0.17,-1.11,0,-1,14035055,2373763
ELEC,2012-03-14,0.17,0.17,0.17,0.17,3.37,0,-1,12551795,2113555
ELEC,2012-03-13,0.18,0.18,0.16,0.17,-4.3,-0.01,-1,15328035,2552106.27
ELEC,2012-03-12,0.18,0.18,0.17,0.18,-3.13,0,-1,17073465,2973205.63
ELEC,2012-03-11,0.18,0.18,0.18,0.18,-1.03,0,-1,12986710,2322935.63
ELEC,2012-03-08,0.19,0.19,0.18,0.18,-2.02,-0.01,-1,11447445,2069591.11
ELEC,2012-03-07,0.19,0.19,0.18,0.19,-1,0,-1,13493205,2490404.88
ELEC,2012-03-06,0.19,0.19,0.19,0.19,0,0,-1,17511070,3281649.08
ELEC,2012-03-05,0.19,0.19,0.19,0.19,-0.99,0,-1,10496340,1968684.12
ELEC,2012-03-04,0.19,0.19,0.19,0.19,-0.98,0,-1,19104985,3594710.58
ELEC,2012-03-01,0.19,0.19,0.19,0.19,-1.92,0,-1,12082350,2304785.97
ELEC,2012-02-29,0.2,0.2,0.19,0.19,1.96,0,-1,18853360,3651386.51
ELEC,2012-02-28,0.19,0.19,0.19,0.19,0,0,-1,22770470,4359147.7
ELEC,2012-02-27,0.19,0.19,0.19,0.19,-0.97,0,-1,18835740,3580691.75
ELEC,2012-02-26,0.19,0.19,0.19,0.19,1.98,0,-1,19258010,3694463.72
ELEC,2012-02-23,0.19,0.19,0.19,0.19,2.02,0,-1,13022530,2460958.01
ELEC,2012-02-22,0.19,0.19,0.18,0.19,0,0,-1,5915140,1090809.61
ELEC,2012-02-21,0.19,0.19,0.18,0.19,-2.94,0,-1,14962860,2784550.41
ELEC,2012-02-20,0.19,0.19,0.19,0.19,-0.97,0,-1,22724505,4319761.88
ELEC,2012-02-19,0.2,0.2,0.19,0.19,3,0,-1,30160590,5824875.87
ELEC,2012-02-16,0.19,0.19,0.18,0.19,-0.99,0,-1,15412335,2882755.89
ELEC,2012-02-15,0.19,0.19,0.18,0.19,0,0,-1,18513775,3488102.72
ELEC,2012-02-14,0.19,0.19,0.18,0.19,1,0,-1,31813810,5993660.92
ELEC,2012-02-13,0.19,0.19,0.18,0.19,1.01,0,-1,35329340,6599247.5
ELEC,2012-02-12,0.19,0.19,0.18,0.19,4.21,0.01,-1,31332365,5790782.04
ELEC,2012-02-09,0.18,0.18,0.18,0.18,1.06,0,-1,12171595,2162638.86
ELEC,2012-02-08,0.18,0.18,0.17,0.18,3.3,0.01,-1,48392550,8544383.61
ELEC,2012-02-07,0.17,0.17,0.17,0.17,1.11,0,-1,5974525,1016208
ELEC,2012-02-06,0.17,0.17,0.16,0.17,1.12,0,-1,14470485,2436677.87
ELEC,2012-02-02,0.17,0.17,0.15,0.17,-3.26,0,-1,11809025,1975402.36
ELEC,2012-02-01,0.18,0.18,0.17,0.17,0,0,-1,17783570,3070017.19
ELEC,2012-01-31,0.18,0.18,0.17,0.17,1.1,0,-1,21310035,3681017.13
ELEC,2012-01-30,0.18,0.18,0.17,0.17,-1.09,0,-1,11472685,1949651.76
ELEC,2012-01-29,0.18,0.18,0.17,0.17,0,0,-1,12983210,2225466.8
ELEC,2012-01-26,0.18,0.18,0.17,0.17,5.75,0.01,-1,31494950,5392312
ELEC,2012-01-24,0.17,0.17,0.16,0.16,2.35,0,-1,7646275,1243484.67
ELEC,2012-01-23,0.16,0.16,0.15,0.16,1.19,0,-1,4389730,698141.54
ELEC,2012-01-22,0.16,0.16,0.16,0.16,-2.33,0,-1,3107130,490064.76
ELEC,2012-01-19,0.16,0.16,0.16,0.16,-1.15,0,-1,5535200,888563.22
ELEC,2012-01-18,0.17,0.17,0.16,0.16,-1.14,-0.01,-1,12783480,2082515.43
ELEC,2012-01-17,0.17,0.17,0.16,0.17,1.15,0.01,-1,7196555,1182532.6
ELEC,2012-01-16,0.17,0.17,0.16,0.16,-2.25,-0.01,-1,7404875,1206166.64
ELEC,2012-01-15,0.17,0.17,0.16,0.17,2.3,0.01,-1,4818400,798453.87
ELEC,2012-01-12,0.17,0.17,0.16,0.16,0,0,-1,22981970,3745150.45
ELEC,2012-01-11,0.17,0.17,0.16,0.16,0,0,-1,2706670,440613.37
ELEC,2012-01-10,0.17,0.17,0.16,0.16,2.35,0,-1,7890770,1280389.89
ELEC,2012-01-09,0.16,0.16,0.16,0.16,-1.16,0,-1,11055515,1762026.98
ELEC,2012-01-05,0.16,0.16,0.16,0.16,-1.15,0,-1,2620055,423294.93
ELEC,2012-01-04,0.17,0.17,0.16,0.16,0,0,-1,2049465,333653.95
ELEC,2012-01-03,0.17,0.17,0.16,0.16,0,0,-1,2807665,454477.49
ELEC,2012-01-02,0.17,0.17,0.16,0.16,1.16,0,-1,2530765,412251.68
ELEC,2011-12-29,0.16,0.16,0.16,0.16,1.18,0,-1,5995965,960906.89
ELEC,2011-12-28,0.16,0.16,0.16,0.16,-2.3,0,-1,4087305,649951.86
ELEC,2011-12-27,0.17,0.17,0.16,0.16,0,0,-1,1121180,182294.93
ELEC,2011-12-26,0.17,0.17,0.16,0.16,-2.25,-0.01,-1,1803705,294707.28
ELEC,2011-12-25,0.17,0.17,0.16,0.17,2.3,0.01,-1,4312565,718552.62
ELEC,2011-12-22,0.17,0.17,0.16,0.16,-1.14,-0.01,-1,6216140,1010216.12
ELEC,2011-12-21,0.17,0.17,0.16,0.17,0,0,-1,6654175,1094784.91
ELEC,2011-12-20,0.17,0.17,0.16,0.17,-2.22,0,-1,7364940,1213350.42
ELEC,2011-12-19,0.17,0.17,0.17,0.17,1.12,0,-1,3969485,669274.1
ELEC,2011-12-18,0.17,0.17,0.16,0.17,-3.26,0,-1,9302990,1546574.23
ELEC,2011-12-15,0.17,0.17,0.17,0.17,0,0,-1,6781600,1164623.68
ELEC,2011-12-14,0.17,0.17,0.17,0.17,1.1,0,-1,10133865,1737613.97
ELEC,2011-12-13,0.17,0.17,0.17,0.17,1.11,0,-1,5294255,897054.9
ELEC,2011-12-12,0.17,0.17,0.17,0.17,-1.1,0,-1,6634770,1115678.54
ELEC,2011-12-11,0.17,0.17,0.17,0.17,0,0,-1,6121870,1044582.7
ELEC,2011-12-08,0.17,0.17,0.17,0.17,-1.09,0,-1,7980210,1365563.83
ELEC,2011-12-07,0.18,0.18,0.17,0.17,-1.08,-0.01,-1,13022630,2238741.55
ELEC,2011-12-06,0.18,0.18,0.17,0.18,1.09,0.01,-1,7892900,1376207.36
ELEC,2011-12-05,0.18,0.18,0.17,0.17,-1.08,-0.01,-1,7539185,1294668.11
ELEC,2011-12-04,0.18,0.18,0.17,0.18,-1.06,0,-1,7789665,1359771.3
ELEC,2011-12-01,0.18,0.18,0.17,0.18,1.08,0,-1,19863075,3502146.12
ELEC,2011-11-30,0.18,0.18,0.17,0.18,0,0,-1,8468900,1466251.67
ELEC,2011-11-29,0.18,0.18,0.16,0.18,8.14,0.02,-1,19589605,3412410.6
ELEC,2011-11-24,0.17,0.17,0.16,0.16,2.38,0,-1,7629450,1221887.36
ELEC,2011-11-23,0.17,0.17,0.15,0.16,5,0.01,-1,14000380,2208199.8
ELEC,2011-11-22,0.15,0.15,0.14,0.15,-4.76,-0.01,-1,21593730,3240628.09
ELEC,2011-11-21,0.17,0.17,0.15,0.16,-5.62,-0.01,-1,10142735,1603374.95
ELEC,2011-11-20,0.17,0.17,0.17,0.17,-2.2,0,-1,13890730,2311621.7
ELEC,2011-11-17,0.17,0.17,0.17,0.17,-1.09,0,-1,9063645,1543896.09
ELEC,2011-11-16,0.17,0.17,0.17,0.17,1.1,0,-1,8985590,1540575.88
ELEC,2011-11-15,0.18,0.18,0.17,0.17,1.11,0,-1,13043995,2222137.76
ELEC,2011-11-14,0.17,0.17,0.17,0.17,-4.26,-0.01,-1,9967095,1681350.06
ELEC,2011-11-13,0.18,0.18,0.17,0.18,-1.05,0,-1,18051150,3158160.21
ELEC,2011-11-10,0.18,0.18,0.18,0.18,-1.04,0,-1,8814290,1567662.4
ELEC,2011-11-09,0.18,0.18,0.18,0.18,-1.03,0,-1,3150215,567404.66
ELEC,2011-11-03,0.18,0.18,0.18,0.18,0,0,-1,9943355,1796084.16
ELEC,2011-11-02,0.18,0.18,0.18,0.18,0,0,-1,8694260,1572283.73
ELEC,2011-11-01,0.18,0.18,0.18,0.18,-1.02,0,-1,14332225,2589306.53
ELEC,2011-10-31,0.19,0.19,0.18,0.18,-2,-0.01,-1,15504555,2846740.85
ELEC,2011-10-30,0.19,0.19,0.18,0.19,3.09,0.01,-1,35445270,6602574.58
ELEC,2011-10-27,0.19,0.19,0.18,0.18,0,0,-1,19171410,3496713.96
ELEC,2011-10-26,0.18,0.18,0.18,0.18,0,0,-1,22738055,4120462.97
ELEC,2011-10-25,0.18,0.18,0.18,0.18,0,0,-1,20731725,3758108.46
ELEC,2011-10-24,0.19,0.19,0.18,0.18,-1.02,0,-1,43313465,7893162.98
ELEC,2011-10-23,0.18,0.18,0.18,0.18,2.08,0,-1,29603035,5403203.68
ELEC,2011-10-20,0.18,0.18,0.18,0.18,2.13,0,-1,28776960,5148493.62
ELEC,2011-10-19,0.18,0.18,0.17,0.18,3.3,0.01,-1,32565940,5712071.94
ELEC,2011-10-18,0.18,0.18,0.17,0.17,0,0,-1,25451360,4352228.79
ELEC,2011-10-17,0.18,0.18,0.17,0.17,-2.15,-0.01,-1,16612215,2842122.02
ELEC,2011-10-16,0.18,0.18,0.17,0.18,1.09,0.01,-1,15999495,2779057.05
ELEC,2011-10-13,0.18,0.18,0.17,0.17,1.1,0,-1,14979300,2587949.18
ELEC,2011-10-12,0.18,0.18,0.17,0.17,1.11,0,-1,21244415,3633586.55
ELEC,2011-10-11,0.17,0.17,0.17,0.17,2.27,0,-1,22219260,3727429.4
ELEC,2011-10-10,0.17,0.17,0.16,0.17,-3.3,0,-1,11770110,1932419.77
ELEC,2011-10-09,0.18,0.18,0.17,0.17,1.11,0,-1,26436735,4494073.85
ELEC,2011-10-05,0.18,0.18,0.17,0.17,-3.23,-0.01,-1,20573605,3468937.35
ELEC,2011-10-04,0.18,0.18,0.17,0.18,-1.06,0,-1,16191605,2811044.37
ELEC,2011-10-03,0.18,0.18,0.18,0.18,-3.09,0,-1,17044775,3008719.71
ELEC,2011-10-02,0.18,0.18,0.18,0.18,1.04,0,-1,9332980,1689938.27
ELEC,2011-09-29,0.18,0.18,0.18,0.18,0,0,-1,21003445,3770107.28
ELEC,2011-09-28,0.19,0.19,0.18,0.18,-4,-0.01,-1,80649965,14439114.57
ELEC,2011-09-27,0.19,0.19,0.18,0.19,-0.99,0,-1,69134265,12907370.33
ELEC,2011-09-26,0.19,0.19,0.18,0.19,3.06,0.01,-1,34387875,6514248.11
ELEC,2011-09-25,0.19,0.19,0.18,0.18,-1.01,-0.01,-1,43403590,7979720.79
ELEC,2011-09-22,0.19,0.19,0.18,0.19,0,0,-1,27505555,5069739.98
ELEC,2011-09-21,0.19,0.19,0.18,0.19,-1,0,-1,16806580,3127700.88
ELEC,2011-09-20,0.19,0.19,0.19,0.19,-0.99,0,-1,35245440,6611325.68
ELEC,2011-09-19,0.19,0.19,0.18,0.19,2.02,0,-1,35298750,6667189.98
ELEC,2011-09-18,0.19,0.19,0.18,0.19,1.02,0.01,-1,26909290,4970024.27
ELEC,2011-09-15,0.19,0.19,0.18,0.18,-2,-0.01,-1,42747270,7821525.35
ELEC,2011-09-14,0.19,0.19,0.18,0.19,-1.96,0,-1,41982260,7816570.29
ELEC,2011-09-13,0.19,0.19,0.19,0.19,-0.97,0,-1,33593670,6405473.13
ELEC,2011-09-12,0.2,0.2,0.19,0.19,-3.74,-0.01,-1,50828540,9821304.08
ELEC,2011-09-11,0.21,0.21,0.19,0.2,2.88,0.01,-1,72512395,14494878.66
ELEC,2011-09-08,0.2,0.2,0.19,0.19,0,0,-1,38281485,7482648.5
ELEC,2011-09-07,0.2,0.2,0.19,0.19,-4.59,-0.01,-1,56467590,11025566.33
ELEC,2011-09-06,0.21,0.21,0.2,0.2,-1.8,-0.01,-1,72842370,14789965.49
ELEC,2011-09-05,0.21,0.21,0.2,0.21,0.91,0,-1,62860545,13087215.84
ELEC,2011-09-04,0.21,0.21,0.2,0.21,-0.9,0,-1,41077465,8462355.27
ELEC,2011-08-29,0.21,0.21,0.2,0.21,2.78,0.01,-1,50258540,10399216.91
ELEC,2011-08-28,0.21,0.21,0.2,0.2,-0.92,0,-1,37739700,7661057.01
ELEC,2011-08-25,0.21,0.21,0.2,0.2,1.87,0,-1,41307680,8401662.02
ELEC,2011-08-24,0.2,0.2,0.2,0.2,0.94,0,-1,54221230,10871476.5
ELEC,2011-08-23,0.2,0.2,0.2,0.2,0,0,-1,67586125,13394392.97
ELEC,2011-08-22,0.2,0.2,0.2,0.2,0.95,0,-1,28786855,5715741.96
ELEC,2011-08-21,0.2,0.2,0.19,0.2,1.94,0.01,-1,76289470,15031511.86
ELEC,2011-08-18,0.2,0.2,0.19,0.19,0.98,0,-1,74959275,14503507.39
ELEC,2011-08-17,0.19,0.19,0.19,0.19,-1.92,0,-1,48856465,9357142.94
ELEC,2011-08-16,0.2,0.2,0.19,0.19,2.97,0,-1,90932920,17699963.48
ELEC,2011-08-15,0.19,0.19,0.19,0.19,-0.98,0,-1,49557740,9365965.97
ELEC,2011-08-14,0.19,0.19,0.19,0.19,3.03,0,-1,65197240,12384257.46
ELEC,2011-08-11,0.19,0.19,0.18,0.19,4.21,0.01,-1,166434480,30965251.62
ELEC,2011-08-10,0.18,0.18,0.17,0.18,6.74,0.01,-1,54505655,9707625.63
ELEC,2011-08-09,0.18,0.18,0.16,0.17,-4.3,-0.01,-1,61490550,10253029.44
ELEC,2011-08-08,0.18,0.18,0.17,0.18,-1.06,0,-1,64749385,11260560.7
ELEC,2011-08-07,0.19,0.19,0.17,0.18,-4.08,0,-1,98200915,17352447.91
ELEC,2011-08-04,0.19,0.19,0.18,0.18,2.08,0,-1,52612745,9672157.96
ELEC,2011-08-03,0.19,0.19,0.17,0.18,4.35,0.01,-1,111489270,19990071.6
ELEC,2011-08-02,0.18,0.18,0.17,0.17,0,0,-1,57836905,9973245.58
ELEC,2011-08-01,0.18,0.18,0.17,0.17,4.55,0,-1,80227525,13865247.95
ELEC,2011-07-31,0.17,0.17,0.15,0.17,6.02,0.02,-1,57504725,9415701.51
ELEC,2011-07-28,0.16,0.16,0.15,0.15,2.47,0,-1,18500030,2860034.34
ELEC,2011-07-27,0.15,0.15,0.15,0.15,-1.22,0,-1,14491025,2194672.39
ELEC,2011-07-26,0.15,0.15,0.15,0.15,-1.2,0,-1,6447930,987831.87
ELEC,2011-07-25,0.16,0.16,0.15,0.15,-1.19,-0.01,-1,11815795,1827632.24
ELEC,2011-07-21,0.16,0.16,0.15,0.16,-1.18,0,-1,8050000,1265337.27
ELEC,2011-07-20,0.16,0.16,0.16,0.16,0,0,-1,13540255,2144521.87
ELEC,2011-07-19,0.16,0.16,0.16,0.16,0,0,-1,8540040,1355864.86
ELEC,2011-07-18,0.16,0.16,0.16,0.16,-2.3,0,-1,18943180,3026070
ELEC,2011-07-17,0.17,0.17,0.16,0.16,3.57,0,-1,12356155,2009018.96
ELEC,2011-07-14,0.16,0.16,0.15,0.16,1.2,0.01,-1,23309705,3679873.71
ELEC,2011-07-13,0.16,0.16,0.15,0.15,2.47,0,-1,23001685,3591236
ELEC,2011-07-12,0.16,0.16,0.14,0.15,-4.71,-0.01,-1,35391555,5338625
ELEC,2011-07-11,0.16,0.16,0.16,0.16,-3.41,-0.01,-1,13429355,2142969.04
ELEC,2011-07-10,0.17,0.17,0.16,0.17,-1.12,0,-1,45566545,7478401.56
ELEC,2011-07-07,0.17,0.17,0.17,0.17,-1.11,0,-1,20982555,3505627.96
ELEC,2011-07-06,0.17,0.17,0.17,0.17,-2.17,0,-1,19963885,3347436.9
ELEC,2011-07-05,0.18,0.18,0.17,0.17,1.1,0,-1,32869840,5677107.64
ELEC,2011-07-04,0.18,0.18,0.17,0.17,-1.09,0,-1,15060270,2575473.77
ELEC,2011-07-03,0.18,0.18,0.17,0.17,1.1,0,-1,35883870,6181756.3
ELEC,2011-06-30,0.17,0.17,0.17,0.17,2.25,0,-1,34719210,5888996.43
ELEC,2011-06-29,0.18,0.18,0.16,0.17,-3.26,0,-1,48131190,8059007.58
ELEC,2011-06-28,0.18,0.18,0.17,0.17,2.22,0,-1,54406655,9388950.26
ELEC,2011-06-27,0.17,0.17,0.17,0.17,-1.1,0,-1,17373450,2913410.32
ELEC,2011-06-26,0.18,0.18,0.17,0.17,1.11,0,-1,154918030,26382296.19
ELEC,2011-06-23,0.17,0.17,0.16,0.17,2.27,0,-1,25897025,4341865.17
ELEC,2011-06-22,0.17,0.17,0.16,0.17,-1.12,0,-1,20146135,3322434.11
ELEC,2011-06-21,0.17,0.17,0.16,0.17,-1.11,0,-1,26188700,4349726.91
ELEC,2011-06-20,0.17,0.17,0.17,0.17,-3.23,-0.01,-1,53584915,8993828.89
ELEC,2011-06-19,0.18,0.18,0.17,0.18,1.09,0.01,-1,33594645,5825646.28
ELEC,2011-06-16,0.18,0.18,0.17,0.17,3.37,0,-1,54497850,9340311.54
ELEC,2011-06-15,0.17,0.17,0.16,0.17,3.49,0.01,-1,84200175,14094422.34
ELEC,2011-06-14,0.16,0.16,0.16,0.16,0,0,-1,18237090,2936114.15
ELEC,2011-06-13,0.16,0.16,0.15,0.16,3.61,0.01,-1,53516430,8568248.63
ELEC,2011-06-12,0.16,0.16,0.15,0.15,1.22,0,-1,28376540,4431406.87
ELEC,2011-06-09,0.15,0.15,0.15,0.15,0,0,-1,10497190,1611462.02
ELEC,2011-06-08,0.15,0.15,0.14,0.15,0,0,-1,23542055,3592175.5
ELEC,2011-06-07,0.16,0.16,0.15,0.15,-2.38,-0.01,-1,12769640,1969936.92
ELEC,2011-06-06,0.16,0.16,0.15,0.16,1.2,0.01,-1,25393420,3969483.96
ELEC,2011-06-05,0.16,0.16,0.15,0.15,1.22,0,-1,10429710,1619584.82
ELEC,2011-06-02,0.15,0.15,0.14,0.15,-1.2,0,-1,18361070,2814886.86
ELEC,2011-06-01,0.17,0.17,0.15,0.15,3.75,0,-1,41454020,6439727.23
ELEC,2011-05-31,0.17,0.17,0.15,0.15,-1.23,0,-1,18887235,2842037.94
ELEC,2011-05-30,0.15,0.15,0.15,0.15,0,0,-1,9090110,1378111.77
ELEC,2011-05-29,0.15,0.15,0.15,0.15,1.25,0,-1,22178785,3362457.74
ELEC,2011-05-26,0.15,0.15,0.15,0.15,0,0,-1,6387865,951937.96
ELEC,2011-05-25,0.15,0.15,0.15,0.15,-1.23,0,-1,20087170,2999170.42
ELEC,2011-05-24,0.16,0.16,0.15,0.15,-6.9,-0.01,-1,22571610,3404144.87
ELEC,2011-05-23,0.17,0.17,0.16,0.16,-1.14,-0.01,-1,37232760,6040948.08
ELEC,2011-05-22,0.17,0.17,0.16,0.17,1.15,0.01,-1,28182055,4634957.43
ELEC,2011-05-19,0.17,0.17,0.16,0.16,0,0,-1,10073550,1639592.7
ELEC,2011-05-18,0.17,0.17,0.16,0.16,0,0,-1,13623170,2215581.65
ELEC,2011-05-17,0.17,0.17,0.16,0.16,1.16,0,-1,14477130,2357186.77
ELEC,2011-05-16,0.16,0.16,0.16,0.16,0,0,-1,11349765,1834585.87
ELEC,2011-05-15,0.17,0.17,0.16,0.16,2.38,0,-1,26424960,4268751.26
ELEC,2011-05-12,0.16,0.16,0.15,0.16,1.2,0.01,-1,30005410,4740450.85
ELEC,2011-05-11,0.16,0.16,0.15,0.15,1.22,0,-1,36531380,5663621.24
ELEC,2011-05-10,0.15,0.15,0.15,0.15,1.23,0,-1,11488540,1752310.2
ELEC,2011-05-09,0.15,0.15,0.15,0.15,2.53,0,-1,16938050,2572882
ELEC,2011-05-08,0.15,0.15,0.14,0.15,-1.25,0,-1,17668665,2615825.57
ELEC,2011-05-05,0.15,0.15,0.15,0.15,0,0,-1,7043905,1054144.74
ELEC,2011-05-04,0.15,0.15,0.15,0.15,-1.23,0,-1,10940590,1638425.65
ELEC,2011-05-03,0.15,0.15,0.15,0.15,-1.22,0,-1,12219280,1840933.59
ELEC,2011-05-02,0.15,0.15,0.15,0.15,1.23,0,-1,14250665,2192583.38
ELEC,2011-04-28,0.15,0.15,0.15,0.15,2.53,0,-1,34852220,5285390.46
ELEC,2011-04-27,0.15,0.15,0.14,0.15,3.95,0.01,-1,35273635,5229880.66
ELEC,2011-04-26,0.14,0.14,0.14,0.14,0,0,-1,15030405,2149147.98
ELEC,2011-04-21,0.14,0.14,0.14,0.14,0,0,-1,12458230,1765156.95
ELEC,2011-04-20,0.14,0.14,0.14,0.14,-2.56,0,-1,15517640,2198956.35
ELEC,2011-04-19,0.15,0.15,0.14,0.14,2.63,0,-1,17312070,2513822.91
ELEC,2011-04-18,0.14,0.14,0.14,0.14,-3.8,-0.01,-1,16543325,2366122.75
ELEC,2011-04-17,0.15,0.15,0.14,0.15,-1.25,0,-1,12219590,1803083.11
ELEC,2011-04-14,0.15,0.15,0.15,0.15,0,0,-1,9264215,1384458.54
ELEC,2011-04-13,0.15,0.15,0.14,0.15,3.9,0.01,-1,8972055,1336582.42
ELEC,2011-04-12,0.15,0.15,0.14,0.14,-2.53,-0.01,-1,12542610,1817006.34
ELEC,2011-04-11,0.15,0.15,0.14,0.15,-1.25,0,-1,12779205,1895427.99
ELEC,2011-04-10,0.15,0.15,0.15,0.15,-2.44,0,-1,13508115,2032432.13
ELEC,2011-04-07,0.15,0.15,0.15,0.15,-1.2,0,-1,7811155,1197604.82
ELEC,2011-04-06,0.16,0.16,0.15,0.15,0,0,-1,7425030,1146366.51
ELEC,2011-04-05,0.16,0.16,0.15,0.15,0,0,-1,10300670,1592915.21
ELEC,2011-04-04,0.16,0.16,0.15,0.15,-1.19,-0.01,-1,8455455,1315835.17
ELEC,2011-04-03,0.16,0.16,0.14,0.16,1.2,0.01,-1,19478140,3059451.11
ELEC,2011-03-31,0.16,0.16,0.14,0.15,-1.19,-0.01,-1,10949020,1699204.33
ELEC,2011-03-30,0.16,0.16,0.15,0.16,1.2,0.01,-1,13153265,2063398.28
ELEC,2011-03-29,0.16,0.16,0.15,0.15,1.22,0,-1,17482670,2731403.2
ELEC,2011-03-28,0.16,0.16,0.15,0.15,3.8,0,-1,28961130,4466196.41
ELEC,2011-03-27,0.15,0.15,0.14,0.15,9.72,0.01,-1,20226970,2977093.36
ELEC,2011-03-24,0.14,0.14,0.13,0.14,7.46,0.01,-1,10173110,1376845.91
ELEC,2011-03-23,0.13,0.13,0.13,0.13,-9.46,-0.01,-1,55166095,6952247.33
ELEC,2011-01-27,0.15,0.15,0.13,0.14,-14.94,-0.02,-1,37229350,5150753.38
ELEC,2011-01-26,0.17,0.17,0.15,0.16,-6.45,-0.02,-1,24466125,3977873.71
ELEC,2011-01-24,0.18,0.18,0.17,0.18,1.09,0.01,-1,4104520,713908.08
ELEC,2011-01-23,0.18,0.18,0.17,0.17,-2.13,-0.01,-1,9847155,1700614.93
ELEC,2011-01-20,0.18,0.18,0.18,0.18,1.08,0,-1,8462020,1484039.07
ELEC,2011-01-19,0.18,0.18,0.17,0.18,-1.06,0,-1,15243610,2651255.05
ELEC,2011-01-18,0.18,0.18,0.17,0.18,-3.09,0,-1,37246645,6551523.15
ELEC,2011-01-17,0.19,0.19,0.18,0.18,-2.02,-0.01,-1,48451020,8788083.11
ELEC,2011-01-16,0.19,0.19,0.18,0.19,-1,0,-1,24548865,4548257.6
ELEC,2011-01-13,0.19,0.19,0.19,0.19,0,0,-1,25674500,4806838.24
ELEC,2011-01-12,0.19,0.19,0.19,0.19,-0.99,0,-1,12840760,2403867.38
ELEC,2011-01-11,0.19,0.19,0.19,0.19,0,0,-1,7357735,1387072.72
ELEC,2011-01-10,0.19,0.19,0.19,0.19,0,0,-1,11424470,2157229.94
ELEC,2011-01-06,0.19,0.19,0.19,0.19,0,0,-1,23919825,4522075.27
ELEC,2011-01-05,0.19,0.19,0.19,0.19,0,0,-1,18829670,3562890.54
ELEC,2011-01-04,0.19,0.19,0.19,0.19,1,0,-1,23040845,4345284.09
ELEC,2011-01-03,0.19,0.19,0.19,0.19,1.01,0,-1,36622380,6827669.36
ELEC,2011-01-02,0.19,0.19,0.18,0.19,1.02,0.01,-1,12703740,2357429.68
ELEC,2010-12-30,0.19,0.19,0.18,0.18,-2,-0.01,-1,96557250,17636013.55
ELEC,2010-12-29,0.19,0.19,0.19,0.19,0,0,-1,11740005,2203910.25
ELEC,2010-12-28,0.19,0.19,0.19,0.19,0,0,-1,6260995,1174138.28
ELEC,2010-12-27,0.19,0.19,0.19,0.19,0,0,-1,6645160,1237841.97
ELEC,2010-12-26,0.19,0.19,0.19,0.19,-0.99,0,-1,7358995,1374780.1
ELEC,2010-12-23,0.19,0.19,0.19,0.19,1,0,-1,7117860,1339482.8
ELEC,2010-12-22,0.19,0.19,0.19,0.19,-1.96,0,-1,28819300,5405637.96
ELEC,2010-12-21,0.19,0.19,0.19,0.19,0,0,-1,6636150,1262595.44
ELEC,2010-12-20,0.19,0.19,0.19,0.19,-0.97,0,-1,6174635,1178975.73
ELEC,2010-12-19,0.2,0.2,0.19,0.19,0.98,0,-1,29214115,5640998.8
ELEC,2010-12-16,0.19,0.19,0.19,0.19,-1.92,0,-1,22373330,4282239.88
ELEC,2010-12-15,0.2,0.2,0.19,0.19,0.97,0,-1,56697685,11022570.08
ELEC,2010-12-14,0.2,0.2,0.19,0.19,1.98,0,-1,82429930,15944599.78
ELEC,2010-12-13,0.19,0.19,0.19,0.19,0,0,-1,21372620,4037248.01
ELEC,2010-12-12,0.19,0.19,0.19,0.19,1,0,-1,21767345,4103826.02
ELEC,2010-12-09,0.19,0.19,0.19,0.19,0,0,-1,6685065,1250065
ELEC,2010-12-08,0.19,0.19,0.19,0.19,0,0,-1,4777980,894278.1
ELEC,2010-12-06,0.19,0.19,0.19,0.19,0,0,-1,7730395,1444188.29
ELEC,2010-12-05,0.19,0.19,0.19,0.19,-0.99,0,-1,3145415,588945.88
ELEC,2010-12-02,0.19,0.19,0.19,0.19,1,0,-1,10699550,2012115.94
ELEC,2010-12-01,0.19,0.19,0.19,0.19,-0.99,0,-1,13442050,2524502.03
ELEC,2010-11-30,0.19,0.19,0.19,0.19,-0.98,0,-1,13222755,2496634.97
ELEC,2010-11-29,0.19,0.19,0.19,0.19,-0.97,0,-1,12958150,2483630.43
ELEC,2010-11-28,0.19,0.19,0.19,0.19,0.98,0,-1,10163620,1952066.32
ELEC,2010-11-25,0.19,0.19,0.19,0.19,0,0,-1,11571765,2215149.06
ELEC,2010-11-24,0.19,0.19,0.19,0.19,-0.97,0,-1,13848070,2642112.69
ELEC,2010-11-23,0.19,0.19,0.19,0.19,-0.96,0,-1,19931905,3825393.67
ELEC,2010-11-22,0.2,0.2,0.19,0.19,0.97,0,-1,43524540,8454503.33
ELEC,2010-11-21,0.2,0.2,0.19,0.19,3,0,-1,72369750,13980725.99
ELEC,2010-11-18,0.19,0.19,0.19,0.19,1.01,0,-1,4292890,802915.59
ELEC,2010-11-14,0.19,0.19,0.19,0.19,0,0,-1,3658930,678889.72
ELEC,2010-11-11,0.19,0.19,0.18,0.19,0,0,-1,9565710,1773096.9
ELEC,2010-11-10,0.19,0.19,0.18,0.19,0,0,-1,8207845,1517255.8
ELEC,2010-11-09,0.19,0.19,0.19,0.19,-1,0,-1,4296835,799941.4
ELEC,2010-11-08,0.19,0.19,0.19,0.19,-0.99,0,-1,15824920,2961345.64
ELEC,2010-11-07,0.19,0.19,0.19,0.19,1,0,-1,13566140,2567865.23
ELEC,2010-11-04,0.19,0.19,0.19,0.19,0,0,-1,8350700,1562882.71
ELEC,2010-11-03,0.19,0.19,0.19,0.19,1.01,0,-1,17085990,3186298.62
ELEC,2010-11-02,0.19,0.19,0.18,0.19,1.02,0.01,-1,10297435,1903821.4
ELEC,2010-11-01,0.19,0.19,0.18,0.18,-1.01,-0.01,-1,22346850,4108289.62
ELEC,2010-10-31,0.19,0.19,0.18,0.19,-1,0,-1,16176250,3006448.99
ELEC,2010-10-28,0.19,0.19,0.19,0.19,0,0,-1,24406860,4572758.62
ELEC,2010-10-27,0.19,0.19,0.19,0.19,-1.96,0,-1,38327685,7197179.86
ELEC,2010-10-26,0.19,0.19,0.19,0.19,-0.97,0,-1,31943390,6114938.23
ELEC,2010-10-25,0.2,0.2,0.19,0.19,-0.96,0,-1,29852305,5766149.63
ELEC,2010-10-24,0.2,0.2,0.19,0.19,0,0,-1,33234165,6488999.94
ELEC,2010-10-21,0.19,0.19,0.19,0.19,1.96,0,-1,13645540,2643980.92
ELEC,2010-10-20,0.19,0.19,0.19,0.19,-1.92,0,-1,31741215,6084135.29
ELEC,2010-10-19,0.2,0.2,0.19,0.19,-1.89,-0.01,-1,60752555,11823624.69
ELEC,2010-10-18,0.2,0.2,0.19,0.2,0,0,-1,53041320,10525087.09
ELEC,2010-10-14,0.2,0.2,0.2,0.2,1.9,0,-1,47661430,9567504.48
ELEC,2010-10-13,0.2,0.2,0.19,0.2,2.94,0.01,-1,146922435,28881762.36
ELEC,2010-10-12,0.19,0.19,0.19,0.19,0,0,-1,24991395,4770403.25
ELEC,2010-10-11,0.19,0.19,0.19,0.19,2,0,-1,96815370,18514465.35
ELEC,2010-10-10,0.19,0.19,0.19,0.19,0,0,-1,9379520,1754841.01
ELEC,2010-10-07,0.19,0.19,0.19,0.19,1.01,0,-1,12839310,2400317.57
ELEC,2010-10-05,0.19,0.19,0.18,0.19,-1,0,-1,12180980,2258391.96
ELEC,2010-10-04,0.19,0.19,0.19,0.19,0,0,-1,17347465,3244076.87
ELEC,2010-10-03,0.19,0.19,0.19,0.19,2.04,0.01,-1,17468050,3259780.66
ELEC,2010-09-30,0.19,0.19,0.18,0.18,-1.01,-0.01,-1,11032380,2033190.49
ELEC,2010-09-29,0.19,0.19,0.18,0.19,-1,0,-1,19388145,3609360
ELEC,2010-09-28,0.19,0.19,0.19,0.19,0,0,-1,11126775,2081793.54
ELEC,2010-09-27,0.19,0.19,0.19,0.19,-0.99,0,-1,17402530,3251317.74
ELEC,2010-09-26,0.19,0.19,0.19,0.19,0,0,-1,20920335,3960027.1
ELEC,2010-09-23,0.19,0.19,0.19,0.19,0,0,-1,15188555,2866199.23
ELEC,2010-09-22,0.19,0.19,0.19,0.19,0,0,-1,18348000,3460290.4
ELEC,2010-09-21,0.19,0.19,0.19,0.19,2.02,0,-1,50804660,9599453.28
ELEC,2010-09-20,0.19,0.19,0.18,0.19,0,0,-1,10357380,1913988.76
ELEC,2010-09-19,0.19,0.19,0.18,0.19,0,0,-1,7908575,1467278.97
ELEC,2010-09-16,0.19,0.19,0.18,0.19,1.02,0.01,-1,19263095,3551183.24
ELEC,2010-09-15,0.19,0.19,0.18,0.18,-1.01,-0.01,-1,9033755,1655218.92
ELEC,2010-09-14,0.19,0.19,0.18,0.19,0,0,-1,20053495,3719041.57
ELEC,2010-09-13,0.19,0.19,0.18,0.19,1.02,0.01,-1,16857650,3119666.73
ELEC,2010-09-08,0.19,0.19,0.18,0.18,1.03,0,-1,8899645,1626561.84
ELEC,2010-09-07,0.18,0.18,0.18,0.18,0,0,-1,2328815,421718.23
ELEC,2010-09-06,0.19,0.19,0.18,0.18,-1.02,0,-1,8808655,1604197.96
ELEC,2010-09-05,0.19,0.19,0.18,0.18,1.03,0,-1,5880145,1077418.4
ELEC,2010-09-02,0.18,0.18,0.18,0.18,0,0,-1,7796555,1418736.23
ELEC,2010-09-01,0.18,0.18,0.18,0.18,1.04,0,-1,3159100,571191.43
ELEC,2010-08-31,0.18,0.18,0.18,0.18,-1.03,0,-1,15757405,2829898.96
ELEC,2010-08-30,0.19,0.19,0.18,0.18,-1.02,0,-1,4081860,744078.44
ELEC,2010-08-29,0.19,0.19,0.18,0.18,0,0,-1,8357000,1527483.55
ELEC,2010-08-26,0.19,0.19,0.18,0.18,0,0,-1,3096910,569212.02
ELEC,2010-08-25,0.19,0.19,0.18,0.18,-1.01,-0.01,-1,8603830,1577315.6
ELEC,2010-08-24,0.19,0.19,0.18,0.19,0,0,-1,9782015,1807238.09
ELEC,2010-08-23,0.19,0.19,0.18,0.19,0,0,-1,14814380,2744612.1
ELEC,2010-08-22,0.19,0.19,0.18,0.19,-1,0,-1,6133670,1135322.59
ELEC,2010-08-19,0.19,0.19,0.19,0.19,0,0,-1,10053725,1872903.49
ELEC,2010-08-18,0.19,0.19,0.19,0.19,0,0,-1,19903950,3731744.89
ELEC,2010-08-17,0.19,0.19,0.19,0.19,1.01,0,-1,10383225,1941651.71
ELEC,2010-08-16,0.19,0.19,0.18,0.19,0,0,-1,10328080,1912235.64
ELEC,2010-08-15,0.19,0.19,0.18,0.19,-1,0,-1,14459920,2684080.54
ELEC,2010-08-12,0.19,0.19,0.19,0.19,-0.99,0,-1,24010215,4489487.39
ELEC,2010-08-11,0.19,0.19,0.19,0.19,-2.88,0,-1,41073225,7760988.94
ELEC,2010-08-10,0.2,0.2,0.19,0.19,0.97,0,-1,50891320,9883718.12
ELEC,2010-08-09,0.2,0.2,0.19,0.19,3,0,-1,89508710,17324663.18
ELEC,2010-08-08,0.19,0.19,0.19,0.19,-0.99,0,-1,12854295,2404761.27
ELEC,2010-08-05,0.19,0.19,0.19,0.19,2.02,0,-1,30260175,5694931.43
ELEC,2010-08-04,0.19,0.19,0.18,0.19,-1,0,-1,13404935,2478947.76
ELEC,2010-08-03,0.19,0.19,0.18,0.19,0,0,-1,25259100,4706018.56
ELEC,2010-08-02,0.19,0.19,0.18,0.19,0,0,-1,18117045,3383024.04
ELEC,2010-08-01,0.19,0.19,0.19,0.19,1.01,0,-1,18154440,3387086.7
ELEC,2010-07-29,0.19,0.19,0.18,0.19,-1,0,-1,20353550,3773124.08
ELEC,2010-07-28,0.19,0.19,0.18,0.19,1.01,0,-1,38707640,7247637.7
ELEC,2010-07-27,0.19,0.19,0.18,0.19,2.06,0.01,-1,62019800,11534917.2
ELEC,2010-07-26,0.18,0.18,0.18,0.18,2.11,0,-1,31161685,5652057.15
ELEC,2010-07-25,0.18,0.18,0.18,0.18,2.15,0,-1,34063515,6081649.3
ELEC,2010-07-22,0.18,0.18,0.17,0.18,0,0,-1,6824670,1188289.54
ELEC,2010-07-21,0.18,0.18,0.17,0.18,0,0,-1,7531240,1305578.13
ELEC,2010-07-20,0.18,0.18,0.17,0.18,-1.06,0,-1,14593420,2538037.44
ELEC,2010-07-19,0.18,0.18,0.18,0.18,0,0,-1,9224810,1621885.24
ELEC,2010-07-18,0.18,0.18,0.18,0.18,-1.05,0,-1,12618460,2221334.76
ELEC,2010-07-15,0.18,0.18,0.18,0.18,-1.04,0,-1,11891575,2119100.02
ELEC,2010-07-14,0.18,0.18,0.18,0.18,1.05,0,-1,30535025,5498726.07
ELEC,2010-07-13,0.18,0.18,0.18,0.18,1.06,0,-1,7304150,1294321.85
ELEC,2010-07-12,0.18,0.18,0.18,0.18,-2.08,0,-1,8562825,1512283.83
ELEC,2010-07-11,0.18,0.18,0.18,0.18,2.13,0,-1,18511235,3310938.63
ELEC,2010-07-08,0.18,0.18,0.18,0.18,1.08,0,-1,9780495,1714300.23
ELEC,2010-07-07,0.18,0.18,0.17,0.18,-1.06,0,-1,7402225,1286105.15
ELEC,2010-07-06,0.18,0.18,0.18,0.18,1.08,0,-1,7179620,1264048.14
ELEC,2010-07-05,0.18,0.18,0.17,0.18,1.09,0.01,-1,10593520,1837689.27
ELEC,2010-07-04,0.18,0.18,0.17,0.17,-2.13,-0.01,-1,9155385,1583178.72
ELEC,2010-06-30,0.18,0.18,0.18,0.18,-2.08,0,-1,13941470,2456865.06
ELEC,2010-06-29,0.18,0.18,0.18,0.18,-2.04,0,-1,18776910,3369492.47
ELEC,2010-06-28,0.19,0.19,0.18,0.18,-1.01,-0.01,-1,9785170,1795379.87
ELEC,2010-06-27,0.19,0.19,0.18,0.19,0,0,-1,4535450,837935
ELEC,2010-06-24,0.19,0.19,0.19,0.19,0,0,-1,5061240,938694.32
ELEC,2010-06-23,0.19,0.19,0.18,0.19,-1,0,-1,11174755,2074380.51
ELEC,2010-06-22,0.19,0.19,0.19,0.19,-0.99,0,-1,7424905,1384619.69
ELEC,2010-06-21,0.19,0.19,0.19,0.19,0,0,-1,18514865,3503898.69
ELEC,2010-06-20,0.19,0.19,0.19,0.19,1,0,-1,12828600,2424593.33
ELEC,2010-06-17,0.19,0.19,0.18,0.19,1.01,0,-1,38742010,7274601.24
ELEC,2010-06-16,0.19,0.19,0.18,0.19,1.02,0.01,-1,12486790,2306158.4
ELEC,2010-06-15,0.19,0.19,0.18,0.18,-1.01,-0.01,-1,9441770,1735269.26
ELEC,2010-06-14,0.19,0.19,0.18,0.19,0,0,-1,18395465,3394054.51
ELEC,2010-06-13,0.19,0.19,0.18,0.19,1.02,0.01,-1,20572895,3808194.61
ELEC,2010-06-10,0.19,0.19,0.18,0.18,-1.01,-0.01,-1,13841495,2532607.16
ELEC,2010-06-09,0.19,0.19,0.18,0.19,0,0,-1,19429585,3593783.91
ELEC,2010-06-08,0.19,0.19,0.18,0.19,0,0,-1,15499940,2871314.87
ELEC,2010-06-07,0.19,0.19,0.18,0.19,-1,0,-1,17638825,3278113.21
ELEC,2010-06-06,0.19,0.19,0.19,0.19,-1.96,0,-1,27645675,5162752.1
ELEC,2010-06-03,0.19,0.19,0.19,0.19,3.03,0,-1,34641220,6643740.27
ELEC,2010-06-02,0.19,0.19,0.18,0.19,0,0,-1,32094030,5952984.91
ELEC,2010-06-01,0.19,0.19,0.18,0.19,-1.98,0,-1,36901865,6863599.27
ELEC,2010-05-31,0.19,0.19,0.19,0.19,-1.94,0,-1,33310020,6310257.63
ELEC,2010-05-30,0.2,0.2,0.19,0.19,0,0,-1,44136970,8524175.09
ELEC,2010-05-27,0.2,0.2,0.19,0.19,1.98,0,-1,47680895,9218721.99
ELEC,2010-05-26,0.19,0.19,0.19,0.19,1,0,-1,34443935,6506658.92
ELEC,2010-05-25,0.19,0.19,0.18,0.19,-2.91,0,-1,40303820,7546248.54
ELEC,2010-05-24,0.2,0.2,0.19,0.19,-1.9,-0.01,-1,51668990,9976851.98
ELEC,2010-05-23,0.2,0.2,0.19,0.2,0.96,0.01,-1,23631790,4625699.45
ELEC,2010-05-20,0.2,0.2,0.19,0.19,1.96,0,-1,58520945,11384388.73
ELEC,2010-05-19,0.19,0.19,0.19,0.19,-2.86,-0.01,-1,55319930,10578617.27
ELEC,2010-05-18,0.2,0.2,0.19,0.2,0.96,0.01,-1,19244110,3787566.13
ELEC,2010-05-17,0.2,0.2,0.19,0.19,-0.95,-0.01,-1,21392060,4150145.85
ELEC,2010-05-16,0.2,0.2,0.19,0.2,-4.55,-0.01,-1,28641750,5642772.89
ELEC,2010-05-13,0.21,0.21,0.2,0.21,-0.9,0,-1,24938130,5123207.91
ELEC,2010-05-12,0.21,0.21,0.2,0.21,-0.89,0,-1,34390410,7135257.62
ELEC,2010-05-11,0.21,0.21,0.21,0.21,0,0,-1,29172440,6098231.67
ELEC,2010-05-10,0.21,0.21,0.21,0.21,1.82,0,-1,25467140,5356837.6
ELEC,2010-05-09,0.21,0.21,0.2,0.21,-7.56,-0.01,-1,34603045,7114974.67
ELEC,2010-05-06,0.22,0.22,0.22,0.22,0.85,0,-1,21124795,4700478.01
ELEC,2010-05-05,0.22,0.22,0.22,0.22,-2.48,-0.01,-1,33485445,7390976.17
ELEC,2010-05-04,0.23,0.23,0.22,0.23,-0.82,0,-1,22604295,5133408.08
ELEC,2010-05-03,0.23,0.23,0.22,0.23,0,0,-1,17188575,3908239.26
ELEC,2010-05-02,0.23,0.23,0.22,0.23,-0.81,0,-1,26590995,6054561.24
ELEC,2010-04-29,0.23,0.23,0.22,0.23,1.65,0,-1,28573635,6550527.49
ELEC,2010-04-28,0.23,0.23,0.22,0.23,-1.63,0,-1,22810180,5155276.18
ELEC,2010-04-27,0.23,0.23,0.23,0.23,-0.81,0,-1,26761130,6169486.27
ELEC,2010-04-26,0.23,0.23,0.23,0.23,2.48,0,-1,30913500,7158289.3
ELEC,2010-04-22,0.23,0.23,0.22,0.23,-0.82,0,-1,30043315,6792228.02
ELEC,2010-04-21,0.23,0.23,0.22,0.23,-0.81,0,-1,37188350,8512212.85
ELEC,2010-04-20,0.23,0.23,0.23,0.23,1.65,0,-1,22467515,5169218.31
ELEC,2010-04-19,0.23,0.23,0.22,0.23,-1.63,0,-1,24134510,5468968.78
ELEC,2010-04-18,0.23,0.23,0.23,0.23,-2.38,-0.01,-1,32179845,7409561.57
ELEC,2010-04-15,0.24,0.24,0.23,0.24,-0.79,0,-1,30673105,7209517.29
ELEC,2010-04-14,0.24,0.24,0.23,0.24,3.25,0.01,-1,77924400,18493061.62
ELEC,2010-04-13,0.23,0.23,0.23,0.23,-0.81,0,-1,15600250,3587403.41
ELEC,2010-04-12,0.24,0.24,0.23,0.23,0,0,-1,36636195,8518971.74
ELEC,2010-04-11,0.24,0.24,0.23,0.23,0,0,-1,42150495,9804866.75
ELEC,2010-04-08,0.24,0.24,0.23,0.23,0.81,0,-1,52657895,12262841.15
ELEC,2010-04-07,0.23,0.23,0.23,0.23,0.82,0,-1,41122200,9427903.26
ELEC,2010-04-06,0.23,0.23,0.23,0.23,1.67,0.01,-1,41604025,9533713.73
ELEC,2010-04-01,0.23,0.23,0.22,0.22,0.84,0,-1,33581285,7556422.2
ELEC,2010-03-31,0.23,0.23,0.22,0.22,-0.83,0,-1,32029915,7149819.12
ELEC,2010-03-30,0.23,0.23,0.22,0.22,0,0,-1,22984165,5152269.89
ELEC,2010-03-29,0.23,0.23,0.22,0.22,1.69,0,-1,69252465,15539181.94
ELEC,2010-03-28,0.22,0.22,0.22,0.22,1.72,0,-1,19354305,4277163.37
ELEC,2010-03-25,0.22,0.22,0.21,0.22,0,0,-1,22570240,4907948.52
ELEC,2010-03-24,0.22,0.22,0.22,0.22,0.87,0,-1,18673940,4068830.69
ELEC,2010-03-23,0.22,0.22,0.21,0.22,1.77,0.01,-1,28598635,6173067.15
ELEC,2010-03-22,0.22,0.22,0.21,0.21,-0.88,0,-1,11291080,2378979.46
ELEC,2010-03-21,0.22,0.22,0.21,0.21,0.88,0,-1,10453065,2231278.18
ELEC,2010-03-18,0.22,0.22,0.21,0.21,-0.88,0,-1,16705295,3544173.26
ELEC,2010-03-17,0.22,0.22,0.21,0.21,1.79,0,-1,21047185,4479782.51
ELEC,2010-03-16,0.21,0.21,0.2,0.21,0.9,0,-1,20190815,4232727.94
ELEC,2010-03-15,0.22,0.22,0.2,0.21,-5.13,-0.01,-1,44221330,9148340.21
ELEC,2010-03-14,0.22,0.22,0.22,0.22,-2.5,0,-1,19620885,4283458.07
ELEC,2010-03-11,0.23,0.23,0.22,0.22,0,0,-1,19586645,4396882.38
ELEC,2010-03-10,0.23,0.23,0.22,0.22,2.56,0,-1,15058455,3375359.31
ELEC,2010-03-09,0.22,0.22,0.22,0.22,-1.68,0,-1,17907405,3923334.45
ELEC,2010-03-08,0.23,0.23,0.22,0.22,-1.65,-0.01,-1,15782655,3516792.78
ELEC,2010-03-07,0.23,0.23,0.22,0.23,0,0,-1,12368580,2790287.06
ELEC,2010-03-04,0.23,0.23,0.22,0.23,-1.63,0,-1,25223420,5724168.84
ELEC,2010-03-03,0.23,0.23,0.23,0.23,0.82,0,-1,30700595,7087570.22
ELEC,2010-03-02,0.23,0.23,0.23,0.23,0,0,-1,11515550,2620623.4
ELEC,2010-03-01,0.23,0.23,0.23,0.23,0,0,-1,21172280,4850201.38
ELEC,2010-02-28,0.23,0.23,0.22,0.23,-0.81,0,-1,13985175,3185100.21
ELEC,2010-02-25,0.23,0.23,0.23,0.23,1.65,0,-1,13112585,3018941.39
ELEC,2010-02-24,0.23,0.23,0.22,0.23,-0.82,0,-1,22238355,5031371.76
ELEC,2010-02-23,0.24,0.24,0.22,0.23,-1.61,0,-1,25716900,5859644.42
ELEC,2010-02-22,0.24,0.24,0.23,0.23,-0.8,0,-1,21614595,5035241.09
ELEC,2010-02-21,0.24,0.24,0.23,0.23,-1.57,-0.01,-1,30244875,7078931.63
ELEC,2010-02-18,0.24,0.24,0.24,0.24,-1.55,0,-1,12783810,3045044.64
ELEC,2010-02-17,0.25,0.25,0.24,0.24,-1.53,-0.01,-1,25229605,6072347.06
ELEC,2010-02-16,0.25,0.25,0.24,0.25,1.55,0.01,-1,37362430,9186531.54
ELEC,2010-02-15,0.25,0.25,0.24,0.24,0.78,0,-1,43703720,10573356.78
ELEC,2010-02-14,0.24,0.24,0.24,0.24,1.59,0,-1,11944285,2855185.39
ELEC,2010-02-11,0.24,0.24,0.23,0.24,-0.79,0,-1,17887800,4202883.03
ELEC,2010-02-10,0.24,0.24,0.23,0.24,-0.78,0,-1,21842655,5185935.15
ELEC,2010-02-09,0.24,0.24,0.24,0.24,-1.54,0,-1,23933820,5729022.44
ELEC,2010-02-08,0.25,0.25,0.24,0.24,1.56,0,-1,32187680,7849699.51
ELEC,2010-02-07,0.24,0.24,0.24,0.24,-1.54,0,-1,20960295,5032941.65
ELEC,2010-02-04,0.25,0.25,0.24,0.24,-0.76,-0.01,-1,27042640,6555945.95
ELEC,2010-02-03,0.25,0.25,0.24,0.25,1.55,0.01,-1,45637740,11195242.48
ELEC,2010-02-02,0.25,0.25,0.24,0.24,0.78,0,-1,18222650,4398724.76
ELEC,2010-02-01,0.24,0.24,0.24,0.24,-0.78,0,-1,14859235,3567948.9
ELEC,2010-01-31,0.25,0.25,0.24,0.24,-2.27,-0.01,-1,29999960,7214798.06
ELEC,2010-01-28,0.25,0.25,0.24,0.25,1.54,0.01,-1,20699470,5096570.8
ELEC,2010-01-27,0.25,0.25,0.24,0.24,1.56,0,-1,32255480,7853073.76
ELEC,2010-01-26,0.24,0.24,0.24,0.24,-1.54,0,-1,19716055,4704529.3
ELEC,2010-01-24,0.25,0.25,0.24,0.24,-3.7,-0.01,-1,51906205,12632027.17
ELEC,2010-01-21,0.26,0.26,0.25,0.25,0,0,-1,42871375,10862543.79
ELEC,2010-01-20,0.26,0.26,0.25,0.25,-0.74,-0.01,-1,37984865,9561372.58
ELEC,2010-01-19,0.26,0.26,0.25,0.26,1.49,0.01,-1,54527195,13836256.66
ELEC,2010-01-18,0.26,0.26,0.24,0.25,1.52,0,-1,76595480,19253176.41
ELEC,2010-01-17,0.25,0.25,0.24,0.25,0.76,0,-1,22082260,5447347.16
ELEC,2010-01-14,0.25,0.25,0.24,0.25,0,0,-1,26779770,6568350.89
ELEC,2010-01-13,0.25,0.25,0.24,0.25,-2.24,0,-1,46893335,11521549.27
ELEC,2010-01-12,0.26,0.26,0.25,0.25,2.29,0,-1,60830110,15276716.22
ELEC,2010-01-11,0.25,0.25,0.23,0.25,3.15,0.01,-1,112221590,27434944.96
ELEC,2010-01-10,0.24,0.24,0.23,0.24,2.42,0.01,-1,41534715,9852639.55
ELEC,2010-01-06,0.24,0.24,0.23,0.23,0,0,-1,55975245,13007954.09
ELEC,2010-01-05,0.23,0.23,0.23,0.23,2.48,0,-1,33787230,7815034.2
ELEC,2010-01-04,0.23,0.23,0.22,0.23,2.54,0.01,-1,39980800,9033149.21
ELEC,2010-01-03,0.22,0.22,0.22,0.22,2.61,0,-1,39312580,8663634.57
ELEC,2009-12-31,0.22,0.22,0.21,0.22,-0.86,0,-1,54930055,11839796.26
ELEC,2009-12-30,0.22,0.22,0.22,0.22,-0.85,0,-1,21234900,4600068.26
ELEC,2009-12-29,0.22,0.22,0.22,0.22,0.86,0,-1,24715260,5399362.17
ELEC,2009-12-28,0.22,0.22,0.21,0.22,-1.69,0,-1,23084150,5016491.33
ELEC,2009-12-27,0.23,0.23,0.22,0.22,-0.84,0,-1,23158875,5123306.44
ELEC,2009-12-24,0.22,0.22,0.22,0.22,0.85,0,-1,18185625,4035033.01
ELEC,2009-12-23,0.22,0.22,0.22,0.22,-0.84,0,-1,13735560,3036094.26
ELEC,2009-12-22,0.23,0.23,0.22,0.22,-0.83,0,-1,24434750,5428007.25
ELEC,2009-12-21,0.23,0.23,0.22,0.22,-1.64,-0.01,-1,21386930,4783185.45
ELEC,2009-12-20,0.23,0.23,0.22,0.23,-0.81,0,-1,24248330,5540822.9
ELEC,2009-12-17,0.23,0.23,0.23,0.23,-2.38,-0.01,-1,34755120,7975405.43
ELEC,2009-12-16,0.24,0.24,0.23,0.24,0,0,-1,27348455,6429876.51
ELEC,2009-12-15,0.24,0.24,0.22,0.24,2.44,0.01,-1,65213435,15341517.68
ELEC,2009-12-14,0.24,0.24,0.23,0.23,1.65,0,-1,24825395,5709153.38
ELEC,2009-12-13,0.23,0.23,0.22,0.23,4.31,0.01,-1,38542820,8733509.22
ELEC,2009-12-10,0.22,0.22,0.22,0.22,0,0,-1,21236215,4614304.86
ELEC,2009-12-09,0.22,0.22,0.21,0.22,-4.13,-0.01,-1,28798455,6270342.89
ELEC,2009-12-08,0.23,0.23,0.22,0.23,-0.82,0,-1,44640280,10113684.04
ELEC,2009-12-07,0.23,0.23,0.23,0.23,-0.81,0,-1,17068020,3896177.71
ELEC,2009-12-06,0.23,0.23,0.23,0.23,-1.6,0,-1,39124645,9009906.37
ELEC,2009-12-03,0.24,0.24,0.23,0.23,0.81,0,-1,18106225,4220619.04
ELEC,2009-12-02,0.23,0.23,0.23,0.23,1.64,0,-1,26435675,6130791.99
ELEC,2009-12-01,0.23,0.23,0.22,0.23,0,0,-1,28349390,6475983.07
ELEC,2009-11-30,0.24,0.24,0.22,0.23,-5.43,-0.01,-1,43306545,9871933.05
ELEC,2009-11-25,0.25,0.25,0.24,0.24,0,0,-1,22635005,5454196.9
ELEC,2009-11-24,0.25,0.25,0.24,0.24,-0.77,0,-1,15202025,3678741.02
ELEC,2009-11-23,0.25,0.25,0.24,0.24,-0.76,-0.01,-1,28559330,6938071.83
ELEC,2009-11-22,0.25,0.25,0.24,0.25,0.77,0.01,-1,10815170,2649436.77
ELEC,2009-11-19,0.25,0.25,0.24,0.24,0.78,0,-1,24683310,6000165.68
ELEC,2009-11-18,0.25,0.25,0.24,0.24,-1.53,-0.01,-1,24294900,5883382.71
ELEC,2009-11-17,0.26,0.26,0.24,0.25,-2.24,0,-1,35470325,8711857.08
ELEC,2009-11-16,0.26,0.26,0.25,0.25,-1.47,-0.01,-1,22022025,5539420.94
ELEC,2009-11-15,0.26,0.26,0.25,0.26,0,0,-1,30567055,7764543.39
ELEC,2009-11-12,0.26,0.26,0.25,0.26,-2.16,0,-1,34939925,8917043.52
ELEC,2009-11-11,0.27,0.27,0.26,0.26,-1.42,0,-1,37362085,9709378.68
ELEC,2009-11-10,0.27,0.27,0.26,0.26,2.92,0,-1,39544345,10396045.78
ELEC,2009-11-09,0.26,0.26,0.25,0.26,0,0,-1,37427235,9574010.04
ELEC,2009-11-08,0.26,0.26,0.25,0.26,5.38,0.02,-1,42317130,10838116.26
ELEC,2009-11-05,0.25,0.25,0.23,0.24,-0.76,-0.01,-1,43661805,10609000.18
ELEC,2009-11-04,0.25,0.25,0.24,0.25,0,0,-1,36247190,8878185.88
ELEC,2009-11-03,0.26,0.26,0.24,0.25,-6.43,-0.01,-1,41149260,10079412.9
ELEC,2009-11-02,0.27,0.27,0.26,0.26,-0.71,0,-1,25335670,6618554.51
ELEC,2009-11-01,0.27,0.27,0.26,0.26,-4.08,-0.01,-1,47700000,12541303.87
ELEC,2009-10-29,0.28,0.28,0.27,0.27,-2.65,-0.01,-1,29252235,8028774.43
ELEC,2009-10-28,0.29,0.29,0.27,0.28,-2.58,-0.01,-1,30817535,8711684.05
ELEC,2009-10-27,0.3,0.3,0.29,0.29,-1.9,-0.01,-1,25300720,7332054.49
ELEC,2009-10-26,0.3,0.3,0.3,0.3,-1.25,0,-1,23380975,6931285.75
ELEC,2009-10-25,0.31,0.31,0.3,0.3,-0.62,0,-1,33439945,10015666.67
ELEC,2009-10-22,0.31,0.31,0.3,0.3,-1.23,-0.01,-1,30626075,9241773.41
ELEC,2009-10-21,0.31,0.31,0.3,0.31,-1.21,0,-1,24258490,7393740.89
ELEC,2009-10-20,0.31,0.31,0.3,0.31,2.48,0.01,-1,105797705,32638189.76
ELEC,2009-10-19,0.3,0.3,0.3,0.3,0.63,0,-1,16829020,5065068.71
ELEC,2009-10-18,0.3,0.3,0.3,0.3,-0.62,0,-1,13801600,4127127.8
ELEC,2009-10-15,0.31,0.31,0.3,0.3,0.63,0,-1,25896275,7792835.65
ELEC,2009-10-14,0.3,0.3,0.3,0.3,1.91,0,-1,26065010,7818386.71
ELEC,2009-10-13,0.3,0.3,0.29,0.3,-1.26,0,-1,31698930,9318101.89
ELEC,2009-10-12,0.3,0.3,0.3,0.3,-0.63,0,-1,18531360,5513852.32
ELEC,2009-10-11,0.3,0.3,0.3,0.3,0.63,0,-1,14902855,4450262.17
ELEC,2009-10-08,0.3,0.3,0.3,0.3,-0.63,0,-1,29314780,8713967.89
ELEC,2009-10-07,0.31,0.31,0.3,0.3,-0.62,0,-1,32141500,9644872.13
ELEC,2009-10-05,0.31,0.31,0.3,0.3,-0.62,0,-1,35716320,10764755.22
ELEC,2009-10-04,0.31,0.31,0.3,0.3,-0.61,-0.01,-1,23718140,7172021.2
ELEC,2009-10-01,0.31,0.31,0.3,0.31,0,0,-1,42208975,12874107.81
ELEC,2009-09-30,0.31,0.31,0.3,0.31,-0.61,0,-1,39885415,12148286.85
ELEC,2009-09-29,0.31,0.31,0.3,0.31,-0.61,0,-1,33132020,10180634.81
ELEC,2009-09-28,0.31,0.31,0.31,0.31,-2.37,-0.01,-1,27577125,8530284.34
ELEC,2009-09-27,0.32,0.32,0.31,0.32,1.81,0.01,-1,106488510,33634182.16
ELEC,2009-09-24,0.32,0.32,0.3,0.31,1.22,0,-1,55142135,17093808.91
ELEC,2009-09-23,0.31,0.31,0.3,0.31,-1.2,0,-1,28447775,8739542.05
ELEC,2009-09-22,0.31,0.31,0.31,0.31,1.22,0,-1,20464910,6337865.51
ELEC,2009-09-17,0.31,0.31,0.3,0.31,1.23,0.01,-1,47744130,14652383.74
ELEC,2009-09-16,0.31,0.31,0.3,0.3,1.25,0,-1,22538185,6827857.81
ELEC,2009-09-15,0.3,0.3,0.3,0.3,0,0,-1,20257215,6066179.31
ELEC,2009-09-14,0.31,0.31,0.3,0.3,-1.23,0,-1,24401635,7327412.03
ELEC,2009-09-13,0.31,0.31,0.3,0.3,1.25,0,-1,26505925,8042220.27
ELEC,2009-09-10,0.31,0.31,0.3,0.3,0,0,-1,26108625,7809371.93
ELEC,2009-09-09,0.3,0.3,0.3,0.3,-0.62,0,-1,16216835,4860961.26
ELEC,2009-09-08,0.31,0.31,0.3,0.3,-0.62,0,-1,20656950,6223844.43
ELEC,2009-09-07,0.31,0.31,0.3,0.3,-1.82,-0.01,-1,21820025,6623262.14
ELEC,2009-09-06,0.31,0.31,0.31,0.31,1.23,0,-1,17481515,5381813.73
ELEC,2009-09-03,0.31,0.31,0.3,0.31,1.24,0.01,-1,19814745,6026197.12
ELEC,2009-09-02,0.31,0.31,0.3,0.3,-1.83,-0.01,-1,20408365,6163784.11
ELEC,2009-09-01,0.31,0.31,0.3,0.31,-1.8,0,-1,19746665,6048543.57
ELEC,2009-08-31,0.32,0.32,0.31,0.31,-0.6,0,-1,38205950,11934124.81
ELEC,2009-08-30,0.32,0.32,0.31,0.31,0.6,0,-1,21195010,6673216.84
ELEC,2009-08-27,0.32,0.32,0.31,0.31,-1.18,-0.01,-1,29069130,9079240.37
ELEC,2009-08-26,0.32,0.32,0.31,0.32,1.2,0.01,-1,55726590,17634117.93
ELEC,2009-08-25,0.32,0.32,0.31,0.31,0,0,-1,45914715,14369106.13
ELEC,2009-08-24,0.31,0.31,0.31,0.31,1.21,0,-1,29973630,9345414.15
ELEC,2009-08-23,0.31,0.31,0.31,0.31,1.85,0.01,-1,35862050,11090736.52
ELEC,2009-08-20,0.31,0.31,0.3,0.3,1.25,0,-1,32895395,9968509.4
ELEC,2009-08-19,0.31,0.31,0.3,0.3,-3.03,-0.01,-1,50903905,15265976.31
ELEC,2009-08-18,0.32,0.32,0.3,0.31,-0.6,0,-1,45620630,14097029.21
ELEC,2009-08-17,0.32,0.32,0.31,0.31,-2.92,-0.01,-1,59861490,18638512.13
ELEC,2009-08-16,0.32,0.32,0.32,0.32,-1.16,0,-1,56914225,18259533.58
ELEC,2009-08-13,0.33,0.33,0.32,0.32,2.98,0.01,-1,54949995,17744253.16
ELEC,2009-08-12,0.32,0.32,0.31,0.31,-2.33,-0.01,-1,71882550,22598909.31
ELEC,2009-08-11,0.33,0.33,0.31,0.32,-1.15,-0.01,-1,61384710,19727302.11
ELEC,2009-08-10,0.33,0.33,0.32,0.33,-3.33,-0.01,-1,93381345,30471112.94
ELEC,2009-08-09,0.35,0.35,0.33,0.34,0.56,0.01,-1,96426205,32443704.37
ELEC,2009-08-06,0.34,0.34,0.33,0.33,1.7,0,-1,68151945,22861338.68
ELEC,2009-08-05,0.34,0.34,0.31,0.33,2.92,0.01,-1,181197465,59806476.7
ELEC,2009-08-04,0.33,0.33,0.31,0.32,-0.58,0,-1,98931555,31595480.45
ELEC,2009-08-03,0.33,0.33,0.31,0.32,3.61,0.01,-1,112894355,36230244.31
ELEC,2009-08-02,0.32,0.32,0.3,0.31,3.11,0.01,-1,88479710,27485146.14
ELEC,2009-07-30,0.31,0.31,0.3,0.3,1.26,0,-1,31240365,9405537.12
ELEC,2009-07-29,0.3,0.3,0.29,0.3,-1.24,0,-1,31829510,9488750.17
ELEC,2009-07-28,0.31,0.31,0.3,0.3,-0.62,0,-1,45546790,13730952.58
ELEC,2009-07-27,0.31,0.31,0.3,0.3,0.62,0,-1,38878090,11791945.45
ELEC,2009-07-26,0.31,0.31,0.29,0.3,5.23,0.01,-1,86534655,26002223.37
ELEC,2009-07-22,0.29,0.29,0.28,0.29,-1.29,0,-1,26671240,7615312.4
ELEC,2009-07-21,0.3,0.3,0.29,0.29,0,0,-1,27881905,8067333.82
ELEC,2009-07-20,0.3,0.3,0.28,0.29,0.65,0,-1,32174430,9308039.89
ELEC,2009-07-19,0.29,0.29,0.29,0.29,0,0,-1,38962655,11251370.04
ELEC,2009-07-16,0.3,0.3,0.28,0.29,0,0,-1,61572665,17725539.62
ELEC,2009-07-15,0.28,0.28,0.27,0.27,1.32,0,-1,49958165,13752699.89
ELEC,2009-07-14,0.27,0.27,0.27,0.27,2.7,0.01,-1,32625340,8825400.76
ELEC,2009-07-13,0.27,0.27,0.26,0.26,-0.67,-0.01,-1,28981010,7631672.73
ELEC,2009-07-12,0.27,0.27,0.26,0.27,-0.67,0,-1,33615270,8934836.87
ELEC,2009-07-09,0.28,0.28,0.26,0.27,-1.32,0,-1,43990630,11774646.73
ELEC,2009-07-08,0.28,0.28,0.27,0.27,-3.8,-0.01,-1,47569850,12845959.58
ELEC,2009-07-07,0.29,0.29,0.28,0.28,1.28,0,-1,29551790,8325844.76
ELEC,2009-07-06,0.29,0.29,0.27,0.28,-3.7,-0.01,-1,37857245,10528791.44
ELEC,2009-07-05,0.3,0.3,0.28,0.29,-1.82,-0.01,-1,37292085,10765747.85
ELEC,2009-07-02,0.3,0.3,0.29,0.3,3.77,0.02,-1,61743520,18111347.18
ELEC,2009-06-30,0.29,0.29,0.27,0.28,1.92,0,-1,64489380,18300252.78
ELEC,2009-06-29,0.28,0.28,0.27,0.28,4,0.01,-1,36621920,10156798.19
ELEC,2009-06-28,0.28,0.28,0.26,0.27,0,0,-1,59090470,15813685.81
ELEC,2009-06-25,0.27,0.27,0.26,0.27,-5.06,-0.01,-1,68972070,18382910.98
ELEC,2009-06-24,0.3,0.3,0.27,0.28,-3.66,-0.01,-1,69733460,19649382.63
ELEC,2009-06-23,0.31,0.31,0.28,0.29,-5.2,-0.02,-1,79911510,23369741.76
ELEC,2009-06-22,0.33,0.33,0.3,0.31,-6.99,-0.02,-1,111539285,34429721.14
ELEC,2009-06-21,0.34,0.34,0.32,0.33,0,0,-1,74188575,24577443.88
ELEC,2009-06-18,0.34,0.34,0.33,0.33,-1.06,0,-1,71799595,23830100.24
ELEC,2009-06-17,0.34,0.34,0.33,0.33,-1.05,-0.01,-1,85560050,28654741.05
ELEC,2009-06-16,0.34,0.34,0.33,0.34,-1.55,0,-1,75101380,25483640.42
ELEC,2009-06-15,0.35,0.35,0.34,0.34,0,0,-1,104969475,36087017
ELEC,2009-06-14,0.35,0.35,0.34,0.34,4.89,0.01,-1,126235235,43528890.61
ELEC,2009-06-11,0.34,0.34,0.31,0.33,2.79,0.01,-1,192104215,63112886.85
ELEC,2009-06-10,0.33,0.33,0.3,0.32,3.47,0.01,-1,99771980,31873203.45
ELEC,2009-06-09,0.32,0.32,0.3,0.31,-1.14,0,-1,79540415,24496910.67
ELEC,2009-06-08,0.32,0.32,0.31,0.31,-1.13,-0.01,-1,80331085,25098993.45
ELEC,2009-06-07,0.32,0.32,0.31,0.32,-1.12,0,-1,105849070,33378662.42
ELEC,2009-06-04,0.33,0.33,0.31,0.32,1.7,0.01,-1,100736825,32171528.53
ELEC,2009-06-03,0.33,0.33,0.29,0.31,7.32,0.02,-1,277307015,86823032.44
ELEC,2009-06-02,0.3,0.3,0.29,0.29,2.5,0.01,-1,105804855,30969894.1
ELEC,2009-06-01,0.29,0.29,0.28,0.28,3.9,0.01,-1,99882110,28509767.47
ELEC,2009-05-31,0.28,0.28,0.27,0.27,4.76,0.01,-1,62143220,17042516.64
ELEC,2009-05-28,0.27,0.27,0.26,0.26,-3.29,-0.01,-1,38922150,10216231.53
ELEC,2009-05-27,0.28,0.28,0.26,0.27,-1.3,0,-1,48036145,12971748.81
ELEC,2009-05-26,0.28,0.28,0.27,0.27,1.32,0,-1,47702000,13085780.73
ELEC,2009-05-25,0.28,0.28,0.27,0.27,1.33,0,-1,49021765,13296036.52
ELEC,2009-05-24,0.28,0.28,0.25,0.27,-0.66,0,-1,58556370,15666917.85
ELEC,2009-05-21,0.29,0.29,0.25,0.27,-7.93,-0.02,-1,112789555,30308288.6
ELEC,2009-05-20,0.3,0.3,0.29,0.29,-2.96,-0.01,-1,57598370,16846727.98
ELEC,2009-05-19,0.31,0.31,0.3,0.3,4.32,0.01,-1,134796545,40662525.58
ELEC,2009-05-18,0.3,0.3,0.28,0.29,2.53,0.01,-1,85284350,24564451.51
ELEC,2009-05-17,0.29,0.29,0.27,0.28,-0.63,0,-1,53635230,15078315.55
ELEC,2009-05-14,0.3,0.3,0.27,0.28,-3.64,-0.02,-1,118252235,33562200.54
ELEC,2009-05-13,0.31,0.31,0.28,0.3,-0.6,0,-1,99902400,29294626.08
ELEC,2009-05-12,0.31,0.31,0.27,0.3,6.41,0.02,-1,206516045,61030971.2
ELEC,2009-05-11,0.28,0.28,0.27,0.28,-1.89,0,-1,86287185,24058511.15
ELEC,2009-05-10,0.29,0.29,0.28,0.28,3.25,0.01,-1,116188435,32856860.8
ELEC,2009-05-07,0.28,0.28,0.27,0.27,1.32,0,-1,98185870,27021786.51
ELEC,2009-05-06,0.27,0.27,0.26,0.27,1.33,0,-1,75548150,20441776.44
ELEC,2009-05-05,0.27,0.27,0.26,0.27,4.17,0.01,-1,97616265,26175125.55
ELEC,2009-05-04,0.27,0.27,0.25,0.26,2.13,0.01,-1,99694730,25624825.33
ELEC,2009-05-03,0.26,0.26,0.25,0.25,-2.08,-0.01,-1,53906495,13578178.86
ELEC,2009-04-30,0.26,0.26,0.25,0.26,-0.69,0,-1,77366925,19848261.53
ELEC,2009-04-29,0.26,0.26,0.25,0.26,2.84,0.01,-1,50566655,13086871.77
ELEC,2009-04-28,0.26,0.26,0.25,0.25,-3.42,-0.01,-1,61430325,15407266.3
ELEC,2009-04-27,0.27,0.27,0.25,0.26,-3.31,-0.01,-1,98471150,25611113.37
ELEC,2009-04-23,0.27,0.27,0.24,0.25,4.44,0.01,-1,150162525,37625502.37
ELEC,2009-04-22,0.24,0.24,0.24,0.24,1.5,0,-1,50943610,12231277.77
ELEC,2009-04-21,0.24,0.24,0.23,0.24,-0.75,0,-1,35722950,8493160.14
ELEC,2009-04-16,0.24,0.24,0.23,0.24,1.52,0,-1,50408920,12023112.91
ELEC,2009-04-15,0.24,0.24,0.23,0.24,-0.75,0,-1,48971880,11499501.08
ELEC,2009-04-14,0.24,0.24,0.23,0.24,-1.48,0,-1,37904770,9017474.69
ELEC,2009-04-13,0.25,0.25,0.24,0.24,-2.17,-0.01,-1,58896575,14208041.15
ELEC,2009-04-12,0.25,0.25,0.24,0.25,6.15,0.02,-1,97451855,23975130.78
ELEC,2009-04-09,0.24,0.24,0.22,0.23,3.17,0.01,-1,76835360,17827315.04
ELEC,2009-04-08,0.23,0.23,0.22,0.22,-3.82,-0.01,-1,63586515,14317666.84
ELEC,2009-04-07,0.24,0.24,0.22,0.23,-2.96,-0.01,-1,76730030,17892485.26
ELEC,2009-04-06,0.26,0.26,0.23,0.24,0.75,0,-1,127315480,30628765.51
ELEC,2009-04-05,0.25,0.25,0.23,0.24,8.06,0.02,-1,113255895,27111727.62
ELEC,2009-04-02,0.23,0.23,0.21,0.22,6.9,0.01,-1,118034505,26041085.18
ELEC,2009-04-01,0.21,0.21,0.2,0.21,0,0,-1,45247065,9340190.54
ELEC,2009-03-31,0.21,0.21,0.2,0.21,-1.69,0,-1,31865615,6595384.78
ELEC,2009-03-30,0.22,0.22,0.2,0.21,-1.67,0,-1,109502235,22973909.86
ELEC,2009-03-29,0.22,0.22,0.2,0.21,1.69,0,-1,80199530,17187102.58
ELEC,2009-03-26,0.21,0.21,0.2,0.21,5.36,0.01,-1,81044560,16979648.68
ELEC,2009-03-25,0.21,0.21,0.19,0.2,2.75,0.01,-1,110468975,21969162.27
ELEC,2009-03-24,0.2,0.2,0.19,0.19,1.87,0,-1,89909950,17463502.41
ELEC,2009-03-23,0.19,0.19,0.19,0.19,1.9,0,-1,75818045,14485709.92
ELEC,2009-03-22,0.19,0.19,0.18,0.19,-0.94,0,-1,34280365,6399081.9
ELEC,2009-03-19,0.19,0.19,0.18,0.19,0.95,0,-1,50769715,9550770.59
ELEC,2009-03-18,0.19,0.19,0.18,0.19,1.94,0.01,-1,78715795,14747291.27
ELEC,2009-03-17,0.19,0.19,0.18,0.18,0.98,0,-1,42546150,7826564.38
ELEC,2009-03-16,0.19,0.19,0.18,0.18,-1.92,-0.01,-1,59800455,10892779.07
ELEC,2009-03-15,0.19,0.19,0.18,0.19,2.97,0.01,-1,54806520,10113119.44
ELEC,2009-03-12,0.19,0.19,0.17,0.18,3.06,0,-1,84347360,15150483.76
ELEC,2009-03-11,0.18,0.18,0.17,0.18,2.08,0.01,-1,53310180,9351453.93
ELEC,2009-03-10,0.17,0.17,0.17,0.17,0,0,-1,12559590,2145155.18
ELEC,2009-03-08,0.18,0.18,0.17,0.17,0,0,-1,15295590,2608652.64
ELEC,2009-03-05,0.18,0.18,0.17,0.17,-2.04,-0.01,-1,25379195,4333741.44
ELEC,2009-03-04,0.18,0.18,0.17,0.18,3.16,0.01,-1,49442000,8674988.49
ELEC,2009-03-03,0.18,0.18,0.16,0.17,1.06,0,-1,39173100,6609788
ELEC,2009-03-02,0.17,0.17,0.17,0.17,-2.08,0,-1,19295210,3237908.47
ELEC,2009-03-01,0.18,0.18,0.17,0.17,1.05,0,-1,18463500,3159699.78
ELEC,2009-02-26,0.17,0.17,0.17,0.17,0,0,-1,20054875,3406925.07
ELEC,2009-02-25,0.17,0.17,0.17,0.17,1.06,0,-1,15454490,2621903.02
ELEC,2009-02-24,0.17,0.17,0.17,0.17,-4.08,-0.01,-1,27513515,4601735.76
ELEC,2009-02-23,0.18,0.18,0.17,0.18,2.08,0.01,-1,34241665,5968051.78
ELEC,2009-02-22,0.18,0.18,0.17,0.17,-1.03,0,-1,31213925,5332132.64
ELEC,2009-02-19,0.18,0.18,0.17,0.17,5.43,0,-1,40183715,6944922.18
ELEC,2009-02-18,0.17,0.17,0.16,0.17,-3.16,0,-1,20202710,3317373.88
ELEC,2009-02-17,0.18,0.18,0.17,0.17,-5.94,-0.01,-1,33724675,5738041.48
ELEC,2009-02-16,0.19,0.19,0.18,0.18,3.06,0,-1,28966635,5200000.51
ELEC,2009-02-15,0.18,0.18,0.16,0.18,7.69,0.02,-1,68088655,11836586.53
ELEC,2009-02-12,0.17,0.17,0.16,0.16,0,0,-1,19995105,3258125.39
ELEC,2009-02-11,0.17,0.17,0.16,0.16,-1.09,-0.01,-1,21583220,3508557.13
ELEC,2009-02-10,0.17,0.17,0.16,0.17,2.22,0.01,-1,18181805,2982687.21
ELEC,2009-02-09,0.17,0.17,0.15,0.16,-4.26,-0.01,-1,24512335,3930695.93
ELEC,2009-02-08,0.17,0.17,0.16,0.17,3.3,0.01,-1,15479670,2586170.45
ELEC,2009-02-05,0.18,0.18,0.15,0.16,-8.08,-0.02,-1,59007055,9569179.35
ELEC,2009-02-04,0.19,0.19,0.17,0.18,-1,0,-1,36181870,6405999.27
ELEC,2009-02-03,0.19,0.19,0.17,0.18,0,0,-1,27058275,4829637.18
ELEC,2009-02-02,0.19,0.19,0.17,0.18,-2.91,0,-1,44433100,7890628.88
ELEC,2009-02-01,0.19,0.19,0.18,0.18,-3.74,-0.01,-1,20198905,3711728.23
ELEC,2009-01-29,0.2,0.2,0.19,0.19,-0.93,0,-1,26013470,4964248.7
ELEC,2009-01-28,0.2,0.2,0.19,0.19,-1.82,-0.01,-1,19705660,3795844.15
ELEC,2009-01-27,0.2,0.2,0.19,0.2,5.77,0.01,-1,25311285,4954035.96
ELEC,2009-01-26,0.19,0.19,0.18,0.19,-1.89,0,-1,37349200,6896133.42
ELEC,2009-01-25,0.2,0.2,0.18,0.19,-4.5,-0.01,-1,30067975,5656938.15
ELEC,2009-01-22,0.21,0.21,0.19,0.2,-0.89,0,-1,40299695,7963288.48
ELEC,2009-01-21,0.21,0.21,0.19,0.2,-5.08,-0.01,-1,28552400,5691575.65
ELEC,2009-01-20,0.22,0.22,0.21,0.21,-4.07,-0.01,-1,36286475,7653835.47
ELEC,2009-01-19,0.23,0.23,0.22,0.22,-0.81,0,-1,23376890,5144599.73
ELEC,2009-01-18,0.22,0.22,0.22,0.22,0.81,0,-1,28041300,6192032.2
ELEC,2009-01-15,0.22,0.22,0.22,0.22,-2.38,0,-1,26670605,5865792.06
ELEC,2009-01-14,0.23,0.23,0.22,0.22,-1.56,-0.01,-1,26539435,5959296.27
ELEC,2009-01-13,0.24,0.24,0.22,0.23,-3.76,-0.01,-1,43233255,9888489.66
ELEC,2009-01-12,0.24,0.24,0.23,0.24,0,0,-1,39609800,9409119.79
ELEC,2009-01-11,0.24,0.24,0.23,0.24,2.31,0.01,-1,40923300,9717085.73
ELEC,2009-01-08,0.24,0.24,0.23,0.23,-0.76,0,-1,33169680,7694783.36
ELEC,2009-01-06,0.24,0.24,0.23,0.23,-2.96,-0.01,-1,55130980,12894946.9
ELEC,2009-01-05,0.25,0.25,0.23,0.24,3.05,0.01,-1,45631725,10957742.41
ELEC,2009-01-04,0.24,0.24,0.22,0.23,6.5,0.01,-1,114465025,26698519.66
ELEC,2008-12-31,0.22,0.22,0.22,0.22,-0.81,0,-1,31140715,6849326.23
ELEC,2008-12-30,0.22,0.22,0.22,0.22,0.81,0,-1,21168935,4680872.16
ELEC,2008-12-28,0.22,0.22,0.22,0.22,-0.81,0,-1,19017060,4177943.17
ELEC,2008-12-25,0.23,0.23,0.22,0.22,-1.59,0,-1,28560575,6336416.34
ELEC,2008-12-24,0.23,0.23,0.22,0.22,0,0,-1,18964990,4255029.04
ELEC,2008-12-23,0.23,0.23,0.22,0.22,3.28,0,-1,58173245,13032613.76
ELEC,2008-12-22,0.22,0.22,0.21,0.22,0.83,0,-1,11429120,2487519.54
ELEC,2008-12-21,0.22,0.22,0.21,0.22,-1.63,0,-1,14460530,3129799.89
ELEC,2008-12-18,0.22,0.22,0.22,0.22,-0.81,0,-1,10768330,2355360.27
ELEC,2008-12-17,0.22,0.22,0.22,0.22,0,0,-1,20233195,4473299.97
ELEC,2008-12-16,0.23,0.23,0.22,0.22,0,0,-1,29380715,6512650.58
ELEC,2008-12-15,0.22,0.22,0.22,0.22,-0.8,0,-1,15854960,3505344.8
ELEC,2008-12-14,0.23,0.23,0.22,0.22,-0.79,0,-1,18050970,4011011.95
ELEC,2008-12-11,0.23,0.23,0.22,0.22,0.8,0,-1,23306860,5242653.31
ELEC,2008-12-10,0.23,0.23,0.22,0.22,1.63,0,-1,16784010,3747221.74
ELEC,2008-12-04,0.22,0.22,0.21,0.22,0.82,0,-1,27526900,6046122.81
ELEC,2008-12-03,0.23,0.23,0.21,0.22,1.67,0.01,-1,23416280,5079589.41
ELEC,2008-12-02,0.22,0.22,0.2,0.21,-1.64,-0.01,-1,26722975,5700589.28
ELEC,2008-12-01,0.23,0.23,0.21,0.22,-6.15,-0.01,-1,26163115,5694748.51
ELEC,2008-11-30,0.24,0.24,0.22,0.23,1.56,0,-1,36159095,8351601.28
ELEC,2008-11-27,0.23,0.23,0.22,0.23,3.23,0.01,-1,30927880,7047050.2
ELEC,2008-11-26,0.23,0.23,0.21,0.22,4.2,0.01,-1,52428325,11567120.02
ELEC,2008-11-25,0.22,0.22,0.2,0.21,4.39,0.01,-1,33115665,7034756.67
ELEC,2008-11-24,0.22,0.22,0.19,0.2,-5.79,-0.02,-1,34935865,7116625.81
ELEC,2008-11-23,0.22,0.22,0.21,0.22,1.68,0.01,-1,22184320,4771658.32
ELEC,2008-11-20,0.22,0.22,0.21,0.21,-3.25,-0.01,-1,41612015,8822087.47
ELEC,2008-11-19,0.23,0.23,0.21,0.22,-0.81,0,-1,34456560,7555728.02
ELEC,2008-11-18,0.24,0.24,0.21,0.22,-7.46,-0.02,-1,56968510,12580393
ELEC,2008-11-17,0.25,0.25,0.23,0.24,-3.6,-0.01,-1,51468480,12316828.9
ELEC,2008-11-16,0.26,0.26,0.24,0.25,2.21,0.01,-1,42186825,10425221.83
ELEC,2008-11-13,0.26,0.26,0.23,0.24,-2.86,-0.01,-1,56497415,13663511.55
ELEC,2008-11-12,0.26,0.26,0.24,0.25,-6.67,-0.02,-1,89632125,22341883.84
ELEC,2008-11-11,0.28,0.28,0.26,0.27,2.74,0.01,-1,107552540,28821639.01
ELEC,2008-11-10,0.28,0.28,0.24,0.26,5.8,0.01,-1,108485090,28279887.68
ELEC,2008-11-09,0.26,0.26,0.24,0.25,6.15,0.02,-1,75254420,18461433.16
ELEC,2008-11-06,0.25,0.25,0.21,0.23,0.78,0,-1,86193035,19998487.73
ELEC,2008-11-05,0.25,0.25,0.22,0.23,0,0,-1,61499840,14124853.58
ELEC,2008-11-04,0.25,0.25,0.21,0.23,4.03,0.01,-1,98408500,22627257.18
ELEC,2008-11-03,0.23,0.23,0.2,0.22,7.83,0.01,-1,60873745,13404072.45
ELEC,2008-11-02,0.21,0.21,0.2,0.21,9.52,0.02,-1,55586730,11391898.13
ELEC,2008-10-30,0.2,0.2,0.18,0.19,-0.94,0,-1,37616430,7065692.3
ELEC,2008-10-29,0.2,0.2,0.18,0.19,1.92,0,-1,45359695,8595702.15
ELEC,2008-10-28,0.19,0.19,0.18,0.19,6.12,0.01,-1,47266650,8765897.76
ELEC,2008-10-27,0.18,0.18,0.16,0.18,0,0,-1,39046860,6840749.84
ELEC,2008-10-26,0.19,0.19,0.17,0.18,-8.41,-0.01,-1,49307525,8596120.06
ELEC,2008-10-23,0.2,0.2,0.18,0.19,-6.96,-0.02,-1,38155815,7305687.29
ELEC,2008-10-22,0.23,0.23,0.19,0.21,-9.45,-0.02,-1,41733360,8576411.21
ELEC,2008-10-21,0.24,0.24,0.22,0.23,-2.31,0,-1,27583015,6257651.71
ELEC,2008-10-20,0.24,0.24,0.23,0.23,-0.76,0,-1,13879660,3219390.52
ELEC,2008-10-19,0.24,0.24,0.23,0.23,0,0,-1,20997655,4905916.83
ELEC,2008-10-16,0.24,0.24,0.23,0.23,-2.96,-0.01,-1,25522165,5973056.65
ELEC,2008-10-15,0.25,0.25,0.24,0.24,-2.17,-0.01,-1,25327620,6092355.7
ELEC,2008-10-14,0.25,0.25,0.24,0.25,2.99,0.01,-1,44023900,10835499.1
ELEC,2008-10-13,0.25,0.25,0.23,0.24,2.29,0.01,-1,22852975,5442377.37
ELEC,2008-10-12,0.24,0.24,0.22,0.23,-5.07,-0.02,-1,34338205,8030005.04
ELEC,2008-10-09,0.26,0.26,0.24,0.25,2.22,0.01,-1,36887235,9055413.85
ELEC,2008-10-08,0.25,0.25,0.23,0.24,-3.57,-0.01,-1,50822125,12229091.75
ELEC,2008-10-07,0.28,0.28,0.22,0.25,-13.04,-0.04,-1,43532690,10890245.47
ELEC,2008-09-29,0.3,0.3,0.28,0.29,1.26,0.01,-1,37154660,10690160.59
ELEC,2008-09-28,0.29,0.29,0.28,0.28,3.25,0.01,-1,14640745,4149701.48
ELEC,2008-09-25,0.29,0.29,0.26,0.27,-1.91,-0.01,-1,38549095,10556963.68
ELEC,2008-09-24,0.29,0.29,0.27,0.28,-1.88,0,-1,27004990,7556333.09
ELEC,2008-09-23,0.29,0.29,0.28,0.28,-3.61,-0.02,-1,19515705,5570381.3
ELEC,2008-09-22,0.3,0.3,0.29,0.3,-1.78,0,-1,19185770,5661963.72
ELEC,2008-09-21,0.31,0.31,0.29,0.3,4.97,0.01,-1,26244465,7898544.04
ELEC,2008-09-18,0.31,0.31,0.27,0.29,-7.47,-0.02,-1,50794160,14590100.06
ELEC,2008-09-17,0.32,0.32,0.31,0.31,2.96,0.01,-1,26138460,8082555.95
ELEC,2008-09-16,0.32,0.32,0.29,0.3,-6.63,-0.02,-1,55042245,16550700.84
ELEC,2008-09-15,0.33,0.33,0.32,0.32,-5.24,-0.02,-1,48892455,15741330.97
ELEC,2008-09-14,0.35,0.35,0.33,0.34,-1.04,0,-1,57441970,19584623.99
ELEC,2008-09-11,0.35,0.35,0.34,0.34,-0.52,-0.01,-1,47721970,16448677.92
ELEC,2008-09-10,0.36,0.36,0.32,0.35,5.43,0.02,-1,94578560,32678152.12
ELEC,2008-09-09,0.33,0.33,0.31,0.33,3.37,0.01,-1,75108465,24594055.24
ELEC,2008-09-08,0.32,0.32,0.31,0.32,2.3,0.01,-1,37568200,11931951.49
ELEC,2008-09-07,0.32,0.32,0.31,0.31,-0.57,0,-1,25256775,7831330.01
ELEC,2008-09-04,0.32,0.32,0.31,0.31,-0.57,0,-1,20071605,6261118.47
ELEC,2008-09-03,0.32,0.32,0.31,0.31,1.73,0,-1,20833525,6543421.19
ELEC,2008-09-02,0.31,0.31,0.3,0.31,-2.26,-0.01,-1,29547145,9102079.19
ELEC,2008-09-01,0.33,0.33,0.31,0.32,-1.12,0,-1,45982300,14501760.8
ELEC,2008-08-31,0.33,0.33,0.31,0.32,3.47,0.01,-1,69182900,22060386.82
ELEC,2008-08-28,0.32,0.32,0.3,0.31,3.59,0.01,-1,64622790,19872619.55
ELEC,2008-08-27,0.3,0.3,0.29,0.3,2.45,0.01,-1,40609595,12070288.63
ELEC,2008-08-26,0.3,0.3,0.28,0.29,-0.61,0,-1,36345245,10579292.36
ELEC,2008-08-25,0.3,0.3,0.29,0.29,-2.38,-0.01,-1,22692295,6649258.66
ELEC,2008-08-24,0.31,0.31,0.3,0.3,0,0,-1,19053355,5702347.74
ELEC,2008-08-21,0.31,0.31,0.29,0.3,2.44,0.01,-1,26791160,8018436.41
ELEC,2008-08-20,0.31,0.31,0.28,0.29,-4.65,-0.02,-1,47335240,13866507.97
ELEC,2008-08-19,0.32,0.32,0.3,0.31,-3.37,-0.01,-1,54935725,16793347.53
ELEC,2008-08-18,0.32,0.32,0.31,0.32,0.56,0,-1,37053330,11764752.41
ELEC,2008-08-17,0.33,0.33,0.3,0.32,3.51,0.01,-1,59101150,18640950.27
ELEC,2008-08-14,0.31,0.31,0.3,0.31,4.91,0.02,-1,54868235,16709148.67
ELEC,2008-08-13,0.31,0.31,0.28,0.29,-4.12,-0.01,-1,54731655,15890833.05
ELEC,2008-08-12,0.31,0.31,0.29,0.3,-5.03,-0.02,-1,43740600,13257611.98
ELEC,2008-08-11,0.34,0.34,0.31,0.32,-6.28,-0.02,-1,44873775,14338461.91
ELEC,2008-08-10,0.35,0.35,0.33,0.34,-3.54,-0.01,-1,39986310,13634992.31
ELEC,2008-08-07,0.36,0.36,0.35,0.35,-0.5,0,-1,31187445,10984208.86
ELEC,2008-08-06,0.36,0.36,0.35,0.35,0.51,0,-1,26778915,9494758.58
ELEC,2008-08-05,0.36,0.36,0.35,0.35,-0.5,0,-1,30738855,10858942.68
ELEC,2008-08-04,0.37,0.37,0.35,0.35,-4.33,-0.02,-1,51437535,18284578.08
ELEC,2008-08-03,0.38,0.38,0.37,0.37,-0.48,0,-1,27269975,10105336.44
ELEC,2008-07-31,0.38,0.38,0.37,0.37,0,0,-1,42561860,15882866.03
ELEC,2008-07-30,0.38,0.38,0.36,0.37,-2.34,-0.01,-1,50271870,18695777.92
ELEC,2008-07-29,0.4,0.4,0.37,0.38,-4.04,-0.02,-1,42259440,16088921.31
ELEC,2008-07-28,0.4,0.4,0.39,0.4,1.83,0.01,-1,76579860,30389921.73
ELEC,2008-07-27,0.4,0.4,0.38,0.39,1.39,0,-1,53329490,20775932.05
ELEC,2008-07-24,0.39,0.39,0.38,0.39,3.35,0.02,-1,38194805,14682423.5
ELEC,2008-07-22,0.39,0.39,0.36,0.37,-2.34,-0.01,-1,44750820,16689098.28
ELEC,2008-07-21,0.4,0.4,0.37,0.38,-3.6,-0.01,-1,48730530,18605351.48
ELEC,2008-07-20,0.41,0.41,0.39,0.39,3.74,0.01,-1,44154145,17477253.82
ELEC,2008-07-17,0.4,0.4,0.37,0.38,-3.6,-0.01,-1,90208170,34351058.71
ELEC,2008-07-16,0.42,0.42,0.38,0.39,-2.63,-0.02,-1,98493145,39007619.57
ELEC,2008-07-15,0.42,0.42,0.39,0.41,6.05,0.03,-1,139491020,56760818.57
ELEC,2008-07-14,0.39,0.39,0.37,0.38,3.86,0.01,-1,76095000,29173449.23
ELEC,2008-07-13,0.38,0.38,0.36,0.37,1.47,0.01,-1,72363730,26756086.52
ELEC,2008-07-10,0.38,0.38,0.35,0.36,-4.67,-0.02,-1,60628770,22071667.19
ELEC,2008-07-09,0.4,0.4,0.37,0.38,5.42,0.02,-1,66322940,25341235.96
ELEC,2008-07-08,0.39,0.39,0.34,0.36,3.05,0.01,-1,105381650,38216020.08
ELEC,2008-07-07,0.37,0.37,0.34,0.35,-2.48,-0.01,-1,48533790,17036179.78
ELEC,2008-07-06,0.38,0.38,0.35,0.36,-5.61,-0.02,-1,37083735,13347817.5
ELEC,2008-07-03,0.4,0.4,0.37,0.38,-4.46,-0.02,-1,51774450,19716512.06
ELEC,2008-07-02,0.41,0.41,0.39,0.4,1.82,0.01,-1,37752285,15101945.65
ELEC,2008-06-30,0.41,0.41,0.39,0.39,-4.35,-0.02,-1,57459725,22535919.12
ELEC,2008-06-29,0.42,0.42,0.4,0.41,1.32,0.01,-1,55383405,22678994.93
ELEC,2008-06-26,0.41,0.41,0.39,0.4,-4.22,-0.02,-1,52076905,21041739.03
ELEC,2008-06-25,0.45,0.45,0.4,0.42,-5.58,-0.03,-1,82815930,34932628.13
ELEC,2008-06-24,0.46,0.46,0.44,0.45,-1.57,0,-1,33867540,15145169.85
ELEC,2008-06-23,0.47,0.47,0.44,0.45,-1.16,-0.01,-1,60082195,27280768.56
ELEC,2008-06-22,0.47,0.47,0.45,0.46,0.39,0,-1,31536600,14485499.05
ELEC,2008-06-19,0.48,0.48,0.45,0.46,-4.1,-0.02,-1,54202695,24862044.62
ELEC,2008-06-18,0.5,0.5,0.47,0.48,-2.19,-0.01,-1,38934270,18565931.71
ELEC,2008-06-17,0.5,0.5,0.48,0.49,-3.52,-0.02,-1,36691030,17903776.11
ELEC,2008-06-16,0.52,0.52,0.49,0.51,1.07,0.01,-1,49035050,24846573.35
ELEC,2008-06-15,0.52,0.52,0.48,0.5,3.31,0.02,-1,90120435,45173240.91
ELEC,2008-06-12,0.49,0.49,0.48,0.48,-1.09,-0.01,-1,43517985,21081927.4
ELEC,2008-06-11,0.5,0.5,0.48,0.49,-2.48,-0.01,-1,47864375,23468923.81
ELEC,2008-06-10,0.52,0.52,0.49,0.5,-2.08,-0.01,-1,40131095,20146699.04
ELEC,2008-06-09,0.53,0.53,0.51,0.51,-1.03,-0.01,-1,31091400,15965953.3
ELEC,2008-06-08,0.53,0.53,0.5,0.52,1.75,0.01,-1,68173875,35299024
ELEC,2008-06-05,0.52,0.52,0.51,0.51,-1.72,-0.01,-1,48704955,24798521.65
ELEC,2008-06-04,0.53,0.53,0.51,0.52,0.69,0,-1,45632430,23645984.56
ELEC,2008-06-03,0.52,0.52,0.5,0.52,-2.36,-0.01,-1,62151420,31996616.13
ELEC,2008-06-02,0.54,0.54,0.52,0.53,-1.99,-0.01,-1,65194015,34393700.64
ELEC,2008-06-01,0.55,0.55,0.53,0.54,1.34,0.01,-1,87069450,46852295.86
ELEC,2008-05-29,0.54,0.54,0.53,0.53,-1.32,-0.01,-1,71000210,37691669.52
ELEC,2008-05-28,0.55,0.55,0.53,0.54,-1.95,-0.01,-1,58839555,31702061.42
ELEC,2008-05-27,0.56,0.56,0.54,0.55,0,0,-1,63018010,34580657.33
ELEC,2008-05-26,0.56,0.56,0.54,0.55,-2.22,-0.01,-1,57794420,31730324.63
ELEC,2008-05-25,0.57,0.57,0.55,0.56,2.61,0.01,-1,66558120,37346478.64
ELEC,2008-05-22,0.56,0.56,0.53,0.55,-0.65,0,-1,122206105,66773085.33
ELEC,2008-05-21,0.57,0.57,0.54,0.55,-1.28,-0.01,-1,77361825,42541749.78
ELEC,2008-05-20,0.57,0.57,0.55,0.56,2.62,0.02,-1,89696935,50105324.46
ELEC,2008-05-19,0.56,0.56,0.53,0.54,-0.33,0,-1,97613945,53090896.9
ELEC,2008-05-18,0.56,0.56,0.53,0.54,6.99,0.03,-1,135977305,74164073.57
ELEC,2008-05-15,0.55,0.55,0.46,0.51,-5.92,-0.03,-1,165191535,84326012.91
ELEC,2008-05-14,0.57,0.57,0.52,0.54,-0.65,0,-1,125160785,67771976.2
ELEC,2008-05-13,0.58,0.58,0.51,0.54,-6.99,-0.05,-1,151933840,82917289.89
ELEC,2008-05-12,0.62,0.62,0.54,0.59,-4.36,-0.02,-1,141350065,82770081.24
ELEC,2008-05-11,0.63,0.63,0.6,0.61,-1.99,-0.02,-1,97913835,59975435.36
ELEC,2008-05-08,0.64,0.64,0.62,0.63,-3.04,-0.02,-1,120718405,75464473.8
ELEC,2008-05-07,0.66,0.66,0.64,0.65,-0.28,0,-1,146281595,94452952.82
ELEC,2008-05-06,0.66,0.66,0.63,0.65,2.83,0.02,-1,194722420,125831607.1
ELEC,2008-05-05,0.65,0.65,0.61,0.63,0.86,0.01,-1,159119800,100175977.7
ELEC,2008-05-04,0.64,0.64,0.61,0.62,4.48,0.02,-1,114096260,71181868.35
ELEC,2008-04-30,0.61,0.61,0.57,0.6,3.72,0.02,-1,150308100,89730124.43
ELEC,2008-04-29,0.59,0.59,0.57,0.58,0.31,0.01,-1,52991165,30461039.7
ELEC,2008-04-24,0.58,0.58,0.57,0.57,-0.31,-0.01,-1,85083350,48865228.82
ELEC,2008-04-23,0.59,0.59,0.57,0.58,-1.22,0,-1,97817945,56315208.64
ELEC,2008-04-22,0.6,0.6,0.57,0.58,-0.61,-0.01,-1,90730630,52840723.04
ELEC,2008-04-21,0.6,0.6,0.56,0.59,-4.36,-0.02,-1,187090835,109587247.5
ELEC,2008-04-20,0.64,0.64,0.59,0.61,-2.82,-0.02,-1,162974400,99947440.03
ELEC,2008-04-17,0.65,0.65,0.62,0.63,0.28,0,-1,170953880,107763777.8
ELEC,2008-04-16,0.64,0.64,0.61,0.63,3.82,0.02,-1,206031445,129532956.5
ELEC,2008-04-15,0.62,0.62,0.58,0.61,2.72,0.02,-1,192494225,116610588.5
ELEC,2008-04-14,0.6,0.6,0.57,0.59,-0.6,0,-1,145235540,85682745.16
ELEC,2008-04-13,0.61,0.61,0.56,0.59,5.38,0.03,-1,198393695,117775058.6
ELEC,2008-04-10,0.58,0.58,0.55,0.56,0,0,-1,126723035,71304157.04
ELEC,2008-04-09,0.58,0.58,0.55,0.56,-2.47,-0.02,-1,190055400,107138269.2
ELEC,2008-04-08,0.59,0.59,0.57,0.58,5.19,0.03,-1,244305125,141162644.8
ELEC,2008-04-07,0.57,0.57,0.53,0.55,2.67,0.02,-1,262907820,144074812.7
ELEC,2008-04-06,0.55,0.55,0.52,0.53,6.01,0.02,-1,164886725,88249338.19
ELEC,2008-04-03,0.53,0.53,0.48,0.51,1.8,0.01,-1,243281645,122858212.3
ELEC,2008-04-02,0.51,0.51,0.48,0.5,-2.8,-0.01,-1,212031065,104973430.9
ELEC,2008-04-01,0.52,0.52,0.5,0.51,7.92,0.04,-1,209573250,106670902.4
ELEC,2008-03-31,0.51,0.51,0.43,0.47,4.33,0.02,-1,351958580,165926590.1
ELEC,2008-03-30,0.47,0.47,0.44,0.45,5.39,0.02,-1,149564315,67588412.05
ELEC,2008-03-27,0.46,0.46,0.39,0.43,11.06,0.04,-1,318278170,136913875
ELEC,2008-03-26,0.39,0.39,0.38,0.39,2.84,0.01,-1,89916730,34776301.07
ELEC,2008-03-25,0.38,0.38,0.37,0.38,0,0,-1,61753245,23241825.45
ELEC,2008-03-24,0.39,0.39,0.37,0.38,-2.31,-0.01,-1,66398385,24939656.7
ELEC,2008-03-23,0.39,0.39,0.38,0.39,-1.37,0,-1,62687325,24121119.91
ELEC,2008-03-19,0.41,0.41,0.38,0.39,1.86,0.01,-1,90792375,35467577.41
ELEC,2008-03-18,0.39,0.39,0.37,0.38,-2.27,-0.01,-1,99614290,38101702.79
ELEC,2008-03-17,0.41,0.41,0.37,0.39,-3.51,-0.02,-1,148686950,58385123.88
ELEC,2008-03-16,0.42,0.42,0.38,0.41,6.05,0.03,-1,122520375,49745334.99
ELEC,2008-03-13,0.43,0.43,0.32,0.38,-11.16,-0.05,-1,291315250,111620623.9
ELEC,2008-03-12,0.44,0.44,0.42,0.43,-1.22,-0.01,-1,47340010,20440210.1
ELEC,2008-03-11,0.46,0.46,0.42,0.44,-3.54,-0.01,-1,56477200,24653891.71
ELEC,2008-03-10,0.47,0.47,0.45,0.45,-1.17,-0.01,-1,54500305,24697458.66
ELEC,2008-03-09,0.47,0.47,0.45,0.46,0.39,0,-1,50047935,22900659.37
ELEC,2008-03-06,0.48,0.48,0.45,0.46,-0.78,0,-1,73396030,33536547.3
ELEC,2008-03-05,0.48,0.48,0.43,0.46,6.17,0.03,-1,151836605,69799023.61
ELEC,2008-03-04,0.45,0.45,0.42,0.43,1.25,0,-1,77990245,33704191.81
ELEC,2008-03-03,0.45,0.45,0.42,0.43,-2.44,-0.01,-1,53826615,23023891.24
ELEC,2008-03-02,0.46,0.46,0.4,0.44,4.24,0.02,-1,99675655,43742242.29
ELEC,2008-02-28,0.43,0.43,0.4,0.42,0.85,0,-1,76536905,32182911.63
ELEC,2008-02-27,0.44,0.44,0.4,0.42,-6.4,-0.03,-1,101153945,42257948.74
ELEC,2008-02-26,0.48,0.48,0.41,0.45,7.76,0.04,-1,161791650,72101850.94
ELEC,2008-02-25,0.48,0.48,0.37,0.41,9.43,0.03,-1,241643430,100023640.4
ELEC,2008-02-24,0.39,0.39,0.37,0.38,4.95,0.02,-1,153990710,58176074.47
ELEC,2008-02-21,0.37,0.37,0.35,0.36,4.12,0.01,-1,82016465,29508247.5
ELEC,2008-02-20,0.38,0.38,0.32,0.35,7.78,0.03,-1,206864345,71661174.63
ELEC,2008-02-19,0.32,0.32,0.31,0.32,0.56,0,-1,58980405,18960294.76
ELEC,2008-02-18,0.33,0.33,0.31,0.32,2.87,0.01,-1,44145805,14063173.92
ELEC,2008-02-17,0.32,0.32,0.3,0.31,2.35,0.01,-1,69182000,21468233.3
ELEC,2008-02-14,0.31,0.31,0.3,0.3,-1.16,-0.01,-1,25672140,7789197.94
ELEC,2008-02-13,0.31,0.31,0.3,0.31,0.58,0,-1,22752845,6954549.13
ELEC,2008-02-12,0.31,0.31,0.3,0.31,-0.58,0,-1,16375920,4981190.17
ELEC,2008-02-11,0.32,0.32,0.3,0.31,-0.58,0,-1,23408795,7181300.17
ELEC,2008-02-10,0.31,0.31,0.3,0.31,0,0,-1,22539105,6932763.64
ELEC,2008-02-07,0.32,0.32,0.3,0.31,0,0,-1,39373480,12140185.87
ELEC,2008-02-06,0.32,0.32,0.3,0.31,-4.42,-0.01,-1,56015740,17270334.82
ELEC,2008-02-05,0.33,0.33,0.32,0.32,1.69,0,-1,32649855,10505414.68
ELEC,2008-02-04,0.32,0.32,0.31,0.32,-3.26,-0.01,-1,64961055,20569988.68
ELEC,2008-02-03,0.34,0.34,0.32,0.33,2.22,0.01,-1,75413120,24766484.11
ELEC,2008-01-31,0.33,0.33,0.31,0.32,0.56,0,-1,77759390,24988319.78
ELEC,2008-01-30,0.33,0.33,0.31,0.32,4.68,0.01,-1,82180790,26269968.4
ELEC,2008-01-29,0.31,0.31,0.3,0.31,1.18,0.01,-1,35481800,10799302.37
ELEC,2008-01-28,0.31,0.31,0.29,0.3,0.6,0,-1,61707580,18563924.55
ELEC,2008-01-27,0.31,0.31,0.28,0.3,5.66,0.02,-1,60061205,18024859.5
ELEC,2008-01-24,0.29,0.29,0.28,0.28,-2.45,-0.01,-1,31186915,8810007.28
ELEC,2008-01-23,0.3,0.3,0.28,0.29,3.16,0.01,-1,42465210,12319618.11
ELEC,2008-01-22,0.29,0.29,0.27,0.28,-3.07,-0.01,-1,38072170,10709030
ELEC,2008-01-21,0.3,0.3,0.28,0.29,-4.68,-0.02,-1,39739835,11508031.77
ELEC,2008-01-20,0.32,0.32,0.29,0.31,0,0,-1,45100345,13705712.44
ELEC,2008-01-17,0.31,0.31,0.3,0.31,-1.72,0,-1,50803515,15500204.24
ELEC,2008-01-16,0.32,0.32,0.3,0.31,-2.79,-0.01,-1,54947205,17044983.17
ELEC,2008-01-15,0.33,0.33,0.31,0.32,0,0,-1,49031155,15618384.47
ELEC,2008-01-14,0.34,0.34,0.3,0.32,11.18,0.03,-1,137009695,43798583.87
ELEC,2008-01-13,0.3,0.3,0.28,0.29,4.55,0.02,-1,70724930,20257009.38
ELEC,2008-01-10,0.28,0.28,0.27,0.27,-1.28,-0.01,-1,28814830,7927680.42
ELEC,2008-01-08,0.28,0.28,0.27,0.28,-1.89,0,-1,30510205,8477889.71
ELEC,2008-01-06,0.29,0.29,0.28,0.28,-1.24,-0.01,-1,29700280,8393919.77
ELEC,2008-01-03,0.3,0.3,0.28,0.29,-2.42,-0.01,-1,40372935,11588437.92
ELEC,2008-01-02,0.3,0.3,0.28,0.3,4.43,0.02,-1,62557710,18359995.31
ELEC,2007-12-31,0.29,0.29,0.26,0.28,6.76,0.02,-1,88270580,24859306.43
ELEC,2007-12-30,0.28,0.28,0.25,0.26,4.96,0.01,-1,51455865,13565167
ELEC,2007-12-27,0.26,0.26,0.25,0.25,-1.4,-0.01,-1,24737520,6194444.21
ELEC,2007-12-26,0.26,0.26,0.25,0.26,-1.38,0,-1,32832120,8394025.58
ELEC,2007-12-25,0.27,0.27,0.25,0.26,-2.68,-0.01,-1,34704490,8948672.58
ELEC,2007-12-24,0.27,0.27,0.26,0.27,-1.32,0,-1,31260990,8274887.43
ELEC,2007-12-23,0.28,0.28,0.27,0.27,-0.66,0,-1,24628550,6623591.8
ELEC,2007-12-17,0.27,0.27,0.27,0.27,0,0,-1,15983430,4335421.52
ELEC,2007-12-16,0.28,0.28,0.27,0.27,-0.65,0,-1,10045140,2727436.67
ELEC,2007-12-13,0.28,0.28,0.27,0.27,0.66,0,-1,29930605,8170478.81
ELEC,2007-12-12,0.28,0.28,0.27,0.27,-1.94,-0.01,-1,22124965,5996821.05
ELEC,2007-12-11,0.28,0.28,0.27,0.28,-3.13,0,-1,31221785,8600026.48
ELEC,2007-12-10,0.3,0.3,0.28,0.28,-3.03,-0.02,-1,25061800,7129455.3
ELEC,2007-12-09,0.3,0.3,0.28,0.3,3.77,0.02,-1,43661585,12847306.45
ELEC,2007-12-06,0.29,0.29,0.28,0.28,-0.63,0,-1,29546240,8364450.42
ELEC,2007-12-05,0.29,0.29,0.27,0.28,1.91,0,-1,30018180,8532773.27
ELEC,2007-12-04,0.29,0.29,0.27,0.28,-4.27,-0.01,-1,34074525,9509800.15
ELEC,2007-12-03,0.31,0.31,0.28,0.29,-5.2,-0.02,-1,26649230,7779505.93
ELEC,2007-12-02,0.34,0.34,0.3,0.31,-27.31,-0.11,-1,39292475,12133571.06
ELEC,2007-11-29,0.31,0.31,0.29,0.3,-3.64,-0.01,-1,108002045,31988031.32
ELEC,2007-11-28,0.32,0.32,0.3,0.31,-0.8,0,-1,44807620,13782496.15
ELEC,2007-11-27,0.32,0.32,0.3,0.31,-3.11,-0.01,-1,94814440,29385889.67
ELEC,2007-11-26,0.34,0.34,0.32,0.32,-4.46,-0.01,-1,72221315,23108633.98
ELEC,2007-11-25,0.34,0.34,0.33,0.33,0,0,-1,55655780,18615491.71
ELEC,2007-11-22,0.34,0.34,0.33,0.33,-2.54,-0.01,-1,49158680,16423534.06
ELEC,2007-11-21,0.35,0.35,0.33,0.34,-2.82,-0.01,-1,47489520,16287376.28
ELEC,2007-11-20,0.37,0.37,0.34,0.35,0.71,0,-1,70510985,24936125.08
ELEC,2007-11-19,0.36,0.36,0.34,0.35,5.22,0.02,-1,53050210,18584032.17
ELEC,2007-11-18,0.34,0.34,0.32,0.33,1.52,0,-1,54269035,18098596.82
ELEC,2007-11-15,0.34,0.34,0.32,0.33,-2.58,-0.01,-1,66587830,21824719.24
ELEC,2007-11-14,0.35,0.35,0.33,0.34,-1.81,0,-1,49583625,16721828.58
ELEC,2007-11-13,0.37,0.37,0.33,0.34,-9.21,-0.04,-1,97930975,33566649.09
ELEC,2007-11-12,0.41,0.41,0.37,0.38,-7.88,-0.03,-1,118387135,44815291.28
ELEC,2007-11-11,0.43,0.43,0.39,0.41,-1.49,-0.01,-1,46315585,18991820.31
ELEC,2007-11-08,0.43,0.43,0.4,0.42,-3.74,-0.01,-1,65947450,27438613.23
ELEC,2007-11-07,0.45,0.45,0.42,0.43,-3.6,-0.02,-1,75361560,32567892.85
ELEC,2007-11-06,0.46,0.46,0.44,0.45,-3.73,-0.02,-1,68748400,30838839.76
ELEC,2007-11-05,0.48,0.48,0.46,0.47,0.54,0.01,-1,45664325,21297850.51
ELEC,2007-11-04,0.47,0.47,0.45,0.46,3.32,0.01,-1,65836315,30567789.64
ELEC,2007-11-01,0.46,0.46,0.44,0.45,-2.17,-0.01,-1,67556380,30362101.91
ELEC,2007-10-31,0.47,0.47,0.45,0.46,-2.89,-0.01,-1,64653015,29681694.23
ELEC,2007-10-30,0.49,0.49,0.46,0.47,0,0,-1,73247675,34603884.55
ELEC,2007-10-29,0.48,0.48,0.45,0.47,2.15,0.01,-1,85011355,40143357.24
ELEC,2007-10-28,0.48,0.48,0.44,0.46,-7.69,-0.04,-1,102409990,47352373.98
ELEC,2007-10-25,0.56,0.56,0.47,0.5,-93.66,-7.4,-1,130102410,65235899.35
ELEC,2007-10-24,0.53,0.53,0.52,0.53,-1.98,-0.01,-1,125521865,66106288.43
ELEC,2007-10-23,0.56,0.56,0.53,0.54,-2.63,-0.01,-1,120908985,64959635.67
ELEC,2007-10-22,0.57,0.57,0.54,0.55,5.13,0.03,-1,99944625,55147039.75
ELEC,2007-10-21,0.55,0.55,0.49,0.52,7.11,0.03,-1,138442330,72664538.42
ELEC,2007-10-18,0.5,0.5,0.48,0.49,1.67,0.01,-1,82942505,40644036.3
ELEC,2007-10-17,0.49,0.49,0.48,0.48,0.16,0,-1,52346360,25228563.29
ELEC,2007-10-16,0.51,0.51,0.46,0.48,4.63,0.02,-1,131113490,63096333.88
ELEC,2007-10-11,0.46,0.46,0.45,0.46,1.33,0.01,-1,56640555,26053275.1
ELEC,2007-10-10,0.46,0.46,0.45,0.45,1.13,0,-1,50413735,22881391.61
ELEC,2007-10-09,0.46,0.46,0.44,0.45,-0.9,0,-1,50862810,22827195.02
ELEC,2007-10-08,0.46,0.46,0.45,0.45,3.35,0.01,-1,35447010,16052533.08
ELEC,2007-10-04,0.45,0.45,0.43,0.44,-0.86,0,-1,76070465,33334922.01
ELEC,2007-10-03,0.45,0.45,0.44,0.44,-3.75,-0.02,-1,56518970,24981164.89
ELEC,2007-10-02,0.47,0.47,0.45,0.46,0.64,0,-1,78729730,36155984.35
ELEC,2007-10-01,0.46,0.46,0.45,0.46,2.97,0.02,-1,71042515,32423906.43
ELEC,2007-09-30,0.45,0.45,0.43,0.44,8.31,0.03,-1,94015260,41665420.6
ELEC,2007-09-27,0.42,0.42,0.4,0.41,2.75,0.01,-1,63698120,26067700.13
ELEC,2007-09-26,0.41,0.41,0.39,0.4,-1.88,0,-1,56573970,22531933.11
ELEC,2007-09-25,0.42,0.42,0.4,0.4,-1.53,-0.01,-1,31603715,12827672.99
ELEC,2007-09-24,0.43,0.43,0.4,0.41,-5.02,-0.02,-1,46633030,19223267.22
ELEC,2007-09-23,0.45,0.45,0.39,0.43,-1.43,-0.01,-1,89911770,39021852.52
ELEC,2007-09-20,0.45,0.45,0.43,0.44,3.13,0.01,-1,50506615,22239432.66
ELEC,2007-09-19,0.43,0.43,0.42,0.43,2.67,0.02,-1,70435050,30073799.56
ELEC,2007-09-18,0.42,0.42,0.41,0.41,-0.67,-0.01,-1,54832890,22802800.59
ELEC,2007-09-17,0.43,0.43,0.41,0.42,3.53,0.02,-1,51605260,21606216.75
ELEC,2007-09-16,0.42,0.42,0.39,0.4,-2.05,-0.01,-1,96759195,39132262.88
ELEC,2007-09-13,0.43,0.43,0.4,0.41,-6.67,-0.03,-1,133737895,55215272.13
ELEC,2007-09-12,0.46,0.46,0.43,0.44,-3.86,-0.02,-1,95171915,42101465.67
ELEC,2007-09-11,0.47,0.47,0.45,0.46,0.29,0,-1,62989695,28982169.95
ELEC,2007-09-10,0.47,0.47,0.45,0.46,2.27,0.01,-1,72190490,33117657.64
ELEC,2007-09-09,0.46,0.46,0.44,0.45,3.6,0.02,-1,90696545,40682974.86
ELEC,2007-09-06,0.44,0.44,0.43,0.43,1.01,0,-1,96574530,41815237.56
ELEC,2007-09-05,0.45,0.45,0.41,0.43,-8.86,-0.04,-1,120297780,51565494.4
ELEC,2007-09-04,0.51,0.51,0.43,0.47,-0.96,0,-1,195915185,92158749.85
ELEC,2007-09-03,0.49,0.49,0.46,0.47,-3.49,-0.02,-1,118242840,56155761.42
ELEC,2007-09-02,0.51,0.51,0.48,0.49,8.5,0.04,-1,137947890,67889039.81
ELEC,2007-08-30,0.48,0.48,0.42,0.45,14.1,0.05,-1,119514450,54202858.95
ELEC,2007-08-29,0.42,0.42,0.38,0.4,-0.08,0,-1,83579515,33226219.49
ELEC,2007-08-28,0.41,0.41,0.39,0.4,0.78,0.01,-1,63312125,25186558.47
ELEC,2007-08-27,0.4,0.4,0.38,0.39,2.61,0,-1,52521870,20733820.2
ELEC,2007-08-26,0.39,0.39,0.38,0.39,-0.41,0,-1,46554510,17913086.35
ELEC,2007-08-23,0.4,0.4,0.37,0.39,-4.41,-0.01,-1,96439435,37260296.35
ELEC,2007-08-22,0.43,0.43,0.38,0.4,-2.3,-0.01,-1,79360950,32076840.51
ELEC,2007-08-21,0.43,0.43,0.4,0.41,3.25,0.01,-1,74055210,30633804.52
ELEC,2007-08-20,0.41,0.41,0.38,0.4,-7.22,-0.03,-1,105251095,42173198.16
ELEC,2007-08-19,0.45,0.45,0.41,0.43,15.68,0.06,-1,83111255,35889675.65
ELEC,2007-08-16,0.43,0.43,0.32,0.37,9.51,0.03,-1,175138275,65385425.16
ELEC,2007-08-15,0.37,0.37,0.32,0.34,-20.14,-0.09,-1,3036820,1035117.34
ELEC,2007-08-14,0.5,0.5,0.35,0.43,-2.79,-0.01,-1,269355575,114976448.1
ELEC,2007-08-13,0.51,0.51,0.35,0.44,26.09,0.09,-1,58699000,25778636.2
ELEC,2007-08-12,0.41,0.41,0.27,0.35,20.03,0.06,-1,51297900,17867732.19
ELEC,2007-08-09,0.29,0.29,0.29,0.29,45.41,0.09,-1,30155,8750
ELEC,2007-08-06,0.24,0.24,0.15,0.2,20.05,0.03,-1,320449505,63943029.87
ELEC,2007-08-05,0.17,0.17,0.17,0.17,21.96,0.03,-1,60305,10025
ELEC,2007-08-02,0.17,0.17,0.13,0.14,27.54,0.03,-1,2406445,328000
ELEC,2007-08-01,0.11,0.11,0.1,0.11,-1.98,0,-1,64218485,6862828.34
ELEC,2007-07-31,0.11,0.11,0.1,0.11,1.7,0,-1,94855765,10343949.74
ELEC,2007-07-30,0.11,0.11,0.1,0.11,4.87,0.01,-1,171885430,18429574.55
ELEC,2007-07-29,0.1,0.1,0.1,0.1,-0.4,0,-1,27119895,2771877.47
ELEC,2007-07-26,0.1,0.1,0.1,0.1,-0.96,0,-1,28453150,2920136.79
ELEC,2007-07-25,0.1,0.1,0.1,0.1,-0.16,0,-1,33243590,3444857.49
ELEC,2007-07-24,0.1,0.1,0.1,0.1,1.13,0,-1,42504810,4411283.81
ELEC,2007-07-22,0.1,0.1,0.1,0.1,1.14,0,-1,28612610,2937761.11
ELEC,2007-07-19,0.1,0.1,0.1,0.1,0.58,0,-1,49930280,5067216.73
ELEC,2007-07-18,0.1,0.1,0.1,0.1,-0.33,0,-1,31276100,3155435.32
ELEC,2007-07-17,0.1,0.1,0.1,0.1,-0.49,0,-1,37857315,3832657.31
ELEC,2007-07-16,0.1,0.1,0.1,0.1,-1.76,0,-1,55439990,5640090.73
ELEC,2007-07-15,0.1,0.1,0.1,0.1,1.22,0,-1,34365265,3557127.93
ELEC,2007-07-12,0.1,0.1,0.1,0.1,0.24,0,-1,35055230,3585857.58
ELEC,2007-07-11,0.1,0.1,0.1,0.1,-1.91,0,-1,47892825,4887582.63
ELEC,2007-07-10,0.11,0.11,0.1,0.1,-1.8,0,-1,24339155,2533123.63
ELEC,2007-07-09,0.11,0.11,0.1,0.1,1.27,0,-1,50205415,5319653.7
ELEC,2007-07-08,0.11,0.11,0.1,0.1,0.56,0,-1,35576925,3722178.06
ELEC,2007-07-05,0.1,0.1,0.1,0.1,-1.1,0,-1,57086140,5940435.7
ELEC,2007-07-04,0.11,0.11,0.1,0.1,-4.59,-0.01,-1,79449010,8356091.39
ELEC,2007-07-03,0.12,0.12,0.11,0.11,-0.82,0,-1,91048520,10036135.86
ELEC,2007-07-02,0.12,0.12,0.1,0.11,9.65,0.01,-1,153923505,17108963.82
ELEC,2007-06-28,0.1,0.1,0.1,0.1,2.43,0,-1,96383220,9771989.49
ELEC,2007-06-27,0.1,0.1,0.1,0.1,-3.01,0,-1,51110695,5058834.17
ELEC,2007-06-26,0.11,0.11,0.1,0.1,6.67,0,-1,127379225,12995127.97
ELEC,2007-06-25,0.1,0.1,0.09,0.1,-1.7,0,-1,24642530,2356694.47
ELEC,2007-06-24,0.1,0.1,0.09,0.1,4.08,0.01,-1,89465580,8709675.6
ELEC,2007-06-21,0.1,0.1,0.09,0.09,-1.4,0,-1,52388820,4897803.51
ELEC,2007-06-20,0.1,0.1,0.09,0.09,0.44,0,-1,34088920,3232500.8
ELEC,2007-06-19,0.1,0.1,0.09,0.09,-2.65,-0.01,-1,46438945,4384429.88
ELEC,2007-06-18,0.1,0.1,0.09,0.1,-2.9,0,-1,70939265,6882448.88
ELEC,2007-06-17,0.1,0.1,0.1,0.1,0.84,0,-1,66368475,6627914.05
ELEC,2007-06-14,0.1,0.1,0.1,0.1,0,0,-1,55831060,5532714.96
ELEC,2007-06-13,0.1,0.1,0.1,0.1,-4.7,0,-1,57237400,5670982.09
ELEC,2007-06-12,0.11,0.11,0.1,0.1,-2.79,-0.01,-1,84639075,8798542.96
ELEC,2007-06-11,0.11,0.11,0.1,0.11,1.65,0.01,-1,81392250,8702125.41
ELEC,2007-06-10,0.1,0.1,0.1,0.1,3.93,0,-1,125849480,13243657.36
ELEC,2007-06-07,0.1,0.1,0.1,0.1,-0.73,0,-1,65606615,6641976.33
ELEC,2007-06-06,0.11,0.11,0.1,0.1,-4.5,-0.01,-1,207538345,21164931.49
ELEC,2007-06-05,0.11,0.11,0.11,0.11,-4.94,0,-1,2340095,249872
ELEC,2007-06-04,0.11,0.11,0.11,0.11,-4.98,-0.01,-1,3408940,382936.55
ELEC,2007-06-03,0.13,0.13,0.12,0.12,-2.73,0,-1,4644000,549131
ELEC,2007-05-31,0.13,0.13,0.12,0.12,-0.68,0,-1,231896325,28187251.86
ELEC,2007-05-30,0.12,0.12,0.12,0.12,4.24,0,-1,132376290,16196292.47
ELEC,2007-05-29,0.12,0.12,0.11,0.12,4.81,0.01,-1,183567805,21546698.43
ELEC,2007-05-28,0.11,0.11,0.11,0.11,4.97,0,-1,74556885,8349939.86
ELEC,2007-05-27,0.11,0.11,0.1,0.11,3.62,0.01,-1,118085185,12602039.7
ELEC,2007-05-24,0.11,0.11,0.1,0.1,-4.31,-0.01,-1,137207265,14122596.53
ELEC,2007-05-23,0.11,0.11,0.1,0.11,1.25,0.01,-1,121329840,13056447.4
ELEC,2007-05-22,0.11,0.11,0.1,0.1,3.89,0,-1,334350035,35542727.06
ELEC,2007-05-21,0.1,0.1,0.1,0.1,4.93,0,-1,48892075,5001747.52
ELEC,2007-05-20,0.1,0.1,0.09,0.1,4.26,0.01,-1,77248720,7529757.93
ELEC,2007-05-17,0.1,0.1,0.09,0.09,1.81,0,-1,105055555,9825531.75
ELEC,2007-05-16,0.09,0.09,0.09,0.09,-1.16,0,-1,55609830,5106440.21
ELEC,2007-05-15,0.1,0.1,0.09,0.09,-1.67,0,-1,45912185,4268168.81
ELEC,2007-05-14,0.1,0.1,0.09,0.09,-0.44,0,-1,20378735,1926545.75
ELEC,2007-05-13,0.1,0.1,0.09,0.09,0.17,0,-1,27987895,2656902.72
ELEC,2007-05-10,0.1,0.1,0.09,0.09,-2.14,-0.01,-1,48971920,4639140.44
ELEC,2007-05-09,0.1,0.1,0.09,0.1,1.57,0,-1,72850785,7057058.43
ELEC,2007-05-08,0.1,0.1,0.09,0.1,-1.96,0,-1,34620505,3301782.47
ELEC,2007-05-07,0.1,0.1,0.09,0.1,2.27,0.01,-1,84111825,8181011.08
ELEC,2007-05-06,0.1,0.1,0.09,0.09,-1.38,-0.01,-1,39952665,3799562.5
ELEC,2007-05-03,0.1,0.1,0.1,0.1,-3.73,0,-1,58063185,5599325.09
ELEC,2007-05-02,0.1,0.1,0.1,0.1,4.23,0,-1,94717165,9487421.02
ELEC,2007-04-30,0.1,0.1,0.09,0.1,3.76,0.01,-1,75626935,7268255.42
ELEC,2007-04-29,0.09,0.09,0.09,0.09,-1.5,0,-1,30873935,2858703.41
ELEC,2007-04-26,0.1,0.1,0.09,0.09,0.27,0,-1,37636450,3539661.71
ELEC,2007-04-24,0.1,0.1,0.09,0.09,1.98,0,-1,31199260,2926306.09
ELEC,2007-04-23,0.1,0.1,0.09,0.09,-3.06,0,-1,33723070,3100602.47
ELEC,2007-04-22,0.1,0.1,0.09,0.09,-0.35,-0.01,-1,32694025,3100309.59
ELEC,2007-04-19,0.1,0.1,0.09,0.1,-2.79,0,-1,45637165,4344822.38
ELEC,2007-04-18,0.1,0.1,0.1,0.1,-0.67,0,-1,34584560,3386357.37
ELEC,2007-04-17,0.1,0.1,0.1,0.1,-1.9,0,-1,32591850,3211493.59
ELEC,2007-04-16,0.1,0.1,0.1,0.1,0.25,0,-1,36713325,3689266.03
ELEC,2007-04-15,0.1,0.1,0.1,0.1,1.51,0,-1,51576425,5167355.07
ELEC,2007-04-12,0.1,0.1,0.1,0.1,-3.17,0,-1,40775675,4025587.54
ELEC,2007-04-11,0.11,0.11,0.1,0.1,-0.4,0,-1,44491605,4536997.52
ELEC,2007-04-10,0.1,0.1,0.1,0.1,4.31,0,-1,93418530,9567019.25
ELEC,2007-04-05,0.1,0.1,0.1,0.1,-1.25,0,-1,37267820,3658940.17
ELEC,2007-04-04,0.1,0.1,0.1,0.1,-0.75,0,-1,32346385,3214728.15
ELEC,2007-04-03,0.1,0.1,0.1,0.1,1.6,0,-1,31501665,3155860.86
ELEC,2007-04-02,0.1,0.1,0.1,0.1,3.39,0,-1,36664955,3613580.01
ELEC,2007-03-29,0.1,0.1,0.09,0.1,-1.03,0,-1,29156865,2779106.36
ELEC,2007-03-28,0.1,0.1,0.09,0.1,0.96,0,-1,26639215,2567194.67
ELEC,2007-03-27,0.1,0.1,0.09,0.1,-3.2,0,-1,27929880,2666171.04
ELEC,2007-03-26,0.1,0.1,0.1,0.1,0.34,0,-1,34897815,3439798.29
ELEC,2007-03-25,0.1,0.1,0.1,0.1,-1.41,0,-1,25596545,2515654.54
ELEC,2007-03-22,0.1,0.1,0.1,0.1,-2.04,0,-1,71063985,7079041.11
ELEC,2007-03-21,0.1,0.1,0.1,0.1,-4.44,-0.01,-1,62283685,6334601.42
ELEC,2007-03-20,0.11,0.11,0.1,0.11,-3.02,0,-1,72355740,7702839.46
ELEC,2007-03-19,0.11,0.11,0.1,0.11,4.33,0.01,-1,127464865,13986024.85
ELEC,2007-03-18,0.11,0.11,0.1,0.1,2.59,0,-1,94602330,9954311.62
ELEC,2007-03-15,0.1,0.1,0.1,0.1,-0.64,0,-1,86347950,8854492.7
ELEC,2007-03-14,0.11,0.11,0.1,0.1,-1.11,0,-1,96303965,9940817.24
ELEC,2007-03-13,0.1,0.1,0.1,0.1,4.39,0,-1,90593895,9452988.75
ELEC,2007-03-12,0.1,0.1,0.1,0.1,4.6,0,-1,97737940,9773102.39
ELEC,2007-03-11,0.1,0.1,0.09,0.1,2.04,0.01,-1,48648525,4650627.14
ELEC,2007-03-08,0.09,0.09,0.09,0.09,-1.4,0,-1,47234100,4423966.42
ELEC,2007-03-07,0.1,0.1,0.09,0.09,0.79,0,-1,25624410,2433828.39
ELEC,2007-03-06,0.1,0.1,0.09,0.09,0.18,0,-1,33316925,3140739.77
ELEC,2007-03-05,0.1,0.1,0.09,0.09,-4.3,-0.01,-1,68171200,6412440.53
ELEC,2007-03-04,0.1,0.1,0.1,0.1,-2.71,0,-1,51663755,5078967.34
ELEC,2007-03-01,0.1,0.1,0.1,0.1,0.08,0,-1,47829015,4833881.69
ELEC,2007-02-28,0.11,0.11,0.1,0.1,-4.17,0,-1,91120410,9200655.21
ELEC,2007-02-27,0.1,0.1,0.1,0.1,4.35,0,-1,231671840,24402421.35
ELEC,2007-02-26,0.1,0.1,0.1,0.1,5,0,-1,39647965,4003468.56
ELEC,2007-02-25,0.1,0.1,0.09,0.1,4.98,0.01,-1,35110475,3375302.15
ELEC,2007-02-22,0.09,0.09,0.09,0.09,3.17,0,-1,54823125,5020752.92
ELEC,2007-02-21,0.09,0.09,0.09,0.09,-1.2,0,-1,33588325,2982707.73
ELEC,2007-02-20,0.09,0.09,0.09,0.09,-0.91,0,-1,49647295,4460196.32
ELEC,2007-02-19,0.1,0.1,0.09,0.09,-4.54,0,-1,78096100,7085812.17
ELEC,2007-02-18,0.1,0.1,0.09,0.09,-3.7,-0.01,-1,54458605,5172661.2
ELEC,2007-02-15,0.1,0.1,0.1,0.1,-4.42,0,-1,111155490,10962078.76
ELEC,2007-02-14,0.1,0.1,0.1,0.1,4.71,0,-1,59959030,6187204.07
ELEC,2007-02-13,0.1,0.1,0.1,0.1,4.02,0.01,-1,30545120,3009998.21
ELEC,2007-02-12,0.1,0.1,0.09,0.09,-3.95,-0.01,-1,290613895,27532488.83
ELEC,2007-02-11,0.1,0.1,0.1,0.1,-4.95,0,-1,1832750,180808.6
ELEC,2007-02-08,0.1,0.1,0.1,0.1,-4.94,-0.01,-1,6776025,703311
ELEC,2007-02-07,0.11,0.11,0.11,0.11,-4.98,0,-1,8886930,970299.75
ELEC,2007-02-06,0.11,0.11,0.11,0.11,-4.94,-0.01,-1,12425,1427.58
ELEC,2007-02-05,0.12,0.12,0.12,0.12,-4.95,-0.01,-1,72375,8748
ELEC,2007-02-04,0.13,0.13,0.13,0.13,-4.66,0,-1,73190465,9305674.53
ELEC,2007-02-01,0.13,0.13,0.13,0.13,-4.96,-0.01,-1,720120,96057.3
ELEC,2007-01-31,0.14,0.14,0.14,0.14,-4.99,-0.01,-1,1272460,178594.57
ELEC,2007-01-30,0.15,0.15,0.15,0.15,-4.96,0,-1,69355,10246.5
ELEC,2007-01-29,0.16,0.16,0.15,0.15,-4.48,-0.01,-1,1305750,202987.89
ELEC,2007-01-28,0.16,0.16,0.16,0.16,4.97,0.01,-1,14777700,2404890.93
ELEC,2007-01-25,0.15,0.15,0.15,0.15,4.94,0,-1,148296785,22990593.64
ELEC,2007-01-24,0.15,0.15,0.15,0.15,4.95,0.01,-1,1333855,197053.56
ELEC,2006-12-26,0.14,0.14,0.14,0.14,4.94,0.01,-1,20171985,2839582.38
ELEC,2006-12-25,0.13,0.13,0.13,0.13,4.66,0,-1,105209600,14108642.51
ELEC,2006-12-24,0.13,0.13,0.13,0.13,4.39,0.01,-1,96051500,12309325.31
ELEC,2006-12-21,0.12,0.12,0.11,0.12,4.37,0,-1,86453130,10613663.31
ELEC,2006-12-20,0.12,0.12,0.12,0.12,-4.83,0,-1,93706940,11022508.38
ELEC,2006-12-19,0.13,0.13,0.12,0.12,-4.05,-0.01,-1,153908550,19020088.34
ELEC,2006-12-18,0.13,0.13,0.12,0.13,2.17,0,-1,141563700,18239825.1
ELEC,2006-12-17,0.13,0.13,0.12,0.13,4.97,0.01,-1,71997250,9076995.56
ELEC,2006-12-14,0.12,0.12,0.11,0.12,2.4,0,-1,356486245,42815599.44
ELEC,2006-12-13,0.12,0.12,0.12,0.12,4.97,0.01,-1,12906105,1513979.25
ELEC,2006-12-12,0.11,0.11,0.11,0.11,4.98,0,-1,16425895,1835639
ELEC,2006-12-11,0.11,0.11,0.11,0.11,4.99,0.01,-1,27102405,2884968.24
ELEC,2006-12-10,0.1,0.1,0.1,0.1,4.62,0,-1,137483615,13934954.58
ELEC,2006-12-07,0.1,0.1,0.09,0.1,4.28,0.01,-1,122767310,11894422.33
ELEC,2006-12-06,0.09,0.09,0.09,0.09,4.47,0,-1,65488175,6085404.54
ELEC,2006-12-05,0.09,0.09,0.09,0.09,-4.28,0,-1,74188735,6598898.39
ELEC,2006-12-04,0.1,0.1,0.09,0.09,0.72,0,-1,158322155,14709951.55
ELEC,2006-12-03,0.09,0.09,0.09,0.09,4.9,0,-1,130695760,12062753.48
ELEC,2006-11-30,0.09,0.09,0.08,0.09,4.43,0.01,-1,137551040,12095524.99
ELEC,2006-11-29,0.09,0.09,0.08,0.08,-2.4,-0.01,-1,73794180,6214410.17
ELEC,2006-11-28,0.09,0.09,0.08,0.09,-2.62,0,-1,73716985,6364528.43
ELEC,2006-11-27,0.09,0.09,0.08,0.09,4.29,0.01,-1,145961755,12930759.99
ELEC,2006-11-26,0.09,0.09,0.08,0.08,2.71,0,-1,49384810,4196714.81
ELEC,2006-11-23,0.08,0.08,0.08,0.08,-2.73,0,-1,46883320,3879578.32
ELEC,2006-11-22,0.09,0.09,0.08,0.08,-0.87,-0.01,-1,37552625,3194745.31
ELEC,2006-11-21,0.09,0.09,0.08,0.09,4.33,0.01,-1,98119350,8420728.45
ELEC,2006-11-20,0.08,0.08,0.08,0.08,-3.03,0,-1,50622535,4162227.86
ELEC,2006-11-19,0.09,0.09,0.08,0.08,-4.75,-0.01,-1,112794645,9570308.31
ELEC,2006-11-16,0.09,0.09,0.09,0.09,-3.5,0,-1,118348020,10533938.83
ELEC,2006-11-15,0.09,0.09,0.09,0.09,4.9,0,-1,232924995,21499917.09
ELEC,2006-11-14,0.09,0.09,0.09,0.09,4.95,0.01,-1,31385740,2760679.56
ELEC,2006-11-13,0.08,0.08,0.08,0.08,4.88,0,-1,110710745,9281385.81
ELEC,2006-11-12,0.08,0.08,0.08,0.08,4.67,0,-1,88106635,7039113.09
ELEC,2006-11-09,0.08,0.08,0.07,0.08,-1.6,0,-1,46002895,3514215.72
ELEC,2006-11-08,0.08,0.08,0.07,0.08,2.74,0,-1,57742580,4480232.57
ELEC,2006-11-07,0.08,0.08,0.07,0.08,-3.09,0,-1,56494720,4266092.75
ELEC,2006-11-06,0.08,0.08,0.08,0.08,-4.47,0,-1,111362725,8675511.92
ELEC,2006-11-05,0.08,0.08,0.08,0.08,-2.28,0,-1,62652315,5110046.95
ELEC,2006-11-02,0.09,0.09,0.08,0.08,-1.85,0,-1,81483205,6799654.1
ELEC,2006-11-01,0.09,0.09,0.08,0.08,4.16,0,-1,172718930,14688407.29
ELEC,2006-10-31,0.08,0.08,0.08,0.08,3.79,0,-1,115938325,9471757.25
ELEC,2006-10-30,0.08,0.08,0.08,0.08,-0.63,0,-1,53691075,4223219.33
ELEC,2006-10-29,0.08,0.08,0.07,0.08,4.49,0,-1,71657215,5674598.08
ELEC,2006-10-22,0.08,0.08,0.08,0.08,4.94,0.01,-1,30112075,2281682.18
ELEC,2006-10-19,0.07,0.07,0.07,0.07,4.19,0,-1,39144730,2827015.4
ELEC,2006-10-18,0.07,0.07,0.07,0.07,-1.42,0,-1,10165305,704410.91
ELEC,2006-10-17,0.07,0.07,0.07,0.07,-1.17,0,-1,11994195,843418.41
ELEC,2006-10-16,0.07,0.07,0.07,0.07,1.06,0,-1,24306355,1728620.74
ELEC,2006-10-15,0.07,0.07,0.07,0.07,-1.96,0,-1,19937370,1402686.81
ELEC,2006-10-12,0.07,0.07,0.07,0.07,1.52,0,-1,15679360,1125948.67
ELEC,2006-10-11,0.07,0.07,0.07,0.07,-1.73,0,-1,28186805,1993593.34
ELEC,2006-10-10,0.07,0.07,0.07,0.07,-4.09,0,-1,31781030,2287025.86
ELEC,2006-10-09,0.08,0.08,0.07,0.07,-4.44,-0.01,-1,48183650,3614274.46
ELEC,2006-10-08,0.08,0.08,0.08,0.08,2.93,0,-1,18801705,1475458.85
ELEC,2006-10-04,0.08,0.08,0.08,0.08,-1.71,0,-1,29326100,2237604.99
ELEC,2006-10-03,0.08,0.08,0.08,0.08,-4.29,0,-1,17524415,1360374.74
ELEC,2006-10-02,0.08,0.08,0.08,0.08,0.1,0,-1,40422615,3277921.91
ELEC,2006-10-01,0.08,0.08,0.08,0.08,2.63,0,-1,39843620,3228633.67
ELEC,2006-09-28,0.08,0.08,0.07,0.08,1.71,0,-1,64442970,5087114.43
ELEC,2006-09-27,0.08,0.08,0.08,0.08,-3.31,0,-1,42031610,3262444.77
ELEC,2006-09-26,0.08,0.08,0.08,0.08,-3.78,0,-1,92329300,7406229.36
ELEC,2006-09-25,0.09,0.09,0.08,0.08,0.9,0,-1,46393595,3868822.35
ELEC,2006-09-24,0.08,0.08,0.08,0.08,4.95,0,-1,136334430,11267662.43
ELEC,2006-09-21,0.08,0.08,0.07,0.08,3.37,0,-1,163777960,12904417.75
ELEC,2006-09-20,0.08,0.08,0.07,0.08,1.32,0.01,-1,44016945,3354835.89
ELEC,2006-09-19,0.08,0.08,0.07,0.07,0.78,0,-1,57651625,4334202.48
ELEC,2006-09-18,0.08,0.08,0.07,0.07,-4.46,-0.01,-1,64243815,4794290.59
ELEC,2006-09-17,0.08,0.08,0.07,0.08,4.32,0.01,-1,67198005,5250402.82
ELEC,2006-09-14,0.07,0.07,0.07,0.07,4.88,0,-1,105295845,7883757.5
ELEC,2006-09-13,0.07,0.07,0.07,0.07,3.99,0,-1,98384600,7019393.61
ELEC,2006-09-12,0.07,0.07,0.07,0.07,0.61,0,-1,21918970,1503704.78
ELEC,2006-09-11,0.07,0.07,0.06,0.07,-1.91,0,-1,25412470,1733430.66
ELEC,2006-09-10,0.07,0.07,0.06,0.07,1.7,0,-1,24703450,1717670.21
ELEC,2006-09-07,0.07,0.07,0.07,0.07,-4.29,0,-1,69301075,4740838.02
ELEC,2006-09-06,0.07,0.07,0.07,0.07,4.61,0,-1,109718620,7836170.35
ELEC,2006-09-05,0.07,0.07,0.07,0.07,4.97,0.01,-1,32778220,2239137.6
ELEC,2006-09-04,0.06,0.06,0.06,0.06,3.02,0,-1,110622690,7199473.06
ELEC,2006-09-03,0.06,0.06,0.06,0.06,-0.26,0,-1,12083820,763169.16
ELEC,2006-08-31,0.06,0.06,0.06,0.06,-1.93,0,-1,19635930,1243109.75
ELEC,2006-08-30,0.06,0.06,0.06,0.06,0.65,0,-1,14013915,905428.46
ELEC,2006-08-29,0.06,0.06,0.06,0.06,1.44,0,-1,18138030,1164397.28
ELEC,2006-08-28,0.06,0.06,0.06,0.06,-0.65,0,-1,16543995,1046598.12
ELEC,2006-08-27,0.07,0.07,0.06,0.06,0,0,-1,15093010,960492.4
ELEC,2006-08-24,0.06,0.06,0.06,0.06,4.63,0,-1,70334335,4480302.53
ELEC,2006-08-23,0.06,0.06,0.06,0.06,-0.14,0,-1,15415075,938352.06
ELEC,2006-08-22,0.06,0.06,0.06,0.06,0.14,0,-1,15141865,922541.67
ELEC,2006-08-21,0.06,0.06,0.06,0.06,4.86,0,-1,13088125,796954.4
ELEC,2006-08-20,0.06,0.06,0.06,0.06,4.79,0,-1,12886930,748266.57
ELEC,2006-08-17,0.06,0.06,0.06,0.06,-4.84,0,-1,21538165,1193363.56
ELEC,2006-08-16,0.06,0.06,0.06,0.06,-4.36,0,-1,20529750,1194669.38
ELEC,2006-08-15,0.06,0.06,0.06,0.06,-4.68,0,-1,22858630,1390496.84
ELEC,2006-08-14,0.07,0.07,0.06,0.06,-3.51,0,-1,25361805,1619903.94
ELEC,2006-08-13,0.06,0.06,0.06,0.06,4.72,0,-1,22021025,1456599.47
ELEC,2006-08-10,0.06,0.06,0.06,0.06,3.25,0,-1,22145865,1398761.76
ELEC,2006-08-09,0.06,0.06,0.06,0.06,-3.66,0,-1,42443420,2597063.35
ELEC,2006-08-08,0.06,0.06,0.06,0.06,4.08,0,-1,27594425,1752973.82
ELEC,2006-08-07,0.06,0.06,0.06,0.06,3.95,0,-1,19043070,1162331.99
ELEC,2006-08-06,0.06,0.06,0.06,0.06,-1.26,0,-1,24276320,1423948.48
ELEC,2006-08-03,0.06,0.06,0.06,0.06,1.85,0,-1,49987090,2971508.76
ELEC,2006-08-02,0.06,0.06,0.06,0.06,4.45,0,-1,56703650,3309016.86
ELEC,2006-08-01,0.06,0.06,0.06,0.06,4.82,0,-1,29675915,1657692.9
ELEC,2006-07-31,0.06,0.06,0.05,0.06,-0.46,0,-1,19280455,1027071.97
ELEC,2006-07-30,0.06,0.06,0.05,0.06,3.69,0.01,-1,39992105,2142473.54
ELEC,2006-07-27,0.06,0.06,0.05,0.05,1.14,0,-1,20275000,1047757.13
ELEC,2006-07-26,0.05,0.05,0.05,0.05,3.18,0,-1,29698225,1516392.45
ELEC,2006-07-25,0.05,0.05,0.05,0.05,4.19,0,-1,63088610,3121698.38
ELEC,2006-07-24,0.05,0.05,0.05,0.05,4.95,0,-1,3531735,167716.07
ELEC,2006-07-20,0.05,0.05,0.04,0.05,0.37,0,-1,30647885,1388471.7
ELEC,2006-07-19,0.05,0.05,0.04,0.05,-0.37,0,-1,11881780,535502.21
ELEC,2006-07-18,0.05,0.05,0.04,0.05,4.6,0.01,-1,17434315,788580.8
ELEC,2006-07-17,0.05,0.05,0.04,0.04,1.95,0,-1,21040590,910026.45
ELEC,2006-07-16,0.04,0.04,0.04,0.04,-3.76,0,-1,24525045,1040559.5
ELEC,2006-07-13,0.05,0.05,0.04,0.04,-4.32,-0.01,-1,23668010,1043308.37
ELEC,2006-07-12,0.05,0.05,0.05,0.05,-3.64,0,-1,40817775,1880682.34
ELEC,2006-07-11,0.05,0.05,0.05,0.05,-0.52,0,-1,39021090,1867326.92
ELEC,2006-07-10,0.05,0.05,0.05,0.05,4.13,0,-1,30062145,1445046.92
ELEC,2006-07-09,0.05,0.05,0.05,0.05,-3.3,0,-1,27540870,1270847.34
ELEC,2006-07-06,0.05,0.05,0.05,0.05,4.73,0,-1,54957980,2624322.32
ELEC,2006-07-05,0.05,0.05,0.04,0.05,4.76,0.01,-1,22384695,1021397.75
ELEC,2006-07-04,0.05,0.05,0.04,0.04,-4.55,-0.01,-1,12005895,522727.9
ELEC,2006-07-03,0.05,0.05,0.04,0.05,0.73,0,-1,13236735,603756.2
ELEC,2006-07-02,0.05,0.05,0.04,0.05,4.8,0.01,-1,25866735,1170127.78
ELEC,2006-06-29,0.05,0.05,0.04,0.04,-0.38,0,-1,13832500,597901.82
ELEC,2006-06-28,0.04,0.04,0.04,0.04,3.36,0,-1,10286045,445681.73
ELEC,2006-06-27,0.04,0.04,0.04,0.04,-0.39,0,-1,5488375,230285.1
ELEC,2006-06-26,0.04,0.04,0.04,0.04,-3.61,0,-1,5651935,237892.72
ELEC,2006-06-25,0.05,0.05,0.04,0.04,-0.57,0,-1,4597930,201046.76
ELEC,2006-06-22,0.05,0.05,0.04,0.04,0.95,0,-1,6441170,283014.16
ELEC,2006-06-21,0.05,0.05,0.04,0.04,-4.02,-0.01,-1,6689655,291100.12
ELEC,2006-06-20,0.05,0.05,0.05,0.05,-2.67,0,-1,13661450,619230.65
ELEC,2006-06-19,0.05,0.05,0.05,0.05,1.26,0,-1,15465140,720619.98
ELEC,2006-06-18,0.05,0.05,0.04,0.05,4.32,0.01,-1,32015635,1472602.52
ELEC,2006-06-15,0.05,0.05,0.04,0.04,0,0,-1,24055090,1060976.77
ELEC,2006-06-14,0.05,0.05,0.04,0.04,-5,-0.01,-1,15903725,701463.72
ELEC,2006-06-13,0.05,0.05,0.05,0.05,-4.6,0,-1,42146205,1954933.7
ELEC,2006-06-12,0.05,0.05,0.05,0.05,-3.93,0,-1,31366925,1526043.54
ELEC,2006-06-11,0.05,0.05,0.05,0.05,-4.38,-0.01,-1,18213780,921926.61
ELEC,2006-06-08,0.06,0.06,0.05,0.06,0,0,-1,23627005,1251405.44
ELEC,2006-06-07,0.06,0.06,0.05,0.06,4.58,0.01,-1,18640180,988194.38
ELEC,2006-06-06,0.05,0.05,0.05,0.05,-0.16,0,-1,15646670,792319.1
ELEC,2006-06-05,0.06,0.06,0.05,0.05,-3.01,0,-1,34041390,1728288.94
ELEC,2006-06-04,0.06,0.06,0.05,0.05,-3.37,-0.01,-1,33619080,1757688.56
ELEC,2006-06-01,0.06,0.06,0.05,0.06,2.67,0.01,-1,39509130,2140291.52
ELEC,2006-05-31,0.06,0.06,0.05,0.05,3.25,0,-1,36631060,1931400.27
ELEC,2006-05-30,0.06,0.06,0.05,0.05,-0.96,0,-1,52241665,2669879.58
ELEC,2006-05-29,0.05,0.05,0.05,0.05,-4.89,-0.01,-1,6251065,322339.06
ELEC,2006-05-28,0.06,0.06,0.06,0.06,-4.25,0,-1,46525195,2522932.38
ELEC,2006-05-25,0.06,0.06,0.06,0.06,-4.34,0,-1,25667830,1453140.87
ELEC,2006-05-24,0.06,0.06,0.06,0.06,-4.16,0,-1,27464395,1625910.61
ELEC,2006-05-23,0.06,0.06,0.06,0.06,-4.97,0,-1,7604710,469685.25
ELEC,2006-05-22,0.06,0.06,0.06,0.06,-4.97,-0.01,-1,2265910,147274.4
ELEC,2006-05-21,0.07,0.07,0.06,0.07,-0.6,0,-1,63184745,4323420.18
ELEC,2006-05-18,0.07,0.07,0.07,0.07,4.93,0.01,-1,19073585,1312437.5
ELEC,2006-05-17,0.07,0.07,0.06,0.06,1.41,0,-1,53971280,3537768.11
ELEC,2006-05-16,0.07,0.07,0.06,0.06,-4.29,-0.01,-1,49014745,3168881.35
ELEC,2006-05-15,0.07,0.07,0.07,0.07,-4.9,0,-1,78410,5297.5
ELEC,2006-05-14,0.08,0.08,0.07,0.07,-2.83,0,-1,62956290,4474363.62
ELEC,2006-05-11,0.08,0.08,0.07,0.07,-4.85,-0.01,-1,84980805,6213887.87
ELEC,2006-05-10,0.08,0.08,0.08,0.08,-4.92,0,-1,2388345,183546
ELEC,2006-05-09,0.08,0.08,0.08,0.08,0.83,0,-1,129143585,10440022.43
ELEC,2006-05-08,0.08,0.08,0.07,0.08,4.65,0,-1,97300440,7802697.7
ELEC,2006-05-07,0.08,0.08,0.08,0.08,5,0.01,-1,10573850,809978.4
ELEC,2006-05-04,0.07,0.07,0.07,0.07,4.89,0,-1,60300395,4398259.3
ELEC,2006-05-03,0.07,0.07,0.06,0.07,4.88,0.01,-1,90133235,6266792.39
ELEC,2006-05-02,0.06,0.06,0.06,0.06,4.99,0,-1,7870320,521976
ELEC,2006-04-30,0.06,0.06,0.06,0.06,4.53,0,-1,26288800,1660903.7
ELEC,2006-04-27,0.06,0.06,0.06,0.06,1.39,0,-1,10643215,643554.85
ELEC,2006-04-26,0.06,0.06,0.06,0.06,-4.52,0,-1,12309625,733782.1
ELEC,2006-04-20,0.06,0.06,0.06,0.06,3.86,0,-1,24884375,1552695.73
ELEC,2006-04-19,0.06,0.06,0.06,0.06,1.83,0,-1,13076670,786493.63
ELEC,2006-04-18,0.06,0.06,0.06,0.06,-4.94,0,-1,21892800,1292697.43
ELEC,2006-04-17,0.06,0.06,0.06,0.06,-4.22,0,-1,42017375,2608271.11
ELEC,2006-04-16,0.06,0.06,0.06,0.06,-4.98,-0.01,-1,1922255,124619.52
ELEC,2006-04-13,0.07,0.07,0.06,0.07,3.26,0.01,-1,105223950,7178749.39
ELEC,2006-04-12,0.06,0.06,0.06,0.06,4.87,0,-1,39185380,2589924.91
ELEC,2006-04-11,0.06,0.06,0.06,0.06,4.83,0,-1,61024015,3842805.83
ELEC,2006-04-09,0.06,0.06,0.06,0.06,4.92,0,-1,4916605,295510
ELEC,2006-04-06,0.06,0.06,0.06,0.06,4.86,0,-1,16656770,954194.99
ELEC,2006-04-05,0.06,0.06,0.06,0.06,4.94,0.01,-1,17107185,934613.57
ELEC,2006-04-04,0.05,0.05,0.05,0.05,3.46,0,-1,26135970,1361461.64
ELEC,2006-04-03,0.05,0.05,0.05,0.05,-0.33,0,-1,7208940,362723.19
ELEC,2006-04-02,0.05,0.05,0.05,0.05,1.16,0,-1,6082440,306978.04
ELEC,2006-03-30,0.05,0.05,0.05,0.05,-0.82,0,-1,15136675,755018.33
ELEC,2006-03-29,0.05,0.05,0.05,0.05,-0.82,0,-1,14321625,721164.45
ELEC,2006-03-28,0.05,0.05,0.05,0.05,0,0,-1,15514590,786548.15
ELEC,2006-03-27,0.06,0.06,0.05,0.05,-4.23,-0.01,-1,33143955,1682431.78
ELEC,2006-03-26,0.06,0.06,0.05,0.06,0.47,0.01,-1,13993405,741676.17
ELEC,2006-03-23,0.06,0.06,0.05,0.05,-2.15,-0.01,-1,15025460,792734.81
ELEC,2006-03-22,0.06,0.06,0.06,0.06,-1.22,0,-1,26714110,1438519.66
ELEC,2006-03-21,0.06,0.06,0.05,0.06,-1.35,0,-1,18237425,995244.58
ELEC,2006-03-20,0.06,0.06,0.05,0.06,4.55,0,-1,32140965,1777905.55
ELEC,2006-03-19,0.06,0.06,0.05,0.06,3.4,0.01,-1,21522240,1137778.79
ELEC,2006-03-16,0.06,0.06,0.05,0.05,-4.34,-0.01,-1,27926745,1428479.8
ELEC,2006-03-15,0.06,0.06,0.06,0.06,-4.02,0,-1,26742225,1430251.96
ELEC,2006-03-14,0.06,0.06,0.06,0.06,-4.14,0,-1,22609060,1259886.4
ELEC,2006-03-13,0.06,0.06,0.06,0.06,-4.5,0,-1,10866490,631706.7
ELEC,2006-03-12,0.06,0.06,0.06,0.06,-4.68,0,-1,13877735,844346.6
ELEC,2006-03-09,0.06,0.06,0.06,0.06,3.36,0,-1,14165420,904805.96
ELEC,2006-03-08,0.06,0.06,0.06,0.06,-4.61,0,-1,33234775,2053341.91
ELEC,2006-03-07,0.07,0.07,0.06,0.06,-4.17,-0.01,-1,9165090,593698
ELEC,2006-03-06,0.07,0.07,0.06,0.07,-2.86,0,-1,23831580,1609808.99
ELEC,2006-03-05,0.07,0.07,0.07,0.07,-4.77,0,-1,18837645,1310821.45
ELEC,2006-03-02,0.07,0.07,0.07,0.07,-2.22,0,-1,24457620,1786951.98
ELEC,2006-03-01,0.08,0.08,0.07,0.07,-3.64,-0.01,-1,31484775,2352974.82
ELEC,2006-02-28,0.08,0.08,0.08,0.08,0.11,0,-1,16513230,1280632.24
ELEC,2006-02-27,0.08,0.08,0.08,0.08,-4.21,0,-1,19709030,1525472.92
ELEC,2006-02-26,0.08,0.08,0.08,0.08,2.74,0,-1,23317605,1884077.18
ELEC,2006-02-23,0.08,0.08,0.07,0.08,3.83,0,-1,45116315,3549014.92
ELEC,2006-02-22,0.08,0.08,0.07,0.08,-0.54,0,-1,12753885,966325.75
ELEC,2006-02-21,0.08,0.08,0.07,0.08,0.55,0,-1,19112190,1455764.53
ELEC,2006-02-20,0.08,0.08,0.07,0.08,3.63,0.01,-1,60568665,4587274.69
ELEC,2006-02-19,0.08,0.08,0.07,0.07,-4.34,-0.01,-1,55717060,4076187.54
ELEC,2006-02-16,0.08,0.08,0.08,0.08,-4.95,0,-1,17915480,1369887.18
ELEC,2006-02-15,0.09,0.09,0.08,0.08,-3,0,-1,26452010,2126063.24
ELEC,2006-02-14,0.09,0.09,0.08,0.08,-2.25,0,-1,22492410,1865327.12
ELEC,2006-02-13,0.09,0.09,0.08,0.08,-4.84,-0.01,-1,15768145,1336997.87
ELEC,2006-02-12,0.09,0.09,0.09,0.09,-2.18,0,-1,40282935,3591684.37
ELEC,2006-02-09,0.09,0.09,0.09,0.09,-4.6,-0.01,-1,36881475,3360887.69
ELEC,2006-02-08,0.1,0.1,0.09,0.1,-3.19,0,-1,15622190,1492419.19
ELEC,2006-02-07,0.1,0.1,0.09,0.1,3.3,0,-1,44074485,4349749.82
ELEC,2006-02-06,0.1,0.1,0.09,0.1,2.49,0.01,-1,31975110,3054073.63
ELEC,2006-02-05,0.1,0.1,0.09,0.09,-3.35,-0.01,-1,35477415,3305831.78
ELEC,2006-02-02,0.1,0.1,0.1,0.1,-4.12,0,-1,36058935,3477138.62
ELEC,2006-02-01,0.11,0.11,0.1,0.1,-3.5,0,-1,66414435,6676456.8
ELEC,2006-01-30,0.11,0.11,0.1,0.1,-3.83,-0.01,-1,45043575,4693946.65
ELEC,2006-01-29,0.12,0.12,0.11,0.11,-4.74,0,-1,42054045,4557786.55
ELEC,2006-01-26,0.11,0.11,0.1,0.11,3.94,0,-1,118612675,13486416.34
ELEC,2006-01-25,0.11,0.11,0.1,0.11,2.72,0,-1,110152265,12058497.5
ELEC,2006-01-24,0.11,0.11,0.1,0.11,-4.74,0,-1,113990505,12144017.65
ELEC,2006-01-23,0.12,0.12,0.11,0.11,-3.09,-0.01,-1,186603175,20865073.99
ELEC,2006-01-22,0.12,0.12,0.12,0.12,4.98,0.01,-1,41354185,4771771.04
ELEC,2006-01-19,0.11,0.11,0.11,0.11,4.91,0.01,-1,108258715,11901726.89
ELEC,2006-01-18,0.1,0.1,0.1,0.1,4.03,0,-1,160933055,16859139.9
ELEC,2006-01-17,0.1,0.1,0.1,0.1,4.92,0,-1,13905955,1400700.6
ELEC,2006-01-16,0.1,0.1,0.09,0.1,3.49,0.01,-1,68802060,6603016.94
ELEC,2006-01-15,0.1,0.1,0.09,0.09,-3.03,-0.01,-1,174665310,16208076.55
ELEC,2006-01-12,0.1,0.1,0.09,0.1,1.23,0.01,-1,177479340,16976732.84
ELEC,2006-01-08,0.09,0.09,0.09,0.09,4.97,0,-1,3691680,348897
ELEC,2006-01-05,0.09,0.09,0.09,0.09,4.93,0,-1,18512810,1666749.36
ELEC,2006-01-04,0.09,0.09,0.08,0.09,4.76,0.01,-1,210751990,18091394.27
ELEC,2006-01-03,0.08,0.08,0.08,0.08,4.99,0,-1,56614140,4637138.48
ELEC,2006-01-02,0.08,0.08,0.08,0.08,4.91,0.01,-1,21909685,1709204.17
ELEC,2005-12-29,0.07,0.07,0.07,0.07,4.67,0,-1,275465275,20474843.87
ELEC,2005-12-28,0.07,0.07,0.07,0.07,4.9,0,-1,21373025,1518501.16
ELEC,2005-12-27,0.07,0.07,0.06,0.07,3.16,0.01,-1,128343130,8695394.73
ELEC,2005-12-26,0.06,0.06,0.06,0.06,4.62,0,-1,36449640,2393482.88
ELEC,2005-12-25,0.06,0.06,0.06,0.06,2.57,0,-1,42763435,2682669.4
ELEC,2005-12-22,0.06,0.06,0.06,0.06,-1.99,0,-1,13819350,845157.13
ELEC,2005-12-21,0.06,0.06,0.06,0.06,-0.13,0,-1,36616340,2285017.9
ELEC,2005-12-20,0.06,0.06,0.06,0.06,-2.33,0,-1,19772595,1235347.53
ELEC,2005-12-19,0.07,0.07,0.06,0.06,-4.22,-0.01,-1,15736295,1007744.01
ELEC,2005-12-18,0.07,0.07,0.06,0.07,3.73,0.01,-1,20169210,1347546.75
ELEC,2005-12-13,0.07,0.07,0.06,0.06,-4.21,-0.01,-1,56899055,3758132.65
ELEC,2005-12-12,0.07,0.07,0.07,0.07,-3.37,0,-1,58136770,4011106.66
ELEC,2005-12-11,0.07,0.07,0.06,0.07,4.36,0,-1,120278245,8586693.65
ELEC,2005-12-08,0.07,0.07,0.06,0.07,4.96,0.01,-1,153545590,10498630.75
ELEC,2005-12-07,0.06,0.06,0.06,0.06,4.94,0,-1,20791865,1354091.2
ELEC,2005-12-06,0.06,0.06,0.06,0.06,3.45,0,-1,26075175,1619520.99
ELEC,2005-12-05,0.06,0.06,0.06,0.06,2.26,0,-1,14214875,852746.55
ELEC,2005-12-04,0.06,0.06,0.06,0.06,4.89,0,-1,43830350,2570992.2
ELEC,2005-12-01,0.06,0.06,0.05,0.06,4.49,0,-1,22475410,1256988.56
ELEC,2005-11-30,0.06,0.06,0.05,0.06,-3,0,-1,18430545,986648.14
ELEC,2005-11-29,0.06,0.06,0.06,0.06,-4.58,0,-1,21771090,1202569.15
ELEC,2005-11-28,0.06,0.06,0.06,0.06,-1.83,0,-1,24381620,1411780
ELEC,2005-11-27,0.06,0.06,0.06,0.06,4.56,0,-1,28474375,1679111.2
ELEC,2005-11-24,0.06,0.06,0.06,0.06,-3,0,-1,65985740,3719338.34
ELEC,2005-11-23,0.06,0.06,0.06,0.06,-4.88,0,-1,1658570,96387.5
ELEC,2005-11-22,0.06,0.06,0.06,0.06,-2.25,0,-1,70258945,4293374.75
ELEC,2005-11-21,0.06,0.06,0.06,0.06,-3.95,0,-1,21715725,1358071.08
ELEC,2005-11-20,0.06,0.06,0.06,0.06,2.75,0,-1,38259350,2489748.84
ELEC,2005-11-17,0.06,0.06,0.06,0.06,-1.29,0,-1,44818490,2840064.66
ELEC,2005-11-16,0.06,0.06,0.06,0.06,-4.44,-0.01,-1,168941970,10834529.08
ELEC,2005-11-15,0.07,0.07,0.06,0.07,4.25,0.01,-1,97324925,6537453.21
ELEC,2005-11-14,0.06,0.06,0.06,0.06,3.19,0,-1,184059225,11861627.93
ELEC,2005-11-13,0.06,0.06,0.06,0.06,4.58,0,-1,188880665,11790105.1
ELEC,2005-11-10,0.06,0.06,0.06,0.06,4.8,0,-1,101869170,6078552.45
ELEC,2005-11-09,0.06,0.06,0.06,0.06,4.41,0,-1,98492195,5606164.53
ELEC,2005-11-08,0.06,0.06,0.06,0.06,4.78,0.01,-1,54808040,2990118.02
ELEC,2005-11-07,0.06,0.06,0.05,0.05,-3.38,-0.01,-1,54768725,2850705.56
ELEC,2005-11-06,0.06,0.06,0.05,0.06,4.67,0.01,-1,109178710,5880310.72
ELEC,2005-11-01,0.05,0.05,0.05,0.05,4.02,0,-1,34159600,1757714.05
ELEC,2005-10-31,0.05,0.05,0.05,0.05,4.74,0,-1,55970255,2770558.34
ELEC,2005-10-30,0.05,0.05,0.05,0.05,4.2,0,-1,36956980,1747888.31
ELEC,2005-10-27,0.05,0.05,0.05,0.05,-0.55,0,-1,11586000,525104.45
ELEC,2005-10-26,0.05,0.05,0.04,0.05,0.18,0,-1,16185495,737694.57
ELEC,2005-10-25,0.05,0.05,0.05,0.05,-4.19,0,-1,42026790,1914112.7
ELEC,2005-10-24,0.05,0.05,0.05,0.05,-4.5,0,-1,34344155,1632829.46
ELEC,2005-10-23,0.05,0.05,0.05,0.05,1.01,0,-1,28656515,1425439.37
ELEC,2005-10-20,0.05,0.05,0.05,0.05,3.66,0,-1,31126645,1533530.87
ELEC,2005-10-19,0.05,0.05,0.05,0.05,-4.66,0,-1,26198330,1245269.11
ELEC,2005-10-18,0.05,0.05,0.05,0.05,-4.45,0,-1,44015980,2192428.19
ELEC,2005-10-17,0.06,0.06,0.05,0.05,0.96,0,-1,26424980,1378173.17
ELEC,2005-10-16,0.05,0.05,0.05,0.05,2.81,0,-1,43479695,2246997.07
ELEC,2005-10-13,0.05,0.05,0.05,0.05,0.66,0,-1,27428210,1377621.71
ELEC,2005-10-12,0.05,0.05,0.05,0.05,4.88,0,-1,51605855,2573698.14
ELEC,2005-10-11,0.05,0.05,0.05,0.05,3.8,0,-1,58670770,2792258.12
ELEC,2005-10-10,0.05,0.05,0.05,0.05,-1.43,0,-1,11373590,521351.91
ELEC,2005-10-09,0.05,0.05,0.05,0.05,2.94,0,-1,7986840,371366.89
ELEC,2005-10-05,0.05,0.05,0.04,0.05,4.01,0.01,-1,48974695,2212678.54
ELEC,2005-10-04,0.04,0.04,0.04,0.04,-4.9,-0.01,-1,12430250,540057
ELEC,2005-10-03,0.05,0.05,0.05,0.05,-4.34,0,-1,19244870,879662.6
ELEC,2005-10-02,0.05,0.05,0.05,0.05,4.73,0,-1,32299225,1541559.32
ELEC,2005-09-29,0.05,0.05,0.04,0.05,0.36,0,-1,8869085,404334.1
ELEC,2005-09-28,0.05,0.05,0.04,0.05,1.67,0,-1,103632445,4707330.35
ELEC,2005-09-27,0.05,0.05,0.04,0.05,4.86,0.01,-1,71601845,3197015
ELEC,2005-09-26,0.04,0.04,0.04,0.04,2.8,0,-1,65070450,2774892.02
ELEC,2005-09-25,0.04,0.04,0.04,0.04,3.73,0,-1,50294070,2083220.55
ELEC,2005-09-22,0.04,0.04,0.04,0.04,0.21,0,-1,6376155,254569.1
ELEC,2005-09-21,0.04,0.04,0.04,0.04,3,0,-1,14018135,558633.72
ELEC,2005-09-20,0.04,0.04,0.04,0.04,1.74,0,-1,8364275,323973.49
ELEC,2005-09-19,0.04,0.04,0.04,0.04,-0.65,0,-1,15112435,575277.4
ELEC,2005-09-18,0.04,0.04,0.04,0.04,-2.53,0,-1,18679385,715529.48
ELEC,2005-09-15,0.04,0.04,0.04,0.04,0.21,0,-1,5234575,205883.31
ELEC,2005-09-14,0.04,0.04,0.04,0.04,0.21,0,-1,9140845,358611.5
ELEC,2005-09-13,0.04,0.04,0.04,0.04,-0.21,0,-1,8227490,321996.7
ELEC,2005-09-12,0.04,0.04,0.04,0.04,-3.86,0,-1,12648450,496318.67
ELEC,2005-09-11,0.04,0.04,0.04,0.04,-1.6,0,-1,16771120,684152.81
ELEC,2005-09-08,0.04,0.04,0.04,0.04,3.09,0,-1,33937775,1405877.3
ELEC,2005-09-07,0.04,0.04,0.04,0.04,0.21,0,-1,10657325,428558.02
ELEC,2005-09-06,0.04,0.04,0.04,0.04,1.47,0,-1,18522815,743179.5
ELEC,2005-09-05,0.04,0.04,0.04,0.04,0.21,0,-1,13431545,531554.27
ELEC,2005-09-04,0.04,0.04,0.04,0.04,1.71,0,-1,7569370,298573.88
ELEC,2005-09-01,0.04,0.04,0.04,0.04,1.08,0,-1,7992870,310213.06
ELEC,2005-08-31,0.04,0.04,0.04,0.04,0.22,0,-1,13070395,501522.46
ELEC,2005-08-30,0.04,0.04,0.04,0.04,-1.49,0,-1,13081855,500905.6
ELEC,2005-08-29,0.04,0.04,0.04,0.04,-2.09,0,-1,16272590,632932.71
ELEC,2005-08-28,0.04,0.04,0.04,0.04,1.7,0,-1,17431175,691477.21
ELEC,2005-08-25,0.04,0.04,0.04,0.04,-0.63,0,-1,20608885,804260.54
ELEC,2005-08-24,0.04,0.04,0.04,0.04,3.95,0,-1,22866350,899437.97
ELEC,2005-08-23,0.04,0.04,0.04,0.04,3.87,0,-1,33916665,1281723.45
ELEC,2005-08-22,0.04,0.04,0.04,0.04,-3.52,0,-1,26308940,957186.76
ELEC,2005-08-21,0.04,0.04,0.04,0.04,-2.36,0,-1,15933995,600928
ELEC,2005-08-18,0.04,0.04,0.04,0.04,-2.31,0,-1,25013325,966383.49
ELEC,2005-08-17,0.04,0.04,0.04,0.04,-3.64,0,-1,37303535,1473968.82
ELEC,2005-08-16,0.04,0.04,0.04,0.04,-1.39,0,-1,34179145,1402891.99
ELEC,2005-08-15,0.04,0.04,0.04,0.04,-1.38,0,-1,36081500,1501107.75
ELEC,2005-08-14,0.04,0.04,0.04,0.04,-2.12,0,-1,53703015,2265515.82
ELEC,2005-08-11,0.05,0.05,0.04,0.04,-2.99,-0.01,-1,63459765,2734831.14
ELEC,2005-08-10,0.05,0.05,0.04,0.05,2.68,0.01,-1,40178110,1784991.7
ELEC,2005-08-09,0.04,0.04,0.04,0.04,4.4,0,-1,79890490,3455316.99
ELEC,2005-08-08,0.04,0.04,0.04,0.04,-2.15,0,-1,21979170,910193.4
ELEC,2005-08-07,0.04,0.04,0.04,0.04,4.29,0,-1,62758335,2657516.87
ELEC,2005-08-04,0.04,0.04,0.04,0.04,2.94,0,-1,66486085,2703408.12
ELEC,2005-08-03,0.04,0.04,0.04,0.04,0,0,-1,25592315,1009501.39
ELEC,2005-08-02,0.04,0.04,0.04,0.04,0.63,0,-1,24160885,954280.85
ELEC,2005-08-01,0.04,0.04,0.04,0.04,0.64,0,-1,22747895,892607.54
ELEC,2005-07-31,0.04,0.04,0.04,0.04,-1.26,0,-1,16839635,656425.22
ELEC,2005-07-28,0.04,0.04,0.04,0.04,0.42,0,-1,20603210,812230.68
ELEC,2005-07-27,0.04,0.04,0.04,0.04,-1.66,0,-1,23809990,936218.61
ELEC,2005-07-26,0.04,0.04,0.04,0.04,-4.55,0,-1,60547430,2420472.13
ELEC,2005-07-25,0.04,0.04,0.04,0.04,3.06,0,-1,55441560,2319078.2
ELEC,2005-07-24,0.04,0.04,0.04,0.04,-3.16,0,-1,88438470,3591557.1
ELEC,2005-07-21,0.04,0.04,0.04,0.04,3.27,0,-1,70821900,2970352.62
ELEC,2005-07-20,0.04,0.04,0.04,0.04,3.81,0,-1,74934195,3043872.53
ELEC,2005-07-19,0.04,0.04,0.04,0.04,4.89,0,-1,42095055,1646260.38
ELEC,2005-07-18,0.04,0.04,0.04,0.04,4.41,0,-1,72042725,2686506.88
ELEC,2005-07-17,0.04,0.04,0.04,0.04,1.89,0,-1,21896180,782390.56
ELEC,2005-07-14,0.04,0.04,0.04,0.04,2.42,0,-1,15602525,546634.6
ELEC,2005-07-13,0.04,0.04,0.03,0.04,-0.72,0,-1,7953305,272359.15
ELEC,2005-07-12,0.04,0.04,0.04,0.04,-0.95,0,-1,19514105,673007.78
ELEC,2005-07-11,0.04,0.04,0.04,0.04,0,0,-1,14997240,521637.71
ELEC,2005-07-10,0.04,0.04,0.04,0.04,0,0,-1,11506640,400750.98
ELEC,2005-07-07,0.04,0.04,0.04,0.04,-4.55,0,-1,50898280,1770808.62
ELEC,2005-07-06,0.04,0.04,0.04,0.04,-1.79,0,-1,8607810,313843.98
ELEC,2005-07-05,0.04,0.04,0.04,0.04,2.99,0,-1,12704665,471858.2
ELEC,2005-07-04,0.04,0.04,0.04,0.04,0.69,0,-1,12023745,433903.8
ELEC,2005-07-03,0.04,0.04,0.04,0.04,-1.82,0,-1,6010670,215334.95
ELEC,2005-06-30,0.04,0.04,0.04,0.04,3.77,0,-1,23759445,866318.58
ELEC,2005-06-29,0.04,0.04,0.04,0.04,-4.5,0,-1,21675315,762552.81
ELEC,2005-06-28,0.04,0.04,0.04,0.04,-3.06,0,-1,15529070,571383.3
ELEC,2005-06-27,0.04,0.04,0.04,0.04,-2.55,0,-1,15811565,600419
ELEC,2005-06-26,0.04,0.04,0.04,0.04,-0.21,0,-1,41118850,1603829.84
ELEC,2005-06-23,0.04,0.04,0.04,0.04,4.2,0,-1,42226055,1649492.56
ELEC,2005-06-22,0.04,0.04,0.04,0.04,-1.09,0,-1,29229245,1094200.38
ELEC,2005-06-21,0.04,0.04,0.04,0.04,3.86,0,-1,43442785,1644715.15
ELEC,2005-06-20,0.04,0.04,0.04,0.04,4.27,0,-1,24372935,889634.62
ELEC,2005-06-19,0.04,0.04,0.04,0.04,-0.24,0,-1,42012790,1471033.48
ELEC,2005-06-16,0.04,0.04,0.04,0.04,-1.17,0,-1,18223315,639004.09
ELEC,2005-06-15,0.04,0.04,0.04,0.04,-2.73,0,-1,13205855,468346.25
ELEC,2005-06-14,0.04,0.04,0.04,0.04,1.62,0,-1,16690305,608591.1
ELEC,2005-06-13,0.04,0.04,0.04,0.04,-2.7,0,-1,9577510,343940.74
ELEC,2005-06-12,0.04,0.04,0.04,0.04,4.95,0,-1,36155920,1332723.79
ELEC,2005-06-09,0.04,0.04,0.03,0.04,4.43,0.01,-1,25808115,906454.44
ELEC,2005-06-08,0.04,0.04,0.03,0.03,-1.22,0,-1,18938730,637384.16
ELEC,2005-06-07,0.04,0.04,0.03,0.03,0.98,0,-1,12742785,434255.2
ELEC,2005-06-06,0.04,0.04,0.03,0.03,0.74,0,-1,10905930,367985.78
ELEC,2005-06-05,0.04,0.04,0.03,0.03,-0.98,0,-1,26989500,903573.6
ELEC,2005-06-02,0.04,0.04,0.03,0.03,-3.77,-0.01,-1,15227990,515331.38
ELEC,2005-06-01,0.04,0.04,0.04,0.04,-1.4,0,-1,7705425,270860.02
ELEC,2005-05-31,0.04,0.04,0.04,0.04,0.7,0,-1,16918650,603427.3
ELEC,2005-05-30,0.04,0.04,0.04,0.04,-2.29,0,-1,7896620,279776.25
ELEC,2005-05-29,0.04,0.04,0.04,0.04,-3.74,0,-1,12896940,466966.26
ELEC,2005-05-26,0.04,0.04,0.04,0.04,-4.42,0,-1,27969445,1051788.91
ELEC,2005-05-25,0.04,0.04,0.04,0.04,2.37,0,-1,9950595,391556.53
ELEC,2005-05-24,0.04,0.04,0.04,0.04,4.27,0,-1,26788060,1030223.52
ELEC,2005-05-23,0.04,0.04,0.04,0.04,2.06,0,-1,9818755,362151.84
ELEC,2005-05-22,0.04,0.04,0.04,0.04,-4.39,0,-1,19374420,700832.04
ELEC,2005-05-19,0.04,0.04,0.04,0.04,-4.2,0,-1,27914075,1056025.78
ELEC,2005-05-18,0.04,0.04,0.04,0.04,-3.64,0,-1,31439180,1240980
ELEC,2005-05-17,0.04,0.04,0.04,0.04,0.61,0,-1,22303275,913081.36
ELEC,2005-05-16,0.04,0.04,0.04,0.04,-2.39,0,-1,16834205,685188.6
ELEC,2005-05-15,0.04,0.04,0.04,0.04,-2.33,0,-1,14056615,585994.02
ELEC,2005-05-12,0.04,0.04,0.04,0.04,-0.96,0,-1,27381165,1169685.35
ELEC,2005-05-11,0.05,0.05,0.04,0.04,-1.14,0,-1,6088110,262681.88
ELEC,2005-05-10,0.05,0.05,0.04,0.04,-0.57,0,-1,13778215,600918.7
ELEC,2005-05-09,0.05,0.05,0.04,0.04,-4.34,-0.01,-1,32210930,1413094.65
ELEC,2005-05-08,0.05,0.05,0.04,0.05,4.54,0.01,-1,49852350,2287042.95
ELEC,2005-05-05,0.05,0.05,0.04,0.04,1.34,0,-1,40950220,1797552.93
ELEC,2005-05-04,0.05,0.05,0.04,0.04,-2.25,-0.01,-1,10432725,451582.96
ELEC,2005-05-03,0.05,0.05,0.04,0.05,3.49,0.01,-1,22018245,974977.44
ELEC,2005-04-28,0.04,0.04,0.04,0.04,3.2,0,-1,30936665,1324387.21
ELEC,2005-04-27,0.04,0.04,0.04,0.04,-0.2,0,-1,33749605,1398664.18
ELEC,2005-04-26,0.04,0.04,0.04,0.04,4.81,0,-1,20099610,834662.81
ELEC,2005-04-20,0.04,0.04,0.04,0.04,-2.25,0,-1,28402250,1124839.22
ELEC,2005-04-19,0.04,0.04,0.04,0.04,-3.74,0,-1,26108825,1058295.74
ELEC,2005-04-18,0.04,0.04,0.04,0.04,-4.87,-0.01,-1,26275415,1107320.15
ELEC,2005-04-17,0.05,0.05,0.04,0.05,-3.44,0,-1,25825605,1143875.03
ELEC,2005-04-14,0.05,0.05,0.04,0.05,1.1,0,-1,22585780,1034614.86
ELEC,2005-04-13,0.05,0.05,0.05,0.05,-4.2,0,-1,22954040,1040080.5
ELEC,2005-04-12,0.05,0.05,0.05,0.05,-4.36,0,-1,16374640,775648.2
ELEC,2005-04-11,0.05,0.05,0.05,0.05,-3.4,0,-1,36915605,1827915.3
ELEC,2005-04-10,0.05,0.05,0.05,0.05,-4.92,-0.01,-1,5256165,269293.5
ELEC,2005-04-07,0.06,0.06,0.05,0.06,3.5,0.01,-1,40131180,2162687.24
ELEC,2005-04-06,0.05,0.05,0.05,0.05,4.49,0,-1,40577010,2113353.44
ELEC,2005-04-05,0.05,0.05,0.05,0.05,-1.96,0,-1,37776130,1882622.27
ELEC,2005-04-04,0.05,0.05,0.05,0.05,0.66,0,-1,13350965,677969.35
ELEC,2005-04-03,0.05,0.05,0.05,0.05,4.82,0,-1,17488590,883349.85
ELEC,2005-03-31,0.05,0.05,0.05,0.05,-3.81,0,-1,100722765,4849381.92
ELEC,2005-03-30,0.05,0.05,0.05,0.05,-4.88,0,-1,19293120,966661.3
ELEC,2005-03-29,0.06,0.06,0.05,0.05,-4.65,-0.01,-1,34523040,1817356.21
ELEC,2005-03-28,0.06,0.06,0.06,0.06,-4.86,0,-1,23454270,1294899.2
ELEC,2005-03-27,0.06,0.06,0.06,0.06,4.01,0,-1,42632800,2474599.83
ELEC,2005-03-24,0.06,0.06,0.06,0.06,-3.44,0,-1,52505100,2928054.46
ELEC,2005-03-23,0.06,0.06,0.06,0.06,-2.11,0,-1,62927095,3636721.63
ELEC,2005-03-22,0.06,0.06,0.06,0.06,-4.69,0,-1,51437825,3038013.05
ELEC,2005-03-21,0.06,0.06,0.06,0.06,-3.98,0,-1,23987060,1484885.48
ELEC,2005-03-20,0.06,0.06,0.06,0.06,-2.38,0,-1,46679110,3012118.87
ELEC,2005-03-17,0.07,0.07,0.06,0.06,-4.44,-0.01,-1,57615195,3807390.8
ELEC,2005-03-16,0.07,0.07,0.06,0.07,4.25,0.01,-1,167241055,11566278.54
ELEC,2005-03-15,0.07,0.07,0.06,0.06,-1.23,-0.01,-1,38140535,2529983.16
ELEC,2005-03-14,0.07,0.07,0.06,0.07,0.25,0,-1,38752940,2600728.84
ELEC,2005-03-13,0.07,0.07,0.06,0.07,1.13,0.01,-1,65123400,4364221.23
ELEC,2005-03-10,0.07,0.07,0.06,0.06,-2.44,-0.01,-1,63146500,4182019.29
ELEC,2005-03-09,0.07,0.07,0.06,0.07,-0.97,0,-1,50025085,3396356.53
ELEC,2005-03-08,0.07,0.07,0.07,0.07,-3.05,0,-1,32672800,2240505.16
ELEC,2005-03-07,0.07,0.07,0.06,0.07,1.91,0,-1,92125445,6515351.37
ELEC,2005-03-06,0.07,0.07,0.07,0.07,1.33,0,-1,65973800,4579398.11
ELEC,2005-03-03,0.07,0.07,0.07,0.07,0.73,0,-1,51243145,3509924.79
ELEC,2005-03-02,0.07,0.07,0.07,0.07,-0.61,0,-1,34192890,2325269.3
ELEC,2005-03-01,0.07,0.07,0.06,0.07,3.51,0.01,-1,78538540,5371563.26
ELEC,2005-02-28,0.07,0.07,0.06,0.06,-3.16,-0.01,-1,92752930,6125786.35
ELEC,2005-02-27,0.07,0.07,0.06,0.07,3.26,0.01,-1,61176000,4173217.05
ELEC,2005-02-24,0.07,0.07,0.06,0.06,4.05,0,-1,111237150,7349385.76
ELEC,2005-02-23,0.06,0.06,0.06,0.06,4.79,0,-1,72211725,4587054.94
ELEC,2005-02-22,0.06,0.06,0.06,0.06,1.81,0,-1,133862250,8109359.47
ELEC,2005-02-21,0.06,0.06,0.06,0.06,4.97,0,-1,186601965,11105016.77
ELEC,2005-02-17,0.06,0.06,0.05,0.06,4.82,0.01,-1,64044305,3460931.52
ELEC,2005-02-16,0.05,0.05,0.05,0.05,3.84,0,-1,71842620,3707000.2
ELEC,2005-02-15,0.05,0.05,0.05,0.05,1.87,0,-1,28925630,1435732.09
ELEC,2005-02-14,0.05,0.05,0.05,0.05,3.89,0,-1,70688975,3448518.83
ELEC,2005-02-13,0.05,0.05,0.05,0.05,4.81,0,-1,23631465,1109075.87
ELEC,2005-02-09,0.05,0.05,0.05,0.05,-4.59,0,-1,39602615,1774298.62
ELEC,2005-02-08,0.05,0.05,0.05,0.05,-4.71,0,-1,30356220,1425021.07
ELEC,2005-02-07,0.05,0.05,0.05,0.05,2.06,0,-1,53784920,2649317.32
ELEC,2005-02-06,0.05,0.05,0.05,0.05,4.49,0,-1,35964250,1734512.79
ELEC,2005-02-03,0.05,0.05,0.05,0.05,4.7,0.01,-1,50538695,2334544.82
ELEC,2005-02-02,0.05,0.05,0.04,0.04,3.91,0,-1,47391390,2091392.61
ELEC,2005-02-01,0.04,0.04,0.04,0.04,-1.16,0,-1,13643115,579018.07
ELEC,2005-01-31,0.05,0.05,0.04,0.04,0.19,0,-1,22970330,986038.95
ELEC,2005-01-30,0.04,0.04,0.04,0.04,1.57,0,-1,35189485,1508939.96
ELEC,2005-01-27,0.04,0.04,0.04,0.04,2.83,0,-1,34952700,1475315.9
ELEC,2005-01-26,0.04,0.04,0.04,0.04,3.13,0,-1,52005240,2134882.83
ELEC,2005-01-25,0.04,0.04,0.04,0.04,-2.83,0,-1,14405705,573596.92
ELEC,2005-01-24,0.04,0.04,0.04,0.04,-2.18,0,-1,33507635,1372876.45
ELEC,2005-01-18,0.04,0.04,0.04,0.04,-2.2,0,-1,37334170,1514554.08
ELEC,2005-01-17,0.04,0.04,0.04,0.04,0.4,0,-1,41178560,1705380.64
ELEC,2005-01-16,0.04,0.04,0.04,0.04,3.97,0,-1,41566845,1714898.85
ELEC,2005-01-13,0.04,0.04,0.04,0.04,4.13,0,-1,48633575,1930253.14
ELEC,2005-01-12,0.04,0.04,0.04,0.04,2.22,0,-1,12684525,484083.07
ELEC,2005-01-11,0.04,0.04,0.04,0.04,-0.66,0,-1,20150635,751959.58
ELEC,2005-01-10,0.04,0.04,0.04,0.04,-2.58,0,-1,38024130,1427188.23
ELEC,2005-01-09,0.04,0.04,0.04,0.04,4.97,0,-1,24279215,935704.88
ELEC,2005-01-06,0.04,0.04,0.04,0.04,3.99,0,-1,46543285,1710289.1
ELEC,2005-01-05,0.04,0.04,0.04,0.04,-1.16,0,-1,7440420,262842.76
ELEC,2005-01-04,0.04,0.04,0.04,0.04,0.94,0,-1,14699660,525718.69
ELEC,2005-01-03,0.04,0.04,0.04,0.04,0.97,0,-1,19671035,696890.12
ELEC,2005-01-02,0.04,0.04,0.04,0.04,0,0,-1,4375500,153397.71
ELEC,2004-12-30,0.02,0.02,0.02,0.02,-0.008,0,-1,16056435,556590.48
ELEC,2004-12-29,0.02,0.02,0.02,0.02,-0.005,0,-1,4131595,142896.21
ELEC,2004-12-28,0.02,0.02,0.02,0.02,-0.012,0,-1,9875325,339436.77
ELEC,2004-12-26,0.02,0.02,0.02,0.02,0,0,-1,12183210,417493.06
ELEC,2004-12-23,0.02,0.02,0.02,0.02,0,0,-1,4355835,149592.9
ELEC,2004-12-22,0.02,0.02,0.02,0.02,-0.005,0,-1,5716710,196444.99
ELEC,2004-12-21,0.02,0.02,0.02,0.02,-0.022,0,-1,5937930,205504.75
ELEC,2004-12-20,0.02,0.02,0.02,0.02,-0.017,0,-1,6201255,217738.34
ELEC,2004-12-19,0.02,0.02,0.02,0.02,0.005,0,-1,8414450,299038.99
ELEC,2004-12-16,0.02,0.02,0.02,0.02,-0.028,0,-1,4317840,151441.66
ELEC,2004-12-15,0.02,0.02,0.02,0.02,0.049,0,-1,31015670,1108396.05
ELEC,2004-12-14,0.02,0.02,0.02,0.02,0.017,0,-1,4621085,158205.98
ELEC,2004-12-13,0.02,0.02,0.02,0.02,-0.005,0,-1,14429580,492225.86
ELEC,2004-12-12,0.02,0.02,0.02,0.02,-0.012,0,-1,7465265,259282.27
ELEC,2004-12-09,0.02,0.02,0.02,0.02,0.017,0,-1,8888865,308424.48
ELEC,2004-12-08,0.02,0.02,0.02,0.02,-0.028,0,-1,6161090,213262.91
ELEC,2004-12-07,0.02,0.02,0.02,0.02,-0.03,0,-1,16652310,594146.9
ELEC,2004-12-06,0.02,0.02,0.02,0.02,0.046,0,-1,50263560,1818528.95
ELEC,2004-12-02,0.02,0.02,0.02,0.02,0.048,0,-1,19683460,682990
ELEC,2004-12-01,0.02,0.02,0.02,0.02,-0.02,0,-1,38105310,1266226.08
ELEC,2004-11-30,0.02,0.02,0.02,0.02,-0.022,0,-1,10145280,349105.46
ELEC,2004-11-29,0.02,0.02,0.02,0.02,-0.03,0,-1,12539055,445222.5
ELEC,2004-11-28,0.02,0.02,0.02,0.02,0.041,0,-1,31009645,1137666.9
ELEC,2004-11-25,0.02,0.02,0.02,0.02,0.05,0,-1,21474230,750780.62
ELEC,2004-11-24,0.02,0.02,0.02,0.02,-0.032,0,-1,14533075,484891.35
ELEC,2004-11-23,0.02,0.02,0.02,0.02,-0.015,0,-1,6132500,210324.36
ELEC,2004-11-22,0.02,0.02,0.02,0.02,-0.01,0,-1,4940380,170664.5
ELEC,2004-11-21,0.02,0.02,0.02,0.02,-0.04,0,-1,16484160,574013.32
ELEC,2004-11-18,0.02,0.02,0.02,0.02,-0.021,0,-1,12943865,465757.64
ELEC,2004-11-17,0.02,0.02,0.02,0.02,0.048,0,-1,34887445,1263264.08
ELEC,2004-11-16,0.02,0.02,0.02,0.02,0.05,0,-1,8858230,306413.85
ELEC,2004-11-11,0.02,0.02,0.02,0.02,0.016,0,-1,5988835,199801.96
ELEC,2004-11-10,0.02,0.02,0.02,0.02,0.024,0,-1,4159940,135823.19
ELEC,2004-11-09,0.02,0.02,0.02,0.02,-0.003,0,-1,2528635,81499.5
ELEC,2004-11-08,0.02,0.02,0.02,0.02,-0.011,0,-1,4978370,160783.57
ELEC,2004-11-07,0.02,0.02,0.02,0.02,-0.006,0,-1,3106900,101016.62
ELEC,2004-11-04,0.02,0.02,0.02,0.02,-0.018,0,-1,3058290,99571
ELEC,2004-11-03,0.02,0.02,0.02,0.02,-0.008,0,-1,2334425,76848.8
ELEC,2004-11-02,0.02,0.02,0.02,0.02,0.008,0,-1,1587645,52078.8
ELEC,2004-11-01,0.02,0.02,0.02,0.02,-0.003,0,-1,2060620,66995.9
ELEC,2004-10-31,0.02,0.02,0.02,0.02,-0.021,0,-1,1887635,61537.34
ELEC,2004-10-28,0.02,0.02,0.02,0.02,0.006,0,-1,8947485,296274.12
ELEC,2004-10-27,0.02,0.02,0.02,0.02,-0.021,0,-1,4586830,149658.5
ELEC,2004-10-26,0.02,0.02,0.02,0.02,-0.011,0,-1,1757120,57972.4
ELEC,2004-10-25,0.02,0.02,0.02,0.02,-0.012,0,-1,4613360,152830.8
ELEC,2004-10-24,0.02,0.02,0.02,0.02,0.018,0,-1,4885970,164067.2
ELEC,2004-10-21,0.02,0.02,0.02,0.02,-0.01,0,-1,4772710,157403.84
ELEC,2004-10-20,0.02,0.02,0.02,0.02,-0.01,0,-1,2898460,96743.45
ELEC,2004-10-19,0.02,0.02,0.02,0.02,-0.008,0,-1,8884885,298864.11
ELEC,2004-10-18,0.02,0.02,0.02,0.02,0.008,0,-1,5432515,181725.7
ELEC,2004-10-17,0.02,0.02,0.02,0.02,0.005,0,-1,877060,29193.5
ELEC,2004-10-14,0.02,0.02,0.02,0.02,-0.015,0,-1,5477150,181678.38
ELEC,2004-10-13,0.02,0.02,0.02,0.02,-0.013,0,-1,6800030,228637.07
ELEC,2004-10-12,0.02,0.02,0.02,0.02,0.005,0,-1,5990525,202643.34
ELEC,2004-10-11,0.02,0.02,0.02,0.02,0.013,0,-1,10079900,335148.15
ELEC,2004-10-10,0.02,0.02,0.02,0.02,-0.049,0,-1,18640905,612293.81
ELEC,2004-10-07,0.02,0.02,0.02,0.02,-0.017,0,-1,3960070,136168.2
ELEC,2004-10-05,0.02,0.02,0.02,0.02,-0.008,0,-1,4550645,157877.73
ELEC,2004-10-04,0.02,0.02,0.02,0.02,-0.01,0,-1,5464965,190357.86
ELEC,2004-10-03,0.02,0.02,0.02,0.02,-0.008,0,-1,6600995,231339.9
ELEC,2004-09-30,0.02,0.02,0.02,0.02,-0.015,0,-1,4144020,145308.5
ELEC,2004-09-29,0.02,0.02,0.02,0.02,0,0,-1,4543170,160780.77
ELEC,2004-09-28,0.02,0.02,0.02,0.02,-0.008,0,-1,4261025,149238.88
ELEC,2004-09-27,0.02,0.02,0.02,0.02,-0.01,0,-1,5845175,204477.85
ELEC,2004-09-26,0.02,0.02,0.02,0.02,-0.003,0,-1,4449920,156473.81
ELEC,2004-09-23,0.02,0.02,0.02,0.02,-0.021,0,-1,17256390,602483.61
ELEC,2004-09-22,0.02,0.02,0.02,0.02,0,0,-1,7248625,258047.21
ELEC,2004-09-21,0.02,0.02,0.02,0.02,-0.023,0,-1,13809820,489169.73
ELEC,2004-09-20,0.02,0.02,0.02,0.02,-0.031,0,-1,7826050,285282.36
ELEC,2004-09-19,0.02,0.02,0.02,0.02,-0.003,0,-1,9007555,338250.29
ELEC,2004-09-16,0.02,0.02,0.02,0.02,0.021,0,-1,22244290,828143.97
ELEC,2004-09-14,0.02,0.02,0.02,0.02,0.014,0,-1,9150620,344091.49
ELEC,2004-09-13,0.02,0.02,0.02,0.02,0.023,0,-1,8335205,312267.07
ELEC,2004-09-12,0.02,0.02,0.02,0.02,-0.016,0,-1,24378610,891972.81
ELEC,2004-09-09,0.02,0.02,0.02,0.02,-0.045,0,-1,20639400,781503.52
ELEC,2004-09-08,0.02,0.02,0.02,0.02,-0.022,0,-1,15171300,590130.65
ELEC,2004-09-07,0.03,0.03,0.02,0.02,-0.023,0,-1,5126740,202190.15
ELEC,2004-09-06,0.03,0.03,0.02,0.02,-0.011,0,-1,8919140,357717.48
ELEC,2004-09-05,0.03,0.03,0.02,0.03,0.041,0.01,-1,45252015,1819679.61
ELEC,2004-09-02,0.02,0.02,0.02,0.02,-0.013,0,-1,9191505,357895.72
ELEC,2004-09-01,0.02,0.02,0.02,0.02,0.003,0,-1,6436705,252557.43
ELEC,2004-08-31,0.02,0.02,0.02,0.02,-0.017,0,-1,8227840,318926.6
ELEC,2004-08-30,0.02,0.02,0.02,0.02,-0.017,0,-1,12701890,497686.9
ELEC,2004-08-29,0.02,0.02,0.02,0.02,-0.015,0,-1,9741310,386001.95
ELEC,2004-08-26,0.03,0.03,0.02,0.02,0.007,0,-1,12164635,488019.4
ELEC,2004-08-25,0.03,0.03,0.02,0.02,0.005,0,-1,13673035,546369.28
ELEC,2004-08-24,0.03,0.03,0.02,0.02,-0.009,0,-1,16612505,653989.3
ELEC,2004-08-23,0.03,0.03,0.02,0.02,-0.05,-0.01,-1,30413760,1223527.2
ELEC,2004-08-22,0.03,0.03,0.03,0.03,0,0,-1,12602855,528596.86
ELEC,2004-08-19,0.03,0.03,0.03,0.03,-0.041,0,-1,17399935,722977.98
ELEC,2004-08-18,0.03,0.03,0.03,0.03,-0.04,0,-1,17546735,750333.18
ELEC,2004-08-17,0.03,0.03,0.03,0.03,0,0,-1,14152755,617516.64
ELEC,2004-08-16,0.03,0.03,0.03,0.03,-0.012,0,-1,32889075,1421556.9
ELEC,2004-08-15,0.03,0.03,0.03,0.03,-0.023,0,-1,15409165,678047.65
ELEC,2004-08-12,0.03,0.03,0.03,0.03,-0.004,0,-1,11102785,495274.29
ELEC,2004-08-11,0.03,0.03,0.03,0.03,-0.006,0,-1,9241570,411358.12
ELEC,2004-08-10,0.03,0.03,0.03,0.03,-0.01,0,-1,9473885,423234.6
ELEC,2004-08-09,0.03,0.03,0.03,0.03,-0.011,0,-1,23545825,1059715.5
ELEC,2004-08-08,0.03,0.03,0.03,0.03,-0.015,0,-1,18862015,853290
ELEC,2004-08-05,0.03,0.03,0.03,0.03,-0.011,0,-1,13949255,633432.14
ELEC,2004-08-04,0.03,0.03,0.03,0.03,0,0,-1,17282085,786706.19
ELEC,2004-08-03,0.03,0.03,0.03,0.03,-0.027,0,-1,13197175,593618.46
ELEC,2004-08-02,0.03,0.03,0.03,0.03,0.002,0,-1,30592405,1408861.93
ELEC,2004-08-01,0.03,0.03,0.03,0.03,0.002,0,-1,23792380,1081746.37
ELEC,2004-07-29,0.03,0.03,0.03,0.03,0.008,0,-1,15523395,695034.26
ELEC,2004-07-28,0.03,0.03,0.03,0.03,-0.002,0,-1,11517610,508249.92
ELEC,2004-07-27,0.03,0.03,0.03,0.03,-0.002,0,-1,9414665,415178.15
ELEC,2004-07-26,0.03,0.03,0.03,0.03,-0.006,0,-1,8378870,373293.78
ELEC,2004-07-25,0.03,0.03,0.03,0.03,-0.55,0,-1,13909090,621938.17
ELEC,2004-07-22,0.03,0.03,0.03,0.03,-1.63,0,-1,28914895,1298476.54
ELEC,2004-07-21,0.03,0.03,0.03,0.03,-0.54,0,-1,27631575,1261885.92
ELEC,2004-07-20,0.03,0.03,0.03,0.03,-0.89,0,-1,9970735,457784.08
ELEC,2004-07-19,0.03,0.03,0.03,0.03,2.19,0,-1,53277695,2470755.07
ELEC,2004-07-18,0.03,0.03,0.03,0.03,0.55,0,-1,18182180,823722.77
ELEC,2004-07-15,0.03,0.03,0.03,0.03,1.3,0,-1,27214100,1226366.02
ELEC,2004-07-14,0.03,0.03,0.03,0.03,-1.1,0,-1,29064350,1293292.06
ELEC,2004-07-13,0.03,0.03,0.03,0.03,-3.55,0,-1,31168620,1402406.99
ELEC,2004-07-12,0.03,0.03,0.03,0.03,2.74,0,-1,54944475,2566013.25
ELEC,2004-07-11,0.03,0.03,0.03,0.03,4.38,0,-1,54661495,2482296.06
ELEC,2004-07-08,0.03,0.03,0.03,0.03,-0.19,0,-1,27320735,1188059.58
ELEC,2004-07-07,0.03,0.03,0.03,0.03,1.15,0,-1,43996925,1916483.69
ELEC,2004-07-06,0.03,0.03,0.03,0.03,-0.76,0,-1,13222625,569902.88
ELEC,2004-07-05,0.03,0.03,0.03,0.03,-0.76,0,-1,16728785,726860.93
ELEC,2004-07-04,0.03,0.03,0.03,0.03,2.52,0,-1,17670610,773197.19
ELEC,2004-06-30,0.03,0.03,0.03,0.03,4.67,0,-1,45178070,1927759.5
ELEC,2004-06-29,0.03,0.03,0.03,0.03,-1.2,0,-1,9431905,384916.98
ELEC,2004-06-28,0.03,0.03,0.03,0.03,-0.8,0,-1,21443840,885069.08
ELEC,2004-06-27,0.03,0.03,0.03,0.03,2.24,0,-1,15415195,641948.25
ELEC,2004-06-24,0.03,0.03,0.02,0.03,4.03,0.01,-1,23782850,968372.72
ELEC,2004-06-23,0.02,0.02,0.02,0.02,-4.65,-0.01,-1,41530175,1625754.64
ELEC,2004-06-22,0.03,0.03,0.02,0.03,-1.39,0,-1,14121270,579208.22
ELEC,2004-06-21,0.03,0.03,0.03,0.03,3.51,0.01,-1,25938145,1079383.84
ELEC,2004-06-20,0.03,0.03,0.02,0.02,-2.81,-0.01,-1,25998105,1046035.84
ELEC,2004-06-17,0.03,0.03,0.03,0.03,-0.6,0,-1,26504350,1097281.41
ELEC,2004-06-16,0.03,0.03,0.03,0.03,-1.18,0,-1,22718105,944738.83
ELEC,2004-06-15,0.03,0.03,0.03,0.03,-1.93,0,-1,13684375,576421.75
ELEC,2004-06-14,0.03,0.03,0.03,0.03,-0.19,0,-1,18485185,793352.18
ELEC,2004-06-13,0.03,0.03,0.03,0.03,0.39,0,-1,16979685,730666.38
ELEC,2004-06-10,0.03,0.03,0.03,0.03,-3.36,0,-1,29587010,1267758.53
ELEC,2004-06-09,0.03,0.03,0.03,0.03,1.52,0,-1,33585070,1490703.49
ELEC,2004-06-08,0.03,0.03,0.03,0.03,3.94,0,-1,20110825,878558.79
ELEC,2004-06-07,0.03,0.03,0.03,0.03,3.26,0.01,-1,15499635,651091.67
ELEC,2004-06-06,0.03,0.03,0.02,0.03,-3.54,0,-1,36070400,1469207.31
ELEC,2004-06-03,0.03,0.03,0.03,0.03,-3.05,0,-1,24771115,1045376.81
ELEC,2004-06-02,0.03,0.03,0.03,0.03,2.54,0,-1,24598380,1069603.69
ELEC,2004-06-01,0.03,0.03,0.03,0.03,-3.94,0,-1,24895240,1055896.65
ELEC,2004-05-31,0.03,0.03,0.03,0.03,1.91,0,-1,25564340,1128380.99
ELEC,2004-05-30,0.03,0.03,0.03,0.03,-1.69,0,-1,15519410,672350.23
ELEC,2004-05-27,0.03,0.03,0.03,0.03,-2.56,0,-1,11936540,525959.87
ELEC,2004-05-26,0.03,0.03,0.03,0.03,3.41,0,-1,15125215,684287
ELEC,2004-05-25,0.03,0.03,0.03,0.03,-1.49,0,-1,17209825,753464.7
ELEC,2004-05-24,0.03,0.03,0.03,0.03,-3.6,0,-1,37674445,1673118.34
ELEC,2004-05-23,0.04,0.04,0.03,0.03,-2.46,-0.01,-1,27408310,1263432.41
ELEC,2004-05-20,0.04,0.04,0.03,0.03,3.45,0,-1,37809300,1785365.54
ELEC,2004-05-19,0.03,0.03,0.03,0.03,-4.17,0,-1,53918570,2463532.85
ELEC,2004-05-18,0.04,0.04,0.03,0.03,-4.01,-0.01,-1,34112920,1625246.56
ELEC,2004-05-17,0.04,0.04,0.04,0.04,-4.62,0,-1,17906315,888643.78
ELEC,2004-05-16,0.04,0.04,0.04,0.04,-0.95,0,-1,24118175,1255993.36
ELEC,2004-05-13,0.04,0.04,0.04,0.04,2.92,0,-1,56442620,2968480.62
ELEC,2004-05-12,0.04,0.04,0.04,0.04,-4.05,0,-1,85206005,4352795.53
ELEC,2004-05-11,0.04,0.04,0.04,0.04,-4.75,0,-1,21164950,1126695.35
ELEC,2004-05-10,0.04,0.04,0.04,0.04,4.01,0,-1,199761020,11167361.73
ELEC,2004-05-09,0.04,0.04,0.04,0.04,4.85,0,-1,6475560,347814
ELEC,2004-05-06,0.04,0.04,0.03,0.04,3.52,0,-1,98172545,5025910.97
ELEC,2004-05-05,0.04,0.04,0.03,0.04,4.74,0.01,-1,51800785,2562623.29
ELEC,2004-05-04,0.03,0.03,0.03,0.03,4.4,0,-1,48270015,2281556.01
ELEC,2004-05-03,0.03,0.03,0.03,0.03,4,0,-1,59996900,2715396.23
ELEC,2004-04-29,0.03,0.03,0.03,0.03,0.96,0,-1,31033285,1351409.79
ELEC,2004-04-28,0.03,0.03,0.03,0.03,-4.24,0,-1,31180805,1343092.62
ELEC,2004-04-27,0.03,0.03,0.03,0.03,-1.09,0,-1,41794100,1882046.86
ELEC,2004-04-26,0.03,0.03,0.03,0.03,2.04,0,-1,25220560,1147801.66
ELEC,2004-04-22,0.03,0.03,0.03,0.03,-2.54,0,-1,16335310,728373.4
ELEC,2004-04-21,0.03,0.03,0.03,0.03,2.41,0,-1,47019990,2150080.67
ELEC,2004-04-20,0.03,0.03,0.03,0.03,-2.36,0,-1,26152860,1168591.3
ELEC,2004-04-19,0.03,0.03,0.03,0.03,2.6,0,-1,30761760,1406878.68
ELEC,2004-04-18,0.03,0.03,0.03,0.03,-2.71,0,-1,19709990,878423.51
ELEC,2004-04-15,0.04,0.04,0.03,0.03,0,0,-1,41299910,1894740.4
ELEC,2004-04-14,0.03,0.03,0.03,0.03,4.34,0,-1,53018235,2429276.83
ELEC,2004-04-13,0.03,0.03,0.03,0.03,4.74,0,-1,30706025,1349719.13
ELEC,2004-04-08,0.03,0.03,0.02,0.03,0.8,0,-1,37705450,1579946.05
ELEC,2004-04-07,0.03,0.03,0.03,0.03,-3.65,0,-1,28212385,1173242.18
ELEC,2004-04-06,0.03,0.03,0.03,0.03,4.62,0,-1,51534090,2224932.69
ELEC,2004-04-05,0.03,0.03,0.03,0.03,4.62,0.01,-1,27915890,1152312.42
ELEC,2004-04-04,0.02,0.02,0.02,0.02,4.62,0,-1,29968295,1182296.29
ELEC,2004-04-01,0.02,0.02,0.02,0.02,-3.19,0,-1,20959290,790722.15
ELEC,2004-03-31,0.02,0.02,0.02,0.02,-3.29,-0.01,-1,25109945,978919.41
ELEC,2004-03-30,0.03,0.03,0.02,0.02,1.67,0,-1,27899000,1123891.52
ELEC,2004-03-29,0.02,0.02,0.02,0.02,4.14,0,-1,47079460,1866409.4
ELEC,2004-03-28,0.02,0.02,0.02,0.02,4.08,0,-1,37707500,1434989.84
ELEC,2004-03-25,0.02,0.02,0.02,0.02,1.38,0,-1,19600595,716565.31
ELEC,2004-03-24,0.02,0.02,0.02,0.02,0.69,0,-1,11472255,413346.37
ELEC,2004-03-23,0.02,0.02,0.02,0.02,-1.37,0,-1,3061425,109594.99
ELEC,2004-03-22,0.02,0.02,0.02,0.02,0.92,0,-1,1774730,64427.06
ELEC,2004-03-21,0.02,0.02,0.02,0.02,-3.13,0,-1,10700510,384856.06
ELEC,2004-03-18,0.02,0.02,0.02,0.02,2.75,0,-1,7506035,278541.29
ELEC,2004-03-17,0.02,0.02,0.02,0.02,-1.13,0,-1,1685470,60881.79
ELEC,2004-03-16,0.02,0.02,0.02,0.02,1.61,0,-1,10573375,386318.4
ELEC,2004-03-15,0.02,0.02,0.02,0.02,0.46,0,-1,11996725,431676.4
ELEC,2004-03-14,0.02,0.02,0.02,0.02,1.17,0,-1,8238705,295189.5
ELEC,2004-03-11,0.02,0.02,0.02,0.02,3.14,0,-1,12181165,431538.38
ELEC,2004-03-10,0.02,0.02,0.02,0.02,-1.43,0,-1,6394015,219518.09
ELEC,2004-03-09,0.02,0.02,0.02,0.02,0.72,0,-1,2951535,102805.53
ELEC,2004-03-08,0.02,0.02,0.02,0.02,-1.65,0,-1,4152710,143517.91
ELEC,2004-03-07,0.02,0.02,0.02,0.02,-0.24,0,-1,2606795,91624.8
ELEC,2004-03-04,0.02,0.02,0.02,0.02,-1.62,0,-1,8944710,315217.99
ELEC,2004-03-03,0.02,0.02,0.02,0.02,4.35,0,-1,34652950,1241699.8
ELEC,2004-03-02,0.02,0.02,0.02,0.02,4.81,0,-1,4952675,169955.28
ELEC,2004-03-01,0.02,0.02,0.02,0.02,-0.75,0,-1,929165,30408.17
ELEC,2004-02-29,0.02,0.02,0.02,0.02,-0.25,0,-1,2384720,78747.92
ELEC,2004-02-26,0.02,0.02,0.02,0.02,-2.68,0,-1,3808445,126085.48
ELEC,2004-02-25,0.02,0.02,0.02,0.02,0.99,0,-1,1996070,67902.25
ELEC,2004-02-24,0.02,0.02,0.02,0.02,3.57,0,-1,8414090,282847.33
ELEC,2004-02-23,0.02,0.02,0.02,0.02,-3.69,0,-1,10118015,328379.28
ELEC,2004-02-22,0.02,0.02,0.02,0.02,-2.63,0,-1,4501790,151806.2
ELEC,2004-02-19,0.02,0.02,0.02,0.02,-0.95,0,-1,2225870,77066.1
ELEC,2004-02-18,0.02,0.02,0.02,0.02,2.43,0,-1,530865,18547
ELEC,2004-02-17,0.02,0.02,0.02,0.02,-0.96,0,-1,4611915,157493.25
ELEC,2004-02-16,0.02,0.02,0.02,0.02,-0.95,0,-1,5647350,194543.25
ELEC,2004-02-15,0.02,0.02,0.02,0.02,-1.64,0,-1,4912630,171031.94
ELEC,2004-02-12,0.02,0.02,0.02,0.02,0.47,0,-1,2315125,82013.71
ELEC,2004-02-11,0.02,0.02,0.02,0.02,-3.19,0,-1,5422870,191237.37
ELEC,2004-02-10,0.02,0.02,0.02,0.02,-3.94,0,-1,5825630,211848.66
ELEC,2004-02-09,0.02,0.02,0.02,0.02,-0.22,0,-1,9129995,345628.43
ELEC,2004-02-08,0.02,0.02,0.02,0.02,4.09,0,-1,22674915,861550.51
ELEC,2004-02-05,0.02,0.02,0.02,0.02,2.8,0,-1,17635510,642855.35
ELEC,2004-02-04,0.02,0.02,0.02,0.02,2.64,0,-1,4300950,152640.72
ELEC,2004-02-03,0.02,0.02,0.02,0.02,0,0,-1,1646755,56932.5
ELEC,2004-01-29,0.02,0.02,0.02,0.02,0.97,0,-1,6170010,213389.08
ELEC,2004-01-28,0.02,0.02,0.02,0.02,1.47,0,-1,1260755,43198
ELEC,2004-01-27,0.02,0.02,0.02,0.02,-1.21,0,-1,3935820,132809.2
ELEC,2004-01-26,0.02,0.02,0.02,0.02,-3.51,0,-1,12887895,440561.77
ELEC,2004-01-25,0.02,0.02,0.02,0.02,-3.39,0,-1,3105695,110032.1
ELEC,2004-01-22,0.02,0.02,0.02,0.02,4,0,-1,26083500,955716.07
ELEC,2004-01-21,0.02,0.02,0.02,0.02,4.42,0,-1,20690180,728849.71
ELEC,2004-01-20,0.02,0.02,0.02,0.02,1.24,0,-1,7234275,243910.73
ELEC,2004-01-19,0.02,0.02,0.02,0.02,-0.25,0,-1,7258400,241686.58
ELEC,2004-01-18,0.02,0.02,0.02,0.02,-1.47,0,-1,2634175,88040.19
ELEC,2004-01-15,0.02,0.02,0.02,0.02,-0.73,0,-1,3641745,123518.16
ELEC,2004-01-14,0.02,0.02,0.02,0.02,2.74,0,-1,8111570,276786.75
ELEC,2004-01-13,0.02,0.02,0.02,0.02,-0.25,0,-1,3633420,120740.22
ELEC,2004-01-12,0.02,0.02,0.02,0.02,-0.99,0,-1,7720380,257111.11
ELEC,2004-01-11,0.02,0.02,0.02,0.02,-1.46,0,-1,2388230,80354.98
ELEC,2004-01-08,0.02,0.02,0.02,0.02,-2.14,0,-1,5503445,187937.58
ELEC,2004-01-06,0.02,0.02,0.02,0.02,2.68,0,-1,9825385,343106.98
ELEC,2004-01-05,0.02,0.02,0.02,0.02,1.23,0,-1,4801540,162989.5
ELEC,2004-01-04,0.02,0.02,0.02,0.02,-1.94,0,-1,7174685,241006.2
ELEC,2003-12-31,0.02,0.02,0.02,0.02,-0.48,0,-1,5599220,191474.86
ELEC,2003-12-30,0.02,0.02,0.02,0.02,-1.19,0,-1,2985790,102701.13
ELEC,2003-12-29,0.02,0.02,0.02,0.02,-0.47,0,-1,5181620,180528.6
ELEC,2003-12-28,0.02,0.02,0.02,0.02,4.71,0,-1,15202175,532271.8
ELEC,2003-12-25,0.02,0.02,0.02,0.02,1.51,0,-1,2105240,70362
ELEC,2003-12-24,0.02,0.02,0.02,0.02,-1,0,-1,4674280,153990.39
ELEC,2003-12-23,0.02,0.02,0.02,0.02,-0.5,0,-1,7273475,241826.15
ELEC,2003-12-22,0.02,0.02,0.02,0.02,0.25,0,-1,3701695,123787.83
ELEC,2003-12-21,0.02,0.02,0.02,0.02,-3.13,0,-1,6072180,202468.72
ELEC,2003-12-18,0.02,0.02,0.02,0.02,3.75,0,-1,9271360,319243.85
ELEC,2003-12-17,0.02,0.02,0.02,0.02,-4.53,0,-1,6765650,224418.7
ELEC,2003-12-16,0.02,0.02,0.02,0.02,-4.56,0,-1,11719170,407076.94
ELEC,2003-12-15,0.02,0.02,0.02,0.02,-4.57,0,-1,24084165,876450.84
ELEC,2003-12-14,0.02,0.02,0.02,0.02,0,0,-1,5333365,203316.4
ELEC,2003-12-11,0.02,0.02,0.02,0.02,0.88,0,-1,3155625,120372.65
ELEC,2003-12-10,0.02,0.02,0.02,0.02,-2.98,0,-1,8117720,306987.41
ELEC,2003-12-09,0.02,0.02,0.02,0.02,-1.67,0,-1,3962840,154455.21
ELEC,2003-12-08,0.02,0.02,0.02,0.02,-0.83,0,-1,4531100,179643.15
ELEC,2003-12-07,0.03,0.03,0.02,0.02,-0.82,0,-1,5631665,225098.06
ELEC,2003-12-04,0.03,0.03,0.02,0.02,-1.22,0,-1,4293590,172930.09
ELEC,2003-12-03,0.03,0.03,0.03,0.03,-1.2,0,-1,5045560,205719.05
ELEC,2003-12-02,0.03,0.03,0.03,0.03,-0.8,0,-1,2106805,86995.41
ELEC,2003-12-01,0.03,0.03,0.03,0.03,-1.95,0,-1,3020055,125704.3
ELEC,2003-11-30,0.03,0.03,0.03,0.03,2.2,0,-1,19318330,819513.54
ELEC,2003-11-24,0.03,0.03,0.03,0.03,1.62,0,-1,2057595,85478.4
ELEC,2003-11-23,0.03,0.03,0.03,0.03,-1.2,0,-1,1870025,76422
ELEC,2003-11-20,0.03,0.03,0.03,0.03,0,0,-1,1444350,59778.24
ELEC,2003-11-19,0.03,0.03,0.03,0.03,-2.16,0,-1,8871015,367255.62
ELEC,2003-11-18,0.03,0.03,0.03,0.03,0.39,0,-1,4444010,188004.6
ELEC,2003-11-17,0.03,0.03,0.03,0.03,-0.97,0,-1,1350740,56825.8
ELEC,2003-11-16,0.03,0.03,0.03,0.03,2.19,0,-1,15557770,661893.9
ELEC,2003-11-13,0.03,0.03,0.03,0.03,-0.2,0,-1,3414250,142041
ELEC,2003-11-12,0.03,0.03,0.03,0.03,1.82,0,-1,8221815,342879.73
ELEC,2003-11-11,0.03,0.03,0.03,0.03,0.61,0,-1,1762065,72203.12
ELEC,2003-11-10,0.03,0.03,0.03,0.03,-2.39,0,-1,2853230,116153
ELEC,2003-11-09,0.03,0.03,0.03,0.03,-1.18,0,-1,7296515,303979.81
ELEC,2003-11-06,0.03,0.03,0.03,0.03,-0.97,0,-1,6702320,282951.05
ELEC,2003-11-05,0.03,0.03,0.03,0.03,4.47,0,-1,15763075,671470.9
ELEC,2003-11-04,0.03,0.03,0.02,0.03,0.41,0,-1,13093315,533925.99
ELEC,2003-11-03,0.03,0.03,0.03,0.03,-4.85,0,-1,3665145,148970
