Symbol,Date Range,Open,High,Low,Closed,% Change,Change,Prev. Closed,Volume,Turnover
GSSC,2026-09-07,324,324,303,314.19,3.69,11.19,-1,44374,13959689
GSSC,2026-09-06,305,305,292.01,303,0,0,-1,35806,10721412
GSSC,2026-09-03,325,325,281,303,8.23,23.03,-1,149839,45830800
GSSC,2026-09-02,282,282,278,279.97,0.05,0.13,-1,5994,1675285.5
GSSC,2026-09-01,284.9,284.9,278.01,279.37,-0.94,-2.65,-1,22444,6288079
GSSC,2026-08-31,286,286,282,282.02,-0.4,-1.14,-1,32539,9229412
GSSC,2026-08-30,289.7,289.7,282.05,283.16,-1.09,-3.13,-1,12990,3692719.25
GSSC,2026-08-26,292.91,292.91,286.05,286.29,-1.1,-3.18,-1,9105,2614296.5
GSSC,2026-08-25,294.24,294.24,288.33,289.23,-0.24,-0.71,-1,26306,7664128.5
GSSC,2026-08-24,293.99,293.99,280,289.94,1.49,4.25,-1,58417,16816872
GSSC,2026-08-23,289.87,289.87,282.1,285.69,0.93,2.63,-1,30586,8768184
GSSC,2026-08-20,285,285,282.2,283.06,-0.68,-1.94,-1,32941,9333206
GSSC,2026-08-19,291.1,291.1,283,285,-1.72,-5,-1,55202,15839186
GSSC,2026-08-18,301,301,282,290,3.14,8.83,-1,287726,84069776
GSSC,2026-08-17,286.25,286.25,279.01,281.17,0.77,2.16,-1,24162,6852081
GSSC,2026-08-16,281.5,281.5,278.05,279.01,-0.59,-1.65,-1,9524,2659758.75
GSSC,2026-08-13,287.8,287.8,278.57,280.66,-0.49,-1.37,-1,19041,5345865.66
GSSC,2026-08-12,289,289,275.5,282.03,2.69,7.4,-1,54812,15485657
GSSC,2026-08-11,277.75,277.75,274,274.63,0.14,0.38,-1,20303,5584248.5
GSSC,2026-08-10,276.8,276.8,273,274.62,-0.12,-0.34,-1,13663,3745310.75
GSSC,2026-08-09,280,280,265.01,275,-1.82,-5.09,-1,22880,6292193
GSSC,2026-08-06,283.95,283.95,278,280.09,-0.79,-2.22,-1,19360,5425894
GSSC,2026-08-05,283.01,283.01,280,281.22,0.3,0.83,-1,27229,7677547
GSSC,2026-08-04,287.69,287.69,275.1,280.39,-2.06,-5.9,-1,38790,10927575
GSSC,2026-08-03,298.99,298.99,283.5,286.29,0.85,2.4,-1,223784,65037152
GSSC,2026-08-02,288.7,288.7,280.99,283.89,1.03,2.9,-1,58221,16522823
GSSC,2026-07-30,291,291,278,280.99,-1.06,-3.01,-1,158321,44727100
GSSC,2026-07-29,300,300,266.65,284,6.74,17.94,-1,162201,46543240
GSSC,2026-07-28,268,268,266,266.06,0.02,0.05,-1,15705,4194049
GSSC,2026-07-27,267,267,265.01,266,0.05,0.12,-1,14206,3782556.25
GSSC,2026-07-26,272,272,264,265.88,-1.11,-3.01,-1,8430,2249783.75
GSSC,2026-07-22,273.49,273.49,270,270.81,-0.44,-1.19,-1,21011,5695533.5
GSSC,2026-07-21,275.12,275.12,270.3,272,-0.73,-2,-1,21016,5721497.5
GSSC,2026-07-20,279.5,279.5,270,274,-1.08,-2.99,-1,77350,21215298
GSSC,2026-07-19,288.95,288.95,264,276.99,4.12,10.97,-1,269518,74946904
GSSC,2026-07-16,270,270,263.6,266.02,1.36,3.58,-1,45871,12271889
GSSC,2026-07-15,262.5,262.5,258.15,262.44,1.35,3.5,-1,26981,7047992
GSSC,2026-07-14,260.85,260.85,258.2,259,-0.93,-2.44,-1,11758,3052610
GSSC,2026-07-13,262.5,262.5,258.79,261.44,1.03,2.67,-1,18722,4887512.5
GSSC,2026-07-12,258.95,258.95,257,258.77,0.69,1.77,-1,10867,2802840.75
GSSC,2026-07-09,262.7,262.7,248,257,1.58,4,-1,64353,16592795
GSSC,2026-07-08,255.8,255.8,252.8,253,-0.42,-1.06,-1,18907,4795067
GSSC,2026-07-07,263.63,263.63,250.5,254.06,1.56,3.9,-1,73296,18773198
GSSC,2026-07-06,251,251,248,250.1,1.14,2.82,-1,11179,2796788.25
GSSC,2026-07-05,249.99,249.99,245.01,248.17,1.53,3.73,-1,6085,1511510.63
GSSC,2026-07-01,246.99,246.99,241.32,244.44,0.49,1.19,-1,9363,2295315
GSSC,2026-06-30,244.8,244.8,242,244.16,1.19,2.86,-1,8041,1960335.88
GSSC,2026-06-29,245,245,240.52,241.29,-0.29,-0.71,-1,8228,1986251.5
GSSC,2026-06-28,247,247,242,242,-1.59,-3.91,-1,17121,4158466.25
GSSC,2026-06-25,249.5,249.5,240,245.91,-1.22,-3.03,-1,7953,1967935.63
GSSC,2026-06-24,251.98,251.98,248,248.13,-0.82,-2.04,-1,12157,3027222.75
GSSC,2026-06-23,255,255,250.05,250.17,-0.67,-1.68,-1,15198,3826641.5
GSSC,2026-06-22,256.89,256.89,248.8,251.85,0.81,2.02,-1,55699,14086721
GSSC,2026-06-21,249.95,249.95,247.5,249.83,0.76,1.88,-1,20239,5040142
GSSC,2026-06-17,248.9,248.9,246.1,248,0.19,0.46,-1,11776,2914378.75
GSSC,2026-06-16,249,249,246.1,247.54,-0.69,-1.71,-1,6058,1499170.88
GSSC,2026-06-15,250.9,250.9,247.65,248.31,-0.14,-0.34,-1,11716,2914336.25
GSSC,2026-06-14,250.99,250.99,247.25,248.65,0.42,1.04,-1,8053,2004417.88
GSSC,2026-06-11,249,249,247.29,247.61,-0.67,-1.66,-1,13614,3375704.5
GSSC,2026-06-10,252.8,252.8,248.8,249.27,-0.03,-0.08,-1,19763,4961173.5
GSSC,2026-06-09,251,251,248.32,249.35,0.37,0.93,-1,12604,3138505
GSSC,2026-06-08,252,252,247.01,248.92,0.19,0.48,-1,12281,3068461.25
GSSC,2026-06-07,254.77,254.77,228.1,248.44,-1.2,-3.03,-1,12076,2976408.75
GSSC,2026-06-04,254.87,254.87,250.01,251.47,-0.38,-0.95,-1,5601,1406603.63
GSSC,2026-06-03,256.97,256.97,250,252.95,-1.18,-3.03,-1,7232,1835301.38
GSSC,2026-06-02,257.49,257.49,255,255.98,0.22,0.56,-1,11392,2913476
GSSC,2026-06-01,256.29,256.29,254.5,255.42,0.28,0.71,-1,6708,1712223.38
GSSC,2026-05-25,257.9,257.9,254.1,255.15,-0.38,-0.98,-1,13113,3358656
GSSC,2026-05-24,260,260,255.6,256.13,-0.66,-1.71,-1,17150,4398060
GSSC,2026-05-21,263.5,263.5,256,257.84,-1.84,-4.83,-1,22426,5821679.5
GSSC,2026-05-20,266.8,266.8,262.6,262.67,-0.6,-1.58,-1,21185,5587054.5
GSSC,2026-05-19,267,267,264.01,264.25,0.11,0.3,-1,17593,4677771.5
GSSC,2026-05-18,268.9,268.9,262,264.7,-0.3,-0.79,-1,59611,15869589
GSSC,2026-05-17,272.5,272.5,265.3,265.49,0.47,1.23,-1,75202,20163400
GSSC,2026-05-14,267,267,264.14,264.26,-0.44,-1.18,-1,25639,6788123.5
GSSC,2026-05-13,266,266,264.01,265.44,-0.18,-0.47,-1,34197,9051905
GSSC,2026-05-12,268.42,268.42,265.51,265.91,-0.93,-2.5,-1,52412,13975745
GSSC,2026-05-11,269.99,269.99,267,268.41,-0.24,-0.65,-1,41047,10998206
GSSC,2026-05-10,270.09,270.09,268.31,268.85,0.1,0.27,-1,38112,10252271
GSSC,2026-05-06,275,275,267.72,268.58,-0.63,-1.7,-1,73695,19888078
GSSC,2026-05-05,274,274,266,270.28,0.7,1.87,-1,109949,29667578
GSSC,2026-05-04,275.9,275.9,268,268.41,-1.32,-3.6,-1,101595,27485590
GSSC,2026-05-03,277.77,277.77,268.68,272.01,1.16,3.12,-1,162339,44448136
GSSC,2026-04-30,276,276,268,268.89,-1.14,-3.11,-1,85170,23046610
GSSC,2026-04-29,276,276,268.1,272,-0.2,-0.54,-1,132616,36107404
GSSC,2026-04-28,285.65,285.65,272.2,272.54,-4.37,-12.46,-1,160713,44808620
GSSC,2026-04-27,299,299,285,285,3.44,9.49,-1,270348,78315360
GSSC,2026-04-26,278.84,278.84,265.85,275.51,5.14,13.46,-1,261219,70857032
GSSC,2026-04-23,268,268,260.51,262.05,1.43,3.7,-1,185389,48893028
GSSC,2026-04-22,272,272,248.21,258.35,4.17,10.35,-1,237886,62699728
GSSC,2026-04-21,249,249,247.05,248,0.09,0.23,-1,2536,629418.63
GSSC,2026-04-20,248.95,248.95,244.02,246.82,-0.09,-0.23,-1,8679,2141528.25
GSSC,2026-04-19,249.94,249.94,241.3,247.05,2.47,5.95,-1,16089,3974746.5
GSSC,2026-04-16,243.99,243.99,235,241.1,0.94,2.25,-1,9437,2266895.75
GSSC,2026-04-15,239.5,239.5,236.25,238.85,0.5,1.18,-1,3047,727875
GSSC,2026-04-14,241,241,236.15,237.42,-2.38,-5.75,-1,1627,387149.13
GSSC,2026-04-09,242,242,232.02,241.95,0.99,2.38,-1,7095,1697853.13
GSSC,2026-04-08,241.89,241.89,233.99,239.57,1.98,4.65,-1,6125,1450731.5
GSSC,2026-04-07,242,242,228.6,234.95,1.08,2.5,-1,6810,1602733.63
GSSC,2026-04-06,238.5,238.5,217.02,232.55,-0.03,-0.06,-1,8412,1944266.88
GSSC,2026-04-05,248.99,248.99,226,234.06,3.38,7.65,-1,28623,6790275
GSSC,2026-04-02,227.99,227.99,222.11,226.41,0.95,2.12,-1,8996,2024908.88
GSSC,2026-04-01,226.5,226.5,218.35,224.29,3.48,7.6,-1,3918,876769.25
GSSC,2026-03-31,222,222,217.01,218.3,-0.32,-0.7,-1,635,139362.13
GSSC,2026-03-30,223.73,223.73,217,218.3,-1.75,-3.86,-1,5865,1277580.25
GSSC,2026-03-29,223.99,223.99,219,220.87,0.48,1.07,-1,1251,275354.31
GSSC,2026-03-26,225,225,219,220.87,-0.43,-0.95,-1,1908,422226.66
GSSC,2026-03-25,224.88,224.88,220.65,221.25,1.22,2.7,-1,1026,228553.69
GSSC,2026-03-24,225.45,225.45,221.08,221.25,0.79,1.75,-1,1057,235863.41
GSSC,2026-03-18,224,224,221,221.25,-0.11,-0.25,-1,298,66546.2
GSSC,2026-03-17,225.89,225.89,220.65,221.25,-2.12,-4.79,-1,2299,508564.25
GSSC,2026-03-16,226.9,226.9,221,225.49,-0.52,-1.17,-1,1789,402724.78
GSSC,2026-03-15,225,225,221,223.3,-1.03,-2.29,-1,1147,254876.59
GSSC,2026-03-12,225,225,221.25,223.3,0.51,1.12,-1,1848,412779.09
GSSC,2026-03-11,226.49,226.49,220.03,220.74,-0.95,-2.11,-1,2910,644190.13
GSSC,2026-03-10,225.3,225.3,220.8,222.14,-1.44,-3.23,-1,2995,666817.75
GSSC,2026-03-09,227.2,227.2,222.01,225.03,-1.07,-2.41,-1,1402,315556.16
GSSC,2026-03-08,229,229,220.2,225.41,2.94,6.44,-1,2970,669690.31
GSSC,2026-03-05,225,225,221.25,218.97,2.75,6.03,-1,573,128373.67
GSSC,2026-03-04,226,226,218.97,218.97,0.61,1.33,-1,1221,270490.63
GSSC,2026-03-03,229.28,229.28,211.11,218.97,-4.38,-9.92,-1,1927,425421.19
GSSC,2026-03-02,229.28,229.28,225.7,226.43,2.69,5.91,-1,1535,347514.59
GSSC,2026-03-01,228,228,205.05,220.09,-1.91,-4.39,-1,2661,584263.63
GSSC,2026-02-26,232.5,232.5,229.6,230.29,0.03,0.06,-1,1044,241360.13
GSSC,2026-02-25,233,233,228,230.29,-0.08,-0.18,-1,4273,982132.31
GSSC,2026-02-24,232.69,232.69,229,230.47,-0.72,-1.66,-1,1906,439051.03
GSSC,2026-02-23,249.99,249.99,228.11,230.66,-0.33,-0.76,-1,15616,3698944.25
GSSC,2026-02-22,233,233,228,230.89,-1.32,-3.06,-1,1899,437937.56
GSSC,2026-02-19,233,233,230,232.16,-0.93,-2.16,-1,1125,260251.48
GSSC,2026-02-18,233.98,233.98,231.09,232.16,-0.33,-0.78,-1,1721,399359.81
GSSC,2026-02-17,234.18,234.18,231.11,233.28,-0.88,-2.06,-1,708,164044.75
GSSC,2026-02-16,234.3,234.3,231.02,233.28,0.41,0.96,-1,611,141639.09
GSSC,2026-02-15,234,234,231,233.28,0.9,2.09,-1,2357,549659.25
GSSC,2026-02-12,233.99,233.99,230.5,231.19,-0.41,-0.95,-1,3085,714414.52
GSSC,2026-02-11,234.49,234.49,231.63,232.14,-0.22,-0.51,-1,529,122886.24
GSSC,2026-02-10,234.88,234.88,232,232.14,0,0.01,-1,1129,263512.81
GSSC,2026-02-09,236.69,236.69,231.57,232.14,-0.22,-0.52,-1,1870,435029.34
GSSC,2026-02-08,239,239,230,232.25,-2.04,-4.83,-1,4531,1052948.88
GSSC,2026-02-05,240.2,240.2,230,236.45,-0.49,-1.18,-1,8111,1898430.38
GSSC,2026-02-04,244,244,231.02,239.98,3.94,9.1,-1,12260,2911246.25
GSSC,2026-02-03,234.5,234.5,230.89,230.89,0.69,1.6,-1,1264,292905.25
GSSC,2026-02-02,236,236,230.25,230.89,0.33,0.77,-1,5561,1289168.25
GSSC,2026-02-01,236.4,236.4,229.3,230.12,-2.3,-5.41,-1,2419,557947.69
GSSC,2026-01-28,236.4,236.4,229.02,235.64,1.72,3.99,-1,5039,1175735
GSSC,2026-01-27,234.15,234.15,230,232.01,-0.16,-0.37,-1,1428,331165.63
GSSC,2026-01-26,235.8,235.8,229.1,232.57,0,0,-1,773,179815.44
GSSC,2026-01-25,236.49,236.49,229,232.57,-1.3,-3.05,-1,1874,437030.44
GSSC,2026-01-22,236.59,236.59,234.11,235.05,-0.19,-0.45,-1,2470,580544.63
GSSC,2026-01-21,236.9,236.9,234.11,234.95,0.11,0.25,-1,1830,429905.13
GSSC,2026-01-20,236.98,236.98,234,234.75,2.15,4.95,-1,1896,445249.91
GSSC,2026-01-19,236.99,236.99,232.03,229.8,1.83,4.2,-1,1251,292091.59
GSSC,2026-01-18,238.83,238.83,228.15,229.8,0.13,0.31,-1,1279,298392.06
GSSC,2026-01-15,236.99,236.99,228,229.8,0.09,0.2,-1,2746,632807.13
GSSC,2026-01-14,241.53,241.53,230,230.79,-1.76,-4.18,-1,4983,1159432.63
GSSC,2026-01-13,241.54,241.54,235,237.58,-1.05,-2.49,-1,1867,444766.91
GSSC,2026-01-12,243.4,243.4,237.6,237.59,0.72,1.71,-1,665,160394.59
GSSC,2026-01-11,241.59,241.59,237.19,237.59,-0.89,-2.14,-1,4210,1002413.94
GSSC,2026-01-08,241.2,241.2,236.11,239.33,-0.59,-1.42,-1,2275,543605.25
GSSC,2026-01-06,241.9,241.9,235.15,239.67,-0.48,-1.15,-1,1342,321643.09
GSSC,2026-01-05,242.86,242.86,232.51,239.95,-0.58,-1.41,-1,2747,658563.1
GSSC,2026-01-04,245,245,238.26,241.36,1.72,4.11,-1,5747,1387692.5
GSSC,2025-12-31,248.1,248.1,231,238.89,-2.64,-6.51,-1,7397,1804549.38
GSSC,2025-12-30,248.89,248.89,246.25,246.62,-0.94,-2.35,-1,3100,765329.38
GSSC,2025-12-29,250,250,245,248.95,1.07,2.63,-1,12084,2997987.5
GSSC,2025-12-28,251.5,251.5,245.4,246.27,-0.67,-1.65,-1,5843,1442611.88
GSSC,2025-12-25,251.5,251.5,245.5,247.92,0.54,1.33,-1,12600,3138842
GSSC,2025-12-24,256.9,256.9,241.65,246.67,1.44,3.49,-1,43606,10914778
GSSC,2025-12-23,249.69,249.69,240.04,242.51,0.48,1.15,-1,12063,2932744.75
GSSC,2025-12-22,250.15,250.15,231,240.85,4.03,9.33,-1,43529,10560464
GSSC,2025-12-21,234.99,234.99,230,231.52,-0.37,-0.87,-1,4413,1020321.19
GSSC,2025-12-18,239.98,239.98,230,233.66,-2.66,-6.38,-1,9141,2132917.75
GSSC,2025-12-17,241,241,232.02,239.98,-0.08,-0.19,-1,13368,3168407.75
GSSC,2025-12-16,248.5,248.5,240.11,240.17,-2.2,-5.41,-1,17562,4248499.5
GSSC,2025-12-15,248.99,248.99,245.02,246.41,-0.55,-1.36,-1,9778,2412012.75
GSSC,2025-12-14,250.4,250.4,245.9,247.51,0.62,1.53,-1,10030,2489750.75
GSSC,2025-12-11,250.99,250.99,245,245.88,-0.02,-0.05,-1,14427,3561422.25
GSSC,2025-12-10,253.8,253.8,245,245.93,-0.83,-2.05,-1,23447,5789777.5
GSSC,2025-12-09,257,257,245.02,247.4,-1.9,-4.78,-1,29364,7317312
GSSC,2025-12-08,260.95,260.95,249.3,252.18,-1.46,-3.75,-1,37804,9506469
GSSC,2025-12-07,277.8,277.8,250.04,256.75,-1.28,-3.34,-1,115944,30504026
GSSC,2025-12-04,290,290,255,260.09,-4.57,-12.56,-1,108753,29174642
GSSC,2025-12-03,275.1,275.1,229,275.06,20,45.85,-1,97065,26103646
GSSC,2025-12-02,234.99,234.99,228.01,229.25,-0.33,-0.76,-1,1675,385248.19
GSSC,2025-12-01,232,232,228,229.76,-0.73,-1.67,-1,1511,347179.13
GSSC,2025-11-30,234.88,234.88,230.05,229.68,0.57,1.32,-1,824,191025.38
GSSC,2025-11-27,233,233,228.01,229.68,0.61,1.4,-1,1807,415124.88
GSSC,2025-11-26,238.9,238.9,230,230.58,-0.15,-0.35,-1,1883,437292.31
GSSC,2025-11-25,239.96,239.96,230,230.35,-4.27,-10.28,-1,4111,953925.81
GSSC,2025-11-24,243.99,243.99,235.05,240.63,-2.02,-4.86,-1,1013,240987.91
GSSC,2025-11-23,244.8,244.8,232.05,240.63,2.8,6.57,-1,7793,1853887.25
GSSC,2025-11-20,237.3,237.3,232.71,234.42,1.03,2.4,-1,1734,406484.47
GSSC,2025-11-19,238,238,232.01,233.39,-0.22,-0.51,-1,4708,1097213.88
GSSC,2025-11-18,242.79,242.79,233,234.01,-1.18,-2.8,-1,3643,858252.81
GSSC,2025-11-17,245.74,245.74,232.1,236.8,-2.63,-6.39,-1,5064,1217292.5
GSSC,2025-11-16,248,248,242,243.19,-0.53,-1.29,-1,3479,845801.56
GSSC,2025-11-13,248.99,248.99,243.51,244.48,-1,-2.45,-1,3446,844509.25
GSSC,2025-11-12,247.99,247.99,242.1,246,1.13,2.75,-1,3158,774059.44
GSSC,2025-11-11,248.99,248.99,242.01,243.25,-1.9,-4.68,-1,4651,1137726.13
GSSC,2025-11-10,249.87,249.87,245.02,246.78,0.21,0.52,-1,2658,656518.75
GSSC,2025-11-09,253.1,253.1,247,247.38,-1.21,-3.02,-1,6350,1582147
GSSC,2025-11-06,251.99,251.99,245,250.03,0.74,1.83,-1,4406,1089761.5
GSSC,2025-11-05,254.99,254.99,246,248.17,-1.98,-4.98,-1,4069,1013562.56
GSSC,2025-11-04,257.7,257.7,250.5,251.14,-1.03,-2.6,-1,3359,851753.5
GSSC,2025-11-03,256,256,249.55,253.3,2.7,6.73,-1,4200,1058105.38
GSSC,2025-11-02,253.34,253.34,248,249.27,0.58,1.45,-1,2485,620103.81
GSSC,2025-10-30,254.9,254.9,249.5,250.49,0.05,0.12,-1,2270,569147.63
GSSC,2025-10-29,256.44,256.44,249.22,249.88,0.9,2.26,-1,1832,458392.44
GSSC,2025-10-28,258,258,248.02,250.73,-2.49,-6.36,-1,7085,1791013.63
GSSC,2025-10-27,267.99,267.99,253.01,255.58,-1.24,-3.2,-1,7918,2052620.88
GSSC,2025-10-26,267.4,267.4,256,258.2,-1.07,-2.8,-1,4138,1077713.13
GSSC,2025-10-23,268,268,260.2,261,-0.48,-1.26,-1,8014,2105796
GSSC,2025-10-22,274,274,262,262.26,-1.78,-4.76,-1,14161,3798954
GSSC,2025-10-21,275,275,251,267.02,4.02,10.24,-1,26123,6963040.5
GSSC,2025-10-20,258,258,249.52,254.97,2.18,5.45,-1,6292,1596946.25
GSSC,2025-10-19,254,254,249,249.52,-0.13,-0.32,-1,2478,622072
GSSC,2025-10-16,255,255,249.3,249.32,-0.28,-0.69,-1,5126,1280043
GSSC,2025-10-15,255,255,249,250.01,-1.44,-3.64,-1,7133,1786427.5
GSSC,2025-10-14,258,258,248.01,253.65,1.03,2.58,-1,10154,2579560
GSSC,2025-10-13,255.98,255.98,248.5,249.68,-0.32,-0.8,-1,5127,1280281.75
GSSC,2025-10-12,258.97,258.97,247,250.8,-0.08,-0.2,-1,1707,427893.91
GSSC,2025-10-08,261.97,261.97,246.26,250.2,-3.94,-10.25,-1,5786,1467868
GSSC,2025-10-07,269.81,269.81,255,260.45,-1.44,-3.79,-1,4939,1293638
GSSC,2025-10-06,268.99,268.99,247,262.79,4.18,10.44,-1,9685,2511276
GSSC,2025-10-05,252,252,246.54,249.56,0.85,2.11,-1,3954,986600
GSSC,2025-10-02,253.89,253.89,246.25,249.69,-0.27,-0.67,-1,2192,548605.31
GSSC,2025-10-01,252.9,252.9,243.03,250.67,1.9,4.68,-1,4800,1189461.13
GSSC,2025-09-30,246,246,242.2,245.99,0.47,1.14,-1,3799,929145.19
GSSC,2025-09-29,248.5,248.5,243.5,244.86,-1.65,-4.09,-1,2039,500811.72
GSSC,2025-09-28,249,249,242.61,248.1,0.47,1.15,-1,1409,348848.38
GSSC,2025-09-25,251.9,251.9,242.55,243.35,-0.87,-2.13,-1,3104,757277.81
GSSC,2025-09-24,253,253,242.2,244.68,-0.9,-2.25,-1,1547,378774.47
GSSC,2025-09-23,257,257,244.51,251.15,1.97,4.78,-1,6591,1663254.88
GSSC,2025-09-22,246,246,242,242.52,0,0,-1,1136,275156.53
GSSC,2025-09-21,250,250,240.01,242.52,-1.88,-4.64,-1,2543,618494.19
GSSC,2025-09-18,257.9,257.9,244.15,246.64,-1.36,-3.4,-1,6206,1547881.38
GSSC,2025-09-17,253,253,247,250.04,0.17,0.42,-1,1421,355228.66
GSSC,2025-09-16,257.47,257.47,243.01,248.58,-2.58,-6.58,-1,5965,1503319
GSSC,2025-09-15,264,264,254,255.16,-2.74,-7.18,-1,3131,803782.94
GSSC,2025-09-14,265,265,260.55,262.34,-0.29,-0.77,-1,2749,723100
GSSC,2025-09-11,272,272,260.1,262.77,-2.66,-7.17,-1,8625,2298158.25
GSSC,2025-09-10,273.49,273.49,265,269.94,-1.57,-4.3,-1,5157,1399240.13
GSSC,2025-09-09,284,284,268.9,273.65,3.58,9.45,-1,20579,5678684.5
GSSC,2025-09-08,270,270,250,264.2,-0.23,-0.62,-1,14594,3815274
GSSC,2025-09-07,276.99,276.99,264.5,264.82,-2.08,-5.63,-1,5395,1436446.5
GSSC,2025-09-03,285,285,270,270.45,-0.3,-0.81,-1,31033,8583434
GSSC,2025-09-02,280,280,270,271.26,-1.01,-2.77,-1,22869,6273337
GSSC,2025-09-01,300,300,264.3,274.03,0.6,1.63,-1,133945,37804464
GSSC,2025-08-31,291,291,265,272.4,5.43,14.02,-1,67791,18804154
GSSC,2025-08-28,274,274,250.01,258.38,1.3,3.32,-1,26607,6963592.5
GSSC,2025-08-27,260,260,240,254.93,-0.95,-2.45,-1,14268,3539136.75
GSSC,2025-08-26,280,280,236.71,257.38,9.24,21.78,-1,27720,7176741
GSSC,2025-08-25,238.97,238.97,231.63,235.6,2.94,6.82,-1,2748,644469.06
GSSC,2025-08-24,235,235,231.15,232.15,0.79,1.84,-1,1118,261207.66
GSSC,2025-08-21,235,235,231,232.15,-1.21,-2.82,-1,2015,467970.03
GSSC,2025-08-20,235,235,231,233.92,1.99,4.59,-1,2452,571903
GSSC,2025-08-19,233,233,230.41,230.41,0,0,-1,857,198783.38
GSSC,2025-08-18,233.34,233.34,228.55,230.41,0.08,0.19,-1,1177,272161.59
GSSC,2025-08-17,230,230,228.5,230.41,-0.18,-0.42,-1,1236,283008.28
GSSC,2025-08-14,233.79,233.79,229.01,230.41,-0.64,-1.48,-1,1364,314317.25
GSSC,2025-08-13,233.8,233.8,228.51,231.48,-1.07,-2.48,-1,846,194721.48
GSSC,2025-08-12,239.85,239.85,230,231.48,0.71,1.64,-1,1692,391763.13
GSSC,2025-08-11,242.3,242.3,230,230.73,-3.94,-9.44,-1,3460,804856.44
GSSC,2025-08-10,244.97,244.97,233,239.44,-2.77,-6.68,-1,3478,837243.69
GSSC,2025-08-07,245,245,238.01,240.79,0.21,0.5,-1,4866,1173294.25
GSSC,2025-08-06,249.99,249.99,230,238.55,4.23,9.69,-1,26039,6253077
GSSC,2025-08-05,229.5,229.5,227.27,228.86,0.69,1.58,-1,2055,470145.38
GSSC,2025-08-04,229.49,229.49,227.1,227.42,-0.09,-0.2,-1,491,111870.42
GSSC,2025-08-03,230.3,230.3,227.01,227.42,-0.7,-1.61,-1,1803,410349.88
GSSC,2025-07-31,230.49,230.49,227.01,228.71,-0.04,-0.1,-1,1683,385286.63
GSSC,2025-07-30,228.99,228.99,228,227.11,0.47,1.06,-1,578,131978.3
GSSC,2025-07-29,229,229,227.2,227.11,0.39,0.89,-1,1046,238335.09
GSSC,2025-07-28,228.9,228.9,226.11,227.11,0.39,0.89,-1,1084,246471.28
GSSC,2025-07-27,229.7,229.7,225.14,227.11,-0.1,-0.22,-1,4774,1080905.88
GSSC,2025-07-23,227.99,227.99,225.06,226.32,0.04,0.1,-1,2354,532913
GSSC,2025-07-22,229.99,229.99,225.02,225.05,-0.95,-2.15,-1,3103,701791.25
GSSC,2025-07-21,231.25,231.25,226,227.2,0.06,0.13,-1,1777,404203.53
GSSC,2025-07-20,232.69,232.69,223.05,226.38,-1.24,-2.87,-1,5528,1254566.88
GSSC,2025-07-17,240,240,228.15,230.85,-2.63,-6.23,-1,12132,2817306.5
GSSC,2025-07-16,244.9,244.9,236.12,237.08,1.06,2.49,-1,13942,3332980.25
GSSC,2025-07-15,236.49,236.49,232,234.59,1.44,3.36,-1,7139,1665520
GSSC,2025-07-14,237.49,237.49,231.01,232.64,-0.63,-1.47,-1,9700,2260275.25
GSSC,2025-07-13,247.5,247.5,233.53,234.87,-1.81,-4.33,-1,8398,1996596.63
GSSC,2025-07-10,251,251,238,239.2,-3.02,-7.46,-1,5098,1232772.13
GSSC,2025-07-09,253.89,253.89,243,246.66,-1.6,-4,-1,3946,977199.19
GSSC,2025-07-07,271.99,271.99,248,250.66,-3.66,-9.53,-1,13790,3524107.5
GSSC,2025-07-06,278.99,278.99,260,260.19,-5.16,-14.16,-1,13224,3477338
GSSC,2025-07-02,305,305,269.99,274.35,-5.53,-16.07,-1,9978,2738936
GSSC,2025-07-01,317.19,317.19,283.6,290.42,-9.64,-30.26,-1,3687,1098639.13
GSSC,2025-06-30,319.9,319.9,305,313.86,0.68,2.14,-1,533,166170.48
GSSC,2025-06-29,329.79,329.79,310.05,313.86,-0.86,-2.69,-1,6896,2170592
GSSC,2025-06-25,337,337,305,314.49,1.6,5.03,-1,3442,1095126.5
GSSC,2025-06-24,330,330,289.99,314.97,12.09,33.97,-1,9019,2830648.5
GSSC,2025-06-23,289,289,267,281,6.39,17.11,-1,2057,572010.06
GSSC,2025-06-22,273.9,273.9,258.01,267.89,-6.37,-17.97,-1,1402,375300.44
GSSC,2025-06-19,279.92,279.92,258.01,282.07,-7.82,-22.07,-1,541,145403.98
GSSC,2025-06-18,283.36,283.36,268.05,282.07,-4.95,-13.95,-1,522,141117.91
GSSC,2025-06-17,292.99,292.99,275,282.07,-2.06,-5.8,-1,644,178656.45
GSSC,2025-06-16,292,292,266,282.07,6.04,16.07,-1,1540,430894.31
GSSC,2025-06-15,282,282,253.53,266,-4.03,-11.41,-1,1492,397185.13
GSSC,2025-06-12,303.99,303.99,258.66,282.8,-4.68,-13.86,-1,2054,592873.38
GSSC,2025-06-11,307,307,293.05,296.21,-2.56,-7.71,-1,2221,659663.5
GSSC,2025-06-10,305,305,292,300.76,2.77,8.21,-1,2131,637913.38
GSSC,2025-06-04,304.83,304.83,291,296.79,-0.68,-2.03,-1,1060,314595.88
GSSC,2025-06-03,307.98,307.98,296,299.02,-1.61,-4.85,-1,1684,503176.22
GSSC,2025-06-02,316.95,316.95,295,301.1,-3.89,-11.99,-1,2373,719045
GSSC,2025-06-01,319.44,319.44,303,308.04,-1.74,-5.44,-1,2536,786354.94
GSSC,2025-05-29,318,318,305.21,312.59,2.42,7.38,-1,8690,2712649
GSSC,2025-05-28,334.99,334.99,304,305.21,-3.88,-12.32,-1,10681,3351907
GSSC,2025-05-27,347.99,347.99,301.02,317.53,5.9,17.68,-1,14487,4713034
GSSC,2025-05-26,299.85,299.85,230.2,299.85,20,49.97,-1,20581,5739408.5
GSSC,2025-05-25,255.5,255.5,222.4,249.88,12.15,26.86,-1,11387,2786840.75
GSSC,2025-05-22,233.75,233.75,215.4,221.14,-3.26,-7.41,-1,2984,670713.31
GSSC,2025-05-21,230,230,202.2,227.41,12.62,25.78,-1,5347,1168928.63
GSSC,2025-05-20,208,208,202,204.22,0.79,1.6,-1,1717,350359.69
GSSC,2025-05-19,211.9,211.9,197,203.4,-5.65,-11.87,-1,2256,460020.31
GSSC,2025-05-18,215,215,206.01,210.07,-1.21,-2.54,-1,2116,443899.31
GSSC,2025-05-15,217.5,217.5,208.3,210.74,-3.08,-6.69,-1,2968,625716.13
GSSC,2025-05-14,222.99,222.99,207.44,217.43,-0.6,-1.27,-1,2910,633593.06
GSSC,2025-05-13,215,215,191.43,211.89,11.64,22.41,-1,8946,1846640.5
GSSC,2025-05-12,195.8,195.8,185.86,192.59,2.44,4.59,-1,4008,766316.5
GSSC,2025-05-11,198.9,198.9,187.51,188,-2.78,-5.37,-1,7784,1496547.38
GSSC,2025-05-08,200,200,176.25,192.88,5.32,9.67,-1,12210,2313759.75
GSSC,2025-05-07,184,184,173.15,181.93,2.62,4.51,-1,8448,1509647.75
GSSC,2025-05-06,174,174,168,171.96,0.68,1.15,-1,3684,628970.13
GSSC,2025-05-05,174,174,165,168.85,0.38,0.64,-1,2880,485729.66
GSSC,2025-05-04,174.8,174.8,152.2,169.36,10.35,15.89,-1,9359,1517720.5
GSSC,2025-04-30,155.8,155.8,152.99,153.47,-1.16,-1.79,-1,5682,873936
GSSC,2025-04-29,157.9,157.9,150.06,154.79,1.13,1.73,-1,5549,859814.56
GSSC,2025-04-28,157,157,150.05,153.06,-0.93,-1.43,-1,3311,507604
GSSC,2025-04-27,157.6,157.6,154,154.43,1.33,2.06,-1,653,100864.73
GSSC,2025-04-23,157.9,157.9,154.1,154.43,1.5,2.32,-1,825,127937.62
GSSC,2025-04-22,159,159,152,154.43,-0.21,-0.33,-1,350,54535.7
GSSC,2025-04-17,155.9,155.9,150.01,154.43,4.23,6.33,-1,6097,939171.88
GSSC,2025-04-16,152.55,152.55,150,149.57,1.59,2.38,-1,1766,267399.22
GSSC,2025-04-15,153.3,153.3,149,149.57,1.09,1.63,-1,1181,178523.95
GSSC,2025-04-14,151.45,151.45,148.65,149.57,0.24,0.36,-1,2725,407291.53
GSSC,2025-04-13,151.94,151.94,148,148.64,-0.43,-0.64,-1,3609,537881.94
GSSC,2025-04-10,151.95,151.95,147.66,149.28,-0.79,-1.18,-1,1244,185567.61
GSSC,2025-04-09,151.99,151.99,146.15,149.28,-1.82,-2.71,-1,2411,359905.22
GSSC,2025-04-08,154.9,154.9,148.25,148.86,-1.4,-2.12,-1,3844,574775.69
GSSC,2025-04-07,155,155,145.01,151.12,-10.2,-17.15,-1,11667,1738629.25
GSSC,2025-04-06,163,163,150.21,168.15,-7.82,-13.15,-1,758,119221.89
GSSC,2025-04-03,168,168,157,168.15,-2.83,-4.76,-1,1410,225372.52
GSSC,2025-03-27,167.83,167.83,160,168.15,-1.4,-2.35,-1,1695,276053.06
GSSC,2025-03-26,167,167,162,168.15,-3.48,-5.85,-1,498,80994.63
GSSC,2025-03-25,165.55,165.55,163,168.15,-3.06,-5.15,-1,1746,287786.38
GSSC,2025-03-24,174,174,165.12,168.15,-1.71,-2.87,-1,909,154506.14
GSSC,2025-03-23,172,172,165,168.15,0,0,-1,1680,281013.75
GSSC,2025-03-20,174.85,174.85,165,168.15,0,0,-1,1118,192863.16
GSSC,2025-03-19,173.75,173.75,165,168.15,1.63,2.74,-1,2227,374471.41
GSSC,2025-03-18,178.35,178.35,166.66,168.06,-7.39,-13.41,-1,5732,978534.88
GSSC,2025-03-17,185,185,175.05,181.47,-1.72,-3.12,-1,1309,236261.23
GSSC,2025-03-16,185,185,172.02,181.47,3.71,6.5,-1,5234,938633.5
GSSC,2025-03-13,182,182,164.12,174.97,0.71,1.24,-1,10690,1867277.88
GSSC,2025-03-12,178.8,178.8,146,173.73,14.28,21.71,-1,18486,2990144.5
GSSC,2025-03-11,154,154,149.51,152.02,-1.76,-2.68,-1,2094,318274.19
GSSC,2025-03-10,154.6,154.6,146,152.28,-0.68,-1.02,-1,4392,663684
GSSC,2025-03-09,150.9,150.9,145,150.02,-0.01,-0.02,-1,1966,293367.94
GSSC,2025-03-06,152.95,152.95,149,150.02,0.65,0.98,-1,1675,250866.84
GSSC,2025-03-05,153.6,153.6,146.21,150.02,1.03,1.53,-1,14306,2142083.5
GSSC,2025-03-04,149.35,149.35,144,148.49,0.36,0.53,-1,3858,571959.63
GSSC,2025-03-03,146.9,146.9,143.72,145.47,0.98,1.43,-1,597,87173.14
GSSC,2025-03-02,147.2,147.2,143.5,145.47,1.01,1.47,-1,1409,203093.77
GSSC,2025-02-27,147.7,147.7,145.1,145.47,-0.69,-1.01,-1,3489,507255.19
GSSC,2025-02-26,147.9,147.9,144.15,146.41,-0.76,-1.11,-1,528,76797.58
GSSC,2025-02-25,148.59,148.59,144.15,146.41,0.97,1.42,-1,900,131210.63
GSSC,2025-02-24,148.88,148.88,143.5,146.41,1.54,2.25,-1,191,28357.82
GSSC,2025-02-23,149.98,149.98,148,146.41,1.77,2.59,-1,648,96519.22
GSSC,2025-02-20,149.98,149.98,144,146.41,1.43,2.07,-1,5134,750477.5
GSSC,2025-02-19,147.88,147.88,142.52,144.34,1.27,1.84,-1,2213,319687.03
GSSC,2025-02-18,148,148,145,145.16,-0.46,-0.67,-1,2624,381179.91
GSSC,2025-02-17,146.4,146.4,145.01,145.67,0.5,0.73,-1,689,100222.14
GSSC,2025-02-16,146.5,146.5,145.34,145.67,0.57,0.83,-1,385,56314.17
GSSC,2025-02-13,146.3,146.3,142,145.67,0,0,-1,1474,212060.7
GSSC,2025-02-12,146.4,146.4,141.3,145.67,0,0,-1,626,90212.47
GSSC,2025-02-11,147.6,147.6,142.77,145.67,-1.22,-1.8,-1,4674,678228.69
GSSC,2025-02-10,148,148,144.1,147.6,0,0,-1,1814,265576.63
GSSC,2025-02-09,149,149,145,147.6,0,0,-1,1654,242835.81
GSSC,2025-02-06,149.6,149.6,147.21,147.6,0.61,0.9,-1,514,75996.22
GSSC,2025-02-05,150,150,146,147.6,-0.29,-0.43,-1,4172,617586.81
GSSC,2025-02-04,152.4,152.4,145.22,148.88,-3.05,-4.64,-1,3840,573970
GSSC,2025-02-03,152.83,152.83,150,152.15,-1.14,-1.74,-1,1177,176782.41
GSSC,2025-02-02,155,155,151,152.15,0.18,0.27,-1,2203,335446.09
GSSC,2025-01-30,153,153,150,150.83,0.02,0.03,-1,4742,718530
GSSC,2025-01-29,157.59,157.59,149,151.97,-3.62,-5.71,-1,15960,2423832
GSSC,2025-01-28,159.98,159.98,154,157.68,0,0,-1,1471,229641.42
GSSC,2025-01-27,165.77,165.77,151,157.68,-5.35,-8.92,-1,12546,1982268.38
GSSC,2025-01-26,169.5,169.5,165.07,166.87,-1.04,-1.74,-1,527,87934.18
GSSC,2025-01-23,169.59,169.59,163.15,166.87,0,0,-1,883,146711.95
GSSC,2025-01-22,170,170,163.13,166.87,-1.24,-2.08,-1,1950,325092.69
GSSC,2025-01-21,172,172,158,168.08,0.28,0.47,-1,6762,1130553.5
GSSC,2025-01-20,170,170,161,167.61,2.06,3.36,-1,3369,557976.88
GSSC,2025-01-19,163.74,163.74,157,163.05,2.41,3.8,-1,3556,575223.69
GSSC,2025-01-16,158.75,158.75,156.4,158,0.78,1.22,-1,1961,309842.78
GSSC,2025-01-15,157.98,157.98,155.02,156.18,0,0,-1,658,102707.15
GSSC,2025-01-14,159.98,159.98,155.13,156.18,-2.19,-3.48,-1,1986,310261.47
GSSC,2025-01-13,162.98,162.98,158,158.7,-2.86,-4.68,-1,3872,619404.81
GSSC,2025-01-12,163.42,163.42,158.3,163.38,-2.68,-4.38,-1,986,157085.44
GSSC,2025-01-09,165,165,159.01,163.38,-1.46,-2.38,-1,1219,198192.77
GSSC,2025-01-08,164,164,158.1,163.38,-2.68,-4.38,-1,1692,273391.72
GSSC,2025-01-06,166,166,161.11,163.38,-1.39,-2.27,-1,1561,256015
GSSC,2025-01-05,167.84,167.84,163.11,163.38,1.42,2.28,-1,3432,560822.31
GSSC,2025-01-02,169.3,169.3,162.12,161.1,4.03,6.5,-1,1206,203136.95
GSSC,2024-12-31,164.8,164.8,157,161.1,0.88,1.41,-1,2229,358792.16
GSSC,2024-12-30,165,165,156,159.69,-4.85,-8,-1,3441,551766.25
GSSC,2024-12-29,170.49,170.49,162,165,-3.22,-5.49,-1,15113,2493025.25
GSSC,2024-12-26,173.98,173.98,162.4,170.49,0.52,0.89,-1,1787,304679.75
GSSC,2024-12-25,174.9,174.9,171.11,171.11,0,0,-1,596,103341.54
GSSC,2024-12-24,173,173,171,171.11,0.5,0.86,-1,26518,4537726
GSSC,2024-12-23,179.94,179.94,172.9,171.09,1.06,1.81,-1,967,168193.03
GSSC,2024-12-22,182.77,182.77,171.57,171.09,3.45,5.91,-1,1134,200999.5
GSSC,2024-12-19,178.88,178.88,170.1,171.09,4.55,7.79,-1,1431,250127.38
GSSC,2024-12-18,179.99,179.99,166.8,171.09,-5.47,-9.9,-1,3660,631122.88
GSSC,2024-12-17,181,181,171,181,-2.32,-4.2,-1,1572,277476.44
GSSC,2024-12-16,185,185,177.14,181,0.8,1.43,-1,4086,741378.13
GSSC,2024-12-15,180.95,180.95,177,178.76,0.13,0.24,-1,722,128691.25
GSSC,2024-12-12,181,181,178,178.76,-1.83,-3.36,-1,3274,586039.44
GSSC,2024-12-11,181.95,181.95,175.57,183.26,-2.54,-4.66,-1,1092,195209.25
GSSC,2024-12-10,183,183,175,183.26,-0.96,-1.76,-1,1356,245092.7
GSSC,2024-12-09,186.4,186.4,180.75,183.26,1.85,3.34,-1,3648,667276.31
GSSC,2024-12-08,188,188,175,180.66,0.06,0.11,-1,9342,1683272.5
GSSC,2024-12-05,194.9,194.9,180,180.55,-3.52,-6.58,-1,6531,1205516.25
GSSC,2024-12-04,201.99,201.99,185.1,187.13,-5,-9.85,-1,4245,806891.69
GSSC,2024-12-03,205.98,205.98,193,196.98,-1.92,-3.8,-1,2703,533969.94
GSSC,2024-12-02,201.6,201.6,193.51,198.33,0.15,0.29,-1,2876,572125.81
GSSC,2024-12-01,209.88,209.88,194.85,198.56,-2.63,-5.27,-1,1665,331171.16
GSSC,2024-11-28,207.12,207.12,192.25,200.47,-3.21,-6.65,-1,6573,1287741.88
GSSC,2024-11-27,223,223,200,207.12,-7.18,-16.03,-1,9133,1901167
GSSC,2024-11-26,225.89,225.89,218.5,223.15,-2.08,-4.65,-1,899,199033.81
GSSC,2024-11-25,239.99,239.99,220,223.15,-2.32,-5.31,-1,1602,359394.5
GSSC,2024-11-24,242.1,242.1,222,229.31,-5.42,-13.12,-1,5331,1226093.5
GSSC,2024-11-21,254.59,254.59,236,242.11,-4.18,-10.56,-1,1925,470399.56
GSSC,2024-11-20,262,262,241.11,252.67,-1.31,-3.38,-1,1196,302241.88
GSSC,2024-11-19,262.4,262.4,255.53,258.23,-3.25,-8.62,-1,1565,404838.97
GSSC,2024-11-18,269.88,269.88,263.99,265.02,-1.1,-2.93,-1,1594,423343.97
GSSC,2024-11-17,276.99,276.99,265,266.92,-1.87,-5.08,-1,2454,662863.31
GSSC,2024-11-14,280,280,265.79,272,0.08,0.21,-1,1751,472412.34
GSSC,2024-11-13,277,277,236,265.79,9.22,22.44,-1,13994,3595292
GSSC,2024-11-12,250,250,237.1,243.35,2.85,6.74,-1,2248,551974
GSSC,2024-11-11,245,245,230,236.61,2.83,6.52,-1,1466,346697.69
GSSC,2024-11-10,235,235,219.11,230.48,4.97,10.9,-1,4064,936842.44
GSSC,2024-11-07,224.97,224.97,216.4,219.1,1.78,3.9,-1,876,193619.41
GSSC,2024-11-06,234.7,234.7,207,219.1,-9.89,-23.07,-1,5950,1294845.75
GSSC,2024-11-05,244.5,244.5,227,233.19,-4.68,-11.15,-1,1932,450414.16
GSSC,2024-11-04,259,259,225.25,238.15,3.43,7.92,-1,14571,3532717.5
GSSC,2024-11-03,232.05,232.05,178.02,230.97,18.06,34.93,-1,9557,2034861
GSSC,2024-10-31,184.98,184.98,172.01,193.38,-7.81,-15.1,-1,1115,197832.88
GSSC,2024-10-30,189.99,189.99,176.07,193.38,-4.85,-9.38,-1,672,120825.41
GSSC,2024-10-29,196.59,196.59,165.02,193.38,-6.92,-13.38,-1,1311,235765.42
GSSC,2024-10-28,199,199,183.1,193.38,1.56,3.02,-1,296,56682.95
GSSC,2024-10-27,200,200,173,193.38,6.92,12.49,-1,2803,536145.56
GSSC,2024-10-24,188,188,163.03,180.51,3.54,6.18,-1,4600,811885.75
GSSC,2024-10-23,175.5,175.5,155.1,174.33,10.66,16.86,-1,4446,754672
GSSC,2024-10-22,160,160,155.6,158.14,1.18,1.86,-1,919,145940.03
GSSC,2024-10-21,158.2,158.2,155.2,158.14,-1.73,-2.74,-1,1281,199878.41
GSSC,2024-10-20,158,158,155.4,158.14,-1.61,-2.54,-1,374,58247.27
GSSC,2024-10-17,158,158,156.2,158.14,-1.23,-1.94,-1,162,25416
GSSC,2024-10-16,160,160,155,158.14,0.99,1.56,-1,1069,169301.41
GSSC,2024-10-15,157.5,157.5,155,158.14,-1.35,-2.13,-1,351,54950.78
GSSC,2024-10-14,158,158,154.1,158.14,-0.4,-0.64,-1,107,16567.46
GSSC,2024-10-13,158.14,158.14,154.01,158.14,-0.72,-1.14,-1,457,71022.22
GSSC,2024-10-10,159,159,155.6,158.14,0.16,0.26,-1,1610,252903.75
GSSC,2024-10-09,158,158,154,158.14,-0.12,-0.19,-1,429,66556.95
GSSC,2024-10-08,161.41,161.41,152.5,158.14,1.25,1.96,-1,2576,407981.22
GSSC,2024-10-07,159.99,159.99,155.12,156.18,1.17,1.82,-1,679,106494.93
GSSC,2024-10-03,158,158,151.4,156.18,3.17,4.85,-1,8669,1342384
GSSC,2024-10-02,154.9,154.9,152,153.05,0.5,0.77,-1,2103,321840.25
GSSC,2024-10-01,154.25,154.25,152.5,154.13,-0.21,-0.33,-1,1064,162802.41
GSSC,2024-09-30,154.44,154.44,153.1,154.13,-0.62,-0.96,-1,547,84063.54
GSSC,2024-09-29,155,155,152.6,154.13,-0.67,-1.03,-1,348,53535.11
GSSC,2024-09-26,156,156,152.05,154.13,0.56,0.87,-1,356,54844.02
GSSC,2024-09-25,155,155,152.4,154.13,-0.86,-1.33,-1,81,12513.7
GSSC,2024-09-24,154.9,154.9,152.4,154.13,-1.12,-1.73,-1,570,87281.97
GSSC,2024-09-23,154.9,154.9,152.4,154.13,-1.12,-1.73,-1,739,113234.52
GSSC,2024-09-22,155,155,153.5,154.13,-1.28,-2,-1,2554,394026.25
GSSC,2024-09-19,156,156,154.7,156,-0.82,-1.28,-1,741,114925.32
GSSC,2024-09-18,156,156,154.8,156,-0.64,-1,-1,1068,165991.02
GSSC,2024-09-17,157.9,157.9,154.5,156,-1.27,-2,-1,70058,10929026
GSSC,2024-09-16,159.99,159.99,154,158,-2.41,-3.8,-1,274,42740.21
GSSC,2024-09-12,159.8,159.8,154,158,0.01,0.01,-1,1319,207708.02
GSSC,2024-09-11,159.75,159.75,157.6,158,-1.12,-1.79,-1,30853,4874794.5
GSSC,2024-09-10,161.89,161.89,157.2,159.79,-1.36,-2.18,-1,148,23338.27
GSSC,2024-09-09,162.62,162.62,157,159.79,-2.93,-4.83,-1,2823,451166.94
GSSC,2024-09-08,162.1,162.1,157.01,164.63,-2.21,-3.64,-1,1020,164752.66
GSSC,2024-09-05,163.4,163.4,161.8,164.63,-0.75,-1.23,-1,695,113309.5
GSSC,2024-09-04,163.4,163.4,161.5,164.63,-1.78,-2.93,-1,113,18296.4
GSSC,2024-09-03,163,163,162,164.63,-1.6,-2.63,-1,382,62104.18
GSSC,2024-09-02,163.9,163.9,162.4,164.63,-0.69,-1.14,-1,203,33139.85
GSSC,2024-09-01,163.8,163.8,162.3,164.63,-0.53,-0.88,-1,333,54355.9
GSSC,2024-08-29,164,164,161.75,164.63,0,0,-1,877,142423.3
GSSC,2024-08-28,163.9,163.9,160.41,164.63,-1.2,-1.98,-1,1075,173122.17
GSSC,2024-08-27,164,164,160.16,164.63,-2.51,-4.13,-1,100,16263.62
GSSC,2024-08-26,163.99,163.99,163,164.63,-0.63,-1.03,-1,146,23876.19
GSSC,2024-08-25,164,164,160,164.63,-1.02,-1.68,-1,533,85898.27
GSSC,2024-08-22,163.5,163.5,161.7,164.63,-1.6,-2.63,-1,788,128197.07
GSSC,2024-08-21,163.3,163.3,161.5,164.63,-1.02,-1.68,-1,570,92693.1
GSSC,2024-08-20,162.6,162.6,161.25,164.63,-1.6,-2.63,-1,229,37142.1
GSSC,2024-08-19,162.69,162.69,161.15,164.63,-1.84,-3.03,-1,197,31826.6
GSSC,2024-08-18,162.8,162.8,161.15,164.63,-1.14,-1.88,-1,308,49816.37
GSSC,2024-08-15,163,163,161.15,164.63,-0.99,-1.63,-1,28,4516.02
GSSC,2024-08-14,162.9,162.9,161.15,164.63,-1.11,-1.83,-1,31,5034.29
GSSC,2024-08-13,162.9,162.9,161.01,164.63,-2.14,-3.53,-1,372,60126
GSSC,2024-08-12,162.9,162.9,160.6,164.63,-2.14,-3.53,-1,135,21751.91
GSSC,2024-08-11,163.5,163.5,160,164.63,-2.57,-4.23,-1,594,95818.92
GSSC,2024-08-08,161.05,161.05,161,164.63,-2.17,-3.58,-1,29,4669.5
GSSC,2024-08-07,163,163,160,164.63,-1.05,-1.73,-1,502,81069.68
GSSC,2024-08-06,164.63,164.63,161.8,164.63,-1.6,-2.63,-1,322,52321.23
GSSC,2024-08-05,166,166,160.6,164.63,-1.83,-3.01,-1,746,122016.7
GSSC,2024-08-04,167,167,163,164.63,-0.99,-1.63,-1,813,132594.52
GSSC,2024-08-01,166,166,163.73,164.63,-0.77,-1.27,-1,2658,437922.34
GSSC,2024-07-31,166,166,164.1,165,0,0,-1,493,81436.7
GSSC,2024-07-30,165.8,165.8,164.1,165,0.05,0.08,-1,8631,1424130.13
GSSC,2024-07-29,168,168,164,164.92,1.23,2,-1,3884,642367.31
GSSC,2024-07-28,167.8,167.8,163,163,1.53,2.5,-1,129,21492.67
GSSC,2024-07-24,168,168,164,163,3.07,5,-1,1336,223874.3
GSSC,2024-07-23,167.9,167.9,165,163,1.23,2,-1,170,28186.55
GSSC,2024-07-22,168.5,168.5,165,163,3.04,4.95,-1,973,163110.7
GSSC,2024-07-21,168.8,168.8,163.1,163,0.49,0.8,-1,1451,242600.23
GSSC,2024-07-17,168,168,164.17,163,3.07,5,-1,72,11908.73
GSSC,2024-07-16,169,169,166,163,2.21,3.6,-1,393,65492.01
GSSC,2024-07-15,170,170,162.11,163,0.72,1.17,-1,633,104384
GSSC,2024-07-14,170,170,164,163,3.07,5,-1,141,23539.83
GSSC,2024-07-10,170,170,159.7,163,3.07,5,-1,1319,220487.84
GSSC,2024-07-09,168,168,159.07,163,2.55,4.16,-1,386,62281.03
GSSC,2024-07-08,167.88,167.88,162,163,-0.61,-1,-1,1098,180992.2
GSSC,2024-07-07,164,164,162,163,-0.61,-1,-1,69,11300
GSSC,2024-07-04,164,164,162,163,0.31,0.5,-1,368,60218.5
GSSC,2024-07-03,164,164,161,163,-1.23,-2,-1,415,67407.34
GSSC,2024-07-02,162.4,162.4,159.23,163,-1.6,-2.6,-1,571,91451.76
GSSC,2024-07-01,162.6,162.6,158.3,163,-0.61,-1,-1,396,63378
GSSC,2024-06-27,162.7,162.7,158.01,163,-2.88,-4.7,-1,458,73650.2
GSSC,2024-06-26,161,161,159,163,-2.45,-4,-1,371,59620.18
GSSC,2024-06-25,159.5,159.5,158.5,163,-2.76,-4.5,-1,16,2538
GSSC,2024-06-24,159,159,155,163,-2.76,-4.5,-1,341,53833.13
GSSC,2024-06-23,158.95,158.95,155,163,-2.52,-4.1,-1,356,55440.1
GSSC,2024-06-13,158.9,158.9,155,163,-2.52,-4.1,-1,83,12927.4
GSSC,2024-06-12,162,162,153.5,163,-3.07,-5,-1,394,61271.84
GSSC,2024-06-11,159,159,153.5,163,-2.45,-4,-1,27,4216.55
GSSC,2024-06-10,160,160,153.5,163,-2.76,-4.5,-1,77,11966.5
GSSC,2024-06-09,159,159,153.5,163,-5.82,-9.49,-1,29,4495.54
GSSC,2024-06-06,160,160,152,163,-4.29,-7,-1,512,79110.3
GSSC,2024-06-05,164.2,164.2,154.25,163,-5.37,-8.75,-1,135,21576.9
GSSC,2024-06-04,162.9,162.9,154.01,163,-0.61,-1,-1,307,48818.48
GSSC,2024-06-03,164.2,164.2,152,163,-0.61,-1,-1,265,41270.94
GSSC,2024-06-02,162.89,162.89,152.12,163,-3.68,-6,-1,317,50112.62
GSSC,2024-05-30,163,163,158,163,0,0,-1,619,98424.2
GSSC,2024-05-29,163,163,158,163,0,0,-1,116,18778.41
GSSC,2024-05-28,165.96,165.96,162.5,163,-1.11,-1.83,-1,1997,325531.97
GSSC,2024-05-27,165.99,165.99,163.06,164.33,-0.77,-1.27,-1,495,80930.06
GSSC,2024-05-26,165.89,165.89,163.06,164.33,0.95,1.56,-1,131,21448.59
GSSC,2024-05-23,166.99,166.99,162.71,164.33,1.61,2.64,-1,530,87540.83
GSSC,2024-05-22,164,164,162.45,164.33,-0.66,-1.08,-1,278,45340
GSSC,2024-05-21,164.24,164.24,162.01,164.33,-1.17,-1.93,-1,260,42244.11
GSSC,2024-05-20,165,165,160.01,164.33,-1.41,-2.31,-1,1008,163822.34
GSSC,2024-05-19,163.75,163.75,155.6,164.33,-3.65,-6,-1,271,44242.54
GSSC,2024-05-16,166,166,141,164.33,-5.68,-9.33,-1,312,49157.68
GSSC,2024-05-15,161.61,161.61,161.5,164.33,-1.66,-2.72,-1,103,16643.61
GSSC,2024-05-14,164.33,164.33,160.01,164.33,-0.26,-0.43,-1,12,1951.89
GSSC,2024-05-13,166,166,160.6,164.33,-0.26,-0.43,-1,383,62008.59
GSSC,2024-05-12,167.98,167.98,162,164.33,-1.42,-2.33,-1,701,115045.86
GSSC,2024-05-09,168.49,168.49,162,164.33,2.22,3.64,-1,283,47019.06
GSSC,2024-05-08,168.6,168.6,163,164.33,2.23,3.67,-1,107,17866.7
GSSC,2024-05-07,166,166,161.4,164.33,0.96,1.57,-1,199,32330.4
GSSC,2024-05-02,171,171,162,164.33,-1.42,-2.33,-1,312,52073
GSSC,2024-05-01,165,165,158,164.33,-0.81,-1.33,-1,259,41998.87
GSSC,2024-04-30,173,173,159,164.33,-3.24,-5.33,-1,15,2474.3
GSSC,2024-04-29,176,176,147.26,164.33,-0.2,-0.33,-1,192,32168.36
GSSC,2024-04-28,170,170,162.4,164.33,-5.5,-9.46,-1,1946,319979.78
GSSC,2024-04-24,171.8,171.8,164,171.86,-3.76,-6.46,-1,337,55475.9
GSSC,2024-04-23,173,173,167,171.86,-1.66,-2.86,-1,477,81478.4
GSSC,2024-04-22,172,172,169.3,171.86,-1.49,-2.56,-1,748,127658.1
GSSC,2024-04-21,173,173,170.6,171.86,0.66,1.14,-1,410,70719.95
GSSC,2024-04-18,174.5,174.5,170,171.86,-1.52,-2.63,-1,2051,352479.25
GSSC,2024-04-17,174.5,174.5,171.2,173.23,-0.94,-1.63,-1,501,86361.01
GSSC,2024-04-16,175.25,175.25,171.15,173.23,-1.2,-2.08,-1,536,92626.28
GSSC,2024-04-15,176,176,171.78,173.23,-0.68,-1.18,-1,1152,200827.97
GSSC,2024-04-08,177.25,177.25,172.12,173.23,0,0,-1,1082,189735.48
GSSC,2024-04-07,176,176,166.33,173.23,0,0,-1,865,149229.88
GSSC,2024-04-04,176,176,160,173.23,3.89,6.49,-1,2537,434585.19
GSSC,2024-04-03,171,171,161,166.74,-1.64,-2.74,-1,1143,191001.02
GSSC,2024-04-02,166.75,166.75,160,166.74,-3.95,-6.59,-1,607,99585.28
GSSC,2024-04-01,168,168,157.66,166.74,6.46,10.12,-1,1983,329877.41
GSSC,2024-03-31,163.9,163.9,156.7,156.62,1.52,2.38,-1,1350,215262.56
GSSC,2024-03-28,166.4,166.4,158,156.62,2.81,4.4,-1,1434,235591.06
GSSC,2024-03-27,166.98,166.98,145,156.62,4.71,7.38,-1,989,154893.8
GSSC,2024-03-26,167,167,161,156.62,3.47,5.43,-1,765,125634.47
GSSC,2024-03-25,168,168,156.62,156.62,0,0,-1,1439,237063.34
GSSC,2024-03-24,169,169,152.2,156.62,6.63,10.38,-1,1318,216421.77
GSSC,2024-03-21,166.99,166.99,154,156.62,5.29,8.28,-1,410,65915.48
GSSC,2024-03-20,164,164,152.1,156.62,1.81,2.83,-1,831,132653.81
GSSC,2024-03-19,170,170,150.82,156.62,-4.15,-6.75,-1,3186,499325.34
GSSC,2024-03-18,163,163,142,162.75,-7.22,-11.75,-1,1754,270219.88
GSSC,2024-03-17,175.99,175.99,150.01,162.75,0.15,0.25,-1,676,108830.41
GSSC,2024-03-14,169.9,169.9,131,162.75,0,0,-1,1106,165699.69
GSSC,2024-03-13,173.85,173.85,156,162.75,-6.49,-11.6,-1,2810,457621.81
GSSC,2024-03-12,177.99,177.99,163.5,178.6,-4.26,-7.6,-1,1002,169118.13
GSSC,2024-03-11,179.99,179.99,163,178.6,-4.31,-7.7,-1,1564,267380.28
GSSC,2024-03-10,183,183,174,178.6,0.22,0.39,-1,1165,207622.5
GSSC,2024-03-07,186,186,173.4,178.6,-2.21,-3.95,-1,935,163599.44
GSSC,2024-03-06,190,190,172,178.6,-9.52,-18.1,-1,2318,415702.81
GSSC,2024-03-05,194.95,194.95,182.03,190.1,-0.27,-0.52,-1,1950,372029.81
GSSC,2024-03-04,200,200,189,191.52,10.1,17.57,-1,6157,1180558.75
GSSC,2024-03-03,207,207,186,173.95,13.19,22.94,-1,3136,620278.31
GSSC,2024-02-29,201.95,201.95,181.1,173.95,11.53,20.05,-1,2948,574267.81
GSSC,2024-02-28,206.95,206.95,186,173.95,13.51,23.5,-1,3720,752436.44
GSSC,2024-02-27,208.74,208.74,166.01,173.95,20,34.79,-1,10656,2079314.25
GSSC,2024-02-26,180,180,153.1,173.95,3.98,6.43,-1,6182,1040279.44
GSSC,2024-02-25,167,167,146.5,161.62,4.06,6.21,-1,9173,1428299.13
GSSC,2024-02-22,155,155,144.51,152.79,4.72,6.89,-1,7312,1101583.75
GSSC,2024-02-21,148.99,148.99,140,145.9,-0.7,-1.02,-1,2868,416580.59
GSSC,2024-02-20,149,149,144.07,146.02,0.3,0.44,-1,3582,522427.47
GSSC,2024-02-19,153.5,153.5,143.01,145.58,-2.94,-4.41,-1,3965,583803.13
GSSC,2024-02-18,150,150,139,149.99,3.52,4.97,-1,7616,1110230.13
GSSC,2024-02-15,143,143,136.06,141.03,1.17,1.63,-1,5758,804009
GSSC,2024-02-14,140,140,134.2,139.4,3.82,5.15,-1,5899,812543.06
GSSC,2024-02-13,138,138,131.25,134.85,-0.27,-0.36,-1,2250,303369.5
GSSC,2024-02-12,136.48,136.48,129.1,135.36,0.91,1.23,-1,5050,678392.44
GSSC,2024-02-11,135,135,128.02,134.77,1.17,1.53,-1,6801,908745.94
GSSC,2024-02-08,132.75,132.75,127.2,130.47,0.69,0.9,-1,2617,341385.03
GSSC,2024-02-07,132,132,126.84,130.97,-0.64,-0.83,-1,5024,655256.44
GSSC,2024-02-06,130,130,126.01,129.83,1.72,2.2,-1,7163,917777
GSSC,2024-02-05,128.5,128.5,124.67,127.8,2.44,3.06,-1,5087,648585.38
GSSC,2024-02-04,127.5,127.5,124.01,125.44,-2.71,-3.47,-1,4459,558494.81
GSSC,2024-02-01,129.5,129.5,122,128.13,-0.76,-0.94,-1,9907,1241982.38
GSSC,2024-01-31,128,128,123.1,124.15,-2.17,-2.75,-1,10814,1357110.88
GSSC,2024-01-30,127.99,127.99,126,126.9,0.97,1.22,-1,6551,832397.19
GSSC,2024-01-29,127,127,125.1,125.78,-0.22,-0.28,-1,3844,483388.78
GSSC,2024-01-28,126.5,126.5,123.65,126.28,0.51,0.63,-1,6525,820533.56
GSSC,2024-01-24,125.5,125.5,123.51,124.42,-0.4,-0.5,-1,3991,496789.16
GSSC,2024-01-23,126.78,126.78,123.5,124.31,-1.86,-2.34,-1,8659,1083067.63
GSSC,2024-01-22,127.99,127.99,125,125.95,-0.24,-0.3,-1,17648,2227650.5
GSSC,2024-01-21,127,127,122.77,126.08,1.85,2.27,-1,20099,2509234
GSSC,2024-01-18,123.9,123.9,122.09,122.93,-0.15,-0.18,-1,3985,489985.94
GSSC,2024-01-17,126,126,122.01,123.13,-0.05,-0.06,-1,7827,966825.75
GSSC,2024-01-16,123.99,123.99,121.57,123.45,0.19,0.24,-1,14819,1817727.88
GSSC,2024-01-15,125.49,125.49,122.81,123.21,-0.9,-1.12,-1,12961,1606459.5
GSSC,2024-01-14,125.99,125.99,122.51,124.33,0.24,0.3,-1,20216,2509222.25
GSSC,2024-01-11,127.92,127.92,123.25,124.03,-3.04,-3.89,-1,15750,1970116.38
GSSC,2024-01-10,132,132,127.6,127.92,-0.94,-1.21,-1,12079,1557740.5
GSSC,2024-01-09,134.5,134.5,127,129.13,-3.24,-4.34,-1,8494,1097181
GSSC,2024-01-08,137.75,137.75,130,133.83,-2.57,-3.48,-1,6174,830693.06
GSSC,2024-01-04,141.75,141.75,134.02,135.48,-2.91,-4.06,-1,9141,1250185.63
GSSC,2024-01-03,143.48,143.48,138.73,139.54,-0.66,-0.92,-1,6513,908683.75
GSSC,2024-01-02,145,145,139.11,140.46,-0.03,-0.04,-1,5022,707151.44
GSSC,2023-12-31,145.99,145.99,139.1,140.5,-0.78,-1.1,-1,10849,1537617.75
GSSC,2023-12-28,147,147,140.52,141.6,-1.83,-2.63,-1,5814,825884.94
GSSC,2023-12-27,149.9,149.9,140.5,143.63,-2.78,-4.1,-1,6116,883157.38
GSSC,2023-12-26,154.8,154.8,146,147.73,0.45,0.66,-1,3292,490686.5
GSSC,2023-12-25,154.98,154.98,147.3,147.24,0.52,0.76,-1,1127,171565.05
GSSC,2023-12-24,156.56,156.56,140,147.24,5.08,7.12,-1,12639,1901890.5
GSSC,2023-12-21,147.84,147.84,135,140.12,-3.4,-4.9,-1,8121,1154449.75
GSSC,2023-12-20,148,148,142.6,144,-4.02,-6.07,-1,3187,459687.47
GSSC,2023-12-19,151.36,151.36,142,151.02,-5.97,-9.02,-1,1510,223042.84
GSSC,2023-12-18,152.35,152.35,141,151.02,6.87,9.71,-1,14817,2213119.5
GSSC,2023-12-17,144.75,144.75,126.27,141.31,10.72,13.68,-1,12635,1738767.25
GSSC,2023-12-14,131.5,131.5,127.75,127.63,1,1.27,-1,1917,246551.3
GSSC,2023-12-13,130,130,125.05,127.63,1.86,2.37,-1,2216,281807.28
GSSC,2023-12-12,131.95,131.95,126.05,127.63,-3.08,-4.06,-1,3459,444167.38
GSSC,2023-12-11,134.85,134.85,126.3,131.69,-0.36,-0.47,-1,4662,612725.19
GSSC,2023-12-10,136.44,136.44,117,132.11,8.3,10.13,-1,14584,1906843
GSSC,2023-12-07,122.75,122.75,117.01,121.98,0.98,1.19,-1,8563,1024990.75
GSSC,2023-12-06,122.9,122.9,117.4,121.51,1.39,1.67,-1,8540,1027370.88
GSSC,2023-12-05,121.9,121.9,115,119.84,0.07,0.08,-1,11489,1359357.88
GSSC,2023-12-04,121.9,121.9,108.4,119.76,10.8,11.7,-1,21742,2490642.25
GSSC,2023-12-03,109,109,101,108.3,4.07,4.24,-1,19752,2080210.13
GSSC,2023-11-30,104.8,104.8,88.01,104.06,1.83,1.87,-1,36955,3768175
GSSC,2023-11-29,103.21,103.21,99.3,102.19,2.19,2.19,-1,35619,3642991
GSSC,2023-11-28,102.85,102.85,99.29,100,-0.04,-0.04,-1,44478,4489166.5
GSSC,2023-11-27,107.14,107.14,100,100.04,-2.21,-2.26,-1,44468,4479902
GSSC,2023-11-26,110.71,110.71,100.71,102.3,-4.58,-4.91,-1,41318,4319562.5
GSSC,2023-11-23,116.43,116.43,107.14,107.21,-6.12,-7,-1,20063,2197200
GSSC,2023-11-22,117.78,117.78,101.44,114.21,12.19,12.41,-1,15589,1699651.88
GSSC,2023-11-21,105.34,105.34,96.44,101.8,3.5,2.07,-1,7917,801950.88
GSSC,2023-11-20,102.5,102.5,90.54,99.73,10.59,9.31,-1,41929,3873637.5
GSSC,2023-11-19,95,95,87.3,90.42,-4.66,-3.98,-1,21626,1977107.63
GSSC,2023-11-16,95.71,95.71,93.59,94.4,0.11,0.11,-1,21384,2029121.25
GSSC,2023-11-15,95,95,93.07,94.29,1.44,1.33,-1,10836,1021782.13
GSSC,2023-11-14,95.53,95.53,90.71,92.96,2.05,0.57,-1,11294,1048977.25
GSSC,2023-11-13,92.5,92.5,89.29,92.39,1.13,1.03,-1,10940,996339.69
GSSC,2023-11-12,92.79,92.79,89.66,91.36,-0.73,-0.01,-1,13096,1189574.63
GSSC,2023-11-09,92.14,92.14,87.14,91.37,0.88,0.8,-1,7862,710124.94
GSSC,2023-11-08,96.36,96.36,84.43,90.57,7.21,6.09,-1,9096,817793.06
GSSC,2023-11-07,84.89,84.89,83.21,84.48,2.08,1.72,-1,22023,1841658
GSSC,2023-11-06,84.28,84.28,81.43,82.76,0.89,1.34,-1,17345,1436123.38
GSSC,2023-11-05,85.71,85.71,80,81.42,0.56,0.44,-1,37373,3042022.25
GSSC,2023-11-02,88.29,88.29,80,80.98,-2.24,-3.04,-1,8422,689003.75
GSSC,2023-11-01,88.57,88.57,82.14,84.02,-2.24,0,-1,2649,221016.3
GSSC,2023-10-31,92.86,92.86,85.71,84.02,2.43,0,-1,2124,183786.8
GSSC,2023-10-30,87.14,87.14,83.43,84.02,1,-0.84,-1,3599,302416.88
GSSC,2023-10-29,89.29,89.29,82.51,84.86,-3.04,-2.67,-1,5436,463652.89
GSSC,2023-10-26,89.21,89.21,80,87.53,10.88,8.94,-1,24808,2065065.75
GSSC,2023-10-25,84.92,84.92,78.57,78.59,5.44,0,-1,16898,1362446.75
GSSC,2023-10-24,80.97,80.97,77.14,78.59,0.8,0.64,-1,15649,1231691.13
GSSC,2023-10-23,78.57,78.57,75.71,77.95,2.45,1.86,-1,14998,1159689.25
GSSC,2023-10-22,77.86,77.86,74.29,76.09,0.61,-0.58,-1,6839,524977.25
GSSC,2023-10-19,78.44,78.44,75,76.67,-1.83,-1.19,-1,5880,452319.41
GSSC,2023-10-18,82.18,82.18,74.29,77.86,4.09,2.39,-1,31492,2488442.75
GSSC,2023-10-17,77.14,77.14,73.56,75.47,3.81,2.77,-1,7120,537137.44
GSSC,2023-10-16,74.11,74.11,70.12,72.7,3.92,1.91,-1,4620,335218.56
GSSC,2023-10-15,71.97,71.97,70.29,70.79,-0.42,-0.58,-1,7031,497973.66
GSSC,2023-10-12,72.59,72.59,70.11,71.37,-0.78,-0.57,-1,6573,468555.19
GSSC,2023-10-11,74.61,74.61,71.43,71.94,-1.82,-1.54,-1,7832,568462.75
GSSC,2023-10-10,75.55,75.55,72.14,73.48,-0.77,-0.66,-1,4724,347168.34
GSSC,2023-10-09,76.39,76.39,72.86,74.14,2.2,0.42,-1,4088,303086.88
GSSC,2023-10-08,76.42,76.42,72.15,73.72,0.09,-0.47,-1,9824,731191.19
GSSC,2023-10-04,76.36,76.36,72.86,74.19,1.53,-0.07,-1,5128,380694.88
GSSC,2023-10-03,78.14,78.14,72.9,74.26,0.4,0.3,-1,9040,672234.69
GSSC,2023-10-02,79.26,79.26,74.29,73.96,1.42,0,-1,4914,373795.56
GSSC,2023-10-01,80.71,80.71,77.86,73.96,5.26,0,-1,2486,194164.56
GSSC,2023-09-27,81.43,81.43,75.43,73.96,8.12,0,-1,15319,1217178.38
GSSC,2023-09-26,79.64,79.64,76.44,73.96,5.16,0,-1,19891,1556632.5
GSSC,2023-09-25,77.14,77.14,73.94,73.96,4.3,0,-1,7675,582800.69
GSSC,2023-09-24,76.43,76.43,73.23,73.96,0.43,0,-1,14665,1107934.25
GSSC,2023-09-21,74.29,74.29,73.3,73.96,-0.1,-0.08,-1,11812,874457.25
GSSC,2023-09-20,74.29,74.29,73.22,74.04,-0.19,-0.14,-1,6002,443612.56
GSSC,2023-09-19,76.35,76.35,73.57,74.18,-0.7,-0.62,-1,6276,465717.34
GSSC,2023-09-18,77.86,77.86,72.21,74.8,0.11,0.08,-1,10611,799281
GSSC,2023-09-17,76.43,76.43,70.01,74.72,7.13,3.38,-1,19026,1377520.75
GSSC,2023-09-14,71.43,71.43,69.43,71.34,0.04,1.31,-1,10069,712708.13
GSSC,2023-09-13,70.14,70.14,69.41,70.03,0.4,0.17,-1,4892,342537.03
GSSC,2023-09-12,70.06,70.06,69.49,69.86,-0.23,-0.17,-1,8037,561564.94
GSSC,2023-09-11,70.25,70.25,69.44,70.03,-0.08,-0.06,-1,10251,718214.56
GSSC,2023-09-10,70.25,70.25,69.29,70.09,-0.37,0.19,-1,11955,838125.13
GSSC,2023-09-07,70.29,70.29,69.36,69.9,-0.07,-0.44,-1,11620,812367.13
GSSC,2023-09-06,70.71,70.71,69.64,70.34,-0.23,0.35,-1,17041,1200211.13
GSSC,2023-09-05,70,70,69.64,69.99,0.26,0.17,-1,20602,1440401.5
GSSC,2023-09-04,71.79,71.79,67.94,69.82,1.91,1.31,-1,40951,2871965.5
GSSC,2023-09-03,68.93,68.93,67.94,68.51,-0.18,-0.18,-1,14230,978289.63
GSSC,2023-08-31,68.75,68.75,67.86,68.69,0.4,0.27,-1,29161,2002790.38
GSSC,2023-08-30,68.57,68.57,68.04,68.42,0.08,-0.01,-1,4994,341696.38
GSSC,2023-08-29,68.51,68.51,67.56,68.43,0.96,0.65,-1,14101,962260.31
GSSC,2023-08-28,68.93,68.93,67.18,67.78,-0.2,-0.13,-1,14517,984029.5
GSSC,2023-08-27,69.29,69.29,67.46,67.91,-0.03,-0.03,-1,12160,825848.25
GSSC,2023-08-24,68.54,68.54,66.49,67.94,1.11,0.75,-1,31592,2141599.5
GSSC,2023-08-23,67.86,67.86,66.14,67.19,-0.01,-0.01,-1,13222,888079.5
GSSC,2023-08-22,68.04,68.04,65.39,67.2,2.95,1.64,-1,34959,2338886.5
GSSC,2023-08-21,67.03,67.03,65.26,65.56,-0.7,-0.47,-1,6426,422023.91
GSSC,2023-08-20,66.43,66.43,65,66.03,0.51,0.34,-1,35154,2311352.5
GSSC,2023-08-17,66.07,66.07,64.38,65.69,1,0.65,-1,13891,912896.38
GSSC,2023-08-16,65.71,65.71,63.39,65.04,2.02,1.28,-1,23596,1525188.13
GSSC,2023-08-15,64,64,63.29,63.76,0.57,0.37,-1,13880,884469.69
GSSC,2023-08-14,64.2,64.2,63.25,63.39,-0.13,-0.27,-1,7711,489258.22
GSSC,2023-08-13,64.21,64.21,62.94,63.66,-0.21,0.24,-1,12152,773644.75
GSSC,2023-08-10,64.29,64.29,62.94,63.42,-0.35,-0.22,-1,10583,673062.38
GSSC,2023-08-09,64.11,64.11,62.86,63.64,1.07,0.77,-1,27737,1765262
GSSC,2023-08-08,64.2,64.2,62.5,62.87,0.62,-0.07,-1,12866,810267.13
GSSC,2023-08-07,65.92,65.92,62.86,62.94,-0.51,-0.25,-1,24006,1512546.63
GSSC,2023-08-06,67.14,67.14,62.86,63.19,-2.46,-1.59,-1,20663,1316326.25
GSSC,2023-08-03,68.57,68.57,64.21,64.78,-4.84,-3.29,-1,16177,1054814.63
GSSC,2023-08-02,70.26,70.26,67.15,68.07,-4.42,-2.19,-1,8193,560024.13
GSSC,2023-08-01,73.57,73.57,68.57,70.26,0.18,0.13,-1,4913,345727.84
GSSC,2023-07-31,74.28,74.28,70.54,70.13,3.13,0,-1,3254,233301.78
GSSC,2023-07-30,75.36,75.36,70.71,70.13,1.1,0,-1,4313,316238.69
GSSC,2023-07-27,77.84,77.84,74.29,70.13,5.93,0,-1,2507,188164.97
GSSC,2023-07-26,77.86,77.86,75.18,70.13,8.47,0,-1,4872,373464.19
GSSC,2023-07-25,78.57,78.57,72.32,70.13,11.94,0,-1,5736,433555.53
GSSC,2023-07-24,78.57,78.57,72.86,70.13,7.96,0,-1,5715,426449.75
GSSC,2023-07-19,82.14,82.14,69.3,70.13,9.49,0,-1,8313,644812.56
GSSC,2023-07-18,71.43,71.43,66.43,70.13,5.57,2.47,-1,10371,717744.19
GSSC,2023-07-17,68.21,68.21,65.02,67.66,1.71,0.6,-1,13987,951291
GSSC,2023-07-16,67.5,67.5,64.51,67.06,0.86,0.85,-1,9267,619731.75
GSSC,2023-07-13,66.25,66.25,65.71,66.21,-1.03,-0.2,-1,5358,354781
GSSC,2023-07-12,66.79,66.79,65.36,66.41,-0.72,0.22,-1,4595,305079.75
GSSC,2023-07-11,66.43,66.43,65.71,66.19,1.59,1.15,-1,6719,445201
GSSC,2023-07-10,66.43,66.43,61.44,65.04,-1.13,-0.34,-1,5699,369686.25
GSSC,2023-07-09,67.14,67.14,64.29,65.38,7.03,4.29,-1,4634,302994.91
GSSC,2023-07-06,68.57,68.57,53.93,61.09,-4.38,-6.14,-1,9040,575073.88
GSSC,2023-07-05,67.84,67.84,65,67.23,2.02,1.33,-1,8467,568639
GSSC,2023-07-04,67.14,67.14,65.14,65.9,2.51,1.79,-1,5209,343016.47
GSSC,2023-06-26,65.35,65.35,61.07,64.11,2.63,0.6,-1,4684,300313.59
GSSC,2023-06-25,64.46,64.46,62.14,63.51,0.73,0.22,-1,5376,341391.81
GSSC,2023-06-22,64.29,64.29,62.79,63.29,-1.73,-1.11,-1,5200,329048.88
GSSC,2023-06-21,65.17,65.17,63.63,64.4,-0.96,-0.62,-1,6812,439185.03
GSSC,2023-06-20,65.71,65.71,64.29,65.02,-1.04,-0.67,-1,11686,758304.44
GSSC,2023-06-19,66.43,66.43,64.3,65.69,1.13,1.06,-1,5153,338364.88
GSSC,2023-06-18,65.99,65.99,63.39,64.63,2.54,0.27,-1,4655,300839.09
GSSC,2023-06-15,65,65,63.21,64.36,0.54,0.35,-1,10377,667683.06
GSSC,2023-06-14,66.02,66.02,62.87,64.01,-0.94,-0.88,-1,7669,491897.66
GSSC,2023-06-13,66.78,66.78,63.57,64.89,-0.14,-0.1,-1,6593,427997
GSSC,2023-06-12,72,72,64.11,64.99,-0.3,-0.1,-1,15841,1048741.25
GSSC,2023-06-11,66,66,64.57,65.09,1.42,0.58,-1,6745,438414.63
GSSC,2023-06-08,66,66,63.71,64.51,-0.99,-0.65,-1,6348,409752.41
GSSC,2023-06-07,65.86,65.86,64.57,65.16,-1.82,-0.6,-1,9589,625683.94
GSSC,2023-06-06,66.14,66.14,65.71,65.76,-0.33,-0.17,-1,17479,1150569.38
GSSC,2023-06-05,66.14,66.14,65.14,65.93,0.38,0.46,-1,19261,1266126
GSSC,2023-06-04,65.71,65.71,65.14,65.47,-0.3,-0.29,-1,11614,760143.5
GSSC,2023-06-01,66.27,66.27,65.15,65.76,-0.04,-0.12,-1,7025,461985.72
GSSC,2023-05-31,67.13,67.13,65.71,65.88,0.05,0.06,-1,10401,684459.75
GSSC,2023-05-30,67.43,67.43,65.71,65.82,-0.96,-0.54,-1,17416,1150669
GSSC,2023-05-29,66.86,66.86,65.14,66.36,2.89,1.87,-1,21459,1413516.25
GSSC,2023-05-28,65.13,65.13,64,64.49,1.68,0.7,-1,16387,1055132
GSSC,2023-05-25,64.57,64.57,62.86,63.79,1.36,0.93,-1,15743,999856.38
GSSC,2023-05-24,63.43,63.43,62.29,62.86,1.24,0.77,-1,4943,310751.75
GSSC,2023-05-23,65.7,65.7,61.44,62.09,-0.54,-0.33,-1,6341,393559.53
GSSC,2023-05-22,65.71,65.71,60.01,62.42,8.04,1.6,-1,4813,300400.97
GSSC,2023-05-21,61.43,61.43,59.43,60.82,0.87,-0.08,-1,6420,389453.97
GSSC,2023-05-18,62.13,62.13,59.09,60.9,-0.96,-0.69,-1,5627,342278.69
GSSC,2023-05-17,64,64,60.58,61.59,-0.67,0.03,-1,4928,303550.5
GSSC,2023-05-16,64.29,64.29,60,61.56,-4.83,-3.12,-1,10235,640542.63
GSSC,2023-05-15,66.29,66.29,64,64.68,-0.39,-0.25,-1,5699,368650.53
GSSC,2023-05-14,66.26,66.26,64.57,64.93,1.13,-0.06,-1,4687,304311.44
GSSC,2023-05-11,66.8,66.8,64.57,64.99,-0.96,-0.21,-1,4619,300100.16
GSSC,2023-05-10,66.13,66.13,64,65.2,0.55,0.41,-1,7581,491946.06
GSSC,2023-05-09,66.29,66.29,64,64.79,-0.62,-0.47,-1,6766,437253.22
GSSC,2023-05-08,67.71,67.71,63.45,65.26,1.95,0.81,-1,4746,309645.38
GSSC,2023-05-07,65.71,65.71,62.86,64.45,-1.74,-1.09,-1,6745,434166.63
GSSC,2023-05-03,68.56,68.56,64.86,65.54,-1.82,-0.52,-1,4600,303913.44
GSSC,2023-05-02,68.14,68.14,65.71,66.06,-1.64,-0.75,-1,4507,300640.56
GSSC,2023-05-01,68.46,68.46,66.4,66.81,-3,-2.06,-1,9696,649002.76
GSSC,2023-04-30,72.57,72.57,66.86,68.87,0.63,0.43,-1,7358,511749.79
GSSC,2023-04-27,70,70,67.01,68.44,-0.12,-0.2,-1,6096,413921.59
GSSC,2023-04-26,70.86,70.86,66.86,68.64,-1.12,-0.85,-1,9566,659040.06
GSSC,2023-04-19,72,72,69.15,69.49,-0.57,-0.4,-1,9604,670432.25
GSSC,2023-04-18,71.43,71.43,67.03,69.89,2.22,1.13,-1,6304,437746.84
GSSC,2023-04-13,71.26,71.26,64.57,68.76,4.82,3.16,-1,10207,690664.44
GSSC,2023-04-12,67.43,67.43,64,65.6,-0.01,-0.12,-1,5606,364199.53
GSSC,2023-04-11,66.86,66.86,64.86,65.72,-0.83,-0.55,-1,7237,474633.88
GSSC,2023-04-10,68.51,68.51,64.58,66.27,-0.36,0.32,-1,15421,1013207.13
GSSC,2023-04-09,68.57,68.57,63.86,65.95,0.5,0.33,-1,12816,845299.81
GSSC,2023-04-06,68,68,64.86,65.62,-3.7,-1.73,-1,7221,478907.19
GSSC,2023-04-05,72,72,66.86,67.35,-3.68,-2.36,-1,5968,403299.53
GSSC,2023-04-04,73.71,73.71,65.72,69.71,3.97,2.67,-1,13458,929885.63
GSSC,2023-04-03,70.28,70.28,65.71,67.04,1.08,1.18,-1,6398,424936.75
GSSC,2023-04-02,70.28,70.28,64.44,65.86,6.1,0.15,-1,10261,675380.69
GSSC,2023-03-30,71.43,71.43,64,65.71,0.09,0.57,-1,7335,484235.66
GSSC,2023-03-29,69.56,69.56,63,65.14,-1.78,-1.19,-1,36348,2368151
GSSC,2023-03-28,72.86,72.86,62.86,66.33,-3.08,0,-1,1987,128962.28
GSSC,2023-03-27,67.99,67.99,62.86,66.33,2.72,1.66,-1,10784,695527.25
GSSC,2023-03-26,68.57,68.57,64.57,64.67,-0.29,-0.19,-1,7473,485931.13
GSSC,2023-03-23,73.14,73.14,59.46,64.86,12.77,0,-1,3553,234898.78
GSSC,2023-03-22,68.57,68.57,60,64.86,11.38,6.62,-1,4717,303151.36
GSSC,2023-03-21,59.43,59.43,56.57,58.24,2.05,0,-1,501,29712.27
GSSC,2023-03-19,60,60,52.29,58.24,-1.87,0,-1,337,19411.16
GSSC,2023-03-16,58.86,58.86,53.71,58.24,-1.36,-0.85,-1,5422,315900.31
GSSC,2023-03-15,60.31,60.31,58.29,59.09,-1.34,0,-1,1890,112525.67
GSSC,2023-03-14,59.71,59.71,58,59.09,1.06,0,-1,867,51397.14
GSSC,2023-03-13,60.85,60.85,58.86,59.09,-0.57,-1.22,-1,5023,300179.72
GSSC,2023-03-12,62,62,59.87,60.31,-1.85,-0.69,-1,4978,301127.28
GSSC,2023-03-09,61.99,61.99,60.01,61,1.61,0,-1,1110,68556
GSSC,2023-03-08,62.28,62.28,60.98,61,1.17,0,-1,1614,100028.13
GSSC,2023-03-07,62.14,62.14,60.91,61,-0.05,0,-1,420,25935.36
GSSC,2023-03-06,62.29,62.29,61.71,61,2.11,0,-1,2492,154378.64
GSSC,2023-03-05,62.29,62.29,60.01,61,-0.74,-0.31,-1,4878,302063.91
GSSC,2023-03-02,61.31,61.31,57.44,61.31,0,0,-1,5079,306379.59
GSSC,2023-03-01,62.84,62.84,60.59,61.31,0.07,0.04,-1,5328,328151.91
GSSC,2023-02-28,61.7,61.7,60.49,61.27,-0.02,0.4,-1,7162,436931.63
GSSC,2023-02-27,63.42,63.42,60.57,60.87,-1.85,-1.42,-1,8911,544698
GSSC,2023-02-26,63.99,63.99,60.23,62.29,2.39,0.93,-1,8960,551340.44
GSSC,2023-02-23,62.86,62.86,60.63,61.36,0.17,0.1,-1,5055,310999.69
GSSC,2023-02-22,62.86,62.86,60.29,61.26,-0.96,-0.76,-1,14032,865018.06
GSSC,2023-02-21,64.86,64.86,60.63,62.02,-3.23,-1.17,-1,14169,883727.75
GSSC,2023-02-20,65.14,65.14,61.26,63.19,-3.06,-1.65,-1,18645,1196826.5
GSSC,2023-02-19,68.56,68.56,64.29,64.84,-0.43,-0.58,-1,6999,455867.19
GSSC,2023-02-16,66.56,66.56,64.69,65.42,0.63,0.13,-1,6755,443253.22
GSSC,2023-02-15,66.56,66.56,64.19,65.29,0.62,0.27,-1,5055,329078.88
GSSC,2023-02-14,66.29,66.29,63.15,65.02,1.06,0,-1,2552,167894.81
GSSC,2023-02-13,66.66,66.66,64.23,65.02,-0.04,-0.71,-1,4673,306935.22
GSSC,2023-02-12,68.57,68.57,62.86,65.73,1.8,2.11,-1,6349,419320.09
GSSC,2023-02-09,66.28,66.28,61.16,63.62,-1.23,-1.74,-1,9034,578222.31
GSSC,2023-02-08,66.56,66.56,63.43,65.36,-1.76,-0.65,-1,9069,586798.25
GSSC,2023-02-07,66.57,66.57,62.89,66.01,1.7,1.4,-1,8394,552441.38
GSSC,2023-02-06,65.71,65.71,60.11,64.61,0,0,-1,1975,127383.59
GSSC,2023-02-05,64.85,64.85,59.44,64.61,-0.67,-0.68,-1,6117,393129.81
GSSC,2023-02-02,69.71,69.71,58.29,65.29,0.43,-0.14,-1,5916,377747.88
GSSC,2023-02-01,69.6,69.6,62.93,65.43,-0.28,-0.75,-1,7266,473771.94
GSSC,2023-01-31,68.51,68.51,64.03,66.18,-2.51,-2.01,-1,16919,1124354
GSSC,2023-01-30,70.83,70.83,67.59,68.19,-0.6,-0.17,-1,4402,301418.06
GSSC,2023-01-29,71.43,71.43,67.9,68.36,-0.33,-0.21,-1,6364,440699.31
GSSC,2023-01-25,74.29,74.29,66.29,68.57,-4.84,-3.49,-1,34153,2340003.5
GSSC,2023-01-24,74.29,74.29,69.71,72.06,-0.09,-0.58,-1,8715,623948.38
GSSC,2023-01-23,74.87,74.87,69.16,72.64,-4.1,-3.1,-1,14973,1091341.63
GSSC,2023-01-22,77.15,77.15,72.59,75.74,-1.6,-1.23,-1,25374,1916335.63
GSSC,2023-01-19,78.84,78.84,75.71,76.97,-2,-1.75,-1,4619,356820.47
GSSC,2023-01-18,81.14,81.14,77.14,78.72,0.42,0.33,-1,6776,532965.75
GSSC,2023-01-17,79.31,79.31,76.01,78.39,1.5,1.26,-1,7946,620464.31
GSSC,2023-01-16,85.71,85.71,74.29,77.13,-10.02,-8.58,-1,9748,757640.56
GSSC,2023-01-15,91.99,91.99,76.11,85.71,9.12,7.16,-1,22313,1926371.5
GSSC,2023-01-12,78.79,78.79,73.55,78.55,1.76,1.12,-1,3996,308291.84
GSSC,2023-01-11,78.79,78.79,73.43,77.43,1.12,0.86,-1,10822,837023
GSSC,2023-01-10,79.99,79.99,75.6,76.57,0.07,0.05,-1,10854,831043.63
GSSC,2023-01-09,80,80,72.56,76.52,6.43,4.62,-1,18550,1418539
GSSC,2023-01-05,72.56,72.56,70.41,71.9,1.47,1.04,-1,7664,549278.69
GSSC,2023-01-04,72.57,72.57,68.57,70.86,0.32,0.22,-1,16734,1174761.38
GSSC,2023-01-03,74.22,74.22,70.29,70.64,2.15,1.5,-1,9101,646051.81
GSSC,2023-01-02,71.43,71.43,65.86,69.14,2.98,2,-1,40607,2792451.75
GSSC,2022-12-29,67.43,67.43,65.85,67.14,-0.57,-0.39,-1,5474,363963.03
GSSC,2022-12-28,69.65,69.65,66.29,67.53,2.45,1.72,-1,6573,438991.06
GSSC,2022-12-27,69.71,69.71,64.64,65.81,1.31,0.1,-1,7568,498264.41
GSSC,2022-12-26,66.84,66.84,62.86,65.71,1.54,1,-1,8631,559768.25
GSSC,2022-12-25,65.71,65.71,58.57,64.71,-1.49,-0.98,-1,9360,593392.25
GSSC,2022-12-22,69.16,69.16,62.86,65.69,-4.4,-4.12,-1,9493,633101.63
GSSC,2022-12-21,72,72,66.91,69.81,-1.49,-0.95,-1,4775,327463.41
GSSC,2022-12-20,73.14,73.14,66.44,70.76,1.2,0.97,-1,6749,475713.25
GSSC,2022-12-19,73.14,73.14,65.71,69.79,-5.21,-3.82,-1,5635,387189.44
GSSC,2022-12-18,74.29,74.29,69.14,73.61,2.02,0.8,-1,4122,302250
GSSC,2022-12-15,74.79,74.79,72.58,72.81,-0.1,-0.07,-1,5166,380915.38
GSSC,2022-12-14,75.43,75.43,72.34,72.88,-0.78,-0.84,-1,4766,353195.88
GSSC,2022-12-13,76.57,76.57,69.29,73.72,2.1,0.96,-1,4403,326577.78
GSSC,2022-12-12,76.28,76.28,68.64,72.76,0.63,-1,-1,9059,645713.56
GSSC,2022-12-11,78.28,78.28,73.14,73.76,-2.59,-1.91,-1,13146,972024.81
GSSC,2022-12-08,78.29,78.29,73.14,75.67,-4.75,-1.12,-1,11761,897702
GSSC,2022-12-07,86.29,86.29,72.57,76.79,3.9,2.55,-1,10623,820153
GSSC,2022-12-06,80,80,70.11,74.24,2.99,2.15,-1,8114,598042.13
GSSC,2022-12-05,72.2,72.2,69.87,72.09,1.23,0.8,-1,4792,345715.88
GSSC,2022-12-04,79.99,79.99,68.58,71.29,-3.57,-2.64,-1,11068,797801.63
GSSC,2022-12-01,78.84,78.84,69.14,73.93,13.04,8.22,-1,4841,361519.38
GSSC,2022-11-30,73,73,62.29,65.71,8.01,4.87,-1,9808,647340.19
GSSC,2022-11-29,63.43,63.43,60.57,60.84,3.24,0.51,-1,31121,1959901.5
GSSC,2022-11-28,60.56,60.56,58.3,60.33,1.06,0.4,-1,5936,355994.5
GSSC,2022-11-27,60,60,59.17,59.93,2.77,1.54,-1,5159,308581.5
GSSC,2022-11-24,59.14,59.14,55.29,58.39,6.94,3.09,-1,5305,300871.03
GSSC,2022-11-23,57.71,57.71,54.63,55.3,-3.16,-1.81,-1,8772,490168.72
GSSC,2022-11-22,57.71,57.71,56.06,57.11,0,-0.6,-1,5914,337757.91
GSSC,2022-11-21,59.43,59.43,57.14,57.71,-1.93,-1.14,-1,5139,300712.91
GSSC,2022-11-20,60.56,60.56,58.29,58.85,0.01,0,-1,5363,321127.19
GSSC,2022-11-17,60,60,54.29,58.85,-0.55,-0.34,-1,6906,400779.47
GSSC,2022-11-16,60,60,57.71,59.19,4.05,2.08,-1,16330,978752.75
GSSC,2022-11-15,62.28,62.28,56,57.11,-3.92,-1.18,-1,7403,436458.22
GSSC,2022-11-14,60,60,58.29,58.29,0,0,-1,19510,1166375
GSSC,2022-11-13,60,60,57.71,58.29,-0.47,-0.27,-1,6000,357912.13
GSSC,2022-11-10,62.29,62.29,56.4,58.56,4.11,2.57,-1,8565,504986.81
GSSC,2022-11-09,59.43,59.43,54.29,55.99,-3.87,-2.25,-1,7011,395932.38
GSSC,2022-11-08,59.43,59.43,55.71,58.24,5.72,2.57,-1,5205,302673.5
GSSC,2022-11-07,59.43,59.43,55.41,55.67,0.66,0.58,-1,6537,369182.47
GSSC,2022-11-06,56.57,56.57,52,55.09,2.83,1.51,-1,6150,336511.78
GSSC,2022-11-03,53.03,53.03,51.74,53.58,-1.08,0,-1,1756,92393.28
GSSC,2022-11-02,53.59,53.59,51.54,53.58,0.28,0.15,-1,8541,456263.75
GSSC,2022-11-01,63.43,63.43,52.57,53.43,0.28,0.15,-1,22040,1180115.63
GSSC,2022-10-31,53.43,53.43,51.14,53.28,4.4,2.16,-1,5713,303095.28
GSSC,2022-10-30,52,52,49.45,51.12,-0.46,0,-1,4038,207561.59
GSSC,2022-10-27,52.46,52.46,49.71,51.12,-1.25,-0.64,-1,10032,507803.03
GSSC,2022-10-26,53.99,53.99,50.29,51.76,0.43,0.22,-1,5965,311826.94
GSSC,2022-10-25,54.28,54.28,50.71,51.54,-1.68,-0.88,-1,6993,367709
GSSC,2022-10-24,52.57,52.57,50.17,52.42,4.35,2.06,-1,5825,301835.94
GSSC,2022-10-23,52.57,52.57,50.29,50.36,1.09,0.55,-1,16024,809337.38
GSSC,2022-10-20,51.77,51.77,49.14,49.81,1.81,0,-1,4179,211476.69
GSSC,2022-10-19,51.42,51.42,49.71,49.81,-5.41,-2.75,-1,32946,1688201.75
GSSC,2022-10-18,52.57,52.57,50.32,52.56,3.28,1.66,-1,6979,362278.56
GSSC,2022-10-17,52.57,52.57,50.29,50.9,1.71,-0.09,-1,5921,306649.84
GSSC,2022-10-16,51.74,51.74,49.81,50.99,2.2,1.09,-1,8684,444759.78
GSSC,2022-10-13,53.9,53.9,49.26,49.9,5.02,1.56,-1,6014,301543.19
GSSC,2022-10-12,49.71,49.71,48.2,48.34,-1.91,-0.8,-1,6124,301219.03
GSSC,2022-10-11,49.43,49.43,46.86,49.14,-0.76,-0.37,-1,6874,333969.13
GSSC,2022-10-10,50.85,50.85,49.29,49.51,-0.69,-0.35,-1,8385,417125.03
GSSC,2022-10-09,50.86,50.86,49.73,49.86,-3.24,-1.67,-1,7487,376092.69
GSSC,2022-10-05,53.71,53.71,50.3,51.53,1.96,0.99,-1,6257,320429
GSSC,2022-10-04,52.99,52.99,49.81,50.54,-4.93,-2.05,-1,6014,305481.91
GSSC,2022-10-03,53.89,53.89,49.43,52.59,-5.75,-4.58,-1,5776,301223.63
GSSC,2022-10-02,59.43,59.43,55.43,57.17,3.5,1.96,-1,5359,306277.09
GSSC,2022-09-29,57.14,57.14,53.68,55.21,4.45,2.14,-1,6094,335573.56
GSSC,2022-09-28,53.71,53.71,52,53.07,3.54,1.21,-1,5699,302929.03
GSSC,2022-09-27,52.57,52.57,50.44,51.86,3.45,1.05,-1,5810,300136.75
GSSC,2022-09-26,51.42,51.42,49.58,50.81,1.77,0.88,-1,6096,309838.81
GSSC,2022-09-25,50.86,50.86,49.15,49.93,-1.43,-0.07,-1,6041,305893
GSSC,2022-09-22,50.86,50.86,50,50,2.54,1.24,-1,13335,670265.63
GSSC,2022-09-21,50.28,50.28,47.49,48.76,-0.42,-0.2,-1,24387,1201709.75
GSSC,2022-09-20,50.14,50.14,48.56,48.96,-0.87,-1.18,-1,9202,449197.16
GSSC,2022-09-19,50.29,50.29,46.86,50.14,3.56,1.73,-1,14209,703220.69
GSSC,2022-09-18,49.71,49.71,48.29,48.41,0.68,0.17,-1,12426,604722.5
GSSC,2022-09-15,50,50,47.43,48.24,0.34,0.11,-1,6661,325039.13
GSSC,2022-09-14,48.86,48.86,47.14,48.13,-0.05,-0.46,-1,6360,305792.94
GSSC,2022-09-13,49.99,49.99,48.57,48.59,0.02,0.02,-1,7130,348220.72
GSSC,2022-09-12,50.66,50.66,48.56,48.57,-1.38,-0.68,-1,15639,764456.19
GSSC,2022-09-11,52.29,52.29,48.73,49.25,-5.54,-2.34,-1,14106,700996.31
GSSC,2022-09-08,53.71,53.71,50.57,51.59,-0.64,0.69,-1,6509,338067.84
GSSC,2022-09-07,53.14,53.14,49.72,50.9,0.73,-0.16,-1,7732,403323.97
GSSC,2022-09-06,51.43,51.43,49.22,51.06,4.02,1.62,-1,6203,317695.25
GSSC,2022-09-05,49.71,49.71,48.47,49.44,1.96,0.68,-1,7651,374158.78
GSSC,2022-09-04,50.28,50.28,48.33,48.76,-0.89,0,-1,2199,107609.31
GSSC,2022-09-01,51.13,51.13,48.59,48.76,-0.47,-0.05,-1,8253,411343.97
GSSC,2022-08-31,53.41,53.41,48.57,48.81,-1.64,-1.66,-1,21539,1065200.5
GSSC,2022-08-30,53.6,53.6,50.29,50.47,1.62,0.98,-1,8408,436034.41
GSSC,2022-08-29,53.6,53.6,48.86,49.49,2.64,-0.06,-1,6294,313437.25
GSSC,2022-08-28,54.27,54.27,48.86,49.55,-7.73,-3.71,-1,10591,523235.03
GSSC,2022-08-25,54.86,54.86,50.29,53.26,10.7,3.71,-1,7204,384638.19
GSSC,2022-08-24,53.71,53.71,49.55,49.55,0.44,0.22,-1,6307,329342.5
GSSC,2022-08-23,50.86,50.86,48.58,49.33,3.84,1.82,-1,19552,989438.88
GSSC,2022-08-22,50.29,50.29,47.5,47.51,-3.98,-1.97,-1,7036,347220.84
GSSC,2022-08-21,49.64,49.64,46.86,49.48,3.81,1.77,-1,6129,300509.25
GSSC,2022-08-18,48,48,45.66,47.71,6.48,2.63,-1,9380,447504.84
GSSC,2022-08-17,46.86,46.86,45.16,45.08,0.18,0,-1,1050,48933.71
GSSC,2022-08-16,47.77,47.77,44.9,45.08,-1.66,-0.62,-1,22726,1051438
GSSC,2022-08-15,46.57,46.57,44.89,45.7,-3.2,-0.68,-1,16596,759797.25
GSSC,2022-08-14,47.57,47.57,45.71,46.38,0.28,0.14,-1,12326,568185.13
GSSC,2022-08-11,46.71,46.71,45.81,46.24,-3.02,-1.45,-1,12082,561331.75
GSSC,2022-08-10,47.81,47.81,46.8,47.69,4.3,1.97,-1,6563,310564.06
GSSC,2022-08-09,49.62,49.62,45.71,45.72,-3.3,-1.56,-1,15651,724880.88
GSSC,2022-08-08,47.66,47.66,45.71,47.28,1.86,0.87,-1,12970,603452
GSSC,2022-08-07,47.87,47.87,46.36,46.41,-2.64,-1.26,-1,27035,1267243.63
GSSC,2022-08-04,49.14,49.14,47.15,47.67,-0.7,-0.34,-1,37563,1781594.13
GSSC,2022-08-03,51.43,51.43,48,48.01,-3.06,-1.5,-1,11823,578323.13
GSSC,2022-08-02,50.86,50.86,47.93,49.51,3.01,1.8,-1,6441,319784.53
GSSC,2022-08-01,49.43,49.43,46.3,47.71,3.16,1.25,-1,6363,302486.97
GSSC,2022-07-31,47.71,47.71,46.19,46.46,-1.38,-0.65,-1,32929,1535447.25
GSSC,2022-07-28,47.83,47.83,46.86,47.11,-1.47,-0.45,-1,10353,486934.19
GSSC,2022-07-27,49.08,49.08,47.43,47.56,-2.38,-1.03,-1,10378,496505.63
GSSC,2022-07-26,51.94,51.94,48.44,48.59,-3.4,-1.7,-1,15448,757935.88
GSSC,2022-07-25,54.29,54.29,50.29,50.29,-4.42,-2.32,-1,9773,501581.88
GSSC,2022-07-24,56.57,56.57,50.26,52.61,8.38,4.06,-1,11116,584727.38
GSSC,2022-07-21,53.99,53.99,45.14,48.55,7.53,3.41,-1,20462,997501.75
GSSC,2022-07-20,46.09,46.09,44.57,45.14,0,0,-1,3213,146573.58
GSSC,2022-07-19,46.57,46.57,45.14,45.14,2.09,0,-1,2328,105713.05
GSSC,2022-07-18,47.41,47.41,45.14,45.14,0,0,-1,3142,143755.41
GSSC,2022-07-17,48,48,44.43,45.14,-0.59,-0.27,-1,10469,478923.03
GSSC,2022-07-07,48.34,48.34,44.15,45.41,0.77,-0.51,-1,8184,374550.66
GSSC,2022-07-06,48.29,48.29,45.2,45.92,-1.17,0.18,-1,7363,337212.19
GSSC,2022-07-05,49.14,49.14,44.86,45.74,-2.82,-2.47,-1,16363,752700.88
GSSC,2022-07-04,50.81,50.81,48,48.21,4.24,1.96,-1,10283,503952
GSSC,2022-07-03,49.71,49.71,42.86,46.25,17.27,3.86,-1,27500,1242218.5
GSSC,2022-06-29,44,44,42.29,42.39,-2.4,-0.94,-1,7743,333260.31
GSSC,2022-06-28,44,44,42.01,43.33,0.54,0.17,-1,7134,305783.13
GSSC,2022-06-27,43.43,43.43,41.71,43.16,6.15,2.25,-1,9400,402549.25
GSSC,2022-06-26,42.46,42.46,40.91,40.91,-3.93,-1.68,-1,7617,316224.22
GSSC,2022-06-23,43.42,43.42,41.71,42.59,-2.67,-0.27,-1,8404,357604.56
GSSC,2022-06-22,43.37,43.37,40.72,42.86,3.14,1.3,-1,10514,445398.31
GSSC,2022-06-21,42.11,42.11,40.29,41.56,6.64,2.07,-1,8008,332466.97
GSSC,2022-06-20,40.01,40.01,40,39.49,0,0,-1,126,5040.71
GSSC,2022-06-19,41.64,41.64,39.49,39.49,-4.4,-1.82,-1,10291,411106.03
GSSC,2022-06-16,42.17,42.17,40.56,41.31,1.49,0.38,-1,7461,304063.91
GSSC,2022-06-15,42.23,42.23,40.57,40.93,-2.875,-1.21,-1,11015,451868.66
GSSC,2022-06-14,42.74,42.74,40.03,42.14,3.02,1.24,-1,15681,642448.63
GSSC,2022-06-13,43.41,43.41,40.64,40.9,-1.649,-0.69,-1,7216,305413.59
GSSC,2022-06-12,43.99,43.99,41.09,41.59,-1.93,-0.55,-1,12293,522726.06
GSSC,2022-06-09,42.8,42.8,40.23,42.14,6.89,2.58,-1,12250,507646.34
GSSC,2022-06-08,40.57,40.57,39.31,39.56,2.94,1.13,-1,11375,449676.34
GSSC,2022-06-07,39.43,39.43,37.86,38.43,0.89,0.71,-1,7963,309663.13
GSSC,2022-06-06,39.37,39.37,37.6,37.72,3.77,0,-1,1236,48223.92
GSSC,2022-06-05,37.71,37.71,37.6,37.72,-0.03,0,-1,2765,104252.5
GSSC,2022-06-02,39.43,39.43,37.59,37.72,1.18,0.44,-1,10368,398669.66
GSSC,2022-06-01,38.86,38.86,37.14,37.28,2.67,-0.15,-1,29700,1109915.88
GSSC,2022-05-31,40,40,39.31,37.43,6.72,0,-1,1602,63242.22
GSSC,2022-05-30,40,40,37.14,37.43,-1.41,-0.53,-1,8225,315065.63
GSSC,2022-05-29,40,40,37.71,37.96,-5.05,-1.77,-1,13913,534025.75
GSSC,2022-05-26,41.71,41.71,38.86,39.73,0.54,-0.77,-1,9625,381674.13
GSSC,2022-05-25,41.71,41.71,40,40.5,-4.75,-1.49,-1,9414,381983.69
GSSC,2022-05-24,42.64,42.64,40.94,41.99,-2.5,0,-1,5688,238343.69
GSSC,2022-05-23,42.71,42.71,40.71,41.99,3.46,1.4,-1,9169,383797.69
GSSC,2022-05-22,41.69,41.69,40.51,40.59,-0.2,0,-1,4974,202763.66
GSSC,2022-05-19,42.06,42.06,40.03,40.59,-1.45,-0.87,-1,20895,851477.75
GSSC,2022-05-18,43.14,43.14,41.27,41.46,0.69,0.32,-1,10219,432770.38
GSSC,2022-05-17,43.14,43.14,41.14,41.14,-0.69,-0.29,-1,8614,358929.38
GSSC,2022-05-16,44.44,44.44,41.43,41.43,-3.33,-1.43,-1,26760,1110467.38
GSSC,2022-05-15,44.95,44.95,42.57,42.86,2.67,0,-1,3703,160624.44
GSSC,2022-05-12,45.14,45.14,42.86,42.86,-2.77,-1.22,-1,10773,477084.34
GSSC,2022-05-11,44.56,44.56,42.29,44.08,4.25,1.35,-1,9626,417450.84
GSSC,2022-05-10,44.57,44.57,42,42.73,-0.67,0,-1,2526,110862.29
GSSC,2022-05-09,42.85,42.85,40.59,42.73,0.97,0.3,-1,10588,448506.69
GSSC,2022-05-08,45.14,45.14,41.72,42.43,4.76,0.49,-1,7463,319605.25
GSSC,2022-04-28,42,42,40,41.94,1.09,0.39,-1,7918,331834.06
GSSC,2022-04-27,41.94,41.94,41.89,41.55,0.81,0,-1,918,38510
GSSC,2022-04-26,41.93,41.93,38.87,41.55,-6.44,0,-1,130,5055.17
GSSC,2022-04-21,41.31,41.31,41.31,41.55,-0.56,0,-1,482,19882.5
GSSC,2022-04-20,42.23,42.23,39.99,41.55,8.56,2.65,-1,8750,359919.13
GSSC,2022-04-19,41.31,41.31,38.51,38.9,6.21,0,-1,5165,199516.8
GSSC,2022-04-18,42.24,42.24,38.44,38.9,-6.1,-2.03,-1,8546,339246.25
GSSC,2022-04-17,39.59,39.59,37.14,40.93,-7.51,0,-1,3298,127982.08
GSSC,2022-04-14,42.62,42.62,40.93,40.93,2.36,0.94,-1,7805,328042.81
GSSC,2022-04-13,42.16,42.16,39.99,39.99,5.44,0,-1,2941,119175.24
GSSC,2022-04-12,40,40,38.43,39.99,1.88,0.73,-1,11228,448165.75
GSSC,2022-04-11,39.43,39.43,37.37,39.26,0.44,0,-1,3868,148312.63
GSSC,2022-04-10,39.43,39.43,37.14,39.26,0.44,0,-1,7070,272560.13
GSSC,2022-04-07,38.86,38.86,37.22,39.26,-5.18,0,-1,3154,119067.02
GSSC,2022-04-06,39.43,39.43,37.71,39.26,-2.47,0,-1,7175,277610.53
GSSC,2022-04-05,40.01,40.01,39.14,39.26,-1.86,-0.74,-1,45689,1826673.75
GSSC,2022-04-04,40.07,40.07,40,40,-0.93,-0.38,-1,26338,1053635
GSSC,2022-04-03,42.85,42.85,40,40.38,-0.93,0,-1,5695,231273.84
GSSC,2022-03-31,40.11,40.11,39.54,40.38,-0.93,0,-1,5040,201485.44
GSSC,2022-03-30,42.29,42.29,39.83,40.38,1.98,0.79,-1,14158,585300.85
GSSC,2022-03-29,41.14,41.14,37.71,39.59,1.17,0,-1,4122,164713.27
GSSC,2022-03-28,42.86,42.86,38.87,39.59,-7.83,-3.37,-1,34097,1388731.68
GSSC,2022-03-24,48.51,48.51,42.86,42.96,-6.09,-3.28,-1,18556,806411.88
GSSC,2022-03-23,46.28,46.28,44.38,46.24,0.07,0,-1,4960,225248.02
GSSC,2022-03-22,50.86,50.86,44.19,46.24,4.08,1.8,-1,19149,909792.19
GSSC,2022-03-21,48.57,48.57,40.57,44.44,3.43,1.65,-1,26858,1232901.38
GSSC,2022-03-20,45.71,45.71,40.4,42.79,-0.07,-0.07,-1,8315,350667.97
GSSC,2022-03-17,42.86,42.86,40.29,42.86,0,0,-1,6397,268098.16
GSSC,2022-03-16,42.91,42.91,42.86,42.86,-1.32,-0.57,-1,64750,2775158
GSSC,2022-03-15,45.42,45.42,42.87,43.43,-9.07,-4.33,-1,53662,2335100.5
GSSC,2022-03-14,48.57,48.57,46.29,47.76,-3.09,0,-1,176,8521
GSSC,2022-03-13,49.71,49.71,45,47.76,15.83,4.84,-1,6570,307236.66
GSSC,2022-03-10,44.56,44.56,41.43,42.92,3.83,0,-1,2043,90993.7
GSSC,2022-03-09,42.86,42.86,42.86,42.92,-0.15,0,-1,32,1350
GSSC,2022-03-07,42.32,42.32,42.3,42.92,-1.4,0,-1,833,35238.91
GSSC,2022-03-03,44.94,44.94,42.92,42.92,-3.71,-1.65,-1,23713,1028255.19
GSSC,2022-03-02,45.71,45.71,39.49,44.57,12.93,5.1,-1,8397,365532.47
GSSC,2022-02-28,42,42,39.14,39.47,1.35,0,-1,2016,80282.47
GSSC,2022-02-27,41.99,41.99,41.99,39.47,6.4,0,-1,35,1469.8
GSSC,2022-02-24,44,44,37.26,39.47,-13.54,-5.69,-1,14286,573461
GSSC,2022-02-23,47.64,47.64,44.61,45.16,2.96,0,-1,3716,166591.45
GSSC,2022-02-22,48.56,48.56,45.14,45.16,-5.96,-2.86,-1,11316,525038.74
GSSC,2022-02-21,48.29,48.29,44.59,48.02,3.75,1.73,-1,6976,321909.44
GSSC,2022-02-20,49.64,49.64,44.29,46.29,0,0,-1,2626,124796.03
GSSC,2022-02-17,46.86,46.86,46.28,46.29,1.25,0.58,-1,7375,344564.79
GSSC,2022-02-16,46.29,46.29,45.14,45.71,8.52,3.58,-1,9114,416142.63
GSSC,2022-02-15,45.54,45.54,43.68,42.13,7.76,0,-1,1751,79172.93
GSSC,2022-02-14,43.71,43.71,40.43,42.13,0,0,-1,1761,73846.24
GSSC,2022-02-13,43.7,43.7,35.43,42.13,-2.32,-1.73,-1,8509,352948.75
GSSC,2022-02-10,45.14,45.14,43.63,43.86,-3,-1.27,-1,7424,333483.28
GSSC,2022-02-09,45.14,45.14,42.86,45.13,-4.21,-2,-1,21165,930548.69
GSSC,2022-02-08,45.71,45.71,44.68,47.13,-4.21,0,-1,3763,170999.33
GSSC,2022-02-07,47.14,47.14,45.66,47.13,3.06,1.42,-1,9293,434351.41
GSSC,2022-02-06,45.71,45.71,42.86,45.71,-0.07,-0.04,-1,7000,308555.56
GSSC,2022-02-03,45.34,45.34,44.57,45.75,0,0,-1,1215,54831.65
GSSC,2022-02-02,45.71,45.71,41.71,45.75,0,0,-1,5124,223398.3
GSSC,2022-02-01,45.71,45.71,41.71,45.75,-0.07,0,-1,4376,186364.77
GSSC,2022-01-31,48.51,48.51,48,45.75,6.05,0,-1,438,21194.51
GSSC,2022-01-30,46.74,46.74,43.86,45.75,2.16,0,-1,2121,98960.52
GSSC,2022-01-26,47.69,47.69,44.61,45.75,-2.5,0,-1,2232,103539.48
GSSC,2022-01-25,47.86,47.86,42.89,45.75,-2.89,-1.36,-1,16394,749018.14
GSSC,2022-01-24,47.99,47.99,46.29,47.11,-0.11,-0.05,-1,6999,326344.48
GSSC,2022-01-23,51.26,51.26,45.71,47.16,-4.49,-4.27,-1,17739,834552.94
GSSC,2022-01-20,55.14,55.14,50.29,51.43,-2.21,0,-1,3350,171498.59
GSSC,2022-01-19,56,56,50.57,51.43,-3.11,-1.65,-1,18260,937167.63
GSSC,2022-01-18,60.28,60.28,45.89,53.08,5.66,2.84,-1,42322,2229356.21
GSSC,2022-01-17,50.79,50.79,46.73,50.24,10.89,4.45,-1,6916,341667.19
GSSC,2022-01-16,51.39,51.39,45.72,45.79,2.79,-0.9,-1,13199,604573.44
GSSC,2022-01-13,53.41,53.41,45.15,46.69,0.69,0.32,-1,17763,880355.31
GSSC,2022-01-12,48.86,48.86,44.46,46.37,-17.84,-7.74,-1,8807,419195.16
GSSC,2022-01-11,54.29,54.29,45.15,54.11,15.27,8.5,-1,48525,2508338.25
GSSC,2022-01-10,51.43,51.43,42.85,45.61,6.41,2.75,-1,74992,3384101.5
GSSC,2022-01-05,44,44,42.86,42.86,0.24,0.1,-1,33754,1448943.5
GSSC,2022-01-04,42.86,42.86,40,42.76,-6.72,-0.12,-1,9071,387806.19
GSSC,2022-01-03,42.86,42.86,40.56,42.88,-0.12,0,-1,6000,257050
GSSC,2022-01-02,40,40,38.6,42.88,-9.98,0,-1,53,2052.35
GSSC,2021-12-30,42.86,42.86,40,42.88,-6.72,0,-1,1926,81634.04
GSSC,2021-12-29,40,40,37.14,42.88,-13.38,0,-1,1982,78428.56
GSSC,2021-12-23,39.43,39.43,36.03,42.88,-8.06,0,-1,1145,42014.51
GSSC,2021-12-22,39.95,39.95,36.09,42.88,-6.84,0,-1,581,21652.98
GSSC,2021-12-21,38.86,38.86,37.16,42.88,-13.35,0,-1,522,19812.36
GSSC,2021-12-20,40,40,37.71,42.88,-9.38,0,-1,771,30358.35
GSSC,2021-12-19,39.99,39.99,37.71,42.88,-12.05,0,-1,3868,146968.91
GSSC,2021-12-15,38.86,38.86,37.71,42.88,-12.05,0,-1,875,33684.72
GSSC,2021-12-14,42.86,42.86,42.85,42.88,-0.05,0,-1,18,749.98
GSSC,2021-12-13,42.86,42.86,42.86,42.88,-0.05,0,-1,18,750
GSSC,2021-12-12,42.84,42.84,42.74,42.88,-0.08,0,-1,34,1423.49
GSSC,2021-12-09,44.29,44.29,42.27,42.88,3.4,0.05,-1,8750,375223.91
GSSC,2021-12-08,42.82,42.82,38.37,42.83,-0.01,0,-1,344,13368.03
GSSC,2021-12-07,42.91,42.91,42.8,42.83,-0.12,-0.05,-1,12265,525705
GSSC,2021-12-06,43.03,43.03,40,42.88,0.93,0.42,-1,11395,488410.72
GSSC,2021-12-05,42.29,42.29,37.26,42.46,-0.42,0,-1,316,13106.88
GSSC,2021-12-02,43.21,43.21,37.73,42.46,11.12,6.45,-1,11928,508089.03
GSSC,2021-12-01,42.57,42.57,39.47,36.01,17.39,0,-1,6216,255303.66
GSSC,2021-11-30,39.97,39.97,32.63,36.01,-7.41,0,-1,1050,39223.98
GSSC,2021-11-29,37.14,37.14,30.93,36.01,-10.33,0,-1,5412,199261.38
GSSC,2021-11-28,33.14,33.14,30.63,36.01,-14.96,0,-1,179,5493.54
GSSC,2021-11-25,34.28,34.28,30.59,36.01,-7.98,0,-1,658,20740.44
GSSC,2021-11-24,35.96,35.96,30.33,36.01,-15.74,0,-1,1357,41391.62
GSSC,2021-11-23,35.71,35.71,35.71,36.01,-0.84,0,-1,1,62.5
GSSC,2021-11-21,30.47,30.47,30.47,36.01,-15.39,0,-1,4,106.66
GSSC,2021-11-18,35.14,35.14,35.14,36.01,-2.44,0,-1,14,491.92
GSSC,2021-11-17,31.43,31.43,31.43,36.01,-12.74,0,-1,175,5500
GSSC,2021-11-16,30.57,30.57,30.47,36.01,-15.12,0,-1,333,10149.7
GSSC,2021-11-15,34.29,34.29,29.74,36.01,-17.42,0,-1,1791,57291.87
GSSC,2021-11-14,37.41,37.41,34.29,36.01,-4.81,0,-1,2428,86049.85
GSSC,2021-11-11,40.46,40.46,35.84,36.01,-18.55,-8.19,-1,8911,328681.31
GSSC,2021-11-10,39.99,39.99,35.46,44.2,-14.67,0,-1,1481,54696.13
GSSC,2021-11-09,40.57,40.57,38.29,44.2,-13.38,0,-1,3613,139086.23
GSSC,2021-11-08,41.91,41.91,37.79,44.2,-13.38,0,-1,4957,201195.02
GSSC,2021-11-07,44.2,44.2,38.29,44.2,0,0,-1,1726,68697.72
GSSC,2021-11-04,38.85,38.85,36.01,44.2,-12.1,0,-1,2512,94563.8
GSSC,2021-11-03,39.31,39.31,38.29,44.2,-13.38,0,-1,2625,102644.34
GSSC,2021-11-02,42.86,42.86,37.73,44.2,-11.44,0,-1,5370,221760.17
GSSC,2021-11-01,41.71,41.71,37.71,44.2,-5.62,0,-1,4578,176106.58
GSSC,2021-10-31,43.14,43.14,37.96,44.2,-2.4,0,-1,5118,212400.52
GSSC,2021-10-28,43.27,43.27,35.36,44.2,-6.93,0,-1,4130,156738.7
GSSC,2021-10-27,44.57,44.57,40,44.2,-9.5,0,-1,4437,185357.63
GSSC,2021-10-26,46.82,46.82,37.26,44.2,-2.22,0,-1,2751,112042.49
GSSC,2021-10-25,45.59,45.59,39.99,44.2,-9.54,0,-1,2958,120321.46
GSSC,2021-10-24,48.57,48.57,42.71,44.2,-3.12,-1.42,-1,37468,1749513.25
GSSC,2021-10-20,48,48,35.49,45.62,12.95,5.15,-1,18554,804351.81
GSSC,2021-10-19,40.56,40.56,40,40.47,0,0.47,-1,15771,638234.63
GSSC,2021-10-18,40.57,40.57,30.36,40,16.67,5.71,-1,44457,1669626
GSSC,2021-10-17,35.43,35.43,30.32,34.29,-11.57,0,-1,3763,119763.65
GSSC,2021-10-12,35.43,35.43,32.33,34.29,-5,0,-1,398,13094.97
GSSC,2021-10-10,37.03,37.03,35.04,34.29,8,0,-1,438,16014.87
GSSC,2021-10-04,36,36,36,34.29,5,0,-1,25,882
GSSC,2021-10-03,37.14,37.14,34.29,34.29,0,0,-1,9093,319531.5
GSSC,2021-09-30,36.91,36.91,33.14,34.29,7.67,0,-1,6252,219477.13
GSSC,2021-09-28,34.26,34.26,31.51,34.29,-8.08,0,-1,568,17947.75
GSSC,2021-09-27,35.99,35.99,30.29,34.29,-1.12,-0.38,-1,16661,561306.06
GSSC,2021-09-26,36.57,36.57,34.23,34.67,6.67,0.38,-1,13685,474539.53
GSSC,2021-09-23,34,34,29.71,34.29,-0.83,0,-1,91,2876.5
GSSC,2021-09-22,34.29,34.29,34.29,34.29,0,0,-1,4,120
GSSC,2021-09-21,29.43,29.43,29.36,34.29,-14.17,0,-1,6,154.24
GSSC,2021-09-20,32,32,27.44,34.29,-19.97,0,-1,1750,54652.56
GSSC,2021-09-16,37.11,37.11,34.29,34.29,-2.25,-0.78,-1,7428,260223.63
GSSC,2021-09-15,35.43,35.43,33.71,35.07,4.9,1.36,-1,39551,1364105.25
GSSC,2021-09-14,33.71,33.71,30.9,33.71,-0.02,0,-1,2772,93167.28
GSSC,2021-09-13,33.71,33.71,33.7,33.71,-1.49,-0.51,-1,3660,123354.26
GSSC,2021-09-09,34.22,34.22,30.86,34.22,0,0,-1,1756,60052
GSSC,2021-09-08,30.9,30.9,30.86,34.22,-9.83,0,-1,574,17726.5
GSSC,2021-09-07,33.71,33.71,30.81,34.22,-1.49,0,-1,7,230.92
GSSC,2021-09-06,34.29,34.29,33.66,34.22,11.05,3.86,-1,7426,254263.31
GSSC,2021-09-05,47.2,47.2,42.5,42.5,-8.4,-3.9,-1,6145,284494.13
GSSC,2021-09-02,46.4,46.4,46.24,46.4,7.04,3.2,-1,3254,150973.41
GSSC,2021-09-01,46.4,46.4,43.84,43.2,7.41,0,-1,838,38792.51
GSSC,2021-08-31,44,44,43.99,43.2,1.85,0,-1,750,32999.6
GSSC,2021-08-30,43.99,43.99,43.98,43.2,1.83,0,-1,823,36180.92
GSSC,2021-08-29,44,44,42.4,43.2,-1.85,0,-1,1265,55150
GSSC,2021-08-26,43.2,43.2,41.6,43.2,-8.18,-2.1,-1,16653,719368
GSSC,2021-08-24,42.95,42.95,42.86,45.3,-5.19,0,-1,1739,74546.79
GSSC,2021-08-23,42.81,42.81,42.8,45.3,-5.53,0,-1,813,34775.41
GSSC,2021-08-22,42.81,42.81,42.81,45.3,-5.51,0,-1,74,3157.09
GSSC,2021-08-17,45.36,45.36,45.19,45.3,2.33,0.97,-1,3125,141579
GSSC,2021-08-15,45.36,45.36,42.83,44.33,8.63,3.09,-1,4519,200304.95
GSSC,2021-08-11,41.2,41.2,41.2,41.24,-0.1,0,-1,739,30436.5
GSSC,2021-08-10,43.18,43.18,41.4,41.24,0.39,0,-1,788,33448.9
GSSC,2021-08-09,41.96,41.96,39.68,41.24,1.82,0.03,-1,2750,113410
GSSC,2021-08-08,40.48,40.48,40.06,41.21,-1.86,0,-1,353,14217.69
GSSC,2021-08-05,40.92,40.92,39.44,41.21,0,0,-1,411,16577.35
GSSC,2021-08-03,39.45,39.45,39.33,41.21,-4.29,0,-1,1000,39427
GSSC,2021-08-02,41.62,41.62,39.29,41.21,-7.51,-1.27,-1,2875,118474.99
GSSC,2021-08-01,42.36,42.36,41.6,42.48,-2.05,0,-1,990,41571.81
GSSC,2021-07-29,43.2,43.2,42.4,42.48,-0.19,0,-1,645,27848
GSSC,2021-07-28,41.99,41.99,41.99,42.48,-1.15,0,-1,25,1049.8
GSSC,2021-07-27,43.19,43.19,42.35,42.48,0.02,0.13,-1,2976,126428.38
GSSC,2021-07-25,42.6,42.6,41.63,42.35,-0.47,-0.45,-1,4990,211352.3
GSSC,2021-07-15,44,44,41.6,42.8,-1.52,0.56,-1,2500,106997.5
GSSC,2021-07-12,44.03,44.03,43.96,42.24,4.24,0,-1,313,13755.14
GSSC,2021-07-07,44,44,40.2,42.24,-4.83,0,-1,540,23370.5
GSSC,2021-07-05,40.18,40.18,40.06,42.24,-4.89,0,-1,23,903.04
GSSC,2021-06-30,42.26,42.26,42.12,42.24,10,3.82,-1,4474,188985.78
GSSC,2021-06-29,42.19,42.19,38.88,38.42,1.21,0,-1,1250,51470
GSSC,2021-06-27,38.89,38.89,38.49,38.42,1.21,0,-1,690,26724.18
GSSC,2021-06-23,41.2,41.2,38.41,38.42,1.54,-2.16,-1,5664,217582.17
GSSC,2021-06-21,40.8,40.8,38.08,40.58,-6.15,0,-1,270,10388.3
GSSC,2021-06-17,38.4,38.4,38.4,40.58,-5.36,0,-1,4,144
GSSC,2021-06-15,39.2,39.2,39.2,40.58,-3.39,0,-1,19,735
GSSC,2021-06-14,41.6,41.6,41.44,40.58,2.13,0,-1,25,1038
GSSC,2021-06-10,40.8,40.8,40.8,40.58,0.55,0,-1,6,255
GSSC,2021-06-08,42.18,42.18,38.52,40.58,-0.84,-0.56,-1,2844,115386.5
GSSC,2021-06-07,42.18,42.18,38.72,41.14,9.99,2.79,-1,12879,529917.75
GSSC,2021-06-06,38.32,38.32,36,38.35,-0.08,0,-1,1035,37376.2
GSSC,2021-06-03,38.8,38.8,38.8,38.35,1.17,0,-1,13,485
GSSC,2021-06-01,39.11,39.11,36.26,38.35,1.98,0,-1,94,3577.75
GSSC,2021-05-31,39.59,39.59,36,38.35,3.23,0,-1,2103,75836.1
GSSC,2021-05-27,40,40,40,38.35,4.3,0,-1,80,3200
GSSC,2021-05-25,39.99,39.99,39.99,38.35,4.28,0,-1,31,1249.75
GSSC,2021-05-24,40,40,39.84,38.35,4.3,0,-1,400,15948.6
GSSC,2021-05-23,39.88,39.88,39.2,38.35,2.21,0,-1,1919,75293.25
GSSC,2021-05-20,39.88,39.88,39.88,38.35,3.98,0,-1,156,6231.25
GSSC,2021-05-19,39.88,39.88,39.19,38.35,3.98,0,-1,563,22151.7
GSSC,2021-05-17,37.04,37.04,37.04,38.35,-3.42,0,-1,215,7963.6
GSSC,2021-05-11,36.8,36.8,36.04,38.35,-4.05,0,-1,428,15627.8
GSSC,2021-05-06,39.2,39.2,39.19,38.35,2.21,0,-1,188,7349.73
GSSC,2021-04-27,34.65,34.65,34.64,38.35,-9.68,0,-1,146,5067.1
GSSC,2021-04-26,35.99,35.99,35.21,38.35,-6.15,0,-1,150,5379.2
GSSC,2021-04-25,37.36,37.36,37.35,38.35,-2.59,0,-1,78,2895
GSSC,2021-04-15,34.64,34.64,34.64,38.35,-9.68,0,-1,813,28145
GSSC,2021-04-14,35.42,35.42,35.2,38.35,-8.22,0,-1,1875,66008.1
GSSC,2021-04-12,37.87,37.87,37.87,38.35,-1.25,0,-1,163,6154.2
GSSC,2021-04-11,35.42,35.42,35.42,38.35,-7.66,0,-1,13,442.7
GSSC,2021-04-08,38.15,38.15,38.15,38.35,-0.52,0,-1,13,476.9
GSSC,2021-04-06,36.4,36.4,36.24,38.35,-5.09,0,-1,250,9080
GSSC,2021-04-05,37,37,37,38.35,-3.53,0,-1,475,17575
GSSC,2021-04-04,37.04,37.04,36.8,38.35,-4.05,0,-1,1250,46155
GSSC,2021-04-01,37.4,37.4,36.81,38.35,-2.98,0,-1,1188,44240.5
GSSC,2021-03-31,39.48,39.48,36.4,38.35,5.38,1.3,-1,2875,110262.7
GSSC,2021-03-30,39.4,39.4,39.32,37.05,6.13,0,-1,1375,54162.5
GSSC,2021-03-29,39.6,39.6,38.8,37.05,5.81,0,-1,2313,90433.5
GSSC,2021-03-28,39.92,39.92,39.92,37.05,7.75,0,-1,75,2994
GSSC,2021-03-25,37.59,37.59,36.8,37.05,1.42,-0.01,-1,8535,316190.22
GSSC,2021-03-24,40,40,36.41,37.06,-8.49,-2.72,-1,12500,463304.81
GSSC,2021-03-23,38.42,38.42,36,39.78,-9.51,0,-1,625,22575.75
GSSC,2021-03-22,40,40,39.2,39.78,-6.72,-2.24,-1,11540,459118
GSSC,2021-03-21,40.05,40.05,40.05,42.02,-4.7,0,-1,413,16519.8
GSSC,2021-03-17,40,40,38.44,42.02,-4.82,0,-1,66,2644.15
GSSC,2021-03-15,42.02,42.02,42.02,42.02,0,0,-1,271,11399.01
GSSC,2021-03-07,42.02,42.02,42.02,42.02,0,0,-1,63,2626.5
GSSC,2021-03-04,41.2,41.2,41.2,42.02,-1.96,0,-1,125,5150
GSSC,2021-03-03,45.4,45.4,40.8,42.02,-3.61,-1.18,-1,2949,123919.44
GSSC,2021-03-02,45.54,45.54,42.08,43.2,-2.59,0,-1,2219,98374.33
GSSC,2021-03-01,44.79,44.79,41.81,43.2,-3.04,0,-1,2143,95029.62
GSSC,2021-02-28,44.8,44.8,41.68,43.2,3.67,0,-1,1406,59462.9
GSSC,2021-02-25,44.8,44.8,42.42,43.2,3.7,0,-1,375,16651.5
GSSC,2021-02-24,45.52,45.52,42.4,43.2,-1.85,0,-1,165,7191.01
GSSC,2021-02-23,43.2,43.2,43.2,43.2,0,0,-1,361,15606
GSSC,2021-02-22,43.2,43.2,43.2,43.2,0,0,-1,105,4536
GSSC,2021-02-21,43.4,43.4,43.4,43.2,0.46,0,-1,250,10850
GSSC,2021-02-18,42,42,41.6,43.2,-3.41,0,-1,903,37587.09
GSSC,2021-02-17,43.22,43.22,43.2,43.2,-2.69,-1.19,-1,7371,318461.5
GSSC,2021-02-15,43.5,43.5,43.2,44.39,-2.69,0,-1,750,32527
GSSC,2021-02-14,45.6,45.6,43.2,44.39,2.72,0,-1,1875,83502.9
GSSC,2021-02-10,46.4,46.4,45.52,44.39,4.52,0,-1,313,14280
GSSC,2021-02-09,44.8,44.8,44.34,44.39,-0.3,-0.55,-1,3500,155360
GSSC,2021-02-08,46.31,46.31,44.8,44.94,-0.88,-0.26,-1,30411,1366510.13
GSSC,2021-02-07,46.4,46.4,44.8,45.2,-1,-0.18,-1,31775,1436314.88
GSSC,2021-02-04,47,47,44.81,45.38,2.8,0.25,-1,19828,899873
GSSC,2021-02-03,46.38,46.38,44.4,45.13,-0.39,-0.25,-1,27280,1231192.75
GSSC,2021-02-02,47.04,47.04,44.86,45.38,-2.26,-1.76,-1,39395,1787863.75
GSSC,2021-02-01,49.52,49.52,44.42,47.14,-4.63,0.15,-1,20833,982176.94
GSSC,2021-01-31,47.92,47.92,44.12,46.99,1.65,-0.15,-1,4680,219922.27
GSSC,2021-01-27,47.99,47.99,46,47.14,0.37,1.31,-1,8445,398118.94
GSSC,2021-01-26,44.02,44.02,42.45,45.83,-7.38,0,-1,250,10792.48
GSSC,2021-01-25,46.8,46.8,44,45.83,0.76,-0.62,-1,4190,192031.13
GSSC,2021-01-21,45.28,45.28,45.28,46.45,-2.51,0,-1,250,11320
GSSC,2021-01-19,43.61,43.61,43.6,46.45,-6.13,0,-1,63,2725.25
GSSC,2021-01-18,47.12,47.12,43.3,46.45,-3.54,-0.49,-1,2621,121752.52
GSSC,2021-01-17,47.96,47.96,45.41,46.94,3.4,2.53,-1,3486,163653.48
GSSC,2021-01-13,43.68,43.68,42.81,44.41,-3.6,0,-1,276,11882.39
GSSC,2021-01-12,43.6,43.6,43.6,44.41,-1.82,0,-1,258,11227
GSSC,2021-01-11,48,48,43.76,44.41,4.72,0.67,-1,14450,641673.81
GSSC,2021-01-10,43.99,43.99,43.2,43.74,7.43,2.94,-1,5019,219489.69
GSSC,2021-01-06,43.2,43.2,40.4,40.8,-0.37,0,-1,1364,57776.31
GSSC,2021-01-05,41.6,41.6,41.6,40.8,1.96,0,-1,595,24752
GSSC,2021-01-04,41.4,41.4,41.4,40.8,1.47,0,-1,190,7866
GSSC,2020-12-30,40.24,40.24,40.08,40.8,-1.41,0,-1,751,30215.15
GSSC,2020-12-29,41.2,41.2,40.08,40.8,-7.69,-3.4,-1,16744,683139.5
GSSC,2020-12-28,44.99,44.99,43.2,44.2,1.89,1.8,-1,5778,255360.38
GSSC,2020-12-27,42.4,42.4,42.4,42.4,-4.64,-2.06,-1,7188,304750
GSSC,2020-12-24,45,45,42.53,44.46,-4.35,0,-1,3749,166679.36
GSSC,2020-12-23,44.63,44.63,43.6,44.46,2.32,1.28,-1,2544,113103.2
GSSC,2020-12-22,43.99,43.99,42.26,43.18,2.29,0.96,-1,2901,125285.4
GSSC,2020-12-21,43.24,43.24,40.24,42.22,-2.62,-1.13,-1,16625,701854.06
GSSC,2020-12-20,45.2,45.2,43.22,43.35,-3.62,-1.5,-1,3805,164967.5
GSSC,2020-12-17,45.92,45.92,42.56,44.85,-0.45,0.65,-1,28204,1264897.25
GSSC,2020-12-16,47.12,47.12,42.24,44.2,-4.24,-0.5,-1,41759,1845837.25
GSSC,2020-12-15,48.77,48.77,42,44.7,-4.71,0.36,-1,81981,3663957.75
GSSC,2020-12-14,46,46,42.4,44.34,-1.25,0.95,-1,15004,665257.44
GSSC,2020-12-13,45.52,45.52,43.18,43.39,4.9,0,-1,2156,94582.54
GSSC,2020-12-10,41.82,41.82,41.62,43.39,-4.09,0,-1,1455,60835.78
GSSC,2020-12-09,46.39,46.39,41.6,43.39,-2.31,0.81,-1,34751,1507876.13
GSSC,2020-12-08,44.37,44.37,39.22,42.58,1.94,2.24,-1,58721,2500636
GSSC,2020-12-07,40.64,40.64,40.18,40.34,-3.38,-1.31,-1,3159,127423.2
GSSC,2020-12-06,43.27,43.27,40.02,41.65,3.09,2.31,-1,42636,1775885
GSSC,2020-12-03,40.98,40.98,38.75,39.34,-4.21,-1.17,-1,2563,100809.38
GSSC,2020-12-02,40.99,40.99,38.69,40.51,-2.03,1.02,-1,5250,212707.73
GSSC,2020-12-01,40.39,40.39,38.42,39.49,-2.69,0,-1,1525,59595
GSSC,2020-11-30,39.4,39.4,38.89,39.49,-1.52,0,-1,1253,49152.22
GSSC,2020-11-29,39.21,39.21,38.92,39.49,-0.71,0,-1,663,25960.8
GSSC,2020-11-26,38.4,38.4,38.4,39.49,-2.76,0,-1,13,480
GSSC,2020-11-25,39.2,39.2,38.42,39.49,-0.73,0,-1,923,35680.41
GSSC,2020-11-23,40,40,38.4,39.49,0.36,-0.21,-1,4888,192987.3
GSSC,2020-11-22,39.92,39.92,39.92,39.7,0.56,0,-1,50,1996
GSSC,2020-11-19,40,40,39.19,39.7,2.36,0.7,-1,3308,131302.5
GSSC,2020-11-18,39.2,39.2,38.4,39,-0.62,0.36,-1,1734,67609.39
GSSC,2020-11-17,39.12,39.12,38,38.64,-0.45,-0.62,-1,3250,125590.31
GSSC,2020-11-16,40.79,40.79,38.17,39.26,-0.58,0.6,-1,5363,210508.84
GSSC,2020-11-15,38.88,38.88,38.09,38.66,-5.78,-1.76,-1,8000,309302.31
GSSC,2020-11-12,41.6,41.6,37.6,40.42,-3.36,-0.97,-1,18440,745432.31
GSSC,2020-11-11,44.32,44.32,40.41,41.39,-9.5,-3.26,-1,26848,1111272.5
GSSC,2020-11-10,45.6,45.6,40.02,44.65,1.98,2.29,-1,15819,706314.5
GSSC,2020-11-09,42.8,42.8,40,42.36,-3.75,0.76,-1,3176,134552
GSSC,2020-11-08,42.2,42.2,39.46,41.6,-0.58,1.85,-1,7101,295393.72
GSSC,2020-11-05,39.99,39.99,37.12,39.75,2.4,0.69,-1,4384,174266.78
GSSC,2020-11-04,39.36,39.36,38.24,39.06,4.48,1.54,-1,2525,98606.43
GSSC,2020-11-03,38.24,38.24,36.82,37.52,-1.67,-0.23,-1,2271,85209.13
GSSC,2020-11-02,38.24,38.24,36.88,37.75,2.71,0.52,-1,10566,398923.47
GSSC,2020-11-01,38.8,38.8,36.8,37.23,-4.56,-1.56,-1,3470,129195.15
GSSC,2020-10-28,40.4,40.4,37.22,38.79,-1.77,0.29,-1,22313,865491.81
GSSC,2020-10-27,39.2,39.2,37.84,38.5,0.89,-0.36,-1,34638,1333318
GSSC,2020-10-26,42.4,42.4,36.94,38.86,0.91,0.01,-1,55231,2146022
GSSC,2020-10-25,39.2,39.2,37.6,38.85,6.22,1.95,-1,6263,243307.13
GSSC,2020-10-22,38.4,38.4,36.41,36.9,-8.16,-2.92,-1,7375,272173.09
GSSC,2020-10-21,40,40,38.8,39.82,4.35,2.64,-1,7699,306589.44
GSSC,2020-10-20,39.71,39.71,36.4,37.18,5.04,-0.63,-1,21136,785954.75
GSSC,2020-10-19,43.65,43.65,36.41,37.81,-8.26,-1.88,-1,19656,743145.5
GSSC,2020-10-18,40,40,38.4,39.69,7.43,3.2,-1,2663,105666
GSSC,2020-10-15,36.8,36.8,36.41,36.49,-4.15,-1.49,-1,1401,51134.05
GSSC,2020-10-14,39.04,39.04,36.36,37.98,0.46,1.79,-1,10496,398690.28
GSSC,2020-10-13,36.21,36.21,36.18,36.19,-3.29,-1.23,-1,1313,47502.4
GSSC,2020-10-12,37.6,37.6,36.34,37.42,0.93,1.42,-1,5438,203430.41
GSSC,2020-10-11,36,36,36,36,-4.52,-1.7,-1,3249,116955
GSSC,2020-10-07,38.38,38.38,35.7,37.7,5.44,1.94,-1,6763,254960.06
GSSC,2020-10-05,35.78,35.78,35.72,35.76,-0.04,-0.02,-1,1719,61457.55
GSSC,2020-10-04,37.92,37.92,36.06,35.78,0,0,-1,125,4530.9
GSSC,2020-10-01,38,38,35.68,35.78,-6.61,-2.81,-1,1200,42935
GSSC,2020-09-30,35.4,35.4,35.4,38.59,-8.27,0,-1,94,3318.75
GSSC,2020-09-29,39.18,39.18,37.6,38.59,-2.41,0.06,-1,4189,161656.98
GSSC,2020-09-28,39.56,39.56,37.2,38.53,4.17,0.93,-1,3999,154067.2
GSSC,2020-09-27,37.6,37.6,36.05,37.6,-3.08,0.41,-1,1876,70545.06
GSSC,2020-09-24,38.13,38.13,34.85,37.19,1.69,-0.31,-1,10361,385384.84
GSSC,2020-09-23,37.6,37.6,36,37.5,-0.35,1.32,-1,8210,307853.13
GSSC,2020-09-22,37.2,37.2,35.07,36.18,5.38,1.84,-1,12813,463642.66
GSSC,2020-09-21,35.86,35.86,33.68,34.34,-1.51,-0.2,-1,10739,368761
GSSC,2020-09-20,36.96,36.96,32.8,34.54,-0.62,-0.08,-1,24741,854756.19
GSSC,2020-09-17,36.8,36.8,34,34.62,-3.88,-0.84,-1,20463,708335.13
GSSC,2020-09-16,37.34,37.34,33.8,35.46,0.41,0.4,-1,5650,200311.7
GSSC,2020-09-15,36.08,36.08,32.01,35.06,7.23,1.41,-1,12813,449294.91
GSSC,2020-09-14,33.84,33.84,33.21,33.65,-9.01,-2.85,-1,13750,462608.75
GSSC,2020-09-13,38.4,38.4,35.05,36.5,1.81,0.65,-1,14969,546306.94
GSSC,2020-09-10,36.08,36.08,34.4,35.85,4.85,3.04,-1,2281,81778.4
GSSC,2020-09-09,32.81,32.81,32.8,32.81,-0.02,0,-1,103,3362.32
GSSC,2020-09-08,32.92,32.92,32.74,32.81,-4.74,-1.62,-1,3740,122694.12
GSSC,2020-09-07,37.6,37.6,34,34.43,-4.68,-1.66,-1,2714,93438.22
GSSC,2020-09-06,36.13,36.13,35.6,36.09,-5.79,-2.17,-1,13946,503267.19
GSSC,2020-09-03,39.2,39.2,36.2,38.26,-4.05,0.32,-1,12835,490986.72
GSSC,2020-09-02,38.4,38.4,36.01,37.94,-5.72,-0.25,-1,7894,299458.75
GSSC,2020-09-01,39.08,39.08,37.58,38.19,3.65,0.68,-1,7719,294795.97
GSSC,2020-08-31,38.4,38.4,35.2,37.51,-3.49,1.04,-1,6500,243820.31
GSSC,2020-08-30,37.47,37.47,32.42,36.47,-9.29,0.73,-1,6041,220331.16
GSSC,2020-08-27,35.76,35.76,35.6,35.74,0,0,-1,6256,223583.81
GSSC,2020-08-26,35.76,35.76,35.16,35.74,4.83,1.65,-1,3438,122830.4
GSSC,2020-08-25,34.8,34.8,33.6,34.09,4.85,1.58,-1,9250,315295.75
GSSC,2020-08-24,31.22,31.22,31.2,32.51,-4.04,0,-1,176,5500.82
GSSC,2020-08-23,33.12,33.12,31.2,32.51,4.29,1.33,-1,16159,525344.25
GSSC,2020-08-19,31.2,31.2,31.04,31.18,3.42,1.01,-1,5938,185123.7
GSSC,2020-08-18,30.72,30.72,29.48,30.17,-5.44,-1.01,-1,6053,182570.95
GSSC,2020-08-17,31.21,31.21,30.16,31.18,-2.84,0.14,-1,7700,240042
GSSC,2020-08-16,31.2,31.2,30.79,31.04,3.15,0.79,-1,7188,223082.64
GSSC,2020-08-13,30.76,30.76,29.52,30.25,1.37,0.41,-1,2500,75613
GSSC,2020-08-12,30.4,30.4,29.6,29.84,-2.4,-0.49,-1,2563,76474
GSSC,2020-08-11,30.4,30.4,30.08,30.33,1.42,0.43,-1,9000,272955.5
GSSC,2020-08-10,30.24,30.24,28.92,29.9,1.6,0.47,-1,5001,149550.56
GSSC,2020-08-09,30.39,30.39,28.81,29.43,2.54,0.73,-1,3843,113079.01
GSSC,2020-08-06,29.2,29.2,28.42,28.7,0.19,-0.03,-1,6288,180453.06
GSSC,2020-08-05,28.98,28.98,28.5,28.73,0.06,-0.05,-1,1509,43342.3
GSSC,2020-08-04,28.98,28.98,28.4,28.78,-0.08,-0.04,-1,4835,139169.14
GSSC,2020-07-29,29,29,28.76,28.82,2.88,0.8,-1,4883,140725.48
GSSC,2020-07-28,28.1,28.1,27.86,28.02,-1.8,-0.49,-1,1726,48360.52
GSSC,2020-07-27,28.64,28.64,28.6,28.51,0.45,0,-1,445,12736.8
GSSC,2020-07-26,28.72,28.72,28.4,28.51,2.51,0.81,-1,2230,63584.55
GSSC,2020-07-22,28.78,28.78,28,27.7,3.87,0,-1,958,26874.02
GSSC,2020-07-21,28,28,27.4,27.7,-1.96,-0.86,-1,1403,38859.52
GSSC,2020-07-20,28.6,28.6,28.56,28.56,0.06,0.02,-1,3375,96400
GSSC,2020-07-19,28,28,28,28.54,-1.91,0,-1,438,12250
GSSC,2020-07-16,28.8,28.8,28,28.54,1.41,0.14,-1,2469,70473.97
GSSC,2020-07-15,28.01,28.01,28,28.4,-1.41,0,-1,281,7876.25
GSSC,2020-07-14,28.4,28.4,28.4,28.4,0,0,-1,1031,29287.5
GSSC,2020-07-13,28.41,28.41,28.4,28.4,-0.73,-0.21,-1,1375,39051
GSSC,2020-07-12,28.72,28.72,28.48,28.61,1.94,0.55,-1,2375,67940
GSSC,2020-07-09,28.48,28.48,27.2,28.06,-3.36,-0.98,-1,5586,156778.83
GSSC,2020-07-08,29.6,29.6,28.4,29.04,1.74,0.5,-1,7100,206204.89
GSSC,2020-07-07,28.89,28.89,28.18,28.54,1.98,0.21,-1,2506,71540.21
GSSC,2020-07-06,28.72,28.72,28.1,28.33,1.29,0.36,-1,7526,213203.78
GSSC,2020-07-05,28.2,28.2,27.2,27.97,1.92,0.53,-1,2750,76919.25
GSSC,2020-06-30,27.88,27.88,27.2,27.44,0.82,0.22,-1,1781,48882.64
GSSC,2020-06-29,27.28,27.28,27.2,27.22,-0.09,-0.02,-1,1356,36910.9
GSSC,2020-06-28,27.76,27.76,27.2,27.24,-0.64,-0.18,-1,1734,47221.7
GSSC,2020-06-25,27.68,27.68,27.2,27.42,5.06,1.32,-1,3521,96551.35
GSSC,2020-06-24,28,28,27.2,26.1,0,0,-1,553,15436
GSSC,2020-06-23,28,28,27.6,26.1,0,0,-1,1006,28000
GSSC,2020-06-21,26.41,26.41,25.73,26.1,-5.7,-1.57,-1,1206,31476.6
GSSC,2020-06-17,26.8,26.8,26.8,27.67,0,0,-1,206,5527.5
GSSC,2020-06-16,29.14,29.14,28.18,27.67,0,0,-1,253,7238.86
GSSC,2020-06-15,27.6,27.6,26.41,27.67,0,0,-1,475,13065.3
GSSC,2020-06-14,28.54,28.54,26.34,27.67,9.99,1.73,-1,14981,414600.56
GSSC,2020-06-11,26.34,26.34,25.78,25.94,2.4,0.6,-1,1581,41027.56
GSSC,2020-06-10,25.78,25.78,25.24,25.34,0.19,-0.4,-1,1540,39018.06
GSSC,2020-06-09,26.37,26.37,25.45,25.74,0.34,0.09,-1,6203,159644.59
GSSC,2020-06-08,26.4,26.4,25.6,25.65,-1.54,-0.4,-1,3306,84797.7
GSSC,2020-06-07,26.56,26.56,25.6,26.05,4.39,1.1,-1,7050,183616.96
GSSC,2020-06-03,26,26,24.8,24.95,-5.14,-1.35,-1,19875,495973.84
GSSC,2020-06-02,26.56,26.56,26,26.3,4.05,1.02,-1,2671,70274.35
GSSC,2020-06-01,25.69,25.69,24.8,25.28,-1.99,-0.51,-1,2130,53851.45
GSSC,2020-05-31,25.6,25.6,25.6,25.79,0,0,-1,573,14656
GSSC,2020-05-21,26,26,25.72,25.79,3.38,0.9,-1,1333,34365.56
GSSC,2020-05-20,26.32,26.32,25.2,24.89,0,0,-1,313,8015
GSSC,2020-05-19,25.12,25.12,24.82,24.89,-2.75,-0.7,-1,3438,85554.37
GSSC,2020-05-18,26.4,26.4,24.43,25.59,9.02,1.38,-1,6408,164004.98
GSSC,2020-05-17,24.41,24.41,24,24.21,-3.17,-0.79,-1,4725,114395.8
GSSC,2020-05-14,26,26,26,25,0,0,-1,375,9750
GSSC,2020-05-13,26.4,26.4,24.82,25,-1.48,-0.38,-1,4181,104517.3
GSSC,2020-05-12,26.95,26.95,25.04,25.38,-5.09,-1.36,-1,8218,208518.48
GSSC,2020-05-11,29.59,29.59,25.28,26.74,-1.73,-0.47,-1,10641,284530.63
GSSC,2020-05-10,27.22,27.22,27.03,27.21,9.92,2.46,-1,59813,1627448
GSSC,2020-05-07,24.75,24.75,24.75,24.75,9.989,2.25,-1,216921,5369235
GSSC,2020-05-04,24.75,24.75,24.75,22.5,0,0,-1,625,15470
GSSC,2020-05-03,24.75,24.75,24.75,22.5,0,0,-1,125,3094
GSSC,2020-04-28,24.75,24.75,24.75,22.5,0,0,-1,16,402.22
GSSC,2020-04-26,24.75,24.75,24.75,22.5,0,0,-1,25,618.8
GSSC,2020-04-16,24.75,24.75,24.75,22.5,0,0,-1,38,928.2
GSSC,2020-04-15,24.75,24.75,24.75,22.5,0,0,-1,250,6188
GSSC,2020-04-14,24.75,24.75,24.75,22.5,9.99,0,-1,306,7580.3
GSSC,2020-04-13,24.75,24.75,24.75,22.5,0,0,-1,188,4641
GSSC,2020-04-09,24,24,24,22.5,0,0,-1,13,300
GSSC,2020-04-07,24.75,24.75,24.75,22.5,0,0,-1,100,2475.2
GSSC,2020-04-06,24.75,24.75,24.75,22.5,0,0,-1,375,9282
GSSC,2020-04-05,24.75,24.75,24.75,22.5,9.99,0,-1,425,10519.6
GSSC,2020-04-02,24.75,24.75,24.75,22.5,9.99,0,-1,106,2629.9
GSSC,2020-04-01,24.75,24.75,24.75,22.5,0,0,-1,125,3094
GSSC,2020-03-31,24.75,24.75,24.75,22.5,0,0,-1,63,1547
GSSC,2020-03-30,24.48,24.48,24,22.5,0,0,-1,544,13299
GSSC,2020-03-26,24.72,24.72,24,22.5,0,0,-1,363,8839.5
GSSC,2020-03-25,23.2,23.2,21.62,22.5,0,0,-1,450,10172.7
GSSC,2020-03-24,24.4,24.4,24,22.5,0,0,-1,319,7665
GSSC,2020-03-23,24,24,23.6,22.5,0,0,-1,438,10390
GSSC,2020-03-22,24,24,24,22.5,0,0,-1,338,8100
GSSC,2020-03-19,21.6,21.6,20.26,22.5,0,0,-1,1195,24373.92
GSSC,2020-03-18,25.84,25.84,22.44,22.5,-8.43,-2.08,-1,1913,43044
GSSC,2020-03-17,23.1,23.1,22.44,24.58,0,0,-1,813,18357
GSSC,2020-03-09,26.01,26.01,24.4,24.58,-8.57,-2.3,-1,4380,107643.76
GSSC,2020-03-08,28.8,28.8,26.4,26.88,0.6,0.16,-1,1563,42000.6
GSSC,2020-03-05,29.36,29.36,27.21,26.72,0,0,-1,625,17021.14
GSSC,2020-03-04,30.79,30.79,25.36,26.72,-4.6,-1.29,-1,1891,50526.93
GSSC,2020-03-03,28.02,28.02,28.01,28.01,-1.41,-0.4,-1,3750,105035
GSSC,2020-03-02,28.44,28.44,28.4,28.41,1.02,0.29,-1,3006,85407.5
GSSC,2020-02-27,30.92,30.92,28.04,28.12,0,0,-1,555,16012.75
GSSC,2020-02-25,28.8,28.8,28.08,28.12,-1.07,-0.3,-1,1313,36910.4
GSSC,2020-02-24,28.84,28.84,28.8,28.42,0,0,-1,868,25009
GSSC,2020-02-23,28.45,28.45,28.4,28.42,-6.35,-1.95,-1,1750,49747.36
GSSC,2020-02-19,31.98,31.98,31.98,30.37,0,0,-1,250,7996
GSSC,2020-02-10,32.01,32.01,31.12,30.37,0,0,-1,554,17713.1
GSSC,2020-02-06,29.61,29.61,29.6,30.37,0,0,-1,801,23721.91
GSSC,2020-02-05,28.1,28.1,28.1,30.37,0,0,-1,125,3512
GSSC,2020-02-02,28.2,28.2,28.2,30.37,0,0,-1,14,387.75
GSSC,2020-01-27,28.01,28.01,28.01,30.37,0,0,-1,125,3501
GSSC,2020-01-26,30.4,30.4,30.31,30.37,3.38,0.99,-1,2973,90263.85
GSSC,2020-01-22,28.73,28.73,28.12,29.38,0,0,-1,113,3172.35
GSSC,2020-01-16,28.77,28.77,28.77,29.38,0,0,-1,5,143.84
GSSC,2020-01-14,29.6,29.6,29.6,29.38,0,0,-1,713,21090
GSSC,2020-01-13,29.45,29.45,29.45,29.38,0,0,-1,625,18405
GSSC,2020-01-12,31.16,31.16,30.8,29.38,0,0,-1,750,23316.25
GSSC,2020-01-06,28.2,28.2,28.01,29.38,0,0,-1,625,17572.68
GSSC,2020-01-05,29.6,29.6,28.02,29.38,-3.06,-0.92,-1,2204,64739.1
GSSC,2020-01-02,29.45,29.45,29.44,30.3,0,0,-1,339,9973.16
GSSC,2019-12-24,30.4,30.4,30.4,30.3,0,0,-1,164,4978
GSSC,2019-12-23,29.61,29.61,29.61,30.3,0,0,-1,275,8142.2
GSSC,2019-12-22,30.83,30.83,30.58,30.3,0,0,-1,338,10384.81
GSSC,2019-12-17,33.33,33.33,33.33,30.3,0,0,-1,375,12498
GSSC,2019-12-15,33.32,33.32,32,30.3,0,0,-1,188,6082.5
GSSC,2019-12-11,32,32,32,30.3,0,0,-1,509,16280
GSSC,2019-12-09,33.2,33.2,32,30.3,0,0,-1,793,26047.53
GSSC,2019-12-08,30.01,30.01,30.01,30.3,0,0,-1,63,1875.5
GSSC,2019-12-05,30.11,30.11,30.04,30.3,0,0,-1,639,19212.3
GSSC,2019-12-03,30.01,30.01,30.01,30.3,0,0,-1,475,14253.8
GSSC,2019-12-02,30.48,30.48,30.08,30.3,-6.93,-2.26,-1,1140,34545.7
GSSC,2019-12-01,32,32,32,32.56,-1.72,0,-1,179,5720
GSSC,2019-11-28,30.4,30.4,30.4,32.56,-6.63,0,-1,50,1520
GSSC,2019-11-27,32,32,32,32.56,0,0,-1,50,1600
GSSC,2019-11-26,29.73,29.73,29.72,32.56,0,0,-1,125,3715.6
GSSC,2019-11-20,33.2,33.2,29.61,32.56,0,0,-1,121,3977.05
GSSC,2019-11-17,34.38,34.38,31.76,32.56,-7.54,-2.66,-1,1750,56985
GSSC,2019-11-14,36,36,34,35.22,7.44,2.44,-1,1306,46002.16
GSSC,2019-11-12,30.65,30.65,30.65,32.78,0,0,-1,104,3179.73
GSSC,2019-11-11,34.88,34.88,30.16,32.78,-1.77,-0.59,-1,9685,317422.19
GSSC,2019-11-07,32.8,32.8,32.78,33.37,-1.7,0,-1,156,5123.5
GSSC,2019-11-06,30.57,30.57,30.57,33.37,0,0,-1,25,764.2
GSSC,2019-11-05,30.48,30.48,30.4,33.37,0,0,-1,180,5482
GSSC,2019-10-31,33.6,33.6,32.08,33.37,5.94,1.87,-1,2083,69491.18
GSSC,2019-10-30,31.21,31.21,30.12,31.5,0,0,-1,629,19613.42
GSSC,2019-10-28,32.08,32.08,31.2,31.5,0,0,-1,275,8635.1
GSSC,2019-10-27,33.52,33.52,29.3,31.5,-1.55,-0.49,-1,3291,103651.22
GSSC,2019-10-24,31.2,31.2,31.2,31.99,0,0,-1,163,5070
GSSC,2019-10-23,33.52,33.52,31.12,31.99,2.8,0.87,-1,2766,88497.55
GSSC,2019-10-21,32.79,32.79,32,31.12,0,0,-1,164,5263.76
GSSC,2019-10-20,32.72,32.72,30.8,31.12,1.89,0.58,-1,3000,93358.75
GSSC,2019-10-17,32.73,32.73,30.55,30.54,0,0,-1,331,10744.49
GSSC,2019-10-16,32.72,32.72,32.59,30.54,0,0,-1,188,6128.6
GSSC,2019-10-14,32.79,32.79,32.68,30.54,0,0,-1,111,3639.48
GSSC,2019-10-13,30.54,30.54,30.54,30.54,10,2.77,-1,1770,54062.88
GSSC,2019-10-10,30.54,30.54,30.54,27.77,0,0,-1,75,2290.8
GSSC,2019-10-09,30.4,30.4,30.39,27.77,0,0,-1,538,16339.95
GSSC,2019-10-08,29.2,29.2,29.2,27.77,0,0,-1,31,912.5
GSSC,2019-10-07,30.54,30.54,30.4,27.77,0,0,-1,431,13145.1
GSSC,2019-10-01,28.2,28.2,27.61,27.77,1.97,0.54,-1,2500,69428.2
GSSC,2019-09-30,28.4,28.4,28.4,27.23,0,0,-1,250,7100
GSSC,2019-09-29,29.2,29.2,27.1,27.23,0,0,-1,523,14808.5
GSSC,2019-09-24,32.7,32.7,27.1,27.23,-9.52,-2.87,-1,1153,31381.53
GSSC,2019-09-23,28,28,27.09,30.1,0,0,-1,450,12295.95
GSSC,2019-09-22,29.01,29.01,28,30.1,0,0,-1,575,16203.56
GSSC,2019-09-17,31.2,31.2,28.81,30.1,0,0,-1,363,11061.05
GSSC,2019-09-11,31.28,31.28,30.41,30.1,0,0,-1,875,27210.24
GSSC,2019-09-09,33,33,32.95,30.1,0,0,-1,648,21354.6
GSSC,2019-09-02,32,32,32,30.1,0,0,-1,791,25320
GSSC,2019-08-29,32.97,32.97,32,30.1,0,0,-1,229,7440.63
GSSC,2019-08-28,29.2,29.2,29,30.1,0,0,-1,195,5665.39
GSSC,2019-08-27,32.8,32.8,27.1,30.1,0,0,-1,386,11169.69
GSSC,2019-08-26,30.42,30.42,28,30.1,-2.031,-0.62,-1,3813,114733.87
GSSC,2019-08-25,31.29,31.29,30.4,30.72,-1.26,-0.39,-1,1996,61327.7
GSSC,2019-08-22,31.28,31.28,31.04,31.11,-3.55,-1.15,-1,2813,87494.52
GSSC,2019-08-21,32,32,31.1,32.26,0,0,-1,185,5897.6
GSSC,2019-08-18,33.58,33.58,32,32.26,0,0,-1,294,9748
GSSC,2019-08-14,33.2,33.2,33.2,32.26,0,0,-1,25,830
GSSC,2019-08-07,33.2,33.2,31.2,32.26,1.77,0.56,-1,956,30843.5
GSSC,2019-08-06,32,32,31.2,31.7,-0.95,-0.3,-1,1500,47547.5
GSSC,2019-08-04,31.2,31.2,31.2,32,0,0,-1,313,9750
GSSC,2019-08-01,32,32,32,32,0.33,0.1,-1,3044,97400
GSSC,2019-07-31,30.48,30.48,30.48,31.9,0,0,-1,125,3810
GSSC,2019-07-30,32,32,32,31.9,0,0,-1,681,21800
GSSC,2019-07-29,32.08,32.08,32,31.9,0,0,-1,563,18039.5
GSSC,2019-07-25,31.2,31.2,31.2,31.9,0,0,-1,250,7800
GSSC,2019-07-24,31.9,31.9,31.9,31.9,9.99,2.9,-1,3385,107967.96
GSSC,2019-07-22,31.9,31.9,28.44,29,0,0,-1,830,25421.6
GSSC,2019-07-18,30,30,28.4,29,-4.96,-1.51,-1,5450,158035
GSSC,2019-07-17,30.7,30.7,27.6,30.51,0,0,-1,1000,29574.86
GSSC,2019-07-16,30.7,30.7,30.7,30.51,0,0,-1,54,1650.34
GSSC,2019-07-15,30.65,30.65,30.4,30.51,0,0,-1,625,19145.5
GSSC,2019-07-14,33.6,33.6,30.42,30.51,-7.49,-2.47,-1,1273,38822.38
GSSC,2019-07-08,35.2,35.2,30.41,32.98,0,0,-1,55,1678.43
GSSC,2019-07-07,31.44,31.44,29.92,32.98,-9.29,0,-1,906,27912.3
GSSC,2019-06-26,33.6,33.6,33.6,32.98,0,0,-1,38,1260
GSSC,2019-06-24,35.88,35.88,35.88,32.98,0,0,-1,1,44.85
GSSC,2019-06-23,31.22,31.22,31.22,32.98,0,0,-1,125,3902
GSSC,2019-06-20,36,36,32.41,32.98,0,0,-1,126,4096
GSSC,2019-06-19,32.72,32.72,32.72,32.98,0,0,-1,125,4090
GSSC,2019-06-16,36,36,32.52,32.98,0,0,-1,126,4111.75
GSSC,2019-06-10,36,36,36,32.98,0,0,-1,198,7110
GSSC,2019-05-29,33.2,33.2,33.16,32.98,0,0,-1,128,4228
GSSC,2019-05-20,36,36,32.49,32.98,0,0,-1,350,12058.5
GSSC,2019-05-16,33.6,33.6,32.8,32.98,-8.38,-3.02,-1,11000,362801
GSSC,2019-05-14,35.2,35.2,33.76,36,0,0,-1,335,11612
GSSC,2019-05-09,36,36,36,36,-1.47,-0.54,-1,903,32490
GSSC,2019-05-08,38.4,38.4,35.24,36.54,0.44,0.16,-1,4960,181209.09
GSSC,2019-05-07,37.21,37.21,36.8,36.38,0,0,-1,254,9419.5
GSSC,2019-05-05,37,37,37,36.38,0,0,-1,125,4625
GSSC,2019-05-02,39.36,39.36,35.25,36.38,-5.39,-2.07,-1,2300,83671.5
GSSC,2019-04-24,38.48,38.48,38.41,38.45,-0.62,-0.24,-1,2350,90348.8
GSSC,2019-04-23,36.08,36.08,36.08,38.69,0,0,-1,15,541.2
GSSC,2019-04-18,38.5,38.5,38.48,38.69,0,0,-1,519,19965.92
GSSC,2019-04-17,39.8,39.8,38.41,38.69,0.52,0.2,-1,2244,86803.05
GSSC,2019-04-16,38.82,38.82,38.4,38.49,-1.05,-0.33,-1,12791,492350.5
GSSC,2019-04-14,38.82,38.82,38.81,38.82,-0.14,-0.05,-1,813,31537
GSSC,2019-04-11,39.99,39.99,38.56,38.87,0.79,0.3,-1,1163,45192
GSSC,2019-04-10,38.59,38.59,38.59,38.57,0,0,-1,188,7236
GSSC,2019-04-09,38.57,38.57,38.57,38.57,3.5,1.31,-1,788,30372.3
GSSC,2019-04-08,38.41,38.41,38.41,37.26,0,0,-1,125,4801
GSSC,2019-04-04,38.48,38.48,38.4,37.26,0,0,-1,326,12534.75
GSSC,2019-04-02,39.95,39.95,37.81,37.26,0,0,-1,663,25638.32
GSSC,2019-04-01,38.56,38.56,38.01,37.26,0,0,-1,250,9536.5
GSSC,2019-03-31,38.4,38.4,36.8,37.26,-3.58,-1.39,-1,3813,142071
GSSC,2019-03-27,37.46,37.46,37.28,38.65,0,0,-1,280,10459.08
GSSC,2019-03-26,38.6,38.6,38.6,38.65,0,0,-1,375,14475
GSSC,2019-03-25,38.85,38.85,38.41,38.65,-0.41,-0.16,-1,9049,349704.38
GSSC,2019-03-24,38.8,38.8,38.8,38.81,0,0,-1,125,4850
GSSC,2019-03-21,38.82,38.82,38.77,38.81,0.83,0.32,-1,1506,58456.5
GSSC,2019-03-20,38.77,38.77,38.5,38.49,0.71,0,-1,750,29040.5
GSSC,2019-03-19,38.52,38.52,38.44,38.49,0.21,0.08,-1,3100,119305.24
GSSC,2019-03-18,38.44,38.44,38.4,38.41,-0.19,-0.07,-1,1028,39466.75
GSSC,2019-03-14,38.63,38.63,38.42,38.48,-3.55,-1.42,-1,1563,60130.5
GSSC,2019-03-12,38.64,38.64,38.64,39.9,0,0,-1,250,9660
GSSC,2019-03-11,40,40,38.6,39.9,3.68,1.42,-1,1813,72318
GSSC,2019-03-10,39.18,39.18,38.5,38.48,0,0,-1,438,17057
GSSC,2019-03-07,38.59,38.59,38.42,38.48,0.1,0.04,-1,1875,72145
GSSC,2019-03-06,38.45,38.45,38.42,38.44,0.08,0.03,-1,1081,41561.45
GSSC,2019-03-05,38.46,38.46,37.6,38.41,-0.5,-0.19,-1,18813,722537.75
GSSC,2019-03-04,38.86,38.86,38.4,38.6,0.23,0.09,-1,6538,252363
GSSC,2019-03-03,38.8,38.8,38.54,38.51,0,0,-1,528,20427.96
GSSC,2019-02-28,38.96,38.96,38.41,38.51,-1.17,-0.46,-1,1700,65474.88
GSSC,2019-02-27,39.4,39.4,38.53,38.97,0.97,0.38,-1,2373,92452.2
GSSC,2019-02-26,38.67,38.67,38.67,38.59,0,0,-1,356,13776.9
GSSC,2019-02-24,38.62,38.62,38.55,38.59,0,0,-1,750,28953
GSSC,2019-02-21,39.2,39.2,38.45,38.59,-0.19,-0.07,-1,7938,306328.44
GSSC,2019-02-20,39.4,39.4,38.44,38.66,-2.11,-0.84,-1,3163,122282.27
GSSC,2019-02-19,40,40,40,39.5,0,0,-1,438,17500
GSSC,2019-02-18,40,40,38.82,39.5,3.285,1.26,-1,3175,125388.73
GSSC,2019-02-17,38.4,38.4,38.14,38.24,1.63,0.46,-1,889,33988.2
GSSC,2019-02-14,38,38,37.21,37.78,0.55,0.2,-1,909,34335.1
GSSC,2019-02-13,38.16,38.16,36.2,37.58,5.2,1.86,-1,3040,114236.05
GSSC,2019-02-12,35.76,35.76,35.7,35.72,-0.2,-0.07,-1,1875,66974.91
GSSC,2019-02-11,37.6,37.6,35.6,35.79,0.7,0.25,-1,1683,60226.19
GSSC,2019-02-07,36.8,36.8,36.8,35.54,0,0,-1,114,4186
GSSC,2019-02-06,36.2,36.2,34.4,35.54,3.59,1.23,-1,11599,412292.31
GSSC,2019-02-05,34.42,34.42,34.09,34.31,0.21,0.07,-1,1268,43493.3
GSSC,2019-02-04,34.4,34.4,34,34.24,0.97,0.33,-1,1694,57999.66
GSSC,2019-02-03,34.04,34.04,33.68,33.91,0,0,-1,688,23365
GSSC,2019-01-31,33.96,33.96,33.66,33.91,0.9,0.3,-1,1513,51286.5
GSSC,2019-01-30,33.8,33.8,33.4,33.61,-0.85,-0.29,-1,4464,150033.5
GSSC,2019-01-29,35.08,35.08,33.19,33.9,3.32,1.09,-1,14365,486884.5
GSSC,2019-01-28,32.83,32.83,32.8,32.81,-0.56,-0.19,-1,8444,277004.41
GSSC,2019-01-27,32.6,32.6,32.6,33,-1.21,0,-1,31,1018.75
GSSC,2019-01-22,33.51,33.51,32.8,33,1.177,0.38,-1,2488,82094.25
GSSC,2019-01-21,32.8,32.8,32.02,32.62,1.9,0.61,-1,3155,102911.98
GSSC,2019-01-20,32.12,32.12,32,32.01,0.33,0.11,-1,3135,100343.53
GSSC,2019-01-17,32.16,32.16,31.6,31.9,-1.56,-0.51,-1,7656,244277.5
GSSC,2019-01-16,32.42,32.42,32.4,32.41,1.2,0.39,-1,2396,77655.57
GSSC,2019-01-15,32.14,32.14,32,32.02,0.05,0.01,-1,3918,125448.14
GSSC,2019-01-14,32.8,32.8,32,32.01,-0.67,-0.21,-1,8111,259642.14
GSSC,2019-01-13,32.2,32.2,32.13,32.22,0,0,-1,501,16109.49
GSSC,2019-01-10,32.8,32.8,32.02,32.22,0,0,-1,563,18352
GSSC,2019-01-09,32.02,32.02,31.78,32.22,0,0,-1,655,20888.02
GSSC,2019-01-08,32.8,32.8,32.8,32.22,0,0,-1,64,2091
GSSC,2019-01-06,33.48,33.48,31.64,32.22,-1.71,-0.56,-1,2481,79958.86
GSSC,2019-01-03,33.2,33.2,30.97,32.78,0,0,-1,299,9836.64
GSSC,2019-01-02,32.82,32.82,32.44,32.78,2.6,0.83,-1,2950,96703.97
GSSC,2018-12-31,32.21,32.21,30.64,31.95,-6.81,-2.34,-1,1525,48724
GSSC,2018-12-30,34.4,34.4,33.92,34.29,1.68,0.57,-1,4879,167295.77
GSSC,2018-12-27,34.04,34.04,33.66,33.72,-0.64,-0.22,-1,6563,221291.05
GSSC,2018-12-26,34,34,33.6,33.94,-1.21,-0.41,-1,2035,69060
GSSC,2018-12-25,33.64,33.64,33.61,34.35,0,0,-1,488,16391.18
GSSC,2018-12-24,34.84,34.84,33.62,34.35,-0.92,-0.32,-1,2886,99153.7
GSSC,2018-12-23,34.96,34.96,33.62,34.67,3.61,1.21,-1,4694,162745.16
GSSC,2018-12-20,33.5,33.5,33.43,33.46,1.16,0.38,-1,2114,70733.87
GSSC,2018-12-19,33.2,33.2,32.4,33.08,0.24,0.08,-1,1441,47672.1
GSSC,2018-12-18,33.5,33.5,32.25,33,1.48,0.48,-1,2131,70324.43
GSSC,2018-12-17,33.2,33.2,31.54,32.52,0,0,-1,816,26838.26
GSSC,2018-12-16,33.44,33.44,32.09,32.52,0,0,-1,844,27503.6
GSSC,2018-12-13,32.8,32.8,31.49,32.52,-1.14,-0.38,-1,1373,44635.71
GSSC,2018-12-12,32,32,31.36,32.9,0,0,-1,379,12000
GSSC,2018-12-11,34.36,34.36,32.78,32.9,1.73,0.56,-1,1250,41120.75
GSSC,2018-12-10,32.8,32.8,31.79,32.34,7.36,2.22,-1,1250,40424.8
GSSC,2018-12-09,31.2,31.2,31.2,30.12,3.59,0,-1,375,11700
GSSC,2018-12-06,31.92,31.92,30.02,30.12,0,0,-1,969,29368.25
GSSC,2018-12-05,30.33,30.33,29.8,30.12,-0.76,-0.23,-1,1654,49812.74
GSSC,2018-12-04,30.43,30.43,29.61,30.35,-6.11,-1.19,-1,1256,38131.8
GSSC,2018-12-03,31.22,31.22,31.2,31.54,0,0,-1,890,27773.98
GSSC,2018-12-02,31.2,31.2,31.2,31.54,0,0,-1,879,27417
GSSC,2018-11-29,32.32,32.32,31.2,31.54,-1.94,-0.62,-1,4404,138887.5
GSSC,2018-11-28,32.8,32.8,32,32.16,-3.62,-1.21,-1,2280,73333.17
GSSC,2018-11-26,32.41,32.41,32.09,33.37,0,0,-1,510,16425.8
GSSC,2018-11-25,33.6,33.6,33.2,33.37,-3.38,-1.17,-1,2184,72864.93
GSSC,2018-11-22,34.4,34.4,34.02,34.54,0,0,-1,625,21406
GSSC,2018-11-21,34.01,34.01,34,34.54,0,0,-1,500,17002.5
GSSC,2018-11-19,35.2,35.2,34.4,34.54,0.4,0.14,-1,3775,130387.31
GSSC,2018-11-18,34.4,34.4,34.4,34.4,0,0,-1,16,559
GSSC,2018-11-15,34.54,34.54,34.4,34.4,0,0,-1,10354,356196
GSSC,2018-11-14,34.42,34.42,34.4,34.4,-0.16,-0.06,-1,20356,700265.19
GSSC,2018-11-13,34.76,34.76,34.4,34.46,-2.51,-0.88,-1,9006,310322.31
GSSC,2018-11-12,35.64,35.64,35.12,35.34,-1.63,-0.59,-1,1813,64066
GSSC,2018-11-11,36.28,36.28,35.28,35.93,2.91,1.02,-1,2069,74331.7
GSSC,2018-11-08,35.2,35.2,34.62,34.91,-1.312,-0.47,-1,1511,52760.93
GSSC,2018-11-07,36.4,36.4,34.64,35.38,0.91,0.32,-1,12581,445119.63
GSSC,2018-11-06,35.2,35.2,34.41,35.06,2,0.69,-1,7313,256373
GSSC,2018-11-05,34.4,34.4,34.16,34.37,0.61,0.21,-1,1504,51685.6
GSSC,2018-11-04,34.21,34.21,34.13,34.16,0.42,0.14,-1,4508,153977.09
GSSC,2018-11-01,34.8,34.8,33.68,34.02,-0.09,-0.03,-1,1705,57995
GSSC,2018-10-31,33.86,33.86,33.86,34.05,0,0,-1,156,5290
GSSC,2018-10-30,35.08,35.08,33.8,34.05,1.09,0.37,-1,2491,84819.19
GSSC,2018-10-29,33.7,33.7,33.68,33.68,-0.09,-0.03,-1,13250,446270.5
GSSC,2018-10-28,35.13,35.13,33.68,33.71,0.024,0.01,-1,17630,594313.56
GSSC,2018-10-25,33.71,33.71,33.7,33.7,0.05,0,-1,2125,71616.5
GSSC,2018-10-24,33.72,33.72,33.69,33.7,-0.02,0,-1,2876,96927.67
GSSC,2018-10-23,33.82,33.82,33.68,33.7,-0.613,-0.21,-1,8250,278025
GSSC,2018-10-22,34.2,34.2,33.84,33.91,0,0,-1,625,21272
GSSC,2018-10-21,35.15,35.15,33.81,33.91,0,0,-1,750,25810
GSSC,2018-10-17,35.15,35.15,33.69,33.91,-1.67,-0.58,-1,2100,71212.2
GSSC,2018-10-16,34.4,34.4,33.69,34.49,0,0,-1,588,19991.75
GSSC,2018-10-14,35.04,35.04,33.6,34.49,2.55,0.86,-1,1081,37291.5
GSSC,2018-10-11,32.36,32.36,32.36,33.63,0,0,-1,329,10638.35
GSSC,2018-10-10,34.4,34.4,33.61,33.63,0.79,0.26,-1,1850,62222
GSSC,2018-10-09,33.7,33.7,32.64,33.37,-1.14,-0.38,-1,2200,73405.45
GSSC,2018-10-08,34.64,34.64,32.56,33.75,-7.06,-1.28,-1,2750,92814.5
GSSC,2018-10-04,35.2,35.2,34.8,35.03,-0.91,-0.32,-1,1600,56045
GSSC,2018-10-03,36,36,34.74,35.35,2.67,0.92,-1,3081,108938.99
GSSC,2018-10-02,34.74,34.74,34.19,34.43,0.7,0.24,-1,938,32278.4
GSSC,2018-10-01,34.41,34.41,33.68,34.19,-1,-0.35,-1,3188,108980.75
GSSC,2018-09-30,34.82,34.82,34.4,34.54,-0.67,-0.23,-1,2484,85779
GSSC,2018-09-27,35.04,35.04,33.48,34.77,9.14,2.91,-1,12865,447291.16
GSSC,2018-09-26,31.96,31.96,31.2,31.86,9.64,2.8,-1,2249,71636.65
GSSC,2018-09-25,31.2,31.2,30,29.06,0,0,-1,575,17726.66
GSSC,2018-09-24,29.68,29.68,29.01,29.06,1.09,0.32,-1,4031,117129.5
GSSC,2018-09-23,28.88,28.88,28.49,28.74,0.48,0.13,-1,2656,76347.75
GSSC,2018-09-20,28.81,28.81,28.4,28.61,-3.04,-0.89,-1,2499,71474.5
GSSC,2018-09-19,30.26,30.26,28.81,29.5,-4.63,-1.44,-1,5890,173778.34
GSSC,2018-09-18,32.01,32.01,30.4,30.94,-2.27,-0.72,-1,4398,136049
GSSC,2018-09-17,32.46,32.46,31.6,31.66,-0.83,-0.26,-1,963,30470
GSSC,2018-09-16,33.61,33.61,31.42,31.92,-8.57,-2.99,-1,14931,476590.16
GSSC,2018-09-13,35.21,35.21,34.48,34.91,-3.45,-1.25,-1,3820,133350.55
GSSC,2018-09-12,35.6,35.6,35.6,36.16,0,0,-1,150,5340
GSSC,2018-09-10,36.8,36.8,36,36.16,-0.18,-0.06,-1,3125,113000
GSSC,2018-09-09,36.4,36.4,36,36.22,0.6,0.21,-1,5625,203779
GSSC,2018-09-06,36.12,36.12,36,36.01,-0.33,-0.12,-1,3250,117025.2
GSSC,2018-09-05,36.82,36.82,36,36.13,-2.88,-1.07,-1,17071,616790
GSSC,2018-09-04,36.97,36.97,36.88,37.2,-0.62,0,-1,571,21104.72
GSSC,2018-09-03,37.25,37.25,37.16,37.2,-1.59,-0.6,-1,1938,72071.1
GSSC,2018-09-02,38.4,38.4,37.6,37.8,0.53,0.2,-1,3591,135736.5
GSSC,2018-08-30,37.61,37.61,37.6,37.6,0,0,-1,3831,144056
GSSC,2018-08-29,37.6,37.6,37.49,37.6,-0.93,-0.35,-1,21041,791100.63
GSSC,2018-08-28,38,38,37.72,37.95,1.35,0.5,-1,4393,166705.09
GSSC,2018-08-27,37.62,37.62,37.32,37.45,-0.4,-0.15,-1,1474,55184.35
GSSC,2018-08-26,37.62,37.62,37.6,37.6,-0.59,-0.22,-1,4063,152764.5
GSSC,2018-08-19,38.38,38.38,37.6,37.82,0.68,0.25,-1,1830,69211
GSSC,2018-08-16,38.39,38.39,37.36,37.57,0,0,-1,169,6349.65
GSSC,2018-08-15,37.6,37.6,37.08,37.57,-3.63,-1.41,-1,7000,262980
GSSC,2018-08-14,39.21,39.21,38.4,38.98,-0.1,-0.04,-1,8554,333469.44
GSSC,2018-08-13,39.6,39.6,38.6,39.02,-1.37,-0.55,-1,61421,2396889
GSSC,2018-08-12,39.6,39.6,39.2,39.57,0.43,0.17,-1,12313,487148.75
GSSC,2018-08-09,40,40,39.2,39.4,0.39,0.15,-1,7058,278089.22
GSSC,2018-08-08,39.6,39.6,39.2,39.25,-1.88,-0.75,-1,2584,101410.52
GSSC,2018-08-07,40.02,40.02,39.98,40,0.2,0.08,-1,7325,293009.94
GSSC,2018-08-06,40.8,40.8,39.33,39.92,1.18,0.46,-1,2646,105628.73
GSSC,2018-08-05,39.62,39.62,38.85,39.46,-0.22,-0.08,-1,4749,187354.42
GSSC,2018-08-02,39.6,39.6,39.2,39.54,-0.82,-0.33,-1,2654,104943.5
GSSC,2018-08-01,40.24,40.24,39.6,39.87,2.47,0.96,-1,14223,567043.88
GSSC,2018-07-31,39.32,39.32,38.4,38.91,-0.78,-0.31,-1,8116,315851.94
GSSC,2018-07-30,39.28,39.28,38.42,39.22,0,0,-1,513,19798
GSSC,2018-07-29,39.8,39.8,39.2,39.22,0.64,0.25,-1,3615,141762.34
GSSC,2018-07-26,39.2,39.2,37.6,38.97,3,1.14,-1,6729,262192.53
GSSC,2018-07-25,40,40,37.21,37.83,-5.83,-1.68,-1,25344,958897.44
GSSC,2018-07-24,39.98,39.98,38.42,39.51,-0.24,-0.1,-1,4181,165193.59
GSSC,2018-07-22,40,40,39.2,39.61,0.04,0.38,-1,2881,114127.8
GSSC,2018-07-19,39.95,39.95,39.1,39.23,-0.02,-0.01,-1,2188,85826.12
GSSC,2018-07-18,39.76,39.76,39.2,39.24,-1.35,-0.54,-1,14213,557714.94
GSSC,2018-07-17,40.8,40.8,39.2,39.78,-1.09,-0.44,-1,11900,473305.97
GSSC,2018-07-16,41.59,41.59,39.84,40.22,-1.2,-0.48,-1,5115,205711.5
GSSC,2018-07-15,42.39,42.39,40.49,40.7,-1.43,-0.6,-1,750,30525.1
GSSC,2018-07-12,42.19,42.19,40.84,41.3,-0.23,-0.09,-1,1803,74438.3
GSSC,2018-07-11,41.6,41.6,40.44,41.39,0.33,0.13,-1,3669,151860.2
GSSC,2018-07-10,42.28,42.28,40.8,41.26,0.66,0.28,-1,3660,151010.77
GSSC,2018-07-09,42.4,42.4,39.62,40.98,-6.7,-2.95,-1,18475,757220.94
GSSC,2018-07-08,44.8,44.8,43.2,43.93,-4.3,-1.97,-1,11379,499878.94
GSSC,2018-07-05,45.6,45.6,44.28,45.9,0,0,-1,163,7217
GSSC,2018-07-03,46.4,46.4,45.6,45.9,1.49,0.67,-1,4949,227167.59
GSSC,2018-07-02,45.6,45.6,44.89,45.23,0.05,0.02,-1,875,39577.5
GSSC,2018-06-28,46.4,46.4,44.8,45.21,0.2,0.09,-1,938,42380
GSSC,2018-06-27,45.61,45.61,44.8,45.12,2.42,1.06,-1,1750,78965.65
GSSC,2018-06-26,44.8,44.8,43.36,44.06,-5.05,-2.34,-1,2700,118945.3
GSSC,2018-06-25,46.76,46.76,44.97,46.4,-1.63,-0.77,-1,2000,92792.46
GSSC,2018-06-24,47.21,47.21,46.8,47.17,0.1,0.05,-1,4320,203771.59
GSSC,2018-06-21,48,48,46.41,47.12,-0.24,-0.11,-1,3653,172109.33
GSSC,2018-06-20,47.93,47.93,47,47.23,-0.05,0.01,-1,4305,203346.23
GSSC,2018-06-19,47.97,47.97,47.2,47.22,-0.92,-0.44,-1,2578,121711
GSSC,2018-06-13,48.76,48.76,47.36,47.66,1,0.47,-1,5466,260528.56
GSSC,2018-06-12,48,48,46.98,47.19,-1.39,-0.67,-1,1240,58521.02
GSSC,2018-06-11,48.08,48.08,47.6,47.86,1.35,0.5,-1,1400,67005
GSSC,2018-06-10,48,48,47.08,47.36,2.08,0.34,-1,1394,66011.64
GSSC,2018-06-07,47.2,47.2,46.97,47.02,0.38,0.17,-1,2115,99457.6
GSSC,2018-06-06,46.92,46.92,46.4,46.85,-1,-0.47,-1,2431,113892.83
GSSC,2018-06-05,49.59,49.59,46.4,47.32,-3.71,-1.82,-1,6211,293898.84
GSSC,2018-06-04,52,52,48,49.14,-5.78,-3.02,-1,17481,859119.19
GSSC,2018-06-03,52.72,52.72,50.8,52.16,0,0,-1,375,19120
GSSC,2018-05-31,52,52,49.63,52.16,0,0,-1,303,15233.68
GSSC,2018-05-30,53.2,53.2,52,52.16,-0.96,-0.5,-1,8700,453813.59
GSSC,2018-05-29,52.8,52.8,52.5,52.66,-0.54,-0.29,-1,1313,69124.3
GSSC,2018-05-28,53.58,53.58,52.8,52.95,1.27,0.05,-1,4375,231661
GSSC,2018-05-27,53.66,53.66,52.06,52.9,-1.45,-0.45,-1,2639,139570.63
GSSC,2018-05-24,53.59,53.59,52.8,53.35,1.05,0.55,-1,2350,125372.25
GSSC,2018-05-23,53.2,53.2,52.41,52.8,-0.62,-0.33,-1,3400,179533.39
GSSC,2018-05-22,54,54,53.05,53.13,-0.05,-0.02,-1,4014,213255.23
GSSC,2018-05-21,54.35,54.35,53.13,53.15,0.05,0.02,-1,39425,2095388.63
GSSC,2018-05-20,53.13,53.13,53.13,53.13,1.9,0.99,-1,1250,66410
GSSC,2018-05-17,52.49,52.49,52,52.14,-1.62,-0.85,-1,5625,293262.47
GSSC,2018-05-16,54.5,54.5,52,52.99,-0.93,-0.5,-1,10438,553110.38
GSSC,2018-05-15,54.52,54.52,52.8,53.49,-1.42,-0.77,-1,2386,127628.82
GSSC,2018-05-14,55.84,55.84,53.6,54.26,-0.13,-0.07,-1,1650,89525
GSSC,2018-05-13,55.67,55.67,53.6,54.33,1.03,0.55,-1,19613,1065508.88
GSSC,2018-05-10,54.42,54.42,52.8,53.78,-1.9,-1.04,-1,5930,318902.97
GSSC,2018-05-09,55.98,55.98,54.4,54.82,-1.79,-1,-1,9623,527503.56
GSSC,2018-05-08,56.8,56.8,55.2,55.82,-0.99,-0.56,-1,6194,345706.5
GSSC,2018-05-07,56.8,56.8,56.01,56.38,-0.84,-0.48,-1,10075,567978.5
GSSC,2018-05-06,57.2,57.2,56.49,56.86,-0.52,-0.29,-1,6413,364594.66
GSSC,2018-05-03,58.4,58.4,56.41,57.15,-0.4,-0.23,-1,23819,1361225.38
GSSC,2018-05-02,58.14,58.14,50.76,57.38,1.74,0.98,-1,11358,651765
GSSC,2018-04-30,56.88,56.88,56.16,56.4,-1.33,-0.76,-1,9625,542825.63
GSSC,2018-04-29,57.96,57.96,56.08,57.16,2.03,1.14,-1,6430,367539.72
GSSC,2018-04-26,56.72,56.72,56,56.02,-0.88,-0.5,-1,24434,1368918
GSSC,2018-04-24,56.81,56.81,56.14,56.52,-0.25,-0.14,-1,3125,176616.73
GSSC,2018-04-23,57.52,57.52,56.21,56.66,-1.97,-1.14,-1,8594,486941.34
GSSC,2018-04-22,59.6,59.6,56.02,57.8,-0.5,-0.29,-1,19675,1137202.38
GSSC,2018-04-19,59.18,59.18,56.09,58.09,2.08,1.19,-1,29150,1693229
GSSC,2018-04-18,57.6,57.6,55.68,56.9,1.6,0.89,-1,19490,1109001.25
GSSC,2018-04-17,56.8,56.8,55.61,56.01,0.4,0.23,-1,1438,80515.35
GSSC,2018-04-16,57.58,57.58,54.84,55.78,0.33,0.18,-1,5056,282072.5
GSSC,2018-04-15,57.98,57.98,55,55.6,-2.48,-0.84,-1,10086,560804.63
GSSC,2018-04-12,57.56,57.56,56.01,56.44,-1.69,-0.97,-1,9143,516015.66
GSSC,2018-04-11,58.4,58.4,57.2,57.41,-2.43,-1.43,-1,16636,955026.38
GSSC,2018-04-10,60,60,57.52,58.84,2.95,1.69,-1,32536,1914523.38
GSSC,2018-04-05,59.19,59.19,54.96,57.15,3.72,2.05,-1,36975,2113182.75
GSSC,2018-04-04,56.4,56.4,54,55.1,-1.77,-1,-1,17570,968230.69
GSSC,2018-04-03,57.04,57.04,54.8,56.1,1.11,0.62,-1,20361,1142199.75
GSSC,2018-04-02,56.8,56.8,53.52,55.48,3.43,1.84,-1,35604,1975160.5
GSSC,2018-04-01,54.38,54.38,53.26,53.64,0.37,0.2,-1,11944,640656.06
GSSC,2018-03-29,54.32,54.32,53.24,53.44,-0.95,-0.51,-1,10814,577917.44
GSSC,2018-03-28,54.32,54.32,53.01,53.95,0.42,0.22,-1,11775,635269.44
GSSC,2018-03-27,55.99,55.99,52.8,53.73,-2.23,-1.22,-1,35018,1881495.13
GSSC,2018-03-26,55.91,55.91,53.6,54.95,3.25,1.73,-1,17169,943496.25
GSSC,2018-03-25,53.32,53.32,52.88,53.22,-0.97,-0.52,-1,2188,116427.5
GSSC,2018-03-22,54.4,54.4,53.2,53.74,0.51,0.27,-1,18961,1019081.38
GSSC,2018-03-21,55.04,55.04,52.8,53.47,-1.34,-0.73,-1,27615,1476606
GSSC,2018-03-20,56.32,56.32,53.24,54.2,-1.07,-0.58,-1,26453,1433659.88
GSSC,2018-03-19,55.6,55.6,53.29,54.78,-3.29,-1.87,-1,37035,2028793.25
GSSC,2018-03-18,59.52,59.52,55.2,56.65,-4.14,-2.45,-1,21371,1210614.63
GSSC,2018-03-15,60.77,60.77,57.39,59.1,4.07,2.32,-1,59963,3543534.25
GSSC,2018-03-14,58.4,58.4,54.4,56.78,5.33,2.87,-1,82934,4709327.5
GSSC,2018-03-13,54.4,54.4,53.28,53.91,0.73,0.39,-1,11341,611409.5
GSSC,2018-03-12,54.34,54.34,53.21,53.52,-1.24,-0.51,-1,4496,240630.38
GSSC,2018-03-11,54.74,54.74,53.05,54.03,1.32,0.7,-1,26784,1447151.13
GSSC,2018-03-08,54.96,54.96,52,53.33,2.3,0.85,-1,30644,1634113.25
GSSC,2018-03-07,53,53,52,52.48,-0.59,-0.31,-1,15440,810310.06
GSSC,2018-03-06,53.69,53.69,52.41,52.79,-0.11,-0.06,-1,11875,626903.63
GSSC,2018-03-05,53.6,53.6,52.26,52.85,0.11,0.06,-1,9600,507350.25
GSSC,2018-03-04,53.49,53.49,52.48,52.79,-1.23,-0.66,-1,26243,1385316.75
GSSC,2018-03-01,54.62,54.62,52.89,53.45,-1.69,-0.44,-1,24918,1331819.25
GSSC,2018-02-28,54.95,54.95,53.32,53.89,-0.25,-0.13,-1,28853,1554909.25
GSSC,2018-02-27,54.8,54.8,53.38,54.02,-0.04,0.4,-1,12888,696271.31
GSSC,2018-02-26,54.8,54.8,53.06,53.62,-1.79,-0.98,-1,41274,2213221.75
GSSC,2018-02-25,55.56,55.56,53.7,54.6,-0.75,0.07,-1,27726,1513902.13
GSSC,2018-02-22,55.7,55.7,53.84,54.53,-2.17,-1.21,-1,20594,1123006.75
GSSC,2018-02-21,57.12,57.12,54.41,55.74,1.18,0.65,-1,48134,2682904.25
GSSC,2018-02-20,56.8,56.8,53.6,55.09,2.7,1.45,-1,55928,3080964
GSSC,2018-02-19,54.8,54.8,53.2,53.64,-1.76,-0.59,-1,15250,817950.56
GSSC,2018-02-18,55.19,55.19,52.8,54.23,0.76,0.41,-1,27774,1506296.75
GSSC,2018-02-15,54.41,54.41,53.28,53.82,-0.61,0.21,-1,24006,1292172.25
GSSC,2018-02-14,54.4,54.4,53,53.61,-0.58,-0.31,-1,17080,915652.25
GSSC,2018-02-13,55.6,55.6,52.9,53.92,-2.43,-1.34,-1,29010,1564246.5
GSSC,2018-02-12,56.6,56.6,54,55.26,4.1,2.17,-1,36953,2042122.5
GSSC,2018-02-11,54.41,54.41,49.6,53.09,3.62,1.86,-1,94828,5034188
GSSC,2018-02-08,52,52,50.24,51.23,1.61,0.92,-1,44234,2266043.5
GSSC,2018-02-07,51.2,51.2,50,50.31,1.58,0.78,-1,27693,1393242.5
GSSC,2018-02-06,50.23,50.23,48.88,49.53,-3.36,-1.72,-1,78305,3878021.75
GSSC,2018-02-05,52,52,49.86,51.25,-1.72,-0.89,-1,18859,966460.38
GSSC,2018-02-04,52.8,52.8,51.22,52.14,0.08,0.04,-1,54074,2819491
GSSC,2018-02-01,52.8,52.8,51.41,52.1,0.65,0.33,-1,50013,2605903.5
GSSC,2018-01-31,53.12,53.12,50.8,51.77,-2.46,-1.54,-1,47575,2462807.5
GSSC,2018-01-30,55.02,55.02,52.41,53.31,0.98,0.52,-1,75640,4032764.5
GSSC,2018-01-29,54.39,54.39,51.64,52.79,0.67,0.35,-1,50150,2647579.75
GSSC,2018-01-28,53.2,53.2,51.35,52.44,4.58,2.34,-1,113446,5949245
GSSC,2018-01-24,51.2,51.2,48.02,50.1,2.66,1.29,-1,119690,5996882
GSSC,2018-01-23,49.45,49.45,48,48.81,3.88,1.83,-1,92373,4508206.5
GSSC,2018-01-22,47.52,47.52,46.4,46.98,1.7,0.78,-1,21030,988021.63
GSSC,2018-01-21,47.03,47.03,45.86,46.2,0.89,-0.42,-1,11138,514558.34
GSSC,2018-01-18,47.35,47.35,46.28,46.62,0.66,0.31,-1,21156,986267
GSSC,2018-01-17,46.84,46.84,46.22,46.31,0.14,0.06,-1,11088,513526.56
GSSC,2018-01-16,47.12,47.12,46.1,46.25,-0.82,-0.38,-1,14588,674615.69
GSSC,2018-01-15,47.2,47.2,46.12,46.63,-0.89,-0.24,-1,25625,1194924
GSSC,2018-01-14,47.2,47.2,46.39,46.87,0.21,0.09,-1,18979,889496.88
GSSC,2018-01-11,47.2,47.2,46.4,46.78,-0.66,-0.31,-1,19773,924886.88
GSSC,2018-01-10,47.6,47.6,46.09,47.09,1.97,0.8,-1,34620,1630264.5
GSSC,2018-01-09,47.2,47.2,45.6,46.29,0.94,0.43,-1,40299,1865378.25
GSSC,2018-01-08,46.4,46.4,45.6,45.86,-0.62,-0.28,-1,30353,1391796.75
GSSC,2018-01-04,47.94,47.94,45.6,46.14,-2.81,-1.34,-1,40981,1890901.5
GSSC,2018-01-03,48.38,48.38,46.4,47.48,-2.08,-1.01,-1,42999,2041601.13
GSSC,2018-01-02,49.28,49.28,47.76,48.49,-0.38,-0.18,-1,40479,1962645.63
GSSC,2017-12-31,49.86,49.86,47.72,48.67,0.12,0.39,-1,50341,2450158.5
GSSC,2017-12-28,49.52,49.52,47.3,48.28,-1.93,-0.95,-1,41019,1980340.63
GSSC,2017-12-27,50.22,50.22,48.33,49.23,-1.79,-0.9,-1,27321,1345030.13
GSSC,2017-12-26,51.52,51.52,49.12,50.13,-0.51,-0.25,-1,49521,2482369.25
GSSC,2017-12-25,51.43,51.43,49,50.38,3.35,1.63,-1,75355,3796950
GSSC,2017-12-24,50.4,50.4,47.26,48.75,-0.8,0,-1,86421,4213065
GSSC,2017-12-21,51.55,51.55,47.25,49.19,2.84,1.36,-1,131808,6483983.5
GSSC,2017-12-20,50.18,50.18,44.78,47.83,4.84,2.21,-1,307523,14709726
GSSC,2017-12-19,45.62,45.62,45.6,45.62,9.99,4.14,-1,135100,6163727.5
GSSC,2017-12-18,42.28,42.28,38.4,41.48,7.91,3.04,-1,71348,2959740.25
GSSC,2017-12-17,39.14,39.14,37.77,38.44,-2.81,-1.11,-1,8831,339507.09
GSSC,2017-12-14,40.32,40.32,39.2,39.55,-0.72,-0.29,-1,11170,441792.31
GSSC,2017-12-13,40.53,40.53,39.24,39.84,-2.6,-1.06,-1,16969,676100.88
GSSC,2017-12-12,41.39,41.39,40.4,40.9,0.59,0.24,-1,14596,597083.88
GSSC,2017-12-11,41.12,41.12,40.04,40.66,0.52,0.63,-1,15466,628923.44
GSSC,2017-12-10,40.2,40.2,39.72,40.03,0.46,0.18,-1,8363,334782.03
GSSC,2017-12-07,40.81,40.81,38.31,39.85,0.2,0.08,-1,49763,1982996.5
GSSC,2017-12-06,40.09,40.09,38.88,39.77,-2.62,-1.07,-1,15278,607526.94
GSSC,2017-12-05,41.51,41.51,40,40.84,1.57,0.63,-1,33651,1374276.63
GSSC,2017-12-04,41.36,41.36,39.69,40.21,-2.65,-1.09,-1,26559,1067901.88
GSSC,2017-12-03,42.31,42.31,40.61,41.3,-2.14,-0.91,-1,43064,1778678.88
GSSC,2017-11-29,43.52,43.52,41.45,42.21,-2.76,-1.2,-1,41618,1756510
GSSC,2017-11-28,44.64,44.64,42.81,43.41,-0.18,-0.08,-1,52936,2297913.75
GSSC,2017-11-27,43.92,43.92,42.8,43.49,2.24,0.95,-1,43804,1905099.25
GSSC,2017-11-26,43.51,43.51,42.2,42.54,0.38,0.16,-1,28148,1197197.63
GSSC,2017-11-23,43.5,43.5,41.6,42.38,0.47,0.2,-1,43514,1843869.63
GSSC,2017-11-22,42.78,42.78,41.59,42.18,1.87,0.78,-1,22399,944668.25
GSSC,2017-11-21,42.38,42.38,40.8,41.4,0.49,0.2,-1,12788,529441.13
GSSC,2017-11-20,42.96,42.96,40.55,41.2,-2.2,-0.93,-1,15376,633468.38
GSSC,2017-11-19,43.92,43.92,40.03,42.13,-0.88,-0.37,-1,36124,1521961.5
GSSC,2017-11-16,43.24,43.24,42,42.5,-4.39,-1.96,-1,20360,865454.94
GSSC,2017-11-15,45.98,45.98,43.2,44.46,-1.42,-0.64,-1,38460,1709718.75
GSSC,2017-11-14,46.21,46.21,43.2,45.1,3.13,1.37,-1,80049,3609698.75
GSSC,2017-11-13,45.2,45.2,42.49,43.73,-3.9,-1.77,-1,31493,1377063.88
GSSC,2017-11-12,46.4,46.4,44.8,45.5,3.1,1.36,-1,69108,3144772.25
GSSC,2017-11-09,45.2,45.2,43.24,44.14,1.51,0.66,-1,82390,3636259.75
GSSC,2017-11-08,45.16,45.16,41.6,43.48,5.46,1.57,-1,93568,4068118.75
GSSC,2017-11-07,43.17,43.17,38.42,41.91,4.72,1.89,-1,107449,4503397
GSSC,2017-11-06,41.44,41.44,38.8,40.02,-0.2,-0.08,-1,44186,1768511.5
GSSC,2017-11-05,41.59,41.59,36.9,40.1,5.25,2,-1,92544,3711570.5
GSSC,2017-11-02,38.8,38.8,37.2,38.1,3.9,1.43,-1,71819,2736864.25
GSSC,2017-11-01,37.8,37.8,34.76,36.67,5.67,1.97,-1,77076,2826444.5
GSSC,2017-10-31,35.2,35.2,34.26,34.7,2.86,0.52,-1,30535,1059742.13
GSSC,2017-10-30,34.79,34.79,33.92,34.18,-1.91,-0.66,-1,9255,316316.41
GSSC,2017-10-29,35.2,35.2,34.07,34.84,1.21,0.42,-1,12688,442015.03
GSSC,2017-10-26,34.88,34.88,33.7,34.42,1.03,0.35,-1,27955,962374.25
GSSC,2017-10-25,34.79,34.79,33.69,34.07,-1.34,-0.47,-1,4520,153988.75
GSSC,2017-10-24,35.16,35.16,33.22,34.54,2.61,0.88,-1,24660,851712.88
GSSC,2017-10-23,34,34,33.2,33.66,-0.54,-0.18,-1,10963,368916.34
GSSC,2017-10-22,34.4,34.4,33.6,33.84,0.79,0.26,-1,13485,456326.91
GSSC,2017-10-19,33.7,33.7,33.44,33.58,-1.71,-0.58,-1,10204,342624.16
GSSC,2017-10-18,35.2,35.2,33.77,34.16,-1.27,-0.44,-1,13259,452940.06
GSSC,2017-10-17,34.75,34.75,34.08,34.6,0.42,0.14,-1,2500,86493.72
GSSC,2017-10-16,35.5,35.5,33.81,34.46,-2.95,-1.04,-1,21388,736889.13
GSSC,2017-10-15,36,36,33.8,35.5,4.03,1.37,-1,36198,1285198.38
GSSC,2017-10-12,34.4,34.4,33.74,34.13,-0.23,-0.08,-1,12550,428296.88
GSSC,2017-10-11,34.4,34.4,33.84,34.21,-0.09,-0.21,-1,14308,489458.59
GSSC,2017-10-10,34.81,34.81,34.16,34.42,-0.23,-0.06,-1,13210,454698.63
GSSC,2017-10-09,34.7,34.7,34.28,34.48,-1.1,-0.38,-1,12604,434612.63
GSSC,2017-10-08,35.2,35.2,34.72,34.86,-0.95,-0.34,-1,10286,358597.59
GSSC,2017-10-04,35.92,35.92,34.92,35.2,0.41,0.14,-1,21513,757201
GSSC,2017-10-03,35.23,35.23,34.8,35.06,-1.86,-0.66,-1,13188,462254.25
GSSC,2017-10-02,36.8,36.8,35.08,35.72,-2.62,-0.3,-1,35523,1268817.88
GSSC,2017-10-01,37,37,35.64,36.02,-1.21,-0.44,-1,20423,735756.63
GSSC,2017-09-28,37.57,37.57,35.61,36.46,0.27,0.95,-1,28775,1049286.75
GSSC,2017-09-27,36,36,35.28,35.51,-1.47,-0.53,-1,8811,312911.91
GSSC,2017-09-26,36.48,36.48,35.48,36.04,0.33,0.12,-1,31093,1120557.25
GSSC,2017-09-25,36.48,36.48,35.2,35.92,3.98,1.38,-1,46991,1688035.75
GSSC,2017-09-24,35.16,35.16,34.16,34.54,2.54,0.85,-1,13741,474709.38
GSSC,2017-09-20,34,34,33.6,33.69,-0.8,-0.27,-1,18350,618204.94
GSSC,2017-09-19,34.4,34.4,33.6,33.96,0.95,0.32,-1,12745,432779.16
GSSC,2017-09-18,34.4,34.4,33.2,33.64,1.33,0.44,-1,9935,334197.69
GSSC,2017-09-17,33.51,33.51,32.99,33.2,-1.07,-0.36,-1,12721,422313.34
GSSC,2017-09-14,34.4,34.4,33.01,33.56,-1.32,-0.45,-1,11026,370006.16
GSSC,2017-09-13,34.59,34.59,33.7,34.01,-0.37,-0.13,-1,13101,445565.5
GSSC,2017-09-12,35.14,35.14,33.76,34.14,-1.27,-0.44,-1,5838,199291.95
GSSC,2017-09-11,35.2,35.2,33.2,34.58,5.34,1.76,-1,24150,835007.69
GSSC,2017-09-10,32.92,32.92,32.64,32.82,0.59,0.19,-1,14563,478014
GSSC,2017-09-07,33,33,32.45,32.63,0.22,0.07,-1,8946,291961.22
GSSC,2017-09-06,33.02,33.02,32.33,32.56,-2.86,-0.96,-1,5025,163625.14
GSSC,2017-09-05,33.52,33.52,33.52,33.52,1.77,0.58,-1,491,16466.7
GSSC,2017-08-30,33.59,33.59,32.02,32.94,0.39,0.13,-1,11503,378810.06
GSSC,2017-08-29,32.88,32.88,32.8,32.81,0.05,0.02,-1,7888,258767.63
GSSC,2017-08-28,33.6,33.6,32.5,32.79,-0.63,-0.21,-1,7419,243261.78
GSSC,2017-08-27,33.96,33.96,32,33,3.31,1.06,-1,6406,211411.56
GSSC,2017-08-24,32.05,32.05,31.72,31.94,-1.21,-0.4,-1,2474,79017.45
GSSC,2017-08-23,33.36,33.36,31.72,32.34,-3.51,-1.17,-1,6749,218207.36
GSSC,2017-08-22,34,34,32.84,33.51,3.69,1.19,-1,15669,525101.13
GSSC,2017-08-21,33.44,33.44,31.82,32.32,1.56,0.5,-1,34186,1104958.38
GSSC,2017-08-20,33.5,33.5,31.2,31.82,-5.01,-1.68,-1,20205,643049.75
GSSC,2017-08-17,34.4,34.4,32.8,33.5,-2.58,-0.89,-1,50550,1693564.5
GSSC,2017-08-16,35.4,35.4,33.82,34.39,-2.32,-0.82,-1,12361,425083.59
GSSC,2017-08-15,35.4,35.4,34.56,35.21,-1.72,-0.61,-1,18793,661584.13
GSSC,2017-08-14,36.2,36.2,35.42,35.82,0.9,0.32,-1,4660,166951.48
GSSC,2017-08-13,36.6,36.6,35.22,35.5,-0.69,-0.25,-1,13521,480051.66
GSSC,2017-08-10,36.8,36.8,35.21,35.75,-2.83,-1.04,-1,18570,663926.31
GSSC,2017-08-09,36.88,36.88,36.65,36.79,0.37,0.13,-1,18380,676278.94
GSSC,2017-08-08,37.08,37.08,36,36.66,0.99,0.36,-1,11798,432457.44
GSSC,2017-08-07,36.88,36.88,35.72,36.3,-1.28,-0.47,-1,22724,824799.75
GSSC,2017-08-06,37.58,37.58,36,36.77,4.24,1.5,-1,43931,1615132.5
GSSC,2017-08-03,35.92,35.92,35.2,35.27,-1.5,-0.54,-1,27363,965118.69
GSSC,2017-08-02,37.17,37.17,35.2,35.81,-1.6,-0.58,-1,40428,1447477.63
GSSC,2017-08-01,36.92,36.92,36.12,36.39,-0.66,-0.24,-1,7256,264045.09
GSSC,2017-07-31,37.44,37.44,36.06,36.63,-1.04,-0.39,-1,9319,341338.69
GSSC,2017-07-30,37.61,37.61,36.48,37.02,2.96,1.07,-1,13893,514261.91
GSSC,2017-07-27,36.56,36.56,35.65,35.95,-2.69,-0.99,-1,13313,478627.16
GSSC,2017-07-26,37.6,37.6,36.52,36.94,-1.51,-0.57,-1,27611,1020175.44
GSSC,2017-07-25,38.36,38.36,37.08,37.51,-1.03,-0.39,-1,15605,585399.5
GSSC,2017-07-24,38.4,38.4,36.8,37.9,4.78,1.72,-1,32120,1217482.25
GSSC,2017-07-20,36.72,36.72,36.01,36.18,0.47,0.17,-1,8238,297986.38
GSSC,2017-07-19,36.74,36.74,35.38,36.01,0.02,0.01,-1,19931,717629.5
GSSC,2017-07-18,36.63,36.63,35.2,36,-0.6,-0.22,-1,17574,632651.63
GSSC,2017-07-17,37.6,37.6,36,36.22,-2.39,-0.88,-1,40608,1470753.75
GSSC,2017-07-16,37.44,37.44,36.69,37.1,-1.05,-0.4,-1,32325,1199298.25
GSSC,2017-07-13,40.32,40.32,36.8,37.5,-5.06,-2,-1,76274,2860200.75
GSSC,2017-07-12,41.2,41.2,38.05,39.5,-2.51,-1.01,-1,46556,1838760.5
GSSC,2017-07-11,41.66,41.66,39.48,40.51,-4.11,-1.74,-1,58606,2374255
GSSC,2017-07-10,43.7,43.7,41.26,42.25,6.34,2.52,-1,88368,3733141.75
GSSC,2017-07-09,41.83,41.83,37.2,39.73,9.99,1.7,-1,101948,4049802.5
GSSC,2017-07-06,38.41,38.41,37.61,38.03,-0.9,0.01,-1,52179,1984298.75
GSSC,2017-07-05,38.96,38.96,37.2,38.02,1.04,0.4,-1,86473,3287798.5
GSSC,2017-07-04,38.4,38.4,36.8,37.62,4.93,1.94,-1,162019,6096292.5
GSSC,2017-07-03,37.37,37.37,34.4,35.68,9.98,1.7,-1,219460,7829828
GSSC,2017-07-02,34.49,34.49,32.8,33.98,5.28,1.38,-1,146475,4976830
GSSC,2017-06-28,32.96,32.96,32.4,32.6,-0.71,-0.23,-1,14211,463295.19
GSSC,2017-06-22,32.96,32.96,32.56,32.83,-0.8,-0.23,-1,18048,592536
GSSC,2017-06-21,33.35,33.35,32.8,33.06,0.49,0.16,-1,26130,863955.69
GSSC,2017-06-20,33.2,33.2,32.4,32.9,2.93,0.93,-1,54214,1783972.88
GSSC,2017-06-19,32.28,32.28,31.76,31.97,-1.43,-0.46,-1,20419,652805.5
GSSC,2017-06-18,33.48,33.48,32,32.43,-3.1,-0.61,-1,41146,1334531
GSSC,2017-06-15,33.82,33.82,32.4,33.04,-0.2,0.58,-1,99633,3291482
GSSC,2017-06-14,33.2,33.2,31.08,32.46,4.51,1.41,-1,76406,2480656.5
GSSC,2017-06-13,31.35,31.35,30.8,31.05,0.26,0.08,-1,7775,241422.59
GSSC,2017-06-12,31.2,31.2,30.76,30.97,-1.61,-0.29,-1,14281,442304.25
GSSC,2017-06-11,31.66,31.66,31.01,31.26,1.51,0.44,-1,13858,433295.72
GSSC,2017-06-08,31.39,31.39,30.4,30.82,1.13,-0.22,-1,23598,727255.75
GSSC,2017-06-07,31.2,31.2,30.81,31.04,-0.13,0.13,-1,5726,177731.91
GSSC,2017-06-06,31.35,31.35,30.82,30.91,-0.36,-0.1,-1,1700,52551.3
GSSC,2017-06-05,31.2,31.2,30.69,31.01,1.11,0.15,-1,4669,144757.55
GSSC,2017-06-04,30.96,30.96,30.81,30.86,-1.38,-0.46,-1,4506,139051.2
GSSC,2017-06-01,31.66,31.66,31.05,31.32,1.22,0.5,-1,13200,413374.19
GSSC,2017-05-31,31.2,31.2,30.7,30.82,0.31,-0.28,-1,9814,302463.59
GSSC,2017-05-30,31.21,31.21,30.89,31.1,-0.97,-0.12,-1,15471,481188.06
GSSC,2017-05-29,31.92,31.92,31.2,31.22,-0.08,0,-1,16651,519949
GSSC,2017-05-28,31.44,31.44,31.2,31.22,-0.28,-0.31,-1,11738,366532.91
GSSC,2017-05-25,32.16,32.16,30.8,31.53,1.35,0.7,-1,21746,685701.38
GSSC,2017-05-24,31.2,31.2,30.4,30.83,0.53,0.48,-1,21056,649259.94
GSSC,2017-05-23,30.56,30.56,30.12,30.35,-1.45,-0.45,-1,25664,779012.38
GSSC,2017-05-22,31.72,31.72,29,30.8,-3.82,-1.22,-1,61958,1908249.5
GSSC,2017-05-21,32.4,32.4,31.84,32.02,0.1,0.03,-1,26500,848577.25
GSSC,2017-05-18,32.4,32.4,31.84,31.99,-0.74,-0.24,-1,30168,965132.38
GSSC,2017-05-17,32.8,32.8,31.92,32.23,0.85,0.27,-1,49140,1584009.25
GSSC,2017-05-16,32.2,32.2,31.61,31.96,-1.02,-0.33,-1,69258,2213467
GSSC,2017-05-15,33.2,33.2,32,32.29,-1.49,-0.49,-1,57875,1868555
GSSC,2017-05-14,33.36,33.36,31.68,32.78,4.17,1.32,-1,99629,3265330.25
GSSC,2017-05-11,32,32,30.8,31.46,-1.13,-0.36,-1,122430,3852294.5
GSSC,2017-05-10,32.8,32.8,30.8,31.82,-1.56,-0.51,-1,111830,3558709.5
GSSC,2017-05-09,33.35,33.35,32,32.33,-2.93,-0.97,-1,92194,2980595.75
GSSC,2017-05-08,34.31,34.31,32.88,33.3,-0.88,-0.3,-1,62366,2076892.13
GSSC,2017-05-07,34.4,34.4,33.24,33.6,1.55,0.51,-1,79255,2662739.25
GSSC,2017-05-04,34,34,32,33.09,3.61,1.15,-1,165371,5472422.5
GSSC,2017-05-03,32.2,32.2,31.61,31.94,1.22,0.39,-1,28041,895555.69
GSSC,2017-05-02,32.15,32.15,30.98,31.55,2.41,0.74,-1,21018,663143.19
GSSC,2017-04-30,31.2,31.2,30.4,30.81,-3.87,-1.24,-1,14634,450800.69
GSSC,2017-04-27,33.13,33.13,31.2,32.05,0.43,0.14,-1,47046,1507659.13
GSSC,2017-04-26,33.19,33.19,31.4,31.91,1.01,0.32,-1,28708,916193.75
GSSC,2017-04-24,32,32,30.99,31.59,0.03,0.01,-1,33736,1065840.75
GSSC,2017-04-23,32.8,32.8,30.45,31.58,-4.78,-1.59,-1,16134,509512.66
GSSC,2017-04-20,33.6,33.6,32.64,33.17,0.34,0.11,-1,28809,955595.56
GSSC,2017-04-19,34,34,31.98,33.06,3.4,1.09,-1,106724,3527935.75
GSSC,2017-04-18,32.06,32.06,31.65,31.97,0.88,0.28,-1,22138,707604.38
GSSC,2017-04-13,32.14,32.14,31.2,31.69,-1.42,-0.45,-1,33403,1058533
GSSC,2017-04-12,33.6,33.6,31.76,32.14,-4.99,-1.69,-1,49463,1589750.25
GSSC,2017-04-11,34.56,34.56,33.04,33.83,-0.31,-0.11,-1,60610,2050412.75
GSSC,2017-04-10,35.18,35.18,33.36,33.94,-3.53,-0.32,-1,69565,2360481.75
GSSC,2017-04-09,35.2,35.2,32.82,34.26,5.11,1.67,-1,60890,2085826.13
GSSC,2017-04-06,33.65,33.65,30.99,32.59,6.54,2,-1,121240,3951633.25
GSSC,2017-04-05,31.17,31.17,29.76,30.59,-0.73,-0.23,-1,50711,1551532.5
GSSC,2017-04-04,31.2,31.2,30.48,30.82,0.44,0.14,-1,30220,931244.25
GSSC,2017-04-03,31.8,31.8,29.6,30.68,5.79,1.68,-1,195311,5991618.5
GSSC,2017-04-02,29.76,29.76,28.01,29,1.88,0.54,-1,85509,2479514.5
GSSC,2017-03-30,29.2,29.2,28.12,28.46,-2.36,-0.69,-1,50646,1441691.5
GSSC,2017-03-29,29.83,29.83,28.69,29.15,2.85,0.81,-1,134878,3932181.5
GSSC,2017-03-28,29.04,29.04,26.44,28.34,5.92,1.58,-1,181160,5134451
GSSC,2017-03-27,27.36,27.36,26.03,26.76,2.29,0.6,-1,109295,2924582
GSSC,2017-03-26,26.6,26.6,25.6,26.16,2.03,0.52,-1,62613,1638136.63
GSSC,2017-03-23,25.99,25.99,25.51,25.64,-0.06,-0.02,-1,33525,859662
GSSC,2017-03-22,26.18,26.18,25.6,25.66,-0.31,-0.08,-1,14686,376758.41
GSSC,2017-03-21,26.4,26.4,25.07,25.74,3.51,0.88,-1,104315,2684749.5
GSSC,2017-03-20,25.36,25.36,24.8,24.86,-1.24,-0.32,-1,41716,1037257.88
GSSC,2017-03-19,25.6,25.6,24.54,25.18,4.24,1.03,-1,71954,1811425.88
GSSC,2017-03-16,24.4,24.4,24,24.15,2.13,0.5,-1,38109,920478.94
GSSC,2017-03-15,24.08,24.08,23.2,23.65,2.32,0.54,-1,60140,1422425.75
GSSC,2017-03-14,23.36,23.36,22.68,23.11,0.38,0.09,-1,25535,590241.19
GSSC,2017-03-13,23.27,23.27,22.68,23.02,-0.1,-0.03,-1,20598,474227.09
GSSC,2017-03-12,23.2,23.2,22.53,23.05,2.34,0.53,-1,16146,372142.81
GSSC,2017-03-09,23.1,23.1,22.16,22.52,0.86,0.19,-1,45499,1024558.38
GSSC,2017-03-08,22.4,22.4,21.82,22.33,0.5,0.11,-1,18735,418298
GSSC,2017-03-07,22.72,22.72,21.6,22.22,-0.82,-0.18,-1,15688,348497.88
GSSC,2017-03-06,22.61,22.61,21.84,22.4,-0.14,-0.03,-1,18994,425414.69
GSSC,2017-03-05,22.75,22.75,21.92,22.43,1.23,0.27,-1,2019,45287.11
GSSC,2017-03-02,22.52,22.52,21.66,22.16,1.91,0.42,-1,14021,310707.47
GSSC,2017-03-01,22.3,22.3,21.6,21.74,0.59,0.12,-1,14701,319611.91
GSSC,2017-02-28,22,22,21.24,21.62,2.58,0.55,-1,16761,362328.88
GSSC,2017-02-27,21.49,21.49,20.79,21.07,-3.83,-0.84,-1,17384,366302.03
GSSC,2017-02-26,22.4,22.4,21.6,21.91,-2.21,-0.5,-1,22201,486444.94
GSSC,2017-02-23,22.78,22.78,22.08,22.41,-1.89,-0.43,-1,30450,682382.88
GSSC,2017-02-22,23.34,23.34,22.44,22.84,0.53,0.12,-1,28796,657720.69
GSSC,2017-02-21,22.96,22.96,22.49,22.72,0.04,0.01,-1,31790,722205.19
GSSC,2017-02-20,23.52,23.52,22.44,22.71,-0.94,-0.22,-1,20600,467815.31
GSSC,2017-02-19,23.04,23.04,22.85,22.93,-0.62,-0.14,-1,13696,314055.41
GSSC,2017-02-16,23.2,23.2,22.73,23.07,0,0,-1,33543,773948.81
GSSC,2017-02-15,23.2,23.2,22.6,23.07,-1,-0.23,-1,25224,581943.94
GSSC,2017-02-14,24,24,22.73,23.3,-7.49,-1.89,-1,29479,687004.5
GSSC,2017-02-13,26,26,24.81,25.19,-2.57,-0.67,-1,51013,1285024.75
GSSC,2017-02-12,26.41,26.41,25.45,25.86,1.32,0.34,-1,121933,3152661
GSSC,2017-02-09,25.84,25.84,25.05,25.52,0.5,0.13,-1,31048,792251
GSSC,2017-02-08,26.32,26.32,25.05,25.39,-2.94,-0.77,-1,49583,1259050.88
GSSC,2017-02-07,26.86,26.86,25.6,26.16,0.34,0.09,-1,114566,2997201.25
GSSC,2017-02-06,27.08,27.08,24.84,26.07,3.62,0.91,-1,241825,6304487
GSSC,2017-02-05,25.84,25.84,23.87,25.16,6.57,1.55,-1,180761,4548185
GSSC,2017-02-02,24.2,24.2,23.33,23.61,0.48,0.11,-1,22688,535571.56
GSSC,2017-02-01,24,24,23.2,23.5,0.75,0.18,-1,29668,697015.94
GSSC,2017-01-31,23.8,23.8,23.04,23.32,-1.22,-0.29,-1,33565,782865
GSSC,2017-01-30,24.08,24.08,23.21,23.61,-3.25,-0.79,-1,42651,1006766.25
GSSC,2017-01-29,24.71,24.71,24.07,24.4,-1.33,-0.33,-1,23458,572308.94
GSSC,2017-01-26,25.2,25.2,24.18,24.73,1.31,0.32,-1,76793,1899216.88
GSSC,2017-01-24,24.96,24.96,23.06,24.41,5.53,1.28,-1,132568,3235483
GSSC,2017-01-23,23.36,23.36,22.69,23.13,1.83,0.42,-1,36044,833721.81
GSSC,2017-01-22,23.2,23.2,22,22.71,0.46,0.1,-1,15764,358012.13
GSSC,2017-01-19,23.6,23.6,22.31,22.61,-4.56,-1.08,-1,60045,1357607
GSSC,2017-01-18,24.01,24.01,23.22,23.69,-1.92,-0.46,-1,74391,1762162.75
GSSC,2017-01-17,24.67,24.67,23.84,24.15,1.17,0.28,-1,86991,2101197.25
GSSC,2017-01-16,24.32,24.32,23.29,23.87,2.47,0.57,-1,75831,1810121.63
GSSC,2017-01-15,23.65,23.65,23.14,23.3,-1.62,-0.38,-1,42434,988705.75
GSSC,2017-01-12,23.99,23.99,22.94,23.68,2.6,0.6,-1,45548,1078394.75
GSSC,2017-01-11,23.24,23.24,22.89,23.08,-0.62,-0.14,-1,12006,277100.25
GSSC,2017-01-10,23.59,23.59,23.18,23.22,-0.58,-0.14,-1,72228,1677489.25
GSSC,2017-01-09,23.8,23.8,23.13,23.36,-1.08,-0.26,-1,40139,937575.25
GSSC,2017-01-08,24.11,24.11,22.8,23.62,3,0.69,-1,193214,4563589
GSSC,2017-01-05,23.19,23.19,22.8,22.93,-0.8,-0.18,-1,31566,723632.38
GSSC,2017-01-04,23.6,23.6,22.65,23.11,0.49,0.11,-1,29358,678511.63
GSSC,2017-01-03,23.2,23.2,22.8,23,-0.55,-0.13,-1,38439,884161.94
GSSC,2017-01-02,23.51,23.51,22.96,23.13,-0.07,-0.01,-1,18058,417632.81
GSSC,2016-12-29,23.35,23.35,22.9,23.14,-0.31,-0.08,-1,39911,923822.06
GSSC,2016-12-28,23.57,23.57,23.04,23.22,-0.41,-0.09,-1,19816,459988.16
GSSC,2016-12-27,23.83,23.83,23.13,23.31,0.34,0.08,-1,38310,893079.94
GSSC,2016-12-26,23.59,23.59,23.12,23.23,-0.41,-0.1,-1,18384,427030.72
GSSC,2016-12-25,24,24,23.05,23.33,-2.28,-0.54,-1,43213,1007982.5
GSSC,2016-12-22,24.4,24.4,23.46,23.87,-1.36,-0.33,-1,53801,1284336.63
GSSC,2016-12-21,24.59,24.59,23.86,24.2,1.51,0.36,-1,115721,2800136.25
GSSC,2016-12-20,24.15,24.15,23.54,23.84,2.16,0.5,-1,119161,2840963
GSSC,2016-12-19,23.67,23.67,23.2,23.34,-0.75,-0.17,-1,61114,1426115.38
GSSC,2016-12-18,23.84,23.84,23.14,23.51,1.1,0.25,-1,37864,890357.56
GSSC,2016-12-15,23.52,23.52,23.12,23.26,-1.05514,-0.24,-1,51419,1195951.13
GSSC,2016-12-14,24.08,24.08,23.11,23.5,-3.13,-0.76,-1,55899,1313686
GSSC,2016-12-13,24.8,24.8,23.73,24.26,-0.88,-0.22,-1,62108,1506962.5
GSSC,2016-12-12,25.16,25.16,23.61,24.48,-3.47,-0.88,-1,146464,3585070.25
GSSC,2016-12-08,25.6,25.6,25.02,25.36,-1.03,-0.26,-1,67870,1720941.75
GSSC,2016-12-07,26.32,26.32,25.07,25.62,-0.62,-0.16,-1,94574,2423224.25
GSSC,2016-12-06,26.64,26.64,25.37,25.78,-1.59,-0.42,-1,80830,2084136
GSSC,2016-12-05,26.73,26.73,25.62,26.2,-0.85,-0.22,-1,119495,3130479
GSSC,2016-12-04,26.92,26.92,25.74,26.42,3.19,0.81,-1,141203,3730715
GSSC,2016-12-01,26.2,26.2,25.24,25.61,-0.12,-0.03,-1,87280,2234894.5
GSSC,2016-11-30,26.29,26.29,25.32,25.64,1.65,0.42,-1,59769,1532309.5
GSSC,2016-11-29,25.84,25.84,24.4,25.22,-3.01,-0.79,-1,124033,3128395.25
GSSC,2016-11-28,26.6,26.6,25.2,26.01,-2.69,-0.72,-1,159298,4143627.75
GSSC,2016-11-27,27.47,27.47,26.12,26.73,-3.13,-0.86,-1,163360,4366493
GSSC,2016-11-24,28.71,28.71,26.22,27.59,1.44,1.68,-1,366315,10107671
GSSC,2016-11-23,26.91,26.91,24.04,25.91,5.88,1.44,-1,381158,9875502
GSSC,2016-11-22,25.2,25.2,23.84,24.47,-0.42,-0.11,-1,138118,3379862
GSSC,2016-11-21,24.96,24.96,24.02,24.58,0.79,0.2,-1,71868,1766205.13
GSSC,2016-11-20,24.78,24.78,23.82,24.38,-2.432778,-0.61,-1,51911,1265624.75
GSSC,2016-11-17,25.91,25.91,23.21,24.99,0.19,0.05,-1,226988,5672524
GSSC,2016-11-16,25.48,25.48,24.2,24.94,2.5,0.86,-1,136294,3400138.25
GSSC,2016-11-15,24.32,24.32,23.74,24.08,-0.13,-0.03,-1,46563,1121090.63
GSSC,2016-11-14,24.59,24.59,23.63,24.11,1.55,0.37,-1,182791,4407312.5
GSSC,2016-11-13,24.28,24.28,23.21,23.74,0.03,0,-1,131070,3111907
GSSC,2016-11-10,24.16,24.16,23.2,23.74,3.2,0.74,-1,170440,4045564
GSSC,2016-11-09,23.77,23.77,21.61,23,3.38,0.75,-1,175428,4034165
GSSC,2016-11-08,22.84,22.84,21.8,22.25,-1.14,-0.25,-1,46080,1025182
GSSC,2016-11-07,22.88,22.88,22.16,22.5,2.14,0.47,-1,62799,1413187.88
GSSC,2016-11-06,22.59,22.59,21.6,22.03,-0.83,-0.19,-1,54495,1200793.5
GSSC,2016-11-03,23.1,23.1,21.69,22.22,0,0,-1,38033,845075.38
GSSC,2016-11-02,22.87,22.87,22.01,22.22,-1.28,-0.28,-1,28244,627575.38
GSSC,2016-11-01,23.03,23.03,22.2,22.5,-0.07,-0.02,-1,28539,642186.75
GSSC,2016-10-31,22.96,22.96,22.01,22.52,1.37,0.32,-1,47624,1072499.13
GSSC,2016-10-30,22.52,22.52,21.44,22.2,2.29,0.5,-1,69390,1540201.5
GSSC,2016-10-27,22.1,22.1,21.4,21.7,1.34,0.28,-1,17551,380970.63
GSSC,2016-10-26,21.6,21.6,21.24,21.42,-0.15,-0.03,-1,7730,165570.44
GSSC,2016-10-25,21.84,21.84,21.2,21.45,0.41,0.09,-1,26655,571712.13
GSSC,2016-10-24,21.61,21.61,21.12,21.36,-2.98,-0.66,-1,25674,548374.5
GSSC,2016-10-23,22.92,22.92,21.6,22.02,-3.3,0.01,-1,68936,1517496
GSSC,2016-10-20,22.53,22.53,20.9,22.01,5.04,1.06,-1,110174,2424331.5
GSSC,2016-10-19,21.36,21.36,20.56,20.95,2.3,0.47,-1,42511,890799.25
GSSC,2016-10-18,20.82,20.82,20.16,20.48,-0.16,-0.03,-1,34999,716811.19
GSSC,2016-10-17,20.99,20.99,20,20.51,-1.65,-0.35,-1,34225,702008.88
GSSC,2016-10-16,21.2,21.2,20.54,20.86,-0.95,-0.2,-1,22356,466217.91
GSSC,2016-10-13,21.4,21.4,20.57,21.06,1.23,0.26,-1,52293,1101088.5
GSSC,2016-10-12,21.28,21.28,20.42,20.8,-2.18,-0.46,-1,56010,1165118
GSSC,2016-10-11,21.82,21.82,20.76,21.26,-3.904555,-0.87,-1,67285,1430973.88
GSSC,2016-10-10,22.79,22.79,21.62,22.13,-2.3,-0.52,-1,24546,543250.94
GSSC,2016-10-09,23.2,23.2,22.42,22.65,-1.56,-0.36,-1,33883,767484.5
GSSC,2016-10-05,23.47,23.47,22.88,23.01,0.034783,0.01,-1,25461,585901.81
GSSC,2016-10-04,23.25,23.25,22.82,23,-1.88,-0.44,-1,23861,548738.56
GSSC,2016-10-03,23.68,23.68,23.2,23.44,1.88,0.43,-1,23905,560240.88
GSSC,2016-09-29,23.4,23.4,22.66,23.01,-1.07,-0.25,-1,46853,1077915.13
GSSC,2016-09-28,23.76,23.76,22.76,23.26,1.359833,0.32,-1,68960,1603616.88
GSSC,2016-09-27,23.64,23.64,22.67,22.94,-1.780822,-0.42,-1,45413,1041769.5
GSSC,2016-09-26,23.6,23.6,23.22,23.36,-0.375295,-0.09,-1,23010,537469.44
GSSC,2016-09-25,24.24,24.24,23.2,23.45,1.84,0.43,-1,48631,1140195.75
GSSC,2016-09-22,23.73,23.73,22.16,23.02,1.77,0.4,-1,108823,2505750.5
GSSC,2016-09-21,23.82,23.82,22.02,22.62,-4.14,-0.98,-1,117216,2652062
GSSC,2016-09-20,24,24,23.24,23.6,-2.19,-0.17,-1,51073,1205350.88
GSSC,2016-09-19,24,24,23.4,23.77,-0.7,-0.17,-1,29320,696817.56
GSSC,2016-09-18,24.7,24.7,23.46,23.94,-3.9,-0.65,-1,59038,1413213.5
GSSC,2016-09-15,25.08,25.08,24.25,24.59,0.33,0.08,-1,77693,1910574.25
GSSC,2016-09-14,25.12,25.12,23.68,24.51,2.99,0.71,-1,91409,2240618.75
GSSC,2016-09-08,24.35,24.35,23.45,23.8,1.29,0.3,-1,91263,2171801
GSSC,2016-09-07,24.16,24.16,22.8,23.5,0.55,0.13,-1,99536,2338886.25
GSSC,2016-09-06,23.93,23.93,22.75,23.37,1.25,0.29,-1,117373,2742873
GSSC,2016-09-05,23.84,23.84,22.43,23.08,-4.91,-1.19,-1,134828,3112117.75
GSSC,2016-09-04,25.18,25.18,23.76,24.27,-3.31,-1.15,-1,207034,5025552
GSSC,2016-09-01,25.9,25.9,25.07,25.42,0,0,-1,93333,2372128
GSSC,2016-08-31,26.36,26.36,25,25.42,-2.52,-0.65,-1,113814,2892801.25
GSSC,2016-08-30,26.4,26.4,25.52,26.07,1.12,0.29,-1,186884,4872974.5
GSSC,2016-08-29,27.14,27.14,24.9,25.78,-5.48,-1.5,-1,205878,5309161
GSSC,2016-08-28,28.8,28.8,26.67,27.28,-7.94,-2.35,-1,213119,5813424
GSSC,2016-08-25,30.4,30.4,28.44,29.63,-0.88,-0.27,-1,83731,2481036
GSSC,2016-08-24,30.4,30.4,28.8,29.9,3.86,1.12,-1,138771,4148298
GSSC,2016-08-23,29.4,29.4,28,28.78,0.39,0.11,-1,75213,2164745
GSSC,2016-08-22,29.69,29.69,28.12,28.67,-2.71,-0.8,-1,90351,2590259.25
GSSC,2016-08-21,29.96,29.96,29.12,29.47,-1.37,-0.41,-1,39545,1165361.25
GSSC,2016-08-18,30.54,30.54,29.22,29.88,0.187766,0.06,-1,165126,4933580.5
GSSC,2016-08-17,30.58,30.58,29.38,29.82,-1.868921,0.88,-1,246035,7337441
GSSC,2016-08-16,29.92,29.92,27.04,28.94,6.411765,1.74,-1,425964,12328802
GSSC,2016-08-15,27.6,27.6,26.84,27.2,-1.620373,-0.45,-1,63458,1726022
GSSC,2016-08-14,28.08,28.08,27.06,27.65,2.704306,0.73,-1,132216,3655605.25
GSSC,2016-08-11,27.75,27.75,25.61,26.92,3.66606,0.95,-1,210995,5680488.5
GSSC,2016-08-10,26.4,26.4,25.61,25.97,-1.785174,-0.47,-1,87950,2283914.25
GSSC,2016-08-09,27.44,27.44,25.78,26.44,-3.39,-0.93,-1,141875,3751474
GSSC,2016-08-08,27.9,27.9,27.04,27.37,0.59,0.16,-1,123835,3388918.75
GSSC,2016-08-07,27.59,27.59,26.92,27.21,-0.61,-0.17,-1,68185,1855409.75
GSSC,2016-08-04,27.98,27.98,26.88,27.38,-1.24,-0.34,-1,182019,4983644
GSSC,2016-08-03,28.8,28.8,26.61,27.72,-3.64,-1.05,-1,185401,5139074.5
GSSC,2016-08-02,29.44,29.44,28.32,28.77,-2.57,-0.76,-1,153696,4421033
GSSC,2016-08-01,30.23,30.23,28.56,29.53,2.9,0.83,-1,153495,4531823
GSSC,2016-07-31,29.57,29.57,28.14,28.7,-3.05,-0.9,-1,138138,3963763.5
GSSC,2016-07-28,30.79,30.79,29.01,29.6,-3.6,-1.1,-1,173240,5128340.5
GSSC,2016-07-27,32.72,32.72,29.76,30.7,-4,-0.3,-1,308964,9487221
GSSC,2016-07-26,32.2,32.2,29.37,31,3.67,1.1,-1,232830,7218639.5
GSSC,2016-07-25,30.41,30.41,29.32,29.9,2.58,0.75,-1,170054,5085031
GSSC,2016-07-24,29.54,29.54,27.84,29.15,8.52,2.29,-1,218236,6362586.5
GSSC,2016-07-21,27.79,27.79,25.14,26.86,4.71,1.2,-1,206535,5548747
GSSC,2016-07-20,26.24,26.24,25.1,25.66,1.84,0.47,-1,38489,987366.75
GSSC,2016-07-19,25.91,25.91,24.41,25.19,0.61,0.15,-1,65499,1650216.25
GSSC,2016-07-18,26.22,26.22,24.76,25.04,-3.42,-0.89,-1,60348,1511216.75
GSSC,2016-07-17,26.62,26.62,24.58,25.93,1.40801,0.36,-1,70573,1830037.88
GSSC,2016-07-14,26.4,26.4,25.02,25.57,-3.76,-1,-1,92406,2362794.5
GSSC,2016-07-13,27.51,27.51,26.04,26.57,-2.95,-0.81,-1,88210,2343448.5
GSSC,2016-07-12,28.19,28.19,26.42,27.38,5.26,1.37,-1,97283,2663071.75
GSSC,2016-07-11,27.14,27.14,23.71,26.01,5.42,1.34,-1,227014,5904392
GSSC,2016-07-10,25.2,25.2,24.14,24.67,-2.77,-0.71,-1,54438,1343263.5
GSSC,2016-07-04,25.74,25.74,24.21,25.38,8.444441,1.98,-1,182954,4642087.5
GSSC,2016-07-03,23.62,23.62,22.4,23.4,8.94,1.92,-1,109943,2572456.25
GSSC,2016-06-29,22.64,22.64,20.4,21.48,0.41,2.03,-1,234741,5042878.5
GSSC,2016-06-28,19.45,19.45,19.45,19.45,10,1.77,-1,13115,255060.52
GSSC,2016-06-27,18.16,18.16,16.8,17.68,7.07,1.17,-1,39424,696900.06
GSSC,2016-06-26,16.8,16.8,16.02,16.51,-6.18,-1.09,-1,35866,592143.13
GSSC,2016-06-23,17.6,17.6,17.6,17.6,0,0,-1,5100,89760
GSSC,2016-06-22,17.7,17.7,17.45,17.6,-0.59,-0.1,-1,6859,120703.47
GSSC,2016-06-21,17.84,17.84,17.6,17.7,0.14,0.02,-1,50234,889161.25
GSSC,2016-06-20,18.04,18.04,17.59,17.68,0.09,0.02,-1,34623,612186.31
GSSC,2016-06-19,18.12,18.12,17.5,17.66,-2.69,-0.49,-1,50468,891364
GSSC,2016-06-16,18.25,18.25,18.01,18.15,0,0,-1,299,5439.89
GSSC,2016-06-15,18.36,18.36,18,18.15,-3.364561,-0.63,-1,9610,174431.16
GSSC,2016-06-14,18.88,18.88,18.4,18.78,-0.42,-0.08,-1,15880,298230
GSSC,2016-06-13,19.2,19.2,18.66,18.86,-1.5,-0.29,-1,33069,623688.75
GSSC,2016-06-12,19.52,19.52,18.44,19.15,2.48,0.46,-1,59609,1141587.38
GSSC,2016-06-09,18.95,18.95,18.21,18.69,3.55,0.64,-1,60894,1138013.63
GSSC,2016-06-08,18.12,18.12,18.02,18.05,0.36,0.07,-1,13655,246438.91
GSSC,2016-06-07,18.11,18.11,17.9,17.98,0.04,0,-1,16700,300326.22
GSSC,2016-06-06,18.23,18.23,17.84,17.98,0.45,0.08,-1,10814,194424.19
GSSC,2016-06-05,18.16,18.16,17.71,17.9,-0.223011,-0.04,-1,4238,75834.24
GSSC,2016-06-02,18.02,18.02,17.85,17.94,-0.62,-0.11,-1,17319,310630.09
GSSC,2016-06-01,18.24,18.24,18,18.05,0.04,0.01,-1,12708,229309.92
GSSC,2016-05-31,18.24,18.24,17.9,18.04,-0.57,-0.1,-1,15036,271300.44
GSSC,2016-05-30,18.24,18.24,18.08,18.14,-1.090275,-0.2,-1,4481,81289.95
GSSC,2016-05-29,18.4,18.4,18.24,18.34,0.39,0.07,-1,9109,167083.2
GSSC,2016-05-26,18.4,18.4,18.2,18.27,-1,-0.19,-1,12755,233085.02
GSSC,2016-05-25,18.76,18.76,18.28,18.46,1.85,0.34,-1,53620,989693.5
GSSC,2016-05-24,18.28,18.28,18.02,18.12,0.8,0.14,-1,4900,88777.81
GSSC,2016-05-23,18.3,18.3,17.92,17.98,-1.533742,-0.28,-1,8156,146641.98
GSSC,2016-05-22,18.48,18.48,17.84,18.26,1.966046,0.36,-1,28808,526000
GSSC,2016-05-19,18.15,18.15,17.65,17.9,-1.279228,-0.24,-1,12723,227780.7
GSSC,2016-05-18,18.4,18.4,17.88,18.14,-0.132163,-0.02,-1,13444,243867.16
GSSC,2016-05-17,18.4,18.4,17.84,18.16,0.44,0.08,-1,27114,492450.56
GSSC,2016-05-16,18.24,18.24,16.88,18.08,0.44,0.08,-1,5538,100109.96
GSSC,2016-05-15,18.4,18.4,17.61,18,-2.05,-0.38,-1,12116,218110.69
GSSC,2016-05-12,18.6,18.6,18.17,18.38,0.97,0.18,-1,19418,356844.13
GSSC,2016-05-11,18.4,18.4,18.09,18.2,-2.28,-0.42,-1,24760,450665.03
GSSC,2016-05-10,18.97,18.97,18.24,18.62,0.910277,0.16,-1,31753,591367.69
GSSC,2016-05-09,18.78,18.78,18.22,18.46,-0.259399,-0.04,-1,20838,384570.84
GSSC,2016-05-08,18.9,18.9,18,18.5,2.074135,0.37,-1,31098,575494.56
GSSC,2016-05-05,18.35,18.35,17.9,18.13,2.07,0.37,-1,16424,297688.25
GSSC,2016-05-04,18.04,18.04,17.35,17.76,-1.33,-0.24,-1,28400,504343.38
GSSC,2016-05-03,18.6,18.6,17.7,18,-1.92,-0.35,-1,23925,430571.09
GSSC,2016-04-28,18.72,18.72,18.1,18.35,-0.91,-0.17,-1,17176,315170.97
GSSC,2016-04-27,18.92,18.92,18.01,18.52,-2.98,-0.57,-1,33946,628748.31
GSSC,2016-04-26,19.2,19.2,18.84,19.09,1.06,0.2,-1,11650,222364
GSSC,2016-04-24,19.07,19.07,18.64,18.89,-1.21,-0.23,-1,19463,367638.16
GSSC,2016-04-21,19.59,19.59,18.81,19.12,-1.28,-0.25,-1,39420,753672.94
GSSC,2016-04-20,19.95,19.95,19.12,19.37,-2.54,-0.5,-1,61326,1187576.5
GSSC,2016-04-19,20.14,20.14,19.52,19.87,1.68,0.33,-1,62829,1248722.13
GSSC,2016-04-18,20.2,20.2,19.34,19.54,-0.33,-0.07,-1,28798,562922.13
GSSC,2016-04-17,19.73,19.73,19.38,19.61,0.7,0.14,-1,18881,370175.66
GSSC,2016-04-14,19.67,19.67,19.2,19.47,1.25,0.24,-1,25281,492198.5
GSSC,2016-04-13,19.43,19.43,19.17,19.23,1.14,0.21,-1,20669,397429.69
GSSC,2016-04-12,19.38,19.38,18.74,19.02,-0.83,-0.16,-1,50175,953936.19
GSSC,2016-04-11,19.35,19.35,18.96,19.18,-0.539423,-0.1,-1,43488,833886.56
GSSC,2016-04-10,19.6,19.6,19.03,19.28,0.46,0.09,-1,52361,1009421.88
GSSC,2016-04-07,19.5,19.5,18.9,19.19,1.05,0.2,-1,63454,1217793
GSSC,2016-04-06,19.83,19.83,18.26,18.99,-4.51,-0.9,-1,144816,2750922.75
GSSC,2016-04-05,20.41,20.41,19.22,19.89,0.44,0.09,-1,71084,1413972.5
GSSC,2016-04-04,20.19,20.19,19.2,19.8,3.21,0.62,-1,140571,2782810.75
GSSC,2016-04-03,19.44,19.44,18.8,19.18,0.841039,0.16,-1,79044,1516408.75
GSSC,2016-03-31,19.28,19.28,18.65,19.02,0.25,0.04,-1,49303,937803.88
GSSC,2016-03-30,19.68,19.68,18.5,18.98,-0.08,-0.01,-1,55001,1043651.81
GSSC,2016-03-29,20,20,18.6,18.99,-0.46,-0.09,-1,76793,1458535.88
GSSC,2016-03-28,19.94,19.94,17.99,19.08,4.927409,0.9,-1,168633,3218094.25
GSSC,2016-03-27,18.94,18.94,17.48,18.18,3.32,0.58,-1,117421,2134893.5
GSSC,2016-03-24,18.24,18.24,16.86,17.6,3.63,0.62,-1,150474,2648366.25
GSSC,2016-03-23,17.26,17.26,16.66,16.98,2.067313,0.34,-1,51785,879342.63
GSSC,2016-03-22,17.12,17.12,16.38,16.64,-1.140694,-0.19,-1,62531,1040592.56
GSSC,2016-03-21,17.18,17.18,16.7,16.83,-2.093993,-0.36,-1,49018,825189.56
GSSC,2016-03-20,17.66,17.66,16.82,17.19,1.36792,0.23,-1,62611,1076327
GSSC,2016-03-17,17.32,17.32,16.64,16.96,0.189041,0.03,-1,82226,1394693.38
GSSC,2016-03-16,17.19,17.19,16.65,16.93,-0.188684,-0.03,-1,86323,1461222.5
GSSC,2016-03-15,17.5,17.5,16.62,16.96,1.1,0.18,-1,64866,1100154.38
GSSC,2016-03-14,17.43,17.43,16.28,16.78,1.8,0.9,-1,166301,2790056.25
GSSC,2016-03-13,16.32,16.32,15.36,15.88,1.95,0.3,-1,99334,1577411.63
GSSC,2016-03-10,15.91,15.91,15.44,15.58,0.46,0.08,-1,26084,406204.78
GSSC,2016-03-09,15.93,15.93,15.04,15.5,1.04,0.16,-1,68004,1054552.13
GSSC,2016-03-08,15.78,15.78,15.1,15.34,-0.05,-0.01,-1,51069,783572.5
GSSC,2016-03-07,15.68,15.68,15.21,15.35,-1.589738,-0.25,-1,16031,246163.48
GSSC,2016-03-06,15.74,15.74,15.44,15.6,-0.051256,-0.01,-1,9071,141509.3
GSSC,2016-03-03,15.98,15.98,15.44,15.61,-2.790234,-0.45,-1,17675,275942.06
GSSC,2016-03-02,16.55,16.55,15.44,16.06,1.517451,0.24,-1,68716,1103209.5
GSSC,2016-03-01,16.15,16.15,15.07,15.82,4.272157,0.65,-1,80031,1265990.5
GSSC,2016-02-29,15.35,15.35,15.05,15.17,-0.472441,-0.07,-1,15074,228680.91
GSSC,2016-02-28,15.44,15.44,15.2,15.24,0.687098,0.1,-1,13723,209170.38
GSSC,2016-02-25,15.2,15.2,15.04,15.14,-0.99,-0.15,-1,9174,138834.38
GSSC,2016-02-24,15.52,15.52,15.06,15.29,-0.984446,-0.15,-1,28525,436152.56
GSSC,2016-02-23,15.72,15.72,15.13,15.44,2.387263,0.36,-1,61285,946318
GSSC,2016-02-22,15.27,15.27,14.93,15.08,0.479744,0.07,-1,18963,285958.28
GSSC,2016-02-21,15.2,15.2,14.86,15.01,-1.263158,-0.19,-1,25280,379469.09
GSSC,2016-02-18,15.54,15.54,15.06,15.2,-0.31479,-0.05,-1,18608,282907.34
GSSC,2016-02-17,15.67,15.67,14.81,15.25,-0.261654,-0.04,-1,23493,358141.34
GSSC,2016-02-16,15.8,15.8,14.76,15.29,4.83,0.71,-1,51793,791629
GSSC,2016-02-15,14.8,14.8,14.2,14.58,1.503346,0.21,-1,22225,324180.41
GSSC,2016-02-14,14.79,14.79,14.2,14.37,-0.388253,-0.05,-1,16223,233106
GSSC,2016-02-11,14.84,14.84,14.22,14.42,-5.055287,-0.77,-1,16516,238212.84
GSSC,2016-02-10,15.34,15.34,14.96,15.19,1.064391,0.16,-1,3408,51778.65
GSSC,2016-02-09,15.34,15.34,14.72,15.03,-0.371156,-0.06,-1,8506,127866.02
GSSC,2016-02-08,15.58,15.58,14.8,15.09,-1.204814,-0.18,-1,14200,214198.91
GSSC,2016-02-07,15.59,15.59,15.23,15.27,-2.800402,-0.44,-1,4513,68904.8
GSSC,2016-02-04,16.12,16.12,15.37,15.71,-1.356107,-0.22,-1,33180,521443.97
GSSC,2016-02-03,16.15,16.15,15.37,15.93,1.374751,0.22,-1,45979,732340.81
GSSC,2016-02-02,15.95,15.95,15.44,15.71,3.31404,0.5,-1,21878,343760.97
GSSC,2016-02-01,15.58,15.58,14.74,15.21,-0.782881,-0.12,-1,30910,470072.41
GSSC,2016-01-31,15.83,15.83,14.88,15.33,-1.389604,-0.21,-1,39125,599728.19
GSSC,2016-01-28,15.78,15.78,15.37,15.54,-0.26,-0.04,-1,21460,333514.44
GSSC,2016-01-27,16.16,16.16,15.36,15.58,1.88284,0.28,-1,44604,695255.44
GSSC,2016-01-26,15.77,15.77,14.35,15.3,6.696434,0.96,-1,99161,1517092.63
GSSC,2016-01-24,14.4,14.4,14.17,14.34,3.107025,0.44,-1,16546,237175.55
GSSC,2016-01-21,14.16,14.16,13.46,13.9,-0.229627,-0.04,-1,20511,285115.38
GSSC,2016-01-20,14.63,14.63,13.48,13.94,-5.119831,-0.75,-1,31210,434939.25
GSSC,2016-01-19,15.02,15.02,14.4,14.69,2.056704,0.3,-1,27645,406074.88
GSSC,2016-01-18,14.7,14.7,14.08,14.39,3.21,0.45,-1,32641,469782.28
GSSC,2016-01-17,14.6,14.6,13.29,13.94,-0.97,-0.14,-1,43216,602531.31
GSSC,2016-01-14,14.4,14.4,13.77,14.08,-7.756813,-1.18,-1,19571,275488.16
GSSC,2016-01-13,16.08,16.08,14.8,15.26,-4.360907,-0.7,-1,37464,571955.81
GSSC,2016-01-12,16.06,16.06,15.8,15.96,-2.39726,-0.39,-1,10568,168651.73
GSSC,2016-01-11,16.79,16.79,16.08,16.35,-1.683502,-0.28,-1,36390,595012.31
GSSC,2016-01-10,16.96,16.96,16.22,16.63,-2.714085,-0.47,-1,26400,439097.59
GSSC,2016-01-06,17.36,17.36,16.82,17.1,-0.973119,-0.16,-1,19708,336960.94
GSSC,2016-01-05,17.6,17.6,16.49,17.26,2.566535,0.43,-1,60543,1045182.56
GSSC,2016-01-04,17.16,17.16,16.65,16.83,-2.547471,-0.44,-1,41941,706005.63
GSSC,2016-01-03,17.51,17.51,17.16,17.27,-0.369174,-0.07,-1,30353,524323
GSSC,2015-12-31,17.69,17.69,17.12,17.34,-1.09539,-0.19,-1,34719,601949.44
GSSC,2015-12-30,17.75,17.75,17.18,17.53,2.096929,0.36,-1,81981,1436778.38
GSSC,2015-12-29,17.48,17.48,16.8,17.17,0.751174,0.13,-1,66829,1147332.25
GSSC,2015-12-28,17.48,17.48,16.7,17.04,-0.69931,-0.12,-1,77881,1327181
GSSC,2015-12-27,17.4,17.4,16.67,17.16,3.523176,0.58,-1,102578,1760375.63
GSSC,2015-12-24,17.04,17.04,15.96,16.58,3.859639,0.62,-1,105780,1753507.13
GSSC,2015-12-22,16.2,16.2,15.8,15.96,0.150607,0.02,-1,28170,449557.78
GSSC,2015-12-21,16.12,16.12,15.7,15.94,0.100503,0.02,-1,20591,328130.53
GSSC,2015-12-20,16.18,16.18,15.84,15.92,0.050282,0.01,-1,28064,446729.72
GSSC,2015-12-17,16.3,16.3,15.59,15.91,1.947714,-0.36,-1,63029,1003036.44
GSSC,2015-12-16,16.4,16.4,16,16.27,0.494071,0.08,-1,36028,586266.25
GSSC,2015-12-15,16.4,16.4,15.62,16.19,3.054995,0.48,-1,59485,963007.69
GSSC,2015-12-14,16.12,16.12,15.6,15.71,-2.19124,-0.35,-1,45599,716359.5
GSSC,2015-12-13,16.53,16.53,15.8,16.06,-3.877449,-0.65,-1,34155,548595.94
GSSC,2015-12-10,16.94,16.94,16.52,16.71,-0.333969,-0.06,-1,27055,452083.25
GSSC,2015-12-09,17.08,17.08,16.44,16.77,0.527573,0.09,-1,41785,700773.69
GSSC,2015-12-08,16.8,16.8,16.48,16.68,-1.184834,-0.2,-1,36586,610160.19
GSSC,2015-12-07,17.12,17.12,16.65,16.88,-0.377715,-0.06,-1,51666,872103.88
GSSC,2015-12-06,17.18,17.18,16.58,16.94,0.141844,0.02,-1,34419,583118.63
GSSC,2015-12-03,17.33,17.33,16.52,16.92,1.585014,0.26,-1,86374,1461397.75
GSSC,2015-12-02,16.96,16.96,16.27,16.66,2.46063,0.4,-1,91626,1526130
GSSC,2015-12-01,16.63,16.63,15.94,16.26,1.144848,0.19,-1,68998,1121661.75
GSSC,2015-11-30,16.4,16.4,15.82,16.07,-2.14321,-0.35,-1,55843,897646.94
GSSC,2015-11-29,16.66,16.66,16.32,16.42,0,0,-1,24459,401756.19
GSSC,2015-11-26,16.71,16.71,16.2,16.42,-0.532936,-0.09,-1,30403,499375.41
GSSC,2015-11-25,16.78,16.78,16.33,16.51,0.145551,0.02,-1,11125,183673.05
GSSC,2015-11-24,17.15,17.15,16.12,16.49,-2.783019,-0.47,-1,24756,408274.63
GSSC,2015-11-23,17.36,17.36,16.7,16.96,-1.806387,-0.31,-1,43575,738946.19
GSSC,2015-11-22,17.44,17.44,17.2,17.27,-0.552736,-0.1,-1,17373,300048.69
GSSC,2015-11-19,17.84,17.84,17.18,17.37,1.212112,0.21,-1,30176,524177.13
GSSC,2015-11-18,17.42,17.42,16.8,17.16,2.680718,0.45,-1,37966,651448.75
GSSC,2015-11-17,17.56,17.56,16.4,16.71,-1.229319,-0.21,-1,33331,556916.06
GSSC,2015-11-16,17.6,17.6,16.55,16.92,2.026049,0.34,-1,48529,821118.88
GSSC,2015-11-15,17.2,17.2,16.42,16.58,-6.45,-1.15,-1,32074,531983.25
GSSC,2015-11-12,18.2,18.2,17.58,17.73,0.59,0.11,-1,34464,610913.75
GSSC,2015-11-11,18.01,18.01,17.21,17.62,-0.41,-0.08,-1,53658,945778.44
GSSC,2015-11-10,18.54,18.54,17.12,17.7,-6.11,-1.15,-1,53910,954040.06
GSSC,2015-11-09,19.36,19.36,18.4,18.85,-3.2,-0.62,-1,47044,886618.56
GSSC,2015-11-08,20.27,20.27,19.04,19.47,-5.14,-1.06,-1,97229,1892916.5
GSSC,2015-11-05,20.78,20.78,20.02,20.53,2.8,0.56,-1,105895,2173616
GSSC,2015-11-04,20.08,20.08,19.7,19.97,0.32,0.07,-1,13303,265616.88
GSSC,2015-11-03,20.3,20.3,19.68,19.9,-0.52,-0.11,-1,40385,803808.44
GSSC,2015-11-02,20.31,20.31,19.84,20.01,-0.36,-0.07,-1,32314,646627.69
GSSC,2015-11-01,20.58,20.58,19.76,20.08,-2.18,-0.45,-1,51283,1029777.38
GSSC,2015-10-29,20.98,20.98,20.27,20.53,-0.19,-0.04,-1,48645,998413.25
GSSC,2015-10-28,20.8,20.8,20.42,20.57,-1.64,-0.34,-1,44893,923174.06
GSSC,2015-10-27,21.26,21.26,20.64,20.91,-0.69,20.73,-1,53500,1118871.13
GSSC,2015-10-26,21.1,21.1,20.68,20.86,-0.53,-0.12,-1,46230,964407.25
GSSC,2015-10-25,21.35,21.35,20.8,20.98,0,0.06,-1,77769,1631485.25
GSSC,2015-10-22,21.39,21.39,20.79,20.92,-2.61,-0.56,-1,91575,1915431
GSSC,2015-10-21,21.8,21.8,20.82,21.48,1.94,0.41,-1,99986,2147829
GSSC,2015-10-20,21.51,21.51,20.83,21.07,-0.72,-0.15,-1,100296,2113151.75
GSSC,2015-10-19,21.42,21.42,20.73,21.22,1.76,0.36,-1,77371,1641978.63
GSSC,2015-10-18,21.24,21.24,20.64,20.86,-2.07,-0.44,-1,51501,1074143.88
GSSC,2015-10-15,21.9,21.9,20.85,21.3,-1.63,-0.35,-1,54746,1165697
GSSC,2015-10-13,21.94,21.94,21.53,21.65,-1.17,-0.25,-1,83118,1799270.88
GSSC,2015-10-12,22.4,22.4,21.44,21.9,1.15,0.24,-1,143769,3149239
GSSC,2015-10-11,21.86,21.86,21.6,21.66,-1.1,-0.24,-1,15481,335274.19
GSSC,2015-10-08,22.16,22.16,21.64,21.9,0.81,0.18,-1,41163,901423
GSSC,2015-10-07,21.95,21.95,21.6,21.72,2.76,0.58,-1,61274,1330938.63
GSSC,2015-10-05,21.31,21.31,20.92,21.14,0.08,0.02,-1,9258,195680.75
GSSC,2015-10-04,21.48,21.48,20.97,21.12,-1.31,-0.28,-1,16573,350064.97
GSSC,2015-10-01,21.6,21.6,21.28,21.4,-1.77,-0.28,-1,30004,641966.1875
GSSC,2015-09-30,22.03,22.03,21.31,21.68,0.22,0.05,-1,19961,432740.13
GSSC,2015-09-29,22,22,21.52,21.63,-0.81,-0.18,-1,57738,1249017.13
GSSC,2015-09-28,22.19,22.19,21.49,21.81,1.23,0.27,-1,42174,919890.81
GSSC,2015-09-22,21.95,21.95,21.41,21.54,-1.07,-0.24,-1,24464,526961.88
GSSC,2015-09-21,22,22,21.68,21.78,-0.29,-0.06,-1,16081,350232.16
GSSC,2015-09-20,22.16,22.16,21.64,21.84,-0.15,-0.03,-1,31994,698709.19
GSSC,2015-09-17,22.25,22.25,21.62,21.87,-0.22,-0.05,-1,36550,799385.56
GSSC,2015-09-16,22.39,22.39,21.8,21.92,-0.94,-0.21,-1,21500,471339.5
GSSC,2015-09-15,22.51,22.51,21.72,22.13,0,0,-1,68595,1518016.5
GSSC,2015-09-14,22.55,22.55,21.85,22.13,-0.18,-0.04,-1,65659,1452947.13
GSSC,2015-09-13,22.71,22.71,21.6,22.17,-0.36,-0.08,-1,73466,1628540
GSSC,2015-09-10,22.6,22.6,21.94,22.25,-2.08,-0.47,-1,67959,1511932.38
GSSC,2015-09-09,23.54,23.54,21.69,22.72,1.46,1.54,-1,172740,3924518.5
GSSC,2015-09-08,21.92,21.92,20.32,21.18,-3.39,-0.74,-1,156509,3314351.5
GSSC,2015-09-07,22.68,22.68,21.07,21.92,1.75,0.38,-1,134411,2946334.25
GSSC,2015-09-06,21.97,21.97,21.04,21.54,-0.26,-0.06,-1,77379,1666862
GSSC,2015-09-03,22,22,21.09,21.6,2.23,0.47,-1,86088,1859707.25
GSSC,2015-09-02,21.5,21.5,20.56,21.13,-0.49,-0.1,-1,63724,1346295.5
GSSC,2015-09-01,21.9,21.9,20.56,21.23,-2.57,-0.56,-1,69043,1465795.63
GSSC,2015-08-31,22.12,22.12,21.2,21.79,0.22,0.05,-1,125265,2729575.25
GSSC,2015-08-30,22.39,22.39,21.31,21.74,-1.81,-0.4,-1,71841,1561904.88
GSSC,2015-08-27,22.64,22.64,21.66,22.14,0.65,1.18,-1,111248,2463451.25
GSSC,2015-08-26,21.75,21.75,20,20.96,3.35,0.68,-1,137718,2886128
GSSC,2015-08-25,20.8,20.8,19.2,20.28,4.71,0.91,-1,142251,2885208
GSSC,2015-08-24,20.48,20.48,18.5,19.37,-2.496983,-0.49,-1,115554,2237986.5
GSSC,2015-08-23,21.18,21.18,19.47,19.86,-8.17,-1.77,-1,71873,1427943.25
GSSC,2015-08-20,22.16,22.16,20.96,21.63,-0.84,-0.19,-1,86791,1877378.5
GSSC,2015-08-19,22.28,22.28,21.44,21.82,-1.94,-0.43,-1,62240,1357979
GSSC,2015-08-18,23.17,23.17,21.72,22.25,-3.24,-0.74,-1,124739,2775487.5
GSSC,2015-08-17,23.82,23.82,22.4,22.99,-1.94,-0.46,-1,95780,2202237.25
GSSC,2015-08-16,24.56,24.56,22.52,23.45,-1.78,-0.42,-1,110129,2581916.5
GSSC,2015-08-13,24.4,24.4,23.44,23.87,-1.97,-0.48,-1,62148,1483604.13
GSSC,2015-08-12,25.16,25.16,23.86,24.35,-4.606703,-1.18,-1,154029,3750553.25
GSSC,2015-08-11,26,26,25.2,25.53,-0.03,-0.01,-1,44444,1134391.5
GSSC,2015-08-10,26.4,26.4,25.2,25.54,-2.62,-0.68,-1,135229,3452681.75
GSSC,2015-08-09,27.18,27.18,25.2,26.22,-0.03,-0.01,-1,191816,5030522
GSSC,2015-08-05,27.6,27.6,25.3,26.23,-4.29,-1.18,-1,243549,6388981
GSSC,2015-08-04,27.92,27.92,26.68,27.41,7.5,1.91,-1,179735,4926768.5
GSSC,2015-08-03,27.3,27.3,23.3,25.5,2.74,0.68,-1,289880,7390793
GSSC,2015-08-02,25.76,25.76,24.32,24.82,-3.69,-0.95,-1,63395,1573136.75
GSSC,2015-07-30,27.4,27.4,24.93,25.77,0.22,2.39,-1,305226,7865863.5
GSSC,2015-07-29,23.38,23.38,23.38,23.38,9.97,2.12,-1,86820,2029504.38
GSSC,2015-07-28,21.78,21.78,20.4,21.26,7.31,1.45,-1,101266,2152143.75
GSSC,2015-07-27,20.18,20.18,19.6,19.81,-2.44,-0.49,-1,12573,248990.72
GSSC,2015-07-26,21.52,21.52,20,20.3,-3.75,-0.8,-1,37218,755811.06
GSSC,2015-07-22,21.6,21.6,20.8,21.1,0.11,0.03,-1,60570,1277707.75
GSSC,2015-07-21,21.79,21.79,19.49,21.07,5.4,1.08,-1,79164,1668051.63
GSSC,2015-07-16,20.14,20.14,19.69,19.99,1.34,0.26,-1,20319,406197.56
GSSC,2015-07-15,19.92,19.92,19.2,19.73,3.4,0.65,-1,17604,347219
GSSC,2015-07-14,19.44,19.44,18.83,19.08,0.89,0.17,-1,30125,574711.75
GSSC,2015-07-13,19.2,19.2,18.81,18.91,-1.66,-0.32,-1,9213,174252.94
GSSC,2015-07-12,19.29,19.29,19.04,19.23,-0.12,-0.03,-1,12694,244170.3
GSSC,2015-07-09,19.6,19.6,19.2,19.26,0.17,0.04,-1,8413,162012.59
GSSC,2015-07-08,19.61,19.61,18.8,19.22,-0.58,-0.12,-1,32881,632215.38
GSSC,2015-07-07,19.61,19.61,18.93,19.34,-0.53,-0.2,-1,20713,400541.06
GSSC,2015-07-06,20.4,20.4,19.2,19.54,-1.85,-0.37,-1,55985,1094069
GSSC,2015-07-05,20.42,20.42,19.26,19.91,-2.51,-0.51,-1,24050,478952.81
GSSC,2015-07-02,20.77,20.77,20.17,20.42,-1.5,-0.32,-1,7890,161150.16
GSSC,2015-06-29,20.88,20.88,20.1,20.74,-0.42,-0.08,-1,44718,927202.88
GSSC,2015-06-28,21.12,21.12,20.66,20.82,1.52,0.31,-1,29464,613564.31
GSSC,2015-06-25,20.8,20.8,20.08,20.51,1.3,0.26,-1,37174,762424.25
GSSC,2015-06-24,20.8,20.8,20.02,20.25,-1.71,-0.35,-1,22998,465700.19
GSSC,2015-06-23,20.81,20.81,20.02,20.6,4.98,0.1,-1,48181,992522.38
GSSC,2015-06-22,20.81,20.81,20.22,20.5,-3.21,-0.68,-1,18573,380634.88
GSSC,2015-06-21,21.49,21.49,20.96,21.18,2.28,0.48,-1,61744,1307621.88
GSSC,2015-06-18,21.15,21.15,19.34,20.7,7.65,1.47,-1,177954,3684435.75
GSSC,2015-06-17,19.44,19.44,18.94,19.23,0.46,0.09,-1,29200,561458.81
GSSC,2015-06-16,19.43,19.43,18.82,19.14,1.916525,0.36,-1,50926,975100
GSSC,2015-06-15,19.2,19.2,18.4,18.78,-2.329455,-0.45,-1,35084,658927.44
GSSC,2015-06-14,19.91,19.91,19,19.23,-0.46,-0.09,-1,20704,398114.72
GSSC,2015-06-11,19.7,19.7,19.05,19.32,-0.7,-0.14,-1,39954,771879.44
GSSC,2015-06-10,20.39,20.39,19.21,19.46,-0.82,-0.16,-1,36745,714981.94
GSSC,2015-06-09,20.23,20.23,19.23,19.62,-2.97,-0.6,-1,55706,1092881.5
GSSC,2015-06-08,20.8,20.8,19.72,20.22,-3.03,-0.63,-1,41030,829408.5
GSSC,2015-06-07,21.14,21.14,20.58,20.85,0.85,0.18,-1,45478,948095.19
GSSC,2015-06-04,20.89,20.89,20.16,20.67,2.05,0.41,-1,112000,2315692.25
GSSC,2015-06-03,20.56,20.56,19.94,20.26,0.6,0.12,-1,63845,1293273.25
GSSC,2015-06-02,20.54,20.54,19.6,20.14,1.7,0.34,-1,44561,897188.69
GSSC,2015-06-01,20.3,20.3,19.24,19.8,-2.9,-0.59,-1,68553,1357071.88
GSSC,2015-05-31,20.8,20.8,20,20.39,-1.92,-0.4,-1,53766,1096494.38
GSSC,2015-05-28,21.55,21.55,20.4,20.79,-3.99,-0.87,-1,60085,1249475.13
GSSC,2015-05-27,22.18,22.18,20.96,21.66,2.11,0.45,-1,145379,3148348.5
GSSC,2015-05-26,21.6,21.6,20.81,21.21,0.23,0.05,-1,46754,991379.19
GSSC,2015-05-25,21.72,21.72,20.64,21.16,0.11,0.02,-1,109988,2326910.25
GSSC,2015-05-24,21.6,21.6,20.68,21.14,4.06,0.83,-1,57380,1212985.13
GSSC,2015-05-21,21.04,21.04,19.55,20.31,5,0.97,-1,125925,2557555
GSSC,2015-05-20,19.72,19.72,18.72,19.34,-0.12,-0.03,-1,45600,882054.94
GSSC,2015-05-19,20.78,20.78,18.65,19.37,-1.43,-0.28,-1,53515,1036310.38
GSSC,2015-05-18,19.76,19.76,17.84,19.65,9.35,1.68,-1,44690,877939.44
GSSC,2015-05-17,18.5,18.5,16.91,17.97,-2.73,-0.5,-1,40051,719701.69
GSSC,2015-05-14,19.2,19.2,18.01,18.47,-7.42,-1.48,-1,50106,925424.75
GSSC,2015-05-13,20.53,20.53,19.37,19.95,-4.11,-0.86,-1,45476,907297.88
GSSC,2015-05-12,21.36,21.36,20.32,20.81,-0.54,-0.11,-1,58106,1209234.25
GSSC,2015-05-11,21.26,21.26,20.65,20.92,-1.84,-0.39,-1,24861,520186.13
GSSC,2015-05-10,21.78,21.78,20.4,21.31,3.62,0.74,-1,82813,1765130.75
GSSC,2015-05-07,21.12,21.12,20.33,20.57,-2.35,-0.49,-1,52581,1081568.75
GSSC,2015-05-06,21.84,21.84,20.63,21.06,-2.63,-0.57,-1,69276,1459490.13
GSSC,2015-05-05,22.4,22.4,21.2,21.63,0.04,0.01,-1,89106,1927694.38
GSSC,2015-05-04,22,22,21.08,21.62,2.15,0.45,-1,65241,1410957.13
GSSC,2015-05-03,22,22,20.8,21.17,-3.47,-0.76,-1,33438,707673.69
GSSC,2015-04-30,22.44,22.44,21.24,21.93,2.85,0.61,-1,79845,1750609.25
GSSC,2015-04-29,21.8,21.8,20.56,21.32,2.03,0.42,-1,31061,662144.88
GSSC,2015-04-28,21.51,21.51,20.52,20.9,-4.5,-0.98,-1,86190,1801168.625
GSSC,2015-04-27,22.79,22.79,21.06,21.88,0.51,0.11,-1,118194,2586492
GSSC,2015-04-26,22.23,22.23,20.32,21.77,7.68,1.55,-1,170273,3706436
GSSC,2015-04-23,20.71,20.71,20,20.22,0.56,0.12,-1,45380,917291.1875
GSSC,2015-04-22,20.46,20.46,19.77,20.1,-1.14,-0.24,-1,17944,360699.65625
GSSC,2015-04-21,21,21,20.01,20.34,-2.42,-0.5,-1,62296,1266918.875
GSSC,2015-04-20,21.57,21.57,20.41,20.84,0.73,0.15,-1,101601,2117634.75
GSSC,2015-04-19,20.72,20.72,20.4,20.69,9.81,1.85,-1,108308,2240988.25
GSSC,2015-04-16,19.38,19.38,17.52,18.84,6.9,1.22,-1,115248,2170810.25
GSSC,2015-04-15,18.08,18.08,17.27,17.62,-1.7,-0.31,-1,18191,320605.21875
GSSC,2015-04-14,18.16,18.16,17.8,17.93,0.04,0.01,-1,16145,289490.75
GSSC,2015-04-09,18.4,18.4,17.8,17.92,-1.41,-0.26,-1,35461,635549.1875
GSSC,2015-04-08,18.58,18.58,17.2,18.18,1.56,0.28,-1,39523,718320.75
GSSC,2015-04-07,18.39,18.39,17.46,17.9,3.85,0.67,-1,27869,498729.65625
GSSC,2015-04-06,18.34,18.34,16.4,17.23,0.37,0.06,-1,53564,923213.8125
GSSC,2015-04-05,17.52,17.52,16.8,17.17,-6.53,-1.2,-1,11019,189193.375
GSSC,2015-04-02,19.32,19.32,17.94,18.37,-3.61,-0.69,-1,36086,662940.5625
GSSC,2015-04-01,19.58,19.58,18.69,19.06,-2.42,-0.47,-1,19518,371870.71875
GSSC,2015-03-31,20.26,20.26,19.2,19.53,-1.53,-0.3,-1,29795,581880.9375
GSSC,2015-03-30,20.55,20.55,18.83,19.83,3.12,0.6,-1,33306,660626.4375
GSSC,2015-03-29,20,20,18.9,19.23,2.96,0.55,-1,11878,228391.5
GSSC,2015-03-26,19.62,19.62,17.24,18.68,-1.14,-0.22,-1,92876,1735005.125
GSSC,2015-03-25,19.38,19.38,18.24,18.9,-5.9,-1.18,-1,28374,536198.75
GSSC,2015-03-24,20.92,20.92,19.56,20.08,-1.88,-0.38,-1,35945,721681.6875
GSSC,2015-03-23,20.8,20.8,20,20.46,-0.89,-0.19,-1,33450,684392.25
GSSC,2015-03-22,21.2,21.2,20.2,20.65,-4.87,-1.05,-1,45038,929960.4375
GSSC,2015-03-19,22.13,22.13,21.32,21.7,-0.59,-0.13,-1,24986,542236
GSSC,2015-03-18,22.39,22.39,21.6,21.83,-2.99,-0.67,-1,34098,744526.3125
GSSC,2015-03-17,23.12,23.12,21.68,22.5,-0.14,-0.04,-1,65674,1478168.25
GSSC,2015-03-16,23.16,23.16,21.71,22.54,-3.3,-0.76,-1,27334,615976
GSSC,2015-03-15,24.75,24.75,22.8,23.3,0.45,0.1,-1,65781,1533199
GSSC,2015-03-12,24,24,22.8,23.2,-2.13,-0.5,-1,35655,827126.5625
GSSC,2015-03-11,24,24,23.2,23.7,-0.57,-0.14,-1,24126,571895.1875
GSSC,2015-03-10,24.24,24.24,23.3,23.84,-1.65,-0.4,-1,53746,1281223.5
GSSC,2015-03-09,24.54,24.54,24,24.24,-1.21,-0.3,-1,38224,926662.25
GSSC,2015-03-08,25.16,25.16,24.12,24.54,-0.49,-0.12,-1,70951,1740799
GSSC,2015-03-05,25.2,25.2,24.4,24.66,1.88,0.46,-1,43518,1072984.125
GSSC,2015-03-04,24.56,24.56,23.76,24.2,1.37,0.33,-1,16729,404884.75
GSSC,2015-03-03,24.51,24.51,23.3,23.87,-1,-0.24,-1,23856,569567
GSSC,2015-03-02,24.7,24.7,23.6,24.11,1.65,0.39,-1,12125,292332.875
GSSC,2015-03-01,24,24,23.44,23.72,1.72,0.4,-1,20228,479807.65625
GSSC,2015-02-26,23.82,23.82,23.16,23.32,-1.98,-0.47,-1,21048,490891.125
GSSC,2015-02-25,24.34,24.34,23.53,23.79,-2.87,-0.71,-1,47024,1118666.875
GSSC,2015-02-24,24.81,24.81,24.12,24.5,-1.64,-0.4,-1,22268,545447
GSSC,2015-02-23,25.5,25.5,24.6,24.9,0.06,0.01,-1,35559,885553.8125
GSSC,2015-02-22,25.42,25.42,24.53,24.89,0.48,0.12,-1,50020,1245046.5
GSSC,2015-02-19,25.58,25.58,24.2,24.77,-0.83,-0.21,-1,59981,1485532.5
GSSC,2015-02-18,25.6,25.6,24.64,24.98,0.58,0.15,-1,28964,723377.875
GSSC,2015-02-17,26,26,24,24.83,-5.11,-1.34,-1,59976,1489361.375
GSSC,2015-02-16,27.2,27.2,24.92,26.17,-0.88,-0.23,-1,78315,2049089.625
GSSC,2015-02-15,26.66,26.66,26.11,26.4,0.64,0.17,-1,26738,705802.5
GSSC,2015-02-12,26.4,26.4,25.89,26.23,-1.06,-0.28,-1,48218,1264773.25
GSSC,2015-02-11,27.2,27.2,26.2,26.51,-2.33,-0.63,-1,38856,1030046
GSSC,2015-02-10,27.94,27.94,26.72,27.14,-1.48,-0.41,-1,75309,2043920
GSSC,2015-02-09,28.12,28.12,27.16,27.55,-1.88,-0.53,-1,46344,1276946.375
GSSC,2015-02-08,29.09,29.09,27.46,28.08,2.33,0.64,-1,87943,2469291.5
GSSC,2015-02-05,28.39,28.39,26.48,27.44,5.05,1.32,-1,171090,4694626.5
GSSC,2015-02-04,26.96,26.96,25.2,26.12,3.98,1,-1,133281,3481649.5
GSSC,2015-02-03,25.35,25.35,24.81,25.12,2.41,0.59,-1,44619,1120725.875
GSSC,2015-02-02,25.31,25.31,24.32,24.53,-1.03,-0.25,-1,31756,778921.375
GSSC,2015-02-01,25.6,25.6,24.4,24.78,-4,-1.04,-1,49893,1236497.5
GSSC,2015-01-29,26.38,26.38,25.45,25.82,1.41,0.36,-1,70960,1831871.25
GSSC,2015-01-28,25.88,25.88,25.06,25.46,-1.3,-0.33,-1,28576,727406.4375
GSSC,2015-01-27,26.4,26.4,24.4,25.79,4.71,1.16,-1,153521,3959706.75
GSSC,2015-01-26,25.19,25.19,24.32,24.63,-0.84,-0.21,-1,40305,992800
GSSC,2015-01-22,25.28,25.28,24.2,24.84,-0.93,-0.23,-1,89223,2216093.5
GSSC,2015-01-21,25.48,25.48,24.61,25.07,4.02,0.97,-1,58588,1468959.625
GSSC,2015-01-20,25.18,25.18,23,24.1,3.4,0.79,-1,109213,2632544
GSSC,2015-01-19,24,24,22.8,23.31,-3.32,-0.8,-1,74841,1744901.25
GSSC,2015-01-18,24.79,24.79,23.73,24.11,-3.09,-0.77,-1,53653,1293804.25
GSSC,2015-01-15,25.4,25.4,24.22,24.88,-0.89,-0.22,-1,35970,894959.375
GSSC,2015-01-14,25.98,25.98,24.8,25.1,-0.48,-0.12,-1,60136,1509437.125
GSSC,2015-01-13,25.76,25.76,24.56,25.22,2.01,0.49,-1,82206,2073422.75
GSSC,2015-01-12,25.18,25.18,24.08,24.73,-0.13,-0.03,-1,37780,934341.25
GSSC,2015-01-11,25.03,25.03,24.41,24.76,-3.13,-0.8,-1,27078,670492.6875
GSSC,2015-01-08,25.84,25.84,25.28,25.56,0.92,0.23,-1,17661,451421.78125
GSSC,2015-01-06,25.84,25.84,24.8,25.33,-3.86,-1.01,-1,46913,1188238.25
GSSC,2015-01-05,27.11,27.11,25.66,26.34,-1.05,-0.28,-1,62348,1642339.625
GSSC,2015-01-04,27.06,27.06,26.4,26.62,-0.89,-0.24,-1,23994,638847
GSSC,2014-12-31,27.21,27.21,26.4,26.86,1.08,0.28,-1,109846,2950657.5
GSSC,2014-12-30,27.01,27.01,26.32,26.58,-1.07,-0.28,-1,60496,1607633.125
GSSC,2014-12-29,27.38,27.38,26.05,26.86,3.26,0.84,-1,68365,1836802.375
GSSC,2014-12-28,26.66,26.66,25.69,26.02,-1.03,-0.27,-1,33848,880594.875
GSSC,2014-12-25,26.86,26.86,25.92,26.29,-1.02,-0.27,-1,55244,1452346
GSSC,2014-12-24,27.38,27.38,26.21,26.56,-0.98,-0.26,-1,44968,1194475.375
GSSC,2014-12-23,27.6,27.6,26.4,26.82,-1.7,-0.47,-1,53554,1436428.125
GSSC,2014-12-22,27.96,27.96,26.14,27.29,2.9,0.77,-1,107849,2943110
GSSC,2014-12-21,27.22,27.22,26,26.52,-2.5,0.49,-1,90446,2398360
GSSC,2014-12-18,26.8,26.8,25.22,26.03,0.96,0.25,-1,96499,2512264.25
GSSC,2014-12-17,27.6,27.6,24.04,25.78,-3.16,-0.84,-1,179444,4626157
GSSC,2014-12-16,27.76,27.76,26,26.62,-6.44,-1.84,-1,125801,3349540
GSSC,2014-12-15,29.5,29.5,27.61,28.46,-0.03,0,-1,101051,2875472
GSSC,2014-12-14,30.05,30.05,27.44,28.46,-4.87,-1.46,-1,133248,3793168.5
GSSC,2014-12-11,30.4,30.4,28.94,29.92,1.33,0.39,-1,181799,5438726
GSSC,2014-12-10,30.4,30.4,28.43,29.53,2.19,0.63,-1,166011,4901700.5
GSSC,2014-12-09,30.56,30.56,28.06,28.9,-4.24,-1.28,-1,161041,4653998.5
GSSC,2014-12-08,30.8,30.8,29.7,30.18,-1.05,-0.32,-1,76049,2294979.75
GSSC,2014-12-07,31.21,31.21,30.08,30.5,0.08,0.03,-1,99920,3046812.25
GSSC,2014-12-04,31.52,31.52,30,30.47,-1.14,-0.35,-1,170873,5206505
GSSC,2014-12-03,31.46,31.46,30,30.82,-0.77,-0.24,-1,83628,2577527.5
GSSC,2014-12-02,32.4,32.4,30.01,31.06,-1.94,-0.62,-1,105191,3267242.5
GSSC,2014-12-01,33.2,33.2,29.61,31.68,3.58,1.1,-1,198248,6281030
GSSC,2014-11-30,31.9,31.9,30.39,30.58,-3.17,-1,-1,196021,5995681.5
GSSC,2014-11-27,32.98,32.98,30.96,31.58,-5.03,-1.68,-1,132709,4191846
GSSC,2014-11-26,35.11,35.11,32.12,33.26,-1.09,-0.36,-1,132704,4413628.5
GSSC,2014-11-25,34.8,34.8,31.46,33.62,3.27,1.06,-1,100383,3375085.5
GSSC,2014-11-24,33.74,33.74,31.24,32.56,-3.76,-1.27,-1,104076,3388393.25
GSSC,2014-11-23,34.55,34.55,32.82,33.83,-0.89,-0.31,-1,82075,2776796.25
GSSC,2014-11-20,34.88,34.88,33.6,34.14,-1.64,-0.56,-1,155455,5306296
GSSC,2014-11-19,35.82,35.82,33.6,34.7,6.22,2.03,-1,123346,4280443.5
GSSC,2014-11-18,33.7,33.7,30.42,32.67,6.63,2.03,-1,337213,11016131
GSSC,2014-11-17,31.84,31.84,29.6,30.64,5.36,1.56,-1,198346,6077660.5
GSSC,2014-11-16,29.6,29.6,28.44,29.08,4.24,1.18,-1,147576,4291162.5
GSSC,2014-11-13,29.54,29.54,26.16,27.9,2.89,0.79,-1,141785,3955138.5
GSSC,2014-11-12,28.75,28.75,26.56,27.11,-3.67,-1.03,-1,60774,1647834.25
GSSC,2014-11-11,28.8,28.8,27.63,28.14,-2.68,-0.78,-1,82895,2333047.75
GSSC,2014-11-10,29.6,29.6,28.29,28.92,1.03,0.3,-1,79024,2285329.25
GSSC,2014-11-09,29.59,29.59,28.08,28.62,-1.7,-0.5,-1,70204,2009617.625
GSSC,2014-11-06,30.38,30.38,28.32,29.12,-4.16,-0.06,-1,115675,3368426.5
GSSC,2014-11-05,30.4,30.4,26.93,29.18,4.41,1.24,-1,148664,4337573
GSSC,2014-11-04,29.83,29.83,26.93,27.94,-5.36,-1.59,-1,190501,5322621
GSSC,2014-11-03,30.4,30.4,28.4,29.53,3.13,0.9,-1,210313,6209574
GSSC,2014-11-02,29.44,29.44,27.2,28.63,6.96,1.86,-1,184946,5294876.5
GSSC,2014-10-30,28.79,28.79,25.28,26.77,-4.18,-1.17,-1,202221,5413251.5
GSSC,2014-10-29,29.54,29.54,26.6,27.94,3.99,3.52,-1,321343,8977035
GSSC,2014-10-28,24.44,24.44,24,24.42,9.9,2.2,-1,111974,2734970.75
GSSC,2014-10-27,22.3,22.3,20.41,22.22,9.63,1.95,-1,297436,6609236.5
GSSC,2014-10-26,20.82,20.82,19.99,20.27,-1.82,-0.38,-1,66533,1348537.75
GSSC,2014-10-23,21.59,21.59,20.32,20.65,-4.37,-0.94,-1,97754,2018276
GSSC,2014-10-22,22.16,22.16,21.12,21.59,0.6,0.13,-1,45313,978394.6875
GSSC,2014-10-21,21.79,21.79,20.79,21.46,5.05,1.03,-1,170243,3654564.25
GSSC,2014-10-20,20.95,20.95,19.36,20.43,3.78,0.74,-1,31350,640478.625
GSSC,2014-10-19,20.72,20.72,19.2,19.69,-0.16,-0.03,-1,60078,1182874
GSSC,2014-10-16,20.96,20.96,19.25,19.72,-7.78,-1.66,-1,67709,1335123.375
GSSC,2014-10-15,21.96,21.96,20.92,21.38,1.14,0.24,-1,27421,586443.8125
GSSC,2014-10-14,22.24,22.24,20.4,21.14,-5.51,-1.24,-1,79130,1672851.25
GSSC,2014-10-13,22.96,22.96,21.61,22.38,-0.75,-0.16,-1,42510,951174.6875
GSSC,2014-10-12,23.52,23.52,21.69,22.54,-5.75,-1.38,-1,52168,1176116.625
GSSC,2014-10-09,24.68,24.68,23.2,23.92,-1.06,-0.26,-1,70865,1695124.625
GSSC,2014-10-08,24.8,24.8,23.37,24.18,-1.27,-0.31,-1,45791,1107159.5
GSSC,2014-10-02,25.4,25.4,23.41,24.49,3.9,0.92,-1,165414,4051111.25
GSSC,2014-10-01,24.24,24.24,22.41,23.57,1.06,0.25,-1,121811,2870650.5
GSSC,2014-09-30,24,24,22.25,23.32,4.41,0.98,-1,153261,3574284.25
GSSC,2014-09-29,23.14,23.14,21.18,22.34,6.16,1.3,-1,117150,2616856
GSSC,2014-09-28,21.39,21.39,19.62,21.04,4.28,0.86,-1,57911,1218245.375
GSSC,2014-09-25,20.71,20.71,19.89,20.18,-1.87,-0.38,-1,37383,754322
GSSC,2014-09-24,20.96,20.96,20.08,20.56,-3.46,-0.74,-1,35649,732898.75
GSSC,2014-09-23,21.84,21.84,20.57,21.3,1.41,1.24,-1,76525,1629505.25
GSSC,2014-09-22,20.8,20.8,19.12,20.06,8.92,0.96,-1,125051,2507993
GSSC,2014-09-21,19.98,19.98,18.28,19.1,3.43,0.68,-1,31898,609121.75
GSSC,2014-09-18,18.8,18.8,18.13,18.42,0.83,0.15,-1,13819,254625.65625
GSSC,2014-09-17,18.8,18.8,17.84,18.27,-2.39,-0.45,-1,21005,383730.0625
GSSC,2014-09-16,19.2,19.2,18.08,18.72,4.46,0.8,-1,17250,322979.0625
GSSC,2014-09-15,18.8,18.8,17.56,17.92,2.24,0.39,-1,11779,211110
GSSC,2014-09-14,17.84,17.84,17.38,17.53,-0.41,-0.07,-1,6469,113400.25
GSSC,2014-09-11,18.34,18.34,17.12,17.6,-0.86,-0.15,-1,16656,293123
GSSC,2014-09-10,19.02,19.02,17.6,17.75,-4.6,-0.86,-1,22550,400392
GSSC,2014-09-09,18.8,18.8,18.46,18.61,-1.98,-0.37,-1,29566,550056
GSSC,2014-09-08,19.14,19.14,18.81,18.98,-1.49,-0.29,-1,10104,191840
GSSC,2014-09-07,19.6,19.6,18.81,19.27,0.46,0.09,-1,12706,244865.265625
GSSC,2014-09-04,19.6,19.6,18.89,19.18,-1.03,-0.2,-1,5528,106029.570313
GSSC,2014-09-03,19.76,19.76,19.01,19.38,-1.38,-0.28,-1,12424,240789.875
GSSC,2014-09-02,19.95,19.95,19.32,19.66,1.49,0.29,-1,22510,442523
GSSC,2014-09-01,19.67,19.67,18.73,19.37,0.75,0.15,-1,26506,513470.8125
GSSC,2014-08-31,19.78,19.78,18.84,19.22,-1.03,-0.2,-1,39275,755109.375
GSSC,2014-08-28,19.99,19.99,19.22,19.42,-2.33,-0.47,-1,37465,727735.25
GSSC,2014-08-27,20.15,20.15,19.58,19.89,-1.39,-0.28,-1,43045,856214.0625
GSSC,2014-08-26,20.62,20.62,19.6,20.17,-2.02,-0.41,-1,43194,871067
GSSC,2014-08-25,21.07,21.07,20.02,20.58,2.31,0.46,-1,72680,1496200.125
GSSC,2014-08-24,20.34,20.34,18.78,20.12,8.83,1.63,-1,142691,2870863.75
GSSC,2014-08-21,18.96,18.96,17.53,18.49,5.82,1.02,-1,89816,1660370.25
GSSC,2014-08-20,17.6,17.6,17.38,17.47,0.28,0.05,-1,3803,66435.9375
GSSC,2014-08-19,17.6,17.6,17.15,17.42,1.26,0.21,-1,5053,88053.5
GSSC,2014-08-18,17.6,17.6,17.1,17.21,-1.78,-0.31,-1,15139,260549.5625
GSSC,2014-08-17,17.8,17.8,17.14,17.52,0.23,0.04,-1,8864,155299.6875
GSSC,2014-08-14,17.84,17.84,17.11,17.48,1.91,0.33,-1,19120,334293.5
GSSC,2014-08-13,17.32,17.32,17.04,17.15,-0.14,-0.03,-1,8019,137549.15625
GSSC,2014-08-12,17.71,17.71,17.04,17.18,-1.87,-0.32,-1,4050,69561.101563
GSSC,2014-08-11,17.62,17.62,17.28,17.5,1.53,0.26,-1,15875,277897.8125
GSSC,2014-08-10,17.86,17.86,17.02,17.24,-1.82,-0.32,-1,6169,106372.84375
GSSC,2014-08-07,17.98,17.98,17,17.56,1.62,0.28,-1,12750,223911
GSSC,2014-08-06,17.6,17.6,16.83,17.28,0,0,-1,18126,313291.25
GSSC,2014-08-05,17.99,17.99,17.08,17.28,-3.44,-0.62,-1,22280,384960.8125
GSSC,2014-08-04,18.23,18.23,17.7,17.9,1.54,0.28,-1,22871,409277.78125
GSSC,2014-08-03,18,18,17.6,17.62,-1.56,-0.28,-1,8556,150797.953125
GSSC,2014-07-31,18.46,18.46,17.6,17.9,-1.03,0.12,-1,25700,460145.65625
GSSC,2014-07-27,18.08,18.08,17.62,17.78,0.23,0.04,-1,4063,72238.398438
GSSC,2014-07-24,18.13,18.13,17.48,17.74,-3.57,-0.66,-1,29831,529311.5
GSSC,2014-07-22,18.75,18.75,18.26,18.4,-0.3,-0.06,-1,10543,194015.578125
GSSC,2014-07-21,18.71,18.71,18.24,18.46,1.63,0.3,-1,15126,279202.15625
GSSC,2014-07-20,18.55,18.55,18,18.16,-1.52,-0.28,-1,8103,147153.90625
GSSC,2014-07-17,18.62,18.62,18.25,18.44,-2.62,-0.5,-1,12771,235518.640625
GSSC,2014-07-16,19.5,19.5,18.41,18.94,4.6,0.84,-1,39630,750336.9375
GSSC,2014-07-15,18.56,18.56,17.08,18.1,7.2,1.21,-1,43889,794699.5625
GSSC,2014-07-14,17.05,17.05,16.8,16.89,-0.42,-0.07,-1,21583,364441
GSSC,2014-07-13,17.21,17.21,16.82,16.96,-3.59,-0.63,-1,12700,215369.40625
GSSC,2014-07-10,17.98,17.98,16.88,17.59,1.48,0.25,-1,7021,123528.148438
GSSC,2014-07-09,17.6,17.6,17.19,17.34,-2.69,-0.48,-1,27075,469322.125
GSSC,2014-07-08,18.16,18.16,17.24,17.82,0.04,0.01,-1,38204,680786.5
GSSC,2014-07-07,18.15,18.15,16.9,17.81,7.9,1.31,-1,92159,1641132
GSSC,2014-07-06,16.86,16.86,15.33,16.5,7.62,1.16,-1,82961,1369276.125
GSSC,2014-07-03,15.65,15.65,14.07,15.34,7.76,1.11,-1,68548,1051234.5
GSSC,2014-07-02,14.4,14.4,13.8,14.23,0.85,0.12,-1,4764,67806.71875
GSSC,2014-06-30,14.36,14.36,13.6,14.11,3.76,0.51,-1,5618,79284.039063
GSSC,2014-06-29,13.6,13.6,13.6,13.6,-1.9,-0.26,-1,3375,45900
GSSC,2014-06-26,13.96,13.96,13.6,13.86,6.78,0.88,-1,5570,77202.203125
GSSC,2014-06-25,13.56,13.56,12.8,12.98,-4.59,-0.63,-1,6406,83195.75
GSSC,2014-06-24,13.72,13.72,13.25,13.61,-0.87,-0.12,-1,3663,49834.398438
GSSC,2014-06-23,13.76,13.76,13.71,13.73,0.29,0.04,-1,1000,13728.099609
GSSC,2014-06-22,13.76,13.76,13.62,13.69,0.29,0.04,-1,938,12833.19043
GSSC,2014-06-19,13.81,13.81,13.61,13.65,-0.41,-0.05,-1,2565,35012.019531
GSSC,2014-06-18,14.31,14.31,13.63,13.7,-0.81,-0.12,-1,1399,19172.150391
GSSC,2014-06-17,13.88,13.88,13.62,13.82,-0.12,-0.01,-1,5738,79252
GSSC,2014-06-16,14,14,13.77,13.83,-2.15,-0.31,-1,2538,35089.378906
GSSC,2014-06-15,14.52,14.52,13.81,14.14,-2.7,-0.39,-1,5200,73509.648438
GSSC,2014-06-12,14.78,14.78,14.12,14.53,-1.41,-0.21,-1,8820,128148.140625
GSSC,2014-06-11,14.96,14.96,14.45,14.74,2.11,0.31,-1,6386,94122.34375
GSSC,2014-06-10,14.46,14.46,14.38,14.43,0.33,0.05,-1,3481,50253.859375
GSSC,2014-06-09,14.44,14.44,13.68,14.38,9.57,1.25,-1,27789,399673.78125
GSSC,2014-06-05,14.04,14.04,13.28,13.13,0,0,-1,738,9889
GSSC,2014-06-04,13.6,13.6,12.96,13.13,-0.61,-0.08,-1,5738,75307.601563
GSSC,2014-06-03,13.22,13.22,13.21,13.21,-3.68,-0.5,-1,1813,23943.080078
GSSC,2014-06-02,13.6,13.6,12.69,13.71,0,0,-1,750,9608
GSSC,2014-06-01,12.57,12.57,12.57,13.71,0,0,-1,125,1571
GSSC,2014-05-29,14.66,14.66,13.4,13.71,-2.72,-0.39,-1,8176,112110.671875
GSSC,2014-05-28,14.12,14.12,14.08,14.1,-1.51,-0.21,-1,2384,33598.699219
GSSC,2014-05-26,14.64,14.64,14.04,14.31,-0.56,-0.08,-1,9805,140311.296875
GSSC,2014-05-25,14.4,14.4,14.32,14.39,0.56,0.08,-1,1888,27170
GSSC,2014-05-22,14.46,14.46,14.2,14.31,1.02,0.14,-1,6660,95311.203125
GSSC,2014-05-21,14.2,14.2,14.16,14.17,-1.83,-0.26,-1,963,13634
GSSC,2014-05-20,14.64,14.64,14.28,14.43,0.89,0.13,-1,29454,425149.5625
GSSC,2014-05-19,14.4,14.4,13.73,14.3,2.46,0.34,-1,20521,293527.71875
GSSC,2014-05-18,14.28,14.28,13.85,13.96,1.87,0.26,-1,1625,22685.099609
GSSC,2014-05-15,14.33,14.33,13.61,13.7,0.71,0.09,-1,6369,87281.9375
GSSC,2014-05-14,13.68,13.68,13.6,13.61,-3.57,-0.5,-1,5000,68049.296875
GSSC,2014-05-13,14.4,14.4,13.59,14.11,5.13,0.69,-1,16513,232983.734375
GSSC,2014-05-12,13.58,13.58,13.24,13.42,1.02,0.13,-1,2380,31957.5
GSSC,2014-05-11,13.3,13.3,13.2,13.29,-2.06,-0.28,-1,3000,39864
GSSC,2014-05-08,13.6,13.6,13.54,13.57,0.47,0.07,-1,1656,22471.199219
GSSC,2014-05-07,13.62,13.62,13.2,13.5,-1.23,-0.17,-1,4938,66660
GSSC,2014-05-06,13.94,13.94,13.6,13.67,2.58,0.34,-1,9700,132615.578125
GSSC,2014-05-05,13.6,13.6,13.12,13.33,0.79,0.11,-1,5659,75421.703125
GSSC,2014-05-04,13.6,13.6,13,13.22,2.54,0.32,-1,1411,18656.779297
GSSC,2014-04-30,13.41,13.41,12.72,12.9,1.32,0.17,-1,4473,57679.578125
GSSC,2014-04-29,12.88,12.88,12.68,12.73,-0.62,-0.08,-1,5064,64436
GSSC,2014-04-28,12.88,12.88,12.68,12.81,-1.05,-0.13,-1,8263,105856.398438
GSSC,2014-04-27,13.1,13.1,12.84,12.94,-1.28,-0.17,-1,6556,84886.453125
GSSC,2014-04-23,13.33,13.33,12.82,13.11,-2.9,-0.39,-1,8128,106560.9375
GSSC,2014-04-22,13.68,13.68,13.32,13.5,-0.35,-0.05,-1,988,13333.5
GSSC,2014-04-17,13.61,13.61,12.98,13.55,1.26,0.17,-1,8100,109795.078125
GSSC,2014-04-16,13.8,13.8,13.2,13.38,-1.65,-0.23,-1,5973,79924.898438
GSSC,2014-04-15,13.75,13.75,13.16,13.61,6.18,0.79,-1,7500,102031.296875
GSSC,2014-04-14,13.2,13.2,12.08,12.82,5.12,0.63,-1,11958,153251.34375
GSSC,2014-04-13,12.4,12.4,12.12,12.19,-1.17,-0.15,-1,3038,37041
GSSC,2014-04-10,12.68,12.68,12,12.34,1.11,0.14,-1,4433,54671.460938
GSSC,2014-04-09,12.7,12.7,12.16,12.2,1.4,0.17,-1,3956,48273.949219
GSSC,2014-04-08,12.1,12.1,11.96,12.03,-0.13,-0.02,-1,17625,212008.84375
GSSC,2014-04-07,12.16,12.16,11.6,12.05,0.94,0.11,-1,13315,160407.84375
GSSC,2014-04-06,12.81,12.81,11.28,11.94,-4.73,-0.59,-1,22223,265251.34375
GSSC,2014-04-03,12.78,12.78,12.4,12.53,-3.75,-0.49,-1,6698,83890.289063
GSSC,2014-04-02,13.65,13.65,12.8,13.02,2.13,0.28,-1,4680,60910.679688
GSSC,2014-04-01,12.92,12.92,12.48,12.74,0.95,0.12,-1,4719,60148
GSSC,2014-03-31,13.28,13.28,12.42,12.62,-8.52,-1.18,-1,15681,197967.984375
GSSC,2014-03-30,13.92,13.92,13.6,13.8,-3.63,-0.52,-1,7720,106511.648438
GSSC,2014-03-27,14.8,14.8,13.81,14.32,-1.1,-0.16,-1,14528,207985.546875
GSSC,2014-03-26,14.8,14.8,14.28,14.48,0.44,0.06,-1,5044,73040.070313
GSSC,2014-03-25,14.75,14.75,14.25,14.42,0.22,0.04,-1,12481,179977.171875
GSSC,2014-03-24,14.4,14.4,14.2,14.38,-0.72,-0.11,-1,12500,179764.5
GSSC,2014-03-23,14.6,14.6,14.21,14.49,-1.25,-0.18,-1,17915,259562.296875
GSSC,2014-03-20,15.21,15.21,14.46,14.67,-3.42,-0.52,-1,36640,537597
GSSC,2014-03-19,15.56,15.56,15.12,15.19,1.23,0.18,-1,10850,164872.5625
GSSC,2014-03-18,15.65,15.65,14.05,15.01,5.45,0.78,-1,122666,1840680.125
GSSC,2014-03-17,14.4,14.4,13.93,14.23,-1.6,-0.23,-1,14363,204422.40625
GSSC,2014-03-16,14.5,14.5,14.33,14.46,4.03,0.56,-1,15523,224507.34375
GSSC,2014-03-13,14.72,14.72,13.6,13.9,0.93,0.12,-1,36346,505466.46875
GSSC,2014-03-12,13.86,13.86,13.6,13.78,-0.4,-0.05,-1,39161,539608.875
GSSC,2014-03-11,13.88,13.88,13.76,13.83,-0.52,-0.07,-1,8221,113737.953125
GSSC,2014-03-10,14.16,14.16,13.69,13.9,1.46,0.2,-1,28350,394142.59375
GSSC,2014-03-09,13.76,13.76,13.6,13.7,-0.41,-0.06,-1,4579,62747.5
GSSC,2014-03-06,14.39,14.39,13.62,13.76,-3.43,-0.49,-1,10875,149665.65625
GSSC,2014-03-05,14.4,14.4,13.93,14.25,1.89,0.27,-1,6554,93392.039063
GSSC,2014-03-04,14.16,14.16,13.6,13.98,1.98,0.27,-1,14936,208895.65625
GSSC,2014-03-03,13.92,13.92,13.52,13.71,-4.09,-0.59,-1,15838,217218
GSSC,2014-03-02,14.72,14.72,14.16,14.3,-0.67,-0.09,-1,2763,39484.539063
GSSC,2014-02-27,14.87,14.87,14.08,14.39,1.52,0.21,-1,3465,49872.941406
GSSC,2014-02-26,14.39,14.39,13.6,14.18,-1.66,-0.24,-1,29033,411520.125
GSSC,2014-02-25,14.88,14.88,14.29,14.42,-1.21,-0.17,-1,27689,399140.5
GSSC,2014-02-24,14.95,14.95,14.4,14.59,-2.2,-0.33,-1,30619,446705.40625
GSSC,2014-02-23,15.43,15.43,14.64,14.92,-0.320684,-0.05,-1,14049,209551.390625
GSSC,2014-02-20,15.8,15.8,14.89,14.97,-3.51,-0.54,-1,27034,404685.1875
GSSC,2014-02-19,16.04,16.04,15.19,15.51,0.47,0.07,-1,40388,626561.75
GSSC,2014-02-18,16,16,14.7,15.44,5.06,0.74,-1,41663,643398.69
GSSC,2014-02-17,15.2,15.2,14.4,14.7,-3.67,-0.56,-1,38718,568994.25
GSSC,2014-02-16,15.86,15.86,15,15.26,-5.69,-0.92,-1,39056,595768.5625
GSSC,2014-02-13,16.98,16.98,15.56,16.18,3.69,0.58,-1,103696,1677363.125
GSSC,2014-02-12,15.96,15.96,14.76,15.6,7.08,1.03,-1,255131,3980076.25
GSSC,2014-02-11,15.15,15.15,14,14.57,5.75,0.79,-1,126946,1849776.125
GSSC,2014-02-10,14.39,14.39,13.51,13.78,0.64,0.09,-1,30831,424641.71875
GSSC,2014-02-09,13.87,13.87,13.39,13.69,1.12,0.15,-1,29940,409798.96875
GSSC,2014-02-06,13.92,13.92,13.1,13.54,6.75,0.86,-1,38839,525726.5
GSSC,2014-02-05,13.12,13.12,12.31,12.68,3.39,0.42,-1,24974,316656.75
GSSC,2014-02-04,12.32,12.32,12.02,12.26,2.47,0.29,-1,7709,94536.53125
GSSC,2014-02-03,12.19,12.19,11.9,11.97,-0.93,-0.11,-1,22688,271604.5
GSSC,2014-02-02,12.3,12.3,11.75,12.08,1.21,0.14,-1,13094,158126.25
GSSC,2014-01-30,12,12,11.9,11.94,0.34,0.04,-1,3875,46259
GSSC,2014-01-29,12,12,11.73,11.9,-0.07,0,-1,13438,159830.484375
GSSC,2014-01-28,12.28,12.28,11.82,11.9,0.4,0.04,-1,13663,162625.25
GSSC,2014-01-27,12,12,11.7,11.86,1.51,0.18,-1,19999,237155.984375
GSSC,2014-01-26,11.89,11.89,11.65,11.68,-1.42,-0.17,-1,4806,56145.148438
GSSC,2014-01-23,11.99,11.99,11.62,11.85,0.82,0.1,-1,22685,268825.875
GSSC,2014-01-22,11.87,11.87,11.68,11.75,-0.47,-0.06,-1,13545,159128.578125
GSSC,2014-01-21,11.91,11.91,11.76,11.81,0.96,0.11,-1,10100,119282.296875
GSSC,2014-01-20,11.98,11.98,11.6,11.7,1.53,0.18,-1,19848,232076.0625
GSSC,2014-01-19,11.61,11.61,11.48,11.52,-1.84,-0.22,-1,7125,82057.898438
GSSC,2014-01-16,11.88,11.88,11.62,11.74,0.69,0.08,-1,15870,186230.09375
GSSC,2014-01-15,11.74,11.74,11.56,11.66,-0.75,-0.08,-1,2625,30600
GSSC,2014-01-14,11.81,11.81,11.72,11.74,0.27,0.03,-1,31489,369798.1875
GSSC,2014-01-12,11.76,11.76,11.6,11.71,1.1,0.13,-1,16688,195433.078125
GSSC,2014-01-09,11.68,11.68,11.48,11.58,-0.14,-0.02,-1,10044,116375.820313
GSSC,2014-01-08,11.75,11.75,11.57,11.6,-0.55,-0.06,-1,12169,141112.5
GSSC,2014-01-06,11.76,11.76,11.54,11.66,-3.19,-0.39,-1,11856,138333.65625
GSSC,2014-01-05,12.2,12.2,11.85,12.05,1.55,0.19,-1,51139,616304
GSSC,2014-01-02,12,12,11.46,11.86,2.21,0.25,-1,17991,213487.546875
GSSC,2013-12-31,11.75,11.75,11.37,11.61,0,0,-1,18150,210668.703125
GSSC,2013-12-30,11.7,11.7,11.46,11.61,1.54,0.18,-1,9753,113215.3125
GSSC,2013-12-29,11.68,11.68,11.38,11.43,-0.9,-0.11,-1,5458,62411.390625
GSSC,2013-12-26,11.65,11.65,11.46,11.54,-1.3,-0.15,-1,12075,139301.96875
GSSC,2013-12-25,11.84,11.84,11.5,11.69,2.03,0.23,-1,15656,182964
GSSC,2013-12-24,11.65,11.65,11.32,11.46,0.28,0.04,-1,12125,138928.84375
GSSC,2013-12-23,11.9,11.9,11.25,11.42,-0.56,-0.07,-1,24224,276675.03125
GSSC,2013-12-22,11.68,11.68,11.31,11.49,-1.64,-0.19,-1,10556,121308.25
GSSC,2013-12-19,11.91,11.91,11.52,11.68,-1.28,-0.15,-1,28659,334706.28125
GSSC,2013-12-18,11.94,11.94,11.76,11.83,-1,-0.12,-1,16249,192243.484375
GSSC,2013-12-17,12.32,12.32,11.7,11.95,2.05,0.24,-1,34304,409884.875
GSSC,2013-12-16,11.9,11.9,11.6,11.71,-0.41,-0.05,-1,23540,275626.9375
GSSC,2013-12-15,12,12,11.64,11.76,1.52,0.18,-1,18809,221165.5625
GSSC,2013-12-12,11.84,11.84,11.4,11.58,-0.62,-0.08,-1,37861,438629.4375
GSSC,2013-12-11,12.11,12.11,11.2,11.66,1.89,0.22,-1,29038,338404.40625
GSSC,2013-12-10,11.56,11.56,11.36,11.44,-2.26,-0.26,-1,9249,105837.789063
GSSC,2013-12-09,12,12,11.26,11.7,-3.18,-0.39,-1,32841,384484.875
GSSC,2013-12-08,12.31,12.31,11.9,12.09,-0.26,-0.03,-1,19113,230980.65625
GSSC,2013-12-05,12.34,12.34,11.92,12.12,1.47,0.18,-1,7625,92437.351563
GSSC,2013-12-04,12.16,12.16,11.68,11.94,0.95,0.11,-1,4350,51957.578125
GSSC,2013-12-03,12.2,12.2,11.72,11.83,-1.66,-0.2,-1,7153,84619.898438
GSSC,2013-12-02,12.32,12.32,11.84,12.03,-3.65,-0.46,-1,40724,489846.46875
GSSC,2013-12-01,13.28,13.28,12.28,12.49,-1.82,-0.23,-1,19508,243656.125
GSSC,2013-11-28,13.08,13.08,12.48,12.72,-0.38,-0.05,-1,29091,369971.15625
GSSC,2013-11-27,13.28,13.28,12.4,12.77,-4.37,-0.58,-1,45011,574609.4375
GSSC,2013-11-26,13.62,13.62,13,13.35,-0.95,-0.13,-1,44033,587994.5625
GSSC,2013-11-25,13.88,13.88,13.11,13.48,0.42,0.06,-1,51134,689182.625
GSSC,2013-11-24,13.98,13.98,13.21,13.42,-0.47,-0.07,-1,53525,718563.1875
GSSC,2013-11-21,13.84,13.84,13.3,13.49,-3.16,-0.44,-1,51693,697050.8125
GSSC,2013-11-20,14.16,14.16,13.78,13.93,-0.91,-0.13,-1,41316,575554.75
GSSC,2013-11-19,14.4,14.4,13.8,14.06,-3.88,-0.56,-1,116751,1641163.75
GSSC,2013-11-18,15.04,15.04,14.24,14.62,3.45,0.48,-1,70500,1031157.875
GSSC,2013-11-17,14.4,14.4,13.36,14.14,7.94,1.04,-1,254423,3596737
GSSC,2013-11-14,13.42,13.42,12.73,13.1,4.8,0.6,-1,81003,1060580
GSSC,2013-11-13,12.87,12.87,11.3,12.5,2.9,0.36,-1,71146,888938.1875
GSSC,2013-11-12,12.54,12.54,11.79,12.14,0.73,0.08,-1,20063,243571.765625
GSSC,2013-11-11,12.31,12.31,11.88,12.06,-1.95,-0.24,-1,19875,239576.28125
GSSC,2013-11-10,12.72,12.72,12.01,12.3,-2.72,-0.34,-1,33415,410744.375
GSSC,2013-11-07,12.99,12.99,12.23,12.64,-3.19,-0.42,-1,49568,626654.8125
GSSC,2013-11-06,13.47,13.47,12.84,13.06,0.31,0.04,-1,38258,499586.9375
GSSC,2013-11-04,13.6,13.6,12.85,13.02,-3.27,-0.44,-1,37645,490093.625
GSSC,2013-11-03,13.84,13.84,12.64,13.46,6.46,0.82,-1,118961,1600661.5
GSSC,2013-10-31,13.11,13.11,12.38,12.64,-1.5,-0.19,-1,37175,469834.5625
GSSC,2013-10-30,13.16,13.16,12.4,12.83,6.72,0.81,-1,93560,1200694.875
GSSC,2013-10-29,12.35,12.35,11.36,12.02,0.87,0.1,-1,42635,512529.90625
GSSC,2013-10-28,12.4,12.4,11.29,11.92,-3.75,-0.46,-1,59419,708184.25
GSSC,2013-10-27,12.73,12.73,11.99,12.38,6.91,0.8,-1,59293,734299.4375
GSSC,2013-10-24,11.84,11.84,11.04,11.58,3.72,0.41,-1,95256,1103287
GSSC,2013-10-23,11.4,11.4,10.92,11.17,-0.21,-0.02,-1,9844,109948.453125
GSSC,2013-10-22,11.44,11.44,11,11.19,1.08,0.12,-1,50766,568145.8125
GSSC,2013-10-21,11.2,11.2,10.8,11.07,-0.79,-0.09,-1,56340,623682.6875
GSSC,2013-10-20,11.78,11.78,11.48,11.16,0,0,-1,751,8629.219727
GSSC,2013-10-13,11.4,11.4,10.84,11.16,0.72,0.08,-1,2294,25599.400391
GSSC,2013-10-10,11.2,11.2,10.84,11.08,1.54,0.17,-1,5314,58881
GSSC,2013-10-09,11.2,11.2,10.43,10.91,0.44,0.05,-1,10399,113470.257813
GSSC,2013-10-08,11.12,11.12,10.53,10.86,-1.02,-0.12,-1,5051,54870.410156
GSSC,2013-10-07,11.02,11.02,10.62,10.98,5.62,0.59,-1,4793,52606.859375
GSSC,2013-10-03,10.41,10.41,10.32,10.39,-0.15,-0.02,-1,1088,11301.25
GSSC,2013-10-02,10.8,10.8,10.4,10.41,-5.93,-0.65,-1,13921,144912.5
GSSC,2013-10-01,11.11,11.11,10.7,11.06,-0.5,-0.06,-1,2190,24231.609375
GSSC,2013-09-30,11.2,11.2,10.72,11.12,1.98,0.22,-1,7125,79211.242188
GSSC,2013-09-29,11.59,11.59,10.61,10.9,-0.36,-0.04,-1,14228,155111.203125
GSSC,2013-09-26,11.2,11.2,10.74,10.94,0.22,0.22,-1,7875,86180.242188
GSSC,2013-09-25,11.18,11.18,10.24,10.72,6.67,0.52,-1,8939,95793.210938
GSSC,2013-09-24,10.2,10.2,10.2,10.2,-0.31,-0.03,-1,1375,14025
GSSC,2013-09-23,10.48,10.48,10.08,10.23,0.64,0.16,-1,3108,31795.160156
GSSC,2013-09-22,10.09,10.09,10.06,10.07,-1.56,-0.16,-1,2675,26944.599609
GSSC,2013-09-19,12.85,12.85,12.6,12.79,-0.39,-0.05,-1,1300,16630
GSSC,2013-09-18,12.94,12.94,12.25,12.9,0.15,0.02,-1,1515,19549.300781
GSSC,2013-09-17,12.99,12.99,12.9,12.92,0,0,-1,1200,15498
GSSC,2013-09-16,13,13,12.96,12.9,0,0,-1,704,9137.919922
GSSC,2013-09-15,12.97,12.97,12.55,12.9,3.76,0.47,-1,833,10749.469727
GSSC,2013-09-12,12.5,12.5,12.45,12.49,-2.95,-0.38,-1,2280,28469
GSSC,2013-09-11,12.99,12.99,12.25,12.88,0,0,-1,553,6813.470215
GSSC,2013-09-10,12.88,12.88,12.88,12.88,5.06,0.62,-1,1000,12880
GSSC,2013-09-09,12.86,12.86,12.26,12.26,0,0,-1,200,2572
GSSC,2013-09-08,12.88,12.88,11.6,12.26,5.06,0.62,-1,400,4896
GSSC,2013-09-05,12.26,12.26,11.8,12.26,-3.75,-0.46,-1,201,2371.800049
GSSC,2013-09-04,12.26,12.26,11.8,12.26,-3.75,-0.46,-1,257,3102.600098
GSSC,2013-09-02,12.26,12.26,12.05,12.26,-1.71,-0.21,-1,500,6025
GSSC,2013-08-28,12.27,12.27,12.25,12.26,0.82,0.1,-1,2100,25737
GSSC,2013-08-27,12.27,12.27,12,12.15,-2.04,-0.25,-1,2570,31216.699219
GSSC,2013-08-25,12.39,12.39,12.25,12.25,1.14,0.14,-1,100,1239
GSSC,2013-08-22,12.3,12.3,12.25,12.25,-0.08,-0.01,-1,11460,140441
GSSC,2013-08-21,12.78,12.78,12.24,12.26,2.68,0.32,-1,10240,125530.546875
GSSC,2013-08-19,11.92,11.92,10.77,11.92,-7.13,-0.85,-1,373,4113.209961
GSSC,2013-08-18,12.06,12.06,11.56,11.92,-9.48,-1.21,-1,947,11285.860352
GSSC,2013-08-14,13,13,12.53,12.77,-2.34,-0.3,-1,2058,26276.119141
GSSC,2013-08-12,12.83,12.83,12.5,12.83,-2.57,-0.33,-1,416,5200
GSSC,2013-07-30,12.83,12.83,12,12.83,-6.47,-0.83,-1,50,600
GSSC,2013-07-24,12.85,12.85,12.8,12.83,-2.29,-0.3,-1,2251,28871.800781
GSSC,2013-07-22,13.1,13.1,13.1,13.1,0,0,-1,2000,26200
GSSC,2013-07-21,13.5,13.5,13,13.1,4.73,0.61,-1,2500,32750
GSSC,2013-07-18,13,13,12.44,12.89,0,0,-1,1800,23196.019531
GSSC,2013-07-17,13,13,13,13,0.46,0.06,-1,1000,13000
GSSC,2013-07-16,13,13,12.6,12.94,-1.37,-0.18,-1,3400,44003
GSSC,2013-07-11,13.8,13.8,13,13.18,6.15,0.8,-1,2576,33950.488281
GSSC,2013-07-10,13,13,12.99,13,3.17,0.4,-1,1335,17351.650391
GSSC,2013-07-09,12.7,12.7,12.5,12.6,3.01,0.37,-1,2750,34651
GSSC,2013-07-08,12.31,12.31,12.22,12.29,-4.65,-0.6,-1,2400,29507.5
GSSC,2013-07-04,12.9,12.9,12.89,12.9,9.97,1.17,-1,8992,115993.976563
GSSC,2013-07-02,11.73,11.73,11.72,11.73,9.93,1.06,-1,4149,48662.769531
GSSC,2013-06-30,10.77,10.77,10.67,10.67,0.94,0.1,-1,582,6268.140137
GSSC,2013-06-26,11.19,11.19,10.67,10.67,4.87,0.52,-1,516,5764.439941
GSSC,2013-06-25,11.18,11.18,10.66,10.67,4.78,0.51,-1,120,1331.199951
GSSC,2013-06-24,11.09,11.09,10.67,10.67,3.94,0.42,-1,400,4427
GSSC,2013-06-20,10.86,10.86,10.5,10.67,3.13,0.33,-1,1528,16298.599609
GSSC,2013-06-16,10.58,10.58,10.5,10.53,-3.58,-0.39,-1,2800,29480.900391
GSSC,2013-06-13,11.7,11.7,10.5,10.89,0.34,0.04,-1,3049,33217.75
GSSC,2013-06-12,12,12,11.61,11.66,-10,-1.29,-1,2766,32257.699219
GSSC,2013-06-11,13.24,13.24,12.9,12.9,2.64,0.34,-1,200,2648
GSSC,2013-06-10,13.2,13.2,12.84,12.9,-9.96,-1.42,-1,2761,35616.199219
GSSC,2013-06-05,14.26,14.26,13.13,14.26,-7.92,-1.13,-1,345,4790.850098
GSSC,2013-06-04,14.26,14.26,14.2,14.26,-0.42,-0.06,-1,150,2130
GSSC,2013-06-03,14.28,14.28,14.25,14.26,-2.46,-0.36,-1,3296,46985.46875
GSSC,2013-06-02,14.61,14.61,14,14.61,-2.33,-0.34,-1,100,1401.349976
GSSC,2013-05-30,14.7,14.7,14.35,14.61,-3.42,-0.52,-1,1060,15491.519531
GSSC,2013-05-29,15.21,15.21,14.29,15.21,-6.05,-0.92,-1,124,1771.959961
GSSC,2013-05-27,15.21,15.21,14.86,15.21,-2.3,-0.35,-1,238,3536.679932
GSSC,2013-05-26,15.21,15.21,15,15.21,-1.38,-0.21,-1,350,5253
GSSC,2013-05-23,15.25,15.25,15.01,15.21,-1.31,-0.2,-1,290,4374.5
GSSC,2013-05-22,15.21,15.21,15.01,15.21,-1.31,-0.2,-1,58,872.859985
GSSC,2013-05-20,15.26,15.26,15.05,15.21,-0.86,-0.13,-1,5068,77103.398438
GSSC,2013-05-13,15.18,15.18,15.06,15.18,-0.79,-0.12,-1,500,7539.200195
GSSC,2013-05-08,15.26,15.26,15.13,15.18,-5.32,-0.85,-1,2000,30355
GSSC,2013-05-07,15.98,15.98,15.15,15.98,-4.76,-0.76,-1,590,8976.799805
GSSC,2013-05-02,16,16,15.94,15.98,5.68,0.86,-1,2950,47136.78125
GSSC,2013-04-30,15.13,15.13,15.01,15.13,-0.79,-0.12,-1,100,1505.22998
GSSC,2013-04-29,15.13,15.13,15,15.13,-0.66,-0.1,-1,47,705.75
GSSC,2013-04-28,15.79,15.79,15,15.13,-1.06,-0.16,-1,3600,54459
GSSC,2013-04-24,15.79,15.79,15.16,15.16,4.16,0.63,-1,200,3158
GSSC,2013-04-23,15.16,15.16,14.91,15.16,-1.65,-0.25,-1,22,328.019989
GSSC,2013-04-22,15.24,15.24,14.95,15.16,0.53,0.08,-1,440,6650.5
GSSC,2013-04-21,15.16,15.16,14.91,15.16,-1.65,-0.25,-1,44,656.039978
GSSC,2013-04-15,15.25,15.25,15,15.16,-0.26,-0.04,-1,3482,52799.6
GSSC,2013-04-11,15.98,15.98,15.1,15.2,0.67,0.1,-1,5964,90674.742188
GSSC,2013-04-10,15.3,15.3,14.88,15,-0.6,-0.09,-1,970,14552.599609
GSSC,2013-04-09,15.3,15.3,14.97,14.97,0,0,-1,200,3060
GSSC,2013-04-03,15.1,15.1,14.9,14.97,-2.04,-0.31,-1,1400,20962.5
GSSC,2013-04-02,15.3,15.3,15.17,15.21,0,0,-1,2400,36506
GSSC,2013-04-01,15.2,15.2,15.15,15.17,-1.49,-0.23,-1,748,11344.700195
GSSC,2013-03-31,15.65,15.65,15.01,15.39,0.45,0.07,-1,758,11667.700195
GSSC,2013-03-28,15.65,15.65,15.52,15.58,0.19,0.03,-1,700,10906
GSSC,2013-03-27,15.52,15.52,15.45,15.49,-0.13,-0.02,-1,1950,30209
GSSC,2013-03-26,15.6,15.6,15.4,15.51,0.65,0.1,-1,2171,33680.800781
GSSC,2013-03-25,15.55,15.55,15.4,15.5,-1.09,-0.17,-1,2413,37390.460938
GSSC,2013-03-24,15.65,15.65,15.31,15.59,0.71,0.11,-1,652,10165.620117
GSSC,2013-03-21,15.54,15.54,15.33,15.54,-1.35,-0.21,-1,147,2259.27002
GSSC,2013-03-14,15.54,15.54,15.52,15.54,0,0,-1,150,2328
GSSC,2013-03-13,15.68,15.68,15.41,15.54,-3.13,-0.5,-1,4690,72871.671875
GSSC,2013-03-11,16,16,15.75,16,-1.31,-0.21,-1,171252,2739582
GSSC,2013-03-10,16.4,16.4,15.69,16.01,3.09,0.48,-1,7918,126768.96875
GSSC,2013-03-07,15.52,15.52,15.5,15.52,0.45,0.07,-1,1200,18620
GSSC,2013-03-06,15.49,15.49,15.36,15.43,1.51,0.23,-1,2550,39346
GSSC,2013-03-05,15.6,15.6,15,15.26,-4.03,-0.63,-1,6757,103081.03125
GSSC,2013-03-04,16.2,16.2,15.06,15.63,-7.27,-1.18,-1,10211,159628.546875
GSSC,2013-03-03,17.85,17.85,16.15,16.24,-6.45,-1.12,-1,2028,32926.398438
GSSC,2013-02-24,17.69,17.69,17.37,17.37,1.55,0.27,-1,250,4417.5
GSSC,2013-02-20,17.37,17.37,16.54,17.37,-4.78,-0.83,-1,163,2696.02002
GSSC,2013-02-17,17.37,17.37,17.37,17.37,0,0,-1,2400,41688
GSSC,2013-02-13,17.55,17.55,17.25,17.37,1.1,0.19,-1,4655,80839.75
GSSC,2013-02-12,17.5,17.5,17.25,17.31,-1.02,-0.18,-1,860,14889.599609
GSSC,2013-02-11,17.77,17.77,17.5,17.59,0.75,0.13,-1,1313,23102.099609
GSSC,2013-02-05,17.49,17.49,17.3,17.37,-0.46,-0.08,-1,688,11949.900391
GSSC,2013-02-04,17.7,17.7,17.32,17.57,-2.53,-0.45,-1,900,15816
GSSC,2013-02-03,17.26,17.26,17.26,17.77,-2.87,-0.51,-1,50,863
GSSC,2013-01-31,18.22,18.22,17,17.77,4.71,0.82,-1,700,12441
GSSC,2013-01-30,17.4,17.4,17.15,17.4,-1.44,-0.25,-1,232,3979
GSSC,2013-01-23,17.45,17.45,17.25,17.4,0.29,0.05,-1,5078,88362.203125
GSSC,2013-01-22,17.36,17.36,17.33,17.35,-0.86,-0.15,-1,1180,20471.400391
GSSC,2013-01-21,17.48,17.48,17.31,17.48,0,0,-1,513,8880.030273
GSSC,2013-01-20,17.51,17.51,17.45,17.48,-0.06,-0.01,-1,1000,17480
GSSC,2013-01-17,17.47,17.47,17.46,17.46,-0.23,-0.04,-1,2085,36406.101563
GSSC,2013-01-16,17.5,17.5,17.45,17.5,-2.94,-0.53,-1,1081,18913.449219
GSSC,2013-01-15,18.03,18.03,17.5,18.03,0,0,-1,200,3500
GSSC,2013-01-14,18.77,18.77,17.52,18.03,-1.46,-0.26,-1,1705,30742.849609
GSSC,2013-01-13,17.8,17.8,17.77,17.79,-1.55,-0.28,-1,800,14231
GSSC,2013-01-09,18.05,18.05,18.05,18.05,0.06,0.01,-1,1000,18050
GSSC,2013-01-06,18.04,18.04,18.01,18.04,0,0,-1,100,1801
GSSC,2013-01-03,18.11,18.11,18,18.04,2.56,0.45,-1,3270,58995
GSSC,2013-01-02,18,18,17.55,17.55,2.56,0.45,-1,100,1800
GSSC,2012-12-31,17.56,17.56,17.5,17.55,-1.18,-0.21,-1,980,17203.5
GSSC,2012-12-30,18,18,18,17.76,0,0,-1,55,990
GSSC,2012-12-27,18.33,18.33,17.61,17.76,-0.88,-0.16,-1,1924,34161.5
GSSC,2012-12-26,18.29,18.29,17.5,18.16,0,0,-1,1363,24752.660156
GSSC,2012-12-24,18,18,18,18,0,0,-1,1300,23400
GSSC,2012-12-23,18.03,18.03,17.98,18,-0.66,-0.12,-1,4370,78671.5
GSSC,2012-12-20,18.14,18.14,18.09,18.12,-1.04,-0.19,-1,3000,54356.699219
GSSC,2012-12-19,18.46,18.46,18.06,18.32,-0.17,-0.03,-1,2799,51286.191406
GSSC,2012-12-18,17.89,17.89,17.3,18.09,0,0,-1,278,4969.790039
GSSC,2012-12-17,18.4,18.4,18,18.09,-2.7,-0.5,-1,8320,150469.09375
GSSC,2012-12-16,18.96,18.96,18.02,18.51,2.66,0.48,-1,3126,57854.238281
GSSC,2012-12-13,18.02,18.02,18.01,18.02,-3.22,-0.6,-1,900,16214
GSSC,2012-12-12,18.8,18.8,18,18.61,4.5,0.81,-1,1490,27734
GSSC,2012-12-11,18,18,17.8,17.99,-1.1,-0.2,-1,8676,156068
GSSC,2012-12-10,18.48,18.48,18,18.48,2.84,0.51,-1,830,15096.150391
GSSC,2012-12-09,18.02,18.02,17.82,17.82,-0.22,-0.04,-1,2800,50316.101563
GSSC,2012-12-06,18,18,17.75,17.86,-5.06,-0.96,-1,5575,99582.5
GSSC,2012-12-05,18.1,18.1,18.1,18.96,-4.54,-0.86,-1,250,4525
GSSC,2012-12-04,18.25,18.25,18.25,18.96,-3.74,-0.71,-1,250,4562.5
GSSC,2012-12-03,19,19,18.56,18.96,-5.35,-1.05,-1,1100,20856.429688
GSSC,2012-11-29,19.8,19.8,18.4,19.61,10,1.8,-1,5550,108855.867188
GSSC,2012-11-28,18.01,18.01,17.9,18,-1.27,-0.23,-1,2000,35992
GSSC,2012-11-27,18.02,18.02,18.02,18.13,-0.61,-0.11,-1,400,7208
GSSC,2012-11-26,17.8,17.8,17.8,18.13,-1.82,-0.33,-1,344,6123.200195
GSSC,2012-11-25,18.22,18.22,17.8,18.13,-9.96,-1.97,-1,8198,148606.40625
GSSC,2012-11-21,20,20,19.5,19.77,5.58,1.03,-1,1000,19774.869141
GSSC,2012-11-19,18.62,18.62,18.33,18.47,-2.4,-0.45,-1,3900,72050
GSSC,2012-11-18,19,19,18.62,18.78,-4.81,-0.94,-1,2550,47884.648438
GSSC,2012-11-14,19.99,19.99,19.5,19.56,-0.05,-0.01,-1,3374,65990.74
GSSC,2012-11-13,19.53,19.53,19.52,19.52,-1.26,-0.25,-1,1000,19525
GSSC,2012-11-12,20.5,20.5,19.6,19.77,0.26,0.05,-1,2399,47419.03
GSSC,2012-11-11,19.59,19.59,19.56,19.58,-3.46,-0.7,-1,555,10864.2
GSSC,2012-11-08,22,22,20,20.26,-0.99,-0.2,-1,29504,597648.13
GSSC,2012-11-06,20.5,20.5,20.04,20.2,-3.79,-0.79,-1,550,11112
GSSC,2012-11-05,21,21,20,20.83,0.1,0.02,-1,1743,36309.57
GSSC,2012-11-04,20.06,20.06,20.06,20.97,-4.34,-0.91,-1,111,2226.66
GSSC,2012-11-01,21.29,21.29,20.65,20.97,-3.95,-0.85,-1,2000,41936.94
GSSC,2012-10-31,21.5,21.5,21.24,21.5,0.05,0.01,-1,2131,45808.44
GSSC,2012-10-30,21.5,21.5,21,21.23,-1.21,-0.26,-1,3900,82788.17
GSSC,2012-10-29,21.5,21.5,21.31,21.49,0.05,0.01,-1,2219,47678.94
GSSC,2012-10-24,21.49,21.49,21.25,21.39,0.09,0.02,-1,2961,63333.7
GSSC,2012-10-23,21.5,21.5,21.2,21.46,1.18,0.25,-1,1550,33255.4
GSSC,2012-10-22,21.27,21.27,21.27,21.25,0,0,-1,100,2127
GSSC,2012-10-21,21.3,21.3,21.16,21.25,-0.7,-0.15,-1,1327,28202.24
GSSC,2012-10-18,21.5,21.5,20.8,21.31,-1.33,-0.29,-1,1930,41131.5
GSSC,2012-10-17,22,22,21.5,21.79,-3.5,-0.78,-1,5120,111571.72
GSSC,2012-10-15,22.4,22.4,20.61,22.28,0,0,-1,442,9359.24
GSSC,2012-10-14,21.18,21.18,21.18,22.28,-4.94,-1.1,-1,200,4236
GSSC,2012-10-11,21.31,21.31,21.3,22.28,0,0,-1,420,8947
GSSC,2012-10-10,22.49,22.49,21,22.28,4.6,0.99,-1,2200,49007
GSSC,2012-10-08,21.15,21.15,21.15,21.5,-1.63,-0.35,-1,200,4230
GSSC,2012-10-04,21.5,21.5,21.5,21.5,-0.09,-0.02,-1,500,10750
GSSC,2012-10-03,21.52,21.52,21.51,21.52,-0.46,-0.1,-1,980,21086.8
GSSC,2012-10-02,22.5,22.5,21.55,21.61,-1.15,-0.25,-1,1905,41166.8
GSSC,2012-10-01,22.5,22.5,21.5,21.8,-4.02,-0.9,-1,1977,43105
GSSC,2012-09-27,23.6,23.6,22.11,22.4,0.57,0.13,-1,6475,145034.44
GSSC,2012-09-26,23.7,23.7,22,22.87,4.04,0.92,-1,4019,91896
GSSC,2012-09-25,22.9,22.9,22.2,22.78,2.1,0.47,-1,3258,74232.1
GSSC,2012-09-24,22.86,22.86,22.01,22.43,-0.54,-0.12,-1,2400,53826.5
GSSC,2012-09-23,22.2,22.2,22.1,22.16,-1.6,-0.36,-1,225,4985.58
GSSC,2012-09-20,22.95,22.95,22.05,22.56,-3.16,-0.72,-1,2070,46690.6
GSSC,2012-09-18,23,23,22.3,22.77,-3.17,-0.74,-1,1155,26305
GSSC,2012-09-17,23.95,23.95,22.84,23.35,-3.99,-0.96,-1,7787,181823
GSSC,2012-09-16,24.15,24.15,23.35,24.06,6.33,1.39,-1,11030,265434.06
GSSC,2012-09-13,22.03,22.03,21.9,21.96,0.5,0.11,-1,1900,41721.29
GSSC,2012-09-12,22.35,22.35,21.2,21.9,-7.59,-1.74,-1,1052,23034.7
GSSC,2012-09-11,23.44,23.44,22.28,22.94,4.09,0.92,-1,1850,42432.4
GSSC,2012-09-10,22.52,22.52,22.52,22.52,-1.53,-0.35,-1,250,5630
GSSC,2012-09-09,23.4,23.4,22.65,22.87,2.3,0.51,-1,3383,77355.5
GSSC,2012-09-06,22.44,22.44,22,22.14,-0.77,-0.17,-1,4151,91910.5
GSSC,2012-09-05,22.25,22.25,21.84,22.19,2.89,0.62,-1,5052,112115
GSSC,2012-09-04,22.22,22.22,21.36,21.48,-2.59,-0.57,-1,3100,66579.6
GSSC,2012-09-03,22.1,22.1,21.9,21.99,3.56,0.76,-1,1400,30784
GSSC,2012-09-02,22,22,21.2,21.34,-2.66,-0.58,-1,778,16599
GSSC,2012-08-30,22,22,21.68,21.84,2.23,0.48,-1,1215,26535.4
GSSC,2012-08-29,21.69,21.69,21.38,21.52,4.13,0.86,-1,1539,33115.1
GSSC,2012-08-28,21.25,21.25,20.77,20.83,0.09,0.02,-1,4695,97809.08
GSSC,2012-08-27,21.65,21.65,20.7,21.23,1.67,0.34,-1,1800,38210
GSSC,2012-08-26,20.5,20.5,20.22,20.36,1.74,0.35,-1,570,11604.75
GSSC,2012-08-21,20.16,20.16,20.15,20.15,-0.35,-0.07,-1,390,7859
GSSC,2012-08-09,21.95,21.95,20.07,20.22,0,0,-1,57,1239.87
GSSC,2012-08-08,20.35,20.35,20.11,20.22,1.75,0.35,-1,295,5964.25
GSSC,2012-07-24,20,20,20,20,0,0,-1,3500,70000
GSSC,2012-07-19,20,20,20,20,0.15,0.03,-1,1300,26000
GSSC,2012-07-18,20.01,20.01,19.67,19.97,0,0,-1,6700,133791
GSSC,2012-07-17,20.02,20.02,20,20,1.52,0.3,-1,3390,67808
GSSC,2012-07-16,19.71,19.71,19.67,19.7,-0.56,-0.11,-1,343,6757.99
GSSC,2012-07-15,20,20,19.55,19.81,-1.4,-0.28,-1,1700,33681.5
GSSC,2012-07-12,20,20,19.65,20,-1.75,-0.35,-1,9098,181926
GSSC,2012-07-11,20,20,20,20,1.94,0.38,-1,600,12000
GSSC,2012-07-09,19.78,19.78,19.55,19.62,-1.2,-0.24,-1,385,7555.5
GSSC,2012-07-08,20.02,20.02,20.01,20.02,-2.34,-0.48,-1,2000,40038.5
GSSC,2012-07-05,20.5,20.5,20,20.5,1.89,0.38,-1,206,4222.5
GSSC,2012-07-04,20.5,20.5,19.91,20.12,-0.2,-0.04,-1,3750,75432.7
GSSC,2012-07-03,20.5,20.5,20,20.19,-1.37,-0.28,-1,5450,110024
GSSC,2012-07-02,20.39,20.39,20.38,20.39,4.56,0.89,-1,600,12233
GSSC,2012-06-28,19.5,19.5,19.49,19.5,-3.9,-0.79,-1,520,10139.8
GSSC,2012-06-27,20.6,20.6,19.8,20.28,0.55,0.11,-1,3573,72453.9
GSSC,2012-06-26,20,20,19.8,19.89,2.83,0.55,-1,950,18900
GSSC,2012-06-25,20.65,20.65,19,19.45,4.21,0.8,-1,12235,237975
GSSC,2012-06-24,19.01,19.01,19,19,0.85,0.16,-1,2475,47031
GSSC,2012-06-21,19,19,18.6,18.84,0,0,-1,3970,74788
GSSC,2012-06-20,19,19,19,19,0.42,0.08,-1,1600,30400
GSSC,2012-06-19,18.92,18.92,18.92,18.92,0.05,0.01,-1,500,9460
GSSC,2012-06-18,18.91,18.91,18.91,18.91,0,0,-1,300,5673
GSSC,2012-06-14,19.24,19.24,18.9,18.91,-1.77,-0.34,-1,400,7565.8
GSSC,2012-06-10,19.01,19.01,19.01,19.01,-1.19,-0.23,-1,50,950.5
GSSC,2012-06-07,20.02,20.02,18.78,19.24,6.5,1.22,-1,600,11541.3
GSSC,2012-06-06,18.78,18.78,18.78,18.78,0,0,-1,500,9390
GSSC,2012-06-05,18.8,18.8,18.76,18.78,-2.567,-0.47,-1,1256,23592
GSSC,2012-06-04,19.25,19.25,19.25,19.25,-4.51,-0.91,-1,100,1925
GSSC,2012-06-03,20,20,20,20.16,-0.79,-0.16,-1,50,1000
GSSC,2012-05-29,20.16,20.16,20.16,20.16,7.06,1.33,-1,400,8064
GSSC,2012-05-28,18.83,18.83,18.83,18.83,-1,-0.19,-1,372,7004.76
GSSC,2012-05-27,19.5,19.5,18.88,19.02,-5.84,-1.17,-1,128,2434
GSSC,2012-05-24,20.23,20.23,20,20.05,1.15,0.23,-1,500,10023
GSSC,2012-05-23,20,20,20,20,-0.6,-0.12,-1,500,10000
GSSC,2012-05-21,20.12,20.12,20.12,20.12,6.79,1.28,-1,300,6036
GSSC,2012-05-20,19,19,18.56,18.84,-0.63,-0.12,-1,800,15069.2
GSSC,2012-05-17,19.12,19.12,19.11,19.12,-0.16,-0.03,-1,400,7647
GSSC,2012-05-16,19.17,19.17,19.12,19.14,-2.05,-0.4,-1,1977,37829.91
GSSC,2012-05-15,19.69,19.69,19,19.52,-2.36,-0.46,-1,2450,47814.84
GSSC,2012-05-13,19.55,19.55,19.55,19.55,-4.59,-0.94,-1,200,3910
GSSC,2012-05-10,20.5,20.5,20.49,20.49,1.64,0.33,-1,517,10595
GSSC,2012-05-06,20.48,20.48,20.48,20.17,0,0,-1,50,1024
GSSC,2012-05-03,20.17,20.17,18.53,20.17,8.85,1.64,-1,100,2017
GSSC,2012-05-02,18.53,18.53,18.52,18.53,-8.32,-1.68,-1,150,2779
GSSC,2012-04-30,20.2,20.2,19.84,20.2,1.81,0.36,-1,485,9797
GSSC,2012-04-26,20.25,20.25,19.84,19.84,2.07,0.41,-1,50,1012.5
GSSC,2012-04-24,20,20,19.07,19.84,3.15,0.61,-1,1796,35641
GSSC,2012-04-23,19.46,19.46,19.35,19.39,-2.57,-0.51,-1,700,13570.91
GSSC,2012-04-19,20,20,19.3,19.86,-2.44,-0.5,-1,500,9930
GSSC,2012-04-17,20.5,20.5,20.18,20.5,1.59,0.32,-1,350,7175
GSSC,2012-04-12,20.22,20.22,18.41,20.18,9.45,1.74,-1,200,4037
GSSC,2012-04-10,20.93,20.93,17.85,18.41,6.46,1.27,-1,951,17507.33
GSSC,2012-04-09,19.66,19.66,19.66,19.66,-9.78,-2.13,-1,393,7726.38
GSSC,2012-04-05,21.79,21.79,20.63,21.79,5.62,1.16,-1,187,4074.73
GSSC,2012-04-03,22,22,20.63,20.63,6.64,1.37,-1,34,748
GSSC,2012-04-02,20.7,20.7,20.6,20.63,-2.04,-0.43,-1,498,10275.05
GSSC,2012-03-29,21.15,21.15,21.09,21.13,-0.19,-0.04,-1,380,8030
GSSC,2012-03-28,21.16,21.16,21.08,21.14,0.19,0.04,-1,1630,34458.6
GSSC,2012-03-26,21.08,21.08,21.08,21.08,-0.09,-0.02,-1,310,6534.8
GSSC,2012-03-25,21.27,21.27,21,21.1,-5.66,-1.26,-1,939,19810.53
GSSC,2012-03-21,22.45,22.45,21.36,22.26,5.1,1.09,-1,1400,31165.08
GSSC,2012-03-20,21.52,21.52,21.25,21.36,1.27,0.27,-1,276,5895.75
GSSC,2012-03-19,21.25,21.25,20.5,21.25,-3.53,-0.75,-1,50,1025
GSSC,2012-03-18,21.25,21.25,21.01,21.25,1.14,0.24,-1,250,5312.5
GSSC,2012-03-15,21.04,21.04,20.69,21.01,1.5,0.31,-1,1686,35418.76
GSSC,2012-03-14,20.69,20.69,20.68,20.69,-1.8,-0.38,-1,500,10344
GSSC,2012-03-13,21.14,21.14,20.75,21.07,-0.75,-0.16,-1,1861,39207.96
GSSC,2012-03-12,21.7,21.7,21.14,21.23,-1.89,-0.41,-1,2140,45422.8
GSSC,2012-03-11,21.91,21.91,21.2,21.64,-2.3,-0.51,-1,3538,76574.62
GSSC,2012-03-08,22.25,22.25,22.05,22.15,-1.12,-0.25,-1,1610,35662.45
GSSC,2012-03-07,22.46,22.46,22.21,22.4,0.18,0.04,-1,2624,58765.29
GSSC,2012-03-06,22.41,22.41,22.34,22.36,1.22,0.27,-1,1455,32535.2
GSSC,2012-03-05,22.36,22.36,22,22.09,-4.58,-1.06,-1,2550,56338.36
GSSC,2012-03-04,23.25,23.25,22.57,23.15,4.09,0.91,-1,521,12061.65
GSSC,2012-03-01,22.65,22.65,21.9,22.24,0.09,0.02,-1,6150,136795.71
GSSC,2012-02-29,22.22,22.22,22.22,22.22,1.74,0.38,-1,200,4444
GSSC,2012-02-28,21.85,21.85,21.8,21.84,-1.22,-0.27,-1,1515,33081
GSSC,2012-02-27,22.25,22.25,21.71,22.11,0.68,0.15,-1,4208,93022.52
GSSC,2012-02-26,22.25,22.25,21.55,21.96,0.55,0.12,-1,3465,76102.96
GSSC,2012-02-23,22,22,21.69,21.84,3.46,0.73,-1,2793,61003.85
GSSC,2012-02-22,21.14,21.14,21.08,21.11,-1.08,-0.23,-1,2500,52769
GSSC,2012-02-21,21.87,21.87,21.02,21.34,-1.11,-0.24,-1,3010,64243.96
GSSC,2012-02-20,21.62,21.62,21.52,21.58,-0.28,-0.06,-1,1251,26997.52
GSSC,2012-02-19,21.76,21.76,21.31,21.64,0.37,0.08,-1,3485,75399.93
GSSC,2012-02-16,21.93,21.93,21.36,21.56,-1.24,-0.27,-1,2539,54730.09
GSSC,2012-02-15,22.27,22.27,21.5,21.83,0.32,0.07,-1,2150,46934.05
GSSC,2012-02-14,22.14,22.14,21.11,21.76,1.87,0.4,-1,5555,120849.13
GSSC,2012-02-13,21.36,21.36,21.36,21.36,-0.93,-0.2,-1,100,2136
GSSC,2012-02-12,22,22,21.31,21.56,1.89,0.4,-1,4600,99195.79
GSSC,2012-02-09,21.5,21.5,21.01,21.16,0.76,0.16,-1,1650,34910.85
GSSC,2012-02-08,21.39,21.39,20.92,21,0.05,0.01,-1,8421,176880.27
GSSC,2012-02-07,21.89,21.89,20.8,20.99,2.74,0.56,-1,1891,39683.96
GSSC,2012-02-06,20.56,20.56,20.35,20.43,-4.08,-0.87,-1,1600,32696
GSSC,2012-02-02,21.5,21.5,21.03,21.3,-0.47,-0.1,-1,1147,24434.3
GSSC,2012-02-01,21.9,21.9,21.35,21.4,-1.83,-0.4,-1,600,12837.46
GSSC,2012-01-31,22,22,21.03,21.8,1.92,0.41,-1,2500,54489.4
GSSC,2012-01-30,22.77,22.77,21,21.39,-0.51,-0.11,-1,5044,107908.75
GSSC,2012-01-29,21.6,21.6,21.45,21.5,-1.83,-0.4,-1,3580,76979.6
GSSC,2012-01-26,22,22,20.14,21.9,1.3,0.28,-1,7117,155833
GSSC,2012-01-23,21.62,21.62,20.06,21.62,0,0,-1,90,1805.4
GSSC,2012-01-19,21.69,21.69,21.49,21.62,-0.32,-0.07,-1,593,12821.57
GSSC,2012-01-18,21.69,21.69,21.69,21.69,5.39,1.11,-1,500,10845
GSSC,2012-01-15,20.83,20.83,20.32,20.58,1.43,0.29,-1,815,16770.9
GSSC,2012-01-12,20.55,20.55,20.25,20.29,-9.26,-2.07,-1,1000,20286
GSSC,2012-01-11,22.43,22.43,22.3,22.36,1.54,0.34,-1,1365,30522.4
GSSC,2012-01-10,22.46,22.46,22,22.02,0.09,0.02,-1,7340,161603.12
GSSC,2012-01-09,22.01,22.01,22,22,0,0,-1,2864,63013
GSSC,2012-01-05,22.01,22.01,22,22,-0.05,-0.01,-1,13830,304266
GSSC,2012-01-04,22.05,22.05,22,22.01,0.05,0.01,-1,6000,132035
GSSC,2012-01-03,22.01,22.01,22,22,0,0,-1,2750,60505
GSSC,2012-01-02,22.01,22.01,22,22,-0.27,-0.06,-1,2560,56330
GSSC,2011-12-29,22.42,22.42,22,22.06,0.32,0.07,-1,3700,81612.45
GSSC,2011-12-28,22.02,22.02,21.71,21.99,0.05,0.01,-1,1855,40787
GSSC,2011-12-27,22.07,22.07,21.51,21.98,0,0,-1,5699,125269
GSSC,2011-12-26,22.01,22.01,21.51,21.98,-1.48,-0.33,-1,10155,223192.1
GSSC,2011-12-22,22.41,22.41,22,22.31,-0.89,-0.2,-1,3330,74282
GSSC,2011-12-21,22.53,22.53,22.51,22.51,0.58,0.13,-1,600,13508
GSSC,2011-12-20,22.38,22.38,22.38,22.38,-2.36,-0.54,-1,104,2327.52
GSSC,2011-12-18,23,23,22.31,22.92,-2.43,-0.57,-1,227,5202.37
GSSC,2011-12-15,23.72,23.72,23.27,23.49,0.34,0.08,-1,3200,75166
GSSC,2011-12-14,24.6,24.6,23.17,23.41,-5.11,-1.26,-1,120,2809
GSSC,2011-12-08,25,25,23.51,24.67,8.15,1.86,-1,2200,54279.5
GSSC,2011-12-07,22.81,22.81,22.81,22.81,-7.76,-1.92,-1,300,6843
GSSC,2011-12-01,24.79,24.79,24,24.73,3.43,0.82,-1,2549,63038
GSSC,2011-11-30,25.2,25.2,23.91,23.91,0,0,-1,1,25.2
GSSC,2011-11-29,23.97,23.97,23.89,23.91,9.08,1.99,-1,3003,71813.95
GSSC,2011-11-24,22,22,21.8,21.92,9.05,1.82,-1,1625,35621.05
GSSC,2011-11-23,20.1,20.1,20.1,20.1,-3.27,-0.68,-1,100,2010
GSSC,2011-11-22,21.1,21.1,20.25,20.78,-6.31,-1.4,-1,3225,67015
GSSC,2011-11-21,23,23,22,22.18,-2.38,-0.54,-1,3018,66952.5
GSSC,2011-11-20,22.72,22.72,22.5,22.72,0,0,-1,37,832.5
GSSC,2011-11-17,22.86,22.86,22.6,22.72,-0.79,-0.18,-1,1390,31577.25
GSSC,2011-11-15,22.9,22.9,22.9,22.9,-1.17,-0.27,-1,250,5725
GSSC,2011-11-14,23.25,23.25,23,23.17,-0.69,-0.16,-1,1500,34750
GSSC,2011-11-13,23.5,23.5,23.3,23.33,0.13,0.03,-1,2740,63915.5
GSSC,2011-11-10,23.3,23.3,23.3,23.3,-2.67,-0.64,-1,200,4660
GSSC,2011-11-03,24.08,24.08,23.75,23.94,-0.25,-0.06,-1,3115,74568.45
GSSC,2011-11-02,24.06,24.06,23.5,24,0,0,-1,5401,129617
GSSC,2011-11-01,24,24,24,24,-0.41,-0.1,-1,5000,120000
GSSC,2011-10-31,24.25,24.25,23.5,24.1,0.12,0.03,-1,4450,107229.51
GSSC,2011-10-30,24.19,24.19,24,24.07,0.59,0.14,-1,3100,74606.1
GSSC,2011-10-27,23.99,23.99,23.91,23.93,1.83,0.43,-1,625,14956.91
GSSC,2011-10-26,23.5,23.5,23.5,23.5,-0.25,-0.06,-1,953,22395.5
GSSC,2011-10-25,23.75,23.75,23.4,23.56,-0.88,-0.21,-1,2508,59090.5
GSSC,2011-10-24,24,24,23.45,23.77,-0.83,-0.2,-1,950,22584
GSSC,2011-10-23,24,24,23.85,23.97,0.93,0.22,-1,2950,70715
GSSC,2011-10-20,23.85,23.85,23.01,23.75,1.37,0.32,-1,1750,41562.84
GSSC,2011-10-19,24,24,23.43,23.43,0,0,-1,75,1800
GSSC,2011-10-18,23.85,23.85,23,23.43,-1.31,-0.31,-1,4730,110810
GSSC,2011-10-17,23.8,23.8,23.37,23.74,-1.17,-0.28,-1,4270,101359.65
GSSC,2011-10-16,24.27,24.27,23.7,24.02,1.14,0.27,-1,225,5404.25
GSSC,2011-10-13,24.14,24.14,23.5,23.75,0.98,0.23,-1,10785,256175.14
GSSC,2011-10-12,23.7,23.7,23.33,23.52,0.56,0.13,-1,4485,105498.2
GSSC,2011-10-11,23.95,23.95,23.25,23.39,1.7,0.39,-1,5900,138019.35
GSSC,2011-10-10,23.01,23.01,23,23,-4.13,-0.99,-1,6500,149520
GSSC,2011-10-09,24,24,23.25,23.99,-2,-0.49,-1,1600,38381.25
GSSC,2011-10-05,25,25,23.21,24.48,-1.37,-0.34,-1,15457,378461.5
GSSC,2011-10-03,24.99,24.99,24.26,24.82,-0.68,-0.17,-1,6400,158853.58
GSSC,2011-10-02,25,25,24.97,24.99,2.21,0.54,-1,1150,28738.5
GSSC,2011-09-29,25,25,24,24.45,0.45,0.11,-1,3700,90467.9
GSSC,2011-09-28,25,25,23.75,24.34,0.25,0.06,-1,3785,92117.25
GSSC,2011-09-27,24.75,24.75,24.05,24.28,-1.14,-0.28,-1,4000,97133.2
GSSC,2011-09-26,24.61,24.61,24.5,24.56,0.08,0.02,-1,1002,24604.4
GSSC,2011-09-25,24.63,24.63,24.25,24.54,-4.03,-1.03,-1,1852,45443.56
GSSC,2011-09-22,26,26,24.8,25.57,1.83,0.46,-1,5350,136775.46
GSSC,2011-09-21,25.25,25.25,25,25.11,-3.05,-0.79,-1,2250,56492.5
GSSC,2011-09-19,26.15,26.15,24.01,25.9,5.37,1.32,-1,6275,162497.47
GSSC,2011-09-18,24.61,24.61,24.55,24.58,-4.8,-1.24,-1,1900,46705
GSSC,2011-09-15,26.19,26.19,25.02,25.82,2.58,0.65,-1,4995,128976.8
GSSC,2011-09-14,25.5,25.5,25,25.17,0.12,0.03,-1,150,3775.5
GSSC,2011-09-13,25.15,25.15,25.14,25.14,-1.06,-0.27,-1,694,17448.16
GSSC,2011-09-12,25.42,25.42,25.41,25.41,-1.05,-0.27,-1,300,7623.41
GSSC,2011-09-11,25.75,25.75,25.01,25.68,-3.42,-0.91,-1,110,2825.1
GSSC,2011-09-08,26.59,26.59,26.57,26.59,5.73,1.44,-1,2000,53176.41
GSSC,2011-09-07,25.25,25.25,25.1,25.15,-0.91,-0.23,-1,1030,25901.8
GSSC,2011-09-06,25.52,25.52,25.31,25.38,0.95,0.24,-1,891,22614.81
GSSC,2011-09-05,25.5,25.5,25.08,25.14,-5.52,-1.47,-1,2000,50289.82
GSSC,2011-09-04,26.61,26.61,24.76,26.61,0,0,-1,50,1238
GSSC,2011-08-29,27,27,26.4,26.61,1.29,0.34,-1,7000,186248
GSSC,2011-08-25,26.45,26.45,25.51,26.27,-0.11,-0.03,-1,1050,27580.4
GSSC,2011-08-24,26.43,26.43,24.99,26.3,9.45,2.27,-1,4000,105193.18
GSSC,2011-08-22,24.03,24.03,24.03,24.03,0,0,-1,300,7209
GSSC,2011-08-21,24.03,24.03,24.02,24.03,0,0,-1,700,16820
GSSC,2011-08-18,24.03,24.03,24.03,24.03,0.04,0.01,-1,100,2403
GSSC,2011-08-17,24.02,24.02,24.02,24.02,0,0,-1,450,10809
GSSC,2011-08-16,24.03,24.03,24,24.02,-0.25,-0.06,-1,1000,24016.55
GSSC,2011-08-15,24.08,24.08,24.03,24.08,0,0,-1,36,865.08
GSSC,2011-08-11,24.25,24.25,24,24.08,-4.75,-1.2,-1,300,7225
GSSC,2011-08-10,25.31,25.31,25.24,25.28,3.69,0.9,-1,1100,27809
GSSC,2011-08-09,24.73,24.73,24.31,24.38,-3.25,-0.82,-1,3122,76117.72
GSSC,2011-08-07,25.51,25.51,24.72,25.2,-1.33,-0.34,-1,1595,40195.31
GSSC,2011-08-04,25.55,25.55,25.51,25.54,0.59,0.15,-1,600,15326
GSSC,2011-08-03,25.41,25.41,25.35,25.39,0.71,0.18,-1,380,9646.5
GSSC,2011-08-02,25.25,25.25,25.2,25.21,-3.41,-0.89,-1,225,5672.5
GSSC,2011-08-01,26.1,26.1,25.27,26.1,0,0,-1,50,1263.5
GSSC,2011-07-28,26.48,26.48,25.77,26.1,4.48,1.12,-1,2230,58210
GSSC,2011-07-27,25.01,25.01,24.87,24.98,-0.87,-0.22,-1,3100,77449
GSSC,2011-07-26,25.5,25.5,25,25.2,0.16,0.04,-1,617,15550.95
GSSC,2011-07-25,25.4,25.4,25,25.16,-3.34,-0.87,-1,11707,294605.06
GSSC,2011-07-21,26.5,26.5,25,26.03,1.6,0.41,-1,6400,166623.08
GSSC,2011-07-20,26.4,26.4,24.79,25.62,1.71,0.43,-1,304,7788.77
GSSC,2011-07-18,26.67,26.67,24.8,25.19,2.03,0.5,-1,2240,56423.4
GSSC,2011-07-17,24.77,24.77,24.5,24.69,-1.56,-0.39,-1,285,7035.3
GSSC,2011-07-13,25.5,25.5,24.3,25.08,4.67,1.12,-1,363,9104.4
GSSC,2011-07-12,24.05,24.05,23.81,23.96,-2.8,-0.69,-1,5200,124593.7
GSSC,2011-07-11,25.01,25.01,24.05,24.65,-5.19,-1.35,-1,3660,90232.6
GSSC,2011-07-07,26,26,26,26,1.56,0.4,-1,500,13000
GSSC,2011-07-06,26.92,26.92,25.35,25.6,-2.33,-0.61,-1,5800,148506.3
GSSC,2011-07-05,26.33,26.33,25.9,26.21,-0.64,-0.17,-1,4605,120679.55
GSSC,2011-07-04,26.5,26.5,26.25,26.38,-0.38,-0.1,-1,955,25193.75
GSSC,2011-07-03,26.5,26.5,26.4,26.48,-1.23,-0.33,-1,1165,30847.75
GSSC,2011-06-30,26.85,26.85,25.85,26.81,2.13,0.56,-1,104,2788.4
GSSC,2011-06-29,26.65,26.65,25.65,26.25,-1.65,-0.44,-1,10088,264778.97
GSSC,2011-06-28,26.77,26.77,26.62,26.69,-0.22,-0.06,-1,2000,53377.05
GSSC,2011-06-27,26.76,26.76,26.75,26.75,-0.89,-0.24,-1,250,6688.5
GSSC,2011-06-26,27.57,27.57,26.75,26.99,-0.11,-0.03,-1,1000,26992.21
GSSC,2011-06-23,27.02,27.02,26.87,27.02,0,0,-1,183188,4949697.73
GSSC,2011-06-22,27.06,27.06,27,27.02,-0.84,-0.23,-1,2150,58101.64
GSSC,2011-06-21,27.89,27.89,27.04,27.25,0,0,-1,4160,113349.2
GSSC,2011-06-20,27.36,27.36,27.14,27.25,-1.62,-0.45,-1,1250,34063
GSSC,2011-06-19,27.7,27.7,27.65,27.7,1.02,0.28,-1,6425,177944
GSSC,2011-06-16,27.6,27.6,27.15,27.42,1.74,0.47,-1,7905,216789.42
GSSC,2011-06-15,27.3,27.3,26.75,26.95,0.56,0.15,-1,5536,149178.79
GSSC,2011-06-14,26.9,26.9,26.74,26.8,-0.74,-0.2,-1,1050,28140.53
GSSC,2011-06-13,27.06,27.06,26.9,27,-1.64,-0.45,-1,1500,40507.12
GSSC,2011-06-12,27.45,27.45,27.45,27.45,0.4,0.11,-1,100,2745
GSSC,2011-06-09,27.46,27.46,27,27.34,-0.15,-0.04,-1,2554,69826.64
GSSC,2011-06-07,27.45,27.45,27.35,27.38,1.75,0.47,-1,800,21900.5
GSSC,2011-06-06,27.38,27.38,26.75,26.91,-1.86,-0.51,-1,4451,119761.33
GSSC,2011-06-05,27.59,27.59,27,27.42,2.05,0.55,-1,1850,50736
GSSC,2011-06-02,27.36,27.36,26.8,26.87,-0.85,-0.23,-1,881,23670.65
GSSC,2011-06-01,27.55,27.55,26.91,27.1,-0.07,-0.02,-1,1600,43362
GSSC,2011-05-31,27.31,27.31,26.81,27.12,-1.42,-0.39,-1,1450,39326.1
GSSC,2011-05-30,27.73,27.73,27.21,27.51,0.18,0.05,-1,9388,258268.5
GSSC,2011-05-29,27.57,27.57,27.03,27.46,2.69,0.72,-1,1999,54898.41
GSSC,2011-05-26,27.01,27.01,26.61,26.74,-1.33,-0.36,-1,601,16072.61
GSSC,2011-05-24,27.2,27.2,27,27.1,-0.37,-0.1,-1,450,12195.5
GSSC,2011-05-23,27.65,27.65,27.16,27.2,-0.44,-0.12,-1,750,20398
GSSC,2011-05-22,27.75,27.75,27,27.32,0.18,0.05,-1,6650,181701.95
GSSC,2011-05-19,27.4,27.4,26.68,27.27,0.44,0.12,-1,2618,71393.02
GSSC,2011-05-18,27.45,27.45,26.65,27.15,-1.09,-0.3,-1,670,18190.3
GSSC,2011-05-17,27.57,27.57,27,27.45,1.74,0.47,-1,9050,248387.08
GSSC,2011-05-16,27.15,27.15,26.85,26.98,1.7,0.45,-1,5600,151112.5
GSSC,2011-05-15,26.7,26.7,26.36,26.53,-0.11,-0.03,-1,3430,90998.48
GSSC,2011-05-12,26.7,26.7,26.17,26.56,1.68,0.44,-1,8325,221080.71
GSSC,2011-05-11,26.45,26.45,25.81,26.12,0.85,0.22,-1,1750,45712.5
GSSC,2011-05-10,25.91,25.91,25.9,25.9,-2.41,-0.64,-1,500,12952
GSSC,2011-05-09,26.61,26.61,26.12,26.54,3.07,0.79,-1,1801,47803.12
GSSC,2011-05-05,25.75,25.75,25.75,25.75,-1,-0.26,-1,200,5150
GSSC,2011-05-04,26.05,26.05,26,26.01,-0.27,-0.07,-1,3030,78815.25
GSSC,2011-05-03,26.38,26.38,26,26.08,-1.14,-0.3,-1,2363,61626.18
GSSC,2011-05-02,26.75,26.75,26.15,26.38,1.11,0.29,-1,3350,88360
GSSC,2011-04-28,26.2,26.2,26,26.09,-0.23,-0.06,-1,3300,86092.5
GSSC,2011-04-27,26.5,26.5,25.51,26.15,0.81,0.21,-1,1963,51329.18
GSSC,2011-04-26,26.2,26.2,25.55,25.94,-0.65,-0.17,-1,500,12968
GSSC,2011-04-21,26.49,26.49,25.91,26.11,0.42,0.11,-1,975,25454.25
GSSC,2011-04-19,26.1,26.1,25.8,26,0.97,0.25,-1,3420,88903.1
GSSC,2011-04-18,25.98,25.98,25.01,25.75,-0.96,-0.25,-1,4880,125652.18
GSSC,2011-04-17,26.14,26.14,25.7,26,-1.4,-0.37,-1,1050,27296
GSSC,2011-04-14,26.55,26.55,26,26.37,-0.08,-0.02,-1,2771,73082.5
GSSC,2011-04-13,26.53,26.53,26,26.39,1.11,0.29,-1,4850,127997.48
GSSC,2011-04-12,26.14,26.14,26.06,26.1,2.11,0.54,-1,182,4749.56
GSSC,2011-04-11,25.61,25.61,25.52,25.56,0.04,0.01,-1,1450,37058
GSSC,2011-04-10,25.6,25.6,25.51,25.55,-2.07,-0.54,-1,335,8558.18
GSSC,2011-04-07,26.65,26.65,25.61,26.09,0.31,0.08,-1,3320,86626.95
GSSC,2011-04-06,26.1,26.1,26,26.01,0.12,0.03,-1,4182,108789
GSSC,2011-04-05,26,26,25.86,25.98,0.23,0.06,-1,1300,33772
GSSC,2011-04-04,26.2,26.2,25.35,25.92,-1.78,-0.47,-1,6925,179522.5
GSSC,2011-04-03,26.53,26.53,26,26.39,1.38,0.36,-1,9270,244604.55
GSSC,2011-03-31,26.4,26.4,25.28,26.03,-0.19,-0.05,-1,5418,141011.04
GSSC,2011-03-30,26.99,26.99,25.07,26.08,1.32,0.34,-1,11380,296838.33
GSSC,2011-03-29,26,26,24.11,25.74,4.89,1.2,-1,6633,170715.63
GSSC,2011-03-28,25,25,23.75,24.54,5.78,1.34,-1,8650,212258.26
GSSC,2011-03-27,23.66,23.66,22.25,23.2,7.86,1.69,-1,3120,72384.7
GSSC,2011-03-24,21.61,21.61,21.49,21.51,9.47,1.86,-1,2300,49481
GSSC,2011-03-23,20.21,20.21,19.62,19.65,-9.86,-2.15,-1,15715,308767.97
GSSC,2011-01-27,23.1,23.1,20.15,21.8,-13.42,-3.38,-1,14199,309511.61
GSSC,2011-01-26,26.51,26.51,22.1,25.18,-8.74,-2.41,-1,9055,228035.75
GSSC,2011-01-24,27.78,27.78,27.1,27.59,1.62,0.44,-1,7064,194873.64
GSSC,2011-01-23,27.35,27.35,27,27.15,0.22,0.06,-1,10916,296397.94
GSSC,2011-01-20,27.25,27.25,27.01,27.09,0.71,0.19,-1,6060,164188.9
GSSC,2011-01-19,27,27,26.31,26.9,0.19,0.05,-1,9453,254270.99
GSSC,2011-01-18,27.48,27.48,26.4,26.85,-3.21,-0.89,-1,27665,742826.8
GSSC,2011-01-17,28.79,28.79,27.01,27.74,-1.35,-0.38,-1,25659,711737.99
GSSC,2011-01-16,28.7,28.7,27.53,28.12,-2.8,-0.81,-1,14557,409292.61
GSSC,2011-01-13,29.1,29.1,28.6,28.93,2.59,0.73,-1,24461,707688.41
GSSC,2011-01-12,29,29,27.25,28.2,3.83,1.04,-1,40165,1132628.58
GSSC,2011-01-11,27.72,27.72,27,27.16,-1.49,-0.41,-1,8843,240164.55
GSSC,2011-01-10,27.6,27.6,27.4,27.57,0.25,0.07,-1,2300,63410
GSSC,2011-01-06,27.73,27.73,27.22,27.5,0.15,0.04,-1,9050,248902.8
GSSC,2011-01-05,27.69,27.69,27.36,27.46,-0.22,-0.06,-1,3550,97496.5
GSSC,2011-01-04,27.84,27.84,27.07,27.52,0.22,0.06,-1,12169,334834.37
GSSC,2011-01-03,27.51,27.51,27.38,27.46,-0.44,-0.12,-1,4668,128191.22
GSSC,2011-01-02,27.87,27.87,27.32,27.58,1.51,0.41,-1,750,20683
GSSC,2010-12-30,27.58,27.58,27,27.17,-1.56,-0.43,-1,17133,465426.64
GSSC,2010-12-29,27.8,27.8,27.01,27.6,0.91,0.25,-1,14054,387934.91
GSSC,2010-12-28,27.5,27.5,27,27.35,1.07,0.29,-1,22473,614641.23
GSSC,2010-12-27,27.5,27.5,26.26,27.06,2.42,0.64,-1,20362,550963.66
GSSC,2010-12-26,26.87,26.87,26.1,26.42,-1.12,-0.3,-1,10454,276173.42
GSSC,2010-12-23,26.75,26.75,26.65,26.72,0.15,0.04,-1,8320,222296.5
GSSC,2010-12-22,26.81,26.81,26.4,26.68,0.26,0.07,-1,5645,150615.43
GSSC,2010-12-21,26.75,26.75,26.41,26.61,0.19,0.05,-1,6985,185871.02
GSSC,2010-12-20,26.87,26.87,26.31,26.56,-0.15,-0.04,-1,14444,383654.76
GSSC,2010-12-19,26.67,26.67,26.5,26.6,-0.64,-0.17,-1,4662,124029.58
GSSC,2010-12-16,27.2,27.2,26.6,26.77,-1.4,-0.38,-1,10400,278454.78
GSSC,2010-12-15,27.5,27.5,26.87,27.15,0.67,0.18,-1,24416,662785.2
GSSC,2010-12-14,27.24,27.24,26.8,26.97,0.26,0.07,-1,8866,239099.25
GSSC,2010-12-13,27,27,26.8,26.9,0.04,0.01,-1,11751,316068.89
GSSC,2010-12-12,27.25,27.25,26.5,26.89,0.34,0.09,-1,13725,369047
GSSC,2010-12-09,27,27,26.56,26.8,0.9,0.24,-1,15070,403865
GSSC,2010-12-08,27.7,27.7,26.83,27.13,-9.6,-2.88,-1,14399,390586.74
GSSC,2010-12-06,30.38,30.38,29.88,30.01,-0.03,-0.01,-1,26906,807518.77
GSSC,2010-12-02,30.8,30.8,29.85,30.08,-0.66,-0.2,-1,28467,856247.53
GSSC,2010-12-01,30.54,30.54,30.07,30.28,-0.13,-0.04,-1,6498,196743.4
GSSC,2010-11-30,30.6,30.6,30.06,30.32,-0.59,-0.18,-1,15334,464971.93
GSSC,2010-11-29,30.94,30.94,30.35,30.5,-0.29,-0.09,-1,14548,443778.4
GSSC,2010-11-28,30.9,30.9,30.32,30.59,0.07,0.02,-1,11713,358281.6
GSSC,2010-11-25,30.96,30.96,30.27,30.57,0.46,0.14,-1,13793,421666.98
GSSC,2010-11-24,31,31,30,30.43,-1.78,-0.55,-1,48428,1473770.89
GSSC,2010-11-23,31.15,31.15,30.7,30.98,0.81,0.25,-1,36369,1126845.02
GSSC,2010-11-22,31,31,29.72,30.73,2.3,0.69,-1,41494,1275276.96
GSSC,2010-11-21,30.51,30.51,29.95,30.04,-0.17,-0.05,-1,32929,989153.01
GSSC,2010-11-18,30.35,30.35,30.02,30.09,-1.31,-0.4,-1,5708,171757.3
GSSC,2010-11-14,30.5,30.5,30.36,30.49,-1.04,-0.32,-1,790,24088
GSSC,2010-11-11,31.2,31.2,30.5,30.81,1.38,0.42,-1,8064,248428.46
GSSC,2010-11-10,31,31,30,30.39,0.56,0.17,-1,5958,181036.08
GSSC,2010-11-09,30.6,30.6,30.11,30.22,-1.47,-0.45,-1,6850,207039.02
GSSC,2010-11-08,31.25,31.25,30.2,30.67,-0.84,-0.26,-1,10836,332289.4
GSSC,2010-11-07,31,31,30.6,30.93,1.71,0.52,-1,4200,129892.5
GSSC,2010-11-04,30.85,30.85,30.06,30.41,1.16,0.35,-1,4850,147483.75
GSSC,2010-11-03,30.5,30.5,29.85,30.06,-0.82,-0.25,-1,10100,303621
GSSC,2010-11-02,31.4,31.4,29.89,30.31,1.58,0.47,-1,17710,536796.56
GSSC,2010-11-01,29.9,29.9,29.81,29.84,0.51,0.15,-1,3280,97858.9
GSSC,2010-10-31,30.1,30.1,29.56,29.69,-0.03,-0.01,-1,4200,124690
GSSC,2010-10-28,30,30,29.5,29.7,-0.13,-0.04,-1,2450,72755
GSSC,2010-10-27,30.9,30.9,29.25,29.74,-2.81,-0.86,-1,8935,265764.45
GSSC,2010-10-26,31.18,31.18,30,30.6,-3.26,-1.03,-1,17873,546836.78
GSSC,2010-10-25,32,32,31.17,31.63,-3.21,-1.05,-1,16597,525037.3
GSSC,2010-10-24,33.4,33.4,31.52,32.68,-2.27,-0.76,-1,25065,819200.08
GSSC,2010-10-21,34,34,33,33.44,0.78,0.26,-1,26853,898038.75
GSSC,2010-10-20,33.5,33.5,33,33.18,-0.81,-0.27,-1,22138,734491.4
GSSC,2010-10-19,33.75,33.75,33.21,33.45,0.06,0.02,-1,14668,490585.2
GSSC,2010-10-18,33.74,33.74,33.01,33.43,0.18,0.06,-1,7080,236682.8
GSSC,2010-10-03,34.1,34.1,33.75,33.96,1.28,0.43,-1,6250,212219.55
GSSC,2010-09-30,34,34,33.3,33.53,-0.21,-0.07,-1,11752,394083.75
GSSC,2010-09-29,33.75,33.75,33.45,33.6,1.02,0.34,-1,4185,140619.75
GSSC,2010-09-28,33.95,33.95,33,33.26,-1.45,-0.49,-1,14996,498763.15
GSSC,2010-09-27,33.99,33.99,33.57,33.75,0.39,0.13,-1,4693,158377.48
GSSC,2010-09-26,34,34,33.56,33.62,-0.83,-0.28,-1,1575,52957
GSSC,2010-09-23,34.25,34.25,33.6,33.9,1.22,0.41,-1,13866,470018.44
GSSC,2010-09-22,33.65,33.65,33.4,33.49,0.39,0.13,-1,3100,103804
GSSC,2010-09-21,33.5,33.5,33.2,33.36,-0.71,-0.24,-1,5241,174845.53
GSSC,2010-09-20,33.75,33.75,33.41,33.6,0,0,-1,5247,176314.68
GSSC,2010-09-19,33.75,33.75,33.45,33.6,1.08,0.36,-1,10500,352827
GSSC,2010-09-16,33.44,33.44,33,33.24,0.7,0.23,-1,9200,305819.6
GSSC,2010-09-15,33.48,33.48,33,33.01,-0.69,-0.23,-1,10453,345081.58
GSSC,2010-09-14,33.5,33.5,33.04,33.24,0.54,0.18,-1,8650,287514
GSSC,2010-09-13,33.4,33.4,33,33.06,0.73,0.24,-1,1000,33062
GSSC,2010-09-08,33,33,32.36,32.82,0.98,0.32,-1,5848,191902.57
GSSC,2010-09-07,32.75,32.75,32.33,32.5,-0.09,-0.03,-1,1488,48358.04
GSSC,2010-09-06,32.88,32.88,32.49,32.53,0.53,0.17,-1,1680,54658.4
GSSC,2010-09-05,32.4,32.4,32.3,32.36,-1.1,-0.36,-1,700,22654
GSSC,2010-09-02,32.75,32.75,32.23,32.72,0.93,0.3,-1,1563,51148.49
GSSC,2010-09-01,32.98,32.98,32.15,32.42,1.41,0.45,-1,2390,77473.5
GSSC,2010-08-31,32,32,31.82,31.97,-0.16,-0.05,-1,6466,206746.82
GSSC,2010-08-30,32.23,32.23,31.9,32.02,-0.09,-0.03,-1,5827,186562.52
GSSC,2010-08-29,32.5,32.5,32,32.05,0.12,0.04,-1,9650,309281.91
GSSC,2010-08-26,32.06,32.06,32,32.01,-0.5,-0.16,-1,1260,40326.6
GSSC,2010-08-25,32.5,32.5,32,32.17,-0.56,-0.18,-1,7511,241651.25
GSSC,2010-08-24,32.9,32.9,32.16,32.35,-0.22,-0.07,-1,7650,247443
GSSC,2010-08-23,32.95,32.95,32.25,32.42,-0.34,-0.11,-1,6360,206165.19
GSSC,2010-08-22,32.53,32.53,32.53,32.53,-1.63,-0.54,-1,500,16265
GSSC,2010-08-19,33.4,33.4,33,33.07,-0.21,-0.07,-1,2620,86643
GSSC,2010-08-18,33.61,33.61,32.83,33.14,0,0,-1,18000,596605.78
GSSC,2010-08-17,33.64,33.64,32.75,33.14,1.78,0.58,-1,8434,279498.78
GSSC,2010-08-16,32.8,32.8,32.25,32.56,1.62,0.52,-1,2630,85622.56
GSSC,2010-08-15,32.1,32.1,32.01,32.04,-1.11,-0.36,-1,2804,89834.45
GSSC,2010-08-12,32.9,32.9,31.5,32.4,-2.03,-0.67,-1,3967,128540.62
GSSC,2010-08-11,33.45,33.45,32.5,33.07,-2.91,-0.99,-1,3540,117052.29
GSSC,2010-08-10,34.64,34.64,33.71,34.06,-0.55,-0.19,-1,8776,298867.92
GSSC,2010-08-09,35,35,33.85,34.25,0.53,0.18,-1,25763,882424.92
GSSC,2010-08-08,35,35,33.43,34.07,3.34,1.1,-1,27144,924888.66
GSSC,2010-08-05,33.41,33.41,32.06,32.97,2.26,0.73,-1,7794,256984.74
GSSC,2010-08-04,32.9,32.9,31.2,32.24,1.61,0.51,-1,23917,771121.94
GSSC,2010-08-03,32,32,31.21,31.73,1.83,0.57,-1,16509,523856.5
GSSC,2010-08-02,31.2,31.2,31,31.16,-0.48,-0.15,-1,2816,87752.29
GSSC,2010-08-01,31.31,31.31,31.31,31.31,0.51,0.16,-1,400,12524
GSSC,2010-07-29,31.25,31.25,30.62,31.15,0.32,0.1,-1,985,30680.6
GSSC,2010-07-28,31.45,31.45,31,31.05,-0.74,-0.23,-1,4520,140353.8
GSSC,2010-07-27,31.33,31.33,31.21,31.28,0.19,0.06,-1,2780,86946
GSSC,2010-07-26,32,32,31,31.22,-1.95,-0.62,-1,13361,417144.38
GSSC,2010-07-25,31.94,31.94,31.3,31.84,1.24,0.39,-1,3870,123239.16
GSSC,2010-07-22,31.5,31.5,31.15,31.45,1.35,0.42,-1,1700,53470
GSSC,2010-07-21,31.97,31.97,30.91,31.03,-0.64,-0.2,-1,7200,223443.25
GSSC,2010-07-20,32.23,32.23,31.06,31.23,0.1,0.03,-1,155092,4843408.02
GSSC,2010-07-19,31.5,31.5,30.99,31.2,3.86,1.16,-1,5563,173553.27
GSSC,2010-07-18,30.59,30.59,29.4,30.04,-1.57,-0.48,-1,8898,267303.29
GSSC,2010-07-15,31.14,31.14,30,30.52,-0.84,-0.26,-1,13891,423983.16
GSSC,2010-07-14,31.18,31.18,30.5,30.78,0.36,0.11,-1,6741,207477.23
GSSC,2010-07-13,31.5,31.5,29.98,30.67,3.27,0.97,-1,5570,170826.8
GSSC,2010-07-12,30,30,29.26,29.7,-0.44,-0.13,-1,4805,142686.7
GSSC,2010-07-11,30,30,29.14,29.83,3.08,0.89,-1,10250,305710
GSSC,2010-07-08,29.1,29.1,28.42,28.94,1.4,0.4,-1,6175,178703
GSSC,2010-07-07,29.95,29.95,28.19,28.54,1.1,0.31,-1,8780,250606
GSSC,2010-07-06,28.75,28.75,28.1,28.23,0.71,0.2,-1,7241,204440.5
GSSC,2010-07-05,28.03,28.03,28.02,28.03,-0.14,-0.04,-1,393,11014.86
GSSC,2010-07-04,28.73,28.73,28,28.07,0.21,0.06,-1,16666,467895.5
GSSC,2010-06-30,28.5,28.5,28,28.01,-0.53,-0.15,-1,22250,623331.09
GSSC,2010-06-29,28.7,28.7,28,28.16,-3.63,-1.06,-1,21350,601113.13
GSSC,2010-06-28,29.95,29.95,28.8,29.22,-0.68,-0.2,-1,9500,277557.2
GSSC,2010-06-27,29.98,29.98,28.99,29.42,1.98,0.57,-1,1700,50022.23
GSSC,2010-06-24,29,29,28.65,28.85,1.55,0.44,-1,9272,267481.9
GSSC,2010-06-23,28.85,28.85,28.26,28.41,-1.08,-0.31,-1,1320,37503.68
GSSC,2010-06-22,29,29,28.5,28.72,-0.62,-0.18,-1,10125,290824.8
GSSC,2010-06-21,29.5,29.5,28.75,28.9,-0.58,-0.17,-1,4750,137262.8
GSSC,2010-06-20,29.24,29.24,28.61,29.07,1.82,0.52,-1,9580,278487.2
GSSC,2010-06-17,28.7,28.7,28.16,28.55,1.35,0.38,-1,2125,60678
GSSC,2010-06-16,28.6,28.6,28.05,28.17,0.11,0.03,-1,11359,319991.05
GSSC,2010-06-15,28.25,28.25,28,28.14,-1.26,-0.36,-1,5600,157583.04
GSSC,2010-06-14,28.8,28.8,28.16,28.5,0.53,0.15,-1,4475,127549
GSSC,2010-06-13,28.5,28.5,28.31,28.35,0.78,0.22,-1,376,10659.76
GSSC,2010-06-10,28.21,28.21,28.02,28.13,-1.54,-0.44,-1,2875,80876
GSSC,2010-06-09,29,29,28.21,28.57,2.04,0.57,-1,1750,49991.5
GSSC,2010-06-08,28.05,28.05,27.85,28,-0.28,-0.08,-1,13416,375613.11
GSSC,2010-06-07,28.5,28.5,27.9,28.08,-1.02,-0.29,-1,14380,403811.4
GSSC,2010-06-06,28.89,28.89,28.21,28.37,-1.08,-0.31,-1,2300,65242.5
GSSC,2010-06-03,29.5,29.5,28.5,28.68,1.59,0.45,-1,11699,335489
GSSC,2010-06-02,28.98,28.98,28,28.23,-0.14,-0.04,-1,6610,186593.5
GSSC,2010-06-01,29.1,29.1,28,28.27,-1.05,-0.3,-1,9700,274193.02
GSSC,2010-05-31,29.25,29.25,28,28.57,-1.55,-0.45,-1,24350,695734.38
GSSC,2010-05-30,29.12,29.12,28.85,29.02,-0.27,-0.08,-1,3595,104328.25
GSSC,2010-05-27,29.98,29.98,27.8,29.1,3.6,1.01,-1,8477,246665.25
GSSC,2010-05-26,28.5,28.5,27.3,28.09,3.39,0.92,-1,2800,78655.4
GSSC,2010-05-25,28,28,26.5,27.17,-4.23,-1.2,-1,11143,302764.2
GSSC,2010-05-24,29.89,29.89,27.9,28.37,0.32,0.09,-1,19490,552986.26
GSSC,2010-05-23,28.74,28.74,28.02,28.28,-1.36,-0.39,-1,5047,142720.74
GSSC,2010-05-20,29.5,29.5,28.5,28.67,-0.83,-0.24,-1,11700,335431
GSSC,2010-05-19,30,30,28.5,28.91,-4.33,-1.31,-1,19655,568271.92
GSSC,2010-05-18,30.73,30.73,29.74,30.22,0.9,0.27,-1,562,16984.18
GSSC,2010-05-17,30.3,30.3,29.45,29.95,-0.3,-0.09,-1,6126,183468.04
GSSC,2010-05-16,30.25,30.25,30,30.04,-2.12,-0.65,-1,5150,154724.47
GSSC,2010-05-13,31,31,30.61,30.69,0.33,0.1,-1,1445,44341.85
GSSC,2010-05-12,31.2,31.2,30.26,30.59,-0.78,-0.24,-1,3973,121540.14
GSSC,2010-05-11,31.99,31.99,30.61,30.83,-0.64,-0.2,-1,5845,180186.19
GSSC,2010-05-10,31.5,31.5,30.65,31.03,0.45,0.14,-1,7256,225170.4
GSSC,2010-05-09,31.44,31.44,29.9,30.89,-2.12,-0.67,-1,12893,398257.48
GSSC,2010-05-06,31.94,31.94,31.38,31.56,0.83,0.26,-1,3820,120573.15
GSSC,2010-05-05,31.96,31.96,31,31.3,-1.07,-0.34,-1,4715,147596.65
GSSC,2010-05-04,32.85,32.85,31.1,31.64,-1.19,-0.38,-1,12980,410640.63
GSSC,2010-05-03,32.49,32.49,31.75,32.02,1.36,0.43,-1,7761,248470.6
GSSC,2010-05-02,32,32,31.1,31.59,-2.2,-0.71,-1,1788,56477.24
GSSC,2010-04-29,32.99,32.99,32.01,32.3,-1.43,-0.47,-1,12716,410731.06
GSSC,2010-04-28,33,33,32,32.77,-0.85,-0.28,-1,8201,268747.42
GSSC,2010-04-27,33.98,33.98,31.4,33.05,3.28,1.05,-1,25730,850296.95
GSSC,2010-04-26,32.3,32.3,31.26,32,2.2,0.69,-1,4008,128248.05
GSSC,2010-04-22,31.5,31.5,31.17,31.31,-1.76,-0.56,-1,5517,172715.01
GSSC,2010-04-21,32.4,32.4,31.37,31.87,-0.41,-0.13,-1,15316,488081.57
GSSC,2010-04-20,32.3,32.3,31.85,32,0.06,0.02,-1,4193,134177.38
GSSC,2010-04-19,32.38,32.38,31.75,31.98,0.35,0.11,-1,8532,272837.65
GSSC,2010-04-18,32.19,32.19,31.72,31.87,-1.54,-0.5,-1,6514,207627.41
GSSC,2010-04-15,32.96,32.96,32.04,32.37,-0.15,-0.05,-1,17975,581761.21
GSSC,2010-04-14,32.8,32.8,32.03,32.42,0.65,0.21,-1,12588,408165.2
GSSC,2010-04-13,32.45,32.45,32.1,32.21,-0.95,-0.31,-1,4028,129755.29
GSSC,2010-04-12,33.29,33.29,32.4,32.52,-1.84,-0.61,-1,6959,226304.32
GSSC,2010-04-11,33.85,33.85,32.66,33.13,0.7,0.23,-1,9670,320402.53
GSSC,2010-04-08,33.2,33.2,32.25,32.9,2.11,0.68,-1,12574,413745.89
GSSC,2010-04-07,33.35,33.35,32.05,32.22,-2.48,-0.82,-1,13099,421993.83
GSSC,2010-04-06,33.51,33.51,32.02,33.04,1.16,0.38,-1,10949,361776.12
GSSC,2010-04-01,33.33,33.33,31.91,32.66,0.65,0.21,-1,3085,100759.99
GSSC,2010-03-31,33,33,31.77,32.45,2.3,0.73,-1,18759,608721.79
GSSC,2010-03-30,32,32,30.85,31.72,-0.13,-0.04,-1,12475,395753.48
GSSC,2010-03-29,32.1,32.1,31.25,31.76,0.95,0.3,-1,25321,804084.41
GSSC,2010-03-28,32,32,30.5,31.46,3.28,1,-1,23350,734496.22
GSSC,2010-03-25,30.79,30.79,30,30.46,2.11,0.63,-1,6148,187265.14
GSSC,2010-03-24,31.48,31.48,29.4,29.83,-1.78,-0.54,-1,15655,466962.12
GSSC,2010-03-23,31,31,29.03,30.37,3.79,1.11,-1,9394,285322.31
GSSC,2010-03-22,29.5,29.5,29,29.26,0.17,0.05,-1,8068,236073.78
GSSC,2010-03-21,29.5,29.5,29,29.21,0,0,-1,3652,106684.77
GSSC,2010-03-18,29.53,29.53,28.31,29.21,2.2,0.63,-1,10431,304716.45
GSSC,2010-03-17,29.29,29.29,28.24,28.58,-0.1,-0.03,-1,6402,182983.71
GSSC,2010-03-16,29.99,29.99,28.05,28.61,2.43,0.68,-1,1898,54308.39
GSSC,2010-03-15,28.84,28.84,27.11,27.93,-4.81,-1.41,-1,19595,547324.77
GSSC,2010-03-14,30.25,30.25,27,29.34,-5.02,-1.55,-1,7700,225906.2
GSSC,2010-03-11,31.35,31.35,30.5,30.89,0.68,0.21,-1,5594,172774.1
GSSC,2010-03-10,31.29,31.29,30.3,30.68,1.59,0.48,-1,5745,176253.57
GSSC,2010-03-09,31.03,31.03,30.04,30.2,-2.36,-0.73,-1,7740,233785.84
GSSC,2010-03-08,31.2,31.2,30.51,30.93,-2.61,-0.83,-1,5009,154929.5
GSSC,2010-03-07,32.5,32.5,30.91,31.76,-1.73,-0.56,-1,5155,163741.74
GSSC,2010-03-04,32.99,32.99,32.06,32.32,-1.67,-0.55,-1,2611,84390.68
GSSC,2010-03-03,33.6,33.6,32.5,32.87,0.67,0.22,-1,8966,294701.13
GSSC,2010-03-02,33.24,33.24,32,32.65,0.49,0.16,-1,7721,252085.54
GSSC,2010-03-01,32.9,32.9,32.02,32.49,-0.18,-0.06,-1,5132,166739.17
GSSC,2010-02-28,32.9,32.9,32.44,32.55,-1.63,-0.54,-1,2740,89196.36
GSSC,2010-02-25,33.49,33.49,32.87,33.09,0.98,0.32,-1,10053,332640.29
GSSC,2010-02-24,33.85,33.85,32.3,32.77,-0.85,-0.28,-1,19182,628588.86
GSSC,2010-02-23,33.9,33.9,32.67,33.05,-3.9,-1.34,-1,11761,388649.31
GSSC,2010-02-22,35.11,35.11,33.73,34.39,-2.13,-0.75,-1,12916,444137.28
GSSC,2010-02-21,35.54,35.54,34.51,35.14,-1.9,-0.68,-1,12440,437135.5
GSSC,2010-02-18,36.25,36.25,35.12,35.82,0.82,0.29,-1,10629,380727.34
GSSC,2010-02-17,36.25,36.25,35.25,35.53,-1.72,-0.62,-1,24061,854767.43
GSSC,2010-02-16,36.85,36.85,35.97,36.15,-0.47,-0.17,-1,17144,619754.02
GSSC,2010-02-15,37.36,37.36,35.02,36.32,0.25,0.09,-1,62013,2252312.53
GSSC,2010-02-14,36.45,36.45,36.1,36.23,0.11,0.04,-1,10335,374427.02
GSSC,2010-02-11,36.59,36.59,36.06,36.19,-1.42,-0.52,-1,9289,336133.13
GSSC,2010-02-10,37.65,37.65,36.2,36.71,-0.14,-0.05,-1,22130,812333.88
GSSC,2010-02-09,37.55,37.55,36.1,36.76,-1.37,-0.51,-1,13535,497494.97
GSSC,2010-02-08,38.49,38.49,36.61,37.27,0.51,0.19,-1,34794,1296759.77
GSSC,2010-02-07,38.5,38.5,35.27,37.08,4.83,1.71,-1,57569,2134536.65
GSSC,2010-02-04,36,36,35.1,35.37,-1.97,-0.71,-1,14151,500496.32
GSSC,2010-02-03,36.75,36.75,35.65,36.08,-0.11,-0.04,-1,12518,451615.05
GSSC,2010-02-02,36.7,36.7,35.6,36.12,0.44,0.16,-1,20187,729134.85
GSSC,2010-02-01,36.69,36.69,35.25,35.96,0.33,0.12,-1,9415,338569.64
GSSC,2010-01-31,36.03,36.03,35.36,35.84,-2.69,-0.99,-1,9224,330624.52
GSSC,2010-01-28,37.64,37.64,35.6,36.83,2.79,1,-1,22203,817718.78
GSSC,2010-01-27,36.28,36.28,35.13,35.83,1.47,0.52,-1,19945,714544.97
GSSC,2010-01-26,36,36,35.01,35.31,-3.58,-1.31,-1,16290,575212.85
GSSC,2010-01-24,37.5,37.5,35.88,36.62,-5.01,-1.93,-1,67478,2471060.32
GSSC,2010-01-21,39.5,39.5,38,38.55,1.69,0.64,-1,39579,1525908.7
GSSC,2010-01-20,39.89,39.89,36.05,37.91,3.33,1.22,-1,88658,3360979.01
GSSC,2010-01-19,37.89,37.89,36,36.69,-0.35,-0.13,-1,75445,2768276.1
GSSC,2010-01-18,37.49,37.49,35.77,36.82,1.8,0.65,-1,37526,1381751.89
GSSC,2010-01-17,36.85,36.85,35.76,36.17,0.03,0.01,-1,14523,525318.05
GSSC,2010-01-14,36.77,36.77,35.02,36.16,1.92,0.68,-1,25918,937081.26
GSSC,2010-01-13,36.25,36.25,34.85,35.48,-2.02,-0.73,-1,23087,819206.82
GSSC,2010-01-12,36.93,36.93,35.79,36.21,-2.74,-1.02,-1,19754,715239.87
GSSC,2010-01-11,38,38,36.1,37.23,4.55,1.62,-1,32540,1211510.34
GSSC,2010-01-10,36,36,35.28,35.61,0.85,0.3,-1,40091,1427623.3
GSSC,2010-01-06,35.85,35.85,34.72,35.31,1.2,0.42,-1,21566,761575.34
GSSC,2010-01-05,35.45,35.45,34,34.89,-0.4,-0.14,-1,24033,838582.64
GSSC,2010-01-04,35.5,35.5,34.4,35.03,4.6,1.54,-1,16200,567425.94
GSSC,2010-01-03,34.25,34.25,32.95,33.49,2.23,0.73,-1,8754,293139.75
GSSC,2009-12-31,33.39,33.39,32.5,32.76,-1.95,-0.65,-1,4913,160933.93
GSSC,2009-12-30,34.8,34.8,32.25,33.41,-1.56,-0.53,-1,4183,139760.75
GSSC,2009-12-29,33.95,33.95,33.93,33.94,-0.73,-0.25,-1,230,7805.4
GSSC,2009-12-28,35,35,32.75,34.19,3.2,1.06,-1,1947,66559.63
GSSC,2009-12-27,33.99,33.99,32.75,33.13,-2.13,-0.72,-1,3013,99815.71
GSSC,2009-12-24,34.29,34.29,33.34,33.85,-1.77,-0.61,-1,5538,187445.11
GSSC,2009-12-23,35.39,35.39,33.59,34.46,0.03,0.01,-1,18544,639063.16
GSSC,2009-12-22,35.45,35.45,33.56,34.45,-0.14,-0.05,-1,13098,451184.11
GSSC,2009-12-21,34.74,34.74,33.54,34.5,-0.61,-0.21,-1,2450,84525.3
GSSC,2009-12-20,35.7,35.7,33.66,34.71,-0.74,-0.26,-1,9125,316734.08
GSSC,2009-12-17,35.8,35.8,34,34.97,0.46,0.16,-1,3787,132419.73
GSSC,2009-12-16,37,37,34.5,34.81,-2.36,-0.84,-1,31502,1096650.78
GSSC,2009-12-15,36.69,36.69,34.5,35.65,1.83,0.64,-1,4384,156309.98
GSSC,2009-12-14,35.9,35.9,34.77,35.01,0.95,0.33,-1,2620,91718.05
GSSC,2009-12-13,35.99,35.99,34.35,34.68,-2.69,-0.96,-1,1950,67628.92
GSSC,2009-12-10,37.95,37.95,34.5,35.64,4.18,1.43,-1,14002,499028.23
GSSC,2009-12-09,34.9,34.9,34.01,34.21,-8.09,-3.01,-1,3395,116133.62
GSSC,2009-12-08,37.88,37.88,35.4,37.22,-7.09,-2.84,-1,13083,486964.76
GSSC,2009-12-07,40.5,40.5,39.66,40.06,-0.99,-0.4,-1,22720,910162.53
GSSC,2009-12-06,40.89,40.89,40,40.46,0.35,0.14,-1,12226,494655.31
GSSC,2009-12-03,41,41,39.9,40.32,1.15,0.46,-1,8369,337404.64
GSSC,2009-12-02,40.35,40.35,39.06,39.86,1.5,0.59,-1,3986,158878.97
GSSC,2009-12-01,40.59,40.59,38.71,39.27,3.53,1.34,-1,8242,323636.86
GSSC,2009-11-30,39.5,39.5,37.4,37.93,-6.04,-2.44,-1,12485,473578.36
GSSC,2009-11-25,42.69,42.69,40,40.37,-1.08,-0.44,-1,6116,246931.46
GSSC,2009-11-24,44.45,44.45,38.5,40.81,3.95,1.55,-1,8210,335052.9
GSSC,2009-11-23,40,40,38.8,39.26,-2.46,-0.99,-1,2610,102477.8
GSSC,2009-11-22,40.89,40.89,40,40.25,0.02,0.01,-1,2000,80496
GSSC,2009-11-19,41,41,38.51,40.24,1.93,0.76,-1,4615,185701.25
GSSC,2009-11-18,40.45,40.45,39,39.48,-1.6,-0.64,-1,2315,91405.5
GSSC,2009-11-17,41.22,41.22,39.26,40.12,-4.23,-1.77,-1,2479,99460.47
GSSC,2009-11-16,43,43,41.05,41.89,-0.5,-0.21,-1,5185,217210.41
GSSC,2009-11-15,42.39,42.39,41.65,42.1,-1.36,-0.58,-1,5898,248283.9
GSSC,2009-11-12,43.4,43.4,41.97,42.68,-2.89,-1.27,-1,3888,165957.19
GSSC,2009-11-11,45.5,45.5,42.81,43.95,-5.52,-2.57,-1,14870,653573.41
GSSC,2009-11-10,50.5,50.5,44,46.52,8.64,3.7,-1,10245,476641.88
GSSC,2009-11-09,44.48,44.48,41.69,42.82,2.78,1.16,-1,15315,655811.18
GSSC,2009-11-08,42.45,42.45,41.29,41.66,2.92,1.18,-1,9421,392471.1
GSSC,2009-11-05,42,42,39.58,40.48,-5.2,-2.22,-1,14033,568087.51
GSSC,2009-11-04,44.94,44.94,42,42.7,-0.44,-0.19,-1,11465,489557.23
GSSC,2009-11-03,46.17,46.17,42,42.89,-8.1,-3.78,-1,18365,787624.62
GSSC,2009-11-02,47.5,47.5,46.03,46.67,0.09,0.04,-1,12921,603025.25
GSSC,2009-11-01,47.15,47.15,45.7,46.63,-2.16,-1.03,-1,6719,313322.4
GSSC,2009-10-29,48.99,48.99,47,47.66,-3.03,-1.49,-1,12207,581808.98
GSSC,2009-10-28,51.15,51.15,48.68,49.15,-1.09,-0.54,-1,15310,752512.53
GSSC,2009-10-27,50.95,50.95,49,49.69,-1.74,-0.88,-1,5507,273667.46
GSSC,2009-10-26,51.6,51.6,50,50.57,-0.34,-0.17,-1,10654,538727.39
GSSC,2009-10-25,51.75,51.75,50.52,50.74,0.06,0.03,-1,11227,569687.01
GSSC,2009-10-22,51.83,51.83,49.21,50.71,0.24,0.12,-1,20510,1040083.27
GSSC,2009-10-21,51.99,51.99,50,50.59,-2.86,-1.49,-1,25925,1311469.59
GSSC,2009-10-20,53.89,53.89,51.55,52.08,-1.2,-0.63,-1,23120,1204141.05
GSSC,2009-10-19,53.7,53.7,52.25,52.71,0.86,0.45,-1,18820,992051.62
GSSC,2009-10-18,54,54,51.75,52.26,-2.72,-1.46,-1,13360,698192.83
GSSC,2009-10-15,55.9,55.9,53.02,53.72,1.42,0.75,-1,27020,1451408.82
GSSC,2009-10-14,55,55,51.7,52.97,1.22,0.64,-1,77657,4113313.66
GSSC,2009-10-13,54.4,54.4,51.52,52.33,-2.5,-1.34,-1,7701,402962.27
GSSC,2009-10-12,54.99,54.99,52.1,53.67,-2.06,-1.13,-1,13660,733141.68
GSSC,2009-10-11,55.5,55.5,53,54.8,1.29,0.7,-1,3300,180842
GSSC,2009-10-08,56.21,56.21,53.25,54.1,-3.94,-2.22,-1,17773,961599.64
GSSC,2009-10-07,57.6,57.6,55,56.32,-0.12,-0.07,-1,15910,896055.2
GSSC,2009-10-05,58.55,58.55,54,56.39,-4.47,-2.64,-1,37679,2124837.92
GSSC,2009-10-04,60.01,60.01,58,59.03,-2.06,-1.24,-1,16071,948696.06
GSSC,2009-10-01,62,62,59,60.27,2.8,1.64,-1,37871,2282599.7
GSSC,2009-09-30,59.9,59.9,57.25,58.63,-0.56,-0.33,-1,31145,1825921.29
GSSC,2009-09-29,60.45,60.45,57.01,58.96,5.91,3.29,-1,75863,4472631.36
GSSC,2009-09-28,57.5,57.5,53,55.67,1.26,0.69,-1,87040,4845451.57
GSSC,2009-09-27,56.5,56.5,54,54.98,-0.05,-0.03,-1,27394,1506196.14
GSSC,2009-09-24,57.16,57.16,52.9,55.01,2.88,1.54,-1,35376,1945946.14
GSSC,2009-09-23,54.7,54.7,52,53.47,2.02,1.06,-1,50495,2700173.69
GSSC,2009-09-22,53.25,53.25,51.77,52.41,-0.4,-0.21,-1,23908,1252938.08
GSSC,2009-09-17,53.48,53.48,51.45,52.62,1.47,0.76,-1,9603,505320.88
GSSC,2009-09-16,53.47,53.47,48.5,51.86,6.71,3.26,-1,94958,4924237.34
GSSC,2009-09-15,49.2,49.2,48.5,48.6,-0.63,-0.31,-1,8805,427913.8
GSSC,2009-09-14,49.8,49.8,48.5,48.91,-1.81,-0.9,-1,17378,849986.63
GSSC,2009-09-13,50.38,50.38,49.12,49.81,-0.7,-0.35,-1,15375,765827.08
GSSC,2009-09-10,51,51,49.12,50.16,-0.77,-0.39,-1,37467,1879168.64
GSSC,2009-09-09,52.5,52.5,50,50.55,0.82,0.41,-1,27115,1370674.06
GSSC,2009-09-08,51.5,51.5,48.7,50.14,2.96,1.44,-1,107686,5399509.74
GSSC,2009-09-07,49.01,49.01,48.05,48.7,-0.49,-0.24,-1,18183,885476.65
GSSC,2009-09-06,49.4,49.4,48,48.94,2.62,1.25,-1,58022,2839357.36
GSSC,2009-09-03,48.25,48.25,46.37,47.69,4.24,1.94,-1,57108,2723563.02
GSSC,2009-09-02,46.6,46.6,44.51,45.75,1.06,0.48,-1,10780,493131.45
GSSC,2009-09-01,45.55,45.55,45,45.27,-1.5,-0.69,-1,6735,304861.2
GSSC,2009-08-31,47.08,47.08,45.51,45.96,-1.84,-0.86,-1,11675,536562.34
GSSC,2009-08-30,47.99,47.99,46.5,46.82,-1.87,-0.89,-1,10627,497534.65
GSSC,2009-08-27,48.5,48.5,46.6,47.71,1.92,0.9,-1,37256,1777632.12
GSSC,2009-08-26,47.8,47.8,45,46.81,3.31,1.5,-1,42557,1992105.55
GSSC,2009-08-25,45.61,45.61,45,45.31,-1.71,-0.79,-1,7470,338455.95
GSSC,2009-08-24,47,47,45.37,46.1,-0.63,-0.29,-1,23031,1061781.2
GSSC,2009-08-23,47.38,47.38,45.9,46.39,1.8,0.82,-1,14905,691515.99
GSSC,2009-08-20,47,47,44.55,45.57,1.24,0.56,-1,22819,1039788.89
GSSC,2009-08-19,47.35,47.35,44,45.01,-2.05,-0.94,-1,22827,1027384.15
GSSC,2009-08-18,48.23,48.23,43.99,45.95,-0.5,-0.23,-1,28962,1330733.88
GSSC,2009-08-17,48.4,48.4,44.58,46.18,-4.72,-2.29,-1,52645,2431178.18
GSSC,2009-08-16,49.98,49.98,45.55,48.47,4.87,2.25,-1,52483,2543777.89
GSSC,2009-08-13,48.68,48.68,44,46.22,8.47,3.61,-1,91827,4244649.58
GSSC,2009-08-12,44.44,44.44,41.35,42.61,2.72,1.13,-1,38275,1630768.68
GSSC,2009-08-11,42.79,42.79,40.39,41.48,-0.48,-0.2,-1,30170,1251526.49
GSSC,2009-08-10,43,43,40.43,41.68,3.53,1.42,-1,44802,1867380.94
GSSC,2009-08-09,41.26,41.26,40.03,40.26,0.32,0.13,-1,7078,284954.16
GSSC,2009-08-06,41,41,39.56,40.13,-2,-0.82,-1,17157,688476.54
GSSC,2009-08-05,41.32,41.32,40,40.95,1.84,0.74,-1,19302,790499.21
GSSC,2009-08-04,42,42,39.54,40.21,-2.57,-1.06,-1,16990,683147.5
GSSC,2009-08-03,42.5,42.5,40.3,41.27,-0.65,-0.27,-1,22735,938352.3
GSSC,2009-08-02,42.45,42.45,40.51,41.54,3.93,1.57,-1,52112,2164637.55
GSSC,2009-07-30,40.89,40.89,37.37,39.97,3.85,1.48,-1,51947,2076067.64
GSSC,2009-07-29,39,39,37.17,38.49,0.13,0.05,-1,11190,430656.23
GSSC,2009-07-28,39.55,39.55,37.41,38.44,0.21,0.08,-1,18043,693651.57
GSSC,2009-07-27,39.79,39.79,37,38.36,3.9,1.44,-1,18597,713372.28
GSSC,2009-07-26,37.25,37.25,36.4,36.92,2.76,0.99,-1,4555,168164.62
GSSC,2009-07-22,36.7,36.7,35.56,35.93,-0.44,-0.16,-1,8065,289738.09
GSSC,2009-07-21,36.56,36.56,35.7,36.09,-2.06,-0.76,-1,16735,603896.74
GSSC,2009-07-20,37,37,36.16,36.85,0.19,0.07,-1,2820,103925.43
GSSC,2009-07-19,37,37,36.11,36.78,1.13,0.41,-1,9150,336504.18
GSSC,2009-07-16,36.97,36.97,35.8,36.37,2.68,0.95,-1,6448,234542.26
GSSC,2009-07-15,36.4,36.4,35.09,35.42,-1.12,-0.4,-1,2948,104425.6
GSSC,2009-07-14,36.5,36.5,35.11,35.82,2.84,0.99,-1,7000,250728.8
GSSC,2009-07-13,35.92,35.92,33.55,34.83,0.37,0.13,-1,14242,496033.82
GSSC,2009-07-12,35.5,35.5,34.3,34.7,-1.81,-0.64,-1,8678,301104.83
GSSC,2009-07-09,36.14,36.14,35.01,35.34,-0.81,-0.29,-1,4530,160091.9
GSSC,2009-07-08,36.45,36.45,35,35.63,-3.18,-1.17,-1,9206,328037.9
GSSC,2009-07-07,37.05,37.05,35.66,36.8,3.87,1.37,-1,4060,149410.96
GSSC,2009-07-06,37,37,35,35.43,-5.29,-1.98,-1,13322,471940.02
GSSC,2009-07-05,38.04,38.04,36.5,37.41,-0.61,-0.23,-1,12764,477454.1
GSSC,2009-07-02,37.97,37.97,36.94,37.64,6.57,2.32,-1,3993,150306.13
GSSC,2009-06-30,36.25,36.25,34.75,35.32,-1.26,-0.45,-1,17850,630450.44
GSSC,2009-06-29,36.89,36.89,35.02,35.77,0.76,0.27,-1,3236,115767.18
GSSC,2009-06-28,36.69,36.69,35,35.5,-1.42,-0.51,-1,2765,98160.04
GSSC,2009-06-25,37.73,37.73,34.72,36.01,-3.28,-1.22,-1,11800,424884.24
GSSC,2009-06-24,38.34,38.34,36.05,37.23,-0.69,-0.26,-1,7964,296470.3
GSSC,2009-06-23,38.4,38.4,36.9,37.49,-2.45,-0.94,-1,14642,548992.15
GSSC,2009-06-22,40.97,40.97,37.68,38.43,-4.31,-1.73,-1,40901,1571955.59
GSSC,2009-06-21,41.19,41.19,39.05,40.16,0.98,0.39,-1,19549,785128.07
GSSC,2009-06-18,41,41,39,39.77,-0.87,-0.35,-1,13748,546689.47
GSSC,2009-06-17,41,41,39.64,40.12,-1.18,-0.48,-1,1650,66194.95
GSSC,2009-06-16,41.49,41.49,39.12,40.6,-0.61,-0.25,-1,11894,482948.79
GSSC,2009-06-15,41.51,41.51,39,40.85,3.05,1.21,-1,30899,1262074.78
GSSC,2009-06-14,40.43,40.43,39,39.64,1.64,0.64,-1,17650,699590.14
GSSC,2009-06-11,40.79,40.79,38.04,39,-0.71,-0.28,-1,15311,597053.83
GSSC,2009-06-10,40.6,40.6,38.5,39.28,2.83,1.08,-1,23075,906337.05
GSSC,2009-06-09,38.25,38.25,37.76,38.2,0,0,-1,12293,469542.03
GSSC,2009-06-08,39.71,39.71,37.8,38.2,-1.16,-0.45,-1,18859,720449.5
GSSC,2009-06-07,39.75,39.75,38,38.65,-0.74,-0.29,-1,18841,728200.55
GSSC,2009-06-04,39.94,39.94,38.28,38.94,0.21,0.08,-1,15078,587065.4
GSSC,2009-06-03,40,40,37,38.86,-1.2,-0.47,-1,20005,777397.03
GSSC,2009-06-02,40.5,40.5,38.01,39.33,0.1,0.04,-1,28819,1133355.73
GSSC,2009-06-01,39.99,39.99,38.4,39.29,3.39,1.29,-1,12763,501469.38
GSSC,2009-05-31,38.5,38.5,37.5,38,3.51,1.29,-1,10580,401998.85
GSSC,2009-05-28,37.35,37.35,35.56,36.71,-1.82,-0.68,-1,4331,158973.79
GSSC,2009-05-27,38.45,38.45,36.45,37.39,-1.89,-0.72,-1,8170,305507.4
GSSC,2009-05-26,39,39,37.64,38.11,0.95,0.36,-1,6245,237985.24
GSSC,2009-05-25,38.47,38.47,37.16,37.75,-0.42,-0.16,-1,4890,184575.35
GSSC,2009-05-24,38.9,38.9,37.16,37.91,1.8,0.67,-1,8315,315215.6
GSSC,2009-05-21,38.7,38.7,35.15,37.24,-5.46,-2.15,-1,38058,1417413.77
GSSC,2009-05-20,41.5,41.5,38.91,39.39,-2.69,-1.09,-1,7807,307489.47
GSSC,2009-05-19,42.05,42.05,40,40.48,0.4,0.16,-1,24867,1006605.04
GSSC,2009-05-18,41.9,41.9,38.5,40.32,2.28,0.9,-1,45183,1821575.47
GSSC,2009-05-17,40.01,40.01,38.11,39.42,1.28,0.5,-1,10021,395030.85
GSSC,2009-05-14,40.25,40.25,38.04,38.92,-3.9,-1.58,-1,18895,735362.01
GSSC,2009-05-13,41.8,41.8,39.17,40.5,0.37,0.15,-1,22628,916515.69
GSSC,2009-05-12,41.55,41.55,39.09,40.35,3.22,1.26,-1,49049,1979005.31
GSSC,2009-05-11,39.99,39.99,38.36,39.09,-1.66,-0.66,-1,14026,548326.63
GSSC,2009-05-10,40.64,40.64,38,39.75,4.44,1.69,-1,38943,1547933.16
GSSC,2009-05-07,38.64,38.64,37.27,38.06,0.66,0.25,-1,18129,689993.63
GSSC,2009-05-06,38.43,38.43,37.5,37.81,-0.68,-0.26,-1,10820,409069.14
GSSC,2009-05-05,38.65,38.65,37.71,38.07,-0.05,-0.02,-1,7090,269919
GSSC,2009-05-04,38.85,38.85,37.33,38.09,0.05,0.02,-1,9370,356914.41
GSSC,2009-05-03,39.2,39.2,37.45,38.07,2.06,0.77,-1,11770,448042
GSSC,2009-04-30,38.49,38.49,36.6,37.3,-0.08,-0.03,-1,14080,525174
GSSC,2009-04-29,37.66,37.66,37,37.33,0.43,0.16,-1,14402,537590.17
GSSC,2009-04-28,38.5,38.5,37,37.17,-3.1,-1.19,-1,8915,331360.6
GSSC,2009-04-27,39.48,39.48,37.9,38.36,-1.39,-0.54,-1,15406,591016.55
GSSC,2009-04-23,39.89,39.89,38.7,39.13,-3.33,-1.35,-1,3720,145566.5
GSSC,2009-04-22,42.9,42.9,38.8,40.48,6.05,2.31,-1,20196,817582.82
GSSC,2009-04-21,39,39,37.75,38.17,-2.78,-1.09,-1,7330,279817
GSSC,2009-04-16,41,41,38.52,39.26,-3.8,-1.55,-1,17284,678518.71
GSSC,2009-04-15,41.6,41.6,37.1,40.81,4.78,1.86,-1,52998,2162872.02
GSSC,2009-04-14,42.99,42.99,35,38.95,8.25,2.97,-1,47117,1835027.48
GSSC,2009-04-13,38.03,38.03,35.02,35.98,-3.87,-1.45,-1,4491,161571.31
GSSC,2009-04-12,39,39,36.1,37.43,7.19,2.51,-1,9196,344201.82
GSSC,2009-04-09,36,36,33.16,34.92,5.31,1.76,-1,30711,1072321.68
GSSC,2009-04-08,33.98,33.98,33.1,33.16,-2.84,-0.97,-1,10580,350832.75
GSSC,2009-04-07,35,35,33.66,34.13,-3.89,-1.38,-1,5520,188416.66
GSSC,2009-04-06,36,36,33.15,35.51,5.34,1.8,-1,47844,1699178.55
GSSC,2009-04-05,35.9,35.9,31,33.71,8.92,2.76,-1,50873,1715149.22
GSSC,2009-04-02,32,32,29.99,30.95,4.07,1.21,-1,32434,1003704.21
GSSC,2009-04-01,30.24,30.24,28.05,29.74,5.84,1.64,-1,49145,1461420.61
GSSC,2009-03-31,28.89,28.89,27.57,28.1,-1.65,-0.47,-1,11748,330123.24
GSSC,2009-03-30,30,30,28.1,28.57,-3.51,-1.04,-1,35828,1023520.22
GSSC,2009-03-29,31,31,27.5,29.61,6.97,1.93,-1,35737,1058280.18
GSSC,2009-03-26,28.5,28.5,27.11,27.68,-0.61,-0.17,-1,7908,218854.33
GSSC,2009-03-25,29,29,26.01,27.85,3,0.81,-1,30195,841012.01
GSSC,2009-03-24,28.45,28.45,26.5,27.04,-3.01,-0.84,-1,16191,437831.54
GSSC,2009-03-23,28.7,28.7,26.26,27.88,4.46,1.19,-1,25864,721024.88
GSSC,2009-03-22,26.95,26.95,26.35,26.69,3.77,0.97,-1,11988,319900.1
GSSC,2009-03-19,27.24,27.24,25.5,25.72,-2.94,-0.78,-1,6858,176400.82
GSSC,2009-03-18,27,27,25.5,26.5,0.65,0.17,-1,23570,624631.95
GSSC,2009-03-17,27,27,25.8,26.33,-1.53,-0.41,-1,13125,345625.8
GSSC,2009-03-16,27.37,27.37,26.37,26.74,1.36,0.36,-1,12140,324604.49
GSSC,2009-03-15,27,27,25.08,26.38,6.8,1.68,-1,55672,1468831.41
GSSC,2009-03-12,25.1,25.1,24.25,24.7,1.19,0.29,-1,18310,452218
GSSC,2009-03-11,25.05,25.05,24,24.41,1.5,0.36,-1,22401,546788.3
GSSC,2009-03-10,24.47,24.47,23.85,24.05,0.63,0.15,-1,4017,96600.6
GSSC,2009-03-08,24.1,24.1,23.75,23.9,-0.71,-0.17,-1,11988,286477.96
GSSC,2009-03-05,24.25,24.25,23.95,24.07,-0.04,-0.01,-1,7425,178742.35
GSSC,2009-03-04,24.5,24.5,24,24.08,-0.45,-0.11,-1,12551,302235.5
GSSC,2009-03-03,24.99,24.99,24,24.19,-0.94,-0.23,-1,10870,262980.6
GSSC,2009-03-02,25.4,25.4,24.15,24.42,-1.93,-0.48,-1,9595,234349.5
GSSC,2009-03-01,26.4,26.4,24.52,24.9,2.64,0.64,-1,7275,181131.25
GSSC,2009-02-26,24.59,24.59,23.98,24.26,1.17,0.28,-1,14299,346880.11
GSSC,2009-02-25,24,24,23.72,23.98,1.74,0.41,-1,7382,176994.89
GSSC,2009-02-24,24,24,23.17,23.57,-1.91,-0.46,-1,19490,459360.65
GSSC,2009-02-23,24.3,24.3,23.64,24.03,1.39,0.33,-1,2735,65732.4
GSSC,2009-02-22,24,24,22.91,23.7,2.42,0.56,-1,21490,509383
GSSC,2009-02-19,23.6,23.6,23.02,23.14,-1.03,-0.24,-1,15151,350578.31
GSSC,2009-02-18,24,24,22.94,23.38,-1.06,-0.25,-1,14871,347757.53
GSSC,2009-02-17,24.4,24.4,23,23.63,-2.48,-0.6,-1,40988,968492.3
GSSC,2009-02-16,24.84,24.84,23.95,24.23,0.08,0.02,-1,17082,413890.04
GSSC,2009-02-15,24.5,24.5,23.08,24.21,3.86,0.9,-1,10580,256157.82
GSSC,2009-02-12,23.99,23.99,23.01,23.31,0,0,-1,16932,394741.74
GSSC,2009-02-11,23.33,23.33,23.3,23.31,-3.32,-0.8,-1,4950,115391.14
GSSC,2009-02-10,24.48,24.48,23.13,24.11,3.57,0.83,-1,10430,251460.77
GSSC,2009-02-09,24,24,22.1,23.28,3.01,0.68,-1,11031,256779.83
GSSC,2009-02-08,23,23,22.4,22.6,1.12,0.25,-1,8488,191856.04
GSSC,2009-02-05,23.4,23.4,21.6,22.35,-2.02,-0.46,-1,52237,1167473.59
GSSC,2009-02-04,23.6,23.6,22.2,22.81,-3.27,-0.77,-1,14209,324041.03
GSSC,2009-02-03,24.1,24.1,22.4,23.58,3.19,0.73,-1,16430,387467.45
GSSC,2009-02-02,24,24,22,22.85,-4.79,-1.15,-1,39762,908554.31
GSSC,2009-02-01,24.25,24.25,23.66,24,-2.6,-0.64,-1,18960,454999.9
GSSC,2009-01-29,25.1,25.1,24.5,24.64,0,0,-1,17237,424707.76
GSSC,2009-01-28,25.48,25.48,24.38,24.64,-1.79,-0.45,-1,24596,605967.98
GSSC,2009-01-27,25.7,25.7,24.6,25.09,2.79,0.68,-1,7598,190601.72
GSSC,2009-01-26,25,25,23.25,24.41,1.84,0.44,-1,23016,561864.27
GSSC,2009-01-25,24.98,24.98,23.01,23.97,-2.24,-0.55,-1,30601,733545.69
GSSC,2009-01-22,25.79,25.79,24.13,24.52,-0.49,-0.12,-1,15088,370006.06
GSSC,2009-01-21,26,26,24.01,24.64,-5.59,-1.46,-1,20292,500077.72
GSSC,2009-01-20,26.75,26.75,25.65,26.1,-5.33,-1.47,-1,13000,339360.38
GSSC,2009-01-19,28.9,28.9,26.35,27.57,1.06,0.29,-1,21020,579436.8
GSSC,2009-01-18,27.99,27.99,26.56,27.28,2.83,0.75,-1,20925,570765.39
GSSC,2009-01-15,27.17,27.17,26,26.53,-3.42,-0.94,-1,14662,389054.24
GSSC,2009-01-14,28.69,28.69,26.51,27.47,1.78,0.48,-1,27819,764224.45
GSSC,2009-01-13,27.99,27.99,26.11,26.99,-3.02,-0.84,-1,16443,443727.04
GSSC,2009-01-12,28.9,28.9,26.78,27.83,-1.73,-0.49,-1,32526,905197.8
GSSC,2009-01-11,28.93,28.93,28,28.32,-1.63,-0.47,-1,26789,758764.26
GSSC,2009-01-08,29.43,29.43,27.05,28.79,3.97,1.1,-1,55058,1585225.39
GSSC,2009-01-06,28.46,28.46,26.62,27.69,2.59,0.7,-1,60957,1687815.05
GSSC,2009-01-05,27.88,27.88,25.01,26.99,4.01,1.04,-1,79695,2150950.03
GSSC,2009-01-04,26.5,26.5,25.16,25.95,4.47,1.11,-1,15762,409004.9
GSSC,2008-12-31,25.9,25.9,24.4,24.84,-2.85,-0.73,-1,42135,1046605.31
GSSC,2008-12-30,26,26,25.05,25.57,0.67,0.17,-1,10206,260971.22
GSSC,2008-12-28,26.18,26.18,24.4,25.4,2.88,0.71,-1,38136,968609.67
GSSC,2008-12-25,25.25,25.25,24.25,24.69,-1.16,-0.29,-1,11933,294593.18
GSSC,2008-12-24,25.3,25.3,24.22,24.98,0.4,0.1,-1,25295,631842.5
GSSC,2008-12-23,25.5,25.5,24.16,24.88,1.84,0.45,-1,32726,814102.23
GSSC,2008-12-22,25.01,25.01,24.1,24.43,-0.33,-0.08,-1,18152,443459.07
GSSC,2008-12-21,25.11,25.11,24,24.51,-2.27,-0.57,-1,16185,396771.3
GSSC,2008-12-18,25.4,25.4,24.8,25.08,-3.72,-0.97,-1,22478,563804.42
GSSC,2008-12-17,26.8,26.8,25.17,26.05,0.08,0.02,-1,41142,1071919.59
GSSC,2008-12-16,27.19,27.19,24.86,26.03,6.03,1.48,-1,110014,2863793.12
GSSC,2008-12-15,25.5,25.5,23.52,24.55,2.59,0.62,-1,73391,1801952.58
GSSC,2008-12-14,24.9,24.9,23.5,23.93,-0.71,-0.17,-1,44603,1067460.75
GSSC,2008-12-11,24.6,24.6,23,24.1,3.75,0.87,-1,56338,1357877.3
GSSC,2008-12-10,23.48,23.48,22.5,23.23,1.75,0.4,-1,10512,244232.26
GSSC,2008-12-04,23.15,23.15,22.1,22.83,2.98,0.66,-1,20393,465614.41
GSSC,2008-12-03,23.44,23.44,21.9,22.17,-0.45,-0.1,-1,9463,209800.82
GSSC,2008-12-02,22.53,22.53,21.9,22.27,-1.11,-0.25,-1,14061,313071.04
GSSC,2008-12-01,23,23,22.23,22.52,-3.88,-0.91,-1,8690,195718.89
GSSC,2008-11-30,24.48,24.48,22.78,23.43,1.25,0.29,-1,18811,440833.49
GSSC,2008-11-27,23.6,23.6,22.51,23.14,1,0.23,-1,12572,290856.15
GSSC,2008-11-26,23.65,23.65,21.62,22.91,-0.95,-0.22,-1,39015,893848.08
GSSC,2008-11-25,23.6,23.6,22.45,23.13,3.26,0.73,-1,14462,334456.78
GSSC,2008-11-24,24,24,21.3,22.4,-5.41,-1.28,-1,25959,581547.15
GSSC,2008-11-23,24.8,24.8,22.81,23.68,-1.62,-0.39,-1,13288,314706.62
GSSC,2008-11-20,25.86,25.86,22.71,24.07,-5.16,-1.31,-1,43810,1054541.13
GSSC,2008-11-19,28.5,28.5,24.03,25.38,-3.68,-0.97,-1,39009,990066.04
GSSC,2008-11-18,29,29,25,26.35,-18.47,-5.97,-1,48489,1277525.3
GSSC,2008-11-17,34.17,34.17,31.14,32.32,-2.59,-0.86,-1,120835,3905065.28
GSSC,2008-11-16,34.1,34.1,32.06,33.18,2.79,0.9,-1,67733,2247164.76
GSSC,2008-11-13,33.44,33.44,30,32.28,1.89,0.6,-1,51393,1658895.96
GSSC,2008-11-12,33,33,30.99,31.68,-5.12,-1.71,-1,69771,2210182.99
GSSC,2008-11-11,34.95,34.95,32.26,33.39,2.55,0.83,-1,85362,2850167.9
GSSC,2008-11-10,33.24,33.24,31.33,32.56,4.9,1.52,-1,89105,2900998.17
GSSC,2008-11-09,31.9,31.9,30.45,31.04,0.52,0.16,-1,21812,677029.04
GSSC,2008-11-06,32,32,28,30.88,2.32,0.7,-1,40225,1241976.17
GSSC,2008-11-05,32,32,29.04,30.18,-2.61,-0.81,-1,82781,2498069.67
GSSC,2008-11-04,32,32,29.85,30.99,1.74,0.53,-1,55091,1707434.02
GSSC,2008-11-03,31.5,31.5,29,30.46,6.35,1.82,-1,49666,1513038.5
GSSC,2008-11-02,30.39,30.39,26.7,28.64,10.84,2.8,-1,85524,2449408.13
GSSC,2008-10-30,26.97,26.97,24.77,25.84,2.05,0.52,-1,39257,1014283.57
GSSC,2008-10-29,26.47,26.47,24.52,25.32,1.28,0.32,-1,46307,1172523.2
GSSC,2008-10-28,25.65,25.65,23.11,25,5.17,1.23,-1,44911,1122896.82
GSSC,2008-10-27,24.5,24.5,22.84,23.77,0.34,0.08,-1,57497,1366517.36
GSSC,2008-10-26,25.38,25.38,22.1,23.69,-11.07,-2.95,-1,126880,3006119.34
GSSC,2008-10-23,27.98,27.98,23.01,26.64,-6.03,-1.71,-1,56673,1509542.56
GSSC,2008-10-22,30.27,30.27,27.4,28.35,-8.46,-2.62,-1,62751,1779229.82
GSSC,2008-10-21,32,32,30.27,30.97,-1.49,-0.47,-1,26137,809542.51
GSSC,2008-10-20,32.25,32.25,30.7,31.44,0.35,0.11,-1,49741,1563639.78
GSSC,2008-10-19,32.5,32.5,30.59,31.33,0.48,0.15,-1,54794,1716632.46
GSSC,2008-10-16,32.17,32.17,30.13,31.18,-3.17,-1.02,-1,71017,2214224.23
GSSC,2008-10-15,33.25,33.25,31.61,32.2,-3.62,-1.21,-1,74597,2401683
GSSC,2008-10-14,34.6,34.6,32,33.41,4.9,1.56,-1,109917,3672854.89
GSSC,2008-10-13,33.24,33.24,29.7,31.85,6.13,1.84,-1,124671,3970174.49
GSSC,2008-10-12,31.64,31.64,28.1,30.01,-8.06,-2.63,-1,56267,1688842.75
GSSC,2008-10-09,34.58,34.58,31.14,32.64,4.92,1.53,-1,131826,4303021.47
GSSC,2008-10-08,37.21,37.21,26.7,31.11,-20.07,-7.81,-1,3000,93344
GSSC,2008-09-23,41.7,41.7,38,38.92,-3.09,-1.24,-1,62230,2421750.79
GSSC,2008-09-22,41.75,41.75,38.9,40.16,1.65,0.65,-1,125026,5020423.68
GSSC,2008-09-21,41.39,41.39,38.71,39.51,5.59,2.09,-1,67354,2661148.88
GSSC,2008-09-18,40.9,40.9,36,37.42,-9.13,-3.76,-1,68631,2567846.58
GSSC,2008-09-17,42.68,42.68,40,41.18,4.78,1.88,-1,116552,4799816.72
GSSC,2008-09-16,40.33,40.33,37.51,39.3,-5.1,-2.11,-1,65097,2558076.68
GSSC,2008-09-15,44.25,44.25,39.65,41.41,-10.52,-4.87,-1,182812,7570987.13
GSSC,2008-09-14,48.25,48.25,44.25,46.28,3.07,1.38,-1,155470,7194395.83
GSSC,2008-09-11,46.47,46.47,42.5,44.9,5.62,2.39,-1,207898,9334876.64
GSSC,2008-09-10,43.5,43.5,41.25,42.51,0.43,0.18,-1,94354,4011056.27
GSSC,2008-09-09,43.43,43.43,41,42.33,3.98,1.62,-1,113018,4784558.63
GSSC,2008-09-08,41.5,41.5,39.15,40.71,3.32,1.31,-1,72273,2941947.05
GSSC,2008-09-07,40,40,38.55,39.4,0.05,0.02,-1,32949,1298342.74
GSSC,2008-09-04,40,40,38.88,39.38,-0.93,-0.37,-1,33790,1330558.15
GSSC,2008-09-03,40.72,40.72,39,39.75,1.71,0.67,-1,23611,938499.97
GSSC,2008-09-02,39.95,39.95,38.5,39.08,-3.98,-1.62,-1,28315,1106524.32
GSSC,2008-09-01,41.84,41.84,39.52,40.7,0.69,0.28,-1,50673,2062258.78
GSSC,2008-08-31,41.88,41.88,38.8,40.42,4.07,1.58,-1,98475,3980809.29
GSSC,2008-08-28,39.4,39.4,37.99,38.84,2.97,1.12,-1,98845,3839539.14
GSSC,2008-08-27,38.23,38.23,37.2,37.72,1.4,0.52,-1,49652,1873033.52
GSSC,2008-08-26,37.9,37.9,36.65,37.2,-2.23,-0.85,-1,34815,1295228.91
GSSC,2008-08-25,39.25,39.25,37,38.05,3.82,1.4,-1,124338,4731263.3
GSSC,2008-08-24,37.75,37.75,35.71,36.65,1.13,0.41,-1,41425,1518079.18
GSSC,2008-08-21,37.85,37.85,35.26,36.24,-1.41,-0.52,-1,47708,1729007.51
GSSC,2008-08-20,37.52,37.52,35.7,36.76,-5.67,-2.21,-1,84277,3098250.5
GSSC,2008-08-19,41,41,37.56,38.97,-2.99,-1.2,-1,98582,3841479.94
GSSC,2008-08-18,41,41,39.7,40.17,-0.52,-0.21,-1,44838,1801282.77
GSSC,2008-08-17,42.49,42.49,39.8,40.38,1.79,0.71,-1,102173,4126004
GSSC,2008-08-14,41,41,38.04,39.67,2.16,0.84,-1,49197,1951726.78
GSSC,2008-08-13,41,41,36.46,38.83,-5.5,-2.26,-1,58171,2258501.58
GSSC,2008-08-12,43,43,39.11,41.09,-3.09,-1.31,-1,48819,2006213.46
GSSC,2008-08-11,44.4,44.4,40.51,42.4,-3.09,-1.35,-1,54347,2304327.79
GSSC,2008-08-10,46.6,46.6,42.52,43.75,-1.2,-0.53,-1,77948,3410388.8
GSSC,2008-08-07,45.88,45.88,42.02,44.28,3.97,1.69,-1,82733,3663112.44
GSSC,2008-08-06,44.43,44.43,39.51,42.59,3.78,1.55,-1,54761,2332040.04
GSSC,2008-08-05,43.65,43.65,40,41.04,-3.48,-1.48,-1,47543,1951112.09
GSSC,2008-08-04,45.01,45.01,41.01,42.52,-6.2,-2.81,-1,45490,1934076.04
GSSC,2008-08-03,47.4,47.4,44.28,45.33,-1.95,-0.9,-1,26681,1209426.58
GSSC,2008-07-31,47.3,47.3,43.71,46.23,1.47,0.67,-1,66180,3059710.29
GSSC,2008-07-30,47.94,47.94,43.72,45.56,-1.85,-0.86,-1,66661,3037212.11
GSSC,2008-07-29,48.88,48.88,44.8,46.42,-8.24,-4.17,-1,82518,3830132.52
GSSC,2008-07-28,54.95,54.95,48,50.59,-1.15,-0.59,-1,152921,7736027.06
GSSC,2008-07-27,52.9,52.9,47.9,51.18,12.96,5.87,-1,183188,9375183.44
GSSC,2008-07-24,48,48,43.32,45.31,8.58,3.58,-1,174764,7918883.91
GSSC,2008-07-22,43.42,43.42,39.56,41.73,-3.51,-1.52,-1,52503,2191002.92
GSSC,2008-07-21,45.45,45.45,41.5,43.25,1.88,0.8,-1,95782,4142156.49
GSSC,2008-07-20,44.5,44.5,39.05,42.45,9.29,3.61,-1,170927,7255376.48
GSSC,2008-07-17,40.5,40.5,37.03,38.84,-5.54,-2.28,-1,120426,4676833.39
GSSC,2008-07-16,44.85,44.85,39,41.12,-10.06,-4.6,-1,90598,3725522.5
GSSC,2008-07-15,46.64,46.64,44.85,45.72,1.6,0.72,-1,54230,2479328.9
GSSC,2008-07-14,46.4,46.4,44.53,45,0.49,0.22,-1,83618,3763080.43
GSSC,2008-07-13,46.11,46.11,42.61,44.78,-4.19,-1.96,-1,38410,1719939.03
GSSC,2008-07-10,48.63,48.63,45.62,46.74,-3.49,-1.69,-1,42436,1983422.21
GSSC,2008-07-09,50,50,47.27,48.43,-1.14,-0.56,-1,39856,1930074.57
GSSC,2008-07-08,50.5,50.5,46,48.99,2.73,1.3,-1,79269,3883665.99
GSSC,2008-07-07,50.6,50.6,44.3,47.69,2.69,1.25,-1,108182,5159356.14
GSSC,2008-07-06,49.85,49.85,45,46.44,-10.47,-5.43,-1,54374,2525092.32
GSSC,2008-07-03,54.47,54.47,48.51,51.87,-5.33,-2.92,-1,59269,3074391.35
GSSC,2008-07-02,56.8,56.8,53.54,54.79,4.03,2.12,-1,48677,2666810.14
GSSC,2008-06-30,56.89,56.89,51.17,52.67,-5.3,-2.95,-1,56213,2960896.16
GSSC,2008-06-29,57.9,57.9,53.7,55.62,2.6,1.41,-1,61361,3412956.46
GSSC,2008-06-26,56.9,56.9,52,54.21,-7.82,-4.6,-1,58212,3155584.21
GSSC,2008-06-25,61.96,61.96,56.11,58.81,-4.14,-2.54,-1,41864,2461997.96
GSSC,2008-06-24,63.3,63.3,60.35,61.35,-1.24,-0.77,-1,54758,3359257.01
GSSC,2008-06-23,64.25,64.25,60.01,62.12,1.07,0.66,-1,87421,5431008.57
GSSC,2008-06-22,63.99,63.99,60.1,61.46,-1.05,-0.65,-1,45080,2770740.68
GSSC,2008-06-19,64.1,64.1,61.07,62.11,-4.31,-2.8,-1,66507,4130978.26
GSSC,2008-06-18,67.49,67.49,64,64.91,-3.26,-2.19,-1,33813,2194679.01
GSSC,2008-06-17,68.86,68.86,65.25,67.1,0.77,0.51,-1,72477,4862996.13
GSSC,2008-06-16,69.25,69.25,65.12,66.59,-2.85,-1.95,-1,52443,3491942.38
GSSC,2008-06-15,69.89,69.89,67.09,68.54,2.24,1.5,-1,61349,4204834.75
GSSC,2008-06-12,69.95,69.95,65.55,67.04,-3.25,-2.25,-1,91021,6101643.46
GSSC,2008-06-11,71.9,71.9,68,69.29,-1.52,-1.07,-1,82291,5701595.07
GSSC,2008-06-10,73.5,73.5,68,70.36,0.04,0.03,-1,152820,10752393.25
GSSC,2008-06-09,71.55,71.55,69.02,70.33,-1.81,-1.3,-1,77964,5482984.15
GSSC,2008-06-08,73.49,73.49,70,71.63,-0.89,-0.64,-1,88889,6367519.7
GSSC,2008-06-05,74,74,71.1,72.27,-3.08,-2.3,-1,113447,8199155.09
GSSC,2008-06-04,76,76,73.49,74.57,3,2.17,-1,99177,7395299.35
GSSC,2008-06-03,74.59,74.59,68.4,72.4,-3.17,-2.37,-1,196174,14202965.85
GSSC,2008-06-02,78.47,78.47,72.5,74.77,-5.43,-4.29,-1,206108,15409937
GSSC,2008-06-01,81.89,81.89,77.01,79.06,-1.06,-0.85,-1,155117,12264170.8
GSSC,2008-05-29,83,83,76.06,79.91,4.28,3.28,-1,295483,23612165.27
GSSC,2008-05-28,79.95,79.95,73.51,76.63,-2.99,-2.36,-1,302688,23195961.88
GSSC,2008-05-27,82.5,82.5,73,78.99,12.76,8.94,-1,454749,35922203.13
GSSC,2008-05-26,72.99,72.99,65.18,70.05,4.82,3.22,-1,346591,24277979.43
GSSC,2008-05-25,69.99,69.99,63.05,66.83,5.13,3.26,-1,194329,12986457.9
GSSC,2008-05-22,65.2,65.2,60.61,63.57,-1,-0.64,-1,128769,8186254.2
GSSC,2008-05-21,67,67,62.6,64.21,-2.19,-1.44,-1,145891,9367395.32
GSSC,2008-05-20,67.65,67.65,63.83,65.65,4.21,2.65,-1,149590,9820056.29
GSSC,2008-05-19,64.9,64.9,60,63,3.18,1.94,-1,203664,12831279.76
GSSC,2008-05-18,62.95,62.95,58.2,61.06,4.7,2.74,-1,170927,10437544.64
GSSC,2008-05-15,65.2,65.2,53.5,58.32,-9.5,-6.12,-1,204605,11932861.23
GSSC,2008-05-14,71,71,61,64.44,-6.39,-4.4,-1,112335,7238999.33
GSSC,2008-05-13,73.4,73.4,60.01,68.84,-6.23,-4.57,-1,167534,11532372.42
GSSC,2008-05-12,78,78,71,73.41,-7.11,-5.62,-1,117745,8644038.61
GSSC,2008-05-11,81.72,81.72,75.3,79.03,-1.08,-0.86,-1,218001,17227778.77
GSSC,2008-05-08,83.8,83.8,77.52,79.89,1.72,1.35,-1,202728,16195622.42
GSSC,2008-05-07,83,83,72.01,78.54,6.87,5.05,-1,423720,33277395.78
GSSC,2008-05-06,75.7,75.7,72.65,73.49,-1.88,-1.41,-1,88495,6503105.31
GSSC,2008-05-05,77,77,73.11,74.9,-1.96,-1.5,-1,84888,6358490.9
GSSC,2008-05-04,78,78,74.7,76.4,5.34,3.87,-1,185593,14178697.58
GSSC,2008-04-30,73.97,73.97,70.85,72.53,-1.45,-1.07,-1,83784,6076889.38
GSSC,2008-04-29,74.98,74.98,71.8,73.6,3.01,2.15,-1,161403,11879141.18
GSSC,2008-04-24,73.7,73.7,69.9,71.45,-2.5,-1.83,-1,189796,13560676.74
GSSC,2008-04-23,76,76,71.5,73.28,-4.03,-3.08,-1,118256,8665989.17
GSSC,2008-04-22,80.43,80.43,73,76.36,-2.99,-2.35,-1,178104,13599216.51
GSSC,2008-04-21,81.97,81.97,77.55,78.71,-4.07,-3.34,-1,158432,12470389.97
GSSC,2008-04-20,84.5,84.5,79.56,82.05,-0.1,-0.08,-1,226515,18584757.21
GSSC,2008-04-17,85.44,85.44,79.5,82.13,-0.35,-0.29,-1,261986,21516561.97
GSSC,2008-04-16,88,88,78,82.42,-4.55,-3.93,-1,252536,20814156.61
GSSC,2008-04-15,89.98,89.98,82.1,86.35,4.24,3.51,-1,457635,39517474.19
GSSC,2008-04-14,86.43,86.43,78.92,82.84,3.33,2.67,-1,439629,36417315.13
GSSC,2008-04-13,82.5,82.5,77.51,80.17,2.52,1.97,-1,320107,25661680.01
GSSC,2008-04-10,82.75,82.75,76.5,78.2,-3.82,-3.11,-1,209292,16366543.25
GSSC,2008-04-09,84,84,79.6,81.31,0.11,0.09,-1,176842,14378337.86
GSSC,2008-04-08,83.99,83.99,78.09,81.22,1.46,1.17,-1,317671,25802226.06
GSSC,2008-04-07,83,83,77,80.05,0.88,0.7,-1,292890,23445644.06
GSSC,2008-04-06,83.8,83.8,74.05,79.35,10.01,7.22,-1,278552,22103254.81
GSSC,2008-04-03,75.8,75.8,67,72.13,3.13,2.19,-1,383366,27653348.25
GSSC,2008-04-02,72.75,72.75,67.05,69.94,-1.91,-1.36,-1,165693,11588504.42
GSSC,2008-04-01,74.85,74.85,66,71.3,3.53,2.43,-1,230971,16468196.79
GSSC,2008-03-31,75,75,66,68.87,-7.26,-5.39,-1,130862,9012753.71
GSSC,2008-03-30,77,77,69,74.26,6.16,4.31,-1,213924,15884970.45
GSSC,2008-03-27,76,76,66.03,69.95,-9.21,-7.1,-1,174370,12196831.03
GSSC,2008-03-26,84.98,84.98,72.11,77.05,-6.29,-5.17,-1,227577,17534790.01
GSSC,2008-03-25,86.98,86.98,78,82.22,-1.93,-1.62,-1,234508,19281457.47
GSSC,2008-03-24,93.75,93.75,77.06,83.84,-6.55,-5.88,-1,266575,22348764.1
GSSC,2008-03-23,94.75,94.75,75,89.72,-4.27,-4,-1,414312,37172198.76
GSSC,2008-03-19,94,94,89.5,93.72,28.97,21.05,-1,1000,93725
GSSC,2008-03-18,89.5,89.5,63.7,72.67,7.26,4.92,-1,321482,23363383.44
GSSC,2008-03-17,77.9,77.9,63.63,67.75,10.25,6.3,-1,415220,28132166.76
GSSC,2008-03-16,71,71,54,61.45,20.11,10.29,-1,413240,25394836.74
GSSC,2008-03-13,56.5,56.5,47,51.16,8.97,4.21,-1,609470,31178756.57
GSSC,2008-03-12,52,52,41.41,46.95,20.05,7.84,-1,313101,14701616.47
GSSC,2008-03-11,41.4,41.4,35.99,39.11,10.01,3.56,-1,205083,8019973.04
GSSC,2008-03-10,36.8,36.8,34.1,35.55,0.54,0.19,-1,47571,1691063.62
GSSC,2008-03-09,37.25,37.25,34.5,35.36,-2.99,-1.09,-1,27035,955848.52
GSSC,2008-03-06,39,39,34.01,36.45,-1.65,-0.61,-1,110072,4012671.73
GSSC,2008-03-05,38.85,38.85,35,37.06,14.1,4.58,-1,78435,2906878.84
GSSC,2008-03-04,35,35,30,32.48,8.67,2.59,-1,59265,1924901.51
GSSC,2008-03-03,30,30,29.47,29.89,1.01,0.3,-1,5860,175149.36
GSSC,2008-03-02,29.99,29.99,29.07,29.59,1.23,0.36,-1,9300,275202.95
GSSC,2008-02-28,29.5,29.5,29.02,29.23,-0.81,-0.24,-1,19450,568606.61
GSSC,2008-02-27,29.72,29.72,29.34,29.47,-0.17,-0.05,-1,19105,562966
GSSC,2008-02-26,29.8,29.8,29.34,29.52,-0.54,-0.16,-1,31950,943311.04
GSSC,2008-02-25,29.97,29.97,29.45,29.68,0.1,0.03,-1,3250,96472.5
GSSC,2008-02-24,30,30,29.32,29.65,1.54,0.45,-1,7202,213532
GSSC,2008-02-21,29.35,29.35,29.1,29.2,-0.75,-0.22,-1,5550,162077.62
GSSC,2008-02-20,29.6,29.6,29.08,29.42,-1.31,-0.39,-1,4403,129555.53
GSSC,2008-02-19,30.49,30.49,29.5,29.81,-1.32,-0.4,-1,18630,555424.23
GSSC,2008-02-18,30.49,30.49,29.76,30.21,0.63,0.19,-1,5300,160133.5
GSSC,2008-02-17,30.49,30.49,29.71,30.02,-1.41,-0.43,-1,7936,238258.76
GSSC,2008-02-14,31.47,31.47,30.07,30.45,-0.56,-0.17,-1,16974,516872.58
GSSC,2008-02-13,31.25,31.25,30.02,30.62,0.03,0.01,-1,32722,1001868.52
GSSC,2008-02-12,32,32,29.5,30.61,0.1,0.03,-1,26450,809526.71
GSSC,2008-02-11,32.25,32.25,28.02,30.58,8.32,2.35,-1,98800,3021046.97
GSSC,2008-02-10,28.68,28.68,28,28.23,0.46,0.13,-1,8393,236969.66
GSSC,2008-02-07,28.5,28.5,28,28.1,-1.61,-0.46,-1,16249,456606.3
GSSC,2008-02-06,29.2,29.2,27.63,28.56,1.67,0.47,-1,17410,497193.4
GSSC,2008-02-05,28.4,28.4,28.01,28.09,-0.11,-0.03,-1,9175,257743.49
GSSC,2008-02-04,28.69,28.69,27.96,28.12,0.29,0.08,-1,6440,181117.24
GSSC,2008-02-03,28.5,28.5,27.96,28.04,-0.25,-0.07,-1,7350,206078.3
GSSC,2008-01-31,28.6,28.6,27.91,28.11,0.32,0.09,-1,7010,197031.25
GSSC,2008-01-30,28.04,28.04,28,28.02,-0.99,-0.28,-1,1200,33618.5
GSSC,2008-01-29,29.01,29.01,27.85,28.3,0.71,0.2,-1,18869,533948.12
GSSC,2008-01-28,28.3,28.3,27.9,28.1,-1.47,-0.42,-1,22333,627607.59
GSSC,2008-01-27,29,29,28.35,28.52,0.92,0.26,-1,4050,115518.02
GSSC,2008-01-24,28.98,28.98,28.1,28.26,-2.08,-0.6,-1,6490,183390.6
GSSC,2008-01-23,29.6,29.6,28.34,28.86,-0.21,-0.06,-1,18057,521195.96
GSSC,2008-01-22,29.5,29.5,28.33,28.92,-2.46,-0.73,-1,29150,842880.99
GSSC,2008-01-21,30.3,30.3,29,29.65,-4.54,-1.41,-1,11250,333539.39
GSSC,2008-01-20,32.75,32.75,29.01,31.06,3.53,1.06,-1,72891,2264032.41
GSSC,2008-01-17,30.49,30.49,29.56,30,0.64,0.19,-1,22986,689515.71
GSSC,2008-01-16,30.3,30.3,29,29.81,1.43,0.42,-1,17791,530435.22
GSSC,2008-01-15,30,30,28.25,29.39,2.87,0.82,-1,19533,574089.34
GSSC,2008-01-14,29.3,29.3,28.41,28.57,-0.87,-0.25,-1,11155,318714.2
GSSC,2008-01-13,32,32,27.48,28.82,6.35,1.72,-1,53102,1530605.02
GSSC,2008-01-10,27.46,27.46,26.71,27.1,-0.4,-0.11,-1,10158,275231.67
GSSC,2008-01-08,27.8,27.8,26.51,27.21,0.11,0.03,-1,5124,139419.12
GSSC,2008-01-06,27.45,27.45,27,27.18,0.18,0.05,-1,10390,282404.15
GSSC,2008-01-03,27.5,27.5,26.6,27.13,0.41,0.11,-1,23485,637137.32
GSSC,2008-01-02,27.2,27.2,26.5,27.02,1.2,0.32,-1,8000,216152.75
GSSC,2007-12-31,27,27,26.28,26.7,-0.56,-0.15,-1,12338,329421.32
GSSC,2007-12-30,27,27,26.67,26.85,-1.07,-0.29,-1,4011,107691.7
GSSC,2007-12-27,27.33,27.33,26.99,27.14,0.85,0.23,-1,17763,482172.84
GSSC,2007-12-26,27.06,27.06,26.1,26.91,2.32,0.61,-1,23798,640314.63
GSSC,2007-12-25,26.79,26.79,25.7,26.3,2.49,0.64,-1,20514,539529.2
GSSC,2007-12-24,25.75,25.75,25.13,25.66,1.95,0.49,-1,3528,90538.26
GSSC,2007-12-23,25.96,25.96,24.95,25.17,0.52,0.13,-1,3471,87367.57
GSSC,2007-12-17,25.15,25.15,25,25.04,-0.67,-0.17,-1,3526,88300.4
GSSC,2007-12-16,25.5,25.5,25,25.21,0.84,0.21,-1,1242,31307.6
GSSC,2007-12-13,25.01,25.01,24.96,25,-0.52,-0.13,-1,2900,72493.7
GSSC,2007-12-12,25.5,25.5,24.93,25.13,0,0,-1,5915,148666.96
GSSC,2007-12-11,25.95,25.95,24.81,25.13,0.04,0.01,-1,6579,165321.49
GSSC,2007-12-10,25.7,25.7,25,25.12,0.2,0.05,-1,7207,181026.55
GSSC,2007-12-09,25.85,25.85,24,25.07,-3.39,-0.88,-1,14930,374222.39
GSSC,2007-12-06,26.04,26.04,25.78,25.95,-0.19,-0.05,-1,13817,358482.23
GSSC,2007-12-05,26.05,26.05,25.76,26,0,0,-1,6062,157631
GSSC,2007-12-04,26.05,26.05,25.9,26,-0.04,-0.01,-1,6800,176781.4
GSSC,2007-12-03,26.1,26.1,25.76,26.01,0.15,0.04,-1,10282,267388.65
GSSC,2007-12-02,26.25,26.25,25.71,25.97,-0.35,-0.09,-1,14822,384997.36
GSSC,2007-11-29,26.49,26.49,26.02,26.06,-0.53,-0.14,-1,12238,318873.67
GSSC,2007-11-28,26.54,26.54,26,26.2,0.19,0.05,-1,9180,240508.97
GSSC,2007-11-27,26.4,26.4,26.02,26.15,-11.45,-3.38,-1,11964,312851.75
GSSC,2007-11-26,29.74,29.74,29.2,29.53,-0.34,-0.1,-1,51485,1520486.23
GSSC,2007-11-25,29.97,29.97,29.31,29.63,0.54,0.16,-1,28742,851520.3
GSSC,2007-11-22,29.7,29.7,29.11,29.47,0.44,0.13,-1,21392,630343.91
GSSC,2007-11-21,29.65,29.65,28.75,29.34,1.59,0.46,-1,42811,1256215.26
GSSC,2007-11-20,29,29,28.6,28.88,0.45,0.13,-1,14545,420052.75
GSSC,2007-11-19,29,29,28.5,28.75,-1.03,-0.3,-1,18855,542160.79
GSSC,2007-11-18,29.5,29.5,28.5,29.05,1.57,0.45,-1,69154,2008660.12
GSSC,2007-11-15,29.1,29.1,28.01,28.6,0.21,0.06,-1,31406,898078.07
GSSC,2007-11-14,28.9,28.9,28.3,28.54,-0.49,-0.14,-1,6734,192184.4
GSSC,2007-11-13,29.11,29.11,28.42,28.68,-0.76,-0.22,-1,7879,225936.45
GSSC,2007-11-12,29.2,29.2,28.25,28.9,2.77,0.78,-1,57317,1656583.28
GSSC,2007-11-11,28.34,28.34,27.9,28.12,0.54,0.15,-1,11962,336394.3
GSSC,2007-11-08,28.2,28.2,27.67,27.97,0.32,0.09,-1,23207,649099.77
GSSC,2007-11-07,27.99,27.99,27.66,27.88,-0.11,-0.03,-1,12043,335786.18
GSSC,2007-11-06,28,28,27.6,27.91,0.65,0.18,-1,10082,281390.03
GSSC,2007-11-05,27.97,27.97,27.61,27.73,-0.18,-0.05,-1,8545,236913.6
GSSC,2007-11-04,28,28,27.51,27.78,-0.68,-0.19,-1,11223,311782.89
GSSC,2007-11-01,28.05,28.05,27.83,27.97,-0.07,-0.02,-1,13106,366622.28
GSSC,2007-10-31,28.03,28.03,27.94,27.99,-0.14,-0.04,-1,10097,282664.05
GSSC,2007-10-30,28.19,28.19,27.97,28.03,-0.46,-0.13,-1,24408,684081.05
GSSC,2007-10-29,28.35,28.35,28.1,28.16,-0.11,-0.03,-1,9286,261505.49
GSSC,2007-10-28,28.4,28.4,28.06,28.19,-0.25,-0.07,-1,10590,298502.65
GSSC,2007-10-25,28.45,28.45,28.15,28.26,0.04,0.01,-1,11625,328473.05
GSSC,2007-10-24,28.44,28.44,28.07,28.25,-0.84,-0.24,-1,15874,448425.65
GSSC,2007-10-23,28.7,28.7,28.3,28.49,0.49,0.14,-1,16120,459264.9
GSSC,2007-10-22,28.99,28.99,28.21,28.35,-1.49,-0.43,-1,7700,218328.31
GSSC,2007-10-21,29.25,29.25,28.07,28.78,1.05,0.3,-1,11044,317806.4
GSSC,2007-10-18,29,29,27.93,28.48,1.53,0.43,-1,50194,1429509.21
GSSC,2007-10-17,28.44,28.44,27.84,28.05,0.83,0.23,-1,28018,785969.01
GSSC,2007-10-16,28.11,28.11,27.51,27.82,-0.89,-0.25,-1,32212,896261.46
GSSC,2007-10-11,28.5,28.5,27.98,28.07,-1.82,-0.52,-1,45377,1273858.99
GSSC,2007-10-10,28.88,28.88,28.4,28.59,0.07,0.02,-1,16190,462809.86
GSSC,2007-10-09,28.61,28.61,28.37,28.57,0.11,0.03,-1,12445,355553.35
GSSC,2007-10-08,28.85,28.85,28.3,28.54,-0.24,-0.07,-1,9345,266673.05
GSSC,2007-10-04,28.9,28.9,28.5,28.61,-0.42,-0.12,-1,8380,239723.15
GSSC,2007-10-03,28.95,28.95,28.52,28.73,-0.1,-0.03,-1,6475,186011.84
GSSC,2007-10-02,29,29,28.5,28.76,0.81,0.23,-1,10804,310763.35
GSSC,2007-10-01,28.95,28.95,28.45,28.53,-0.31,-0.09,-1,10153,289697.33
GSSC,2007-09-30,28.99,28.99,28.5,28.62,-0.35,-0.1,-1,14797,423462.2
GSSC,2007-09-27,29,29,28.54,28.72,-0.21,-0.06,-1,11830,339784.21
GSSC,2007-09-26,29.2,29.2,28.7,28.78,-0.17,-0.05,-1,9611,276645.71
GSSC,2007-09-25,29,29,28.76,28.83,-0.21,-0.06,-1,10223,294755.38
GSSC,2007-09-24,29,29,28.8,28.89,-0.24,-0.07,-1,16496,476627.35
GSSC,2007-09-23,29.29,29.29,28.8,28.96,-0.21,-0.06,-1,25745,745635.4
GSSC,2007-09-20,29.25,29.25,28.94,29.02,-0.99,-0.29,-1,44797,1300070.42
GSSC,2007-09-19,29.69,29.69,29.11,29.31,-1.08,-0.32,-1,39512,1158067.64
GSSC,2007-09-18,29.88,29.88,29.5,29.63,-1.33,-0.4,-1,19311,572106.63
GSSC,2007-09-17,30.79,30.79,29.06,30.03,2.84,0.83,-1,69664,2091779.31
GSSC,2007-09-16,29.89,29.89,28.83,29.2,0.76,0.22,-1,66281,1935395.93
GSSC,2007-09-13,29.67,29.67,28.8,28.98,-0.1,-0.03,-1,28108,814433.13
GSSC,2007-09-12,29.85,29.85,28.71,29.01,0.52,0.15,-1,66654,1933826.86
GSSC,2007-09-11,29,29,28.71,28.86,-0.48,-0.14,-1,80621,2326700.86
GSSC,2007-09-10,29.02,29.02,28.91,29,0.21,0.06,-1,37622,1090932.9
GSSC,2007-09-09,29,29,28.8,28.94,-0.31,-0.09,-1,17054,493502.07
GSSC,2007-09-06,29.9,29.9,28.91,29.03,-1.39,-0.41,-1,35811,1039475.67
GSSC,2007-09-05,31.46,31.46,28.95,29.44,1.52,0.44,-1,75621,2226406.16
GSSC,2007-09-04,29.01,29.01,28.91,29,-0.17,-0.05,-1,14550,421943
GSSC,2007-09-03,29.8,29.8,28.91,29.05,0.07,0.02,-1,7348,213477.86
GSSC,2007-09-02,30.35,30.35,28.86,29.03,0.17,0.05,-1,5160,149777.2
GSSC,2007-08-30,29,29,28.79,28.98,-0.07,-0.02,-1,13041,377965.32
GSSC,2007-08-29,29,29,29,29,0.1,0.03,-1,500,14500
GSSC,2007-08-28,29.4,29.4,28.81,28.97,-0.1,-0.03,-1,8573,248398.03
GSSC,2007-08-27,29.15,29.15,28.65,29,0.73,0.21,-1,2300,66699.74
GSSC,2007-08-26,28.81,28.81,28.55,28.79,1.27,0.36,-1,1100,31672.3
GSSC,2007-08-23,28.77,28.77,28.03,28.43,-0.7,-0.2,-1,21370,607530.09
GSSC,2007-08-22,29,29,28.5,28.63,-0.66,-0.19,-1,800,22900
GSSC,2007-08-21,29,29,28.7,28.82,0.35,0.1,-1,1663,47927.64
GSSC,2007-08-20,29,29,28.5,28.72,0.28,0.08,-1,7125,204644.5
GSSC,2007-08-19,29.05,29.05,28.28,28.64,-1.38,-0.4,-1,3300,94509.54
GSSC,2007-08-16,29.3,29.3,28.9,29.04,-2.62,-0.78,-1,17268,501490.5
GSSC,2007-08-15,30,30,29.36,29.82,1.98,0.58,-1,3200,95424
GSSC,2007-08-14,29.35,29.35,29.08,29.24,-1.02,-0.3,-1,750,21933
GSSC,2007-08-13,30,30,29.02,29.54,0.2,0.06,-1,2700,79748.75
GSSC,2007-08-12,29.99,29.99,29.14,29.48,-0.44,-0.13,-1,2550,75161.5
GSSC,2007-08-09,30,30,29.39,29.61,-1.4,-0.42,-1,2250,66626
GSSC,2007-08-08,30.26,30.26,29.55,30.03,-1.77,-0.54,-1,8300,249224
GSSC,2007-08-07,32.7,32.7,30.34,30.57,-3.56,-1.13,-1,8685,265535.32
GSSC,2007-08-06,33.99,33.99,30.3,31.7,4.62,1.4,-1,23785,754028.1
GSSC,2007-08-05,30.49,30.49,29.5,30.3,1.71,0.51,-1,8172,247619.8
GSSC,2007-08-02,30,30,29.05,29.79,-0.27,-0.08,-1,2963,88260.78
GSSC,2007-08-01,30.3,30.3,29.01,29.87,0.2,0.06,-1,9565,285673.5
GSSC,2007-07-31,30,30,28.8,29.81,3.61,1.04,-1,5160,153800.05
GSSC,2007-07-30,29,29,28.5,28.77,0.77,0.22,-1,1340,38549.5
GSSC,2007-07-29,28.65,28.65,28.36,28.55,-0.49,-0.14,-1,6200,176979
GSSC,2007-07-26,28.93,28.93,28.52,28.69,-0.45,-0.13,-1,8733,250511.75
GSSC,2007-07-25,29.05,29.05,28.75,28.82,-0.24,-0.07,-1,400,11530
GSSC,2007-07-24,29,29,28.76,28.89,-0.69,-0.2,-1,1350,39003.68
GSSC,2007-07-22,29.75,29.75,28.7,29.09,1.46,0.42,-1,925,26907
GSSC,2007-07-19,28.71,28.71,28.59,28.67,-1.14,-0.33,-1,1500,42997.6
GSSC,2007-07-18,29,29,29,29,0.38,0.11,-1,418,12122
GSSC,2007-07-17,29,29,28.52,28.89,0.07,0.02,-1,1050,30334.5
GSSC,2007-07-15,29,29,28.61,28.87,1.05,0.3,-1,400,11549
GSSC,2007-07-12,28.6,28.6,28.5,28.57,-0.17,-0.05,-1,2182,62340.22
GSSC,2007-07-11,28.8,28.8,28.52,28.62,-0.24,-0.07,-1,8713,249325.21
GSSC,2007-07-10,28.82,28.82,28.54,28.69,-1.24,-0.36,-1,2380,68273.9
GSSC,2007-07-09,29.1,29.1,28.53,29.05,1.47,0.42,-1,1050,30498
GSSC,2007-07-08,29.1,29.1,28.4,28.63,-0.56,-0.16,-1,550,15745
GSSC,2007-07-05,29,29,28.56,28.79,0.91,0.26,-1,240,6910.4
GSSC,2007-07-04,28.8,28.8,28.51,28.53,-1.35,-0.39,-1,6220,177446.21
GSSC,2007-07-03,29.99,29.99,28.8,28.92,-3.6,-1.08,-1,753,21775.67
GSSC,2007-07-02,30,30,30,30,2.56,0.75,-1,100,3000
GSSC,2007-06-28,29.98,29.98,28.5,29.25,-0.51,-0.15,-1,2270,66402.43
GSSC,2007-06-27,29.51,29.51,29.27,29.4,-1.24,-0.37,-1,2100,61736.69
GSSC,2007-06-26,30,30,29.28,29.77,0.81,0.24,-1,2472,73602.86
GSSC,2007-06-25,30,30,29.29,29.53,0.96,0.28,-1,2066,61006.09
GSSC,2007-06-24,29.27,29.27,29.25,29.25,-2.27,-0.68,-1,240,7021
GSSC,2007-06-21,30.4,30.4,29.77,29.93,-0.6,-0.18,-1,2610,78117.2
GSSC,2007-06-20,30.5,30.5,29.9,30.11,2.17,0.64,-1,4800,144525.5
GSSC,2007-06-19,29.9,29.9,29.01,29.47,2.15,0.62,-1,3252,95824.5
GSSC,2007-06-18,28.88,28.88,28.8,28.85,-3.32,-0.99,-1,2150,62025
GSSC,2007-06-17,29.9,29.9,29.79,29.84,3.76,1.08,-1,1590,47439.3
GSSC,2007-06-14,29.1,29.1,28.55,28.76,0.31,0.09,-1,882,25367.6
GSSC,2007-06-13,29,29,28.2,28.67,-0.17,-0.05,-1,2208,63295.3
GSSC,2007-06-12,29.04,29.04,28.5,28.72,-0.17,-0.05,-1,11954,343293.16
GSSC,2007-06-11,28.88,28.88,28.66,28.77,-0.55,-0.16,-1,2150,61846.25
GSSC,2007-06-10,29.25,29.25,28.66,28.93,-0.38,-0.11,-1,2276,65854.9
GSSC,2007-06-07,29.95,29.95,28.65,29.04,-1.33,-0.39,-1,10425,302770.75
GSSC,2007-06-06,29.6,29.6,29.25,29.43,-0.41,-0.12,-1,2740,80648.5
GSSC,2007-06-05,29.6,29.6,29.5,29.55,-1.99,-0.6,-1,2700,79780
GSSC,2007-06-04,31.97,31.97,30.01,30.15,-3.77,-1.18,-1,6805,205169.75
GSSC,2007-06-03,33,33,30.02,31.33,-2.7,-0.87,-1,5830,182660.25
GSSC,2007-05-31,33.1,33.1,29.81,32.2,6.55,1.98,-1,57913,1865023.57
GSSC,2007-05-30,30.99,30.99,28.91,30.22,4.46,1.29,-1,41724,1261024.39
GSSC,2007-05-29,30.5,30.5,26.7,28.93,6.95,1.88,-1,43599,1261533.41
GSSC,2007-05-28,27.5,27.5,27,27.05,-0.51,-0.14,-1,1100,29750
GSSC,2007-05-27,27.7,27.7,26.5,27.19,2.33,0.62,-1,5203,141450.64
GSSC,2007-05-24,26.65,26.65,26.41,26.57,0.08,0.02,-1,2080,55274.8
GSSC,2007-05-23,26.75,26.75,26.41,26.55,-1.34,-0.36,-1,1710,45398.2
GSSC,2007-05-22,27,27,26.3,26.91,1.47,0.39,-1,6563,176635.03
GSSC,2007-05-21,27,27,26.25,26.52,-1.3,-0.35,-1,2651,70294.05
GSSC,2007-05-20,27.37,27.37,26.6,26.87,0.3,0.08,-1,3425,92033.8
GSSC,2007-05-17,27.25,27.25,25.62,26.79,-0.96,-0.26,-1,7520,201461.4
GSSC,2007-05-16,27.25,27.25,26.45,27.05,1.77,0.47,-1,16020,433284.7
GSSC,2007-05-15,26.9,26.9,26.2,26.58,1.06,0.28,-1,6840,181815.85
GSSC,2007-05-14,26.9,26.9,25.76,26.3,-2.81,-0.76,-1,8070,212221.3
GSSC,2007-05-13,27.25,27.25,26.66,27.06,1.12,0.3,-1,3340,90392.4
GSSC,2007-05-10,27,27,26.5,26.76,-0.78,-0.21,-1,8850,236852
GSSC,2007-05-09,27.1,27.1,26.72,26.97,2.39,0.63,-1,15050,405931.25
GSSC,2007-05-08,26.9,26.9,25.85,26.34,1.86,0.48,-1,18381,484207.39
GSSC,2007-05-07,26.49,26.49,25.35,25.86,1.06,0.27,-1,12561,324815.05
GSSC,2007-05-06,25.85,25.85,25.5,25.59,0.59,0.15,-1,1405,35955.5
GSSC,2007-05-03,25.7,25.7,25.26,25.44,0.08,0.02,-1,4745,120710.73
GSSC,2007-05-02,25.75,25.75,25.3,25.42,0.12,0.03,-1,5060,128603
GSSC,2007-04-30,25.67,25.67,25.3,25.39,-0.55,-0.14,-1,2480,62972.9
GSSC,2007-04-29,25.86,25.86,25.17,25.53,1.71,0.43,-1,5065,129305.44
GSSC,2007-04-26,25.7,25.7,25,25.1,-0.28,-0.07,-1,11300,283643.55
GSSC,2007-04-24,25.75,25.75,25,25.17,0.52,0.13,-1,17960,452053.03
GSSC,2007-04-23,25.15,25.15,25.01,25.04,-0.75,-0.19,-1,2460,61604.5
GSSC,2007-04-22,25.99,25.99,25,25.23,-1.1,-0.28,-1,11700,295195.14
GSSC,2007-04-19,26,26,25.27,25.51,-1.58,-0.41,-1,11617,296337.44
GSSC,2007-04-18,26,26,25.7,25.92,0.27,0.07,-1,1631,42275
GSSC,2007-04-17,26.79,26.79,25.3,25.85,2.34,0.59,-1,16178,418157.49
GSSC,2007-04-16,25.27,25.27,25.25,25.26,0.44,0.11,-1,345,8713.15
GSSC,2007-04-15,25.16,25.16,25.14,25.15,-0.04,-0.01,-1,3230,81226.9
GSSC,2007-04-12,25.2,25.2,25.13,25.16,-0.91,-0.23,-1,4290,107934.7
GSSC,2007-04-11,25.55,25.55,25.12,25.39,0.4,0.1,-1,3729,94695.27
GSSC,2007-04-10,25.9,25.9,25.03,25.29,-0.94,-0.24,-1,6500,164385.48
GSSC,2007-04-05,25.8,25.8,25.31,25.53,1.39,0.35,-1,3155,80555.65
GSSC,2007-04-04,25.6,25.6,25.08,25.18,0.12,0.03,-1,1163,29280.67
GSSC,2007-04-03,25.31,25.31,25.06,25.15,-1.1,-0.28,-1,5262,132319.9
GSSC,2007-04-02,25.45,25.45,25.36,25.43,0.08,0.02,-1,550,13984
GSSC,2007-03-29,25.75,25.75,25.2,25.41,0.83,0.21,-1,3850,97812
GSSC,2007-03-28,25.5,25.5,25.11,25.2,-0.55,-0.14,-1,3705,93375.75
GSSC,2007-03-27,25.9,25.9,25.11,25.34,-1.36,-0.35,-1,5653,143242.56
GSSC,2007-03-26,26,26,25.25,25.69,0.39,0.1,-1,4133,106171.25
GSSC,2007-03-25,25.75,25.75,25.25,25.59,0.24,0.06,-1,1450,37112.5
GSSC,2007-03-22,25.65,25.65,25.25,25.53,1.43,0.36,-1,5065,129325.75
GSSC,2007-03-21,26.4,26.4,24.52,25.17,-3.19,-0.83,-1,12914,324983.42
GSSC,2007-03-20,26.48,26.48,25.05,26,-0.54,-0.14,-1,7700,200168.7
GSSC,2007-03-19,26.83,26.83,25.6,26.14,-4.39,-1.2,-1,6975,182360.44
GSSC,2007-03-18,28.51,28.51,26.83,27.34,-3.19,-0.9,-1,21672,592611.81
GSSC,2007-03-15,29.2,29.2,27.49,28.24,4.09,1.11,-1,25876,730790.38
GSSC,2007-03-14,28.93,28.93,24.15,27.13,11.14,2.72,-1,62083,1684451.89
GSSC,2007-03-13,24.78,24.78,24.25,24.41,-0.29,-0.07,-1,6146,150002.36
GSSC,2007-03-12,24.7,24.7,24.37,24.48,0.41,0.1,-1,2100,51411.1
GSSC,2007-03-11,24.89,24.89,24.25,24.38,-1.02,-0.25,-1,2410,58754.05
GSSC,2007-03-08,24.8,24.8,24.5,24.63,0.16,0.04,-1,1643,40473.74
GSSC,2007-03-07,24.65,24.65,24.25,24.59,1.99,0.48,-1,5350,131545.9
GSSC,2007-03-06,24.12,24.12,24.1,24.11,-0.04,-0.01,-1,373,8993.25
GSSC,2007-03-05,24.5,24.5,24.05,24.12,-0.25,-0.06,-1,1400,33772.45
GSSC,2007-03-04,24.25,24.25,24.11,24.18,0,0,-1,400,9670.05
GSSC,2007-03-01,24.25,24.25,24.05,24.18,0.71,0.17,-1,1573,38035.45
GSSC,2007-02-28,24.44,24.44,23.55,24.01,-2.68,-0.66,-1,7178,172317.71
GSSC,2007-02-27,25,25,23.81,24.67,0.53,0.13,-1,7050,173897.65
GSSC,2007-02-26,24.82,24.82,24.31,24.54,0.66,0.16,-1,5729,140571.67
GSSC,2007-02-25,24.6,24.6,24.15,24.38,-1.18,-0.29,-1,2170,52899.7
GSSC,2007-02-22,24.95,24.95,24.5,24.67,-0.56,-0.14,-1,2250,55517
GSSC,2007-02-21,25.1,25.1,24.27,24.81,2.52,0.61,-1,3719,92260.13
GSSC,2007-02-20,24.64,24.64,24.06,24.2,-0.66,-0.16,-1,3369,81530.09
GSSC,2007-02-19,24.5,24.5,24.13,24.36,0.95,0.23,-1,1367,33299.88
GSSC,2007-02-18,24.5,24.5,24.02,24.13,-0.45,-0.11,-1,628,15151.28
GSSC,2007-02-15,24.8,24.8,24,24.24,-1.02,-0.25,-1,1205,29211
GSSC,2007-02-14,24.89,24.89,23.71,24.49,2.34,0.56,-1,2329,57042.79
GSSC,2007-02-13,24.29,24.29,23.32,23.93,2.66,0.62,-1,1685,40320.08
GSSC,2007-02-12,24,24,23.1,23.31,-2.88,-0.69,-1,4969,115829.5
GSSC,2007-02-11,24,24,24,24,-0.17,-0.04,-1,1000,24000
GSSC,2007-02-08,24.4,24.4,23.61,24.04,-0.78,-0.19,-1,1490,35822.73
GSSC,2007-02-07,24.45,24.45,23.5,24.23,3.11,0.73,-1,2315,56094.71
GSSC,2007-02-06,23.93,23.93,23.29,23.5,-0.47,-0.11,-1,150,3525.5
GSSC,2007-02-05,24,24,23.22,23.61,1.42,0.33,-1,2500,59019.5
GSSC,2007-02-04,23.41,23.41,23.01,23.28,-0.94,-0.22,-1,3000,69840.95
GSSC,2007-02-01,24.8,24.8,23.25,23.5,0.09,0.02,-1,3820,89787.3
GSSC,2007-01-31,23.51,23.51,23.31,23.48,-3.14,-0.76,-1,1650,38739.5
GSSC,2007-01-30,25,25,23.5,24.24,4.62,1.07,-1,5899,143019.14
GSSC,2007-01-29,23.85,23.85,22.5,23.17,1.36,0.31,-1,4168,96588.5
GSSC,2007-01-28,23.31,23.31,22,22.86,-3.54,-0.84,-1,10373,237075
GSSC,2007-01-25,24.05,24.05,23,23.7,-1.86,-0.45,-1,4870,115422.84
GSSC,2007-01-24,24.99,24.99,24.01,24.15,-1.55,-0.38,-1,4865,117505.14
GSSC,2007-01-23,24.8,24.8,24.21,24.53,0.12,0.03,-1,2319,56889.37
GSSC,2007-01-22,24.55,24.55,24.44,24.5,0.04,0.01,-1,3560,87222.7
GSSC,2007-01-18,24.8,24.8,24.12,24.49,-1.41,-0.35,-1,6054,148278.31
GSSC,2007-01-17,25,25,24.25,24.84,1.35,0.33,-1,4066,100988
GSSC,2007-01-16,25.59,25.59,24.25,24.51,-0.53,-0.13,-1,2650,64944.36
GSSC,2007-01-15,24.7,24.7,24.52,24.64,-0.04,-0.01,-1,2637,64982.29
GSSC,2007-01-14,25.79,25.79,24.52,24.65,-1.68,-0.42,-1,2550,62857.25
GSSC,2007-01-11,25.51,25.51,25,25.07,0.16,0.04,-1,4086,102453.7
GSSC,2007-01-10,25.03,25.03,25.02,25.03,1.13,0.28,-1,2015,50429.3
GSSC,2007-01-09,25.02,25.02,24.63,24.75,-1.04,-0.26,-1,1000,24753
GSSC,2007-01-08,25.1,25.1,24.6,25.01,-0.12,-0.03,-1,4170,104302
GSSC,2007-01-04,25.27,25.27,24.85,25.04,-0.67,-0.17,-1,4010,100400.76
GSSC,2007-01-03,25.3,25.3,24.86,25.21,-1.6,-0.41,-1,2070,52174.5
GSSC,2006-12-28,26,26,24.9,25.62,3.43,0.85,-1,2385,61104.95
GSSC,2006-12-27,25,25,24.62,24.77,-0.84,-0.21,-1,4150,102790.5
GSSC,2006-12-26,25,25,24.8,24.98,1.42,0.35,-1,2153,53790.37
GSSC,2006-12-25,25,25,24.51,24.63,-0.81,-0.2,-1,2000,49254.5
GSSC,2006-12-24,25.25,25.25,24.5,24.83,0.32,0.08,-1,4520,112220
GSSC,2006-12-21,24.8,24.8,24.55,24.75,0.81,0.2,-1,2148,53172.4
GSSC,2006-12-20,24.65,24.65,24.51,24.55,-0.65,-0.16,-1,1190,29209
GSSC,2006-12-19,25,25,24.5,24.71,-1.2,-0.3,-1,5361,132449.59
GSSC,2006-12-18,25.6,25.6,24.6,25.01,-4.21,-1.1,-1,8600,215116.85
GSSC,2006-12-17,26.8,26.8,25.6,26.11,-2.54,-0.68,-1,2350,61353.2
GSSC,2006-12-14,27.39,27.39,26.26,26.79,0.34,0.09,-1,14875,398521.35
GSSC,2006-12-13,27.25,27.25,25.5,26.7,7.32,1.82,-1,16549,441853.78
GSSC,2006-12-12,26.49,26.49,24.25,24.88,1.06,0.26,-1,11616,288981.22
GSSC,2006-12-11,24.7,24.7,24.51,24.62,-0.24,-0.06,-1,5300,130510.65
GSSC,2006-12-10,25,25,24.53,24.68,-0.84,-0.21,-1,3053,75362.8
GSSC,2006-12-07,25.79,25.79,24.3,24.89,0.12,0.03,-1,4801,119509.91
GSSC,2006-12-06,25.25,25.25,24.6,24.86,1.06,0.26,-1,2610,64872.3
GSSC,2006-12-05,24.6,24.6,24.6,24.6,-0.77,-0.19,-1,200,4920
GSSC,2006-12-04,25.25,25.25,24.13,24.79,-1.47,-0.37,-1,3743,92797.75
GSSC,2006-12-03,26.25,26.25,25.01,25.16,-1.56,-0.4,-1,2225,55990.8
GSSC,2006-11-30,26,26,25.5,25.56,-1.84,-0.48,-1,14470,369894.9
GSSC,2006-11-29,26.25,26.25,25.66,26.04,-0.46,-0.12,-1,2950,76828.5
GSSC,2006-11-28,26.52,26.52,25.6,26.16,-0.42,-0.11,-1,8424,220357.05
GSSC,2006-11-27,26.53,26.53,26.14,26.27,-1.65,-0.44,-1,4220,110843.4
GSSC,2006-11-26,27.24,27.24,26.67,26.71,-1.18,-0.32,-1,11000,293777.8
GSSC,2006-11-23,27.1,27.1,26.52,27.03,0.78,0.21,-1,3425,92561.5
GSSC,2006-11-22,26.83,26.83,26.82,26.82,-3.42,-0.95,-1,600,16094
GSSC,2006-11-21,28.09,28.09,27.03,27.77,-0.32,-0.09,-1,2853,79227.6
GSSC,2006-11-20,28,28,27,27.86,5.33,1.41,-1,19128,532845.46
GSSC,2006-11-19,27,27,26.01,26.45,-3.29,-0.9,-1,4823,127551.06
GSSC,2006-11-16,28,28,26.82,27.35,-0.29,-0.08,-1,3827,104650.95
GSSC,2006-11-15,28.49,28.49,26.65,27.43,1.63,0.44,-1,17884,490477.09
GSSC,2006-11-14,28.33,28.33,26.5,26.99,-11.91,-3.65,-1,4149,111985.56
GSSC,2006-11-13,30.9,30.9,30.25,30.64,0,0,-1,34593,1059879.15
GSSC,2006-11-12,30.88,30.88,30.35,30.64,-0.2,-0.06,-1,12051,369302.75
GSSC,2006-11-09,30.93,30.93,30.01,30.7,0.56,0.17,-1,7437,228320.95
GSSC,2006-11-08,31,31,30.01,30.53,0.46,0.14,-1,17635,538310.41
GSSC,2006-11-07,31,31,30.2,30.39,-1.68,-0.52,-1,11125,338128.6
GSSC,2006-11-06,31.97,31.97,30.03,30.91,-0.61,-0.19,-1,4653,143817.11
GSSC,2006-11-05,31.49,31.49,30.75,31.1,-0.35,-0.11,-1,11761,365740.5
GSSC,2006-11-02,31.49,31.49,31.1,31.21,-0.19,-0.06,-1,9498,296427.22
GSSC,2006-11-01,31.75,31.75,31,31.27,-0.1,-0.03,-1,13301,415904.83
GSSC,2006-10-31,31.63,31.63,30.85,31.3,-0.19,-0.06,-1,6600,206580.95
GSSC,2006-10-30,31.97,31.97,31,31.36,-0.95,-0.3,-1,4750,148947.31
GSSC,2006-10-29,31.85,31.85,31.25,31.66,0.25,0.08,-1,1112,35202.2
GSSC,2006-10-22,31.74,31.74,31,31.58,2.43,0.75,-1,2850,90003
GSSC,2006-10-19,31.48,31.48,30.3,30.83,1.92,0.58,-1,4810,148308.85
GSSC,2006-10-18,30.79,30.79,30.25,30.25,-1.75,-0.54,-1,326,9862.04
GSSC,2006-10-17,30.9,30.9,30.5,30.79,0.92,0.28,-1,4058,124965.02
GSSC,2006-10-16,30.89,30.89,30.25,30.51,0,0,-1,4841,147706.88
GSSC,2006-10-15,30.51,30.51,30.5,30.51,-0.62,-0.19,-1,1239,37796.8
GSSC,2006-10-12,30.8,30.8,30.52,30.7,-0.1,-0.03,-1,3106,95358.32
GSSC,2006-10-11,31.9,31.9,29,30.73,5.42,1.58,-1,9866,303194.92
GSSC,2006-10-10,30.49,30.49,29,29.15,-3.32,-1,-1,2184,63664.1
GSSC,2006-10-09,30.5,30.5,29.55,30.15,-2.99,-0.93,-1,2116,63791.3
GSSC,2006-10-04,31.5,31.5,30.5,31.08,0.68,0.21,-1,7236,224910
GSSC,2006-10-03,31,31,30.68,30.87,-1.18,-0.37,-1,3357,103627.56
GSSC,2006-10-02,31.92,31.92,30.8,31.24,-2.04,-0.65,-1,4543,141934.05
GSSC,2006-10-01,32,32,31.85,31.89,1.46,0.46,-1,500,15947.5
GSSC,2006-09-28,31.88,31.88,31,31.43,0.83,0.26,-1,4100,128862
GSSC,2006-09-27,31.5,31.5,31,31.17,0.03,0.01,-1,6311,196729.61
GSSC,2006-09-26,31.55,31.55,30.65,31.16,0.26,0.08,-1,2300,71657.76
GSSC,2006-09-25,31.5,31.5,30.95,31.08,0.45,0.14,-1,2811,87379
GSSC,2006-09-24,31,31,30.87,30.94,0.72,0.22,-1,2900,89717
GSSC,2006-09-21,31.94,31.94,30.2,30.72,-2.07,-0.65,-1,10980,337309.15
GSSC,2006-09-20,32.36,32.36,31,31.37,-2.03,-0.65,-1,17510,549330.82
GSSC,2006-09-19,32.46,32.46,31.02,32.02,4.78,1.46,-1,17419,557833.7
GSSC,2006-09-18,31.47,31.47,29.82,30.56,2.07,0.62,-1,51901,1586069.28
GSSC,2006-09-17,30,30,29.21,29.94,-0.03,-0.01,-1,10128,303208.04
GSSC,2006-09-14,30.19,30.19,29.7,29.95,2.53,0.74,-1,5225,156484
GSSC,2006-09-13,29.25,29.25,29.17,29.21,0.52,0.15,-1,425,12415.25
GSSC,2006-09-12,29.89,29.89,29,29.06,-0.55,-0.16,-1,8800,255728.5
GSSC,2006-09-11,29.65,29.65,29,29.22,0.48,0.14,-1,7835,228945.15
GSSC,2006-09-10,29.08,29.08,29,29.08,0,0,-1,80,2320
GSSC,2006-09-07,29.12,29.12,29.05,29.08,-0.38,-0.11,-1,2500,72705
GSSC,2006-09-06,30,30,28.88,29.19,-1.15,-0.34,-1,8665,252933.89
GSSC,2006-09-05,30.1,30.1,29.5,29.53,-3.12,-0.95,-1,3325,98202
GSSC,2006-09-04,31.28,31.28,30.26,30.48,-1.61,-0.5,-1,6440,196310.5
GSSC,2006-09-03,31.49,31.49,30.51,30.98,2.24,0.68,-1,3635,112594.19
GSSC,2006-08-31,30.5,30.5,30,30.3,0.4,0.12,-1,10150,307556.2
GSSC,2006-08-30,30.4,30.4,29.76,30.18,1.17,0.35,-1,3170,95675.7
GSSC,2006-08-29,30.5,30.5,29.3,29.83,0.54,0.16,-1,9258,276133.44
GSSC,2006-08-28,29.97,29.97,29.15,29.67,0.68,0.2,-1,3218,95467.4
GSSC,2006-08-27,30,30,29.03,29.47,-0.61,-0.18,-1,4927,145210.22
GSSC,2006-08-24,30,30,29.25,29.65,1.82,0.53,-1,5059,149990.26
GSSC,2006-08-23,29.25,29.25,29.04,29.12,-2.45,-0.73,-1,2810,81815.8
GSSC,2006-08-22,29.96,29.96,29.7,29.85,2.16,0.63,-1,1607,47961.9
GSSC,2006-08-21,30,30,29,29.22,-1.22,-0.36,-1,1600,46752
GSSC,2006-08-20,29.6,29.6,29.3,29.58,3.17,0.91,-1,303,8962.75
GSSC,2006-08-17,29.7,29.7,28.5,28.67,-1.27,-0.37,-1,2200,63071
GSSC,2006-08-16,29.52,29.52,28.75,29.04,-3.23,-0.97,-1,6744,195841.91
GSSC,2006-08-15,30.5,30.5,29.45,30.01,-3.38,-1.05,-1,5421,162672.6
GSSC,2006-08-14,32.99,32.99,30,31.06,-0.7,-0.22,-1,12630,392346.48
GSSC,2006-08-13,32,32,28.99,31.28,11.2,3.15,-1,11235,351410.85
GSSC,2006-08-10,28.79,28.79,27.25,28.13,3.08,0.84,-1,3545,99729
GSSC,2006-08-09,28.25,28.25,27,27.29,-4.65,-1.33,-1,4140,112988.5
GSSC,2006-08-08,29,29,28.25,28.62,0.25,0.07,-1,3293,94259.55
GSSC,2006-08-07,28.95,28.95,27.9,28.55,2.81,0.78,-1,4175,119197.8
GSSC,2006-08-06,30,30,27.01,27.77,4.6,1.22,-1,5885,163426.57
GSSC,2006-08-03,27.4,27.4,26.34,26.55,0.72,0.19,-1,3270,86830.5
GSSC,2006-08-02,26.99,26.99,26,26.36,-1.09,-0.29,-1,6430,169525.3
GSSC,2006-08-01,27,27,25.51,26.65,2.34,0.61,-1,9735,259419.6
GSSC,2006-07-31,26.9,26.9,25.9,26.04,1.01,0.26,-1,5200,135400
GSSC,2006-07-30,26.5,26.5,25.51,25.78,0.04,0.01,-1,478,12324.08
GSSC,2006-07-27,26.5,26.5,24.52,25.77,1.62,0.41,-1,6800,175250.35
GSSC,2006-07-26,25.78,25.78,24.88,25.36,1.97,0.49,-1,1750,44380
GSSC,2006-07-25,25.85,25.85,24.1,24.87,-0.48,-0.12,-1,12326,306603.2
GSSC,2006-07-24,25.23,25.23,24.75,24.99,-0.32,-0.08,-1,1350,33741.5
GSSC,2006-07-20,25.75,25.75,25,25.07,-0.91,-0.23,-1,675,16923.25
GSSC,2006-07-19,25.51,25.51,24.77,25.3,-2.62,-0.68,-1,1035,26181
GSSC,2006-07-18,25.98,25.98,25.98,25.98,3.88,0.97,-1,100,2598
GSSC,2006-07-17,25.5,25.5,24.4,25.01,0.64,0.16,-1,3400,85041.5
GSSC,2006-07-16,26,26,24,24.85,-2.89,-0.74,-1,2100,52175.6
GSSC,2006-07-13,26.5,26.5,25.3,25.59,-5.68,-1.54,-1,5550,142022.4
GSSC,2006-07-12,27.69,27.69,26.11,27.13,1.38,0.37,-1,300,8140
GSSC,2006-07-11,28,28,26,26.76,-1.07,-0.29,-1,11600,310395.6
GSSC,2006-07-10,27.78,27.78,27,27.05,-0.37,-0.1,-1,1240,33536.2
GSSC,2006-07-09,27.15,27.15,27.15,27.15,0.44,0.12,-1,100,2715
GSSC,2006-07-06,27.25,27.25,26.27,27.03,0.15,0.04,-1,657,17756.25
GSSC,2006-07-05,27,27,26.97,26.99,2.9,0.76,-1,1000,26988
GSSC,2006-07-04,27,27,25.03,26.23,0.61,0.16,-1,3134,82214.57
GSSC,2006-07-03,26.3,26.3,25.05,26.07,4.28,1.07,-1,3645,95008.95
GSSC,2006-07-02,25,25,25,25,0.44,0.11,-1,575,14375
GSSC,2006-06-29,25,25,24.65,24.89,2.09,0.51,-1,1600,39820
GSSC,2006-06-28,24.84,24.84,24.16,24.38,-0.93,-0.23,-1,800,19505
GSSC,2006-06-27,24.75,24.75,24.01,24.61,1.99,0.48,-1,600,14765.5
GSSC,2006-06-26,24.5,24.5,23.67,24.13,-1.71,-0.42,-1,1900,45841
GSSC,2006-06-25,24.84,24.84,24.16,24.55,1.87,0.45,-1,600,14727.28
GSSC,2006-06-22,24.1,24.1,24.1,24.1,-0.08,-0.02,-1,610,14701
GSSC,2006-06-21,24.15,24.15,24.11,24.12,-2.7,-0.67,-1,500,12062
GSSC,2006-06-20,25.1,25.1,24.74,24.79,0.2,0.05,-1,1300,32232
GSSC,2006-06-19,25.5,25.5,24.5,24.74,-2.29,-0.58,-1,2250,55673.07
GSSC,2006-06-18,26,26,24.38,25.32,6.57,1.56,-1,4250,107627.55
GSSC,2006-06-15,24.48,24.48,23.52,23.76,1.37,0.32,-1,700,16629.78
GSSC,2006-06-14,23.5,23.5,23.4,23.44,-2.21,-0.53,-1,1051,24630.4
GSSC,2006-06-13,24.95,24.95,23.52,23.97,-0.62,-0.15,-1,3698,88652
GSSC,2006-06-12,25,25,23.06,24.12,-4.78,-1.21,-1,2479,59787
GSSC,2006-06-11,28.03,28.03,25.01,25.33,0.8,0.2,-1,5285,133849.25
GSSC,2006-06-08,25.97,25.97,25.05,25.13,-1.68,-0.43,-1,2215,55657
GSSC,2006-06-07,26,26,25,25.56,1.59,0.4,-1,7865,201011.1
GSSC,2006-06-06,25.16,25.16,24.8,25.16,0,0,-1,57,1413.6
GSSC,2006-06-05,25.49,25.49,24.72,25.16,-1.83,-0.47,-1,1128,28385.11
GSSC,2006-06-04,25.73,25.73,24.8,25.63,2.97,0.74,-1,1711,43847.45
GSSC,2006-06-01,25,25,23.67,24.89,0.16,0.04,-1,7660,190683.5
GSSC,2006-05-31,25,25,24,24.85,4.02,0.96,-1,8205,203888
GSSC,2006-05-30,24.03,24.03,23.68,23.89,-1.53,-0.37,-1,4840,115632.5
GSSC,2006-05-29,25.75,25.75,24,24.26,-4,-1.01,-1,3340,81014.9
GSSC,2006-05-28,25.4,25.4,25,25.27,6.53,1.55,-1,600,15160
GSSC,2006-05-24,25,25,22,23.72,-1.58,-0.38,-1,1715,40680.9
GSSC,2006-05-23,26.5,26.5,22.53,24.1,-9.5,-2.53,-1,365,8797.5
GSSC,2006-05-22,27.5,27.5,25.67,26.63,-3.06,-0.84,-1,2490,66307
GSSC,2006-05-21,27.6,27.6,27.27,27.47,-0.94,-0.26,-1,1900,52201
GSSC,2006-05-18,27.77,27.77,27.58,27.73,-3.72,-1.07,-1,678,18802.99
GSSC,2006-05-17,28.98,28.98,27.52,28.8,1.05,0.3,-1,310,8928.9
GSSC,2006-05-16,28.5,28.5,28.5,28.5,3.3,0.91,-1,100,2850
GSSC,2006-05-15,28,28,27.5,27.59,-3.73,-1.07,-1,1500,41378
GSSC,2006-05-14,29,29,28.13,28.66,-0.17,-0.05,-1,2270,65059.65
GSSC,2006-05-11,29,29,28,28.71,-0.79,-0.23,-1,4100,117703.7
GSSC,2006-05-10,29,29,28.5,28.94,3.51,0.98,-1,6550,189585.25
GSSC,2006-05-09,28.94,28.94,27.3,27.96,-2.58,-0.74,-1,7050,197126.81
GSSC,2006-05-08,29,29,28.3,28.7,-0.69,-0.2,-1,5850,167903.75
GSSC,2006-05-07,29,29,28.7,28.9,1.23,0.35,-1,11691,337899.39
GSSC,2006-05-04,28.66,28.66,28.01,28.55,-1.48,-0.43,-1,300,8564
GSSC,2006-05-03,29.5,29.5,28.05,28.98,1.79,0.51,-1,6400,185458
GSSC,2006-05-02,29,29,28,28.47,1.93,0.54,-1,9888,281509.5
GSSC,2006-04-30,28,28,27.5,27.93,-0.5,-0.14,-1,3912,109272
GSSC,2006-04-27,28.5,28.5,27.55,28.07,1.52,0.42,-1,20500,575390.5
GSSC,2006-04-26,27.99,27.99,27.5,27.65,-0.68,-0.19,-1,3762,104018.8
GSSC,2006-04-20,28.48,28.48,27.01,27.84,3.65,0.98,-1,15350,427300.5
GSSC,2006-04-19,27.05,27.05,26.65,26.86,-1.29,-0.35,-1,2670,71717
GSSC,2006-04-18,28.1,28.1,26,27.21,-5.49,-1.58,-1,13827,376234
GSSC,2006-04-17,29,29,28.5,28.79,0.31,0.09,-1,3850,110835
GSSC,2006-04-16,29,29,27,28.7,0.07,0.02,-1,15925,457125.25
GSSC,2006-04-13,29.21,29.21,28.05,28.68,-1.38,-0.4,-1,6750,193590.9
GSSC,2006-04-12,29.5,29.5,29.03,29.08,-0.41,-0.12,-1,3307,96168.5
GSSC,2006-04-11,30,30,28.75,29.2,1.14,0.33,-1,5331,155690.78
GSSC,2006-04-09,29.01,29.01,28.75,28.87,-1.57,-0.46,-1,1960,56594
GSSC,2006-04-06,30,30,28.65,29.33,1.66,0.48,-1,5808,170326.15
GSSC,2006-04-05,29.5,29.5,28.1,28.85,0.94,0.27,-1,1700,49040.5
GSSC,2006-04-04,28.73,28.73,27.57,28.58,2.22,0.62,-1,3360,96020.2
GSSC,2006-04-03,28.23,28.23,27.5,27.96,-3.22,-0.93,-1,1765,49356.9
GSSC,2006-04-02,29.89,29.89,28.74,28.89,4.07,1.13,-1,2840,82059.8
GSSC,2006-03-30,28.25,28.25,27,27.76,-1.28,-0.36,-1,6800,188768.69
GSSC,2006-03-29,28.5,28.5,27.56,28.12,0.04,0.01,-1,3910,109930.6
GSSC,2006-03-28,28.25,28.25,27.97,28.11,0.75,0.21,-1,6435,180915.25
GSSC,2006-03-27,28.01,28.01,27.55,27.9,-0.32,-0.09,-1,4250,118582.5
GSSC,2006-03-26,28.6,28.6,27.6,27.99,-0.67,-0.19,-1,4964,138928.59
GSSC,2006-03-23,29,29,28,28.18,-1.3,-0.37,-1,4430,124824.8
GSSC,2006-03-22,29,29,27.58,28.55,4.2,1.15,-1,3570,101925.75
GSSC,2006-03-21,28.01,28.01,27.1,27.4,-3.89,-1.11,-1,1380,37808.8
GSSC,2006-03-20,29,29,28,28.51,0.88,0.25,-1,10765,306866.48
GSSC,2006-03-19,29.25,29.25,26.6,28.26,4.17,1.13,-1,3550,100340.5
GSSC,2006-03-16,27.79,27.79,27,27.13,-1.7,-0.47,-1,1890,51275
GSSC,2006-03-15,28,28,26.55,27.6,6.07,1.58,-1,8980,247891.4
GSSC,2006-03-14,27.75,27.75,20.5,26.02,-4.13,-1.12,-1,12455,324102.42
GSSC,2006-03-13,28.02,28.02,26.01,27.14,-4.13,-1.17,-1,6185,167871.15
GSSC,2006-03-12,28.6,28.6,28.03,28.31,-1.12,-0.32,-1,4835,136891.95
GSSC,2006-03-09,28.9,28.9,28.51,28.63,1.02,0.29,-1,950,27201.5
GSSC,2006-03-08,29.8,29.8,28.1,28.34,-0.6,-0.17,-1,3083,87379.3
GSSC,2006-03-07,28.9,28.9,28.15,28.51,-0.87,-0.25,-1,8386,239123.36
GSSC,2006-03-06,28.9,28.9,28.55,28.76,-1.07,-0.31,-1,3975,114325.25
GSSC,2006-03-05,30,30,28.5,29.07,-4.38,-1.33,-1,6376,185347
GSSC,2006-03-02,30.99,30.99,30,30.4,-1.46,-0.45,-1,23684,719881.65
GSSC,2006-03-01,31.49,31.49,30.51,30.85,-0.39,-0.12,-1,520,16041.25
GSSC,2006-02-28,31.17,31.17,30.5,30.97,0.45,0.14,-1,3250,100649
GSSC,2006-02-27,31,31,30.25,30.83,-1.41,-0.44,-1,3450,106360.5
GSSC,2006-02-26,32.17,32.17,31,31.27,-0.19,-0.06,-1,9210,288031.1
GSSC,2006-02-23,31.97,31.97,30.5,31.33,3.43,1.04,-1,11272,353135.6
GSSC,2006-02-22,30.56,30.56,30,30.29,-3.07,-0.96,-1,5173,156674.15
GSSC,2006-02-21,31.8,31.8,30.51,31.25,-1.39,-0.44,-1,2198,68676.8
GSSC,2006-02-20,32,32,31,31.69,0.54,0.17,-1,7035,222936.1
GSSC,2006-02-19,31.95,31.95,30.5,31.52,3.62,1.1,-1,8696,274121.5
GSSC,2006-02-16,32,32,29.3,30.42,-7.06,-2.31,-1,14851,451800.99
GSSC,2006-02-15,33.5,33.5,32,32.73,0.49,0.16,-1,6290,205876
GSSC,2006-02-14,33,33,30.51,32.57,3.66,1.15,-1,7399,241014.6
GSSC,2006-02-13,34,34,30.01,31.42,-10.81,-3.81,-1,16225,509764.25
GSSC,2006-02-12,37.9,37.9,34.5,35.23,1.32,0.46,-1,2760,97228.25
GSSC,2006-02-09,35.9,35.9,33,34.77,-1.02,-0.36,-1,5289,183891
GSSC,2006-02-08,37,37,30,35.13,-4.36,-1.6,-1,10880,382248.2
GSSC,2006-02-07,38,38,36,36.73,-4.67,-1.8,-1,12970,476409.51
GSSC,2006-02-06,39.48,39.48,38,38.53,-0.54,-0.21,-1,13222,509473.77
GSSC,2006-02-05,39.99,39.99,36.1,38.74,0.57,0.22,-1,8925,345791.2
GSSC,2006-02-02,40.49,40.49,38.01,38.52,-2.48,-0.98,-1,5067,195174.88
GSSC,2006-02-01,40.49,40.49,39,39.5,-0.18,-0.07,-1,4575,180690.58
GSSC,2006-01-30,41,41,39,39.57,-3.23,-1.32,-1,13983,553295.54
GSSC,2006-01-29,45,45,40.02,40.89,-1.49,-0.62,-1,18807,769022.9
GSSC,2006-01-26,42.5,42.5,40.01,41.51,5.06,2,-1,24317,1009292.49
GSSC,2006-01-25,40,40,38,39.51,5.53,2.07,-1,13495,533206.25
GSSC,2006-01-24,39.5,39.5,36.01,37.44,-2.19,-0.84,-1,6895,258175.88
GSSC,2006-01-23,40.5,40.5,35.5,38.28,-5.08,-2.05,-1,14435,552521.7
GSSC,2006-01-22,41.94,41.94,40.01,40.33,-0.67,-0.27,-1,28595,1153175.6
GSSC,2006-01-19,41.75,41.75,39.5,40.6,-0.27,-0.11,-1,21802,885074.63
GSSC,2006-01-18,41.86,41.86,40.1,40.71,-2.7,-1.13,-1,15615,635720.06
GSSC,2006-01-17,42.03,42.03,41,41.84,1.92,0.79,-1,23802,995774.55
GSSC,2006-01-16,42,42,40,41.05,-3.48,-1.48,-1,23901,981221.97
GSSC,2006-01-15,43.85,43.85,41.01,42.53,-1.02,-0.44,-1,40317,1714643.81
GSSC,2006-01-12,44.8,44.8,40.01,42.97,7,2.81,-1,34540,1484058.25
GSSC,2006-01-08,41,41,38,40.16,3.75,1.45,-1,33445,1343309.98
GSSC,2006-01-05,40,40,38.01,38.71,-2.86,-1.14,-1,28926,1119654.13
GSSC,2006-01-04,40.69,40.69,38.26,39.85,-0.99,-0.4,-1,18040,718848.02
GSSC,2006-01-03,41,41,38.5,40.25,6.17,2.34,-1,38385,1545083.55
GSSC,2006-01-02,38.99,38.99,35.7,37.91,8.25,2.89,-1,11495,435778.97
GSSC,2005-12-29,35.95,35.95,34,35.02,0.86,0.3,-1,21243,743904.65
GSSC,2005-12-28,35.5,35.5,33.49,34.72,5.5,1.81,-1,16594,576176.49
GSSC,2005-12-27,33.5,33.5,31.41,32.91,0.03,0.01,-1,9985,328594
GSSC,2005-12-26,34,34,31.75,32.9,-0.48,-0.16,-1,8597,282852.13
GSSC,2005-12-25,33.5,33.5,32.6,33.06,1.97,0.64,-1,11210,370656.7
GSSC,2005-12-22,33.25,33.25,31,32.42,4.04,1.26,-1,15003,486335.62
GSSC,2005-12-21,31.89,31.89,30.81,31.16,0.61,0.19,-1,8993,280178.18
GSSC,2005-12-20,31.5,31.5,30.02,30.97,-2.27,-0.72,-1,3358,103993.72
GSSC,2005-12-19,32,32,31.1,31.69,-1,-0.32,-1,7136,226162.22
GSSC,2005-12-18,32.15,32.15,31.53,32.01,0.66,0.21,-1,15124,484139.15
GSSC,2005-12-13,32,32,31.5,31.66,-1.12,-0.36,-1,4215,133436.5
GSSC,2005-12-12,32.88,32.88,31.51,32.02,-0.74,-0.24,-1,11275,361066.9
GSSC,2005-12-11,32.91,32.91,30.55,32.26,1.73,0.55,-1,14034,452689.11
GSSC,2005-12-08,32.9,32.9,31,31.71,3.87,1.18,-1,12282,389461
GSSC,2005-12-07,31,31,29,30.53,5.06,1.47,-1,10834,330747.72
GSSC,2005-12-06,29.98,29.98,28.11,29.06,0.31,0.09,-1,13773,400182.93
GSSC,2005-12-05,30.2,30.2,27.7,28.97,-4.39,-1.33,-1,25805,747635.35
GSSC,2005-12-04,30.79,30.79,29.63,30.3,2.26,0.67,-1,8681,263028.36
GSSC,2005-12-01,30.5,30.5,28.6,29.63,3.89,1.11,-1,7335,217329.61
GSSC,2005-11-30,29,29,28.2,28.52,-2.16,-0.63,-1,7717,220064
GSSC,2005-11-29,30,30,28.61,29.15,-2.51,-0.75,-1,7090,206642.35
GSSC,2005-11-28,30.5,30.5,29.55,29.9,-0.5,-0.15,-1,10245,306294.4
GSSC,2005-11-27,31.9,31.9,29.51,30.05,-2.31,-0.71,-1,4190,125907.95
GSSC,2005-11-24,32.1,32.1,28.51,30.76,3.46,1.03,-1,10555,324719.21
GSSC,2005-11-23,30.8,30.8,29,29.73,-6.3,-2,-1,14660,435883.4
GSSC,2005-11-22,32.99,32.99,31.05,31.73,-0.87,-0.28,-1,13505,428476.05
GSSC,2005-11-21,32.11,32.11,31.76,32.01,-1.87,-0.61,-1,5400,172880.75
GSSC,2005-11-20,35.2,35.2,31.65,32.62,-11.19,-4.11,-1,16190,528135.2
GSSC,2005-11-17,37.5,37.5,35.6,36.73,1.89,0.68,-1,44193,1623174.06
GSSC,2005-11-16,38,38,34.01,36.05,5.38,1.84,-1,33255,1198774.95
GSSC,2005-11-15,35.6,35.6,33.38,34.21,-0.78,-0.27,-1,12773,436944.94
GSSC,2005-11-14,35.97,35.97,33.37,34.48,-5.22,-1.9,-1,20001,689581.51
GSSC,2005-11-13,38.35,38.35,35.05,36.38,6.69,2.28,-1,44830,1630693.35
GSSC,2005-11-10,35,35,31.5,34.1,7.06,2.25,-1,28583,974715.36
GSSC,2005-11-09,32.5,32.5,31.3,31.85,0.28,0.09,-1,8392,267281.5
GSSC,2005-11-08,33,33,31.02,31.76,0.13,0.04,-1,9550,303319.54
GSSC,2005-11-07,33,33,31,31.72,-5.03,-1.68,-1,11750,372660.25
GSSC,2005-11-06,34,34,32.6,33.4,-0.6,-0.2,-1,7880,263228.5
GSSC,2005-11-01,34,34,33.25,33.6,0.54,0.18,-1,1338,44962
GSSC,2005-10-31,33.9,33.9,33,33.42,2.14,0.7,-1,5234,174934.56
GSSC,2005-10-30,33,33,32.25,32.72,2.15,0.69,-1,3290,107660
GSSC,2005-10-27,33,33,31.51,32.03,-3.03,-1,-1,9362,299908.02
GSSC,2005-10-26,33.25,33.25,33,33.03,-1.11,-0.37,-1,5266,173933.64
GSSC,2005-10-25,34,34,33.01,33.4,0.06,0.02,-1,8554,285676.24
GSSC,2005-10-24,35,35,33.01,33.38,-4.49,-1.57,-1,5790,193289.4
GSSC,2005-10-23,35.75,35.75,34,34.95,-2.4,-0.86,-1,8961,313170.6
GSSC,2005-10-20,36.01,36.01,35.25,35.81,0.7,0.25,-1,9039,323645.75
GSSC,2005-10-19,36,36,35.5,35.56,-0.31,-0.11,-1,16863,599697.32
GSSC,2005-10-18,35.97,35.97,35.2,35.67,0.22,0.08,-1,14336,511297.56
GSSC,2005-10-17,37.01,37.01,35,35.59,1.08,0.38,-1,30793,1095992.23
GSSC,2005-10-13,36,36,34.95,35.21,-0.68,-0.24,-1,16323,574791.75
GSSC,2005-10-12,36.03,36.03,35.05,35.45,-2.07,-0.75,-1,7075,250795.6
GSSC,2005-10-11,36.9,36.9,36,36.2,-2.71,-1.01,-1,5050,182799.5
GSSC,2005-10-10,37.5,37.5,37,37.21,-0.03,-0.01,-1,4220,157042.7
GSSC,2005-10-09,37.95,37.95,36.6,37.22,7.76,2.68,-1,9263,344772.45
GSSC,2005-10-05,36,36,34,34.54,1.77,0.6,-1,8888,307031.15
GSSC,2005-10-04,34.99,34.99,32.6,33.94,-4.58,-1.63,-1,6140,208387.65
GSSC,2005-10-03,36.97,36.97,34.5,35.57,-4.1,-1.52,-1,18280,650261.35
GSSC,2005-10-02,39.99,39.99,35.99,37.09,4.16,1.48,-1,10054,372929.5
GSSC,2005-09-29,36.8,36.8,34,35.61,5.14,1.74,-1,8685,309239.44
GSSC,2005-09-28,34.7,34.7,32.62,33.87,2.17,0.72,-1,16165,547462.45
GSSC,2005-09-27,33.88,33.88,32.5,33.15,4.57,1.45,-1,23684,785174.75
GSSC,2005-09-26,32.25,32.25,31.01,31.7,2.19,0.68,-1,17530,555667.35
GSSC,2005-09-25,31.49,31.49,30.89,31.02,2.07,0.63,-1,28764,892347.27
GSSC,2005-09-22,30.5,30.5,29.2,30.39,4.11,1.2,-1,9423,286365.74
GSSC,2005-09-21,29.5,29.5,29,29.19,2.24,0.64,-1,5124,149576.81
GSSC,2005-09-20,28.62,28.62,28.5,28.55,0.42,0.12,-1,4180,119327.65
GSSC,2005-09-19,28.55,28.55,28.32,28.43,0.25,0.07,-1,8665,246388.1
GSSC,2005-09-18,28.65,28.65,28.04,28.36,-2.27,-0.66,-1,7800,221188.8
GSSC,2005-09-15,29.05,29.05,29,29.02,-0.72,-0.21,-1,3270,94900.9
GSSC,2005-09-14,29.25,29.25,29.01,29.23,0.03,0.01,-1,770,22505.7
GSSC,2005-09-13,29.5,29.5,28.65,29.22,-1.18,-0.35,-1,3684,107635.5
GSSC,2005-09-12,29.9,29.9,29.3,29.57,-1.66,-0.5,-1,1411,41721.4
GSSC,2005-09-11,30.94,30.94,29.51,30.07,0.2,0.06,-1,7683,231016.97
GSSC,2005-09-08,30.47,30.47,29.97,30.01,0.98,0.29,-1,7525,225813.75
GSSC,2005-09-07,30,30,29.31,29.72,1.43,0.42,-1,2100,62418.5
GSSC,2005-09-06,29.85,29.85,29.1,29.3,-2.04,-0.61,-1,2553,74796.3
GSSC,2005-09-05,30.5,30.5,28.72,29.91,4.62,1.32,-1,17558,525104.8
GSSC,2005-09-04,28.71,28.71,28.51,28.59,0.32,0.09,-1,1638,46823.05
GSSC,2005-09-01,28.53,28.53,28.5,28.5,0.56,0.16,-1,4396,125292
GSSC,2005-08-31,28.5,28.5,27.6,28.34,0.07,0.02,-1,3880,109976
GSSC,2005-08-30,28.52,28.52,27.55,28.32,-0.6,-0.17,-1,5079,143840.85
GSSC,2005-08-29,28.75,28.75,28.02,28.49,0.92,0.26,-1,8228,234437.26
GSSC,2005-08-28,28.8,28.8,28,28.23,1.58,0.44,-1,4426,124936.5
GSSC,2005-08-25,28.5,28.5,27.5,27.79,0.04,0.01,-1,8430,234243.3
GSSC,2005-08-24,27.88,27.88,27.5,27.78,2.28,0.62,-1,2765,76812.2
GSSC,2005-08-23,27.5,27.5,27.09,27.16,0.67,0.18,-1,1800,48885
GSSC,2005-08-22,27.12,27.12,26.75,26.98,-2.88,-0.8,-1,9555,257807.7
GSSC,2005-08-21,27.85,27.85,27.5,27.78,-0.57,-0.16,-1,2050,56958.5
GSSC,2005-08-18,28.33,28.33,27.33,27.94,-4.25,-1.24,-1,6310,176319.4
GSSC,2005-08-17,29.51,29.51,28.5,29.18,0.24,0.07,-1,5775,168520
GSSC,2005-08-16,29.21,29.21,29.01,29.11,0.55,0.16,-1,5660,164785.9
GSSC,2005-08-15,29.73,29.73,28.1,28.95,-2.39,-0.71,-1,3670,106240.7
GSSC,2005-08-14,30,30,29.07,29.66,0.99,0.29,-1,4000,118648.8
GSSC,2005-08-11,30.95,30.95,28.25,29.37,1.35,0.39,-1,14330,420847.85
GSSC,2005-08-10,29.4,29.4,28.55,28.98,-0.1,-0.03,-1,6574,190507.91
GSSC,2005-08-09,29.3,29.3,28.6,29.01,-3.01,-0.9,-1,10392,301495.39
GSSC,2005-08-08,30.62,30.62,29.15,29.91,-1.81,-0.55,-1,16730,500410.75
GSSC,2005-08-07,31.4,31.4,29.1,30.46,6.13,1.76,-1,23448,714327.58
GSSC,2005-08-04,29,29,27.8,28.7,5.51,1.5,-1,26449,759171.92
GSSC,2005-08-03,27.53,27.53,27.01,27.2,-2.65,-0.74,-1,1575,42846
GSSC,2005-08-02,28,28,27.79,27.94,2.91,0.79,-1,3850,107560.25
GSSC,2005-08-01,27.45,27.45,27,27.15,1.46,0.39,-1,300,8145
GSSC,2005-07-28,27.3,27.3,26.51,26.76,0.98,0.26,-1,3875,103698.4
GSSC,2005-07-27,27,27,26.35,26.5,-2.21,-0.6,-1,1550,41067.36
GSSC,2005-07-26,27.93,27.93,26.65,27.1,1.88,0.5,-1,1005,27231.65
GSSC,2005-07-25,26.69,26.69,26.55,26.6,-2.6,-0.71,-1,4935,131269
GSSC,2005-07-24,27.5,27.5,26.9,27.31,-0.69,-0.19,-1,10761,293866.05
GSSC,2005-07-21,27.94,27.94,27,27.5,0.92,0.25,-1,3937,108254.48
GSSC,2005-07-20,27.27,27.27,27,27.25,0.63,0.17,-1,3444,93838.6
GSSC,2005-07-19,27.9,27.9,26.7,27.08,1.61,0.43,-1,6315,171031.98
GSSC,2005-07-18,26.95,26.95,26.35,26.65,2.07,0.54,-1,2500,66614.25
GSSC,2005-07-17,26.74,26.74,26,26.11,0.42,0.11,-1,3068,80092.25
GSSC,2005-07-14,26.22,26.22,25.81,26,-0.34,-0.09,-1,6630,172390.73
GSSC,2005-07-13,27,27,26,26.09,-1.02,-0.27,-1,2450,63921.25
GSSC,2005-07-12,27.45,27.45,26.25,26.36,0.92,0.24,-1,2360,62221
GSSC,2005-07-11,26.5,26.5,25.76,26.12,-0.11,-0.03,-1,6800,177588.74
GSSC,2005-07-10,26.5,26.5,25.7,26.15,-2.1,-0.56,-1,6359,166267.63
GSSC,2005-07-07,26.81,26.81,26.5,26.71,-0.74,-0.2,-1,5523,147510.4
GSSC,2005-07-06,27.01,27.01,26.8,26.91,-0.3,-0.08,-1,1400,37676.43
GSSC,2005-07-05,27.25,27.25,26.8,26.99,-0.07,-0.02,-1,5740,154902.83
GSSC,2005-07-04,27.25,27.25,26.81,27.01,-1.06,-0.29,-1,2200,59421.77
GSSC,2005-07-03,27.3,27.3,27.26,27.3,0.85,0.23,-1,1800,49136
GSSC,2005-06-30,27.15,27.15,27,27.07,-2.84,-0.79,-1,3775,102191.75
GSSC,2005-06-29,28.12,28.12,27.04,27.86,-0.85,-0.24,-1,6550,182483.8
GSSC,2005-06-28,28.25,28.25,28.05,28.1,-2.19,-0.63,-1,7700,216368.95
GSSC,2005-06-27,29,29,28.01,28.73,1.02,0.29,-1,8650,248495.51
GSSC,2005-06-26,29,29,28,28.44,0.35,0.1,-1,7850,223243.43
GSSC,2005-06-23,28.75,28.75,27.8,28.34,2.09,0.58,-1,8525,241579.5
GSSC,2005-06-22,28,28,27.65,27.76,-1.77,-0.5,-1,3250,90232.5
GSSC,2005-06-21,28.5,28.5,28,28.26,0.75,0.21,-1,19833,560443.69
GSSC,2005-06-20,28.74,28.74,27.48,28.05,2.67,0.73,-1,21373,599598.31
GSSC,2005-06-19,27.68,27.68,26.8,27.32,3.52,0.93,-1,17253,471303.1
GSSC,2005-06-16,26.55,26.55,26.16,26.39,0.04,0.01,-1,5585,147398
GSSC,2005-06-15,26.5,26.5,26.31,26.38,-0.04,-0.01,-1,5785,152580.1
GSSC,2005-06-14,26.6,26.6,26.17,26.39,-0.26,-0.07,-1,13616,359261.98
GSSC,2005-06-13,26.51,26.51,26.3,26.46,-1.96,-0.53,-1,3550,93937.1
GSSC,2005-06-12,27.26,27.26,26.5,26.99,0.48,0.13,-1,5754,155287.8
GSSC,2005-06-09,27,27,26.66,26.86,-0.78,-0.21,-1,7255,194877.7
GSSC,2005-06-08,27.5,27.5,26.78,27.07,0.15,0.04,-1,6455,174707.35
GSSC,2005-06-07,27.51,27.51,26.8,27.03,3.48,0.91,-1,31338,847115.26
GSSC,2005-06-06,26.26,26.26,26.04,26.12,0,0,-1,4160,108655.05
GSSC,2005-06-05,26.85,26.85,26,26.12,-0.19,-0.05,-1,3385,88417
GSSC,2005-06-02,26.7,26.7,26,26.17,-0.53,-0.14,-1,6238,163262.44
GSSC,2005-06-01,26.55,26.55,26.21,26.31,-1.16,-0.31,-1,5350,140745
GSSC,2005-05-31,26.98,26.98,26.25,26.62,0.15,0.04,-1,3300,87836.75
GSSC,2005-05-30,27,27,26.02,26.58,-0.23,-0.06,-1,11697,310888.01
GSSC,2005-05-29,27,27,26.5,26.64,-3.02,-0.83,-1,6405,170619
GSSC,2005-05-26,28.05,28.05,26.55,27.47,-2.48,-0.7,-1,9459,259857.04
GSSC,2005-05-25,28.7,28.7,27.99,28.17,1.59,0.44,-1,16845,474604.75
GSSC,2005-05-24,28.85,28.85,26.7,27.73,8.41,2.15,-1,29971,831093.54
GSSC,2005-05-23,26.01,26.01,24.25,25.58,4.32,1.06,-1,12170,311294.9
GSSC,2005-05-22,25.5,25.5,23.5,24.52,-4.55,-1.17,-1,5800,142203.25
GSSC,2005-05-19,26,26,25.3,25.69,-2.8,-0.74,-1,9595,246507.39
GSSC,2005-05-18,27.27,27.27,25.01,26.43,0.61,0.16,-1,38931,1028780
GSSC,2005-05-17,26.89,26.89,26.07,26.27,-1.05,-0.28,-1,13025,342149.55
GSSC,2005-05-16,27.5,27.5,26.02,26.55,-4.5,-1.25,-1,9450,250855
GSSC,2005-05-15,28.2,28.2,27.5,27.8,-2.42,-0.69,-1,4685,130260.54
GSSC,2005-05-12,28.95,28.95,28.2,28.49,1.32,0.37,-1,20839,593665.31
GSSC,2005-05-11,28.49,28.49,28.01,28.12,-0.04,-0.01,-1,1550,43583
GSSC,2005-05-10,28.6,28.6,28,28.13,0.64,0.18,-1,40481,1138888.78
GSSC,2005-05-09,28.2,28.2,27.86,27.95,0.25,0.07,-1,7395,206687.5
GSSC,2005-05-08,29,29,27.03,27.88,-0.61,-0.17,-1,115191,3211803.06
GSSC,2005-05-05,28.65,28.65,27.8,28.05,0.21,0.06,-1,21960,616075.9
GSSC,2005-05-04,28.26,28.26,27.71,27.99,0.43,0.12,-1,73430,2055298.13
GSSC,2005-05-03,28.02,28.02,27.56,27.87,-1.14,-0.32,-1,3200,89175
GSSC,2005-04-28,28.9,28.9,28,28.19,-1.19,-0.34,-1,8477,238962.3
GSSC,2005-04-27,28.56,28.56,28.5,28.53,-1.28,-0.37,-1,2550,72756.4
GSSC,2005-04-26,29,29,28,28.9,4.03,1.12,-1,3540,102310
GSSC,2005-04-20,28.5,28.5,27.5,27.78,-4.07,-1.18,-1,20900,580608.82
GSSC,2005-04-19,30,30,28.35,28.96,-2.13,-0.63,-1,20530,594609.7
GSSC,2005-04-18,30,30,29.01,29.59,-1.86,-0.56,-1,6590,194978.59
GSSC,2005-04-17,30.49,30.49,30,30.15,0.27,0.08,-1,12224,368542.71
GSSC,2005-04-14,30.5,30.5,29.85,30.07,1.21,0.36,-1,16912,508583.4
GSSC,2005-04-13,29.9,29.9,29,29.71,0.75,0.22,-1,3726,110716
GSSC,2005-04-12,30,30,29.15,29.49,-0.27,-0.08,-1,4859,143282.5
GSSC,2005-04-11,30.48,30.48,29,29.57,-0.24,-0.07,-1,4550,134554.38
GSSC,2005-04-10,30,30,28.02,29.64,-5.58,-1.75,-1,11560,342628.74
GSSC,2005-04-07,31.98,31.98,30.5,31.39,-1.01,-0.32,-1,11293,354433.55
GSSC,2005-04-06,32,32,31.11,31.71,1.08,0.34,-1,13069,414381.31
GSSC,2005-04-05,31.94,31.94,31,31.37,0.19,0.06,-1,7740,242841.2
GSSC,2005-04-04,31.8,31.8,30.8,31.31,0.87,0.27,-1,3950,123681
GSSC,2005-04-03,32,32,30.01,31.04,5.76,1.69,-1,23320,723943.16
GSSC,2005-03-31,31.5,31.5,27.01,29.35,8.58,2.32,-1,20700,607513.5
GSSC,2005-03-30,28.04,28.04,25.05,27.03,-5.59,-1.6,-1,19705,532536.15
GSSC,2005-03-29,29.02,29.02,28,28.63,-4.22,-1.26,-1,17303,495311.5
GSSC,2005-03-28,30.9,30.9,28.8,29.89,-4.6,-1.44,-1,10770,321883
GSSC,2005-03-27,32.02,32.02,30.01,31.33,-2.85,-0.92,-1,10428,326751.97
GSSC,2005-03-24,34.34,34.34,31.7,32.25,-3.47,-1.16,-1,2390,77068.05
GSSC,2005-03-23,34.89,34.89,32,33.41,8.72,2.68,-1,33053,1104451.14
GSSC,2005-03-22,32.49,32.49,27.5,30.73,-4.57,-1.47,-1,16287,500455.63
GSSC,2005-03-21,33.05,33.05,31,32.2,-5.99,-2.05,-1,16231,522588.52
GSSC,2005-03-20,35,35,33.5,34.25,7.17,2.29,-1,33237,1138312.9
GSSC,2005-03-17,34.99,34.99,28.05,31.96,-5.5,-1.86,-1,36077,1152971.85
GSSC,2005-03-16,37,37,32.02,33.82,-7.82,-2.87,-1,29750,1006209.82
GSSC,2005-03-15,37.45,37.45,36.02,36.69,-1.5,-0.56,-1,14167,519777.93
GSSC,2005-03-14,38.99,38.99,36.51,37.25,0.59,0.22,-1,10917,406670.14
GSSC,2005-03-13,38.25,38.25,36.4,37.03,1.79,0.65,-1,37379,1384300.84
GSSC,2005-03-10,37.44,37.44,36.03,36.38,-2.39,-0.89,-1,81641,2970196.83
GSSC,2005-03-09,38.24,38.24,36.56,37.27,-2.54,-0.97,-1,38100,1419900.95
GSSC,2005-03-08,42.42,42.42,36.22,38.24,-4.83,-1.94,-1,36764,1405871.31
GSSC,2005-03-07,40.95,40.95,39.01,40.18,0.75,0.3,-1,24205,972613.75
GSSC,2005-03-06,41.5,41.5,38.55,39.88,8.49,3.12,-1,73148,2916837.56
GSSC,2005-03-03,38.98,38.98,36.03,36.76,-3.97,-1.52,-1,13910,511337.55
GSSC,2005-03-02,39,39,37.5,38.28,1.54,0.58,-1,19809,758317.45
GSSC,2005-03-01,38.88,38.88,36.9,37.7,9.37,3.23,-1,75381,2841993.14
GSSC,2005-02-28,35.98,35.98,33.26,34.47,6.69,2.16,-1,65464,2256616.45
GSSC,2005-02-27,33,33,31.5,32.31,3.99,1.24,-1,60328,1949045.14
GSSC,2005-02-24,31.5,31.5,30.63,31.07,1.57,0.48,-1,10250,318419.9
GSSC,2005-02-23,30.94,30.94,30.01,30.59,-0.49,-0.15,-1,6153,188216.08
GSSC,2005-02-22,31.2,31.2,30.2,30.74,-1,-0.31,-1,6650,204397.3
GSSC,2005-02-21,31.11,31.11,30.85,31.05,-2.82,-0.9,-1,2565,79652.5
GSSC,2005-02-17,32.7,32.7,31,31.96,0.53,0.17,-1,62729,2005084.62
GSSC,2005-02-16,32.5,32.5,30,31.79,6.07,1.82,-1,95978,3051487.6
GSSC,2005-02-15,30.33,30.33,29,29.97,3.49,1.01,-1,37052,1110586.71
GSSC,2005-02-14,29.7,29.7,28.26,28.96,-3.56,-1.07,-1,12631,365730.98
GSSC,2005-02-13,30.73,30.73,29,30.03,8.33,2.31,-1,35250,1058507.63
GSSC,2005-02-09,29.5,29.5,27,27.72,-4.35,-1.26,-1,24460,678094.45
GSSC,2005-02-08,29.97,29.97,28.5,28.98,-4.48,-1.36,-1,40786,1182133.05
GSSC,2005-02-07,32,32,29,30.34,1.51,0.45,-1,80058,2429230.49
GSSC,2005-02-06,30.1,30.1,28.5,29.89,-3.3,-1.02,-1,24074,719602.95
GSSC,2005-02-03,31.99,31.99,30.27,30.91,-1.84,-0.58,-1,22671,700743.97
GSSC,2005-02-02,31.84,31.84,30.25,31.49,5.11,1.53,-1,31380,988037.6
GSSC,2005-02-01,30.49,30.49,29.25,29.96,-1.12,-0.34,-1,13499,404409.59
GSSC,2005-01-31,31.4,31.4,29.3,30.3,-3.66,-1.15,-1,32311,979046.45
GSSC,2005-01-30,33,33,29.89,31.45,10.04,2.87,-1,54161,1703101.47
GSSC,2005-01-27,29.4,29.4,27,28.58,10.82,2.79,-1,65290,1866142.4
GSSC,2005-01-26,26.94,26.94,24.01,25.79,0.62,0.16,-1,39791,1026094.54
GSSC,2005-01-25,27,27,25.2,25.63,2.36,0.59,-1,35985,922403
GSSC,2005-01-24,25.7,25.7,24,25.04,0.4,0.1,-1,42709,1069430.2
GSSC,2005-01-18,24.46,24.46,23.5,23.87,-3.71,-0.92,-1,29392,701451.57
GSSC,2005-01-17,26.75,26.75,23.5,24.79,0.36,0.09,-1,48910,1212410.77
GSSC,2005-01-16,25.78,25.78,22.99,24.7,15.42,3.3,-1,64387,1590653.13
GSSC,2005-01-13,22.6,22.6,19.4,21.4,10.88,2.1,-1,83167,1780039.44
GSSC,2005-01-12,19.84,19.84,18.5,19.3,2.6,0.49,-1,16136,311357.26
GSSC,2005-01-11,19.03,19.03,18.5,18.81,-4.66,-0.92,-1,22030,414475.5
GSSC,2005-01-10,20.89,20.89,19,19.73,-1.65,-0.33,-1,42460,837748.78
GSSC,2005-01-09,20.8,20.8,18.25,20.06,7.56,1.41,-1,42909,860901.76
GSSC,2005-01-06,19.52,19.52,17.26,18.65,6.27,1.1,-1,38042,709353.82
GSSC,2005-01-05,18.32,18.32,17.24,17.55,4.09,0.69,-1,31246,548494.46
GSSC,2005-01-04,17.29,17.29,16.75,16.86,1.63,0.27,-1,31190,525880.25
GSSC,2005-01-03,16.75,16.75,16.5,16.59,-0.42,-0.07,-1,6521,108192
GSSC,2005-01-02,16.66,16.66,16.66,16.66,0,0,-1,440,7330.4
GSSC,2004-12-30,16.55,16.55,16.55,16.55,-0.009,-0.141,-1,900,14895
GSSC,2004-12-29,16.8,16.8,16.6,16.6,0.007,0.101,-1,2390,39881.75
GSSC,2004-12-28,16.7,16.7,16.41,16.42,-0.015,-0.24,-1,5400,89119.26
GSSC,2004-12-26,16.7,16.7,16.53,16.7,-0.005,-0.071,-1,5450,90320.36
GSSC,2004-12-23,17,17,16.7,16.7,-0.02,-0.331,-1,3575,59947.5
GSSC,2004-12-22,17.5,17.5,16.7,16.9,0.022,0.36,-1,17971,305978.79
GSSC,2004-12-21,16.7,16.7,16.49,16.51,0.005,0.081,-1,5255,86899.55
GSSC,2004-12-20,16.5,16.5,16.3,16.41,-0.01,-0.15,-1,3905,64152.25
GSSC,2004-12-19,16.8,16.8,16.3,16.3,0.01,0.151,-1,6705,111011.75
GSSC,2004-12-16,16.25,16.25,16,16.2,-0.001,-0.011,-1,3700,59768.5
GSSC,2004-12-15,16.21,16.21,16.2,16.2,-0.003,-0.04,-1,500,8104
GSSC,2004-12-14,16.25,16.25,16.2,16.24,0.007,0.11,-1,1500,24358
GSSC,2004-12-13,16.22,16.22,16.03,16.03,-0.013,-0.2,-1,9200,148371.5
GSSC,2004-12-12,16.45,16.45,16.19,16.45,0.007,0.11,-1,17920,290911.05
GSSC,2004-12-09,16.45,16.45,16.2,16.25,-0.006,-0.09,-1,12600,205914.5
GSSC,2004-12-08,16.52,16.52,16.3,16.3,-0.017,-0.27,-1,4850,79233
GSSC,2004-12-07,16.9,16.9,16.37,16.49,0.019,0.3,-1,9565,158518.55
GSSC,2004-12-06,16.4,16.4,16,16,-0.013,-0.211,-1,12147,196640.15
GSSC,2004-12-02,16.49,16.49,16.11,16.21,-0.018,-0.29,-1,6275,101938.25
GSSC,2004-12-01,16.51,16.51,16.47,16.5,0.017,0.27,-1,11988,197754.45
GSSC,2004-11-30,16.48,16.48,16.15,16.2,-0.014,-0.231,-1,6610,107275.25
GSSC,2004-11-29,16.6,16.6,16.01,16.6,0.005,0.081,-1,13025,213969
GSSC,2004-11-28,16.65,16.65,16.41,16.41,-0.016,-0.261,-1,8590,141938.2
GSSC,2004-11-25,16.79,16.79,16.51,16.77,0.012,0.191,-1,9609,160152.64
GSSC,2004-11-24,16.75,16.75,16.5,16.52,-0.024,-0.401,-1,7283,120773.25
GSSC,2004-11-23,17,17,16.6,17,0.018,0.301,-1,5642,95444.98
GSSC,2004-11-22,17,17,16.25,17,0.041,0.661,-1,21235,354642.42
GSSC,2004-11-21,16.74,16.74,16.06,16.48,-0.01,-0.15,-1,6126,100082.81
GSSC,2004-11-18,18.6,18.6,16.25,16.5,-0.122,-2.29,-1,2961,49228.76
GSSC,2004-11-17,19,19,18.4,18.98,0.046,0.831,-1,103913,1952403.81
GSSC,2004-11-16,18.46,18.46,17.99,18.21,0.016,0.27,-1,59657,1082931.18
GSSC,2004-11-11,18.34,18.34,18,18,0.034,0.58,-1,46031,825746.48
GSSC,2004-11-10,18.3,18.3,18.1,18.1,0.017,0.29,-1,18500,322316.6
GSSC,2004-11-09,18.54,18.54,18.4,18.4,0.009,0.141,-1,18445,317373.15
GSSC,2004-11-08,18.7,18.7,18.57,18.57,0.005,0.081,-1,8635,147322.35
GSSC,2004-11-07,18.6,18.6,18.55,18.55,-0.005,-0.08,-1,7175,121601.5
GSSC,2004-11-04,18.5,18.5,18.49,18.5,-0.006,-0.09,-1,6815,116755.6
GSSC,2004-11-03,18.48,18.48,18.25,18.48,-0.002,-0.02,-1,1805,31033.35
GSSC,2004-11-02,18.5,18.5,18.48,18.48,-0.004,-0.06,-1,3400,58289
GSSC,2004-11-01,18.58,18.58,18.5,18.5,-0.003,-0.04,-1,3320,57034.55
GSSC,2004-10-31,18.53,18.53,18.35,18.53,0.001,0.011,-1,2240,38386.1
GSSC,2004-10-28,18.5,18.5,18.35,18.35,0.009,0.141,-1,4275,72915
GSSC,2004-10-27,18.6,18.6,18.22,18.6,-0.007,-0.11,-1,6960,119067.8
GSSC,2004-10-26,18.52,18.52,18.1,18.52,0.002,0.02,-1,4250,72699
GSSC,2004-10-25,18.49,18.49,18.4,18.49,-0.034,-0.6,-1,8800,150112
GSSC,2004-10-24,18.57,18.57,18,18.57,-0.054,-0.96,-1,1720,30373
GSSC,2004-10-19,18.01,18.01,17.9,17.9,-0.009,-0.151,-1,31580,568063.2
GSSC,2004-10-18,18.25,18.25,17.9,17.9,-0.001,-0.011,-1,29255,528065.78
GSSC,2004-10-14,18.14,18.14,18,18,0.023,0.4,-1,34000,609051.33
GSSC,2004-10-13,18.1,18.1,18.04,18.04,0.004,0.06,-1,20328,357774.35
GSSC,2004-10-12,18.2,18.2,18.08,18.08,0.017,0.29,-1,13010,227640.1
GSSC,2004-10-11,18.7,18.7,18.37,18.37,0.023,0.38,-1,15480,266793.3
GSSC,2004-10-10,18.67,18.67,18.36,18.67,-0.032,-0.54,-1,10600,178636.76
GSSC,2004-10-07,18.43,18.43,18.33,18.33,0.011,0.18,-1,10330,177818.14
GSSC,2004-10-05,18.59,18.59,18.32,18.59,-0.011,-0.18,-1,26100,446013.8
GSSC,2004-10-04,18.67,18.67,18.1,18.67,-0.007,-0.11,-1,17370,298554.3
GSSC,2004-10-03,18.71,18.71,18.21,18.21,0.056,0.921,-1,28129,479449.01
GSSC,2004-09-30,18.7,18.7,18.4,18.4,-0.013,-0.201,-1,16078,264825.25
GSSC,2004-09-29,18.65,18.65,18.53,18.53,-0.012,-0.19,-1,10901,180997.02
GSSC,2004-09-28,18.78,18.78,18.78,18.78,0.013,0.211,-1,21459,358759.89
GSSC,2004-09-27,18.66,18.66,18.5,18.66,0.027,0.43,-1,19875,329262.85
GSSC,2004-09-26,18.32,18.32,18.08,18.32,0.008,0.121,-1,7238,117462.4
GSSC,2004-09-23,18.18,18.18,18.15,18.18,-0.008,-0.13,-1,18540,300303.18
GSSC,2004-09-22,18.7,18.7,18,18,-0.041,-0.68,-1,65275,1064903.56
GSSC,2004-09-21,18.72,18.72,18.65,18.65,-0.016,-0.261,-1,17580,293148
GSSC,2004-09-20,18.71,18.71,18.6,18.71,0.019,0.311,-1,22550,381415
GSSC,2004-09-19,18.68,18.68,18.35,18.68,0.022,0.351,-1,162725,2668467.34
GSSC,2004-09-16,18.55,18.55,18.55,18.55,-0.032,-0.54,-1,128241,2125182.84
GSSC,2004-09-14,18.65,18.65,18,18,-0.046,-0.851,-1,31243,563491.9
GSSC,2004-09-13,19,19,18.76,18.76,-0.026,-0.49,-1,11250,212058.95
GSSC,2004-09-12,19.49,19.49,18.8,19,-0.01,-0.191,-1,11680,224876.8
GSSC,2004-09-09,19.99,19.99,18.63,18.64,-0.047,-0.911,-1,10685,205054.95
GSSC,2004-09-08,20,20,19,19.11,0.016,0.29,-1,8776,171597.47
GSSC,2004-09-07,19.26,19.26,18.14,19.26,0.052,0.941,-1,24835,467450.8
GSSC,2004-09-06,18.45,18.45,18.21,18.29,-0.005,-0.09,-1,4400,80593
GSSC,2004-09-05,18.5,18.5,18.2,18.5,0.01,0.171,-1,1200,22050
GSSC,2004-09-02,18.4,18.4,18.25,18.25,-0.009,-0.15,-1,2000,36665
GSSC,2004-09-01,18.45,18.45,18.25,18.45,0.011,0.2,-1,1200,22075
GSSC,2004-08-31,18.35,18.35,18.15,18.15,-0.006,-0.101,-1,2000,36502.5
GSSC,2004-08-30,18.3,18.3,18.16,18.3,0.003,0.04,-1,657,11992.53
GSSC,2004-08-29,18.75,18.75,18.09,18.09,-0.001,-0.011,-1,6614,120800.08
GSSC,2004-08-26,18.5,18.5,18,18.15,-0.003,-0.051,-1,3351,60666.65
GSSC,2004-08-25,18.35,18.35,18.01,18.1,0.001,0.011,-1,3122,56812.72
GSSC,2004-08-24,18.19,18.19,17.93,18.19,-0.002,-0.02,-1,4150,75079.5
GSSC,2004-08-23,18.31,18.31,18.02,18.02,0.028,0.481,-1,4850,88328.5
GSSC,2004-08-22,18.09,18.09,18,18.09,-0.044,-0.79,-1,1565,27453.15
GSSC,2004-08-19,18.32,18.32,18.27,18.27,-0.01,-0.171,-1,2900,53063
GSSC,2004-08-18,18.5,18.5,18.2,18.4,-0.01,-0.18,-1,6950,128167.5
GSSC,2004-08-17,18.75,18.75,18.5,18.56,-0.006,-0.111,-1,4184,77740.44
GSSC,2004-08-16,18.79,18.79,18.5,18.79,0.011,0.2,-1,3148,58766.4
GSSC,2004-08-15,18.66,18.66,18.52,18.52,-0.012,-0.22,-1,4400,81777.5
GSSC,2004-08-12,19,19,18.7,18.96,0.001,0.011,-1,2900,54357
GSSC,2004-08-11,19,19,18.72,18.98,-0.002,-0.02,-1,850,16104
GSSC,2004-08-10,19.01,19.01,19,19,0,0,-1,6500,123510
GSSC,2004-08-09,19.05,19.05,18.72,19,-0.001,-0.011,-1,7250,137760
GSSC,2004-08-08,19.03,19.03,18.97,19.01,0.004,0.061,-1,4655,88472.55
GSSC,2004-08-05,19.3,19.3,18.85,18.97,-0.001,-0.011,-1,2100,39796
GSSC,2004-08-04,19.25,19.25,18.7,19.03,0.033,0.601,-1,36400,690845.5
GSSC,2004-08-03,18.75,18.75,18.25,18.4,-0.016,-0.291,-1,9255,170525.15
GSSC,2004-08-02,18.71,18.71,18.65,18.65,-0.011,-0.201,-1,3130,58511.45
GSSC,2004-08-01,18.9,18.9,18.7,18.7,-0.016,-0.301,-1,14791,278832.7
GSSC,2004-07-29,19.1,19.1,18.9,19.07,0.014,0.25,-1,29893,568084.5
GSSC,2004-07-28,19.09,19.09,18.21,19.09,0.048,0.871,-1,24470,460430
GSSC,2004-07-27,18.63,18.63,18,18.13,0.014,0.24,-1,19100,348029.75
GSSC,2004-07-26,18.01,18.01,17.92,18,0.014,0.24,-1,9575,171278.75
GSSC,2004-07-25,17.95,17.95,17.84,17.84,7.45,0.24,-1,9275,164735.23
GSSC,2004-07-22,18.18,18.18,18.08,18.08,-2.42,-0.08,-1,11000,192670.56
GSSC,2004-07-21,18.5,18.5,18,18,22.68,0.61,-1,28575,502834
GSSC,2004-07-20,18.7,18.7,18.61,18.61,-2.54,-0.07,-1,2705,45960.6
GSSC,2004-07-19,18.65,18.65,18.54,18.54,-1.08,-0.03,-1,4950,84425.5
GSSC,2004-07-18,18.74,18.74,18.51,18.51,6.49,0.17,-1,6450,110229.5
GSSC,2004-07-15,18.7,18.7,18.68,18.68,9.62,0.23,-1,19829,335409.32
GSSC,2004-07-14,18.72,18.72,18.69,18.69,-0.83,-0.02,-1,5310,88649.2
GSSC,2004-07-13,18.73,18.73,18.71,18.71,-1.63,-0.04,-1,10025,167470.31
GSSC,2004-07-12,18.75,18.75,18.61,18.75,0.41,0.01,-1,11400,190902
GSSC,2004-07-11,18.74,18.74,18.55,18.74,10.91,0.24,-1,16190,270976
GSSC,2004-07-08,18.5,18.5,18.5,18.5,4.76,0.1,-1,2725,44962.5
GSSC,2004-07-07,18.45,18.45,18.4,18.4,-1.41,-0.03,-1,4000,65580.9
GSSC,2004-07-06,18.45,18.45,18.43,18.43,-2.74,-0.06,-1,2880,47306
GSSC,2004-07-05,18.49,18.49,18.3,18.49,7.35,0.15,-1,4350,71732.75
GSSC,2004-07-04,18.35,18.35,18.34,18.34,-6.42,-0.14,-1,9400,153610
GSSC,2004-06-30,18.48,18.48,18.4,18.48,10.1,0.2,-1,9000,148345.4
GSSC,2004-06-29,18.3,18.3,18.28,18.28,2.06,0.04,-1,2550,41524.5
GSSC,2004-06-28,18.25,18.25,18.24,18.24,-5.83,-0.12,-1,2054,33348.42
GSSC,2004-06-27,18.36,18.36,18.14,18.36,14.44,0.26,-1,700,11454
GSSC,2004-06-24,18.11,18.11,18.1,18.1,4.05,0.07,-1,1100,17711
GSSC,2004-06-23,18.06,18.06,18.03,18.03,-13.93,-0.28,-1,9200,147508
GSSC,2004-06-22,18.31,18.31,18.23,18.31,-12.23,-0.28,-1,16556,269987.94
GSSC,2004-06-21,18.59,18.59,18.22,18.59,15.08,0.3,-1,4075,67618.2
GSSC,2004-06-20,18.4,18.4,18.29,18.29,-7.44,-0.16,-1,9530,155208.5
GSSC,2004-06-17,18.45,18.45,18.43,18.45,-2.71,-0.06,-1,4120,67765
GSSC,2004-06-16,18.59,18.59,18.51,18.51,3.76,0.08,-1,6650,109759
GSSC,2004-06-15,18.43,18.43,18.35,18.43,-7.79,-0.18,-1,12715,208926.86
GSSC,2004-06-14,18.61,18.61,18.55,18.61,-9.06,-0.23,-1,1470,24411.8
GSSC,2004-06-13,18.76,18.76,18.29,18.76,41.11,0.74,-1,57900,974953.25
GSSC,2004-06-10,18.1,18.1,18.03,18.1,1.12,0.02,-1,14500,233436.4
GSSC,2004-06-09,18.3,18.3,18.08,18.08,-2.73,-0.05,-1,9150,147168.7
GSSC,2004-06-08,18.13,18.13,17.91,18.13,9.58,0.16,-1,14715,237369.53
GSSC,2004-06-07,17.97,17.97,17.89,17.97,7.74,0.12,-1,8555,136665.4
GSSC,2004-06-06,17.85,17.85,15.8,17.85,-8.28,-0.14,-1,5650,89543.87
GSSC,2004-06-03,18,18,17.99,17.99,-3.98,-0.07,-1,22124,353752.05
GSSC,2004-06-02,18.06,18.06,17.7,18.06,-1.12,-0.02,-1,17250,277041.58
GSSC,2004-06-01,18.08,18.08,17.76,18.08,57.52,0.65,-1,43050,692116.6
GSSC,2004-05-31,17.53,17.53,17.43,17.43,-18.12,-0.25,-1,19450,300194.5
GSSC,2004-05-30,17.7,17.7,17.68,17.68,24.32,0.27,-1,9375,147043
GSSC,2004-05-27,17.41,17.41,17.41,17.41,-7.5,-0.09,-1,300,4623
GSSC,2004-05-26,17.5,17.5,17.46,17.5,16.5,0.17,-1,5900,91472.5
GSSC,2004-05-25,17.37,17.37,17.33,17.33,-18.25,-0.23,-1,8250,126467.5
GSSC,2004-05-24,17.71,17.71,17.56,17.56,-8.7,-0.12,-1,21815,339401.92
GSSC,2004-05-23,17.88,17.88,17.68,17.68,-8,-0.12,-1,7375,115649.5
GSSC,2004-05-20,17.9,17.9,15.8,15.8,10.29,0.14,-1,5900,93232
GSSC,2004-05-19,18,18,17.6,17.66,-8.72,-0.13,-1,13725,214934.5
GSSC,2004-05-18,18.05,18.05,17.79,17.79,-18.58,-0.34,-1,19350,305501.5
GSSC,2004-05-17,18.45,18.45,18.13,18.13,-9.85,-0.2,-1,11524,185865.2
GSSC,2004-05-16,18.33,18.33,18,18.33,9.73,0.18,-1,8974,146553.9
GSSC,2004-05-13,18.15,18.15,18.01,18.15,9.47,0.16,-1,14172,228916.41
GSSC,2004-05-12,17.99,17.99,17.45,17.99,-13.33,-0.26,-1,37525,600145.16
GSSC,2004-05-11,18.31,18.31,18.25,18.25,-30.36,-0.85,-1,67796,1101894.25
GSSC,2004-05-10,18.5,18.5,18.38,18.5,32.7,0.69,-1,55970,957088.9
GSSC,2004-05-09,18.41,18.41,17.99,18.41,54.01,0.74,-1,47368,777234.54
GSSC,2004-05-06,17.85,17.85,17.16,17.67,71.25,0.57,-1,92235,1445466.45
GSSC,2004-05-05,17.98,17.98,17.1,17.1,-27.27,-0.3,-1,56123,847504.42
GSSC,2004-05-04,17.4,17.4,17.4,17.4,197.3,0.73,-1,85567,1317731.8
GSSC,2004-05-03,16.67,16.67,16.67,16.67,-215.63,0.69,-1,20955,307409.85
GSSC,2004-04-29,15.98,15.98,15.5,15.98,-60.98,0.5,-1,60845,850701.8
GSSC,2004-04-28,15.5,15.5,15.48,15.48,3.8,-0.03,-1,13486,181813.45
GSSC,2004-04-27,15.6,15.6,15.51,15.51,2.6,-0.02,-1,23450,316887.05
GSSC,2004-04-26,15.75,15.75,15.53,15.53,50.98,-0.26,-1,15083,204105.2
GSSC,2004-04-22,16,16,15.79,15.79,34.21,-0.13,-1,58148,801826.45
GSSC,2004-04-21,15.92,15.92,15.49,15.92,-59.57,0.56,-1,41727,580707.08
GSSC,2004-04-20,15.36,15.36,15.24,15.36,-27.69,0.36,-1,12200,163028
GSSC,2004-04-19,15,15,15,15,0,0,-1,18414,239443.5
GSSC,2004-04-18,15,15,15,15,-0.76,0.01,-1,19131,248687
GSSC,2004-04-15,15,15,14.99,14.99,0.77,-0.01,-1,9143,118793.9
GSSC,2004-04-14,15,15,15,15,0,0,-1,14456,187881
GSSC,2004-04-13,15,15,14.9,15,-9.09,0.13,-1,11954,155437.48
GSSC,2004-04-08,14.98,14.98,14.87,14.87,1.42,-0.02,-1,3275,42142.75
GSSC,2004-04-07,14.89,14.89,14.77,14.89,-4.08,0.06,-1,3225,41554.25
GSSC,2004-04-06,14.83,14.83,14.75,14.83,7.3,-0.1,-1,2513,32230.25
GSSC,2004-04-05,14.93,14.93,12.8,14.93,-6.16,0.09,-1,7685,99351.75
GSSC,2004-04-04,14.85,14.85,14.75,14.84,-3.95,0.06,-1,2625,33695.95
GSSC,2004-04-01,14.85,14.85,14.75,14.78,-14.61,0.26,-1,3443,43987.9
GSSC,2004-03-31,14.62,14.62,14.52,14.52,10.56,-0.17,-1,16830,210754
GSSC,2004-03-30,14.88,14.88,14.69,14.69,2.55,-0.04,-1,13230,167887.36
GSSC,2004-03-29,14.81,14.81,14.73,14.73,9.79,-0.14,-1,6370,81068.5
GSSC,2004-03-28,15.01,15.01,12.8,14.87,9.16,-0.12,-1,7600,97847
GSSC,2004-03-25,14.99,14.99,14.9,14.99,-17.09,0.27,-1,42372,550327.08
GSSC,2004-03-24,14.85,14.85,14.5,14.72,-1.86,0.03,-1,866,11014.52
GSSC,2004-03-23,14.69,14.69,14.69,14.69,0,0,-1,139728,1773244.22
GSSC,2004-03-22,14.69,14.69,14.69,14.69,-11.54,0.21,-1,3290,41764.98
GSSC,2004-03-21,14.48,14.48,14.25,14.48,4,-0.07,-1,1295,16164
GSSC,2004-03-18,14.55,14.55,14.4,14.55,-10.26,0.2,-1,7900,99134.5
GSSC,2004-03-17,14.36,14.36,14.35,14.35,-5.8,0.12,-1,1040,12846.4
GSSC,2004-03-16,14.23,14.23,14.21,14.23,-0.48,0.01,-1,2920,35699
GSSC,2004-03-15,14.23,14.23,14.22,14.22,-0.48,0.01,-1,1780,21746
GSSC,2004-03-14,14.25,14.25,14.21,14.21,3.98,-0.08,-1,2500,30530
GSSC,2004-03-11,14.49,14.49,14.29,14.29,3.61,-0.07,-1,2050,25191
GSSC,2004-03-10,14.36,14.36,14.35,14.36,6.59,-0.12,-1,2350,29045
GSSC,2004-03-09,14.5,14.5,14.48,14.48,-1.62,0.03,-1,2200,27457
GSSC,2004-03-08,14.5,14.5,14.45,14.45,-10.63,0.22,-1,1255,15626.35
GSSC,2004-03-07,14.23,14.23,14.22,14.23,24.7,-0.41,-1,1050,12839.5
GSSC,2004-03-04,14.79,14.79,14.64,14.64,-19.81,0.41,-1,2105,26612.3
GSSC,2004-03-02,14.25,14.25,14.23,14.23,-5.91,0.13,-1,4100,50153
GSSC,2004-03-01,14.1,14.1,14.06,14.1,-1.35,0.03,-1,3035,36724
GSSC,2004-02-29,14.07,14.07,14.07,14.07,9.85,-0.2,-1,900,10863
GSSC,2004-02-26,14.27,14.27,14.15,14.27,10.33,-0.19,-1,2440,29941.35
GSSC,2004-02-25,14.46,14.46,14.39,14.46,-12.38,0.26,-1,10100,125834.35
GSSC,2004-02-24,14.2,14.2,13.98,14.2,-9.87,0.23,-1,56425,688638.92
GSSC,2004-02-23,13.97,13.97,13.55,13.97,-14.02,0.38,-1,43428,520009.89
GSSC,2004-02-22,13.59,13.59,13.4,13.59,-1.45,0.04,-1,2700,31284.9
GSSC,2004-02-19,13.59,13.59,13.55,13.55,-7.09,0.21,-1,7642,88270.2
GSSC,2004-02-18,13.35,13.35,13.34,13.34,2.78,-0.08,-1,28078,318470.81
GSSC,2004-02-17,13.42,13.42,13.4,13.42,1.77,-0.05,-1,5977,68254.77
GSSC,2004-02-16,13.51,13.51,13.47,13.47,2.17,-0.06,-1,8350,95803.9
GSSC,2004-02-15,13.55,13.55,13.53,13.53,0.73,-0.02,-1,6585,75921.25
GSSC,2004-02-12,13.65,13.65,13.55,13.55,2.61,-0.07,-1,4800,55437
GSSC,2004-02-11,13.63,13.63,13.62,13.62,0.75,-0.02,-1,4000,46481
GSSC,2004-02-10,13.65,13.65,13.64,13.64,2.31,-0.06,-1,2150,25026.5
GSSC,2004-02-09,13.9,13.9,13.7,13.7,6.56,-0.16,-1,9500,111116.15
GSSC,2004-02-08,13.86,13.86,13.66,13.86,4.72,-0.11,-1,17740,210420.95
GSSC,2004-02-05,13.97,13.97,13.61,13.97,-8.27,0.21,-1,8000,95750
GSSC,2004-02-04,13.9,13.9,13.31,13.76,-5.22,0.14,-1,6900,81159.3
GSSC,2004-01-29,13.62,13.62,13.6,13.62,0.37,-0.01,-1,3500,40662.5
GSSC,2004-01-28,13.65,13.65,13.63,13.63,-3.96,0.11,-1,3550,41273.1
GSSC,2004-01-27,13.52,13.52,13.5,13.52,0,0,-1,2428,27965.92
GSSC,2004-01-26,13.52,13.52,13.5,13.52,1.09,-0.03,-1,10450,120409
GSSC,2004-01-25,13.6,13.6,13.55,13.55,3.77,-0.1,-1,4930,56954
GSSC,2004-01-22,13.65,13.65,13.5,13.65,-5.36,0.15,-1,2400,27955.17
GSSC,2004-01-21,13.5,13.5,13.5,13.5,0.72,-0.02,-1,2365,27202.5
GSSC,2004-01-20,13.56,13.56,13.52,13.52,2.96,-0.08,-1,6700,77158.65
GSSC,2004-01-19,13.6,13.6,13.51,13.6,-1.1,0.03,-1,10785,125124.78
GSSC,2004-01-18,13.57,13.57,13.52,13.57,-1.8,0.05,-1,11940,138101.4
GSSC,2004-01-15,13.52,13.52,13.51,13.52,2.96,-0.08,-1,1115,12844.65
GSSC,2004-01-14,13.6,13.6,13.6,13.6,-3.57,0.1,-1,1000,11600
GSSC,2004-01-13,13.5,13.5,13.3,13.5,0,0,-1,2948,33909.27
GSSC,2004-01-12,13.51,13.51,13.5,13.5,1.08,-0.03,-1,5037,57916.55
GSSC,2004-01-11,13.53,13.53,13.5,13.53,0.36,-0.01,-1,12089,139436
GSSC,2004-01-08,13.65,13.65,13.54,13.54,5.34,-0.14,-1,3632,41918
GSSC,2004-01-06,13.7,13.7,13.68,13.68,0,0,-1,5951,69502.5
GSSC,2004-01-05,13.68,13.68,13.5,13.68,0.38,-0.01,-1,3180,37150
GSSC,2004-01-04,13.69,13.69,13.5,13.69,-3.33,0.09,-1,6625,77477.5
GSSC,2003-12-31,13.6,13.6,13.5,13.6,-3.57,0.1,-1,9200,106718.5
GSSC,2003-12-30,13.5,13.5,13.5,13.5,0,0,-1,5365,61707.5
GSSC,2003-12-29,13.5,13.5,13.49,13.5,-0.36,0.01,-1,3804,43738
GSSC,2003-12-28,13.49,13.49,13.3,13.49,-1.75,0.05,-1,5361,61591.5
GSSC,2003-12-25,13.44,13.44,13.25,13.44,4.76,-0.13,-1,7364,84266.75
GSSC,2003-12-24,13.67,13.67,13.57,13.57,4.6,-0.12,-1,2010,23251.6
GSSC,2003-12-23,13.69,13.69,13.58,13.69,-10,0.29,-1,10360,121155.35
GSSC,2003-12-22,13.4,13.4,12.71,13.4,-11.85,0.39,-1,36160,412140.3
GSSC,2003-12-21,13.01,13.01,12.99,13.01,-1.5,0.05,-1,27850,306547.3
GSSC,2003-12-18,12.96,12.96,12.91,12.96,-0.6,0.02,-1,5800,63554
GSSC,2003-12-17,12.95,12.95,12.94,12.94,1.2,-0.04,-1,5815,63639.7
GSSC,2003-12-16,12.98,12.98,12.9,12.98,-1.48,0.05,-1,5060,55574.9
GSSC,2003-12-15,12.93,12.93,12.62,12.93,-5.87,0.21,-1,1320,14423.4
GSSC,2003-12-14,13.05,13.05,12.72,12.72,11.18,-0.36,-1,9770,104690.4
GSSC,2003-12-11,13.12,13.12,13.08,13.08,2.55,-0.08,-1,13215,146434
GSSC,2003-12-10,13.16,13.16,13.16,13.16,0.64,-0.02,-1,2600,29008
GSSC,2003-12-09,13.2,13.2,13.18,13.18,-0.32,0.01,-1,1225,13698.5
GSSC,2003-12-08,13.3,13.3,13.17,13.17,3.99,-0.12,-1,1110,12399.45
GSSC,2003-12-07,13.3,13.3,13.29,13.29,-1.95,0.06,-1,4200,47397.5
GSSC,2003-12-04,13.23,13.23,13.08,13.23,-2.54,0.08,-1,1700,19097
GSSC,2003-12-03,13.25,13.25,13.15,13.15,3.96,-0.12,-1,3900,43488
GSSC,2003-12-02,13.4,13.4,13.27,13.27,4.48,-0.13,-1,1450,16337
GSSC,2003-12-01,13.45,13.45,13.4,13.4,0.69,-0.02,-1,5075,57840.3
GSSC,2003-11-30,13.48,13.48,13.42,13.42,-1.71,0.05,-1,5911,67507.76
GSSC,2003-11-24,13.38,13.38,13.37,13.37,-6.69,0.21,-1,4700,53428.5
GSSC,2003-11-23,13.16,13.16,13.11,13.16,-1.88,0.06,-1,1600,17849
GSSC,2003-11-19,13.1,13.1,13.1,13.1,188.29,-2.09,-1,265,2941.5
GSSC,2003-11-17,15.19,15.19,15.18,15.19,-7.5,0.09,-1,8520,112393.1
GSSC,2003-11-16,15.15,15.15,15.1,15.1,13.21,-0.14,-1,11074,145021.61
GSSC,2003-11-13,15.34,15.34,15.24,15.24,2.91,-0.03,-1,4176,55281.34
GSSC,2003-11-12,15.32,15.32,15.27,15.27,0,0,-1,2820,37408.8
GSSC,2003-11-11,15.5,15.5,15.27,15.27,-11.21,0.13,-1,2430,32256.4
GSSC,2003-11-10,15.2,15.2,15.14,15.14,10.48,-0.11,-1,600,7886
GSSC,2003-11-09,15.25,15.25,15.1,15.25,-2.78,0.03,-1,3540,46904.1
GSSC,2003-11-06,15.22,15.22,15.21,15.22,-14.29,0.18,-1,3045,40269.11
GSSC,2003-11-05,15.2,15.2,15.04,15.04,32.63,-0.31,-1,8150,106245
GSSC,2003-11-04,15.36,15.36,15.35,15.35,5.56,-0.05,-1,1876,25044.35
GSSC,2003-11-03,15.4,15.4,15.4,15.4,-2.17,0.02,-1,2080,27872
