Symbol,Date Range,Open,High,Low,Closed,% Change,Change,Prev. Closed,Volume,Turnover
IFAP,2026-09-07,23.2,23.2,21.25,21.63,2.03,0.43,-1,4851179,107971648
IFAP,2026-09-06,21.46,21.46,21,21.2,-0.24,-0.05,-1,580824,12325227
IFAP,2026-09-03,21.44,21.44,21.06,21.25,1.19,0.25,-1,508489,10764165
IFAP,2026-09-02,21.5,21.5,20.77,21,1.11,0.23,-1,1314473,27743388
IFAP,2026-09-01,20.9,20.9,20.49,20.77,1.17,0.24,-1,1496112,30888874
IFAP,2026-08-31,21,21,20.5,20.53,-1.01,-0.21,-1,1242358,25575474
IFAP,2026-08-30,21.25,21.25,20.5,20.74,-0.62,-0.13,-1,2324561,48539668
IFAP,2026-08-26,21.49,21.49,20.83,20.87,-0.19,-0.04,-1,626029,13184511
IFAP,2026-08-25,21.06,21.06,20.21,20.91,1.9,0.39,-1,1260621,26223960
IFAP,2026-08-24,21.7,21.7,20.52,20.52,-1.16,-0.24,-1,1245721,26445694
IFAP,2026-08-23,20.95,20.95,20.47,20.76,1.02,0.21,-1,572899,11843563
IFAP,2026-08-20,20.95,20.95,20.2,20.55,-0.92,-0.19,-1,497320,10236515
IFAP,2026-08-19,21.48,21.48,20.7,20.74,-1.24,-0.26,-1,5556774,116017968
IFAP,2026-08-18,21.2,21.2,20.6,21,0.24,0.05,-1,739957,15472299
IFAP,2026-08-17,21.5,21.5,20.51,20.95,-2.56,-0.55,-1,1173895,24486834
IFAP,2026-08-16,21.92,21.92,21.27,21.5,-1.65,-0.36,-1,649660,13989924
IFAP,2026-08-13,22.24,22.24,21.48,21.86,-1.09,-0.24,-1,799060,17314540.08
IFAP,2026-08-12,22.7,22.7,21.5,22.1,0.5,0.11,-1,1665958,36708412
IFAP,2026-08-11,21.99,21.99,21.35,21.99,0.87,0.19,-1,1312628,28338324
IFAP,2026-08-10,22,22,21.01,21.8,3.81,0.8,-1,1761739,37890744
IFAP,2026-08-09,21.15,21.15,20.61,21,0,0,-1,781602,16289452
IFAP,2026-08-06,21.49,21.49,20.85,21,-1.78,-0.38,-1,1303344,27511666
IFAP,2026-08-05,21.38,21.38,20.27,21.38,5.89,1.19,-1,3977299,82978184
IFAP,2026-08-04,20.62,20.62,19.75,20.19,0.95,0.19,-1,2407173,48774840
IFAP,2026-08-03,20.29,20.29,19.71,20,0.55,0.11,-1,2243474,44989148
IFAP,2026-08-02,19.89,19.89,19.44,19.89,1.95,0.38,-1,382870,7533056.5
IFAP,2026-07-30,19.6,19.6,19,19.51,-1.01,-0.2,-1,595730,11503346
IFAP,2026-07-29,19.89,19.89,19.5,19.71,0,0,-1,492978,9710156
IFAP,2026-07-28,19.82,19.82,19.63,19.71,-0.2,-0.04,-1,596133,11753437
IFAP,2026-07-27,19.95,19.95,19.71,19.75,-0.25,-0.05,-1,820638,16266377
IFAP,2026-07-26,20.28,20.28,19.31,19.8,2.64,0.51,-1,2341451,46390936
IFAP,2026-07-22,19.3,19.3,19.01,19.29,0.36,0.07,-1,746074,14326184
IFAP,2026-07-21,19.27,19.27,19,19.22,1.1,0.21,-1,789967,15086564
IFAP,2026-07-20,19.35,19.35,18.96,19.01,-0.83,-0.16,-1,671427,12813061
IFAP,2026-07-19,19.64,19.64,19.14,19.17,-0.73,-0.14,-1,677161,13069495
IFAP,2026-07-16,19.64,19.64,19.26,19.31,-1.23,-0.24,-1,250455,4856006.5
IFAP,2026-07-15,19.68,19.68,19.45,19.55,-0.2,-0.04,-1,178802,3493829.25
IFAP,2026-07-14,19.67,19.67,19.45,19.59,-0.41,-0.08,-1,162698,3186589
IFAP,2026-07-13,19.67,19.67,19.47,19.67,0.51,0.1,-1,171707,3353929.5
IFAP,2026-07-12,19.63,19.63,19.5,19.57,-0.26,-0.05,-1,117745,2300872.5
IFAP,2026-07-09,19.7,19.7,19.24,19.6,1.77,0.34,-1,384402,7508444.5
IFAP,2026-07-08,19.6,19.6,19.21,19.26,-1.28,-0.25,-1,255986,4976260.5
IFAP,2026-07-07,19.65,19.65,19.42,19.51,-0.36,-0.07,-1,340213,6635295
IFAP,2026-07-06,19.6,19.6,19.45,19.58,0.51,0.1,-1,236038,4610089.5
IFAP,2026-07-05,19.8,19.8,19.33,19.45,0.62,0.12,-1,274320,5364765
IFAP,2026-07-01,20,20,19.08,19.33,0.68,0.13,-1,83753,1610330.5
IFAP,2026-06-30,19.25,19.25,19,19.2,0.89,0.17,-1,101637,1942317.25
IFAP,2026-06-29,19.32,19.32,18.47,19.03,-1.4,-0.27,-1,307288,5816338
IFAP,2026-06-28,19.5,19.5,19,19.3,-0.41,-0.08,-1,387914,7472686
IFAP,2026-06-25,19.9,19.9,19.1,19.38,0.88,0.17,-1,655569,12739626
IFAP,2026-06-24,19.25,19.25,19.03,19.21,0.89,0.17,-1,143970,2752840
IFAP,2026-06-23,19.16,19.16,19,19.04,-0.21,-0.04,-1,154951,2954782.5
IFAP,2026-06-22,19.25,19.25,19.06,19.09,-0.88,-0.17,-1,148972,2848595.5
IFAP,2026-06-21,19.3,19.3,19.06,19.26,0.05,0.01,-1,213723,4096850.25
IFAP,2026-06-17,19.5,19.5,19.05,19.25,-0.62,-0.12,-1,253128,4867539.5
IFAP,2026-06-16,19.6,19.6,19.3,19.37,-0.72,-0.14,-1,140778,2734879.25
IFAP,2026-06-15,19.77,19.77,19.49,19.51,0.1,0.02,-1,145612,2853074.5
IFAP,2026-06-14,19.5,19.5,18.9,19.49,3.12,0.59,-1,221690,4265727
IFAP,2026-06-11,19.3,19.3,18.85,18.9,-2.12,-0.41,-1,272838,5191199
IFAP,2026-06-10,19.85,19.85,19.3,19.31,-0.97,-0.19,-1,210441,4089892.25
IFAP,2026-06-09,19.5,19.5,19.32,19.5,0.83,0.16,-1,291791,5672497.5
IFAP,2026-06-08,19.63,19.63,19.15,19.34,-1.48,-0.29,-1,247425,4806117.5
IFAP,2026-06-07,19.9,19.9,19.61,19.63,-0.2,-0.04,-1,367411,7244345
IFAP,2026-06-04,19.9,19.9,19.6,19.67,-1.21,-0.24,-1,518887,10241869
IFAP,2026-06-03,20.2,20.2,19.8,19.91,-0.7,-0.14,-1,473125,9447106
IFAP,2026-06-02,23.5,23.5,16.5,20.05,-1.04,-0.21,-1,1313600,26787240
IFAP,2026-06-01,20.39,20.39,19.83,20.26,0.8,0.16,-1,235897,4756679.5
IFAP,2026-05-25,20.35,20.35,19.82,20.1,-0.59,-0.12,-1,320436,6423147
IFAP,2026-05-24,20.31,20.31,19.55,20.22,2.33,0.46,-1,163533,3266126.75
IFAP,2026-05-21,19.97,19.97,19.57,19.76,1.13,0.22,-1,229399,4514461.5
IFAP,2026-05-20,20.39,20.39,19.51,19.54,-3.03,-0.61,-1,354351,7070767.5
IFAP,2026-05-19,20.55,20.55,20.12,20.15,-0.15,-0.03,-1,258579,5222117
IFAP,2026-05-18,20.66,20.66,20.05,20.18,-2.32,-0.48,-1,224629,4562740.5
IFAP,2026-05-17,21.15,21.15,20.55,20.66,-2.32,-0.49,-1,559671,11668419
IFAP,2026-05-14,21.25,21.25,20.95,21.15,0,0,-1,1010580,21309742
IFAP,2026-05-13,21.55,21.55,20.9,21.15,-0.89,-0.19,-1,680839,14414291
IFAP,2026-05-12,21.69,21.69,21.01,21.34,-0.37,-0.08,-1,677048,14460602
IFAP,2026-05-11,21.8,21.8,21.15,21.42,-1.34,-0.29,-1,1051464,22443486
IFAP,2026-05-10,22,22,21.6,21.71,0.51,0.11,-1,666999,14497360
IFAP,2026-05-06,22.2,22.2,21.49,21.6,0.19,0.04,-1,2612279,56981216
IFAP,2026-05-05,21.89,21.89,20.45,21.56,3.16,0.66,-1,3263893,69743248
IFAP,2026-05-04,20.98,20.98,20.3,20.9,0,0,-1,1082466,22414254
IFAP,2026-05-03,21.09,21.09,20.48,20.9,2.7,0.55,-1,3091655,64350392
IFAP,2026-04-30,20.79,20.79,20,20.35,1.65,0.33,-1,3076614,62984812
IFAP,2026-04-29,20.18,20.18,19.85,20.02,0.5,0.1,-1,891283,17767822
IFAP,2026-04-28,20.33,20.33,19.77,19.92,-0.99,-0.2,-1,1687355,33711964
IFAP,2026-04-27,20.15,20.15,19.62,20.12,2.65,0.52,-1,1141452,22785220
IFAP,2026-04-26,19.65,19.65,19.2,19.6,2.14,0.41,-1,432408,8435288
IFAP,2026-04-23,19.28,19.28,19.12,19.19,0.47,0.09,-1,254746,4894376
IFAP,2026-04-22,19.32,19.32,19.08,19.1,0.05,0.01,-1,352863,6752900.5
IFAP,2026-04-21,19.29,19.29,19.02,19.09,-0.1,-0.02,-1,176593,3379239.25
IFAP,2026-04-20,19.43,19.43,19.1,19.13,-1.14,-0.22,-1,177343,3410054.75
IFAP,2026-04-19,19.5,19.5,19.34,19.35,-0.15,-0.03,-1,352647,6857545.5
IFAP,2026-04-16,19.58,19.58,19.33,19.37,-0.67,-0.13,-1,330536,6415918
IFAP,2026-04-15,19.79,19.79,19.38,19.5,1.14,0.22,-1,1133570,22175654
IFAP,2026-04-14,19.5,19.5,19.07,19.28,-0.05,-0.01,-1,153169,2971606.5
IFAP,2026-04-09,19.64,19.64,19.19,19.29,-0.87,-0.17,-1,341196,6633301
IFAP,2026-04-08,19.5,19.5,19.21,19.46,1.41,0.27,-1,391712,7602737.5
IFAP,2026-04-07,19.38,19.38,19.07,19.19,0.52,0.1,-1,224130,4307251.5
IFAP,2026-04-06,19.43,19.43,19.03,19.09,-0.1,-0.02,-1,380987,7340885.5
IFAP,2026-04-05,19.25,19.25,18.82,19.11,-0.05,-0.01,-1,285194,5431834
IFAP,2026-04-02,19.38,19.38,19.06,19.12,-0.26,-0.05,-1,119503,2287076.75
IFAP,2026-04-01,19.5,19.5,19.05,19.17,0.73,0.14,-1,134029,2573022.5
IFAP,2026-03-31,19.4,19.4,18.76,19.06,-0.42,-0.08,-1,89611,1710203
IFAP,2026-03-30,19.6,19.6,18.71,19.14,-1.85,-0.36,-1,336177,6440814
IFAP,2026-03-29,19.9,19.9,19.5,19.5,0,0,-1,662040,12971431
IFAP,2026-03-26,19.98,19.98,19.4,19.5,0.05,0.01,-1,369185,7261404.5
IFAP,2026-03-25,20,20,19.46,19.49,-2.06,-0.41,-1,554802,10915192
IFAP,2026-03-24,20.45,20.45,19.62,19.9,0.66,0.13,-1,900916,17994486
IFAP,2026-03-18,20.2,20.2,19.42,19.77,-0.1,-0.02,-1,1232777,24552770
IFAP,2026-03-17,19.94,19.94,18.22,19.79,7.73,1.42,-1,1167610,22674842
IFAP,2026-03-16,18.87,18.87,18.2,18.37,-0.54,-0.1,-1,60513,1111678.5
IFAP,2026-03-15,18.95,18.95,18.5,18.69,-0.37,-0.07,-1,60186,1127095
IFAP,2026-03-12,19.06,19.06,18.8,18.87,-0.21,-0.04,-1,168618,3189951.5
IFAP,2026-03-11,19,19,18.82,18.91,0.59,0.11,-1,84219,1590006.25
IFAP,2026-03-10,19.05,19.05,18.7,18.8,-0.74,-0.14,-1,72373,1364772.75
IFAP,2026-03-09,19.7,19.7,18.82,18.94,-1.14,-0.22,-1,453805,8664443
IFAP,2026-03-08,19.55,19.55,18.39,19.22,5.03,0.92,-1,374904,7152123.5
IFAP,2026-03-05,18.48,18.48,18.1,18.3,1.1,0.2,-1,44290,809749.38
IFAP,2026-03-04,18.8,18.8,17.51,18.19,-1.14,-0.21,-1,263891,4802887.5
IFAP,2026-03-03,18.44,18.44,17.81,18.4,1.77,0.32,-1,227314,4120174.5
IFAP,2026-03-02,18.5,18.5,17.9,18.08,1.01,0.18,-1,130696,2371756.5
IFAP,2026-03-01,18.07,18.07,16.8,17.9,-0.56,-0.1,-1,305791,5409660
IFAP,2026-02-26,18.34,18.34,17.82,18,-1.26,-0.23,-1,77804,1405187.5
IFAP,2026-02-25,18.53,18.53,17.41,18.23,-1.46,-0.27,-1,274652,4953083.5
IFAP,2026-02-24,18.87,18.87,18.4,18.5,-1.12,-0.21,-1,214013,3969257.5
IFAP,2026-02-23,19,19,18.58,18.71,0.7,0.13,-1,195544,3670876
IFAP,2026-02-22,19,19,18.12,18.58,-1.69,-0.32,-1,157253,2931845
IFAP,2026-02-19,19.38,19.38,18.8,18.9,-2.53,-0.49,-1,250572,4765445
IFAP,2026-02-18,19.68,19.68,19.31,19.39,-0.87,-0.17,-1,583623,11385464
IFAP,2026-02-17,19.8,19.8,19.4,19.56,0.51,0.1,-1,389235,7623347
IFAP,2026-02-16,19.81,19.81,19.25,19.46,-1.22,-0.24,-1,405740,7904708
IFAP,2026-02-15,19.7,19.7,19.33,19.7,0.61,0.12,-1,707298,13786470
IFAP,2026-02-12,19.99,19.99,19.35,19.58,-1.11,-0.22,-1,333865,6513511.54
IFAP,2026-02-11,20.55,20.55,19.5,19.8,2.54,0.49,-1,1933506,38836824
IFAP,2026-02-10,19.33,19.33,18.95,19.3,1.69,0.32,-1,335411,6431560.5
IFAP,2026-02-09,19.24,19.24,18.97,18.99,-0.84,-0.16,-1,168639,3212520.25
IFAP,2026-02-08,19.29,19.29,19.1,19.15,-0.47,-0.09,-1,193522,3711900
IFAP,2026-02-05,19.3,19.3,18.8,19.24,-0.05,-0.01,-1,269948,5167580
IFAP,2026-02-04,19.3,19.3,19.15,19.25,0.63,0.12,-1,570680,10970446
IFAP,2026-02-03,19.2,19.2,18.9,19.13,-0.36,-0.07,-1,712485,13609138
IFAP,2026-02-02,19.5,19.5,19,19.2,0,0,-1,405646,7784513
IFAP,2026-02-01,19.3,19.3,17.27,19.2,4.92,0.9,-1,570103,10552552
IFAP,2026-01-28,18.49,18.49,18.2,18.3,-0.49,-0.09,-1,386267,7061564
IFAP,2026-01-27,18.58,18.58,18.3,18.39,-0.7,-0.13,-1,130901,2406930
IFAP,2026-01-26,18.6,18.6,18.3,18.52,0.16,0.03,-1,128641,2370957.25
IFAP,2026-01-25,18.75,18.75,18.25,18.49,-0.91,-0.17,-1,157026,2906666.75
IFAP,2026-01-22,18.7,18.7,18.5,18.66,-0.05,-0.01,-1,197301,3668402.5
IFAP,2026-01-21,18.69,18.69,18.21,18.61,1.31,0.24,-1,248170,4577778.5
IFAP,2026-01-20,18.5,18.5,18.26,18.37,-0.16,-0.03,-1,235006,4308328
IFAP,2026-01-19,18.48,18.48,18.18,18.43,1.04,0.19,-1,98295,1804369.13
IFAP,2026-01-18,18.48,18.48,18.01,18.24,0.17,0.03,-1,77611,1409310
IFAP,2026-01-15,18.43,18.43,18.05,18.17,-0.82,-0.15,-1,202648,3677250.25
IFAP,2026-01-14,19,19,18.25,18.32,-2.81,-0.53,-1,182766,3371230.25
IFAP,2026-01-13,19.12,19.12,18.51,18.85,0,0,-1,383853,7246418.5
IFAP,2026-01-12,19.06,19.06,18.5,18.74,-0.43,-0.08,-1,390632,7310322
IFAP,2026-01-11,19.12,19.12,18.77,18.82,-1.26,-0.24,-1,192960,3640968.5
IFAP,2026-01-08,19.14,19.14,19,19.06,0,0,-1,268340,5114767.5
IFAP,2026-01-06,19.17,19.17,18.9,19.06,0.32,0.06,-1,485914,9233036
IFAP,2026-01-05,19.22,19.22,18.31,19,0.74,0.14,-1,476006,8969023
IFAP,2026-01-04,19.03,19.03,18.75,18.86,0.05,0.01,-1,388635,7350100
IFAP,2025-12-31,18.85,18.85,18.32,18.85,1.29,0.24,-1,629371,11728377
IFAP,2025-12-30,18.7,18.7,18.05,18.61,2.48,0.45,-1,536103,9852291
IFAP,2025-12-29,18.2,18.2,18.05,18.16,0.11,0.02,-1,296389,5369077
IFAP,2025-12-28,18.31,18.31,18.1,18.16,-0.06,-0.01,-1,139986,2548365.75
IFAP,2025-12-25,18.36,18.36,18.03,18.17,0,0,-1,199696,3626469.5
IFAP,2025-12-24,18.39,18.39,18.15,18.17,-1.03,-0.19,-1,213253,3893948.25
IFAP,2025-12-23,18.39,18.39,17.95,18.36,1.77,0.32,-1,655450,11921588
IFAP,2025-12-22,18.14,18.14,17.7,18.04,1.18,0.21,-1,445500,8016933
IFAP,2025-12-21,18,18,17.7,17.83,-0.67,-0.12,-1,560621,9990533
IFAP,2025-12-18,18.25,18.25,16.35,17.93,-0.83,-0.15,-1,497304,8947772
IFAP,2025-12-17,18.45,18.45,18,18.08,-0.93,-0.17,-1,682681,12385942
IFAP,2025-12-16,18.7,18.7,18.1,18.25,0.55,0.1,-1,1120093,20611190
IFAP,2025-12-15,18.33,18.33,18.05,18.15,-0.6,-0.11,-1,385201,6993721
IFAP,2025-12-14,18.6,18.6,18,18.26,0.05,0.01,-1,1027258,18811346
IFAP,2025-12-11,18.39,18.39,18.13,18.25,0.11,0.02,-1,312702,5695735.5
IFAP,2025-12-10,18.44,18.44,18.2,18.23,-0.82,-0.15,-1,240126,4386347
IFAP,2025-12-09,18.59,18.59,18.2,18.38,-0.49,-0.09,-1,283939,5221013.5
IFAP,2025-12-08,18.77,18.77,18.5,18.52,0.11,0.02,-1,214506,3985012.75
IFAP,2025-12-07,18.6,18.6,18.2,18.5,0.98,0.18,-1,308287,5693508.5
IFAP,2025-12-04,18.45,18.45,18.25,18.32,0.38,0.07,-1,250606,4587443
IFAP,2025-12-03,18.74,18.74,18.2,18.25,-1.4,-0.26,-1,304135,5612460
IFAP,2025-12-02,18.8,18.8,18.4,18.51,-0.22,-0.04,-1,187822,3492160.25
IFAP,2025-12-01,19,19,18.5,18.55,-1.9,-0.36,-1,293376,5463968.5
IFAP,2025-11-30,19.28,19.28,18.8,18.91,-1.51,-0.29,-1,339163,6446995
IFAP,2025-11-27,19.4,19.4,18.95,19.18,0.26,0.05,-1,238024,4548607.5
IFAP,2025-11-26,19.65,19.65,19.11,19.13,0.58,0.11,-1,189731,3659850
IFAP,2025-11-25,20.1,20.1,19.02,19.02,-2.86,-0.56,-1,1155573,22957862
IFAP,2025-11-24,19.85,19.85,18.5,19.58,4.76,0.89,-1,1875035,36439760
IFAP,2025-11-23,18.74,18.74,18.45,18.69,0.05,0.01,-1,404807,7507409.5
IFAP,2025-11-20,18.68,18.68,18.01,18.68,2.3,0.42,-1,345718,6334263
IFAP,2025-11-19,18.54,18.54,18.1,18.26,0.61,0.11,-1,225387,4134054.5
IFAP,2025-11-18,18.25,18.25,17.95,18.15,0.28,0.05,-1,489823,8821085
IFAP,2025-11-17,18.5,18.5,18.06,18.1,-2.11,-0.39,-1,1195149,21730756
IFAP,2025-11-16,19.1,19.1,18.47,18.49,-2.43,-0.46,-1,707739,13220811
IFAP,2025-11-13,19.1,19.1,18.9,18.95,0.16,0.03,-1,628710,11924076
IFAP,2025-11-12,19.18,19.18,18.91,18.92,-1.05,-0.2,-1,929865,17668438
IFAP,2025-11-11,19.19,19.19,18.95,19.12,0.1,0.02,-1,729252,13898837
IFAP,2025-11-10,19.5,19.5,18.91,19.1,-0.83,-0.16,-1,1070165,20399292
IFAP,2025-11-09,19.39,19.39,19.06,19.26,0.26,0.05,-1,1537546,29474536
IFAP,2025-11-06,19.88,19.88,19.01,19.21,-3.03,-0.6,-1,1487401,28715590
IFAP,2025-11-05,20.1,20.1,19.7,19.81,-0.8,-0.16,-1,450136,8934454
IFAP,2025-11-04,20.4,20.4,19.95,19.97,-1.63,-0.33,-1,2078521,41794468
IFAP,2025-11-03,20.43,20.43,19.91,20.3,1,0.2,-1,841934,16996930
IFAP,2025-11-02,20.6,20.6,19.86,20.1,-1.33,-0.27,-1,885250,17802780
IFAP,2025-10-30,20.6,20.6,20.22,20.37,0.79,0.16,-1,802536,16340755
IFAP,2025-10-29,20.4,20.4,20.1,20.21,0.1,0.02,-1,260158,5253344.5
IFAP,2025-10-28,20.45,20.45,20.07,20.2,-0.83,-0.17,-1,882297,17839550
IFAP,2025-10-27,20.49,20.49,20.3,20.37,-0.2,-0.04,-1,925388,18838642
IFAP,2025-10-26,20.59,20.59,20.3,20.41,-0.44,-0.09,-1,484881,9892082
IFAP,2025-10-23,20.57,20.57,20.35,20.5,-0.05,-0.01,-1,345282,7053928
IFAP,2025-10-22,20.84,20.84,20.32,20.51,-0.68,-0.14,-1,504988,10363190
IFAP,2025-10-21,20.95,20.95,20.38,20.65,1.47,0.3,-1,926383,19054776
IFAP,2025-10-20,20.65,20.65,20.21,20.35,0.2,0.04,-1,348208,7106784
IFAP,2025-10-19,20.65,20.65,20.3,20.31,0.3,0.06,-1,370129,7575766
IFAP,2025-10-16,20.5,20.5,20.01,20.25,-0.44,-0.09,-1,389174,7885158.5
IFAP,2025-10-15,20.7,20.7,20.15,20.34,-0.83,-0.17,-1,943784,19324198
IFAP,2025-10-14,21,21,20.5,20.51,-0.49,-0.1,-1,478325,9883231
IFAP,2025-10-13,21.5,21.5,19.85,20.61,3.78,0.75,-1,3122637,65194516
IFAP,2025-10-12,19.99,19.99,19.52,19.86,-0.55,-0.11,-1,474901,9386049
IFAP,2025-10-08,20.41,20.41,19.92,19.97,-0.84,-0.17,-1,1057175,21247220
IFAP,2025-10-07,20.3,20.3,19.44,20.14,3.6,0.7,-1,1832392,36586320
IFAP,2025-10-06,19.75,19.75,19.43,19.44,-1.22,-0.24,-1,515872,10089501
IFAP,2025-10-05,19.89,19.89,19.11,19.68,-0.66,-0.13,-1,1137366,22360202
IFAP,2025-10-02,21.35,21.35,19.81,19.81,-7.21,-1.54,-1,2533033,51066424
IFAP,2025-10-01,22,22,21.12,21.35,-1.7,-0.37,-1,916738,19763400
IFAP,2025-09-30,21.72,21.72,20.92,21.72,3.43,0.72,-1,2366983,50508504
IFAP,2025-09-29,21,21,19.91,21,5,1,-1,1562201,32138264
IFAP,2025-09-28,20.15,20.15,19.85,20,-0.5,-0.1,-1,625090,12479335
IFAP,2025-09-25,20.2,20.2,19.97,20.1,1.26,0.25,-1,1273703,25535400
IFAP,2025-09-24,20.11,20.11,19.8,19.85,-0.15,-0.03,-1,835870,16672692
IFAP,2025-09-23,20.42,20.42,19.72,19.88,0.4,0.08,-1,2213420,44174532
IFAP,2025-09-22,20.65,20.65,19.67,19.8,-2.89,-0.59,-1,1661068,33148056
IFAP,2025-09-21,20.71,20.71,20.19,20.39,-0.54,-0.11,-1,944039,19312542
IFAP,2025-09-18,20.95,20.95,20.26,20.5,-1.2,-0.25,-1,1847454,37966204
IFAP,2025-09-17,21.75,21.75,20.57,20.75,-2.58,-0.55,-1,2009220,42048652
IFAP,2025-09-16,23.25,23.25,21.21,21.3,-6.17,-1.4,-1,3090155,68716168
IFAP,2025-09-15,23.99,23.99,22.7,22.7,-2.24,-0.52,-1,3228514,75059944
IFAP,2025-09-14,25.19,25.19,23,23.22,-7.31,-1.83,-1,3637422,87128296
IFAP,2025-09-11,25.3,25.3,23.38,25.05,7.28,1.7,-1,7892008,194449104
IFAP,2025-09-10,24.6,24.6,23.11,23.35,2.86,0.65,-1,2853222,67295768
IFAP,2025-09-09,22.79,22.79,21.6,22.7,7.48,1.58,-1,3685553,82427528
IFAP,2025-09-08,21.65,21.65,20.4,21.12,3.38,0.69,-1,1373871,29142488
IFAP,2025-09-07,21,21,20.35,20.43,-1.49,-0.31,-1,260568,5378828.5
IFAP,2025-09-03,20.9,20.9,20.25,20.74,0.1,0.02,-1,590424,12235705
IFAP,2025-09-02,21,21,20.65,20.72,-0.96,-0.2,-1,466090,9699192
IFAP,2025-09-01,20.9,20.9,20.7,20.9,0.48,0.1,-1,948017,19711166
IFAP,2025-08-31,21.3,21.3,20.66,20.8,-1.19,-0.25,-1,314112,6571969.5
IFAP,2025-08-28,21.09,21.09,20.45,21.05,2.48,0.51,-1,530657,11027420
IFAP,2025-08-27,20.59,20.59,20.1,20.54,0.34,0.07,-1,242138,4922403.5
IFAP,2025-08-26,20.88,20.88,20.06,20.47,-1.3,-0.27,-1,744477,15176357
IFAP,2025-08-25,20.95,20.95,20.7,20.74,0.53,0.11,-1,804686,16750882
IFAP,2025-08-24,21.28,21.28,20.7,20.76,-0.57,-0.12,-1,326212,6812286.5
IFAP,2025-08-21,21.32,21.32,20.8,21,-1.41,-0.3,-1,285127,5999525
IFAP,2025-08-20,21.88,21.88,21.3,21.3,0.05,0.01,-1,1339472,28826722
IFAP,2025-08-19,21.3,21.3,20.63,21.29,3.3,0.68,-1,1064928,22491094
IFAP,2025-08-18,20.9,20.9,20.26,20.61,0.63,0.13,-1,1533876,31533932
IFAP,2025-08-17,20.75,20.75,19.64,20.48,4.6,0.9,-1,2144790,43511400
IFAP,2025-08-14,19.83,19.83,19.12,19.58,2.25,0.43,-1,623677,12182989
IFAP,2025-08-13,19.49,19.49,19.11,19.15,0.21,0.04,-1,183480,3517447.5
IFAP,2025-08-12,19.5,19.5,18.93,19.11,0.53,0.1,-1,535964,10253706
IFAP,2025-08-11,19.2,19.2,18.8,19.01,0,0,-1,1585713,30100552
IFAP,2025-08-10,19.4,19.4,18.9,19.01,-2.01,-0.39,-1,397051,7584013.5
IFAP,2025-08-07,19.5,19.5,19.19,19.4,0.73,0.14,-1,344429,6652895.5
IFAP,2025-08-06,19.6,19.6,19.2,19.26,-0.72,-0.14,-1,272107,5244649.5
IFAP,2025-08-05,20,20,19.34,19.4,-0.51,-0.1,-1,2009113,39553292
IFAP,2025-08-04,19.5,19.5,18.97,19.5,2.85,0.54,-1,1462222,28101028
IFAP,2025-08-03,19.7,19.7,18.12,18.96,4.12,0.75,-1,1083193,20595722
IFAP,2025-07-31,18.39,18.39,18,18.21,1.17,0.21,-1,1072825,19469774
IFAP,2025-07-30,18.04,18.04,17.46,18,1.07,0.19,-1,890672,15929289
IFAP,2025-07-29,18,18,16.71,17.81,3.07,0.53,-1,1457525,25703030
IFAP,2025-07-28,18,18,17.2,17.28,-4,-0.72,-1,500674,8760429
IFAP,2025-07-27,19.15,19.15,17.96,18,-4.51,-0.85,-1,941439,17290400
IFAP,2025-07-23,19.59,19.59,18.61,18.85,-3.03,-0.59,-1,2224956,42230116
IFAP,2025-07-22,20.47,20.47,19.4,19.44,-3.52,-0.71,-1,939582,18687300
IFAP,2025-07-21,20.99,20.99,18.6,20.15,8.98,1.66,-1,1800714,35909856
IFAP,2025-07-20,18.61,18.61,17.99,18.58,1.5,0.27,-1,2058903,37880968
IFAP,2025-07-17,18.9,18.9,17.88,18.31,-2.87,-0.54,-1,2133685,38822576
IFAP,2025-07-16,20.15,20.15,18.71,18.85,-5.8,-1.16,-1,1113106,21520696
IFAP,2025-07-15,20.68,20.68,19.92,20.01,-0.51,-0.1,-1,1938492,39161484
IFAP,2025-07-14,20.52,20.52,19.68,20.11,-1.76,-0.36,-1,1686242,33664564
IFAP,2025-07-13,20.78,20.78,19.22,20.47,7.67,1.46,-1,3839633,77682216
IFAP,2025-07-10,19.13,19.13,18.14,19.01,4.98,0.9,-1,3708878,68777216
IFAP,2025-07-09,18.46,18.46,17.68,18.11,2.44,0.43,-1,2000951,36274956
IFAP,2025-07-07,17.88,17.88,16.59,17.68,6.62,1.1,-1,1224389,20928696
IFAP,2025-07-06,16.85,16.85,16.45,16.58,1.88,0.3,-1,818379,13619090
IFAP,2025-07-02,16.46,16.46,16.27,16.28,0,0,-1,1589192,25999802
IFAP,2025-07-01,16.64,16.64,16.23,16.28,0.39,0.07,-1,737686,12087692
IFAP,2025-06-30,16.81,16.81,16.1,16.21,0.34,0.05,-1,562720,9217673
IFAP,2025-06-29,16.86,16.86,16.07,16.16,-2.17,-0.42,-1,1263376,20751920
IFAP,2025-06-25,17.09,17.09,14.98,16.58,0.09,0.01,-1,1151234,19123054
IFAP,2025-06-24,17.25,17.25,16.43,16.57,0.76,0.13,-1,1789543,29844140
IFAP,2025-06-23,16.61,16.61,16.14,16.44,1.75,0.3,-1,2234755,36641320
IFAP,2025-06-22,16.28,16.28,14.56,16.14,7.91,1.18,-1,1646438,26200328
IFAP,2025-06-19,15.52,15.52,14.69,14.96,-2.85,-0.44,-1,886936,13261958
IFAP,2025-06-18,16.03,16.03,14.53,15.4,3.04,0.46,-1,1143326,17720254
IFAP,2025-06-17,17.09,17.09,14.93,14.94,-4.99,-0.79,-1,3255745,52161712
IFAP,2025-06-16,15.83,15.83,14.12,15.73,10.34,1.48,-1,885467,13371649
IFAP,2025-06-15,14.31,14.31,13.34,14.25,-3.21,-0.41,-1,697160,9665016
IFAP,2025-06-12,15.09,15.09,14.14,14.66,-1.01,-0.15,-1,1859413,27537764
IFAP,2025-06-11,15.05,15.05,14.7,14.81,-0.58,-0.09,-1,270545,4028362.25
IFAP,2025-06-10,15.04,15.04,14.66,14.9,1.39,0.21,-1,273258,4071315.75
IFAP,2025-06-04,15.05,15.05,14.47,14.69,-1.37,-0.21,-1,804980,11801243
IFAP,2025-06-03,15.67,15.67,14.86,14.9,-5,-0.78,-1,1249586,18685714
IFAP,2025-06-02,16.07,16.07,14.84,15.68,0.1,0.01,-1,1915599,29403316
IFAP,2025-06-01,15.68,15.68,14.58,15.67,7.42,1.09,-1,3504718,53229792
IFAP,2025-05-29,14.58,14.58,13.18,14.58,8.84,1.18,-1,2858685,39586184
IFAP,2025-05-28,13.62,13.62,12.74,13.4,5.49,0.7,-1,1066013,13927644
IFAP,2025-05-27,12.7,12.7,12.31,12.7,3.25,0.4,-1,1612402,20252974
IFAP,2025-05-26,12.43,12.43,11.76,12.3,3.77,0.45,-1,945659,11471512
IFAP,2025-05-25,12,12,11.64,11.85,0.33,0.01,-1,965292,11415022
IFAP,2025-05-22,12.23,12.23,11.82,11.84,-1.31,-0.16,-1,1254128,15083435
IFAP,2025-05-21,12.02,12.02,11.53,12,3.94,0.46,-1,986154,11730483
IFAP,2025-05-20,11.76,11.76,11.53,11.54,-0.34,-0.04,-1,714462,8280810.5
IFAP,2025-05-19,11.76,11.76,11.54,11.58,-1.53,-0.18,-1,95319,1105803.75
IFAP,2025-05-18,11.88,11.88,11.55,11.76,0,0,-1,415611,4864360.5
IFAP,2025-05-15,11.87,11.87,11.56,11.76,0.74,0.09,-1,965774,11294631
IFAP,2025-05-14,11.76,11.76,11.37,11.67,2.06,0.23,-1,311088,3616897
IFAP,2025-05-13,11.67,11.67,11.37,11.44,-1.09,-0.09,-1,703615,8099928
IFAP,2025-05-12,11.74,11.74,11.51,11.53,-0.61,-0.07,-1,100063,1155778
IFAP,2025-05-11,11.82,11.82,11.5,11.6,0.89,0.1,-1,226232,2650735.25
IFAP,2025-05-08,11.56,11.56,11.37,11.5,0.2,0.02,-1,1416975,16213138
IFAP,2025-05-07,11.84,11.84,11.45,11.48,-2.4,-0.28,-1,253469,2966349.25
IFAP,2025-05-06,11.85,11.85,11.72,11.76,-0.33,-0.04,-1,451876,5321865.5
IFAP,2025-05-05,11.94,11.94,11.67,11.8,0,0,-1,381704,4511318.5
IFAP,2025-05-04,11.94,11.94,11.78,11.8,-0.46,-0.05,-1,989061,11716102
IFAP,2025-04-30,11.96,11.96,11.76,11.85,-0.53,-0.07,-1,1146115,13642594
IFAP,2025-04-29,11.95,11.95,11.76,11.92,0.07,0.01,-1,510676,6051369
IFAP,2025-04-28,12.05,12.05,11.88,11.91,-0.07,-0.01,-1,519016,6209692
IFAP,2025-04-27,12.04,12.04,11.79,11.92,1.33,0.16,-1,1550111,18463858
IFAP,2025-04-23,11.8,11.8,11.37,11.76,3.31,0.38,-1,1098662,12826387
IFAP,2025-04-22,11.68,11.68,11.25,11.38,-1.22,-0.15,-1,468237,5336064
IFAP,2025-04-17,11.88,11.88,11.4,11.53,1.38,0.16,-1,1701741,19755292
IFAP,2025-04-16,11.53,11.53,10.91,11.37,4.32,0.47,-1,2054700,23020752
IFAP,2025-04-15,11.09,11.09,10.87,10.9,0.43,0.05,-1,340245,3720896.25
IFAP,2025-04-14,11.17,11.17,10.84,10.85,-1.28,-0.14,-1,971223,10638542
IFAP,2025-04-13,11.24,11.24,10.83,10.99,0.64,0.04,-1,518791,5739535
IFAP,2025-04-10,11.29,11.29,10.92,10.95,3.41,0.37,-1,989266,10871876
IFAP,2025-04-09,11.13,11.13,10.55,10.58,0.45,0.04,-1,2821007,30470812
IFAP,2025-04-08,11.52,11.52,10.47,10.54,-5.68,-0.63,-1,3793300,41489748
IFAP,2025-04-07,11.36,11.36,10.99,11.17,0.35,0.04,-1,1311771,14647962
IFAP,2025-04-06,11.68,11.68,11.04,11.13,-5.21,-0.62,-1,1699282,19296210
IFAP,2025-04-03,11.96,11.96,11.37,11.75,-0.2,-0.02,-1,1128442,13220999
IFAP,2025-03-27,12.48,12.48,11.45,11.77,-1.9,-0.23,-1,6108055,72278320
IFAP,2025-03-26,12.54,12.54,10.72,12,11.84,1.27,-1,5603036,64616940
IFAP,2025-03-25,11.06,11.06,10.7,10.73,-0.36,-0.03,-1,1338286,14494549
IFAP,2025-03-24,11.09,11.09,10.35,10.76,1.55,0.16,-1,4962278,53674512
IFAP,2025-03-23,11.15,11.15,10.04,10.6,5.63,0.56,-1,8281825,88603448
IFAP,2025-03-20,10.19,10.19,9.02,10.04,8.38,0.78,-1,2928192,28703832
IFAP,2025-03-19,9.64,9.64,9.25,9.26,-2.56,-0.24,-1,550145,5182962.5
IFAP,2025-03-18,9.68,9.68,8.77,9.5,-1.7,-0.17,-1,5187017,47332892
IFAP,2025-03-17,10.04,10.04,9.65,9.67,-2.45,-0.24,-1,1319440,13007300
IFAP,2025-03-16,10.29,10.29,9.72,9.91,1.53,0.15,-1,2199767,22178674
IFAP,2025-03-13,10.04,10.04,9.45,9.76,-1.11,-0.11,-1,2118041,20716446
IFAP,2025-03-12,10.58,10.58,9.85,9.87,-3.15,-0.32,-1,3348983,34185256
IFAP,2025-03-11,10.25,10.25,8.73,10.19,13.54,1.21,-1,8198484,78120784
IFAP,2025-03-10,10.27,10.27,8.74,8.98,3.71,0.32,-1,6416331,60116840
IFAP,2025-03-09,8.66,8.66,7.16,8.66,20,1.45,-1,11697630,97857808
IFAP,2025-03-06,7.21,7.21,6.82,7.21,5.75,0.39,-1,2852694,20075426
IFAP,2025-03-05,6.98,6.98,6.78,6.82,-2.14,-0.15,-1,830689,5679209.5
IFAP,2025-03-04,6.98,6.98,6.74,6.97,2.66,0.18,-1,838847,5797666.5
IFAP,2025-03-03,6.92,6.92,6.79,6.79,-0.92,-0.06,-1,613044,4207555.5
IFAP,2025-03-02,7.02,7.02,6.84,6.85,-1.24,-0.09,-1,539153,3718524.25
IFAP,2025-02-27,7.09,7.09,6.7,6.94,0.23,0.02,-1,1102024,7610852
IFAP,2025-02-26,6.96,6.96,6.77,6.92,1.99,0.13,-1,5532211,38212000
IFAP,2025-02-25,6.87,6.87,6.67,6.79,0.78,0.06,-1,1431829,9695706
IFAP,2025-02-24,6.84,6.84,6.72,6.73,-1.54,-0.11,-1,955467,6469106.5
IFAP,2025-02-23,6.85,6.85,6.7,6.84,0.78,0.05,-1,783760,5313264.5
IFAP,2025-02-20,6.8,6.8,6.55,6.79,2.85,0.19,-1,1864953,12554724.18
IFAP,2025-02-19,6.67,6.67,6.5,6.6,-0.6,-0.04,-1,503894,3320489.25
IFAP,2025-02-18,6.73,6.73,6.58,6.64,1,0.06,-1,628680,4161005.25
IFAP,2025-02-17,6.75,6.75,6.37,6.58,-0.85,-0.05,-1,1734069,11415610
IFAP,2025-02-16,6.93,6.93,6.6,6.63,-2.43,-0.17,-1,1087794,7275778
IFAP,2025-02-13,6.86,6.86,6.73,6.8,1.68,0.11,-1,511127,3470299.75
IFAP,2025-02-12,6.75,6.75,6.54,6.69,1.96,0.14,-1,1086239,7190818.5
IFAP,2025-02-11,7.06,7.06,6.36,6.55,-6.36,-0.45,-1,1358120,9298164
IFAP,2025-02-10,7.05,7.05,6.99,7,-0.33,-0.03,-1,221670,1553923.5
IFAP,2025-02-09,7.15,7.15,7,7.03,-0.14,0,-1,375427,2643966.25
IFAP,2025-02-06,7.2,7.2,6.84,7.03,-0.09,-0.01,-1,1426903,10098818
IFAP,2025-02-05,7.05,7.05,6.82,7.04,2.35,0.16,-1,779922,5434820.5
IFAP,2025-02-04,6.99,6.99,6.8,6.88,0.24,0.03,-1,436562,3004538.5
IFAP,2025-02-03,7,7,6.84,6.85,-1.47,-0.1,-1,651343,4492202
IFAP,2025-02-02,7.1,7.1,6.91,6.95,0.05,0,-1,780343,5454522
IFAP,2025-01-30,7.08,7.08,6.93,6.95,-1.41,-0.1,-1,487152,3394098
IFAP,2025-01-29,7.08,7.08,6.93,7.05,1.67,0.12,-1,574136,4042303
IFAP,2025-01-28,7.06,7.06,6.9,6.93,0,0,-1,516495,3592574.41
IFAP,2025-01-27,7.26,7.26,6.91,6.93,-0.66,-0.05,-1,1098965,7713914.5
IFAP,2025-01-26,7.18,7.18,6.93,6.98,-0.56,-0.03,-1,847727,6002855.5
IFAP,2025-01-23,7.13,7.13,6.82,7.01,2.61,0.17,-1,2157511,15088623
IFAP,2025-01-22,6.93,6.93,6.81,6.84,0.29,0.03,-1,879790,6026922
IFAP,2025-01-21,6.93,6.93,6.81,6.81,-0.34,-0.03,-1,1298216,8906868
IFAP,2025-01-20,7.05,7.05,6.81,6.84,-0.81,-0.05,-1,2571869,17753760
IFAP,2025-01-19,7.13,7.13,6.87,6.89,-0.9,-0.06,-1,1979015,13777131
IFAP,2025-01-16,7.21,7.21,6.85,6.95,-0.99,-0.08,-1,4148135,29025888
IFAP,2025-01-15,7.03,7.03,6.77,7.03,3.76,0.26,-1,3126621,21597496
IFAP,2025-01-14,6.77,6.77,6.37,6.77,2.5,0.17,-1,2650006,17585744
IFAP,2025-01-13,6.75,6.75,6.54,6.6,1.21,0.08,-1,4601589,30420240
IFAP,2025-01-12,6.53,6.53,6.15,6.52,4.77,0.29,-1,3332372,21403176
IFAP,2025-01-09,6.3,6.3,6.21,6.23,-0.16,0,-1,361533,2255006
IFAP,2025-01-08,6.27,6.27,6.15,6.23,0.53,0,-1,1516636,9387592
IFAP,2025-01-06,6.34,6.34,6.22,6.23,0.32,0.01,-1,763344,4795822
IFAP,2025-01-05,6.34,6.34,6.18,6.22,-0.58,-0.03,-1,618608,3873956.5
IFAP,2025-01-02,6.27,6.27,6.01,6.25,4.3,0.25,-1,462361,2862306
IFAP,2024-12-31,6.03,6.03,5.94,6,1.33,0.06,-1,465890,2783476.5
IFAP,2024-12-30,6.11,6.11,5.91,5.94,-1.91,-0.12,-1,326561,1953018.63
IFAP,2024-12-29,6.14,6.14,5.95,6.06,-0.86,-0.05,-1,473975,2870389.25
IFAP,2024-12-26,6.22,6.22,6.01,6.11,-0.8,-0.05,-1,238574,1455813.5
IFAP,2024-12-25,6.3,6.3,6.15,6.16,-0.32,-0.02,-1,852655,5293122
IFAP,2024-12-24,6.31,6.31,6.11,6.18,-0.64,-0.04,-1,813425,5018415
IFAP,2024-12-23,6.41,6.41,6.15,6.22,1.29,0.08,-1,2549262,16099437
IFAP,2024-12-22,6.15,6.15,5.94,6.14,3.33,0.2,-1,840208,5099344
IFAP,2024-12-19,6.01,6.01,5.9,5.94,-0.77,-0.05,-1,626544,3729717.75
IFAP,2024-12-18,6.11,6.11,5.96,5.99,-0.49,-0.03,-1,1227686,7375768.5
IFAP,2024-12-17,6.15,6.15,5.98,6.02,0,0,-1,716770,4345248
IFAP,2024-12-16,6.08,6.08,5.94,6.02,0.72,0.05,-1,623724,3761580.75
IFAP,2024-12-15,6.15,6.15,5.93,5.97,-2.12,-0.11,-1,668782,4018727.25
IFAP,2024-12-12,6.23,6.23,6.05,6.08,-1.12,-0.09,-1,1432472,8756826
IFAP,2024-12-11,6.25,6.25,6.16,6.17,-0.11,-0.01,-1,454615,2809830.75
IFAP,2024-12-10,6.27,6.27,6.15,6.18,-0.69,-0.05,-1,836504,5183246.5
IFAP,2024-12-09,6.43,6.43,6.15,6.23,-1.05,-0.06,-1,1307731,8232242
IFAP,2024-12-08,6.42,6.42,6.25,6.29,0.05,0,-1,1370120,8631232
IFAP,2024-12-05,6.39,6.39,6.14,6.29,2.2,0.14,-1,1627109,10214854
IFAP,2024-12-04,6.26,6.26,6.12,6.15,-0.8,-0.05,-1,804446,4964108.5
IFAP,2024-12-03,6.27,6.27,6.11,6.2,0.21,0.01,-1,1203686,7452524.5
IFAP,2024-12-02,6.51,6.51,6.15,6.19,-4.29,-0.27,-1,1655845,10399802
IFAP,2024-12-01,6.52,6.52,6.36,6.46,1.87,0.12,-1,1205239,7778488
IFAP,2024-11-28,6.41,6.41,6.21,6.34,-0.05,-0.01,-1,900315,5690440.5
IFAP,2024-11-27,6.59,6.59,6.34,6.35,-3.17,-0.2,-1,896182,5765489.5
IFAP,2024-11-26,6.62,6.62,6.48,6.55,0.3,0.01,-1,933307,6122756.5
IFAP,2024-11-25,6.72,6.72,6.47,6.54,-2.22,-0.15,-1,1253064,8224459.5
IFAP,2024-11-24,6.8,6.8,6.67,6.69,0.05,0.01,-1,1552771,10465526
IFAP,2024-11-21,6.83,6.83,6.49,6.68,2.69,0.17,-1,2837177,18931068
IFAP,2024-11-20,6.6,6.6,6.38,6.51,1.97,0.13,-1,1564464,10134146
IFAP,2024-11-19,6.6,6.6,6.34,6.38,-2.28,-0.15,-1,1317118,8497644
IFAP,2024-11-18,6.76,6.76,6.51,6.53,-1.2,-0.08,-1,2077278,13735701
IFAP,2024-11-17,6.84,6.84,6.34,6.61,3.57,0.23,-1,6740968,44845644
IFAP,2024-11-14,6.47,6.47,5.96,6.38,7.27,0.43,-1,7968119,49948872
IFAP,2024-11-13,6.01,6.01,5.86,5.95,0.45,0.03,-1,1626988,9668945
IFAP,2024-11-12,6.05,6.05,5.9,5.92,-0.83,-0.05,-1,1391775,8272952
IFAP,2024-11-11,6.11,6.11,5.9,5.97,1.4,0.08,-1,2581017,15545986
IFAP,2024-11-10,5.94,5.94,5.86,5.89,-0.78,-0.05,-1,953253,5632893
IFAP,2024-11-07,5.97,5.97,5.83,5.94,0.67,0.04,-1,1472862,8671747
IFAP,2024-11-06,5.91,5.91,5.72,5.9,3,0.18,-1,1183002,6906403
IFAP,2024-11-05,5.79,5.79,5.68,5.72,-0.29,-0.03,-1,811326,4643864.5
IFAP,2024-11-04,5.9,5.9,5.75,5.75,-2.03,-0.11,-1,1982753,11485345
IFAP,2024-11-03,6.02,6.02,5.86,5.86,-0.95,-0.06,-1,1709936,10101549
IFAP,2024-10-31,5.93,5.93,5.83,5.92,0.79,0.05,-1,1641189,9642897
IFAP,2024-10-30,5.94,5.94,5.72,5.87,0.51,0.03,-1,1804084,10532906
IFAP,2024-10-29,6.01,6.01,5.69,5.84,-0.78,-0.05,-1,2262475,13192846
IFAP,2024-10-28,5.99,5.99,5.86,5.89,-1.16,-0.07,-1,2191329,12953036
IFAP,2024-10-27,6.17,6.17,5.81,5.96,1.75,0.1,-1,4970410,29868298
IFAP,2024-10-24,6.08,6.08,5.72,5.86,1.95,0.11,-1,7182560,42432432
IFAP,2024-10-23,5.91,5.91,5.54,5.75,5.78,0.32,-1,17202501,98736448
IFAP,2024-10-22,5.43,5.43,5.08,5.43,7.17,0.37,-1,8575404,45334748
IFAP,2024-10-21,5.1,5.1,4.92,5.06,2.19,0.08,-1,1868330,9366690
IFAP,2024-10-20,5.11,5.11,4.96,4.98,-2.02,-0.1,-1,1451713,7274296
IFAP,2024-10-17,5.15,5.15,5,5.08,-0.06,0,-1,1929579,9789603
IFAP,2024-10-16,5.35,5.35,4.97,5.08,4.48,0.22,-1,5955299,30916032
IFAP,2024-10-15,5.03,5.03,4.84,4.86,-1.34,-0.07,-1,2057640,10159757
IFAP,2024-10-14,5,5,4.73,4.93,2.75,0.13,-1,3257300,16037785
IFAP,2024-10-13,4.9,4.9,4.74,4.8,-0.27,-0.01,-1,1531740,7387841
IFAP,2024-10-10,4.82,4.82,4.69,4.81,0.97,0.04,-1,997470,4753901
IFAP,2024-10-09,4.84,4.84,4.66,4.77,0.77,0.04,-1,948176,4488518
IFAP,2024-10-08,4.89,4.89,4.7,4.73,-1.85,-0.08,-1,1069381,5112424
IFAP,2024-10-07,4.92,4.92,4.79,4.81,0.55,0.02,-1,1128336,5471386.5
IFAP,2024-10-03,4.83,4.83,4.77,4.79,0.76,0.04,-1,1027074,4933534.5
IFAP,2024-10-02,4.92,4.92,4.75,4.75,-3.03,-0.15,-1,2024728,9729316
IFAP,2024-10-01,4.99,4.99,4.89,4.9,-0.2,-0.02,-1,1914555,9429781
IFAP,2024-09-30,5,5,4.9,4.92,-0.8,-0.04,-1,1916526,9481302
IFAP,2024-09-29,4.99,4.99,4.92,4.96,0.07,0.01,-1,1387931,6870774
IFAP,2024-09-26,5.03,5.03,4.94,4.95,-0.46,-0.02,-1,1347528,6707208
IFAP,2024-09-25,5.06,5.06,4.96,4.97,-0.53,-0.02,-1,1199124,5986908
IFAP,2024-09-24,5.06,5.06,4.96,4.99,-0.39,-0.03,-1,1530689,7655338.5
IFAP,2024-09-23,5.08,5.08,4.96,5.02,0.6,0.03,-1,1450880,7269380
IFAP,2024-09-22,5.07,5.07,4.92,4.99,2.16,0.11,-1,1386264,6913084
IFAP,2024-09-19,4.98,4.98,4.85,4.88,1.79,0.08,-1,1171592,5737734.5
IFAP,2024-09-18,4.88,4.88,4.75,4.8,-0.07,0,-1,1038654,5002861
IFAP,2024-09-17,5.02,5.02,4.72,4.8,-3.96,-0.19,-1,1703245,8317899
IFAP,2024-09-16,5.14,5.14,4.92,4.99,-1.11,-0.07,-1,1787700,8975836
IFAP,2024-09-12,5.31,5.31,5.03,5.06,-2.92,-0.15,-1,2636002,13585994
IFAP,2024-09-11,5.36,5.36,4.97,5.21,3.41,0.18,-1,5935007,30996722
IFAP,2024-09-10,5.28,5.28,4.96,5.03,-3.05,-0.16,-1,3660180,18670460
IFAP,2024-09-09,5.32,5.32,4.77,5.19,9.46,0.45,-1,11625571,59334448
IFAP,2024-09-08,4.88,4.88,4.7,4.74,-0.96,-0.05,-1,1884248,9019054
IFAP,2024-09-05,4.97,4.97,4.75,4.79,-0.82,-0.04,-1,2866387,14028875
IFAP,2024-09-04,4.87,4.87,4.52,4.83,2.96,0.14,-1,4229973,20144604
IFAP,2024-09-03,4.75,4.75,4.62,4.69,1.5,0.07,-1,2597171,12171173
IFAP,2024-09-02,4.62,4.62,4.51,4.62,0.57,0.03,-1,2556902,11681141
IFAP,2024-09-01,4.69,4.69,4.57,4.59,0.72,0.03,-1,3389102,15652787
IFAP,2024-08-29,4.66,4.66,4.41,4.56,4.78,0.21,-1,9824912,44929019.22
IFAP,2024-08-28,4.39,4.39,4.24,4.35,2.65,0.11,-1,2694204,11678875
IFAP,2024-08-27,4.29,4.29,4.19,4.24,0.31,0.01,-1,1042613,4428878.5
IFAP,2024-08-26,4.3,4.3,4.23,4.23,-0.23,-0.01,-1,1039085,4434963.5
IFAP,2024-08-25,4.34,4.34,4.23,4.24,0.23,0.01,-1,1237582,5284454.5
IFAP,2024-08-22,4.33,4.33,4.23,4.23,-0.54,-0.02,-1,1650247,7028363
IFAP,2024-08-21,4.36,4.36,4.23,4.25,0.55,0.02,-1,1826731,7831177
IFAP,2024-08-20,4.4,4.4,4.19,4.23,2.14,0.06,-1,2732175,11738693
IFAP,2024-08-19,4.42,4.42,4.13,4.17,-1.94,-0.08,-1,2806870,12055195
IFAP,2024-08-18,4.33,4.33,3.98,4.25,7.33,0.29,-1,4178353,17564460
IFAP,2024-08-15,4.03,4.03,3.96,3.96,0.25,0.01,-1,1047342,4173130.5
IFAP,2024-08-14,4.07,4.07,3.94,3.95,-0.42,-0.01,-1,1019274,4069572
IFAP,2024-08-13,4.03,4.03,3.95,3.96,-0.74,-0.03,-1,449544,1789983.25
IFAP,2024-08-12,4.09,4.09,3.98,3.99,-1.23,-0.05,-1,1165219,4696525.5
IFAP,2024-08-11,4.08,4.08,3.98,4.04,3.03,0.12,-1,886599,3576774
IFAP,2024-08-08,3.99,3.99,3.9,3.92,-1.17,-0.05,-1,576962,2270251
IFAP,2024-08-07,3.99,3.99,3.9,3.97,1.69,0.07,-1,870960,3438650.5
IFAP,2024-08-06,3.95,3.95,3.79,3.9,2.34,0.09,-1,459489,1780849
IFAP,2024-08-05,4.03,4.03,3.63,3.81,-7.15,-0.3,-1,948570,3637861.75
IFAP,2024-08-04,4.29,4.29,3.96,4.11,-4.75,-0.2,-1,1338749,5471712
IFAP,2024-08-01,4.4,4.4,4.3,4.31,-0.38,-0.02,-1,859883,3731421.75
IFAP,2024-07-31,4.41,4.41,4.3,4.33,0.08,0,-1,796401,3453990.25
IFAP,2024-07-30,4.35,4.35,4.27,4.33,0.15,0.01,-1,485409,2095665
IFAP,2024-07-29,4.45,4.45,4.3,4.32,-0.23,-0.01,-1,1121014,4905573
IFAP,2024-07-28,4.42,4.42,4.33,4.33,0.23,-0.01,-1,534679,2326401
IFAP,2024-07-24,4.52,4.52,4.33,4.34,-0.45,-0.02,-1,857907,3777107.75
IFAP,2024-07-23,4.39,4.39,4.34,4.36,0.38,0.02,-1,649197,2835608
IFAP,2024-07-22,4.45,4.45,4.33,4.34,-0.53,-0.03,-1,1139858,4988712.5
IFAP,2024-07-21,4.45,4.45,4.34,4.37,-1.57,-0.06,-1,1038239,4566651
IFAP,2024-07-18,4.49,4.49,4.38,4.43,0.45,0.02,-1,1850837,8196778
IFAP,2024-07-17,4.52,4.52,4.39,4.41,0.98,0.04,-1,3160442,14046215
IFAP,2024-07-16,4.41,4.41,4.18,4.37,4.01,0.18,-1,2769915,11983858
IFAP,2024-07-15,4.24,4.24,4.13,4.19,0.95,0.03,-1,1159335,4837352.5
IFAP,2024-07-14,4.29,4.29,4.13,4.16,-1.72,-0.07,-1,886779,3734169
IFAP,2024-07-10,4.37,4.37,4.23,4.23,-1.84,-0.07,-1,958911,4097168.5
IFAP,2024-07-09,4.45,4.45,4.29,4.3,2.27,0.09,-1,2859450,12466500
IFAP,2024-07-08,4.33,4.33,4.01,4.21,5.45,0.22,-1,5843447,24472942
IFAP,2024-07-07,4.12,4.12,3.98,3.99,-1.14,-0.05,-1,1043835,4202440
IFAP,2024-07-04,4.23,4.23,3.97,4.04,2.17,0.09,-1,2692950,10984922
IFAP,2024-07-03,4.02,4.02,3.95,3.95,-0.25,-0.01,-1,627762,2497552.5
IFAP,2024-07-02,4.04,4.04,3.94,3.96,-0.58,-0.02,-1,696254,2769020.25
IFAP,2024-07-01,4.06,4.06,3.97,3.98,0.75,0.03,-1,1230770,4940620.5
IFAP,2024-06-27,4.08,4.08,3.8,3.95,3.36,0.12,-1,3241114,12938344
IFAP,2024-06-26,3.89,3.89,3.79,3.83,0.17,0.01,-1,674302,2582371.75
IFAP,2024-06-25,3.84,3.84,3.76,3.82,0.09,0,-1,739831,2815690.25
IFAP,2024-06-24,3.91,3.91,3.81,3.82,-0.6,-0.02,-1,859768,3315084
IFAP,2024-06-23,3.89,3.89,3.75,3.84,3.38,0.12,-1,1626725,6259677.5
IFAP,2024-06-13,3.76,3.76,3.64,3.72,4.22,0.12,-1,1006952,3742261
IFAP,2024-06-12,3.68,3.68,3.58,3.6,1.58,0.06,-1,565107,2047843.63
IFAP,2024-06-11,3.69,3.69,3.54,3.54,-0.19,-0.01,-1,766270,2746343
IFAP,2024-06-10,3.63,3.63,3.4,3.55,6.02,0.2,-1,1559071,5520874
IFAP,2024-06-09,3.7,3.7,3.29,3.35,-4.62,-0.3,-1,1033168,3625968
IFAP,2024-06-06,3.72,3.72,3.62,3.65,-0.81,-0.03,-1,308486,1128890.75
IFAP,2024-06-05,3.85,3.85,3.58,3.68,-3.64,-0.13,-1,1371162,5060941
IFAP,2024-06-04,3.93,3.93,3.76,3.81,1.32,0.05,-1,936390,3610926.25
IFAP,2024-06-03,3.9,3.9,3.76,3.76,-1.89,-0.07,-1,813803,3109861.75
IFAP,2024-06-02,3.96,3.96,3.83,3.83,0.17,0,-1,1006166,3914521.5
IFAP,2024-05-30,3.96,3.96,3.82,3.83,-0.77,-0.03,-1,1192565,4611283
IFAP,2024-05-29,3.96,3.96,3.83,3.86,-1.27,-0.05,-1,893146,3496511.75
IFAP,2024-05-28,3.98,3.98,3.88,3.91,-1.33,-0.05,-1,1045803,4096318
IFAP,2024-05-27,4.11,4.11,3.96,3.96,-1.56,-0.06,-1,1334657,5356334
IFAP,2024-05-26,4.12,4.12,3.91,4.02,2.61,0.1,-1,1351762,5380947.5
IFAP,2024-05-23,4.03,4.03,3.9,3.92,0,0,-1,635904,2517921.75
IFAP,2024-05-22,4.03,4.03,3.87,3.92,-1.41,-0.06,-1,666993,2622549.5
IFAP,2024-05-21,4.16,4.16,3.96,3.98,-2.43,-0.1,-1,1347249,5467500
IFAP,2024-05-20,4.18,4.18,3.94,4.08,3.52,0.14,-1,2575773,10551833
IFAP,2024-05-19,4.08,4.08,3.87,3.94,3.2,0.12,-1,1769338,6983309
IFAP,2024-05-16,3.85,3.85,3.64,3.82,4.33,0.16,-1,1112356,4200444
IFAP,2024-05-15,3.76,3.76,3.63,3.66,-0.27,-0.01,-1,543966,1995364.5
IFAP,2024-05-14,3.79,3.79,3.61,3.67,0.36,0.02,-1,1103578,4076374.75
IFAP,2024-05-13,3.68,3.68,3.54,3.65,0.27,0,-1,648100,2338922.25
IFAP,2024-05-12,3.94,3.94,3.63,3.65,-6.2,-0.24,-1,974911,3671785
IFAP,2024-05-09,3.95,3.95,3.83,3.89,0.09,0.01,-1,874326,3396127.75
IFAP,2024-05-08,4.21,4.21,3.84,3.88,-8.2,-0.35,-1,1867527,7574375
IFAP,2024-05-07,4.28,4.28,3.76,4.23,10.05,0.39,-1,1553916,6201580.5
IFAP,2024-05-02,3.93,3.93,3.76,3.84,2.11,0.08,-1,792977,3055308.5
IFAP,2024-05-01,3.84,3.84,3.71,3.76,-0.09,0,-1,823472,3102916.25
IFAP,2024-04-30,3.97,3.97,3.74,3.76,-2.81,-0.11,-1,1174718,4568328.5
IFAP,2024-04-29,3.9,3.9,3.71,3.87,2,0.07,-1,680130,2603562.5
IFAP,2024-04-28,4.01,4.01,3.66,3.8,-7.65,-0.21,-1,980858,3709038.75
IFAP,2024-04-24,4.11,4.11,3.8,4.01,-0.65,-0.03,-1,814567,3252512.75
IFAP,2024-04-23,4.41,4.41,4,4.04,-6.92,-0.3,-1,1040006,4393762.5
IFAP,2024-04-22,4.52,4.52,4.3,4.34,-2.45,-0.11,-1,542227,2384634.5
IFAP,2024-04-21,4.56,4.56,4.41,4.45,0.82,0.04,-1,784220,3512463.75
IFAP,2024-04-18,4.86,4.86,4.33,4.41,-7.09,-0.34,-1,2077968,9597399
IFAP,2024-04-17,4.89,4.89,4.73,4.75,0.49,0.02,-1,1508491,7234874.5
IFAP,2024-04-16,4.92,4.92,4.72,4.73,-2.45,-0.12,-1,2021687,9638778
IFAP,2024-04-15,4.87,4.87,4.66,4.85,2.51,0.11,-1,1214421,5844129.5
IFAP,2024-04-08,4.92,4.92,4.59,4.74,-1.58,-0.07,-1,1491073,7143077.5
IFAP,2024-04-07,4.99,4.99,4.59,4.81,5.43,0.25,-1,3713415,18026610
IFAP,2024-04-04,4.66,4.66,4.44,4.56,3.6,0.15,-1,1092800,4997651.5
IFAP,2024-04-03,4.51,4.51,4.34,4.41,-0.59,-0.07,-1,231209,1019302.38
IFAP,2024-04-02,4.6,4.6,4.41,4.48,0.22,0.02,-1,359618,1614545.5
IFAP,2024-04-01,4.48,4.48,4.3,4.46,3.45,0.16,-1,388650,1723079
IFAP,2024-03-31,4.42,4.42,4.27,4.3,-2.17,-0.11,-1,426051,1842943.88
IFAP,2024-03-28,4.51,4.51,4.26,4.41,-1.11,-0.04,-1,689578,3027750.25
IFAP,2024-03-27,4.62,4.62,4.42,4.45,-2.25,-0.11,-1,651889,2915173.5
IFAP,2024-03-26,4.67,4.67,4.55,4.56,-1.15,-0.05,-1,382876,1757979.88
IFAP,2024-03-25,4.68,4.68,4.54,4.61,0.29,0.02,-1,282505,1296310.38
IFAP,2024-03-24,4.7,4.7,4.51,4.59,0.21,-0.02,-1,643013,2964358.25
IFAP,2024-03-21,4.77,4.77,4.29,4.61,2.72,0.12,-1,1833364,8248849.5
IFAP,2024-03-20,4.62,4.62,4.06,4.49,10.03,0.41,-1,1319935,5635511
IFAP,2024-03-19,4.14,4.14,3.79,4.08,-2.6,-0.11,-1,1240684,4998941.5
IFAP,2024-03-18,4.56,4.56,3.98,4.19,-9.23,-0.43,-1,1256257,5363233
IFAP,2024-03-17,4.88,4.88,4.48,4.62,-4.25,-0.2,-1,938983,4394881
IFAP,2024-03-14,4.88,4.88,4.66,4.82,0.07,0.01,-1,448284,2138817.25
IFAP,2024-03-13,5.17,5.17,4.79,4.81,-5.69,-0.29,-1,600263,2960170.5
IFAP,2024-03-12,5.27,5.27,5.1,5.1,-3.19,-0.18,-1,462969,2398083
IFAP,2024-03-11,5.3,5.3,5.15,5.28,1.33,0.07,-1,1438684,7557108
IFAP,2024-03-10,5.29,5.29,5.05,5.21,1.68,0.09,-1,1070557,5587557.5
IFAP,2024-03-07,5.28,5.28,4.87,5.12,-1.15,-0.06,-1,3114784,15719363
IFAP,2024-03-06,5.42,5.42,5.15,5.18,-1.94,-0.1,-1,1498435,7928025
IFAP,2024-03-05,5.42,5.42,5.15,5.28,-0.06,0,-1,1592453,8442937
IFAP,2024-03-04,5.45,5.45,5.25,5.28,0.63,0.03,-1,1724279,9180182
IFAP,2024-03-03,5.36,5.36,5.17,5.25,-0.56,-0.03,-1,1302560,6872228.5
IFAP,2024-02-29,5.38,5.38,5.13,5.28,0,0,-1,1360790,7190544.5
IFAP,2024-02-28,5.34,5.34,5.02,5.28,0.95,0.05,-1,2997616,15790464
IFAP,2024-02-27,5.43,5.43,5.21,5.23,-0.88,-0.05,-1,2465913,13144636
IFAP,2024-02-26,5.42,5.42,5.15,5.28,1.4,0.07,-1,3280797,17265554
IFAP,2024-02-25,5.55,5.55,5.15,5.21,-8.31,-0.47,-1,3370017,17910040
IFAP,2024-02-22,5.73,5.73,5.61,5.68,1.12,0.07,-1,2174711,12342667
IFAP,2024-02-21,5.77,5.77,5.6,5.61,-1.1,-0.07,-1,3439082,19495798
IFAP,2024-02-20,5.87,5.87,5.65,5.68,-1.83,-0.11,-1,2523560,14465843
IFAP,2024-02-19,5.9,5.9,5.61,5.79,-0.74,-0.04,-1,3465375,19906516
IFAP,2024-02-18,6.05,6.05,5.79,5.83,-2.22,-0.13,-1,2519274,14788264
IFAP,2024-02-15,6.01,6.01,5.86,5.96,0.28,0.02,-1,3804446,22590688
IFAP,2024-02-14,6.11,6.11,5.79,5.94,-2.17,-0.14,-1,3810423,22600980
IFAP,2024-02-13,6.08,6.08,5.46,6.08,10.18,0.57,-1,12579272,73855848
IFAP,2024-02-12,5.68,5.68,5.28,5.51,0.18,0.01,-1,4029870,22341766
IFAP,2024-02-11,5.69,5.69,5.45,5.5,-2.34,-0.14,-1,2779297,15439717
IFAP,2024-02-08,5.8,5.8,5.28,5.64,6.69,0.36,-1,6886797,38662676
IFAP,2024-02-07,5.61,5.61,5.28,5.28,-1.42,-0.08,-1,3284317,17798482
IFAP,2024-02-06,5.66,5.66,5.32,5.36,-4.02,-0.22,-1,2433643,13288965
IFAP,2024-02-05,5.69,5.69,5.54,5.58,0.71,0.04,-1,2551126,14293968
IFAP,2024-02-04,5.83,5.83,5.52,5.54,-4.93,-0.29,-1,2964796,16621587
IFAP,2024-02-01,5.87,5.87,4.96,5.83,8.08,0.44,-1,4148948,22785322
IFAP,2024-01-31,6.01,6.01,5.28,5.39,-9.37,-0.56,-1,4023790,22863848
IFAP,2024-01-30,6.02,6.02,5.89,5.95,0.67,0.04,-1,3290865,19600402
IFAP,2024-01-29,6.22,6.22,5.87,5.91,-3.35,-0.21,-1,7577178,45529692
IFAP,2024-01-28,6.21,6.21,5.99,6.12,2.09,0.13,-1,5783389,35319116
IFAP,2024-01-24,6.1,6.1,5.92,5.99,0.28,0.02,-1,6310607,38002020
IFAP,2024-01-23,6.27,6.27,5.92,5.97,-1.09,-0.08,-1,9553258,57813524
IFAP,2024-01-22,6.19,6.19,5.75,6.05,5.17,0.3,-1,18316172,110147184
IFAP,2024-01-21,5.86,5.86,5.72,5.75,-0.06,0,-1,5202789,30054370
IFAP,2024-01-18,5.83,5.83,5.63,5.75,1.22,0.07,-1,6539084,37475932
IFAP,2024-01-17,5.92,5.92,5.65,5.68,-0.29,-0.01,-1,6348035,36638400
IFAP,2024-01-16,5.94,5.94,5.6,5.69,2.37,0.13,-1,12434302,72080208
IFAP,2024-01-15,5.81,5.81,5.52,5.56,-2.99,-0.17,-1,7211759,40655176
IFAP,2024-01-14,5.94,5.94,5.68,5.73,-1.64,-0.1,-1,5200762,30157558
IFAP,2024-01-11,6.06,6.06,5.79,5.83,-1.12,-0.07,-1,4843543,28660886
IFAP,2024-01-10,6.07,6.07,5.86,5.9,-2.14,-0.12,-1,4858979,28805808
IFAP,2024-01-09,6.23,6.23,5.91,6.02,-2.61,-0.17,-1,8956011,53697404
IFAP,2024-01-08,6.59,6.59,6.11,6.19,-0.37,-0.02,-1,12813944,80596336
IFAP,2024-01-04,6.43,6.43,5.85,6.21,4.38,0.26,-1,13416757,82143704
IFAP,2024-01-03,6.54,6.54,5.58,5.95,5.75,0.33,-1,21410171,131125768
IFAP,2024-01-02,5.75,5.75,4.85,5.62,15.45,0.75,-1,18067897,94023184
IFAP,2023-12-31,5.11,5.11,4.53,4.87,9.25,0.41,-1,14847649,72221664
IFAP,2023-12-28,4.7,4.7,4.43,4.46,-4.18,-0.2,-1,5865958,26623800
IFAP,2023-12-27,4.85,4.85,4.12,4.66,12.98,0.54,-1,18617679,84738728
IFAP,2023-12-26,4.29,4.29,3.7,4.12,11.73,0.43,-1,9471894,38511804
IFAP,2023-12-25,3.83,3.83,3.54,3.69,-0.62,-0.02,-1,4659267,17176222
IFAP,2023-12-24,4.19,4.19,3.7,3.71,-9.35,-0.38,-1,4758327,18527920
IFAP,2023-12-21,4.45,4.45,4.07,4.09,-5.13,-0.22,-1,2629368,11113288
IFAP,2023-12-20,4.37,4.37,4.23,4.31,-1.18,-0.06,-1,4713525,20335314
IFAP,2023-12-19,4.58,4.58,4.27,4.37,-1.76,-0.08,-1,4228021,18777586
IFAP,2023-12-18,4.62,4.62,4.41,4.45,-1.35,-0.06,-1,4866146,22012104
IFAP,2023-12-17,4.7,4.7,4.3,4.51,0.43,0.03,-1,7641326,34588128
IFAP,2023-12-14,4.73,4.73,3.97,4.48,12.7,0.5,-1,11043128,48798096
IFAP,2023-12-13,4.08,4.08,3.88,3.98,-1.6,-0.07,-1,4724903,18742604
IFAP,2023-12-12,4.29,4.29,3.98,4.05,-3.81,-0.15,-1,6656930,27222616.87
IFAP,2023-12-11,4.56,4.56,4.13,4.2,-3.84,-0.17,-1,11007696,47743336
IFAP,2023-12-10,4.37,4.37,3.93,4.37,19.99,0.72,-1,20806439,88472128
IFAP,2023-12-07,3.71,3.71,3.32,3.65,8.64,0.29,-1,10564843,37118468
IFAP,2023-12-06,3.47,3.47,3.34,3.36,0,0,-1,3907411,13266201
IFAP,2023-12-05,3.4,3.4,3.31,3.36,0.29,0.01,-1,1911102,6411442.5
IFAP,2023-12-04,3.39,3.39,3.24,3.35,3.3,0.11,-1,2726841,9054767
IFAP,2023-12-03,3.36,3.36,3.23,3.24,-0.7,-0.02,-1,1741496,5685304
IFAP,2023-11-30,3.33,3.33,3.21,3.26,1.18,0.04,-1,2480149,8106953
IFAP,2023-11-29,3.39,3.39,3.18,3.22,-4.41,-0.15,-1,4000112,13125809
IFAP,2023-11-28,3.49,3.49,3.3,3.37,1.78,0.05,-1,8553889,28963694
IFAP,2023-11-27,3.52,3.52,3.09,3.32,9.38,0.29,-1,20546950,67731104
IFAP,2023-11-26,3.08,3.08,2.9,3.03,4.13,0.12,-1,6146999,18415182
IFAP,2023-11-23,3.01,3.01,2.81,2.91,2.42,0.07,-1,5086490,14696970
IFAP,2023-11-22,2.89,2.89,2.81,2.84,-0.6,-0.01,-1,2289985,6519594.5
IFAP,2023-11-21,2.91,2.91,2.82,2.85,0.47,0,-1,2106836,6024395.5
IFAP,2023-11-20,3,3,2.82,2.85,-2.74,-0.07,-1,4751381,13770613
IFAP,2023-11-19,3.08,3.08,2.9,2.92,-1.92,-0.06,-1,4797969,14222399
IFAP,2023-11-16,3.1,3.1,2.94,2.98,5.04,0.14,-1,8767474,26362216
IFAP,2023-11-15,2.95,2.95,2.69,2.84,6.9,0.18,-1,11582139,33019794
IFAP,2023-11-14,2.7,2.7,2.49,2.66,6.58,0.17,-1,3801411,9953877
IFAP,2023-11-13,2.55,2.55,2.49,2.49,-0.31,-0.01,-1,1814202,4540561
IFAP,2023-11-12,2.63,2.63,2.48,2.5,-2.67,-0.07,-1,2528750,6406902
IFAP,2023-11-09,2.69,2.69,2.56,2.57,-3.03,-0.08,-1,2888876,7518763.5
IFAP,2023-11-08,2.73,2.73,2.62,2.65,1.46,0.04,-1,3304418,8845063
IFAP,2023-11-07,2.67,2.67,2.56,2.61,0.88,0.02,-1,1767516,4625701.5
IFAP,2023-11-06,2.74,2.74,2.58,2.59,-0.51,-0.01,-1,4066756,10790078
IFAP,2023-11-05,2.74,2.74,2.52,2.6,4.52,0.11,-1,4555416,12013417
IFAP,2023-11-02,2.57,2.57,2.47,2.49,0,-0.03,-1,2045674,5138504.5
IFAP,2023-11-01,2.61,2.61,2.49,2.52,-0.75,-0.01,-1,1619337,4117449.5
IFAP,2023-10-31,2.76,2.76,2.53,2.53,-4.86,-0.14,-1,2478786,6507929
IFAP,2023-10-30,2.77,2.77,2.56,2.67,1.9,0.05,-1,4240169,11295832
IFAP,2023-10-29,2.76,2.76,2.61,2.62,-3.99,-0.11,-1,2921839,7793879.06
IFAP,2023-10-26,2.85,2.85,2.72,2.73,-0.56,-0.01,-1,2640210,7285833
IFAP,2023-10-25,2.92,2.92,2.74,2.74,-2.91,-0.08,-1,2867339,8049665
IFAP,2023-10-24,3.07,3.07,2.78,2.82,-4.52,-0.14,-1,3125422,8957506
IFAP,2023-10-23,3.08,3.08,2.95,2.96,0.85,0.03,-1,3666853,11033683
IFAP,2023-10-22,3,3,2.92,2.93,0.46,0.01,-1,1696834,5003299.5
IFAP,2023-10-19,3.09,3.09,2.91,2.92,-3.59,-0.11,-1,2756375,8258956
IFAP,2023-10-18,3.14,3.14,3,3.03,-0.38,0,-1,3531919,10841673
IFAP,2023-10-17,3.2,3.2,3.03,3.03,-1.12,-0.04,-1,4563801,14123581
IFAP,2023-10-16,3.22,3.22,2.96,3.07,3.6,0.11,-1,5556281,17314034
IFAP,2023-10-15,3.03,3.03,2.86,2.96,2.44,0.07,-1,3908207,11547357
IFAP,2023-10-12,3,3,2.88,2.89,-1.56,-0.05,-1,1687241,4934142
IFAP,2023-10-11,3.11,3.11,2.94,2.94,-1.66,-0.05,-1,3273342,9900134
IFAP,2023-10-10,3.01,3.01,2.78,2.99,7.4,0.21,-1,4122153,12085616
IFAP,2023-10-09,2.85,2.85,2.7,2.78,4.06,0.11,-1,2978290,8267467
IFAP,2023-10-08,3.01,3.01,2.42,2.67,-9.37,-0.28,-1,2836362,7780705.5
IFAP,2023-10-04,3.1,3.1,2.94,2.95,-2.09,-0.06,-1,3428732,10310334
IFAP,2023-10-03,3.36,3.36,3,3.01,-5.27,-0.17,-1,3225206,10223851
IFAP,2023-10-02,3.43,3.43,2.96,3.18,9.01,0.26,-1,6381158,20384644
IFAP,2023-10-01,3,3,2.77,2.92,6.54,0.18,-1,4224366,12281393
IFAP,2023-09-27,2.85,2.85,2.7,2.74,0.49,0.01,-1,3216222,8917312
IFAP,2023-09-26,2.81,2.81,2.65,2.73,5.77,0.15,-1,6105951,16656798
IFAP,2023-09-25,2.64,2.64,2.34,2.58,9.74,0.23,-1,7148267,18177668
IFAP,2023-09-24,2.41,2.41,2.33,2.35,-0.48,-0.01,-1,1186474,2810660.75
IFAP,2023-09-21,2.42,2.42,2.29,2.36,-1.28,-0.03,-1,2041433,4748926
IFAP,2023-09-20,2.45,2.45,2.38,2.39,-0.71,-0.02,-1,1249568,3022819.5
IFAP,2023-09-19,2.49,2.49,2.41,2.41,-0.94,-0.02,-1,835431,2037539.25
IFAP,2023-09-18,2.53,2.53,2.38,2.43,1.19,0.02,-1,2214760,5447908.5
IFAP,2023-09-17,2.46,2.46,2.38,2.41,-0.94,-0.01,-1,704372,1701910.88
IFAP,2023-09-14,2.5,2.5,2.41,2.42,-1.01,-0.03,-1,889220,2181487.5
IFAP,2023-09-13,2.54,2.54,2.31,2.45,8.81,0.2,-1,5681473,13966573
IFAP,2023-09-12,2.34,2.34,2.18,2.25,2.43,0.05,-1,2828141,6444605.5
IFAP,2023-09-11,2.27,2.27,2.17,2.2,-2.62,-0.06,-1,1307797,2902714
IFAP,2023-09-10,2.34,2.34,2.2,2.26,-2.47,-0.05,-1,2113137,4780984.5
IFAP,2023-09-07,2.41,2.41,2.21,2.31,-1.3,-0.03,-1,1637205,3777157
IFAP,2023-09-06,2.48,2.48,2.27,2.34,-0.16,0,-1,2295165,5487821
IFAP,2023-09-05,2.55,2.55,2.32,2.34,3.02,0.07,-1,4758462,11500225
IFAP,2023-09-04,2.37,2.37,2.11,2.27,5.46,0.11,-1,2977100,6742607
IFAP,2023-09-03,2.48,2.48,2.12,2.16,4.03,0.07,-1,1852075,4128184.75
IFAP,2023-08-31,2.22,2.22,1.83,2.09,12.58,0.24,-1,8883161,18438932
IFAP,2023-08-30,1.94,1.94,1.81,1.85,1.68,0.03,-1,4103206,7570088.5
IFAP,2023-08-29,1.89,1.89,1.81,1.82,-0.93,-0.01,-1,1695781,3124394.5
IFAP,2023-08-28,1.91,1.91,1.76,1.83,5.36,0.09,-1,2340374,4292376.5
IFAP,2023-08-27,1.87,1.87,1.72,1.74,-2.04,-0.04,-1,1183899,2125849.75
IFAP,2023-08-24,1.92,1.92,1.66,1.78,5.78,0.09,-1,2439779,4403912
IFAP,2023-08-23,1.81,1.81,1.66,1.69,-5.26,-0.09,-1,1409919,2446486.5
IFAP,2023-08-22,1.94,1.94,1.76,1.78,-1.79,-0.03,-1,3001333,5524335
IFAP,2023-08-21,1.81,1.81,1.53,1.81,20,0.3,-1,6039212,10453423
IFAP,2023-08-20,1.53,1.53,1.48,1.51,2.86,0.04,-1,711427,1070644.75
IFAP,2023-08-17,1.48,1.48,1.46,1.47,0.13,0,-1,110325,161519.03
IFAP,2023-08-16,1.52,1.52,1.43,1.47,-1.77,-0.04,-1,215982,316677.5
IFAP,2023-08-15,1.51,1.51,1.49,1.51,-0.76,0,-1,175873,263648.63
IFAP,2023-08-14,1.53,1.53,1.5,1.51,-0.25,0,-1,919144,1387307.38
IFAP,2023-08-13,1.54,1.54,1.51,1.51,-0.38,0,-1,83302,125798.19
IFAP,2023-08-10,1.53,1.53,1.51,1.51,-0.38,0,-1,68831,103895.25
IFAP,2023-08-09,1.53,1.53,1.51,1.51,-0.13,0,-1,69671,105735.87
IFAP,2023-08-08,1.53,1.53,1.45,1.51,-1.86,-0.03,-1,252892,381269.31
IFAP,2023-08-07,1.54,1.54,1.51,1.54,-0.99,0,-1,169179,257824.16
IFAP,2023-08-06,1.56,1.56,1.49,1.54,-1.61,0,-1,186269,282639.72
IFAP,2023-08-03,1.57,1.57,1.47,1.54,4.27,0.07,-1,486848,735969.19
IFAP,2023-08-02,1.51,1.51,1.45,1.47,1.71,0.02,-1,413388,610439.5
IFAP,2023-08-01,1.47,1.47,1.43,1.45,0,-0.02,-1,206692,300441.38
IFAP,2023-07-31,1.48,1.48,1.4,1.47,7.42,0.11,-1,539284,781827.69
IFAP,2023-07-30,1.4,1.4,1.37,1.36,2.24,0,-1,134573,186361.2
IFAP,2023-07-27,1.38,1.38,1.33,1.36,0.99,0.01,-1,249281,338882.53
IFAP,2023-07-26,1.36,1.36,1.33,1.35,0,0,-1,31809,42531.32
IFAP,2023-07-25,1.37,1.37,1.32,1.35,-1.67,-0.02,-1,263845,357278.25
IFAP,2023-07-24,1.38,1.38,1.36,1.37,-1.25,0,-1,103095,140790.44
IFAP,2023-07-19,1.39,1.39,1.36,1.37,-0.28,-0.01,-1,379193,521675.97
IFAP,2023-07-18,1.41,1.41,1.37,1.38,-0.82,-0.01,-1,447909,620723.19
IFAP,2023-07-17,1.43,1.43,1.36,1.39,-2.93,-0.04,-1,494303,688223.75
IFAP,2023-07-16,1.46,1.46,1.4,1.43,0.68,0.03,-1,253552,363176.31
IFAP,2023-07-13,1.43,1.43,1.38,1.4,0.82,0,-1,122523,173023.27
IFAP,2023-07-12,1.44,1.44,1.36,1.4,0.97,0.02,-1,245946,343608.28
IFAP,2023-07-11,1.4,1.4,1.32,1.38,6.23,0.06,-1,363280,499441.38
IFAP,2023-07-10,1.4,1.4,1.24,1.32,2.9,0,-1,211217,275438.34
IFAP,2023-07-09,1.42,1.42,1.22,1.32,-13.07,-0.11,-1,397506,533765.13
IFAP,2023-07-06,1.49,1.49,1.38,1.43,-4.97,-0.03,-1,244540,351387.88
IFAP,2023-07-05,1.51,1.51,1.44,1.46,-0.71,-0.01,-1,440236,646245.31
IFAP,2023-07-04,1.53,1.53,1.46,1.47,-1.05,-0.01,-1,605004,893139.25
IFAP,2023-06-26,1.48,1.48,1.45,1.48,0,0,-1,164486,242958.16
IFAP,2023-06-25,1.48,1.48,1.46,1.48,-2.1,0,-1,161933,237542.44
IFAP,2023-06-22,1.48,1.48,1.45,1.48,0,0,-1,125722,183803.16
IFAP,2023-06-21,1.48,1.48,1.44,1.48,0,0,-1,138281,202443.59
IFAP,2023-06-20,1.51,1.51,1.47,1.48,-0.7,0,-1,150270,223388.23
IFAP,2023-06-19,1.51,1.51,1.45,1.48,-1.18,0.01,-1,503767,749488
IFAP,2023-06-18,1.51,1.51,1.47,1.47,0.12,0,-1,81073,120058.61
IFAP,2023-06-15,1.51,1.51,1.47,1.47,-0.12,0,-1,83029,122550.25
IFAP,2023-06-14,1.52,1.52,1.47,1.47,-2.52,-0.04,-1,757237,1129071.75
IFAP,2023-06-13,1.53,1.53,1.51,1.51,0.58,0,-1,242835,368015
IFAP,2023-06-12,1.54,1.54,1.51,1.51,1.61,0,-1,140220,213322.02
IFAP,2023-06-11,1.52,1.52,1.48,1.51,1.76,0.03,-1,275096,414858.47
IFAP,2023-06-08,1.5,1.5,1.44,1.48,0,0,-1,158873,231243.16
IFAP,2023-06-07,1.58,1.58,1.39,1.48,0,0,-1,478988,715940.56
IFAP,2023-06-06,1.53,1.53,1.34,1.48,-2.74,-0.04,-1,403168,601939.5
IFAP,2023-06-05,1.59,1.59,1.51,1.52,-4.47,-0.07,-1,863648,1330881.13
IFAP,2023-06-04,1.65,1.65,1.58,1.59,-0.43,-0.01,-1,701433,1119820.88
IFAP,2023-06-01,1.69,1.69,1.58,1.6,-4.26,-0.07,-1,814884,1328100
IFAP,2023-05-31,1.69,1.69,1.61,1.67,5.82,0.09,-1,1117484,1855263.63
IFAP,2023-05-30,1.66,1.66,1.51,1.58,5.69,0.09,-1,1031326,1642491
IFAP,2023-05-29,1.53,1.53,1.48,1.49,-1.37,-0.02,-1,484777,724052.75
IFAP,2023-05-28,1.54,1.54,1.5,1.51,0,0,-1,195681,297819.56
IFAP,2023-05-25,1.55,1.55,1.5,1.51,-0.34,0,-1,112588,170055.77
IFAP,2023-05-24,1.54,1.54,1.47,1.51,2.82,0.04,-1,344515,519051.38
IFAP,2023-05-23,1.48,1.48,1.43,1.47,-0.12,0,-1,16516,23700.59
IFAP,2023-05-22,1.49,1.49,1.45,1.47,-0.24,0,-1,203565,300242.47
IFAP,2023-05-21,1.49,1.49,1.44,1.47,0.24,0,-1,6673,9780.83
IFAP,2023-05-18,1.45,1.45,1.42,1.47,-2.12,0,-1,83574,120239.64
IFAP,2023-05-17,1.47,1.47,1.42,1.47,-3.77,0,-1,61517,89256.92
IFAP,2023-05-16,1.5,1.5,1.42,1.47,-1.62,-0.03,-1,440126,649448.44
IFAP,2023-05-15,1.54,1.54,1.46,1.5,-2.32,0,-1,117307,174534.48
IFAP,2023-05-14,1.52,1.52,1.48,1.5,-0.58,0,-1,85550,127962.65
IFAP,2023-05-11,1.53,1.53,1.48,1.5,-2.73,-0.03,-1,219553,328187.44
IFAP,2023-05-10,1.53,1.53,1.51,1.53,0.11,0,-1,59801,90222.74
IFAP,2023-05-09,1.56,1.56,1.51,1.53,0.46,0.01,-1,337945,516174.31
IFAP,2023-05-08,1.53,1.53,1.49,1.52,-0.11,0,-1,154209,233763.58
IFAP,2023-05-07,1.56,1.56,1.46,1.52,-1.26,0,-1,90066,133500.73
IFAP,2023-05-03,1.56,1.56,1.48,1.52,-1.37,0,-1,40897,61479.44
IFAP,2023-05-02,1.51,1.51,1.47,1.52,-2.28,0,-1,142688,213151.13
IFAP,2023-05-01,1.59,1.59,1.5,1.52,-1.24,-0.02,-1,220159,340481.87
IFAP,2023-04-30,1.63,1.63,1.5,1.54,-2.31,-0.04,-1,303860,478675.02
IFAP,2023-04-27,1.65,1.65,1.57,1.58,0.78,0.02,-1,732180,1169956
IFAP,2023-04-26,1.65,1.65,1.54,1.56,0.55,0,-1,100929,158539.52
IFAP,2023-04-19,1.65,1.65,1.56,1.56,1,0,-1,124852,197511.63
IFAP,2023-04-18,1.65,1.65,1.56,1.56,-5.46,-0.09,-1,256745,404149.06
IFAP,2023-04-13,1.71,1.71,1.65,1.65,-1.95,-0.04,-1,227107,376014.41
IFAP,2023-04-12,1.7,1.7,1.65,1.69,-0.21,0,-1,169560,284190.22
IFAP,2023-04-11,1.69,1.69,1.61,1.69,-1.13,0,-1,33603,55184.56
IFAP,2023-04-10,1.73,1.73,1.67,1.69,-2.61,-0.04,-1,245495,417760.09
IFAP,2023-04-09,1.75,1.75,1.71,1.73,-1.3,0,-1,81845,141101.67
IFAP,2023-04-06,1.76,1.76,1.69,1.73,1.2,0,-1,99953,173715.61
IFAP,2023-04-05,1.76,1.76,1.72,1.73,-0.3,0,-1,125283,217223.69
IFAP,2023-04-04,1.8,1.8,1.72,1.73,-0.99,-0.02,-1,296148,514449.44
IFAP,2023-04-03,1.81,1.81,1.73,1.75,0,-0.04,-1,351551,619139.38
IFAP,2023-04-02,1.91,1.91,1.73,1.79,0,0,-1,99753,177023.48
IFAP,2023-03-30,1.91,1.91,1.53,1.79,-4.11,-0.07,-1,231506,405161.94
IFAP,2023-03-29,1.89,1.89,1.8,1.86,-0.19,0,-1,343576,636919.56
IFAP,2023-03-28,1.95,1.95,1.8,1.86,-0.83,-0.02,-1,357879,666933.06
IFAP,2023-03-27,1.91,1.91,1.81,1.88,7.13,0.13,-1,586790,1107059.13
IFAP,2023-03-26,1.81,1.81,1.72,1.75,3.47,0,-1,143240,252586.45
IFAP,2023-03-23,1.8,1.8,1.7,1.75,-2.28,0,-1,65932,114459.67
IFAP,2023-03-22,1.81,1.81,1.69,1.75,1,0.02,-1,231994,406319.55
IFAP,2023-03-21,1.8,1.8,1.69,1.73,5.26,0.08,-1,174010,302008.94
IFAP,2023-03-20,1.69,1.69,1.57,1.65,3.04,0.05,-1,243529,400595.72
IFAP,2023-03-19,1.73,1.73,1.46,1.6,5.44,0.07,-1,201966,320681.5
IFAP,2023-03-16,1.8,1.8,1.36,1.53,-1.53,-0.05,-1,831266,1276669.25
IFAP,2023-03-15,1.86,1.86,1.56,1.58,-11.41,-0.18,-1,479505,865090.38
IFAP,2023-03-14,1.79,1.79,1.56,1.76,3.04,0.05,-1,770416,1310134.5
IFAP,2023-03-13,1.98,1.98,1.69,1.71,-9.99,-0.22,-1,932725,1666286.5
IFAP,2023-03-12,2.02,2.02,1.92,1.93,-3.89,-0.08,-1,784202,1530754.63
IFAP,2023-03-09,2.02,2.02,1.87,2.01,8.21,0.15,-1,1686835,3294186.75
IFAP,2023-03-08,1.98,1.98,1.8,1.86,-2.55,-0.05,-1,733222,1367303
IFAP,2023-03-07,2.07,2.07,1.78,1.91,8.48,0.15,-1,2299469,4439353
IFAP,2023-03-06,1.76,1.76,1.7,1.76,7.19,0.12,-1,1529735,2662606.25
IFAP,2023-03-05,1.67,1.67,1.51,1.64,4.69,0.05,-1,1366587,2215315.75
IFAP,2023-03-02,1.6,1.6,1.44,1.59,2.57,0.04,-1,340217,533731.81
IFAP,2023-03-01,1.58,1.58,1.49,1.55,1.81,0.01,-1,379135,581800.13
IFAP,2023-02-28,1.61,1.61,1.49,1.54,2.08,0.03,-1,858232,1311824.5
IFAP,2023-02-27,1.56,1.56,1.32,1.51,11.85,0.21,-1,1003500,1464449.13
IFAP,2023-02-26,1.32,1.32,1.27,1.3,1.9,0.02,-1,275150,356784.63
IFAP,2023-02-23,1.32,1.32,1.22,1.28,0.41,0.01,-1,305605,382281.97
IFAP,2023-02-22,1.29,1.29,1.23,1.27,-3,0,-1,151101,189161.13
IFAP,2023-02-21,1.28,1.28,1.25,1.27,0.27,0,-1,231061,292204.81
IFAP,2023-02-20,1.28,1.28,1.25,1.27,-1.5,0,-1,135391,169709.94
IFAP,2023-02-19,1.28,1.28,1.24,1.27,-0.82,0,-1,37619,47183.4
IFAP,2023-02-16,1.29,1.29,1.22,1.27,-0.14,0.01,-1,350943,447929.5
IFAP,2023-02-15,1.32,1.32,1.23,1.26,0.14,0,-1,452029,577230.19
IFAP,2023-02-14,1.29,1.29,1.22,1.26,0.42,0.01,-1,682392,860521.31
IFAP,2023-02-13,1.27,1.27,1.22,1.25,-1.64,-0.02,-1,575387,708723.19
IFAP,2023-02-12,1.29,1.29,1.22,1.27,0.41,0.01,-1,592090,753724.88
IFAP,2023-02-09,1.29,1.29,1.18,1.26,-3.52,-0.02,-1,981560,1256607.13
IFAP,2023-02-08,1.3,1.3,1.17,1.28,-5.15,0,-1,176109,218825.08
IFAP,2023-02-06,1.32,1.32,1.28,1.28,0.27,0,-1,123420,158408.05
IFAP,2023-02-05,1.33,1.33,1.07,1.28,-7.59,0,-1,206797,237010.41
IFAP,2023-02-02,1.33,1.33,1.25,1.28,1.06,-0.03,-1,556916,736358.81
IFAP,2023-02-01,1.33,1.33,1.23,1.31,2.67,0.01,-1,254083,331078.31
IFAP,2023-01-31,1.36,1.36,1.29,1.3,-3.87,-0.04,-1,628719,836856.75
IFAP,2023-01-30,1.36,1.36,1.3,1.34,0.26,-0.01,-1,819341,1096823.88
IFAP,2023-01-29,1.36,1.36,1.31,1.35,3.87,0.05,-1,516304,696502.69
IFAP,2023-01-25,1.33,1.33,1.29,1.3,0.13,0,-1,97527,128693.23
IFAP,2023-01-24,1.36,1.36,1.27,1.3,-0.53,0,-1,224503,292748.56
IFAP,2023-01-23,1.39,1.39,1.29,1.3,-4.36,-0.06,-1,561178,767467.5
IFAP,2023-01-22,1.39,1.39,1.27,1.36,-0.52,0.02,-1,572389,777407.19
IFAP,2023-01-19,1.39,1.39,1.29,1.34,-1.65,-0.02,-1,1040260,1395430.63
IFAP,2023-01-18,1.42,1.42,1.32,1.36,-0.25,0,-1,1083194,1507433.75
IFAP,2023-01-17,1.4,1.4,1.36,1.36,-0.76,0,-1,1158606,1593448.5
IFAP,2023-01-16,1.37,1.37,1.3,1.36,3.97,0.05,-1,1019782,1370635.63
IFAP,2023-01-15,1.32,1.32,1.27,1.31,3.28,0.04,-1,929071,1207018.88
IFAP,2023-01-12,1.29,1.29,1.06,1.27,2.49,0.02,-1,651453,804678.69
IFAP,2023-01-11,1.29,1.29,1.23,1.25,-1.5,-0.02,-1,593956,752744.19
IFAP,2023-01-10,1.29,1.29,1.23,1.27,-2.6,0,-1,188283,237360.39
IFAP,2023-01-09,1.33,1.33,1.25,1.27,-0.82,0,-1,783200,1019886.63
IFAP,2023-01-05,1.33,1.33,1.22,1.27,3.84,0.05,-1,1168711,1500229.38
IFAP,2023-01-04,1.26,1.26,1.14,1.22,-3.71,-0.04,-1,1072238,1315435.5
IFAP,2023-01-03,1.28,1.28,1.25,1.26,1.4,0.02,-1,758973,958411
IFAP,2023-01-02,1.25,1.25,1.18,1.24,4.52,0.05,-1,513141,626648.75
IFAP,2022-12-29,1.22,1.22,1.17,1.19,-0.15,0.01,-1,524991,626453
IFAP,2022-12-28,1.19,1.19,1.16,1.18,-0.44,0,-1,332134,391857.72
IFAP,2022-12-27,1.19,1.19,1.13,1.18,3.51,0.04,-1,550482,640127.94
IFAP,2022-12-26,1.14,1.14,1.07,1.14,2.81,0.03,-1,280566,312673.47
IFAP,2022-12-25,1.13,1.13,1.06,1.11,-4.21,0,-1,206791,227690.92
IFAP,2022-12-22,1.17,1.17,1.11,1.11,-1.99,-0.03,-1,537354,608299.44
IFAP,2022-12-21,1.17,1.17,1.11,1.14,-3.17,-0.01,-1,454761,521774.94
IFAP,2022-12-20,1.18,1.18,1.14,1.15,0.61,0.01,-1,581622,672019.5
IFAP,2022-12-19,1.14,1.14,1.06,1.14,0,0,-1,1119315,1228996.13
IFAP,2022-12-18,1.22,1.22,1.12,1.14,-6.55,-0.08,-1,1680856,1904750.38
IFAP,2022-12-15,1.32,1.32,1.2,1.22,-6.28,-0.07,-1,1038482,1291573
IFAP,2022-12-14,1.32,1.32,1.28,1.29,-2.99,-0.04,-1,2489188,3229313.25
IFAP,2022-12-13,1.39,1.39,1.32,1.33,1.45,0.02,-1,1796960,2415375.75
IFAP,2022-12-12,1.33,1.33,1.25,1.31,3.7,0.04,-1,2990889,3864095.25
IFAP,2022-12-11,1.32,1.32,1.25,1.27,-3.18,-0.04,-1,1171425,1507560.38
IFAP,2022-12-08,1.33,1.33,1.25,1.31,1.21,0.02,-1,2067797,2690330
IFAP,2022-12-07,1.44,1.44,1.22,1.29,-7.34,-0.11,-1,3719854,5168970.5
IFAP,2022-12-06,1.41,1.41,1.25,1.4,6.21,0.09,-1,2707702,3713699.25
IFAP,2022-12-05,1.32,1.32,1.26,1.31,5.14,0.06,-1,1897362,2475468
IFAP,2022-12-04,1.25,1.25,1.16,1.25,9.76,0.11,-1,2323263,2833907
IFAP,2022-12-01,1.19,1.19,1.05,1.14,6.53,0.07,-1,1767710,1981269.13
IFAP,2022-11-30,1.11,1.11,1.04,1.07,-2.04,-0.04,-1,1500951,1593003
IFAP,2022-11-29,1.15,1.15,1.07,1.11,1.27,0.02,-1,846000,937963.56
IFAP,2022-11-28,1.11,1.11,0.957,1.09,13.92,0.126,-1,4252119,4411352.5
IFAP,2022-11-27,0.964,0.964,0.894,0.964,6.12,0.062,-1,2439847,2293651.25
IFAP,2022-11-24,0.909,0.909,0.878,0.902,3.55,0.024,-1,2721161,2444037.25
IFAP,2022-11-23,0.894,0.894,0.823,0.878,2.66,0.031,-1,3315638,2873832
IFAP,2022-11-22,0.862,0.862,0.766,0.847,7.83,0.055,-1,2750286,2277893.75
IFAP,2022-11-21,0.808,0.808,0.779,0.792,2.2,0,-1,1323773,1054042.25
IFAP,2022-11-20,0.808,0.808,0.763,0.792,2.71,0.023,-1,3432673,2682031.5
IFAP,2022-11-17,0.779,0.779,0.73,0.769,0.91,0.006,-1,1265157,973923.5
IFAP,2022-11-16,0.763,0.763,0.73,0.763,3.29,0.027,-1,1531291,1151799.38
IFAP,2022-11-15,0.739,0.739,0.71,0.736,3.16,0.019,-1,1297720,947573
IFAP,2022-11-14,0.723,0.723,0.67,0.717,6.11,0.037,-1,1816419,1279168.63
IFAP,2022-11-13,0.69,0.69,0.66,0.68,8.17,0.043,-1,817290,554632.5
IFAP,2022-11-10,0.657,0.657,0.637,0.637,3.27,0,-1,238170,155078.98
IFAP,2022-11-09,0.673,0.673,0.637,0.637,-2.13,-0.013,-1,587571,378947.84
IFAP,2022-11-08,0.677,0.677,0.641,0.65,-3.85,-0.027,-1,671606,444197.5
IFAP,2022-11-07,0.677,0.677,0.657,0.677,1.83,0.014,-1,707480,475498.84
IFAP,2022-11-06,0.67,0.67,0.641,0.663,-2.09,0,-1,198109,130229.76
IFAP,2022-11-03,0.68,0.68,0.654,0.663,-2.84,-0.007,-1,1135397,757115.69
IFAP,2022-11-02,0.68,0.68,0.667,0.67,-0.77,-0.007,-1,1091861,737921.19
IFAP,2022-11-01,0.68,0.68,0.67,0.677,0.52,0.004,-1,985653,666580.81
IFAP,2022-10-31,0.673,0.673,0.644,0.673,0.79,0.013,-1,937314,622477.25
IFAP,2022-10-30,0.684,0.684,0.657,0.66,-2.31,-0.017,-1,620877,415298.97
IFAP,2022-10-27,0.684,0.684,0.667,0.677,0,0,-1,735745,498057.88
IFAP,2022-10-26,0.684,0.684,0.66,0.677,0,0,-1,216202,145891.13
IFAP,2022-10-25,0.677,0.677,0.663,0.677,0,0,-1,370742,249075.09
IFAP,2022-10-24,0.684,0.684,0.667,0.677,0,0,-1,1973239,1338568.13
IFAP,2022-10-23,0.693,0.693,0.67,0.677,1.3,0.01,-1,1751551,1189473.38
IFAP,2022-10-20,0.684,0.684,0.667,0.667,2.08,0,-1,405407,274725.28
IFAP,2022-10-19,0.68,0.68,0.66,0.667,1.32,0.01,-1,1348495,904233.5
IFAP,2022-10-18,0.667,0.667,0.657,0.657,0,0,-1,1367787,901785.88
IFAP,2022-10-17,0.667,0.667,0.644,0.657,0.26,0,-1,690786,454122.5
IFAP,2022-10-16,0.657,0.657,0.634,0.657,7.06,0.043,-1,694246,453398.38
IFAP,2022-10-13,0.63,0.63,0.617,0.614,0.85,0,-1,375245,234699.7
IFAP,2022-10-12,0.634,0.634,0.611,0.614,-2.22,-0.01,-1,563711,354165.22
IFAP,2022-10-11,0.641,0.641,0.621,0.624,-1.92,-0.01,-1,571083,360602.91
IFAP,2022-10-10,0.634,0.634,0.627,0.634,-1.1,0,-1,455215,287463.31
IFAP,2022-10-09,0.637,0.637,0.624,0.634,-0.27,0,-1,176570,111057.6
IFAP,2022-10-05,0.644,0.644,0.627,0.634,3.11,0.02,-1,932982,591179.31
IFAP,2022-10-04,0.641,0.641,0.614,0.614,0,0,-1,252111,158961.97
IFAP,2022-10-03,0.641,0.641,0.608,0.614,-3.54,-0.023,-1,632551,387944.97
IFAP,2022-10-02,0.647,0.647,0.627,0.637,-1.09,0.003,-1,1423312,906910.81
IFAP,2022-09-29,0.667,0.667,0.627,0.634,-2.92,-0.02,-1,1046485,676217
IFAP,2022-09-28,0.657,0.657,0.614,0.654,2.15,0.01,-1,1296369,837880.81
IFAP,2022-09-27,0.657,0.657,0.63,0.644,1.63,0.003,-1,601863,387861.56
IFAP,2022-09-26,0.654,0.654,0.624,0.641,2.23,0.02,-1,1629054,1040631.63
IFAP,2022-09-25,0.641,0.641,0.617,0.621,-0.28,-0.003,-1,630312,393150.66
IFAP,2022-09-22,0.63,0.63,0.571,0.624,0.56,0.003,-1,1357563,843625.75
IFAP,2022-09-21,0.627,0.627,0.611,0.621,2.58,0.016,-1,1155988,719747.31
IFAP,2022-09-20,0.608,0.608,0.597,0.605,0,0,-1,581000,351351.16
IFAP,2022-09-19,0.608,0.608,0.554,0.605,1.45,0.008,-1,1077621,626715
IFAP,2022-09-18,0.657,0.657,0.532,0.597,-8.73,-0.06,-1,2402515,1472717
IFAP,2022-09-15,0.677,0.677,0.654,0.657,0,0,-1,1120196,742817.75
IFAP,2022-09-14,0.667,0.667,0.627,0.657,3.24,0.016,-1,1220312,784683.5
IFAP,2022-09-13,0.657,0.657,0.634,0.641,-1.59,-0.016,-1,1293854,829199.38
IFAP,2022-09-12,0.677,0.677,0.65,0.657,-1.31,-0.006,-1,930423,610682
IFAP,2022-09-11,0.677,0.677,0.663,0.663,-0.78,-0.007,-1,677973,451774.44
IFAP,2022-09-08,0.677,0.677,0.657,0.67,0.52,0.003,-1,1008523,672646.31
IFAP,2022-09-07,0.68,0.68,0.657,0.667,0.79,0.007,-1,1953404,1306051.88
IFAP,2022-09-06,0.667,0.667,0.634,0.66,4.37,0.026,-1,1538250,1005170.81
IFAP,2022-09-05,0.65,0.65,0.627,0.634,0.82,-0.003,-1,877846,556618.38
IFAP,2022-09-04,0.641,0.641,0.608,0.637,4.25,0.026,-1,1070575,663277.63
IFAP,2022-09-01,0.65,0.65,0.608,0.611,-2.22,-0.016,-1,1921967,1192909.5
IFAP,2022-08-31,0.647,0.647,0.617,0.627,1.69,0.01,-1,959188,601613.06
IFAP,2022-08-30,0.634,0.634,0.601,0.617,-1.39,-0.007,-1,1463336,905220.81
IFAP,2022-08-29,0.647,0.647,0.621,0.624,-3.23,-0.02,-1,556223,350722.91
IFAP,2022-08-28,0.644,0.644,0.634,0.644,-0.81,0,-1,422458,268735.5
IFAP,2022-08-25,0.654,0.654,0.627,0.644,1.36,0.003,-1,1022990,656574.25
IFAP,2022-08-24,0.647,0.647,0.634,0.641,-0.27,0,-1,1044183,669786.63
IFAP,2022-08-23,0.647,0.647,0.63,0.641,-0.54,-0.003,-1,726743,466233
IFAP,2022-08-22,0.654,0.654,0.627,0.644,1.08,0,-1,1120011,722442.94
IFAP,2022-08-21,0.654,0.654,0.641,0.644,0,0,-1,791227,509592.41
IFAP,2022-08-18,0.654,0.654,0.641,0.644,0,0.003,-1,630255,406009.94
IFAP,2022-08-17,0.667,0.667,0.627,0.641,-0.8,-0.006,-1,903166,580230.63
IFAP,2022-08-16,0.677,0.677,0.647,0.647,-0.8,-0.007,-1,1421051,935494.25
IFAP,2022-08-15,0.677,0.677,0.641,0.654,-0.53,0,-1,1691395,1105926.63
IFAP,2022-08-14,0.677,0.677,0.634,0.654,2.17,0.013,-1,3225981,2121822.75
IFAP,2022-08-11,0.647,0.647,0.591,0.641,9.73,0.054,-1,3411729,2156308
IFAP,2022-08-10,0.594,0.594,0.571,0.587,3.01,0.012,-1,1465901,855840.75
IFAP,2022-08-09,0.608,0.608,0.565,0.575,-3.18,-0.026,-1,1765608,1028898
IFAP,2022-08-08,0.624,0.624,0.591,0.601,-3.95,-0.013,-1,2193646,1340754.63
IFAP,2022-08-07,0.621,0.621,0.581,0.614,4.42,0.027,-1,2235896,1353561
IFAP,2022-08-04,0.591,0.591,0.581,0.587,0.59,0.003,-1,1137759,667368.31
IFAP,2022-08-03,0.601,0.601,0.578,0.584,0.3,0,-1,2414853,1421511
IFAP,2022-08-02,0.591,0.591,0.545,0.584,6.96,0.036,-1,5667291,3248478
IFAP,2022-08-01,0.571,0.571,0.545,0.548,-1.56,-0.006,-1,3609212,2023504.25
IFAP,2022-07-31,0.561,0.561,0.551,0.554,1.27,0.006,-1,5470826,3043307.25
IFAP,2022-07-28,0.551,0.551,0.508,0.548,7.48,0.04,-1,4719572,2553278.75
IFAP,2022-07-27,0.525,0.525,0.505,0.508,-2.33,-0.013,-1,1456289,751803.88
IFAP,2022-07-26,0.532,0.532,0.521,0.521,-0.66,-0.004,-1,1206182,632052
IFAP,2022-07-25,0.538,0.538,0.512,0.525,2.7,0.013,-1,1183412,621927.19
IFAP,2022-07-24,0.528,0.528,0.521,0.512,2.36,0,-1,463406,242935.5
IFAP,2022-07-21,0.515,0.515,0.505,0.512,5.32,0.024,-1,617641,315770.38
IFAP,2022-07-20,0.512,0.512,0.505,0.488,3.19,0,-1,443335,225455.63
IFAP,2022-07-19,0.508,0.508,0.499,0.488,3.9,0,-1,313745,158397.44
IFAP,2022-07-18,0.505,0.505,0.479,0.488,2.84,0,-1,505596,250811.48
IFAP,2022-07-17,0.485,0.485,0.482,0.488,-0.35,0,-1,248364,119648.06
IFAP,2022-07-07,0.488,0.488,0.482,0.488,-0.71,0,-1,183400,89274
IFAP,2022-07-06,0.479,0.479,0.459,0.488,-3.55,0,-1,586050,275655.69
IFAP,2022-07-05,0.488,0.488,0.469,0.488,-1.06,0,-1,355572,170241.3
IFAP,2022-07-04,0.496,0.496,0.456,0.488,-3.19,0,-1,610935,289941.69
IFAP,2022-07-03,0.496,0.496,0.485,0.488,0,0,-1,415709,203145.06
IFAP,2022-06-29,0.505,0.505,0.496,0.488,2.48,0,-1,441203,220291
IFAP,2022-06-28,0.502,0.502,0.485,0.488,-0.35,0,-1,871279,426372.19
IFAP,2022-06-27,0.512,0.512,0.488,0.488,-3.74,-0.02,-1,812004,409055.22
IFAP,2022-06-26,0.512,0.512,0.508,0.508,0,0,-1,459081,234765.5
IFAP,2022-06-23,0.521,0.521,0.505,0.508,-1.67,-0.01,-1,1065044,544208.06
IFAP,2022-06-22,0.528,0.528,0.512,0.518,-1.97,-0.01,-1,1410970,736463.56
IFAP,2022-06-21,0.545,0.545,0.525,0.528,-1.61,-0.01,-1,1120905,602500.94
IFAP,2022-06-20,0.545,0.545,0.525,0.538,-0.64,-0.004,-1,2234867,1196697.75
IFAP,2022-06-19,0.548,0.548,0.535,0.542,1.95,0.007,-1,2649164,1437276.38
IFAP,2022-06-16,0.545,0.545,0.525,0.535,1.32,0.01,-1,2191641,1175756.75
IFAP,2022-06-15,0.535,0.535,0.525,0.525,0.997,0.004,-1,740622,390709.44
IFAP,2022-06-14,0.525,0.525,0.518,0.521,0,0,-1,1037297,541074.25
IFAP,2022-06-13,0.535,0.535,0.521,0.521,-1.954,-0.011,-1,893104,468214.19
IFAP,2022-06-12,0.532,0.532,0.521,0.532,-1.95,0,-1,446046,233558.8
IFAP,2022-06-09,0.542,0.542,0.525,0.532,-0.32,-0.003,-1,936647,497351.88
IFAP,2022-06-08,0.542,0.542,0.528,0.535,3.01,0.017,-1,3098830,1659442.25
IFAP,2022-06-07,0.528,0.528,0.521,0.518,0.67,0,-1,553890,289847.97
IFAP,2022-06-06,0.528,0.528,0.512,0.518,0.67,0.003,-1,1194892,622049.63
IFAP,2022-06-05,0.518,0.518,0.505,0.515,0.34,0.01,-1,669518,341841.97
IFAP,2022-06-02,0.512,0.512,0.488,0.505,0,0,-1,1123225,564418.94
IFAP,2022-06-01,0.532,0.532,0.499,0.505,-3.31,-0.02,-1,1355567,692623.94
IFAP,2022-05-31,0.542,0.542,0.521,0.525,-2.6,-0.01,-1,1403804,740389.69
IFAP,2022-05-30,0.545,0.545,0.525,0.535,0.99,0.01,-1,2404414,1288264.25
IFAP,2022-05-29,0.538,0.538,0.505,0.525,0.66,0.004,-1,2864636,1478287.5
IFAP,2022-05-26,0.532,0.532,0.508,0.521,0,0,-1,1214675,631793.38
IFAP,2022-05-25,0.542,0.542,0.521,0.521,-2.27,-0.014,-1,2297404,1207375.63
IFAP,2022-05-24,0.548,0.548,0.521,0.535,-1.91,-0.01,-1,3064512,1630817
IFAP,2022-05-23,0.548,0.548,0.525,0.545,9.79,0.049,-1,10254797,5549225
IFAP,2022-05-22,0.505,0.505,0.492,0.496,1.06,0.004,-1,1403445,700552.44
IFAP,2022-05-19,0.499,0.499,0.475,0.492,-1.73,-0.01,-1,1200644,591744.5
IFAP,2022-05-18,0.512,0.512,0.499,0.502,2.12,0.014,-1,2431071,1225945.13
IFAP,2022-05-17,0.512,0.512,0.485,0.488,-1.39,-0.011,-1,2507890,1241274.25
IFAP,2022-05-16,0.518,0.518,0.496,0.499,-2.71,-0.013,-1,3011123,1504209.88
IFAP,2022-05-15,0.542,0.542,0.505,0.512,-0.34,0.004,-1,7842785,4127523.25
IFAP,2022-05-12,0.518,0.518,0.485,0.508,6.43,0.023,-1,8984740,4543380
IFAP,2022-05-11,0.505,0.505,0.475,0.485,3.32,0.016,-1,1810603,886031.88
IFAP,2022-05-10,0.475,0.475,0.466,0.469,-1.11,0,-1,515459,241840.52
IFAP,2022-05-09,0.488,0.488,0.469,0.469,-1.8,-0.013,-1,1360462,645864.13
IFAP,2022-05-08,0.492,0.492,0.469,0.482,0.73,0.007,-1,1737507,840515.5
IFAP,2022-04-28,0.485,0.485,0.466,0.475,0.37,0.006,-1,1819691,859629
IFAP,2022-04-27,0.469,0.469,0.459,0.469,-2.21,0,-1,500967,231025.47
IFAP,2022-04-26,0.472,0.472,0.456,0.469,0.75,0.003,-1,1105962,515694.56
IFAP,2022-04-21,0.469,0.469,0.449,0.466,4.28,0.021,-1,1633588,756032.56
IFAP,2022-04-20,0.459,0.459,0.433,0.445,1.98,0.009,-1,1478412,655026.52
IFAP,2022-04-19,0.449,0.449,0.399,0.436,0,0,-1,2119422,917664.69
IFAP,2022-04-18,0.459,0.459,0.412,0.436,-1.99,0,-1,1461654,639453.06
IFAP,2022-04-17,0.433,0.433,0.409,0.436,-0.4,0,-1,597497,253355.08
IFAP,2022-04-14,0.449,0.449,0.423,0.436,-1.57,-0.006,-1,820598,360974.18
IFAP,2022-04-13,0.459,0.459,0.423,0.442,1.19,0.006,-1,1008832,451878.63
IFAP,2022-04-12,0.439,0.439,0.426,0.436,-0.79,-0.003,-1,1897183,824062.69
IFAP,2022-04-11,0.429,0.429,0.412,0.439,-5.53,0,-1,382455,161955.58
IFAP,2022-04-10,0.459,0.459,0.426,0.439,-7.17,-0.02,-1,963779,423850.63
IFAP,2022-04-07,0.469,0.469,0.452,0.459,-0.38,0,-1,234736,108018.6
IFAP,2022-04-06,0.475,0.475,0.459,0.459,-1.85,-0.01,-1,729093,340342.97
IFAP,2022-04-05,0.482,0.482,0.466,0.469,-0.74,0,-1,323868,153026.25
IFAP,2022-04-04,0.475,0.475,0.469,0.469,1.11,0,-1,545448,258071.25
IFAP,2022-04-03,0.485,0.485,0.472,0.469,1.48,0,-1,449445,215982.38
IFAP,2022-03-31,0.472,0.472,0.462,0.469,1.49,0,-1,1291858,601587
IFAP,2022-03-30,0.482,0.482,0.462,0.469,1.52,0.01,-1,1978843,935215.31
IFAP,2022-03-29,0.462,0.462,0.439,0.459,3.92,0.017,-1,1350176,611205.44
IFAP,2022-03-28,0.475,0.475,0.442,0.442,-4.14,-0.02,-1,2256309,1021874.25
IFAP,2022-03-27,0.488,0.488,0.459,0.462,-2.91,-0.013,-1,1278866,600895.13
IFAP,2022-03-24,0.496,0.496,0.472,0.475,-1.8,-0.007,-1,2265328,1092705.63
IFAP,2022-03-23,0.502,0.502,0.475,0.482,1.83,0.01,-1,7702072,3769329.75
IFAP,2022-03-22,0.485,0.485,0.456,0.472,3.04,0.016,-1,4988733,2356842.25
IFAP,2022-03-21,0.469,0.469,0.445,0.456,2.76,0.017,-1,2921051,1336901.13
IFAP,2022-03-20,0.449,0.449,0.436,0.439,0.79,0.003,-1,2090131,922905.56
IFAP,2022-03-17,0.449,0.449,0.433,0.436,0.4,0,-1,1664695,726692.56
IFAP,2022-03-16,0.442,0.442,0.423,0.436,8.09,0.027,-1,1758702,762850.06
IFAP,2022-03-15,0.436,0.436,0.393,0.409,-4.86,-0.02,-1,1595839,660941.19
IFAP,2022-03-14,0.439,0.439,0.426,0.429,-1.98,-0.007,-1,1573130,678066
IFAP,2022-03-13,0.462,0.462,0.436,0.436,-2.33,-0.013,-1,2194345,974822.25
IFAP,2022-03-10,0.456,0.456,0.423,0.449,5.69,0.023,-1,4896247,2157883.5
IFAP,2022-03-09,0.442,0.442,0.419,0.426,3.36,0.014,-1,2613317,1122504
IFAP,2022-03-08,0.423,0.423,0.399,0.412,1.71,0.006,-1,2211139,912073.69
IFAP,2022-03-07,0.416,0.416,0.399,0.406,-1.68,-0.006,-1,2392449,970554.19
IFAP,2022-03-06,0.423,0.423,0.393,0.412,3.93,0.016,-1,3309377,1368015.25
IFAP,2022-03-03,0.403,0.403,0.39,0.396,3.15,0.009,-1,1407644,561434.25
IFAP,2022-03-02,0.399,0.399,0.379,0.387,-1.34,-0.003,-1,1573221,613707.25
IFAP,2022-03-01,0.39,0.39,0.379,0.39,3.26,0.017,-1,1393380,538951.81
IFAP,2022-02-28,0.387,0.387,0.363,0.373,-0.93,0,-1,1638999,615494.69
IFAP,2022-02-27,0.376,0.376,0.366,0.373,7.46,0.023,-1,1774663,658827.44
IFAP,2022-02-24,0.396,0.396,0.333,0.35,-15.9,-0.062,-1,3552346,1287785.24
IFAP,2022-02-23,0.429,0.429,0.412,0.412,0,0,-1,645261,270514.5
IFAP,2022-02-22,0.426,0.426,0.399,0.412,-3.24,-0.017,-1,1452661,598088.81
IFAP,2022-02-21,0.433,0.433,0.426,0.429,0.81,0.003,-1,932049,399182.44
IFAP,2022-02-20,0.449,0.449,0.423,0.426,-4.28,-0.019,-1,1143233,494381.13
IFAP,2022-02-17,0.449,0.449,0.436,0.445,0,0,-1,463427,205572.32
IFAP,2022-02-16,0.459,0.459,0.436,0.445,0.39,0,-1,1138373,510187.58
IFAP,2022-02-15,0.456,0.456,0.433,0.445,4.44,0.016,-1,2590408,1145241.5
IFAP,2022-02-14,0.442,0.442,0.416,0.429,-3.11,-0.016,-1,3092562,1329749.75
IFAP,2022-02-13,0.479,0.479,0.436,0.445,-9.19,-0.043,-1,1762982,811468.56
IFAP,2022-02-10,0.492,0.492,0.482,0.488,-0.35,0,-1,447403,217030.05
IFAP,2022-02-09,0.496,0.496,0.475,0.488,-0.35,-0.004,-1,1343302,656770.63
IFAP,2022-02-08,0.496,0.496,0.485,0.492,-0.35,0,-1,390628,191563.48
IFAP,2022-02-07,0.499,0.499,0.485,0.492,0.35,0,-1,428525,210561.7
IFAP,2022-02-06,0.499,0.499,0.488,0.492,0,0,-1,866547,427157
IFAP,2022-02-03,0.499,0.499,0.488,0.492,0,0,-1,402084,198836.25
IFAP,2022-02-02,0.505,0.505,0.488,0.492,0.35,0.004,-1,626795,310222.98
IFAP,2022-02-01,0.505,0.505,0.485,0.488,0,0,-1,1122104,553035.13
IFAP,2022-01-31,0.488,0.488,0.482,0.488,0,0,-1,415936,202296.69
IFAP,2022-01-30,0.499,0.499,0.482,0.488,-0.71,0,-1,491256,241453.44
IFAP,2022-01-26,0.502,0.502,0.485,0.488,-0.71,0,-1,268280,131402.91
IFAP,2022-01-25,0.502,0.502,0.485,0.488,1.08,0.003,-1,740358,364677.28
IFAP,2022-01-24,0.505,0.505,0.475,0.485,-3.79,-0.02,-1,1072184,523557.22
IFAP,2022-01-23,0.515,0.515,0.499,0.505,-1.71,0,-1,992315,500955.75
IFAP,2022-01-20,0.512,0.512,0.505,0.505,1.72,0,-1,776838,395292.63
IFAP,2022-01-19,0.518,0.518,0.505,0.505,-1.02,-0.003,-1,1429487,723912.94
IFAP,2022-01-18,0.515,0.515,0.496,0.508,3.85,0.012,-1,1130561,572104.69
IFAP,2022-01-17,0.508,0.508,0.496,0.496,-0.35,-0.003,-1,1247863,621375.75
IFAP,2022-01-16,0.512,0.512,0.496,0.499,-2.03,-0.013,-1,853031,428118.81
IFAP,2022-01-13,0.521,0.521,0.512,0.512,-1.33,-0.009,-1,1081214,557991.25
IFAP,2022-01-12,0.538,0.538,0.518,0.521,-2.6,-0.014,-1,1436876,757327.88
IFAP,2022-01-11,0.554,0.554,0.532,0.535,-1.91,-0.01,-1,3009863,1629901
IFAP,2022-01-10,0.551,0.551,0.532,0.545,1.95,0.013,-1,3640438,1977318.88
IFAP,2022-01-09,0.545,0.545,0.525,0.532,3.02,0.014,-1,1995724,1061569.38
IFAP,2022-01-05,0.521,0.521,0.512,0.518,1.01,0.006,-1,1911869,991279.44
IFAP,2022-01-04,0.518,0.518,0.505,0.512,1.02,0.004,-1,1457229,744355.31
IFAP,2022-01-03,0.515,0.515,0.499,0.508,4.69,0.026,-1,2133559,1081035
IFAP,2022-01-02,0.499,0.499,0.488,0.482,2.17,0,-1,486548,239577.3
IFAP,2021-12-30,0.499,0.499,0.472,0.482,0,0,-1,469241,228595.94
IFAP,2021-12-29,0.485,0.485,0.475,0.482,-0.72,0,-1,534476,258138.38
IFAP,2021-12-28,0.492,0.492,0.469,0.482,-1.79,-0.003,-1,636552,302752.13
IFAP,2021-12-27,0.502,0.502,0.485,0.485,-2.1,-0.011,-1,1138437,559027.88
IFAP,2021-12-26,0.505,0.505,0.485,0.496,1.06,0.008,-1,3038727,1507584.5
IFAP,2021-12-23,0.496,0.496,0.479,0.488,1.07,0.003,-1,1200005,585455.31
IFAP,2021-12-22,0.492,0.492,0.469,0.485,5.66,0.026,-1,2434436,1173928.87
IFAP,2021-12-21,0.472,0.472,0.459,0.459,1.89,0,-1,432012,201138.19
IFAP,2021-12-20,0.469,0.469,0.449,0.459,-2.22,-0.01,-1,687860,315195.88
IFAP,2021-12-19,0.475,0.475,0.469,0.469,-0.37,0,-1,503758,236693.56
IFAP,2021-12-16,0.475,0.475,0.466,0.469,0.75,0.003,-1,668377,312427.44
IFAP,2021-12-15,0.469,0.469,0.456,0.466,-1.87,0,-1,647415,298362.34
IFAP,2021-12-14,0.475,0.475,0.459,0.466,-2.92,-0.009,-1,1407620,660433.63
IFAP,2021-12-13,0.482,0.482,0.469,0.475,0.37,0.003,-1,1754540,828687.31
IFAP,2021-12-12,0.499,0.499,0.469,0.472,0.74,0.003,-1,2422756,1156150.38
IFAP,2021-12-09,0.482,0.482,0.462,0.469,-3.9,-0.019,-1,2099203,988400.56
IFAP,2021-12-08,0.485,0.485,0.479,0.488,-1.42,0,-1,471543,227505.72
IFAP,2021-12-07,0.518,0.518,0.485,0.488,-3.77,-0.017,-1,1460909,726609.44
IFAP,2021-12-06,0.518,0.518,0.496,0.505,2.1,0.009,-1,3410804,1727077.25
IFAP,2021-12-05,0.505,0.505,0.488,0.496,0,0,-1,1661824,824386.63
IFAP,2021-12-02,0.505,0.505,0.488,0.496,-0.35,-0.003,-1,1543965,764582.5
IFAP,2021-12-01,0.505,0.505,0.482,0.499,2.87,0.014,-1,1878941,932109.75
IFAP,2021-11-30,0.488,0.488,0.469,0.485,-0.71,0,-1,2186189,1052187.13
IFAP,2021-11-29,0.499,0.499,0.472,0.485,1.45,0.01,-1,1535042,742998.5
IFAP,2021-11-28,0.482,0.482,0.436,0.475,0,0,-1,482847,224215.22
IFAP,2021-11-25,0.482,0.482,0.445,0.475,5.77,0.026,-1,1416846,662598.51
IFAP,2021-11-24,0.459,0.459,0.449,0.449,-0.38,-0.007,-1,941218,426221.34
IFAP,2021-11-23,0.459,0.459,0.449,0.456,3.13,0.011,-1,700616,317985.97
IFAP,2021-11-22,0.449,0.449,0.436,0.445,0.78,0,-1,525918,233160.31
IFAP,2021-11-21,0.449,0.449,0.433,0.445,-1.54,-0.004,-1,831184,365264.52
IFAP,2021-11-18,0.475,0.475,0.449,0.449,-2.99,-0.017,-1,715329,329417.38
IFAP,2021-11-17,0.469,0.469,0.433,0.466,5.06,0.021,-1,1823753,822895.06
IFAP,2021-11-16,0.479,0.479,0.442,0.445,-4.44,-0.024,-1,1313522,591016.88
IFAP,2021-11-15,0.485,0.485,0.466,0.469,-4.29,-0.016,-1,1596112,755107.06
IFAP,2021-11-14,0.496,0.496,0.482,0.485,-0.36,0,-1,904983,440242.81
IFAP,2021-11-11,0.502,0.502,0.482,0.485,3.31,0.013,-1,1173434,572851.69
IFAP,2021-11-10,0.482,0.482,0.469,0.472,-2.88,-0.01,-1,1097162,518400.56
IFAP,2021-11-09,0.512,0.512,0.472,0.482,-0.71,-0.003,-1,2450884,1226923.25
IFAP,2021-11-08,0.485,0.485,0.469,0.485,2.93,0.013,-1,1443873,693828.75
IFAP,2021-11-07,0.485,0.485,0.472,0.472,0.37,0,-1,1069842,510002
IFAP,2021-11-04,0.482,0.482,0.466,0.472,-3.23,-0.013,-1,1687236,794407.63
IFAP,2021-11-03,0.505,0.505,0.479,0.485,-3.13,-0.014,-1,935332,460555.36
IFAP,2021-11-02,0.512,0.512,0.496,0.499,-0.35,-0.003,-1,886938,446636.22
IFAP,2021-11-01,0.512,0.512,0.492,0.502,1.05,0.006,-1,655191,328750.06
IFAP,2021-10-31,0.508,0.508,0.485,0.496,-1.72,-0.009,-1,908970,451437.66
IFAP,2021-10-28,0.508,0.508,0.469,0.505,7.33,0.033,-1,1584765,782095.5
IFAP,2021-10-27,0.502,0.502,0.436,0.472,-4.88,-0.027,-1,2531448,1170168.07
IFAP,2021-10-26,0.535,0.535,0.488,0.499,0,0,-1,3906256,2003008.47
IFAP,2021-10-25,0.538,0.538,0.482,0.499,-6.21,-0.033,-1,2012766,1020343.75
IFAP,2021-10-24,0.545,0.545,0.525,0.532,2,0.011,-1,1431417,764672.94
IFAP,2021-10-20,0.548,0.548,0.485,0.521,-4.46,-0.024,-1,3610259,1839807.01
IFAP,2021-10-19,0.617,0.617,0.545,0.545,-10.54,-0.063,-1,3792021,2185981.5
IFAP,2021-10-18,0.614,0.614,0.597,0.608,1.74,0.011,-1,1712114,1036242.63
IFAP,2021-10-17,0.611,0.611,0.597,0.597,0,0,-1,878124,527233.19
IFAP,2021-10-14,0.611,0.611,0.591,0.597,-0.29,-0.008,-1,997446,595394.44
IFAP,2021-10-13,0.621,0.621,0.591,0.605,0.87,0.008,-1,5218128,3175513.07
IFAP,2021-10-12,0.617,0.617,0.591,0.597,-2.82,-0.02,-1,5507700,3319249.75
IFAP,2021-10-11,0.624,0.624,0.605,0.617,-1.4,0,-1,1315725,806945.31
IFAP,2021-10-10,0.634,0.634,0.617,0.617,1.12,0,-1,416109,260510.34
IFAP,2021-10-06,0.627,0.627,0.611,0.617,0.28,0,-1,848954,523477.28
IFAP,2021-10-05,0.641,0.641,0.608,0.617,-0.28,0,-1,1702459,1052595.17
IFAP,2021-10-04,0.637,0.637,0.617,0.617,-2.2,-0.013,-1,506992,314709.69
IFAP,2021-10-03,0.657,0.657,0.624,0.63,-1.63,-0.011,-1,503657,321900.47
IFAP,2021-09-30,0.657,0.657,0.634,0.641,0.27,0,-1,1178241,756608.25
IFAP,2021-09-29,0.66,0.66,0.63,0.641,0.82,0.007,-1,1316642,853154.05
IFAP,2021-09-28,0.65,0.65,0.624,0.634,-1.88,-0.013,-1,1919256,1213353
IFAP,2021-09-27,0.687,0.687,0.644,0.647,-5.12,-0.03,-1,1338229,892239.06
IFAP,2021-09-26,0.693,0.693,0.667,0.677,-0.26,0.004,-1,1491740,1012777.44
IFAP,2021-09-23,0.68,0.68,0.654,0.673,5.43,0.032,-1,1801549,1200367.34
IFAP,2021-09-22,0.65,0.65,0.608,0.641,4.8,0.027,-1,1196625,758452.5
IFAP,2021-09-21,0.677,0.677,0.594,0.614,-8.97,-0.063,-1,2810996,1753775.63
IFAP,2021-09-20,0.717,0.717,0.673,0.677,-5.8,-0.04,-1,2161267,1492525.13
IFAP,2021-09-19,0.763,0.763,0.713,0.717,-5.26,-0.039,-1,1601952,1188656.72
IFAP,2021-09-16,0.779,0.779,0.753,0.756,0.69,0.003,-1,1110212,846231.23
IFAP,2021-09-15,0.792,0.792,0.746,0.753,-2.91,-0.019,-1,1624350,1236420.75
IFAP,2021-09-14,0.808,0.808,0.772,0.772,-0.89,-0.007,-1,1727208,1359567.5
IFAP,2021-09-13,0.792,0.792,0.756,0.779,4.13,0.023,-1,4307715,3321697
IFAP,2021-09-12,0.792,0.792,0.739,0.756,1.16,0.01,-1,3826996,2921211.25
IFAP,2021-09-09,0.792,0.792,0.746,0.746,-3.79,-0.029,-1,1932505,1483384.88
IFAP,2021-09-08,0.792,0.792,0.763,0.775,1.82,0.012,-1,1621157,1257424.25
IFAP,2021-09-07,0.8,0.8,0.73,0.763,-1.79,-0.012,-1,3731832,2852658.82
IFAP,2021-09-06,0.839,0.839,0.717,0.775,-8.06,-0.064,-1,3118710,2468924
IFAP,2021-09-05,4.67,4.67,4.35,4.4,-4.96,-0.18,-1,917470,4142225
IFAP,2021-09-02,4.67,4.67,4.5,4.58,2.22,0.08,-1,948120,4343342.5
IFAP,2021-09-01,4.59,4.59,4.45,4.5,1.03,0.07,-1,735341,3307453.75
IFAP,2021-08-31,4.5,4.5,4.36,4.43,-2.4,-0.12,-1,638425,2825257
IFAP,2021-08-30,4.82,4.82,4.26,4.55,-6.33,-0.19,-1,1827024,8326956
IFAP,2021-08-29,4.88,4.88,4.62,4.74,-0.57,-0.01,-1,1139829,5403014.5
IFAP,2021-08-26,4.94,4.94,4.47,4.75,2.59,0.19,-1,3773926,17908432
IFAP,2021-08-25,4.72,4.72,4.45,4.56,-2.58,-0.01,-1,1344922,6140663.5
IFAP,2021-08-24,4.73,4.73,4.37,4.57,5.6,0.19,-1,3874174,17724918
IFAP,2021-08-23,4.45,4.45,4.34,4.38,2.53,0.07,-1,1077154,4722251.5
IFAP,2021-08-22,4.41,4.41,4.19,4.31,-1.05,-0.02,-1,1129116,4865772
IFAP,2021-08-19,4.45,4.45,4.22,4.33,-4.71,-0.11,-1,1204312,5212150.5
IFAP,2021-08-18,4.55,4.55,4.35,4.44,1.48,0.15,-1,1669510,7406584
IFAP,2021-08-17,4.35,4.35,4.22,4.29,1.51,0.06,-1,1320384,5666439.5
IFAP,2021-08-16,4.3,4.3,4.08,4.23,1.77,0.11,-1,1599359,6765037.5
IFAP,2021-08-15,4.2,4.2,4.05,4.12,-0.88,0.01,-1,1117133,4599749
IFAP,2021-08-11,4.22,4.22,4.02,4.11,-1.97,-0.04,-1,723786,2972166
IFAP,2021-08-10,4.2,4.2,4.05,4.15,-3.23,-0.08,-1,957954,3974484.25
IFAP,2021-08-09,4.42,4.42,4.02,4.23,-6.72,-0.1,-1,971674,4107328
IFAP,2021-08-08,4.48,4.48,4.2,4.33,3.29,0.18,-1,2292327,9928405
IFAP,2021-08-05,4.23,4.23,4.05,4.15,1.11,0.05,-1,1311190,5431345.02
IFAP,2021-08-04,4.25,4.25,3.95,4.1,-3.92,-0.07,-1,2344198,9601341
IFAP,2021-08-03,4.41,4.41,4.02,4.17,-8.96,-0.29,-1,1278122,5337874.5
IFAP,2021-08-02,4.69,4.69,4.25,4.46,-6.89,-0.16,-1,1666435,7431386.5
IFAP,2021-08-01,4.77,4.77,4.43,4.62,1.61,0.1,-1,2703724,12491811
IFAP,2021-07-29,4.7,4.7,4.43,4.52,-1.21,0.02,-1,2711985,12257955
IFAP,2021-07-28,4.61,4.61,4.17,4.5,9.11,0.31,-1,4463821,20083820
IFAP,2021-07-27,4.28,4.28,4.11,4.19,-1.29,-0.05,-1,991627,4154923
IFAP,2021-07-26,4.36,4.36,4.15,4.24,2.67,0.16,-1,1941236,8227989
IFAP,2021-07-25,4.16,4.16,3.94,4.08,2.76,0.13,-1,1452030,5921403.5
IFAP,2021-07-18,4.05,4.05,3.8,3.95,2.64,0.16,-1,1540994,6080568.5
IFAP,2021-07-15,3.89,3.89,3.72,3.79,-1.89,-0.06,-1,1135316,4301834.5
IFAP,2021-07-14,3.95,3.95,3.77,3.85,-0.24,0.04,-1,974703,3746599
IFAP,2021-07-13,3.91,3.91,3.61,3.81,5.45,0.14,-1,2465751,9386243
IFAP,2021-07-12,3.79,3.79,3.58,3.67,-2.23,0,-1,2021280,7426573
IFAP,2021-07-11,3.8,3.8,3.47,3.67,3.81,0.09,-1,2201706,8087913
IFAP,2021-07-08,3.73,3.73,3.45,3.58,-5.43,-0.1,-1,1140688,4080972.25
IFAP,2021-07-07,3.8,3.8,3.5,3.68,4.13,0.16,-1,2052314,7555725
IFAP,2021-07-06,3.63,3.63,3.42,3.52,-2.56,-0.03,-1,2712060,9530481
IFAP,2021-07-05,3.61,3.61,3.32,3.55,9.97,0.27,-1,4063599,14441666
IFAP,2021-07-04,3.35,3.35,3.22,3.28,-0.28,-0.01,-1,366179,1201826.13
IFAP,2021-06-30,3.35,3.35,3.25,3.29,-0.28,0.03,-1,558671,1836242.13
IFAP,2021-06-29,3.34,3.34,3.15,3.26,-2.97,-0.1,-1,362342,1181077
IFAP,2021-06-28,3.47,3.47,3.25,3.36,-0.82,0.05,-1,713122,2397503
IFAP,2021-06-27,3.36,3.36,3.25,3.31,2.22,0.03,-1,337553,1115637
IFAP,2021-06-24,3.32,3.32,3.26,3.28,-0.55,-0.02,-1,364131,1195220
IFAP,2021-06-23,3.36,3.36,3.25,3.3,-1.91,-0.04,-1,540196,1780993.75
IFAP,2021-06-22,3.4,3.4,3.28,3.34,-0.27,0.03,-1,610889,2038438.88
IFAP,2021-06-21,3.39,3.39,3.18,3.31,3.14,0.13,-1,1039974,3444175.5
IFAP,2021-06-20,3.26,3.26,3.14,3.18,-0.85,-0.03,-1,726315,2310439.25
IFAP,2021-06-17,3.3,3.3,3.16,3.21,0.57,0.05,-1,425514,1366852.38
IFAP,2021-06-16,3.26,3.26,3.11,3.16,-0.84,-0.08,-1,628071,1984349.88
IFAP,2021-06-15,3.41,3.41,3.12,3.24,-4.85,-0.13,-1,1171193,3789602.75
IFAP,2021-06-14,3.45,3.45,3.32,3.37,-5.87,-0.19,-1,1625764,5483814
IFAP,2021-06-13,3.77,3.77,3.35,3.56,-5.33,-0.02,-1,2828146,10077378
IFAP,2021-06-10,3.69,3.69,3.48,3.58,2.3,0.03,-1,1325961,4751317
IFAP,2021-06-09,3.63,3.63,3.5,3.55,-2.25,-0.09,-1,714953,2538524.25
IFAP,2021-06-08,3.78,3.78,3.51,3.64,-6.02,-0.13,-1,1291752,4695757
IFAP,2021-06-07,3.87,3.87,3.67,3.77,-4.49,-0.08,-1,869608,3276865.25
IFAP,2021-06-06,3.9,3.9,3.8,3.85,2.18,0.1,-1,924097,3550673.75
IFAP,2021-06-03,3.84,3.84,3.7,3.75,-3.74,-0.14,-1,1044989,3924638
IFAP,2021-06-02,4.04,4.04,3.75,3.89,-5.42,-0.14,-1,2327104,9047603
IFAP,2021-06-01,4.18,4.18,3.91,4.03,-4.84,-0.11,-1,4121915,16615915
IFAP,2021-05-31,4.22,4.22,3.75,4.14,7.82,0.3,-1,4795615,19845338
IFAP,2021-05-30,3.95,3.95,3.79,3.84,0.7,-0.03,-1,956399,3673282.5
IFAP,2021-05-27,3.95,3.95,3.81,3.87,1.68,0.09,-1,884392,3425628
IFAP,2021-05-26,3.91,3.91,3.73,3.78,4.38,0.04,-1,1391006,5263491.5
IFAP,2021-05-25,3.88,3.88,3.64,3.74,1.67,-0.06,-1,1405781,5250981.5
IFAP,2021-05-24,3.91,3.91,3.64,3.8,-6.88,-0.16,-1,2767622,10506054
IFAP,2021-05-23,4.09,4.09,3.82,3.96,-0.47,0.12,-1,2735987,10836973
IFAP,2021-05-20,3.94,3.94,3.78,3.84,-3.67,-0.12,-1,931160,3572828.5
IFAP,2021-05-19,4.17,4.17,3.84,3.96,-3.59,-0.09,-1,1431899,5679461
IFAP,2021-05-18,4.21,4.21,3.86,4.05,3.46,0.11,-1,3162705,12828750
IFAP,2021-05-17,4.05,4.05,3.84,3.94,-3.81,-0.11,-1,1829901,7210440.5
IFAP,2021-05-11,4.17,4.17,3.91,4.05,-0.68,0.05,-1,1495465,6057411
IFAP,2021-05-10,4.12,4.12,3.66,4,8.7,0.24,-1,2348381,9395978
IFAP,2021-05-09,3.88,3.88,3.64,3.76,-0.25,0.05,-1,882076,3319039.75
IFAP,2021-05-06,3.81,3.81,3.62,3.71,-2.39,-0.09,-1,1057222,3919171.75
IFAP,2021-05-05,3.96,3.96,3.65,3.8,4.53,0.19,-1,2757839,10481767
IFAP,2021-05-04,3.62,3.62,3.42,3.61,9.94,0.32,-1,1573750,5675463.5
IFAP,2021-04-28,3.4,3.4,3.05,3.29,6.47,0.2,-1,2740901,9011899
IFAP,2021-04-27,3.15,3.15,2.95,3.09,3.66,0.11,-1,808015,2497776.25
IFAP,2021-04-26,3.06,3.06,2.84,2.98,-1.49,-0.07,-1,463736,1380961.38
IFAP,2021-04-25,3.12,3.12,2.95,3.05,7.91,0.18,-1,808405,2466452.5
IFAP,2021-04-22,2.93,2.93,2.76,2.87,5.28,0.12,-1,635652,1828253.25
IFAP,2021-04-21,2.85,2.85,2.65,2.75,-0.97,-0.06,-1,626969,1728880.63
IFAP,2021-04-20,2.88,2.88,2.78,2.81,0,0.01,-1,252563,710309.56
IFAP,2021-04-19,2.85,2.85,2.73,2.8,4.71,0.1,-1,438698,1229464.13
IFAP,2021-04-18,2.75,2.75,2.64,2.7,4.2,0.1,-1,278812,753661.56
IFAP,2021-04-15,2.72,2.72,2.48,2.6,3.94,0.06,-1,648384,1687688.38
IFAP,2021-04-14,2.72,2.72,2.45,2.54,-9,-0.19,-1,760818,1929846.38
IFAP,2021-04-13,2.84,2.84,2.6,2.73,-2.27,-0.07,-1,502996,1372335
IFAP,2021-04-12,2.9,2.9,2.73,2.8,4.93,0.04,-1,785535,2202346
IFAP,2021-04-11,2.84,2.84,2.65,2.76,9.86,0.18,-1,540360,1493941.88
IFAP,2021-04-08,2.64,2.64,2.53,2.58,5.86,0.1,-1,636712,1645711.75
IFAP,2021-04-07,2.55,2.55,2.42,2.48,-1.81,-0.03,-1,438734,1088670.75
IFAP,2021-04-06,2.62,2.62,2.37,2.51,-5.19,-0.12,-1,745671,1868844.25
IFAP,2021-04-05,2.79,2.79,2.55,2.63,-7.72,-0.2,-1,565203,1482442.88
IFAP,2021-04-04,2.93,2.93,2.75,2.83,-5.28,-0.1,-1,663137,1876793.75
IFAP,2021-04-01,2.99,2.99,2.85,2.93,0.63,0.04,-1,447052,1309854.25
IFAP,2021-03-31,2.95,2.95,2.82,2.89,-2.15,-0.06,-1,456983,1319864.13
IFAP,2021-03-30,3.03,3.03,2.9,2.95,2.89,0.12,-1,888206,2626888.75
IFAP,2021-03-29,2.9,2.9,2.67,2.83,10,0.19,-1,588551,1663488.38
IFAP,2021-03-28,2.69,2.69,2.5,2.64,7.64,0.14,-1,192830,508476.34
IFAP,2021-03-25,2.6,2.6,2.36,2.5,-1.75,-0.09,-1,442928,1107907
IFAP,2021-03-24,2.73,2.73,2.43,2.59,-1.43,0.05,-1,544031,1409265.75
IFAP,2021-03-23,2.67,2.67,2.48,2.54,-4.29,-0.21,-1,752019,1907934
IFAP,2021-03-22,2.97,2.97,2.7,2.75,-9.73,-0.24,-1,706772,1946514.13
IFAP,2021-03-21,3.09,3.09,2.8,2.99,-4.13,-0.09,-1,270859,810161.31
IFAP,2021-03-18,3.15,3.15,2.93,3.08,1.51,0.06,-1,619117,1909947
IFAP,2021-03-17,3.13,3.13,2.91,3.02,3.12,0.11,-1,809299,2444688
IFAP,2021-03-16,2.99,2.99,2.82,2.91,-2.1,-0.13,-1,352781,1025006.75
IFAP,2021-03-15,3.25,3.25,2.95,3.04,-9.19,-0.22,-1,1004856,3052664.75
IFAP,2021-03-14,3.32,3.32,3.21,3.26,-1.39,-0.02,-1,400956,1307400.25
IFAP,2021-03-11,3.38,3.38,3.23,3.28,-0.55,-0.04,-1,709639,2328187.25
IFAP,2021-03-10,3.4,3.4,3.27,3.32,-1.89,-0.04,-1,600719,1995718.5
IFAP,2021-03-09,3.45,3.45,3.28,3.36,-0.27,0.05,-1,770023,2587398
IFAP,2021-03-08,3.41,3.41,3.21,3.31,-1.91,-0.03,-1,567138,1874765.38
IFAP,2021-03-07,3.38,3.38,3.27,3.34,3.06,0.07,-1,520214,1734532
IFAP,2021-03-04,3.45,3.45,3.15,3.27,-5.31,-0.16,-1,969022,3171626.75
IFAP,2021-03-03,3.62,3.62,3.32,3.43,-8.64,-0.25,-1,631936,2164865.25
IFAP,2021-03-02,3.82,3.82,3.47,3.68,-5.13,-0.04,-1,779835,2873164
IFAP,2021-03-01,3.81,3.81,3.67,3.72,-1.45,-0.04,-1,544514,2022726.88
IFAP,2021-02-28,3.86,3.86,3.68,3.76,-5.14,-0.13,-1,409726,1543117.13
IFAP,2021-02-25,4.03,4.03,3.81,3.89,1.68,0.1,-1,750364,2922400.75
IFAP,2021-02-24,3.85,3.85,3.74,3.79,-2.82,-0.07,-1,549396,2082127.75
IFAP,2021-02-23,4.01,4.01,3.74,3.86,-6.8,-0.15,-1,915691,3538963.5
IFAP,2021-02-22,4.05,4.05,3.96,4.01,-0.68,0.01,-1,475399,1904017.75
IFAP,2021-02-21,4.07,4.07,3.95,4,-0.91,0,-1,476700,1905109.63
IFAP,2021-02-18,4.09,4.09,3.91,4,-0.45,0,-1,930333,3720967.25
IFAP,2021-02-17,4.12,4.12,3.93,4,-4.18,-0.14,-1,886246,3545957.25
IFAP,2021-02-16,4.2,4.2,4.05,4.14,-1.54,-0.01,-1,927741,3839316.5
IFAP,2021-02-15,4.24,4.24,4,4.15,-2.18,-0.02,-1,1336597,5535682
IFAP,2021-02-14,4.27,4.27,4.09,4.17,-0.88,0.03,-1,2315931,9673821
IFAP,2021-02-11,4.21,4.21,4.09,4.14,-2.59,-0.07,-1,819928,3394514
IFAP,2021-02-10,4.27,4.27,4.15,4.21,-1.51,-0.02,-1,1208411,5080994
IFAP,2021-02-09,4.33,4.33,4.16,4.23,1.53,0.07,-1,2432035,10281974
IFAP,2021-02-08,4.26,4.26,4.06,4.16,2.7,0.11,-1,4492092,18703064
IFAP,2021-02-07,4.13,4.13,3.93,4.05,0.92,0.09,-1,871635,3525617.25
IFAP,2021-02-04,4.05,4.05,3.91,3.96,-1.79,-0.1,-1,455613,1803981.25
IFAP,2021-02-03,4.15,4.15,3.99,4.06,-1.11,-0.03,-1,923803,3753750.75
IFAP,2021-02-02,4.18,4.18,4.02,4.09,-0.67,0,-1,1008647,4126880
IFAP,2021-02-01,4.16,4.16,3.99,4.09,4.17,0.16,-1,1611559,6593069.5
IFAP,2021-01-31,4.02,4.02,3.75,3.93,0.23,0.05,-1,1056337,4145345
IFAP,2021-01-27,3.97,3.97,3.77,3.88,-2.07,-0.07,-1,740011,2872901.25
IFAP,2021-01-26,4.07,4.07,3.89,3.95,-0.69,0.01,-1,1310616,5180056.5
IFAP,2021-01-25,4.04,4.04,3.78,3.94,5.77,0.16,-1,2309535,9086441
IFAP,2021-01-24,3.85,3.85,3.71,3.78,1.46,0.05,-1,1258315,4757638.5
IFAP,2021-01-21,3.85,3.85,3.68,3.73,-3.33,-0.09,-1,685650,2556745
IFAP,2021-01-20,3.94,3.94,3.73,3.82,-2.37,-0.02,-1,774129,2953565.5
IFAP,2021-01-19,3.9,3.9,3.73,3.84,4.91,0.14,-1,2705237,10368161
IFAP,2021-01-18,3.77,3.77,3.55,3.7,1.25,0.07,-1,2577286,9529882
IFAP,2021-01-17,3.72,3.72,3.59,3.63,0.25,0,-1,604588,2193787.5
IFAP,2021-01-14,3.68,3.68,3.58,3.63,2.83,0.09,-1,1209066,4387049.5
IFAP,2021-01-13,3.61,3.61,3.5,3.54,-0.76,-0.03,-1,815768,2887582.25
IFAP,2021-01-12,3.64,3.64,3.51,3.57,2.62,0.1,-1,1452303,5192027
IFAP,2021-01-11,3.54,3.54,3.42,3.47,3.48,0.07,-1,1180640,4099498.5
IFAP,2021-01-10,3.45,3.45,3.35,3.4,1.37,0.07,-1,744284,2533908.75
IFAP,2021-01-06,3.38,3.38,3.27,3.33,0.55,0,-1,569272,1891697.38
IFAP,2021-01-05,3.41,3.41,3.29,3.33,-2.14,-0.06,-1,555851,1851080.63
IFAP,2021-01-04,3.48,3.48,3.3,3.39,-2.13,-0.03,-1,854294,2893217.25
IFAP,2021-01-03,3.46,3.46,3.32,3.42,18.97,0.07,-1,1655359,5651737.5
IFAP,2020-12-31,3.44,3.44,3.29,3.35,1.37,0.04,-1,1195005,4006977.75
IFAP,2020-12-30,3.37,3.37,3.23,3.31,1.11,0.03,-1,1208910,3999343
IFAP,2020-12-29,3.35,3.35,3.23,3.28,0.56,0.05,-1,1099264,3604714
IFAP,2020-12-28,3.29,3.29,3.17,3.23,2.29,0.06,-1,1173541,3791393.25
IFAP,2020-12-27,3.32,3.32,3.1,3.17,-6.28,-0.16,-1,859417,2730135.75
IFAP,2020-12-24,3.41,3.41,3.27,3.33,-1.09,-0.01,-1,1164038,3877235.25
IFAP,2020-12-23,3.41,3.41,3.25,3.34,1.95,0.08,-1,896255,2987589.5
IFAP,2020-12-22,3.43,3.43,3.15,3.26,-6.75,-0.24,-1,1772871,5792101
IFAP,2020-12-21,3.82,3.82,3.46,3.5,-8.98,-0.35,-1,1720915,6021981.5
IFAP,2020-12-20,3.95,3.95,3.77,3.85,4.98,0.2,-1,3146065,12084647
IFAP,2020-12-17,3.77,3.77,3.55,3.65,-0.5,0,-1,2749183,10056002
IFAP,2020-12-16,3.78,3.78,3.48,3.65,4.72,0.19,-1,5409622,19791030
IFAP,2020-12-15,3.57,3.57,3.36,3.46,2.65,0.02,-1,2149283,7443479.5
IFAP,2020-12-14,3.52,3.52,3.37,3.44,-1.85,-0.01,-1,1265584,4353364.5
IFAP,2020-12-13,3.59,3.59,3.38,3.45,-5.1,-0.11,-1,1126051,3879763.25
IFAP,2020-12-10,3.67,3.67,3.47,3.56,0.26,0.06,-1,4244257,15142303
IFAP,2020-12-09,3.65,3.65,3.35,3.5,2.94,0.1,-1,4629583,16188700
IFAP,2020-12-08,3.47,3.47,3.31,3.4,2.18,0.06,-1,2598341,8834402
IFAP,2020-12-07,3.41,3.41,3.24,3.34,4.57,0.16,-1,3486535,11629635
IFAP,2020-12-06,3.25,3.25,3.13,3.18,1.44,0.02,-1,1078506,3433541.25
IFAP,2020-12-03,3.22,3.22,3.12,3.16,-3.11,-0.06,-1,427893,1354676.38
IFAP,2020-12-02,3.35,3.35,3.11,3.22,-2.27,0.01,-1,1612313,5195392.5
IFAP,2020-12-01,3.31,3.31,2.99,3.21,5.72,0.19,-1,2328721,7465524.5
IFAP,2020-11-30,3.05,3.05,3,3.02,-0.6,-0.03,-1,366412,1107118.75
IFAP,2020-11-29,3.1,3.1,2.98,3.05,1.2,0.03,-1,554851,1691029.75
IFAP,2020-11-26,3.14,3.14,2.95,3.02,-4.91,-0.13,-1,786367,2370442.25
IFAP,2020-11-25,3.26,3.26,3.06,3.15,-4.23,-0.08,-1,1028069,3233490.25
IFAP,2020-11-24,3.27,3.27,3.15,3.23,0.57,0.04,-1,1366950,4407699
IFAP,2020-11-23,3.3,3.3,3.13,3.19,-3.63,-0.06,-1,1343209,4287750
IFAP,2020-11-22,3.32,3.32,3.15,3.25,1.73,0.1,-1,1830851,5958193
IFAP,2020-11-19,3.25,3.25,3,3.15,3.61,0.13,-1,4687812,14802020
IFAP,2020-11-18,3.08,3.08,2.96,3.02,0.61,0.04,-1,809345,2446386.25
IFAP,2020-11-17,3.02,3.02,2.95,2.98,-0.31,0.02,-1,619402,1847516.38
IFAP,2020-11-16,3.04,3.04,2.91,2.96,-0.61,-0.01,-1,801279,2376723.25
IFAP,2020-11-15,3.05,3.05,2.93,2.97,-3.86,-0.09,-1,750654,2232589
IFAP,2020-11-12,3.18,3.18,2.97,3.06,-1.78,0,-1,2387506,7314375
IFAP,2020-11-11,3.15,3.15,2.85,3.06,9.49,0.19,-1,4261045,13063489
IFAP,2020-11-10,2.94,2.94,2.82,2.87,-0.32,0.03,-1,831266,2388435.75
IFAP,2020-11-09,2.88,2.88,2.79,2.84,4.29,0.09,-1,1112155,3156243.75
IFAP,2020-11-08,2.8,2.8,2.68,2.75,-0.99,0,-1,803710,2213286.75
IFAP,2020-11-05,2.84,2.84,2.67,2.75,-3.25,-0.05,-1,1021041,2815508.25
IFAP,2020-11-04,2.84,2.84,2.76,2.8,2.34,0.08,-1,939081,2629362.75
IFAP,2020-11-03,2.79,2.79,2.64,2.72,-3.54,-0.11,-1,1607759,4370086
IFAP,2020-11-02,3.04,3.04,2.73,2.83,-9.61,-0.2,-1,1481168,4190681.5
IFAP,2020-11-01,3.09,3.09,2.95,3.03,-5.8,-0.11,-1,1042941,3155306.25
IFAP,2020-10-28,3.26,3.26,3.08,3.14,-2.29,-0.03,-1,1795549,5633503.5
IFAP,2020-10-27,3.27,3.27,3.09,3.17,4.08,0.05,-1,3328118,10572826
IFAP,2020-10-26,3.2,3.2,3.05,3.12,2.99,0.08,-1,1868737,5832311.5
IFAP,2020-10-25,3.15,3.15,2.86,3.04,-5.74,-0.29,-1,2830748,8606441
IFAP,2020-10-22,3.55,3.55,3.15,3.33,-9.9,-0.16,-1,4826807,16078706
IFAP,2020-10-21,3.55,3.55,3.27,3.49,3.66,0.26,-1,8526398,29772030
IFAP,2020-10-20,3.35,3.35,3.07,3.23,2.59,0.07,-1,841236,2712568.25
IFAP,2020-10-19,3.27,3.27,3.1,3.16,-4.2,-0.09,-1,495431,1567497
IFAP,2020-10-18,3.34,3.34,3.18,3.25,0.29,0.07,-1,579277,1881287.25
IFAP,2020-10-15,3.29,3.29,3.15,3.18,-3.07,-0.07,-1,78826,250671.2
IFAP,2020-10-14,3.32,3.32,3.18,3.25,1.73,0.1,-1,458142,1489893.88
IFAP,2020-10-13,3.21,3.21,3.11,3.15,0.28,-0.05,-1,443724,1399544.25
IFAP,2020-10-12,3.29,3.29,3.15,3.2,-3.89,-0.07,-1,931357,2976989.25
IFAP,2020-10-11,3.35,3.35,3.22,3.27,-1.37,-0.05,-1,368167,1205037.5
IFAP,2020-10-07,3.43,3.43,3.23,3.32,1.96,0.07,-1,1609480,5336556.5
IFAP,2020-10-06,3.32,3.32,3.19,3.25,2.29,0.07,-1,814228,2648798.5
IFAP,2020-10-05,3.3,3.3,3.08,3.18,-5.15,-0.17,-1,595701,1893139.25
IFAP,2020-10-04,3.45,3.45,3.28,3.35,0.27,0,-1,887366,2973807.75
IFAP,2020-10-01,3.41,3.41,3.32,3.35,-0.81,-0.03,-1,1198943,4014730.5
IFAP,2020-09-30,3.5,3.5,3.27,3.38,-1.88,-0.01,-1,1251692,4233841.5
IFAP,2020-09-29,3.55,3.55,3.29,3.39,-5.68,-0.13,-1,868131,2944258.75
IFAP,2020-09-28,3.73,3.73,3.39,3.52,-4.52,-0.1,-1,1573573,5532447.5
IFAP,2020-09-27,3.8,3.8,3.45,3.62,9.19,0.36,-1,4491907,16235072
IFAP,2020-09-24,3.35,3.35,3.08,3.26,4.29,0.08,-1,2439533,7954271.5
IFAP,2020-09-23,3.27,3.27,3.13,3.18,-1.43,0.01,-1,1002958,3193186
IFAP,2020-09-22,3.23,3.23,3.05,3.17,0.28,-0.05,-1,506549,1605646.38
IFAP,2020-09-21,3.36,3.36,3.05,3.22,-3.95,0,-1,1877029,6043268.5
IFAP,2020-09-20,3.3,3.3,3.13,3.22,4.39,0.11,-1,1108654,3565040.5
IFAP,2020-09-17,3.22,3.22,3.05,3.11,-3.42,-0.08,-1,638391,1983751
IFAP,2020-09-16,3.25,3.25,3.14,3.19,-1.42,-0.01,-1,721512,2300371
IFAP,2020-09-15,3.31,3.31,3.13,3.2,-2.78,-0.07,-1,1340188,4290001
IFAP,2020-09-14,3.45,3.45,3.14,3.27,-6.97,-0.12,-1,1356757,4444066.5
IFAP,2020-09-13,3.56,3.56,3.29,3.39,-1.06,-0.04,-1,727378,2465570
IFAP,2020-09-10,3.54,3.54,3.32,3.43,4.68,0.13,-1,1502799,5149864.5
IFAP,2020-09-09,3.41,3.41,3.19,3.3,-0.55,-0.02,-1,1499442,4954448
IFAP,2020-09-08,3.49,3.49,3.09,3.32,-1.66,0.04,-1,2688143,8927107
IFAP,2020-09-07,3.35,3.35,3.09,3.28,9.82,0.23,-1,4370061,14328328
IFAP,2020-09-06,3.14,3.14,3,3.05,-3.51,-0.06,-1,742141,2265480
IFAP,2020-09-03,3.22,3.22,2.99,3.11,1.21,0.1,-1,1415401,4394462.5
IFAP,2020-09-02,3.15,3.15,2.91,3.01,-3,-0.02,-1,1747039,5263580
IFAP,2020-09-01,3.12,3.12,2.89,3.03,-4.22,0.01,-1,910485,2755371.25
IFAP,2020-08-31,3.16,3.16,2.79,3.02,11.11,0.32,-1,2923350,8827874
IFAP,2020-08-30,2.77,2.77,2.63,2.7,3.44,0.05,-1,330568,892714.06
IFAP,2020-08-27,2.7,2.7,2.61,2.65,-0.34,0,-1,190456,503350
IFAP,2020-08-26,2.72,2.72,2.59,2.65,1.04,0.02,-1,219496,581676.94
IFAP,2020-08-25,2.71,2.71,2.56,2.63,-0.69,-0.02,-1,147505,387360.84
IFAP,2020-08-24,2.71,2.71,2.62,2.65,-2.69,-0.05,-1,72943,193180.36
IFAP,2020-08-23,2.73,2.73,2.65,2.7,4.21,0.11,-1,279778,756604.56
IFAP,2020-08-19,2.66,2.66,2.55,2.59,0.7,-0.01,-1,127210,329117.94
IFAP,2020-08-18,2.64,2.64,2.55,2.6,0,-0.03,-1,62370,162151.8
IFAP,2020-08-17,2.7,2.7,2.59,2.63,-1.72,-0.01,-1,97836,256862.63
IFAP,2020-08-16,2.72,2.72,2.59,2.64,-1.03,0,-1,359134,947151.56
IFAP,2020-08-13,2.66,2.66,2.61,2.64,-0.34,-0.01,-1,155937,411132.28
IFAP,2020-08-12,2.76,2.76,2.58,2.65,-4.7,-0.06,-1,184283,488298.34
IFAP,2020-08-11,2.79,2.79,2.6,2.71,5.3,0.14,-1,889492,2408072.25
IFAP,2020-08-10,2.63,2.63,2.55,2.57,-2.08,-0.06,-1,255178,656846.5
IFAP,2020-08-09,2.65,2.65,2.59,2.63,-1.04,0,-1,244940,642990.75
IFAP,2020-08-06,2.68,2.68,2.59,2.63,-3.39,-0.05,-1,149609,393370.84
IFAP,2020-08-05,2.76,2.76,2.64,2.68,-1.36,0,-1,354875,952699.25
IFAP,2020-08-04,2.75,2.75,2.6,2.68,1.4,0.08,-1,776894,2081115.38
IFAP,2020-07-29,2.64,2.64,2.53,2.6,4.38,0.11,-1,244200,633954.5
IFAP,2020-07-28,2.56,2.56,2.45,2.49,-0.71,-0.06,-1,183115,456636.88
IFAP,2020-07-27,2.62,2.62,2.5,2.55,2.97,0.1,-1,404951,1034695.69
IFAP,2020-07-26,2.51,2.51,2.32,2.45,9.96,0.17,-1,361046,884426.38
IFAP,2020-07-22,2.32,2.32,2.23,2.28,-1.59,0,-1,75812,173010.2
IFAP,2020-07-21,2.36,2.36,2.2,2.28,-0.8,0.02,-1,250368,572202.44
IFAP,2020-07-20,2.35,2.35,2.18,2.26,4.18,0.09,-1,198356,448729.97
IFAP,2020-07-19,2.31,2.31,2.12,2.17,-4.12,-0.04,-1,16665,36225.5
IFAP,2020-07-16,2.32,2.32,2.08,2.21,-1.64,-0.01,-1,248665,549050.81
IFAP,2020-07-15,2.48,2.48,2.15,2.22,-9.89,-0.17,-1,261966,580776.81
IFAP,2020-07-14,2.45,2.45,2.35,2.39,-3.3,-0.09,-1,52800,126384.06
IFAP,2020-07-13,2.55,2.55,2.46,2.48,-1.44,-0.04,-1,113882,282554.63
IFAP,2020-07-12,2.55,2.55,2.45,2.52,4.14,0.1,-1,153018,385354.7
IFAP,2020-07-09,2.51,2.51,2.35,2.42,-7.32,-0.19,-1,347985,842516.81
IFAP,2020-07-08,2.72,2.72,2.51,2.61,-2.38,-0.06,-1,172469,449432.41
IFAP,2020-07-07,2.77,2.77,2.58,2.67,2.47,0.1,-1,787904,2102550.75
IFAP,2020-07-06,2.66,2.66,2.51,2.57,-2.75,-0.08,-1,245208,631435.19
IFAP,2020-07-05,2.73,2.73,2.56,2.65,2.11,0.06,-1,479767,1270607.75
IFAP,2020-06-30,2.68,2.68,2.5,2.59,1.42,0.04,-1,448069,1159114.88
IFAP,2020-06-29,2.62,2.62,2.33,2.55,7.25,0.17,-1,1262969,3222364.25
IFAP,2020-06-28,2.44,2.44,2.29,2.38,3.15,0.07,-1,261459,622573.56
IFAP,2020-06-25,2.38,2.38,2.24,2.31,-4.15,-0.1,-1,146983,339379.03
IFAP,2020-06-24,2.49,2.49,2.33,2.41,2.71,0.06,-1,518332,1246895.88
IFAP,2020-06-23,2.37,2.37,2.28,2.35,-0.77,-0.01,-1,75823,177888.56
IFAP,2020-06-22,2.43,2.43,2.3,2.36,-1.52,-0.04,-1,121859,288335.28
IFAP,2020-06-21,2.45,2.45,2.34,2.4,2.72,0.06,-1,352784,847185
IFAP,2020-06-18,2.42,2.42,2.2,2.34,2.8,0.07,-1,596518,1394025.75
IFAP,2020-06-17,2.37,2.37,2.21,2.27,-4.21,-0.1,-1,328030,745612.88
IFAP,2020-06-16,2.46,2.46,2.27,2.37,2.76,0.06,-1,526767,1249897.25
IFAP,2020-06-15,2.35,2.35,2.1,2.31,7.63,0.16,-1,688688,1592096.88
IFAP,2020-06-14,2.27,2.27,2.01,2.15,-5.35,-0.06,-1,168246,361196.94
IFAP,2020-06-11,2.27,2.27,2.15,2.21,-3.95,-0.09,-1,411246,907469.25
IFAP,2020-06-10,2.38,2.38,2.19,2.3,2.04,0.07,-1,651800,1499728.38
IFAP,2020-06-09,2.25,2.25,2.15,2.23,8.89,0.18,-1,1142092,2543214.25
IFAP,2020-06-08,2.11,2.11,1.88,2.05,6.64,0.13,-1,548104,1122724.63
IFAP,2020-06-07,1.94,1.94,1.87,1.92,4.46,0.08,-1,112497,215810.06
IFAP,2020-06-04,1.87,1.87,1.82,1.83,2.185,0,-1,35036,64211.527
IFAP,2020-06-03,1.89,1.89,1.8,1.83,1.46,0.03,-1,63349,115978.383
IFAP,2020-06-02,1.85,1.85,1.8,1.8,0,0,-1,15264,28028.359
IFAP,2020-06-01,1.86,1.86,1.76,1.8,-1,-0.02,-1,47425,85594.141
IFAP,2020-05-31,1.85,1.85,1.79,1.82,3.56,0.06,-1,109969,200443.641
IFAP,2020-05-21,1.75,1.75,1.75,1.76,-0.826,0,-1,9350,16372
IFAP,2020-05-20,1.75,1.75,1.66,1.76,0,0,-1,13545,22946.098
IFAP,2020-05-19,1.81,1.81,1.75,1.76,0.31,0.01,-1,45813,80638.273
IFAP,2020-05-18,1.8,1.8,1.74,1.75,-1.036,0,-1,6215,10925
IFAP,2020-05-17,1.82,1.82,1.68,1.75,0,0,-1,15550,27092.08
IFAP,2020-05-14,1.83,1.83,1.71,1.75,0.52,0,-1,101350,178271.2
IFAP,2020-05-13,1.82,1.82,1.73,1.75,-3.03,-0.05,-1,54040,94143.14
IFAP,2020-05-12,1.84,1.84,1.77,1.8,4.21,0.07,-1,114072,205593.45
IFAP,2020-05-11,1.92,1.92,1.66,1.73,-4.52,-0.08,-1,76513,131965.77
IFAP,2020-05-10,1.98,1.98,1.75,1.81,-6.57,-0.13,-1,174378,315095.06
IFAP,2020-05-07,2.05,2.05,1.85,1.94,-2.294,-0.04,-1,162836,314575.63
IFAP,2020-05-06,2.04,2.04,1.93,1.98,4.81,0.09,-1,413267,818625.25
IFAP,2020-05-05,1.95,1.95,1.82,1.89,5.58,0.1,-1,343693,650589.94
IFAP,2020-05-04,1.84,1.84,1.75,1.79,-2.96,-0.06,-1,44869,80474.8
IFAP,2020-05-03,1.89,1.89,1.82,1.85,-2.87,-0.05,-1,87756,161763.86
IFAP,2020-04-30,1.94,1.94,1.87,1.9,-1.42,-0.03,-1,64491,122461.24
IFAP,2020-04-29,2,2,1.86,1.93,0,0.02,-1,317405,610705.13
IFAP,2020-04-28,1.93,1.93,1.86,1.91,0.96,0.02,-1,127950,244408.61
IFAP,2020-04-27,1.97,1.97,1.84,1.89,-5.45,-0.11,-1,110572,208800.2
IFAP,2020-04-26,2.05,2.05,1.95,2,4.76,0.09,-1,169021,337343.19
IFAP,2020-04-23,1.95,1.95,1.86,1.91,1.45,0.03,-1,197384,377551.06
IFAP,2020-04-22,1.91,1.91,1.78,1.88,1.97,0.03,-1,26730,50383.4
IFAP,2020-04-21,1.9,1.9,1.74,1.85,1,0.02,-1,17785,32742.7
IFAP,2020-04-16,1.9,1.9,1.77,1.82,-0.89,-0.02,-1,114950,209472.063
IFAP,2020-04-15,1.9,1.9,1.82,1.84,1.35,0.03,-1,77183,141957.703
IFAP,2020-04-14,1.92,1.92,1.78,1.81,4.532,0.02,-1,221021,401118.719
IFAP,2020-04-13,1.86,1.86,1.73,1.79,0.2,0.01,-1,101884,181895.969
IFAP,2020-04-12,1.79,1.79,1.65,1.78,0,0,-1,6797,11430.377
IFAP,2020-04-09,1.7,1.7,1.65,1.78,0,0,-1,17068,28646.787
IFAP,2020-04-08,1.82,1.82,1.74,1.78,2.24,0.04,-1,56863,101305.773
IFAP,2020-04-07,1.78,1.78,1.65,1.74,5.39,0.09,-1,57122,99560.711
IFAP,2020-04-06,1.65,1.65,1.6,1.65,0,0,-1,6543,10651.44
IFAP,2020-04-05,1.65,1.65,1.55,1.65,0.055,0,-1,5798,9078.1
IFAP,2020-04-01,1.72,1.72,1.64,1.65,-0.55,-0.01,-1,62997,104159.945
IFAP,2020-03-31,1.71,1.71,1.64,1.66,1.11,0.02,-1,73451,122162.844
IFAP,2020-03-30,1.7,1.7,1.59,1.64,-2.48,-0.05,-1,52594,86514.438
IFAP,2020-03-29,1.72,1.72,1.6,1.69,5.04,0.08,-1,96580,162877.906
IFAP,2020-03-26,1.63,1.63,1.57,1.61,7.121,0.09,-1,235769,378457.813
IFAP,2020-03-25,1.58,1.58,1.5,1.52,2.64,0.04,-1,62260,94561.063
IFAP,2020-03-24,1.55,1.55,1.45,1.48,4.76,0.07,-1,190561,281998.5
IFAP,2020-03-23,1.41,1.41,1.36,1.41,9.82,0.12,-1,309838,437666.688
IFAP,2020-03-22,1.31,1.31,1.26,1.29,8.35,0.1,-1,296161,380920.063
IFAP,2020-03-19,1.22,1.22,1,1.19,7.22,0.08,-1,282053,334756.5
IFAP,2020-03-18,1.24,1.24,1.08,1.11,-7.59,-0.09,-1,241313,267220.094
IFAP,2020-03-17,1.29,1.29,1.17,1.2,-8.09,-0.1,-1,345411,413889.5
IFAP,2020-03-16,1.41,1.41,1.3,1.3,-9.7,-0.14,-1,218590,284863.781
IFAP,2020-03-15,1.5,1.5,1.41,1.44,-7.67,-0.12,-1,221359,319498.063
IFAP,2020-03-11,1.6,1.6,1.5,1.56,3.61,0.05,-1,287810,448802.63
IFAP,2020-03-10,1.64,1.64,1.45,1.51,-5.65,-0.1,-1,269203,406702.31
IFAP,2020-03-09,1.74,1.74,1.6,1.61,-9.23,-0.16,-1,304566,491438.97
IFAP,2020-03-08,1.8,1.8,1.68,1.77,-3.47,-0.07,-1,196574,348066.25
IFAP,2020-03-05,1.86,1.86,1.82,1.84,3.06,0.06,-1,73700,135182
IFAP,2020-03-04,1.85,1.85,1.71,1.78,-2,-0.04,-1,79024,141162.05
IFAP,2020-03-03,1.87,1.87,1.76,1.82,2.56,0.05,-1,186072,338572.09
IFAP,2020-03-02,1.92,1.92,1.67,1.77,-4.41,-0.08,-1,182342,323545
IFAP,2020-03-01,1.92,1.92,1.84,1.85,-8.93,-0.19,-1,175403,324564.13
IFAP,2020-02-27,2.11,2.11,2,2.04,-2.61,-0.05,-1,189234,385681.19
IFAP,2020-02-26,2.14,2.14,2.04,2.09,3.6,0.07,-1,146288,305501.47
IFAP,2020-02-25,2.07,2.07,2,2.02,-1.33,-0.03,-1,138436,279398.88
IFAP,2020-02-24,2.13,2.13,2,2.05,-5.86,-0.12,-1,112961,231392.41
IFAP,2020-02-23,2.2,2.2,2.14,2.17,0.85,0.04,-1,171257,371490.66
IFAP,2020-02-20,2.17,2.17,2.11,2.13,0.43,0.01,-1,360528,768386.94
IFAP,2020-02-19,2.14,2.14,2.09,2.12,0.87,0.02,-1,53548,113457.45
IFAP,2020-02-18,2.14,2.14,2.06,2.1,-3.75,-0.08,-1,88912,186543.63
IFAP,2020-02-17,2.21,2.21,2.15,2.18,-2.44,-0.06,-1,75141,163923.59
IFAP,2020-02-16,2.26,2.26,2.18,2.24,2.07,0.05,-1,57437,128603.95
IFAP,2020-02-13,2.23,2.23,2.15,2.19,-0.82,-0.02,-1,108114,236965.55
IFAP,2020-02-12,2.24,2.24,2.18,2.21,-2.41,-0.05,-1,42460,93910
IFAP,2020-02-11,2.28,2.28,2.25,2.26,0,0,-1,95700,217008.86
IFAP,2020-02-10,2.27,2.27,2.25,2.26,-1.19,-0.03,-1,29150,65857
IFAP,2020-02-09,2.32,2.32,2.25,2.29,-0.4,-0.01,-1,42702,97846.4
IFAP,2020-02-06,2.32,2.32,2.27,2.3,0,0,-1,28600,65795.05
IFAP,2020-02-05,2.35,2.35,2.27,2.3,0.397,0.01,-1,45705,104984
IFAP,2020-02-04,2.36,2.36,2.26,2.29,0,0,-1,113174,258990.45
IFAP,2020-02-03,2.32,2.32,2.25,2.29,-3.45,-0.08,-1,57497,131610.31
IFAP,2020-02-02,2.44,2.44,2.29,2.37,2.76,0.06,-1,300295,711200.44
IFAP,2020-01-30,2.37,2.37,2.27,2.31,-1.93,-0.04,-1,85250,197217.02
IFAP,2020-01-29,2.39,2.39,2.31,2.35,3.19,0.07,-1,192233,453253
IFAP,2020-01-28,2.33,2.33,2.23,2.28,3.72,0.08,-1,343166,784525.19
IFAP,2020-01-27,2.24,2.24,2.18,2.2,0.83,0.02,-1,33704,74035.94
IFAP,2020-01-26,2.2,2.2,2.15,2.18,-1.64,-0.04,-1,46694,101804.08
IFAP,2020-01-23,2.26,2.26,2.17,2.22,1.67,0.04,-1,75079,166445.83
IFAP,2020-01-22,2.25,2.25,2.16,2.18,0.84,0.02,-1,29942,65332.45
IFAP,2020-01-21,2.19,2.19,2.15,2.16,-2.06,-0.05,-1,77920,168518.41
IFAP,2020-01-20,2.25,2.25,2.15,2.21,-2.02,-0.04,-1,32974,72822.6
IFAP,2020-01-19,2.3,2.3,2.2,2.25,-1.2,-0.03,-1,134534,302796.69
IFAP,2020-01-16,2.34,2.34,2.21,2.28,4.58,0.1,-1,342119,780352.75
IFAP,2020-01-15,2.19,2.19,2.15,2.18,-0.41,-0.01,-1,88989,193968.09
IFAP,2020-01-14,2.25,2.25,2.15,2.19,0.84,0.02,-1,60541,132818.31
IFAP,2020-01-13,2.23,2.23,2.15,2.17,-1.24,-0.03,-1,113102,245976.41
IFAP,2020-01-12,2.23,2.23,2.14,2.2,2.54,0.05,-1,138600,304514.09
IFAP,2020-01-09,2.18,2.18,2.09,2.15,2.61,0.06,-1,253267,543614.63
IFAP,2020-01-08,2.12,2.12,1.98,2.09,4.07,0.08,-1,73112,152688.88
IFAP,2020-01-06,2.05,2.05,1.93,2.01,-5.96,-0.13,-1,130415,262309.81
IFAP,2020-01-05,2.27,2.27,2.09,2.14,-7.84,-0.18,-1,320843,685742.81
IFAP,2020-01-02,2.4,2.4,2.18,2.32,2,0.05,-1,549736,1274525.88
IFAP,2019-12-31,2.28,2.28,2.25,2.27,-0.79,-0.02,-1,20294,46062.02
IFAP,2019-12-30,2.34,2.34,2.27,2.29,-1.18,-0.03,-1,85415,195523
IFAP,2019-12-29,2.35,2.35,2.29,2.32,0.79,0.02,-1,46420,107702
IFAP,2019-12-26,2.3,2.3,2.29,2.3,0,0,-1,1265,2908
IFAP,2019-12-25,2.31,2.31,2.28,2.3,-0.39,-0.01,-1,26224,60301.39
IFAP,2019-12-24,2.32,2.32,2.3,2.31,-1.55,-0.04,-1,19184,44326.2
IFAP,2019-12-23,2.37,2.37,2.3,2.35,-1.15,-0.02,-1,40226,94176.31
IFAP,2019-12-22,2.41,2.41,2.36,2.37,0.38,0.01,-1,65285,155193.34
IFAP,2019-12-19,2.39,2.39,2.34,2.36,0,-0.01,-1,65725,155537.31
IFAP,2019-12-18,2.4,2.4,2.34,2.37,2.35,0.05,-1,67452,159885.02
IFAP,2019-12-17,2.36,2.36,2.35,2.32,0,0,-1,11000,25932.5
IFAP,2019-12-16,2.36,2.36,2.29,2.32,-0.78,-0.02,-1,38817,89834.39
IFAP,2019-12-15,2.36,2.36,2.31,2.34,-1.15,-0.02,-1,21626,50454.1
IFAP,2019-12-12,2.42,2.42,2.32,2.36,-3.04,-0.03,-1,100155,236923.39
IFAP,2019-12-11,2.44,2.44,2.33,2.39,3.54,0.08,-1,207761,496411.09
IFAP,2019-12-10,2.35,2.35,2.27,2.31,1.2,0.03,-1,67595,156255.47
IFAP,2019-12-09,2.29,2.29,2.25,2.28,0,0,-1,6050,13740
IFAP,2019-12-08,2.34,2.34,2.27,2.28,-0.79,-0.02,-1,18901,43168.2
IFAP,2019-12-05,2.32,2.32,2.28,2.3,-1.17,-0.03,-1,28689,65865.94
IFAP,2019-12-04,2.36,2.36,2.3,2.33,2.81,0.07,-1,64472,150132.03
IFAP,2019-12-03,2.3,2.3,2.23,2.26,-0.4,-0.01,-1,60760,137489.52
IFAP,2019-12-02,2.42,2.42,2.23,2.27,-3.85,-0.09,-1,48216,109760.51
IFAP,2019-12-01,2.42,2.42,2.31,2.36,1.96,0.04,-1,305956,722006.63
IFAP,2019-11-28,2.34,2.34,2.29,2.32,0,0.03,-1,31048,71838
IFAP,2019-11-27,2.41,2.41,2.27,2.29,-3.08,-0.07,-1,85403,195441.52
IFAP,2019-11-26,2.43,2.43,2.3,2.36,-1.89,-0.05,-1,34573,81630.22
IFAP,2019-11-25,2.4,2.4,2.4,2.41,0,0,-1,2114,5074.08
IFAP,2019-11-24,2.41,2.41,2.4,2.41,-1.49,-0.04,-1,16885,40635.5
IFAP,2019-11-21,2.47,2.47,2.42,2.45,0.75,0.02,-1,63869,156287.48
IFAP,2019-11-20,2.47,2.47,2.39,2.43,0,0,-1,87831,213465.63
IFAP,2019-11-19,2.45,2.45,2.39,2.43,0,0,-1,69627,168765.23
IFAP,2019-11-18,2.45,2.45,2.4,2.43,-1.84,-0.04,-1,24860,60409.5
IFAP,2019-11-17,2.53,2.53,2.42,2.47,0,0,-1,11613,29155.61
IFAP,2019-11-14,2.51,2.51,2.46,2.47,-1.09,-0.03,-1,56761,140485.7
IFAP,2019-11-13,2.53,2.53,2.47,2.5,-1.79,-0.05,-1,155925,389571.63
IFAP,2019-11-12,2.58,2.58,2.51,2.55,0.36,0.01,-1,89632,228315.23
IFAP,2019-11-11,2.55,2.55,2.51,2.54,-0.71,-0.01,-1,105730,268086.19
IFAP,2019-11-07,2.57,2.57,2.52,2.55,2.19,0.06,-1,197330,504711.31
IFAP,2019-11-06,2.51,2.51,2.48,2.49,-1.79,-0.05,-1,62049,154740.22
IFAP,2019-11-05,2.55,2.55,2.5,2.54,0.36,0.01,-1,201773,510923.94
IFAP,2019-11-04,2.57,2.57,2.5,2.53,0.36,0.01,-1,154583,391136.7
IFAP,2019-11-03,2.58,2.58,2.5,2.52,0,0,-1,87705,220908.38
IFAP,2019-10-31,2.56,2.56,2.5,2.52,-0.72,-0.02,-1,179861,453616.84
IFAP,2019-10-30,2.57,2.57,2.51,2.54,-1.41,-0.03,-1,97757,247711.08
IFAP,2019-10-29,2.61,2.61,2.55,2.57,-0.35,-0.01,-1,282700,728472.94
IFAP,2019-10-28,2.64,2.64,2.55,2.58,0,0,-1,236669,610952.88
IFAP,2019-10-27,2.66,2.66,2.53,2.58,2.16,0.05,-1,943487,2435687.25
IFAP,2019-10-24,2.56,2.56,2.48,2.53,3.73,0.09,-1,234167,592079.19
IFAP,2019-10-23,2.46,2.46,2.41,2.44,-1.83,-0.04,-1,56982,139043.34
IFAP,2019-10-22,2.53,2.53,2.45,2.48,0,0,-1,134882,334451.66
IFAP,2019-10-21,2.5,2.5,2.45,2.48,-0.36,-0.01,-1,57155,141889.27
IFAP,2019-10-20,2.55,2.55,2.46,2.49,-1.44,-0.04,-1,147448,366976.91
IFAP,2019-10-17,2.59,2.59,2.47,2.53,0.36,0.01,-1,111175,280753.59
IFAP,2019-10-16,2.55,2.55,2.49,2.52,0,0,-1,35346,89091.42
IFAP,2019-10-15,2.57,2.57,2.46,2.52,0.73,0.02,-1,90852,228547.56
IFAP,2019-10-14,2.59,2.59,2.47,2.5,-2.14,-0.05,-1,112365,281264.03
IFAP,2019-10-13,2.6,2.6,2.49,2.55,1.81,0.04,-1,195830,500382.38
IFAP,2019-10-10,2.55,2.55,2.46,2.51,1.845,0.05,-1,66338,166672.88
IFAP,2019-10-09,2.54,2.54,2.41,2.46,-0.37,-0.01,-1,68111,167599.11
IFAP,2019-10-08,2.59,2.59,2.41,2.47,-0.73,-0.02,-1,285276,706615.63
IFAP,2019-10-07,2.55,2.55,2.45,2.49,0.37,0.01,-1,83243,207529.73
IFAP,2019-10-03,2.52,2.52,2.37,2.48,1.49,0.03,-1,222181,551653.94
IFAP,2019-10-02,2.53,2.53,2.36,2.45,-3.93,-0.1,-1,261701,638802.88
IFAP,2019-10-01,2.64,2.64,2.5,2.55,0.72,0.02,-1,204161,519800.25
IFAP,2019-09-30,2.6,2.6,2.49,2.53,-1.068,-0.02,-1,37736,95349.42
IFAP,2019-09-29,2.62,2.62,2.47,2.55,6.44,0.15,-1,218634,558471.56
IFAP,2019-09-26,2.46,2.46,2.27,2.4,9.72,0.15,-1,534163,1283365.88
IFAP,2019-09-25,2.32,2.32,2.13,2.25,6.01,0.13,-1,293687,659111.75
IFAP,2019-09-24,2.27,2.27,2.06,2.12,-6.43,-0.14,-1,204428,432951.09
IFAP,2019-09-23,2.4,2.4,2.21,2.26,-7.43,-0.19,-1,365847,828366.75
IFAP,2019-09-22,2.63,2.63,2.42,2.45,-8.81,-0.23,-1,779977,1908948.25
IFAP,2019-09-19,2.73,2.73,2.63,2.68,-0.34,-0.01,-1,278982,748736.56
IFAP,2019-09-18,2.73,2.73,2.65,2.69,-2.31,-0.06,-1,441840,1188407.5
IFAP,2019-09-17,2.9,2.9,2.61,2.75,-1.62,-0.05,-1,660332,1817592.25
IFAP,2019-09-16,2.86,2.86,2.73,2.8,-0.65,-0.02,-1,279220,782397.44
IFAP,2019-09-15,2.9,2.9,2.76,2.82,-1.9,-0.05,-1,177626,500399.5
IFAP,2019-09-12,2.92,2.92,2.83,2.87,0.32,0.01,-1,389626,1118644.38
IFAP,2019-09-11,2.94,2.94,2.8,2.86,-1.254,-0.04,-1,499112,1428565.63
IFAP,2019-09-10,2.98,2.98,2.83,2.9,3.24,0.09,-1,792660,2296841.25
IFAP,2019-09-09,2.86,2.86,2.72,2.81,2.32,0.06,-1,816868,2298352.5
IFAP,2019-09-08,2.78,2.78,2.72,2.75,3.07,0.09,-1,283028,777086
IFAP,2019-09-05,2.7,2.7,2.65,2.66,1.03,0.02,-1,177733,473501.88
IFAP,2019-09-04,2.68,2.68,2.61,2.64,-1.69,-0.04,-1,149622,394441.63
IFAP,2019-09-03,2.75,2.75,2.64,2.68,0.34,0.01,-1,78041,209056.19
IFAP,2019-09-02,2.73,2.73,2.64,2.67,-0.68,-0.02,-1,216269,578180.38
IFAP,2019-09-01,2.73,2.73,2.65,2.69,-0.67,-0.02,-1,124293,334187
IFAP,2019-08-29,2.78,2.78,2.65,2.71,-2.3,-0.06,-1,174337,472050.31
IFAP,2019-08-28,2.86,2.86,2.71,2.77,4.81,0.12,-1,409715,1136447.63
IFAP,2019-08-27,2.73,2.73,2.6,2.65,0.69,0.02,-1,102850,272073.91
IFAP,2019-08-26,2.68,2.68,2.6,2.63,-1.365,-0.03,-1,35145,92454.11
IFAP,2019-08-25,2.74,2.74,2.59,2.66,-1.68,-0.05,-1,166320,442759.94
IFAP,2019-08-22,2.73,2.73,2.67,2.71,0,0,-1,46090,124808.85
IFAP,2019-08-21,2.75,2.75,2.66,2.71,-0.67,-0.02,-1,152535,412726.97
IFAP,2019-08-20,2.78,2.78,2.66,2.73,3.45,0.09,-1,324480,886123.38
IFAP,2019-08-19,2.69,2.69,2.59,2.64,1.75,0.05,-1,235061,619119.94
IFAP,2019-08-18,2.66,2.66,2.56,2.59,-0.7,-0.02,-1,159839,413421.5
IFAP,2019-08-15,2.65,2.65,2.6,2.61,-2.05,-0.05,-1,53772,140434.73
IFAP,2019-08-14,2.72,2.72,2.55,2.66,5.02,0.12,-1,265518,707402.75
IFAP,2019-08-08,2.57,2.57,2.5,2.54,1.82,0.05,-1,106081,269479.22
IFAP,2019-08-07,2.52,2.52,2.45,2.49,3.79,0.09,-1,136620,339718.91
IFAP,2019-08-06,2.42,2.42,2.37,2.4,0,0,-1,44550,106832
IFAP,2019-08-05,2.44,2.44,2.36,2.4,-1.86,-0.05,-1,99559,238568.52
IFAP,2019-08-04,2.5,2.5,2.4,2.45,0.75,0.02,-1,69443,169722.86
IFAP,2019-08-01,2.47,2.47,2.38,2.43,-1.48,-0.03,-1,31144,75727.71
IFAP,2019-07-31,2.48,2.48,2.42,2.46,-0.73,-0.02,-1,65915,162168.27
IFAP,2019-07-30,2.51,2.51,2.42,2.48,0.74,0.02,-1,510470,1265036.13
IFAP,2019-07-29,2.48,2.48,2.45,2.46,-1.09,-0.03,-1,63632,156566.91
IFAP,2019-07-28,2.56,2.56,2.46,2.49,0.37,0.01,-1,121607,302914.09
IFAP,2019-07-25,2.52,2.52,2.45,2.48,0,0,-1,163963,406669.29
IFAP,2019-07-24,2.55,2.55,2.45,2.48,-0.37,0,-1,248457,616824.38
IFAP,2019-07-22,2.54,2.54,2.41,2.48,2.25,0.05,-1,361429,896526.81
IFAP,2019-07-21,2.45,2.45,2.38,2.43,1.14,0.03,-1,79417,192594.63
IFAP,2019-07-18,2.43,2.43,2.35,2.4,2.33,0.05,-1,142841,342574.81
IFAP,2019-07-17,2.39,2.39,2.28,2.35,-0.39,0,-1,94468,221167.41
IFAP,2019-07-16,2.42,2.42,2.29,2.35,0.78,0.01,-1,61600,144880.25
IFAP,2019-07-15,2.41,2.41,2.22,2.34,0.39,0.01,-1,98281,229844.45
IFAP,2019-07-14,2.45,2.45,2.25,2.33,-1.92,-0.04,-1,125342,291423.31
IFAP,2019-07-11,2.45,2.45,2.35,2.37,-0.382,-0.01,-1,129864,307980.63
IFAP,2019-07-10,2.42,2.42,2.33,2.38,-2.6,-0.07,-1,134269,319822.16
IFAP,2019-07-09,2.5,2.5,2.41,2.45,0.37,0.01,-1,160600,392274.56
IFAP,2019-07-08,2.47,2.47,2.4,2.44,-0.37,-0.01,-1,123812,301198.44
IFAP,2019-07-07,2.54,2.54,2.43,2.45,-1.84,-0.02,-1,39277,96109.16
IFAP,2019-07-04,2.51,2.51,2.42,2.47,-2.86,-0.08,-1,102126,252261.72
IFAP,2019-07-03,2.56,2.56,2.52,2.55,0.36,0.01,-1,62590,159449
IFAP,2019-07-02,2.55,2.55,2.52,2.54,-1.06,-0.02,-1,20343,51593.32
IFAP,2019-06-27,2.6,2.6,2.55,2.56,0,0,-1,50718,130230.81
IFAP,2019-06-26,2.59,2.59,2.45,2.56,5.22,0.12,-1,318058,814211
IFAP,2019-06-25,2.47,2.47,2.38,2.44,-1.11,-0.02,-1,196389,478778.84
IFAP,2019-06-24,2.57,2.57,2.42,2.46,-2.87,-0.08,-1,74812,184389.16
IFAP,2019-06-23,2.58,2.58,2.51,2.54,1.09,0.03,-1,18996,48180.03
IFAP,2019-06-20,2.54,2.54,2.48,2.51,-2.47,-0.06,-1,49851,125106.41
IFAP,2019-06-19,2.62,2.62,2.51,2.57,0.35,0.01,-1,39600,101792
IFAP,2019-06-18,2.59,2.59,2.55,2.56,-1.4,-0.04,-1,73007,187354.36
IFAP,2019-06-17,2.64,2.64,2.57,2.6,-1.39,-0.01,-1,104610,271655.88
IFAP,2019-06-16,2.64,2.64,2.59,2.61,-0.35,-0.01,-1,121165,315948.63
IFAP,2019-06-13,2.72,2.72,2.58,2.62,-2.37,-0.06,-1,460270,1205190.25
IFAP,2019-06-12,2.73,2.73,2.65,2.68,-1.67,-0.05,-1,25439,68130.75
IFAP,2019-06-11,2.79,2.79,2.67,2.73,-1.34,0.02,-1,253680,692302
IFAP,2019-06-10,2.76,2.76,2.61,2.71,2.41,0.06,-1,323701,876731.71
IFAP,2019-06-09,2.68,2.68,2.57,2.65,4.68,0.12,-1,150594,398585.53
IFAP,2019-06-03,2.56,2.56,2.51,2.53,1.09,0.03,-1,53900,136058
IFAP,2019-06-02,2.53,2.53,2.48,2.5,-2.14,-0.05,-1,23069,57608
IFAP,2019-05-30,2.57,2.57,2.53,2.55,-1.4,-0.04,-1,92062,235071.8
IFAP,2019-05-29,2.66,2.66,2.57,2.59,-1.38,-0.04,-1,176381,457749.38
IFAP,2019-05-28,2.67,2.67,2.55,2.63,1.38,-0.01,-1,262514,690169.5
IFAP,2019-05-27,2.68,2.68,2.56,2.64,1.05,0.03,-1,59525,156894.34
IFAP,2019-05-26,2.65,2.65,2.54,2.61,1.41,0.04,-1,251889,657096.5
IFAP,2019-05-23,2.62,2.62,2.54,2.57,2.17,0.05,-1,143395,369494.22
IFAP,2019-05-22,2.62,2.62,2.5,2.52,1.47,0.04,-1,53742,135195.53
IFAP,2019-05-21,2.58,2.58,2.45,2.48,2.25,0.05,-1,165985,412444.5
IFAP,2019-05-20,2.51,2.51,2.34,2.43,-2.55,-0.06,-1,335335,812680.75
IFAP,2019-05-19,2.59,2.59,2.42,2.49,-4.53,-0.12,-1,251351,626067.06
IFAP,2019-05-16,2.69,2.69,2.55,2.61,-4.01,-0.11,-1,79328,206721.56
IFAP,2019-05-15,2.81,2.81,2.6,2.72,1.36,0.04,-1,63779,173391.78
IFAP,2019-05-14,2.76,2.76,2.63,2.68,1.37,0.03,-1,97426,261625.77
IFAP,2019-05-13,2.82,2.82,2.47,2.65,3.19,0.09,-1,254540,674233.88
IFAP,2019-05-12,2.67,2.67,2.56,2.56,0,0,-1,3908,10072.29
IFAP,2019-05-09,2.66,2.66,2.42,2.56,0.36,0.01,-1,110580,283747.56
IFAP,2019-05-08,2.62,2.62,2.5,2.55,-7.87,-0.22,-1,307497,784378.63
IFAP,2019-05-07,2.87,2.87,2.73,2.77,-2.87,-0.08,-1,145974,404814.09
IFAP,2019-05-06,2.91,2.91,2.81,2.85,-3.68,-0.11,-1,100641,286840.66
IFAP,2019-05-05,3.03,3.03,2.92,2.96,-2.69,-0.09,-1,116632,346028.38
IFAP,2019-05-02,3.09,3.09,3,3.05,-0.59,-0.01,-1,178503,543707.25
IFAP,2019-04-30,3.14,3.14,3.05,3.06,-3.16,-0.1,-1,336541,1030868.88
IFAP,2019-04-24,3.21,3.21,3.05,3.16,0.87,0.02,-1,402244,1271803.75
IFAP,2019-04-23,3.24,3.24,3.07,3.14,-2.27,-0.07,-1,268532,842653.25
IFAP,2019-04-22,3.25,3.25,3.17,3.21,1.15,0.04,-1,828203,2656035.75
IFAP,2019-04-21,3.23,3.23,3.09,3.17,3.53,0.08,-1,869981,2758319.75
IFAP,2019-04-18,3.12,3.12,3.07,3.09,0.29,0.01,-1,693679,2142974
IFAP,2019-04-17,3.11,3.11,3.04,3.08,-0.29,-0.01,-1,402615,1239166.63
IFAP,2019-04-16,3.14,3.14,3.05,3.09,3.01,0.07,-1,2665897,8236268.5
IFAP,2019-04-15,3.05,3.05,2.97,3.02,0.91,0.03,-1,247786,748576.38
IFAP,2019-04-14,3.05,3.05,2.95,2.99,0.3,0,-1,240738,720826.19
IFAP,2019-04-11,3.05,3.05,2.94,2.99,-0.9,-0.03,-1,73271,219132.59
IFAP,2019-04-10,3.06,3.06,2.93,3.02,2.15,0.07,-1,264554,798093.38
IFAP,2019-04-09,3,3,2.89,2.95,-0.61,-0.02,-1,231220,682303.63
IFAP,2019-04-08,3.07,3.07,2.9,2.97,0,0,-1,400558,1192056.5
IFAP,2019-04-07,3.04,3.04,2.85,2.97,3.48,0.1,-1,746153,2217999.25
IFAP,2019-04-04,2.91,2.91,2.85,2.87,0.32,0.01,-1,34129,97923.63
IFAP,2019-04-03,2.93,2.93,2.85,2.86,-2.17,-0.07,-1,102813,294845.75
IFAP,2019-04-02,2.99,2.99,2.87,2.93,1.58,0.05,-1,249634,731737.19
IFAP,2019-04-01,2.91,2.91,2.85,2.88,-0.31,-0.01,-1,76530,220684.48
IFAP,2019-03-31,2.93,2.93,2.85,2.89,-0.63,-0.02,-1,116359,336836.91
IFAP,2019-03-28,2.94,2.94,2.85,2.91,0.63,0.02,-1,99726,289921.72
IFAP,2019-03-27,2.97,2.97,2.84,2.89,-3.05,-0.09,-1,285225,824691.25
IFAP,2019-03-26,3.06,3.06,2.91,2.98,2.5,0.07,-1,250025,744769.38
IFAP,2019-03-25,2.99,2.99,2.86,2.91,-3.61,-0.11,-1,135938,394885.38
IFAP,2019-03-24,3.05,3.05,2.99,3.02,0.91,0.03,-1,107900,325224.25
IFAP,2019-03-21,3.03,3.03,2.96,2.99,-0.3,-0.01,-1,137187,410421.59
IFAP,2019-03-20,3.05,3.05,2.94,3,-2.98,-0.05,-1,154581,463593.88
IFAP,2019-03-19,3.15,3.15,2.77,3.05,0.3,0,-1,454489,1387846.5
IFAP,2019-03-18,3.09,3.09,3.03,3.05,-1.76,-0.05,-1,145815,444716.41
IFAP,2019-03-17,3.15,3.15,3.07,3.1,-0.29,-0.02,-1,286200,887147.69
IFAP,2019-03-14,3.2,3.2,3.06,3.12,-3.11,-0.1,-1,331838,1034243.75
IFAP,2019-03-13,3.26,3.26,3.17,3.22,0.85,0.03,-1,1361219,4378679
IFAP,2019-03-12,3.23,3.23,3.17,3.19,-0.28,-0.01,-1,152240,485148.66
IFAP,2019-03-11,3.26,3.26,3.17,3.2,-0.56,-0.02,-1,384344,1229606.63
IFAP,2019-03-10,3.27,3.27,3.19,3.22,0.57,0.02,-1,225522,725632.63
IFAP,2019-03-07,3.24,3.24,3.18,3.2,0.28,0.01,-1,163224,522110.84
IFAP,2019-03-06,3.27,3.27,3.15,3.19,-1.13,-0.04,-1,170280,542753.63
IFAP,2019-03-05,3.28,3.28,3.16,3.23,0.85,0.03,-1,150242,485067.5
IFAP,2019-03-04,3.27,3.27,3.14,3.2,-0.56,-0.02,-1,191139,611921.56
IFAP,2019-03-03,3.3,3.3,3.15,3.22,0.57,0.02,-1,295418,949385.06
IFAP,2019-02-28,3.29,3.29,3.14,3.2,-3.83,-0.13,-1,312222,997850.38
IFAP,2019-02-27,3.4,3.4,3.27,3.33,-0.54,-0.02,-1,441055,1468174
IFAP,2019-02-26,3.41,3.41,3.18,3.35,4.25,0.14,-1,1568399,5245514.5
IFAP,2019-02-25,3.23,3.23,3.15,3.21,0.28,0.01,-1,200610,643379.13
IFAP,2019-02-24,3.27,3.27,3.15,3.2,0,0,-1,600810,1920231.13
IFAP,2019-02-21,3.29,3.29,3.18,3.2,-2.22,-0.07,-1,190521,609635.31
IFAP,2019-02-20,3.35,3.35,3.21,3.27,-0.28,-0.01,-1,562579,1840561
IFAP,2019-02-19,3.35,3.35,3.21,3.28,1.69,0.05,-1,613492,2012947.5
IFAP,2019-02-18,3.3,3.3,3.15,3.23,-1.114,-0.03,-1,504628,1627735.5
IFAP,2019-02-17,3.3,3.3,3.24,3.26,-1.92,-0.06,-1,369640,1207182.63
IFAP,2019-02-14,3.38,3.38,3.26,3.32,0,0,-1,436389,1447995.38
IFAP,2019-02-13,3.45,3.45,3,3.32,1.96,0.07,-1,1730867,5739612.5
IFAP,2019-02-12,3.31,3.31,3.2,3.25,-0.83,-0.03,-1,363000,1180927.5
IFAP,2019-02-11,3.35,3.35,3.2,3.28,1.98,0.06,-1,562405,1847327.25
IFAP,2019-02-10,3.24,3.24,3.2,3.22,-0.28,-0.01,-1,59741,192466.75
IFAP,2019-02-07,3.33,3.33,3.2,3.23,-1.93,-0.06,-1,262483,847835.56
IFAP,2019-02-06,3.35,3.35,3.15,3.29,4.62,0.14,-1,1363209,4481070
IFAP,2019-02-05,3.19,3.19,3.11,3.15,-0.57,-0.01,-1,118088,371745.09
IFAP,2019-02-04,3.23,3.23,3.14,3.16,-1.42,-0.05,-1,75427,238753.16
IFAP,2019-02-03,3.25,3.25,3.17,3.21,0.57,0.02,-1,226698,728138.94
IFAP,2019-01-31,3.25,3.25,3.12,3.19,3.85,0.12,-1,387932,1238074.75
IFAP,2019-01-30,3.11,3.11,3.05,3.07,0,0,-1,70275,215913.31
IFAP,2019-01-29,3.13,3.13,3.04,3.07,0.9,0.02,-1,47234,145249.28
IFAP,2019-01-28,3.09,3.09,3.03,3.05,-0.89,-0.02,-1,56555,172208.48
IFAP,2019-01-27,3.14,3.14,3.03,3.07,-1.77,-0.01,-1,52743,161982.73
IFAP,2019-01-23,3.14,3.14,3.05,3.08,-1.739,-0.06,-1,78238,241020.5
IFAP,2019-01-22,3.21,3.21,3.05,3.14,4.545,0.14,-1,333191,1044898.13
IFAP,2019-01-21,3.05,3.05,2.95,3,-2.65,-0.08,-1,107221,321191.41
IFAP,2019-01-20,3.11,3.11,3.05,3.08,-0.59,-0.02,-1,66825,205811.91
IFAP,2019-01-17,3.14,3.14,3.07,3.1,0,0,-1,50130,155377.98
IFAP,2019-01-16,3.13,3.13,3.06,3.1,-1.16,-0.04,-1,59481,184123.59
IFAP,2019-01-15,3.19,3.19,3.07,3.14,1.47,0.05,-1,182871,573764.19
IFAP,2019-01-14,3.12,3.12,3.05,3.09,-2.3,-0.07,-1,71723,221617.08
IFAP,2019-01-13,3.22,3.22,3.1,3.16,-0.85,-0.03,-1,212967,673210.69
IFAP,2019-01-10,3.27,3.27,3.15,3.19,-1.4,-0.05,-1,201876,644079.25
IFAP,2019-01-09,3.27,3.27,3.12,3.24,0.56,0.02,-1,250727,811696.56
IFAP,2019-01-08,3.3,3.3,3.18,3.22,-0.28,-0.01,-1,142133,457242.41
IFAP,2019-01-06,3.27,3.27,3.17,3.23,1.14,0.04,-1,344923,1112337.88
IFAP,2019-01-03,3.25,3.25,3.11,3.19,2.63,0.08,-1,309977,988743.44
IFAP,2019-01-02,3.17,3.17,3.09,3.11,0.29,0.01,-1,79970,248866.05
IFAP,2018-12-31,3.15,3.15,3.07,3.1,0.59,0.02,-1,40698,125994.01
IFAP,2018-12-30,3.14,3.14,3.07,3.08,-1.17,-0.04,-1,23192,71454.76
IFAP,2018-12-27,3.17,3.17,3.07,3.12,0.29,0.01,-1,120637,375740.06
IFAP,2018-12-26,3.17,3.17,3.06,3.11,2.09,0.06,-1,72380,225243
IFAP,2018-12-25,3.11,3.11,3,3.05,-0.89,-0.02,-1,89742,272955.97
IFAP,2018-12-24,3.13,3.13,3.01,3.07,-1.46,-0.05,-1,110987,340635.59
IFAP,2018-12-23,3.16,3.16,3.09,3.12,-1.15,-0.03,-1,147543,459807.66
IFAP,2018-12-20,3.2,3.2,3.15,3.15,-3.34,-0.11,-1,46750,147414
IFAP,2018-12-19,3.31,3.31,3.18,3.26,0.84,0.02,-1,302764,987531.19
IFAP,2018-12-18,3.32,3.32,3.18,3.24,1.42,0.05,-1,396620,1282942.75
IFAP,2018-12-17,3.26,3.26,3.1,3.19,6.36,0.19,-1,658770,2101957.25
IFAP,2018-12-16,3.1,3.1,2.79,3,5.1,0.15,-1,815169,2443620
IFAP,2018-12-13,2.91,2.91,2.84,2.85,-0.63,-0.02,-1,185790,530397.31
IFAP,2018-12-12,2.92,2.92,2.82,2.87,0.96,0.02,-1,295433,847816.81
IFAP,2018-12-11,2.89,2.89,2.83,2.85,0.97,0.03,-1,227334,647437.63
IFAP,2018-12-10,2.9,2.9,2.73,2.82,5.08,0.14,-1,273117,769565.81
IFAP,2018-12-09,2.75,2.75,2.57,2.68,-3.3,-0.07,-1,138245,370137.03
IFAP,2018-12-06,2.95,2.95,2.69,2.75,-4.72,-0.14,-1,333020,917139.75
IFAP,2018-12-05,2.94,2.94,2.83,2.89,0.63,0.02,-1,31569,91203.63
IFAP,2018-12-04,2.95,2.95,2.82,2.87,-1.23,-0.08,-1,134026,385045.25
IFAP,2018-12-03,3.11,3.11,2.84,2.95,-4.69,-0.15,-1,191357,564704.44
IFAP,2018-12-02,3.18,3.18,3.04,3.1,-0.58,-0.02,-1,222741,690416.25
IFAP,2018-11-29,3.18,3.18,3.09,3.12,-3.38,-0.11,-1,23200,72345.28
IFAP,2018-11-28,3.29,3.29,3.14,3.23,0.28,0.01,-1,174040,561326.19
IFAP,2018-11-27,3.27,3.27,3.08,3.22,5.04,0.16,-1,516606,1662821.75
IFAP,2018-11-26,3.09,3.09,3.02,3.06,-0.88,-0.03,-1,156827,479852.16
IFAP,2018-11-25,3.18,3.18,3.01,3.09,-3.68,-0.12,-1,237589,734419.06
IFAP,2018-11-22,3.28,3.28,3.15,3.21,0,0,-1,355196,1139978.88
IFAP,2018-11-21,3.25,3.25,3.16,3.21,-2.22,-0.07,-1,224942,721151.25
IFAP,2018-11-19,3.38,3.38,3.21,3.28,1.4,0.04,-1,649579,2134520.25
IFAP,2018-11-18,3.31,3.31,3.12,3.24,2.299,0.08,-1,230530,745621.56
IFAP,2018-11-15,3.23,3.23,3.1,3.16,-0.571,-0.02,-1,310016,979811.5
IFAP,2018-11-14,3.23,3.23,3.15,3.18,-1.41,-0.05,-1,184424,587026.44
IFAP,2018-11-13,3.36,3.36,3.15,3.23,-5.08,-0.17,-1,512299,1654287.88
IFAP,2018-11-12,3.54,3.54,3.32,3.4,-0.27,-0.01,-1,640944,2176825.75
IFAP,2018-11-11,3.46,3.46,3.29,3.41,5.04,0.16,-1,832289,2835853
IFAP,2018-11-08,3.3,3.3,3.18,3.25,1.42,0.05,-1,790860,2569196.75
IFAP,2018-11-07,3.26,3.26,3.15,3.2,-1.4,-0.05,-1,545388,1744069.38
IFAP,2018-11-06,3.31,3.31,3.18,3.25,1.42,0.05,-1,367921,1193749
IFAP,2018-11-05,3.27,3.27,3.03,3.2,4.76,0.15,-1,1101273,3520239.25
IFAP,2018-11-04,3.11,3.11,3,3.05,0.3,0,-1,136283,416153.38
IFAP,2018-11-01,3.14,3.14,2.98,3.05,-1.47,-0.04,-1,432598,1317479
IFAP,2018-10-31,3.17,3.17,3.01,3.09,1.49,0.04,-1,421111,1301255.13
IFAP,2018-10-30,3.14,3.14,3,3.05,-1.76,-0.05,-1,512915,1562559.75
IFAP,2018-10-29,3.18,3.18,2.95,3.1,2.71,0.08,-1,755365,2339216
IFAP,2018-10-28,3.09,3.09,2.85,3.02,6.07,0.17,-1,512193,1545230.5
IFAP,2018-10-25,2.93,2.93,2.75,2.85,0,-0.08,-1,335645,956192.13
IFAP,2018-10-24,3.11,3.11,2.83,2.93,-3.3,-0.1,-1,503711,1475436.63
IFAP,2018-10-23,3.05,3.05,2.87,3.03,8.824,0.25,-1,1449623,4384533
IFAP,2018-10-22,3.05,3.05,2.55,2.78,0,0,-1,3336661,9281181
IFAP,2018-10-21,2.82,2.82,2.69,2.78,0,0,-1,124511,346673.97
IFAP,2018-10-18,2.86,2.86,2.75,2.78,-2.548,-0.07,-1,305252,849411.06
IFAP,2018-10-17,2.92,2.92,2.83,2.85,-1.57,-0.05,-1,161534,461095.28
IFAP,2018-10-16,2.94,2.94,2.79,2.9,3.57,0.1,-1,501760,1453726.75
IFAP,2018-10-15,2.87,2.87,2.74,2.8,-2.53,-0.07,-1,371953,1041660.06
IFAP,2018-10-14,2.97,2.97,2.78,2.87,5.33,0.14,-1,547184,1570551.5
IFAP,2018-10-11,2.85,2.85,2.5,2.73,4.9,0.13,-1,1349568,3678364.75
IFAP,2018-10-10,2.65,2.65,2.52,2.6,4.76,0.12,-1,447236,1162480.63
IFAP,2018-10-09,2.56,2.56,2.35,2.48,5,0.12,-1,886707,2204213.75
IFAP,2018-10-08,2.48,2.48,2.19,2.36,6.83,0.1,-1,532610,1260468.5
IFAP,2018-10-04,2.35,2.35,2.19,2.26,-3.11,-0.08,-1,466568,1057143.75
IFAP,2018-10-03,2.39,2.39,2.26,2.34,1.98,0.05,-1,267697,626137.44
IFAP,2018-10-02,2.32,2.32,2.23,2.29,0,0,-1,135680,310598.16
IFAP,2018-10-01,2.33,2.33,2.27,2.29,-2.7,-0.06,-1,75804,173409.09
IFAP,2018-09-30,2.43,2.43,2.3,2.35,0.78,0.01,-1,462054,1088499.38
IFAP,2018-09-27,2.41,2.41,2.26,2.34,0,0,-1,468494,1096695.63
IFAP,2018-09-26,2.38,2.38,2.25,2.34,5.33,0.12,-1,577687,1351146.75
IFAP,2018-09-25,2.28,2.28,2.11,2.22,6.55,0.14,-1,493673,1093508.88
IFAP,2018-09-24,2.14,2.14,2.04,2.08,2.23,0.04,-1,557669,1162242.25
IFAP,2018-09-23,2.15,2.15,1.91,2.04,1.36,0.03,-1,387031,787065.63
IFAP,2018-09-20,2.22,2.22,1.96,2.01,-7.53,-0.16,-1,517171,1037901.63
IFAP,2018-09-19,2.28,2.28,2.16,2.17,-9.47,-0.23,-1,465737,1011846.56
IFAP,2018-09-18,2.55,2.55,2.22,2.4,-1.49,-0.04,-1,394989,946469.88
IFAP,2018-09-17,2.5,2.5,2.32,2.44,-1.47,-0.03,-1,187904,457199.78
IFAP,2018-09-16,2.64,2.64,2.4,2.47,-7.17,-0.19,-1,294590,729480.69
IFAP,2018-09-13,2.73,2.73,2.61,2.66,-1.35,-0.04,-1,304453,810798.13
IFAP,2018-09-12,2.76,2.76,2.64,2.7,-2.62,-0.07,-1,476581,1288111.5
IFAP,2018-09-10,2.81,2.81,2.75,2.77,-0.97,-0.03,-1,214622,595025.44
IFAP,2018-09-09,2.85,2.85,2.79,2.8,-0.65,-0.02,-1,48921,137167
IFAP,2018-09-06,2.86,2.86,2.78,2.82,0,0,-1,360120,1013600.44
IFAP,2018-09-05,2.87,2.87,2.8,2.82,-1.59,-0.04,-1,355834,1004213.56
IFAP,2018-09-04,2.91,2.91,2.82,2.86,-0.32,0.03,-1,466970,1339196.88
IFAP,2018-09-03,2.86,2.86,2.81,2.83,0.32,0.01,-1,240380,680326
IFAP,2018-09-02,2.88,2.88,2.77,2.82,-0.96,-0.03,-1,294807,830363.38
IFAP,2018-08-30,2.87,2.87,2.82,2.85,-1.57,-0.04,-1,406627,1157882.13
IFAP,2018-08-29,2.94,2.94,2.85,2.89,2.25,0.06,-1,630322,1823200.13
IFAP,2018-08-28,2.88,2.88,2.8,2.83,2.3,0.07,-1,476413,1348545.75
IFAP,2018-08-27,2.81,2.81,2.73,2.76,-1.62,-0.05,-1,361901,1001726.75
IFAP,2018-08-26,2.85,2.85,2.78,2.81,-1.28,-0.04,-1,396795,1114553.75
IFAP,2018-08-19,2.91,2.91,2.74,2.85,1.95,0.06,-1,1080434,3072524.5
IFAP,2018-08-16,2.83,2.83,2.76,2.79,0.33,0.01,-1,192056,535890.81
IFAP,2018-08-15,2.83,2.83,2.74,2.78,0.66,0.02,-1,356362,992575.13
IFAP,2018-08-14,2.85,2.85,2.69,2.76,-2.25,-0.07,-1,440556,1216124.13
IFAP,2018-08-13,2.94,2.94,2.71,2.83,-2.81,-0.08,-1,1008632,2855381.25
IFAP,2018-08-12,2.99,2.99,2.85,2.91,-3.9,-0.12,-1,1034196,3009444.5
IFAP,2018-08-09,3.14,3.14,2.97,3.03,0,0,-1,1242300,3761943
IFAP,2018-08-08,3.08,3.08,2.84,3.03,7.77,0.22,-1,2628428,7955451
IFAP,2018-08-07,2.89,2.89,2.78,2.81,0,0,-1,546931,1538488.75
IFAP,2018-08-06,2.86,2.86,2.75,2.81,0,0,-1,562449,1578840.25
IFAP,2018-08-05,2.88,2.88,2.65,2.81,4.75,0.13,-1,987565,2771279.25
IFAP,2018-08-02,2.75,2.75,2.65,2.68,-1.67,-0.05,-1,488758,1312124.88
IFAP,2018-08-01,2.78,2.78,2.68,2.73,1.35,0.04,-1,301212,820434.44
IFAP,2018-07-31,2.75,2.75,2.6,2.69,1.37,0.04,-1,357770,963100.31
IFAP,2018-07-30,2.68,2.68,2.62,2.65,-2.67,-0.08,-1,150235,399215.31
IFAP,2018-07-29,2.79,2.79,2.65,2.73,3.09,0.08,-1,249523,681141.31
IFAP,2018-07-26,2.73,2.73,2.56,2.65,-5.52,-0.15,-1,451319,1192918.38
IFAP,2018-07-25,2.88,2.88,2.69,2.8,-2.91,-0.01,-1,801969,2247307.5
IFAP,2018-07-24,2.85,2.85,2.77,2.81,-0.64,-0.02,-1,259842,728984.5
IFAP,2018-07-22,2.87,2.87,2.8,2.83,-0.64,-0.01,-1,155503,439441.66
IFAP,2018-07-19,2.88,2.88,2.81,2.84,-1.58,-0.04,-1,215975,612070.88
IFAP,2018-07-18,2.93,2.93,2.84,2.88,1.93,0.05,-1,256523,740128.88
IFAP,2018-07-17,2.91,2.91,2.79,2.83,-1.89,-0.05,-1,333302,940934.75
IFAP,2018-07-16,2.93,2.93,2.84,2.88,-1.55,-0.05,-1,370821,1068780.63
IFAP,2018-07-15,2.98,2.98,2.87,2.93,-0.62,-0.02,-1,358239,1048853.25
IFAP,2018-07-12,2.99,2.99,2.92,2.95,-1.22,-0.03,-1,378855,1116138.38
IFAP,2018-07-11,3.05,3.05,2.95,2.98,0.31,0.01,-1,296756,884761.25
IFAP,2018-07-10,3.02,3.02,2.9,2.97,3.15,0.09,-1,443479,1316544.13
IFAP,2018-07-09,2.94,2.94,2.79,2.88,-2.16,-0.07,-1,531187,1532384
IFAP,2018-07-08,3.14,3.14,2.83,2.95,-4.71,-0.14,-1,451504,1329640.63
IFAP,2018-07-05,3.12,3.12,3.07,3.09,-1.73,-0.06,-1,261851,809369.25
IFAP,2018-07-04,3.22,3.22,3.09,3.15,0.29,0.01,-1,643929,2024341.5
IFAP,2018-07-03,3.18,3.18,3.07,3.14,0.58,0.02,-1,607378,1904781.63
IFAP,2018-07-02,3.16,3.16,3.04,3.12,2.39,0.07,-1,439266,1367852.75
IFAP,2018-06-28,3.13,3.13,3.02,3.05,-1.18,-0.03,-1,734718,2237857.75
IFAP,2018-06-27,3.15,3.15,3.04,3.08,-0.59,-0.02,-1,608996,1874735.75
IFAP,2018-06-26,3.17,3.17,3.01,3.1,-2.85,-0.09,-1,672874,2083230.38
IFAP,2018-06-25,3.28,3.28,3.1,3.19,0.86,0.03,-1,1675180,5350504.5
IFAP,2018-06-24,3.22,3.22,3.11,3.16,4.82,0.14,-1,1190746,3770750.75
IFAP,2018-06-21,3.11,3.11,2.92,3.02,3.75,0.11,-1,1626748,4913000
IFAP,2018-06-20,2.95,2.95,2.86,2.91,0,0,-1,438075,1274134.25
IFAP,2018-06-19,2.98,2.98,2.89,2.91,-2.14,-0.06,-1,586616,1708019.88
IFAP,2018-06-14,3.01,3.01,2.95,2.97,-2.1,-0.07,-1,203651,605804.56
IFAP,2018-06-13,3.07,3.07,2.99,3.04,0.91,0.03,-1,337347,1024408.94
IFAP,2018-06-12,3.05,3.05,2.92,3.01,3.45,0.11,-1,718691,2161671.25
IFAP,2018-06-11,3,3,2.82,2.9,0.31,-0.01,-1,307190,890905.75
IFAP,2018-06-10,2.96,2.96,2.84,2.91,5.19,0.11,-1,363964,1059853.63
IFAP,2018-06-07,2.93,2.93,2.73,2.8,-5.81,-0.17,-1,554052,1553487.88
IFAP,2018-06-06,3.24,3.24,2.85,2.97,-5.76,-0.18,-1,832101,2477316
IFAP,2018-06-05,3.24,3.24,3.05,3.15,-4.41,-0.15,-1,454231,1430899
IFAP,2018-06-04,3.45,3.45,3.13,3.3,-3.2,-0.11,-1,753403,2486498
IFAP,2018-06-03,3.47,3.47,3.36,3.41,2.46,0.08,-1,530426,1807970
IFAP,2018-05-31,3.43,3.43,3.25,3.33,-2.92,-0.1,-1,638396,2122408.25
IFAP,2018-05-30,3.52,3.52,3.37,3.43,-3.58,-0.12,-1,733388,2510670.25
IFAP,2018-05-29,3.67,3.67,3.48,3.55,-3.69,-0.14,-1,1120807,3988179.75
IFAP,2018-05-28,3.78,3.78,3.56,3.69,-1.48,0.01,-1,1170241,4314940.5
IFAP,2018-05-27,3.76,3.76,3.64,3.68,-0.74,-0.02,-1,849763,3132434
IFAP,2018-05-24,3.82,3.82,3.62,3.7,2.78,0.1,-1,1634800,6047527.5
IFAP,2018-05-23,3.7,3.7,3.36,3.6,7.03,0.24,-1,3337302,12027239
IFAP,2018-05-22,3.45,3.45,3.24,3.36,3.35,0.11,-1,1096571,3688523.5
IFAP,2018-05-21,3.31,3.31,3.2,3.25,1.13,0.03,-1,223637,728354.94
IFAP,2018-05-20,3.33,3.33,3.17,3.22,-1.39,-0.04,-1,360768,1161433.75
IFAP,2018-05-17,3.32,3.32,3.22,3.26,-1.91,-0.07,-1,324258,1057337
IFAP,2018-05-16,3.4,3.4,3.26,3.33,-2.66,-0.09,-1,549977,1831568.63
IFAP,2018-05-15,3.5,3.5,3.33,3.42,-0.27,-0.01,-1,832653,2844462.25
IFAP,2018-05-14,3.51,3.51,3.33,3.43,1.34,0.05,-1,1379227,4731513.5
IFAP,2018-05-13,3.47,3.47,3.25,3.38,5.08,0.16,-1,1679665,5686075.5
IFAP,2018-05-10,3.3,3.3,3.12,3.22,-1.67,-0.05,-1,1134085,3647207
IFAP,2018-05-09,3.48,3.48,3.07,3.27,0.56,0.02,-1,2234084,7315711.5
IFAP,2018-05-08,3.36,3.36,3.18,3.25,-1.38,-0.05,-1,498928,1625310.75
IFAP,2018-05-07,3.36,3.36,3.27,3.3,-3.2,-0.11,-1,445022,1468591
IFAP,2018-05-06,3.54,3.54,3.27,3.41,-1.32,-0.04,-1,1243946,4243491
IFAP,2018-05-03,3.58,3.58,3.36,3.45,4.68,0.15,-1,2213252,7642286.5
IFAP,2018-05-02,3.42,3.42,2.8,3.3,6.14,0.19,-1,2579939,8516735
IFAP,2018-04-30,3.17,3.17,3.06,3.11,-2.6,-0.04,-1,458677,1424170.13
IFAP,2018-04-29,3.2,3.2,3.1,3.15,1.76,0.06,-1,527196,1657981.25
IFAP,2018-04-26,3.15,3.15,3.06,3.09,-1.16,-0.04,-1,477511,1474142.38
IFAP,2018-04-24,3.19,3.19,3.09,3.13,-1.71,-0.05,-1,555251,1737936.25
IFAP,2018-04-23,3.26,3.26,3.13,3.18,1.45,0.04,-1,782802,2492709.75
IFAP,2018-04-22,3.17,3.17,3.11,3.14,-1.15,-0.03,-1,226959,711981.38
IFAP,2018-04-19,3.24,3.24,3.11,3.17,-1.41,-0.05,-1,947958,3005434.75
IFAP,2018-04-18,3.35,3.35,3.12,3.22,-1.67,-0.05,-1,1350924,4342194.5
IFAP,2018-04-17,3.34,3.34,3.18,3.27,1.41,0.04,-1,1933166,6322865
IFAP,2018-04-16,3.27,3.27,3.15,3.23,0.85,0.03,-1,859910,2776684
IFAP,2018-04-15,3.31,3.31,3.15,3.2,2.03,0.07,-1,1601593,5128851
IFAP,2018-04-12,3.26,3.26,2.89,3.13,2.69,0.08,-1,1320946,4126144.5
IFAP,2018-04-11,3.13,3.13,2.93,3.05,-1.47,-0.04,-1,346712,1056100.13
IFAP,2018-04-10,3.15,3.15,3.05,3.09,-1.73,-0.06,-1,379673,1173319
IFAP,2018-04-05,3.24,3.24,3.09,3.15,-2.54,-0.08,-1,477654,1502638.75
IFAP,2018-04-04,3.36,3.36,3.11,3.23,-1.93,-0.06,-1,765086,2469432.25
IFAP,2018-04-03,3.37,3.37,3.25,3.29,0.56,0.02,-1,598566,1971547.13
IFAP,2018-04-02,3.36,3.36,3.18,3.27,1.98,0.06,-1,890204,2911779
IFAP,2018-04-01,3.29,3.29,3.15,3.21,0.57,0.02,-1,783804,2513061
IFAP,2018-03-29,3.28,3.28,3.15,3.19,0,0,-1,818200,2614243.5
IFAP,2018-03-28,3.26,3.26,3.12,3.19,-2.23,-0.07,-1,647867,2066725.75
IFAP,2018-03-27,3.32,3.32,3.23,3.26,-1.37,-0.05,-1,548642,1792844.63
IFAP,2018-03-26,3.43,3.43,3.24,3.31,2.25,0.07,-1,832470,2755296.75
IFAP,2018-03-25,3.44,3.44,3.05,3.24,1.14,0.04,-1,1125936,3640960.5
IFAP,2018-03-22,3.27,3.27,3.12,3.2,-1.12,-0.04,-1,739468,2363713.25
IFAP,2018-03-21,3.36,3.36,3.15,3.24,-3.78,-0.12,-1,982034,3178791.5
IFAP,2018-03-20,3.45,3.45,3.27,3.36,0.27,0.01,-1,670352,2255785.75
IFAP,2018-03-19,3.48,3.48,3.27,3.35,-4.65,-0.17,-1,861466,2892205.5
IFAP,2018-03-18,3.65,3.65,3.41,3.52,-3.01,-0.11,-1,1465760,5152563.5
IFAP,2018-03-15,3.71,3.71,3.56,3.63,-2.44,-0.09,-1,946509,3434918.5
IFAP,2018-03-14,3.89,3.89,3.61,3.72,-1.68,-0.06,-1,1311550,4878637
IFAP,2018-03-13,3.88,3.88,3.73,3.78,-1.65,-0.07,-1,1159441,4389036
IFAP,2018-03-12,4.02,4.02,3.78,3.85,-3.65,-0.13,-1,1294394,4982715
IFAP,2018-03-11,4.15,4.15,3.9,3.98,-0.23,-0.01,-1,1426579,5677082
IFAP,2018-03-08,4.14,4.14,3.85,3.99,-1.37,0.01,-1,2226682,8880584
IFAP,2018-03-07,4.15,4.15,3.82,3.98,-5.19,-0.22,-1,797913,3175378
IFAP,2018-03-06,4.38,4.38,4.07,4.2,0.43,0.02,-1,1532650,6439896.5
IFAP,2018-03-05,4.34,4.34,4.07,4.18,-2.13,-0.09,-1,1106654,4625972.5
IFAP,2018-03-04,4.36,4.36,4.2,4.27,-1.67,-0.08,-1,473485,2021830.75
IFAP,2018-03-01,4.53,4.53,4.18,4.35,-4.66,-0.14,-1,533359,2318009.75
IFAP,2018-02-28,4.64,4.64,4.37,4.49,4.44,0.19,-1,1222881,5491047.5
IFAP,2018-02-27,4.42,4.42,3.95,4.3,15.44,0.47,-1,1707778,7336558
IFAP,2018-02-26,4.02,4.02,3.64,3.83,4.73,0.18,-1,2249339,8601379
IFAP,2018-02-25,3.77,3.77,3.6,3.65,-3.17,-0.08,-1,523141,1913494.38
IFAP,2018-02-22,3.84,3.84,3.66,3.73,-1.68,-0.06,-1,421970,1574210.25
IFAP,2018-02-21,3.95,3.95,3.59,3.79,1.46,0.05,-1,1516272,5746964.5
IFAP,2018-02-20,3.98,3.98,3.66,3.74,-3.29,-0.12,-1,1150609,4294335.5
IFAP,2018-02-19,4.04,4.04,3.73,3.86,-2.5,-0.14,-1,1459391,5639455
IFAP,2018-02-18,4.26,4.26,3.87,4,2.33,0.09,-1,1344185,5381957
IFAP,2018-02-15,4.08,4.08,3.55,3.91,9.78,0.19,-1,1241317,4851824.5
IFAP,2018-02-14,4.11,4.11,3.42,3.72,-0.73,-0.03,-1,1178932,4386934
IFAP,2018-02-13,3.75,3.75,3.59,3.75,9.87,0.34,-1,789655,2956076.25
IFAP,2018-02-12,3.46,3.46,3.18,3.41,8.07,0.26,-1,823230,2804013.75
IFAP,2018-02-11,3.24,3.24,3.02,3.15,5.15,0.15,-1,756906,2386718.75
IFAP,2018-02-08,3.26,3.26,2.89,3,-5.4,-0.2,-1,1457271,4374872
IFAP,2018-02-07,3.24,3.24,2.96,3.2,8.64,0.25,-1,2927267,9362971
IFAP,2018-02-06,2.98,2.98,2.57,2.95,8.36,0.23,-1,2646004,7804871.5
IFAP,2018-02-05,2.75,2.75,2.54,2.72,8.73,0.22,-1,2107975,5730571.5
IFAP,2018-02-04,2.55,2.55,2.38,2.5,3.38,0.08,-1,1721705,4307372.5
IFAP,2018-02-01,2.46,2.46,2.29,2.42,4.72,0.11,-1,1207158,2923792.75
IFAP,2018-01-31,2.38,2.38,2.2,2.31,-3.44,-0.07,-1,1273023,2938586
IFAP,2018-01-30,2.45,2.45,2.32,2.38,4.38,0.1,-1,3184808,7578719.5
IFAP,2018-01-29,2.33,2.33,2.09,2.28,7.73,0.16,-1,2307888,5267185
IFAP,2018-01-28,2.15,2.15,2.08,2.12,3.06,0.04,-1,157355,333742.59
IFAP,2018-01-24,2.13,2.13,2.05,2.08,-0.43,-0.01,-1,122113,253963.47
IFAP,2018-01-23,2.12,2.12,2.06,2.09,2.22,0.04,-1,140947,294171.38
IFAP,2018-01-22,2.14,2.14,2.01,2.05,-3.85,-0.08,-1,153744,314393.03
IFAP,2018-01-21,2.18,2.18,2.09,2.13,-3.36,-0.03,-1,190505,405883.34
IFAP,2018-01-18,2.23,2.23,2.14,2.16,0,0,-1,191518,415059.31
IFAP,2018-01-17,2.2,2.2,2.13,2.16,-0.83,-0.02,-1,33468,72512.89
IFAP,2018-01-16,2.22,2.22,2.12,2.18,-0.83,-0.02,-1,94728,206772.92
IFAP,2018-01-15,2.25,2.25,2.12,2.2,-2.92,0.02,-1,178508,391943.41
IFAP,2018-01-14,2.23,2.23,2.13,2.18,2.56,0.05,-1,335452,732563.5
IFAP,2018-01-11,2.15,2.15,2.09,2.13,0.86,0.02,-1,54601,116323.34
IFAP,2018-01-10,2.16,2.16,2.04,2.11,5.8,0.07,-1,256395,539852.13
IFAP,2018-01-09,2.06,2.06,2.02,2.04,0.45,0.01,-1,102627,209438.2
IFAP,2018-01-08,2.08,2.08,2,2.03,-1.76,-0.03,-1,230401,466960.13
IFAP,2018-01-04,2.07,2.07,2.05,2.06,-0.87,-0.02,-1,51737,106536.5
IFAP,2018-01-03,2.09,2.09,2.04,2.08,0.88,0.02,-1,40600,84528.06
IFAP,2018-01-02,2.08,2.08,2.04,2.06,1.34,0.02,-1,86067,178001.41
IFAP,2017-12-31,2.09,2.09,2.01,2.04,-2.2,-0.02,-1,197270,401866.59
IFAP,2017-12-28,2.09,2.09,2.05,2.06,-1.3,-0.03,-1,76207,156965.3
IFAP,2017-12-27,2.1,2.1,2.07,2.09,-0.43,-0.01,-1,51882,108324
IFAP,2017-12-26,2.13,2.13,2.09,2.1,1.32,0.03,-1,19910,41740
IFAP,2017-12-25,2.09,2.09,2.07,2.07,-0.87,-0.02,-1,59277,123098.64
IFAP,2017-12-24,2.11,2.11,2.07,2.09,-1.3,0,-1,61668,128665.2
IFAP,2017-12-21,2.13,2.13,2.09,2.1,-1.7,-0.04,-1,88713,186105.41
IFAP,2017-12-20,2.16,2.16,2.12,2.14,0.43,0.01,-1,43363,92761.73
IFAP,2017-12-19,2.15,2.15,2.12,2.13,-1.68,-0.03,-1,81659,174080.55
IFAP,2017-12-18,2.18,2.18,2.13,2.16,0.42,0.01,-1,127001,274474.53
IFAP,2017-12-17,2.19,2.19,2.12,2.15,0.42,0,-1,238098,513999.06
IFAP,2017-12-14,2.18,2.18,2.09,2.15,0,0,-1,393553,843689.19
IFAP,2017-12-13,2.17,2.17,2.12,2.15,-0.84,-0.01,-1,123233,264139.13
IFAP,2017-12-12,2.18,2.18,2.15,2.16,1.71,0.03,-1,202475,438864.75
IFAP,2017-12-11,2.16,2.16,2.09,2.13,0.85,-0.01,-1,193395,411860.44
IFAP,2017-12-10,2.19,2.19,2.09,2.14,0.86,0.02,-1,170221,363279.75
IFAP,2017-12-07,2.2,2.2,2.07,2.12,-2.92,-0.06,-1,332544,705200.06
IFAP,2017-12-06,2.24,2.24,2.15,2.18,-0.83,-0.02,-1,170799,372711.94
IFAP,2017-12-05,2.24,2.24,2.19,2.2,0,0,-1,153835,338878.72
IFAP,2017-12-04,2.25,2.25,2.18,2.2,-2.02,-0.05,-1,180895,397795.69
IFAP,2017-12-03,2.27,2.27,2.2,2.25,1.65,0.04,-1,286099,641548.94
IFAP,2017-11-29,2.3,2.3,2.18,2.21,-1.22,-0.03,-1,174389,385011.63
IFAP,2017-11-28,2.27,2.27,2.15,2.24,3.36,0.08,-1,545225,1218208.75
IFAP,2017-11-27,2.19,2.19,2.09,2.16,1.28,0.02,-1,317365,685902.75
IFAP,2017-11-26,2.15,2.15,2.09,2.14,-0.84,-0.01,-1,202403,431981.44
IFAP,2017-11-23,2.21,2.21,2.12,2.15,2.6,0.05,-1,563413,1215401.75
IFAP,2017-11-22,2.14,2.14,2.05,2.1,2.21,0.05,-1,218775,459542.63
IFAP,2017-11-21,2.09,2.09,1.99,2.05,2.26,0.04,-1,233585,479536.84
IFAP,2017-11-20,2.07,2.07,1.97,2.01,-2.21,-0.04,-1,293555,590719.94
IFAP,2017-11-19,2.14,2.14,2,2.05,-0.44,-0.01,-1,289814,596352.88
IFAP,2017-11-16,2.11,2.11,2.02,2.06,-2.16,-0.05,-1,214542,443475.22
IFAP,2017-11-15,2.15,2.15,2.09,2.11,-0.43,-0.01,-1,149549,315930.94
IFAP,2017-11-14,2.15,2.15,2.1,2.12,-0.85,-0.02,-1,343949,729694.69
IFAP,2017-11-13,2.21,2.21,2.1,2.14,-2.08,-0.04,-1,228669,488719.78
IFAP,2017-11-12,2.25,2.25,2.16,2.18,-1.23,-0.03,-1,277767,607248.5
IFAP,2017-11-09,2.25,2.25,2.19,2.21,-0.82,-0.02,-1,274872,605995.19
IFAP,2017-11-08,2.27,2.27,2.19,2.23,0,0.04,-1,686727,1529488.88
IFAP,2017-11-07,2.25,2.25,2.17,2.19,-2.82,-0.06,-1,824284,1808048.13
IFAP,2017-11-06,2.36,2.36,2.16,2.25,-1.2,-0.03,-1,621105,1399682.63
IFAP,2017-11-05,2.36,2.36,2.25,2.28,-1.95,-0.05,-1,416809,949794.5
IFAP,2017-11-02,2.38,2.38,2.27,2.33,-3.03,-0.07,-1,771770,1798061.5
IFAP,2017-11-01,2.47,2.47,2.36,2.4,-1.86,-0.05,-1,426257,1024048.75
IFAP,2017-10-31,2.53,2.53,2.29,2.45,4.74,0.15,-1,1681936,4116625.25
IFAP,2017-10-30,2.34,2.34,2.27,2.3,-0.39,-0.01,-1,117856,271346.44
IFAP,2017-10-29,2.32,2.32,2.28,2.31,0.79,0.02,-1,212224,489294.78
IFAP,2017-10-26,2.35,2.35,2.25,2.29,0.8,0.02,-1,413026,946880.38
IFAP,2017-10-25,2.33,2.33,2.19,2.27,0.81,0.02,-1,209491,475392.06
IFAP,2017-10-24,2.35,2.35,2.22,2.25,-3.13,-0.08,-1,529566,1196003.13
IFAP,2017-10-23,2.4,2.4,2.27,2.33,-2.29,-0.05,-1,734238,1705593.88
IFAP,2017-10-22,2.47,2.47,2.32,2.38,0,0,-1,910879,2166708.75
IFAP,2017-10-19,2.48,2.48,2.35,2.38,-2.96,-0.07,-1,820058,1956224.25
IFAP,2017-10-18,2.57,2.57,2.38,2.45,1.89,0.04,-1,1355275,3329411.25
IFAP,2017-10-17,2.45,2.45,2.29,2.41,3.52,0.08,-1,517440,1245115.75
IFAP,2017-10-16,2.41,2.41,2.22,2.33,-4.12,-0.1,-1,805595,1871805.25
IFAP,2017-10-15,2.5,2.5,2.37,2.43,-0.74,-0.02,-1,764541,1853741
IFAP,2017-10-12,2.55,2.55,2.39,2.45,-0.37,0,-1,883685,2163766.5
IFAP,2017-10-11,2.5,2.5,2.34,2.45,7.2,0.18,-1,3343891,8217902.5
IFAP,2017-10-10,2.33,2.33,2.11,2.27,9.87,0.15,-1,1628279,3707725.25
IFAP,2017-10-09,2.2,2.2,2.09,2.12,-2.1,-0.04,-1,490183,1040195
IFAP,2017-10-08,2.22,2.22,2.13,2.16,2.15,0.04,-1,542105,1173509.75
IFAP,2017-10-04,2.18,2.18,2.05,2.12,3.07,0.05,-1,485533,1027693.25
IFAP,2017-10-03,2.15,2.15,2,2.07,-3.8,-0.08,-1,333266,691324.06
IFAP,2017-10-02,2.25,2.25,2.09,2.15,-4.17,-0.03,-1,965106,2081754.63
IFAP,2017-10-01,2.24,2.24,1.97,2.18,7.14,0.14,-1,1423169,3102213.5
IFAP,2017-09-28,2.1,2.1,1.97,2.04,-2.24,0.01,-1,1339414,2727948
IFAP,2017-09-27,2.08,2.08,1.85,2.03,6.7,0.13,-1,1488387,3011028.25
IFAP,2017-09-26,1.95,1.95,1.84,1.9,-2.79,-0.05,-1,481766,915559.94
IFAP,2017-09-25,2,2,1.92,1.95,-0.46,-0.01,-1,447591,875320.94
IFAP,2017-09-24,2.03,2.03,1.88,1.96,5.37,0.1,-1,801647,1577523.63
IFAP,2017-09-20,1.91,1.91,1.8,1.86,0.99,0.01,-1,653358,1218413.38
IFAP,2017-09-19,1.87,1.87,1.81,1.85,5.18,0.1,-1,563336,1039951.81
IFAP,2017-09-18,1.79,1.79,1.73,1.75,-2.03,-0.04,-1,408065,716352
IFAP,2017-09-17,1.83,1.83,1.76,1.79,0,0,-1,70628,126512.93
IFAP,2017-09-14,1.8,1.8,1.76,1.79,1.03,0.02,-1,146554,262365.25
IFAP,2017-09-13,1.83,1.83,1.75,1.77,-1.52,-0.03,-1,279938,497392.66
IFAP,2017-09-12,1.83,1.83,1.78,1.8,0,0,-1,140635,252861.81
IFAP,2017-09-11,1.84,1.84,1.77,1.8,1.02,0.02,-1,406998,731725
IFAP,2017-09-10,1.84,1.84,1.74,1.78,-2,-0.04,-1,423223,753160.06
IFAP,2017-09-07,1.86,1.86,1.77,1.82,-0.99,-0.02,-1,360228,654377
IFAP,2017-09-06,1.88,1.88,1.77,1.84,-0.49,-0.01,-1,277800,509737.34
IFAP,2017-09-05,1.9,1.9,1.77,1.85,4.64,0.09,-1,657271,1215383.13
IFAP,2017-08-30,1.82,1.82,1.68,1.76,2.11,0.03,-1,693569,1223289.5
IFAP,2017-08-29,1.75,1.75,1.71,1.73,0.53,0.01,-1,122122,210808.06
IFAP,2017-08-28,1.75,1.75,1.7,1.72,-0.53,-0.01,-1,219174,375873.72
IFAP,2017-08-27,1.76,1.76,1.71,1.73,-1.55,-0.02,-1,286499,493757.31
IFAP,2017-08-24,1.79,1.79,1.7,1.75,0,0,-1,347947,610586.75
IFAP,2017-08-23,1.79,1.79,1.68,1.75,4.32,0.07,-1,1028031,1801011
IFAP,2017-08-22,1.71,1.71,1.66,1.68,-0.54,-0.01,-1,201702,339141.47
IFAP,2017-08-21,1.74,1.74,1.65,1.69,-1.06,-0.02,-1,335282,566690.38
IFAP,2017-08-20,1.76,1.76,1.67,1.71,-2.08,-0.04,-1,382853,655063.44
IFAP,2017-08-17,1.83,1.83,1.71,1.75,-4,-0.07,-1,394580,688515.81
IFAP,2017-08-16,1.86,1.86,1.75,1.82,2.04,0.04,-1,606965,1104829.13
IFAP,2017-08-15,1.85,1.85,1.75,1.78,-4.39,-0.08,-1,488679,871986.19
IFAP,2017-08-14,1.94,1.94,1.8,1.86,1.49,0.02,-1,610490,1138500.38
IFAP,2017-08-13,1.95,1.95,1.75,1.84,-2.42,-0.04,-1,537426,988610.88
IFAP,2017-08-10,1.95,1.95,1.85,1.88,-6.33,-0.13,-1,1129005,2126370.75
IFAP,2017-08-09,2.13,2.13,1.93,2.01,2.31,0.05,-1,1386475,2785755.5
IFAP,2017-08-08,2.07,2.07,1.82,1.96,3.85,0.07,-1,3717085,7290752.5
IFAP,2017-08-07,1.94,1.94,1.86,1.89,-2.35,-0.05,-1,261570,494811.19
IFAP,2017-08-06,2.02,2.02,1.86,1.94,-4.05,-0.08,-1,252080,487286.31
IFAP,2017-08-03,2.06,2.06,1.95,2.02,7.25,0.14,-1,1064313,2151223.25
IFAP,2017-08-02,1.93,1.93,1.77,1.88,7.25,0.13,-1,2702894,5081771.5
IFAP,2017-08-01,1.77,1.77,1.65,1.75,8.43,0.13,-1,1826077,3210057.75
IFAP,2017-07-31,1.66,1.66,1.55,1.62,6.59,0.1,-1,2499316,4038976.25
IFAP,2017-07-30,1.63,1.63,1.45,1.52,2.45,0.04,-1,3559107,5402412.5
IFAP,2017-07-27,1.53,1.53,1.46,1.48,-3.55,-0.06,-1,74767,110981.7
IFAP,2017-07-26,1.55,1.55,1.53,1.54,2.42,0.04,-1,35200,53960
IFAP,2017-07-25,1.51,1.51,1.49,1.5,1.23,0.02,-1,107327,160940.09
IFAP,2017-07-24,1.51,1.51,1.47,1.48,-4.12,-0.07,-1,73843,109670.6
IFAP,2017-07-20,1.59,1.59,1.46,1.55,4.94,0.08,-1,222236,343764.84
IFAP,2017-07-19,1.49,1.49,1.46,1.47,0,0,-1,31900,47120
IFAP,2017-07-18,1.48,1.48,1.46,1.47,-2.41,-0.04,-1,40761,60068.99
IFAP,2017-07-17,1.53,1.53,1.48,1.51,2.47,0.04,-1,62995,95071.84
IFAP,2017-07-16,1.51,1.51,1.46,1.47,-0.61,-0.01,-1,65065,96038.74
IFAP,2017-07-13,1.49,1.49,1.47,1.48,-0.61,-0.01,-1,133957,198079.25
IFAP,2017-07-12,1.52,1.52,1.48,1.49,-0.61,-0.01,-1,83551,124209.45
IFAP,2017-07-11,1.51,1.51,1.5,1.5,-1.2,-0.02,-1,24420,36700
IFAP,2017-07-10,1.54,1.54,1.47,1.52,3.73,0.06,-1,236530,358426.06
IFAP,2017-07-09,1.48,1.48,1.45,1.46,-0.61,-0.02,-1,30355,44337.3
IFAP,2017-07-06,1.53,1.53,1.45,1.48,1.85,0.01,-1,159720,236565.8
IFAP,2017-07-05,1.49,1.49,1.45,1.47,-1.23,0,-1,98439,145324.73
IFAP,2017-07-04,1.48,1.48,1.46,1.47,-1.23,-0.01,-1,15400,22620
IFAP,2017-07-03,1.5,1.5,1.46,1.48,0,0.02,-1,41250,61303.31
IFAP,2017-07-02,1.47,1.47,1.46,1.46,2.53,0.02,-1,12172,17825.46
IFAP,2017-06-28,1.45,1.45,1.43,1.44,-1.25,-0.01,-1,18789,27052.88
IFAP,2017-06-22,1.45,1.45,1.44,1.45,-0.63,0,-1,18778,27271.18
IFAP,2017-06-21,1.45,1.45,1.44,1.45,-0.63,0,-1,15018,21683.27
IFAP,2017-06-20,1.46,1.46,1.45,1.45,-0.62,-0.01,-1,13915,20290
IFAP,2017-06-19,1.48,1.48,1.45,1.46,0,0,-1,24289,35513.77
IFAP,2017-06-18,1.46,1.46,1.46,1.46,-0.62,-0.01,-1,15102,22103.69
IFAP,2017-06-15,1.47,1.47,1.45,1.47,-1.84,-0.01,-1,99000,145615.16
IFAP,2017-06-14,1.49,1.49,1.46,1.48,-3.01,-0.03,-1,38988,57617.12
IFAP,2017-06-13,1.51,1.51,1.51,1.51,0.61,0.01,-1,24838,37482.8
IFAP,2017-06-12,1.5,1.5,1.49,1.5,0.61,0.01,-1,23400,35002.33
IFAP,2017-06-11,1.51,1.51,1.48,1.49,0,0.01,-1,95920,142757.33
IFAP,2017-06-08,1.5,1.5,1.46,1.48,-0.61,-0.01,-1,256772,380464.5
IFAP,2017-06-07,1.5,1.5,1.48,1.49,1.23,0.02,-1,25553,38023.9
IFAP,2017-06-06,1.52,1.52,1.47,1.47,0,0,-1,6050,8970
IFAP,2017-06-05,1.52,1.52,1.46,1.47,2.45,-0.01,-1,37367,55168.2
IFAP,2017-06-04,1.5,1.5,1.47,1.48,-0.61,-0.02,-1,49093,72865.55
IFAP,2017-06-01,1.54,1.54,1.5,1.5,0,0,-1,8195,12316.5
IFAP,2017-05-31,1.5,1.5,1.49,1.5,-2.96,-0.04,-1,19124,28627.4
IFAP,2017-05-30,1.55,1.55,1.53,1.54,0.6,0.01,-1,29857,45860
IFAP,2017-05-29,1.54,1.54,1.5,1.53,3.05,0.04,-1,166873,254872.81
IFAP,2017-05-28,1.51,1.51,1.47,1.49,1.22,0,-1,91696,136307.45
IFAP,2017-05-25,1.54,1.54,1.47,1.49,-2.38,-0.04,-1,90860,135730.63
IFAP,2017-05-24,1.53,1.53,1.48,1.53,1.82,0.03,-1,8923,13601.66
IFAP,2017-05-23,1.52,1.52,1.46,1.5,0.61,0.01,-1,30643,46096.05
IFAP,2017-05-22,1.52,1.52,1.46,1.49,-4.09,-0.06,-1,62999,93933.24
IFAP,2017-05-21,1.57,1.57,1.55,1.55,3.01,0.04,-1,240429,374593.16
IFAP,2017-05-18,1.54,1.54,1.47,1.51,0,0,-1,76746,115469.08
IFAP,2017-05-17,1.52,1.52,1.5,1.51,0,0,-1,41355,62341.75
IFAP,2017-05-16,1.53,1.53,1.5,1.51,-0.6,-0.01,-1,23742,35838.61
IFAP,2017-05-15,1.53,1.53,1.51,1.52,-0.6,-0.01,-1,52121,79145.78
IFAP,2017-05-14,1.53,1.53,1.51,1.53,-0.59,-0.01,-1,23822,36290.96
IFAP,2017-05-11,1.55,1.55,1.52,1.54,-1.17,-0.01,-1,62611,96043.01
IFAP,2017-05-10,1.57,1.57,1.54,1.55,0,0,-1,62552,97025.81
IFAP,2017-05-09,1.56,1.56,1.55,1.55,1.18,0.01,-1,82342,127988.76
IFAP,2017-05-08,1.55,1.55,1.51,1.54,0,0,-1,93588,143863.3
IFAP,2017-05-07,1.56,1.56,1.51,1.54,1.81,0.03,-1,94775,145905.88
IFAP,2017-05-04,1.53,1.53,1.5,1.51,0,0,-1,42745,64635.62
IFAP,2017-05-03,1.53,1.53,1.48,1.51,-1.19,-0.02,-1,68316,102789.92
IFAP,2017-05-02,1.54,1.54,1.52,1.53,1.2,0.02,-1,63814,97248.71
IFAP,2017-04-30,1.52,1.52,1.49,1.51,0,0,-1,24750,37247
IFAP,2017-04-27,1.56,1.56,1.47,1.51,-0.6,-0.01,-1,260521,392196.06
IFAP,2017-04-26,1.55,1.55,1.5,1.52,0.6,0.01,-1,201190,304888.94
IFAP,2017-04-24,1.55,1.55,1.46,1.51,-1.78,-0.03,-1,90862,137358.38
IFAP,2017-04-23,1.55,1.55,1.5,1.54,-2.87,-0.04,-1,90979,139494.44
IFAP,2017-04-20,1.63,1.63,1.55,1.58,-2.79,-0.05,-1,154047,243908.56
IFAP,2017-04-19,1.66,1.66,1.61,1.63,-3.76,-0.06,-1,182581,296287.09
IFAP,2017-04-18,1.72,1.72,1.65,1.69,1.64,0.03,-1,128105,216449.98
IFAP,2017-04-13,1.69,1.69,1.65,1.66,-0.54,-0.01,-1,88638,147703.09
IFAP,2017-04-12,1.71,1.71,1.64,1.67,2.79,0.04,-1,656792,1101374.38
IFAP,2017-04-11,1.67,1.67,1.56,1.63,2.29,0.04,-1,341133,554434.56
IFAP,2017-04-10,1.6,1.6,1.57,1.59,-1.69,-0.03,-1,78375,124343.38
IFAP,2017-04-09,1.65,1.65,1.58,1.62,1.14,0.02,-1,152653,247136.98
IFAP,2017-04-06,1.65,1.65,1.58,1.6,-1.12,-0.02,-1,213099,341220.16
IFAP,2017-04-05,1.64,1.64,1.61,1.62,-1.11,-0.02,-1,64590,104297.2
IFAP,2017-04-04,1.66,1.66,1.61,1.64,0.56,0.01,-1,280815,458724.94
IFAP,2017-04-03,1.65,1.65,1.61,1.63,-0.56,-0.01,-1,71174,115635.94
IFAP,2017-04-02,1.68,1.68,1.6,1.64,2.27,0.04,-1,210944,345723.25
IFAP,2017-03-30,1.64,1.64,1.58,1.6,0,0,-1,343442,548314.31
IFAP,2017-03-29,1.65,1.65,1.58,1.6,-3.83,-0.06,-1,116475,186336.55
IFAP,2017-03-28,1.7,1.7,1.64,1.66,-3.17,-0.06,-1,353550,587284.75
IFAP,2017-03-27,1.8,1.8,1.65,1.72,-3.08,-0.05,-1,458731,789950.31
IFAP,2017-03-26,1.81,1.81,1.73,1.77,2.09,0.03,-1,589658,1043984.06
IFAP,2017-03-23,1.77,1.77,1.66,1.74,3.24,0.06,-1,1084243,1881485.63
IFAP,2017-03-22,1.72,1.72,1.63,1.68,4.52,0.07,-1,437327,735095.75
IFAP,2017-03-21,1.64,1.64,1.53,1.61,7.93,0.12,-1,388637,625113.88
IFAP,2017-03-20,1.52,1.52,1.46,1.49,1.86,0.03,-1,191750,285712.41
IFAP,2017-03-19,1.49,1.49,1.45,1.46,-0.62,-0.01,-1,93139,136395.59
IFAP,2017-03-16,1.49,1.49,1.45,1.47,0.62,0.01,-1,178243,261970.06
IFAP,2017-03-15,1.48,1.48,1.45,1.46,0.63,0.01,-1,84645,124059.98
IFAP,2017-03-14,1.49,1.49,1.43,1.45,-0.62,-0.01,-1,144365,209875.13
IFAP,2017-03-13,1.5,1.5,1.45,1.46,-1.23,-0.02,-1,116950,171235.63
IFAP,2017-03-12,1.56,1.56,1.45,1.48,-0.61,-0.01,-1,189980,280751.72
IFAP,2017-03-09,1.55,1.55,1.45,1.49,1.86,0.03,-1,104030,155178.06
IFAP,2017-03-08,1.5,1.5,1.43,1.46,0,0,-1,94769,138295.22
IFAP,2017-03-07,1.56,1.56,1.36,1.46,-2.42,-0.04,-1,200791,294642.13
IFAP,2017-03-06,1.5,1.5,1.49,1.5,-2.37,-0.04,-1,12768,19141.55
IFAP,2017-03-05,1.57,1.57,1.5,1.54,0.6,0.01,-1,76835,118100
IFAP,2017-03-02,1.59,1.59,1.49,1.53,-0.59,-0.01,-1,196460,300864.53
IFAP,2017-03-01,1.62,1.62,1.5,1.54,-1.17,-0.01,-1,35009,53842.12
IFAP,2017-02-28,1.57,1.57,1.55,1.55,0,0,-1,3396,5280.51
IFAP,2017-02-27,1.59,1.59,1.49,1.55,-3.39,-0.06,-1,65010,100830
IFAP,2017-02-26,1.7,1.7,1.58,1.61,-3.28,-0.05,-1,154842,249656.69
IFAP,2017-02-23,1.79,1.79,1.62,1.66,-4.69,-0.09,-1,182284,303669.59
IFAP,2017-02-22,1.82,1.82,1.71,1.75,-3.52,-0.06,-1,219792,383707.81
IFAP,2017-02-21,1.86,1.86,1.73,1.81,4.74,0.08,-1,423460,766032.38
IFAP,2017-02-20,1.79,1.79,1.69,1.73,-0.52,-0.01,-1,734348,1267826.75
IFAP,2017-02-19,1.81,1.81,1.65,1.74,5.52,0.09,-1,964249,1674914.75
IFAP,2017-02-16,1.68,1.68,1.62,1.65,-0.55,0,-1,167762,275720.5
IFAP,2017-02-15,1.72,1.72,1.61,1.65,1.11,0.01,-1,382028,633476.06
IFAP,2017-02-14,1.65,1.65,1.55,1.64,8.43,0.13,-1,644925,1056444.75
IFAP,2017-02-13,1.56,1.56,1.47,1.51,1.84,0.03,-1,444850,672432.69
IFAP,2017-02-12,1.5,1.5,1.45,1.48,1.24,0.02,-1,198824,293862.72
IFAP,2017-02-09,1.46,1.46,1.45,1.46,0,0,-1,12540,18324
IFAP,2017-02-08,1.49,1.49,1.45,1.46,0,0,-1,108214,158459.16
IFAP,2017-02-07,1.47,1.47,1.42,1.46,1.9,0.02,-1,75786,110651.3
IFAP,2017-02-06,1.46,1.46,1.39,1.44,-1.25,-0.01,-1,79213,113841.12
IFAP,2017-02-05,1.49,1.49,1.42,1.45,4.58,0.06,-1,30136,43782.72
IFAP,2017-02-02,1.41,1.41,1.36,1.39,0.66,0.01,-1,24701,34413.6
IFAP,2017-02-01,1.44,1.44,1.31,1.38,-0.65,-0.01,-1,31075,43045.45
IFAP,2017-01-31,1.42,1.42,1.37,1.39,-3.16,-0.05,-1,20780,28848.5
IFAP,2017-01-30,1.48,1.48,1.42,1.44,0,0,-1,41737,59767.63
IFAP,2017-01-29,1.45,1.45,1.44,1.44,-1.86,-0.02,-1,19250,27705.16
IFAP,2017-01-26,1.49,1.49,1.44,1.46,0.63,0.01,-1,64462,94271.18
IFAP,2017-01-24,1.47,1.47,1.4,1.45,1.27,0.01,-1,88921,129278.12
IFAP,2017-01-23,1.45,1.45,1.44,1.44,-1.25,-0.01,-1,26336,37859.36
IFAP,2017-01-22,1.46,1.46,1.44,1.45,0,0,-1,71196,103388.4
IFAP,2017-01-19,1.49,1.49,1.41,1.45,-5.88,-0.1,-1,161393,234496.08
IFAP,2017-01-18,1.58,1.58,1.5,1.55,0,0,-1,153071,236856.11
IFAP,2017-01-17,1.56,1.56,1.53,1.55,1.19,0.02,-1,136175,210888.05
IFAP,2017-01-16,1.56,1.56,1.47,1.53,3.07,0.05,-1,174428,265687.81
IFAP,2017-01-15,1.49,1.49,1.46,1.48,0.62,0.01,-1,76434,113104.15
IFAP,2017-01-12,1.48,1.48,1.45,1.47,1.25,0.02,-1,63639,93486.53
IFAP,2017-01-11,1.46,1.46,1.44,1.45,0,0,-1,63771,92828.82
IFAP,2017-01-10,1.47,1.47,1.43,1.45,0,0,-1,38599,56281.7
IFAP,2017-01-09,1.5,1.5,1.44,1.45,-1.23,-0.02,-1,29883,43574.76
IFAP,2017-01-08,1.5,1.5,1.46,1.47,-0.61,-0.01,-1,18700,27615
IFAP,2017-01-05,1.5,1.5,1.46,1.48,0,0,-1,114533,169549.67
IFAP,2017-01-04,1.5,1.5,1.45,1.48,0,0,-1,126803,187924.69
IFAP,2017-01-03,1.49,1.49,1.46,1.48,0,0,-1,47632,70589.6
IFAP,2017-01-02,1.5,1.5,1.46,1.48,0,0,-1,42540,62901.03
IFAP,2016-12-29,1.52,1.52,1.46,1.48,-1.81,-0.03,-1,106151,157589.47
IFAP,2016-12-28,1.52,1.52,1.48,1.51,1.84,0.03,-1,31900,48144.65
IFAP,2016-12-27,1.51,1.51,1.47,1.48,-0.61,-0.01,-1,127958,189954.38
IFAP,2016-12-26,1.51,1.51,1.47,1.49,1.23,0.02,-1,49720,74045
IFAP,2016-12-25,1.5,1.5,1.46,1.47,-1.22,-0.02,-1,54877,81027.8
IFAP,2016-12-22,1.54,1.54,1.46,1.49,0,0,-1,73238,109468.58
IFAP,2016-12-21,1.53,1.53,1.47,1.49,-0.61,-0.01,-1,58478,87345.23
IFAP,2016-12-20,1.54,1.54,1.49,1.5,1.23,0.02,-1,36341,54415.68
IFAP,2016-12-19,1.52,1.52,1.45,1.48,0,0,-1,70573,104840.24
IFAP,2016-12-18,1.55,1.55,1.45,1.48,1.24,0.02,-1,120573,178247.77
IFAP,2016-12-15,1.54,1.54,1.46,1.46,-3.012048,-0.05,-1,66512,97641.6
IFAP,2016-12-14,1.55,1.55,1.49,1.51,-0.6,-0.01,-1,50936,76940.79
IFAP,2016-12-13,1.55,1.55,1.49,1.52,-2.91,-0.04,-1,104500,158465.94
IFAP,2016-12-12,1.57,1.57,1.48,1.56,1.18,0.01,-1,15705,24493.97
IFAP,2016-12-08,1.59,1.59,1.51,1.55,-0.58,0,-1,20154,31079.6
IFAP,2016-12-07,1.62,1.62,1.46,1.55,-2.29,-0.04,-1,115896,179974.84
IFAP,2016-12-06,1.64,1.64,1.57,1.59,-1.13,-0.02,-1,48059,76510.6
IFAP,2016-12-05,1.67,1.67,1.58,1.61,-3.8,-0.06,-1,101928,163679.88
IFAP,2016-12-04,1.72,1.72,1.64,1.67,1.1,0.02,-1,68530,114568.26
IFAP,2016-12-01,1.68,1.68,1.63,1.65,0.55,0,-1,128172,212272.5
IFAP,2016-11-30,1.68,1.68,1.62,1.65,2.84,0.05,-1,170284,280703.59
IFAP,2016-11-29,1.63,1.63,1.57,1.6,1.15,0.02,-1,119900,191799.98
IFAP,2016-11-28,1.59,1.59,1.56,1.58,1.16,0.02,-1,52292,82758.74
IFAP,2016-11-27,1.59,1.59,1.55,1.56,-0.58,-0.01,-1,28600,44730
IFAP,2016-11-24,1.61,1.61,1.55,1.57,-1.7,-0.03,-1,113138,177733.97
IFAP,2016-11-23,1.66,1.66,1.55,1.6,0,0,-1,317895,508779.88
IFAP,2016-11-22,1.65,1.65,1.55,1.6,-1.12,-0.02,-1,212790,340228.06
IFAP,2016-11-21,1.66,1.66,1.6,1.62,0.56,0.01,-1,234143,379468.88
IFAP,2016-11-20,1.64,1.64,1.55,1.61,-1.666667,-0.03,-1,91055,146241.09
IFAP,2016-11-17,1.71,1.71,1.56,1.64,-2.17,-0.03,-1,121712,199603.55
IFAP,2016-11-16,1.72,1.72,1.64,1.67,3.95,0.06,-1,214133,357949.16
IFAP,2016-11-15,1.64,1.64,1.52,1.61,1.14,0.02,-1,125322,201121.77
IFAP,2016-11-14,1.61,1.61,1.57,1.59,4.79,0.07,-1,59400,94243.78
IFAP,2016-11-13,1.59,1.59,1.45,1.52,3.73,0.06,-1,213445,323252.31
IFAP,2016-11-10,1.52,1.52,1.43,1.46,3.87,0.05,-1,145306,213208.31
IFAP,2016-11-09,1.45,1.45,1.35,1.41,0.65,0.01,-1,50369,70844.59
IFAP,2016-11-08,1.44,1.44,1.37,1.4,0,0,-1,58308,81470.67
IFAP,2016-11-07,1.44,1.44,1.35,1.4,3.36,0.05,-1,39786,55746.32
IFAP,2016-11-06,1.41,1.41,1.29,1.35,0,0,-1,45796,62148.23
IFAP,2016-11-03,1.41,1.41,1.29,1.35,0,0,-1,47385,64389.52
IFAP,2016-11-02,1.42,1.42,1.33,1.35,1.36,0.01,-1,39199,53099.61
IFAP,2016-11-01,1.35,1.35,1.34,1.34,0.68,0.01,-1,16280,21774
IFAP,2016-10-31,1.34,1.34,1.31,1.33,1.39,0.02,-1,47009,62215.81
IFAP,2016-10-30,1.33,1.33,1.29,1.31,4.35,0.06,-1,37345,48761.69
IFAP,2016-10-27,1.25,1.25,1.25,1.25,0,0,-1,8066,10101.37
IFAP,2016-10-26,1.27,1.27,1.27,1.25,0,0,-1,5500,7000
IFAP,2016-10-25,1.25,1.25,1.25,1.25,-1.43,-0.02,-1,16500,20650
IFAP,2016-10-24,1.25,1.25,1.24,1.27,0,0,-1,935,1162.5
IFAP,2016-10-20,1.27,1.27,1.25,1.27,-0.71,-0.01,-1,17277,21965.06
IFAP,2016-10-19,1.29,1.29,1.25,1.28,-0.7,-0.01,-1,15036,19269.98
IFAP,2016-10-17,1.32,1.32,1.28,1.29,-5.96,-0.08,-1,15833,20500.34
IFAP,2016-10-13,1.4,1.4,1.35,1.37,-0.66,-0.01,-1,18840,25893.3
IFAP,2016-10-12,1.41,1.41,1.32,1.38,-2.56,-0.04,-1,11966,16577.65
IFAP,2016-10-11,1.4,1.4,1.4,1.42,0,0,-1,220,308
IFAP,2016-10-10,1.47,1.47,1.32,1.42,3.31,0.05,-1,35904,50902.52
IFAP,2016-10-09,1.37,1.37,1.36,1.37,-2.58,-0.04,-1,43643,59786.45
IFAP,2016-10-05,1.43,1.43,1.36,1.41,0,0,-1,14135,19942.01
IFAP,2016-10-04,1.45,1.45,1.36,1.41,2.65,0.04,-1,10909,15363.31
IFAP,2016-10-03,1.4,1.4,1.36,1.37,0,0,-1,39686,54379.71
IFAP,2016-09-29,1.44,1.44,1.34,1.37,0,0,-1,1898,2553
IFAP,2016-09-28,1.39,1.39,1.36,1.37,-0.657895,-0.01,-1,34893,47911.5
IFAP,2016-09-27,1.36,1.36,1.36,1.38,0,0,-1,3213,4381.5
IFAP,2016-09-26,1.41,1.41,1.37,1.38,0.662252,0.01,-1,9625,13342.5
IFAP,2016-09-25,1.38,1.38,1.36,1.37,-1.95,-0.03,-1,15017,20558
IFAP,2016-09-22,1.47,1.47,1.38,1.4,0,0,-1,391,554
IFAP,2016-09-21,1.38,1.38,1.38,1.4,0,0,-1,2310,3192
IFAP,2016-09-20,1.39,1.39,1.39,1.4,-0.65,0,-1,2200,3060
IFAP,2016-09-19,1.43,1.43,1.39,1.4,0,0,-1,23540,32971.8
IFAP,2016-09-18,1.39,1.39,1.39,1.4,-0.65,0,-1,330,459
IFAP,2016-09-15,1.4,1.4,1.39,1.4,-0.65,-0.01,-1,14300,19970
IFAP,2016-09-08,1.44,1.44,1.4,1.41,-1.9,-0.03,-1,22641,31940.33
IFAP,2016-09-06,1.38,1.38,1.38,1.44,0,0,-1,2803,3872.96
IFAP,2016-09-05,1.47,1.47,1.4,1.44,0,0,-1,22486,32375.92
IFAP,2016-09-04,1.49,1.49,1.42,1.44,0.64,0.01,-1,9874,14162.56
IFAP,2016-09-01,1.42,1.42,1.42,1.43,0,0,-1,4400,6240
IFAP,2016-08-31,1.46,1.46,1.41,1.43,-3.09,-0.04,-1,18535,26528
IFAP,2016-08-30,1.47,1.47,1.45,1.47,-0.61,-0.01,-1,11497,16895.23
IFAP,2016-08-29,1.45,1.45,1.45,1.48,0,0,-1,2860,4134
IFAP,2016-08-28,1.48,1.48,1.48,1.48,0,0,-1,6600,9780
IFAP,2016-08-25,1.51,1.51,1.51,1.48,0,0,-1,825,1245
IFAP,2016-08-23,1.48,1.48,1.47,1.48,0,0,-1,1626,2408.69
IFAP,2016-08-22,1.52,1.52,1.48,1.48,-0.61,-0.01,-1,28941,42940.5
IFAP,2016-08-21,1.49,1.49,1.49,1.49,-1.8,-0.03,-1,11156,16632.88
IFAP,2016-08-18,1.57,1.57,1.48,1.52,0,0,-1,6398,9631.46
IFAP,2016-08-17,1.51,1.51,1.49,1.52,0,0,-1,4200,6316.36
IFAP,2016-08-16,1.53,1.53,1.51,1.52,-0.595238,-0.01,-1,47740,72326.84
IFAP,2016-08-15,1.55,1.55,1.52,1.53,0,0,-1,20676,31640.33
IFAP,2016-08-14,1.55,1.55,1.52,1.53,1.204819,0.02,-1,43395,66452.64
IFAP,2016-08-11,1.53,1.53,1.49,1.51,-2.352941,-0.04,-1,16761,25352.84
IFAP,2016-08-10,1.55,1.55,1.55,1.55,0.591716,0.01,-1,10449,16148.3
IFAP,2016-08-09,1.56,1.56,1.51,1.54,-1.74,-0.02,-1,54405,83663.81
IFAP,2016-08-08,1.58,1.58,1.54,1.56,0.58,0.01,-1,20626,32218.02
IFAP,2016-08-07,1.59,1.59,1.51,1.55,5.56,0.08,-1,123129,190877.84
IFAP,2016-08-04,1.49,1.49,1.45,1.47,0,0,-1,1101,1601.64
IFAP,2016-08-03,1.51,1.51,1.45,1.47,1.25,0.02,-1,54522,80270.78
IFAP,2016-08-02,1.48,1.48,1.45,1.45,0,0,-1,5722,8313.18
IFAP,2016-08-01,1.46,1.46,1.44,1.45,-0.62,-0.01,-1,18942,27526.22
IFAP,2016-07-31,1.45,1.45,1.44,1.46,0,0,-1,3885,5610.56
IFAP,2016-07-28,1.47,1.47,1.45,1.46,0,0,-1,39711,57945.91
IFAP,2016-07-27,1.49,1.49,1.45,1.46,-1.23,-0.02,-1,21371,31188.8
IFAP,2016-07-26,1.51,1.51,1.43,1.48,3.16,0.04,-1,21885,32464.5
IFAP,2016-07-25,1.5,1.5,1.43,1.44,0,0,-1,112,160.54
IFAP,2016-07-24,1.5,1.5,1.42,1.44,-1.25,-0.01,-1,22116,31801.15
IFAP,2016-07-21,1.52,1.52,1.45,1.45,0,0,-1,1480,2152.35
IFAP,2016-07-20,1.45,1.45,1.45,1.45,-1.84,-0.03,-1,11231,16336
IFAP,2016-07-19,1.51,1.51,1.44,1.48,1.24,0.02,-1,19492,28797.9
IFAP,2016-07-18,1.5,1.5,1.45,1.46,0,0,-1,20605,30144.1
IFAP,2016-07-17,1.47,1.47,1.45,1.46,-0.617284,-0.01,-1,11625,16991.8
IFAP,2016-07-14,1.48,1.48,1.46,1.47,0,0,-1,15505,22872.95
IFAP,2016-07-13,1.53,1.53,1.52,1.47,0,0,-1,5500,8370
IFAP,2016-07-12,1.47,1.47,1.46,1.47,0,0,-1,4033,5928.92
IFAP,2016-07-11,1.51,1.51,1.45,1.47,-3.57,-0.06,-1,55275,81162.2
IFAP,2016-07-10,1.55,1.55,1.51,1.53,5.66,0.08,-1,17710,27038.16
IFAP,2016-07-04,1.48,1.48,1.42,1.45,-2.453988,-0.03,-1,11000,15932.5
IFAP,2016-07-03,1.48,1.48,1.48,1.48,0,0,-1,18334,27167.21
IFAP,2016-06-29,1.44,1.44,1.43,1.48,0,0,-1,5500,7870
IFAP,2016-06-28,1.48,1.48,1.46,1.48,3.16,0.04,-1,15791,23330.15
IFAP,2016-06-27,1.45,1.45,1.44,1.44,2.6,0.04,-1,29593,42632.06
IFAP,2016-06-26,1.43,1.43,1.39,1.4,-8.88,-0.14,-1,67650,94870
IFAP,2016-06-23,1.55,1.55,1.48,1.54,4.97,0.08,-1,9213,14177.15
IFAP,2016-06-22,1.5,1.5,1.44,1.46,-6.94,-0.11,-1,18296,26808.97
IFAP,2016-06-21,1.51,1.51,1.48,1.57,0,0,-1,4255,6336.84
IFAP,2016-06-19,1.55,1.55,1.55,1.57,0,0,-1,3080,4760
IFAP,2016-06-16,1.56,1.56,1.55,1.57,0,0,-1,4400,6860
IFAP,2016-06-15,1.59,1.59,1.55,1.57,-2.259887,-0.04,-1,38445,60423.99
IFAP,2016-06-14,1.62,1.62,1.59,1.61,-1.67,-0.03,-1,28001,45012.25
IFAP,2016-06-13,1.66,1.66,1.62,1.64,1.69,0.03,-1,16198,26488.5
IFAP,2016-06-12,1.63,1.63,1.6,1.61,-2.21,-0.04,-1,11865,19143.38
IFAP,2016-06-09,1.65,1.65,1.64,1.65,0,0,-1,13475,22115
IFAP,2016-06-08,1.66,1.66,1.64,1.65,-0.55,0,-1,27158,44694.9
IFAP,2016-06-07,1.72,1.72,1.57,1.65,1.11,0.01,-1,65890,109216.7
IFAP,2016-06-05,1.64,1.64,1.63,1.64,-1.639344,-0.02,-1,6600,10790
IFAP,2016-06-02,1.67,1.67,1.65,1.66,2.81,0.04,-1,10175,16910
IFAP,2016-06-01,1.66,1.66,1.59,1.62,-1.11,-0.02,-1,24404,39457.55
IFAP,2016-05-31,1.65,1.65,1.64,1.64,0,0,-1,14190,23230.5
IFAP,2016-05-30,1.64,1.64,1.64,1.64,-0.552486,-0.01,-1,53042,86796
IFAP,2016-05-29,1.66,1.66,1.64,1.65,-1.63,-0.02,-1,38390,63330
IFAP,2016-05-26,1.68,1.68,1.67,1.67,-1.6,-0.03,-1,16162,27085.12
IFAP,2016-05-25,1.73,1.73,1.68,1.7,1.08,0.02,-1,48401,82329.86
IFAP,2016-05-24,1.7,1.7,1.67,1.68,1.09,0.02,-1,16170,27252
IFAP,2016-05-23,1.69,1.69,1.65,1.66,-2.659574,-0.05,-1,95480,158613.02
IFAP,2016-05-22,1.74,1.74,1.69,1.71,1.621622,0.03,-1,36007,61607.75
IFAP,2016-05-19,1.71,1.71,1.66,1.68,-3.141361,-0.06,-1,66355,111821.34
IFAP,2016-05-18,1.75,1.75,1.72,1.74,0,0,-1,19608,33987
IFAP,2016-05-17,1.76,1.76,1.7,1.74,2.14,0.04,-1,30417,52931.15
IFAP,2016-05-16,1.73,1.73,1.68,1.7,-2.6,-0.05,-1,102207,173486.02
IFAP,2016-05-15,1.79,1.79,1.68,1.75,-3.52,-0.06,-1,80278,139999.41
IFAP,2016-05-12,1.83,1.83,1.78,1.81,2.58,0.05,-1,114067,206680.2
IFAP,2016-05-11,1.79,1.79,1.75,1.76,-0.51,-0.01,-1,27704,48890.64
IFAP,2016-05-10,1.77,1.77,1.76,1.77,-0.510204,-0.01,-1,11000,19450
IFAP,2016-05-09,1.81,1.81,1.76,1.78,-0.507614,-0.01,-1,78219,139298.02
IFAP,2016-05-08,1.83,1.83,1.76,1.79,0,0,-1,81395,146053.16
IFAP,2016-05-05,1.81,1.81,1.77,1.79,1.03,0.02,-1,64224,114771.25
IFAP,2016-05-04,1.8,1.8,1.75,1.77,-1.02,-0.02,-1,252457,447681.63
IFAP,2016-05-03,1.86,1.86,1.77,1.79,-3.43,-0.06,-1,84354,151364.45
IFAP,2016-04-28,1.88,1.88,1.81,1.85,0.99,0.01,-1,158004,293283.41
IFAP,2016-04-27,1.9,1.9,1.79,1.84,-1.94,-0.03,-1,303930,559426.38
IFAP,2016-04-26,1.94,1.94,1.82,1.87,3,0.05,-1,656635,1227194
IFAP,2016-04-24,1.83,1.83,1.79,1.82,0.5,0.01,-1,156475,284509.81
IFAP,2016-04-21,1.82,1.82,1.78,1.81,0,0,-1,3300,5900
IFAP,2016-04-20,1.85,1.85,1.77,1.81,-1,-0.02,-1,79174,143395.3
IFAP,2016-04-19,1.88,1.88,1.8,1.83,2.55,0.05,-1,459102,840110.75
IFAP,2016-04-18,1.79,1.79,1.76,1.78,0,0,-1,37466,66688.6
IFAP,2016-04-17,1.8,1.8,1.77,1.78,-0.51,-0.01,-1,55000,98074.39
IFAP,2016-04-14,1.82,1.82,1.78,1.79,0,0,-1,65326,117115.44
IFAP,2016-04-13,1.84,1.84,1.78,1.79,0.51,0.01,-1,19434,34840.07
IFAP,2016-04-12,1.81,1.81,1.77,1.78,-2,-0.04,-1,18041,32086.95
IFAP,2016-04-11,1.83,1.83,1.83,1.82,0,0,-1,1320,2412
IFAP,2016-04-10,1.84,1.84,1.79,1.82,-0.5,-0.01,-1,6050,10980
IFAP,2016-04-07,1.85,1.85,1.82,1.83,-0.99,-0.02,-1,34319,62644.17
IFAP,2016-04-06,1.88,1.88,1.75,1.85,-0.98,-0.01,-1,79563,146976.38
IFAP,2016-04-05,1.91,1.91,1.84,1.86,-1.44,-0.03,-1,160626,300019.66
IFAP,2016-04-04,1.91,1.91,1.87,1.89,0.48,0.01,-1,56694,107226.38
IFAP,2016-04-03,1.9,1.9,1.87,1.88,-0.956938,-0.02,-1,18860,35483.61
IFAP,2016-03-31,1.93,1.93,1.87,1.9,0.48,0.01,-1,53131,100730.13
IFAP,2016-03-30,1.91,1.91,1.88,1.89,-0.48,-0.01,-1,48707,92248.67
IFAP,2016-03-29,1.95,1.95,1.85,1.9,-1.88,-0.04,-1,114705,217914.64
IFAP,2016-03-28,1.96,1.96,1.85,1.94,3.398058,0.07,-1,152233,294159.5
IFAP,2016-03-27,1.88,1.88,1.87,1.87,-1.9,-0.04,-1,37414,70232.78
IFAP,2016-03-24,1.93,1.93,1.87,1.91,0.96,0.02,-1,90421,172929.52
IFAP,2016-03-23,1.91,1.91,1.85,1.89,1.463415,0.03,-1,91786,173401.2
IFAP,2016-03-22,1.89,1.89,1.85,1.86,0,0,-1,60253,112370.43
IFAP,2016-03-21,1.87,1.87,1.85,1.86,-0.966184,-0.02,-1,100679,187513.05
IFAP,2016-03-20,1.93,1.93,1.86,1.88,-0.956938,-0.02,-1,118473,223105.31
IFAP,2016-03-17,1.95,1.95,1.87,1.9,-0.47619,-0.01,-1,196059,372657.41
IFAP,2016-03-16,1.94,1.94,1.87,1.91,1.449275,0.03,-1,51926,99066.78
IFAP,2016-03-15,1.94,1.94,1.85,1.88,-2.36,-0.05,-1,175475,330821.25
IFAP,2016-03-14,1.97,1.97,1.89,1.93,4.43,0.08,-1,226072,435769.72
IFAP,2016-03-13,1.87,1.87,1.83,1.85,-0.98,-0.01,-1,44261,81706.37
IFAP,2016-03-10,1.9,1.9,1.85,1.86,-1.44,-0.03,-1,58520,109314
IFAP,2016-03-09,1.91,1.91,1.85,1.89,1.96,0.04,-1,74457,140781.69
IFAP,2016-03-08,1.89,1.89,1.83,1.85,-2.39,-0.05,-1,172156,318899.16
IFAP,2016-03-07,1.92,1.92,1.87,1.9,-0.947867,-0.02,-1,135791,258224.63
IFAP,2016-03-06,2.01,2.01,1.91,1.92,-3.652968,-0.07,-1,734957,1410671.88
IFAP,2016-03-03,2.05,2.05,1.93,1.99,3.301887,0.06,-1,116091,230626.63
IFAP,2016-03-02,1.97,1.97,1.85,1.93,0.473934,0.01,-1,85894,165746.81
IFAP,2016-03-01,1.97,1.97,1.77,1.92,6.565657,0.12,-1,137936,263974.94
IFAP,2016-02-29,1.83,1.83,1.78,1.8,-1,-0.02,-1,29370,52845
IFAP,2016-02-28,1.82,1.82,1.81,1.82,1.522843,0.03,-1,28600,51964.48
IFAP,2016-02-25,1.84,1.84,1.77,1.79,1.03,0.02,-1,9304,16695.78
IFAP,2016-02-24,1.78,1.78,1.77,1.77,-2.985075,-0.06,-1,7700,13680
IFAP,2016-02-23,1.85,1.85,1.81,1.83,0,0,-1,22673,41445.75
IFAP,2016-02-22,1.85,1.85,1.79,1.83,-0.49505,-0.01,-1,19106,34880.87
IFAP,2016-02-21,1.85,1.85,1.79,1.84,1,0.02,-1,6172,11359.77
IFAP,2016-02-18,1.85,1.85,1.82,1.82,2.040816,0.04,-1,40150,73171
IFAP,2016-02-17,1.82,1.82,1.76,1.78,-4.854369,-0.09,-1,49610,88210
IFAP,2016-02-16,1.91,1.91,1.84,1.87,2.49,0.04,-1,66382,124492.32
IFAP,2016-02-15,1.85,1.85,1.82,1.83,-0.985222,-0.02,-1,72591,132730
IFAP,2016-02-14,1.95,1.95,1.84,1.85,0,0,-1,1980,3766
IFAP,2016-02-11,1.92,1.92,1.83,1.85,-5.581395,-0.1,-1,37380,69141.15
IFAP,2016-02-10,1.97,1.97,1.94,1.95,5.91133,0.1,-1,50963,99392.6
IFAP,2016-02-09,1.95,1.95,1.82,1.85,-1.456311,-0.02,-1,41070,75749.86
IFAP,2016-02-08,1.93,1.93,1.85,1.87,-3.286385,-0.07,-1,9994,18693.1
IFAP,2016-02-07,1.98,1.98,1.92,1.94,-4.054054,-0.08,-1,33978,65745.01
IFAP,2016-02-04,2.08,2.08,2,2.02,-5.128205,-0.11,-1,305661,616026.38
IFAP,2016-02-03,2.18,2.18,2.09,2.13,-1.265823,-0.02,-1,112624,239857.59
IFAP,2016-02-02,2.19,2.19,2.09,2.15,1.716738,0.03,-1,266806,573691.06
IFAP,2016-02-01,2.17,2.17,1.96,2.12,3.097345,0.07,-1,225727,478950.72
IFAP,2016-01-31,2.07,2.07,1.94,2.05,8.653846,0.16,-1,820796,1684408.88
IFAP,2016-01-28,1.94,1.94,1.77,1.89,7.22,0.13,-1,251829,477164.59
IFAP,2016-01-27,1.78,1.78,1.75,1.76,2.105263,0.03,-1,5896,10400.97
IFAP,2016-01-26,1.74,1.74,1.73,1.73,-0.52356,-0.01,-1,33000,57043.97
IFAP,2016-01-24,1.75,1.75,1.73,1.74,0.526316,0.01,-1,69850,121461.91
IFAP,2016-01-21,1.73,1.73,1.72,1.73,0,0,-1,4719,8120
IFAP,2016-01-20,1.82,1.82,1.7,1.73,-5,-0.09,-1,145922,252602.91
IFAP,2016-01-19,1.88,1.88,1.78,1.82,2.564103,0.05,-1,108492,196880.84
IFAP,2016-01-18,1.83,1.83,1.73,1.77,5.98,0.1,-1,157936,280122.59
IFAP,2016-01-17,1.71,1.71,1.55,1.67,0,0,-1,22000,36821.53
IFAP,2016-01-14,1.6,1.6,1.6,1.67,0,0,-1,5500,8800
IFAP,2016-01-13,1.75,1.75,1.61,1.67,-4.663212,-0.08,-1,226774,378934.16
IFAP,2016-01-12,1.84,1.84,1.73,1.75,-1.530612,-0.03,-1,40099,70290.9
IFAP,2016-01-11,1.79,1.79,1.74,1.78,0.512821,0.01,-1,152821,271673.5
IFAP,2016-01-10,1.8,1.8,1.76,1.77,-2.01005,-0.04,-1,33485,59344.54
IFAP,2016-01-06,1.85,1.85,1.79,1.81,0.505051,0.01,-1,53203,96228.02
IFAP,2016-01-05,1.84,1.84,1.75,1.8,2.590674,0.05,-1,88341,159292.75
IFAP,2016-01-04,1.81,1.81,1.73,1.75,-3.015075,-0.06,-1,108527,190268.25
IFAP,2016-01-03,1.87,1.87,1.8,1.81,0.505051,0.01,-1,29325,52994.79
IFAP,2015-12-31,1.85,1.85,1.76,1.8,3.125,0.05,-1,91683,164987.3
IFAP,2015-12-30,1.82,1.82,1.64,1.75,3.225806,0.06,-1,298252,521563.63
IFAP,2015-12-29,1.72,1.72,1.58,1.69,5.084746,0.08,-1,135070,228314.56
IFAP,2015-12-28,1.66,1.66,1.58,1.61,-0.561798,-0.01,-1,17903,28858.86
IFAP,2015-12-27,1.69,1.69,1.55,1.62,4.705882,0.07,-1,241547,390208.63
IFAP,2015-12-24,1.55,1.55,1.5,1.55,4.938272,0.08,-1,61639,95189.32
IFAP,2015-12-22,1.48,1.48,1.46,1.47,-0.613497,-0.01,-1,16132,23823.95
IFAP,2015-12-21,1.55,1.55,1.45,1.48,-1.212121,-0.02,-1,77805,114991.18
IFAP,2015-12-20,1.53,1.53,1.47,1.5,3.773585,0.05,-1,66954,100681.39
IFAP,2015-12-17,1.46,1.46,1.43,1.45,2.580645,0.04,-1,51472,74430.16
IFAP,2015-12-16,1.43,1.43,1.38,1.41,1.30719,0.02,-1,14630,20665
IFAP,2015-12-15,1.45,1.45,1.45,1.39,0,0,-1,2453,3568
IFAP,2015-12-14,1.39,1.39,1.38,1.39,-1.923077,-0.03,-1,11015,15311.28
IFAP,2015-12-13,1.45,1.45,1.38,1.42,-2.5,-0.03,-1,18435,26191.31
IFAP,2015-12-10,1.46,1.46,1.45,1.45,-3.614458,-0.06,-1,39721,57774.59
IFAP,2015-12-09,1.52,1.52,1.47,1.51,3.75,0.06,-1,64604,97500.71
IFAP,2015-12-08,1.45,1.45,1.44,1.45,-1.234568,-0.02,-1,7920,11516
IFAP,2015-12-07,1.51,1.51,1.45,1.47,-1.219512,-0.02,-1,34329,50533.14
IFAP,2015-12-06,1.51,1.51,1.45,1.49,6.493506,0.09,-1,75415,112501.32
IFAP,2015-12-03,1.42,1.42,1.38,1.4,-4.347826,-0.06,-1,15103,21204.11
IFAP,2015-12-02,1.48,1.48,1.45,1.46,2.547771,0.03,-1,92299,134836.88
IFAP,2015-12-01,1.45,1.45,1.41,1.43,0.641026,0.01,-1,7700,11010
IFAP,2015-11-30,1.45,1.45,1.36,1.42,1.960784,0.03,-1,82177,116833.46
IFAP,2015-11-29,1.4,1.4,1.37,1.39,0,0,-1,11166,15488.38
IFAP,2015-11-26,1.42,1.42,1.35,1.39,0.657895,0.01,-1,7700,10706
IFAP,2015-11-23,1.39,1.39,1.37,1.38,0,0,-1,28292,39108
IFAP,2015-11-22,1.43,1.43,1.36,1.38,-2.564103,-0.04,-1,17359,24052.77
IFAP,2015-11-19,1.42,1.42,1.35,1.42,6.122449,0.08,-1,7072,10001.9
IFAP,2015-11-18,1.37,1.37,1.27,1.34,2.083333,0.03,-1,15750,21010.82
IFAP,2015-11-17,1.34,1.34,1.3,1.31,0,0,-1,26212,34401.07
IFAP,2015-11-16,1.33,1.33,1.31,1.31,-1.369863,-0.02,-1,13376,17533.6
IFAP,2015-11-15,1.34,1.34,1.32,1.33,-8.18,-0.12,-1,7700,10224
IFAP,2015-11-12,1.45,1.45,1.39,1.45,2.58,0.04,-1,17003,24566.09
IFAP,2015-11-11,1.41,1.41,1.39,1.41,1.97,0.03,-1,15070,21201
IFAP,2015-11-10,1.41,1.41,1.36,1.38,-6.17,-0.09,-1,26183,36219.5
IFAP,2015-11-09,1.5,1.5,1.45,1.47,-1.22,-0.02,-1,21853,32255.72
IFAP,2015-11-08,1.51,1.51,1.47,1.49,-5.75,-0.09,-1,17504,26169.06
IFAP,2015-11-05,1.59,1.59,1.56,1.58,2.35,0.03,-1,27555,43581.6
IFAP,2015-11-04,1.57,1.57,1.54,1.55,0,0,-1,15272,23554.94
IFAP,2015-11-03,1.55,1.55,1.53,1.55,0.59,0.01,-1,7095,10936
IFAP,2015-11-01,1.55,1.55,1.5,1.54,-2.87,-0.04,-1,29982,46187.32
IFAP,2015-10-29,1.59,1.59,1.58,1.58,0.58,0.01,-1,22212,35146.19
IFAP,2015-10-28,1.58,1.58,1.55,1.57,0,0,-1,9959,15667.88
IFAP,2015-10-27,1.58,1.58,1.56,1.57,-2.79,4.62,-1,31900,50150
IFAP,2015-10-26,1.59,1.59,1.59,1.63,0,0,-1,4298,6837.25
IFAP,2015-10-25,1.64,1.64,1.59,1.63,2.86,0.04,-1,38830,63168.86
IFAP,2015-10-22,1.63,1.63,1.57,1.59,-2.78,-0.05,-1,37941,60415.66
IFAP,2015-10-21,1.69,1.69,1.57,1.64,3.45,0.06,-1,77581,127197.44
IFAP,2015-10-20,1.63,1.63,1.55,1.58,-1.69,-0.03,-1,60716,95799.08
IFAP,2015-10-19,1.64,1.64,1.59,1.61,2.31,0.04,-1,35295,56895.64
IFAP,2015-10-18,1.6,1.6,1.56,1.57,-0.57,-0.01,-1,16452,25890.39
IFAP,2015-10-15,1.6,1.6,1.57,1.58,-2.79,-0.05,-1,40700,64537.41
IFAP,2015-10-13,1.66,1.66,1.61,1.63,-0.56,-0.01,-1,6259,10164.3
IFAP,2015-10-12,1.65,1.65,1.61,1.64,0.56,0.01,-1,15894,26001.72
IFAP,2015-10-11,1.65,1.65,1.58,1.63,2.87,0.05,-1,27106,44119.48
IFAP,2015-10-08,1.61,1.61,1.55,1.58,-0.57,-0.01,-1,42046,66398.56
IFAP,2015-10-07,1.6,1.6,1.6,1.59,3.55,0.05,-1,22000,34988.74
IFAP,2015-10-05,1.56,1.56,1.55,1.54,0,0,-1,5280,8248
IFAP,2015-10-01,1.55,1.55,1.53,1.54,-0.59,-0.01,-1,6600,10137
IFAP,2015-09-30,1.58,1.58,1.54,1.55,-1.16,-0.01,-1,33404,51613.58
IFAP,2015-09-29,1.58,1.58,1.53,1.56,1.18,0.01,-1,17820,27826
IFAP,2015-09-28,1.55,1.55,1.55,1.55,0,0,-1,14394,22244.5
IFAP,2015-09-22,1.56,1.56,1.54,1.55,-2.3,-0.03,-1,28600,44300
IFAP,2015-09-21,1.6,1.6,1.56,1.58,0,0,-1,44110,69641.93
IFAP,2015-09-20,1.6,1.6,1.55,1.58,2.35,0.03,-1,48235,76382.81
IFAP,2015-09-17,1.6,1.6,1.49,1.55,-1.16,-0.01,-1,95024,147036.95
IFAP,2015-09-16,1.56,1.56,1.56,1.56,-1.15,-0.02,-1,17215,26918
IFAP,2015-09-15,1.61,1.61,1.5,1.58,1.16,0.02,-1,33715,53291.5
IFAP,2015-09-14,1.59,1.59,1.54,1.56,5.52,0.08,-1,9536,14943.73
IFAP,2015-09-13,1.58,1.58,1.46,1.48,-6.86,-0.11,-1,25465,37802.75
IFAP,2015-09-10,1.57,1.57,1.57,1.59,0,0,-1,550,865
IFAP,2015-09-09,1.63,1.63,1.52,1.59,3.55,0.05,-1,21494,34207.34
IFAP,2015-09-08,1.63,1.63,1.4,1.54,0,0,-1,5093,7707.7
IFAP,2015-09-07,1.57,1.57,1.46,1.54,-2.31,-0.03,-1,35081,53843.36
IFAP,2015-09-03,1.6,1.6,1.56,1.57,-0.57,-0.01,-1,38335,60287
IFAP,2015-09-02,1.61,1.61,1.55,1.58,-0.57,-0.01,-1,9595,15171.95
IFAP,2015-09-01,1.64,1.64,1.57,1.59,-2.23,-0.04,-1,42258,67197.18
IFAP,2015-08-31,1.65,1.65,1.61,1.63,2.87,0.05,-1,34833,56590.3
IFAP,2015-08-30,1.59,1.59,1.57,1.58,0.58,0.01,-1,36960,58354
IFAP,2015-08-27,1.59,1.59,1.55,1.57,4.22,0.06,-1,36736,57618.81
IFAP,2015-08-26,1.55,1.55,1.48,1.51,0,0,-1,27421,41276.81
IFAP,2015-08-25,1.58,1.58,1.47,1.51,-1.78,-0.03,-1,124443,187571.8
IFAP,2015-08-24,1.65,1.65,1.49,1.54,-7.142857,-0.11,-1,45891,70580.7
IFAP,2015-08-23,1.67,1.67,1.65,1.65,-6.67,-0.12,-1,39652,65687.21
IFAP,2015-08-20,1.79,1.79,1.75,1.77,-0.51,-0.01,-1,12115,21459.5
IFAP,2015-08-19,1.85,1.85,1.75,1.78,0,0,-1,4785,8780.34
IFAP,2015-08-18,1.82,1.82,1.75,1.78,-2.49,-0.05,-1,20427,36441.1
IFAP,2015-08-17,1.86,1.86,1.82,1.83,0,0,-1,6576,11992.1
IFAP,2015-08-16,1.87,1.87,1.78,1.83,-3.83,-0.07,-1,21340,38948
IFAP,2015-08-13,1.91,1.91,1.91,1.9,0,0,-1,794,1516.2
IFAP,2015-08-12,1.95,1.95,1.88,1.9,-7.522124,-0.15,-1,38390,72908
IFAP,2015-08-11,2.11,2.11,1.98,2.05,-0.88,-0.02,-1,145255,298115.09
IFAP,2015-08-10,2.11,2.11,2,2.07,2.7,0.05,-1,166810,345413.31
IFAP,2015-08-09,2.09,2.09,1.92,2.02,4.23,0.08,-1,209503,421969.84
IFAP,2015-08-05,1.96,1.96,1.88,1.94,0,0,-1,85564,165892
IFAP,2015-08-04,1.95,1.95,1.92,1.94,2.9,0.06,-1,11770,22784.75
IFAP,2015-08-03,1.9,1.9,1.86,1.88,-3.72,-0.07,-1,16610,31230
IFAP,2015-07-30,1.96,1.96,1.93,1.95,1.9,0.03,-1,29920,58511.55
IFAP,2015-07-29,1.95,1.95,1.88,1.92,3.43,0.07,-1,62865,120760.43
IFAP,2015-07-28,1.9,1.9,1.82,1.85,1.49,0.02,-1,8800,16350
IFAP,2015-07-27,1.85,1.85,1.81,1.83,-4.74,-0.09,-1,11613,21258.43
IFAP,2015-07-26,1.93,1.93,1.88,1.92,1.44,0.03,-1,38015,72853.3
IFAP,2015-07-22,1.92,1.92,1.85,1.89,0.97,0.02,-1,22111,41901.88
IFAP,2015-07-21,1.9,1.9,1.83,1.87,0.49,0.01,-1,18880,35355.31
IFAP,2015-07-16,1.87,1.87,1.87,1.86,0,0,-1,2200,4120
IFAP,2015-07-15,1.87,1.87,1.85,1.86,2.5,0.04,-1,8470,15802
IFAP,2015-07-14,1.86,1.86,1.79,1.82,1.01,0.02,-1,9310,16886.2
IFAP,2015-07-13,1.81,1.81,1.8,1.8,2.59,0.05,-1,5720,10306
IFAP,2015-07-12,1.87,1.87,1.75,1.75,0,0,-1,3755,6927.32
IFAP,2015-07-09,1.76,1.76,1.75,1.75,1.05,0.01,-1,15950,28044.72
IFAP,2015-07-08,1.8,1.8,1.73,1.74,-0.52,-0.01,-1,9605,16668
IFAP,2015-07-07,1.75,1.75,1.73,1.75,-3.55,-0.04,-1,6355,11082.97
IFAP,2015-07-06,1.82,1.82,1.77,1.79,-2.96,-0.06,-1,7026,12582.25
IFAP,2015-07-05,1.87,1.87,1.82,1.85,1,0.02,-1,62754,115658
IFAP,2015-07-02,1.86,1.86,1.82,1.83,-2.43,-0.04,-1,49003,89633
IFAP,2015-06-29,1.89,1.89,1.87,1.87,-1.44,-0.03,-1,31577,59274.34
IFAP,2015-06-28,1.91,1.91,1.88,1.9,2.96,0.05,-1,11528,21872.2
IFAP,2015-06-25,1.86,1.86,1.86,1.85,0,0,-1,1100,2050
IFAP,2015-06-24,1.85,1.85,1.83,1.85,0,0,-1,19758,36459.86
IFAP,2015-06-23,1.91,1.91,1.85,1.85,0.7,0.01,-1,14795,27324.9
IFAP,2015-06-22,1.85,1.85,1.84,1.84,-1.46,-0.02,-1,7322,13446.22
IFAP,2015-06-21,1.87,1.87,1.86,1.86,-2.38,-0.05,-1,17600,32860.7
IFAP,2015-06-18,1.95,1.95,1.86,1.91,1.94,0.04,-1,20900,39860.97
IFAP,2015-06-17,1.89,1.89,1.85,1.87,0.49,0.01,-1,16094,30083.74
IFAP,2015-06-16,1.87,1.87,1.77,1.86,3.015075,0.05,-1,9095,16910.39
IFAP,2015-06-15,1.82,1.82,1.79,1.81,-2.926829,-0.05,-1,25883,46862.6
IFAP,2015-06-14,1.86,1.86,1.79,1.86,0,0,-1,187062,348190.25
IFAP,2015-06-11,1.87,1.87,1.83,1.86,-0.49,-0.01,-1,22798,42508.46
IFAP,2015-06-10,1.92,1.92,1.83,1.87,-0.96,-0.02,-1,74954,140055.81
IFAP,2015-06-09,1.91,1.91,1.86,1.89,0,0,-1,11961,22600.3
IFAP,2015-06-08,1.93,1.93,1.85,1.89,-1.42,-0.03,-1,48860,92387.14
IFAP,2015-06-07,1.97,1.97,1.89,1.92,-3.21,-0.06,-1,73770,141351.09
IFAP,2015-06-04,1.99,1.99,1.92,1.98,2.35,0.04,-1,44000,87247
IFAP,2015-06-03,1.98,1.98,1.92,1.94,-2.74,-0.05,-1,29040,56140
IFAP,2015-06-02,2.01,2.01,1.95,1.99,4.29,0.08,-1,61600,122640.5
IFAP,2015-06-01,1.93,1.93,1.89,1.91,-3.23,-0.06,-1,48400,92580
IFAP,2015-05-31,2.02,2.02,1.92,1.97,-2.69,-0.06,-1,60832,119988.76
IFAP,2015-05-28,2.05,2.05,2,2.03,-1.76,-0.03,-1,45692,92522.22
IFAP,2015-05-27,2.11,2.11,2.05,2.06,0.44,0.01,-1,27272,56192.69
IFAP,2015-05-26,2.06,2.06,2.03,2.05,-0.44,-0.01,-1,81120,166868.97
IFAP,2015-05-25,2.12,2.12,2.04,2.06,1.79,0.03,-1,150957,311942.16
IFAP,2015-05-24,2.07,2.07,1.95,2.03,4.69,0.09,-1,323945,657020.5
IFAP,2015-05-21,1.95,1.95,1.89,1.94,3.4,0.07,-1,77364,149705.53
IFAP,2015-05-20,1.9,1.9,1.85,1.87,-2.83,-0.06,-1,45141,84715.48
IFAP,2015-05-19,1.96,1.96,1.86,1.93,1.44,0.03,-1,87619,168506.59
IFAP,2015-05-18,1.9,1.9,1.76,1.9,10,0.17,-1,197967,375579.47
IFAP,2015-05-17,1.75,1.75,1.71,1.73,0.53,0.01,-1,25608,44231.4
IFAP,2015-05-14,1.77,1.77,1.67,1.72,-6.44,-0.12,-1,45650,78288.97
IFAP,2015-05-13,1.86,1.86,1.75,1.84,-1.94,-0.03,-1,33550,61531.88
IFAP,2015-05-12,1.9,1.9,1.85,1.87,-1.44,-0.03,-1,30544,57287.68
IFAP,2015-05-11,1.94,1.94,1.86,1.9,1.95,0.04,-1,49148,93382
IFAP,2015-05-10,1.87,1.87,1.85,1.86,-0.49,-0.01,-1,7590,14133
IFAP,2015-05-07,1.88,1.88,1.85,1.87,-0.96,-0.02,-1,43138,80638.93
IFAP,2015-05-06,1.91,1.91,1.88,1.89,0,0,-1,21652,40897.79
IFAP,2015-05-05,1.91,1.91,1.87,1.89,1.46,0.03,-1,32248,60961.12
IFAP,2015-05-04,1.88,1.88,1.85,1.86,0,0,-1,68750,128263.54
IFAP,2015-05-03,1.9,1.9,1.84,1.86,-1.91,-0.04,-1,89100,166160
IFAP,2015-04-30,1.93,1.93,1.88,1.9,1.95,0.04,-1,66414,125976.82
IFAP,2015-04-29,1.92,1.92,1.82,1.86,2.5,0.04,-1,32149,59810.42
IFAP,2015-04-28,1.84,1.84,1.81,1.82,-3.38,-0.06,-1,27885,50767.941406
IFAP,2015-04-27,1.95,1.95,1.82,1.88,-3.27,-0.07,-1,123189,231542.796875
IFAP,2015-04-26,1.96,1.96,1.94,1.95,-2.73,-0.05,-1,14630,28509
IFAP,2015-04-23,2.02,2.02,1.96,2,2.33,0.05,-1,12221,24464.900391
IFAP,2015-04-22,2,2,1.92,1.95,0,0,-1,38896,76014.796875
IFAP,2015-04-21,2.05,2.05,1.87,1.95,-4.02,-0.09,-1,128792,251307
IFAP,2015-04-20,2.08,2.08,1.99,2.04,2.28,0.05,-1,108537,221006.59375
IFAP,2015-04-19,2,2,1.99,1.99,-0.45,-0.01,-1,13860,27640
IFAP,2015-04-16,2.02,2.02,1.97,2,0,0,-1,14566,29146.560547
IFAP,2015-04-15,2.06,2.06,1.98,2,-1.79,-0.04,-1,89921,179821.828125
IFAP,2015-04-14,2.05,2.05,2,2.04,-0.44,-0.01,-1,73438,149337.84375
IFAP,2015-04-09,2.05,2.05,2.04,2.05,0,0,-1,41953,85759.726563
IFAP,2015-04-08,2.08,2.08,2.02,2.05,-1.32,-0.02,-1,45396,92909.992188
IFAP,2015-04-07,2.08,2.08,2.05,2.07,2.24,0.04,-1,7577,15694.769531
IFAP,2015-04-06,2.05,2.05,2,2.03,0,0,-1,104280,211068
IFAP,2015-04-05,2.04,2.04,2,2.03,-3.04,-0.06,-1,18789,38168.199219
IFAP,2015-04-02,2.14,2.14,2.03,2.09,-1.71,-0.04,-1,100102,209141.59375
IFAP,2015-04-01,2.24,2.24,2.1,2.13,-4.1,-0.09,-1,73196,155954.0625
IFAP,2015-03-31,2.26,2.26,2.19,2.22,2.52,0.06,-1,42310,93912.101563
IFAP,2015-03-30,2.19,2.19,2.14,2.16,1.71,0.03,-1,25864,55951.941406
IFAP,2015-03-29,2.17,2.17,2.07,2.13,2.63,0.06,-1,38830,82428.296875
IFAP,2015-03-26,2.12,2.12,2,2.07,0,0,-1,227473,472481.1875
IFAP,2015-03-25,2.19,2.19,2.01,2.07,-6.17,-0.14,-1,101646,210313.546875
IFAP,2015-03-24,2.24,2.24,2.19,2.21,-0.82,-0.02,-1,30943,68493.65625
IFAP,2015-03-23,2.26,2.26,2.18,2.23,-1.61,-0.03,-1,43153,95965.96875
IFAP,2015-03-22,2.27,2.27,2.25,2.26,-1.19,-0.03,-1,33818,76471.421875
IFAP,2015-03-19,2.36,2.36,2.26,2.29,-0.4,-0.01,-1,107325,245916.984375
IFAP,2015-03-18,2.32,2.32,2.28,2.3,-2.32,-0.05,-1,51904,119454.796875
IFAP,2015-03-17,2.37,2.37,2.3,2.35,0,0,-1,17930,42254
IFAP,2015-03-16,2.5,2.5,2.32,2.35,-1.89,-0.05,-1,17984,42399.871094
IFAP,2015-03-15,2.41,2.41,2.39,2.4,-0.75,-0.02,-1,21527,51717.5
IFAP,2015-03-12,2.48,2.48,2.36,2.42,-1.85,-0.04,-1,146936,354862
IFAP,2015-03-11,2.53,2.53,2.45,2.46,-2.87,-0.08,-1,55477,136837
IFAP,2015-03-10,2.62,2.62,2.45,2.54,0.72,0.02,-1,190009,482166.65625
IFAP,2015-03-09,2.56,2.56,2.48,2.52,0,0,-1,72774,183280.234375
IFAP,2015-03-08,2.61,2.61,2.44,2.52,4.53,0.11,-1,315764,793795.75
IFAP,2015-03-05,2.43,2.43,2.36,2.41,2.32,0.06,-1,16844,40617.578125
IFAP,2015-03-04,2.36,2.36,2.34,2.35,1.57,0.03,-1,4949,11647.400391
IFAP,2015-03-03,2.33,2.33,2.32,2.32,-1.92,-0.04,-1,31742,73682.796875
IFAP,2015-03-02,2.38,2.38,2.3,2.36,3.59,0.08,-1,49390,116581.921875
IFAP,2015-03-01,2.31,2.31,2.27,2.28,-0.4,-0.01,-1,22110,50406.289063
IFAP,2015-02-26,2.34,2.34,2.23,2.29,0.8,0.02,-1,36740,84180.578125
IFAP,2015-02-25,2.31,2.31,2.26,2.27,-2.34,-0.06,-1,84591,192437.703125
IFAP,2015-02-24,2.35,2.35,2.31,2.33,0.39,0.01,-1,12001,27931.800781
IFAP,2015-02-23,2.41,2.41,2.24,2.32,-2.67,-0.06,-1,51668,119852.429688
IFAP,2015-02-22,2.39,2.39,2.34,2.38,0.77,0.02,-1,4872,11589.070313
IFAP,2015-02-19,2.39,2.39,2.33,2.36,-1.52,-0.04,-1,59580,141016.84375
IFAP,2015-02-18,2.45,2.45,2.36,2.4,0.76,0.02,-1,30084,72146.351563
IFAP,2015-02-17,2.41,2.41,2.34,2.38,-2.6,-0.07,-1,50698,120743.726563
IFAP,2015-02-16,2.48,2.48,2.41,2.45,-2.18,-0.05,-1,48793,119391.5
IFAP,2015-02-15,2.54,2.54,2.49,2.5,-0.36,-0.01,-1,9900,24737
IFAP,2015-02-12,2.53,2.53,2.49,2.51,0,0,-1,20515,51482
IFAP,2015-02-11,2.59,2.59,2.47,2.51,-2.47,-0.06,-1,121888,305733.09375
IFAP,2015-02-10,2.61,2.61,2.51,2.57,1.8,0.04,-1,108458,279468.53125
IFAP,2015-02-09,2.56,2.56,2.51,2.53,-1.07,-0.02,-1,24993,63119.359375
IFAP,2015-02-08,2.58,2.58,2.53,2.55,-0.35,-0.01,-1,73235,187086.21875
IFAP,2015-02-05,2.59,2.59,2.55,2.56,-1.05,-0.03,-1,40363,103469.296875
IFAP,2015-02-04,2.62,2.62,2.55,2.59,0,0,-1,41231,106824.523438
IFAP,2015-02-03,2.6,2.6,2.55,2.59,2.89,0.07,-1,45134,116744
IFAP,2015-02-02,2.58,2.58,2.51,2.52,0,0,-1,112825,284379.375
IFAP,2015-02-01,2.55,2.55,2.51,2.52,-2.81,-0.07,-1,20900,52594.441406
IFAP,2015-01-29,2.63,2.63,2.57,2.59,-0.7,-0.02,-1,28080,72822.773438
IFAP,2015-01-28,2.64,2.64,2.58,2.61,-0.69,-0.02,-1,24952,65031.320313
IFAP,2015-01-27,2.67,2.67,2.58,2.63,1.05,0.03,-1,79036,207790.734375
IFAP,2015-01-26,2.65,2.65,2.55,2.6,2.14,0.05,-1,118271,307524.375
IFAP,2015-01-22,2.58,2.58,2.52,2.55,0.72,0.02,-1,33492,85279.351563
IFAP,2015-01-21,2.55,2.55,2.48,2.53,-0.36,-0.01,-1,34071,86164.960938
IFAP,2015-01-20,2.6,2.6,2.47,2.54,-0.36,-0.01,-1,62355,158393.875
IFAP,2015-01-19,2.59,2.59,2.52,2.55,0,0,-1,25982,66124.796875
IFAP,2015-01-18,2.55,2.55,2.53,2.55,-2.44,-0.06,-1,29327,74633.382813
IFAP,2015-01-15,2.65,2.65,2.54,2.61,-1.03,-0.03,-1,75217,196021.703125
IFAP,2015-01-14,2.7,2.7,2.57,2.64,1.4,0.04,-1,142209,374365.53125
IFAP,2015-01-13,2.63,2.63,2.57,2.6,1.42,0.04,-1,51326,133558.9375
IFAP,2015-01-12,2.58,2.58,2.55,2.56,0.71,0.01,-1,31263,80285.71875
IFAP,2015-01-11,2.55,2.55,2.55,2.55,-0.36,0,-1,19205,48937.5
IFAP,2015-01-08,2.57,2.57,2.55,2.55,1.44,0.03,-1,36081,92202.21875
IFAP,2015-01-06,2.55,2.55,2.48,2.52,-3.15,-0.08,-1,40501,101866.78125
IFAP,2015-01-05,2.64,2.64,2.57,2.6,1.42,0.04,-1,36255,94346.039063
IFAP,2015-01-04,2.61,2.61,2.55,2.56,1.81,0.04,-1,32594,83558
IFAP,2014-12-31,2.58,2.58,2.48,2.52,-1.42,-0.03,-1,65805,165561.78125
IFAP,2014-12-30,2.63,2.63,2.53,2.55,-1.4,-0.04,-1,60298,154148.03125
IFAP,2014-12-29,2.65,2.65,2.53,2.59,2.15,0.05,-1,82555,213858.78125
IFAP,2014-12-28,2.56,2.56,2.52,2.54,-0.36,-0.01,-1,21780,55292
IFAP,2014-12-25,2.6,2.6,2.5,2.55,-0.71,-0.01,-1,115089,292665.1875
IFAP,2014-12-24,2.61,2.61,2.49,2.56,1.08,0.02,-1,87460,224032.4375
IFAP,2014-12-23,2.65,2.65,2.47,2.54,0.72,0.02,-1,59198,150010.8125
IFAP,2014-12-22,2.55,2.55,2.48,2.52,0.36,0.01,-1,36957,92993.179688
IFAP,2014-12-21,2.63,2.63,2.49,2.51,3.76,0.09,-1,24393,61161.761719
IFAP,2014-12-18,2.47,2.47,2.36,2.42,3.1,0.07,-1,30525,73726.242188
IFAP,2014-12-17,2.47,2.47,2.22,2.35,-4.44,-0.1,-1,84439,197865.625
IFAP,2014-12-16,2.62,2.62,2.42,2.45,-4.93,-0.13,-1,20141,49379.699219
IFAP,2014-12-15,2.65,2.65,2.52,2.58,-2.74,-0.07,-1,107624,277763
IFAP,2014-12-14,2.78,2.78,2.58,2.65,-5.19,-0.15,-1,82580,219435
IFAP,2014-12-11,2.85,2.85,2.76,2.8,-2.53,-0.07,-1,89598,251281.765625
IFAP,2014-12-10,2.95,2.95,2.82,2.87,0,0,-1,109446,314292.1875
IFAP,2014-12-09,2.96,2.96,2.84,2.87,-2.47,-0.08,-1,103926,298685.125
IFAP,2014-12-08,3,3,2.93,2.95,-1.52,-0.04,-1,158736,467450.0625
IFAP,2014-12-07,3.03,3.03,2.95,2.99,0,0,-1,79715,238359.046875
IFAP,2014-12-04,3.03,3.03,2.98,2.99,0.61,0.02,-1,107756,322597.15625
IFAP,2014-12-03,3,3,2.92,2.97,0.62,0.02,-1,62629,186203.3125
IFAP,2014-12-02,3.04,3.04,2.91,2.95,-1.52,-0.05,-1,56716,167580.984375
IFAP,2014-12-01,3.08,3.08,2.96,3,-1.2,-0.04,-1,96140,288577.40625
IFAP,2014-11-30,3.09,3.09,3,3.04,-1.18,-0.03,-1,176792,536584.5
IFAP,2014-11-27,3.13,3.13,3.03,3.07,0.9,0.02,-1,246887,759313.875
IFAP,2014-11-26,3.09,3.09,3.01,3.05,0,0,-1,45122,137251.09375
IFAP,2014-11-25,3.12,3.12,2.95,3.05,2.13,0.07,-1,408818,1245833.875
IFAP,2014-11-24,3.09,3.09,2.95,2.98,-4.65,-0.15,-1,178284,531390.875
IFAP,2014-11-23,3.21,3.21,3.05,3.13,-3.64,-0.12,-1,406056,1269626.875
IFAP,2014-11-20,3.39,3.39,3.15,3.25,2.59,0.09,-1,267944,870627.375
IFAP,2014-11-19,3.23,3.23,2.91,3.16,7.74,0.22,-1,1148717,3636409.5
IFAP,2014-11-18,2.99,2.99,2.85,2.94,0.62,0.02,-1,56907,167213.15625
IFAP,2014-11-17,2.99,2.99,2.8,2.92,0.31,0.01,-1,142101,414093.875
IFAP,2014-11-16,2.97,2.97,2.88,2.91,-0.31,-0.01,-1,36468,106245.90625
IFAP,2014-11-13,2.95,2.95,2.88,2.92,0.31,0.01,-1,31350,91468.71875
IFAP,2014-11-12,2.99,2.99,2.88,2.91,-2.14,-0.06,-1,78606,228799.875
IFAP,2014-11-11,3.01,3.01,2.95,2.97,-0.61,-0.02,-1,42821,127474.6875
IFAP,2014-11-10,3.04,3.04,2.95,2.99,0.92,0.03,-1,104464,312866.78125
IFAP,2014-11-09,3,3,2.91,2.96,0.62,0.01,-1,74669,221321.8125
IFAP,2014-11-06,3,3,2.89,2.95,0.31,0.01,-1,110284,324641.5625
IFAP,2014-11-05,2.97,2.97,2.91,2.94,-0.31,-0.01,-1,108105,317581.53125
IFAP,2014-11-04,3,3,2.87,2.95,1.57,0.05,-1,134669,396322.09375
IFAP,2014-11-03,2.92,2.92,2.87,2.9,-0.62,-0.02,-1,90721,263068.34375
IFAP,2014-11-02,2.96,2.96,2.86,2.92,1.26,0.04,-1,60130,175622.265625
IFAP,2014-10-30,2.94,2.94,2.83,2.88,1.28,0.03,-1,98667,284631.90625
IFAP,2014-10-29,2.94,2.94,2.82,2.85,-0.63,-0.01,-1,99956,284858.75
IFAP,2014-10-28,2.95,2.95,2.78,2.86,4.65,0.12,-1,121946,348763.8125
IFAP,2014-10-27,2.8,2.8,2.73,2.74,-1.31,-0.03,-1,39824,109126.5
IFAP,2014-10-26,2.85,2.85,2.75,2.77,-1.93,-0.06,-1,45870,127251.976563
IFAP,2014-10-23,2.89,2.89,2.8,2.83,-0.96,-0.02,-1,105890,299183.28125
IFAP,2014-10-22,2.91,2.91,2.82,2.85,0.32,0,-1,107030,305370.65625
IFAP,2014-10-21,2.87,2.87,2.82,2.85,2.29,0.07,-1,84109,239570.28125
IFAP,2014-10-20,2.85,2.85,2.72,2.78,1.32,0.03,-1,106121,295274.25
IFAP,2014-10-19,2.91,2.91,2.68,2.75,-0.98,-0.02,-1,97204,267033.375
IFAP,2014-10-16,2.93,2.93,2.7,2.77,-7.29,-0.22,-1,287187,796944.875
IFAP,2014-10-15,3.12,3.12,2.89,2.99,2.81,0.08,-1,197860,592127.4375
IFAP,2014-10-14,3,3,2.85,2.91,-2.44,-0.07,-1,102045,296710.9375
IFAP,2014-10-13,3.09,3.09,2.78,2.98,-3.53,-0.11,-1,184027,548328.0625
IFAP,2014-10-12,3.25,3.25,2.95,3.09,-5.82,-0.19,-1,119408,369573.125
IFAP,2014-10-09,3.32,3.32,3.2,3.28,0.56,0.02,-1,85668,281479.15625
IFAP,2014-10-08,3.34,3.34,3.21,3.26,-0.28,-0.01,-1,23614,77028.710938
IFAP,2014-10-02,3.32,3.32,3.2,3.27,3.15,0.1,-1,211805,693891.75
IFAP,2014-10-01,3.24,3.24,3.09,3.17,0.29,0.01,-1,44718,141708.046875
IFAP,2014-09-30,3.2,3.2,3.05,3.16,3.88,0.11,-1,113685,359356.40625
IFAP,2014-09-29,3.06,3.06,3.03,3.05,1.52,0.05,-1,11238,34195.410156
IFAP,2014-09-28,3.08,3.08,2.97,3,-0.6,-0.02,-1,7627,22881.849609
IFAP,2014-09-25,3.09,3.09,2.98,3.02,-1.78,-0.05,-1,55270,166773.5625
IFAP,2014-09-24,3.1,3.1,3.05,3.07,0.3,0.01,-1,16273,49957.839844
IFAP,2014-09-23,3.07,3.07,3.05,3.06,-1.46,-0.05,-1,6512,19924.199219
IFAP,2014-09-22,3.17,3.17,3.06,3.11,-3.16,-0.05,-1,42375,131573.9375
IFAP,2014-09-21,3.19,3.19,3.08,3.16,-2.31,0.01,-1,60775,192076.796875
IFAP,2014-09-18,3.19,3.19,3.12,3.15,2.66,0.08,-1,168076,530573.4375
IFAP,2014-09-17,3.11,3.11,3.03,3.07,-0.88,-0.03,-1,21146,65021.511719
IFAP,2014-09-16,3.15,3.15,3.05,3.1,1.19,0.04,-1,26950,83455
IFAP,2014-09-15,3.12,3.12,3.01,3.06,-0.3,-0.01,-1,89261,273411
IFAP,2014-09-14,3.15,3.15,3.05,3.07,1.81,0.05,-1,44679,137346.515625
IFAP,2014-09-11,3.14,3.14,2.95,3.02,-2.35,-0.07,-1,60950,184143
IFAP,2014-09-10,3.26,3.26,2.95,3.09,-3.68,-0.12,-1,127621,394832
IFAP,2014-09-09,3.27,3.27,3.18,3.21,-1.94,-0.06,-1,90639,290887
IFAP,2014-09-08,3.33,3.33,3.23,3.27,-1.1,-0.04,-1,89734,293663
IFAP,2014-09-07,3.4,3.4,3.3,3.31,0.28,0.01,-1,56033,185431.546875
IFAP,2014-09-04,3.34,3.34,3.27,3.3,-1.63,-0.05,-1,162677,536999.875
IFAP,2014-09-03,3.4,3.4,3.33,3.35,-1.86,-0.07,-1,79314,266370.8125
IFAP,2014-09-02,3.47,3.47,3.39,3.42,-1.57,-0.05,-1,83075,283936.375
IFAP,2014-09-01,3.53,3.53,3.41,3.47,0.79,0.02,-1,281998,978519.6875
IFAP,2014-08-31,3.5,3.5,3.37,3.45,1.07,0.04,-1,151581,522175.21875
IFAP,2014-08-28,3.45,3.45,3.27,3.41,3.31,0.11,-1,196259,669145.75
IFAP,2014-08-27,3.36,3.36,3.25,3.3,-0.55,-0.02,-1,114327,377620.25
IFAP,2014-08-26,3.37,3.37,3.3,3.32,-1.88,-0.06,-1,255927,849063.75
IFAP,2014-08-25,3.44,3.44,3.34,3.38,-1.33,-0.05,-1,74413,251669.015625
IFAP,2014-08-24,3.47,3.47,3.32,3.43,2.72,0.09,-1,105650,362078.0625
IFAP,2014-08-21,3.4,3.4,3.31,3.34,-1.87,-0.06,-1,80806,269453.71875
IFAP,2014-08-20,3.52,3.52,3.35,3.4,-0.8,-0.03,-1,142619,485400.0625
IFAP,2014-08-19,3.49,3.49,3.4,3.43,-1.05,-0.03,-1,103217,354182.875
IFAP,2014-08-18,3.55,3.55,3.41,3.46,-2.31,-0.09,-1,198267,687148
IFAP,2014-08-17,3.63,3.63,3.44,3.55,3.45,0.12,-1,435169,1541905.375
IFAP,2014-08-14,3.49,3.49,3.32,3.43,0.8,0.03,-1,220944,756296.9375
IFAP,2014-08-13,3.45,3.45,3.35,3.4,-0.27,-0.01,-1,97427,331169.96875
IFAP,2014-08-12,3.45,3.45,3.38,3.41,-0.79,-0.03,-1,93869,319697.59375
IFAP,2014-08-11,3.55,3.55,3.39,3.44,-1.56,-0.05,-1,168211,578521.375
IFAP,2014-08-10,3.55,3.55,3.35,3.49,0.79,0.03,-1,380882,1329315.375
IFAP,2014-08-07,3.52,3.52,3.37,3.46,4.38,0.14,-1,517167,1791938.75
IFAP,2014-08-06,3.45,3.45,3.14,3.32,3.99,0.13,-1,456682,1513759.125
IFAP,2014-08-05,3.23,3.23,3.15,3.19,0,0,-1,69751,222290.625
IFAP,2014-08-04,3.23,3.23,3.18,3.19,-0.28,-0.01,-1,63843,203973.5
IFAP,2014-08-03,3.25,3.25,3.15,3.2,-0.56,-0.02,-1,166382,532141.125
IFAP,2014-07-31,3.25,3.25,3.14,3.22,1.45,0.07,-1,120991,389423.78125
IFAP,2014-07-27,3.19,3.19,3.13,3.15,-1.14,-0.03,-1,68763,216311.6875
IFAP,2014-07-24,3.2,3.2,3.14,3.18,1.74,0.05,-1,147718,469960.875
IFAP,2014-07-22,3.17,3.17,3.09,3.13,2.08,0.07,-1,66900,208986.984375
IFAP,2014-07-21,3.14,3.14,3.05,3.06,-1.46,-0.05,-1,65035,199484.65625
IFAP,2014-07-20,3.18,3.18,3.07,3.11,-2.84,-0.09,-1,76460,238007.625
IFAP,2014-07-17,3.26,3.26,3.14,3.2,1.73,0.05,-1,127073,406078.1875
IFAP,2014-07-16,3.22,3.22,3.03,3.15,3.9,0.12,-1,293208,922718.0625
IFAP,2014-07-15,3.05,3.05,3,3.03,1.52,0.05,-1,59675,180757.28125
IFAP,2014-07-14,3.02,3.02,2.96,2.98,0,0,-1,5861,17499.679688
IFAP,2014-07-13,3.02,3.02,2.95,2.98,-1.5,-0.05,-1,20339,60555.800781
IFAP,2014-07-10,3.06,3.06,3,3.03,-1.48,-0.04,-1,89089,269370.375
IFAP,2014-07-09,3.13,3.13,3.04,3.07,0,0,-1,101353,311666
IFAP,2014-07-08,3.1,3.1,3.02,3.07,2.42,0.07,-1,126474,388995.28125
IFAP,2014-07-07,3.06,3.06,2.96,3,-0.6,-0.02,-1,57860,173382.3125
IFAP,2014-07-06,3.09,3.09,2.91,3.02,0.91,0.03,-1,145147,438150.59375
IFAP,2014-07-03,3.05,3.05,2.92,2.99,3.13,0.09,-1,94842,284023.46875
IFAP,2014-07-02,2.98,2.98,2.82,2.9,0.63,0.02,-1,112011,324798.46875
IFAP,2014-06-30,2.95,2.95,2.8,2.88,2.59,0.07,-1,188183,542197.125
IFAP,2014-06-29,2.85,2.85,2.78,2.81,-3.44,-0.1,-1,87758,246209.015625
IFAP,2014-06-26,2.97,2.97,2.85,2.91,1.91,0.06,-1,42176,122823.546875
IFAP,2014-06-25,2.94,2.94,2.83,2.85,-3.98,-0.12,-1,79223,226071.765625
IFAP,2014-06-24,3.03,3.03,2.91,2.97,-2.39,-0.08,-1,114442,340412.875
IFAP,2014-06-23,3.11,3.11,2.98,3.05,0,0,-1,35081,106936.828125
IFAP,2014-06-22,3.05,3.05,3.05,3.05,0.6,0.02,-1,8800,26820
IFAP,2014-06-19,3.05,3.05,3,3.03,-0.89,-0.02,-1,19800,59971.839844
IFAP,2014-06-18,3.18,3.18,2.91,3.05,-0.88,-0.03,-1,63667,194351.53125
IFAP,2014-06-17,3.2,3.2,3,3.08,-2.02,-0.07,-1,68860,212146.015625
IFAP,2014-06-16,3.23,3.23,3.09,3.15,-1.98,-0.06,-1,165611,520681
IFAP,2014-06-15,3.27,3.27,3.16,3.21,-0.56,-0.02,-1,92766,298100.40625
IFAP,2014-06-12,3.35,3.35,3.16,3.23,-1.39,-0.04,-1,95904,309641.65625
IFAP,2014-06-11,3.3,3.3,3.23,3.27,1.12,0.03,-1,88997,291268.9375
IFAP,2014-06-10,3.32,3.32,3.18,3.24,-2.2,-0.07,-1,66980,216856.3125
IFAP,2014-06-09,3.4,3.4,3.23,3.31,2.54,0.08,-1,97440,322349.59375
IFAP,2014-06-05,3.29,3.29,3.17,3.23,4.72,0.15,-1,119770,386469.53125
IFAP,2014-06-04,3.15,3.15,2.97,3.08,1.19,0.03,-1,68691,211950.40625
IFAP,2014-06-03,3.09,3.09,3.01,3.05,0.6,0.02,-1,47565,144672.484375
IFAP,2014-06-02,3.13,3.13,2.97,3.03,2.46,0.08,-1,119804,362184.875
IFAP,2014-06-01,3.15,3.15,2.93,2.95,-8.96,-0.3,-1,107947,318935.3125
IFAP,2014-05-29,3.53,3.53,3.15,3.25,-7.03,-0.24,-1,228991,742437.875
IFAP,2014-05-28,3.55,3.55,3.45,3.49,-3.76,-0.14,-1,311204,1086789.25
IFAP,2014-05-26,3.78,3.78,3.52,3.63,1.01,0.04,-1,481296,1746022.125
IFAP,2014-05-25,3.66,3.66,3.58,3.62,0,0,-1,631206,2280210.75
IFAP,2014-05-22,3.65,3.65,3.57,3.62,0.96,0.04,-1,439338,1587757.75
IFAP,2014-05-21,3.64,3.64,3.53,3.58,-1.18,-0.05,-1,177238,634565.9375
IFAP,2014-05-20,3.7,3.7,3.55,3.63,-0.24,-0.01,-1,350778,1270933.25
IFAP,2014-05-19,3.66,3.66,3.6,3.64,-0.7,-0.01,-1,129917,472025.90625
IFAP,2014-05-18,3.72,3.72,3.62,3.65,1.18,0.03,-1,164207,601070.625
IFAP,2014-05-15,3.66,3.66,3.59,3.62,-0.47,-0.02,-1,458609,1656988.75
IFAP,2014-05-14,3.69,3.69,3.6,3.64,-0.24,0,-1,429209,1558061.625
IFAP,2014-05-13,3.74,3.74,3.6,3.64,-2.75,-0.11,-1,436261,1588441.5
IFAP,2014-05-12,3.83,3.83,3.66,3.75,-1.58,-0.05,-1,555869,2079742.875
IFAP,2014-05-11,3.87,3.87,3.71,3.8,3.5,0.13,-1,661863,2517423.25
IFAP,2014-05-08,3.78,3.78,3.41,3.67,4.89,0.17,-1,1125391,4135158
IFAP,2014-05-07,3.62,3.62,3.4,3.5,3.28,0.11,-1,562057,1969715.875
IFAP,2014-05-06,3.44,3.44,3.36,3.39,1.28,0.04,-1,162293,551153.75
IFAP,2014-05-05,3.43,3.43,3.31,3.35,-2.01,-0.07,-1,177493,594044.3125
IFAP,2014-05-04,3.46,3.46,3.35,3.42,1.01,0.04,-1,208783,713376.875
IFAP,2014-04-30,3.45,3.45,3.34,3.38,2.07,0.06,-1,282300,954650.125
IFAP,2014-04-29,3.43,3.43,3.24,3.32,-1.53,-0.04,-1,87870,291134.0625
IFAP,2014-04-28,3.48,3.48,3.27,3.36,-2.24,-0.09,-1,134261,451943.40625
IFAP,2014-04-27,3.55,3.55,3.39,3.45,-2.19,-0.07,-1,171893,591236.125
IFAP,2014-04-23,3.6,3.6,3.49,3.52,-2.14,-0.08,-1,205546,723651.125
IFAP,2014-04-22,3.65,3.65,3.55,3.6,0.48,0.02,-1,141547,509530.21875
IFAP,2014-04-17,3.63,3.63,3.45,3.58,1.46,0.05,-1,193093,690802.625
IFAP,2014-04-16,3.58,3.58,3.49,3.53,-0.24,-0.01,-1,159386,561978.6875
IFAP,2014-04-15,3.58,3.58,3.47,3.54,2.23,0.08,-1,129788,459375.28125
IFAP,2014-04-14,3.51,3.51,3.36,3.46,0,0,-1,133476,462101.65625
IFAP,2014-04-13,3.63,3.63,3.35,3.46,-2.65,-0.09,-1,230969,799228.375
IFAP,2014-04-10,3.68,3.68,3.4,3.55,4.53,0.15,-1,283008,1006781.625
IFAP,2014-04-09,3.58,3.58,3.17,3.4,3.93,0.13,-1,317840,1081414
IFAP,2014-04-08,3.35,3.35,3.17,3.27,7,0.22,-1,178864,585012.125
IFAP,2014-04-07,3.21,3.21,2.91,3.05,-4.03,-0.14,-1,219844,672661.9375
IFAP,2014-04-06,3.45,3.45,2.95,3.19,-2.62,-0.08,-1,189829,604702.6875
IFAP,2014-04-03,3.51,3.51,3.16,3.27,-6.37,-0.22,-1,128065,419588.34375
IFAP,2014-04-02,3.78,3.78,3.41,3.49,-7.69,-0.29,-1,467276,1631788
IFAP,2014-04-01,3.84,3.84,3.72,3.78,1.38,0.04,-1,129459,490313.4375
IFAP,2014-03-31,4.15,4.15,3.63,3.74,-7.04,-0.28,-1,184338,688339.5
IFAP,2014-03-30,4.09,4.09,3.9,4.02,-4.29,-0.18,-1,124846,501953.4375
IFAP,2014-03-27,4.43,4.43,3.97,4.2,-4.85,-0.21,-1,316669,1328964.625
IFAP,2014-03-26,4.51,4.51,4.35,4.41,-0.77,-0.04,-1,308158,1360409
IFAP,2014-03-25,4.56,4.56,4.36,4.45,0.58,0.03,-1,256936,1142427
IFAP,2014-03-24,4.55,4.55,4.31,4.42,0.39,0.02,-1,404413,1789003.75
IFAP,2014-03-23,4.52,4.52,4.34,4.4,-1.15,-0.05,-1,243383,1071670.875
IFAP,2014-03-20,4.51,4.51,4.38,4.45,-0.95,-0.05,-1,219682,978139.6875
IFAP,2014-03-19,4.58,4.58,4.4,4.5,-0.38,-0.02,-1,270855,1217318.5
IFAP,2014-03-18,4.58,4.58,4.46,4.52,0,0,-1,233943,1056269.125
IFAP,2014-03-17,4.65,4.65,4.25,4.52,4.36,0.19,-1,809849,3658793.5
IFAP,2014-03-16,4.52,4.52,4.2,4.33,-2.32,-0.1,-1,318032,1377056.875
IFAP,2014-03-13,4.51,4.51,4.35,4.43,1.37,0.06,-1,483910,2141541.75
IFAP,2014-03-12,4.54,4.54,4.28,4.37,-3.23,-0.15,-1,347278,1515898.5
IFAP,2014-03-11,4.6,4.6,4.38,4.52,-2.77,-0.13,-1,581698,2624499.5
IFAP,2014-03-10,4.75,4.75,4.54,4.65,2.46,0.12,-1,716883,3330771.75
IFAP,2014-03-09,4.64,4.64,4.18,4.53,7.52,0.31,-1,1939003,8791939
IFAP,2014-03-06,4.31,4.31,4.08,4.22,-1.8,-0.07,-1,328270,1382429.375
IFAP,2014-03-05,4.37,4.37,4.23,4.29,-0.2,-0.01,-1,332507,1425689.25
IFAP,2014-03-04,4.37,4.37,4.2,4.3,0.8,0.04,-1,352284,1515927.75
IFAP,2014-03-03,4.45,4.45,4.19,4.26,-3.68,-0.17,-1,510261,2178813.5
IFAP,2014-03-02,4.62,4.62,4.32,4.43,-3.36,-0.15,-1,533432,2362581.5
IFAP,2014-02-27,4.66,4.66,4.5,4.58,2.69,0.12,-1,529927,2426901.25
IFAP,2014-02-26,4.53,4.53,4.35,4.46,-0.76,-0.04,-1,457072,2041554
IFAP,2014-02-25,4.69,4.69,4.34,4.5,-3.67,-0.17,-1,703496,3166076.5
IFAP,2014-02-24,4.76,4.76,4.59,4.67,-1.45,-0.07,-1,433602,2024211.875
IFAP,2014-02-23,4.84,4.84,4.61,4.74,-0.180505,-0.01,-1,600259,2841397.75
IFAP,2014-02-20,4.81,4.81,4.64,4.75,1.84,0.09,-1,682323,3237859.5
IFAP,2014-02-19,4.75,4.75,4.63,4.66,-1.63,-0.08,-1,419395,1955778.625
IFAP,2014-02-18,4.85,4.85,4.67,4.74,-1.25,-0.06,-1,738866,3498278.25
IFAP,2014-02-17,4.85,4.85,4.75,4.8,-1.58,-0.07,-1,604472,2900537.5
IFAP,2014-02-16,4.99,4.99,4.75,4.87,0.89,0.04,-1,778177,3791365
IFAP,2014-02-13,4.88,4.88,4.75,4.83,0.36,0.01,-1,520493,2516429.75
IFAP,2014-02-12,4.89,4.89,4.75,4.82,-0.18,-0.01,-1,504908,2430109
IFAP,2014-02-11,4.92,4.92,4.72,4.83,0.72,0.04,-1,490323,2364216.75
IFAP,2014-02-10,4.87,4.87,4.67,4.79,-0.89,-0.04,-1,528663,2529329.25
IFAP,2014-02-09,4.96,4.96,4.71,4.83,-2.93,-0.14,-1,960198,4639563
IFAP,2014-02-06,5.16,5.16,4.81,4.97,0.87,0.03,-1,1642779,8182224.5
IFAP,2014-02-05,5.04,5.04,4.8,4.94,4.16,0.2,-1,1117575,5513789
IFAP,2014-02-04,4.95,4.95,4.39,4.74,5.33,0.24,-1,1938756,9183627
IFAP,2014-02-03,4.63,4.63,4.42,4.5,-3.31,-0.15,-1,1262983,5677627
IFAP,2014-02-02,4.85,4.85,4.47,4.65,-0.37,-0.02,-1,936065,4352474.5
IFAP,2014-01-30,4.8,4.8,4.55,4.67,6.24,0.28,-1,1315443,6144620
IFAP,2014-01-29,4.48,4.48,4.01,4.39,7.77,0.31,-1,2513051,11047869
IFAP,2014-01-28,4.13,4.13,3.98,4.08,1.93,0.08,-1,506026,2062151.75
IFAP,2014-01-27,4.07,4.07,3.94,4,-0.43,-0.02,-1,276955,1107911.25
IFAP,2014-01-26,4.15,4.15,3.93,4.02,-0.42,-0.02,-1,369237,1484783
IFAP,2014-01-23,4.15,4.15,3.94,4.04,2.61,0.1,-1,946322,3818662
IFAP,2014-01-22,3.98,3.98,3.87,3.94,0.66,0.03,-1,263234,1034295.6875
IFAP,2014-01-21,3.95,3.95,3.83,3.91,0.88,0.04,-1,493676,1930093.75
IFAP,2014-01-20,3.98,3.98,3.78,3.87,0.44,0.02,-1,455589,1765304.375
IFAP,2014-01-19,3.95,3.95,3.75,3.85,0.45,0.01,-1,435048,1677834.875
IFAP,2014-01-16,3.98,3.98,3.74,3.84,-1.32,-0.05,-1,399108,1531235.25
IFAP,2014-01-15,4.09,4.09,3.77,3.89,-1.94,-0.07,-1,1185173,4610373
IFAP,2014-01-14,4.23,4.23,3.78,3.96,2.66,0.1,-1,1250324,4959797
IFAP,2014-01-12,3.94,3.94,3.58,3.86,7.64,0.27,-1,1375529,5318642
IFAP,2014-01-09,3.84,3.84,3.48,3.59,0.24,0.01,-1,1155224,4143872.25
IFAP,2014-01-08,3.61,3.61,3.34,3.58,9.14,0.3,-1,1736479,6217557
IFAP,2014-01-06,3.34,3.34,3.08,3.28,8.19,0.24,-1,1219324,4004168.5
IFAP,2014-01-05,3.11,3.11,2.91,3.04,4.42,0.14,-1,947046,2870771
IFAP,2014-01-02,2.95,2.95,2.86,2.9,1.5,0.04,-1,184345,534739.4375
IFAP,2013-12-31,2.94,2.94,2.84,2.86,-0.6,-0.02,-1,221828,634856.75
IFAP,2013-12-30,2.92,2.92,2.85,2.88,-1.47,-0.04,-1,318129,916027
IFAP,2013-12-29,3,3,2.85,2.92,2.71,0.07,-1,470281,1374738.75
IFAP,2013-12-26,2.91,2.91,2.71,2.85,4.73,0.13,-1,967980,2750036.5
IFAP,2013-12-25,2.75,2.75,2.7,2.72,0.96,0.03,-1,105188,286088.1875
IFAP,2013-12-24,2.72,2.72,2.65,2.69,-0.32,-0.01,-1,73270,196991.578125
IFAP,2013-12-23,2.74,2.74,2.68,2.7,-1.25,-0.04,-1,119383,322086.5
IFAP,2013-12-22,2.76,2.76,2.71,2.74,-0.93,-0.01,-1,70451,192759.078125
IFAP,2013-12-19,2.78,2.78,2.73,2.75,0.94,0.01,-1,208854,576098
IFAP,2013-12-18,2.75,2.75,2.71,2.74,-0.31,-0.01,-1,70359,192162.9375
IFAP,2013-12-17,2.75,2.75,2.73,2.75,0.95,0.03,-1,165044,452051.96875
IFAP,2013-12-16,2.75,2.75,2.69,2.72,-0.63,-0.02,-1,97419,264234.71875
IFAP,2013-12-15,2.77,2.77,2.71,2.74,0.31,0.01,-1,180666,494251.09375
IFAP,2013-12-12,2.75,2.75,2.69,2.73,2.25,0.07,-1,226931,618238
IFAP,2013-12-11,2.69,2.69,2.65,2.66,0.32,0.01,-1,45838,122093.101563
IFAP,2013-12-10,2.69,2.69,2.63,2.65,-0.32,-0.01,-1,106913,284287.4375
IFAP,2013-12-09,2.72,2.72,2.63,2.66,-1.58,-0.05,-1,100403,267102.375
IFAP,2013-12-08,2.74,2.74,2.67,2.71,1.28,0.04,-1,149923,405573.8125
IFAP,2013-12-05,2.7,2.7,2.65,2.67,0.32,0.01,-1,80535,215230.65625
IFAP,2013-12-04,2.7,2.7,2.63,2.66,0.65,0.01,-1,129000,344087.1875
IFAP,2013-12-03,2.68,2.68,2.62,2.65,-1.59,-0.04,-1,63147,167153.375
IFAP,2013-12-02,2.75,2.75,2.63,2.69,-1.57,-0.05,-1,184125,494602.28125
IFAP,2013-12-01,2.75,2.75,2.7,2.74,0.31,0.01,-1,229547,627521.125
IFAP,2013-11-28,2.76,2.76,2.68,2.73,-1.24,-0.02,-1,166150,452400.34375
IFAP,2013-11-27,2.85,2.85,2.7,2.75,-1.83,-0.06,-1,301418,830822.3125
IFAP,2013-11-26,2.85,2.85,2.77,2.81,-2.67,-0.08,-1,167320,470388.625
IFAP,2013-11-25,2.95,2.95,2.79,2.89,-0.88,-0.02,-1,314113,905681.0625
IFAP,2013-11-24,2.96,2.96,2.85,2.91,0.29,0.01,-1,246701,719109.1875
IFAP,2013-11-21,2.96,2.96,2.83,2.9,2.11,0.05,-1,884015,2569896.75
IFAP,2013-11-20,2.89,2.89,2.79,2.85,0.61,0.02,-1,160256,455893.6875
IFAP,2013-11-19,2.86,2.86,2.75,2.83,1.85,0.06,-1,195449,552737.5625
IFAP,2013-11-18,2.81,2.81,2.75,2.77,1.25,0.02,-1,146292,405494.71875
IFAP,2013-11-17,2.77,2.77,2.74,2.75,0,0,-1,161327,442525.16
IFAP,2013-11-14,2.79,2.79,2.71,2.75,-0.62,0,-1,126287,346052.15625
IFAP,2013-11-13,2.79,2.79,2.74,2.75,-2.72,-0.09,-1,254142,701565.8125
IFAP,2013-11-12,2.92,2.92,2.75,2.84,-1.49,-0.04,-1,197144,558268.6875
IFAP,2013-11-11,2.93,2.93,2.85,2.88,-1.75,-0.05,-1,308890,890147.75
IFAP,2013-11-10,2.97,2.97,2.88,2.93,-0.29,-0.01,-1,455013,1332991.5
IFAP,2013-11-07,2.99,2.99,2.87,2.94,3.31,0.09,-1,1017763,2990447
IFAP,2013-11-06,2.89,2.89,2.81,2.85,1.84,0.06,-1,512906,1460868
IFAP,2013-11-04,2.81,2.81,2.74,2.79,1.87,0.04,-1,139145,388101.53125
IFAP,2013-11-03,2.78,2.78,2.72,2.75,0,0,-1,82358,225646.9375
IFAP,2013-10-31,2.8,2.8,2.72,2.75,0.31,0.01,-1,118106,324017.90625
IFAP,2013-10-30,2.77,2.77,2.72,2.74,-0.62,-0.01,-1,61607,168475.34375
IFAP,2013-10-29,2.78,2.78,2.71,2.75,0.94,0.02,-1,155520,428029.90625
IFAP,2013-10-28,2.78,2.78,2.68,2.73,-4.22,-0.12,-1,237975,648663.8125
IFAP,2013-10-27,2.87,2.87,2.78,2.85,2.15,0.07,-1,309728,879939.25
IFAP,2013-10-24,2.82,2.82,2.76,2.78,-0.91,-0.03,-1,187873,523702.21875
IFAP,2013-10-23,2.85,2.85,2.77,2.81,-0.91,-0.03,-1,168068,472052.75
IFAP,2013-10-22,2.89,2.89,2.79,2.84,-0.6,-0.01,-1,292448,829167.75
IFAP,2013-10-21,2.88,2.88,2.8,2.85,1.52,0.04,-1,428691,1221897.375
IFAP,2013-10-20,2.85,2.85,2.75,2.81,2.5,0.06,-1,552211,1553805
IFAP,2013-10-13,2.75,2.75,2.72,2.75,0.63,0.02,-1,288529,789912.5
IFAP,2013-10-10,2.75,2.75,2.7,2.73,0.32,0.01,-1,190502,518995.0625
IFAP,2013-10-09,2.74,2.74,2.68,2.72,-0.63,-0.02,-1,68765,186547.203125
IFAP,2013-10-08,2.76,2.76,2.7,2.74,0.31,0.01,-1,295671,807268.5
IFAP,2013-10-07,2.75,2.75,2.7,2.73,1.6,0.05,-1,290164,790654
IFAP,2013-10-03,2.72,2.72,2.64,2.68,0.32,0.01,-1,233618,625748.1875
IFAP,2013-10-02,2.77,2.77,2.59,2.67,-3.11,-0.08,-1,470397,1257147.75
IFAP,2013-10-01,2.8,2.8,2.72,2.75,1.9,0.04,-1,351624,970858.0625
IFAP,2013-09-30,2.75,2.75,2.65,2.71,-1.86,-0.04,-1,502379,1361468
IFAP,2013-09-29,2.82,2.82,2.7,2.75,1.89,0.04,-1,669391,1847311.75
IFAP,2013-09-26,2.75,2.75,2.59,2.71,5.98,0.13,-1,1112442,3009908
IFAP,2013-09-25,2.6,2.6,2.55,2.58,-2.3,-0.03,-1,304598,785546.25
IFAP,2013-09-24,2.66,2.66,2.58,2.61,-1.3,-0.03,-1,383285,1002806.3125
IFAP,2013-09-23,2.67,2.67,2.6,2.64,1.33,0.06,-1,520488,1374224.125
IFAP,2013-09-22,2.61,2.61,2.55,2.58,3.05,0.05,-1,460693,1188226.25
IFAP,2013-09-19,2.55,2.55,2.48,2.53,0.34,0,-1,94579,238760.5
IFAP,2013-09-18,2.57,2.57,2.46,2.53,-2.36,-0.02,-1,335486,848234.875
IFAP,2013-09-17,2.6,2.6,2.48,2.55,-2.68,-0.01,-1,385611,980043.5625
IFAP,2013-09-16,2.6,2.6,2.52,2.56,-1.34,0,-1,360993,925727.125
IFAP,2013-09-15,2.6,2.6,2.5,2.56,1.01,0.02,-1,241709,619190.25
IFAP,2013-09-12,2.58,2.58,2.48,2.54,-1.02,0.02,-1,425240,1079985.5
IFAP,2013-09-11,2.56,2.56,2.44,2.52,2.09,0.07,-1,906650,2281279.5
IFAP,2013-09-10,2.5,2.5,2.42,2.45,3.6,0.07,-1,408178,1002846.75
IFAP,2013-09-09,2.41,2.41,2.34,2.38,1.08,0,-1,153927,366409.59375
IFAP,2013-09-08,2.43,2.43,2.33,2.38,-0.37,0.04,-1,244034,580471.1875
IFAP,2013-09-05,2.39,2.39,2.31,2.34,-0.73,0,-1,211225,493854.53125
IFAP,2013-09-04,2.38,2.38,2.3,2.34,-2.15,-0.05,-1,196827,460943.59375
IFAP,2013-09-03,2.45,2.45,2.34,2.39,-3.19,-0.03,-1,238226,569872.5625
IFAP,2013-09-02,2.47,2.47,2.35,2.42,-2.13,0,-1,316025,763497.25
IFAP,2013-09-01,2.46,2.46,2.37,2.42,-0.72,0.03,-1,292767,706384.4375
IFAP,2013-08-29,2.42,2.42,2.36,2.39,0.73,0.04,-1,221085,527662.125
IFAP,2013-08-28,2.42,2.42,2.3,2.35,-5.21,-0.11,-1,394923,928863.25
IFAP,2013-08-27,2.58,2.58,2.4,2.46,-6.02,-0.1,-1,469429,1156823.875
IFAP,2013-08-26,2.61,2.61,2.45,2.56,4.15,0.09,-1,730901,1869668.125
IFAP,2013-08-25,2.51,2.51,2.4,2.47,3.55,0.05,-1,458890,1135719
IFAP,2013-08-22,2.45,2.45,2.39,2.42,0,0.01,-1,169904,409876.65625
IFAP,2013-08-21,2.45,2.45,2.38,2.41,-1.07,0,-1,238993,574571.5625
IFAP,2013-08-20,2.45,2.45,2.38,2.41,2.57,0.08,-1,388916,936452.5625
IFAP,2013-08-19,2.4,2.4,2.27,2.33,2.6,0.03,-1,170259,397261.3125
IFAP,2013-08-18,2.4,2.4,2.25,2.3,-3.61,-0.07,-1,254588,586026.125
IFAP,2013-08-14,2.45,2.45,2.31,2.37,-4.51,-0.09,-1,240568,570712.4375
IFAP,2013-08-13,2.52,2.52,2.4,2.46,2.86,0.06,-1,427922,1054111
IFAP,2013-08-12,2.45,2.45,2.3,2.4,0.36,0.05,-1,275640,660565.75
IFAP,2013-08-07,2.4,2.4,2.33,2.35,-1.79,-0.05,-1,118171,278076.09375
IFAP,2013-08-06,2.43,2.43,2.35,2.4,1.07,0,-1,144817,346945.40625
IFAP,2013-08-05,2.44,2.44,2.35,2.4,-1.43,0,-1,133813,321035.75
IFAP,2013-08-04,2.43,2.43,2.35,2.4,1.09,0.05,-1,273464,656288.875
IFAP,2013-08-01,2.37,2.37,2.31,2.35,0.75,0.05,-1,163108,383553.59375
IFAP,2013-07-31,2.35,2.35,2.25,2.3,-0.37,0,-1,257895,592546.125
IFAP,2013-07-30,2.34,2.34,2.27,2.3,-1.48,-0.02,-1,41009,94354.320313
IFAP,2013-07-29,2.39,2.39,2.22,2.32,0.75,0.03,-1,315361,732633.125
IFAP,2013-07-28,2.31,2.31,2.25,2.29,0.38,0.04,-1,28046,64061.101563
IFAP,2013-07-25,2.31,2.31,2.07,2.25,0.76,-0.01,-1,156915,353567.53125
IFAP,2013-07-24,2.38,2.38,2.17,2.26,-7.47,-0.15,-1,209628,474124.09375
IFAP,2013-07-22,2.45,2.45,2.35,2.41,0,0.04,-1,153163,369018.25
IFAP,2013-07-21,2.42,2.42,2.29,2.37,4.92,0.11,-1,287140,682516.8125
IFAP,2013-07-18,2.29,2.29,2.24,2.26,0,-0.01,-1,87628,197847.734375
IFAP,2013-07-17,2.35,2.35,2.25,2.27,-0.75,0,-1,99919,226975.125
IFAP,2013-07-16,2.33,2.33,2.23,2.27,2.66,0.02,-1,385617,874834.25
IFAP,2013-07-15,2.32,2.32,2.22,2.25,-2.21,-0.07,-1,88092,198733.078125
IFAP,2013-07-14,2.37,2.37,2.27,2.32,-2.55,-0.03,-1,67201,155994.40625
IFAP,2013-07-11,2.42,2.42,2.32,2.35,-3.19,-0.07,-1,195516,459444.53125
IFAP,2013-07-10,2.46,2.46,2.28,2.42,6.11,0.17,-1,285982,690982.8125
IFAP,2013-07-09,2.28,2.28,2.15,2.25,8.64,0.17,-1,175974,395092.78125
IFAP,2013-07-08,2.24,2.24,2.04,2.08,-8.46,-0.15,-1,279205,582246.25
IFAP,2013-07-07,2.3,2.3,2.15,2.23,2.75,0.05,-1,372398,829197.5625
IFAP,2013-07-04,2.4,2.4,2.36,2.4,9.91,0.21,-1,21999,52836.5
IFAP,2013-07-03,2.25,2.25,2.03,2.19,2.63,0.04,-1,325273,712407.875
IFAP,2013-07-02,2.18,2.18,2.06,2.15,10,0.17,-1,234888,503795.46875
IFAP,2013-06-30,2.01,2.01,1.96,1.98,0,-0.02,-1,93282,184699.953125
IFAP,2013-06-27,2.04,2.04,1.94,2,0.47,0.01,-1,156224,311479.25
IFAP,2013-06-26,2.03,2.03,1.96,1.99,-7.89,-0.16,-1,133286,265476.03125
IFAP,2013-06-25,2.19,2.19,2.1,2.15,4.55,0.08,-1,281063,603946.1875
IFAP,2013-06-24,2.12,2.12,2.04,2.07,4.17,0.03,-1,60236,125051.601563
IFAP,2013-06-23,2.07,2.07,2.02,2.04,-0.46,0,-1,116958,238290.796875
IFAP,2013-06-20,2.08,2.08,2,2.04,0.94,0.03,-1,110447,225201.40625
