Symbol,Date Range,Open,High,Low,Closed,% Change,Change,Prev. Closed,Volume,Turnover
KABO,2026-09-07,9.28,9.28,9.03,9.15,-0.11,-0.01,-1,3021680,27693412
KABO,2026-09-06,9.4,9.4,9.1,9.16,-0.76,-0.07,-1,4534636,41813440
KABO,2026-09-03,9.46,9.46,9.04,9.23,1.76,0.16,-1,4722635,43279988
KABO,2026-09-02,9.65,9.65,9.06,9.07,-2.47,-0.23,-1,4475667,41091180
KABO,2026-09-01,9.6,9.6,9.3,9.3,-1.69,-0.16,-1,3173837,30062546
KABO,2026-08-31,9.48,9.48,9.11,9.46,2.71,0.25,-1,7297114,67677016
KABO,2026-08-30,9.54,9.54,9.16,9.21,1.1,0.1,-1,8769324,81807872
KABO,2026-08-26,9.22,9.22,8.92,9.11,1.22,0.11,-1,4407634,40125900
KABO,2026-08-25,9.25,9.25,8.9,9,0,0,-1,3924117,35636312
KABO,2026-08-24,9.24,9.24,8.97,9,-1.32,-0.12,-1,3294331,30041658
KABO,2026-08-23,9.28,9.28,9.1,9.12,0.77,0.07,-1,9132632,83990656
KABO,2026-08-20,9.17,9.17,8.82,9.05,0,0,-1,8468833,76191104
KABO,2026-08-19,9.3,9.3,9.01,9.05,-0.98,-0.09,-1,3031588,27786770
KABO,2026-08-18,9.75,9.75,9.1,9.14,-4.99,-0.48,-1,9981153,93324728
KABO,2026-08-17,9.66,9.66,9.2,9.62,3.33,0.31,-1,7817607,73956296
KABO,2026-08-16,9.85,9.85,8.77,9.31,6.16,0.54,-1,24651336,230804608
KABO,2026-08-13,8.78,8.78,8.58,8.77,2.1,0.18,-1,4204276,36496759
KABO,2026-08-12,8.66,8.66,8.49,8.59,0.82,0.07,-1,1080471,9250111
KABO,2026-08-11,8.77,8.77,8.47,8.52,0.47,0.04,-1,5637609,48547940
KABO,2026-08-10,8.78,8.78,8.46,8.48,-0.47,-0.04,-1,8908870,76556496
KABO,2026-08-09,8.54,8.54,8,8.52,6.5,0.52,-1,7675080,64316032
KABO,2026-08-06,8.3,8.3,7.94,8,-2.32,-0.19,-1,2567838,20702048
KABO,2026-08-05,8.32,8.32,8.01,8.19,-1.33,-0.11,-1,2252277,18399610
KABO,2026-08-04,8.3,8.3,8.01,8.3,1.84,0.15,-1,4428215,36454520
KABO,2026-08-03,8.2,8.2,7.86,8.15,2.9,0.23,-1,2708107,21860880
KABO,2026-08-02,8.24,8.24,7.88,7.92,-1.98,-0.16,-1,2588085,20760638
KABO,2026-07-30,8.1,8.1,7.75,8.08,-0.25,-0.02,-1,2721102,21586872
KABO,2026-07-29,8.25,8.25,7.9,8.1,-1.22,-0.1,-1,3021990,24310548
KABO,2026-07-28,8.85,8.85,8.17,8.2,-4.87,-0.42,-1,6059638,51077692
KABO,2026-07-27,8.9,8.9,8.46,8.62,0.47,0.04,-1,3621984,31485352
KABO,2026-07-26,8.78,8.78,8.4,8.58,-2.5,-0.22,-1,4240002,36371548
KABO,2026-07-22,8.8,8.8,8.49,8.8,2.21,0.19,-1,3068511,26527952
KABO,2026-07-21,8.61,8.61,8.14,8.61,4.87,0.4,-1,9900461,83400240
KABO,2026-07-20,8.32,8.32,7.99,8.21,2.75,0.22,-1,11138777,91068720
KABO,2026-07-19,7.99,7.99,7.56,7.99,3.77,0.29,-1,7248425,56781180
KABO,2026-07-16,7.77,7.77,7.57,7.7,0.13,0.01,-1,3082012,23638944
KABO,2026-07-15,7.83,7.83,7.66,7.69,-0.52,-0.04,-1,5079885,39317308
KABO,2026-07-14,7.74,7.74,7.4,7.73,2.93,0.22,-1,6108051,46452028
KABO,2026-07-13,7.67,7.67,7.49,7.51,-0.53,-0.04,-1,3137112,23743142
KABO,2026-07-12,7.64,7.64,7.42,7.55,2.03,0.15,-1,7551582,56709424
KABO,2026-07-09,7.53,7.53,7.35,7.4,0.14,0.01,-1,3792786,28088606
KABO,2026-07-08,7.58,7.58,7.28,7.39,0.54,0.04,-1,6595964,48985280
KABO,2026-07-07,7.61,7.61,6.97,7.35,4.85,0.34,-1,14197715,104763376
KABO,2026-07-06,7.1,7.1,6.57,7.01,9.53,0.61,-1,21017067,144973520
KABO,2026-07-05,6.43,6.43,6.33,6.4,0.79,0.05,-1,2141663,13686302
KABO,2026-07-01,6.4,6.4,6.26,6.35,-0.31,-0.02,-1,2198392,13916596
KABO,2026-06-30,6.38,6.38,6.21,6.37,1.76,0.11,-1,3209359,20222272
KABO,2026-06-29,6.29,6.29,6.04,6.26,1.46,0.09,-1,2963827,18324816
KABO,2026-06-28,6.4,6.4,6.16,6.17,-0.32,-0.02,-1,4405357,27527550
KABO,2026-06-25,6.21,6.21,6.11,6.19,0.16,0.01,-1,724457,4467396.5
KABO,2026-06-24,6.29,6.29,6.1,6.18,1.48,0.09,-1,2229483,13833675
KABO,2026-06-23,6.19,6.19,6.07,6.09,-0.98,-0.06,-1,620482,3796433
KABO,2026-06-22,6.24,6.24,6.13,6.15,-1.44,-0.09,-1,748059,4626696
KABO,2026-06-21,6.35,6.35,6.22,6.24,-0.95,-0.06,-1,1335365,8359404.5
KABO,2026-06-17,6.31,6.31,6.18,6.3,1.12,0.07,-1,1650013,10295267
KABO,2026-06-16,6.24,6.24,6.15,6.23,-0.96,-0.06,-1,1058692,6555883
KABO,2026-06-15,6.35,6.35,6.15,6.24,-0.32,-0.02,-1,1141088,7123250
KABO,2026-06-14,6.37,6.37,6.22,6.26,-0.16,-0.01,-1,1001225,6317462.5
KABO,2026-06-11,6.34,6.34,5.96,6.3,1.61,0.1,-1,2277096,13932143
KABO,2026-06-10,6.48,6.48,6.19,6.2,-2.67,-0.17,-1,3278831,20811734
KABO,2026-06-09,6.38,6.38,6.25,6.37,1.27,0.08,-1,2113721,13341119
KABO,2026-06-08,6.37,6.37,6.27,6.29,-1.26,-0.08,-1,1684112,10637835
KABO,2026-06-07,6.56,6.56,6.27,6.37,-0.47,-0.03,-1,6746412,43140724
KABO,2026-06-04,6.46,6.46,6.35,6.4,0.79,0.05,-1,1600031,10227203
KABO,2026-06-03,6.44,6.44,6.32,6.35,-0.47,-0.03,-1,2201009,14012429
KABO,2026-06-02,6.52,6.52,6.36,6.38,-1.85,-0.12,-1,2039537,13089875
KABO,2026-06-01,6.52,6.52,6.35,6.5,4.17,0.26,-1,7572795,48786900
KABO,2026-05-25,6.3,6.3,6.09,6.24,2.3,0.14,-1,2418083,14886757
KABO,2026-05-24,6.17,6.17,6.08,6.1,0.66,0.04,-1,3805033,23263334
KABO,2026-05-21,6.2,6.2,6.05,6.06,0.17,0.01,-1,2069333,12638221
KABO,2026-05-20,6.21,6.21,5.97,6.05,1.68,0.1,-1,8941718,54690016
KABO,2026-05-19,6.11,6.11,5.94,5.95,0.17,0.01,-1,2532405,15283841
KABO,2026-05-18,6.12,6.12,5.92,5.94,-2.46,-0.15,-1,4670558,28081836
KABO,2026-05-17,6.18,6.18,6.05,6.09,0,0,-1,4169385,25571860
KABO,2026-05-14,6.15,6.15,6.01,6.09,0.83,0.05,-1,1870802,11340941
KABO,2026-05-13,6.1,6.1,6,6.04,-0.82,-0.05,-1,5267503,31854624
KABO,2026-05-12,6.15,6.15,6.07,6.09,-0.65,-0.04,-1,629642,3834865
KABO,2026-05-11,6.2,6.2,6.07,6.13,-0.81,-0.05,-1,1356992,8312169.5
KABO,2026-05-10,6.22,6.22,6.1,6.18,0.49,0.03,-1,1886997,11652624
KABO,2026-05-06,6.2,6.2,6.03,6.15,0.82,0.05,-1,1272840,7781857.5
KABO,2026-05-05,6.15,6.15,6.08,6.1,-0.97,-0.06,-1,780844,4759860
KABO,2026-05-04,6.18,6.18,6.02,6.16,1.99,0.12,-1,2097337,12785030
KABO,2026-05-03,6.11,6.11,6.01,6.04,-0.66,-0.04,-1,834872,5050220.5
KABO,2026-04-30,6.1,6.1,5.96,6.08,0.5,0.03,-1,570271,3439092.75
KABO,2026-04-29,6.1,6.1,5.98,6,-0.66,-0.04,-1,797914,4804573
KABO,2026-04-28,6.14,6.14,6.03,6.04,-0.98,-0.06,-1,625028,3789953.75
KABO,2026-04-27,6.18,6.18,6.09,6.1,0.49,0.03,-1,703571,4310528.5
KABO,2026-04-26,6.15,6.15,6.02,6.07,-0.82,-0.05,-1,3716298,22580912
KABO,2026-04-23,6.17,6.17,5.99,6.13,0.49,0.03,-1,2167893,13129083
KABO,2026-04-22,6.21,6.21,5.92,6.1,2.69,0.16,-1,2134193,12977374
KABO,2026-04-21,6,6,5.91,5.94,-0.67,-0.04,-1,661473,3933715.25
KABO,2026-04-20,6,6,5.9,5.98,0.17,0.01,-1,603548,3594968
KABO,2026-04-19,6.01,6.01,5.93,5.97,0.17,0.01,-1,663203,3964259.75
KABO,2026-04-16,5.98,5.98,5.9,5.96,1.02,0.06,-1,1367410,8087988.5
KABO,2026-04-15,6.01,6.01,5.89,5.9,0.34,0.02,-1,1483185,8787533
KABO,2026-04-14,5.98,5.98,5.88,5.88,-0.51,-0.03,-1,1744469,10317896
KABO,2026-04-09,6,6,5.88,5.91,-1.5,-0.09,-1,660837,3908637
KABO,2026-04-08,6.1,6.1,5.95,6,0,0,-1,874445,5242237
KABO,2026-04-07,6.16,6.16,6,6,-2.44,-0.15,-1,1664774,10035792
KABO,2026-04-06,6.3,6.3,6.1,6.15,-1.44,-0.09,-1,1066227,6602589.5
KABO,2026-04-05,6.29,6.29,5.89,6.24,5.94,0.35,-1,2396927,14730117
KABO,2026-04-02,5.96,5.96,5.87,5.89,-0.67,-0.04,-1,201859,1189295.38
KABO,2026-04-01,6.04,6.04,5.85,5.93,1.37,0.08,-1,431340,2570517
KABO,2026-03-31,5.89,5.89,5.72,5.85,0.69,0.04,-1,174610,1016516.81
KABO,2026-03-30,5.87,5.87,5.71,5.81,0.17,0.01,-1,165495,959914.13
KABO,2026-03-29,5.94,5.94,5.77,5.8,-1.86,-0.11,-1,368289,2146544
KABO,2026-03-26,6,6,5.88,5.91,-1.17,-0.07,-1,266029,1573092.75
KABO,2026-03-25,6,6,5.87,5.98,0,0,-1,204761,1216592
KABO,2026-03-24,6.1,6.1,5.85,5.98,-1.16,-0.07,-1,1171153,6970395.5
KABO,2026-03-18,6.06,6.06,5.92,6.05,1,0.06,-1,287800,1726853.63
KABO,2026-03-17,6.09,6.09,5.94,6,1.52,0.09,-1,515372,3097563.5
KABO,2026-03-16,6.05,6.05,5.86,5.91,-1.99,-0.12,-1,311247,1843284.25
KABO,2026-03-15,6.09,6.09,5.97,6.03,0.83,0.05,-1,237217,1428894.38
KABO,2026-03-12,6.06,6.06,5.95,5.99,0.67,0.04,-1,126738,758962.81
KABO,2026-03-11,6,6,5.86,6,1.18,0.07,-1,1816325,10816378
KABO,2026-03-10,6.2,6.2,5.85,5.93,-3.09,-0.19,-1,1070599,6431506.5
KABO,2026-03-09,6.19,6.19,5.73,6.14,6.4,0.37,-1,1432243,8667649
KABO,2026-03-08,5.9,5.9,5.61,5.78,5.36,0.3,-1,454702,2584549.5
KABO,2026-03-05,5.68,5.68,5.56,5.6,0,0,-1,215609,1209790.38
KABO,2026-03-04,5.64,5.64,5.4,5.6,4.44,0.24,-1,421301,2306919.75
KABO,2026-03-03,5.61,5.61,5.3,5.4,-2,-0.11,-1,247192,1348969.13
KABO,2026-03-02,5.8,5.8,5.5,5.51,0.36,0.02,-1,491414,2760625.75
KABO,2026-03-01,5.65,5.65,5.01,5.49,-6.15,-0.36,-1,394788,2152774.5
KABO,2026-02-26,6,6,5.73,5.85,-0.17,-0.01,-1,331682,1934405.38
KABO,2026-02-25,6.08,6.08,5.82,5.86,-3.3,-0.2,-1,384142,2269522
KABO,2026-02-24,6.18,6.18,6,6.06,-0.33,-0.02,-1,1075124,6488056.5
KABO,2026-02-23,6.23,6.23,6.09,6.11,0,0,-1,286829,1757320.25
KABO,2026-02-22,6.22,6.22,5.88,6.11,-0.49,-0.03,-1,998833,6077019.5
KABO,2026-02-19,6.41,6.41,6.11,6.14,-3.76,-0.24,-1,1023134,6360148.5
KABO,2026-02-18,6.54,6.54,6.35,6.38,-1.09,-0.07,-1,1055314,6753482
KABO,2026-02-17,6.78,6.78,6.45,6.45,-0.62,-0.04,-1,2578258,16890716
KABO,2026-02-16,6.61,6.61,6.45,6.49,-1.67,-0.11,-1,2911830,18984686
KABO,2026-02-15,6.8,6.8,6.54,6.6,-2.37,-0.16,-1,2818531,18676098
KABO,2026-02-12,6.94,6.94,6.75,6.76,-1.31,-0.09,-1,1464973,9961647.3
KABO,2026-02-11,7.15,7.15,6.63,6.85,1.03,0.07,-1,6292954,43753500
KABO,2026-02-10,6.94,6.94,6.75,6.78,0.3,0.02,-1,3539237,24222388
KABO,2026-02-09,6.8,6.8,6.5,6.76,2.27,0.15,-1,1142079,7665363
KABO,2026-02-08,6.7,6.7,6.59,6.61,-0.3,-0.02,-1,199260,1322044.88
KABO,2026-02-05,6.85,6.85,6.62,6.63,-1.63,-0.11,-1,2233820,15005221
KABO,2026-02-04,6.79,6.79,6.53,6.74,2.28,0.15,-1,772518,5154998
KABO,2026-02-03,6.6,6.6,6.46,6.59,1.54,0.1,-1,331533,2169956.5
KABO,2026-02-02,6.5,6.5,6.41,6.49,0.93,0.06,-1,284972,1845640.38
KABO,2026-02-01,6.54,6.54,6.3,6.43,-1.68,-0.11,-1,5803650,37207732
KABO,2026-01-28,6.7,6.7,6.34,6.54,-2.39,-0.16,-1,745755,4859866
KABO,2026-01-27,6.87,6.87,6.6,6.7,0,0,-1,2632191,17649946
KABO,2026-01-26,6.95,6.95,6.62,6.7,1.21,0.08,-1,3226298,21813924
KABO,2026-01-25,6.9,6.9,6.56,6.62,-2.5,-0.17,-1,1413386,9502799
KABO,2026-01-22,7.01,7.01,6.71,6.79,-3.69,-0.26,-1,2430131,16555187
KABO,2026-01-21,7.08,7.08,6.77,7.05,2.17,0.15,-1,6895234,47820732
KABO,2026-01-20,7,7,6.42,6.9,7.48,0.48,-1,7352904,49340236
KABO,2026-01-19,6.57,6.57,6.4,6.42,-0.77,-0.05,-1,1846349,11974692
KABO,2026-01-18,6.65,6.65,6.42,6.47,2.86,0.18,-1,2400528,15673709
KABO,2026-01-15,6.54,6.54,6.08,6.29,3.45,0.21,-1,6769141,43179684
KABO,2026-01-14,6.21,6.21,5.8,6.08,3.58,0.21,-1,2205582,13265319
KABO,2026-01-13,6.09,6.09,5.85,5.87,-2.17,-0.13,-1,980667,5810041.5
KABO,2026-01-12,6.3,6.3,5.92,6,1.18,0.07,-1,2720542,16711463
KABO,2026-01-11,5.95,5.95,5.84,5.93,0.68,0.04,-1,256980,1510200.63
KABO,2026-01-08,6.05,6.05,5.83,5.88,-3.29,-0.2,-1,725058,4311188.5
KABO,2026-01-06,6.1,6.1,5.93,6.08,1.33,0.08,-1,713349,4284474
KABO,2026-01-05,6.36,6.36,5.9,6,-5.06,-0.32,-1,2317102,14042206.36
KABO,2026-01-04,6.48,6.48,6.2,6.32,-0.78,-0.05,-1,814671,5152598
KABO,2025-12-31,6.6,6.6,6.4,6.4,-0.93,-0.06,-1,1897398,12369860
KABO,2025-12-30,6.53,6.53,6.35,6.46,1.26,0.08,-1,1147166,7404541.5
KABO,2025-12-29,6.45,6.45,6.33,6.33,-0.31,-0.02,-1,602991,3842924
KABO,2025-12-28,6.5,6.5,6.35,6.35,-1.09,-0.07,-1,401954,2567698.25
KABO,2025-12-25,6.55,6.55,6.41,6.42,-1.08,-0.07,-1,467269,3030594
KABO,2025-12-24,6.53,6.53,6.34,6.49,1.56,0.1,-1,1251697,8085002
KABO,2025-12-23,6.45,6.45,6.24,6.39,0.79,0.05,-1,680807,4341790
KABO,2025-12-22,6.37,6.37,6.29,6.34,1.12,0.07,-1,230836,1464151.13
KABO,2025-12-21,6.4,6.4,6.24,6.27,-0.32,-0.02,-1,410214,2585033.75
KABO,2025-12-18,6.38,6.38,6.2,6.34,0,0,-1,448703,2811950.5
KABO,2025-12-17,6.45,6.45,6.27,6.34,-1.41,-0.09,-1,151611,960849.56
KABO,2025-12-16,6.47,6.47,6.3,6.4,0.31,0.02,-1,814171,5167012.5
KABO,2025-12-15,6.57,6.57,6.12,6.38,-1.85,-0.12,-1,549081,3517228.25
KABO,2025-12-14,6.66,6.66,6.5,6.5,-1.22,-0.08,-1,1796639,11823946
KABO,2025-12-11,6.65,6.65,6.5,6.58,-0.15,-0.01,-1,402156,2640706.25
KABO,2025-12-10,6.75,6.75,6.55,6.59,-1.49,-0.1,-1,837440,5540909.5
KABO,2025-12-09,6.72,6.72,6.63,6.69,0.15,0.01,-1,1662546,11093756
KABO,2025-12-08,6.83,6.83,6.58,6.68,0.91,0.06,-1,2181674,14557658
KABO,2025-12-07,6.69,6.69,6.4,6.62,3.76,0.24,-1,1667590,11010801
KABO,2025-12-04,6.6,6.6,6.32,6.38,0.47,0.03,-1,1941613,12502445
KABO,2025-12-03,6.46,6.46,6.3,6.35,0,0,-1,786209,5008277
KABO,2025-12-02,6.55,6.55,6.27,6.35,1.11,0.07,-1,1357433,8703606
KABO,2025-12-01,6.4,6.4,6.26,6.28,-0.95,-0.06,-1,732037,4621301.5
KABO,2025-11-30,6.49,6.49,6.31,6.34,-1.09,-0.07,-1,287199,1829629.75
KABO,2025-11-27,6.44,6.44,6.25,6.41,1.91,0.12,-1,393718,2501973
KABO,2025-11-26,6.51,6.51,6.03,6.29,-1.72,-0.11,-1,539356,3435704.75
KABO,2025-11-25,6.8,6.8,6.4,6.4,-4.48,-0.3,-1,1103348,7225320.5
KABO,2025-11-24,7.15,7.15,6.61,6.7,-6.03,-0.43,-1,3779943,25756900
KABO,2025-11-23,7.2,7.2,7.05,7.13,0.42,0.03,-1,4008735,28578356
KABO,2025-11-20,7.3,7.3,6.85,7.1,1.87,0.13,-1,3425332,24167352
KABO,2025-11-19,6.98,6.98,6.63,6.97,5.45,0.36,-1,3018457,20580192
KABO,2025-11-18,6.85,6.85,6.61,6.61,-1.2,-0.08,-1,757230,5110465.5
KABO,2025-11-17,6.8,6.8,6.55,6.69,-0.45,-0.03,-1,2756237,18485410
KABO,2025-11-16,6.99,6.99,6.72,6.72,-2.04,-0.14,-1,2209277,15084031
KABO,2025-11-13,7,7,6.85,6.86,-1.58,-0.11,-1,1026185,7092238
KABO,2025-11-12,7.1,7.1,6.81,6.97,1.01,0.07,-1,7130891,49620964
KABO,2025-11-11,6.9,6.9,6.66,6.9,3.92,0.26,-1,3972702,27039406
KABO,2025-11-10,6.86,6.86,6.58,6.64,0.3,0.02,-1,10537002,70250312
KABO,2025-11-09,6.74,6.74,6.58,6.62,-0.75,-0.05,-1,1438130,9530618
KABO,2025-11-06,6.78,6.78,6.56,6.67,-1.62,-0.11,-1,888453,5879659
KABO,2025-11-05,6.82,6.82,6.41,6.78,0.89,0.06,-1,2460655,16394179
KABO,2025-11-04,6.94,6.94,6.7,6.72,-0.15,-0.01,-1,3421452,23189248
KABO,2025-11-03,6.86,6.86,6.66,6.73,0,0,-1,1404437,9429072
KABO,2025-11-02,6.95,6.95,6.66,6.73,-1.32,-0.09,-1,2323199,15678439
KABO,2025-10-30,6.83,6.83,6.53,6.82,4.44,0.29,-1,8671239,58175540
KABO,2025-10-29,6.62,6.62,6.47,6.53,0.31,0.02,-1,2027094,13292159
KABO,2025-10-28,6.7,6.7,6.43,6.51,-1.96,-0.13,-1,7449071,49172788
KABO,2025-10-27,6.65,6.65,6.27,6.64,5.9,0.37,-1,9384164,60941324
KABO,2025-10-26,6.35,6.35,6.01,6.27,4.33,0.26,-1,5332474,32984544
KABO,2025-10-23,6.18,6.18,6,6.01,0.17,0.01,-1,8452018,51431148
KABO,2025-10-22,6.06,6.06,5.76,6,3.27,0.19,-1,10611071,62342480
KABO,2025-10-21,5.9,5.9,5.72,5.81,1.396,0.08,-1,7238054,41997028
KABO,2025-10-20,5.74,5.74,5.61,5.73,1.776,0.1,-1,1959196,11105540
KABO,2025-10-19,5.77,5.77,5.62,5.63,-0.354,-0.02,-1,3492660,19860276
KABO,2025-10-16,5.68,5.68,5.4,5.65,5.019,0.27,-1,5123101,28594986
KABO,2025-10-15,5.48,5.48,5.37,5.38,-0.186,-0.01,-1,1096603,5930140
KABO,2025-10-14,5.51,5.51,5.39,5.39,-1.282,-0.07,-1,1477605,8069434.5
KABO,2025-10-13,5.57,5.57,5.42,5.46,0.368,0.02,-1,6478608,35539568
KABO,2025-10-12,5.48,5.48,5.39,5.44,0.735,0.04,-1,1008494,5483857
KABO,2025-10-08,5.55,5.55,5.44,5.44,-1.627,-0.09,-1,1766630,9697675
KABO,2025-10-07,5.7,5.7,5.52,5.53,-1.601,-0.09,-1,3561211,19970274
KABO,2025-10-06,5.63,5.63,5.54,5.62,1.444,0.08,-1,5693521,31878392
KABO,2025-10-05,5.65,5.65,5.32,5.54,3.94,0.21,-1,5310281,29347024
KABO,2025-10-02,5.5,5.5,5.29,5.33,-1.842,-0.1,-1,1301353,6983567.5
KABO,2025-10-01,5.6,5.6,5.34,5.43,-1.452,-0.08,-1,3201997,17522756
KABO,2025-09-30,5.69,5.69,5.17,5.51,6.99,0.36,-1,18373647,99786784
KABO,2025-09-29,5.22,5.22,5.11,5.15,-0.387,-0.02,-1,816153,4188026
KABO,2025-09-28,5.23,5.23,5.1,5.17,0.78,0.04,-1,1225426,6349035.5
KABO,2025-09-25,5.22,5.22,5.07,5.13,0.984,0.05,-1,1222584,6313051
KABO,2025-09-24,5.1,5.1,4.95,5.08,0.794,0.04,-1,1349645,6800204.5
KABO,2025-09-23,5.23,5.23,5.01,5.04,-1.562,-0.08,-1,884547,4497471
KABO,2025-09-22,5.22,5.22,4.99,5.12,-1.158,-0.06,-1,2711093,13928546
KABO,2025-09-21,5.32,5.32,5.18,5.18,-2.448,-0.13,-1,2603268,13735179
KABO,2025-09-18,5.33,5.33,5.15,5.31,1.744,0.09,-1,2085482,10899876
KABO,2025-09-17,5.27,5.27,5.1,5.16,-0.769,-0.04,-1,1534154,7943308.5
KABO,2025-09-16,5.38,5.38,5.15,5.2,-2.804,-0.15,-1,2723797,14352091
KABO,2025-09-15,5.39,5.39,5.25,5.35,0,0,-1,1674731,8912557
KABO,2025-09-14,5.37,5.37,5.21,5.35,1.326,0.07,-1,3293391,17524300
KABO,2025-09-11,5.33,5.33,5.12,5.28,1.344,0.07,-1,3390435,17742224
KABO,2025-09-10,5.37,5.37,5.14,5.21,-0.192,-0.01,-1,2526857,13307927
KABO,2025-09-09,5.45,5.45,5.09,5.22,3.162,0.16,-1,11884545,62957984
KABO,2025-09-08,5.11,5.11,5.05,5.06,-0.197,-0.01,-1,977536,4968513
KABO,2025-09-07,5.11,5.11,5,5.07,1.4,0.07,-1,1394220,7044004.5
KABO,2025-09-03,5.1,5.1,5,5,-0.596,-0.03,-1,1219723,6150883
KABO,2025-09-02,5.04,5.04,4.93,5.03,2.028,0.1,-1,1222336,6129386.5
KABO,2025-09-01,5,5,4.84,4.93,-1.01,-0.05,-1,883338,4364251
KABO,2025-08-31,5.08,5.08,4.92,4.95,-1.4,-0.07,-1,681002,3424507.25
KABO,2025-08-28,5.01,5.01,4.85,5,1.626,0.08,-1,1792014,8901419
KABO,2025-08-27,4.95,4.95,4.63,4.92,4.459,0.21,-1,1277817,6135753
KABO,2025-08-26,4.86,4.86,4.66,4.71,-1.875,-0.09,-1,1205165,5689601
KABO,2025-08-25,4.92,4.92,4.8,4.8,-1.84,-0.09,-1,491984,2376293.5
KABO,2025-08-24,4.93,4.93,4.83,4.89,1.031,0.05,-1,287899,1403179.25
KABO,2025-08-21,4.92,4.92,4.8,4.85,0,0,-1,572523,2779024.5
KABO,2025-08-20,4.97,4.97,4.84,4.85,-1.423,-0.07,-1,1604459,7828599
KABO,2025-08-19,5,5,4.91,4.92,-0.606,-0.03,-1,599429,2971256
KABO,2025-08-18,5.02,5.02,4.94,4.95,0.202,0.01,-1,657160,3265930.25
KABO,2025-08-17,5.07,5.07,4.93,4.94,-0.403,-0.02,-1,1166803,5817820.5
KABO,2025-08-14,5.11,5.11,4.96,4.96,-1.782,-0.09,-1,10915256,54564032
KABO,2025-08-13,5.18,5.18,5.03,5.05,-0.98,-0.05,-1,4482701,22911576
KABO,2025-08-12,5.29,5.29,5.04,5.1,1.392,0.07,-1,9008713,46443540
KABO,2025-08-11,5.07,5.07,4.91,5.03,1.411,0.07,-1,4659544,23006086
KABO,2025-08-10,5.07,5.07,4.96,4.96,-0.8,-0.04,-1,580294,2893368.25
KABO,2025-08-07,5.1,5.1,4.92,5,0.806,0.04,-1,5033655,24902322
KABO,2025-08-06,5.11,5.11,4.94,4.96,-2.161,-0.11,-1,1447516,7277068.5
KABO,2025-08-05,5.14,5.14,5.08,5.09,-0.196,-0.01,-1,1423158,7257489.5
KABO,2025-08-04,5.2,5.2,5.09,5.1,-0.971,-0.05,-1,1181147,6043958.5
KABO,2025-08-03,5.24,5.24,5.12,5.15,-0.962,-0.05,-1,407689,2109056.25
KABO,2025-07-31,5.28,5.28,5.17,5.2,0.193,0.01,-1,478632,2492564.5
KABO,2025-07-30,5.36,5.36,5.16,5.19,-2.642,-0.14,-1,1674200,8764384
KABO,2025-07-29,5.33,5.33,5.07,5.3,4.95,0.25,-1,1405092,7351604
KABO,2025-07-28,5.25,5.25,5.04,5.05,-2.697,-0.14,-1,1129881,5803983
KABO,2025-07-27,5.29,5.29,5.15,5.19,-1.705,-0.09,-1,359397,1871511.75
KABO,2025-07-23,5.31,5.31,5.2,5.28,0,0,-1,589423,3095411.25
KABO,2025-07-22,5.33,5.33,5.1,5.31,0.947,0.05,-1,2676228,13847176
KABO,2025-07-21,5.39,5.39,5.03,5.28,-3.297,-0.18,-1,3512264,18501142
KABO,2025-07-20,5.49,5.49,5.21,5.46,3.019,0.16,-1,1315017,7017144.5
KABO,2025-07-17,5.64,5.64,5.28,5.3,-3.461,-0.19,-1,734041,3935677.75
KABO,2025-07-16,5.79,5.79,5.47,5.49,-3.684,-0.21,-1,1382099,7653913.5
KABO,2025-07-15,5.85,5.85,5.69,5.7,-1.213,-0.07,-1,682172,3914535.25
KABO,2025-07-14,5.9,5.9,5.75,5.77,-1.029,-0.06,-1,317892,1847380.5
KABO,2025-07-13,5.87,5.87,5.82,5.83,-0.342,-0.02,-1,184870,1080045.5
KABO,2025-07-10,5.94,5.94,5.8,5.85,0,0,-1,456524,2663100.25
KABO,2025-07-09,6,6,5.8,5.85,-1.182,-0.07,-1,346401,2033056.25
KABO,2025-07-07,6.06,6.06,5.87,5.92,0,0,-1,404870,2405929.75
KABO,2025-07-06,6.15,6.15,5.92,5.92,-2.471,-0.15,-1,1166562,7008852
KABO,2025-07-02,6.19,6.19,6,6.07,-0.979,-0.06,-1,941361,5730902
KABO,2025-07-01,6.36,6.36,6.1,6.13,-3.768,-0.24,-1,1818480,11314698
KABO,2025-06-30,6.39,6.39,6.15,6.37,1.272,0.08,-1,1503294,9428137
KABO,2025-06-29,6.33,6.33,6.2,6.29,1.616,0.1,-1,2725444,17046678
KABO,2025-06-25,6.19,6.19,6.07,6.19,0.979,0.06,-1,1032472,6331501
KABO,2025-06-24,6.25,6.25,6.06,6.13,0.163,0.01,-1,4498872,27541346
KABO,2025-06-23,6.14,6.14,5.95,6.12,2,0.12,-1,1491193,9046092
KABO,2025-06-22,6.1,6.1,5.15,6,7.335,0.41,-1,1383280,8179492.5
KABO,2025-06-19,5.85,5.85,5.52,5.59,-2.609,-0.15,-1,363133,2059097.625
KABO,2025-06-18,5.87,5.87,5.72,5.75,-1.033,-0.06,-1,360285,2081115.25
KABO,2025-06-17,5.97,5.97,5.77,5.81,0.17,0.01,-1,230128,1345525.625
KABO,2025-06-16,6.01,6.01,5.89,5.89,0.17,0.01,-1,440031,2616881.25
KABO,2025-06-15,5.94,5.94,5.4,5.88,-3.1,-0.19,-1,641369,3732862.25
KABO,2025-06-12,6.28,6.28,6.06,6.13,-1.763,-0.11,-1,2232061,13721412
KABO,2025-06-11,6.36,6.36,6.19,6.24,0.645,0.04,-1,2758350,17360028
KABO,2025-06-10,6.27,6.27,6.15,6.2,0,0,-1,1142878,7098258
KABO,2025-06-04,6.21,6.21,6.08,6.2,0.977,0.06,-1,576892,3572343
KABO,2025-06-03,6.19,6.19,5.9,6.14,0.489,0.03,-1,2163572,13214020
KABO,2025-06-02,6.21,6.21,6.09,6.13,0,0,-1,354746,2182696.5
KABO,2025-06-01,6.23,6.23,6.04,6.15,0.655,0.04,-1,1136425,7028965.5
KABO,2025-05-29,6.2,6.2,6,6.11,-0.812,-0.05,-1,1411645,8594019
KABO,2025-05-28,6.2,6.2,6.1,6.16,-0.65,-0.04,-1,799491,4892764.5
KABO,2025-05-27,6.21,6.21,6.05,6.15,0.655,0.04,-1,390414,2406342
KABO,2025-05-26,6.27,6.27,6.1,6.11,-1.61,-0.1,-1,1769668,10957861
KABO,2025-05-25,6.21,6.21,5.85,6.21,2.645,0.16,-1,2739716,16500496
KABO,2025-05-22,6.19,6.19,6.02,6.05,-1.626,-0.1,-1,1124271,6820079
KABO,2025-05-21,6.28,6.28,6.12,6.15,-1.284,-0.08,-1,1258804,7794802.5
KABO,2025-05-20,6.35,6.35,6,6.23,-0.32,-0.02,-1,933946,5829564
KABO,2025-05-19,6.42,6.42,6.19,6.25,-0.951,-0.06,-1,3605446,22746742
KABO,2025-05-18,6.51,6.51,6.29,6.31,1.939,0.12,-1,5266349,33658096
KABO,2025-05-15,6.2,6.2,5.98,6.19,2.824,0.17,-1,1867354,11442747
KABO,2025-05-14,6.18,6.18,5.95,6.02,1.689,0.1,-1,4934856,29735930
KABO,2025-05-13,6.1,6.1,5.85,5.92,0.852,0.05,-1,1309907,7851076
KABO,2025-05-12,6.16,6.16,5.82,5.87,-4.085,-0.25,-1,1207341,7215901
KABO,2025-05-11,6.27,6.27,6.04,6.12,1.661,0.1,-1,1368729,8415631
KABO,2025-05-08,6.24,6.24,6.02,6.02,-2.431,-0.15,-1,996481,6085805.5
KABO,2025-05-07,6.32,6.32,6.11,6.17,-1.122,-0.07,-1,1593703,9922904
KABO,2025-05-06,6.3,6.3,6.11,6.24,1.961,0.12,-1,2692207,16706486
KABO,2025-05-05,6.16,6.16,5.95,6.12,2.685,0.16,-1,4507403,27288462
KABO,2025-05-04,6.11,6.11,5.87,5.96,-0.667,-0.04,-1,3361751,20118592
KABO,2025-04-30,6,6,5.31,6,3.986,0.23,-1,2278468,13449566
KABO,2025-04-28,6.9,6.9,5.7,5.77,0.348,0.02,-1,3876011,22811910
KABO,2025-04-27,6.05,6.05,5.71,5.75,-0.519,-0.03,-1,2781597,16310390
KABO,2025-04-23,5.9,5.9,5.4,5.78,8.443,0.45,-1,5676674,31660402
KABO,2025-04-22,5.43,5.43,5.11,5.33,4.921,0.25,-1,4845200,25634144
KABO,2025-04-17,5.3,5.3,4.9,5.08,2.834,0.14,-1,8351745,42774752
KABO,2025-04-16,5.02,5.02,4.86,4.94,0.407,0.02,-1,2358953,11664686
KABO,2025-04-15,4.95,4.95,4.68,4.92,4.681,0.22,-1,5031396,24083920
KABO,2025-04-14,4.79,4.79,4.58,4.7,2.62,0.12,-1,700627,3305483.5
KABO,2025-04-13,4.65,4.65,4.5,4.58,1.33,0.06,-1,169538,778991.563
KABO,2025-04-10,4.66,4.66,4.47,4.51,1.348,0.06,-1,882463,3994076.75
KABO,2025-04-09,4.75,4.75,4.31,4.45,-4.301,-0.2,-1,2338333,10725683
KABO,2025-04-08,4.68,4.68,4.4,4.65,5.442,0.24,-1,1036303,4768502
KABO,2025-04-07,4.47,4.47,4.31,4.41,0.227,0.01,-1,263540,1155921.5
KABO,2025-04-06,4.58,4.58,4.34,4.4,-4.348,-0.2,-1,1465977,6460458
KABO,2025-04-03,4.87,4.87,4.58,4.6,-5.544,-0.27,-1,1555947,7195550
KABO,2025-03-27,4.89,4.89,4.36,4.87,8.667,0.39,-1,989757,4626310.5
KABO,2025-03-26,4.51,4.51,4.11,4.5,-2.222,-0.1,-1,577527,2585457
KABO,2025-03-25,4.71,4.71,4.46,4.5,-2.808,-0.13,-1,225853,1020630.625
KABO,2025-03-24,4.76,4.76,4.55,4.63,-1.681,-0.08,-1,2960094,13644272
KABO,2025-03-23,4.94,4.94,4.65,4.76,-3.055,-0.15,-1,84219,402090.531
KABO,2025-03-20,5,5,4.8,4.91,-1.42,-0.07,-1,440137,2162522
KABO,2025-03-19,5.07,5.07,4.9,4.93,0,0,-1,145919,724310.625
KABO,2025-03-18,5.39,5.39,4.95,5,7.066,0.33,-1,3036745,15650575
KABO,2025-03-17,4.7,4.7,4.34,4.67,5,0.22,-1,946951,4253062.5
KABO,2025-03-16,4.5,4.5,4.39,4.45,0.971,0.04,-1,582455,2583538.5
KABO,2025-03-13,4.41,4.41,4.28,4.41,3.614,0.15,-1,896705,3905212.5
KABO,2025-03-12,4.38,4.38,4.23,4.26,-0.4,-0.02,-1,971983,4158235.75
KABO,2025-03-11,4.39,4.39,4.27,4.28,-0.99,-0.04,-1,293896,1266148.75
KABO,2025-03-10,4.44,4.44,4.2,4.32,0.387,-0.1,-1,955501,4071868.75
KABO,2025-03-09,4.55,4.55,4.4,4.42,-3.002,-0.14,-1,328487,1458495.625
KABO,2025-03-06,4.56,4.56,4.37,4.56,2.5,0.11,-1,1342269,6041092.5
KABO,2025-03-05,4.48,4.48,4.26,4.45,1.55,0.04,-1,901119,3926486.25
KABO,2025-03-04,4.5,4.5,4.15,4.41,5.738,0.24,-1,3224634,13662047
KABO,2025-03-03,4.19,4.19,4.13,4.17,0.826,0.03,-1,221013,921425
KABO,2025-03-02,4.22,4.22,4.15,4.14,0.413,0,-1,44935,188158.531
KABO,2025-02-27,4.19,4.19,4.04,4.14,2.083,0.03,-1,471112,1936363.75
KABO,2025-02-26,4.23,4.23,4.07,4.11,-1.84,-0.07,-1,256473,1064231.125
KABO,2025-02-25,4.31,4.31,4.15,4.18,-2.806,-0.09,-1,301052,1272068.25
KABO,2025-02-24,4.3,4.3,4.05,4.27,5.053,0.21,-1,2640120,11111862
KABO,2025-02-23,4.12,4.12,3.99,4.06,1.496,0.06,-1,410658,1671354.25
KABO,2025-02-20,4.11,4.11,3.89,4,-1.47,-0.06,-1,1110999,4497294.37
KABO,2025-02-19,4.07,4.07,3.96,4.06,1.279,0.05,-1,824551,3334856.5
KABO,2025-02-18,4.02,4.02,3.94,4.01,-2.947,-0.05,-1,76817,307914.781
KABO,2025-02-17,4.07,4.07,3.98,4.06,0,0,-1,981840,3955017.5
KABO,2025-02-16,4.07,4.07,4,4.06,0.855,0.06,-1,516304,2089835.875
KABO,2025-02-13,4.02,4.02,3.81,4,4.698,0.18,-1,730004,2865097.75
KABO,2025-02-12,3.89,3.89,3.63,3.82,-0.445,-0.02,-1,300565,1144859.875
KABO,2025-02-11,3.99,3.99,3.81,3.84,-3.024,-0.12,-1,1363448,5295292
KABO,2025-02-10,4.02,4.02,3.91,3.96,-1.489,-0.06,-1,1298473,5132446
KABO,2025-02-09,4.06,4.06,3.93,4.02,-0.844,-0.03,-1,263034,1056038.625
KABO,2025-02-06,4.15,4.15,4.02,4.05,-0.84,-0.02,-1,238937,967765
KABO,2025-02-05,4.17,4.17,4.06,4.07,-1.449,-0.06,-1,301156,1232507.625
KABO,2025-02-04,4.24,4.24,4.06,4.13,1.899,0.08,-1,1706921,7108164.5
KABO,2025-02-03,4.17,4.17,3.99,4.05,-1.863,-0.08,-1,235010,951916.313
KABO,2025-02-02,4.13,4.13,3.86,4.13,1.046,0.04,-1,1745765,7113397
KABO,2025-01-30,4.11,4.11,3.97,4.09,1.919,0.08,-1,1384195,5598865
KABO,2025-01-29,4.09,4.09,3.81,4.01,2.62,0.09,-1,5541653,21980754
KABO,2025-01-28,3.98,3.98,3.8,3.92,1.78,0.07,-1,2128623,8313148.56
KABO,2025-01-27,3.91,3.91,3.76,3.85,1.124,0.04,-1,807575,3072809.5
KABO,2025-01-26,3.98,3.98,3.75,3.81,1.136,0.05,-1,3312104,12799664
KABO,2025-01-23,3.85,3.85,3.76,3.76,0,0,-1,1117330,4245612.5
KABO,2025-01-22,3.93,3.93,3.7,3.76,0,0,-1,1991110,7626591
KABO,2025-01-21,3.89,3.89,3.75,3.76,-0.227,-0.01,-1,4661563,17866334
KABO,2025-01-20,3.78,3.78,3.7,3.77,1.617,0.07,-1,1068150,3991070.5
KABO,2025-01-19,3.85,3.85,3.64,3.7,3.095,0.11,-1,4497872,16985548
KABO,2025-01-16,3.7,3.7,3.52,3.59,1.205,0.04,-1,2556044,9302810
KABO,2025-01-15,3.58,3.58,3.42,3.55,1.716,0.06,-1,1534572,5357665.5
KABO,2025-01-14,3.55,3.55,3.34,3.49,0.246,0.01,-1,1007813,3510692
KABO,2025-01-13,3.64,3.64,3.42,3.48,0.246,0.01,-1,2460218,8659646
KABO,2025-01-12,3.59,3.59,3.46,3.47,-3.333,-0.12,-1,1399131,4950327
KABO,2025-01-09,3.72,3.72,3.58,3.59,-2.552,-0.1,-1,1487597,5411741
KABO,2025-01-08,3.78,3.78,3.57,3.69,2.619,0.1,-1,5665236,20899758
KABO,2025-01-06,3.68,3.68,3.49,3.59,-1.869,-0.07,-1,3381686,12092401
KABO,2025-01-05,3.68,3.68,3.34,3.66,10.309,0.34,-1,7691858,27057380
KABO,2025-01-02,3.4,3.4,3.3,3.32,-0.513,-0.02,-1,2006856,6725233.5
KABO,2024-12-31,3.35,3.35,3.23,3.34,2.902,0.1,-1,1725826,5703072.5
KABO,2024-12-30,3.36,3.36,3.22,3.24,-2.32,-0.08,-1,1378288,4543699.5
KABO,2024-12-29,3.39,3.39,3.29,3.32,0.779,0.03,-1,2200247,7315135.5
KABO,2024-12-26,3.4,3.4,3.27,3.29,0.785,0.02,-1,4794639,16023382
KABO,2024-12-25,3.4,3.4,3.03,3.27,8.215,0.25,-1,5811392,19223178
KABO,2024-12-24,3.11,3.11,2.95,3.02,-1.944,-0.06,-1,956672,2901093.25
KABO,2024-12-23,3.2,3.2,3.05,3.08,-0.826,-0.02,-1,1758219,5514905
KABO,2024-12-22,3.28,3.28,3.08,3.1,2.254,0.06,-1,2075499,6576406
KABO,2024-12-19,3.07,3.07,2.95,3.04,-1.389,-0.04,-1,1286217,3881963.5
KABO,2024-12-18,3.28,3.28,3.07,3.08,-5.013,-0.16,-1,1655374,5220178
KABO,2024-12-17,3.34,3.34,3.22,3.24,-1.558,-0.05,-1,503125,1644204.875
KABO,2024-12-16,3.42,3.42,3.23,3.29,-0.773,-0.03,-1,1066306,3549603.75
KABO,2024-12-15,3.47,3.47,3.29,3.32,-0.767,-0.02,-1,1641423,5559638.5
KABO,2024-12-12,3.49,3.49,3.34,3.34,-1.263,-0.05,-1,2313757,7851201.5
KABO,2024-12-11,3.47,3.47,3.3,3.39,2.857,0.1,-1,4251522,14455248
KABO,2024-12-10,3.37,3.37,3.24,3.29,0,0,-1,2196343,7228577.5
KABO,2024-12-09,3.44,3.44,3.28,3.29,-4.467,-0.16,-1,4519350,15074871
KABO,2024-12-08,3.58,3.58,3.44,3.45,-1.946,-0.07,-1,5920547,20759322
KABO,2024-12-05,3.55,3.55,3.33,3.52,3.008,0.11,-1,9087883,31512494
KABO,2024-12-04,3.49,3.49,3.17,3.41,1.269,0.04,-1,26386516,86273728
KABO,2024-12-03,3.38,3.38,3.04,3.37,7.945,0.25,-1,6114639,19357466
KABO,2024-12-02,3.12,3.12,2.81,3.12,10.272,0.29,-1,11945263,35568316
KABO,2024-12-01,2.93,2.93,2.71,2.83,3.437,0.09,-1,13062231,37035728
KABO,2024-11-28,2.76,2.76,2.51,2.74,8.844,0.23,-1,14225940,38153040
KABO,2024-11-27,2.58,2.58,2.45,2.51,3.158,0.07,-1,8916752,22655218
KABO,2024-11-26,2.51,2.51,2.33,2.44,4.779,0.11,-1,3949623,9682046
KABO,2024-11-25,2.37,2.37,2.32,2.33,0.369,0.01,-1,1612563,3776217.25
KABO,2024-11-24,2.4,2.4,2.31,2.32,-2.166,-0.05,-1,1027621,2416430.25
KABO,2024-11-21,2.39,2.39,2.36,2.37,0.362,0.01,-1,856743,2041952.125
KABO,2024-11-20,2.41,2.41,2.35,2.36,-1.075,-0.03,-1,721025,1720082.75
KABO,2024-11-19,2.42,2.42,2.29,2.39,-1.064,-0.02,-1,1769264,4201626.5
KABO,2024-11-18,2.51,2.51,2.39,2.41,-3.093,-0.08,-1,1018482,2498359.75
KABO,2024-11-17,2.55,2.55,2.47,2.49,0,0,-1,1354621,3381130.25
KABO,2024-11-14,2.53,2.53,2.46,2.49,-1.02,-0.02,-1,2231716,5584684.5
KABO,2024-11-13,2.54,2.54,2.46,2.51,1.73,0.04,-1,2602737,6517970
KABO,2024-11-12,2.55,2.55,2.46,2.47,-1.027,-0.03,-1,1949017,4843814.5
KABO,2024-11-11,2.56,2.56,2.49,2.5,-1.678,-0.05,-1,1734844,4366657.5
KABO,2024-11-10,2.62,2.62,2.54,2.55,-0.667,-0.02,-1,11100807,28552786
KABO,2024-11-07,2.57,2.57,2.4,2.57,7.527,0.18,-1,12800568,32164564
KABO,2024-11-06,2.43,2.43,2.37,2.39,0.722,0.02,-1,974339,2333940.5
KABO,2024-11-05,2.44,2.44,2.33,2.37,-1.773,-0.04,-1,933227,2250821
KABO,2024-11-04,2.45,2.45,2.4,2.41,0.714,0.02,-1,2775007,6752844.5
KABO,2024-11-03,2.41,2.41,2.34,2.39,1.818,0.04,-1,1105695,2618285
KABO,2024-10-31,2.39,2.39,2.33,2.35,0,0.01,-1,637949,1506045
KABO,2024-10-30,2.42,2.42,2.31,2.34,1.845,0.02,-1,165189,385923.5
KABO,2024-10-29,2.39,2.39,2.31,2.32,-2.166,-0.05,-1,707675,1667281
KABO,2024-10-28,2.46,2.46,2.33,2.37,-0.36,-0.01,-1,3448072,8289725.5
KABO,2024-10-27,2.42,2.42,2.3,2.38,3.346,0.08,-1,3260585,7703199
KABO,2024-10-24,2.32,2.32,2.2,2.3,1.509,0.03,-1,2523971,5747939.5
KABO,2024-10-23,2.34,2.34,2.24,2.27,1.533,0.04,-1,1484735,3405080.25
KABO,2024-10-22,2.24,2.24,2.17,2.23,3.968,0.07,-1,600411,1321832.375
KABO,2024-10-21,2.18,2.18,2.05,2.16,-0.784,-0.02,-1,1431806,3079217.5
KABO,2024-10-20,2.22,2.22,2.16,2.18,-0.778,-0.02,-1,774857,1695555.25
KABO,2024-10-17,2.26,2.26,2.18,2.2,0.392,0.02,-1,487014,1076351.125
KABO,2024-10-16,2.25,2.25,2.17,2.18,-0.778,-0.02,-1,397013,875179.688
KABO,2024-10-15,2.22,2.22,2.17,2.2,1.172,0.01,-1,540099,1184113.125
KABO,2024-10-14,2.23,2.23,2.18,2.19,-0.769,-0.03,-1,482181,1061015.25
KABO,2024-10-13,2.3,2.3,2.19,2.22,0.772,0,-1,1686174,3790064.25
KABO,2024-10-10,2.22,2.22,2.12,2.22,1.969,0.05,-1,1237684,2684636
KABO,2024-10-09,2.19,2.19,2.16,2.17,1.195,0.02,-1,213736,464834.344
KABO,2024-10-08,2.23,2.23,2.07,2.15,-2.299,-0.08,-1,1056920,2298933
KABO,2024-10-07,2.28,2.28,2.22,2.23,-1.509,-0.04,-1,956097,2155619.75
KABO,2024-10-03,2.28,2.28,2.24,2.27,0,0,-1,523342,1184370.125
KABO,2024-10-02,2.35,2.35,2.26,2.27,-3.986,-0.09,-1,1833817,4234987.5
KABO,2024-10-01,2.43,2.43,2.35,2.36,-1.773,-0.05,-1,1377804,3273712.75
KABO,2024-09-30,2.45,2.45,2.38,2.41,-0.704,-0.02,-1,1466443,3531665.5
KABO,2024-09-29,2.47,2.47,2.4,2.43,0.709,0.02,-1,2762640,6746864.5
KABO,2024-09-26,2.45,2.45,2.34,2.41,4.059,0.09,-1,5603539,13399404
KABO,2024-09-25,2.34,2.34,2.29,2.32,1.111,0.01,-1,1677771,3875817
KABO,2024-09-24,2.37,2.37,2.3,2.31,0.746,0.02,-1,1733313,4032803
KABO,2024-09-23,2.33,2.33,2.24,2.29,2.29,0.05,-1,1486805,3405483.75
KABO,2024-09-22,2.27,2.27,2.23,2.24,0.383,0.01,-1,620120,1394246.25
KABO,2024-09-19,2.25,2.25,2.22,2.23,1.163,0.02,-1,541376,1210535.875
KABO,2024-09-18,2.24,2.24,2.19,2.21,0.389,0.01,-1,820877,1820968.875
KABO,2024-09-17,2.28,2.28,2.2,2.2,-2.281,-0.05,-1,1004803,2251629.75
KABO,2024-09-16,2.35,2.35,2.24,2.25,-3.663,-0.09,-1,1189633,2729262
KABO,2024-09-12,2.44,2.44,2.29,2.34,1.487,0.04,-1,4041464,9520243
KABO,2024-09-11,2.34,2.34,2.23,2.3,-1.465,-0.04,-1,2223667,5068367.5
KABO,2024-09-10,2.45,2.45,2.33,2.34,-3.873,-0.09,-1,1738341,4114446.75
KABO,2024-09-09,2.5,2.5,2.42,2.43,-2.069,-0.05,-1,1914814,4703652
KABO,2024-09-08,2.49,2.49,2.4,2.48,2.113,0.05,-1,2570431,6289893
KABO,2024-09-05,2.5,2.5,2.41,2.43,0.353,0.01,-1,1927631,4726728
KABO,2024-09-04,2.5,2.5,2.39,2.42,-0.702,-0.02,-1,3416757,8328858.5
KABO,2024-09-03,2.44,2.44,2.39,2.44,0.707,0.02,-1,1775175,4288772.5
KABO,2024-09-02,2.51,2.51,2.39,2.42,-1.394,-0.03,-1,3808853,9338216
KABO,2024-09-01,2.6,2.6,2.44,2.45,-2.381,-0.06,-1,7177030,18052470
KABO,2024-08-29,2.64,2.64,2.43,2.51,3.16,0.07,-1,12827242,32961680
KABO,2024-08-28,2.55,2.55,2.4,2.44,1.064,0.03,-1,5651856,13962794
KABO,2024-08-27,2.57,2.57,2.38,2.41,1.075,0.02,-1,12707055,31440588
KABO,2024-08-26,2.55,2.55,2.34,2.39,-0.357,0,-1,11116302,27252508
KABO,2024-08-25,2.6,2.6,2.21,2.39,10.236,0.22,-1,14014433,34505980
KABO,2024-08-22,2.21,2.21,2.16,2.17,-0.781,-0.02,-1,1114392,2434490.25
KABO,2024-08-21,2.22,2.22,2.18,2.19,0,0,-1,939673,2066199
KABO,2024-08-20,2.23,2.23,2.18,2.19,1.186,0.03,-1,1647264,3626073.5
KABO,2024-08-19,2.21,2.21,2.16,2.16,0,0,-1,1980322,4301495
KABO,2024-08-18,2.23,2.23,2.16,2.16,1.2,0.02,-1,3163827,6948735.5
KABO,2024-08-15,2.18,2.18,2.09,2.14,2.041,0.04,-1,1454863,3120012.25
KABO,2024-08-14,2.19,2.19,2.08,2.1,-2.778,-0.06,-1,1147535,2441629
KABO,2024-08-13,2.2,2.2,2.12,2.16,-1.176,-0.02,-1,3648940,7854794.5
KABO,2024-08-12,2.22,2.22,2.17,2.18,0.394,0.01,-1,3204933,7054668
KABO,2024-08-11,2.22,2.22,2.17,2.17,0,0,-1,2550343,5574780
KABO,2024-08-08,2.24,2.24,2.14,2.17,-0.781,-0.02,-1,3962886,8731938
KABO,2024-08-07,2.28,2.28,2.16,2.19,-0.775,-0.02,-1,3628628,8049900.5
KABO,2024-08-06,2.28,2.28,2.14,2.21,4.453,0.1,-1,6330934,14022716
KABO,2024-08-05,2.28,2.28,2.01,2.11,-4.633,-0.11,-1,7412943,15976974
KABO,2024-08-04,2.29,2.29,2.06,2.22,3.6,0.08,-1,11072664,24663840
KABO,2024-08-01,2.26,2.26,2.14,2.14,-0.794,-0.02,-1,4675784,10273295
KABO,2024-07-31,2.22,2.22,2.15,2.16,0.398,0.01,-1,3655927,7962918.5
KABO,2024-07-30,2.21,2.21,2.13,2.15,-0.397,-0.01,-1,2444705,5267297
KABO,2024-07-29,2.27,2.27,2.15,2.16,-3.817,-0.08,-1,2888654,6387692.5
KABO,2024-07-28,2.34,2.34,2.2,2.24,0.769,0.02,-1,7952051,18128532
KABO,2024-07-24,2.39,2.39,2.19,2.22,7.884,0.16,-1,9247323,20906704
KABO,2024-07-23,2.1,2.1,1.98,2.06,4.783,0.09,-1,9803094,20186616
KABO,2024-07-22,2.04,2.04,1.96,1.97,-0.862,-0.01,-1,2065426,4102474.5
KABO,2024-07-21,2.02,2.02,1.94,1.98,2.655,0.05,-1,2088694,4141008
KABO,2024-07-18,1.96,1.96,1.9,1.93,2.262,0.04,-1,932112,1807787.875
KABO,2024-07-17,1.92,1.92,1.88,1.89,-0.45,-0.01,-1,385143,730547.063
KABO,2024-07-16,1.92,1.92,1.86,1.9,0.909,0.02,-1,220906,419154.188
KABO,2024-07-15,1.92,1.92,1.86,1.88,-0.909,0,-1,313821,590161.563
KABO,2024-07-14,1.91,1.91,1.86,1.88,-2.242,-0.03,-1,264448,498586.563
KABO,2024-07-10,1.97,1.97,1.89,1.91,-0.889,-0.01,-1,297201,572788.75
KABO,2024-07-09,1.96,1.96,1.92,1.92,-0.885,-0.01,-1,324743,626722
KABO,2024-07-08,2,2,1.92,1.93,-2.164,-0.05,-1,515551,1005707.313
KABO,2024-07-07,2.04,2.04,1.98,1.98,-0.431,0,-1,1235868,2460065.25
KABO,2024-07-04,2.03,2.03,1.98,1.98,0,0,-1,1190764,2365860
KABO,2024-07-03,2.01,2.01,1.97,1.98,-0.429,-0.01,-1,435985,864336.438
KABO,2024-07-02,2.07,2.07,1.98,1.99,0.431,0.01,-1,2932381,5918681
KABO,2024-07-01,2.04,2.04,1.95,1.98,2.193,0.03,-1,2726196,5460342.5
KABO,2024-06-27,1.98,1.98,1.92,1.95,-1.747,-0.01,-1,255015,498975.531
KABO,2024-06-26,2.01,2.01,1.91,1.96,0,0.02,-1,648618,1270030.25
KABO,2024-06-25,1.96,1.96,1.9,1.94,0.448,0.03,-1,415758,806154.563
KABO,2024-06-24,1.95,1.95,1.88,1.91,-0.889,-0.01,-1,832797,1596357.875
KABO,2024-06-23,1.93,1.93,1.86,1.92,0.893,0,-1,1383595,2622796
KABO,2024-06-13,1.92,1.92,1.86,1.92,-3.125,0,-1,136127,255739.734
KABO,2024-06-12,1.92,1.92,1.8,1.92,1.402,0.09,-1,577616,1094022.125
KABO,2024-06-11,1.88,1.88,1.81,1.83,0.467,0,-1,116002,215910.688
KABO,2024-06-10,1.86,1.86,1.78,1.83,-0.935,0,-1,118796,214713.078
KABO,2024-06-09,1.88,1.88,1.82,1.83,-2.74,-0.04,-1,213413,392010.031
KABO,2024-06-06,1.9,1.9,1.86,1.87,0.457,0,-1,35229,66112.656
KABO,2024-06-05,1.92,1.92,1.84,1.87,-1.794,-0.04,-1,411959,771385.813
KABO,2024-06-04,1.95,1.95,1.87,1.91,-1.327,-0.02,-1,1341473,2544825.25
KABO,2024-06-03,1.98,1.98,1.91,1.93,-0.885,0,-1,221907,429798.531
KABO,2024-06-02,1.99,1.99,1.92,1.93,0,-0.04,-1,480161,934379.875
KABO,2024-05-30,1.99,1.99,1.95,1.97,-0.437,0.01,-1,637904,1256376.25
KABO,2024-05-29,2.01,2.01,1.93,1.96,0.881,0.02,-1,234790,460228.594
KABO,2024-05-28,1.97,1.97,1.88,1.94,-1.304,-0.03,-1,285939,553331.938
KABO,2024-05-27,2.02,2.02,1.96,1.97,0.437,0.01,-1,1019622,2032694.5
KABO,2024-05-26,2.04,2.04,1.94,1.96,1.322,0.02,-1,1217752,2428695
KABO,2024-05-23,2.02,2.02,1.92,1.94,-0.442,0.01,-1,683555,1348896.125
KABO,2024-05-22,2.04,2.04,1.91,1.93,-2.586,-0.05,-1,681797,1334626
KABO,2024-05-21,2.1,2.1,1.88,1.98,2.667,0.06,-1,1479498,2899065.5
KABO,2024-05-20,1.95,1.95,1.86,1.92,-0.442,-0.01,-1,1540609,2941054.5
KABO,2024-05-19,1.95,1.95,1.87,1.93,2.262,0.04,-1,2919220,5588153.5
KABO,2024-05-16,1.91,1.91,1.8,1.89,5.238,0.09,-1,1642140,3050299.75
KABO,2024-05-15,1.9,1.9,1.76,1.8,-4.11,-0.07,-1,1672915,3072173
KABO,2024-05-14,1.97,1.97,1.83,1.87,-5.195,-0.11,-1,2516037,4776805
KABO,2024-05-13,2.01,2.01,1.65,1.98,11.594,0.21,-1,4425050,7819220
KABO,2024-05-12,1.88,1.88,1.74,1.77,-5.991,-0.09,-1,913871,1648812.375
KABO,2024-05-09,2.16,2.16,1.81,1.86,3.333,0.06,-1,2425559,4621661
KABO,2024-05-08,1.84,1.84,1.78,1.8,0,0,-1,2556793,4570613
KABO,2024-05-07,1.83,1.83,1.74,1.8,-0.943,-0.01,-1,874164,1562175.5
KABO,2024-05-02,1.85,1.85,1.78,1.81,0,0,-1,776661,1407966.875
KABO,2024-05-01,1.85,1.85,1.73,1.81,0.472,0,-1,283213,512343
KABO,2024-04-30,1.87,1.87,1.76,1.81,-5.505,-0.05,-1,1194994,2190324.75
KABO,2024-04-29,1.91,1.91,1.78,1.86,5.825,0.1,-1,485594,891679.688
KABO,2024-04-28,2.04,2.04,1.72,1.76,-8.297,-0.2,-1,442215,803685.688
KABO,2024-04-24,2.1,2.1,1.92,1.96,-6.612,-0.11,-1,657834,1286256
KABO,2024-04-23,2.22,2.22,2.05,2.07,-4.724,-0.1,-1,951540,2045916.125
KABO,2024-04-22,2.3,2.3,2.16,2.17,-0.392,-0.01,-1,538167,1175187.5
KABO,2024-04-21,2.3,2.3,2.15,2.18,1.19,0.02,-1,364816,802916.625
KABO,2024-04-18,2.44,2.44,2.14,2.16,-6.159,-0.2,-1,1812671,4225759.5
KABO,2024-04-17,2.46,2.46,2.28,2.36,2.602,0.06,-1,2576381,6119377
KABO,2024-04-16,2.38,2.38,2.25,2.3,1.128,0.02,-1,5760694,13271344
KABO,2024-04-15,2.39,2.39,2.18,2.28,2.734,0.09,-1,1559217,3566969.75
KABO,2024-04-08,2.22,2.22,2.14,2.19,-1.158,-0.03,-1,230910,503224.813
KABO,2024-04-07,2.22,2.22,2.14,2.22,2.372,0.06,-1,687022,1501324.25
KABO,2024-04-04,2.18,2.18,2.14,2.16,0.398,0.01,-1,1038226,2238269.25
KABO,2024-04-03,2.17,2.17,2.11,2.15,1.195,0,-1,103226,221524.484
KABO,2024-04-02,2.29,2.29,2.12,2.15,-1.923,-0.07,-1,695310,1521747.625
KABO,2024-04-01,2.26,2.26,2.16,2.22,1.563,0.03,-1,319213,708985.813
KABO,2024-03-31,2.39,2.39,2.14,2.19,-3.396,-0.08,-1,273235,605530.813
KABO,2024-03-28,2.31,2.31,2.18,2.27,1.132,0,-1,216137,487890.75
KABO,2024-03-27,2.42,2.42,2.23,2.27,-5.694,-0.13,-1,940145,2188410.5
KABO,2024-03-26,2.48,2.48,2.39,2.4,-3.103,-0.08,-1,426198,1035617.313
KABO,2024-03-25,2.52,2.52,2.31,2.48,3.203,0.08,-1,1796348,4440342
KABO,2024-03-24,2.48,2.48,2.27,2.4,7.252,0.16,-1,819121,1982958
KABO,2024-03-21,2.27,2.27,2.14,2.24,3.968,0.08,-1,622293,1369935.125
KABO,2024-03-20,2.27,2.27,2.14,2.16,0.797,0.01,-1,320649,700714.875
KABO,2024-03-19,2.27,2.27,1.97,2.15,-5.993,-0.13,-1,611386,1304341.875
KABO,2024-03-18,2.51,2.51,2.22,2.28,-4.643,-0.11,-1,1266440,2996268.25
KABO,2024-03-17,2.57,2.57,2.35,2.39,-3.78,-0.1,-1,563428,1379311.125
KABO,2024-03-14,2.55,2.55,2.32,2.49,8.582,0.2,-1,423431,1036891.75
KABO,2024-03-13,2.57,2.57,2.23,2.29,-10.067,-0.26,-1,633034,1520115.875
KABO,2024-03-12,2.65,2.65,2.51,2.55,-3.247,-0.08,-1,804867,2063963.625
KABO,2024-03-11,2.72,2.72,2.59,2.63,-0.324,-0.01,-1,385639,1030495.5
KABO,2024-03-10,2.73,2.73,2.63,2.64,0.651,0.01,-1,565823,1503607.75
KABO,2024-03-07,2.69,2.69,2.5,2.63,0.987,0.03,-1,644001,1662821.125
KABO,2024-03-06,2.8,2.8,2.49,2.6,-4.403,-0.12,-1,887521,2392620.5
KABO,2024-03-05,2.85,2.85,2.69,2.72,1.274,0.03,-1,1041190,2878367.5
KABO,2024-03-04,2.74,2.74,2.66,2.69,0.319,0.01,-1,1141962,3081145.75
KABO,2024-03-03,2.75,2.75,2.67,2.68,0,0,-1,1302292,3506647.25
KABO,2024-02-29,3.02,3.02,2.66,2.68,-4.281,-0.12,-1,2265501,6264113
KABO,2024-02-28,3.16,3.16,2.69,2.8,-10.411,-0.32,-1,2218775,6514951.5
KABO,2024-02-27,3.28,3.28,3.1,3.12,-1.084,-0.04,-1,4618193,14839548
KABO,2024-02-26,3.2,3.2,2.92,3.16,6.34,0.19,-1,5493070,17213332
KABO,2024-02-25,3.16,3.16,2.69,2.97,-3.878,-0.12,-1,3726683,11239474
KABO,2024-02-22,3.22,3.22,2.96,3.09,4.638,0.14,-1,8789172,27177330
KABO,2024-02-21,3.08,3.08,2.87,2.95,4.545,0.13,-1,6591894,19715096
KABO,2024-02-20,2.83,2.83,2.67,2.82,5.769,0.15,-1,2593089,7171281
KABO,2024-02-19,2.69,2.69,2.65,2.67,0.322,0.01,-1,233397,623551.063
KABO,2024-02-18,2.71,2.71,2.66,2.66,0,0,-1,986541,2656926.75
KABO,2024-02-15,2.72,2.72,2.63,2.66,0.323,0.01,-1,4813064,12895841
KABO,2024-02-14,2.73,2.73,2.63,2.65,0.323,0,-1,1081128,2882654.5
KABO,2024-02-13,2.69,2.69,2.61,2.65,3.63,0.06,-1,617409,1635259.75
KABO,2024-02-12,2.65,2.65,2.52,2.59,-2.589,-0.05,-1,1059495,2757157.75
KABO,2024-02-11,2.69,2.69,2.63,2.64,-1.905,-0.05,-1,407253,1081018.625
KABO,2024-02-08,2.75,2.75,2.6,2.69,3.618,0.09,-1,1723858,4671278.5
KABO,2024-02-07,2.63,2.63,2.58,2.6,0.33,0.01,-1,509064,1325688
KABO,2024-02-06,2.71,2.71,2.55,2.59,-2.885,-0.08,-1,1598334,4161275.25
KABO,2024-02-05,2.74,2.74,2.57,2.67,2.632,0.07,-1,1857376,4955568
KABO,2024-02-04,2.69,2.69,2.57,2.6,-3.797,-0.1,-1,1214188,3158258.75
KABO,2024-02-01,2.71,2.71,2.22,2.7,4.636,0.12,-1,1200265,3102239
KABO,2024-01-31,2.87,2.87,2.54,2.58,-5.488,-0.23,-1,1392299,3748155
KABO,2024-01-30,2.93,2.93,2.79,2.81,-0.906,-0.02,-1,1578170,4468009
KABO,2024-01-29,2.99,2.99,2.82,2.83,-2.933,-0.09,-1,1209323,3491695.75
KABO,2024-01-28,2.99,2.99,2.86,2.92,2.41,0.08,-1,3171356,9350935
KABO,2024-01-24,2.87,2.87,2.75,2.84,2.786,0.08,-1,2628543,7382920.5
KABO,2024-01-23,2.93,2.93,2.76,2.76,0.311,0.01,-1,2647914,7483144
KABO,2024-01-22,3.04,3.04,2.75,2.75,-2.128,-0.06,-1,4918858,14445110
KABO,2024-01-21,2.9,2.9,2.81,2.81,2.174,0.06,-1,1534892,4365067.5
KABO,2024-01-18,2.87,2.87,2.67,2.75,-1.829,-0.06,-1,1795342,4969035
KABO,2024-01-17,2.97,2.97,2.78,2.81,-2.959,-0.08,-1,1756541,5070799.5
KABO,2024-01-16,2.99,2.99,2.88,2.89,-0.588,-0.02,-1,2627636,7724630
KABO,2024-01-15,2.96,2.96,2.86,2.91,2.102,0.06,-1,2290347,6643940.5
KABO,2024-01-14,3,3,2.82,2.85,-4.857,-0.14,-1,2414606,7040608.5
KABO,2024-01-11,2.99,2.99,2.82,2.99,6.061,0.17,-1,6864456,20038576
KABO,2024-01-10,2.86,2.86,2.73,2.82,1.227,0.03,-1,1813380,5023084
KABO,2024-01-09,2.89,2.89,2.73,2.79,0.617,0.02,-1,4243207,11927063
KABO,2024-01-08,2.78,2.78,2.64,2.77,6.23,0.16,-1,4430673,12066120
KABO,2024-01-04,2.68,2.68,2.49,2.61,4.811,0.12,-1,5377812,14034542
KABO,2024-01-03,2.57,2.57,2.45,2.49,-1.356,-0.03,-1,3364293,8392065
KABO,2024-01-02,2.65,2.65,2.44,2.52,-1.007,-0.03,-1,6274932,15908856
KABO,2023-12-31,2.69,2.69,2.48,2.55,2.405,0.06,-1,5220163,13322195
KABO,2023-12-28,2.53,2.53,2.28,2.49,6.985,0.16,-1,5555889,13565848
KABO,2023-12-27,2.45,2.45,2.27,2.33,2.247,0.05,-1,3453414,8149352.5
KABO,2023-12-26,2.35,2.35,2.24,2.28,-2.909,-0.07,-1,5360177,12273454
KABO,2023-12-25,2.35,2.35,2.05,2.35,12.705,0.26,-1,3871789,8517350
KABO,2023-12-24,2.14,2.14,1.98,2.09,8.482,0.17,-1,3040441,6268740
KABO,2023-12-21,2.04,2.04,1.91,1.92,-3.03,-0.06,-1,2792623,5515630
KABO,2023-12-20,2.18,2.18,1.97,1.98,-2.532,-0.05,-1,5235916,10963053
KABO,2023-12-19,2.16,2.16,1.98,2.03,0,0,-1,4677377,9667579
KABO,2023-12-18,2.06,2.06,1.89,2.03,7.727,0.15,-1,10603346,21172236
KABO,2023-12-17,1.93,1.93,1.78,1.88,6.796,0.12,-1,6700673,12576112
KABO,2023-12-14,1.8,1.8,1.75,1.76,1.463,0.01,-1,1343170,2390819.25
KABO,2023-12-13,1.77,1.77,1.71,1.75,1.485,0.02,-1,892629,1563256.5
KABO,2023-12-12,1.81,1.81,1.72,1.73,-0.98,-0.01,-1,1293890,2267364.96
KABO,2023-12-11,1.83,1.83,1.74,1.74,-3.318,-0.06,-1,1833794,3257049.25
KABO,2023-12-10,1.92,1.92,1.77,1.8,2.927,0.05,-1,8075308,14847730
KABO,2023-12-07,1.76,1.76,1.67,1.75,1.99,0.03,-1,2304853,3984758.5
KABO,2023-12-06,1.77,1.77,1.71,1.72,-0.495,-0.01,-1,1487891,2575384.5
KABO,2023-12-05,1.74,1.74,1.71,1.73,1,0.02,-1,1314148,2268864.5
KABO,2023-12-04,1.73,1.73,1.7,1.71,0.503,0.01,-1,1767291,3019425.75
KABO,2023-12-03,1.73,1.73,1.69,1.7,-1.493,-0.02,-1,1511175,2581507.75
KABO,2023-11-30,1.75,1.75,1.71,1.72,-0.35,-0.01,-1,868474,1492856.5
KABO,2023-11-29,1.78,1.78,1.71,1.73,-0.59,0,-1,3358713,5877188.5
KABO,2023-11-28,1.79,1.79,1.68,1.73,-1.89,-0.03,-1,1676463,2920841.75
KABO,2023-11-27,1.79,1.79,1.74,1.76,1.48,0.02,-1,2244560,3973896
KABO,2023-11-26,1.76,1.76,1.71,1.74,2.32,0.05,-1,3292017,5732672
KABO,2023-11-23,1.74,1.74,1.69,1.69,0,-0.01,-1,2399507,4118462.75
KABO,2023-11-22,1.7,1.7,1.66,1.7,1.59,0.03,-1,957656,1615420.13
KABO,2023-11-21,1.69,1.69,1.64,1.67,-1.27,-0.02,-1,1225339,2045381.75
KABO,2023-11-20,1.73,1.73,1.69,1.69,-1.2,-0.02,-1,772650,1312484
KABO,2023-11-19,1.73,1.73,1.7,1.71,0,0.01,-1,703543,1204928.88
KABO,2023-11-16,1.72,1.72,1.69,1.7,1.02,0.01,-1,476126,812614.94
KABO,2023-11-15,1.76,1.76,1.68,1.69,-2.93,-0.06,-1,1180096,2015779.63
KABO,2023-11-14,1.79,1.79,1.7,1.75,3.02,0.05,-1,824789,1443921.5
KABO,2023-11-13,1.72,1.72,1.69,1.7,1.02,0.01,-1,529184,901596.13
KABO,2023-11-12,1.74,1.74,1.69,1.69,-1.5,-0.02,-1,1385503,2362099.25
KABO,2023-11-09,1.76,1.76,1.7,1.71,-1.47,-0.03,-1,1191504,2058645.5
KABO,2023-11-08,1.83,1.83,1.73,1.74,-2.39,-0.05,-1,1810382,3187226
KABO,2023-11-07,1.88,1.88,1.76,1.79,-0.48,-0.01,-1,1783373,3223365.25
KABO,2023-11-06,1.86,1.86,1.77,1.8,2.94,0.06,-1,3021585,5450174
KABO,2023-11-05,1.81,1.81,1.71,1.74,-1.45,-0.03,-1,3310604,5825620
KABO,2023-11-02,1.82,1.82,1.71,1.77,-0.96,-0.02,-1,1650680,2942797.5
KABO,2023-11-01,1.9,1.9,1.75,1.79,-5,-0.09,-1,2858093,5185711.5
KABO,2023-10-31,1.95,1.95,1.85,1.88,-0.45,-0.01,-1,3201771,6046017.5
KABO,2023-10-30,1.97,1.97,1.87,1.89,-1.34,-0.03,-1,3040435,5791924.5
KABO,2023-10-29,2.06,2.06,1.89,1.92,-6.67,-0.13,-1,3138233,6145312.93
KABO,2023-10-26,2.05,2.05,1.85,2.05,7.239,0.14,-1,4833251,9558267
KABO,2023-10-25,1.91,1.91,1.72,1.91,11.343,0.19,-1,6577288,12137818
KABO,2023-10-24,1.78,1.78,1.69,1.72,0.249,0.01,-1,1276649,2211816
KABO,2023-10-23,1.8,1.8,1.64,1.71,4.645,0.03,-1,3739846,6508186.5
KABO,2023-10-22,1.69,1.69,1.65,1.68,0.103,0.01,-1,979327,1646418.625
KABO,2023-10-19,1.68,1.68,1.65,1.67,-0.255,-0.01,-1,1192351,1983183
KABO,2023-10-18,1.69,1.69,1.64,1.68,-0.307,0.01,-1,887643,1486980.25
KABO,2023-10-17,1.68,1.68,1.64,1.67,0.721,0.01,-1,1599209,2646097.25
KABO,2023-10-16,1.67,1.67,1.6,1.66,3.684,0.06,-1,2155706,3543874.25
KABO,2023-10-15,1.64,1.64,1.5,1.6,6.792,0.1,-1,3709714,5926276
KABO,2023-10-12,1.51,1.51,1.49,1.5,-0.457,0,-1,119560,178968.438
KABO,2023-10-11,1.51,1.51,1.49,1.5,-0.967,0,-1,287701,431749.125
KABO,2023-10-10,1.52,1.52,1.46,1.5,1.433,0.01,-1,336113,501400.719
KABO,2023-10-09,1.52,1.52,1.44,1.49,5.833,0.07,-1,842669,1253038.375
KABO,2023-10-08,1.52,1.52,1.21,1.42,-3.464,-0.09,-1,539134,787926.75
KABO,2023-10-04,1.52,1.52,1.5,1.51,0.801,0.02,-1,238460,359220.969
KABO,2023-10-03,1.54,1.54,1.48,1.49,0.057,-0.01,-1,373043,557567.75
KABO,2023-10-02,1.55,1.55,1.48,1.5,-2.662,-0.04,-1,735386,1105601.125
KABO,2023-10-01,1.58,1.58,1.54,1.54,-0.221,-0.01,-1,701484,1081587.75
KABO,2023-09-27,1.56,1.56,1.54,1.55,-0.604,-0.01,-1,755746,1175371.25
KABO,2023-09-26,1.57,1.57,1.56,1.56,0,0,-1,1814648,2838218.5
KABO,2023-09-25,1.59,1.59,1.55,1.56,-1.779,-0.03,-1,783236,1229600.375
KABO,2023-09-24,1.59,1.59,1.57,1.59,0.216,0,-1,642239,1017476.063
KABO,2023-09-21,1.61,1.61,1.58,1.59,0.054,0,-1,676038,1073785.625
KABO,2023-09-20,1.63,1.63,1.58,1.59,-2.525,-0.04,-1,1414354,2271084
KABO,2023-09-19,1.64,1.64,1.63,1.63,-0.315,0,-1,758790,1237172.5
KABO,2023-09-18,1.66,1.66,1.63,1.63,0.577,0,-1,2077651,3403883.75
KABO,2023-09-17,1.64,1.64,1.61,1.63,0.421,0,-1,720798,1174259.25
KABO,2023-09-14,1.66,1.66,1.63,1.63,-0.676,-0.01,-1,1987964,3239661.25
KABO,2023-09-13,1.65,1.65,1.63,1.64,-0.363,-0.01,-1,1454634,2379796.75
KABO,2023-09-12,1.66,1.66,1.64,1.65,0,0,-1,862688,1421349.25
KABO,2023-09-11,1.69,1.69,1.63,1.65,-2.282,-0.04,-1,986002,1636228.625
KABO,2023-09-10,1.7,1.7,1.69,1.69,0,0,-1,439351,741901.188
KABO,2023-09-07,1.7,1.7,1.68,1.69,-0.51,0,-1,577895,975009.31
KABO,2023-09-06,1.71,1.71,1.67,1.69,2.04,0.01,-1,2042835,3463213.25
KABO,2023-09-05,1.71,1.71,1.67,1.68,0.51,-0.01,-1,1573707,2648302.25
KABO,2023-09-04,1.74,1.74,1.69,1.69,-0.5,-0.01,-1,852565,1447760.25
KABO,2023-09-03,1.75,1.75,1.69,1.7,-0.5,-0.02,-1,1267360,2168464.5
KABO,2023-08-31,1.76,1.76,1.71,1.72,-1.47,-0.02,-1,2523675,4381633
KABO,2023-08-30,1.77,1.77,1.69,1.74,2,0.03,-1,5026494,8741759
KABO,2023-08-29,1.73,1.73,1.7,1.71,-0.5,-0.01,-1,2371899,4059990.25
KABO,2023-08-28,1.78,1.78,1.7,1.72,-2.9,-0.05,-1,3143889,5427720
KABO,2023-08-27,1.8,1.8,1.74,1.77,1.97,0.03,-1,5918271,10519436
KABO,2023-08-24,1.78,1.78,1.73,1.74,0.5,0.01,-1,2806340,4917071
KABO,2023-08-23,1.79,1.79,1.73,1.73,-2.88,-0.05,-1,1199944,2094926
KABO,2023-08-22,1.79,1.79,1.74,1.78,0.48,0.01,-1,1475474,2605044.75
KABO,2023-08-21,1.8,1.8,1.75,1.77,-0.96,-0.02,-1,1619296,2868664.5
KABO,2023-08-20,1.8,1.8,1.76,1.79,0.97,0.02,-1,1747043,3105798
KABO,2023-08-17,1.84,1.84,1.76,1.77,-2.36,-0.04,-1,2184810,3922333.75
KABO,2023-08-16,1.87,1.87,1.81,1.81,-0.47,-0.01,-1,2409181,4422058.5
KABO,2023-08-15,1.86,1.86,1.81,1.82,-1.39,-0.03,-1,830834,1521450.38
KABO,2023-08-14,1.86,1.86,1.78,1.85,2.4,0.07,-1,2786653,5063903
KABO,2023-08-13,1.81,1.81,1.77,1.78,-0.95,-0.02,-1,1684381,3012841.75
KABO,2023-08-10,1.86,1.86,1.79,1.8,-2.33,-0.04,-1,3805614,6898805
KABO,2023-08-09,1.88,1.88,1.79,1.84,1.42,0.03,-1,5358037,9919948
KABO,2023-08-08,1.83,1.83,1.75,1.81,3.41,0.06,-1,3864510,6934914
KABO,2023-08-07,1.83,1.83,1.74,1.75,-3.3,-0.06,-1,2140916,3812881.75
KABO,2023-08-06,1.86,1.86,1.8,1.81,-0.47,-0.01,-1,2936997,5355134
KABO,2023-08-03,1.83,1.83,1.76,1.83,3.142,0.06,-1,2304405,4148127.5
KABO,2023-08-02,1.83,1.83,1.77,1.77,-1.476,-0.03,-1,2227932,3983243.75
KABO,2023-08-01,1.81,1.81,1.74,1.8,2.689,0.05,-1,3828326,6843992
KABO,2023-07-31,1.75,1.75,1.69,1.75,1.741,0.03,-1,3922794,6778896.5
KABO,2023-07-30,1.73,1.73,1.64,1.72,5.236,0.09,-1,6463477,10966559
KABO,2023-07-27,1.67,1.67,1.63,1.63,-1.292,-0.03,-1,949913,1560292.25
KABO,2023-07-26,1.68,1.68,1.64,1.66,-0.412,0,-1,1463560,2431157
KABO,2023-07-25,1.67,1.67,1.59,1.66,2.156,0.03,-1,2939448,4849817.5
KABO,2023-07-24,1.64,1.64,1.61,1.63,1.82,0.03,-1,1291194,2096708.125
KABO,2023-07-19,1.63,1.63,1.58,1.6,-1.315,-0.03,-1,861136,1381811.875
KABO,2023-07-18,1.66,1.66,1.63,1.63,-0.315,0,-1,666819,1087595.5
KABO,2023-07-17,1.66,1.66,1.62,1.63,0.104,-0.02,-1,732295,1201459
KABO,2023-07-16,1.69,1.69,1.64,1.65,-1.387,-0.02,-1,858370,1428480.75
KABO,2023-07-13,1.69,1.69,1.65,1.67,0.516,0.01,-1,2654113,4431642.5
KABO,2023-07-12,1.68,1.68,1.57,1.66,5.789,0.09,-1,4998885,8214657.5
KABO,2023-07-11,1.59,1.59,1.55,1.57,1.322,0.02,-1,461339,721219.625
KABO,2023-07-10,1.61,1.61,1.54,1.55,0.654,-0.02,-1,410057,639699.5
KABO,2023-07-09,1.62,1.62,1.54,1.57,-1.076,-0.02,-1,623095,991786.375
KABO,2023-07-06,1.62,1.62,1.57,1.59,-0.16,-0.02,-1,2440053,3878675
KABO,2023-07-05,1.63,1.63,1.6,1.61,-0.369,-0.01,-1,1547638,2503290.5
KABO,2023-07-04,1.63,1.63,1.58,1.62,2.874,0.04,-1,1826204,2947465
KABO,2023-06-26,1.58,1.58,1.57,1.58,0.054,0,-1,177020,278738.719
KABO,2023-06-25,1.58,1.58,1.53,1.58,5.251,0.08,-1,2632022,4113605.25
KABO,2023-06-22,1.54,1.54,1.5,1.5,-0.849,-0.01,-1,464201,699111.625
KABO,2023-06-21,1.53,1.53,1.5,1.51,-0.836,-0.02,-1,604056,918506.313
KABO,2023-06-20,1.55,1.55,1.53,1.53,0.279,0,-1,416922,640098.875
KABO,2023-06-19,1.57,1.57,1.52,1.53,-1.274,-0.01,-1,744504,1144252.875
KABO,2023-06-18,1.57,1.57,1.54,1.54,0.501,0,-1,633907,980448.688
KABO,2023-06-15,1.56,1.56,1.53,1.54,-0.278,0,-1,956082,1471638.75
KABO,2023-06-14,1.58,1.58,1.54,1.54,-2.545,-0.04,-1,1200586,1863620
KABO,2023-06-13,1.59,1.59,1.57,1.58,-0.698,-0.01,-1,1259538,1992926.875
KABO,2023-06-12,1.62,1.62,1.58,1.59,-1.015,-0.01,-1,595625,954140.75
KABO,2023-06-11,1.61,1.61,1.57,1.6,3.03,0.05,-1,2322851,3706723
KABO,2023-06-08,1.57,1.57,1.51,1.55,1.555,0.01,-1,317606,492898.781
KABO,2023-06-07,1.58,1.58,1.54,1.54,-0.552,-0.01,-1,1373618,2138051.5
KABO,2023-06-06,1.56,1.56,1.53,1.55,2.206,0.04,-1,1395711,2154624.5
KABO,2023-06-05,1.59,1.59,1.51,1.51,-3.861,-0.06,-1,1621508,2520470.5
KABO,2023-06-04,1.6,1.6,1.57,1.57,-1.128,-0.02,-1,1872425,2976961.5
KABO,2023-06-01,1.61,1.61,1.58,1.59,-0.481,-0.01,-1,1128245,1797866
KABO,2023-05-31,1.64,1.64,1.59,1.6,-0.844,-0.02,-1,2889503,4639905.5
KABO,2023-05-30,1.66,1.66,1.61,1.62,1.391,0.02,-1,5747975,9411221
KABO,2023-05-29,1.62,1.62,1.57,1.6,1.631,0.03,-1,4126599,6575442.5
KABO,2023-05-28,1.58,1.58,1.55,1.57,0.767,0.01,-1,1455386,2277441.25
KABO,2023-05-25,1.59,1.59,1.56,1.56,-1.351,-0.02,-1,1919157,3016997.5
KABO,2023-05-24,1.61,1.61,1.58,1.58,-0.162,-0.01,-1,2327974,3710867.25
KABO,2023-05-23,1.6,1.6,1.57,1.59,0.054,0.02,-1,1905153,3019937.75
KABO,2023-05-22,1.6,1.6,1.54,1.57,3.606,0.05,-1,4395995,6954142
KABO,2023-05-21,1.55,1.55,1.5,1.52,1.313,0.02,-1,258793,392425.125
KABO,2023-05-18,1.53,1.53,1.48,1.5,-1.393,-0.04,-1,1003363,1513795.875
KABO,2023-05-17,1.6,1.6,1.51,1.54,-0.778,0,-1,2021209,3166683
KABO,2023-05-16,1.56,1.56,1.5,1.54,-0.166,0,-1,1260416,1939668.75
KABO,2023-05-15,1.63,1.63,1.54,1.54,-3.942,-0.07,-1,2313271,3651728
KABO,2023-05-14,1.62,1.62,1.53,1.61,4.271,0.07,-1,5177030,8235430.5
KABO,2023-05-11,1.56,1.56,1.51,1.54,2.501,0.04,-1,3975919,6112008
KABO,2023-05-10,1.51,1.51,1.45,1.5,0.457,0,-1,1259825,1869905.875
KABO,2023-05-09,1.52,1.52,1.49,1.5,0.517,0.01,-1,1096830,1655686.25
KABO,2023-05-08,1.52,1.52,1.45,1.49,-1.593,-0.01,-1,717970,1073308.125
KABO,2023-05-07,1.53,1.53,1.46,1.5,-0.397,-0.01,-1,555665,838203.625
KABO,2023-05-03,1.54,1.54,1.46,1.51,3.812,0.05,-1,1129012,1700962.97
KABO,2023-05-02,1.49,1.49,1.45,1.46,-1.786,-0.02,-1,725397,1063512.625
KABO,2023-05-01,1.51,1.51,1.46,1.48,-1.87,-0.03,-1,605406,899626.41
KABO,2023-04-30,1.54,1.54,1.51,1.51,-1.61,-0.03,-1,740618,1132812.13
KABO,2023-04-27,1.55,1.55,1.51,1.54,1.353,0.02,-1,1398280,2149734.5
KABO,2023-04-26,1.55,1.55,1.51,1.52,-0.616,-0.01,-1,602080,916490.375
KABO,2023-04-19,1.55,1.55,1.52,1.53,0.056,0,-1,594607,909646.375
KABO,2023-04-18,1.57,1.57,1.52,1.53,-1.654,-0.02,-1,2200081,3383511.75
KABO,2023-04-13,1.59,1.59,1.54,1.55,-1.893,-0.03,-1,1848320,2878617.25
KABO,2023-04-12,1.6,1.6,1.54,1.58,2.109,0.04,-1,2164891,3416730.75
KABO,2023-04-11,1.56,1.56,1.54,1.54,-0.716,-0.01,-1,1502345,2316140.5
KABO,2023-04-10,1.56,1.56,1.54,1.55,1.167,0.01,-1,2218347,3439101
KABO,2023-04-09,1.58,1.58,1.53,1.54,-0.882,-0.01,-1,2493331,3841127.25
KABO,2023-04-06,1.58,1.58,1.52,1.55,-1.198,-0.02,-1,2152296,3341154
KABO,2023-04-05,1.62,1.62,1.57,1.57,-1.13,-0.02,-1,2523150,3976783.75
KABO,2023-04-04,1.62,1.62,1.57,1.59,3.488,0.02,-1,1406664,2226545
KABO,2023-04-03,1.59,1.59,1.56,1.57,0.109,0,-1,934666,1467120.5
KABO,2023-04-02,1.6,1.6,1.56,1.57,-1.028,-0.01,-1,464406,729182.875
KABO,2023-03-30,1.62,1.62,1.57,1.58,-1.649,-0.03,-1,721400,1145419.25
KABO,2023-03-29,1.65,1.65,1.58,1.61,0.106,0,-1,354759,570736.938
KABO,2023-03-28,1.66,1.66,1.58,1.61,-1.158,-0.02,-1,358956,577982.375
KABO,2023-03-27,1.71,1.71,1.63,1.63,-3.553,-0.06,-1,1991592,3303337
KABO,2023-03-26,1.71,1.71,1.68,1.69,0.357,0.01,-1,3987935,6723559.5
KABO,2023-03-23,1.7,1.7,1.67,1.68,-1.604,-0.03,-1,270557,455881.531
KABO,2023-03-22,1.74,1.74,1.7,1.71,-0.75,-0.01,-1,2125365,3651058.26
KABO,2023-03-21,1.74,1.74,1.64,1.72,6.518,0.11,-1,4676660,7962498
KABO,2023-03-20,1.67,1.67,1.54,1.61,8.213,0.07,-1,1633405,2601202.75
KABO,2023-03-19,1.56,1.56,1.5,1.54,2.386,0.03,-1,1690528,2580072.25
KABO,2023-03-16,1.56,1.56,1.37,1.51,4.142,0.06,-1,2076170,3068230.5
KABO,2023-03-15,1.67,1.67,1.3,1.45,-10.582,-0.17,-1,1709380,2613284.75
KABO,2023-03-14,1.65,1.65,1.57,1.62,3.226,0.03,-1,1386656,2224581.75
KABO,2023-03-13,1.69,1.69,1.47,1.59,-3.627,-0.06,-1,1746655,2834320
KABO,2023-03-12,1.71,1.71,1.63,1.65,-3.5,-0.06,-1,2188866,3649028.25
KABO,2023-03-09,1.74,1.74,1.68,1.71,0.959,0.02,-1,3986596,6839112.5
KABO,2023-03-08,1.71,1.71,1.66,1.69,0,0,-1,2517610,4263861.5
KABO,2023-03-07,1.72,1.72,1.67,1.69,-0.553,-0.01,-1,1698248,2887311.5
KABO,2023-03-06,1.71,1.71,1.65,1.7,1.118,0.02,-1,4648450,7813652.5
KABO,2023-03-05,1.74,1.74,1.67,1.68,-1.45,-0.03,-1,12147721,20659587.73
KABO,2023-03-02,1.75,1.75,1.69,1.71,-1.674,-0.03,-1,4409351,7586625
KABO,2023-03-01,1.75,1.75,1.65,1.74,6.782,0.11,-1,5622020,9604713
KABO,2023-02-28,1.67,1.67,1.62,1.63,-1.604,-0.02,-1,2105720,3435923
KABO,2023-02-27,1.69,1.69,1.63,1.65,-1.327,-0.03,-1,2157836,3575226
KABO,2023-02-26,1.72,1.72,1.67,1.68,-0.558,-0.01,-1,2515266,4240581.5
KABO,2023-02-23,1.7,1.7,1.61,1.69,3.14,0.06,-1,3747632,6200619
KABO,2023-02-22,1.75,1.75,1.63,1.63,-4.98,-0.09,-1,8421058,14044238
KABO,2023-02-21,1.78,1.78,1.69,1.72,-1.47,-0.02,-1,6435575,11118890
KABO,2023-02-20,1.8,1.8,1.73,1.74,0.49,0,-1,10746473,18993930
KABO,2023-02-19,1.8,1.8,1.72,1.74,-0.49,0,-1,4540787,7970832.5
KABO,2023-02-16,1.77,1.77,1.71,1.74,1.49,0.02,-1,3139858,5489391.5
KABO,2023-02-15,1.78,1.78,1.71,1.72,-1.47,-0.02,-1,2836100,4901027.5
KABO,2023-02-14,1.78,1.78,1.7,1.74,2.51,0.04,-1,3534658,6185976.5
KABO,2023-02-13,1.74,1.74,1.68,1.7,-1,-0.02,-1,2088696,3565469
KABO,2023-02-12,1.78,1.78,1.71,1.72,0,0,-1,7911994,13746765
KABO,2023-02-09,1.73,1.73,1.65,1.72,5.225,0.08,-1,9435562,16055086
KABO,2023-02-08,1.68,1.68,1.63,1.64,-1.9,-0.03,-1,1312195,2162118.75
KABO,2023-02-07,1.68,1.68,1.63,1.67,2.044,0.04,-1,3250855,5421364
KABO,2023-02-06,1.68,1.68,1.58,1.63,4.897,0.06,-1,5124372,8422119
KABO,2023-02-05,1.61,1.61,1.45,1.57,2.354,0.01,-1,1611548,2482776.5
KABO,2023-02-02,1.61,1.61,1.56,1.56,-0.867,-0.02,-1,1834147,2900063.75
KABO,2023-02-01,1.61,1.61,1.54,1.58,0.662,0.03,-1,1184071,1849723
KABO,2023-01-31,1.64,1.64,1.54,1.55,-5.605,-0.08,-1,1279262,2028730.375
KABO,2023-01-30,1.69,1.69,1.63,1.63,-1.39,-0.03,-1,3868691,6426922
KABO,2023-01-29,1.68,1.68,1.6,1.66,5.831,0.09,-1,8102568,13326827
KABO,2023-01-25,1.61,1.61,1.57,1.57,-0.811,-0.01,-1,1734200,2729943.75
KABO,2023-01-24,1.62,1.62,1.56,1.58,0.434,0,-1,2824212,4495058
KABO,2023-01-23,1.63,1.63,1.56,1.58,-2.724,-0.02,-1,1643315,2606013.5
KABO,2023-01-22,1.66,1.66,1.59,1.6,0.161,0,-1,4640726,7561559.5
KABO,2023-01-19,1.61,1.61,1.49,1.6,7.972,0.12,-1,6918749,10953312
KABO,2023-01-18,1.51,1.51,1.48,1.48,-1.593,-0.02,-1,3048502,4537479
KABO,2023-01-17,1.52,1.52,1.48,1.5,0.228,0,-1,2257284,3388441.5
KABO,2023-01-16,1.51,1.51,1.47,1.5,1.858,0.03,-1,3739532,5589775.5
KABO,2023-01-15,1.5,1.5,1.42,1.47,0.467,0,-1,4828232,7060256.5
KABO,2023-01-12,1.51,1.51,1.33,1.47,-1.267,-0.01,-1,4256954,6047577.5
KABO,2023-01-11,1.61,1.61,1.45,1.48,-4.929,-0.08,-1,3914468,6031926
KABO,2023-01-10,1.63,1.63,1.56,1.56,-2.561,-0.04,-1,1900526,2986621.25
KABO,2023-01-09,1.68,1.68,1.58,1.6,-4.835,-0.06,-1,4419996,7217279
KABO,2023-01-05,1.68,1.68,1.63,1.66,2.857,0.04,-1,9522042,15775507
KABO,2023-01-04,1.63,1.63,1.55,1.62,1.668,0.03,-1,7539569,12018374
KABO,2023-01-03,1.6,1.6,1.54,1.59,3.278,0.05,-1,6383099,10015899
KABO,2023-01-02,1.57,1.57,1.53,1.54,-0.332,0,-1,5614331,8698665
KABO,2022-12-29,1.58,1.58,1.53,1.54,-1.848,-0.03,-1,6468944,10028874
KABO,2022-12-28,1.61,1.61,1.55,1.57,-1.446,-0.03,-1,5274995,8287089
KABO,2022-12-27,1.71,1.71,1.59,1.6,-4.939,-0.08,-1,10843779,17870672
KABO,2022-12-26,1.7,1.7,1.58,1.68,7.278,0.09,-1,10108061,16719539
KABO,2022-12-25,1.63,1.63,1.57,1.59,-0.802,-0.01,-1,5207588,8360235
KABO,2022-12-22,1.64,1.64,1.57,1.6,-0.638,-0.01,-1,6442689,10356388
KABO,2022-12-21,1.66,1.66,1.6,1.61,-1.979,-0.03,-1,4210934,6818302
KABO,2022-12-20,1.66,1.66,1.59,1.64,4.348,0.07,-1,9069952,14792968
KABO,2022-12-19,1.63,1.63,1.55,1.57,0.327,0,-1,5522237,8754402
KABO,2022-12-18,1.6,1.6,1.52,1.57,-0.65,-0.01,-1,7013154,10932301
KABO,2022-12-15,1.65,1.65,1.54,1.58,-3.097,-0.05,-1,7247792,11465160
KABO,2022-12-14,1.65,1.65,1.42,1.63,15.385,0.22,-1,11589315,17802358
KABO,2022-12-13,1.45,1.45,1.27,1.41,13.471,0.17,-1,11486815,15724310
KABO,2022-12-12,1.26,1.26,1.21,1.24,3.521,0.03,-1,4091707,5042941
KABO,2022-12-11,1.3,1.3,1.21,1.21,-4.313,-0.06,-1,8491267,10529837
KABO,2022-12-08,1.28,1.28,1.15,1.27,10.171,0.12,-1,18961762,23581524
KABO,2022-12-07,1.18,1.18,1.13,1.15,-2.475,-0.03,-1,10135447,11653282
KABO,2022-12-06,1.18,1.18,1.1,1.18,4.966,0.06,-1,11701493,13413738
KABO,2022-12-05,1.14,1.14,1.04,1.12,8.182,0.09,-1,22506192,24526288
KABO,2022-12-04,1.07,1.07,1.03,1.03,-2.174,-0.03,-1,10710746,11140930
KABO,2022-12-01,1.09,1.09,1.01,1.06,5.254,0.05,-1,18319750,19446136
KABO,2022-11-30,1.07,1.07,0.998,1.01,-4.453,-0.05,-1,14022247,14214253
KABO,2022-11-29,1.11,1.11,0.979,1.06,8.428,0.086,-1,19338895,20037334
KABO,2022-11-28,0.991,0.991,0.958,0.974,-2.148,-0.022,-1,7703732,7486446
KABO,2022-11-27,1,1,0.897,0.996,12.36,0.11,-1,23531627,22430650.68
KABO,2022-11-24,0.894,0.894,0.843,0.886,2.894,0.029,-1,8592632,7540861.5
KABO,2022-11-23,0.868,0.868,0.806,0.857,5.474,0.044,-1,9855859,8319241
KABO,2022-11-22,0.826,0.826,0.791,0.813,1.496,0.012,-1,3020643,2451496
KABO,2022-11-21,0.834,0.834,0.788,0.801,-2.092,-0.017,-1,11048156,8919310
KABO,2022-11-20,0.83,0.83,0.767,0.818,8.259,0.052,-1,13275876,10565913
KABO,2022-11-17,0.787,0.787,0.722,0.766,4.307,0.031,-1,11016064,8281442
KABO,2022-11-16,0.753,0.753,0.676,0.735,8.87,0.06,-1,13335209,9573359.11
KABO,2022-11-15,0.687,0.687,0.667,0.675,1.155,0.009,-1,4253920,2884775.75
KABO,2022-11-14,0.668,0.668,0.65,0.666,0.129,0.001,-1,1608767,1064367.375
KABO,2022-11-13,0.669,0.669,0.654,0.665,1.19,0.018,-1,2071893,1378941.5
KABO,2022-11-10,0.65,0.65,0.631,0.647,2.981,0.016,-1,1970021,1262863.375
KABO,2022-11-09,0.646,0.646,0.627,0.631,0.676,-0.002,-1,743434,469430.563
KABO,2022-11-08,0.665,0.665,0.631,0.633,-1.594,-0.011,-1,2246255,1447401.625
KABO,2022-11-07,0.663,0.663,0.636,0.644,3.138,0.017,-1,4235517,2766136.75
KABO,2022-11-06,0.637,0.637,0.625,0.627,0.274,0.002,-1,761912,481065.438
KABO,2022-11-03,0.641,0.641,0.624,0.625,-1.482,-0.01,-1,845281,532359.5
KABO,2022-11-02,0.649,0.649,0.626,0.635,-1.198,-0.007,-1,893355,566879
KABO,2022-11-01,0.659,0.659,0.635,0.642,-0.528,-0.006,-1,885945,572291.875
KABO,2022-10-31,0.654,0.654,0.63,0.648,0.531,0.003,-1,1559755,996132.625
KABO,2022-10-30,0.667,0.667,0.642,0.645,-0.789,-0.005,-1,1109958,728958.375
KABO,2022-10-27,0.676,0.676,0.647,0.65,-1.299,-0.009,-1,2278082,1510334.125
KABO,2022-10-26,0.662,0.662,0.64,0.659,2.667,0.017,-1,3147091,2049847.875
KABO,2022-10-25,0.657,0.657,0.641,0.642,-1.575,-0.01,-1,1137264,731921.063
KABO,2022-10-24,0.666,0.666,0.65,0.652,0,0,-1,1171711,766290.125
KABO,2022-10-23,0.662,0.662,0.65,0.652,0,0,-1,1690845,1109049.25
KABO,2022-10-20,0.664,0.664,0.65,0.652,-1.17,-0.006,-1,1276528,838229.25
KABO,2022-10-19,0.682,0.682,0.657,0.658,-1.913,-0.013,-1,4491809,2983942.25
KABO,2022-10-18,0.677,0.677,0.653,0.671,1.951,0.013,-1,2885816,1931599.625
KABO,2022-10-17,0.667,0.667,0.651,0.658,-1.169,-0.001,-1,2502355,1649777.5
KABO,2022-10-16,0.663,0.663,0.655,0.659,2.111,0.011,-1,2385086,1571124.625
KABO,2022-10-13,0.653,0.653,0.637,0.648,2.159,0.014,-1,1157379,746824.813
KABO,2022-10-12,0.667,0.667,0.625,0.634,-4.14,-0.027,-1,4987093,3210091.75
KABO,2022-10-11,0.684,0.684,0.653,0.661,0.13,0.001,-1,2963045,1984357.125
KABO,2022-10-10,0.691,0.691,0.657,0.66,-3.023,-0.019,-1,3931558,2616314
KABO,2022-10-09,0.692,0.692,0.676,0.679,-0.997,-0.007,-1,1776788,1211397.75
KABO,2022-10-05,0.71,0.71,0.681,0.686,1.135,0.008,-1,6156783,4259834
KABO,2022-10-04,0.699,0.699,0.672,0.678,0.38,0.002,-1,4378994,2998236.5
KABO,2022-10-03,0.701,0.701,0.671,0.676,-1.002,-0.007,-1,4582862,3123710
KABO,2022-10-02,0.72,0.72,0.673,0.683,-4.773,-0.034,-1,4354079,3037685.75
KABO,2022-09-29,0.736,0.736,0.71,0.717,-0.119,-0.001,-1,6188020,4490698
KABO,2022-09-28,0.753,0.753,0.714,0.718,-3.341,-0.024,-1,5462449,3959732.25
KABO,2022-09-27,0.782,0.782,0.739,0.742,-2.252,-0.018,-1,14249209,10815497
KABO,2022-09-26,0.766,0.766,0.736,0.76,2.069,0.016,-1,10909743,8233639
KABO,2022-09-25,0.761,0.761,0.732,0.744,-1.584,-0.012,-1,8840966,6584445
KABO,2022-09-22,0.795,0.795,0.751,0.756,-3.388,-0.027,-1,15855936,12263464
KABO,2022-09-21,0.807,0.807,0.736,0.783,7.268,0.053,-1,26579501,20772544
KABO,2022-09-20,0.744,0.744,0.668,0.73,4.406,0.031,-1,5581126,4002171.25
KABO,2022-09-19,0.706,0.706,0.644,0.699,5.905,0.033,-1,3088696,2092801.375
KABO,2022-09-18,0.748,0.748,0.642,0.666,-8.461,-0.062,-1,6709001,4707155
KABO,2022-09-15,0.751,0.751,0.723,0.728,-1.39,-0.01,-1,4553304,3345539.5
KABO,2022-09-14,0.751,0.751,0.719,0.738,-1.82,-0.014,-1,6275158,4629540
KABO,2022-09-13,0.785,0.785,0.744,0.752,-1.568,-0.012,-1,4755852,3647364.25
KABO,2022-09-12,0.779,0.779,0.74,0.764,1.362,0.01,-1,11337157,8661652
KABO,2022-09-11,0.795,0.795,0.736,0.754,-2.974,-0.023,-1,6523165,4998544.5
KABO,2022-09-08,0.803,0.803,0.771,0.777,1.001,0.008,-1,13310629,10444341
KABO,2022-09-07,0.787,0.787,0.736,0.769,3.096,0.023,-1,15039408,11417710
KABO,2022-09-06,0.767,0.767,0.681,0.746,11.509,0.077,-1,24611845,17813272
KABO,2022-09-05,0.689,0.689,0.65,0.669,1.956,0.013,-1,5147870,3456370.5
KABO,2022-09-04,0.665,0.665,0.642,0.656,0,-0.003,-1,3861735,2505597
KABO,2022-09-01,0.683,0.683,0.643,0.659,-1.66,-0.011,-1,3126116,2074201.125
KABO,2022-08-31,0.71,0.71,0.665,0.67,-3.69,-0.025,-1,6826558,4691433.5
KABO,2022-08-30,0.707,0.707,0.644,0.695,6.974,0.045,-1,14036693,9608669
KABO,2022-08-29,0.682,0.682,0.64,0.65,3.825,0.024,-1,13882068,9216906
KABO,2022-08-28,0.643,0.643,0.599,0.626,2.092,0.013,-1,10353067,6413079.5
KABO,2022-08-25,0.618,0.618,0.607,0.613,1.558,0.009,-1,607799,371679.688
KABO,2022-08-24,0.624,0.624,0.602,0.604,-2.086,-0.011,-1,2024843,1237447.375
KABO,2022-08-23,0.645,0.645,0.606,0.615,-4.178,-0.02,-1,2564137,1600206.625
KABO,2022-08-22,0.665,0.665,0.633,0.635,0.135,0.001,-1,7387220,4797958.5
KABO,2022-08-21,0.657,0.657,0.625,0.634,3.203,0.02,-1,7950555,5105331
KABO,2022-08-18,0.629,0.629,0.61,0.614,-0.278,-0.002,-1,2177964,1340568.625
KABO,2022-08-17,0.641,0.641,0.59,0.616,4.197,0.025,-1,12699057,7853854.5
KABO,2022-08-16,0.607,0.607,0.583,0.591,-0.432,-0.003,-1,7599302,4523108.5
KABO,2022-08-15,0.627,0.627,0.586,0.594,-2.949,-0.015,-1,2801728,1674608.375
KABO,2022-08-14,0.634,0.634,0.583,0.609,4.094,0.024,-1,11808061,7163857
KABO,2022-08-11,0.589,0.589,0.563,0.585,4.427,0.025,-1,1338748,772665.813
KABO,2022-08-10,0.589,0.589,0.556,0.56,-1.355,-0.008,-1,2630065,1494189.625
KABO,2022-08-09,0.599,0.599,0.565,0.568,-4.185,-0.025,-1,1814219,1048808.375
KABO,2022-08-08,0.624,0.624,0.573,0.593,-1.004,-0.003,-1,6592565,3961206
KABO,2022-08-07,0.606,0.606,0.525,0.596,13.703,0.072,-1,11666018,6705939.5
KABO,2022-08-04,0.528,0.528,0.513,0.524,1.49,0.007,-1,3677952,1920031.625
KABO,2022-08-03,0.53,0.53,0.513,0.517,1.667,0.004,-1,1896077,990754.25
KABO,2022-08-02,0.521,0.521,0.5,0.513,0.84,0.004,-1,2471293,1262972
KABO,2022-08-01,0.529,0.529,0.506,0.509,-2.299,-0.012,-1,1257128,654724
KABO,2022-07-31,0.522,0.522,0.515,0.521,1.5,0.008,-1,960009,498806.656
KABO,2022-07-28,0.521,0.521,0.511,0.513,0,0,-1,586230,301074.438
KABO,2022-07-27,0.537,0.537,0.511,0.513,-2.755,-0.015,-1,2709411,1401531
KABO,2022-07-26,0.556,0.556,0.509,0.528,3.35,0.017,-1,3890394,2068320.5
KABO,2022-07-25,0.515,0.515,0.505,0.511,-0.5,-0.002,-1,881863,450646.281
KABO,2022-07-24,0.53,0.53,0.508,0.513,0,0,-1,2590751,1349447.5
KABO,2022-07-21,0.522,0.522,0.481,0.513,7.143,0.034,-1,4725985,2415040.5
KABO,2022-07-20,0.488,0.488,0.473,0.479,1.266,0.006,-1,1598460,768956.25
KABO,2022-07-19,0.483,0.483,0.47,0.473,1.282,0.006,-1,3172450,1506871.75
KABO,2022-07-18,0.479,0.479,0.458,0.467,0.183,0.001,-1,1270849,593741.75
KABO,2022-07-17,0.47,0.47,0.454,0.466,-2.385,0,-1,652695,299989.563
KABO,2022-07-07,0.473,0.473,0.454,0.466,2.836,0.014,-1,890950,416104.406
KABO,2022-07-06,0.469,0.469,0.445,0.452,3.592,0,-1,475599,214188.688
KABO,2022-07-05,0.475,0.475,0.438,0.452,-1.701,0,-1,463676,212776.484
KABO,2022-07-04,0.487,0.487,0.44,0.452,-6.039,-0.03,-1,1062168,493334.313
KABO,2022-07-03,0.488,0.488,0.428,0.482,-2.309,0,-1,613901,287158.531
KABO,2022-06-29,0.504,0.504,0.488,0.482,4.618,0,-1,245487,120993.648
KABO,2022-06-28,0.501,0.501,0.479,0.482,-3.905,-0.022,-1,840192,410487.469
KABO,2022-06-27,0.515,0.515,0.497,0.504,-2.496,-0.01,-1,639215,325817.031
KABO,2022-06-26,0.534,0.534,0.507,0.514,0.164,-0.006,-1,619593,320246.563
KABO,2022-06-23,0.538,0.538,0.513,0.52,-0.491,-0.003,-1,1710626,887101.313
KABO,2022-06-22,0.532,0.532,0.513,0.523,-2.083,-0.011,-1,1091338,569710.563
KABO,2022-06-21,0.543,0.543,0.532,0.534,0,0,-1,459366,246537.766
KABO,2022-06-20,0.543,0.543,0.531,0.534,-2.35,-0.013,-1,1340367,719934.063
KABO,2022-06-19,0.563,0.563,0.538,0.547,-1.692,-0.009,-1,1303535,719046.5
KABO,2022-06-16,0.565,0.565,0.555,0.556,0.309,0.003,-1,3207547,1795847.875
KABO,2022-06-15,0.559,0.559,0.552,0.553,1.411,0.007,-1,1146443,637127.25
KABO,2022-06-14,0.551,0.551,0.543,0.546,-0.62,-0.003,-1,1079281,589827.25
KABO,2022-06-13,0.556,0.556,0.541,0.549,0.156,0.001,-1,1842940,1011131.313
KABO,2022-06-12,0.564,0.564,0.538,0.548,-0.466,-0.003,-1,2078060,1151492.125
KABO,2022-06-09,0.567,0.567,0.547,0.551,-0.923,-0.005,-1,2946611,1629976.125
KABO,2022-06-08,0.571,0.571,0.554,0.556,2.524,0.014,-1,3273098,1827890.125
KABO,2022-06-07,0.563,0.563,0.53,0.542,3.393,0.013,-1,3044326,1669503.375
KABO,2022-06-06,0.547,0.547,0.516,0.529,1.809,0.009,-1,851130,452753.563
KABO,2022-06-05,0.535,0.535,0.512,0.52,-1.316,0,-1,517290,271423.531
KABO,2022-06-02,0.53,0.53,0.511,0.52,0,0,-1,255543,132463.688
KABO,2022-06-01,0.546,0.546,0.517,0.52,-2.408,-0.013,-1,726606,384270.563
KABO,2022-05-31,0.542,0.542,0.526,0.533,-1.284,0,-1,500932,268539.156
KABO,2022-05-30,0.541,0.541,0.513,0.533,4.538,0.024,-1,1309991,695664.5
KABO,2022-05-29,0.522,0.522,0.506,0.509,-1.327,-0.007,-1,823538,421023.188
KABO,2022-05-26,0.539,0.539,0.507,0.516,-1.613,-0.014,-1,1941240,1015494.75
KABO,2022-05-25,0.566,0.566,0.522,0.53,-8.284,-0.048,-1,2537152,1369905.625
KABO,2022-05-24,0.59,0.59,0.575,0.578,-1.887,-0.011,-1,1485544,863442
KABO,2022-05-23,0.607,0.607,0.586,0.589,-1.852,-0.011,-1,2439247,1443968.25
KABO,2022-05-22,0.606,0.606,0.57,0.6,6.525,0.036,-1,10548892,6263211
KABO,2022-05-19,0.57,0.57,0.546,0.564,0.765,0.005,-1,2814724,1576713.25
KABO,2022-05-18,0.577,0.577,0.549,0.559,1.082,0.006,-1,2652197,1495602.75
KABO,2022-05-17,0.577,0.577,0.547,0.553,1.413,0.008,-1,3389393,1908916
KABO,2022-05-16,0.568,0.568,0.535,0.545,-2.151,-0.012,-1,2826896,1548040.25
KABO,2022-05-15,0.582,0.582,0.555,0.557,1.244,0.007,-1,5371078,3062999.5
KABO,2022-05-12,0.582,0.582,0.517,0.55,1.101,0.006,-1,5350805,2928698
KABO,2022-05-11,0.552,0.552,0.535,0.544,0.792,0.004,-1,821083,448678.781
KABO,2022-05-10,0.543,0.543,0.515,0.54,-4.394,-0.025,-1,1204389,638786.188
KABO,2022-05-09,0.569,0.569,0.547,0.565,-2.879,0,-1,474756,262800.813
KABO,2022-05-08,0.556,0.556,0.547,0.565,-2.879,0,-1,225165,124164.836
KABO,2022-04-28,0.58,0.58,0.547,0.565,0.61,0.004,-1,802862,454405.656
KABO,2022-04-27,0.547,0.547,0.53,0.561,-3.811,0,-1,423347,228004.781
KABO,2022-04-26,0.556,0.556,0.533,0.561,-4.726,0,-1,233929,125986.688
KABO,2022-04-21,0.569,0.569,0.521,0.561,4.928,0.023,-1,829079,456446.688
KABO,2022-04-20,0.522,0.522,0.505,0.538,-4.61,0,-1,205531,105034.008
KABO,2022-04-19,0.534,0.534,0.471,0.538,-4.452,0,-1,189434,98062.414
KABO,2022-04-18,0.521,0.521,0.496,0.538,-4.61,0,-1,272230,138324.766
KABO,2022-04-17,0.516,0.516,0.496,0.538,-7.79,0,-1,528216,267285.594
KABO,2022-04-14,0.539,0.539,0.522,0.538,0,0,-1,564211,296537.52
KABO,2022-04-13,0.556,0.556,0.535,0.538,0.159,0,-1,517919,282129
KABO,2022-04-12,0.556,0.556,0.534,0.538,-3.077,-0.018,-1,1041972,567436.688
KABO,2022-04-11,0.577,0.577,0.535,0.556,0,0,-1,428034,233473.828
KABO,2022-04-10,0.577,0.577,0.547,0.556,-5.036,-0.038,-1,1771703,980997.125
KABO,2022-04-07,0.594,0.594,0.577,0.594,-2.59,0,-1,354896,206547.375
KABO,2022-04-06,0.599,0.599,0.592,0.594,0,0,-1,222826,132364.469
KABO,2022-04-05,0.594,0.594,0.593,0.594,0,0,-1,59445,35286.277
KABO,2022-04-04,0.616,0.616,0.594,0.594,0,0,-1,367872,221630.672
KABO,2022-04-03,0.614,0.614,0.587,0.594,0,0,-1,11703,6923.43
KABO,2022-03-31,0.594,0.594,0.582,0.594,0,0,-1,208395,121970.672
KABO,2022-03-30,0.6,0.6,0.594,0.594,-1.977,-0.012,-1,564683,336044.125
KABO,2022-03-29,0.633,0.633,0.592,0.606,-3.704,-0.018,-1,797089,477314.906
KABO,2022-03-28,0.612,0.612,0.591,0.624,-4.664,0,-1,140335,84219.023
KABO,2022-03-27,0.631,0.631,0.612,0.624,-1.92,0,-1,267377,166033.484
KABO,2022-03-24,0.643,0.643,0.619,0.624,-0.684,-0.001,-1,769986,483234.469
KABO,2022-03-23,0.633,0.633,0.625,0.625,0.684,0,-1,73187,46097.188
KABO,2022-03-22,0.648,0.648,0.624,0.625,-0.544,-0.004,-1,4445368,2831653.75
KABO,2022-03-21,0.632,0.632,0.612,0.629,2.797,0.017,-1,2075310,1298837.125
KABO,2022-03-20,0.624,0.624,0.612,0.612,0,0,-1,405278,250159.656
KABO,2022-03-17,0.624,0.624,0.599,0.612,-0.699,0,-1,242253,146518.453
KABO,2022-03-16,0.615,0.615,0.592,0.612,3.156,0.016,-1,503136,304028.156
KABO,2022-03-15,0.596,0.596,0.577,0.596,-1.722,0,-1,90866,53253.469
KABO,2022-03-14,0.599,0.599,0.582,0.596,-2.296,0,-1,44017,26115.65
KABO,2022-03-13,0.599,0.599,0.587,0.596,-1.578,0,-1,141883,84524.227
KABO,2022-03-10,0.607,0.607,0.595,0.596,0.43,0,-1,255458,153911.938
KABO,2022-03-09,0.612,0.612,0.59,0.596,-0.143,-0.004,-1,505207,302536.5
KABO,2022-03-08,0.6,0.6,0.578,0.6,-2.853,0,-1,479331,280019.188
KABO,2022-03-07,0.616,0.616,0.584,0.6,-1.545,-0.009,-1,630436,374509.156
KABO,2022-03-06,0.624,0.624,0.606,0.609,1.124,0,-1,360599,222797.984
KABO,2022-03-03,0.642,0.642,0.591,0.609,2.528,0,-1,455113,281731.969
KABO,2022-03-02,0.624,0.624,0.606,0.609,-0.562,0,-1,760663,468433.563
KABO,2022-03-01,0.633,0.633,0.607,0.609,1.714,0.01,-1,585839,358874.656
KABO,2022-02-28,0.658,0.658,0.574,0.599,1.156,0.007,-1,654556,393653
KABO,2022-02-27,0.607,0.607,0.569,0.592,6.646,0.039,-1,723287,429902.844
KABO,2022-02-24,0.659,0.659,0.54,0.553,-17.05,-0.114,-1,2504305,1463265.38
KABO,2022-02-23,0.684,0.684,0.667,0.667,0.128,0,-1,251984,172070.391
KABO,2022-02-22,0.668,0.668,0.659,0.667,-1.282,0,-1,430539,284139.156
KABO,2022-02-21,0.684,0.684,0.667,0.667,0.385,0,-1,103876,69755.414
KABO,2022-02-20,0.684,0.684,0.665,0.667,-2.864,-0.02,-1,914303,611545.75
KABO,2022-02-17,0.688,0.688,0.684,0.687,0.25,0.002,-1,947036,648217.54
KABO,2022-02-16,0.71,0.71,0.683,0.685,-0.866,-0.006,-1,587847,405031.969
KABO,2022-02-15,0.701,0.701,0.684,0.691,6.093,0.045,-1,1206815,828461.125
KABO,2022-02-14,0.672,0.672,0.607,0.646,-4.092,-0.023,-1,581438,380488.5
KABO,2022-02-13,0.725,0.725,0.667,0.669,-7.236,-0.052,-1,1729694,1190065.75
KABO,2022-02-10,0.736,0.736,0.718,0.721,-2.091,-0.015,-1,822228,596791.188
KABO,2022-02-09,0.755,0.755,0.727,0.736,0.702,0.005,-1,1351302,1001290.5
KABO,2022-02-08,0.748,0.748,0.73,0.731,-1.841,-0.012,-1,1024199,754761.75
KABO,2022-02-07,0.757,0.757,0.74,0.743,-0.23,-0.002,-1,1422594,1062786.875
KABO,2022-02-06,0.752,0.752,0.74,0.745,0.69,0.005,-1,843689,628200.54
KABO,2022-02-03,0.753,0.753,0.728,0.74,0.232,0.002,-1,943417,702152.625
KABO,2022-02-02,0.751,0.751,0.736,0.738,-0.69,-0.005,-1,580255,430196.13
KABO,2022-02-01,0.748,0.748,0.721,0.743,3.448,0.024,-1,1075277,784737.125
KABO,2022-01-31,0.727,0.727,0.71,0.719,1.311,0.001,-1,450147,323951.844
KABO,2022-01-30,0.753,0.753,0.701,0.718,-2.098,-0.016,-1,1000964,736827.125
KABO,2022-01-26,0.744,0.744,0.728,0.734,-0.58,-0.004,-1,972593,714358.86
KABO,2022-01-25,0.75,0.75,0.736,0.738,0.467,0.006,-1,460778,341300.844
KABO,2022-01-24,0.768,0.768,0.73,0.732,-3.28,-0.025,-1,889057,661147.72
KABO,2022-01-23,0.767,0.767,0.747,0.757,-1.557,-0.012,-1,601969,455470.156
KABO,2022-01-20,0.774,0.774,0.753,0.769,-0.111,-0.002,-1,645410,493505.938
KABO,2022-01-19,0.795,0.795,0.77,0.771,-0.221,-0.001,-1,1200139,926072.75
KABO,2022-01-18,0.794,0.794,0.77,0.772,1.772,0,-1,370359,287293.281
KABO,2022-01-17,0.785,0.785,0.77,0.772,-0.442,-0.001,-1,524089,408033.281
KABO,2022-01-16,0.787,0.787,0.769,0.773,-1.53,-0.012,-1,1480804,1145873.96
KABO,2022-01-13,0.798,0.798,0.779,0.785,-1.286,-0.013,-1,622261,492355.781
KABO,2022-01-12,0.82,0.82,0.795,0.798,-1.165,-0.009,-1,668191,538386.188
KABO,2022-01-11,0.825,0.825,0.805,0.807,-1.049,-0.008,-1,1274314,1038155.875
KABO,2022-01-10,0.824,0.824,0.808,0.815,0.105,0.002,-1,1024145,834911.063
KABO,2022-01-09,0.83,0.83,0.806,0.813,-0.731,-0.006,-1,2093765,1709071.125
KABO,2022-01-05,0.829,0.829,0.81,0.819,1.905,0.011,-1,3018973,2471353.5
KABO,2022-01-04,0.83,0.83,0.801,0.808,-0.74,-0.006,-1,1680877,1370799.36
KABO,2022-01-03,0.825,0.825,0.787,0.814,3.03,0.024,-1,4333977,3525489
KABO,2022-01-02,0.8,0.8,0.784,0.79,1.639,0.007,-1,727464,576201.875
KABO,2021-12-30,0.79,0.79,0.778,0.783,0.771,0.006,-1,879333,687923.625
KABO,2021-12-29,0.802,0.802,0.77,0.777,-1.087,-0.01,-1,1456228,1138369.25
KABO,2021-12-28,0.803,0.803,0.783,0.787,-0.969,-0.008,-1,730172,575007.063
KABO,2021-12-27,0.807,0.807,0.789,0.795,-1.06,-0.008,-1,2219590,1778625.93
KABO,2021-12-26,0.813,0.813,0.795,0.803,0.969,0.008,-1,2439725,1964188.625
KABO,2021-12-23,0.813,0.813,0.783,0.795,0.43,0.004,-1,8563035,6810112.27
KABO,2021-12-22,0.804,0.804,0.789,0.791,2.215,0.019,-1,1592154,1266683.875
KABO,2021-12-21,0.798,0.798,0.772,0.772,1.883,0,-1,227377,179245.656
KABO,2021-12-20,0.786,0.786,0.77,0.772,-2.386,-0.017,-1,650449,502761.469
KABO,2021-12-19,0.795,0.795,0.783,0.789,0.986,0.008,-1,429171,338868.063
KABO,2021-12-16,0.795,0.795,0.779,0.781,0.767,0,-1,360099,283269.563
KABO,2021-12-15,0.793,0.793,0.778,0.781,1.11,0.01,-1,989750,777279
KABO,2021-12-14,0.828,0.828,0.766,0.771,-5.95,-0.048,-1,10887585,8573412
KABO,2021-12-13,0.878,0.878,0.813,0.819,-4.008,-0.035,-1,1288719,1061823.125
KABO,2021-12-12,0.872,0.872,0.84,0.854,-1.307,0.003,-1,467533,400381.625
KABO,2021-12-09,0.864,0.864,0.838,0.851,-1.508,0,-1,235706,199774.563
KABO,2021-12-08,0.872,0.872,0.844,0.851,-2.16,-0.019,-1,1197604,1025777.22
KABO,2021-12-07,0.898,0.898,0.864,0.87,-2.865,-0.026,-1,1179567,1036780.375
KABO,2021-12-06,0.941,0.941,0.89,0.896,0.48,0.005,-1,2967294,2715556.52
KABO,2021-12-05,0.922,0.922,0.882,0.891,1.165,0.01,-1,824231,740471
KABO,2021-12-02,0.924,0.924,0.874,0.881,-2.664,-0.018,-1,910781,817304.375
KABO,2021-12-01,0.924,0.924,0.89,0.899,-0.662,-0.006,-1,862703,778875.375
KABO,2021-11-30,0.941,0.941,0.898,0.905,-0.75,-0.007,-1,1132296,1039242.063
KABO,2021-11-29,0.919,0.919,0.848,0.912,6.6,0.057,-1,2380473,2109851.47
KABO,2021-11-28,0.864,0.864,0.83,0.855,-1.381,-0.012,-1,664496,565905.313
KABO,2021-11-25,0.898,0.898,0.855,0.867,2.84,0.024,-1,684882,601981.25
KABO,2021-11-24,0.864,0.864,0.834,0.843,0,0,-1,240526,203008.469
KABO,2021-11-23,0.855,0.855,0.822,0.843,-0.609,0,-1,165927,139283.094
KABO,2021-11-22,0.83,0.83,0.771,0.843,-1.623,0,-1,92157,74006.492
KABO,2021-11-21,0.855,0.855,0.813,0.843,-3.347,0,-1,133169,109833.688
KABO,2021-11-18,0.843,0.843,0.813,0.843,0,0,-1,83621,68710.672
KABO,2021-11-17,0.855,0.855,0.804,0.843,1.96,0.016,-1,1009331,850615.6
KABO,2021-11-16,0.89,0.89,0.813,0.827,-7.55,-0.068,-1,757722,643935.72
KABO,2021-11-15,0.894,0.894,0.872,0.895,-2.486,0,-1,107929,95549.672
KABO,2021-11-14,0.93,0.93,0.89,0.895,0.674,0.006,-1,816302,740495.813
KABO,2021-11-11,0.94,0.94,0.882,0.889,0.874,0.008,-1,751909,674830.313
KABO,2021-11-10,0.89,0.89,0.83,0.881,-5.624,-0.016,-1,425708,369960.906
KABO,2021-11-09,0.928,0.928,0.894,0.897,-3.67,-0.034,-1,365787,334535.16
KABO,2021-11-08,0.931,0.931,0.894,0.931,-2.204,0,-1,286948,263748.813
KABO,2021-11-07,0.975,0.975,0.881,0.931,-4.5,0,-1,68879,61710.188
KABO,2021-11-04,0.948,0.948,0.873,0.931,-2.663,0,-1,324137,292296.469
KABO,2021-11-03,1.01,1.01,0.872,0.931,4.611,0.041,-1,5600216,5303994
KABO,2021-11-02,0.901,0.901,0.804,0.89,16.05,0.123,-1,2398996,2084761.77
KABO,2021-11-01,0.826,0.826,0.772,0.767,2.899,0,-1,328622,262256.813
KABO,2021-10-31,0.804,0.804,0.761,0.767,0.557,0,-1,238882,186181.813
KABO,2021-10-28,0.82,0.82,0.778,0.767,6.466,0,-1,214884,173872.734
KABO,2021-10-27,0.821,0.821,0.728,0.767,-4.68,-0.038,-1,590588,447717.54
KABO,2021-10-26,0.86,0.86,0.795,0.805,-7.278,-0.053,-1,398755,325379.563
KABO,2021-10-25,0.855,0.855,0.728,0.858,-3.29,0,-1,190178,157971.438
KABO,2021-10-24,0.881,0.881,0.817,0.858,3.402,0.028,-1,376024,326152.688
KABO,2021-10-20,0.858,0.858,0.711,0.83,-0.1,-0.025,-1,615924,507046.875
KABO,2021-10-19,0.932,0.932,0.855,0.855,-6.542,-0.06,-1,2454333,2139275
KABO,2021-10-18,0.937,0.937,0.898,0.915,1.23,0.011,-1,1157826,1069054.5
KABO,2021-10-17,0.915,0.915,0.898,0.904,-1.123,-0.01,-1,511479,460485.125
KABO,2021-10-14,0.927,0.927,0.898,0.914,0.094,0,-1,182097,164923.375
KABO,2021-10-13,0.931,0.931,0.9,0.914,-1.497,0,-1,232325,211529.484
KABO,2021-10-12,0.937,0.937,0.911,0.914,0.841,-0.001,-1,641775,588728
KABO,2021-10-11,0.939,0.939,0.905,0.915,-0.561,0,-1,63129,58128.387
KABO,2021-10-10,0.941,0.941,0.909,0.915,0.659,0.006,-1,396259,364457.344
KABO,2021-10-06,0.939,0.939,0.903,0.909,-0.659,0,-1,155308,141432.063
KABO,2021-10-05,0.958,0.958,0.899,0.909,-4.75,-0.046,-1,943010,860002.31
KABO,2021-10-04,0.957,0.957,0.919,0.955,-3.047,0,-1,177951,165289.375
KABO,2021-10-03,0.967,0.967,0.924,0.955,-2.33,0,-1,150837,142816
KABO,2021-09-30,0.967,0.967,0.925,0.955,2.097,0.017,-1,417074,397046.469
KABO,2021-09-29,0.984,0.984,0.919,0.938,-1.732,0,-1,270818,256974.328
KABO,2021-09-28,0.958,0.958,0.924,0.938,-3.197,-0.025,-1,377908,351099.656
KABO,2021-09-27,1,1,0.949,0.963,-0.71,-0.007,-1,328479,319723.73
KABO,2021-09-26,1,1,0.972,0.97,0.176,0,-1,286527,281834.75
KABO,2021-09-23,1,1,0.958,0.97,0.705,0,-1,200342,196278.719
KABO,2021-09-22,1.01,1.01,0.975,0.97,1.411,0,-1,186271,183379.219
KABO,2021-09-21,1.03,1.03,0.89,0.97,-7.655,-0.08,-1,326842,310555.625
KABO,2021-09-20,1.06,1.06,0.941,1.05,-7.166,0,-1,199823,198289.156
KABO,2021-09-19,1.07,1.07,1.02,1.05,1.384,0,-1,157852,163396.469
KABO,2021-09-16,1.09,1.09,1.05,1.05,1.224,0,-1,252664,266375.969
KABO,2021-09-15,1.09,1.09,1.04,1.05,-3.24,-0.03,-1,938589,994898.25
KABO,2021-09-14,1.14,1.14,1.06,1.08,-3.206,-0.01,-1,835709,916067.375
KABO,2021-09-13,1.12,1.12,1.06,1.09,2.585,0.03,-1,350238,383430.125
KABO,2021-09-12,1.11,1.11,1.05,1.06,-1.83,-0.02,-1,567157,602547.313
KABO,2021-09-09,1.11,1.11,1.05,1.08,-2.957,-0.02,-1,201335,215197.188
KABO,2021-09-08,1.12,1.12,1.1,1.1,-0.543,0,-1,351288,388193.938
KABO,2021-09-07,1.14,1.14,0.926,1.1,1.26,0.01,-1,436191,476854.66
KABO,2021-09-06,1.15,1.15,1.06,1.09,0.918,-0.03,-1,482728,532914.938
KABO,2021-09-05,1.41,1.41,1.3,1.307,-6.542,-0.091,-1,1182584,1595243
KABO,2021-09-02,1.427,1.427,1.371,1.391,-1.078,-0.015,-1,1055654,1467959.5
KABO,2021-09-01,1.42,1.42,1.36,1.391,2.222,0.03,-1,2414953,3359082.5
KABO,2021-08-31,1.37,1.37,1.335,1.35,-0.589,-0.008,-1,543343,733501.688
KABO,2021-08-30,1.379,1.379,1.333,1.358,1.58,0.021,-1,1266892,1720474.375
KABO,2021-08-29,1.353,1.353,1.32,1.329,-1.481,-0.02,-1,188598,250617.141
KABO,2021-08-26,1.361,1.361,1.333,1.35,-1.532,-0.021,-1,878714,1186670.25
KABO,2021-08-25,1.397,1.397,1.353,1.371,-2.02,-0.028,-1,309993,424849.188
KABO,2021-08-24,1.415,1.415,1.341,1.386,2.846,0.038,-1,2354667,3262674.75
KABO,2021-08-23,1.368,1.368,1.32,1.335,-0.966,-0.013,-1,726967,970600.563
KABO,2021-08-22,1.355,1.355,1.34,1.346,-2.899,-0.04,-1,402892,542183.125
KABO,2021-08-19,1.405,1.405,1.34,1.38,-2.878,-0.04,-1,1655869,2284808
KABO,2021-08-18,1.4,1.4,1.375,1.39,-2.551,-0.036,-1,748977,1041175.625
KABO,2021-08-17,1.42,1.42,1.388,1.411,-1.42,-0.02,-1,532861,751765.25
KABO,2021-08-16,1.435,1.435,1.386,1.408,-0.285,-0.004,-1,1099297,1547977.125
KABO,2021-08-15,1.441,1.441,1.387,1.404,-0.141,-0.002,-1,1590883,2234355.25
KABO,2021-08-11,1.47,1.47,1.391,1.422,1.707,0.024,-1,3128879,4449793.5
KABO,2021-08-10,1.43,1.43,1.376,1.406,1.376,0.019,-1,1264089,1777263
KABO,2021-08-09,1.4,1.4,1.364,1.381,-2.954,-0.042,-1,1016573,1403511.5
KABO,2021-08-08,1.469,1.469,1.39,1.422,-2.718,-0.039,-1,4555822,6476489
KABO,2021-08-05,1.46,1.46,1.401,1.435,3.16,0.044,-1,4416272,6337838.95
KABO,2021-08-04,1.425,1.425,1.29,1.391,7.985,0.105,-1,7471505,10396204
KABO,2021-08-03,1.35,1.35,1.272,1.315,-3.321,-0.045,-1,1014471,1333858.375
KABO,2021-08-02,1.38,1.38,1.34,1.355,-1.83,-0.025,-1,1900050,2574377
KABO,2021-08-01,1.396,1.396,1.34,1.366,1.281,0.017,-1,5578080,7617782.5
KABO,2021-07-29,1.348,1.348,1.295,1.327,3.236,0.042,-1,2176474,2887530.5
KABO,2021-07-28,1.33,1.33,1.27,1.298,3.663,0.047,-1,2789391,3621752
KABO,2021-07-27,1.295,1.295,1.269,1.283,0.708,0.009,-1,1783727,2288693.5
KABO,2021-07-26,1.28,1.28,1.25,1.271,-0.397,-0.005,-1,485750,617351.563
KABO,2021-07-25,1.279,1.279,1.234,1.259,4.527,0.055,-1,4980072,6271136
KABO,2021-07-18,1.237,1.237,1.209,1.215,2.656,0.032,-1,853616,1037005.688
KABO,2021-07-15,1.23,1.23,1.191,1.205,0,0,-1,747708,901325.375
KABO,2021-07-14,1.244,1.244,1.217,1.23,0.494,0.006,-1,7134446,8776277
KABO,2021-07-13,1.227,1.227,1.185,1.214,3.632,0.043,-1,2789577,3387830.5
KABO,2021-07-12,1.2,1.2,1.148,1.184,2.775,0.032,-1,5488871,6501173.5
KABO,2021-07-11,1.18,1.18,1.14,1.153,-1.266,-0.015,-1,2205110,2542392.5
KABO,2021-07-08,1.21,1.21,1.155,1.185,-1.177,-0.014,-1,2829024,3351333
KABO,2021-07-07,1.206,1.206,1.16,1.189,3.299,0.038,-1,3679195,4373613.5
KABO,2021-07-06,1.178,1.178,1.093,1.152,0.341,0.004,-1,3238741,3731327.5
KABO,2021-07-05,1.198,1.198,1.14,1.173,0,0,-1,2580470,3027326.5
KABO,2021-07-04,1.18,1.18,1.13,1.16,5.451,0.061,-1,4896846,5681490
KABO,2021-06-30,1.131,1.131,1.094,1.119,5.41,0.058,-1,5047863,5646618
KABO,2021-06-29,1.098,1.098,1.03,1.072,3.595,0.038,-1,2350360,2519651.75
KABO,2021-06-28,1.076,1.076,1.047,1.057,-1.31,-0.014,-1,783825,828828.25
KABO,2021-06-27,1.087,1.087,1.06,1.069,0.936,0.01,-1,956414,1022597.813
KABO,2021-06-24,1.086,1.086,1.048,1.068,-2.298,-0.025,-1,1263128,1348584.375
KABO,2021-06-23,1.12,1.12,1.055,1.088,2.552,0.027,-1,5812549,6324087.5
KABO,2021-06-22,1.07,1.07,1.041,1.058,0,0,-1,1391782,1472082.375
KABO,2021-06-21,1.066,1.066,1.041,1.053,1.153,0.012,-1,712892,750584.375
KABO,2021-06-20,1.055,1.055,1.035,1.041,-0.957,-0.01,-1,736778,767144.813
KABO,2021-06-17,1.053,1.053,1.032,1.045,0.291,0.003,-1,1210840,1265145.25
KABO,2021-06-16,1.055,1.055,1.004,1.031,-1.336,-0.014,-1,1118290,1152758.25
KABO,2021-06-15,1.09,1.09,1.03,1.048,-1.507,-0.016,-1,1735633,1818983.875
KABO,2021-06-14,1.08,1.08,1.021,1.062,-0.376,-0.004,-1,1551791,1647763.75
KABO,2021-06-13,1.11,1.11,1.03,1.064,-5.743,-0.063,-1,2133974,2271001.25
KABO,2021-06-10,1.118,1.118,1.075,1.097,0.186,0.002,-1,3019430,3311249.25
KABO,2021-06-09,1.085,1.085,1.051,1.073,-0.093,-0.001,-1,3474249,3728663.75
KABO,2021-06-08,1.12,1.12,1.062,1.081,-2.566,-0.028,-1,2126444,2298079.5
KABO,2021-06-07,1.12,1.12,1.05,1.091,1.213,0.013,-1,2372673,2588841
KABO,2021-06-06,1.094,1.094,1.036,1.072,2.24,0.023,-1,2140648,2294668
KABO,2021-06-03,1.055,1.055,1.01,1.027,-3.226,-0.034,-1,1266055,1300181
KABO,2021-06-02,1.069,1.069,1.025,1.054,-3.211,-0.034,-1,1803283,1900049.75
KABO,2021-06-01,1.074,1.074,1.042,1.059,-1.774,-0.019,-1,1388791,1471218.875
KABO,2021-05-31,1.094,1.094,1.052,1.071,-2.683,-0.029,-1,1282903,1374075
KABO,2021-05-30,1.097,1.097,1.061,1.081,-0.093,-0.001,-1,1710865,1848756.125
KABO,2021-05-27,1.089,1.089,1.05,1.071,0.559,0.006,-1,2152780,2304910.25
KABO,2021-05-26,1.11,1.11,1.062,1.074,-0.65,-0.007,-1,3825196,4109219.5
KABO,2021-05-25,1.109,1.109,1.052,1.077,-6.234,-0.072,-1,5727114,6166030
KABO,2021-05-24,1.19,1.19,1.101,1.155,-4.717,-0.055,-1,4242837,4899634
KABO,2021-05-23,1.185,1.185,1.16,1.166,-0.257,-0.003,-1,1425567,1662515.5
KABO,2021-05-20,1.18,1.18,1.156,1.166,-2.101,-0.025,-1,2164808,2525080.75
KABO,2021-05-19,1.208,1.208,1.17,1.19,-2.007,-0.024,-1,4938848,5875219
KABO,2021-05-18,1.22,1.22,1.177,1.196,-0.999,-0.012,-1,5546869,6636185.5
KABO,2021-05-17,1.22,1.22,1.163,1.201,1.884,0.022,-1,5107584,6136432
KABO,2021-05-11,1.184,1.184,1.158,1.168,-2.194,-0.026,-1,2436293,2844902
KABO,2021-05-10,1.2,1.2,1.17,1.185,-1.013,-0.012,-1,1302496,1543357.125
KABO,2021-05-09,1.199,1.199,1.164,1.185,-1.522,-0.018,-1,2040115,2417916
KABO,2021-05-06,1.217,1.217,1.144,1.183,2.52,0.029,-1,5661156,6698878.5
KABO,2021-05-05,1.179,1.179,1.14,1.151,-1.288,-0.015,-1,2559532,2945575.75
KABO,2021-05-04,1.19,1.19,1.114,1.165,1.677,0.019,-1,1464500,1706312.25
KABO,2021-04-28,1.146,1.146,1.111,1.133,-2.16,-0.025,-1,1159298,1313073.625
KABO,2021-04-27,1.184,1.184,1.141,1.158,-2.128,-0.025,-1,964094,1116119.5
KABO,2021-04-26,1.202,1.202,1.08,1.175,-2.75,-0.033,-1,817566,960434.625
KABO,2021-04-25,1.219,1.219,1.182,1.2,2.389,0.028,-1,2682669,3219756.5
KABO,2021-04-22,1.19,1.19,1.15,1.172,1.206,0.014,-1,1955564,2291174
KABO,2021-04-21,1.19,1.19,1.11,1.161,0.781,0.009,-1,2312810,2685804.5
KABO,2021-04-20,1.177,1.177,1.14,1.152,-0.087,-0.001,-1,2643617,3044367.25
KABO,2021-04-19,1.178,1.178,1.107,1.145,5.576,0.061,-1,3247134,3717075.25
KABO,2021-04-18,1.117,1.117,1.05,1.094,4.717,0.05,-1,1982804,2168864.25
KABO,2021-04-15,1.129,1.129,1,1.06,-2.106,-0.023,-1,1141675,1210420.125
KABO,2021-04-14,1.16,1.16,1.067,1.092,-9.705,-0.115,-1,1348761,1472405.75
KABO,2021-04-13,1.201,1.201,1.162,1.185,-4.906,-0.06,-1,827628,980633.875
KABO,2021-04-12,1.241,1.241,1.2,1.223,-1.235,-0.015,-1,2777639,3396638
KABO,2021-04-11,1.23,1.23,1.197,1.215,2.341,0.028,-1,2475143,3007966.75
KABO,2021-04-08,1.237,1.237,1.17,1.196,-0.916,-0.011,-1,1259594,1506364.375
KABO,2021-04-07,1.24,1.24,1.17,1.201,-2.239,-0.027,-1,984623,1182102
KABO,2021-04-06,1.24,1.24,1.116,1.206,-3.595,-0.044,-1,2865339,3454595.5
KABO,2021-04-05,1.29,1.29,1.17,1.224,-6.769,-0.088,-1,2254644,2760051.25
KABO,2021-04-04,1.36,1.36,1.281,1.3,-5.037,-0.068,-1,3735341,4855902.5
KABO,2021-04-01,1.369,1.369,1.33,1.35,0.675,0.009,-1,1005538,1357231.875
KABO,2021-03-31,1.35,1.35,1.3,1.334,1.75,0.023,-1,2549082,3400337.75
KABO,2021-03-30,1.35,1.35,1.296,1.314,3.082,0.04,-1,2051389,2696397.25
KABO,2021-03-29,1.32,1.32,1.212,1.298,9.917,0.119,-1,2948899,3826905.75
KABO,2021-03-28,1.213,1.213,1.131,1.2,9.973,0.11,-1,1744494,2092525.75
KABO,2021-03-25,1.16,1.16,1.01,1.103,4.882,0.054,-1,1970687,2172748.25
KABO,2021-03-24,1.18,1.18,1.03,1.106,-4.332,-0.048,-1,1542218,1706074.5
KABO,2021-03-23,1.23,1.23,1.09,1.108,-7.597,-0.092,-1,3046438,3374757.75
KABO,2021-03-22,1.298,1.298,1.181,1.211,-9.985,-0.131,-1,1474236,1785721.375
KABO,2021-03-21,1.37,1.37,1.245,1.312,-6.36,-0.087,-1,745817,978775.375
KABO,2021-03-18,1.375,1.375,1.33,1.368,0.735,0.01,-1,2589782,3543838.75
KABO,2021-03-17,1.393,1.393,1.32,1.36,-1.932,-0.026,-1,1439303,1957090.375
KABO,2021-03-16,1.37,1.37,1.296,1.346,-2.188,-0.03,-1,877753,1181818.5
KABO,2021-03-15,1.429,1.429,1.292,1.371,-6.246,-0.088,-1,1351676,1852808.625
KABO,2021-03-14,1.42,1.42,1.372,1.409,1.153,0.016,-1,2857173,4025757.75
KABO,2021-03-11,1.4,1.4,1.371,1.388,0.583,0.008,-1,848000,1177185.625
KABO,2021-03-10,1.4,1.4,1.333,1.372,-0.289,-0.004,-1,1808214,2480918.5
KABO,2021-03-09,1.43,1.43,1.35,1.384,-3.709,-0.052,-1,2112063,2922601.75
KABO,2021-03-08,1.448,1.448,1.352,1.402,-3.898,-0.055,-1,1149190,1610825.5
KABO,2021-03-07,1.427,1.427,1.351,1.411,5.655,0.076,-1,1159310,1635793.5
KABO,2021-03-04,1.37,1.37,1.29,1.344,4.405,0.057,-1,2614599,3514406
KABO,2021-03-03,1.36,1.36,1.235,1.294,-1.749,-0.024,-1,3560158,4605546
KABO,2021-03-02,1.42,1.42,1.32,1.372,-6.037,-0.085,-1,1995588,2738088.25
KABO,2021-03-01,1.436,1.436,1.37,1.408,1.858,0.026,-1,2904802,4090272.25
KABO,2021-02-28,1.43,1.43,1.37,1.399,-5.563,-0.081,-1,1585533,2218275.75
KABO,2021-02-25,1.5,1.5,1.43,1.456,-1.235,-0.018,-1,3093976,4503627
KABO,2021-02-24,1.48,1.48,1.44,1.458,-3.135,-0.047,-1,2373765,3460334.5
KABO,2021-02-23,1.538,1.538,1.462,1.499,-2.616,-0.04,-1,6872642,10302432
KABO,2021-02-22,1.559,1.559,1.51,1.529,-0.654,-0.01,-1,4413999,6749472
KABO,2021-02-21,1.54,1.54,1.51,1.53,0.923,0.014,-1,1729827,2645813.5
KABO,2021-02-18,1.545,1.545,1.496,1.516,0.596,0.009,-1,6059243,9183298
KABO,2021-02-17,1.556,1.556,1.485,1.511,-2.628,-0.041,-1,4093541,6185442
KABO,2021-02-16,1.59,1.59,1.534,1.56,-1.849,-0.029,-1,5073956,7916995
KABO,2021-02-15,1.611,1.611,1.545,1.568,-4.131,-0.067,-1,5330767,8356908.5
KABO,2021-02-14,1.678,1.678,1.581,1.622,-0.746,-0.012,-1,15297461,24819128
KABO,2021-02-11,1.64,1.64,1.541,1.608,4.522,0.07,-1,13607165,21876586
KABO,2021-02-10,1.57,1.57,1.53,1.548,1.773,0.027,-1,10434097,16152496
KABO,2021-02-09,1.547,1.547,1.471,1.523,0.198,0.003,-1,5516494,8403770
KABO,2021-02-08,1.56,1.56,1.465,1.517,-5.58,-0.087,-1,5568676,8449713
KABO,2021-02-07,1.585,1.585,1.52,1.559,-1.099,-0.017,-1,12859857,20054340
KABO,2021-02-04,1.57,1.57,1.517,1.547,0.519,0.008,-1,15246887,23583642
KABO,2021-02-03,1.588,1.588,1.505,1.541,-5,-0.08,-1,10616938,16358773
KABO,2021-02-02,1.64,1.64,1.561,1.6,2.018,0.031,-1,16546003,26471230
KABO,2021-02-01,1.588,1.588,1.443,1.536,9.972,0.144,-1,26497909,40688488
KABO,2021-01-31,1.49,1.49,1.424,1.444,-3.096,-0.046,-1,6971298,10065620
KABO,2021-01-27,1.525,1.525,1.456,1.486,1.167,0.017,-1,10117372,15035355
KABO,2021-01-26,1.48,1.48,1.435,1.457,-0.963,-0.014,-1,6516573,9492308
KABO,2021-01-25,1.481,1.481,1.43,1.454,-1.239,-0.018,-1,5867031,8532203
KABO,2021-01-24,1.487,1.487,1.42,1.453,2.16,0.031,-1,11055785,16065697
KABO,2021-01-21,1.457,1.457,1.414,1.435,0.638,0.009,-1,11418607,16386243
KABO,2021-01-20,1.432,1.432,1.38,1.411,4.038,0.055,-1,15650827,22089718
KABO,2021-01-19,1.37,1.37,1.34,1.362,0.661,0.009,-1,3216065,4379341
KABO,2021-01-18,1.394,1.394,1.33,1.361,-1.89,-0.026,-1,4364696,5938356
KABO,2021-01-17,1.393,1.393,1.34,1.376,-0.22,-0.003,-1,5145564,7082008.5
KABO,2021-01-14,1.375,1.375,1.347,1.363,2.013,0.027,-1,4622803,6301033.5
KABO,2021-01-13,1.36,1.36,1.327,1.341,0.375,0.005,-1,5158829,6916789.5
KABO,2021-01-12,1.354,1.354,1.316,1.332,-2.004,-0.027,-1,3049549,4062616
KABO,2021-01-11,1.374,1.374,1.325,1.347,-2.92,-0.04,-1,3470791,4676511
KABO,2021-01-10,1.4,1.4,1.354,1.37,-0.146,-0.002,-1,2835839,3885961
KABO,2021-01-06,1.39,1.39,1.349,1.37,0.89,0.012,-1,3877438,5311698
KABO,2021-01-05,1.366,1.366,1.32,1.348,1.051,0.014,-1,4013398,5410113.5
KABO,2021-01-04,1.364,1.364,1.317,1.332,-2.645,-0.036,-1,2153299,2867514
KABO,2021-01-03,1.39,1.39,1.33,1.361,14.88,0.02,-1,2968116,4041073.5
KABO,2020-12-31,1.359,1.359,1.33,1.344,-0.74,-0.01,-1,1847506,2482692.75
KABO,2020-12-30,1.38,1.38,1.338,1.354,0.45,0.006,-1,3065600,4151971.25
KABO,2020-12-29,1.37,1.37,1.295,1.334,3.464,0.045,-1,9394390,12532123
KABO,2020-12-28,1.32,1.32,1.28,1.299,3.413,0.043,-1,5538147,7194305.5
KABO,2020-12-27,1.31,1.31,1.2,1.26,-2.703,-0.035,-1,5387769,6788436.5
KABO,2020-12-24,1.32,1.32,1.267,1.295,2.552,0.032,-1,3250149,4208569.5
KABO,2020-12-23,1.279,1.279,1.22,1.254,5.882,0.07,-1,3274171,4105166
KABO,2020-12-22,1.23,1.23,1.13,1.19,-4.02,-0.05,-1,4407589,5246454.5
KABO,2020-12-21,1.335,1.335,1.226,1.244,-8.81,-0.12,-1,3209911,3993474.25
KABO,2020-12-20,1.389,1.389,1.332,1.362,0.223,0.003,-1,4599524,6265599.5
KABO,2020-12-17,1.37,1.37,1.32,1.346,-3.763,-0.052,-1,4446268,5984118.5
KABO,2020-12-16,1.414,1.414,1.35,1.382,-4.281,-0.061,-1,9233970,12760568
KABO,2020-12-15,1.479,1.479,1.384,1.425,-5.635,-0.083,-1,5714510,8145234.5
KABO,2020-12-14,1.506,1.506,1.452,1.473,-1.957,-0.029,-1,7969179,11737975
KABO,2020-12-13,1.51,1.51,1.44,1.482,0.962,0.014,-1,4282754,6348554.5
KABO,2020-12-10,1.488,1.488,1.431,1.456,-4.15,-0.062,-1,3999008,5820883.5
KABO,2020-12-09,1.548,1.548,1.454,1.494,-7.325,-0.115,-1,7734082,11553633
KABO,2020-12-08,1.611,1.611,1.508,1.57,-2.982,-0.047,-1,11737202,18432366
KABO,2020-12-07,1.61,1.61,1.535,1.576,0.383,0.006,-1,17210699,27122580
KABO,2020-12-06,1.643,1.643,1.531,1.565,5.756,0.086,-1,20181473,31584642
KABO,2020-12-03,1.528,1.528,1.431,1.494,3.638,0.053,-1,21269897,31767326
KABO,2020-12-02,1.494,1.494,1.425,1.457,-1.45,-0.021,-1,5729512,8349893
KABO,2020-12-01,1.479,1.479,1.43,1.448,1.695,0.024,-1,7201627,10430337
KABO,2020-11-30,1.44,1.44,1.393,1.416,-1.13,-0.016,-1,6745204,9551495
KABO,2020-11-29,1.46,1.46,1.383,1.416,-0.352,-0.005,-1,4909700,6954338.5
KABO,2020-11-26,1.499,1.499,1.39,1.42,-5.589,-0.084,-1,4539588,6446842.5
KABO,2020-11-25,1.55,1.55,1.45,1.503,-3.543,-0.054,-1,14091847,21175414
KABO,2020-11-24,1.568,1.568,1.481,1.524,3.001,0.044,-1,14571819,22210042
KABO,2020-11-23,1.509,1.509,1.408,1.466,5.148,0.073,-1,16536114,24235200
KABO,2020-11-22,1.498,1.498,1.377,1.418,-5.274,-0.078,-1,11194273,15870464
KABO,2020-11-19,1.55,1.55,1.4,1.479,-1.158,-0.017,-1,18192379,26911928
KABO,2020-11-18,1.485,1.485,1.405,1.468,9.63,0.13,-1,22200790,32595976
KABO,2020-11-17,1.381,1.381,1.27,1.35,9.952,0.125,-1,23888493,32255956
KABO,2020-11-16,1.27,1.27,1.25,1.256,-0.793,-0.01,-1,1990429,2500751.5
KABO,2020-11-15,1.285,1.285,1.24,1.261,-2.937,-0.038,-1,5508045,6943753
KABO,2020-11-12,1.32,1.32,1.252,1.294,-3.021,-0.039,-1,6742590,8727965
KABO,2020-11-11,1.31,1.31,1.265,1.291,2.381,0.03,-1,10556668,13633346
KABO,2020-11-10,1.28,1.28,1.235,1.26,4.43,0.054,-1,10691998,13466910
KABO,2020-11-09,1.245,1.245,1.181,1.219,5.688,0.067,-1,5520710,6728384.5
KABO,2020-11-08,1.198,1.198,1.16,1.178,-1.76,-0.021,-1,2050400,2415265.75
KABO,2020-11-05,1.22,1.22,1.172,1.193,-1.993,-0.024,-1,3300463,3937600
KABO,2020-11-04,1.23,1.23,1.184,1.204,-0.412,-0.005,-1,6982970,8410725
KABO,2020-11-03,1.249,1.249,1.175,1.215,-2.597,-0.032,-1,13974178,16976494
KABO,2020-11-02,1.321,1.321,1.16,1.232,0.583,0.007,-1,18245861,22483680
KABO,2020-11-01,1.227,1.227,1.129,1.201,9.946,0.111,-1,7965501,9569350
KABO,2020-10-28,1.141,1.141,1.05,1.116,4.089,0.044,-1,7173937,8003262.5
KABO,2020-10-27,1.102,1.102,1.004,1.076,9.98,0.1,-1,6789908,7303260.5
KABO,2020-10-26,1.03,1.03,0.965,1.002,4.343,0.042,-1,5811293,5824981.5
KABO,2020-10-25,1,1,0.95,0.967,-6.455,-0.067,-1,1862382,1800492.875
KABO,2020-10-22,1.099,1.099,1.018,1.038,-9.991,-0.113,-1,2967377,3078887
KABO,2020-10-21,1.173,1.173,1.06,1.131,-5.801,-0.067,-1,2122241,2400816.75
KABO,2020-10-20,1.175,1.175,1.146,1.155,-2.361,-0.028,-1,1713049,1978260.25
KABO,2020-10-19,1.2,1.2,1.16,1.186,0.429,0.005,-1,2385954,2828983.75
KABO,2020-10-18,1.19,1.19,1.144,1.165,-1.778,-0.021,-1,1369656,1595072.25
KABO,2020-10-15,1.2,1.2,1.17,1.181,-1.843,-0.022,-1,2020792,2385854
KABO,2020-10-14,1.21,1.21,1.179,1.194,2.318,0.027,-1,4145056,4949789.5
KABO,2020-10-13,1.198,1.198,1.15,1.165,-3.146,-0.038,-1,2259912,2633596.25
KABO,2020-10-12,1.235,1.235,1.174,1.208,-0.253,-0.003,-1,4070205,4918182.5
KABO,2020-10-11,1.203,1.203,1.162,1.186,2.439,0.028,-1,5780066,6854925.5
KABO,2020-10-07,1.174,1.174,1.132,1.148,-0.86,-0.01,-1,5025413,5769283.5
KABO,2020-10-06,1.18,1.18,1.15,1.162,-0.85,-0.01,-1,2171817,2523826.25
KABO,2020-10-05,1.219,1.219,1.15,1.17,-4.09,-0.05,-1,4185111,4897883.5
KABO,2020-10-04,1.26,1.26,1.19,1.223,0,0,-1,2515500,3075649
KABO,2020-10-01,1.265,1.265,1.209,1.225,-1.296,-0.016,-1,3262455,3997653.25
KABO,2020-09-30,1.265,1.265,1.203,1.235,-3.226,-0.041,-1,5616303,6937652.5
KABO,2020-09-29,1.32,1.32,1.232,1.271,-3.891,-0.05,-1,8117263,10320934
KABO,2020-09-28,1.35,1.35,1.252,1.285,-5.192,-0.069,-1,4716222,6061219.5
KABO,2020-09-27,1.36,1.36,1.31,1.329,-0.905,-0.012,-1,3634574,4831051
KABO,2020-09-24,1.359,1.359,1.3,1.326,-2.899,-0.04,-1,5696402,7552331.5
KABO,2020-09-23,1.419,1.419,1.33,1.38,-2.649,-0.037,-1,11424447,15765430
KABO,2020-09-22,1.421,1.421,1.375,1.397,-1.69,-0.024,-1,7818302,10924375
KABO,2020-09-21,1.49,1.49,1.361,1.421,-4.204,-0.061,-1,15126724,21489178
KABO,2020-09-20,1.484,1.484,1.4,1.451,3.129,0.044,-1,16557938,24031158
KABO,2020-09-17,1.438,1.438,1.384,1.406,-2.379,-0.034,-1,5865982,8247827
KABO,2020-09-16,1.45,1.45,1.403,1.429,-1.266,-0.018,-1,8571157,12250875
KABO,2020-09-15,1.457,1.457,1.382,1.422,-1.813,-0.026,-1,10787032,15335943
KABO,2020-09-14,1.46,1.46,1.39,1.434,0,0,-1,10363763,14858403
KABO,2020-09-13,1.44,1.44,1.35,1.4,3.32,0.045,-1,11369056,15912954
KABO,2020-09-10,1.379,1.379,1.34,1.355,1.362,0.018,-1,4429295,6002435.5
KABO,2020-09-09,1.36,1.36,1.271,1.322,0.303,0.004,-1,9295784,12286738
KABO,2020-09-08,1.39,1.39,1.27,1.322,-6.362,-0.089,-1,9717957,12846489
KABO,2020-09-07,1.466,1.466,1.33,1.399,-3.571,-0.051,-1,10515904,14707971
KABO,2020-09-06,1.47,1.47,1.372,1.428,4.714,0.065,-1,14090383,20114764
KABO,2020-09-03,1.42,1.42,1.341,1.379,-2.914,-0.041,-1,7666635,10570562
KABO,2020-09-02,1.45,1.45,1.36,1.407,-1.787,-0.025,-1,10721324,15087401
KABO,2020-09-01,1.496,1.496,1.325,1.399,2.273,0.031,-1,16739637,23422586
KABO,2020-08-31,1.406,1.406,1.3,1.364,3.516,0.045,-1,18296854,24953934
KABO,2020-08-30,1.312,1.312,1.19,1.28,9.975,0.119,-1,23372052,29910022
KABO,2020-08-27,1.255,1.255,1.151,1.193,4.733,0.054,-1,17705457,21114774
KABO,2020-08-26,1.173,1.173,1.123,1.141,-1.89,-0.022,-1,9242521,10549271
KABO,2020-08-25,1.18,1.18,1.133,1.163,1.93,0.022,-1,18661630,21699416
KABO,2020-08-24,1.17,1.17,1.111,1.141,2.61,0.029,-1,26410151,30132260
KABO,2020-08-23,1.139,1.139,1.09,1.111,0,0,-1,9405975,10449806
KABO,2020-08-19,1.134,1.134,1.083,1.111,4.762,0.05,-1,19170723,21293892
KABO,2020-08-18,1.109,1.109,0.987,1.05,5.723,0.059,-1,27729728,29122506
KABO,2020-08-17,1.14,1.14,0.978,1.031,-9.945,-0.108,-1,23948200,24700620
KABO,2020-08-16,1.12,1.12,1.035,1.086,9.912,0.101,-1,16435283,17856934
KABO,2020-08-13,1.043,1.043,0.965,1.019,7.38,0.07,-1,23003406,23447448
KABO,2020-08-12,0.949,0.949,0.946,0.949,9.965,0.086,-1,2831515,2687104.75
KABO,2020-08-11,0.885,0.885,0.824,0.863,9.938,0.08,-1,26516562,22887478
KABO,2020-08-10,0.816,0.816,0.791,0.805,-0.49,-0.004,-1,6260209,5036397
KABO,2020-08-09,0.824,0.824,0.8,0.809,-1.597,-0.013,-1,8800313,7116175
KABO,2020-08-06,0.829,0.829,0.803,0.814,-1.337,-0.011,-1,4741017,3861444.25
KABO,2020-08-05,0.837,0.837,0.804,0.823,0.985,0.008,-1,8759065,7206936.5
KABO,2020-08-04,0.83,0.83,0.79,0.812,5.792,0.045,-1,10317458,8381396
KABO,2020-07-29,0.798,0.798,0.75,0.777,3.52,0.027,-1,4240835,3295378
KABO,2020-07-28,0.789,0.789,0.751,0.767,-2.17,-0.017,-1,3181523,2439390.25
KABO,2020-07-27,0.808,0.808,0.77,0.784,-2.405,-0.019,-1,4717468,3696876.75
KABO,2020-07-26,0.808,0.808,0.751,0.79,8.844,0.065,-1,12041488,9514494
KABO,2020-07-22,0.755,0.755,0.715,0.735,0.54,0.004,-1,6329577,4654793.5
KABO,2020-07-21,0.76,0.76,0.711,0.741,-2.145,-0.016,-1,4923045,3647994.5
KABO,2020-07-20,0.759,0.759,0.735,0.746,1.91,0.014,-1,8103670,6048862
KABO,2020-07-19,0.758,0.758,0.674,0.732,1.942,0.014,-1,11213306,8211879
KABO,2020-07-16,0.74,0.74,0.7,0.721,-2.906,-0.022,-1,7457527,5373237
KABO,2020-07-15,0.825,0.825,0.703,0.757,-8.451,-0.066,-1,17093473,12946990
KABO,2020-07-14,0.807,0.807,0.766,0.781,-4.156,-0.034,-1,5305228,4142465.5
KABO,2020-07-13,0.84,0.84,0.782,0.818,2.25,0.018,-1,7574763,6192638.5
KABO,2020-07-12,0.81,0.81,0.773,0.8,5.4,0.041,-1,6612553,5287951.77
KABO,2020-07-09,0.809,0.809,0.741,0.759,-7.78,-0.064,-1,7163589,5433955
KABO,2020-07-08,0.846,0.846,0.785,0.823,0.73,0.006,-1,10952414,9018925
KABO,2020-07-07,0.85,0.85,0.79,0.817,-0.248,-0.002,-1,10471216,8552604
KABO,2020-07-06,0.83,0.83,0.761,0.807,6.89,0.052,-1,29683464,23955638
KABO,2020-07-05,0.775,0.775,0.731,0.755,4.43,0.032,-1,12216198,9227722
KABO,2020-06-30,0.736,0.736,0.71,0.723,-0.14,-0.001,-1,3786089,2739232.75
KABO,2020-06-29,0.74,0.74,0.701,0.724,-2.29,-0.017,-1,4469541,3236589.5
KABO,2020-06-28,0.764,0.764,0.717,0.741,0.14,0.001,-1,8164020,6049866.5
KABO,2020-06-25,0.762,0.762,0.713,0.74,3.21,0.023,-1,11238965,8312902.5
KABO,2020-06-24,0.732,0.732,0.693,0.717,5.91,0.04,-1,13672056,9801247
KABO,2020-06-23,0.694,0.694,0.65,0.677,0.59,0.004,-1,6354310,4304473.5
KABO,2020-06-22,0.689,0.689,0.662,0.673,-1.339,-0.009,-1,3475635,2338749.25
KABO,2020-06-21,0.679,0.679,0.662,0.672,-2.33,-0.016,-1,2693519,1810225.625
KABO,2020-06-18,0.705,0.705,0.675,0.688,-0.722,-0.005,-1,2622722,1804807.25
KABO,2020-06-17,0.715,0.715,0.674,0.693,-1.28,-0.009,-1,3666312,2539705.5
KABO,2020-06-16,0.72,0.72,0.69,0.702,4.62,0.031,-1,9724944,6829565
KABO,2020-06-15,0.69,0.69,0.645,0.671,1.05,0.007,-1,5338570,3580580
KABO,2020-06-14,0.682,0.682,0.644,0.664,-4.16,-0.028,-1,4688047,3114499.25
KABO,2020-06-11,0.69,0.69,0.666,0.673,-2.46,-0.017,-1,3271181,2202050.25
KABO,2020-06-10,0.7,0.7,0.67,0.69,-1.729,-0.012,-1,5378410,3712221.5
KABO,2020-06-09,0.716,0.716,0.67,0.694,-0.57,-0.004,-1,4991325,3463210.75
KABO,2020-06-08,0.72,0.72,0.686,0.698,-0.14,-0.001,-1,7369663,5141201
KABO,2020-06-07,0.727,0.727,0.67,0.699,5.75,0.038,-1,16160001,11299070.14
KABO,2020-06-04,0.675,0.675,0.655,0.661,0,0,-1,6288216,4159486.5
KABO,2020-06-03,0.678,0.678,0.652,0.666,1.68,0.011,-1,8309635,5534529.5
KABO,2020-06-02,0.666,0.666,0.647,0.655,0.31,0.002,-1,5854718,3836413.25
KABO,2020-06-01,0.669,0.669,0.634,0.653,2.19,0.014,-1,8325329,5433709
KABO,2020-05-31,0.65,0.65,0.626,0.639,-0.47,-0.003,-1,7355676,4701107
KABO,2020-05-21,0.659,0.659,0.626,0.642,0.797,0.005,-1,11722920,7524567
KABO,2020-05-20,0.648,0.648,0.6,0.627,2.284,0.014,-1,7779004,4879880
KABO,2020-05-19,0.635,0.635,0.594,0.613,3.72,0.022,-1,13326636,8166906.5
KABO,2020-05-18,0.617,0.617,0.575,0.591,-7.705,-0.048,-1,6264173,3704301.5
KABO,2020-05-17,0.646,0.646,0.605,0.623,-1.74,-0.011,-1,5993777,3735420
KABO,2020-05-14,0.658,0.658,0.617,0.634,-1.86,-0.012,-1,2608378,1653005.25
KABO,2020-05-13,0.687,0.687,0.62,0.646,-1.82,-0.012,-1,3881768,2506784.5
KABO,2020-05-12,0.675,0.675,0.63,0.658,7.17,0.044,-1,3387561,2228589.25
KABO,2020-05-11,0.635,0.635,0.585,0.614,-3.46,-0.022,-1,2623810,1610196.125
KABO,2020-05-10,0.674,0.674,0.609,0.636,-5.92,-0.04,-1,4561850,2899496
KABO,2020-05-07,0.76,0.76,0.641,0.676,-4.923,-0.035,-1,10501014,7099736.5
KABO,2020-05-06,0.72,0.72,0.66,0.711,8.55,0.056,-1,5566621,3960194.5
KABO,2020-05-05,0.68,0.68,0.636,0.655,1.71,0.011,-1,2867503,1877030.375
KABO,2020-05-04,0.696,0.696,0.631,0.644,-8.13,-0.057,-1,3659667,2356680
KABO,2020-05-03,0.779,0.779,0.681,0.701,-7.28,-0.055,-1,4136955,2900089.25
KABO,2020-04-30,0.78,0.78,0.712,0.756,5,0.036,-1,5411588,4088588
KABO,2020-04-29,0.748,0.748,0.68,0.72,3.75,0.026,-1,5332929,3838728.75
KABO,2020-04-28,0.715,0.715,0.67,0.694,1.17,0.008,-1,3135917,2176097
KABO,2020-04-27,0.718,0.718,0.64,0.686,4.59,0.03,-1,5326362,3652812.25
KABO,2020-04-26,0.668,0.668,0.626,0.653,8.22,0.05,-1,3400234,2219505.5
KABO,2020-04-23,0.618,0.618,0.565,0.608,8.19,0.046,-1,5010504,3045563.75
KABO,2020-04-22,0.574,0.574,0.537,0.562,3.69,0.02,-1,1395058,784702.188
KABO,2020-04-21,0.55,0.55,0.52,0.542,-2.69,-0.015,-1,856620,464254.656
KABO,2020-04-16,0.57,0.57,0.544,0.557,2.01,0.011,-1,744623,414551.594
KABO,2020-04-15,0.565,0.565,0.53,0.546,-1.44,-0.008,-1,928658,507000.063
KABO,2020-04-14,0.57,0.57,0.54,0.554,1.449,0.008,-1,1245733,689951.688
KABO,2020-04-13,0.56,0.56,0.54,0.552,5.75,0.03,-1,1873143,1033867.688
KABO,2020-04-12,0.55,0.55,0.505,0.522,2.554,0.013,-1,1327517,693454.625
KABO,2020-04-09,0.529,0.529,0.495,0.509,2.62,0.013,-1,1825418,929750.25
KABO,2020-04-08,0.513,0.513,0.486,0.496,3.12,0.015,-1,1007031,499941.063
KABO,2020-04-07,0.491,0.491,0.452,0.481,7.61,0.034,-1,3320488,1595694
KABO,2020-04-06,0.45,0.45,0.437,0.447,2.52,0.011,-1,604170,269838.844
KABO,2020-04-05,0.448,0.448,0.43,0.436,-3.587,-0.016,-1,1343942,585440.938
KABO,2020-04-02,0.46,0.46,0.437,0.446,-1.794,-0.008,-1,1177397,524603.75
KABO,2020-04-01,0.474,0.474,0.427,0.446,1.83,0.008,-1,2532836,1129121.25
KABO,2020-03-31,0.444,0.444,0.421,0.438,6.31,0.026,-1,2585076,1132091.625
KABO,2020-03-30,0.426,0.426,0.408,0.412,-3.513,-0.015,-1,1385509,570398.063
KABO,2020-03-29,0.439,0.439,0.41,0.427,-0.93,-0.004,-1,933171,398704.188
KABO,2020-03-26,0.439,0.439,0.423,0.431,0.7,0.003,-1,1263073,544475.563
KABO,2020-03-25,0.439,0.439,0.41,0.428,2.39,0.01,-1,2685567,1149162.625
KABO,2020-03-24,0.433,0.433,0.393,0.418,6.09,0.024,-1,8709828,3640344.25
KABO,2020-03-23,0.402,0.402,0.386,0.394,7.65,0.028,-1,5773312,2274864.25
KABO,2020-03-22,0.395,0.395,0.338,0.366,-2.4,-0.009,-1,8091389,2959064
KABO,2020-03-19,0.4,0.4,0.363,0.375,-6.95,-0.028,-1,10976705,4115313
KABO,2020-03-18,0.459,0.459,0.396,0.403,-8.41,-0.037,-1,295736,119258.953
KABO,2020-03-17,0.469,0.469,0.439,0.44,-9.65,-0.047,-1,906080,398637.625
KABO,2020-03-16,0.53,0.53,0.486,0.487,-9.65,-0.052,-1,701219,341687.781
KABO,2020-03-15,0.571,0.571,0.534,0.539,-9.11,-0.054,-1,423168,228155.375
KABO,2020-03-11,0.619,0.619,0.571,0.593,1.89,0.011,-1,1142505,677624.75
KABO,2020-03-10,0.608,0.608,0.55,0.582,4.895,0.028,-1,515437,299846.125
KABO,2020-03-09,0.598,0.598,0.567,0.572,-9.21,-0.058,-1,1339353,765966.875
KABO,2020-03-08,0.66,0.66,0.615,0.63,-7.76,-0.053,-1,1070294,674419.188
KABO,2020-03-05,0.695,0.695,0.662,0.683,3.64,0.024,-1,1333175,909991.813
KABO,2020-03-04,0.67,0.67,0.65,0.659,-1.64,-0.011,-1,866749,571035.313
KABO,2020-03-03,0.69,0.69,0.65,0.67,-2.05,-0.014,-1,1116600,748399.563
KABO,2020-03-02,0.707,0.707,0.62,0.684,1.33,0.009,-1,1415356,968769.563
KABO,2020-03-01,0.71,0.71,0.672,0.675,-9.52,-0.071,-1,2117211,1429987.5
KABO,2020-02-27,0.78,0.78,0.726,0.746,-2.99,-0.023,-1,3085822,2302632.5
KABO,2020-02-26,0.784,0.784,0.751,0.769,2.68,0.02,-1,4563449,3507731.25
KABO,2020-02-25,0.793,0.793,0.723,0.745,-5.34,-0.042,-1,15974788,11898088
KABO,2020-02-24,0.84,0.84,0.771,0.787,-8.06,-0.069,-1,5807585,4571254.5
KABO,2020-02-23,0.879,0.879,0.83,0.856,-4.805,-0.042,-1,426540,364908.469
KABO,2020-02-20,0.889,0.889,0.83,0.874,8.03,0.065,-1,6738253,5885877
KABO,2020-02-19,0.852,0.852,0.762,0.809,4.39,0.034,-1,1061329,858928.938
KABO,2020-02-18,0.804,0.804,0.76,0.775,-4.32,-0.035,-1,1149731,890467.938
KABO,2020-02-17,0.83,0.83,0.805,0.81,-1.46,-0.012,-1,468137,379401.313
KABO,2020-02-16,0.85,0.85,0.801,0.822,-1.08,-0.009,-1,291990,240040.313
KABO,2020-02-13,0.85,0.85,0.825,0.831,-0.72,-0.006,-1,467125,388336.094
KABO,2020-02-12,0.869,0.869,0.822,0.837,-1.18,-0.01,-1,1440698,1206092.5
KABO,2020-02-11,0.862,0.862,0.8,0.844,7.653,0.06,-1,7909551,6678705
KABO,2020-02-10,0.812,0.812,0.744,0.784,3.02,0.023,-1,3991045,3127223.25
KABO,2020-02-09,0.768,0.768,0.745,0.761,0.93,0.007,-1,207617,157899
KABO,2020-02-06,0.76,0.76,0.751,0.754,-1.57,-0.012,-1,66650,50250.398
KABO,2020-02-05,0.779,0.779,0.745,0.766,1.323,0.01,-1,941380,721235.5
KABO,2020-02-04,0.769,0.769,0.741,0.756,0.27,0.002,-1,1495981,1131445.125
KABO,2020-02-03,0.767,0.767,0.745,0.754,1.21,0.009,-1,862558,650551.375
KABO,2020-02-02,0.755,0.755,0.73,0.745,1.35,0.01,-1,650937,484748.719
KABO,2020-01-30,0.74,0.74,0.72,0.739,1.09,0.008,-1,371204,274410.719
KABO,2020-01-29,0.74,0.74,0.711,0.731,3.1,0.022,-1,145010,105992.641
KABO,2020-01-28,0.711,0.711,0.705,0.709,-0.28,-0.002,-1,132500,93977.5
KABO,2020-01-27,0.714,0.714,0.71,0.711,-3,-0.022,-1,79112,56231.574
KABO,2020-01-26,0.74,0.74,0.72,0.733,1.66,0.012,-1,211992,155474.031
KABO,2020-01-23,0.735,0.735,0.713,0.721,-0.55,-0.004,-1,991000,714498.125
KABO,2020-01-22,0.748,0.748,0.74,0.725,0,0,-1,30400,22677.516
KABO,2020-01-21,0.726,0.726,0.723,0.725,-1.37,-0.01,-1,164918,119494.617
KABO,2020-01-20,0.73,0.73,0.723,0.73,0,0,-1,12070,8803.98
KABO,2020-01-19,0.74,0.74,0.73,0.73,-0.82,-0.006,-1,114950,83963.5
KABO,2020-01-16,0.74,0.74,0.72,0.736,0.68,0.005,-1,226250,166459.625
KABO,2020-01-15,0.744,0.744,0.725,0.731,-0.81,-0.006,-1,269120,196719.797
KABO,2020-01-14,0.74,0.74,0.723,0.737,1.52,0.011,-1,388787,286687.875
KABO,2020-01-13,0.74,0.74,0.72,0.726,-1.63,-0.012,-1,476000,345702.813
KABO,2020-01-12,0.749,0.749,0.73,0.738,0.96,0.007,-1,258400,190804.469
KABO,2020-01-09,0.749,0.749,0.72,0.731,-0.54,-0.004,-1,1501750,1097167.375
KABO,2020-01-08,0.738,0.738,0.735,0.735,2.8,0.02,-1,65000,47800
KABO,2020-01-06,0.735,0.735,0.69,0.715,-3.25,-0.024,-1,275075,196670.891
KABO,2020-01-05,0.769,0.769,0.703,0.739,-5.01,-0.039,-1,271055,200322.063
KABO,2020-01-02,0.786,0.786,0.75,0.778,0.78,0.006,-1,41187,32052.174
KABO,2019-12-31,0.781,0.781,0.75,0.772,0,0,-1,94160,72725.898
KABO,2019-12-30,0.785,0.785,0.77,0.772,0.52,0.004,-1,89489,69109.016
KABO,2019-12-29,0.778,0.778,0.76,0.768,-0.78,-0.006,-1,39267,30139.756
KABO,2019-12-26,0.78,0.78,0.77,0.774,0,0,-1,8500,6595
KABO,2019-12-25,0.788,0.788,0.77,0.774,-0.77,-0.006,-1,112047,86684.227
KABO,2019-12-24,0.782,0.782,0.777,0.78,-1.27,-0.01,-1,242500,189140
KABO,2019-12-23,0.795,0.795,0.78,0.79,-1.25,-0.01,-1,414945,327909.438
KABO,2019-12-22,0.807,0.807,0.794,0.8,1.27,0.01,-1,374186,299338.313
KABO,2019-12-19,0.8,0.8,0.776,0.79,-0.762,-0.006,-1,340610,269065.438
KABO,2019-12-18,0.795,0.795,0.78,0.787,0.9,0.007,-1,90364,71071.938
KABO,2019-12-17,0.789,0.789,0.76,0.78,-2.5,-0.02,-1,252471,196862.609
KABO,2019-12-16,0.77,0.77,0.75,0.801,0,0,-1,1286,981.61
KABO,2019-12-15,0.817,0.817,0.77,0.801,5.26,0.04,-1,39100,31306.035
KABO,2019-12-12,0.747,0.747,0.747,0.761,-1.84,-0.014,-1,2000,1494
KABO,2019-12-11,0.77,0.77,0.751,0.761,-2.06,-0.016,-1,176500,134371.5
KABO,2019-12-10,0.79,0.79,0.771,0.777,0.39,0.003,-1,982591,763304.25
KABO,2019-12-09,0.797,0.797,0.762,0.774,0.78,0.006,-1,53150,41123.301
KABO,2019-12-08,0.77,0.77,0.765,0.768,-2.41,-0.019,-1,61000,46875
KABO,2019-12-05,0.796,0.796,0.773,0.787,-0.63,-0.005,-1,213720,168154.328
KABO,2019-12-04,0.803,0.803,0.78,0.792,6.31,0.047,-1,42000,33255
KABO,2019-12-03,0.798,0.798,0.7,0.745,-2.61,-0.02,-1,391456,291711.75
KABO,2019-12-02,0.785,0.785,0.76,0.765,-3.04,-0.024,-1,102530,78394.797
KABO,2019-12-01,0.8,0.8,0.786,0.789,-1.38,-0.011,-1,46783,36928.438
KABO,2019-11-28,0.8,0.8,0.785,0.797,-0.376,-0.003,-1,104783,83463.438
KABO,2019-11-27,0.803,0.803,0.785,0.797,-1.23,-0.01,-1,548657,437529.594
KABO,2019-11-26,0.811,0.811,0.81,0.81,0,0,-1,233469,189152.391
KABO,2019-11-25,0.815,0.815,0.812,0.815,-1.22,-0.01,-1,101362,82580.031
KABO,2019-11-24,0.83,0.83,0.82,0.82,0,0,-1,231800,190181
KABO,2019-11-21,0.825,0.825,0.812,0.82,-0.12,-0.001,-1,87000,71355
KABO,2019-11-20,0.83,0.83,0.811,0.821,-0.12,-0.001,-1,369800,303607.75
KABO,2019-11-19,0.824,0.824,0.82,0.822,-0.72,-0.006,-1,331079,272154.125
KABO,2019-11-18,0.84,0.84,0.82,0.828,-1.55,-0.013,-1,647282,535919.188
KABO,2019-11-17,0.858,0.858,0.831,0.841,-1.29,-0.011,-1,117153,98558.422
KABO,2019-11-14,0.864,0.864,0.841,0.852,-0.81,-0.007,-1,143676,122441.484
KABO,2019-11-13,0.88,0.88,0.85,0.859,0.7,0.006,-1,274141,235414.984
KABO,2019-11-12,0.857,0.857,0.85,0.853,-2.29,-0.02,-1,184760,157565.5
KABO,2019-11-11,0.89,0.89,0.85,0.873,0.81,0.007,-1,851600,743484
KABO,2019-11-07,0.88,0.88,0.85,0.866,-0.583,-0.005,-1,483960,419081.75
KABO,2019-11-06,0.878,0.878,0.85,0.857,-2.28,-0.02,-1,804019,689025.938
KABO,2019-11-05,0.888,0.888,0.86,0.877,4.16,0.035,-1,2321484,2035341.875
KABO,2019-11-04,0.866,0.866,0.804,0.842,5.12,0.041,-1,4705423,3960114.16
KABO,2019-11-03,0.81,0.81,0.795,0.801,0.25,0.002,-1,364292,291793.563
KABO,2019-10-31,0.807,0.807,0.791,0.799,-0.37,-0.003,-1,656428,524719.125
KABO,2019-10-30,0.81,0.81,0.8,0.802,-0.25,-0.002,-1,501091,402089.344
KABO,2019-10-29,0.81,0.81,0.8,0.804,0,0,-1,223949,180019.281
KABO,2019-10-28,0.81,0.81,0.8,0.803,0,0,-1,188717,151491.438
KABO,2019-10-27,0.817,0.817,0.8,0.805,1.39,0.011,-1,301634,242835.297
KABO,2019-10-24,0.804,0.804,0.785,0.794,-0.25,0,-1,61174,48555.047
KABO,2019-10-23,0.8,0.8,0.78,0.796,-0.38,-0.003,-1,178547,142041.953
KABO,2019-10-22,0.81,0.81,0.791,0.799,-1.48,-0.012,-1,90236,72117
KABO,2019-10-21,0.82,0.82,0.794,0.811,0.87,0.007,-1,361484,293158.906
KABO,2019-10-20,0.82,0.82,0.8,0.804,0.37,0.003,-1,666341,536035.063
KABO,2019-10-17,0.81,0.81,0.792,0.801,0.63,0.005,-1,258900,207261.641
KABO,2019-10-16,0.814,0.814,0.782,0.796,2.18,0.017,-1,468889,373463.813
KABO,2019-10-15,0.8,0.8,0.775,0.779,-1.39,-0.011,-1,176647,137628.781
KABO,2019-10-14,0.8,0.8,0.785,0.79,0.13,0,-1,152681,120569.18
KABO,2019-10-13,0.809,0.809,0.785,0.789,-2.48,-0.02,-1,149473,117956.906
KABO,2019-10-10,0.819,0.819,0.795,0.805,1.385,0.011,-1,629100,506535.5
KABO,2019-10-09,0.802,0.802,0.77,0.794,-1.73,-0.014,-1,581937,461921.563
KABO,2019-10-08,0.825,0.825,0.783,0.808,1.25,0.01,-1,1287097,1039500
KABO,2019-10-07,0.8,0.8,0.77,0.797,3.93,0.03,-1,755070,601609.375
KABO,2019-10-03,0.788,0.788,0.75,0.763,-0.13,-0.001,-1,413052,315205.875
KABO,2019-10-02,0.771,0.771,0.753,0.764,-2.18,-0.017,-1,405631,309699.875
KABO,2019-10-01,0.819,0.819,0.77,0.781,1.29,0.01,-1,744041,581327.5
KABO,2019-09-30,0.8,0.8,0.77,0.776,-0.257,-0.002,-1,947929,735897.25
KABO,2019-09-29,0.799,0.799,0.761,0.778,5.28,0.039,-1,1050287,817571.813
KABO,2019-09-26,0.77,0.77,0.684,0.739,9.078,0.064,-1,1913878,1414997.125
KABO,2019-09-25,0.72,0.72,0.665,0.705,6.17,0.041,-1,980522,691116.75
KABO,2019-09-24,0.71,0.71,0.651,0.664,-7,-0.05,-1,905640,601576.875
KABO,2019-09-23,0.75,0.75,0.684,0.714,-5.93,-0.045,-1,1601205,1144045.125
KABO,2019-09-22,0.8,0.8,0.734,0.759,-6.87,-0.056,-1,1233035,936238.125
KABO,2019-09-19,0.828,0.828,0.8,0.815,1.49,0.012,-1,794095,646914.938
KABO,2019-09-18,0.817,0.817,0.791,0.803,-3.25,-0.027,-1,795890,638937.375
KABO,2019-09-17,0.861,0.861,0.79,0.83,-3.71,-0.032,-1,1776087,1473609.375
KABO,2019-09-16,0.866,0.866,0.855,0.862,-1.82,-0.016,-1,753152,649058.313
KABO,2019-09-15,0.888,0.888,0.86,0.878,1.5,0.013,-1,3171359,2784442.25
KABO,2019-09-12,0.874,0.874,0.852,0.865,1.05,0.009,-1,1115827,965470.125
KABO,2019-09-11,0.869,0.869,0.85,0.856,-0.926,-0.008,-1,830855,710995.875
KABO,2019-09-10,0.87,0.87,0.852,0.864,1.29,0.011,-1,741539,640662.75
KABO,2019-09-09,0.867,0.867,0.843,0.853,0.12,0.001,-1,1427297,1217583
KABO,2019-09-08,0.86,0.86,0.848,0.852,0.12,0.001,-1,605444,516063.656
KABO,2019-09-05,0.859,0.859,0.84,0.851,0.95,0.008,-1,421689,358850.156
KABO,2019-09-04,0.857,0.857,0.832,0.843,-0.24,-0.002,-1,830028,699553.375
KABO,2019-09-03,0.864,0.864,0.831,0.845,-2.32,-0.02,-1,1422784,1201850.5
KABO,2019-09-02,0.88,0.88,0.853,0.861,-0.69,-0.006,-1,1719283,1479804.125
KABO,2019-09-01,0.87,0.87,0.86,0.867,0,0,-1,493993,428538.281
KABO,2019-08-29,0.882,0.882,0.859,0.867,-3.13,-0.028,-1,1344065,1164670.125
KABO,2019-08-28,0.912,0.912,0.873,0.895,2.05,0.018,-1,3192170,2857270
KABO,2019-08-27,0.894,0.894,0.861,0.877,0,0,-1,2549445,2236507.75
KABO,2019-08-26,0.895,0.895,0.826,0.876,3.18,0.027,-1,3941093,3453899.25
KABO,2019-08-25,0.87,0.87,0.833,0.849,-0.82,-0.007,-1,466835,396288.125
KABO,2019-08-22,0.868,0.868,0.847,0.856,0.12,0,-1,884888,757785.938
KABO,2019-08-21,0.875,0.875,0.843,0.855,-1.38,-0.012,-1,666960,570208.25
KABO,2019-08-20,0.875,0.875,0.847,0.867,2.36,0.02,-1,2026938,1757588.625
KABO,2019-08-19,0.86,0.86,0.832,0.847,-0.59,-0.005,-1,1553884,1316620.125
KABO,2019-08-18,0.861,0.861,0.834,0.852,3.02,0.025,-1,2062468,1756903.375
KABO,2019-08-15,0.835,0.835,0.811,0.827,1.22,0.01,-1,1214902,1004251
KABO,2019-08-14,0.837,0.837,0.815,0.822,2.48,0.02,-1,525417,431870.656
KABO,2019-08-08,0.81,0.81,0.798,0.805,2.81,0.022,-1,664710,534903.875
KABO,2019-08-07,0.794,0.794,0.772,0.783,1.82,0.014,-1,415428,325335
KABO,2019-08-06,0.793,0.793,0.763,0.769,-1.41,-0.011,-1,221150,170089.438
KABO,2019-08-05,0.79,0.79,0.77,0.78,0.65,0.005,-1,165590,129140.539
KABO,2019-08-04,0.8,0.8,0.77,0.775,-2.15,-0.017,-1,1031500,799284.625
KABO,2019-08-01,0.804,0.804,0.788,0.792,-0.5,-0.004,-1,338424,267962.469
KABO,2019-07-31,0.8,0.8,0.774,0.796,-1,-0.008,-1,210700,167818.188
KABO,2019-07-30,0.826,0.826,0.77,0.804,-1.22,-0.01,-1,613443,493073.719
KABO,2019-07-29,0.829,0.829,0.805,0.817,-1.45,-0.012,-1,452688,370022.625
KABO,2019-07-28,0.836,0.836,0.82,0.829,1.22,0.01,-1,203754,168901.031
KABO,2019-07-25,0.837,0.837,0.815,0.819,-1.33,-0.011,-1,197604,161832.53
KABO,2019-07-24,0.847,0.847,0.82,0.83,-1.084,-0.009,-1,890835,739157.063
KABO,2019-07-22,0.835,0.835,0.821,0.83,0,0,-1,351328,291509.656
KABO,2019-07-21,0.838,0.838,0.82,0.83,0.73,0.006,-1,522821,433836.406
KABO,2019-07-18,0.833,0.833,0.807,0.824,1.85,0.015,-1,383920,316231.375
KABO,2019-07-17,0.819,0.819,0.804,0.809,-1.34,-0.011,-1,150831,122043.852
KABO,2019-07-16,0.838,0.838,0.803,0.82,0.49,0.004,-1,178905,146685.516
KABO,2019-07-15,0.82,0.82,0.806,0.816,0.25,0.002,-1,302811,247076.734
KABO,2019-07-14,0.85,0.85,0.8,0.814,-2.16,-0.018,-1,514503,418572.063
KABO,2019-07-11,0.845,0.845,0.82,0.832,-2.002,-0.017,-1,373273,310471.281
KABO,2019-07-10,0.859,0.859,0.846,0.849,-1.96,-0.017,-1,217019,184230.656
KABO,2019-07-09,0.875,0.875,0.845,0.866,1.29,0.011,-1,737646,638595.5
KABO,2019-07-08,0.86,0.86,0.846,0.855,0.35,0.003,-1,408402,349183.781
KABO,2019-07-07,0.86,0.86,0.851,0.852,-1.505,-0.013,-1,145093,123631.852
KABO,2019-07-04,0.889,0.889,0.851,0.864,-2.25,-0.02,-1,452858,391405.938
KABO,2019-07-03,0.901,0.901,0.873,0.888,0,0,-1,584320,519059.813
KABO,2019-07-02,0.899,0.899,0.873,0.891,1.14,0.01,-1,1472920,1313023.75
KABO,2019-06-27,0.884,0.884,0.867,0.877,0.92,0.008,-1,726218,636595.625
KABO,2019-06-26,0.875,0.875,0.84,0.869,3.08,0.026,-1,862261,748963.938
KABO,2019-06-25,0.854,0.854,0.831,0.843,0.12,0.001,-1,145969,122982.469
KABO,2019-06-24,0.854,0.854,0.83,0.842,-2.21,-0.019,-1,516175,434640.563
KABO,2019-06-23,0.879,0.879,0.852,0.861,0.94,0.01,-1,186170,160335.781
KABO,2019-06-20,0.865,0.865,0.85,0.853,-1.84,-0.016,-1,405240,345817.344
KABO,2019-06-19,0.88,0.88,0.855,0.869,-0.8,-0.007,-1,399800,347317.781
KABO,2019-06-18,0.885,0.885,0.87,0.876,-1.24,-0.011,-1,267463,234344.453
KABO,2019-06-17,0.895,0.895,0.88,0.887,0.228,0.002,-1,295700,262234.469
KABO,2019-06-16,0.902,0.902,0.872,0.879,0,0,-1,332286,292082.875
KABO,2019-06-13,0.905,0.905,0.877,0.883,-0.56,-0.005,-1,648005,572494.438
KABO,2019-06-12,0.908,0.908,0.883,0.888,-2.31,-0.021,-1,222600,197681.5
KABO,2019-06-11,0.929,0.929,0.89,0.909,-1.532,-0.014,-1,451150,410094.906
KABO,2019-06-10,0.924,0.924,0.9,0.914,2.47,0.022,-1,737024,673526.2
KABO,2019-06-09,0.899,0.899,0.882,0.892,1.36,0.012,-1,95076,84778.031
KABO,2019-06-03,0.89,0.89,0.876,0.88,-0.11,-0.001,-1,375242,330287.188
KABO,2019-06-02,0.887,0.887,0.875,0.881,-0.337,-0.003,-1,91400,80500.563
KABO,2019-05-30,0.901,0.901,0.875,0.89,-2.63,-0.024,-1,291387,259460.563
KABO,2019-05-29,0.93,0.93,0.901,0.914,-0.65,-0.006,-1,277515,253703.313
KABO,2019-05-28,0.936,0.936,0.895,0.92,2.086,0.019,-1,801809,737485.688
KABO,2019-05-27,0.92,0.92,0.893,0.911,-0.33,-0.003,-1,586305,534364.125
KABO,2019-05-26,0.925,0.925,0.893,0.914,1.78,0.016,-1,340555,311257.063
KABO,2019-05-23,0.905,0.905,0.882,0.898,1.81,0.016,-1,471625,423555.531
KABO,2019-05-22,0.9,0.9,0.88,0.882,-2.43,-0.022,-1,607615,535970.938
KABO,2019-05-21,0.919,0.919,0.899,0.904,4.87,0.042,-1,484803,438293.188
KABO,2019-05-20,0.899,0.899,0.86,0.862,-3.47,-0.031,-1,486291,419298.594
KABO,2019-05-19,0.906,0.906,0.86,0.893,-1.98,-0.018,-1,293673,262329.688
KABO,2019-05-16,0.92,0.92,0.907,0.911,-1.3,-0.012,-1,236045,215076.563
KABO,2019-05-15,0.94,0.94,0.914,0.923,-1.07,-0.01,-1,76260,70381.039
KABO,2019-05-14,0.959,0.959,0.923,0.933,0.97,0.009,-1,247896,231278.547
KABO,2019-05-13,0.97,0.97,0.911,0.924,-3.14,-0.03,-1,1372447,1268035
KABO,2019-05-12,0.97,0.97,0.92,0.954,2.69,0.025,-1,985522,940022.97
KABO,2019-05-09,0.97,0.97,0.871,0.929,0.43,0.004,-1,419761,389996.406
KABO,2019-05-08,1,1,0.907,0.925,-8.14,-0.082,-1,261562,241958.781
KABO,2019-05-07,1.04,1.04,0.99,1.007,-0.59,-0.006,-1,286362,288461.625
KABO,2019-05-06,1.031,1.031,1,1.013,-2.6,-0.027,-1,632561,640943
KABO,2019-05-05,1.044,1.044,1.03,1.04,-1.05,-0.011,-1,103556,107686.602
KABO,2019-05-02,1.067,1.067,1.047,1.051,-0.1,-0.001,-1,192417,202135.109
KABO,2019-04-30,1.069,1.069,1.04,1.052,-0.66,-0.007,-1,174983,184016.016
KABO,2019-04-24,1.068,1.068,1.051,1.059,1.05,0.011,-1,920123,974669.375
KABO,2019-04-23,1.06,1.06,1.042,1.048,-0.38,-0.004,-1,667675,700000.313
KABO,2019-04-22,1.062,1.062,1.046,1.052,0.57,0.006,-1,466010,490167.625
KABO,2019-04-21,1.062,1.062,1.04,1.046,0.759,0.008,-1,333481,348986.094
KABO,2019-04-18,1.069,1.069,1.05,1.054,0,0,-1,526157,554581.625
KABO,2019-04-17,1.069,1.069,1.05,1.054,-1.77,-0.019,-1,473077,498512.469
KABO,2019-04-16,1.093,1.093,1.05,1.073,0.661,0.007,-1,1712328,1836473.875
KABO,2019-04-15,1.069,1.069,1.052,1.059,0,0,-1,267527,283232.5
KABO,2019-04-14,1.085,1.085,1.056,1.062,-0.466,-0.005,-1,441905,469096.406
KABO,2019-04-11,1.08,1.08,1.065,1.073,0.75,0.008,-1,564223,605194.188
KABO,2019-04-10,1.071,1.071,1.06,1.065,0.66,0.007,-1,315072,335593.219
KABO,2019-04-09,1.085,1.085,1.05,1.058,-1.76,-0.019,-1,1132013,1197633
KABO,2019-04-08,1.099,1.099,1.063,1.077,-2.09,-0.023,-1,730123,786431.313
KABO,2019-04-07,1.118,1.118,1.084,1.1,0.09,0.001,-1,287025,315760.719
KABO,2019-04-04,1.11,1.11,1.09,1.099,-0.72,-0.008,-1,476139,523055.188
KABO,2019-04-03,1.127,1.127,1.09,1.107,-0.18,-0.002,-1,578431,640439.875
KABO,2019-04-02,1.118,1.118,1.102,1.109,0.82,0.009,-1,198031,219559.797
KABO,2019-04-01,1.11,1.11,1.091,1.1,-0.09,-0.001,-1,421663,463912.563
KABO,2019-03-31,1.12,1.12,1.086,1.101,-0.63,-0.007,-1,503940,554704.75
KABO,2019-03-28,1.129,1.129,1.084,1.108,0.82,0.009,-1,770064,853172.188
KABO,2019-03-27,1.125,1.125,1.08,1.099,-0.27,-0.003,-1,1214030,1334080.25
KABO,2019-03-26,1.124,1.124,1.085,1.102,-1.52,-0.017,-1,1157397,1275816.625
KABO,2019-03-25,1.141,1.141,1.104,1.119,-2.61,-0.03,-1,2483390,2778202.5
KABO,2019-03-24,1.16,1.16,1.14,1.149,-1.12,-0.013,-1,348926,401089.031
KABO,2019-03-21,1.179,1.179,1.15,1.162,0.78,0.009,-1,693670,806255.063
KABO,2019-03-20,1.175,1.175,1.141,1.153,-2.144,-0.025,-1,1791330,2065337
KABO,2019-03-19,1.216,1.216,1.144,1.166,-4.19,-0.051,-1,4282751,4992622
KABO,2019-03-18,1.248,1.248,1.186,1.217,-1.85,-0.023,-1,1673831,2037528.875
KABO,2019-03-17,1.25,1.25,1.226,1.24,0.081,0.001,-1,430895,534101.125
KABO,2019-03-14,1.25,1.25,1.222,1.232,-1.36,-0.017,-1,2360437,2906963.75
KABO,2019-03-13,1.298,1.298,1.23,1.249,-3.03,-0.039,-1,5171005,6456294.5
KABO,2019-03-12,1.309,1.309,1.264,1.288,1.82,0.023,-1,3821147,4921299.5
KABO,2019-03-11,1.28,1.28,1.25,1.265,1.44,0.018,-1,4050421,5125753
KABO,2019-03-10,1.26,1.26,1.23,1.247,1.05,0.013,-1,1222838,1524732
KABO,2019-03-07,1.245,1.245,1.222,1.234,0.82,0.01,-1,1423271,1756736.125
KABO,2019-03-06,1.249,1.249,1.201,1.224,-1.69,-0.021,-1,1515534,1855485.125
KABO,2019-03-05,1.26,1.26,1.22,1.245,1.14,0.014,-1,713619,888465.563
KABO,2019-03-04,1.256,1.256,1.211,1.231,-0.89,-0.011,-1,1014454,1248793.5
KABO,2019-03-03,1.277,1.277,1.224,1.242,-2.05,-0.026,-1,1103162,1369690.5
KABO,2019-02-28,1.34,1.34,1.211,1.268,-3.87,-0.051,-1,5212413,6610474
KABO,2019-02-27,1.325,1.325,1.313,1.319,-0.45,-0.006,-1,771364,1017095.438
KABO,2019-02-26,1.359,1.359,1.317,1.325,-0.75,-0.01,-1,3023320,4007176.75
KABO,2019-02-25,1.359,1.359,1.319,1.339,-0.07,-0.001,-1,2408184,3223872.75
KABO,2019-02-24,1.37,1.37,1.322,1.34,-1.83,-0.025,-1,1734521,2324363.25
KABO,2019-02-21,1.391,1.391,1.34,1.365,0.22,0.003,-1,3810692,5200613
KABO,2019-02-20,1.4,1.4,1.323,1.362,4.29,0.056,-1,7630404,10395290
KABO,2019-02-19,1.355,1.355,1.22,1.306,6.01,0.074,-1,21645828,28267094
KABO,2019-02-18,1.249,1.249,1.21,1.232,0.163,0.002,-1,3148888,3878155.5
KABO,2019-02-17,1.25,1.25,1.216,1.23,-1.373,-0.017,-1,2851635,3506399.25
KABO,2019-02-14,1.251,1.251,1.222,1.238,1.56,0.019,-1,5227511,6474272
KABO,2019-02-13,1.23,1.23,1.195,1.219,2.44,0.029,-1,2759965,3363203
KABO,2019-02-12,1.207,1.207,1.18,1.19,-0.83,-0.01,-1,3096734,3684543.5
KABO,2019-02-11,1.23,1.23,1.175,1.201,-1.96,-0.024,-1,4045491,4856963.5
KABO,2019-02-10,1.239,1.239,1.21,1.225,0.57,0.007,-1,3331477,4079551
KABO,2019-02-07,1.237,1.237,1.206,1.218,0.66,0.008,-1,2422772,2950562.75
KABO,2019-02-06,1.228,1.228,1.202,1.21,-1.71,-0.021,-1,2326168,2814567.25
KABO,2019-02-05,1.25,1.25,1.21,1.231,1.99,0.024,-1,4253349,5233930
KABO,2019-02-04,1.229,1.229,1.171,1.207,2.64,0.031,-1,7174180,8662197
KABO,2019-02-03,1.19,1.19,1.161,1.176,-0.51,-0.006,-1,1890786,2224459
KABO,2019-01-31,1.195,1.195,1.161,1.182,2.43,0.028,-1,3071871,3629839.75
KABO,2019-01-30,1.179,1.179,1.131,1.154,1.76,0.02,-1,4561419,5265935.5
KABO,2019-01-29,1.144,1.144,1.126,1.134,0,0,-1,776968,881166.688
KABO,2019-01-28,1.14,1.14,1.123,1.129,-1.142,-0.013,-1,1852952,2091837.375
KABO,2019-01-27,1.15,1.15,1.13,1.138,0.266,0.003,-1,1370329,1559478.375
KABO,2019-01-23,1.14,1.14,1.12,1.127,-1.227,-0.014,-1,1157401,1304124.125
KABO,2019-01-22,1.174,1.174,1.124,1.141,-0.955,-0.011,-1,1292297,1474109.875
KABO,2019-01-21,1.166,1.166,1.142,1.152,-1.54,-0.018,-1,1216666,1401196.625
KABO,2019-01-20,1.19,1.19,1.153,1.17,-0.85,-0.01,-1,2170488,2540081.25
KABO,2019-01-17,1.199,1.199,1.161,1.18,1.2,0.014,-1,8226772,9704092
KABO,2019-01-16,1.18,1.18,1.14,1.166,2.46,0.028,-1,9834465,11465884
KABO,2019-01-15,1.149,1.149,1.125,1.138,0.89,0.01,-1,2565136,2919702.5
KABO,2019-01-14,1.139,1.139,1.115,1.123,-0.97,-0.011,-1,1143649,1283928.375
KABO,2019-01-13,1.14,1.14,1.125,1.134,-0.53,-0.006,-1,1848962,2096464.75
KABO,2019-01-10,1.15,1.15,1.13,1.14,-0.52,-0.006,-1,1198422,1365753
KABO,2019-01-09,1.169,1.169,1.124,1.146,0.17,0.002,-1,2820487,3233293.25
KABO,2019-01-08,1.156,1.156,1.132,1.144,0.26,0.003,-1,2481872,2840227.25
KABO,2019-01-06,1.155,1.155,1.134,1.141,0.8,0.009,-1,1320288,1506332.375
KABO,2019-01-03,1.15,1.15,1.113,1.132,1.07,0.012,-1,3773651,4270934
KABO,2019-01-02,1.14,1.14,1.105,1.12,0.18,0.002,-1,2118670,2373379
KABO,2018-12-31,1.129,1.129,1.112,1.118,-0.18,-0.002,-1,656196,733587.75
KABO,2018-12-30,1.13,1.13,1.11,1.12,-0.09,-0.001,-1,590765,661475.375
KABO,2018-12-27,1.139,1.139,1.105,1.121,0.45,0.005,-1,1526798,1711174.875
KABO,2018-12-26,1.13,1.13,1.1,1.116,0.9,0.01,-1,1868230,2084043
KABO,2018-12-25,1.13,1.13,1.09,1.106,-0.9,-0.01,-1,1682493,1860766.125
KABO,2018-12-24,1.13,1.13,1.084,1.115,-1.06,-0.012,-1,3582747,3996174.75
KABO,2018-12-23,1.19,1.19,1.094,1.127,-2.51,-0.029,-1,3713870,4184735.5
KABO,2018-12-20,1.178,1.178,1.12,1.156,3.31,0.04,-1,5996042,6933357
KABO,2018-12-19,1.156,1.156,1.076,1.119,4.87,0.052,-1,9148093,10238745
KABO,2018-12-18,1.08,1.08,1.06,1.067,-1.85,-0.02,-1,484100,516464.563
KABO,2018-12-17,1.09,1.09,1.07,1.083,0.84,0.009,-1,759056,821854.5
KABO,2018-12-16,1.09,1.09,1.057,1.074,0.28,0,-1,855711,919102.375
KABO,2018-12-13,1.083,1.083,1.06,1.071,0.75,0.008,-1,1522727,1631380.875
KABO,2018-12-12,1.075,1.075,1.044,1.063,1.05,0.011,-1,1913747,2033973.875
KABO,2018-12-11,1.067,1.067,1.041,1.052,0.96,0.01,-1,1538742,1619217.75
KABO,2018-12-10,1.055,1.055,1.026,1.044,1.75,0.018,-1,2116589,2210224
KABO,2018-12-09,1.041,1.041,1.013,1.026,-4.651,-0.05,-1,842867,865025.375
KABO,2018-12-06,1.118,1.118,1.041,1.075,-1.19,-0.013,-1,1441972,1550778.625
KABO,2018-12-05,1.12,1.12,1.051,1.088,1.59,0.02,-1,1881408,2047505
KABO,2018-12-04,1.099,1.099,1.04,1.071,-5.067,-0.057,-1,2018572,2162570.25
KABO,2018-12-03,1.16,1.16,1.071,1.125,-3.27,-0.038,-1,1137480,1279888.5
KABO,2018-12-02,1.19,1.19,1.145,1.163,-2.19,-0.026,-1,697566,811502
KABO,2018-11-29,1.217,1.217,1.175,1.189,-1.49,-0.018,-1,1724970,2050337
KABO,2018-11-28,1.237,1.237,1.18,1.207,-0.74,-0.009,-1,1464600,1767536.75
KABO,2018-11-27,1.235,1.235,1.206,1.216,0,0,-1,1947416,2368177.75
KABO,2018-11-26,1.242,1.242,1.18,1.216,-4.1,-0.052,-1,2428403,2952366.5
KABO,2018-11-25,1.309,1.309,1.24,1.268,-1.01,-0.013,-1,2009137,2547614.5
KABO,2018-11-22,1.31,1.31,1.266,1.281,-0.47,-0.006,-1,1586153,2031868
KABO,2018-11-21,1.308,1.308,1.28,1.287,-1.23,-0.016,-1,1708403,2198570.75
KABO,2018-11-19,1.317,1.317,1.3,1.303,-0.76,-0.01,-1,1954531,2547440.5
KABO,2018-11-18,1.338,1.338,1.3,1.314,1.939,0.03,-1,3912676,5140248.5
KABO,2018-11-15,1.308,1.308,1.28,1.289,-0.232,0,-1,1216260,1567464.375
KABO,2018-11-14,1.311,1.311,1.271,1.292,-1.15,-0.02,-1,1223157,1580741
KABO,2018-11-13,1.34,1.34,1.286,1.307,0,0,-1,1207393,1577769.5
KABO,2018-11-12,1.339,1.339,1.281,1.307,-2.39,-0.032,-1,2354658,3076884.75
KABO,2018-11-11,1.36,1.36,1.321,1.339,-1.47,-0.02,-1,1988625,2662857
KABO,2018-11-08,1.377,1.377,1.334,1.359,1.267,0.017,-1,2217615,3014790.25
KABO,2018-11-07,1.373,1.373,1.321,1.342,-1.25,-0.017,-1,1331455,1786779
KABO,2018-11-06,1.38,1.38,1.338,1.359,2.57,0.034,-1,3431611,4664994
KABO,2018-11-05,1.35,1.35,1.286,1.325,2.24,0.029,-1,4466686,5917278
KABO,2018-11-04,1.308,1.308,1.272,1.296,0.54,0.007,-1,373740,484300.094
KABO,2018-11-01,1.307,1.307,1.273,1.289,-0.23,-0.003,-1,1098166,1415516.75
KABO,2018-10-31,1.326,1.326,1.28,1.292,-1.15,-0.015,-1,1045030,1350342.25
KABO,2018-10-30,1.337,1.337,1.29,1.307,0.77,0.01,-1,1352233,1767026.75
KABO,2018-10-29,1.328,1.328,1.28,1.297,-0.61,-0.008,-1,600200,778572.5
KABO,2018-10-28,1.349,1.349,1.282,1.305,-1.286,-0.017,-1,1273520,1662401.125
KABO,2018-10-25,1.36,1.36,1.255,1.322,1.811,0.024,-1,1859313,2457221
KABO,2018-10-24,1.36,1.36,1.3,1.325,-2.92,-0.04,-1,1198380,1587560.875
KABO,2018-10-23,1.4,1.4,1.34,1.368,-2.006,-0.028,-1,1417987,1939825.875
KABO,2018-10-22,1.455,1.455,1.377,1.396,-1.27,-0.018,-1,3173839,4431831
KABO,2018-10-21,1.439,1.439,1.381,1.414,1.14,0.016,-1,3137010,4436497.5
KABO,2018-10-18,1.433,1.433,1.371,1.398,-1.062,-0.015,-1,801085,1120184.25
KABO,2018-10-17,1.44,1.44,1.381,1.413,1.15,0.016,-1,1826749,2580667.25
KABO,2018-10-16,1.428,1.428,1.352,1.397,3.1,0.042,-1,1621177,2264343.25
KABO,2018-10-15,1.419,1.419,1.32,1.355,-5.38,-0.077,-1,1214167,1644923.625
KABO,2018-10-14,1.49,1.49,1.41,1.432,2.14,0.03,-1,215996,309355.5
KABO,2018-10-11,1.45,1.45,1.37,1.402,-1.27,-0.018,-1,356845,500127.469
KABO,2018-10-10,1.44,1.44,1.39,1.42,3.5,0.048,-1,272886,387574.313
KABO,2018-10-09,1.415,1.415,1.34,1.372,2.39,0.032,-1,147010,201673.656
KABO,2018-10-08,1.4,1.4,1.301,1.34,-5.67,-0.08,-1,315860,423190.906
KABO,2018-10-04,1.46,1.46,1.32,1.411,-1.05,-0.015,-1,76545,107994.797
KABO,2018-10-03,1.451,1.451,1.351,1.426,-1.18,-0.017,-1,263156,375150.406
KABO,2018-10-02,1.48,1.48,1.43,1.443,-1.23,-0.018,-1,228035,328947.531
KABO,2018-10-01,1.5,1.5,1.44,1.461,-3.44,-0.052,-1,257039,375444.531
KABO,2018-09-30,1.597,1.597,1.433,1.513,1.95,0.029,-1,290746,440004.281
KABO,2018-09-27,1.52,1.52,1.46,1.484,-1,-0.015,-1,159399,236588.953
KABO,2018-09-26,1.54,1.54,1.46,1.499,0.6,0.009,-1,129890,194742.719
KABO,2018-09-25,1.52,1.52,1.4,1.49,5.82,0.082,-1,791696,1179535.125
KABO,2018-09-24,1.46,1.46,1.36,1.408,0.43,0.006,-1,407242,573275.313
KABO,2018-09-23,1.455,1.455,1.33,1.402,-0.5,-0.007,-1,266599,373891.906
KABO,2018-09-20,1.47,1.47,1.3,1.409,-1.4,-0.02,-1,653632,920882.188
KABO,2018-09-19,1.53,1.53,1.42,1.43,-8.92,-0.14,-1,741493,1058425.63
KABO,2018-09-18,1.63,1.63,1.44,1.57,-0.63,-0.01,-1,2149412,3363997.25
KABO,2018-09-17,1.63,1.63,1.51,1.58,-3.66,-0.06,-1,926784,1461952.63
KABO,2018-09-16,1.71,1.71,1.55,1.64,-4.65,-0.08,-1,1612198,2639354.75
KABO,2018-09-13,1.76,1.76,1.69,1.72,0,0,-1,1463186,2510837.25
KABO,2018-09-12,1.75,1.75,1.66,1.72,2.99,0.05,-1,3608742,6193313.5
KABO,2018-09-10,1.71,1.71,1.64,1.67,-1.18,-0.02,-1,573829,957010.06
KABO,2018-09-09,1.73,1.73,1.63,1.69,3.68,0.06,-1,2094355,3541848
KABO,2018-09-06,1.66,1.66,1.56,1.63,6.54,0.1,-1,3241227,5297235.5
KABO,2018-09-05,1.54,1.54,1.51,1.53,-1.29,-0.02,-1,164150,250914.02
KABO,2018-09-04,1.59,1.59,1.54,1.55,-1.9,-0.03,-1,522083,811115.56
KABO,2018-09-03,1.65,1.65,1.54,1.58,1.94,0.03,-1,854789,1347529.63
KABO,2018-09-02,1.58,1.58,1.55,1.55,-3.73,-0.06,-1,1012707,1573580.63
KABO,2018-08-30,1.66,1.66,1.57,1.61,-1.23,-0.02,-1,377480,607874.88
KABO,2018-08-29,1.67,1.67,1.58,1.63,4.49,0.07,-1,2153437,3520346.25
KABO,2018-08-28,1.58,1.58,1.52,1.56,8.33,0.12,-1,2603087,4063244.5
KABO,2018-08-27,1.49,1.49,1.35,1.44,5.88,0.08,-1,2553869,3671010.25
KABO,2018-08-26,1.39,1.39,1.32,1.36,1.49,0.02,-1,534760,726578.31
KABO,2018-08-19,1.36,1.36,1.33,1.34,0,0,-1,162200,217557.27
KABO,2018-08-16,1.37,1.37,1.32,1.34,0.75,0.01,-1,414674,554602.94
KABO,2018-08-15,1.38,1.38,1.3,1.33,-0.75,-0.01,-1,681661,908955.25
KABO,2018-08-14,1.38,1.38,1.29,1.34,-2.9,-0.04,-1,543398,725892.5
KABO,2018-08-13,1.44,1.44,1.3,1.38,-1.43,-0.02,-1,1031195,1418766.75
KABO,2018-08-12,1.43,1.43,1.35,1.4,0,0,-1,1619745,2263512.75
KABO,2018-08-09,1.42,1.42,1.36,1.4,4.48,0.06,-1,1981157,2767537.5
KABO,2018-08-08,1.36,1.36,1.32,1.34,0.75,0.01,-1,1659759,2227107.75
KABO,2018-08-07,1.35,1.35,1.29,1.33,2.31,0.03,-1,1153786,1539009.13
KABO,2018-08-06,1.33,1.33,1.29,1.3,-1.52,-0.02,-1,709638,923350.5
KABO,2018-08-05,1.35,1.35,1.3,1.32,-0.75,-0.01,-1,229001,301534.66
KABO,2018-08-02,1.36,1.36,1.31,1.33,-1.48,-0.02,-1,246142,327076.34
KABO,2018-08-01,1.36,1.36,1.33,1.35,-0.74,-0.01,-1,317150,426907.69
KABO,2018-07-31,1.37,1.37,1.3,1.36,2.26,0.03,-1,238720,323517.09
KABO,2018-07-30,1.38,1.38,1.31,1.33,-3.62,-0.05,-1,207485,275570.88
KABO,2018-07-29,1.4,1.4,1.36,1.38,0.73,0.01,-1,170361,235546.98
KABO,2018-07-26,1.4,1.4,1.32,1.37,0.74,0.01,-1,569980,783326.56
KABO,2018-07-25,1.4,1.4,1.32,1.36,-4.35,-0.06,-1,278360,379505.94
KABO,2018-07-24,1.41,1.41,1.35,1.38,-1.43,-0.02,-1,584581,807897.38
KABO,2018-07-22,1.4,1.4,1.39,1.4,-2.11,-0.03,-1,132010,184439
KABO,2018-07-19,1.46,1.46,1.4,1.42,-4.05,-0.06,-1,543960,774101.25
KABO,2018-07-18,1.52,1.52,1.4,1.48,-1.33,-0.02,-1,824796,1219750.75
KABO,2018-07-17,1.58,1.58,1.46,1.5,-4.46,-0.07,-1,397230,595012.06
KABO,2018-07-16,1.6,1.6,1.52,1.57,-3.09,-0.05,-1,603269,945128
KABO,2018-07-15,1.66,1.66,1.56,1.62,3.85,0.06,-1,1305249,2109862
KABO,2018-07-12,1.66,1.66,1.55,1.6,-3.98,-0.07,-1,1351643,2165938
KABO,2018-07-11,1.73,1.73,1.62,1.67,-1.68,-0.03,-1,1951734,3259471.5
KABO,2018-07-10,1.75,1.75,1.62,1.7,4.68,0.08,-1,1496522,2550554.5
KABO,2018-07-09,1.67,1.67,1.48,1.62,-1.16,-0.02,-1,251185,406906
KABO,2018-07-08,1.74,1.74,1.62,1.64,-3.35,-0.06,-1,378906,624002
KABO,2018-07-05,1.75,1.75,1.64,1.7,-1.1,-0.02,-1,535756,911806.63
KABO,2018-07-04,1.77,1.77,1.65,1.72,1.69,0.03,-1,1386260,2380687.25
KABO,2018-07-03,1.76,1.76,1.61,1.69,5.33,0.09,-1,3175836,5369632.5
KABO,2018-07-02,1.64,1.64,1.49,1.6,6.29,0.09,-1,2355582,3776620
KABO,2018-06-28,1.53,1.53,1.48,1.51,-1.24,-0.02,-1,362490,547806.63
KABO,2018-06-27,1.55,1.55,1.47,1.53,-1.23,-0.02,-1,180437,275696.19
KABO,2018-06-26,1.57,1.57,1.53,1.55,-1.21,-0.02,-1,68131,105159.5
KABO,2018-06-25,1.64,1.64,1.53,1.57,-4.07,-0.06,-1,469109,736463.25
KABO,2018-06-24,1.66,1.66,1.61,1.63,-0.58,-0.01,-1,316752,516895.31
KABO,2018-06-21,1.66,1.66,1.62,1.64,1.76,0.03,-1,350225,575093.5
KABO,2018-06-20,1.66,1.66,1.59,1.61,-0.58,-0.01,-1,107438,173683.81
KABO,2018-06-19,1.7,1.7,1.55,1.62,-3.93,-0.07,-1,423281,686650.75
KABO,2018-06-14,1.71,1.71,1.68,1.69,-1.11,-0.02,-1,72801,123344.31
KABO,2018-06-13,1.72,1.72,1.69,1.71,2.27,0.04,-1,214186,365893.41
KABO,2018-06-12,1.7,1.7,1.66,1.67,-1.13,-0.01,-1,65814,110275
KABO,2018-06-11,1.7,1.7,1.66,1.68,-0.56,-0.02,-1,26115,43928
KABO,2018-06-10,1.71,1.71,1.69,1.7,4.07,0.07,-1,46339,78598.95
KABO,2018-06-07,1.71,1.71,1.55,1.63,-1.15,-0.02,-1,199898,326150.47
KABO,2018-06-06,1.75,1.75,1.56,1.65,-3.87,-0.07,-1,265838,439130.84
KABO,2018-06-05,1.75,1.75,1.71,1.72,-5.24,-0.09,-1,185755,318893.5
KABO,2018-06-04,1.85,1.85,1.73,1.81,-2.55,-0.05,-1,68342,123865.4
KABO,2018-06-03,1.89,1.89,1.84,1.86,1.55,0.03,-1,193756,360037.03
KABO,2018-05-31,1.87,1.87,1.8,1.83,-2.53,-0.05,-1,460113,844170.19
KABO,2018-05-30,1.9,1.9,1.8,1.88,-1,-0.02,-1,30517,57326.6
KABO,2018-05-29,1.92,1.92,1.87,1.9,-1.48,-0.03,-1,327991,622659
KABO,2018-05-28,1.97,1.97,1.91,1.93,2.02,0.05,-1,269624,519233.38
KABO,2018-05-27,1.9,1.9,1.87,1.88,-1.01,-0.01,-1,40542,76408
KABO,2018-05-24,1.9,1.9,1.87,1.89,0,0,-1,169951,320977.25
KABO,2018-05-23,1.9,1.9,1.87,1.89,-0.5,-0.01,-1,144166,271849.28
KABO,2018-05-22,1.91,1.91,1.87,1.9,0.5,0.01,-1,101386,192191.77
KABO,2018-05-21,1.92,1.92,1.87,1.89,2.05,0.04,-1,194583,367762.47
KABO,2018-05-20,1.87,1.87,1.83,1.85,-2.01,-0.04,-1,188492,349382
KABO,2018-05-17,1.89,1.89,1.85,1.89,0,0,-1,7392,13714
KABO,2018-05-16,1.92,1.92,1.85,1.89,0,0,-1,211919,400279.69
KABO,2018-05-15,1.94,1.94,1.87,1.89,0.51,0.01,-1,150310,283843.75
KABO,2018-05-14,1.91,1.91,1.83,1.88,-1.98,-0.04,-1,338649,635973.63
KABO,2018-05-13,1.98,1.98,1.9,1.92,1,0.02,-1,158124,303099.31
KABO,2018-05-10,1.94,1.94,1.86,1.9,-1.48,-0.03,-1,224780,427190.78
KABO,2018-05-09,1.96,1.96,1.9,1.93,-1.93,-0.04,-1,408345,786325.81
KABO,2018-05-08,1.99,1.99,1.95,1.97,0.98,0.02,-1,329273,648762.75
KABO,2018-05-07,1.98,1.98,1.93,1.95,-0.49,-0.01,-1,175215,341374.47
KABO,2018-05-06,2.01,2.01,1.94,1.96,-1.44,-0.02,-1,874294,1712558.5
KABO,2018-05-03,2.01,2.01,1.96,1.98,0.48,0,-1,731758,1453543.5
KABO,2018-05-02,2.01,2.01,1.78,1.98,0.48,0.01,-1,602463,1189571
KABO,2018-04-30,2,2,1.81,1.97,-1.9,-0.03,-1,756198,1488117
KABO,2018-04-29,2.04,2.04,1.97,2,1.44,0.02,-1,1163030,2326424.75
KABO,2018-04-26,1.99,1.99,1.97,1.98,0,0,-1,206652,408408.63
KABO,2018-04-24,2,2,1.97,1.98,-1.42,-0.02,-1,336670,663603.56
KABO,2018-04-23,2.03,2.03,1.98,2,0.48,0.01,-1,1255065,2510827
KABO,2018-04-22,2.02,2.02,1.98,1.99,0,0,-1,991912,1980589.13
KABO,2018-04-19,2.02,2.02,1.97,1.99,-0.47,-0.01,-1,640879,1275329.88
KABO,2018-04-18,2.02,2.02,1.97,2,-0.94,-0.02,-1,898039,1797873.88
KABO,2018-04-17,2.07,2.07,1.98,2.02,0,0,-1,1686179,3402854.75
KABO,2018-04-16,2.06,2.06,1.99,2.02,0.47,0.01,-1,516764,1045258.94
KABO,2018-04-15,2.04,2.04,1.99,2.01,-1.4,-0.02,-1,816992,1647075.75
KABO,2018-04-12,2.08,2.08,1.99,2.03,-1.83,-0.04,-1,430411,875554.5
KABO,2018-04-11,2.11,2.11,2.05,2.07,-0.91,-0.02,-1,513214,1064016.88
KABO,2018-04-10,2.14,2.14,2.08,2.09,0.46,0.01,-1,899586,1880711.63
KABO,2018-04-05,2.14,2.14,2.05,2.08,-0.45,-0.01,-1,1182331,2455397
KABO,2018-04-04,2.17,2.17,2.03,2.09,-3.93,-0.08,-1,2252065,4698974.5
KABO,2018-04-03,2.22,2.22,2.11,2.17,-0.87,-0.02,-1,2617979,5690819
KABO,2018-04-02,2.23,2.23,2.17,2.19,-0.86,-0.02,-1,3048240,6683759
KABO,2018-04-01,2.24,2.24,2.13,2.21,7.37,0.15,-1,4037282,8914073
KABO,2018-03-29,2.14,2.14,2.02,2.06,-3.56,-0.08,-1,4841153,9983708
KABO,2018-03-28,2.18,2.18,2.07,2.14,0.9,0.02,-1,2751651,5880722.5
KABO,2018-03-27,2.17,2.17,2.07,2.12,2.29,0.05,-1,4011350,8500132
KABO,2018-03-26,2.12,2.12,2.02,2.07,2.83,0.06,-1,2079425,4310955.5
KABO,2018-03-25,2.03,2.03,1.99,2.01,-1.4,-0.03,-1,736008,1478702.25
KABO,2018-03-22,2.11,2.11,2,2.04,-2.71,-0.06,-1,1671569,3408718
KABO,2018-03-21,2.14,2.14,2.06,2.1,2.79,0.06,-1,2402274,5039426.5
KABO,2018-03-20,2.09,2.09,1.99,2.04,-3.15,-0.07,-1,2882886,5891800.5
KABO,2018-03-19,2.24,2.24,2.05,2.11,-7.11,-0.16,-1,3353698,7059328.5
KABO,2018-03-18,2.34,2.34,2.18,2.27,0,0,-1,2463828,5587333
KABO,2018-03-15,2.33,2.33,2.21,2.27,3.46,0.08,-1,2782167,6321755.5
KABO,2018-03-14,2.26,2.26,2.13,2.19,1.76,0.03,-1,6534890,14338679
KABO,2018-03-13,2.23,2.23,2.04,2.16,3.65,0.08,-1,8401512,18138490
KABO,2018-03-12,2.13,2.13,2.03,2.08,-1.82,-0.01,-1,2205804,4583540.5
KABO,2018-03-11,2.13,2.13,2,2.09,3.77,0.08,-1,3404109,7104257.5
KABO,2018-03-08,2.05,2.05,1.96,2.01,2.91,0.05,-1,3687308,7413447
KABO,2018-03-07,2.06,2.06,1.9,1.96,-4.63,-0.09,-1,7953934,15577266
KABO,2018-03-06,2.13,2.13,2.03,2.05,-1.82,-0.04,-1,2270178,4667409
KABO,2018-03-05,2.14,2.14,2.04,2.09,-0.45,-0.01,-1,1852584,3875273
KABO,2018-03-04,2.17,2.17,2.05,2.1,0,0,-1,870128,1829389.5
KABO,2018-03-01,2.16,2.16,2.08,2.1,-1.33,-0.05,-1,960230,2013358.63
KABO,2018-02-28,2.21,2.21,2.09,2.15,-2.59,-0.05,-1,1818542,3905184.25
KABO,2018-02-27,2.23,2.23,2.14,2.2,5,0.11,-1,2590916,5716701.5
KABO,2018-02-26,2.13,2.13,2.07,2.09,0.46,0.01,-1,777231,1622200
KABO,2018-02-25,2.1,2.1,2.03,2.08,1.86,0.04,-1,1147394,2382066.75
KABO,2018-02-22,2.12,2.12,2.01,2.04,-1.83,-0.04,-1,1053495,2154135.75
KABO,2018-02-21,2.17,2.17,2.04,2.08,0,0,-1,956629,1992296.63
KABO,2018-02-20,2.17,2.17,1.97,2.08,4.78,0.1,-1,3721851,7726748
KABO,2018-02-19,2,2,1.88,1.98,5.53,0.09,-1,2809038,5565849
KABO,2018-02-18,1.91,1.91,1.87,1.89,1.53,0.03,-1,1029809,1948723.88
KABO,2018-02-15,1.91,1.91,1.83,1.86,-0.51,-0.01,-1,1011368,1886979.13
KABO,2018-02-14,1.93,1.93,1.83,1.87,-1.01,-0.02,-1,1361777,2542442.5
KABO,2018-02-13,1.93,1.93,1.84,1.89,1.53,0.03,-1,3024335,5712490
KABO,2018-02-12,1.88,1.88,1.83,1.86,0,0,-1,961339,1787022.63
KABO,2018-02-11,1.91,1.91,1.82,1.86,0.51,0.01,-1,2050871,3809643.75
KABO,2018-02-08,1.91,1.91,1.83,1.85,-2.03,-0.02,-1,1749385,3237864.75
KABO,2018-02-07,1.95,1.95,1.8,1.87,2.6,0.05,-1,3720034,6974905.5
KABO,2018-02-06,1.9,1.9,1.71,1.82,5.49,0.09,-1,5184559,9449379
KABO,2018-02-05,1.78,1.78,1.6,1.73,7.06,0.12,-1,3971070,6854919
KABO,2018-02-04,1.64,1.64,1.6,1.61,-1.16,-0.02,-1,417016,673837.63
KABO,2018-02-01,1.66,1.66,1.61,1.63,1.18,0.02,-1,600238,981638.88
KABO,2018-01-31,1.64,1.64,1.58,1.61,-1.16,-0.02,-1,1314415,2121418.5
KABO,2018-01-30,1.67,1.67,1.6,1.63,-1.71,-0.03,-1,1326476,2160512.25
KABO,2018-01-29,1.68,1.68,1.63,1.66,0.57,0.01,-1,1343758,2226827.25
KABO,2018-01-28,1.69,1.69,1.64,1.65,0.58,0.02,-1,2218988,3671731.25
KABO,2018-01-24,1.71,1.71,1.61,1.63,-3.91,-0.07,-1,1922678,3143204
KABO,2018-01-23,1.72,1.72,1.67,1.7,1.7,0.03,-1,3546865,6015299.5
KABO,2018-01-22,1.73,1.73,1.62,1.67,-2.22,-0.04,-1,2622300,4387892.5
KABO,2018-01-21,1.78,1.78,1.68,1.71,0,0.01,-1,2163900,3704227.5
KABO,2018-01-18,1.76,1.76,1.61,1.7,4.07,0.07,-1,7466616,12673139
KABO,2018-01-17,1.68,1.68,1.6,1.63,-0.58,-0.01,-1,2063510,3369601
KABO,2018-01-16,1.69,1.69,1.59,1.64,5.49,0.08,-1,6958059,11457398
KABO,2018-01-15,1.6,1.6,1.46,1.56,9.74,0.1,-1,8345244,12995714
KABO,2018-01-14,1.48,1.48,1.43,1.46,1.32,0.02,-1,3206122,4679413.5
KABO,2018-01-11,1.48,1.48,1.41,1.44,-0.65,-0.01,-1,1976206,2846132.5
KABO,2018-01-10,1.49,1.49,1.39,1.45,6.16,0.06,-1,4528542,6594759.5
KABO,2018-01-09,1.42,1.42,1.33,1.39,5.04,0.07,-1,2876504,3994793.25
KABO,2018-01-08,1.36,1.36,1.3,1.32,-0.71,-0.01,-1,805005,1064245.5
KABO,2018-01-04,1.35,1.35,1.31,1.33,0,0,-1,999978,1329951.38
KABO,2018-01-03,1.35,1.35,1.32,1.33,1.45,0.02,-1,1000245,1329587.13
KABO,2018-01-02,1.33,1.33,1.28,1.31,2.99,0.04,-1,664922,873143.63
KABO,2017-12-31,1.3,1.3,1.23,1.27,-1.47,-0.02,-1,917059,1162907.63
KABO,2017-12-28,1.32,1.32,1.27,1.29,-0.73,-0.01,-1,1240973,1604987.5
KABO,2017-12-27,1.33,1.33,1.28,1.3,-1.44,-0.02,-1,263230,341495.84
KABO,2017-12-26,1.35,1.35,1.3,1.32,-2.11,-0.03,-1,426978,562929.81
KABO,2017-12-25,1.37,1.37,1.33,1.35,-0.7,-0.01,-1,452512,610433.88
KABO,2017-12-24,1.39,1.39,1.34,1.36,0.71,0,-1,515953,702986.44
KABO,2017-12-21,1.36,1.36,1.29,1.33,-2.78,-0.04,-1,1586096,2101575.5
KABO,2017-12-20,1.41,1.41,1.32,1.37,-2.7,-0.04,-1,874752,1194382.63
KABO,2017-12-19,1.42,1.42,1.37,1.41,-0.67,0,-1,1036066,1459490.5
KABO,2017-12-18,1.48,1.48,1.4,1.41,-1.32,-0.02,-1,2509025,3561050.25
KABO,2017-12-17,1.46,1.46,1.4,1.43,0.67,0.01,-1,2156917,3082815.5
KABO,2017-12-14,1.46,1.46,1.4,1.42,-1.32,-0.02,-1,1143278,1632536.63
KABO,2017-12-13,1.47,1.47,1.43,1.44,-1.3,-0.02,-1,550324,795914.56
KABO,2017-12-12,1.5,1.5,1.42,1.46,1.99,0.03,-1,1324591,1939401.88
KABO,2017-12-11,1.48,1.48,1.41,1.43,1.35,0.02,-1,1732045,2487102
KABO,2017-12-10,1.44,1.44,1.4,1.41,0,0,-1,402083,566468.88
KABO,2017-12-07,1.45,1.45,1.36,1.41,-1.99,-0.02,-1,1439227,2018947
KABO,2017-12-06,1.46,1.46,1.41,1.43,-1.31,-0.02,-1,1102790,1576761.5
KABO,2017-12-05,1.48,1.48,1.43,1.45,0.66,0.01,-1,1336742,1942304.25
KABO,2017-12-04,1.48,1.48,1.42,1.44,-5.59,-0.09,-1,4689338,6782653.5
KABO,2017-12-03,1.63,1.63,1.44,1.53,-0.62,-0.01,-1,3322742,5086242.5
KABO,2017-11-29,1.59,1.59,1.47,1.54,6.58,0.1,-1,6125929,9430820
KABO,2017-11-28,1.49,1.49,1.38,1.44,4.11,0.05,-1,4400365,6342481.5
KABO,2017-11-27,1.43,1.43,1.35,1.39,5.04,0.07,-1,5116222,7114412
KABO,2017-11-26,1.36,1.36,1.22,1.32,6.92,0.09,-1,5328354,7044340
KABO,2017-11-23,1.3,1.3,1.21,1.23,-3.7,-0.05,-1,1924524,2381363.25
KABO,2017-11-22,1.32,1.32,1.24,1.28,-2.17,-0.03,-1,1620382,2078482.75
KABO,2017-11-21,1.32,1.32,1.23,1.31,8.66,0.1,-1,6152646,8044065
KABO,2017-11-20,1.23,1.23,1.1,1.21,6.72,0.08,-1,7593983,9142308
KABO,2017-11-19,1.19,1.19,1.09,1.13,-0.83,-0.01,-1,3106085,3522217.5
KABO,2017-11-16,1.19,1.19,1.1,1.14,1.69,0.02,-1,3298888,3770268
KABO,2017-11-15,1.18,1.18,1.08,1.12,-3.28,-0.04,-1,1867575,2086122.75
KABO,2017-11-14,1.18,1.18,1.14,1.16,0.83,0.01,-1,534290,617209.81
KABO,2017-11-13,1.22,1.22,1.13,1.15,-5.47,-0.07,-1,936746,1074322.88
KABO,2017-11-12,1.26,1.26,1.17,1.22,-2.29,-0.02,-1,902326,1092733.25
KABO,2017-11-09,1.31,1.31,1.22,1.24,0,0,-1,761114,946759.69
KABO,2017-11-08,1.28,1.28,1.17,1.24,5.69,0.07,-1,1260406,1573387.75
KABO,2017-11-07,1.21,1.21,1.14,1.17,-1.6,-0.02,-1,432907,504973.19
KABO,2017-11-06,1.23,1.23,1.14,1.19,-3.1,-0.04,-1,854554,1018372.69
KABO,2017-11-05,1.24,1.24,1.21,1.23,-0.77,0,-1,428644,525222.06
KABO,2017-11-02,1.26,1.26,1.23,1.23,0,0,-1,441465,546069
KABO,2017-11-01,1.28,1.28,1.21,1.23,-3.7,-0.05,-1,1254764,1549559.63
KABO,2017-10-31,1.32,1.32,1.27,1.28,-1.47,-0.01,-1,783279,1007095.25
KABO,2017-10-30,1.36,1.36,1.27,1.29,-3.55,-0.05,-1,1949630,2526384.25
KABO,2017-10-29,1.37,1.37,1.31,1.34,0,0,-1,1004975,1341235.63
KABO,2017-10-26,1.4,1.4,1.31,1.34,1.44,0.02,-1,1409701,1893368.88
KABO,2017-10-25,1.35,1.35,1.25,1.32,3.73,0.05,-1,1222432,1613690.25
KABO,2017-10-24,1.3,1.3,1.23,1.27,0.75,0.01,-1,886641,1125967.13
KABO,2017-10-23,1.31,1.31,1.23,1.26,0,0,-1,431598,543492.44
KABO,2017-10-22,1.31,1.31,1.2,1.26,-2.21,-0.03,-1,1004114,1269445
KABO,2017-10-19,1.37,1.37,1.28,1.29,-8.72,-0.12,-1,2094718,2697484.25
KABO,2017-10-18,1.44,1.44,1.31,1.41,7.19,0.09,-1,5695975,8036150.5
KABO,2017-10-17,1.32,1.32,1.28,1.32,9.45,0.11,-1,6972635,9191287
KABO,2017-10-16,1.22,1.22,1.14,1.21,8.55,0.1,-1,8176509,9835818
KABO,2017-10-15,1.13,1.13,1.04,1.11,7.34,0.07,-1,4506684,5007646
KABO,2017-10-12,1.07,1.07,0.99,1.04,0.93,0.01,-1,1734070,1801163.63
KABO,2017-10-11,1.04,1.04,0.98,1.03,-1.89,0.02,-1,1546894,1580538.75
KABO,2017-10-10,1.03,1.03,0.99,1.01,0,0.01,-1,940618,950924.19
KABO,2017-10-09,1.03,1.03,0.96,1,2.94,0.03,-1,3136327,3131303.75
KABO,2017-10-08,1,1,0.92,0.97,6.25,0.06,-1,3850953,3739839
KABO,2017-10-04,0.92,0.92,0.9,0.91,0,0.01,-1,344441,312885.25
KABO,2017-10-03,0.91,0.91,0.88,0.9,-1.04,-0.01,-1,309702,277988.88
KABO,2017-10-02,0.94,0.94,0.89,0.91,-3.06,-0.02,-1,367434,333905.94
KABO,2017-10-01,0.95,0.95,0.92,0.93,1.03,0.01,-1,280162,261946.94
KABO,2017-09-28,0.93,0.93,0.91,0.92,-1.03,0,-1,447046,411747.38
KABO,2017-09-27,0.93,0.93,0.91,0.92,-2.02,-0.02,-1,324618,299523.91
KABO,2017-09-26,0.96,0.96,0.92,0.94,-1,-0.01,-1,834177,782226.88
KABO,2017-09-25,0.97,0.97,0.93,0.95,2.04,0.02,-1,2331176,2207014.75
KABO,2017-09-24,0.95,0.95,0.88,0.93,4.26,0.04,-1,2117699,1969249.63
KABO,2017-09-20,0.9,0.9,0.88,0.89,0,0,-1,206905,184560.25
KABO,2017-09-19,0.9,0.9,0.88,0.89,0,0,-1,423962,378587.28
KABO,2017-09-18,0.91,0.91,0.88,0.89,-1.05,-0.01,-1,414852,372244.84
KABO,2017-09-17,0.91,0.91,0.88,0.9,3.26,0.03,-1,772518,693375.25
KABO,2017-09-14,0.88,0.88,0.86,0.87,1.1,0.01,-1,231072,201871.77
KABO,2017-09-13,0.88,0.88,0.86,0.86,0,0,-1,41416,35878.6
KABO,2017-09-12,0.87,0.87,0.85,0.86,0,0,-1,177193,152698.91
KABO,2017-09-11,0.86,0.86,0.85,0.86,0,0,-1,211859,182539.91
KABO,2017-09-10,0.87,0.87,0.85,0.86,1.11,0.01,-1,251221,217971.25
KABO,2017-09-07,0.85,0.85,0.85,0.85,2.27,0.01,-1,149835,127919.31
KABO,2017-09-06,0.85,0.85,0.83,0.84,0,0,-1,205259,172435.2
KABO,2017-09-05,0.85,0.85,0.84,0.84,-1.12,-0.01,-1,20213,16910.82
KABO,2017-08-30,0.85,0.85,0.84,0.85,0,0,-1,57949,48979.94
KABO,2017-08-29,0.85,0.85,0.84,0.85,1.14,0.01,-1,24725,20872.4
KABO,2017-08-28,0.85,0.85,0.83,0.84,0,0,-1,87022,73063.95
KABO,2017-08-27,0.84,0.84,0.83,0.84,1.15,0.01,-1,60381,50439.8
KABO,2017-08-24,0.84,0.84,0.82,0.83,-2.25,-0.02,-1,155659,128886.04
KABO,2017-08-23,0.85,0.85,0.84,0.85,-1.11,0,-1,105704,89239.28
KABO,2017-08-22,0.86,0.86,0.85,0.85,0,0,-1,177913,152352.7
KABO,2017-08-21,0.85,0.85,0.85,0.85,1.12,0,-1,63626,54361.23
KABO,2017-08-20,0.85,0.85,0.85,0.85,-1.11,0,-1,15336,13000.06
KABO,2017-08-17,0.85,0.85,0.85,0.85,1.12,0,-1,125406,106731.5
KABO,2017-08-16,0.85,0.85,0.85,0.85,0,0,-1,63275,53628.32
KABO,2017-08-15,0.85,0.85,0.85,0.85,-1.11,0,-1,268853,228286.91
KABO,2017-08-14,0.85,0.85,0.85,0.85,0,0,-1,138103,117833.45
KABO,2017-08-13,0.87,0.87,0.85,0.85,-1.1,-0.01,-1,265932,228208.7
KABO,2017-08-10,0.87,0.87,0.86,0.86,-3.19,-0.03,-1,43280,37588.26
KABO,2017-08-09,0.89,0.89,0.88,0.89,1.08,0.01,-1,537575,478350.75
KABO,2017-08-08,0.89,0.89,0.87,0.88,1.09,0.01,-1,109547,96273.04
KABO,2017-08-07,0.88,0.88,0.86,0.87,0,0,-1,787972,690234.44
KABO,2017-08-06,0.88,0.88,0.86,0.87,1.1,0.01,-1,85453,74529.5
KABO,2017-08-03,0.87,0.87,0.85,0.86,2.25,0.01,-1,208931,179753.53
KABO,2017-08-02,0.85,0.85,0.85,0.85,0,0,-1,35146,29744.64
KABO,2017-08-01,0.86,0.86,0.85,0.85,-1.11,0,-1,115644,98288.5
KABO,2017-07-31,0.86,0.86,0.85,0.85,0,0,-1,57339,49075.9
KABO,2017-07-30,0.86,0.86,0.85,0.85,-1.1,-0.01,-1,39331,33665
KABO,2017-07-27,0.86,0.86,0.85,0.86,0,0,-1,116898,100689.9
KABO,2017-07-26,0.86,0.86,0.85,0.86,0,0,-1,221505,191179.5
KABO,2017-07-25,0.86,0.86,0.86,0.86,-1.09,-0.01,-1,61960,53544.4
KABO,2017-07-24,0.87,0.87,0.86,0.87,1.1,0.01,-1,24220,21090
KABO,2017-07-20,0.86,0.86,0.85,0.86,0,0,-1,256939,221931
KABO,2017-07-19,0.87,0.87,0.85,0.86,-2.15,-0.02,-1,210739,181685.91
KABO,2017-07-18,0.89,0.89,0.87,0.88,-1.06,-0.01,-1,232552,204783.91
KABO,2017-07-17,0.9,0.9,0.86,0.89,1.08,0.01,-1,661953,591743.88
KABO,2017-07-16,0.89,0.89,0.86,0.88,1.09,0.01,-1,66973,58986.36
KABO,2017-07-13,0.87,0.87,0.86,0.87,-2.13,-0.02,-1,46403,40336
KABO,2017-07-12,0.9,0.9,0.87,0.89,0,0,-1,162999,144731.59
KABO,2017-07-11,0.91,0.91,0.86,0.89,4.44,0.04,-1,583290,519099.06
KABO,2017-07-10,0.86,0.86,0.85,0.85,0,0,-1,58423,49933.4
KABO,2017-07-09,0.85,0.85,0.85,0.85,-2.2,-0.01,-1,148535,126569.06
KABO,2017-07-06,0.87,0.87,0.86,0.86,0,0,-1,36804,31939.77
KABO,2017-07-05,0.88,0.88,0.85,0.86,1.11,0.01,-1,285848,247850.53
KABO,2017-07-04,0.86,0.86,0.85,0.85,0,0,-1,85759,73393
KABO,2017-07-03,0.86,0.86,0.85,0.85,0,-0.01,-1,48359,41344.54
KABO,2017-07-02,0.86,0.86,0.85,0.86,2.25,0.01,-1,43644,37674.86
KABO,2017-06-28,0.85,0.85,0.84,0.85,-1.11,0,-1,98300,82914.63
KABO,2017-06-22,0.87,0.87,0.85,0.85,2.22,0,-1,16704,14296.7
KABO,2017-06-21,0.86,0.86,0.85,0.85,-1.1,-0.01,-1,25167,21540
KABO,2017-06-20,0.86,0.86,0.85,0.86,-1.09,-0.01,-1,28467,24555.87
KABO,2017-06-19,0.88,0.88,0.85,0.87,0,0,-1,153708,133949.8
KABO,2017-06-18,0.88,0.88,0.86,0.87,1.1,0.01,-1,31307,27254.63
KABO,2017-06-15,0.87,0.87,0.85,0.86,1.1,0,-1,31644,27430.1
KABO,2017-06-14,0.86,0.86,0.86,0.86,-1.09,-0.01,-1,53705,46410
KABO,2017-06-13,0.86,0.86,0.86,0.87,0,0,-1,5265,4550
KABO,2017-06-12,0.88,0.88,0.86,0.87,-2.15,-0.01,-1,55234,48223.14
KABO,2017-06-11,0.88,0.88,0.87,0.88,0,0.01,-1,71013,62538.23
KABO,2017-06-08,0.89,0.89,0.86,0.87,3.3,0.01,-1,96005,83917.17
KABO,2017-06-07,0.89,0.89,0.86,0.86,-1.09,-0.01,-1,57823,50236.71
KABO,2017-06-06,0.88,0.88,0.86,0.87,-1.09,0,-1,61060,53516.35
KABO,2017-06-05,0.89,0.89,0.86,0.87,-2.13,-0.02,-1,59854,52338.38
KABO,2017-06-04,0.89,0.89,0.88,0.89,2.2,0.03,-1,223953,198984.77
KABO,2017-06-01,0.88,0.88,0.86,0.86,1.11,0.01,-1,64130,55519
KABO,2017-05-31,0.86,0.86,0.85,0.85,-1.1,-0.01,-1,103277,88318.4
KABO,2017-05-30,0.86,0.86,0.85,0.86,0,0.01,-1,39154,33713.62
KABO,2017-05-29,0.86,0.86,0.85,0.85,-2.2,-0.01,-1,35645,30483.13
KABO,2017-05-28,0.87,0.87,0.85,0.86,-1.1,0,-1,23351,20197.5
KABO,2017-05-25,0.87,0.87,0.85,0.86,-1.1,0,-1,78090,67550.3
KABO,2017-05-24,0.87,0.87,0.85,0.86,1.12,0.01,-1,183315,158390
KABO,2017-05-23,0.86,0.86,0.85,0.85,-2.2,-0.01,-1,43767,37188.7
KABO,2017-05-22,0.89,0.89,0.84,0.86,-4.21,-0.04,-1,277088,238345.97
KABO,2017-05-21,0.9,0.9,0.88,0.9,0,0,-1,502173,451576.13
KABO,2017-05-18,0.92,0.92,0.87,0.9,2.15,0.02,-1,900713,815510.56
KABO,2017-05-17,0.88,0.88,0.87,0.88,0,0,-1,145023,128059.6
KABO,2017-05-16,0.89,0.89,0.87,0.88,0,0,-1,95659,84418.64
KABO,2017-05-15,0.89,0.89,0.87,0.88,1.09,0.01,-1,125480,111310.12
KABO,2017-05-14,0.88,0.88,0.87,0.87,0,0,-1,47123,41285
KABO,2017-05-11,0.88,0.88,0.85,0.87,-1.08,-0.01,-1,135909,118541.74
KABO,2017-05-10,0.9,0.9,0.87,0.88,0,0,-1,169427,149644.2
KABO,2017-05-09,0.9,0.9,0.87,0.88,0,0,-1,314112,278493.5
KABO,2017-05-08,0.89,0.89,0.87,0.88,1.09,0.01,-1,94713,83857.29
KABO,2017-05-07,0.88,0.88,0.86,0.87,-1.08,-0.01,-1,194823,169372.86
KABO,2017-05-04,0.88,0.88,0.87,0.88,2.2,0.02,-1,74473,65543.16
KABO,2017-05-03,0.88,0.88,0.86,0.86,-2.15,-0.02,-1,241657,209613.17
KABO,2017-05-02,0.89,0.89,0.87,0.88,1.09,0.01,-1,143381,126768.19
KABO,2017-04-30,0.88,0.88,0.86,0.87,0,0,-1,25785,22472.69
KABO,2017-04-27,0.89,0.89,0.85,0.87,-2.13,-0.02,-1,657558,576365.19
KABO,2017-04-26,0.89,0.89,0.88,0.89,1.08,0.01,-1,87071,77694.84
KABO,2017-04-24,0.89,0.89,0.86,0.88,0,0,-1,83948,74131.6
KABO,2017-04-23,0.89,0.89,0.87,0.88,-2.11,-0.02,-1,366195,322068.41
KABO,2017-04-20,0.91,0.91,0.89,0.9,0,0,-1,192787,173772.83
KABO,2017-04-19,0.92,0.92,0.9,0.9,-2.06,-0.02,-1,76081,68738.5
KABO,2017-04-18,0.93,0.93,0.9,0.92,1.04,0.01,-1,469704,430679.59
KABO,2017-04-13,0.92,0.92,0.9,0.91,-1.03,-0.01,-1,136075,123555.46
KABO,2017-04-12,0.92,0.92,0.91,0.92,0,0,-1,195256,179549.33
KABO,2017-04-11,0.93,0.93,0.91,0.92,1.04,0.01,-1,182034,167760.11
KABO,2017-04-10,0.92,0.92,0.9,0.91,-2.04,-0.02,-1,147243,134261.28
KABO,2017-04-09,0.94,0.94,0.92,0.93,-1.01,-0.01,-1,147649,137045.53
KABO,2017-04-06,0.95,0.95,0.93,0.94,-1,-0.01,-1,653675,615143.31
KABO,2017-04-05,0.95,0.95,0.94,0.95,0,0,-1,477439,451810
KABO,2017-04-04,0.97,0.97,0.95,0.95,-0.99,-0.01,-1,560417,533419.25
KABO,2017-04-03,0.97,0.97,0.95,0.96,0,0,-1,301008,290023
KABO,2017-04-02,0.97,0.97,0.95,0.96,-0.98,-0.01,-1,396423,381650
KABO,2017-03-30,0.98,0.98,0.95,0.97,-0.97,-0.01,-1,640479,617594.88
KABO,2017-03-29,1,1,0.97,0.98,-1.9,-0.02,-1,686881,673716.81
KABO,2017-03-28,1.02,1.02,0.96,1,3.96,0.04,-1,2092202,2077697.13
KABO,2017-03-27,0.99,0.99,0.93,0.97,2,0.02,-1,1195426,1149824.25
KABO,2017-03-26,0.95,0.95,0.94,0.95,2.04,0.02,-1,594196,560192
KABO,2017-03-23,0.94,0.94,0.93,0.93,1.03,0.01,-1,169115,156994.69
KABO,2017-03-22,0.92,0.92,0.92,0.92,-1.02,-0.01,-1,159039,146014.09
KABO,2017-03-21,0.94,0.94,0.92,0.93,1.03,0.01,-1,194771,180539.39
KABO,2017-03-20,0.93,0.93,0.91,0.92,1.04,0.01,-1,125376,114561.28
KABO,2017-03-19,0.92,0.92,0.91,0.91,-1.03,-0.01,-1,86780,79175.02
KABO,2017-03-16,0.92,0.92,0.92,0.92,-1.02,-0.01,-1,130876,120157.78
KABO,2017-03-15,0.94,0.94,0.91,0.93,2.08,0.02,-1,165610,153016.53
KABO,2017-03-14,0.92,0.92,0.9,0.91,-2.04,-0.02,-1,93447,85039.02
KABO,2017-03-13,0.95,0.95,0.92,0.93,-1.01,-0.01,-1,175004,162027.45
KABO,2017-03-12,0.95,0.95,0.92,0.94,-1,-0.01,-1,216217,201651.59
KABO,2017-03-09,0.97,0.97,0.93,0.95,1.01,0.01,-1,656416,621551.38
KABO,2017-03-08,0.95,0.95,0.92,0.94,-1,-0.01,-1,435358,406333.69
KABO,2017-03-07,0.95,0.95,0.93,0.95,0,0,-1,175855,165622.33
KABO,2017-03-06,0.96,0.96,0.93,0.95,1.01,0.01,-1,272958,257266.89
KABO,2017-03-05,0.95,0.95,0.93,0.94,0,0,-1,277342,258933.69
KABO,2017-03-02,0.95,0.95,0.92,0.94,2.06,0.02,-1,390491,366077.38
KABO,2017-03-01,0.94,0.94,0.9,0.92,1.04,0.01,-1,203977,186543.06
KABO,2017-02-28,0.92,0.92,0.9,0.91,-1.03,-0.01,-1,181366,164341.78
KABO,2017-02-27,0.95,0.95,0.89,0.92,-1.02,-0.01,-1,153302,141178.14
KABO,2017-02-26,0.95,0.95,0.93,0.93,-1.01,-0.01,-1,89953,83708.5
KABO,2017-02-23,0.96,0.96,0.93,0.94,-1,-0.01,-1,322150,300745.41
KABO,2017-02-22,0.97,0.97,0.93,0.95,-2.91,-0.03,-1,607606,573331.69
KABO,2017-02-21,1,1,0.97,0.98,0,0,-1,528373,516306.06
KABO,2017-02-20,1,1,0.94,0.98,0.98,0.01,-1,1270234,1233987
KABO,2017-02-19,1,1,0.94,0.97,3.03,0.03,-1,618126,594872.75
KABO,2017-02-16,0.96,0.96,0.93,0.94,3.13,0.03,-1,609899,574186.5
KABO,2017-02-15,0.92,0.92,0.9,0.91,-1.03,-0.01,-1,93915,85226.36
KABO,2017-02-14,0.95,0.95,0.9,0.92,0,0,-1,161940,148966.09
KABO,2017-02-13,0.92,0.92,0.91,0.92,-2.02,-0.02,-1,221546,202851.92
KABO,2017-02-12,0.95,0.95,0.92,0.94,0,0,-1,141870,132813.28
KABO,2017-02-09,0.95,0.95,0.93,0.94,-1.98,-0.02,-1,154980,145837.64
KABO,2017-02-08,0.98,0.98,0.95,0.96,0,0,-1,218595,209322.5
KABO,2017-02-07,0.97,0.97,0.95,0.96,3.06,0.03,-1,419965,401399
KABO,2017-02-06,0.95,0.95,0.92,0.93,-2,-0.02,-1,315080,293618.22
KABO,2017-02-05,0.97,0.97,0.94,0.95,-0.99,-0.01,-1,134826,127602.38
KABO,2017-02-02,0.97,0.97,0.95,0.96,1,0.01,-1,170629,162380
KABO,2017-02-01,0.98,0.98,0.92,0.95,0,0,-1,224430,211547.72
KABO,2017-01-31,0.95,0.95,0.93,0.95,-1.96,-0.02,-1,281771,265417.47
KABO,2017-01-30,1,1,0.95,0.97,-3.77,-0.04,-1,417985,402288.69
KABO,2017-01-29,1.02,1.02,0.98,1.01,1.92,0.02,-1,365383,365011.56
KABO,2017-01-26,1,1,0.97,0.99,0.97,0.01,-1,403911,398746.72
KABO,2017-01-24,1,1,0.95,0.98,0.98,0.01,-1,501944,489005.25
KABO,2017-01-23,1,1,0.95,0.97,0.99,0.01,-1,667126,644206
KABO,2017-01-22,0.99,0.99,0.94,0.96,-2.88,-0.03,-1,983337,938466.5
KABO,2017-01-19,1.04,1.04,0.96,0.99,-6.31,-0.06,-1,745302,736678
KABO,2017-01-18,1.08,1.08,1.01,1.05,0.91,0.01,-1,923199,971706.5
KABO,2017-01-17,1.05,1.05,1.04,1.04,-0.9,-0.01,-1,499275,520499.94
KABO,2017-01-16,1.06,1.06,1.04,1.05,0,0,-1,388821,408156.28
KABO,2017-01-15,1.08,1.08,1.04,1.05,-0.89,-0.01,-1,1825343,1919184.63
KABO,2017-01-12,1.07,1.07,1.03,1.06,2.75,0.02,-1,1177888,1246571.63
KABO,2017-01-11,1.04,1.04,1.03,1.04,-0.91,0,-1,144744,148814
KABO,2017-01-10,1.05,1.05,1.04,1.04,0.92,0,-1,966898,1006755.19
KABO,2017-01-09,1.06,1.06,1.03,1.04,-2.68,-0.02,-1,874520,904048
KABO,2017-01-08,1.1,1.1,1.04,1.06,2.75,0.02,-1,2555016,2708634.25
KABO,2017-01-05,1.1,1.1,1,1.04,2.83,0.03,-1,17111484,17582510
KABO,2017-01-04,1.03,1.03,0.99,1.01,0.95,0.01,-1,4083456,4082781.75
KABO,2017-01-03,1.02,1.02,0.99,1,0.96,0.01,-1,3042189,3033069.25
KABO,2017-01-02,1.01,1.01,0.98,0.99,0,0,-1,2776915,2740095.25
KABO,2016-12-29,1.02,1.02,0.96,0.99,-1.89,-0.02,-1,4052587,3977020.75
KABO,2016-12-28,1.03,1.03,0.98,1.01,-0.93,-0.01,-1,3816502,3830670.75
KABO,2016-12-27,1.05,1.05,1,1.02,-2.73,-0.02,-1,3496115,3549698
KABO,2016-12-26,1.07,1.07,1.01,1.04,1.85,0.01,-1,7023452,7338306.5
KABO,2016-12-25,1.07,1.07,1,1.03,-0.92,-0.01,-1,3422103,3504762.5
KABO,2016-12-22,1.05,1.05,1,1.04,0,0,-1,6607457,6795226
KABO,2016-12-21,1.05,1.05,1.01,1.04,1.87,0.02,-1,4658859,4786459.5
KABO,2016-12-20,1.04,1.04,0.99,1.02,0.94,0.01,-1,1502896,1516938.25
KABO,2016-12-19,1.04,1.04,0.97,1.01,1.92,0.02,-1,2187511,2203431.25
KABO,2016-12-18,1.02,1.02,0.97,0.99,0,0,-1,254229,250317.33
KABO,2016-12-15,1.01,1.01,0.98,0.99,-0.952381,-0.01,-1,1614178,1590913.38
KABO,2016-12-14,1.02,1.02,0.98,1,-1.87,-0.02,-1,969963,963834.69
KABO,2016-12-13,1.04,1.04,0.99,1.02,-0.93,-0.01,-1,1856754,1872141.38
KABO,2016-12-12,1.04,1.04,1,1.03,0,0,-1,2039837,2089302.75
KABO,2016-12-08,1.04,1.04,1.01,1.03,0,0,-1,606289,621545
KABO,2016-12-07,1.05,1.05,1,1.03,-2.7,-0.02,-1,1637820,1672215.25
KABO,2016-12-06,1.08,1.08,1.03,1.05,0,0,-1,1200198,1264163.63
KABO,2016-12-05,1.08,1.08,1.04,1.05,-3.48,-0.04,-1,1434211,1505479.5
KABO,2016-12-04,1.13,1.13,1.06,1.09,1.77,0.02,-1,3818778,4173541.25
KABO,2016-12-01,1.09,1.09,1.04,1.07,-2.59,-0.03,-1,1920980,2054667
KABO,2016-11-30,1.13,1.13,1.07,1.1,4.5,0.05,-1,3189140,3499005
KABO,2016-11-29,1.08,1.08,1.02,1.05,1.83,0.01,-1,2691767,2838733.5
KABO,2016-11-28,1.06,1.06,1.03,1.04,0,0,-1,907963,937059.94
KABO,2016-11-27,1.04,1.04,1.01,1.04,0.93,0.01,-1,991464,1023441.88
KABO,2016-11-24,1.05,1.05,1.02,1.03,-3.57,-0.03,-1,404969,414369.78
KABO,2016-11-23,1.08,1.08,1.04,1.06,0.9,0.01,-1,870163,921693
KABO,2016-11-22,1.07,1.07,1.03,1.05,-2.63,-0.03,-1,1052132,1104887.75
KABO,2016-11-21,1.11,1.11,1.04,1.08,-0.87,-0.01,-1,1329486,1432007.63
KABO,2016-11-20,1.13,1.13,1.02,1.09,2.678571,0.03,-1,1558568,1692724.75
KABO,2016-11-17,1.13,1.13,1.02,1.06,-4.27,-0.05,-1,2011267,2123890.25
KABO,2016-11-16,1.13,1.13,1.07,1.11,3.54,0.04,-1,1576400,1743164.25
KABO,2016-11-15,1.09,1.09,0.99,1.07,7.62,0.07,-1,4741079,5058505.5
KABO,2016-11-14,1.02,1.02,0.98,1,-0.94,-0.01,-1,864810,861850.44
KABO,2016-11-13,1.04,1.04,0.99,1.01,0.95,0.01,-1,2599070,2611766.5
KABO,2016-11-10,1.03,1.03,0.96,1,3.96,0.04,-1,2975237,2970901
KABO,2016-11-09,0.98,0.98,0.93,0.96,1,0.01,-1,1858636,1784698.88
KABO,2016-11-08,0.96,0.96,0.94,0.95,-0.99,-0.01,-1,484440,459264.53
KABO,2016-11-07,0.98,0.98,0.94,0.96,0,0,-1,997105,955582.56
KABO,2016-11-06,0.97,0.97,0.92,0.96,2.02,0.02,-1,1340916,1277603.38
KABO,2016-11-03,1,1,0.91,0.94,-1.98,-0.02,-1,1658735,1554442.38
KABO,2016-11-02,0.97,0.97,0.94,0.96,0,0,-1,1261302,1200485.63
KABO,2016-11-01,0.98,0.98,0.94,0.96,1,0.01,-1,1339933,1283509.75
KABO,2016-10-31,0.96,0.96,0.94,0.95,0,0,-1,985170,933763.63
KABO,2016-10-30,0.96,0.96,0.91,0.95,3.09,0.03,-1,1687750,1597403
KABO,2016-10-27,0.94,0.94,0.9,0.92,1.04,0.01,-1,1000450,922939.69
KABO,2016-10-26,0.93,0.93,0.88,0.91,1.05,0.01,-1,1673089,1522144
KABO,2016-10-25,0.94,0.94,0.86,0.9,-3.06,-0.03,-1,1561919,1403128.5
KABO,2016-10-24,0.95,0.95,0.89,0.93,-1.01,-0.01,-1,1983834,1848707.25
KABO,2016-10-23,0.99,0.99,0.91,0.94,-6.6,-0.07,-1,2113925,1985332.13
KABO,2016-10-20,1.04,1.04,0.98,1.01,-1.85,-0.02,-1,1055427,1060407.25
KABO,2016-10-19,1.06,1.06,0.99,1.03,0,0,-1,1552739,1580413.5
KABO,2016-10-18,1.04,1.04,1,1.03,0,0,-1,610842,621522.81
KABO,2016-10-17,1.04,1.04,1,1.03,-0.92,-0.01,-1,1470289,1499819.25
KABO,2016-10-16,1.06,1.06,1.03,1.04,-1.8,-0.01,-1,537605,557118.25
KABO,2016-10-13,1.07,1.07,1.03,1.05,2.78,0.02,-1,1007446,1055332.13
KABO,2016-10-12,1.06,1.06,1,1.03,3.85,0.04,-1,1202063,1228373.38
KABO,2016-10-11,1.01,1.01,0.96,0.99,-4.587156,-0.05,-1,1396090,1375857.25
KABO,2016-10-10,1.06,1.06,1.01,1.04,-4.39,-0.04,-1,260247,269625.03
KABO,2016-10-09,1.1,1.1,1.05,1.08,-1.72,-0.02,-1,314846,338724
KABO,2016-10-05,1.14,1.14,1.06,1.1,2.654867,0.03,-1,2141578,2347800.5
KABO,2016-10-04,1.1,1.1,1.02,1.07,3.67,0.03,-1,1270681,1362069.5
KABO,2016-10-03,1.04,1.04,1.02,1.04,2.83,0.03,-1,722540,746473.5
KABO,2016-09-29,1.04,1.04,0.99,1.01,-1.85,-0.02,-1,1148664,1153871.38
KABO,2016-09-28,1.04,1.04,0.96,1.03,8,0.08,-1,3155870,3240110
KABO,2016-09-27,0.96,0.96,0.92,0.95,2.040816,0.02,-1,394276,372727.5
KABO,2016-09-26,0.94,0.94,0.91,0.93,3.157895,0.03,-1,317052,293447.97
KABO,2016-09-25,0.92,0.92,0.87,0.9,-1.04,-0.01,-1,450535,404995.09
KABO,2016-09-22,0.91,0.91,0.9,0.91,1.05,0.01,-1,245928,222644.75
KABO,2016-09-21,0.91,0.91,0.86,0.9,2.15,0.02,-1,637673,571140.81
KABO,2016-09-20,0.88,0.88,0.85,0.88,2.2,0.02,-1,74977,65931.35
KABO,2016-09-19,0.9,0.9,0.85,0.86,-1.09,-0.01,-1,66007,56871.46
KABO,2016-09-18,0.88,0.88,0.86,0.87,0,0,-1,111913,97561.75
KABO,2016-09-15,0.88,0.88,0.87,0.87,-2.13,-0.02,-1,33017,28870
KABO,2016-09-14,0.91,0.91,0.89,0.89,0,0,-1,19149,17047.5
KABO,2016-09-08,0.91,0.91,0.86,0.89,0,0,-1,211622,189042.34
KABO,2016-09-07,0.9,0.9,0.86,0.89,0,0,-1,76615,68239.72
KABO,2016-09-06,0.92,0.92,0.85,0.89,4.44,0.04,-1,691893,614949.13
KABO,2016-09-05,0.86,0.86,0.85,0.85,0,0,-1,78341,66745.8
KABO,2016-09-04,0.87,0.87,0.85,0.85,1.12,0,-1,93224,79151.29
KABO,2016-09-01,0.85,0.85,0.84,0.85,-1.11,0,-1,116002,97637.55
KABO,2016-08-31,0.86,0.86,0.85,0.85,-2.17,-0.02,-1,38141,32615
KABO,2016-08-30,0.88,0.88,0.85,0.87,-1.08,-0.01,-1,284976,247245.5
KABO,2016-08-29,0.9,0.9,0.87,0.88,-3.13,-0.03,-1,153396,135497.97
KABO,2016-08-28,0.91,0.91,0.9,0.91,0,0,-1,142790,129642.5
KABO,2016-08-25,0.92,0.92,0.9,0.91,1.05,0.01,-1,955998,870606.06
KABO,2016-08-24,0.91,0.91,0.86,0.9,4.4,0.04,-1,944096,845744.13
KABO,2016-08-23,0.85,0.85,0.85,0.86,0,0,-1,4860,4140
KABO,2016-08-22,0.87,0.87,0.85,0.86,1.11,0.01,-1,551266,472910.69
KABO,2016-08-21,0.85,0.85,0.85,0.85,1.12,0,-1,363092,309109.56
KABO,2016-08-18,0.85,0.85,0.84,0.85,1.136364,0.01,-1,541824,457699.91
KABO,2016-08-17,0.85,0.85,0.81,0.84,3.529412,0.03,-1,598185,497006.69
KABO,2016-08-16,0.82,0.82,0.81,0.81,-2.298851,-0.02,-1,88114,71040
KABO,2016-08-15,0.84,0.84,0.81,0.83,0,0,-1,210460,173391.05
KABO,2016-08-14,0.84,0.84,0.82,0.83,-1.136364,-0.01,-1,105124,86740
KABO,2016-08-11,0.84,0.84,0.83,0.84,1.149425,0.01,-1,121572,100862.16
KABO,2016-08-10,0.85,0.85,0.82,0.83,0,0,-1,453514,375334.5
KABO,2016-08-09,0.84,0.84,0.8,0.83,2.35,0.02,-1,1156244,953583.38
KABO,2016-08-08,0.82,0.82,0.8,0.81,1.19,0.01,-1,801692,646285.19
KABO,2016-08-07,0.81,0.81,0.78,0.8,0,0,-1,559973,447587.31
KABO,2016-08-04,0.81,0.81,0.79,0.8,1.2,0.01,-1,434968,345945.69
KABO,2016-08-03,0.81,0.81,0.77,0.79,3.75,0.03,-1,1026857,806337.13
KABO,2016-08-02,0.77,0.77,0.74,0.76,2.56,0.02,-1,483425,368205.84
KABO,2016-08-01,0.76,0.76,0.72,0.74,2.63,0.02,-1,837509,618973.25
KABO,2016-07-31,0.73,0.73,0.71,0.72,0,0,-1,639012,461972.28
KABO,2016-07-28,0.73,0.73,0.7,0.72,1.33,0.01,-1,539647,385894.38
KABO,2016-07-27,0.72,0.72,0.69,0.71,4.17,0.03,-1,637438,450869.66
KABO,2016-07-26,0.69,0.69,0.67,0.68,-1.37,-0.01,-1,184941,126039.28
KABO,2016-07-25,0.7,0.7,0.68,0.69,0,0,-1,231362,160933.41
KABO,2016-07-24,0.7,0.7,0.67,0.69,1.39,0.01,-1,257766,178248
KABO,2016-07-21,0.69,0.69,0.68,0.68,-1.37,-0.01,-1,98258,67345.73
KABO,2016-07-20,0.7,0.7,0.68,0.69,-2.67,-0.02,-1,171157,117860
KABO,2016-07-19,0.72,0.72,0.69,0.71,1.35,0.01,-1,309250,218125.2
KABO,2016-07-18,0.71,0.71,0.69,0.7,-2.63,-0.02,-1,113270,79482.8
KABO,2016-07-17,0.73,0.73,0.7,0.72,1.333333,0.01,-1,399469,286066.97
KABO,2016-07-14,0.72,0.72,0.69,0.71,2.74,0.02,-1,388252,274822.41
KABO,2016-07-13,0.7,0.7,0.68,0.69,0,0,-1,144467,100041.57
KABO,2016-07-12,0.7,0.7,0.68,0.69,-1.35,-0.01,-1,48278,33480.4
KABO,2016-07-11,0.72,0.72,0.68,0.7,0,0,-1,401833,279759.22
KABO,2016-07-10,0.73,0.73,0.68,0.7,1.37,0.01,-1,681451,480261.13
KABO,2016-07-04,0.72,0.72,0.67,0.69,4.285714,0.03,-1,293620,201833.69
KABO,2016-07-03,0.66,0.66,0.66,0.66,1.45,0,-1,70259,46250
KABO,2016-06-29,0.67,0.67,0.65,0.66,0,0,-1,121056,79555.9
KABO,2016-06-28,0.66,0.66,0.64,0.66,1.47,0.01,-1,217501,141228.52
KABO,2016-06-27,0.65,0.65,0.64,0.65,1.49,0.01,-1,113888,72797.35
KABO,2016-06-26,0.66,0.66,0.62,0.64,-5.63,-0.03,-1,317931,200921.7
KABO,2016-06-23,0.68,0.68,0.63,0.67,2.9,0.01,-1,70792,47706.84
KABO,2016-06-22,0.67,0.67,0.65,0.66,-2.82,-0.01,-1,109721,71820.34
KABO,2016-06-21,0.69,0.69,0.66,0.67,-1.39,-0.01,-1,143951,96701.54
KABO,2016-06-20,0.69,0.69,0.67,0.68,-2.7,-0.02,-1,194294,132659.58
KABO,2016-06-19,0.71,0.71,0.68,0.7,-3.9,-0.03,-1,190931,133210.69
KABO,2016-06-16,0.73,0.73,0.71,0.73,1.32,0.01,-1,77443,56375
KABO,2016-06-15,0.72,0.72,0.71,0.72,-2.564103,-0.02,-1,140394,100411.49
KABO,2016-06-14,0.75,0.75,0.73,0.74,-1.27,-0.01,-1,291997,215067.98
KABO,2016-06-13,0.76,0.76,0.74,0.75,-1.25,-0.01,-1,216482,161802
KABO,2016-06-12,0.77,0.77,0.75,0.76,0,0,-1,183131,138534.63
KABO,2016-06-09,0.77,0.77,0.76,0.76,-2.44,-0.02,-1,81353,61750
KABO,2016-06-08,0.79,0.79,0.77,0.78,1.23,0.01,-1,110222,85312.25
KABO,2016-06-07,0.79,0.79,0.75,0.77,1.25,0.01,-1,108037,83123.74
KABO,2016-06-06,0.77,0.77,0.75,0.76,0,0,-1,105341,79731.46
KABO,2016-06-05,0.78,0.78,0.76,0.76,-1.234568,-0.01,-1,63571,48291
KABO,2016-06-02,0.78,0.78,0.76,0.77,1.25,0.01,-1,350003,268656.81
KABO,2016-06-01,0.77,0.77,0.76,0.76,-1.23,-0.01,-1,398329,303018.31
KABO,2016-05-31,0.79,0.79,0.76,0.77,-2.41,-0.02,-1,389401,299796.03
KABO,2016-05-30,0.8,0.8,0.78,0.79,0,0,-1,170249,133204.8
KABO,2016-05-29,0.81,0.81,0.79,0.79,-3.49,-0.03,-1,422293,333380.56
KABO,2016-05-26,0.83,0.83,0.79,0.82,1.18,0.01,-1,667396,541173.81
KABO,2016-05-25,0.83,0.83,0.8,0.81,0,0,-1,206234,165393
KABO,2016-05-24,0.83,0.83,0.79,0.81,2.41,0.02,-1,543951,437441.47
KABO,2016-05-23,0.8,0.8,0.78,0.79,-2.352941,-0.02,-1,313049,246121.73
KABO,2016-05-22,0.82,0.82,0.8,0.81,0,0,-1,294177,235494.67
KABO,2016-05-19,0.81,0.81,0.8,0.81,-1.162791,-0.01,-1,298517,239067.81
KABO,2016-05-18,0.83,0.83,0.81,0.82,-1.149425,-0.01,-1,1126977,919004.31
KABO,2016-05-17,0.85,0.85,0.81,0.83,1.16,0.01,-1,605821,500352.25
KABO,2016-05-16,0.83,0.83,0.81,0.82,0,0,-1,213651,174271.2
KABO,2016-05-15,0.84,0.84,0.8,0.82,1.18,0.01,-1,1109764,906940.19
KABO,2016-05-12,0.83,0.83,0.79,0.81,2.41,0.02,-1,293926,235622
KABO,2016-05-11,0.82,0.82,0.76,0.79,0,0,-1,891197,700299.63
KABO,2016-05-10,0.8,0.8,0.76,0.79,0,0,-1,287033,225031.67
KABO,2016-05-09,0.8,0.8,0.78,0.79,1.219512,0.01,-1,188582,147631.94
KABO,2016-05-08,0.8,0.8,0.77,0.78,-1.204819,-0.01,-1,137585,107365.44
KABO,2016-05-05,0.8,0.8,0.78,0.79,0,0,-1,161475,126795.7
KABO,2016-05-04,0.8,0.8,0.77,0.79,0,0,-1,243615,190501.81
KABO,2016-05-03,0.81,0.81,0.78,0.79,-3.49,-0.03,-1,84047,66343.5
KABO,2016-04-28,0.83,0.83,0.79,0.82,-1.15,-0.01,-1,277901,225203.44
KABO,2016-04-27,0.85,0.85,0.82,0.83,-3.33,-0.02,-1,587833,485498.97
KABO,2016-04-26,0.85,0.85,0.84,0.85,2.27,0.01,-1,91135,77351.38
KABO,2016-04-24,0.85,0.85,0.83,0.84,-1.12,-0.01,-1,221395,185401.03
KABO,2016-04-21,0.86,0.86,0.82,0.85,-1.11,0,-1,306098,257226.98
KABO,2016-04-20,0.87,0.87,0.84,0.85,-2.17,-0.02,-1,511740,433622.41
KABO,2016-04-19,0.88,0.88,0.85,0.87,1.1,0.01,-1,450555,390571.81
KABO,2016-04-18,0.87,0.87,0.85,0.86,2.25,0.01,-1,598180,515494.97
KABO,2016-04-17,0.85,0.85,0.85,0.85,-1.11,0,-1,469935,398038.03
KABO,2016-04-14,0.86,0.86,0.85,0.85,1.12,0,-1,221832,188326.94
KABO,2016-04-13,0.87,0.87,0.85,0.85,0,0,-1,68932,58333.16
KABO,2016-04-12,0.85,0.85,0.83,0.85,0,0,-1,143238,121096.23
KABO,2016-04-11,0.86,0.86,0.84,0.85,-2.197802,-0.01,-1,229297,193761.13
KABO,2016-04-10,0.87,0.87,0.85,0.86,-1.09,-0.01,-1,149515,129128.86
KABO,2016-04-07,0.88,0.88,0.85,0.87,0,0,-1,381672,332629.34
KABO,2016-04-06,0.92,0.92,0.85,0.87,-6.12,-0.06,-1,845889,739669.94
KABO,2016-04-05,0.95,0.95,0.92,0.93,-1.01,-0.01,-1,438705,408765.41
KABO,2016-04-04,0.95,0.95,0.92,0.94,-1,-0.01,-1,89063,83458.24
KABO,2016-04-03,0.97,0.97,0.93,0.95,1.010101,0.01,-1,811624,768947
KABO,2016-03-31,0.95,0.95,0.92,0.94,0,0,-1,397002,373043.13
KABO,2016-03-30,0.96,0.96,0.92,0.94,-1.98,-0.02,-1,405456,379572.69
KABO,2016-03-29,0.98,0.98,0.94,0.96,0,0,-1,594305,565938.94
KABO,2016-03-28,0.97,0.97,0.93,0.96,1,0.01,-1,648432,619222.13
KABO,2016-03-27,0.97,0.97,0.93,0.95,-0.99,-0.01,-1,746442,705748.81
KABO,2016-03-24,0.97,0.97,0.94,0.96,2.02,0.02,-1,533903,509519.38
KABO,2016-03-23,0.95,0.95,0.93,0.94,0,0,-1,326206,306847.47
KABO,2016-03-22,0.96,0.96,0.92,0.94,-1.980198,-0.02,-1,460931,430985.16
KABO,2016-03-21,0.97,0.97,0.94,0.96,-0.980392,-0.01,-1,281262,268333.84
KABO,2016-03-20,0.99,0.99,0.95,0.97,-1.923077,-0.02,-1,880710,853966.31
KABO,2016-03-17,1.03,1.03,0.98,0.99,0.970874,0.01,-1,1089387,1073693.5
KABO,2016-03-16,1.01,1.01,0.95,0.98,0,0,-1,1302878,1273644.75
KABO,2016-03-15,0.99,0.99,0.97,0.98,0,0,-1,262596,256084.48
KABO,2016-03-14,0.99,0.99,0.96,0.98,1.98,0.02,-1,774616,755072.56
KABO,2016-03-13,0.97,0.97,0.95,0.96,-0.98,-0.01,-1,152851,145512.52
KABO,2016-03-10,0.98,0.98,0.96,0.97,0.99,0.01,-1,509272,492321.25
KABO,2016-03-09,0.98,0.98,0.95,0.96,2.02,0.02,-1,1021626,979898.25
KABO,2016-03-08,0.97,0.97,0.91,0.94,3.13,0.03,-1,1582875,1487487.5
KABO,2016-03-07,0.92,0.92,0.9,0.91,1.052632,0.01,-1,236917,216383.77
KABO,2016-03-06,0.92,0.92,0.89,0.9,0,0,-1,261023,235445.09
KABO,2016-03-03,0.92,0.92,0.87,0.9,2.150538,0.02,-1,436160,394100.53
KABO,2016-03-02,0.92,0.92,0.86,0.88,-3.125,-0.03,-1,458913,404335.41
KABO,2016-03-01,0.92,0.92,0.89,0.91,2.12766,0.02,-1,272267,247349.7
KABO,2016-02-29,0.9,0.9,0.88,0.89,-1.052632,-0.01,-1,496045,443108.19
KABO,2016-02-28,0.9,0.9,0.88,0.9,3.26087,0.03,-1,494455,442545.91
KABO,2016-02-25,0.89,0.89,0.85,0.87,0,0,-1,201621,176091.77
KABO,2016-02-24,0.88,0.88,0.86,0.87,-1.075269,-0.01,-1,452732,396089.03
KABO,2016-02-23,0.88,0.88,0.87,0.88,0,0,-1,515713,453790.63
KABO,2016-02-22,0.89,0.89,0.87,0.88,1.086957,0.01,-1,997201,882120.38
KABO,2016-02-21,0.88,0.88,0.86,0.87,0,0,-1,253081,221307.67
KABO,2016-02-18,0.88,0.88,0.85,0.87,3.370787,0.02,-1,1083751,939571.94
KABO,2016-02-17,0.85,0.85,0.83,0.85,-3.26087,-0.02,-1,311948,262275.03
KABO,2016-02-16,0.88,0.88,0.86,0.87,2.22,0.02,-1,706040,617039.94
KABO,2016-02-15,0.87,0.87,0.82,0.85,2.272727,0.01,-1,721370,611960.19
KABO,2016-02-14,0.84,0.84,0.81,0.84,3.529412,0.03,-1,151173,125263.1
KABO,2016-02-11,0.85,0.85,0.79,0.81,-4.494382,-0.04,-1,1327139,1070466.63
KABO,2016-02-10,0.85,0.85,0.84,0.85,1.136364,0.01,-1,1565344,1319918.38
KABO,2016-02-09,0.86,0.86,0.82,0.84,-4.347826,-0.03,-1,1661515,1386186.13
KABO,2016-02-08,0.88,0.88,0.85,0.87,0,0,-1,1006782,875283.19
KABO,2016-02-07,0.88,0.88,0.87,0.87,-1.075269,-0.01,-1,306223,267652.81
KABO,2016-02-04,0.89,0.89,0.86,0.88,1.086957,0.01,-1,1518087,1336556.88
KABO,2016-02-03,0.88,0.88,0.85,0.87,2.222222,0.02,-1,996428,864554.63
KABO,2016-02-02,0.87,0.87,0.84,0.85,1.123596,0,-1,1103950,940089.38
KABO,2016-02-01,0.86,0.86,0.84,0.85,-2.197802,-0.01,-1,827104,699534.31
KABO,2016-01-31,0.88,0.88,0.85,0.86,0,0,-1,1095413,943055.13
KABO,2016-01-28,0.87,0.87,0.84,0.86,3.41,0.02,-1,1404451,1210434.13
KABO,2016-01-27,0.85,0.85,0.81,0.84,2.325581,0.02,-1,1706910,1416819.5
KABO,2016-01-26,0.84,0.84,0.76,0.82,7.5,0.06,-1,4098587,3321996.75
KABO,2016-01-24,0.78,0.78,0.74,0.76,5.263158,0.04,-1,1320316,1005716.5
KABO,2016-01-21,0.73,0.73,0.69,0.72,1.333333,0.01,-1,807435,583188.38
KABO,2016-01-20,0.74,0.74,0.69,0.71,-6.25,-0.05,-1,888750,635044.44
KABO,2016-01-19,0.78,0.78,0.74,0.76,5.263158,0.04,-1,1793712,1365022.5
KABO,2016-01-18,0.73,0.73,0.69,0.72,7.04,0.05,-1,838161,599349.81
KABO,2016-01-17,0.7,0.7,0.62,0.67,4.41,0.02,-1,774353,517148.5
KABO,2016-01-14,0.66,0.66,0.64,0.65,-8.108108,-0.05,-1,1043422,672777.88
KABO,2016-01-13,0.77,0.77,0.69,0.7,-8.641975,-0.07,-1,2856033,2002727.75
KABO,2016-01-12,0.8,0.8,0.75,0.77,2.531646,0.02,-1,2668279,2054725.63
KABO,2016-01-11,0.77,0.77,0.69,0.75,6.756757,0.05,-1,3795086,2836381.25
KABO,2016-01-10,0.71,0.71,0.69,0.7,0,0,-1,939174,657996.69
KABO,2016-01-06,0.71,0.71,0.68,0.7,4.225352,0.03,-1,1321631,926766.25
KABO,2016-01-05,0.68,0.68,0.67,0.67,0,0,-1,363685,245913.17
KABO,2016-01-04,0.69,0.69,0.66,0.67,-4.054054,-0.03,-1,974804,657719.75
KABO,2016-01-03,0.7,0.7,0.68,0.7,2.777778,0.02,-1,473160,329874.41
KABO,2015-12-31,0.69,0.69,0.67,0.68,-1.369863,-0.01,-1,179662,122961.3
KABO,2015-12-30,0.7,0.7,0.69,0.69,1.388889,0.01,-1,689126,478926.69
KABO,2015-12-29,0.69,0.69,0.67,0.68,0,0,-1,764731,520098.59
KABO,2015-12-28,0.69,0.69,0.66,0.68,0,0,-1,477387,323712.38
KABO,2015-12-27,0.7,0.7,0.68,0.68,-2.702703,-0.02,-1,704632,482481.97
KABO,2015-12-24,0.71,0.71,0.68,0.7,1.369863,0.01,-1,1651312,1156840.63
KABO,2015-12-22,0.71,0.71,0.66,0.69,1.388889,0.01,-1,1397395,965626.13
KABO,2015-12-21,0.69,0.69,0.67,0.68,0,0,-1,751082,514327.34
KABO,2015-12-20,0.7,0.7,0.64,0.68,4.347826,0.02,-1,1819449,1234233.13
KABO,2015-12-17,0.66,0.66,0.65,0.66,1.470588,0.01,-1,763550,495538.06
KABO,2015-12-16,0.66,0.66,0.65,0.65,0,0,-1,335236,216398.55
KABO,2015-12-15,0.66,0.66,0.63,0.65,3.030303,0.02,-1,513983,330724.97
KABO,2015-12-14,0.64,0.64,0.61,0.63,1.538462,0.01,-1,744422,463417.41
KABO,2015-12-13,0.63,0.63,0.62,0.62,-4.411765,-0.03,-1,311054,191477.16
KABO,2015-12-10,0.66,0.66,0.63,0.65,-2.857143,-0.01,-1,855597,547333
KABO,2015-12-09,0.66,0.66,0.65,0.66,2.941176,0.01,-1,749645,493624.41
KABO,2015-12-08,0.66,0.66,0.63,0.65,-1.449275,-0.01,-1,1194082,765583.88
KABO,2015-12-07,0.66,0.66,0.64,0.66,0,0,-1,1530687,996041.81
KABO,2015-12-06,0.66,0.66,0.63,0.66,2.985075,0.02,-1,2324738,1519264.13
KABO,2015-12-03,0.64,0.64,0.62,0.64,3.076923,0.02,-1,1389227,878463
KABO,2015-12-02,0.64,0.64,0.61,0.62,1.5625,0.01,-1,2629501,1611231.13
KABO,2015-12-01,0.62,0.62,0.6,0.61,0,0,-1,445418,271509.06
KABO,2015-11-30,0.62,0.62,0.59,0.61,1.587302,0.01,-1,622017,375212.59
KABO,2015-11-29,0.6,0.6,0.6,0.6,0,0,-1,231679,138148.92
KABO,2015-11-26,0.61,0.61,0.6,0.6,0,0,-1,794077,476602.34
KABO,2015-11-25,0.61,0.61,0.59,0.6,0,0,-1,124670,74475
KABO,2015-11-24,0.61,0.61,0.59,0.6,-1.5625,-0.01,-1,562477,333399.47
KABO,2015-11-23,0.63,0.63,0.59,0.61,-3.030303,-0.02,-1,992008,603871.31
KABO,2015-11-22,0.64,0.64,0.62,0.63,0,0,-1,1048822,655443.38
KABO,2015-11-19,0.64,0.64,0.62,0.63,3.125,0.02,-1,886036,551571.31
KABO,2015-11-18,0.62,0.62,0.6,0.61,1.587302,0.01,-1,656994,396453.84
KABO,2015-11-17,0.62,0.62,0.59,0.6,0,0,-1,1317196,789678.5
KABO,2015-11-16,0.61,0.61,0.58,0.6,0,0,-1,813925,482802.31
KABO,2015-11-15,0.63,0.63,0.59,0.6,-5.97,-0.04,-1,1365204,811567.63
KABO,2015-11-12,0.65,0.65,0.63,0.64,0,0,-1,854276,541227.25
KABO,2015-11-11,0.66,0.66,0.61,0.64,1.52,0.01,-1,985548,627556.38
KABO,2015-11-10,0.66,0.66,0.62,0.63,-4.35,-0.03,-1,1433058,894891.13
KABO,2015-11-09,0.67,0.67,0.64,0.66,-2.82,-0.01,-1,3544353,2330220.5
KABO,2015-11-08,0.7,0.7,0.66,0.67,-4.05,-0.03,-1,3724915,2487344
KABO,2015-11-05,0.71,0.71,0.68,0.7,2.78,0.02,-1,1181762,832530.25
KABO,2015-11-04,0.68,0.68,0.68,0.68,0,0,-1,117545,80104.32
KABO,2015-11-03,0.69,0.69,0.67,0.68,1.41,0.01,-1,613938,420018.91
KABO,2015-11-02,0.69,0.69,0.66,0.67,0,-0.01,-1,136041,91880.95
KABO,2015-11-01,0.71,0.71,0.66,0.68,-2.7,-0.02,-1,683985,466353.91
KABO,2015-10-29,0.72,0.72,0.69,0.7,1.37,0.01,-1,1329824,935274.75
KABO,2015-10-28,0.69,0.69,0.68,0.69,0,0,-1,398441,273617.28
KABO,2015-10-27,0.71,0.71,0.67,0.69,0,-0.63,-1,1309429,902321.38
KABO,2015-10-26,0.7,0.7,0.67,0.68,-1.37,-0.01,-1,777499,528446.13
KABO,2015-10-25,0.7,0.7,0.68,0.69,0,-0.01,-1,1097655,762662.19
KABO,2015-10-22,0.71,0.71,0.69,0.7,-2.63,-0.02,-1,594217,416044.91
KABO,2015-10-21,0.73,0.73,0.71,0.72,0,0,-1,829597,596830.13
KABO,2015-10-20,0.73,0.73,0.71,0.72,0,0,-1,969448,697372.88
KABO,2015-10-19,0.72,0.72,0.71,0.72,1.33,0.01,-1,544549,390633.63
KABO,2015-10-18,0.72,0.72,0.69,0.71,0,0,-1,808517,571191
KABO,2015-10-15,0.73,0.73,0.7,0.71,-1.32,-0.01,-1,763054,542098.88
KABO,2015-10-13,0.74,0.74,0.7,0.72,0,0,-1,1911889,1374614.63
KABO,2015-10-12,0.73,0.73,0.7,0.72,2.7,0.02,-1,1762149,1264606.75
KABO,2015-10-11,0.71,0.71,0.69,0.7,0,0,-1,885544,619844.44
KABO,2015-10-08,0.71,0.71,0.69,0.7,1.37,0.01,-1,1346111,941814.5
KABO,2015-10-07,0.71,0.71,0.67,0.69,2.82,0.02,-1,1525865,1053313.5
KABO,2015-10-05,0.68,0.68,0.67,0.67,-1.39,-0.01,-1,569951,383534.47
KABO,2015-10-04,0.69,0.69,0.67,0.68,2.86,0.02,-1,988901,671886.63
KABO,2015-10-01,0.68,0.68,0.66,0.66,0,0,-1,698941,465996.375
KABO,2015-09-30,0.69,0.69,0.65,0.66,-4.11,-0.03,-1,1131604,749890.69
KABO,2015-09-29,0.7,0.7,0.67,0.69,-1.35,-0.01,-1,1157301,794658.19
KABO,2015-09-28,0.71,0.71,0.66,0.7,5.71,0.04,-1,2477133,1736692.13
KABO,2015-09-22,0.68,0.68,0.63,0.66,4.48,0.02,-1,3588930,2386812
KABO,2015-09-21,0.64,0.64,0.63,0.64,1.52,0.01,-1,763076,483269.31
KABO,2015-09-20,0.64,0.64,0.63,0.63,0,0,-1,392878,245446.19
KABO,2015-09-17,0.65,0.65,0.62,0.63,-1.49,-0.01,-1,1045620,657630.81
KABO,2015-09-16,0.65,0.65,0.63,0.64,1.52,0.01,-1,1453755,927605.38
KABO,2015-09-15,0.65,0.65,0.61,0.63,1.54,0.01,-1,2758481,1730803
KABO,2015-09-14,0.63,0.63,0.61,0.62,1.56,0.01,-1,1242165,764569.69
KABO,2015-09-13,0.62,0.62,0.6,0.61,0,0,-1,413864,250964.44
KABO,2015-09-10,0.62,0.62,0.6,0.61,1.59,0.01,-1,1790611,1089284.63
KABO,2015-09-09,0.62,0.62,0.59,0.6,1.61,0.01,-1,880663,527477.19
KABO,2015-09-08,0.61,0.61,0.57,0.59,-1.59,-0.01,-1,1440348,848657.56
KABO,2015-09-07,0.61,0.61,0.59,0.6,-3.08,-0.02,-1,1851369,1103809.5
KABO,2015-09-06,0.63,0.63,0.6,0.62,1.56,0.01,-1,980642,599384.38
KABO,2015-09-03,0.63,0.63,0.6,0.61,1.59,0.01,-1,3172422,1930262
KABO,2015-09-02,0.61,0.61,0.58,0.6,1.61,0.01,-1,1201825,712345.5
KABO,2015-09-01,0.61,0.61,0.58,0.59,-1.59,-0.01,-1,1510942,890335.25
KABO,2015-08-31,0.61,0.61,0.58,0.6,1.61,0.01,-1,1503122,892603.5
KABO,2015-08-30,0.61,0.61,0.58,0.59,0,0,-1,882618,520534.75
KABO,2015-08-27,0.6,0.6,0.58,0.59,3.33,0.02,-1,1513592,890877.44
KABO,2015-08-26,0.6,0.6,0.56,0.57,0,0,-1,977045,557969.88
KABO,2015-08-25,0.59,0.59,0.53,0.57,5.26,0.03,-1,1371482,777122.81
KABO,2015-08-24,0.57,0.57,0.52,0.54,-3.389831,-0.02,-1,1212159,654429.38
KABO,2015-08-23,0.59,0.59,0.55,0.56,-6.35,-0.04,-1,1160312,652691
KABO,2015-08-20,0.61,0.61,0.59,0.6,0,0,-1,922076,551677.25
KABO,2015-08-19,0.61,0.61,0.59,0.6,-3.08,-0.02,-1,995577,597169.88
KABO,2015-08-18,0.65,0.65,0.6,0.62,-5.8,-0.04,-1,2361052,1461939.25
KABO,2015-08-17,0.66,0.66,0.64,0.66,1.47,0.01,-1,1445873,945812.25
KABO,2015-08-16,0.66,0.66,0.64,0.65,-1.45,-0.01,-1,1067158,684296.69
KABO,2015-08-13,0.66,0.66,0.65,0.66,0,0,-1,899540,586199.25
KABO,2015-08-12,0.66,0.66,0.65,0.66,-2.816901,-0.01,-1,888485,577898.81
KABO,2015-08-11,0.67,0.67,0.66,0.67,1.43,0.01,-1,1013332,677843.5
KABO,2015-08-10,0.67,0.67,0.65,0.66,0,0,-1,766460,507087.16
KABO,2015-08-09,0.67,0.67,0.65,0.66,-2.78,-0.02,-1,1217118,802453.69
KABO,2015-08-05,0.69,0.69,0.67,0.68,-1.37,-0.01,-1,1189418,807698.69
KABO,2015-08-04,0.7,0.7,0.68,0.69,1.39,0.01,-1,756343,522458.59
KABO,2015-08-03,0.7,0.7,0.67,0.68,-1.37,-0.01,-1,1547189,1059250.13
KABO,2015-08-02,0.7,0.7,0.67,0.69,1.39,0.01,-1,2751835,1899764.88
KABO,2015-07-30,0.7,0.7,0.67,0.68,0,0,-1,2437322,1671903.63
KABO,2015-07-29,0.7,0.7,0.67,0.68,1.41,0.01,-1,3346860,2292133.25
KABO,2015-07-28,0.69,0.69,0.65,0.67,2.9,0.01,-1,3119021,2099700.75
KABO,2015-07-27,0.67,0.67,0.65,0.66,-2.82,-0.01,-1,1829266,1195231.38
KABO,2015-07-26,0.7,0.7,0.64,0.67,4.41,0.02,-1,4680928,3155981.5
KABO,2015-07-22,0.66,0.66,0.63,0.65,3.03,0.02,-1,2727366,1765732.25
KABO,2015-07-21,0.64,0.64,0.62,0.63,-1.49,-0.01,-1,1672669,1039956.63
KABO,2015-07-16,0.65,0.65,0.62,0.64,3.08,0.02,-1,1031722,651467.56
KABO,2015-07-15,0.63,0.63,0.6,0.62,1.56,0.01,-1,840378,518091.56
KABO,2015-07-14,0.62,0.62,0.6,0.61,3.23,0.02,-1,808162,486220.75
KABO,2015-07-13,0.6,0.6,0.58,0.59,-1.59,-0.01,-1,468688,276385.06
KABO,2015-07-12,0.61,0.61,0.59,0.6,0,0,-1,1079405,640892.69
KABO,2015-07-09,0.61,0.61,0.6,0.6,0,0,-1,572640,343267.75
KABO,2015-07-08,0.61,0.61,0.59,0.6,-1.56,-0.01,-1,946812,565612.19
KABO,2015-07-07,0.62,0.62,0.6,0.61,-61.54,-0.01,-1,450616,271256.75
KABO,2015-07-06,0.63,0.63,0.6,0.62,-4.41,-0.03,-1,782365,478961.63
KABO,2015-07-05,0.66,0.66,0.63,0.65,0,0,-1,1009064,645011.5
KABO,2015-07-02,0.66,0.66,0.64,0.65,-1.45,-0.01,-1,1037046,668613.75
KABO,2015-06-29,0.67,0.67,0.65,0.66,0,0,-1,1721241,1125406.13
KABO,2015-06-28,0.67,0.67,0.63,0.66,4.55,0.03,-1,2998739,1960769.75
KABO,2015-06-25,0.64,0.64,0.62,0.63,0,0,-1,753604,468977.31
KABO,2015-06-24,0.64,0.64,0.62,0.63,1.54,0.01,-1,331486,206566.91
KABO,2015-06-23,0.63,0.63,0.62,0.62,-0.12,-0.01,-1,282475,174965.41
KABO,2015-06-22,0.64,0.64,0.62,0.63,-1.49,-0.01,-1,853280,531503
KABO,2015-06-21,0.65,0.65,0.63,0.64,0,0,-1,329366,208843.44
KABO,2015-06-18,0.65,0.65,0.64,0.64,0,0,-1,131581,83699.37
KABO,2015-06-17,0.65,0.65,0.64,0.64,0,0,-1,977005,624021.75
KABO,2015-06-16,0.65,0.65,0.63,0.64,1.515152,0.01,-1,562539,356702.03
KABO,2015-06-15,0.64,0.64,0.63,0.63,-1.492537,-0.01,-1,571880,358589.66
KABO,2015-06-14,0.66,0.66,0.63,0.64,-1.47,-0.01,-1,552090,351613.47
KABO,2015-06-11,0.66,0.66,0.64,0.65,-1.45,-0.01,-1,1076000,696459.5
KABO,2015-06-10,0.67,0.67,0.65,0.66,0,0,-1,907558,595107.5
KABO,2015-06-09,0.66,0.66,0.64,0.66,1.47,0.01,-1,1750285,1137206
KABO,2015-06-08,0.66,0.66,0.64,0.65,-4.23,-0.02,-1,1576815,1019394.38
KABO,2015-06-07,0.68,0.68,0.66,0.67,0,0,-1,1415628,947171.56
KABO,2015-06-04,0.69,0.69,0.66,0.67,-2.74,-0.02,-1,1750486,1182496.5
KABO,2015-06-03,0.7,0.7,0.68,0.69,0,0,-1,793882,548261.56
KABO,2015-06-02,0.7,0.7,0.68,0.69,1.39,0.01,-1,1575611,1095677.13
KABO,2015-06-01,0.69,0.69,0.67,0.68,-2.7,-0.02,-1,417314,285415.53
KABO,2015-05-31,0.71,0.71,0.68,0.7,-1.33,-0.01,-1,2078725,1446244.75
KABO,2015-05-28,0.72,0.72,0.7,0.71,-1.32,-0.01,-1,1098923,779582.25
KABO,2015-05-27,0.74,0.74,0.71,0.72,-1.3,-0.01,-1,1818003,1312101.63
KABO,2015-05-26,0.73,0.73,0.71,0.73,0,0,-1,2771700,2011416.38
KABO,2015-05-25,0.74,0.74,0.72,0.73,0,0,-1,2454199,1787811.13
KABO,2015-05-24,0.75,0.75,0.71,0.73,1.32,0.01,-1,3423018,2501925.75
KABO,2015-05-21,0.74,0.74,0.7,0.72,2.7,0.02,-1,3009923,2167167.5
KABO,2015-05-20,0.73,0.73,0.66,0.7,2.78,0.02,-1,3840821,2678466
KABO,2015-05-19,0.72,0.72,0.66,0.68,2.86,0.02,-1,941184,644494.63
KABO,2015-05-18,0.67,0.67,0.61,0.66,7.69,0.04,-1,2488125,1643937.63
KABO,2015-05-17,0.65,0.65,0.59,0.62,-4.62,0,-1,686812,420916.25
KABO,2015-05-14,0.64,0.64,0.61,0.62,-2.99,-0.02,-1,1108592,681186.44
KABO,2015-05-13,0.66,0.66,0.62,0.64,-2.9,-0.02,-1,1026693,649925.56
KABO,2015-05-12,0.66,0.66,0.65,0.66,-1.43,0,-1,505102,328339.66
KABO,2015-05-11,0.67,0.67,0.66,0.66,0,0,-1,749397,495528.97
KABO,2015-05-10,0.67,0.67,0.65,0.66,0,0,-1,752203,500979.06
KABO,2015-05-07,0.66,0.66,0.66,0.66,0,0,-1,477922,314501.78
KABO,2015-05-06,0.67,0.67,0.66,0.66,0,0,-1,960573,633570.25
KABO,2015-05-05,0.67,0.67,0.66,0.66,1.45,0,-1,518621,343102.34
KABO,2015-05-04,0.66,0.66,0.65,0.66,0,0,-1,628772,410004.44
KABO,2015-05-03,0.66,0.66,0.65,0.66,-2.82,-0.01,-1,742243,487138.38
KABO,2015-04-30,0.68,0.68,0.66,0.67,1.43,0.01,-1,1762637,1178951.38
KABO,2015-04-29,0.67,0.67,0.64,0.66,2.94,0.01,-1,1050057,692194.06
KABO,2015-04-28,0.66,0.66,0.63,0.65,-2.86,-0.01,-1,2189112,1407418.25
KABO,2015-04-27,0.67,0.67,0.65,0.66,-2.78,-0.02,-1,976875,646673.8125
KABO,2015-04-26,0.69,0.69,0.67,0.68,-1.37,-0.01,-1,368094,250756.046875
KABO,2015-04-23,0.7,0.7,0.68,0.69,0,0,-1,934002,641754.5
KABO,2015-04-22,0.69,0.69,0.68,0.69,1.39,0.01,-1,523348,360078.375
KABO,2015-04-21,0.7,0.7,0.67,0.68,0,0,-1,1276824,875739.1875
KABO,2015-04-20,0.69,0.69,0.67,0.68,-2.7,-0.02,-1,637128,435094.53125
KABO,2015-04-19,0.71,0.71,0.68,0.7,-1.33,-0.01,-1,780447,544120.9375
KABO,2015-04-16,0.73,0.73,0.67,0.71,4.17,0.03,-1,2503881,1785208
KABO,2015-04-15,0.69,0.69,0.67,0.68,-2.7,-0.02,-1,406347,277620.875
KABO,2015-04-14,0.71,0.71,0.68,0.7,1.37,0.01,-1,713110,496433.28125
KABO,2015-04-09,0.7,0.7,0.68,0.69,0,0,-1,1134970,788137.8125
KABO,2015-04-08,0.7,0.7,0.67,0.69,0,0,-1,663399,458089.28125
KABO,2015-04-07,0.7,0.7,0.68,0.69,2.82,0.02,-1,885347,615661.8125
KABO,2015-04-06,0.69,0.69,0.66,0.67,-1.39,-0.01,-1,767999,519585.46875
KABO,2015-04-05,0.7,0.7,0.67,0.68,-2.7,-0.02,-1,503806,345134.09375
KABO,2015-04-02,0.72,0.72,0.69,0.7,-2.63,-0.02,-1,410431,287910.875
KABO,2015-04-01,0.73,0.73,0.71,0.72,-1.3,-0.01,-1,470585,337486.46875
KABO,2015-03-31,0.74,0.74,0.72,0.73,2.67,0.02,-1,1515945,1100792.25
KABO,2015-03-30,0.72,0.72,0.7,0.71,1.35,0.01,-1,871842,616860.625
KABO,2015-03-29,0.71,0.71,0.69,0.7,2.78,0.02,-1,776860,547571.5625
KABO,2015-03-26,0.7,0.7,0.67,0.68,-5.26,-0.04,-1,1129357,774908.9375
KABO,2015-03-25,0.73,0.73,0.7,0.72,-2.56,-0.02,-1,1324912,950970.875
KABO,2015-03-24,0.75,0.75,0.72,0.74,0,0,-1,499802,367172.59375
KABO,2015-03-23,0.75,0.75,0.71,0.74,0,0,-1,569259,417698.875
KABO,2015-03-22,0.76,0.76,0.73,0.74,-2.5,-0.02,-1,476868,352885.53125
KABO,2015-03-19,0.77,0.77,0.75,0.76,0,0,-1,587317,446148.09375
KABO,2015-03-18,0.77,0.77,0.75,0.76,-2.44,-0.02,-1,1146911,869445.875
KABO,2015-03-17,0.79,0.79,0.77,0.78,0,0,-1,430039,332669.90625
KABO,2015-03-16,0.79,0.79,0.77,0.78,-2.38,-0.02,-1,1227030,955664.6875
KABO,2015-03-15,0.81,0.81,0.79,0.8,2.44,0.02,-1,589013,467270.65625
KABO,2015-03-12,0.8,0.8,0.77,0.78,-1.2,-0.01,-1,660188,514125.09375
KABO,2015-03-11,0.8,0.8,0.78,0.79,-1.19,-0.01,-1,931693,733017.75
KABO,2015-03-10,0.83,0.83,0.78,0.8,-1.18,-0.01,-1,1467512,1171467.25
KABO,2015-03-09,0.82,0.82,0.81,0.81,-1.16,-0.01,-1,384412,310523.75
KABO,2015-03-08,0.83,0.83,0.81,0.82,2.38,0.02,-1,1340623,1093010.625
KABO,2015-03-05,0.82,0.82,0.78,0.8,1.2,0.01,-1,2016106,1608187.25
KABO,2015-03-04,0.8,0.8,0.78,0.79,0,0,-1,408016,319759.1875
KABO,2015-03-03,0.8,0.8,0.78,0.79,0,0,-1,626383,490445.15625
KABO,2015-03-02,0.79,0.79,0.78,0.79,1.22,0.01,-1,548652,429233.34375
KABO,2015-03-01,0.79,0.79,0.76,0.78,1.23,0.01,-1,460358,355752.78125
KABO,2015-02-26,0.79,0.79,0.77,0.77,-1.22,-0.01,-1,585186,450755.625
KABO,2015-02-25,0.8,0.8,0.77,0.78,-2.38,-0.02,-1,1131413,881581.75
KABO,2015-02-24,0.81,0.81,0.79,0.8,-1.18,-0.01,-1,489917,390715.15625
KABO,2015-02-23,0.82,0.82,0.8,0.81,1.19,0.01,-1,826145,664171.75
KABO,2015-02-22,0.81,0.81,0.8,0.8,-2.33,-0.02,-1,732245,584998.125
KABO,2015-02-19,0.84,0.84,0.8,0.82,-1.15,-0.01,-1,1511857,1225652
KABO,2015-02-18,0.84,0.84,0.81,0.83,1.16,0.01,-1,1167281,957455.6875
KABO,2015-02-17,0.84,0.84,0.79,0.82,0,0,-1,1514496,1230452.25
KABO,2015-02-16,0.84,0.84,0.81,0.82,-2.27,-0.02,-1,1841132,1504270.375
KABO,2015-02-15,0.85,0.85,0.84,0.84,0,0,-1,477650,398307.6875
KABO,2015-02-12,0.85,0.85,0.82,0.84,0,0,-1,919104,763464.25
KABO,2015-02-11,0.85,0.85,0.83,0.84,-2.22,-0.01,-1,807908,675225
KABO,2015-02-10,0.86,0.86,0.85,0.85,0,0,-1,679584,579944.625
KABO,2015-02-09,0.85,0.85,0.85,0.85,0,0,-1,674007,573240.625
KABO,2015-02-08,0.86,0.86,0.85,0.85,0,0,-1,455317,389676.6875
KABO,2015-02-05,0.86,0.86,0.85,0.85,-2.17,-0.02,-1,1119064,957449.8125
KABO,2015-02-04,0.87,0.87,0.86,0.87,0,0,-1,1193025,1034343.0625
KABO,2015-02-03,0.88,0.88,0.86,0.87,1.1,0.01,-1,1385768,1208642
KABO,2015-02-02,0.87,0.87,0.85,0.86,0,0,-1,1276672,1102503.375
KABO,2015-02-01,0.87,0.87,0.85,0.86,-1.09,-0.01,-1,1484456,1275851
KABO,2015-01-29,0.89,0.89,0.86,0.87,-1.08,-0.01,-1,2528464,2209125.5
KABO,2015-01-28,0.9,0.9,0.86,0.88,2.2,0.02,-1,5240421,4598929
KABO,2015-01-27,0.88,0.88,0.85,0.86,1.11,0.01,-1,3224943,2786750.25
KABO,2015-01-26,0.85,0.85,0.84,0.85,0,0,-1,806633,683731
KABO,2015-01-22,0.86,0.86,0.85,0.85,0,0,-1,979188,831436.6875
KABO,2015-01-21,0.85,0.85,0.84,0.85,0,0,-1,925470,785090.3125
KABO,2015-01-20,0.86,0.86,0.85,0.85,0,0,-1,1751795,1497179.125
KABO,2015-01-19,0.86,0.86,0.85,0.85,0,0,-1,1312737,1115833.375
KABO,2015-01-18,0.86,0.86,0.84,0.85,1.12,0,-1,894986,759631.6875
KABO,2015-01-15,0.86,0.86,0.84,0.85,-3.26,-0.02,-1,2423507,2037508.125
KABO,2015-01-14,0.88,0.88,0.85,0.87,1.1,0.01,-1,1864499,1617379
KABO,2015-01-13,0.88,0.88,0.85,0.86,1.11,0.01,-1,3803548,3281625.75
KABO,2015-01-12,0.86,0.86,0.84,0.85,1.12,0,-1,1346026,1144144.125
KABO,2015-01-11,0.85,0.85,0.84,0.85,0,0,-1,1084799,908948.3125
KABO,2015-01-08,0.85,0.85,0.84,0.85,1.14,0.01,-1,971351,819263.0625
KABO,2015-01-06,0.85,0.85,0.83,0.84,-3.3,-0.02,-1,1431034,1190288.375
KABO,2015-01-05,0.87,0.87,0.85,0.86,1.11,0.01,-1,2916148,2503550.75
KABO,2015-01-04,0.87,0.87,0.84,0.85,1.12,0,-1,1853202,1585177
KABO,2014-12-31,0.85,0.85,0.83,0.85,-1.11,0,-1,2464327,2069811.375
KABO,2014-12-30,0.87,0.87,0.84,0.85,-1.1,-0.01,-1,4379979,3721493.5
KABO,2014-12-29,0.87,0.87,0.84,0.86,2.25,0.01,-1,2438754,2090294.625
KABO,2014-12-28,0.85,0.85,0.84,0.85,-1.11,0,-1,626834,529256
KABO,2014-12-25,0.86,0.86,0.85,0.85,0,0,-1,1197257,1016695.625
KABO,2014-12-24,0.86,0.86,0.85,0.85,0,0,-1,1985675,1693625.5
KABO,2014-12-23,0.87,0.87,0.84,0.85,0,0,-1,729825,620321.0625
KABO,2014-12-22,0.88,0.88,0.82,0.85,1.12,0,-1,3165803,2708203.5
KABO,2014-12-21,0.85,0.85,0.83,0.85,4.71,0.04,-1,1850981,1556816.875
KABO,2014-12-18,0.83,0.83,0.78,0.81,4.94,0.04,-1,2055086,1647402.875
KABO,2014-12-17,0.84,0.84,0.73,0.77,-4.71,-0.04,-1,2696586,2056353.125
KABO,2014-12-16,0.85,0.85,0.78,0.81,-4.49,-0.04,-1,2160319,1738348.875
KABO,2014-12-15,0.86,0.86,0.83,0.85,-1.11,0,-1,1422681,1197131.875
KABO,2014-12-14,0.88,0.88,0.81,0.85,-4.26,-0.04,-1,3660771,3101630.25
KABO,2014-12-11,0.91,0.91,0.88,0.89,-3.09,-0.03,-1,2919007,2601950.75
KABO,2014-12-10,0.93,0.93,0.91,0.92,-1.02,-0.01,-1,1871271,1715142.875
KABO,2014-12-09,0.95,0.95,0.92,0.93,-2.97,-0.03,-1,2357874,2187938.5
KABO,2014-12-08,0.97,0.97,0.94,0.96,1,0.01,-1,4449885,4246618.5
KABO,2014-12-07,0.96,0.96,0.93,0.95,2.04,0.02,-1,3832147,3619140.75
KABO,2014-12-04,0.95,0.95,0.92,0.93,1.03,0.01,-1,2935157,2735237.5
KABO,2014-12-03,0.94,0.94,0.91,0.92,0,0,-1,1511091,1393355.75
KABO,2014-12-02,0.93,0.93,0.9,0.92,-1.02,-0.01,-1,1620387,1480505.625
KABO,2014-12-01,0.94,0.94,0.92,0.93,-1.01,-0.01,-1,1184902,1099882
KABO,2014-11-30,0.95,0.95,0.92,0.94,2.06,0.02,-1,2771993,2584523
KABO,2014-11-27,0.93,0.93,0.91,0.92,0,0,-1,1877862,1726143.875
KABO,2014-11-26,0.93,0.93,0.91,0.92,1.04,0.01,-1,1066968,978566.9375
KABO,2014-11-25,0.92,0.92,0.89,0.91,0,0,-1,1468935,1332238.75
KABO,2014-11-24,0.93,0.93,0.89,0.91,-2.04,-0.02,-1,1646125,1488325.375
KABO,2014-11-23,0.93,0.93,0.92,0.93,0,0,-1,1204047,1112996.875
KABO,2014-11-20,0.95,0.95,0.92,0.93,0,0,-1,770514,712067.75
KABO,2014-11-19,0.94,0.94,0.92,0.93,-1.01,-0.01,-1,707734,656616.375
KABO,2014-11-18,0.96,0.96,0.9,0.94,3.13,0.03,-1,3744931,3502287
KABO,2014-11-17,0.93,0.93,0.9,0.91,-2.04,-0.02,-1,1517303,1382141.875
KABO,2014-11-16,0.95,0.95,0.91,0.93,1.03,0.01,-1,1916463,1772408.25
KABO,2014-11-13,0.94,0.94,0.9,0.92,-2.02,-0.02,-1,2674807,2457973.5
KABO,2014-11-12,0.97,0.97,0.92,0.94,-2.94,-0.03,-1,2030345,1904789
KABO,2014-11-11,0.98,0.98,0.96,0.97,0,0,-1,1342488,1297217.5
KABO,2014-11-10,0.98,0.98,0.96,0.97,0,0,-1,1745472,1677985
KABO,2014-11-09,0.98,0.98,0.96,0.97,0,0,-1,1522268,1464615.625
KABO,2014-11-06,0.99,0.99,0.96,0.97,-0.97,-0.01,-1,2902581,2805263.75
KABO,2014-11-05,1,1,0.96,0.98,0,0,-1,3883234,3786007
KABO,2014-11-04,1.01,1.01,0.96,0.98,3,0.03,-1,7461252,7294888
KABO,2014-11-03,0.97,0.97,0.93,0.95,0,0,-1,3416091,3232488.75
KABO,2014-11-02,0.96,0.96,0.93,0.95,2.04,0.02,-1,3653212,3444996.5
KABO,2014-10-30,0.94,0.94,0.9,0.93,2.08,0.03,-1,6883034,6357613.5
KABO,2014-10-29,0.91,0.91,0.88,0.9,2.15,0.02,-1,1861103,1665484.625
KABO,2014-10-28,0.9,0.9,0.86,0.88,1.09,0.01,-1,2003583,1768183
KABO,2014-10-27,0.89,0.89,0.85,0.87,-3.16,-0.03,-1,1903066,1657100.75
KABO,2014-10-26,0.92,0.92,0.88,0.9,0,0,-1,1910216,1713582.5
KABO,2014-10-23,0.92,0.92,0.89,0.9,-1.04,-0.01,-1,1931588,1741334.5
KABO,2014-10-22,0.92,0.92,0.9,0.91,2.13,0.02,-1,1415118,1280892.625
KABO,2014-10-21,0.91,0.91,0.88,0.89,2.17,0.02,-1,2266004,2025283.5
KABO,2014-10-20,0.89,0.89,0.85,0.87,2.22,0.02,-1,2350358,2040782.375
KABO,2014-10-19,0.89,0.89,0.84,0.85,0,0,-1,2399640,2051567.75
KABO,2014-10-16,0.9,0.9,0.83,0.85,-6.25,-0.06,-1,4088523,3501998.5
KABO,2014-10-15,0.94,0.94,0.88,0.91,0,0,-1,1958025,1775001.875
KABO,2014-10-14,0.97,0.97,0.86,0.91,-4.95,-0.05,-1,4033056,3666802.75
KABO,2014-10-13,0.98,0.98,0.95,0.96,-2.88,-0.03,-1,1777834,1707294.5
KABO,2014-10-12,1.03,1.03,0.94,0.99,-3.7,-0.04,-1,2679750,2640968.25
KABO,2014-10-09,1.04,1.04,1.01,1.03,0.93,0.01,-1,2406973,2468255
KABO,2014-10-08,1.04,1.04,1.01,1.02,-0.93,-0.01,-1,1426530,1447546
KABO,2014-10-02,1.04,1.04,1.01,1.03,1.89,0.02,-1,1712065,1748755.25
KABO,2014-10-01,1.02,1.02,1.01,1.01,-1.85,-0.02,-1,970531,977992.375
KABO,2014-09-30,1.03,1.03,1.01,1.03,0.93,0.01,-1,953282,970518.125
KABO,2014-09-29,1.03,1.03,1.01,1.02,1.9,0.02,-1,1894792,1918220
KABO,2014-09-28,1.02,1.02,0.99,1,-1.87,-0.02,-1,918466,916504.5
KABO,2014-09-25,1.04,1.04,1,1.02,-1.83,-0.02,-1,1763737,1785045
KABO,2014-09-24,1.05,1.05,1.02,1.04,0,0,-1,2187741,2247355.25
KABO,2014-09-23,1.04,1.04,1.02,1.04,0.93,0.01,-1,1782325,1833398.625
KABO,2014-09-22,1.04,1.04,1.02,1.03,-2.73,-0.01,-1,1015920,1039335.25
KABO,2014-09-21,1.06,1.06,1.03,1.04,-0.92,0,-1,2569861,2675083.25
KABO,2014-09-18,1.05,1.05,1.03,1.04,0.93,0.01,-1,2038638,2111824.5
KABO,2014-09-17,1.04,1.04,1.03,1.03,-1.82,-0.01,-1,1880714,1930078.125
KABO,2014-09-16,1.06,1.06,1.03,1.04,-0.9,-0.01,-1,1987400,2073363.5
KABO,2014-09-15,1.06,1.06,1.04,1.05,0,0,-1,1870714,1960293
KABO,2014-09-14,1.07,1.07,1.04,1.05,1.83,0.01,-1,2716893,2859301
KABO,2014-09-11,1.06,1.06,1,1.04,-0.91,0,-1,4079151,4208644
KABO,2014-09-10,1.07,1.07,1.02,1.04,-2.65,-0.03,-1,2866762,2995552
KABO,2014-09-09,1.09,1.09,1.04,1.07,-1.74,-0.02,-1,3369112,3593881
KABO,2014-09-08,1.12,1.12,1.07,1.09,-2.54,-0.03,-1,4212443,4601319
KABO,2014-09-07,1.14,1.14,1.11,1.12,-0.84,-0.01,-1,667613,742864.625
KABO,2014-09-04,1.14,1.14,1.11,1.13,-0.83,-0.01,-1,2668558,3003135.5
KABO,2014-09-03,1.15,1.15,1.11,1.14,0,0,-1,5920027,6707089
KABO,2014-09-02,1.15,1.15,1.12,1.14,0.84,0.01,-1,3094156,3503164.5
KABO,2014-09-01,1.15,1.15,1.11,1.13,1.71,0.02,-1,8219091,9245635
KABO,2014-08-31,1.12,1.12,1.1,1.11,0.86,0.01,-1,1552888,1712561.125
KABO,2014-08-28,1.11,1.11,1.09,1.1,0,0,-1,3275492,3601172.75
KABO,2014-08-27,1.12,1.12,1.09,1.1,0.87,0.01,-1,1756330,1934272.75
KABO,2014-08-26,1.11,1.11,1.09,1.09,-0.86,-0.01,-1,1667698,1822361.25
KABO,2014-08-25,1.12,1.12,1.09,1.1,-0.85,-0.01,-1,2453048,2701933
KABO,2014-08-24,1.13,1.13,1.1,1.11,0,0,-1,3275288,3641189.5
KABO,2014-08-21,1.13,1.13,1.1,1.11,-2.5,-0.03,-1,2775405,3083295.5
KABO,2014-08-20,1.17,1.17,1.11,1.14,-1.64,-0.02,-1,3922048,4438970.5
KABO,2014-08-19,1.18,1.18,1.14,1.16,0.83,0.01,-1,6341895,7332587.5
KABO,2014-08-18,1.18,1.18,1.12,1.15,1.68,0.02,-1,11301736,12952564
KABO,2014-08-17,1.14,1.14,1.11,1.13,0.85,0.01,-1,3192262,3585842
KABO,2014-08-14,1.14,1.14,1.11,1.12,-0.84,-0.01,-1,1850600,2069574.875
KABO,2014-08-13,1.15,1.15,1.12,1.13,0.85,0.01,-1,4340352,4896009
KABO,2014-08-12,1.14,1.14,1.11,1.12,-1.67,-0.02,-1,3532911,3952826.25
KABO,2014-08-11,1.16,1.16,1.12,1.14,0.84,0.01,-1,4714127,5340852.5
KABO,2014-08-10,1.16,1.16,1.1,1.13,0,0,-1,4324557,4872611.5
KABO,2014-08-07,1.15,1.15,1.1,1.13,0.85,0.01,-1,5445208,6128767
KABO,2014-08-06,1.17,1.17,1.1,1.12,-0.84,-0.01,-1,4618402,5142226.5
KABO,2014-08-05,1.15,1.15,1.11,1.13,-0.83,-0.01,-1,4298316,4845775
KABO,2014-08-04,1.17,1.17,1.11,1.14,0,0,-1,7391865,8419746
KABO,2014-08-03,1.16,1.16,1.12,1.14,2.56,0.03,-1,6726807,7640835.5
KABO,2014-07-31,1.14,1.14,1.08,1.11,4.42,0.04,-1,8150435,9040715
KABO,2014-07-27,1.09,1.09,1.05,1.07,0.89,0.01,-1,2620146,2814467.75
KABO,2014-07-24,1.07,1.07,1.05,1.06,0.9,0.01,-1,1041400,1103897.375
KABO,2014-07-22,1.06,1.06,1.04,1.05,1.83,0.01,-1,1542930,1616115.5
KABO,2014-07-21,1.04,1.04,1.03,1.04,-0.91,0,-1,445654,459763.875
KABO,2014-07-20,1.05,1.05,1.04,1.04,-0.9,-0.01,-1,1100233,1145222.5
KABO,2014-07-17,1.06,1.06,1.04,1.05,0,0,-1,851567,895413.1875
KABO,2014-07-16,1.06,1.06,1.04,1.05,-0.89,-0.01,-1,814898,853557.3125
KABO,2014-07-15,1.07,1.07,1.04,1.06,2.75,0.02,-1,1375882,1456132.875
KABO,2014-07-14,1.05,1.05,1.03,1.04,-1.8,-0.01,-1,1746377,1809922.375
KABO,2014-07-13,1.06,1.06,1.04,1.05,-0.89,-0.01,-1,801369,838273
KABO,2014-07-10,1.07,1.07,1.04,1.06,-0.88,-0.01,-1,1514332,1601469.625
KABO,2014-07-09,1.08,1.08,1.05,1.07,0.89,0.01,-1,2678025,2853859.5
KABO,2014-07-08,1.08,1.08,1.04,1.06,1.82,0.02,-1,4186060,4424920.5
KABO,2014-07-07,1.06,1.06,1.04,1.04,-0.9,-0.01,-1,1127626,1171177.25
KABO,2014-07-06,1.06,1.06,1.04,1.05,0.91,0.01,-1,1459433,1527931.25
KABO,2014-07-03,1.05,1.05,1.04,1.04,1.85,0.01,-1,2612994,2725801.5
KABO,2014-07-02,1.04,1.04,1.01,1.03,0,0,-1,2304809,2351497.5
KABO,2014-06-30,1.04,1.04,1.01,1.03,2.86,0.03,-1,2526015,2575078.5
KABO,2014-06-29,1.02,1.02,0.97,1,0.96,0.01,-1,1970336,1959004.25
KABO,2014-06-26,1.02,1.02,0.97,0.99,1.96,0.02,-1,2634733,2601924.5
KABO,2014-06-25,1,1,0.94,0.97,-1.92,-0.02,-1,3234153,3114146.5
KABO,2014-06-24,1.03,1.03,0.97,0.99,-3.7,-0.04,-1,2113323,2086089.375
KABO,2014-06-23,1.04,1.04,1.02,1.03,0,0,-1,1578453,1613228.25
KABO,2014-06-22,1.04,1.04,1.01,1.03,0,0,-1,1376054,1409232.375
KABO,2014-06-19,1.04,1.04,1.01,1.03,-1.82,-0.01,-1,2334328,2386807.75
KABO,2014-06-18,1.06,1.06,1.02,1.04,0,0,-1,2012463,2091631.25
KABO,2014-06-17,1.07,1.07,1.02,1.04,-1.79,-0.02,-1,2917540,3032051.5
KABO,2014-06-16,1.1,1.1,1.04,1.06,-2.61,-0.03,-1,7352780,7795507
KABO,2014-06-15,1.11,1.11,1.07,1.09,-1.71,-0.02,-1,2237740,2438658
KABO,2014-06-12,1.14,1.14,1.1,1.11,-0.85,-0.01,-1,4036635,4485047
KABO,2014-06-11,1.14,1.14,1.11,1.12,0.85,0.01,-1,4912401,5508306.5
KABO,2014-06-10,1.13,1.13,1.09,1.11,-0.85,-0.01,-1,2281834,2529672
KABO,2014-06-09,1.16,1.16,1.1,1.12,0.85,0.01,-1,6089088,6816043
KABO,2014-06-05,1.14,1.14,1.07,1.11,5.41,0.06,-1,8523442,9443977
KABO,2014-06-04,1.09,1.09,1,1.05,2.78,0.02,-1,7550886,7961380.5
KABO,2014-06-03,1.06,1.06,1,1.03,1.89,0.02,-1,3558231,3645841.75
KABO,2014-06-02,1.04,1.04,0.98,1.01,1.92,0.02,-1,4279909,4287865.5
KABO,2014-06-01,1.04,1.04,0.96,0.99,-7.14,-0.07,-1,3934842,3886556.75
KABO,2014-05-29,1.15,1.15,1.02,1.06,-5.08,-0.06,-1,8660861,9151863
KABO,2014-05-28,1.14,1.14,1.09,1.12,-4.07,-0.05,-1,4806986,5381606
KABO,2014-05-26,1.22,1.22,1.12,1.17,-2.38,-0.03,-1,10331741,11981986
KABO,2014-05-25,1.22,1.22,1.18,1.2,0.8,0.01,-1,5523846,6577591.5
KABO,2014-05-22,1.22,1.22,1.17,1.19,0.81,0.01,-1,12261376,14505121
KABO,2014-05-21,1.23,1.23,1.11,1.18,3.33,0.04,-1,13127036,15358455
KABO,2014-05-20,1.17,1.17,1.1,1.14,-0.83,-0.01,-1,9585492,10849679
KABO,2014-05-19,1.17,1.17,1.12,1.15,3.42,0.04,-1,9706084,11125557
KABO,2014-05-18,1.16,1.16,1.05,1.11,5.41,0.06,-1,18378435,20405858
KABO,2014-05-15,1.07,1.07,1.03,1.05,2.78,0.02,-1,10293204,10817723
KABO,2014-05-14,1.04,1.04,1.02,1.03,0.93,0.01,-1,4332186,4432579.5
KABO,2014-05-13,1.03,1.03,1.01,1.02,0.94,0.01,-1,1257574,1271112.75
KABO,2014-05-12,1.02,1.02,1,1.01,0,0,-1,1815992,1822514.75
KABO,2014-05-11,1.03,1.03,0.99,1.01,0.95,0.01,-1,1940258,1947089.875
KABO,2014-05-08,1.01,1.01,0.98,1,-1.87,-0.02,-1,2335835,2312392.75
KABO,2014-05-07,1.04,1.04,1,1.02,-0.93,-0.01,-1,3783651,3833451.75
KABO,2014-05-06,1.04,1.04,1.02,1.03,1.89,0.02,-1,2769247,2834840.5
KABO,2014-05-05,1.02,1.02,0.99,1.01,-0.93,-0.01,-1,3359372,3360384
KABO,2014-05-04,1.04,1.04,1.01,1.02,0,0,-1,1989622,2016863
KABO,2014-04-30,1.03,1.03,1,1.02,2.88,0.03,-1,2018446,2037648.25
KABO,2014-04-29,1.01,1.01,0.97,0.99,-2.8,-0.03,-1,3480039,3441241
KABO,2014-04-28,1.04,1.04,1,1.02,-1.83,-0.02,-1,3938308,4003492
KABO,2014-04-27,1.05,1.05,1.02,1.04,-0.91,0,-1,4830355,4997625
KABO,2014-04-23,1.07,1.07,1.03,1.04,-0.9,-0.01,-1,5069151,5293039.5
KABO,2014-04-22,1.07,1.07,1.04,1.05,3.74,0.03,-1,7425624,7790666
KABO,2014-04-17,1.04,1.04,1,1.02,0,0,-1,4048130,4116111.5
KABO,2014-04-16,1.04,1.04,0.99,1.02,0,0,-1,4707561,4773221.5
KABO,2014-04-15,1.04,1.04,1,1.02,2.88,0.03,-1,5831651,5918232.5
KABO,2014-04-14,1.02,1.02,0.98,0.99,-0.95,-0.01,-1,3386419,3345663.5
KABO,2014-04-13,1.04,1.04,0.98,1,-0.94,-0.01,-1,5495185,5481359
KABO,2014-04-10,1.04,1.04,0.96,1.01,2.91,0.03,-1,6780059,6813078
KABO,2014-04-09,1.01,1.01,0.93,0.98,1.98,0.02,-1,8817372,8571027
KABO,2014-04-08,0.98,0.98,0.93,0.96,6.32,0.06,-1,4402927,4191307.75
KABO,2014-04-07,0.96,0.96,0.84,0.9,-1.04,-0.01,-1,5783035,5176108.5
KABO,2014-04-06,0.98,0.98,0.85,0.91,-4,-0.04,-1,6151152,5582716.5
KABO,2014-04-03,1.02,1.02,0.92,0.95,-6.54,-0.07,-1,5668200,5345590.5
KABO,2014-04-02,1.08,1.08,0.97,1.02,-2.73,-0.02,-1,7177951,7238682.5
KABO,2014-04-01,1.09,1.09,0.98,1.04,-1.79,-0.02,-1,3967673,4135373
KABO,2014-03-31,1.16,1.16,1.03,1.06,-5.88,-0.07,-1,6291530,6650849.5
KABO,2014-03-30,1.15,1.15,1.07,1.13,-2.46,-0.03,-1,4880574,5479350.5
KABO,2014-03-27,1.28,1.28,1.11,1.16,-6.15,-0.07,-1,11450378,13276040
KABO,2014-03-26,1.27,1.27,1.2,1.23,-2.99,-0.04,-1,7183029,8828179
KABO,2014-03-25,1.29,1.29,1.23,1.27,0.75,0.01,-1,10252621,12963754
KABO,2014-03-24,1.28,1.28,1.24,1.26,-1.48,-0.02,-1,9692356,12215748
KABO,2014-03-23,1.32,1.32,1.25,1.28,0,0,-1,12298725,15758492
KABO,2014-03-20,1.31,1.31,1.23,1.28,3.85,0.05,-1,16061983,20584128
KABO,2014-03-19,1.26,1.26,1.22,1.23,0,0,-1,10994183,13551288
KABO,2014-03-18,1.24,1.24,1.21,1.23,1.56,0.01,-1,6745937,8285283.5
KABO,2014-03-17,1.25,1.25,1.18,1.22,0.79,0.01,-1,10381016,12564086
KABO,2014-03-16,1.26,1.26,1.16,1.21,0.79,0.01,-1,14682684,17581994
KABO,2014-03-13,1.25,1.25,1.13,1.2,5,0.06,-1,15934037,19065964
KABO,2014-03-12,1.17,1.17,1.09,1.14,3.45,0.04,-1,19899606,22628950
KABO,2014-03-11,1.12,1.12,1.09,1.1,0,0,-1,5036841,5543915.5
KABO,2014-03-10,1.12,1.12,1.07,1.1,-0.85,-0.01,-1,6661167,7314745
KABO,2014-03-09,1.13,1.13,1.08,1.11,1.74,0.02,-1,7514734,8299119
KABO,2014-03-06,1.11,1.11,1.04,1.09,2.68,0.03,-1,10839045,11762214
KABO,2014-03-05,1.07,1.07,1.04,1.06,1.82,0.02,-1,4599923,4864418
KABO,2014-03-04,1.06,1.06,1.01,1.04,0,0,-1,4413646,4605590.5
KABO,2014-03-03,1.08,1.08,1.01,1.04,-3.51,-0.04,-1,8655724,9015840
KABO,2014-03-02,1.1,1.1,1.06,1.08,-1.72,-0.02,-1,4779138,5161734
KABO,2014-02-27,1.11,1.11,1.08,1.1,0.87,0.01,-1,5958756,6514638.5
KABO,2014-02-26,1.1,1.1,1.07,1.09,0,0,-1,5365395,5832136.5
KABO,2014-02-25,1.12,1.12,1.06,1.09,0.88,0.01,-1,10502139,11399692
KABO,2014-02-24,1.11,1.11,1.06,1.08,-1.72,-0.02,-1,5634399,6088608
KABO,2014-02-23,1.12,1.12,1.07,1.1,-1.694915,-0.02,-1,9013661,9856209
KABO,2014-02-20,1.14,1.14,1.1,1.12,0.85,0.01,-1,8203146,9137844
KABO,2014-02-19,1.13,1.13,1.07,1.11,2.63,0.03,-1,18552892,20483444
KABO,2014-02-18,1.1,1.1,1.06,1.08,0.88,0.01,-1,4397701,4740324.5
KABO,2014-02-17,1.09,1.09,1.05,1.07,-0.88,-0.01,-1,4102366,4390278.5
KABO,2014-02-16,1.1,1.1,1.06,1.08,0,0,-1,4436948,4780680
KABO,2014-02-13,1.09,1.09,1.07,1.08,-0.87,-0.01,-1,4224761,4541430.5
KABO,2014-02-12,1.11,1.11,1.07,1.09,0.88,0.01,-1,9224984,10070279
KABO,2014-02-11,1.11,1.11,1.06,1.08,0.88,0.01,-1,7515346,8136945.5
KABO,2014-02-10,1.1,1.1,1.03,1.07,4.63,0.04,-1,18283014,19501300
KABO,2014-02-09,1.04,1.04,1.01,1.03,-0.92,-0.01,-1,3539838,3617643
KABO,2014-02-06,1.05,1.05,1.02,1.04,2.83,0.03,-1,5422898,5583645
KABO,2014-02-05,1.03,1.03,1,1.01,0.95,0.01,-1,4237167,4270915
KABO,2014-02-04,1.04,1.04,0.98,1,-3.67,-0.04,-1,5974293,5948092.5
KABO,2014-02-03,1.05,1.05,1.02,1.04,-0.91,0,-1,4892245,5033364
KABO,2014-02-02,1.06,1.06,1.01,1.04,3.77,0.03,-1,11066657,11490974
KABO,2014-01-30,1.03,1.03,0.99,1.01,0,0,-1,5521898,5553958.5
KABO,2014-01-29,1.04,1.04,0.98,1.01,-2.75,-0.03,-1,9245645,9260504
KABO,2014-01-28,1.05,1.05,1.01,1.04,3.81,0.04,-1,12739735,13128129
KABO,2014-01-27,1.04,1.04,0.94,1,5,0.05,-1,13475494,13346367
KABO,2014-01-26,0.98,0.98,0.88,0.95,6.38,0.06,-1,13802027,13000426
KABO,2014-01-23,0.91,0.91,0.84,0.89,6.82,0.05,-1,11126315,9908650
KABO,2014-01-22,0.85,0.85,0.79,0.84,6.02,0.05,-1,8441950,6991716
KABO,2014-01-21,0.8,0.8,0.78,0.79,1.22,0.01,-1,1716942,1354499.125
KABO,2014-01-20,0.8,0.8,0.76,0.78,0,0,-1,2427439,1882443.375
KABO,2014-01-19,0.83,0.83,0.76,0.78,-4.65,-0.04,-1,3158546,2458109.75
KABO,2014-01-16,0.84,0.84,0.8,0.82,-1.15,-0.01,-1,3605012,2930430.25
KABO,2014-01-15,0.85,0.85,0.81,0.83,-3.33,-0.02,-1,4683165,3866568.75
KABO,2014-01-14,0.87,0.87,0.83,0.85,1.12,0,-1,4819857,4085740.25
KABO,2014-01-12,0.86,0.86,0.81,0.85,3.49,0.03,-1,6517036,5472157
KABO,2014-01-09,0.87,0.87,0.8,0.82,2.38,0.02,-1,4272744,3488626.75
KABO,2014-01-08,0.82,0.82,0.74,0.8,6.33,0.05,-1,6774525,5381491.5
KABO,2014-01-06,0.77,0.77,0.74,0.75,-2.47,-0.02,-1,4669893,3501576
KABO,2014-01-05,0.79,0.79,0.73,0.77,3.85,0.03,-1,4420018,3395018
KABO,2014-01-02,0.76,0.76,0.7,0.74,6.85,0.05,-1,8318633,6102047
KABO,2013-12-31,0.7,0.7,0.67,0.69,2.82,0.02,-1,5778372,3988532.75
KABO,2013-12-30,0.68,0.68,0.66,0.67,0,0,-1,1566577,1053438.125
KABO,2013-12-29,0.67,0.67,0.66,0.67,1.43,0.01,-1,1925009,1287220.25
KABO,2013-12-26,0.67,0.67,0.66,0.66,-1.41,-0.01,-1,1064634,705271.5
KABO,2013-12-25,0.67,0.67,0.66,0.67,1.43,0.01,-1,766320,512034.28125
KABO,2013-12-24,0.67,0.67,0.66,0.66,-1.41,-0.01,-1,1159406,770569.3125
KABO,2013-12-23,0.68,0.68,0.66,0.67,0,0,-1,1200321,804187.6875
KABO,2013-12-22,0.69,0.69,0.66,0.67,0,0,-1,3211151,2170581.75
KABO,2013-12-19,0.68,0.68,0.66,0.67,0,0,-1,1927780,1287909.375
KABO,2013-12-18,0.67,0.67,0.66,0.67,0,0,-1,633295,423129.8125
KABO,2013-12-17,0.68,0.68,0.66,0.67,0,0,-1,659437,442383.34375
KABO,2013-12-16,0.68,0.68,0.66,0.67,1.43,0.01,-1,1786754,1192593.625
KABO,2013-12-15,0.67,0.67,0.66,0.66,0,0,-1,1901953,1260384.875
KABO,2013-12-12,0.67,0.67,0.66,0.66,1.45,0,-1,1411483,935700.5
KABO,2013-12-11,0.66,0.66,0.65,0.66,0,0,-1,2093912,1372893.75
KABO,2013-12-10,0.66,0.66,0.65,0.66,0,0,-1,238942,155379.4375
KABO,2013-12-09,0.67,0.67,0.64,0.66,-1.43,0,-1,1707508,1111304.125
KABO,2013-12-08,0.66,0.66,0.65,0.66,1.45,0,-1,1049941,692568.5625
KABO,2013-12-05,0.66,0.66,0.65,0.66,0,0,-1,1066973,694236.3125
KABO,2013-12-04,0.66,0.66,0.65,0.66,1.47,0.01,-1,862337,560600.5
KABO,2013-12-03,0.66,0.66,0.65,0.65,-2.86,-0.01,-1,964704,624640.75
KABO,2013-12-02,0.68,0.68,0.66,0.66,0,0,-1,1157288,766407.5625
KABO,2013-12-01,0.67,0.67,0.66,0.66,1.45,0,-1,470442,312538.0625
KABO,2013-11-28,0.66,0.66,0.66,0.66,-1.43,0,-1,998477,656155.25
KABO,2013-11-27,0.68,0.68,0.65,0.66,0,0,-1,1778224,1181230.875
KABO,2013-11-26,0.68,0.68,0.66,0.66,-1.41,-0.01,-1,1546550,1028687.25
KABO,2013-11-25,0.7,0.7,0.66,0.67,-4.05,-0.03,-1,2469664,1668508.875
KABO,2013-11-24,0.72,0.72,0.67,0.7,2.78,0.02,-1,4566495,3184175.5
KABO,2013-11-21,0.69,0.69,0.67,0.68,-2.7,-0.02,-1,1546396,1054130.25
KABO,2013-11-20,0.72,0.72,0.68,0.7,2.78,0.02,-1,4327842,3036384.25
KABO,2013-11-19,0.69,0.69,0.66,0.68,2.86,0.02,-1,3001715,2038477.25
KABO,2013-11-18,0.67,0.67,0.66,0.66,1.45,0,-1,1700837,1120859.875
KABO,2013-11-17,0.66,0.66,0.65,0.66,1.47,0.01,-1,1040032,674738.88
KABO,2013-11-14,0.66,0.66,0.64,0.65,-1.45,-0.01,-1,1569824,1012696.125
KABO,2013-11-13,0.66,0.66,0.65,0.66,-1.43,0,-1,725006,472814.03125
KABO,2013-11-12,0.68,0.68,0.66,0.66,0,0,-1,1383462,920951.1875
KABO,2013-11-11,0.67,0.67,0.66,0.66,-2.78,-0.02,-1,1689844,1123055.5
KABO,2013-11-10,0.7,0.7,0.66,0.68,1.41,0.01,-1,2256543,1540968.625
KABO,2013-11-07,0.69,0.69,0.66,0.67,1.43,0.01,-1,4855508,3272689.75
KABO,2013-11-06,0.66,0.66,0.66,0.66,1.45,0,-1,1661354,1097670.625
KABO,2013-11-04,0.66,0.66,0.65,0.66,1.47,0.01,-1,1373773,893480.3125
KABO,2013-11-03,0.66,0.66,0.64,0.65,0,0,-1,573475,368100.375
KABO,2013-10-31,0.66,0.66,0.64,0.65,0,0,-1,211460,136415.6875
KABO,2013-10-30,0.66,0.66,0.64,0.65,0,0,-1,2329115,1507320.25
KABO,2013-10-29,0.66,0.66,0.63,0.65,1.49,0.01,-1,1068584,687009.8125
KABO,2013-10-28,0.66,0.66,0.63,0.64,-4.29,-0.02,-1,2014452,1284270.125
KABO,2013-10-27,0.67,0.67,0.66,0.66,0,0,-1,953418,630512.75
KABO,2013-10-24,0.67,0.67,0.66,0.66,0,0,-1,868405,574995.75
KABO,2013-10-23,0.67,0.67,0.65,0.66,0,0,-1,3306886,2197369.75
KABO,2013-10-22,0.66,0.66,0.65,0.66,1.45,0,-1,1522720,1003511
KABO,2013-10-21,0.66,0.66,0.65,0.66,0,0,-1,1526950,996372
KABO,2013-10-20,0.66,0.66,0.65,0.66,0,0,-1,1740898,1134192
KABO,2013-10-13,0.66,0.66,0.65,0.66,1.47,0.01,-1,2049566,1333383
KABO,2013-10-10,0.66,0.66,0.64,0.65,1.49,0.01,-1,1284974,827051.5625
KABO,2013-10-09,0.66,0.66,0.62,0.64,-2.9,-0.02,-1,2975455,1884175
KABO,2013-10-08,0.67,0.67,0.64,0.66,-2.82,-0.01,-1,3118467,2030152.375
KABO,2013-10-07,0.69,0.69,0.66,0.67,4.41,0.02,-1,2824581,1901382.875
KABO,2013-10-03,0.66,0.66,0.6,0.65,7.94,0.05,-1,8971258,5742581
KABO,2013-10-02,0.62,0.62,0.59,0.6,-1.56,-0.01,-1,969853,579397.875
KABO,2013-10-01,0.62,0.62,0.6,0.61,0,0,-1,610700,368690.90625
KABO,2013-09-30,0.61,0.61,0.6,0.61,-1.54,-0.01,-1,506235,305142
KABO,2013-09-29,0.63,0.63,0.61,0.62,1.56,0.01,-1,2766643,1705817.75
KABO,2013-09-26,0.63,0.63,0.61,0.61,-1.54,-0.01,-1,1270553,773976.0625
KABO,2013-09-25,0.63,0.63,0.6,0.62,-1.54,0,-1,1750118,1076082.375
KABO,2013-09-24,0.63,0.63,0.6,0.62,-1.54,0,-1,1265082,773357.875
KABO,2013-09-23,0.63,0.63,0.61,0.62,1.56,0.01,-1,1448667,889994
KABO,2013-09-22,0.62,0.62,0.6,0.61,4.84,0.02,-1,2389225,1448855.5
KABO,2013-09-19,0.6,0.6,0.58,0.59,1.61,0,-1,885113,521577.875
KABO,2013-09-18,0.6,0.6,0.58,0.59,-1.61,0,-1,548066,320637.375
KABO,2013-09-17,0.61,0.61,0.59,0.59,-1.59,-0.01,-1,518042,306074.1875
KABO,2013-09-16,0.62,0.62,0.59,0.6,0,0,-1,1642223,982061.125
KABO,2013-09-15,0.61,0.61,0.56,0.6,0,0,-1,1432325,856916.1875
KABO,2013-09-12,0.62,0.62,0.6,0.6,-1.56,-0.01,-1,1192827,716675
KABO,2013-09-11,0.62,0.62,0.6,0.61,-3.08,-0.01,-1,1213095,738248.375
KABO,2013-09-10,0.63,0.63,0.61,0.62,3.17,0.02,-1,2810578,1727656.375
KABO,2013-09-09,0.62,0.62,0.58,0.6,0,0,-1,2042661,1224394
KABO,2013-09-08,0.62,0.62,0.58,0.6,-3.17,0,-1,2083907,1239923.5
KABO,2013-09-05,0.62,0.62,0.59,0.6,0,0,-1,3029271,1816198.875
KABO,2013-09-04,0.62,0.62,0.56,0.6,0,0,-1,3726206,2221661.5
KABO,2013-09-03,0.62,0.62,0.58,0.6,1.67,0.03,-1,3913332,2335176.5
KABO,2013-09-02,0.59,0.59,0.54,0.57,6.9,0.02,-1,2221255,1255626.625
KABO,2013-09-01,0.57,0.57,0.54,0.55,-1.72,0,-1,690553,382160.53125
KABO,2013-08-29,0.56,0.56,0.54,0.55,3.51,0.01,-1,340739,188089.84375
KABO,2013-08-28,0.55,0.55,0.53,0.54,-3.39,-0.02,-1,857415,463869.0625
KABO,2013-08-27,0.59,0.59,0.55,0.56,-6.45,-0.03,-1,2311076,1300562.625
KABO,2013-08-26,0.59,0.59,0.58,0.59,-1.61,0,-1,289361,169271.796875
KABO,2013-08-25,0.6,0.6,0.58,0.59,3.28,0.01,-1,693212,407340.71875
KABO,2013-08-22,0.58,0.58,0.57,0.58,0,0,-1,300873,173612.75
KABO,2013-08-21,0.58,0.58,0.57,0.58,-1.64,0,-1,256888,148141.40625
KABO,2013-08-20,0.58,0.58,0.57,0.58,5.17,0.03,-1,834272,477983.15625
KABO,2013-08-19,0.57,0.57,0.55,0.55,3.45,0,-1,793544,438180.46875
KABO,2013-08-18,0.56,0.56,0.54,0.55,-4.92,-0.03,-1,1167623,645330.6875
KABO,2013-08-14,0.59,0.59,0.56,0.58,-4.76,-0.02,-1,1536242,881720.625
KABO,2013-08-13,0.61,0.61,0.59,0.6,1.61,0.01,-1,879430,525044.56
KABO,2013-08-12,0.6,0.6,0.58,0.59,0,0,-1,715403,421284.34375
KABO,2013-08-07,0.6,0.6,0.59,0.59,-1.59,-0.01,-1,613630,361857.375
KABO,2013-08-06,0.61,0.61,0.59,0.6,0,0,-1,551488,328764.71875
KABO,2013-08-05,0.61,0.61,0.59,0.6,-1.59,0,-1,624498,373193.84375
KABO,2013-08-04,0.6,0.6,0.58,0.6,3.28,0.02,-1,490731,290328.75
KABO,2013-08-01,0.59,0.59,0.58,0.58,0,-0.01,-1,763646,441762.78125
KABO,2013-07-31,0.6,0.6,0.58,0.59,-1.59,-0.01,-1,506616,298594
KABO,2013-07-30,0.6,0.6,0.59,0.6,0,0,-1,216994,129081.921875
KABO,2013-07-29,0.61,0.61,0.59,0.6,0,0,-1,329638,196820.125
KABO,2013-07-28,0.6,0.6,0.59,0.6,0,0.01,-1,373969,222671.890625
KABO,2013-07-25,0.6,0.6,0.56,0.59,1.61,0,-1,826511,485965.8125
KABO,2013-07-24,0.62,0.62,0.58,0.59,-7.58,-0.04,-1,1409488,833787.3125
KABO,2013-07-22,0.64,0.64,0.62,0.63,-1.52,0,-1,505757,315344.65625
KABO,2013-07-21,0.64,0.64,0.61,0.63,3.13,0.02,-1,688624,431851.625
KABO,2013-07-18,0.63,0.63,0.6,0.61,-3.03,-0.02,-1,929598,566134.9375
KABO,2013-07-17,0.65,0.65,0.6,0.63,-3.03,0,-1,2796494,1748772.75
KABO,2013-07-16,0.64,0.64,0.6,0.63,8.06,0.04,-1,1509150,935708.9375
KABO,2013-07-15,0.59,0.59,0.57,0.59,8.77,0.05,-1,4261667,2480805.25
KABO,2013-07-14,0.54,0.54,0.54,0.54,9.62,0.05,-1,141765,76482.601563
KABO,2013-07-11,0.49,0.49,0.49,0.49,8.33,0.03,-1,54734,26939.119141
KABO,2013-07-10,0.49,0.49,0.46,0.46,8.33,0,-1,4543,2236
KABO,2013-07-09,0.46,0.46,0.46,0.46,9.09,0.04,-1,23877,10848
KABO,2013-06-13,0.43,0.43,0.39,0.42,2.27,0,-1,479691,198977.703125
KABO,2013-06-12,0.45,0.45,0.42,0.42,-6.25,-0.04,-1,763985,320893.0625
KABO,2013-06-11,0.47,0.47,0.44,0.46,0,0.01,-1,388848,175620.953125
KABO,2013-06-10,0.48,0.48,0.44,0.45,-9.8,-0.03,-1,1018524,456370.5
KABO,2013-06-09,0.51,0.51,0.47,0.48,-7.273,-0.04,-1,469278,226273.44
KABO,2013-06-06,0.54,0.54,0.52,0.52,-1.75,-0.02,-1,615850,322369
KABO,2013-06-05,0.56,0.56,0.52,0.54,-3.39,-0.02,-1,325653,175484.734375
KABO,2013-06-04,0.57,0.57,0.55,0.56,-3.28,-0.02,-1,107190,60208.398438
KABO,2013-06-03,0.59,0.59,0.57,0.58,-3.23,-0.01,-1,430632,248867.546875
KABO,2013-06-02,0.6,0.6,0.59,0.59,0,0,-1,146905,86210.648438
KABO,2013-05-30,0.6,0.6,0.58,0.59,0,0,-1,128999,75763.148438
KABO,2013-05-29,0.6,0.6,0.58,0.59,-3.17,-0.01,-1,378901,221538.546875
KABO,2013-05-28,0.61,0.61,0.59,0.6,0,0.01,-1,104056,61805.179688
KABO,2013-05-27,0.6,0.6,0.58,0.59,-1.59,-0.01,-1,178542,105239.109375
KABO,2013-05-26,0.61,0.61,0.6,0.6,-1.56,-0.01,-1,106730,63912.800781
KABO,2013-05-23,0.62,0.62,0.61,0.61,0,-0.01,-1,269083,163199.046875
KABO,2013-05-22,0.63,0.63,0.62,0.62,0,0,-1,270474,166916.953125
KABO,2013-05-21,0.62,0.62,0.62,0.62,-1.52,-0.01,-1,176437,108548.046875
KABO,2013-05-20,0.64,0.64,0.62,0.63,-1.52,0,-1,776790,482981.5
KABO,2013-05-19,0.64,0.64,0.62,0.63,-1.52,0,-1,220660,137870.09375
KABO,2013-05-16,0.63,0.63,0.62,0.63,-2.99,-0.01,-1,550330,343122.25
KABO,2013-05-15,0.64,0.64,0.63,0.64,0,0.01,-1,452777,285156.8125
KABO,2013-05-14,0.64,0.64,0.62,0.63,3.08,0.01,-1,192815,119804.351563
KABO,2013-05-13,0.64,0.64,0.61,0.62,-2.99,-0.02,-1,977847,601739
KABO,2013-05-12,0.65,0.65,0.63,0.64,0,0,-1,597508,377113.8125
KABO,2013-05-09,0.65,0.65,0.63,0.64,-1.49,0,-1,683666,434235.34375
KABO,2013-05-08,0.64,0.64,0.63,0.64,-1.49,0,-1,520763,329723
KABO,2013-05-07,0.64,0.64,0.62,0.64,3.08,0.02,-1,788640,498421.15625
KABO,2013-05-02,0.63,0.63,0.62,0.62,0,0,-1,266662,164380.703125
KABO,2013-04-30,0.63,0.63,0.62,0.62,0,-0.01,-1,571613,352294.5
KABO,2013-04-29,0.63,0.63,0.62,0.63,-2.99,-0.01,-1,198437,123722.703125
KABO,2013-04-28,0.64,0.64,0.63,0.64,1.52,0.01,-1,306433,193885
KABO,2013-04-24,0.63,0.63,0.62,0.63,-1.49,-0.01,-1,338123,210787.15625
KABO,2013-04-23,0.65,0.65,0.63,0.64,-1.49,0,-1,662891,417459.46875
KABO,2013-04-22,0.65,0.65,0.64,0.64,-1.47,-0.01,-1,482626,307001.6875
KABO,2013-04-21,0.66,0.66,0.65,0.65,0,0,-1,1141976,739703.875
KABO,2013-04-18,0.66,0.66,0.63,0.65,1.49,0.01,-1,608182,389076.46875
KABO,2013-04-17,0.65,0.65,0.63,0.64,-1.47,-0.01,-1,631371,400234.65625
KABO,2013-04-16,0.66,0.66,0.64,0.65,0,0,-1,690283,447311.6875
KABO,2013-04-15,0.66,0.66,0.64,0.65,-1.45,-0.01,-1,1214653,787175.63
KABO,2013-04-14,0.66,0.66,0.64,0.66,1.47,0.01,-1,1663777,1092265.25
KABO,2013-04-11,0.65,0.65,0.63,0.65,4.62,0.03,-1,996114,636949.4375
KABO,2013-04-10,0.63,0.63,0.61,0.62,1.54,0,-1,862015,533423.375
KABO,2013-04-09,0.63,0.63,0.61,0.62,1.56,0.01,-1,484229,298129.34375
KABO,2013-04-08,0.61,0.61,0.6,0.61,1.59,0.01,-1,1038075,627568.25
KABO,2013-04-07,0.61,0.61,0.59,0.6,0,0,-1,304808,181805
KABO,2013-04-04,0.61,0.61,0.58,0.6,1.61,0.01,-1,291555,173166.1875
KABO,2013-04-03,0.6,0.6,0.58,0.59,-3.12,-0.02,-1,458201,268297.5
KABO,2013-04-02,0.61,0.61,0.6,0.61,1.59,0.01,-1,329613,198937.9375
KABO,2013-04-01,0.62,0.62,0.59,0.6,-1.54,-0.02,-1,667199,400755.75
KABO,2013-03-31,0.63,0.63,0.61,0.62,-3.03,-0.01,-1,899798,552895.4375
KABO,2013-03-28,0.64,0.64,0.62,0.63,0,0,-1,566369,351878.21875
KABO,2013-03-27,0.64,0.64,0.62,0.63,0,0,-1,774747,483630.44
KABO,2013-03-26,0.64,0.64,0.62,0.63,-1.49,-0.01,-1,792902,495436.28125
KABO,2013-03-25,0.65,0.65,0.63,0.64,0,0,-1,865655,549219.8125
KABO,2013-03-24,0.65,0.65,0.63,0.64,0,0,-1,354172,225449.8125
KABO,2013-03-21,0.65,0.65,0.63,0.64,3.03,0.01,-1,546022,346376.75
KABO,2013-03-20,0.64,0.64,0.63,0.63,-2.94,-0.02,-1,527049,331225.40625
KABO,2013-03-19,0.66,0.66,0.64,0.65,-1.47,0,-1,550282,354053.125
KABO,2013-03-18,0.66,0.66,0.64,0.65,-1.45,-0.01,-1,461597,295444
KABO,2013-03-17,0.66,0.66,0.65,0.66,-1.45,0,-1,400161,261255.1875
KABO,2013-03-14,0.66,0.66,0.64,0.66,1.47,0.01,-1,435870,283856.59375
KABO,2013-03-13,0.66,0.66,0.64,0.65,-2.86,-0.01,-1,1029415,662236.4375
KABO,2013-03-12,0.67,0.67,0.66,0.66,0,0,-1,801460,530958.125
KABO,2013-03-11,0.67,0.67,0.66,0.66,1.45,0,-1,807562,534923
KABO,2013-03-10,0.66,0.66,0.65,0.66,0,0.01,-1,687931,447235
KABO,2013-03-07,0.66,0.66,0.64,0.65,1.49,0.01,-1,1026792,663150.75
KABO,2013-03-06,0.65,0.65,0.63,0.64,0,0,-1,296254,188210.6875
KABO,2013-03-05,0.65,0.65,0.63,0.64,-2.94,-0.01,-1,709875,451706.5
KABO,2013-03-04,0.67,0.67,0.64,0.65,-5.63,-0.02,-1,1293809,832612.25
KABO,2013-03-03,0.68,0.68,0.66,0.67,-1.39,-0.01,-1,1207207,806675
KABO,2013-02-28,0.69,0.69,0.67,0.68,-1.39,0,-1,656104,445488.96875
KABO,2013-02-27,0.69,0.69,0.67,0.68,-2.74,-0.01,-1,411401,280635.8125
KABO,2013-02-26,0.7,0.7,0.67,0.69,1.389,0.01,-1,1581977,1087136.88
KABO,2013-02-25,0.69,0.69,0.67,0.68,1.39,0,-1,513215,350533.25
KABO,2013-02-24,0.7,0.7,0.67,0.68,0,-0.01,-1,1548426,1060573.625
KABO,2013-02-21,0.69,0.69,0.68,0.69,0,0,-1,960018,659479.6875
KABO,2013-02-20,0.7,0.7,0.68,0.69,-2.7,-0.01,-1,1002359,689965.375
KABO,2013-02-19,0.72,0.72,0.69,0.7,-5.19,-0.03,-1,1469312,1027995.1875
KABO,2013-02-18,0.74,0.74,0.72,0.73,-2.56,-0.01,-1,1190291,861870.625
KABO,2013-02-17,0.74,0.74,0.73,0.74,0,0,-1,1192984,875230.625
KABO,2013-02-14,0.75,0.75,0.73,0.74,-1.28,0,-1,522696,384931.1875
KABO,2013-02-13,0.75,0.75,0.73,0.74,-2.53,-0.01,-1,1985416,1470803
KABO,2013-02-12,0.76,0.76,0.73,0.75,5.26,0.03,-1,3244358,2422767
KABO,2013-02-11,0.74,0.74,0.69,0.72,5.41,0.02,-1,4163741,3005349.25
KABO,2013-02-10,0.71,0.71,0.69,0.7,-1.35,0,-1,581730,407264.4375
KABO,2013-02-07,0.71,0.71,0.68,0.7,0,0,-1,1177406,821801.875
KABO,2013-02-06,0.71,0.71,0.69,0.7,-1.33,-0.01,-1,1159771,807490.5
KABO,2013-02-05,0.72,0.72,0.69,0.71,0,0.01,-1,1472495,1040449.625
KABO,2013-02-04,0.71,0.71,0.69,0.7,0,0,-1,1439641,1003345.75
KABO,2013-02-03,0.71,0.71,0.68,0.7,5.63,0.03,-1,988709,689101.625
KABO,2013-01-31,0.68,0.68,0.66,0.67,2.86,0.01,-1,991483,669698.0625
KABO,2013-01-30,0.66,0.66,0.66,0.66,1.45,0,-1,550986,365054.1875
KABO,2013-01-29,0.66,0.66,0.65,0.66,0,0,-1,595639,388280.40625
KABO,2013-01-28,0.68,0.68,0.66,0.66,-1.43,0,-1,1300205,858203.8125
KABO,2013-01-27,0.67,0.67,0.65,0.66,-1.39,-0.02,-1,1324424,878762.3125
KABO,2013-01-23,0.7,0.7,0.66,0.68,2.82,0.01,-1,1986521,1355588.875
KABO,2013-01-22,0.68,0.68,0.66,0.67,2.9,0.01,-1,1186300,793989
KABO,2013-01-21,0.66,0.66,0.65,0.66,-1.43,0,-1,1120709,731372.375
KABO,2013-01-20,0.7,0.7,0.66,0.66,-5.48,-0.03,-1,1170410,778054.875
KABO,2013-01-17,0.72,0.72,0.68,0.69,-4,-0.02,-1,967980,672986.1875
KABO,2013-01-16,0.72,0.72,0.7,0.71,1.35,0.01,-1,928423,658048.5
KABO,2013-01-15,0.72,0.72,0.69,0.7,-3.9,-0.03,-1,1241252,870796.3125
KABO,2013-01-14,0.75,0.75,0.71,0.73,-2.56,-0.01,-1,1486208,1085030.375
KABO,2013-01-13,0.75,0.75,0.73,0.74,-3.75,-0.02,-1,1332810,983921.625
KABO,2013-01-10,0.78,0.78,0.74,0.76,-2.47,-0.01,-1,1555304,1177653.25
KABO,2013-01-09,0.79,0.79,0.75,0.77,1.27,0.02,-1,4104550,3137414.75
KABO,2013-01-08,0.76,0.76,0.74,0.75,0,0,-1,1286714,959386.125
KABO,2013-01-06,0.76,0.76,0.74,0.75,0,0,-1,813515,607602.625
KABO,2013-01-03,0.76,0.76,0.74,0.75,1.27,0,-1,1194907,893808.8125
KABO,2013-01-02,0.76,0.76,0.73,0.75,3.95,0.03,-1,2363274,1762174.375
KABO,2012-12-31,0.72,0.72,0.71,0.72,-1.3,-0.01,-1,889752,638596.1875
KABO,2012-12-30,0.74,0.74,0.72,0.73,1.32,0.01,-1,802818,584598.56
KABO,2012-12-27,0.74,0.74,0.71,0.72,5.48,0.03,-1,1993448,1439700.375
KABO,2012-12-26,0.71,0.71,0.68,0.69,-1.33,-0.02,-1,898887,625266.25
KABO,2012-12-25,0.72,0.72,0.69,0.71,-2.67,0,-1,1041450,737040.0625
KABO,2012-12-24,0.72,0.72,0.69,0.71,-2.6,-0.02,-1,2972821,2107138.5
KABO,2012-12-23,0.77,0.77,0.71,0.73,-5.06,-0.02,-1,2085808,1528629.125
KABO,2012-12-20,0.76,0.76,0.74,0.75,0,0,-1,1505415,1126272.5
KABO,2012-12-19,0.77,0.77,0.74,0.75,-1.27,0,-1,2234798,1674036.125
KABO,2012-12-18,0.76,0.76,0.73,0.75,-1.25,-0.01,-1,1633725,1218056.25
KABO,2012-12-17,0.79,0.79,0.73,0.76,0,0.02,-1,2751194,2077071.5
KABO,2012-12-16,0.76,0.76,0.69,0.74,8.11,0.04,-1,2420577,1776919.375
KABO,2012-12-13,0.71,0.71,0.68,0.7,4.23,0.03,-1,1221421,850415.625
KABO,2012-12-12,0.69,0.69,0.65,0.67,7.35,0.02,-1,1726468,1160286.125
KABO,2012-12-11,0.65,0.65,0.64,0.65,1.49,0.01,-1,559648,359325.5
KABO,2012-12-10,0.65,0.65,0.63,0.64,-1.47,-0.01,-1,677102,427709.5
KABO,2012-12-09,0.66,0.66,0.64,0.65,4.62,0.03,-1,1253495,809303
KABO,2012-12-06,0.64,0.64,0.61,0.62,-1.47,-0.03,-1,1196137,735950.125
KABO,2012-12-05,0.66,0.66,0.63,0.65,0,0,-1,966526,617695
KABO,2012-12-04,0.66,0.66,0.62,0.65,3.03,0.02,-1,1105222,706418.3125
KABO,2012-12-03,0.64,0.64,0.62,0.63,-1.47,-0.02,-1,409404,256044.296875
KABO,2012-12-02,0.66,0.66,0.64,0.65,4.62,0.03,-1,816267,528987.5625
KABO,2012-11-29,0.64,0.64,0.6,0.62,3.08,0,-1,849708,525690.3125
KABO,2012-11-28,0.66,0.66,0.6,0.62,-7.14,-0.04,-1,1195576,741143.3125
KABO,2012-11-27,0.67,0.67,0.65,0.66,2.9,0,-1,927518,614353.0625
KABO,2012-11-26,0.67,0.67,0.61,0.66,-2.82,-0.01,-1,1161869,761168.1875
KABO,2012-11-25,0.72,0.72,0.66,0.67,-9.09,-0.06,-1,568450,379558.46875
KABO,2012-11-22,0.74,0.74,0.71,0.73,1.3,0,-1,491877,357263.75
KABO,2012-11-21,0.75,0.75,0.71,0.73,-1.32,0.01,-1,1819113,1319948
KABO,2012-11-20,0.75,0.75,0.7,0.72,1.28,-0.02,-1,1394368,1004890.875
KABO,2012-11-19,0.77,0.77,0.72,0.74,-3.75,-0.02,-1,1386958,1028482.25
KABO,2012-11-18,0.79,0.79,0.74,0.76,-5.95,-0.04,-1,1898637,1443044.125
KABO,2012-11-14,0.81,0.81,0.79,0.8,-1.19,0,-1,987097,781363.31
KABO,2012-11-13,0.81,0.81,0.79,0.8,1.2,0.01,-1,1073231,857374.13
KABO,2012-11-12,0.81,0.81,0.77,0.79,0,0,-1,1760213,1381518.75
KABO,2012-11-11,0.8,0.8,0.78,0.79,-1.2,0,-1,1212230,955512.5
KABO,2012-11-08,0.8,0.8,0.78,0.79,0,0,-1,481216,378432.19
KABO,2012-11-07,0.8,0.8,0.78,0.79,0,0,-1,1842580,1448242.25
KABO,2012-11-06,0.81,0.81,0.78,0.79,1.22,0.01,-1,1540296,1203704.88
KABO,2012-11-05,0.8,0.8,0.75,0.78,-1.19,-0.02,-1,2557393,1989280.63
KABO,2012-11-04,0.85,0.85,0.77,0.8,-10,-0.05,-1,2856977,2284063
KABO,2012-11-01,0.89,0.89,0.85,0.85,-3.23,-0.03,-1,2930031,2507461.25
KABO,2012-10-31,0.91,0.91,0.85,0.88,1.1,0.02,-1,6223006,5503282
KABO,2012-10-30,0.89,0.89,0.85,0.86,-1.09,-0.01,-1,3601357,3116058.25
KABO,2012-10-29,0.89,0.89,0.85,0.87,1.11,0.02,-1,3402443,2969937.75
KABO,2012-10-24,0.86,0.86,0.83,0.85,1.14,0.01,-1,3391227,2890874.5
KABO,2012-10-23,0.85,0.85,0.82,0.84,0,0,-1,866430,720920.81
KABO,2012-10-22,0.85,0.85,0.83,0.84,-2.25,-0.01,-1,1356587,1130878.13
KABO,2012-10-21,0.86,0.86,0.83,0.85,-1.14,0.01,-1,4276740,3609616.75
KABO,2012-10-18,0.85,0.85,0.81,0.84,3.53,0.03,-1,4085422,3401230
KABO,2012-10-17,0.83,0.83,0.8,0.81,0,0,-1,1285241,1038774.63
KABO,2012-10-16,0.82,0.82,0.78,0.81,1.19,0.01,-1,1705541,1364998.63
KABO,2012-10-15,0.82,0.82,0.79,0.8,-4.6,-0.03,-1,1471879,1173838.5
KABO,2012-10-14,0.85,0.85,0.81,0.83,-3.41,-0.01,-1,3052182,2503004.75
KABO,2012-10-11,0.85,0.85,0.83,0.84,-3.3,-0.02,-1,2595117,2167982.5
KABO,2012-10-10,0.9,0.9,0.84,0.86,-1.12,0.01,-1,2835746,2444508.5
KABO,2012-10-09,0.86,0.86,0.8,0.85,7.23,0.06,-1,7169939,6025273.5
KABO,2012-10-08,0.82,0.82,0.76,0.79,-3.53,-0.02,-1,2603281,2047564
KABO,2012-10-04,0.82,0.82,0.78,0.81,0,0.01,-1,1876356,1500907.88
KABO,2012-10-03,0.82,0.82,0.78,0.8,2.41,0.01,-1,1325764,1058560
KABO,2012-10-02,0.81,0.81,0.77,0.79,-4.65,-0.03,-1,2133596,1683820
KABO,2012-10-01,0.87,0.87,0.78,0.82,-9.89,-0.04,-1,4180770,3406488.25
KABO,2012-09-30,0.89,0.89,0.85,0.86,-5.32,-0.03,-1,2724117,2338788.5
KABO,2012-09-27,0.92,0.92,0.87,0.89,-4.12,-0.03,-1,3479434,3101131.75
KABO,2012-09-26,0.95,0.95,0.9,0.92,-4.04,-0.02,-1,4103899,3768710
KABO,2012-09-25,0.98,0.98,0.93,0.94,-2,-0.01,-1,4987191,4692120
KABO,2012-09-24,0.98,0.98,0.93,0.95,-1.98,-0.01,-1,4478300,4228690
KABO,2012-09-23,0.99,0.99,0.92,0.96,3.09,0.04,-1,10250508,9793080
KABO,2012-09-20,0.95,0.95,0.86,0.92,9.89,0.06,-1,8517495,7834280
KABO,2012-09-19,0.88,0.88,0.83,0.86,9.41,0.05,-1,11856087,10253900
KABO,2012-09-18,0.84,0.84,0.78,0.81,0,-0.01,-1,3748224,3027910
KABO,2012-09-17,0.85,0.85,0.8,0.82,-2.33,0,-1,7514708,6120920
KABO,2012-09-16,0.84,0.84,0.81,0.82,7.41,0.05,-1,3618621,2961285.5
KABO,2012-09-13,0.8,0.8,0.73,0.77,3.75,0.01,-1,6745529,5184245.5
KABO,2012-09-12,0.79,0.79,0.74,0.76,-2.5,0,-1,2613477,1978770
KABO,2012-09-11,0.77,0.77,0.73,0.76,6.58,0.04,-1,4093056,3099218.5
KABO,2012-09-10,0.74,0.74,0.71,0.72,1.3,-0.01,-1,1547048,1119070
KABO,2012-09-09,0.75,0.75,0.72,0.73,-2.56,-0.01,-1,1472742,1080240
KABO,2012-09-06,0.75,0.75,0.73,0.74,1.3,0.01,-1,1828842,1354450
KABO,2012-09-05,0.75,0.75,0.72,0.73,0,0,-1,2191156,1598620
KABO,2012-09-04,0.75,0.75,0.71,0.73,4,0.02,-1,3566351,2601820
KABO,2012-09-03,0.73,0.73,0.68,0.71,2.67,0,-1,3009455,2128370
KABO,2012-09-02,0.72,0.72,0.7,0.71,0,0.01,-1,2362060,1670610
KABO,2012-08-30,0.71,0.71,0.67,0.7,2.82,0.03,-1,3136814,2182990
KABO,2012-08-29,0.68,0.68,0.66,0.67,-2.74,-0.02,-1,2076325,1399040
KABO,2012-08-28,0.7,0.7,0.67,0.69,1.41,0.02,-1,2221846,1524827.38
KABO,2012-08-27,0.69,0.69,0.66,0.67,2.86,0.01,-1,4202934,2838420
KABO,2012-08-26,0.68,0.68,0.66,0.66,0,0,-1,2193213,1459329.5
KABO,2012-08-23,0.66,0.66,0.63,0.66,4.55,0.03,-1,3385145,2197480
KABO,2012-08-22,0.64,0.64,0.62,0.63,-1.49,-0.01,-1,1493197,933560
KABO,2012-08-21,0.66,0.66,0.63,0.64,-1.49,0,-1,661492,421067
KABO,2012-08-16,0.65,0.65,0.63,0.64,0,0,-1,1041620,661258
KABO,2012-08-15,0.65,0.65,0.62,0.64,1.52,0.01,-1,1025677,649878
KABO,2012-08-14,0.64,0.64,0.63,0.63,0,0,-1,693737,434289
KABO,2012-08-13,0.64,0.64,0.62,0.63,1.54,0.01,-1,820546,514355
KABO,2012-08-12,0.63,0.63,0.61,0.62,-1.54,0,-1,1027371,628728
KABO,2012-08-09,0.63,0.63,0.6,0.62,-1.52,-0.01,-1,917837,564096
KABO,2012-08-08,0.64,0.64,0.62,0.63,-4.41,-0.02,-1,841359,525420.25
KABO,2012-08-07,0.66,0.66,0.64,0.65,0,0.01,-1,1064920,686987
KABO,2012-08-06,0.66,0.66,0.62,0.64,0,0,-1,1322328,841326
KABO,2012-08-05,0.65,0.65,0.64,0.64,0,0,-1,831531,528304
KABO,2012-08-02,0.65,0.65,0.63,0.64,1.49,0,-1,775388,494702
KABO,2012-08-01,0.66,0.66,0.64,0.64,0,0,-1,839580,535656
KABO,2012-07-31,0.66,0.66,0.63,0.64,3.03,0.01,-1,1451885,926450
KABO,2012-07-30,0.64,0.64,0.62,0.63,1.54,0.01,-1,752329,473263.03
KABO,2012-07-29,0.62,0.62,0.61,0.62,0,0,-1,490325,300101
KABO,2012-07-26,0.63,0.63,0.61,0.62,0,0,-1,508101,311595
KABO,2012-07-25,0.62,0.62,0.61,0.62,-3.03,-0.01,-1,412415,252346
KABO,2012-07-24,0.63,0.63,0.61,0.63,-1.54,0.01,-1,855478,530503
KABO,2012-07-22,0.63,0.63,0.61,0.62,1.54,0,-1,677658,418690.66
KABO,2012-07-19,0.63,0.63,0.61,0.62,1.563,0.01,-1,560043,344411
KABO,2012-07-18,0.62,0.62,0.61,0.61,0,-0.01,-1,326271,198548
KABO,2012-07-17,0.63,0.63,0.61,0.62,1.56,0.01,-1,779917,478745
KABO,2012-07-16,0.62,0.62,0.6,0.61,-1.54,-0.01,-1,933278,566672
KABO,2012-07-15,0.62,0.62,0.61,0.62,-4.48,-0.02,-1,1006579,615193
KABO,2012-07-12,0.67,0.67,0.62,0.64,-4.41,-0.01,-1,1419539,906005
KABO,2012-07-11,0.66,0.66,0.62,0.65,4.55,0.02,-1,2190033,1413970
KABO,2012-07-10,0.64,0.64,0.6,0.63,4.69,0.02,-1,1211567,758968
KABO,2012-07-09,0.64,0.64,0.6,0.61,-5.71,-0.05,-1,2649596,1612060
KABO,2012-07-08,0.7,0.7,0.65,0.66,-8.11,-0.04,-1,2332180,1548780
KABO,2012-07-05,0.73,0.73,0.68,0.7,2.86,0.04,-1,3248459,2287370
KABO,2012-07-04,0.67,0.67,0.61,0.66,9.23,0.04,-1,6259181,4118030
KABO,2012-07-03,0.63,0.63,0.59,0.62,4.76,0.02,-1,1711566,1047360
KABO,2012-07-02,0.61,0.61,0.58,0.6,6.67,0.03,-1,1479899,881499
KABO,2012-06-28,0.58,0.58,0.55,0.57,3.39,0.01,-1,839146,474685
KABO,2012-06-27,0.57,0.57,0.55,0.56,1.72,0.01,-1,606336,338741
KABO,2012-06-26,0.57,0.57,0.53,0.55,7.14,0.02,-1,1180846,653758
KABO,2012-06-25,0.54,0.54,0.51,0.53,9.62,0.04,-1,978926,521470
KABO,2012-06-24,0.51,0.51,0.47,0.49,5.88,0.01,-1,747043,367936
KABO,2012-06-21,0.5,0.5,0.48,0.48,-1.92,-0.01,-1,428771,207591
KABO,2012-06-20,0.5,0.5,0.48,0.49,1.92,0,-1,197978,97627.5
KABO,2012-06-19,0.5,0.5,0.48,0.49,-5.56,-0.02,-1,503977,247612
KABO,2012-06-18,0.54,0.54,0.49,0.51,-5.36,-0.02,-1,489742,250320
KABO,2012-06-14,0.54,0.54,0.52,0.53,0,0.01,-1,237074,125784
KABO,2012-06-13,0.54,0.54,0.5,0.52,-3.51,-0.02,-1,958087,500858
KABO,2012-06-12,0.55,0.55,0.53,0.54,0,0,-1,275384,149452
KABO,2012-06-11,0.55,0.55,0.53,0.54,-1.75,0,-1,83441,44645.4
KABO,2012-06-10,0.55,0.55,0.53,0.54,0,0,-1,220720,119740
KABO,2012-06-07,0.54,0.54,0.53,0.54,1.79,0.01,-1,87692,47015
KABO,2012-06-06,0.53,0.53,0.52,0.53,0,0,-1,191960,101706
KABO,2012-06-05,0.54,0.54,0.52,0.53,0,0,-1,234132,123544
KABO,2012-06-04,0.54,0.54,0.53,0.53,-1.75,-0.01,-1,119214,63425.9
KABO,2012-06-03,0.54,0.54,0.53,0.54,-1.72,-0.01,-1,240000,129381
KABO,2012-05-31,0.56,0.56,0.53,0.55,-1.72,0,-1,348162,189586
KABO,2012-05-30,0.57,0.57,0.55,0.55,0,0,-1,233720,129377
KABO,2012-05-29,0.56,0.56,0.54,0.55,-1.69,-0.01,-1,368380,201249
KABO,2012-05-28,0.57,0.57,0.55,0.56,-1.69,0,-1,286689,159766
KABO,2012-05-27,0.57,0.57,0.54,0.56,-3.28,-0.02,-1,772237,427715
KABO,2012-05-24,0.59,0.59,0.58,0.58,0,0,-1,364392,211271
KABO,2012-05-23,0.59,0.59,0.57,0.58,1.67,0.01,-1,195896,113694
KABO,2012-05-22,0.58,0.58,0.56,0.57,0,0,-1,519313,295539
KABO,2012-05-21,0.58,0.58,0.56,0.57,3.39,0.01,-1,208258,118430
KABO,2012-05-20,0.57,0.57,0.56,0.56,-1.67,-0.01,-1,276483,154967
KABO,2012-05-17,0.58,0.58,0.56,0.57,-4.84,-0.02,-1,812378,462315.84
KABO,2012-05-16,0.59,0.59,0.58,0.59,-3.17,-0.01,-1,444549,260548.58
KABO,2012-05-15,0.6,0.6,0.59,0.6,-3.12,-0.01,-1,493658,292096.69
KABO,2012-05-14,0.61,0.61,0.6,0.61,-1.54,-0.01,-1,486922,294727.72
KABO,2012-05-13,0.62,0.62,0.6,0.62,3.17,0.02,-1,644993,396272.38
KABO,2012-05-10,0.61,0.61,0.59,0.6,1.59,0,-1,255775,153602.7
KABO,2012-05-09,0.61,0.61,0.59,0.6,-3.12,-0.01,-1,469864,279439.91
KABO,2012-05-08,0.61,0.61,0.6,0.61,0,0.01,-1,271830,164401.31
KABO,2012-05-07,0.63,0.63,0.59,0.6,0,0,-1,893688,537035.63
KABO,2012-05-06,0.6,0.6,0.59,0.6,3.279,0.02,-1,219814,130724
KABO,2012-05-03,0.58,0.58,0.56,0.58,1.67,0.01,-1,386794,222085.23
KABO,2012-05-02,0.59,0.59,0.57,0.57,-3.23,-0.02,-1,829967,473910
KABO,2012-04-30,0.6,0.6,0.59,0.59,0,-0.01,-1,302888,178211.09
KABO,2012-04-29,0.6,0.6,0.59,0.6,-1.56,-0.01,-1,218574,130130.5
KABO,2012-04-26,0.62,0.62,0.59,0.61,0,0,-1,1061958,639261.56
KABO,2012-04-24,0.63,0.63,0.6,0.61,-1.56,0,-1,1108980,676494.25
KABO,2012-04-23,0.63,0.63,0.6,0.61,-1.56,0,-1,547061,329248.97
KABO,2012-04-22,0.63,0.63,0.58,0.61,4.92,0.03,-1,1139703,685543.56
KABO,2012-04-19,0.59,0.59,0.57,0.58,3.33,0.01,-1,461853,266743.63
KABO,2012-04-18,0.58,0.58,0.57,0.57,0,0,-1,126510,71994.6
KABO,2012-04-17,0.58,0.58,0.57,0.57,-1.64,-0.01,-1,382884,217590.81
KABO,2012-04-12,0.59,0.59,0.57,0.58,0,0,-1,447423,258269.25
KABO,2012-04-11,0.59,0.59,0.55,0.58,1.67,0.01,-1,902708,519008.91
KABO,2012-04-10,0.59,0.59,0.56,0.57,-1.67,0,-1,555208,316537.34
KABO,2012-04-09,0.59,0.59,0.56,0.57,0,-0.02,-1,1143193,649727.94
KABO,2012-04-08,0.6,0.6,0.57,0.59,0,0,-1,551875,321812.31
KABO,2012-04-05,0.6,0.6,0.59,0.59,0,-0.01,-1,907899,535303.13
KABO,2012-04-04,0.62,0.62,0.58,0.6,-3.12,-0.01,-1,614835,363919.97
KABO,2012-04-03,0.62,0.62,0.6,0.61,-1.56,0,-1,326389,197305.31
KABO,2012-04-02,0.63,0.63,0.6,0.61,-1.54,-0.01,-1,407041,247432.63
KABO,2012-04-01,0.64,0.64,0.61,0.62,-3.03,-0.01,-1,412133,255254.67
KABO,2012-03-29,0.64,0.64,0.62,0.63,-1.52,0,-1,802379,499979.34
KABO,2012-03-28,0.64,0.64,0.61,0.63,0,0,-1,437012,271415.91
KABO,2012-03-27,0.65,0.65,0.62,0.63,-1.52,0,-1,696991,433565.31
KABO,2012-03-26,0.64,0.64,0.61,0.63,-1.47,-0.02,-1,707382,440395.66
KABO,2012-03-25,0.66,0.66,0.63,0.65,-4.29,-0.01,-1,978984,626354.38
KABO,2012-03-22,0.67,0.67,0.66,0.66,-2.82,-0.01,-1,652784,432976.13
KABO,2012-03-21,0.69,0.69,0.66,0.67,0,0.01,-1,1934070,1304817.13
KABO,2012-03-20,0.67,0.67,0.64,0.66,1.45,0,-1,571957,378399.94
KABO,2012-03-19,0.67,0.67,0.65,0.66,-1.43,0,-1,1247507,814709.75
KABO,2012-03-18,0.66,0.66,0.66,0.66,-2.82,-0.01,-1,672493,445144.56
KABO,2012-03-15,0.69,0.69,0.66,0.67,-1.43,0.01,-1,1344280,905736.56
KABO,2012-03-14,0.67,0.67,0.64,0.66,1.43,0,-1,1132886,745810.69
KABO,2012-03-13,0.69,0.69,0.65,0.66,-4.11,-0.03,-1,1173884,778036.86
KABO,2012-03-12,0.75,0.75,0.67,0.69,-5.19,-0.04,-1,1951524,1353177.73
KABO,2012-03-11,0.75,0.75,0.71,0.73,-1.28,-0.01,-1,1680039,1218022.26
KABO,2012-03-08,0.76,0.76,0.72,0.74,-2.5,-0.02,-1,1673624,1229932.47
KABO,2012-03-07,0.78,0.78,0.75,0.76,-2.44,-0.02,-1,1153313,875906.4
KABO,2012-03-06,0.79,0.79,0.76,0.78,1.23,0.01,-1,1243198,959289.03
KABO,2012-03-05,0.78,0.78,0.76,0.77,-1.22,-0.01,-1,1161445,891445.5
KABO,2012-03-04,0.8,0.8,0.76,0.78,0,0,-1,1939419,1496390.21
KABO,2012-03-01,0.8,0.8,0.77,0.78,-1.2,-0.01,-1,1940442,1512954.32
KABO,2012-02-29,0.81,0.81,0.78,0.79,0,0,-1,1680358,1322202.64
KABO,2012-02-28,0.81,0.81,0.77,0.79,-1.19,-0.01,-1,1897437,1486082.99
KABO,2012-02-27,0.83,0.83,0.78,0.8,-1.18,-0.01,-1,2759075,2192698.95
KABO,2012-02-26,0.84,0.84,0.79,0.81,3.66,0.03,-1,3935967,3181189.95
KABO,2012-02-23,0.8,0.8,0.76,0.78,6.49,0.05,-1,5834462,4539643.68
KABO,2012-02-22,0.75,0.75,0.7,0.73,-1.28,-0.01,-1,2083967,1525465.95
KABO,2012-02-21,0.77,0.77,0.71,0.74,0,0,-1,2590934,1906217.51
KABO,2012-02-20,0.79,0.79,0.71,0.74,-1.27,-0.01,-1,3033374,2244647.57
KABO,2012-02-19,0.77,0.77,0.69,0.75,6.76,0.05,-1,2723510,2027632.99
KABO,2012-02-16,0.72,0.72,0.66,0.7,1.37,0.01,-1,3513186,2461920.26
KABO,2012-02-15,0.72,0.72,0.66,0.69,0,0,-1,2308965,1597241.34
KABO,2012-02-14,0.71,0.71,0.65,0.69,5.8,0.03,-1,4306218,2957118.91
KABO,2012-02-13,0.66,0.66,0.65,0.66,4.55,0.03,-1,2577758,1683120.63
KABO,2012-02-12,0.65,0.65,0.61,0.63,3.13,0.02,-1,1236289,771934.48
KABO,2012-02-09,0.62,0.62,0.6,0.61,0,0,-1,927854,559886.83
KABO,2012-02-08,0.62,0.62,0.6,0.61,1.59,0.01,-1,1075264,652722.2
KABO,2012-02-07,0.62,0.62,0.6,0.6,1.61,0.01,-1,701468,421202.76
KABO,2012-02-06,0.6,0.6,0.58,0.59,-1.59,-0.01,-1,646915,377976.13
KABO,2012-02-02,0.62,0.62,0.59,0.6,-4.55,-0.03,-1,2294853,1371218.16
KABO,2012-02-01,0.65,0.65,0.62,0.63,0,0,-1,893751,560209.6
KABO,2012-01-31,0.65,0.65,0.59,0.63,6.45,0.04,-1,3126015,1955549.93
KABO,2012-01-30,0.61,0.61,0.58,0.59,-1.59,-0.01,-1,567778,334123.09
KABO,2012-01-29,0.61,0.61,0.58,0.6,1.61,0.01,-1,1249293,743496.5
KABO,2012-01-26,0.61,0.61,0.56,0.59,5.08,0.03,-1,2765330,1632349.92
KABO,2012-01-24,0.57,0.57,0.54,0.56,3.51,0.02,-1,576036,319346.49
KABO,2012-01-23,0.55,0.55,0.54,0.54,0,0,-1,236906,128009.1
KABO,2012-01-22,0.55,0.55,0.53,0.54,0,0,-1,775406,415345.9
KABO,2012-01-19,0.55,0.55,0.53,0.54,-3.39,-0.02,-1,532770,287553.77
KABO,2012-01-18,0.57,0.57,0.54,0.56,0,0,-1,591588,327577.83
KABO,2012-01-17,0.57,0.57,0.55,0.56,0,0,-1,882116,492553.1
KABO,2012-01-16,0.57,0.57,0.55,0.56,-1.67,-0.01,-1,373831,208603.2
KABO,2012-01-15,0.58,0.58,0.56,0.57,1.69,0.01,-1,504546,287820.14
KABO,2012-01-12,0.58,0.58,0.55,0.56,1.72,0.01,-1,680395,381521.71
KABO,2012-01-11,0.56,0.56,0.55,0.55,0,0,-1,197526,108669.22
KABO,2012-01-10,0.56,0.56,0.54,0.55,1.75,0.01,-1,345280,189472.9
KABO,2012-01-09,0.56,0.56,0.54,0.54,-1.72,-0.01,-1,197034,107125
KABO,2012-01-05,0.59,0.59,0.54,0.55,1.75,0.01,-1,230545,126201.8
KABO,2012-01-04,0.55,0.55,0.54,0.54,0,0,-1,200452,109033.89
KABO,2012-01-03,0.55,0.55,0.54,0.54,-1.72,-0.01,-1,220143,119654.2
KABO,2012-01-02,0.56,0.56,0.54,0.55,3.57,0.02,-1,279973,154639.53
KABO,2011-12-29,0.55,0.55,0.52,0.53,0,0,-1,728666,389470.62
KABO,2011-12-28,0.54,0.54,0.52,0.53,-3.45,-0.02,-1,191456,102225.24
KABO,2011-12-27,0.56,0.56,0.54,0.55,-1.69,-0.01,-1,253038,138767.1
KABO,2011-12-26,0.57,0.57,0.55,0.56,-1.67,-0.01,-1,308268,171902.47
KABO,2011-12-25,0.58,0.58,0.57,0.57,3.45,0.02,-1,408791,233859
KABO,2011-12-22,0.57,0.57,0.54,0.55,-1.69,-0.01,-1,495383,272693.32
KABO,2011-12-21,0.57,0.57,0.55,0.56,-1.67,-0.01,-1,312710,173492.27
KABO,2011-12-20,0.6,0.6,0.55,0.57,-1.64,-0.01,-1,493082,277916.44
KABO,2011-12-19,0.59,0.59,0.57,0.58,0,0,-1,398807,231211.7
KABO,2011-12-18,0.6,0.6,0.57,0.58,-4.69,-0.03,-1,739257,425656.54
KABO,2011-12-15,0.62,0.62,0.6,0.61,0,0,-1,251881,152609.92
KABO,2011-12-14,0.61,0.61,0.6,0.61,0,0,-1,236927,143229
KABO,2011-12-13,0.62,0.62,0.61,0.61,0,0,-1,195347,118462.8
KABO,2011-12-12,0.61,0.61,0.6,0.61,-1.54,-0.01,-1,199652,120443.34
KABO,2011-12-11,0.63,0.63,0.61,0.62,0,0,-1,361753,223345.2
KABO,2011-12-08,0.63,0.63,0.61,0.62,-1.52,-0.01,-1,479990,294933.9
KABO,2011-12-07,0.65,0.65,0.62,0.63,-1.49,-0.01,-1,296447,185798.36
KABO,2011-12-06,0.65,0.65,0.63,0.64,1.52,0.01,-1,485641,306744.35
KABO,2011-12-05,0.65,0.65,0.62,0.63,-2.94,-0.02,-1,872988,547481
KABO,2011-12-04,0.66,0.66,0.64,0.65,0,0,-1,727101,465748.97
KABO,2011-12-01,0.66,0.66,0.63,0.65,3.03,0.02,-1,1217595,789297.74
KABO,2011-11-30,0.65,0.65,0.62,0.63,1.54,0.01,-1,1045843,654614.79
KABO,2011-11-29,0.63,0.63,0.58,0.62,8.33,0.05,-1,1253001,766818.92
KABO,2011-11-24,0.59,0.59,0.55,0.57,3.45,0.02,-1,1064591,608520.85
KABO,2011-11-23,0.57,0.57,0.52,0.55,3.57,0.02,-1,267930,147150.82
KABO,2011-11-22,0.55,0.55,0.52,0.53,-5.08,-0.03,-1,501629,267469.5
KABO,2011-11-21,0.58,0.58,0.55,0.56,-4.84,-0.03,-1,685040,383807.35
KABO,2011-11-20,0.6,0.6,0.58,0.59,-3.13,-0.02,-1,385590,227213.3
KABO,2011-11-17,0.62,0.62,0.61,0.61,-1.54,-0.01,-1,345542,209889.2
KABO,2011-11-16,0.63,0.63,0.61,0.62,0,0,-1,303299,185866.28
KABO,2011-11-15,0.63,0.63,0.61,0.62,1.56,0.01,-1,221031,136186.83
KABO,2011-11-14,0.63,0.63,0.6,0.61,-4.48,-0.03,-1,536439,326595.03
KABO,2011-11-13,0.66,0.66,0.63,0.64,-2.9,-0.02,-1,867454,552074.36
KABO,2011-11-10,0.66,0.66,0.65,0.66,-1.43,0,-1,213836,139672.15
KABO,2011-11-09,0.67,0.67,0.66,0.66,0,0,-1,420038,276789.52
KABO,2011-11-03,0.67,0.67,0.66,0.66,0,0,-1,549512,366191.4
KABO,2011-11-02,0.66,0.66,0.66,0.66,1.45,0,-1,197359,130360.3
KABO,2011-11-01,0.66,0.66,0.66,0.66,-1.43,0,-1,239669,156555.15
KABO,2011-10-31,0.67,0.67,0.66,0.66,-1.41,-0.01,-1,361716,239735.54
KABO,2011-10-30,0.67,0.67,0.66,0.67,1.43,0.01,-1,701567,469271.7
KABO,2011-10-27,0.67,0.67,0.66,0.66,1.45,0,-1,419958,276998.94
KABO,2011-10-26,0.66,0.66,0.65,0.66,-1.43,0,-1,233270,152012.59
KABO,2011-10-25,0.67,0.67,0.66,0.66,0,0,-1,314769,207688.9
KABO,2011-10-24,0.68,0.68,0.66,0.66,-1.41,-0.01,-1,758988,502987.6
KABO,2011-10-23,0.68,0.68,0.66,0.67,1.43,0.01,-1,721383,485474.02
KABO,2011-10-20,0.68,0.68,0.66,0.66,-1.41,-0.01,-1,1243283,827325.1
KABO,2011-10-19,0.69,0.69,0.66,0.67,0,0,-1,1284408,866777.54
KABO,2011-10-18,0.69,0.69,0.66,0.67,0,0,-1,1232681,831938.52
KABO,2011-10-17,0.69,0.69,0.64,0.67,5.97,0.03,-1,2774962,1860753.52
KABO,2011-10-16,0.65,0.65,0.63,0.64,1.52,0.01,-1,614535,391074.9
KABO,2011-10-13,0.64,0.64,0.62,0.63,1.54,0.01,-1,391692,244602.48
KABO,2011-10-12,0.63,0.63,0.62,0.62,1.56,0.01,-1,456557,282499
KABO,2011-10-11,0.63,0.63,0.6,0.61,1.59,0.01,-1,442473,269649.28
KABO,2011-10-10,0.61,0.61,0.59,0.6,-3.08,-0.02,-1,347991,206826.14
KABO,2011-10-09,0.63,0.63,0.61,0.62,0,0,-1,440901,269578.77
KABO,2011-10-05,0.64,0.64,0.61,0.62,0,0,-1,720514,444933.06
KABO,2011-10-04,0.63,0.63,0.61,0.62,0,0,-1,631517,391172.05
KABO,2011-10-03,0.64,0.64,0.61,0.62,-2.99,-0.02,-1,405832,250246.6
KABO,2011-10-02,0.65,0.65,0.63,0.64,1.52,0.01,-1,740985,471190.16
KABO,2011-09-29,0.64,0.64,0.6,0.63,1.54,0.01,-1,797647,498675.76
KABO,2011-09-28,0.66,0.66,0.6,0.62,-7.14,-0.04,-1,1492828,912541.03
KABO,2011-09-27,0.69,0.69,0.65,0.66,-1.41,-0.01,-1,957032,635420.94
KABO,2011-09-26,0.68,0.68,0.66,0.67,0,0,-1,723656,488835.44
KABO,2011-09-25,0.7,0.7,0.66,0.67,-4.05,-0.03,-1,709188,476485.35
KABO,2011-09-22,0.72,0.72,0.69,0.7,-3.9,-0.03,-1,513386,361672.6
KABO,2011-09-21,0.74,0.74,0.72,0.73,-1.28,-0.01,-1,391528,284765.65
KABO,2011-09-20,0.75,0.75,0.73,0.74,0,0,-1,369536,272535.25
KABO,2011-09-19,0.75,0.75,0.71,0.74,2.63,0.02,-1,568940,418757.11
KABO,2011-09-18,0.75,0.75,0.71,0.72,-2.56,-0.02,-1,746307,538618.52
KABO,2011-09-15,0.76,0.76,0.72,0.74,-1.27,-0.01,-1,807891,595289.56
KABO,2011-09-14,0.76,0.76,0.74,0.75,-1.25,-0.01,-1,840312,629814.39
KABO,2011-09-13,0.77,0.77,0.75,0.76,0,0,-1,205297,155826.13
KABO,2011-09-12,0.78,0.78,0.75,0.76,-1.23,-0.01,-1,578017,439068.15
KABO,2011-09-11,0.79,0.79,0.76,0.77,-1.22,-0.01,-1,827179,636593.34
KABO,2011-09-08,0.79,0.79,0.77,0.78,0,0,-1,720755,558540.68
KABO,2011-09-07,0.79,0.79,0.77,0.78,0,0,-1,500848,387455.16
KABO,2011-09-06,0.79,0.79,0.77,0.78,0,0,-1,402623,312552.14
KABO,2011-09-05,0.79,0.79,0.77,0.78,0,0,-1,471101,364299.65
KABO,2011-09-04,0.79,0.79,0.77,0.78,-1.2,-0.01,-1,569857,443667.88
KABO,2011-08-29,0.8,0.8,0.78,0.79,1.22,0.01,-1,460047,360327.94
KABO,2011-08-28,0.79,0.79,0.77,0.78,-1.2,-0.01,-1,576132,447381.96
KABO,2011-08-25,0.8,0.8,0.78,0.79,0,0,-1,430198,337839.48
KABO,2011-08-22,0.8,0.8,0.76,0.79,5.06,0.04,-1,778360,610242.08
KABO,2011-08-21,0.76,0.76,0.73,0.75,-3.66,-0.03,-1,1341509,1001587.66
KABO,2011-08-18,0.79,0.79,0.77,0.78,0,0,-1,506554,394011.64
KABO,2011-08-17,0.79,0.79,0.76,0.78,1.23,0.01,-1,1018997,791318.07
KABO,2011-08-16,0.79,0.79,0.77,0.77,-1.22,-0.01,-1,412686,317710.11
KABO,2011-08-15,0.79,0.79,0.77,0.78,-1.2,-0.01,-1,392362,304000.8
KABO,2011-08-14,0.81,0.81,0.78,0.79,3.75,0.03,-1,929206,729023
KABO,2011-08-11,0.78,0.78,0.75,0.76,-2.44,-0.02,-1,1054356,800928.79
KABO,2011-08-10,0.79,0.79,0.77,0.78,5.13,0.04,-1,1070402,830925.05
KABO,2011-08-09,0.76,0.76,0.71,0.74,-6.02,-0.05,-1,1373741,1016930.82
KABO,2011-08-08,0.82,0.82,0.77,0.79,-2.35,-0.02,-1,1582532,1247036.05
KABO,2011-08-07,0.84,0.84,0.8,0.81,-5.56,-0.04,-1,1753561,1413972.46
KABO,2011-08-04,0.86,0.86,0.85,0.85,2.27,0.01,-1,1836296,1557904.04
KABO,2011-08-03,0.85,0.85,0.82,0.84,1.15,0.01,-1,1170627,973717.1
KABO,2011-08-02,0.85,0.85,0.81,0.83,0,0,-1,1319835,1088665.2
KABO,2011-08-01,0.83,0.83,0.82,0.83,1.16,0.01,-1,963328,791929.08
KABO,2011-07-31,0.83,0.83,0.79,0.82,3.61,0.03,-1,1310191,1063732.89
KABO,2011-07-28,0.8,0.8,0.78,0.79,1.22,0.01,-1,777929,609548.81
KABO,2011-07-27,0.79,0.79,0.78,0.78,-2.38,-0.02,-1,506359,394337.41
KABO,2011-07-26,0.81,0.81,0.79,0.8,0,0,-1,537989,425378.65
KABO,2011-07-25,0.81,0.81,0.79,0.8,0,0,-1,624702,495798.53
KABO,2011-07-21,0.81,0.81,0.79,0.8,-1.18,-0.01,-1,527069,420655.65
KABO,2011-07-20,0.82,0.82,0.8,0.81,-1.16,-0.01,-1,874852,704259.75
KABO,2011-07-19,0.83,0.83,0.81,0.82,-1.15,-0.01,-1,523437,423668.8
KABO,2011-07-18,0.84,0.84,0.81,0.83,0,0,-1,641083,525707.08
KABO,2011-07-17,0.84,0.84,0.81,0.83,1.16,0.01,-1,1350430,1108697.34
KABO,2011-07-14,0.82,0.82,0.8,0.82,1.18,0.01,-1,1215530,984047.62
KABO,2011-07-13,0.82,0.82,0.8,0.81,3.66,0.03,-1,1244772,998157.41
KABO,2011-07-12,0.81,0.81,0.75,0.78,-3.53,-0.03,-1,2021502,1567337.5
KABO,2011-07-11,0.83,0.83,0.8,0.81,-4.49,-0.04,-1,1178482,948042.84
KABO,2011-07-10,0.87,0.87,0.82,0.85,-1.11,0,-1,1623894,1363963.45
KABO,2011-07-07,0.86,0.86,0.84,0.85,0,0,-1,2371560,2023684.62
KABO,2011-07-06,0.88,0.88,0.84,0.85,-3.23,-0.03,-1,2208737,1883316.6
KABO,2011-07-05,0.9,0.9,0.87,0.88,-2.11,-0.02,-1,1002787,886629.29
KABO,2011-07-04,0.92,0.92,0.89,0.9,0,0,-1,1179701,1057210.52
KABO,2011-07-03,0.92,0.92,0.88,0.9,2.15,0.02,-1,18714472,16837292.96
KABO,2011-06-30,0.9,0.9,0.87,0.88,1.09,0.01,-1,1739556,1538829.39
KABO,2011-06-29,0.91,0.91,0.85,0.87,-4.17,-0.04,-1,2598430,2262813.1
KABO,2011-06-28,0.91,0.91,0.89,0.91,1.05,0.01,-1,1068338,965738.85
KABO,2011-06-27,0.91,0.91,0.88,0.9,0,0,-1,691589,619750.22
KABO,2011-06-26,0.92,0.92,0.89,0.9,0,0,-1,1533560,1376805.49
KABO,2011-06-23,0.91,0.91,0.89,0.9,1.06,0.01,-1,1249418,1123670.59
KABO,2011-06-22,0.9,0.9,0.87,0.89,0,0,-1,1021334,906057.8
KABO,2011-06-21,0.92,0.92,0.88,0.89,-2.08,-0.02,-1,1882919,1683840.71
KABO,2011-06-20,0.94,0.94,0.9,0.91,-3.03,-0.03,-1,3112190,2828999.75
KABO,2011-06-19,0.96,0.96,0.93,0.94,1.02,0.01,-1,3684015,3460206.76
KABO,2011-06-16,0.96,0.96,0.89,0.93,4.26,0.04,-1,7277548,6766386.27
KABO,2011-06-15,0.91,0.91,0.87,0.89,2.17,0.02,-1,5748500,5140845.33
KABO,2011-06-14,0.88,0.88,0.86,0.87,1.1,0.01,-1,2202855,1917572.1
KABO,2011-06-13,0.88,0.88,0.85,0.86,0,0,-1,2563829,2216835.15
KABO,2011-06-12,0.88,0.88,0.85,0.86,0,0,-1,1504294,1301496.5
KABO,2011-06-09,0.87,0.87,0.84,0.86,1.11,0.01,-1,2109499,1816265.41
KABO,2011-06-08,0.87,0.87,0.84,0.85,1.12,0,-1,1527761,1305042.74
KABO,2011-06-07,0.86,0.86,0.84,0.85,-1.11,0,-1,1545481,1301804.28
KABO,2011-06-06,0.86,0.86,0.85,0.85,0,0,-1,1636452,1386337.2
KABO,2011-06-05,0.87,0.87,0.85,0.85,2.27,0.01,-1,2844367,2425769.81
KABO,2011-06-02,0.85,0.85,0.82,0.84,-2.22,-0.01,-1,3839028,3191728.62
KABO,2011-06-01,0.87,0.87,0.85,0.85,2.27,0.01,-1,2607014,2225851.17
KABO,2011-05-31,0.87,0.87,0.8,0.84,2.33,0.02,-1,6024114,5019312.46
KABO,2011-05-30,0.83,0.83,0.81,0.82,1.18,0.01,-1,2400369,1944612.26
KABO,2011-05-29,0.82,0.82,0.8,0.81,2.41,0.02,-1,2600990,2088560.93
KABO,2011-05-26,0.8,0.8,0.78,0.79,1.22,0.01,-1,655850,512592
KABO,2011-05-25,0.79,0.79,0.78,0.78,-1.2,-0.01,-1,1617202,1261809.99
KABO,2011-05-24,0.81,0.81,0.78,0.79,-2.35,-0.02,-1,1214268,957659.8
KABO,2011-05-23,0.83,0.83,0.8,0.81,-1.16,-0.01,-1,2856096,2298271.86
KABO,2011-05-22,0.84,0.84,0.81,0.82,1.18,0.01,-1,1136157,929606.83
KABO,2011-05-19,0.83,0.83,0.77,0.81,3.66,0.03,-1,4478555,3589201.63
KABO,2011-05-18,0.79,0.79,0.77,0.78,0,0,-1,1307157,1013179.65
KABO,2011-05-17,0.79,0.79,0.77,0.78,0,0,-1,1259630,978139.32
KABO,2011-05-16,0.79,0.79,0.77,0.78,1.23,0.01,-1,1635655,1264808.11
KABO,2011-05-15,0.78,0.78,0.76,0.77,1.25,0.01,-1,790040,605224.57
KABO,2011-05-12,0.77,0.77,0.75,0.76,0,0,-1,390056,293694.1
KABO,2011-05-11,0.77,0.77,0.74,0.76,1.27,0.01,-1,718332,541710.31
KABO,2011-05-10,0.76,0.76,0.74,0.75,-1.25,-0.01,-1,307521,230250.06
KABO,2011-05-09,0.77,0.77,0.74,0.76,3.9,0.03,-1,959907,722830
KABO,2011-05-08,0.75,0.75,0.73,0.73,-2.53,-0.02,-1,501390,367488.53
KABO,2011-05-05,0.75,0.75,0.74,0.75,0,0,-1,456789,339700.87
KABO,2011-05-04,0.77,0.77,0.74,0.75,-2.47,-0.02,-1,762813,572280.91
KABO,2011-05-03,0.78,0.78,0.76,0.77,0,0,-1,538243,412065.04
KABO,2011-05-02,0.78,0.78,0.77,0.77,1.25,0.01,-1,522405,402283.05
KABO,2011-04-28,0.77,0.77,0.76,0.76,-1.23,-0.01,-1,811820,618546.19
KABO,2011-04-27,0.78,0.78,0.76,0.77,-1.22,-0.01,-1,564301,431020.43
KABO,2011-04-26,0.8,0.8,0.75,0.78,2.5,0.02,-1,1259311,977319.55
KABO,2011-04-21,0.76,0.76,0.75,0.76,1.27,0.01,-1,336670,254072.6
KABO,2011-04-20,0.76,0.76,0.74,0.75,-1.25,-0.01,-1,430195,321487.26
KABO,2011-04-19,0.77,0.77,0.75,0.76,1.27,0.01,-1,516476,392260.82
KABO,2011-04-18,0.78,0.78,0.74,0.75,-2.47,-0.02,-1,1050382,789162.12
KABO,2011-04-17,0.79,0.79,0.76,0.77,-2.41,-0.02,-1,980769,747649.6
KABO,2011-04-14,0.81,0.81,0.78,0.79,0,0,-1,746185,587775.36
KABO,2011-04-13,0.81,0.81,0.78,0.79,2.47,0.02,-1,617972,488394.47
KABO,2011-04-12,0.78,0.78,0.76,0.77,-2.41,-0.02,-1,688879,531382.22
KABO,2011-04-11,0.81,0.81,0.78,0.79,-1.19,-0.01,-1,765372,603983.59
KABO,2011-04-10,0.83,0.83,0.79,0.8,-3.45,-0.03,-1,825812,659003.17
KABO,2011-04-07,0.84,0.84,0.82,0.83,-1.14,-0.01,-1,904302,740427.5
KABO,2011-04-06,0.85,0.85,0.83,0.84,0,0,-1,721024,597793.97
KABO,2011-04-05,0.85,0.85,0.83,0.84,-1.12,-0.01,-1,605938,503084.14
KABO,2011-04-04,0.92,0.92,0.77,0.85,-1.11,0,-1,1426326,1197008.26
KABO,2011-04-03,0.87,0.87,0.85,0.85,1.12,0,-1,1553295,1326800.58
KABO,2011-03-31,0.86,0.86,0.77,0.85,0,0,-1,1363097,1145382.54
KABO,2011-03-30,0.87,0.87,0.83,0.85,0,0,-1,2282897,1925747
KABO,2011-03-29,0.86,0.86,0.82,0.85,4.71,0.04,-1,1842817,1548731.84
KABO,2011-03-28,0.86,0.86,0.79,0.81,2.41,0.02,-1,2678775,2163768.66
KABO,2011-03-27,0.79,0.79,0.78,0.79,9.21,0.07,-1,1010846,793697.49
KABO,2011-03-24,0.74,0.74,0.66,0.72,7.04,0.05,-1,1776163,1276427.24
KABO,2011-03-23,0.67,0.67,0.67,0.67,-8.97,-0.07,-1,1167547,784606.09
KABO,2011-01-27,0.83,0.83,0.68,0.74,-17.02,-0.15,-1,3234202,2392022.69
KABO,2011-01-26,0.99,0.99,0.82,0.89,-10.48,-0.11,-1,6491167,5760114.24
KABO,2011-01-24,1.02,1.02,0.99,1,0,0,-1,3691258,3673892.87
KABO,2011-01-23,1.04,1.04,0.98,1,-2.78,-0.03,-1,1560839,1554753.43
KABO,2011-01-20,1.04,1.04,1.01,1.03,1.89,0.02,-1,750427,763561.43
KABO,2011-01-19,1.02,1.02,0.99,1.01,-0.93,-0.01,-1,1100406,1101204.12
KABO,2011-01-18,1.06,1.06,0.98,1.02,-4.46,-0.04,-1,1344854,1362644.21
KABO,2011-01-17,1.1,1.1,1.03,1.06,-2.61,-0.03,-1,2421250,2562767.48
KABO,2011-01-16,1.1,1.1,1.08,1.09,-0.86,-0.01,-1,957930,1041313.6
KABO,2011-01-13,1.1,1.1,1.09,1.1,0,0,-1,518710,569030.75
KABO,2011-01-12,1.11,1.11,1.09,1.1,0,0,-1,962108,1053922.76
KABO,2011-01-11,1.12,1.12,1.09,1.1,-1.69,-0.02,-1,1554118,1711118.07
KABO,2011-01-10,1.14,1.14,1.11,1.12,-0.84,-0.01,-1,1265332,1417635.28
KABO,2011-01-06,1.14,1.14,1.11,1.13,0,0,-1,2653859,2984697.77
KABO,2011-01-05,1.14,1.14,1.11,1.13,0,0,-1,1274236,1429752.28
KABO,2011-01-04,1.14,1.14,1.11,1.13,0,0,-1,1382980,1553802.81
KABO,2011-01-03,1.15,1.15,1.11,1.13,1.71,0.02,-1,4090386,4606683.51
KABO,2011-01-02,1.13,1.13,1.09,1.11,2.63,0.03,-1,4381236,4864523.96
KABO,2010-12-30,1.1,1.1,1.06,1.08,-0.87,-0.01,-1,2490431,2693421.33
KABO,2010-12-29,1.1,1.1,1.07,1.09,0.88,0.01,-1,1379522,1496257.29
KABO,2010-12-28,1.1,1.1,1.06,1.08,0.88,0.01,-1,3214012,3466847.69
KABO,2010-12-27,1.08,1.08,1.05,1.07,0.89,0.01,-1,1527454,1633661.25
KABO,2010-12-26,1.07,1.07,1.05,1.06,0,0,-1,1372712,1454711.16
KABO,2010-12-23,1.07,1.07,1.05,1.06,0,0,-1,631517,669664.6
KABO,2010-12-22,1.08,1.08,1.05,1.06,-0.88,-0.01,-1,736263,780125.48
KABO,2010-12-21,1.08,1.08,1.06,1.07,0,0,-1,699204,748286.42
KABO,2010-12-20,1.09,1.09,1.06,1.07,-0.88,-0.01,-1,1240960,1328398.19
KABO,2010-12-19,1.1,1.1,1.08,1.08,-0.87,-0.01,-1,579162,627208.04
KABO,2010-12-16,1.1,1.1,1.08,1.09,0,0,-1,725770,789432.85
KABO,2010-12-15,1.1,1.1,1.09,1.09,-0.86,-0.01,-1,1008613,1100178.59
KABO,2010-12-14,1.11,1.11,1.09,1.1,0,0,-1,799378,876290.79
KABO,2010-12-13,1.12,1.12,1.1,1.1,-0.85,-0.01,-1,716885,790025.8
KABO,2010-12-12,1.12,1.12,1.1,1.11,0.86,0.01,-1,1144848,1266802.6
KABO,2010-12-09,1.11,1.11,1.1,1.1,0,0,-1,1015909,1116873
KABO,2010-12-08,1.11,1.11,1.09,1.1,0,0,-1,878649,965746.74
KABO,2010-12-06,1.12,1.12,1.1,1.1,-0.85,-0.01,-1,1291513,1421927.04
KABO,2010-12-02,1.14,1.14,1.11,1.12,0.85,0.01,-1,3419964,3831978.6
KABO,2010-12-01,1.13,1.13,1.1,1.11,0,0,-1,1691380,1876708.08
KABO,2010-11-30,1.13,1.13,1.09,1.11,-1.68,-0.02,-1,1584955,1749214.47
KABO,2010-11-29,1.15,1.15,1.11,1.13,0,0,-1,1748747,1965989.53
KABO,2010-11-28,1.14,1.14,1.12,1.13,0,0,-1,1737534,1954797.09
KABO,2010-11-25,1.15,1.15,1.11,1.13,2.59,0.03,-1,5388734,6088082.4
KABO,2010-11-24,1.12,1.12,1.09,1.1,-0.85,-0.01,-1,1500898,1653568.71
KABO,2010-11-23,1.12,1.12,1.1,1.11,-0.85,-0.01,-1,1306568,1444174.05
KABO,2010-11-22,1.14,1.14,1.11,1.12,-0.84,-0.01,-1,1274880,1425373.03
KABO,2010-11-21,1.15,1.15,1.12,1.13,0.85,0.01,-1,3088945,3492909.01
KABO,2010-11-18,1.13,1.13,1.11,1.12,0,0,-1,1204283,1342991.06
KABO,2010-11-14,1.13,1.13,1.1,1.12,1.72,0.02,-1,3339142,3717285.97
KABO,2010-11-11,1.12,1.12,1.08,1.1,0,0,-1,3979394,4369359.13
KABO,2010-11-10,1.1,1.1,1.09,1.1,0,0,-1,1405739,1536906.54
KABO,2010-11-09,1.12,1.12,1.09,1.1,-0.85,-0.01,-1,1182501,1300576.65
KABO,2010-11-08,1.14,1.14,1.1,1.11,-1.68,-0.02,-1,2214300,2456168.73
KABO,2010-11-07,1.16,1.16,1.12,1.13,0.85,0.01,-1,4406173,4982970.39
KABO,2010-11-04,1.13,1.13,1.11,1.12,-0.84,-0.01,-1,1190425,1330291.14
KABO,2010-11-03,1.14,1.14,1.11,1.13,0.85,0.01,-1,2836134,3182162.23
KABO,2010-11-02,1.13,1.13,1.1,1.12,1.72,0.02,-1,2213547,2462841.43
KABO,2010-11-01,1.13,1.13,1.08,1.1,-2.52,-0.03,-1,2234363,2456301.93
KABO,2010-10-31,1.15,1.15,1.11,1.13,-0.83,-0.01,-1,1634714,1834778.99
KABO,2010-10-28,1.15,1.15,1.12,1.14,0,0,-1,1963334,2221309.45
KABO,2010-10-27,1.16,1.16,1.11,1.14,-3.23,-0.04,-1,2967488,3362700.42
KABO,2010-10-26,1.22,1.22,1.14,1.18,0,0,-1,8154577,9579319.93
KABO,2010-10-25,1.2,1.2,1.14,1.18,1.64,0.02,-1,8800848,10295248.1
KABO,2010-10-24,1.18,1.18,1.14,1.16,-0.81,-0.01,-1,2089388,2414178.36
KABO,2010-10-21,1.18,1.18,1.15,1.17,0.82,0.01,-1,2427225,2814335.56
KABO,2010-10-20,1.18,1.18,1.14,1.16,-1.61,-0.02,-1,4112848,4734508.07
KABO,2010-10-19,1.2,1.2,1.16,1.18,-1.59,-0.02,-1,2218791,2598311.01
KABO,2010-10-18,1.22,1.22,1.18,1.2,0.8,0.01,-1,4865261,5794778.81
KABO,2010-10-14,1.19,1.19,1.16,1.18,0.81,0.01,-1,3022743,3536665.61
KABO,2010-10-13,1.19,1.19,1.16,1.17,0.82,0.01,-1,2064456,2412758.25
KABO,2010-10-12,1.18,1.18,1.14,1.16,0.83,0.01,-1,4183891,4847295.5
KABO,2010-10-11,1.17,1.17,1.14,1.15,-1.63,-0.02,-1,2550431,2927177.96
KABO,2010-10-10,1.2,1.2,1.16,1.17,-0.81,-0.01,-1,2699251,3153440.31
KABO,2010-10-07,1.19,1.19,1.16,1.18,2.48,0.03,-1,3781205,4425495.22
KABO,2010-10-05,1.18,1.18,1.13,1.15,-2.42,-0.03,-1,3689397,4238149.29
KABO,2010-10-04,1.2,1.2,1.16,1.18,-0.8,-0.01,-1,2373087,2785624.78
KABO,2010-10-03,1.21,1.21,1.18,1.19,0,0,-1,4085929,4827858.25
KABO,2010-09-30,1.22,1.22,1.17,1.19,-2.34,-0.03,-1,3999171,4713851.27
KABO,2010-09-29,1.25,1.25,1.19,1.22,0,0,-1,4345251,5280356.54
KABO,2010-09-28,1.23,1.23,1.2,1.22,-0.78,-0.01,-1,4248376,5142392.34
KABO,2010-09-27,1.25,1.25,1.21,1.23,-1.53,-0.01,-1,3888446,4752175.13
KABO,2010-09-26,1.27,1.27,1.23,1.24,2.34,0.02,-1,10065422,12520387.96
KABO,2010-09-23,1.23,1.23,1.2,1.22,3.23,0.04,-1,6630194,8005592.57
KABO,2010-09-22,1.2,1.2,1.16,1.18,0,0,-1,4072641,4795392.01
KABO,2010-09-21,1.21,1.21,1.16,1.18,0,0,-1,5100070,5981646.09
KABO,2010-09-20,1.22,1.22,1.15,1.18,-3.88,-0.05,-1,6836210,8023523.46
KABO,2010-09-19,1.26,1.26,1.2,1.23,-3.01,-0.03,-1,8288898,10083991.89
KABO,2010-09-16,1.3,1.3,1.23,1.26,7.26,0.08,-1,13349128,16761802.29
KABO,2010-09-15,1.23,1.23,1.14,1.18,1.64,0.02,-1,12917901,15190949.89
KABO,2010-09-14,1.19,1.19,1.13,1.16,-1.61,-0.02,-1,4311115,4996047.63
KABO,2010-09-13,1.2,1.2,1.15,1.18,2.48,0.03,-1,10259095,12016655.76
KABO,2010-09-08,1.16,1.16,1.13,1.15,0,0,-1,567989,649468.1
KABO,2010-09-07,1.18,1.18,1.12,1.15,0.83,0.01,-1,2640001,3021442.44
KABO,2010-09-06,1.17,1.17,1.12,1.14,-2.44,-0.03,-1,4463628,5089018.76
KABO,2010-09-05,1.2,1.2,1.14,1.17,2.5,0.03,-1,3266164,3800298.35
KABO,2010-09-02,1.17,1.17,1.07,1.14,7.14,0.08,-1,12220323,13876179.2
KABO,2010-09-01,1.07,1.07,1.05,1.06,0.9,0.01,-1,324650,344800.71
KABO,2010-08-31,1.06,1.06,1.04,1.05,-1.77,-0.02,-1,654874,688547.79
KABO,2010-08-30,1.09,1.09,1.05,1.07,-0.88,-0.01,-1,1072830,1146108.71
KABO,2010-08-29,1.1,1.1,1.07,1.08,-0.87,-0.01,-1,1135081,1224451.09
KABO,2010-08-26,1.1,1.1,1.08,1.09,0.88,0.01,-1,770050,836390.15
KABO,2010-08-25,1.1,1.1,1.08,1.08,-1.72,-0.02,-1,826587,895520.38
KABO,2010-08-24,1.11,1.11,1.09,1.1,-0.85,-0.01,-1,1408567,1541767.1
KABO,2010-08-23,1.12,1.12,1.09,1.11,1.74,0.02,-1,1598577,1762751.55
KABO,2010-08-22,1.1,1.1,1.08,1.09,-0.86,-0.01,-1,627319,682328.2
KABO,2010-08-19,1.11,1.11,1.09,1.1,-0.85,-0.01,-1,713530,782039.34
KABO,2010-08-18,1.12,1.12,1.09,1.11,0.86,0.01,-1,1762971,1945976.16
KABO,2010-08-17,1.12,1.12,1.08,1.1,2.65,0.03,-1,2449536,2683506.04
KABO,2010-08-16,1.1,1.1,1.06,1.07,-2.59,-0.03,-1,2580206,2769484.15
KABO,2010-08-15,1.13,1.13,1.08,1.1,0.87,0.01,-1,2347350,2574872.73
KABO,2010-08-12,1.11,1.11,1.07,1.09,-1.71,-0.02,-1,1956113,2130483.85
KABO,2010-08-11,1.15,1.15,1.09,1.11,-3.31,-0.04,-1,1973014,2185489.69
KABO,2010-08-10,1.18,1.18,1.13,1.15,-1.63,-0.02,-1,2515688,2891555.6
KABO,2010-08-09,1.19,1.19,1.16,1.17,0,0,-1,2280194,2655721.25
KABO,2010-08-08,1.18,1.18,1.15,1.17,-0.81,-0.01,-1,2252219,2616449.68
KABO,2010-08-05,1.21,1.21,1.15,1.18,1.64,0.02,-1,4022870,4728275.54
KABO,2010-08-04,1.18,1.18,1.15,1.16,-1.61,-0.02,-1,1112047,1288253.43
KABO,2010-08-03,1.22,1.22,1.15,1.18,0,0,-1,3408451,4016313.85
KABO,2010-08-02,1.2,1.2,1.16,1.18,-0.8,-0.01,-1,3037222,3558440.69
KABO,2010-08-01,1.21,1.21,1.16,1.19,1.63,0.02,-1,3430086,4062937.93
KABO,2010-07-29,1.19,1.19,1.15,1.17,-0.81,-0.01,-1,3291814,3825744.46
KABO,2010-07-28,1.22,1.22,1.13,1.18,3.33,0.04,-1,6259687,7344597.15
KABO,2010-07-27,1.17,1.17,1.1,1.14,2.56,0.03,-1,7597891,8621650.61
KABO,2010-07-26,1.13,1.13,1.08,1.11,3.54,0.04,-1,4541256,5030745.06
KABO,2010-07-25,1.11,1.11,1.04,1.07,4.63,0.04,-1,6987817,7504988.33
KABO,2010-07-22,1.04,1.04,1.02,1.03,0,0,-1,726205,745163.33
KABO,2010-07-21,1.04,1.04,1.02,1.03,-1.82,-0.01,-1,532823,546835.45
KABO,2010-07-20,1.06,1.06,1.01,1.04,0,0,-1,2287434,2374974.47
KABO,2010-07-19,1.06,1.06,1.04,1.04,-0.9,-0.01,-1,1007623,1050965.83
KABO,2010-07-18,1.06,1.06,1.04,1.05,-0.89,-0.01,-1,1195158,1254318.31
KABO,2010-07-15,1.08,1.08,1.05,1.06,-0.88,-0.01,-1,1605455,1706714.68
KABO,2010-07-14,1.09,1.09,1.05,1.07,1.8,0.02,-1,2508291,2688499.37
KABO,2010-07-13,1.06,1.06,1.04,1.05,0,0,-1,785623,825261.57
KABO,2010-07-12,1.08,1.08,1.04,1.05,0,0,-1,1408366,1484460.32
KABO,2010-07-11,1.08,1.08,1.03,1.05,3.74,0.03,-1,3663570,3863495.16
KABO,2010-07-08,1.04,1.04,1.01,1.02,0.94,0.01,-1,914032,929338.23
KABO,2010-07-07,1.02,1.02,1,1.01,-1.85,-0.02,-1,870573,875404.34
KABO,2010-07-06,1.04,1.04,1.02,1.03,1.89,0.02,-1,699224,713888.45
KABO,2010-07-05,1.03,1.03,0.98,1.01,0.95,0.01,-1,1679557,1686344.45
KABO,2010-07-04,1.02,1.02,0.98,1,0,0,-1,1758256,1740917
KABO,2010-06-30,1.02,1.02,0.99,1,-2.78,-0.03,-1,2086999,2077814.03
KABO,2010-06-29,1.04,1.04,1.01,1.03,-2.7,-0.02,-1,1126508,1148899.53
KABO,2010-06-28,1.07,1.07,1.04,1.05,-0.89,-0.01,-1,743227,778602.81
KABO,2010-06-27,1.07,1.07,1.05,1.06,-0.88,-0.01,-1,347418,369039.8
KABO,2010-06-24,1.09,1.09,1.06,1.07,0,0,-1,517104,553650.86
KABO,2010-06-23,1.08,1.08,1.06,1.07,-0.88,-0.01,-1,1264509,1350120.17
KABO,2010-06-22,1.09,1.09,1.07,1.08,-2.56,-0.03,-1,1138717,1228487.69
KABO,2010-06-21,1.13,1.13,1.09,1.11,0,0,-1,2311304,2556343.92
KABO,2010-06-20,1.13,1.13,1.09,1.11,0.86,0.01,-1,2050519,2271784.66
KABO,2010-06-17,1.13,1.13,1.06,1.1,1.75,0.02,-1,5444217,5988112.86
KABO,2010-06-16,1.1,1.1,1.05,1.08,2.7,0.03,-1,5372003,5787654.5
KABO,2010-06-15,1.07,1.07,1.04,1.05,-1.77,-0.02,-1,1224087,1291047.46
KABO,2010-06-14,1.09,1.09,1.04,1.07,2.73,0.03,-1,5662826,6031497.63
KABO,2010-06-13,1.06,1.06,1.03,1.04,0.92,0,-1,1666082,1729488.12
KABO,2010-06-10,1.04,1.04,1.03,1.04,-0.91,0,-1,1228716,1265692.97
KABO,2010-06-09,1.07,1.07,1.03,1.04,0,0,-1,2151640,2238777.34
KABO,2010-06-08,1.07,1.07,1.03,1.04,-0.9,-0.01,-1,2437851,2538730.98
KABO,2010-06-07,1.07,1.07,1.04,1.05,-1.77,-0.02,-1,1816828,1916094.4
KABO,2010-06-06,1.1,1.1,1.05,1.07,-1.74,-0.02,-1,3161358,3394642.66
KABO,2010-06-03,1.12,1.12,1.06,1.09,4.55,0.05,-1,4289071,4666138.28
KABO,2010-06-02,1.07,1.07,0.99,1.04,1.85,0.01,-1,3338127,3472412.32
KABO,2010-06-01,1.04,1.04,1.01,1.03,-0.92,-0.01,-1,2029939,2068054.69
KABO,2010-05-31,1.06,1.06,1.01,1.04,-2.68,-0.02,-1,1752558,1806391.76
KABO,2010-05-30,1.1,1.1,1.03,1.06,0.9,0.01,-1,3033810,3205672.81
KABO,2010-05-27,1.08,1.08,1,1.05,4.72,0.04,-1,4446135,4665371.45
KABO,2010-05-26,1.03,1.03,0.99,1.01,2.91,0.03,-1,2029029,2029586.75
KABO,2010-05-25,1.02,1.02,0.95,0.98,-6.36,-0.06,-1,3048133,2976361.01
KABO,2010-05-24,1.08,1.08,1.03,1.04,0,0,-1,1665225,1738680.87
KABO,2010-05-23,1.07,1.07,1.02,1.04,0,0,-1,2907856,3036270.76
KABO,2010-05-20,1.07,1.07,1.02,1.04,-0.9,-0.01,-1,2751310,2863579.93
KABO,2010-05-19,1.09,1.09,1.04,1.05,-5.13,-0.06,-1,1848117,1947361.92
KABO,2010-05-18,1.12,1.12,1.09,1.11,2.63,0.03,-1,1771734,1955931.69
KABO,2010-05-17,1.12,1.12,1.06,1.08,-3.39,-0.04,-1,2981058,3228140.21
KABO,2010-05-16,1.15,1.15,1.09,1.12,-4.84,-0.06,-1,2096545,2341055.79
KABO,2010-05-13,1.22,1.22,1.16,1.18,-0.8,-0.01,-1,2851718,3335127.89
KABO,2010-05-12,1.23,1.23,1.16,1.19,-1.57,-0.02,-1,1931039,2280762.28
KABO,2010-05-11,1.24,1.24,1.19,1.21,-3.05,-0.03,-1,1546786,1864206.7
KABO,2010-05-10,1.26,1.26,1.22,1.24,3.15,0.03,-1,2577680,3185428.95
KABO,2010-05-09,1.23,1.23,1.18,1.21,-4.51,-0.05,-1,1748599,2095157.8
KABO,2010-05-06,1.28,1.28,1.24,1.26,0,0,-1,1655151,2080545.56
KABO,2010-05-05,1.29,1.29,1.24,1.26,-4.32,-0.06,-1,2065673,2606356.23
KABO,2010-05-04,1.35,1.35,1.3,1.32,-0.71,-0.01,-1,1798022,2366736.14
KABO,2010-05-03,1.35,1.35,1.31,1.33,0,0,-1,1839456,2443684.07
KABO,2010-05-02,1.36,1.36,1.31,1.33,-1.41,-0.02,-1,1742032,2302451.83
KABO,2010-04-29,1.38,1.38,1.33,1.35,1.43,0.02,-1,2365777,3181284.2
KABO,2010-04-28,1.35,1.35,1.31,1.33,-2.78,-0.04,-1,1803863,2391597.56
KABO,2010-04-27,1.4,1.4,1.35,1.37,-0.69,-0.01,-1,1426703,1945595.74
KABO,2010-04-26,1.4,1.4,1.36,1.38,2.84,0.04,-1,3044981,4186017.49
KABO,2010-04-22,1.38,1.38,1.33,1.34,-2.76,-0.04,-1,3114006,4168458.71
KABO,2010-04-21,1.41,1.41,1.35,1.38,-1.36,-0.02,-1,2114583,2898984.59
KABO,2010-04-20,1.41,1.41,1.38,1.4,1.38,0.02,-1,2966433,4124209.61
KABO,2010-04-19,1.39,1.39,1.36,1.38,-1.36,-0.02,-1,1623808,2223150.5
KABO,2010-04-18,1.43,1.43,1.36,1.4,0.68,0.01,-1,4306773,6006368.01
KABO,2010-04-15,1.42,1.42,1.38,1.39,-1.35,-0.02,-1,3126841,4331314.51
KABO,2010-04-14,1.42,1.42,1.38,1.41,4.23,0.06,-1,4798029,6718213.16
KABO,2010-04-13,1.37,1.37,1.34,1.35,-0.7,-0.01,-1,1630806,2197002.07
KABO,2010-04-12,1.39,1.39,1.34,1.36,-2.05,-0.03,-1,2437017,3306048.56
KABO,2010-04-11,1.41,1.41,1.36,1.39,1.39,0.02,-1,3579598,4948895.25
KABO,2010-04-08,1.39,1.39,1.34,1.37,0.7,0.01,-1,4095459,5563474.05
KABO,2010-04-07,1.38,1.38,1.34,1.36,2.88,0.04,-1,3828179,5198550.41
KABO,2010-04-06,1.35,1.35,1.29,1.32,2.21,0.03,-1,4393528,5798203.23
KABO,2010-04-01,1.31,1.31,1.27,1.29,1.49,0.02,-1,1832242,2360235.85
KABO,2010-03-31,1.29,1.29,1.26,1.27,-0.74,-0.01,-1,1792898,2275081.63
KABO,2010-03-30,1.3,1.3,1.26,1.28,-2.17,-0.03,-1,1453972,1863280.88
KABO,2010-03-29,1.34,1.34,1.28,1.31,0,0,-1,3089225,4029026.31
KABO,2010-03-28,1.32,1.32,1.29,1.31,2.99,0.04,-1,2697202,3515524.7
KABO,2010-03-25,1.29,1.29,1.25,1.27,0,0,-1,2543474,3237673.05
KABO,2010-03-24,1.3,1.3,1.24,1.27,1.52,0.02,-1,2081118,2635884.34
KABO,2010-03-23,1.28,1.28,1.2,1.25,3.13,0.03,-1,3256481,4079527.78
KABO,2010-03-22,1.24,1.24,1.19,1.22,-2.29,-0.02,-1,1514069,1828123.7
KABO,2010-03-21,1.27,1.27,1.23,1.24,3.15,0.03,-1,2093489,2594216.64
KABO,2010-03-18,1.23,1.23,1.18,1.21,0,0,-1,2599887,3128606.5
KABO,2010-03-17,1.23,1.23,1.19,1.21,0.79,0.01,-1,1985886,2386544.41
KABO,2010-03-16,1.22,1.22,1.14,1.2,1.61,0.02,-1,2564851,3057459.87
KABO,2010-03-15,1.25,1.25,1.14,1.18,-7.46,-0.09,-1,3261224,3831755.39
KABO,2010-03-14,1.32,1.32,1.25,1.27,-4.29,-0.06,-1,2298447,2915268.73
KABO,2010-03-11,1.36,1.36,1.3,1.33,0,0,-1,2410147,3194415.34
KABO,2010-03-10,1.35,1.35,1.32,1.33,1.45,0.02,-1,1822473,2422591.3
KABO,2010-03-09,1.34,1.34,1.28,1.31,-2.82,-0.04,-1,2243273,2931187.52
KABO,2010-03-08,1.37,1.37,1.33,1.35,-2.07,-0.03,-1,1289520,1727844.84
KABO,2010-03-07,1.4,1.4,1.36,1.38,0,0,-1,2061990,2832087.61
KABO,2010-03-04,1.4,1.4,1.36,1.38,-1.36,-0.02,-1,1756312,2402847.39
KABO,2010-03-03,1.41,1.41,1.38,1.4,0,0,-1,1811931,2515403.55
KABO,2010-03-02,1.41,1.41,1.37,1.4,0.68,0.01,-1,2843005,3955534.27
KABO,2010-03-01,1.41,1.41,1.37,1.39,-0.68,-0.01,-1,1367026,1885683.25
KABO,2010-02-28,1.43,1.43,1.36,1.4,0.68,0.01,-1,4261249,5930285.25
KABO,2010-02-25,1.41,1.41,1.37,1.39,2.1,0.03,-1,3199313,4424371.9
KABO,2010-02-24,1.39,1.39,1.32,1.36,-0.69,-0.01,-1,4759759,6425580
KABO,2010-02-23,1.49,1.49,1.32,1.37,-7.69,-0.1,-1,6647604,9029308.66
KABO,2010-02-22,1.5,1.5,1.45,1.47,-1.89,-0.03,-1,1360789,2007671.75
KABO,2010-02-21,1.54,1.54,1.47,1.5,-0.63,-0.01,-1,1793782,2697981.66
KABO,2010-02-18,1.54,1.54,1.49,1.51,-1.84,-0.03,-1,2463552,3737702.78
KABO,2010-02-17,1.59,1.59,1.51,1.54,-2.4,-0.04,-1,1863204,2871198.56
KABO,2010-02-16,1.6,1.6,1.55,1.58,0.6,0.01,-1,2758860,4364727.26
KABO,2010-02-15,1.6,1.6,1.54,1.57,-1.19,-0.02,-1,1566050,2457188.8
KABO,2010-02-14,1.61,1.61,1.54,1.59,3.7,0.06,-1,3172915,5035542.7
KABO,2010-02-11,1.55,1.55,1.51,1.53,-0.61,-0.01,-1,2357804,3605085.59
KABO,2010-02-10,1.6,1.6,1.51,1.54,-1.21,-0.02,-1,1680769,2594796.1
KABO,2010-02-09,1.59,1.59,1.54,1.56,-1.79,-0.03,-1,1534106,2394814.66
KABO,2010-02-08,1.61,1.61,1.56,1.59,1.82,0.03,-1,1148002,1825259.83
KABO,2010-02-07,1.58,1.58,1.52,1.56,-1.79,-0.03,-1,1388752,2172113.11
KABO,2010-02-04,1.62,1.62,1.58,1.59,-1.75,-0.02,-1,1575268,2506790.29
KABO,2010-02-03,1.65,1.65,1.6,1.61,-1.16,-0.02,-1,1701087,2756165.57
KABO,2010-02-02,1.67,1.67,1.6,1.63,1.17,0.02,-1,4906941,8053374.02
KABO,2010-02-01,1.64,1.64,1.58,1.61,0,0,-1,2216933,3583448.9
KABO,2010-01-31,1.65,1.65,1.57,1.61,-0.58,-0.01,-1,5869772,9490887.1
KABO,2010-01-28,1.66,1.66,1.6,1.62,2.99,0.04,-1,5077968,8285996.51
KABO,2010-01-27,1.6,1.6,1.56,1.58,1.21,0.02,-1,6046910,9580789.88
KABO,2010-01-26,1.59,1.59,1.52,1.56,-1.79,-0.03,-1,3258778,5087694.26
KABO,2010-01-24,1.66,1.66,1.52,1.59,-6.67,-0.11,-1,9633646,15320491.7
KABO,2010-01-21,1.73,1.73,1.67,1.7,-0.55,-0.01,-1,4211400,7175089.95
KABO,2010-01-20,1.75,1.75,1.68,1.71,-1.63,-0.03,-1,6288509,10789665.79
KABO,2010-01-19,1.78,1.78,1.69,1.74,2.79,0.05,-1,8532142,14839927.51
KABO,2010-01-18,1.71,1.71,1.66,1.69,0,0,-1,5524231,9345791.38
KABO,2010-01-17,1.72,1.72,1.64,1.69,4.07,0.07,-1,10286919,17382983.53
KABO,2010-01-14,1.67,1.67,1.57,1.62,1.18,0.02,-1,8765016,14297973.39
KABO,2010-01-13,1.64,1.64,1.56,1.6,-2.3,-0.04,-1,6172178,9907021.51
KABO,2010-01-12,1.67,1.67,1.61,1.64,0,0,-1,4214867,6924264.88
KABO,2010-01-11,1.68,1.68,1.6,1.64,0,0,-1,12677263,20842398.16
KABO,2010-01-10,1.69,1.69,1.6,1.64,2.35,0.04,-1,7312229,12050052.25
KABO,2010-01-06,1.66,1.66,1.55,1.6,0,0,-1,11755348,18953719.69
KABO,2010-01-05,1.67,1.67,1.56,1.6,4.94,0.07,-1,6710430,10800502.62
KABO,2010-01-04,1.62,1.62,1.47,1.53,4.52,0.07,-1,12931309,19869917.19
KABO,2010-01-03,1.5,1.5,1.42,1.46,4.73,0.05,-1,4159464,6106149.49
KABO,2009-12-31,1.43,1.43,1.38,1.41,0.68,0.01,-1,2712605,3808951.25
KABO,2009-12-30,1.43,1.43,1.38,1.4,-1.34,-0.01,-1,1359073,1892159.7
KABO,2009-12-29,1.43,1.43,1.39,1.41,2.76,0.03,-1,2063920,2903566.92
KABO,2009-12-28,1.41,1.41,1.34,1.38,-3.97,-0.05,-1,2509793,3445427.82
KABO,2009-12-27,1.48,1.48,1.38,1.43,-2.58,-0.03,-1,3145505,4483834.04
KABO,2009-12-24,1.5,1.5,1.43,1.46,0.65,0.01,-1,5809921,8517762.43
KABO,2009-12-23,1.48,1.48,1.41,1.45,-0.65,-0.01,-1,3476485,5055059.5
KABO,2009-12-22,1.52,1.52,1.41,1.46,-1.27,-0.02,-1,2907677,4262124.04
KABO,2009-12-21,1.51,1.51,1.45,1.48,-3.09,-0.05,-1,3574071,5295273.14
KABO,2009-12-20,1.58,1.58,1.47,1.53,2.53,0.04,-1,6612422,10115170.22
KABO,2009-12-17,1.55,1.55,1.42,1.49,-1.86,-0.03,-1,9543122,14271221.34
KABO,2009-12-16,1.59,1.59,1.43,1.52,6.62,0.09,-1,5374824,8179648.04
KABO,2009-12-15,1.5,1.5,1.26,1.43,11.85,0.15,-1,14945737,21339152.57
KABO,2009-12-14,1.31,1.31,1.25,1.28,0.75,0.01,-1,2304307,2944075.21
KABO,2009-12-13,1.29,1.29,1.25,1.27,3.08,0.04,-1,3470978,4392058.31
KABO,2009-12-10,1.26,1.26,1.21,1.23,0,0,-1,1682614,2069965.64
KABO,2009-12-09,1.27,1.27,1.21,1.23,-6.47,-0.09,-1,2079364,2549271.75
KABO,2009-12-08,1.36,1.36,1.27,1.32,-1.42,-0.02,-1,1286301,1687757.07
KABO,2009-12-07,1.36,1.36,1.32,1.34,-2.08,-0.03,-1,1165432,1555425.33
KABO,2009-12-06,1.38,1.38,1.35,1.37,-0.69,-0.01,-1,1094629,1487605.94
KABO,2009-12-03,1.4,1.4,1.36,1.38,0.69,0.01,-1,1497378,2050003.24
KABO,2009-12-02,1.4,1.4,1.34,1.37,1.41,0.02,-1,2182837,2977978.01
KABO,2009-12-01,1.37,1.37,1.31,1.35,0,0,-1,1523558,2048246.55
KABO,2009-11-30,1.42,1.42,1.27,1.35,-7.79,-0.1,-1,1536702,2071746.56
KABO,2009-11-25,1.47,1.47,1.43,1.45,-0.65,-0.01,-1,993731,1449712.85
KABO,2009-11-24,1.49,1.49,1.43,1.46,-0.64,-0.01,-1,1201304,1761722.83
KABO,2009-11-23,1.5,1.5,1.45,1.47,-0.64,-0.01,-1,1008313,1488994.56
KABO,2009-11-22,1.51,1.51,1.45,1.48,1.29,0.02,-1,2177710,3236137.21
KABO,2009-11-19,1.48,1.48,1.43,1.46,0.65,0.01,-1,2445843,3589733.78
KABO,2009-11-18,1.48,1.48,1.42,1.45,-3.14,-0.05,-1,1852970,2705704.06
KABO,2009-11-17,1.56,1.56,1.46,1.5,-3.05,-0.05,-1,1828592,2752520.9
KABO,2009-11-16,1.6,1.6,1.52,1.55,-1.8,-0.03,-1,1519709,2356889.72
KABO,2009-11-15,1.61,1.61,1.56,1.58,-0.6,-0.01,-1,1838792,2908309.52
KABO,2009-11-12,1.61,1.61,1.57,1.59,-2.33,-0.03,-1,2109841,3349922.09
KABO,2009-11-11,1.67,1.67,1.6,1.62,-1.15,-0.02,-1,3777285,6164875.06
KABO,2009-11-10,1.69,1.69,1.62,1.64,4.19,0.06,-1,5076275,8356128.1
KABO,2009-11-09,1.63,1.63,1.53,1.58,1.83,0.03,-1,4477527,7072331.22
KABO,2009-11-08,1.59,1.59,1.52,1.55,4.46,0.07,-1,2296633,3560085.7
KABO,2009-11-05,1.56,1.56,1.43,1.48,-4.85,-0.08,-1,4720259,7007132.38
KABO,2009-11-04,1.58,1.58,1.53,1.56,-1.79,-0.03,-1,2908515,4538174.69
KABO,2009-11-03,1.73,1.73,1.49,1.59,-8.7,-0.15,-1,5576185,8848145.98
KABO,2009-11-02,1.81,1.81,1.68,1.74,-2.13,-0.04,-1,4454161,7760988.22
KABO,2009-11-01,1.84,1.84,1.74,1.78,-4.57,-0.08,-1,3611543,6423968.71
KABO,2009-10-29,1.91,1.91,1.81,1.86,-4.83,-0.1,-1,4416780,8228086.28
KABO,2009-10-28,2.04,2.04,1.89,1.96,-4.17,-0.08,-1,2465279,4839907.91
KABO,2009-10-27,2.08,2.08,2,2.04,-0.46,-0.01,-1,2426588,4950254.08
KABO,2009-10-26,2.1,2.1,2.01,2.05,-1.36,-0.03,-1,2680512,5515684.52
KABO,2009-10-25,2.12,2.12,2.05,2.08,-0.45,-0.01,-1,1635819,3412150.5
KABO,2009-10-22,2.11,2.11,2.08,2.09,-0.9,-0.02,-1,1949639,4077811.48
KABO,2009-10-21,2.13,2.13,2.09,2.11,-0.89,-0.02,-1,1709335,3600908.66
KABO,2009-10-20,2.16,2.16,2.11,2.13,-0.44,-0.01,-1,2196053,4678007.67
KABO,2009-10-19,2.16,2.16,2.12,2.14,0.44,0.01,-1,1799584,3849064
KABO,2009-10-18,2.17,2.17,2.11,2.13,-1.32,-0.03,-1,967760,2059408.82
KABO,2009-10-15,2.19,2.19,2.12,2.16,0,0,-1,3682161,7932930.38
KABO,2009-10-14,2.17,2.17,2.13,2.16,0.44,0.01,-1,2389436,5154522.18
KABO,2009-10-13,2.18,2.18,2.11,2.15,1.34,0.03,-1,3383354,7261138.83
KABO,2009-10-12,2.16,2.16,2.1,2.12,-0.88,-0.02,-1,1760408,3734495.95
KABO,2009-10-11,2.17,2.17,2.11,2.14,0.44,0.01,-1,2365298,5050045.54
KABO,2009-10-08,2.16,2.16,2.1,2.13,-1.32,-0.03,-1,2344224,4996829.89
KABO,2009-10-07,2.2,2.2,2.12,2.16,-1.3,-0.02,-1,2663858,5759993.93
KABO,2009-10-05,2.23,2.23,2.16,2.18,-0.86,-0.02,-1,2296338,5024032.24
KABO,2009-10-04,2.23,2.23,2.17,2.2,-0.85,-0.02,-1,3622254,7990918.98
KABO,2009-10-01,2.27,2.27,2.17,2.22,1.29,0.03,-1,6012159,13386626.25
KABO,2009-09-30,2.22,2.22,2.14,2.19,1.31,0.02,-1,5846255,12814962.02
KABO,2009-09-29,2.2,2.2,2.15,2.17,-0.87,-0.01,-1,2199881,4774624.51
KABO,2009-09-28,2.21,2.21,2.16,2.18,0.43,0.01,-1,3085448,6741074.04
KABO,2009-09-27,2.2,2.2,2.16,2.17,-0.43,-0.01,-1,1987630,4327761.25
KABO,2009-09-24,2.19,2.19,2.17,2.18,-0.86,-0.02,-1,2850344,6222701.09
KABO,2009-09-23,2.22,2.22,2.16,2.2,0.43,0.01,-1,4134016,9114353.27
KABO,2009-09-22,2.22,2.22,2.17,2.19,0.87,0.02,-1,2498822,5491876.72
KABO,2009-09-17,2.19,2.19,2.17,2.17,-0.43,-0.01,-1,654688,1426754.27
KABO,2009-09-16,2.2,2.2,2.17,2.18,0,0,-1,628476,1371481.45
KABO,2009-09-15,2.22,2.22,2.15,2.18,2.67,0.05,-1,4973517,10875568.17
KABO,2009-09-14,2.17,2.17,2.1,2.13,-1.32,-0.03,-1,2484481,5299333.77
KABO,2009-09-13,2.17,2.17,2.13,2.16,0.88,0.02,-1,1642853,3537969.31
KABO,2009-09-10,2.17,2.17,2.12,2.14,0,0,-1,1890541,4046549.22
KABO,2009-09-09,2.16,2.16,2.12,2.14,-0.88,-0.02,-1,1398699,2995635.11
KABO,2009-09-08,2.18,2.18,2.13,2.16,-0.87,-0.01,-1,3233230,6992240.87
KABO,2009-09-07,2.22,2.22,2.16,2.17,-0.86,-0.02,-1,1679248,3661348.45
KABO,2009-09-06,2.23,2.23,2.17,2.19,0.43,0.01,-1,1913427,4206932.26
KABO,2009-09-03,2.22,2.22,2.16,2.18,0.87,0.01,-1,2327591,5086615.21
KABO,2009-09-02,2.18,2.18,2.14,2.17,-1.72,-0.03,-1,1785324,3870938.72
KABO,2009-09-01,2.26,2.26,2.17,2.2,-0.43,-0.01,-1,2687862,5939977.39
KABO,2009-08-31,2.25,2.25,2.17,2.21,-0.43,-0.01,-1,2800983,6197968.35
KABO,2009-08-30,2.26,2.26,2.19,2.22,0.86,0.02,-1,2026278,4505719.22
KABO,2009-08-27,2.26,2.26,2.18,2.2,-2.92,-0.07,-1,2412210,5316719.74
KABO,2009-08-26,2.32,2.32,2.22,2.27,0,0,-1,2481293,5629309.22
KABO,2009-08-25,2.29,2.29,2.24,2.27,0.84,0.02,-1,2732225,6210318.62
KABO,2009-08-24,2.3,2.3,2.19,2.25,2.15,0.05,-1,7642421,17228542.15
KABO,2009-08-23,2.22,2.22,2.18,2.2,1.75,0.03,-1,2114424,4656530.43
KABO,2009-08-20,2.21,2.21,2.13,2.17,1.33,0.03,-1,3149850,6830792.89
KABO,2009-08-19,2.21,2.21,2.09,2.14,-2.59,-0.05,-1,3792702,8113272.27
KABO,2009-08-18,2.22,2.22,2.15,2.19,-1.28,-0.03,-1,3705986,8123098.31
KABO,2009-08-17,2.29,2.29,2.16,2.22,-3.69,-0.09,-1,3279123,7300892.94
KABO,2009-08-16,2.35,2.35,2.27,2.31,1.24,0.03,-1,7246085,16740011.44
KABO,2009-08-13,2.31,2.31,2.23,2.28,1.69,0.04,-1,5233586,11930122.82
KABO,2009-08-12,2.27,2.27,2.2,2.24,-1.66,-0.04,-1,4110313,9219653.3
KABO,2009-08-11,2.35,2.35,2.23,2.28,0.42,0.01,-1,6745433,15407794.63
KABO,2009-08-10,2.34,2.34,2.22,2.27,-3.23,-0.08,-1,5682234,12920743.28
KABO,2009-08-09,2.4,2.4,2.29,2.35,0,0,-1,7988767,18761119.19
KABO,2009-08-06,2.38,2.38,2.32,2.35,0,0,-1,5641690,13254997.48
KABO,2009-08-05,2.38,2.38,2.31,2.35,-1.98,-0.04,-1,10663992,25058556.34
KABO,2009-08-04,2.5,2.5,2.28,2.39,-2.69,-0.07,-1,10195704,24457920.62
KABO,2009-08-03,2.5,2.5,2.42,2.46,2.77,0.07,-1,14257076,35117905.83
KABO,2009-08-02,2.44,2.44,2.35,2.39,3.27,0.07,-1,14347941,34350336.41
KABO,2009-07-30,2.36,2.36,2.28,2.32,0.41,0.01,-1,5012089,11629512.61
KABO,2009-07-29,2.34,2.34,2.24,2.31,-1.21,-0.03,-1,4307870,9938713.51
KABO,2009-07-28,2.4,2.4,2.26,2.34,-3.52,-0.08,-1,9681275,22672448.85
KABO,2009-07-27,2.49,2.49,2.37,2.42,5.35,0.12,-1,9692978,23486917.67
KABO,2009-07-26,2.44,2.44,2.17,2.3,6.11,0.13,-1,17697639,40650177.2
KABO,2009-07-22,2.2,2.2,2.14,2.17,-1.29,-0.02,-1,5628460,12175359.32
KABO,2009-07-21,2.25,2.25,2.14,2.19,-0.43,-0.01,-1,6079595,13344029.74
KABO,2009-07-20,2.23,2.23,2.17,2.2,-0.85,-0.02,-1,6406643,14112082.1
KABO,2009-07-19,2.26,2.26,2.17,2.22,0.86,0.02,-1,7528065,16727597.43
KABO,2009-07-16,2.24,2.24,2.16,2.2,1.3,0.03,-1,8750825,19293571.12
KABO,2009-07-15,2.21,2.21,2.13,2.17,-1.29,-0.03,-1,5351252,11667846.83
KABO,2009-07-14,2.24,2.24,2.16,2.2,2.19,0.04,-1,7361701,16217484.75
KABO,2009-07-13,2.2,2.2,2.09,2.16,0.88,0.02,-1,6685948,14398120.41
KABO,2009-07-12,2.21,2.21,2.07,2.14,0.89,0.02,-1,11294138,24178078.38
KABO,2009-07-09,2.19,2.19,1.98,2.12,4.19,0.09,-1,13797831,29231219.56
KABO,2009-07-08,2.09,2.09,1.97,2.03,-4.44,-0.1,-1,10449068,21262786.07
KABO,2009-07-07,2.17,2.17,2.07,2.13,2.27,0.05,-1,6039127,12862381.49
KABO,2009-07-06,2.18,2.18,2.02,2.08,-5.58,-0.12,-1,6180410,12856262.94
KABO,2009-07-05,2.27,2.27,2.15,2.2,-2.92,-0.07,-1,6868572,15140549.89
KABO,2009-07-02,2.33,2.33,2.23,2.27,2.13,0.05,-1,9199193,20926448.21
KABO,2009-06-30,2.26,2.26,2.17,2.22,2.17,0.05,-1,8079868,17939725.96
KABO,2009-06-29,2.25,2.25,2.09,2.17,4.55,0.09,-1,15232720,33188047.43
KABO,2009-06-28,2.13,2.13,2.01,2.08,1.38,0.03,-1,6156427,12803503.76
KABO,2009-06-25,2.12,2.12,1.96,2.05,-6.47,-0.14,-1,8322300,17107497.17
KABO,2009-06-24,2.31,2.31,1.95,2.19,-2.11,-0.05,-1,9765811,21452619.49
KABO,2009-06-23,2.34,2.34,2.14,2.24,-7.42,-0.18,-1,12238703,27396258.46
KABO,2009-06-22,2.59,2.59,2.27,2.42,-6.57,-0.17,-1,8371101,20243970.08
KABO,2009-06-21,2.72,2.72,2.52,2.59,-1.79,-0.05,-1,11502379,29837908.07
KABO,2009-06-18,2.73,2.73,2.56,2.64,-2.45,-0.07,-1,19299400,51029851.31
KABO,2009-06-17,2.8,2.8,2.6,2.71,3.62,0.1,-1,18463755,49916777.12
KABO,2009-06-16,2.8,2.8,2.39,2.61,4.94,0.12,-1,36363176,94933431.14
KABO,2009-06-15,2.57,2.57,2.41,2.49,0.38,0.01,-1,14058148,34953685.3
KABO,2009-06-14,2.63,2.63,2.27,2.48,3.15,0.08,-1,25909549,64150855.12
KABO,2009-06-11,2.49,2.49,2.32,2.4,13.9,0.29,-1,25715443,61884610.33
KABO,2009-06-10,2.25,2.25,1.88,2.11,9.85,0.19,-1,20346744,42898868.43
KABO,2009-06-09,2,2,1.79,1.92,-2.4,-0.05,-1,9186297,17617927.94
KABO,2009-06-08,2.03,2.03,1.91,1.97,-2.8,-0.05,-1,8781337,17279829.72
KABO,2009-06-07,2.11,2.11,1.95,2.02,0.47,0.01,-1,9555629,19367811.37
KABO,2009-06-04,2.09,2.09,1.94,2.01,-0.47,-0.01,-1,17027748,34392859.83
KABO,2009-06-03,2.12,2.12,1.84,2.02,15.68,0.27,-1,28527953,57692343.7
KABO,2009-06-02,1.83,1.83,1.64,1.75,3.93,0.07,-1,24503940,43012947.77
KABO,2009-06-01,1.71,1.71,1.63,1.68,7.23,0.11,-1,8861925,14915156.69
KABO,2009-05-31,1.64,1.64,1.48,1.57,8.5,0.13,-1,12513432,19701050.18
KABO,2009-05-28,1.47,1.47,1.42,1.44,-3.77,-0.06,-1,3472428,5017675.59
KABO,2009-05-27,1.55,1.55,1.44,1.5,-1.85,-0.03,-1,3602253,5425016.23
KABO,2009-05-26,1.57,1.57,1.49,1.53,1.25,0.02,-1,3036487,4653786.11
KABO,2009-05-25,1.53,1.53,1.47,1.51,1.27,0.02,-1,3121357,4725106.76
KABO,2009-05-24,1.54,1.54,1.44,1.49,0,0,-1,3637631,5451179.67
KABO,2009-05-21,1.6,1.6,1.31,1.49,-7.06,-0.11,-1,5937060,8857724.75
KABO,2009-05-20,1.66,1.66,1.57,1.6,-3.95,-0.07,-1,4790433,7694842.3
KABO,2009-05-19,1.71,1.71,1.63,1.67,1.14,0.02,-1,5457993,9145310.59
KABO,2009-05-18,1.69,1.69,1.62,1.65,2.34,0.04,-1,4605038,7629469.62
KABO,2009-05-17,1.68,1.68,1.56,1.61,0,0,-1,4903914,7953243.24
KABO,2009-05-14,1.68,1.68,1.56,1.61,-6.04,-0.11,-1,5807355,9384443.14
KABO,2009-05-13,1.82,1.82,1.62,1.72,-3.7,-0.07,-1,10158067,17453311.8
KABO,2009-05-12,1.82,1.82,1.72,1.79,2.72,0.05,-1,9571984,17121326.12
KABO,2009-05-11,1.81,1.81,1.64,1.74,2.79,0.05,-1,17546881,30615010.59
KABO,2009-05-10,1.72,1.72,1.66,1.69,2.29,0.04,-1,7143148,12096834.77
KABO,2009-05-07,1.68,1.68,1.62,1.65,1.74,0.03,-1,8388914,13885385.78
KABO,2009-05-06,1.65,1.65,1.6,1.62,-0.58,-0.01,-1,5136810,8356234.9
KABO,2009-05-05,1.65,1.65,1.6,1.63,2.98,0.04,-1,8465311,13828496.3
KABO,2009-05-04,1.6,1.6,1.55,1.59,1.2,0.02,-1,3270073,5184840.8
KABO,2009-05-03,1.62,1.62,1.54,1.57,-2.35,-0.03,-1,3456838,5435784.01
KABO,2009-04-30,1.65,1.65,1.57,1.6,0.59,0,-1,5498430,8844929.9
KABO,2009-04-29,1.61,1.61,1.53,1.6,3.05,0.05,-1,5431879,8678605.4
KABO,2009-04-28,1.6,1.6,1.51,1.55,-4.65,-0.07,-1,4708986,7316577.86
KABO,2009-04-27,1.69,1.69,1.56,1.62,0,0,-1,7628129,12426614.57
KABO,2009-04-23,1.67,1.67,1.55,1.6,-5.06,-0.08,-1,8311281,13289738.57
KABO,2009-04-22,1.76,1.76,1.6,1.68,3.49,0.06,-1,11831453,19986237.67
KABO,2009-04-21,1.71,1.71,1.53,1.62,6.17,0.09,-1,18653599,30385472.98
KABO,2009-04-16,1.56,1.56,1.46,1.53,3.85,0.06,-1,10813139,16576971.74
KABO,2009-04-15,1.53,1.53,1.43,1.47,1.3,0.02,-1,6638886,9809472.9
KABO,2009-04-14,1.51,1.51,1.43,1.45,-2.53,-0.04,-1,2431212,3543005.2
KABO,2009-04-13,1.56,1.56,1.44,1.49,-4.24,-0.07,-1,6709551,10035721.02
KABO,2009-04-12,1.61,1.61,1.52,1.56,6.45,0.1,-1,8544411,13338565.27
KABO,2009-04-09,1.5,1.5,1.43,1.46,1.97,0.03,-1,8282616,12134855.26
KABO,2009-04-08,1.49,1.49,1.39,1.43,-2.56,-0.04,-1,5460420,7862590.42
KABO,2009-04-07,1.56,1.56,1.4,1.47,-3.11,-0.05,-1,9319688,13799084.98
KABO,2009-04-06,1.63,1.63,1.42,1.52,-2.42,-0.04,-1,13602006,20725901.56
KABO,2009-04-05,1.63,1.63,1.48,1.56,12.24,0.16,-1,17764844,27820208.8
KABO,2009-04-02,1.46,1.46,1.29,1.4,8.89,0.12,-1,20327131,28277905.41
KABO,2009-04-01,1.33,1.33,1.24,1.28,3.05,0.04,-1,7039214,9026184.02
KABO,2009-03-31,1.28,1.28,1.19,1.24,-4.38,-0.06,-1,7192900,8918276.72
KABO,2009-03-30,1.39,1.39,1.19,1.3,-1.44,-0.02,-1,9955296,12932653.47
KABO,2009-03-29,1.39,1.39,1.23,1.32,8.59,0.1,-1,14674055,19271134.55
KABO,2009-03-26,1.24,1.24,1.19,1.22,3.23,0.04,-1,7858976,9549931.8
KABO,2009-03-25,1.22,1.22,1.12,1.18,0,0,-1,7383547,8671833.92
KABO,2009-03-24,1.23,1.23,1.12,1.18,0.81,0.01,-1,7308634,8585685.9
KABO,2009-03-23,1.21,1.21,1.13,1.17,3.36,0.04,-1,8787723,10217361.72
KABO,2009-03-22,1.2,1.2,1.1,1.13,4.39,0.05,-1,7785001,8781592.88
KABO,2009-03-19,1.11,1.11,1.06,1.08,-1.72,-0.02,-1,3697919,3986393.81
KABO,2009-03-18,1.12,1.12,1.08,1.1,1.75,0.02,-1,5452465,5990777.56
KABO,2009-03-17,1.11,1.11,1.06,1.08,1.79,0.02,-1,5748084,6217678.49
KABO,2009-03-16,1.09,1.09,1.04,1.06,-0.88,-0.01,-1,4105855,4368289.59
KABO,2009-03-15,1.09,1.09,1.04,1.07,2.73,0.03,-1,4417411,4715022.49
KABO,2009-03-12,1.07,1.07,1.03,1.04,-0.9,-0.01,-1,2723902,2841162.69
KABO,2009-03-11,1.08,1.08,1.04,1.05,0,0,-1,2108184,2217531.81
KABO,2009-03-10,1.08,1.08,1.04,1.05,0,0,-1,2300302,2409378.67
KABO,2009-03-08,1.08,1.08,1.04,1.05,-0.89,-0.01,-1,2609623,2742161.38
KABO,2009-03-05,1.1,1.1,1.03,1.06,-6.67,-0.08,-1,5604051,5924549.93
KABO,2009-03-04,1.2,1.2,1.05,1.14,7.14,0.08,-1,9154159,10362483.5
KABO,2009-03-03,1.16,1.16,0.99,1.06,3.7,0.03,-1,14097838,14911062.34
KABO,2009-03-02,1.05,1.05,0.99,1.03,0.93,0.01,-1,4271475,4354103.02
KABO,2009-03-01,1.04,1.04,0.98,1.02,2.88,0.03,-1,2865096,2893595.42
KABO,2009-02-26,1.01,1.01,0.98,0.99,-0.95,-0.01,-1,1280058,1263972.01
KABO,2009-02-25,1.01,1.01,0.98,1,1.94,0.02,-1,1020594,1012558.65
KABO,2009-02-24,1,1,0.97,0.98,-2.83,-0.03,-1,1456949,1423955.16
KABO,2009-02-23,1.03,1.03,0.99,1.01,0.95,0.01,-1,1509022,1510587.43
KABO,2009-02-22,1.03,1.03,0.99,1,-1.87,-0.02,-1,2480091,2466448.05
KABO,2009-02-19,1.04,1.04,1,1.02,1.9,0.02,-1,2632716,2677483.85
KABO,2009-02-18,1.03,1.03,0.98,1,-4.55,-0.04,-1,2183618,2179482.44
KABO,2009-02-17,1.08,1.08,1,1.04,-1.79,-0.02,-1,3015225,3128892.07
KABO,2009-02-16,1.09,1.09,1.02,1.06,3.7,0.03,-1,5626680,5943410.19
KABO,2009-02-15,1.05,1.05,0.99,1.03,3.85,0.04,-1,4081554,4174667.01
KABO,2009-02-12,1.02,1.02,0.97,0.99,0,0,-1,1652740,1620726.12
KABO,2009-02-11,1.01,1.01,0.97,0.99,-0.95,-0.01,-1,1500784,1481270.51
KABO,2009-02-10,1.03,1.03,0.98,1,1.94,0.02,-1,1362107,1357935.65
KABO,2009-02-09,1.01,1.01,0.94,0.98,-3.74,-0.04,-1,1955909,1903340.44
KABO,2009-02-08,1.07,1.07,0.97,1.02,2.88,0.03,-1,1450612,1471003.09
KABO,2009-02-05,1.06,1.06,0.93,0.99,-7.14,-0.07,-1,3209518,3163598.73
KABO,2009-02-04,1.1,1.1,1.01,1.06,2.75,0.02,-1,2687800,2843634.82
KABO,2009-02-03,1.07,1.07,1.01,1.04,-0.91,0,-1,2667633,2763968.87
KABO,2009-02-02,1.11,1.11,0.99,1.04,-8.33,-0.1,-1,2017868,2092209.58
KABO,2009-02-01,1.2,1.2,1.08,1.14,-3.23,-0.04,-1,1862234,2114609.15
KABO,2009-01-29,1.24,1.24,1.12,1.18,4.2,0.05,-1,2435588,2860384.98
KABO,2009-01-28,1.16,1.16,1.1,1.13,0.85,0.01,-1,2068037,2331056.04
KABO,2009-01-27,1.14,1.14,1.09,1.12,5.36,0.06,-1,1443186,1610003.88
KABO,2009-01-26,1.11,1.11,1.02,1.06,-5.08,-0.06,-1,2390136,2542376.71
KABO,2009-01-22,1.18,1.18,1.09,1.12,0,0,-1,2273242,2542878.96
KABO,2009-01-21,1.18,1.18,1.09,1.12,-6.35,-0.08,-1,2350685,2636295.38
KABO,2009-01-20,1.23,1.23,1.18,1.2,-3.82,-0.04,-1,2087225,2493064.6
KABO,2009-01-19,1.28,1.28,1.21,1.24,-0.76,-0.01,-1,2265805,2800340.58
KABO,2009-01-18,1.28,1.28,1.23,1.25,1.54,0.02,-1,1663157,2080293.95
KABO,2009-01-15,1.26,1.26,1.22,1.23,-2.26,-0.03,-1,2710774,3336262.13
KABO,2009-01-14,1.31,1.31,1.23,1.26,-3.62,-0.05,-1,2337935,2942220.55
KABO,2009-01-13,1.35,1.35,1.26,1.31,-1.43,-0.02,-1,4704115,6122162.44
KABO,2009-01-12,1.36,1.36,1.3,1.33,-1.41,-0.02,-1,2780525,3673565.76
KABO,2009-01-11,1.4,1.4,1.3,1.35,4.41,0.06,-1,7329657,9821944.5
KABO,2009-01-08,1.31,1.31,1.27,1.29,-0.73,-0.01,-1,3534836,4559284.44
KABO,2009-01-06,1.32,1.32,1.28,1.3,0,0,-1,3075742,3988578.47
KABO,2009-01-05,1.32,1.32,1.28,1.3,0.74,0.01,-1,2726724,3527830.14
KABO,2009-01-04,1.31,1.31,1.26,1.29,2.26,0.03,-1,3862667,4975068.74
KABO,2008-12-31,1.29,1.29,1.23,1.26,-0.75,-0.01,-1,3462292,4349326.12
KABO,2008-12-30,1.3,1.3,1.26,1.27,0,0,-1,2415736,3074622.52
KABO,2008-12-28,1.3,1.3,1.26,1.27,-1.47,-0.02,-1,1668587,2122049.09
KABO,2008-12-25,1.34,1.34,1.26,1.29,0.74,0.01,-1,8027699,10359018.17
KABO,2008-12-24,1.31,1.31,1.25,1.28,1.5,0.02,-1,4705187,6016336.73
KABO,2008-12-23,1.29,1.29,1.23,1.26,2.31,0.03,-1,6871267,8669632.4
KABO,2008-12-22,1.26,1.26,1.22,1.23,0,0,-1,2254183,2778651.69
KABO,2008-12-21,1.26,1.26,1.23,1.23,-2.26,-0.03,-1,1843952,2274670.5
KABO,2008-12-18,1.28,1.28,1.24,1.26,-0.75,-0.01,-1,2328356,2927791.43
KABO,2008-12-17,1.3,1.3,1.24,1.27,0,0,-1,4134106,5248670.09
KABO,2008-12-16,1.32,1.32,1.23,1.27,-0.74,-0.01,-1,4495152,5683754.75
KABO,2008-12-15,1.31,1.31,1.26,1.28,-2.17,-0.03,-1,2943393,3767933.1
KABO,2008-12-14,1.36,1.36,1.26,1.31,-1.43,-0.02,-1,4904319,6416868.19
KABO,2008-12-11,1.36,1.36,1.28,1.33,1.45,0.02,-1,6240863,8258555.43
KABO,2008-12-10,1.35,1.35,1.27,1.31,2.99,0.04,-1,4234454,5544211.18
KABO,2008-12-04,1.31,1.31,1.23,1.27,2.29,0.03,-1,4804524,6093157.71
KABO,2008-12-03,1.3,1.3,1.21,1.24,2.34,0.02,-1,4179758,5188012.97
KABO,2008-12-02,1.26,1.26,1.16,1.22,-3.03,-0.03,-1,3708151,4499101.95
KABO,2008-12-01,1.31,1.31,1.21,1.25,-7.69,-0.11,-1,3144707,3928579.24
KABO,2008-11-30,1.41,1.41,1.29,1.36,1.42,0.02,-1,6204005,8386021.02
KABO,2008-11-27,1.41,1.41,1.29,1.34,7.63,0.1,-1,2900756,3861909.42
KABO,2008-11-26,1.33,1.33,1.12,1.24,9.17,0.1,-1,12425429,15390169.19
KABO,2008-11-25,1.18,1.18,1.06,1.14,1.69,0.02,-1,2402553,2728428.18
KABO,2008-11-24,1.19,1.19,1.05,1.12,-4.07,-0.05,-1,2371065,2642379.63
KABO,2008-11-23,1.22,1.22,1.13,1.17,0.82,0.01,-1,2417704,2824977.76
KABO,2008-11-20,1.22,1.22,1.12,1.16,-2.4,-0.03,-1,4594891,5323478.83
KABO,2008-11-19,1.24,1.24,1.13,1.19,0,0,-1,3999667,4750579
KABO,2008-11-18,1.32,1.32,1.1,1.19,-10.07,-0.13,-1,5105236,6045040.92
KABO,2008-11-17,1.4,1.4,1.25,1.32,-6.71,-0.09,-1,4260355,5616202.76
KABO,2008-11-16,1.51,1.51,1.31,1.41,5.67,0.07,-1,4590610,6456745.9
KABO,2008-11-13,1.42,1.42,1.24,1.34,-2.08,-0.03,-1,5680814,7601993.88
KABO,2008-11-12,1.47,1.47,1.27,1.37,-8.28,-0.11,-1,4977086,6802587.26
KABO,2008-11-11,1.58,1.58,1.38,1.48,-2.48,-0.04,-1,8471123,12571544.98
KABO,2008-11-10,1.59,1.59,1.42,1.52,4.55,0.07,-1,10701288,16307546.29
KABO,2008-11-09,1.52,1.52,1.38,1.45,11.59,0.14,-1,10928991,15896457.52
KABO,2008-11-06,1.42,1.42,1.09,1.31,9.52,0.11,-1,13270480,17370080.89
KABO,2008-11-05,1.3,1.3,1.14,1.2,1.61,0.02,-1,5022064,5968753.85
KABO,2008-11-04,1.23,1.23,1.1,1.18,2.48,0.03,-1,5530189,6495511.75
KABO,2008-11-03,1.21,1.21,1.05,1.15,7.08,0.08,-1,6147894,7014875.99
KABO,2008-11-02,1.11,1.11,1.02,1.07,9.71,0.09,-1,6622667,7069382.1
KABO,2008-10-30,1.02,1.02,0.93,0.98,-3.74,-0.04,-1,2815314,2733035.88
KABO,2008-10-29,1.09,1.09,0.93,1.02,3.88,0.04,-1,3687275,3719693.64
KABO,2008-10-28,1.02,1.02,0.94,0.98,7.29,0.07,-1,3901113,3807796.16
KABO,2008-10-27,0.96,0.96,0.85,0.91,-2.04,-0.02,-1,3376311,3067278.57
KABO,2008-10-26,1.06,1.06,0.86,0.93,-10.91,-0.11,-1,4019347,3730537.52
KABO,2008-10-23,1.11,1.11,0.96,1.04,-9.84,-0.12,-1,2813634,2918335.47
KABO,2008-10-22,1.28,1.28,1.06,1.16,-12.23,-0.16,-1,2047387,2371606.1
KABO,2008-10-21,1.4,1.4,1.28,1.32,-2.11,-0.03,-1,1314035,1733587.3
KABO,2008-10-20,1.4,1.4,1.31,1.35,0,0,-1,2179041,2932746.63
KABO,2008-10-19,1.41,1.41,1.28,1.35,-1.39,-0.02,-1,1530022,2052077.11
KABO,2008-10-16,1.41,1.41,1.33,1.37,-5.26,-0.06,-1,2675741,3636316.93
KABO,2008-10-15,1.5,1.5,1.41,1.43,-3.8,-0.06,-1,1552269,2228546.93
KABO,2008-10-14,1.6,1.6,1.45,1.49,3.27,0.05,-1,2739278,4098570.11
KABO,2008-10-13,1.51,1.51,1.41,1.44,2,0.02,-1,1690365,2441020.47
KABO,2008-10-12,1.49,1.49,1.23,1.42,-6.25,-0.09,-1,2290489,3253209.37
KABO,2008-10-09,1.6,1.6,1.47,1.51,1.91,0.03,-1,1480731,2241244.33
KABO,2008-10-08,1.58,1.58,1.38,1.48,-7.65,-0.12,-1,2679164,3986382.42
KABO,2008-10-07,1.89,1.89,1.42,1.6,-17.48,-0.35,-1,1811961,2916362.39
KABO,2008-09-29,1.97,1.97,1.89,1.95,-0.48,-0.01,-1,1309547,2554507.62
KABO,2008-09-28,2.02,2.02,1.92,1.96,1.97,0.04,-1,1084923,2126462.53
KABO,2008-09-25,1.97,1.97,1.86,1.92,-0.49,-0.01,-1,1464198,2808712.81
KABO,2008-09-24,2.05,2.05,1.86,1.93,-2.39,-0.05,-1,1483797,2871761.88
KABO,2008-09-23,2.05,2.05,1.92,1.98,-2.34,-0.04,-1,1362956,2693421.28
KABO,2008-09-22,2.08,2.08,1.98,2.02,-1.83,-0.04,-1,1381642,2801062.21
KABO,2008-09-21,2.17,2.17,2,2.06,2.35,0.05,-1,2540830,5252656.56
KABO,2008-09-18,2.12,2.12,1.91,2.01,-7.39,-0.16,-1,3351979,6747424.8
KABO,2008-09-17,2.24,2.24,2.13,2.17,2.68,0.05,-1,2870383,6250370.59
KABO,2008-09-16,2.18,2.18,2.04,2.12,-5.49,-0.12,-1,2395144,5087741.74
KABO,2008-09-15,2.32,2.32,2.18,2.24,-7.42,-0.18,-1,3740351,8373882.48
KABO,2008-09-14,2.51,2.51,2.34,2.42,1.19,0.03,-1,5787757,14021723.8
KABO,2008-09-11,2.46,2.46,2.27,2.39,2.85,0.06,-1,6131370,14696906.7
KABO,2008-09-10,2.41,2.41,2.23,2.33,3.36,0.08,-1,5544624,12923184.11
KABO,2008-09-09,2.29,2.29,2.2,2.25,0.85,0.02,-1,2524992,5690546.72
KABO,2008-09-08,2.28,2.28,2.16,2.23,3.51,0.07,-1,4212453,9407127.9
KABO,2008-09-07,2.18,2.18,2.13,2.16,-0.44,-0.01,-1,822220,1773492.39
KABO,2008-09-04,2.21,2.21,2.15,2.17,-0.87,-0.01,-1,921736,1998061.81
KABO,2008-09-03,2.23,2.23,2.15,2.18,0.87,0.01,-1,1267323,2768778.81
KABO,2008-09-02,2.2,2.2,2.14,2.17,-2.97,-0.06,-1,824410,1787243.01
KABO,2008-09-01,2.31,2.31,2.16,2.23,-0.42,-0.01,-1,2852023,6370803.21
KABO,2008-08-31,2.28,2.28,2.17,2.24,3.04,0.07,-1,3471735,7778818.79
KABO,2008-08-28,2.24,2.24,2.1,2.17,2.68,0.05,-1,4005694,8703329.48
KABO,2008-08-27,2.15,2.15,2.09,2.12,1.36,0.03,-1,1304325,2769186.38
KABO,2008-08-26,2.13,2.13,2.05,2.09,-1.34,-0.03,-1,1404418,2940688.27
KABO,2008-08-25,2.18,2.18,2.08,2.12,-2.18,-0.05,-1,1503383,3183949.74
KABO,2008-08-24,2.22,2.22,2.12,2.17,-0.87,-0.01,-1,2380509,5156692.07
KABO,2008-08-21,2.25,2.25,2.12,2.18,2.67,0.05,-1,3521988,7703114.1
KABO,2008-08-20,2.21,2.21,2.03,2.13,-1.32,-0.03,-1,3912378,8336111.83
KABO,2008-08-19,2.22,2.22,2.1,2.16,-1.72,-0.03,-1,2680954,5781208.44
KABO,2008-08-18,2.27,2.27,2.13,2.19,-3.33,-0.08,-1,1856145,4076262.97
KABO,2008-08-17,2.36,2.36,2.24,2.27,2.56,0.06,-1,3187642,7246335.04
KABO,2008-08-14,2.28,2.28,2.14,2.21,3.54,0.07,-1,4644415,10303905.72
KABO,2008-08-13,2.23,2.23,2.03,2.14,-2.16,-0.04,-1,3211854,6881941.53
KABO,2008-08-12,2.27,2.27,2.1,2.18,-1.28,-0.03,-1,4052688,8873046.45
KABO,2008-08-11,2.39,2.39,2.11,2.21,-5.65,-0.14,-1,3208156,7090925.87
KABO,2008-08-10,2.48,2.48,2.29,2.35,-3.13,-0.07,-1,2819087,6620360.96
KABO,2008-08-07,2.49,2.49,2.38,2.42,1.19,0.03,-1,2343858,5668169.96
KABO,2008-08-06,2.46,2.46,2.32,2.39,0.4,0.01,-1,2140809,5133296.11
KABO,2008-08-05,2.49,2.49,2.35,2.38,-1.18,-0.03,-1,2582910,6157495.41
KABO,2008-08-04,2.52,2.52,2.32,2.41,-3.41,-0.09,-1,2420680,5849141.66
KABO,2008-08-03,2.58,2.58,2.44,2.5,-0.75,-0.02,-1,1855361,4633277.79
KABO,2008-07-31,2.57,2.57,2.46,2.52,0.38,0.01,-1,1584042,3989678.54
KABO,2008-07-30,2.59,2.59,2.43,2.51,-1.49,-0.04,-1,2682309,6715209.67
KABO,2008-07-29,2.66,2.66,2.47,2.55,-6.6,-0.18,-1,3070615,7830893
KABO,2008-07-28,2.79,2.79,2.66,2.73,1.41,0.04,-1,3678165,10037761.1
KABO,2008-07-27,2.76,2.76,2.59,2.69,4.03,0.11,-1,5311305,14276475.18
KABO,2008-07-24,2.63,2.63,2.53,2.58,5.81,0.14,-1,3646122,9411501.21
KABO,2008-07-22,2.55,2.55,2.35,2.44,-3.73,-0.1,-1,3254373,7932326.24
KABO,2008-07-21,2.64,2.64,2.46,2.54,-3.25,-0.08,-1,2082618,5286388.37
KABO,2008-07-20,2.71,2.71,2.54,2.62,5.32,0.13,-1,3209973,8419399.65
KABO,2008-07-17,2.59,2.59,2.39,2.49,-2.59,-0.06,-1,3490372,8683879
KABO,2008-07-16,2.73,2.73,2.39,2.55,-8.16,-0.23,-1,3670336,9366378.54
KABO,2008-07-15,2.92,2.92,2.65,2.78,3.89,0.1,-1,5326338,14822827.57
KABO,2008-07-14,2.75,2.75,2.64,2.68,-0.7,-0.02,-1,2015466,5404736.3
KABO,2008-07-13,2.8,2.8,2.6,2.7,-1.04,-0.03,-1,2875922,7745419.97
KABO,2008-07-10,2.89,2.89,2.6,2.73,-9.15,-0.27,-1,7490874,20440592.62
KABO,2008-07-09,3.14,3.14,2.85,3,12.01,0.32,-1,5693860,17058225.34
KABO,2008-07-08,2.92,2.92,2.23,2.68,19.41,0.44,-1,11904281,31908939.03
KABO,2008-07-07,2.35,2.35,2.18,2.24,2.6,0.06,-1,3323711,7459739.93
KABO,2008-07-06,2.36,2.36,2.09,2.18,-7.97,-0.19,-1,1544327,3376517.72
KABO,2008-07-03,2.6,2.6,2.25,2.37,-2.71,-0.07,-1,1982074,4716998.87
KABO,2008-06-30,2.55,2.55,2.37,2.44,-5.84,-0.15,-1,3156527,7699869.73
KABO,2008-06-29,2.74,2.74,2.48,2.59,1.48,0.04,-1,2172451,5639823.9
KABO,2008-06-26,2.74,2.74,2.42,2.55,-8.78,-0.25,-1,4287889,10969426.88
KABO,2008-06-25,3.01,3.01,2.65,2.8,-6.92,-0.21,-1,4320122,12122887.18
KABO,2008-06-24,3.11,3.11,2.94,3.01,-1.85,-0.06,-1,2136073,6439113.25
KABO,2008-06-23,3.11,3.11,3.01,3.07,0,0,-1,3318059,10169508.87
KABO,2008-06-22,3.12,3.12,3.03,3.07,0.31,0.01,-1,2547600,7807638.08
KABO,2008-06-19,3.12,3.12,2.99,3.06,-3,-0.09,-1,3704419,11327565.45
KABO,2008-06-18,3.3,3.3,3.08,3.15,-3.48,-0.12,-1,4495628,14172827.8
KABO,2008-06-17,3.42,3.42,3.19,3.27,-3.9,-0.13,-1,4345593,14180239.81
KABO,2008-06-16,3.5,3.5,3.34,3.4,-2.97,-0.1,-1,2986958,10160724.73
KABO,2008-06-15,3.59,3.59,3.43,3.5,1.09,0.03,-1,2160864,7561378.74
KABO,2008-06-12,3.56,3.56,3.33,3.47,1.67,0.06,-1,148784523,507339507.7
KABO,2008-06-11,3.48,3.48,3.32,3.41,-1.1,-0.04,-1,3614265,12300392.4
KABO,2008-06-10,3.55,3.55,3.33,3.45,-2.15,-0.07,-1,3728013,12831838.98
KABO,2008-06-09,3.59,3.59,3.49,3.52,-2.11,-0.08,-1,3323868,11711954.64
KABO,2008-06-08,3.67,3.67,3.5,3.6,0.53,0.02,-1,3940339,14158620.32
KABO,2008-06-05,3.73,3.73,3.49,3.58,-2.33,-0.09,-1,7404340,26467347.5
KABO,2008-06-04,3.73,3.73,3.57,3.67,2.93,0.11,-1,4851358,17765428.87
KABO,2008-06-03,3.68,3.68,3.4,3.56,-2.34,-0.09,-1,7086390,25221915.26
KABO,2008-06-02,3.84,3.84,3.55,3.65,-5.17,-0.2,-1,7555343,27544460.09
KABO,2008-06-01,4.03,4.03,3.75,3.85,-4.02,-0.16,-1,7275469,27936865.33
KABO,2008-05-29,4.63,4.63,3.84,4.01,3.93,0.15,-1,15046095,60196387.42
KABO,2008-05-28,3.98,3.98,3.75,3.86,3.04,0.12,-1,11148683,42992208.8
KABO,2008-05-27,3.96,3.96,3.49,3.74,7.92,0.27,-1,22859573,85431172.88
KABO,2008-05-26,3.56,3.56,3.42,3.47,-2.92,-0.1,-1,3838516,13299413.91
KABO,2008-05-25,3.65,3.65,3.5,3.57,2.72,0.09,-1,4291218,15304821.05
KABO,2008-05-22,3.57,3.57,3.32,3.48,-0.81,-0.02,-1,8308535,28893432.64
KABO,2008-05-21,3.63,3.63,3.43,3.5,-3.14,-0.12,-1,5490342,19238718.97
KABO,2008-05-20,3.68,3.68,3.55,3.62,4.09,0.14,-1,7570700,27384390.63
KABO,2008-05-19,3.56,3.56,3.36,3.48,0,0,-1,6620216,23025322.99
KABO,2008-05-18,3.59,3.59,3.31,3.48,6.07,0.2,-1,8103966,28153840.18
KABO,2008-05-15,3.68,3.68,3.03,3.28,-10.82,-0.4,-1,10163004,33315449.29
KABO,2008-05-14,3.88,3.88,3.47,3.68,-1.02,-0.03,-1,9079767,33343925.72
KABO,2008-05-13,4.01,4.01,3.37,3.71,-4.39,-0.17,-1,11897714,44150152.48
KABO,2008-05-12,4.12,4.12,3.74,3.88,-2.15,-0.09,-1,16429687,63782282.49
KABO,2008-05-11,4.2,4.2,3.78,3.97,-4.77,-0.2,-1,20370533,80787041.35
KABO,2008-05-08,4.73,4.73,3.92,4.17,8.64,0.33,-1,22599623,94191785.11
KABO,2008-05-07,3.97,3.97,3.65,3.84,3.05,0.12,-1,15911949,60976906.34
KABO,2008-05-06,3.87,3.87,3.6,3.72,4.8,0.17,-1,14195516,52753232.72
KABO,2008-05-05,3.78,3.78,3.26,3.55,11.94,0.38,-1,24419049,86611492.57
KABO,2008-05-04,3.28,3.28,3.02,3.17,5.02,0.15,-1,10554698,33440014.8
KABO,2008-04-30,3.07,3.07,2.98,3.02,0,0,-1,2734886,8249372.76
KABO,2008-04-29,3.11,3.11,2.96,3.02,0,0,-1,2711872,8190359.77
KABO,2008-04-24,3.05,3.05,2.98,3.02,1.27,0.04,-1,4110200,12393455.65
KABO,2008-04-23,3.04,3.04,2.92,2.98,0.64,0.02,-1,3995439,11916811.79
KABO,2008-04-22,3.08,3.08,2.91,2.96,-2.49,-0.08,-1,3587000,10633201.43
KABO,2008-04-21,3.16,3.16,2.99,3.04,-2.43,-0.07,-1,3528380,10732951.67
KABO,2008-04-20,3.2,3.2,3.05,3.11,0.3,0,-1,4478142,13953930.75
KABO,2008-04-17,3.25,3.25,3.03,3.11,-2.38,-0.07,-1,6939544,21547051.36
KABO,2008-04-16,3.31,3.31,3.08,3.18,-2.04,-0.07,-1,5941977,18891948.81
KABO,2008-04-15,3.31,3.31,3.15,3.25,1.78,0.06,-1,7497835,24345950.4
KABO,2008-04-14,3.32,3.32,3.1,3.19,-3.99,-0.13,-1,6093073,19430113.94
KABO,2008-04-13,3.49,3.49,3.18,3.32,-0.57,-0.02,-1,8256731,27432867.43
KABO,2008-04-10,3.43,3.43,3.27,3.34,-2.75,-0.1,-1,9426685,31465531.3
KABO,2008-04-09,3.57,3.57,3.3,3.44,4.91,0.16,-1,16555623,56844294.9
KABO,2008-04-08,3.44,3.44,3.01,3.28,10.19,0.31,-1,23095037,75525004.04
KABO,2008-04-07,3.01,3.01,2.92,2.97,2.95,0.08,-1,8648978,25740358.11
KABO,2008-04-06,2.93,2.93,2.85,2.89,1.33,0.04,-1,3262222,9419878.45
KABO,2008-04-03,2.92,2.92,2.8,2.85,-2.9,-0.08,-1,4963256,14123564.06
KABO,2008-04-02,3.03,3.03,2.83,2.93,-1.59,-0.05,-1,10187935,29935284.08
KABO,2008-04-01,3.05,3.05,2.92,2.98,0.32,0.01,-1,6763370,20195956.07
KABO,2008-03-31,3.07,3.07,2.89,2.97,0.64,0.02,-1,9560706,28430328.64
KABO,2008-03-30,3.02,3.02,2.79,2.95,1.96,0.05,-1,14878749,43871432.68
KABO,2008-03-27,2.99,2.99,2.79,2.9,5.52,0.16,-1,11551289,33430076.95
KABO,2008-03-26,2.88,2.88,2.58,2.74,6.62,0.17,-1,12920166,35445074.32
KABO,2008-03-25,2.62,2.62,2.53,2.57,0,0,-1,2612070,6719352.58
KABO,2008-03-24,2.67,2.67,2.5,2.57,-1.09,-0.03,-1,3293293,8466258.11
KABO,2008-03-23,2.68,2.68,2.51,2.6,0.36,0.01,-1,3386978,8825935.04
KABO,2008-03-19,2.73,2.73,2.48,2.59,0.74,0.02,-1,3939296,10206861.35
KABO,2008-03-18,2.69,2.69,2.49,2.57,-5.23,-0.15,-1,3581564,9235946.41
KABO,2008-03-17,2.87,2.87,2.42,2.72,-2.38,-0.06,-1,7207612,19598911.92
KABO,2008-03-16,2.85,2.85,2.69,2.78,1.38,0.04,-1,5919222,16451360.08
KABO,2008-03-13,2.82,2.82,2.7,2.74,-2.03,-0.06,-1,5844235,16036447.53
KABO,2008-03-12,2.89,2.89,2.76,2.8,-0.34,-0.01,-1,4610033,12935090.92
KABO,2008-03-11,2.9,2.9,2.75,2.81,-2.94,-0.09,-1,5445305,15302116.07
KABO,2008-03-10,2.98,2.98,2.8,2.9,1.66,0.05,-1,9793588,28332334.27
KABO,2008-03-09,2.92,2.92,2.79,2.85,0.67,0.02,-1,6335906,18079625.08
KABO,2008-03-06,2.92,2.92,2.75,2.83,-1.97,-0.06,-1,6533158,18463771.74
KABO,2008-03-05,2.99,2.99,2.77,2.89,-0.33,-0.01,-1,10046879,29000018.72
KABO,2008-03-04,2.99,2.99,2.79,2.9,0.99,0.03,-1,10646035,30784744.23
KABO,2008-03-03,3.05,3.05,2.71,2.87,1,0.03,-1,14505946,41599258.03
KABO,2008-03-02,3.01,3.01,2.56,2.84,12.36,0.31,-1,21114912,60047235.22
KABO,2008-02-28,2.59,2.59,2.41,2.53,4.3,0.11,-1,11964732,30207232.18
KABO,2008-02-27,2.55,2.55,2.3,2.42,-2.66,-0.07,-1,11595941,28091929.24
KABO,2008-02-26,2.61,2.61,2.35,2.49,6.48,0.15,-1,10194116,25332660.68
KABO,2008-02-25,2.55,2.55,2.15,2.34,8.33,0.18,-1,23543501,55119704.84
KABO,2008-02-24,2.19,2.19,2.14,2.16,0.44,0.01,-1,3091731,6676202.84
KABO,2008-02-21,2.17,2.17,2.13,2.15,-1.73,-0.03,-1,4289988,9225674.77
KABO,2008-02-20,2.24,2.24,2.13,2.18,-0.86,-0.02,-1,5735135,12516580.97
KABO,2008-02-19,2.24,2.24,2.17,2.2,1.3,0.03,-1,7378784,16284737.41
KABO,2008-02-18,2.21,2.21,2.14,2.17,2.22,0.04,-1,6666208,14484898.76
KABO,2008-02-17,2.17,2.17,2.09,2.13,1.35,0.03,-1,5039249,10749941.51
KABO,2008-02-14,2.16,2.16,2.07,2.1,-1.77,-0.04,-1,4509393,9490029.26
KABO,2008-02-13,2.17,2.17,2.11,2.14,0,0,-1,2590569,5547007
KABO,2008-02-12,2.17,2.17,2.11,2.14,-1.74,-0.03,-1,2478528,5304041.34
KABO,2008-02-11,2.24,2.24,2.11,2.17,0.44,0,-1,4165846,9058869.94
KABO,2008-02-10,2.2,2.2,2.11,2.17,0.44,0.01,-1,3950539,8578871.06
KABO,2008-02-07,2.22,2.22,2.12,2.16,0.44,0.01,-1,4498676,9727334.51
KABO,2008-02-06,2.19,2.19,2.08,2.15,-3.4,-0.07,-1,3582943,7682331.34
KABO,2008-02-05,2.27,2.27,2.16,2.22,3.98,0.08,-1,7862566,17455614.45
KABO,2008-02-04,2.18,2.18,2.07,2.14,1.35,0.03,-1,7497549,16068555.33
KABO,2008-02-03,2.13,2.13,2.08,2.11,1.83,0.04,-1,2267803,4779755.78
KABO,2008-01-31,2.12,2.12,2.05,2.07,-0.9,-0.02,-1,4320358,8972087.27
KABO,2008-01-30,2.15,2.15,2.06,2.09,-0.9,-0.02,-1,3292406,6896612.17
KABO,2008-01-29,2.16,2.16,2.08,2.11,-0.89,-0.02,-1,3490319,7378289.23
KABO,2008-01-28,2.22,2.22,2.07,2.13,-1.75,-0.04,-1,4943533,10507012.8
KABO,2008-01-27,2.22,2.22,2.11,2.17,2.69,0.06,-1,4783603,10371416.77
KABO,2008-01-24,2.17,2.17,2.04,2.11,-1.33,-0.03,-1,5585733,11792040.37
KABO,2008-01-23,2.23,2.23,2.03,2.14,2.26,0.05,-1,5990308,12828459.31
KABO,2008-01-22,2.17,2.17,2.03,2.09,-4.74,-0.1,-1,5233960,10961131.63
KABO,2008-01-21,2.36,2.36,2.07,2.19,-8.3,-0.2,-1,6161294,13511952.51
KABO,2008-01-20,2.51,2.51,2.26,2.39,0.4,0.01,-1,11467219,27420440.39
KABO,2008-01-17,2.46,2.46,2.27,2.38,-0.79,-0.02,-1,9379954,22375069.49
KABO,2008-01-16,2.55,2.55,2.27,2.4,2.42,0.05,-1,10756525,25815717.25
KABO,2008-01-15,2.41,2.41,2.19,2.35,1.64,0.04,-1,9053414,21211514.7
KABO,2008-01-14,2.46,2.46,2.17,2.31,2.52,0.06,-1,11042941,25462919.3
KABO,2008-01-13,2.36,2.36,2.12,2.25,8.18,0.17,-1,11944120,26945111.68
KABO,2008-01-10,2.12,2.12,2.01,2.08,2.33,0.05,-1,6899738,14371946.49
KABO,2008-01-08,2.07,2.07,1.96,2.03,0.94,0.02,-1,4591620,9327367.23
KABO,2008-01-06,2.06,2.06,1.98,2.01,0,0,-1,2809426,5674636.77
KABO,2008-01-03,2.05,2.05,1.96,2.01,2.4,0.04,-1,3044886,6126099.56
KABO,2008-01-02,2.03,2.03,1.88,1.97,5.58,0.11,-1,4977285,9779451.68
KABO,2007-12-31,1.9,1.9,1.85,1.86,-2.48,-0.05,-1,1095997,2045630.09
KABO,2007-12-30,1.94,1.94,1.87,1.91,2.54,0.05,-1,2908264,5561012.04
KABO,2007-12-27,1.88,1.88,1.84,1.86,-0.51,-0.01,-1,607992,1133284.31
KABO,2007-12-26,1.89,1.89,1.84,1.87,0.51,0.01,-1,956354,1795863.34
KABO,2007-12-25,1.9,1.9,1.84,1.86,-1.01,-0.02,-1,696200,1299010.1
KABO,2007-12-24,1.91,1.91,1.82,1.88,2.05,0.04,-1,1496681,2812116.49
KABO,2007-12-23,1.87,1.87,1.83,1.84,-0.51,-0.01,-1,579453,1071573.77
KABO,2007-12-17,1.86,1.86,1.83,1.85,0,0,-1,602999,1116582.58
KABO,2007-12-16,1.88,1.88,1.84,1.85,0,0,-1,689301,1281629.21
KABO,2007-12-13,1.89,1.89,1.83,1.85,0,0,-1,1300983,2410406.33
KABO,2007-12-12,1.92,1.92,1.83,1.85,-2.49,-0.05,-1,1527511,2840689.88
KABO,2007-12-11,1.95,1.95,1.85,1.9,-2.43,-0.05,-1,2177143,4145240.5
KABO,2007-12-10,1.98,1.98,1.93,1.95,-1.9,-0.03,-1,1504477,2932054.17
KABO,2007-12-09,2,2,1.95,1.98,1.45,0.02,-1,1452562,2880863.52
KABO,2007-12-06,1.98,1.98,1.95,1.96,-0.96,-0.02,-1,1105827,2171720.01
KABO,2007-12-05,2,2,1.95,1.98,0.97,0.02,-1,1798999,3554264.27
KABO,2007-12-04,1.98,1.98,1.95,1.96,-0.48,-0.01,-1,556768,1089931.64
KABO,2007-12-03,1.98,1.98,1.95,1.97,0.48,0.01,-1,693231,1364705.76
KABO,2007-12-02,1.98,1.98,1.95,1.96,0,0,-1,821751,1612481.61
KABO,2007-11-29,2,2,1.94,1.96,-1.43,-0.02,-1,1838439,3606703.02
KABO,2007-11-28,2.03,2.03,1.97,1.98,-1.87,-0.04,-1,1510115,3001177.9
KABO,2007-11-27,2.04,2.04,2,2.02,-0.93,-0.02,-1,1044977,2115628.6
KABO,2007-11-26,2.08,2.08,2.01,2.04,-0.92,-0.02,-1,1788338,3652073.02
KABO,2007-11-25,2.09,2.09,2.01,2.06,2.35,0.05,-1,4122684,8497508.77
KABO,2007-11-22,2.03,2.03,1.98,2.01,1.43,0.03,-1,2934281,5913159.18
KABO,2007-11-21,2.01,2.01,1.97,1.98,0,0,-1,1650928,3285967.39
KABO,2007-11-20,2.02,2.02,1.94,1.98,1.94,0.03,-1,2431390,4825334.69
KABO,2007-11-19,1.97,1.97,1.93,1.95,0,0,-1,1179249,2295071.05
KABO,2007-11-18,1.98,1.98,1.94,1.95,0,0,-1,1255160,2446003.17
KABO,2007-11-15,1.97,1.97,1.94,1.95,-0.48,-0.01,-1,1728600,3369087.67
KABO,2007-11-14,1.98,1.98,1.95,1.96,0,0,-1,865436,1696005.68
KABO,2007-11-13,1.99,1.99,1.95,1.96,-1.9,-0.03,-1,2184262,4289843.98
KABO,2007-11-12,2.03,2.03,1.98,1.99,-1.86,-0.04,-1,958309,1910988.71
KABO,2007-11-11,2.05,2.05,1.98,2.03,2.38,0.05,-1,2402270,4882508.04
KABO,2007-11-08,2.02,2.02,1.96,1.98,0,0,-1,1380293,2742913.49
KABO,2007-11-07,2.02,2.02,1.97,1.98,-1.41,-0.03,-1,1484601,2957725.94
KABO,2007-11-06,2.05,2.05,2,2.01,-0.93,-0.02,-1,785249,1583098.53
KABO,2007-11-05,2.07,2.07,2,2.03,0,0,-1,1584999,3231608.28
KABO,2007-11-04,2.06,2.06,2,2.03,0.47,0.01,-1,1251618,2549407.83
KABO,2007-11-01,2.06,2.06,2,2.02,-2.73,-0.06,-1,1674072,3389173.83
KABO,2007-10-31,2.13,2.13,2.02,2.08,1.38,0.03,-1,2895819,6020667.68
KABO,2007-10-30,2.1,2.1,2,2.05,1.88,0.04,-1,3283195,6756883.31
KABO,2007-10-29,2.04,2.04,2,2.01,-0.47,-0.01,-1,612253,1233651.23
KABO,2007-10-28,2.05,2.05,2,2.02,1.42,0.03,-1,1046284,2116372.53
KABO,2007-10-25,2.02,2.02,1.98,1.99,-1.4,-0.03,-1,2094919,4183752.3
KABO,2007-10-24,2.07,2.07,2,2.02,-0.47,-0.01,-1,925154,1875314.87
KABO,2007-10-23,2.06,2.06,2.01,2.03,-1.38,-0.03,-1,1408893,2870846.55
KABO,2007-10-22,2.12,2.12,2.03,2.06,-2.68,-0.06,-1,1737897,3584857.57
KABO,2007-10-21,2.17,2.17,2.07,2.12,3.7,0.08,-1,3134759,6638207.13
KABO,2007-10-18,2.08,2.08,2,2.04,-0.46,-0.01,-1,2475455,5066879.39
KABO,2007-10-17,2.08,2.08,2.03,2.05,-0.91,-0.02,-1,687861,1411741.61
KABO,2007-10-16,2.12,2.12,2.01,2.07,2.34,0.05,-1,2658041,5514638.21
KABO,2007-10-11,2.03,2.03,2,2.02,0.47,0.01,-1,1010027,2041542.93
KABO,2007-10-10,2.03,2.03,1.99,2.01,0.47,0.01,-1,1167125,2353861.41
KABO,2007-10-09,2.03,2.03,1.98,2,1.44,0.02,-1,721517,1447618.51
KABO,2007-10-08,1.99,1.99,1.97,1.98,0.48,0.01,-1,725076,1435915.58
KABO,2007-10-04,1.98,1.98,1.96,1.97,-0.48,-0.01,-1,625780,1233730.7
KABO,2007-10-03,2,2,1.97,1.98,-0.48,0,-1,550188,1088318.47
KABO,2007-10-02,1.99,1.99,1.98,1.98,0,0,-1,648910,1289716.65
KABO,2007-10-01,2.03,2.03,1.98,1.98,-0.47,-0.01,-1,364274,725022.03
KABO,2007-09-30,2.02,2.02,1.98,1.99,0,0,-1,665992,1329929.25
KABO,2007-09-27,2.01,2.01,1.98,1.99,0,0,-1,666179,1330612.15
KABO,2007-09-26,2.01,2.01,1.98,1.99,-0.47,-0.01,-1,529462,1059196.03
KABO,2007-09-25,2.03,2.03,1.98,2,-0.93,-0.02,-1,1451886,2916187.79
KABO,2007-09-24,2.05,2.05,2.01,2.02,-0.47,-0.01,-1,731736,1482248.97
KABO,2007-09-23,2.06,2.06,2.01,2.03,0,0,-1,686749,1400411.19
KABO,2007-09-20,2.04,2.04,2.01,2.03,0.47,0.01,-1,740710,1504443.18
KABO,2007-09-19,2.04,2.04,2.01,2.02,0,0,-1,529049,1072996.81
KABO,2007-09-18,2.05,2.05,2.01,2.02,-0.93,-0.02,-1,381697,774390.8
KABO,2007-09-17,2.08,2.08,2.02,2.04,-0.92,-0.02,-1,599702,1226832.05
KABO,2007-09-16,2.11,2.11,2.05,2.06,-0.91,-0.02,-1,909990,1879776.55
KABO,2007-09-13,2.13,2.13,2.06,2.08,-0.9,-0.02,-1,1009660,2103104.41
KABO,2007-09-12,2.15,2.15,2.03,2.1,0.91,0.02,-1,4441279,9336235.14
KABO,2007-09-11,2.12,2.12,2.03,2.08,1.38,0.03,-1,2351887,4889928.63
KABO,2007-09-10,2.16,2.16,1.98,2.05,3.33,0.07,-1,3963077,8132368.55
KABO,2007-09-09,2,2,1.97,1.98,0.48,0,-1,900203,1787118.7
KABO,2007-09-06,1.99,1.99,1.97,1.98,-0.48,0,-1,798141,1580271.84
KABO,2007-09-05,2.01,2.01,1.97,1.98,0,0,-1,920193,1831763.12
KABO,2007-09-04,2.01,2.01,1.98,1.98,-0.47,-0.01,-1,906034,1803594.05
KABO,2007-09-03,2.02,2.02,1.98,1.99,0,0,-1,881466,1761976.21
KABO,2007-09-02,2.02,2.02,1.97,1.99,1.44,0.02,-1,1210595,2417906.54
KABO,2007-08-30,1.98,1.98,1.95,1.97,0,0,-1,1263308,2484864.58
KABO,2007-08-29,2,2,1.95,1.97,-0.95,-0.01,-1,872136,1718000.94
KABO,2007-08-28,2.01,2.01,1.96,1.98,-0.94,-0.02,-1,1515968,3006852.19
KABO,2007-08-27,2.03,2.03,1.98,2,0.47,0.01,-1,1078032,2161882.26
KABO,2007-08-26,2.02,2.02,1.98,1.99,0.96,0.01,-1,694456,1384647.16
KABO,2007-08-23,2,2,1.96,1.98,-0.48,0,-1,1342455,2649885.41
KABO,2007-08-22,2.04,2.04,1.97,1.98,-0.94,-0.02,-1,965192,1918035.29
KABO,2007-08-21,2.08,2.08,1.96,2,-1.4,-0.03,-1,1680191,3364849.14
KABO,2007-08-20,2.07,2.07,2,2.03,-2.27,-0.05,-1,938917,1908154.44
KABO,2007-08-19,2.13,2.13,2.03,2.08,2.33,0.05,-1,1672361,3477807.66
KABO,2007-08-16,2.07,2.07,2,2.03,-1.83,-0.04,-1,1804131,3670548.32
KABO,2007-08-15,2.13,2.13,2.04,2.07,-0.9,-0.02,-1,1302778,2700411.58
KABO,2007-08-14,2.13,2.13,2.07,2.09,-0.45,-0.01,-1,1428665,2992249.04
KABO,2007-08-13,2.17,2.17,2.05,2.1,-3.9,-0.08,-1,4084059,8585773.42
KABO,2007-08-12,2.25,2.25,2.13,2.18,-1.7,-0.04,-1,3207490,6999402.98
KABO,2007-08-09,2.29,2.29,2.15,2.22,3.98,0.08,-1,4048158,9012651.7
KABO,2007-08-08,2.2,2.2,2.11,2.14,-2.59,-0.05,-1,2564463,5496475.61
KABO,2007-08-07,2.26,2.26,2.12,2.19,4.04,0.08,-1,7884302,17314372.53
KABO,2007-08-06,2.16,2.16,2.08,2.11,0,0,-1,1223168,2577837.29
KABO,2007-08-05,2.15,2.15,2.04,2.11,2.76,0.06,-1,4450140,9410103.07
KABO,2007-08-02,2.09,2.09,2.02,2.05,-1.36,-0.03,-1,2150143,4409501.28
KABO,2007-08-01,2.15,2.15,2.04,2.08,1.38,0.03,-1,1307259,2716244.68
KABO,2007-07-31,2.08,2.08,2.03,2.05,0.46,0.01,-1,1020903,2093816.75
KABO,2007-07-30,2.08,2.08,2.02,2.04,-0.46,-0.01,-1,1325868,2708945.94
KABO,2007-07-29,2.15,2.15,2.02,2.05,-1.36,-0.03,-1,1648009,3379347.66
KABO,2007-07-26,2.14,2.14,2.06,2.08,-2.65,-0.06,-1,961890,2003415.91
KABO,2007-07-25,2.2,2.2,2.06,2.14,1.8,0.04,-1,3623599,7757369.54
KABO,2007-07-24,2.19,2.19,2.02,2.1,3.74,0.08,-1,3298503,6924988.39
KABO,2007-07-22,2.06,2.06,2,2.02,-0.47,-0.01,-1,713434,1448125.76
KABO,2007-07-19,2.07,2.07,2.01,2.03,0,0,-1,1327270,2696224.1
KABO,2007-07-18,2.1,2.1,2,2.03,-1.83,-0.04,-1,1269984,2586156.41
KABO,2007-07-17,2.1,2.1,2.04,2.07,-3.1,-0.07,-1,1499250,3109396.86
KABO,2007-07-16,2.22,2.22,2.07,2.14,1.8,0.04,-1,3180825,6797829.53
KABO,2007-07-15,2.21,2.21,1.98,2.1,6.73,0.13,-1,4786335,10042732.54
KABO,2007-07-12,2.01,2.01,1.92,1.97,0.97,0.02,-1,2231553,4400589.37
KABO,2007-07-11,2,2,1.91,1.95,-1.9,-0.03,-1,1243708,2420965.14
KABO,2007-07-10,2.04,2.04,1.96,1.98,-1.87,-0.04,-1,1302726,2587992.3
KABO,2007-07-09,2.06,2.06,1.99,2.02,0.47,0.01,-1,1132710,2299567.62
KABO,2007-07-08,2.06,2.06,1.98,2.01,0,0,-1,846250,1703549.66
KABO,2007-07-05,2.05,2.05,1.97,2.01,-0.47,-0.01,-1,1472174,2961121.39
KABO,2007-07-04,2.05,2.05,2,2.02,-0.93,-0.02,-1,1189699,2411520.76
KABO,2007-07-03,2.11,2.11,2,2.04,-2.26,-0.05,-1,1444428,2957550.48
KABO,2007-07-02,2.16,2.16,2.05,2.09,-0.45,-0.01,-1,885761,1853914.16
KABO,2007-06-28,2.17,2.17,2.03,2.1,-2.63,-0.06,-1,2284787,4801742.71
KABO,2007-06-27,2.2,2.2,2.14,2.16,-0.87,-0.01,-1,1129287,2435271.59
KABO,2007-06-26,2.2,2.2,2.17,2.17,-0.43,-0.01,-1,935282,2039791.92
KABO,2007-06-25,2.21,2.21,2.16,2.18,-0.86,-0.02,-1,1137602,2481927.65
KABO,2007-06-24,2.26,2.26,2.17,2.2,-1.69,-0.04,-1,1302682,2872154.76
KABO,2007-06-21,2.31,2.31,2.21,2.24,-1.66,-0.04,-1,1559911,3493367.96
KABO,2007-06-20,2.33,2.33,2.23,2.28,0,0,-1,2398490,5472561.24
KABO,2007-06-19,2.32,2.32,2.23,2.28,-1.63,-0.04,-1,2128524,4847087.2
KABO,2007-06-18,2.38,2.38,2.25,2.32,1.24,0.03,-1,2524824,5852396.47
KABO,2007-06-17,2.32,2.32,2.24,2.29,2.98,0.07,-1,2403461,5508729.37
KABO,2007-06-14,2.27,2.27,2.14,2.22,2.62,0.05,-1,3586823,7994447.04
KABO,2007-06-13,2.26,2.26,2.13,2.17,-2.14,-0.04,-1,1475516,3196534.3
KABO,2007-06-12,2.27,2.27,2.2,2.21,-1.68,-0.04,-1,706458,1566886.33
KABO,2007-06-11,2.29,2.29,2.22,2.25,1.28,0.03,-1,1379343,3110985.66
KABO,2007-06-10,2.25,2.25,2.18,2.22,-0.84,-0.02,-1,1166685,2595046.34
KABO,2007-06-07,2.31,2.31,2.18,2.24,-2.87,-0.07,-1,2144114,4808944.34
KABO,2007-06-06,2.36,2.36,2.29,2.31,-0.81,-0.02,-1,1819611,4202652.49
KABO,2007-06-05,2.36,2.36,2.31,2.33,-0.4,-0.01,-1,1684821,3923122.67
KABO,2007-06-04,2.37,2.37,2.31,2.34,-1.98,-0.04,-1,1854727,4332130.49
KABO,2007-06-03,2.42,2.42,2.35,2.38,0,0,-1,1215338,2894053.61
KABO,2007-05-31,2.44,2.44,2.34,2.38,-0.4,-0.01,-1,2769042,6599891.49
KABO,2007-05-30,2.44,2.44,2.35,2.39,0.8,0.02,-1,3611841,8655573.84
KABO,2007-05-29,2.41,2.41,2.3,2.37,1.21,0.02,-1,2851365,6782532.89
KABO,2007-05-28,2.41,2.41,2.3,2.35,-0.4,-0.01,-1,2418841,5683956.37
KABO,2007-05-27,2.45,2.45,2.32,2.36,0,0,-1,2130187,5028468.38
KABO,2007-05-24,2.39,2.39,2.32,2.36,-0.4,0,-1,1757750,4135684.81
KABO,2007-05-23,2.43,2.43,2.34,2.36,-2.34,-0.06,-1,1728987,4096114.06
KABO,2007-05-22,2.55,2.55,2.33,2.42,-4.83,-0.13,-1,3219743,7787951.35
KABO,2007-05-21,2.59,2.59,2.45,2.55,2.67,0.07,-1,3703476,9412234.03
KABO,2007-05-20,2.59,2.59,2.36,2.48,5.22,0.12,-1,4474338,11090641.06
KABO,2007-05-17,2.42,2.42,2.24,2.36,-3.49,-0.08,-1,3655137,8598146.84
KABO,2007-05-16,2.55,2.55,2.38,2.44,-4.44,-0.11,-1,3126230,7629101.9
KABO,2007-05-15,2.63,2.63,2.52,2.55,-2.88,-0.08,-1,3031526,7749767.33
KABO,2007-05-14,2.71,2.71,2.6,2.63,-2.11,-0.06,-1,2669539,7026644.56
KABO,2007-05-13,2.72,2.72,2.67,2.69,0.71,0.02,-1,1025994,2755961.76
KABO,2007-05-10,2.73,2.73,2.64,2.67,-2.42,-0.06,-1,2761387,7359644.32
KABO,2007-05-09,2.79,2.79,2.7,2.73,-3.02,-0.09,-1,2386814,6530955.04
KABO,2007-05-08,2.87,2.87,2.75,2.82,2.41,0.07,-1,4328637,12193928.11
KABO,2007-05-07,2.79,2.79,2.69,2.75,1.04,0.02,-1,4379326,12078625.88
KABO,2007-05-06,2.79,2.79,2.66,2.73,2.13,0.06,-1,3313720,9042976.56
KABO,2007-05-03,2.75,2.75,2.62,2.67,-2.76,-0.07,-1,2834681,7559124.45
KABO,2007-05-02,2.81,2.81,2.73,2.74,-0.34,-0.01,-1,2027551,5565618.18
KABO,2007-04-30,2.82,2.82,2.73,2.75,-0.34,-0.01,-1,3371960,9293566.07
KABO,2007-04-29,2.87,2.87,2.72,2.76,-1.68,-0.05,-1,2668208,7367559.71
KABO,2007-04-26,2.85,2.85,2.79,2.81,0.34,0.01,-1,2029242,5711139.47
KABO,2007-04-24,2.82,2.82,2.75,2.8,0.68,0.02,-1,1613465,4514410.53
KABO,2007-04-23,2.89,2.89,2.73,2.78,-2.33,-0.07,-1,2139664,5944340.28
KABO,2007-04-22,2.92,2.92,2.78,2.85,-0.33,-0.01,-1,2695075,7670403.54
KABO,2007-04-19,2.92,2.92,2.82,2.86,-1.63,-0.05,-1,2253656,6435568.94
KABO,2007-04-18,2.95,2.95,2.87,2.91,-0.65,-0.01,-1,2298296,6670259.78
KABO,2007-04-17,3.01,3.01,2.89,2.92,-1.9,-0.06,-1,4673449,13655051.5
KABO,2007-04-16,3.03,3.03,2.96,2.98,0.32,0.01,-1,1825844,5449391.75
KABO,2007-04-15,3.06,3.06,2.93,2.97,-0.63,-0.02,-1,1271514,3780366.78
KABO,2007-04-12,3.04,3.04,2.93,2.99,0.64,0.02,-1,2614767,7818365.55
KABO,2007-04-11,3.05,3.05,2.92,2.97,-2.18,-0.07,-1,2458866,7301687.74
KABO,2007-04-10,3.12,3.12,2.99,3.04,0.63,0.02,-1,1502127,4560133.77
KABO,2007-04-05,3.07,3.07,2.95,3.02,1.92,0.06,-1,2608587,7868940.99
KABO,2007-04-04,2.98,2.98,2.92,2.96,0.64,0.02,-1,1999841,5916722.9
KABO,2007-04-03,3.01,3.01,2.92,2.94,-1.27,-0.04,-1,2761990,8127418.01
KABO,2007-04-02,3.04,3.04,2.95,2.98,-0.32,-0.01,-1,2092470,6236517.89
KABO,2007-03-29,3.07,3.07,2.95,2.99,0.32,0.01,-1,2617165,7825881.94
KABO,2007-03-28,3.1,3.1,2.92,2.98,-2.48,-0.08,-1,3524578,10522742.37
KABO,2007-03-27,3.13,3.13,3.02,3.06,-1.52,-0.05,-1,3667825,11223922.57
KABO,2007-03-26,3.16,3.16,3.07,3.11,-0.3,0,-1,2200002,6839526.98
KABO,2007-03-25,3.18,3.18,3.08,3.11,-0.9,-0.03,-1,1294794,4036606.02
KABO,2007-03-22,3.22,3.22,3.11,3.14,0,0,-1,3652088,11490179.5
KABO,2007-03-21,3.18,3.18,3.08,3.14,-0.3,-0.01,-1,3866354,12152080.38
KABO,2007-03-20,3.25,3.25,3.06,3.15,-3.48,-0.12,-1,5887151,18556172.23
KABO,2007-03-19,3.32,3.32,3.2,3.27,0.88,0.03,-1,8411743,27502235.64
KABO,2007-03-18,3.29,3.29,3.17,3.24,1.79,0.06,-1,13590245,44048574.25
KABO,2007-03-15,3.21,3.21,3.11,3.18,0.6,0.02,-1,6000524,19057917.44
KABO,2007-03-14,3.26,3.26,3.07,3.16,2.14,0.06,-1,10079365,31842853.45
KABO,2007-03-13,3.19,3.19,2.91,3.1,5.48,0.17,-1,15915363,49244774.11
KABO,2007-03-12,2.98,2.98,2.92,2.93,-1.59,-0.05,-1,2969946,8712843.44
KABO,2007-03-11,3.02,3.02,2.94,2.98,0.64,0.02,-1,2681889,7995040.72
KABO,2007-03-08,3,3,2.93,2.96,0,0,-1,2884855,8554534.23
KABO,2007-03-07,2.99,2.99,2.93,2.96,0.64,0.02,-1,2232651,6623840.69
KABO,2007-03-06,2.98,2.98,2.92,2.94,0.97,0.02,-1,4590462,13530245.77
KABO,2007-03-05,3,3,2.89,2.92,-1.91,-0.05,-1,3976591,11605900.07
KABO,2007-03-04,3.06,3.06,2.93,2.97,-1.57,-0.05,-1,5222581,15527711.64
KABO,2007-03-01,3.08,3.08,2.88,3.02,1.92,0.06,-1,5213987,15722022.96
KABO,2007-02-28,3.11,3.11,2.87,2.96,-6.57,-0.21,-1,10225445,30312487.35
KABO,2007-02-27,3.27,3.27,3.11,3.17,-0.3,-0.01,-1,6060846,19189903.88
KABO,2007-02-26,3.27,3.27,3.06,3.18,4.02,0.12,-1,14195627,45143394.27
KABO,2007-02-25,3.11,3.11,3.02,3.06,-1.22,-0.04,-1,6132021,18769897.85
KABO,2007-02-22,3.14,3.14,3.02,3.1,2.51,0.08,-1,5955920,18422885.07
KABO,2007-02-21,3.11,3.11,2.92,3.02,3.57,0.1,-1,11423070,34471988.79
KABO,2007-02-20,2.95,2.95,2.86,2.92,0,0,-1,4107360,11962594.97
KABO,2007-02-19,2.99,2.99,2.84,2.92,0,0,-1,4377389,12763650.59
KABO,2007-02-18,2.99,2.99,2.8,2.92,3.7,0.11,-1,8295569,24168695.09
KABO,2007-02-15,2.85,2.85,2.77,2.81,-0.67,-0.02,-1,1954070,5487908.21
KABO,2007-02-14,2.87,2.87,2.78,2.83,1.36,0.04,-1,4169039,11787558.6
KABO,2007-02-13,2.82,2.82,2.76,2.79,-0.34,-0.01,-1,1985341,5545281.75
KABO,2007-02-12,2.87,2.87,2.76,2.8,-1.66,-0.05,-1,3037653,8520723.4
KABO,2007-02-11,2.9,2.9,2.74,2.85,2.38,0.07,-1,7106308,20212656.04
KABO,2007-02-08,2.85,2.85,2.73,2.78,-0.34,-0.01,-1,3740533,10401937.92
KABO,2007-02-07,2.87,2.87,2.73,2.79,1.72,0.05,-1,3362249,9398945.95
KABO,2007-02-06,2.79,2.79,2.66,2.74,-1.36,-0.04,-1,3321785,9104096.63
KABO,2007-02-05,2.92,2.92,2.62,2.78,-1.01,-0.03,-1,5443177,15155917.51
KABO,2007-02-04,2.88,2.88,2.75,2.81,4.58,0.12,-1,3181433,8937981.85
KABO,2007-02-01,2.78,2.78,2.63,2.69,-2.74,-0.07,-1,4469481,11998204.2
KABO,2007-01-31,2.84,2.84,2.72,2.76,-3.31,-0.1,-1,4204071,11607332.59
KABO,2007-01-30,2.95,2.95,2.75,2.86,1,0.03,-1,5047057,14429671.17
KABO,2007-01-29,2.92,2.92,2.79,2.83,-3.55,-0.1,-1,5224533,14806302.34
KABO,2007-01-28,3.03,3.03,2.92,2.93,-4.62,-0.15,-1,2437546,7143298.58
KABO,2007-01-25,3.18,3.18,3.05,3.08,-3.85,-0.12,-1,5660393,17435580.48
KABO,2007-01-24,3.34,3.34,3.12,3.2,-2.31,-0.08,-1,3843314,12288755.23
KABO,2007-01-23,3.35,3.35,3.21,3.28,1.17,0.04,-1,2457348,8054271.2
KABO,2007-01-22,3.31,3.31,3.18,3.24,-1.16,-0.04,-1,3162224,10245499.12
KABO,2007-01-18,3.4,3.4,3.22,3.28,-2.54,-0.08,-1,6159442,20192477.31
KABO,2007-01-17,3.43,3.43,3.31,3.36,-3.01,-0.11,-1,2953026,9933825.8
KABO,2007-01-16,3.6,3.6,3.38,3.47,0,0,-1,2968520,10278391.61
KABO,2007-01-15,3.5,3.5,3.29,3.47,3.68,0.13,-1,11417375,39543489.85
KABO,2007-01-14,3.42,3.42,3.29,3.34,-1.67,-0.06,-1,4076619,13629020.9
KABO,2007-01-11,3.45,3.45,3.35,3.4,0,0,-1,3261660,11068608.36
KABO,2007-01-10,3.5,3.5,3.34,3.4,-0.83,-0.03,-1,4003389,13601549.93
KABO,2007-01-09,3.48,3.48,3.39,3.43,-0.28,-0.01,-1,3453150,11827180.95
KABO,2007-01-08,3.57,3.57,3.36,3.44,-1.89,-0.06,-1,6569799,22551217.5
KABO,2007-01-04,3.62,3.62,3.38,3.5,0.27,0.01,-1,9272124,32487542.85
KABO,2007-01-03,3.59,3.59,3.38,3.49,2.22,0.07,-1,4343617,15163977.09
KABO,2006-12-28,3.48,3.48,3.34,3.42,3.14,0.11,-1,9479017,32408595.52
KABO,2006-12-27,3.4,3.4,3.26,3.31,1.45,0.04,-1,7021262,23254817.87
KABO,2006-12-26,3.33,3.33,3.05,3.27,2.68,0.09,-1,6920437,22608342.01
KABO,2006-12-25,3.31,3.31,3.1,3.18,-2.04,-0.07,-1,3792349,12063269.57
KABO,2006-12-24,3.34,3.34,3.09,3.25,0.29,0.01,-1,7051193,22858934.47
KABO,2006-12-21,3.41,3.41,3.12,3.24,-1.44,-0.05,-1,8872580,28757834.65
KABO,2006-12-20,3.49,3.49,3.26,3.29,-4.14,-0.14,-1,9420790,30902854.83
KABO,2006-12-19,3.52,3.52,3.3,3.43,1.97,0.07,-1,12696075,43553244.39
KABO,2006-12-18,3.4,3.4,3.2,3.36,3.8,0.12,-1,13231968,44522508.69
KABO,2006-12-17,3.24,3.24,3.13,3.24,4.91,0.15,-1,6850645,22166496.28
KABO,2006-12-14,3.11,3.11,2.91,3.09,4.15,0.13,-1,15996596,49307010.44
KABO,2006-12-13,3.03,3.03,2.89,2.96,-0.32,-0.01,-1,3528500,10466923.49
KABO,2006-12-12,3,3,2.84,2.97,3.97,0.11,-1,12233369,36366303.8
KABO,2006-12-11,2.92,2.92,2.81,2.86,-0.98,-0.03,-1,3366407,9610506.41
KABO,2006-12-10,3.05,3.05,2.84,2.89,-0.97,-0.03,-1,2908456,8406871.82
KABO,2006-12-07,2.92,2.92,2.87,2.92,4.76,0.14,-1,5902222,17181802.25
KABO,2006-12-06,2.82,2.82,2.66,2.78,3.52,0.09,-1,4079758,11368132.39
KABO,2006-12-05,2.8,2.8,2.65,2.69,-3.4,-0.09,-1,4231229,11370429.23
KABO,2006-12-04,2.88,2.88,2.74,2.78,-3.61,-0.11,-1,3966355,11044116.85
KABO,2006-12-03,2.98,2.98,2.83,2.89,-1.61,-0.04,-1,2727412,7862594.49
KABO,2006-11-30,2.99,2.99,2.88,2.93,0.65,0.01,-1,2799968,8206228.35
KABO,2006-11-29,3.01,3.01,2.75,2.92,1.65,0.05,-1,4675628,13641838.35
KABO,2006-11-28,2.97,2.97,2.81,2.87,-2.88,-0.08,-1,5877602,16867705.14
KABO,2006-11-27,3.01,3.01,2.91,2.95,-1.27,-0.04,-1,4919466,14522811.55
KABO,2006-11-26,3.03,3.03,2.94,2.99,1.28,0.04,-1,3748150,11196536.87
KABO,2006-11-23,3.05,3.05,2.91,2.95,-2.19,-0.07,-1,4978910,14682413.25
KABO,2006-11-22,3.12,3.12,2.93,3.02,0.63,0.02,-1,2917732,8814465.42
KABO,2006-11-21,3.04,3.04,2.87,3,3.59,0.1,-1,4766058,14293108.6
KABO,2006-11-20,2.95,2.95,2.81,2.9,0,0,-1,4432885,12847931.17
KABO,2006-11-19,3.02,3.02,2.88,2.9,-4.38,-0.13,-1,10555710,30532618.83
KABO,2006-11-16,3.11,3.11,3.02,3.03,-4.48,-0.14,-1,15145094,45910889.55
KABO,2006-11-15,3.25,3.25,3.03,3.17,1.52,0.05,-1,9201793,29218972.79
KABO,2006-11-14,3.13,3.13,3.05,3.12,4.43,0.13,-1,7869000,24587102.76
KABO,2006-11-13,3.03,3.03,2.9,2.99,3.61,0.1,-1,14662386,43803840.68
KABO,2006-11-12,2.93,2.93,2.83,2.89,2.01,0.06,-1,4374806,12629132.85
KABO,2006-11-09,2.87,2.87,2.73,2.83,-0.33,-0.01,-1,4149645,11725571.23
KABO,2006-11-08,2.87,2.87,2.65,2.84,3.81,0.11,-1,13777443,39176511.89
KABO,2006-11-07,2.91,2.91,2.7,2.73,-3.67,-0.11,-1,8203984,22413226.92
KABO,2006-11-06,2.92,2.92,2.72,2.84,2.04,0.06,-1,10046686,28486826.42
KABO,2006-11-05,2.79,2.79,2.66,2.78,4.63,0.12,-1,8119575,22590291.15
KABO,2006-11-02,2.76,2.76,2.52,2.66,0.72,0.02,-1,17966405,47821407.45
KABO,2006-11-01,2.68,2.68,2.54,2.64,3.33,0.09,-1,10328417,27277685.59
KABO,2006-10-31,2.58,2.58,2.48,2.55,3.85,0.09,-1,7278053,18625919.46
KABO,2006-10-30,2.51,2.51,2.33,2.46,2.77,0.07,-1,13023740,32020751.81
KABO,2006-10-29,2.39,2.39,2.34,2.39,4.98,0.11,-1,4708968,11257395.45
KABO,2006-10-22,2.29,2.29,2.22,2.28,4.33,0.1,-1,3417780,7794958.44
KABO,2006-10-19,2.22,2.22,2.16,2.18,-0.43,-0.01,-1,3918844,8582984.08
KABO,2006-10-18,2.24,2.24,2.17,2.19,-0.43,-0.01,-1,1577928,3460039.27
KABO,2006-10-17,2.24,2.24,2.17,2.2,-0.43,-0.01,-1,2427149,5351471.65
KABO,2006-10-16,2.24,2.24,2.15,2.21,1.3,0.03,-1,15326412,34009896.04
KABO,2006-10-15,2.27,2.27,2.16,2.18,-3.35,-0.08,-1,1932243,4231362.44
KABO,2006-10-12,2.28,2.28,2.21,2.26,3.46,0.08,-1,2116480,4779543.82
KABO,2006-10-11,2.24,2.24,2.11,2.18,-0.86,-0.02,-1,3752851,8197887.96
KABO,2006-10-10,2.28,2.28,2.18,2.2,-4.12,-0.1,-1,2973007,6563918.31
KABO,2006-10-09,2.38,2.38,2.29,2.3,-4.33,-0.1,-1,3143917,7245574.42
KABO,2006-10-08,2.42,2.42,2.29,2.4,4.1,0.09,-1,2857503,6865225.43
KABO,2006-10-04,2.36,2.36,2.23,2.31,0.83,0.02,-1,2667175,6164197.99
KABO,2006-10-03,2.37,2.37,2.26,2.29,-3.59,-0.08,-1,1956790,4484612.81
KABO,2006-10-02,2.41,2.41,2.36,2.37,-1.18,-0.03,-1,2961146,7041549.49
KABO,2006-10-01,2.46,2.46,2.37,2.4,-0.39,-0.01,-1,1557812,3739193.9
KABO,2006-09-28,2.46,2.46,2.38,2.41,-1.54,-0.04,-1,3048219,7368980.46
KABO,2006-09-27,2.48,2.48,2.42,2.45,0.39,0.01,-1,1748130,4280290.31
KABO,2006-09-26,2.5,2.5,2.41,2.44,1.18,0.03,-1,2587597,6324510.53
KABO,2006-09-25,2.43,2.43,2.3,2.41,4.08,0.09,-1,5231166,12628101.96
KABO,2006-09-24,2.36,2.36,2.29,2.32,-2,-0.04,-1,2722792,6326205.86
KABO,2006-09-21,2.44,2.44,2.32,2.36,-0.4,-0.01,-1,4683528,11090865.34
KABO,2006-09-20,2.39,2.39,2.31,2.37,4.15,0.09,-1,10136519,24083811.03
KABO,2006-09-19,2.31,2.31,2.17,2.28,3.43,0.08,-1,10891831,24805480.19
KABO,2006-09-18,2.26,2.26,2.17,2.2,0,0,-1,2615794,5767981.12
KABO,2006-09-17,2.26,2.26,2.09,2.2,1.75,0.03,-1,6325447,13955037.67
KABO,2006-09-14,2.21,2.21,2.14,2.17,0,0,-1,4739760,10271466.9
KABO,2006-09-13,2.21,2.21,2.13,2.17,-2.97,-0.06,-1,6047478,13083462.94
KABO,2006-09-12,2.31,2.31,2.16,2.23,0.85,0.02,-1,6513639,14553436.24
KABO,2006-09-11,2.22,2.22,2.14,2.21,4.46,0.09,-1,5261039,11656757.39
KABO,2006-09-10,2.12,2.12,2.08,2.12,4.67,0.1,-1,4728488,10019411.5
KABO,2006-09-07,2.13,2.13,1.98,2.02,-2.73,-0.06,-1,5903169,11955359.31
KABO,2006-09-06,2.17,2.17,2.06,2.08,-3.93,-0.09,-1,9421288,19650442.39
KABO,2006-09-05,2.26,2.26,2.14,2.17,-3.38,-0.07,-1,6192620,13436573.83
KABO,2006-09-04,2.26,2.26,2.16,2.24,3.95,0.08,-1,9344431,20995590.95
KABO,2006-09-03,2.2,2.2,2,2.16,2.7,0.06,-1,6099388,13146936.28
KABO,2006-08-31,2.11,2.11,2.02,2.1,4.23,0.09,-1,13847721,29128212.68
KABO,2006-08-30,2.03,2.03,1.93,2.01,3.9,0.07,-1,3958098,7976556.77
KABO,2006-08-29,1.94,1.94,1.84,1.94,4.59,0.09,-1,10643165,20635440.83
KABO,2006-08-28,1.9,1.9,1.76,1.85,2.08,0.04,-1,5882806,10909190.64
KABO,2006-08-27,1.87,1.87,1.78,1.81,1.59,0.02,-1,3097290,5626327.67
KABO,2006-08-24,1.79,1.79,1.73,1.79,4.42,0.08,-1,11538617,20692371.67
KABO,2006-08-23,1.74,1.74,1.69,1.71,-2.16,-0.04,-1,3656633,6265178.08
KABO,2006-08-22,1.78,1.78,1.71,1.75,-0.54,-0.01,-1,3187359,5566595.9
KABO,2006-08-21,1.79,1.79,1.71,1.76,0.54,0.01,-1,2961305,5205648.69
KABO,2006-08-20,1.75,1.75,1.7,1.75,4.52,0.08,-1,5660503,9885913.34
KABO,2006-08-17,1.71,1.71,1.59,1.67,2.31,0.04,-1,4598396,7715061.29
KABO,2006-08-16,1.74,1.74,1.61,1.63,-3.35,-0.06,-1,7031678,11510619.98
KABO,2006-08-15,1.77,1.77,1.69,1.69,-4.79,-0.09,-1,5067481,8606428.25
KABO,2006-08-14,1.79,1.79,1.7,1.78,3.87,0.07,-1,6949306,12359923.52
KABO,2006-08-13,1.71,1.71,1.71,1.71,4.62,0.08,-1,3554690,6089750.43
KABO,2006-08-10,1.65,1.65,1.55,1.63,3.59,0.05,-1,6153257,10088582.61
KABO,2006-08-09,1.66,1.66,1.56,1.58,-2.34,-0.03,-1,2705279,4287777.13
KABO,2006-08-08,1.7,1.7,1.59,1.61,-0.58,-0.01,-1,2879057,4657268.55
KABO,2006-08-07,1.65,1.65,1.56,1.62,2.38,0.03,-1,2501988,4064804.68
KABO,2006-08-06,1.63,1.63,1.57,1.59,-1.75,-0.02,-1,1234955,1958252.89
KABO,2006-08-03,1.66,1.66,1.6,1.61,-3.93,-0.07,-1,2156921,3497771.92
KABO,2006-08-02,1.73,1.73,1.63,1.68,1.71,0.03,-1,3065601,5157026.56
KABO,2006-08-01,1.66,1.66,1.6,1.65,4.17,0.06,-1,4569236,7567390.1
KABO,2006-07-31,1.62,1.62,1.56,1.59,-2.33,-0.03,-1,2068106,3294836.39
KABO,2006-07-30,1.68,1.68,1.53,1.62,1.18,0.02,-1,6667563,10867255.26
KABO,2006-07-27,1.64,1.64,1.57,1.6,-2.3,-0.04,-1,2092042,3361221.57
KABO,2006-07-26,1.68,1.68,1.6,1.64,-0.57,-0.01,-1,1272968,2096989.92
KABO,2006-07-25,1.67,1.67,1.61,1.65,3.55,0.05,-1,3887849,6455091.74
KABO,2006-07-24,1.6,1.6,1.59,1.6,4.97,0.08,-1,1556406,2489468.46
KABO,2006-07-20,1.55,1.55,1.47,1.52,-1.23,-0.02,-1,809329,1233598.12
KABO,2006-07-19,1.59,1.59,1.45,1.54,1.24,0.02,-1,1268421,1957153.6
KABO,2006-07-18,1.54,1.54,1.43,1.52,3.21,0.05,-1,1823018,2773590.27
KABO,2006-07-17,1.55,1.55,1.43,1.47,-1.27,-0.02,-1,1513665,2229598.36
KABO,2006-07-16,1.55,1.55,1.47,1.49,-3.66,-0.06,-1,2108758,3146294.11
KABO,2006-07-13,1.59,1.59,1.54,1.55,-4.09,-0.06,-1,2371853,3672586.4
KABO,2006-07-12,1.69,1.69,1.6,1.61,-3.39,-0.06,-1,2306978,3726097.92
KABO,2006-07-11,1.76,1.76,1.61,1.67,-1.12,-0.02,-1,2535804,4256701.37
KABO,2006-07-10,1.76,1.76,1.64,1.69,-0.56,-0.01,-1,2861113,4855741.27
KABO,2006-07-09,1.76,1.76,1.67,1.7,-1.64,-0.03,-1,1113628,1899687.69
KABO,2006-07-06,1.74,1.74,1.65,1.73,3.98,0.07,-1,3749822,6482569.99
KABO,2006-07-05,1.67,1.67,1.57,1.66,4.14,0.06,-1,1845253,3079170.12
KABO,2006-07-04,1.64,1.64,1.53,1.6,-0.59,0,-1,1370923,2194742.76
KABO,2006-07-03,1.69,1.69,1.58,1.6,-2.86,-0.05,-1,1391435,2235799.63
KABO,2006-07-02,1.67,1.67,1.6,1.65,1.74,0.03,-1,880342,1457581.44
KABO,2006-06-29,1.7,1.7,1.6,1.62,0,0,-1,888689,1449146.17
KABO,2006-06-28,1.63,1.63,1.56,1.62,4.24,0.06,-1,1868565,3047519.98
KABO,2006-06-27,1.59,1.59,1.52,1.56,0.61,0.01,-1,560883,878467.73
KABO,2006-06-26,1.6,1.6,1.54,1.55,-4.09,-0.06,-1,2382459,3703215.7
KABO,2006-06-25,1.69,1.69,1.57,1.61,-1.16,-0.02,-1,2207988,3581730.78
KABO,2006-06-22,1.71,1.71,1.6,1.63,-2.81,-0.05,-1,1477087,2417208.29
KABO,2006-06-21,1.73,1.73,1.68,1.68,-4.81,-0.09,-1,1382678,2335065.2
KABO,2006-06-20,1.79,1.79,1.69,1.77,3.31,0.06,-1,2676517,4744879.03
KABO,2006-06-19,1.72,1.72,1.65,1.71,4.02,0.07,-1,1511423,2589581.92
KABO,2006-06-18,1.67,1.67,1.53,1.64,2.96,0.04,-1,2067187,3396629.9
KABO,2006-06-15,1.7,1.7,1.56,1.6,-2.31,-0.03,-1,3706698,5925886.99
KABO,2006-06-14,1.65,1.65,1.63,1.63,-4.95,-0.09,-1,336536,551067.84
KABO,2006-06-13,1.79,1.79,1.71,1.72,-4.21,-0.07,-1,3105017,5361625.23
KABO,2006-06-12,1.79,1.79,1.79,1.79,-5,-0.1,-1,197952,355985.9
KABO,2006-06-11,1.96,1.96,1.89,1.89,-4.76,-0.09,-1,1432086,2717520.5
KABO,2006-06-08,2.1,2.1,1.91,1.98,-0.94,-0.02,-1,5461925,10863010.96
KABO,2006-06-07,2,2,2,2,4.95,0.09,-1,764490,1534004.44
KABO,2006-06-06,1.93,1.93,1.83,1.91,3.59,0.07,-1,3494209,6673010.08
KABO,2006-06-05,1.91,1.91,1.74,1.84,1.04,0.02,-1,5342775,9857441.73
KABO,2006-06-04,1.83,1.83,1.76,1.82,4.32,0.07,-1,1242084,2273897.96
KABO,2006-06-01,1.75,1.75,1.67,1.75,4.52,0.08,-1,2420960,4228811.57
KABO,2006-05-31,1.72,1.72,1.57,1.67,1.72,0.03,-1,5226253,8737280.95
KABO,2006-05-30,1.64,1.64,1.64,1.64,-4.92,-0.09,-1,237393,390964.08
KABO,2006-05-29,1.73,1.73,1.73,1.73,-4.69,-0.08,-1,145760,252470.46
KABO,2006-05-28,1.89,1.89,1.79,1.81,-3.52,-0.07,-1,2588304,4712041.21
KABO,2006-05-25,1.88,1.88,1.88,1.88,-4.78,-0.1,-1,238989,450143.97
KABO,2006-05-24,2.08,2.08,1.98,1.98,-5,-0.1,-1,3321589,6582545.32
KABO,2006-05-23,2.08,2.08,2.08,2.08,-4.76,-0.1,-1,542872,1130419.4
KABO,2006-05-22,2.23,2.23,2.18,2.18,-4.94,-0.12,-1,864147,1892823.93
KABO,2006-05-21,2.45,2.45,2.26,2.3,-3.19,-0.07,-1,2287118,5250241.2
KABO,2006-05-18,2.42,2.42,2.29,2.37,2.87,0.06,-1,2561919,6098307.98
KABO,2006-05-17,2.38,2.38,2.25,2.31,-2.4,-0.05,-1,3635367,8388485.37
KABO,2006-05-16,2.46,2.46,2.27,2.36,0.81,0.01,-1,2297913,5431593.21
KABO,2006-05-15,2.51,2.51,2.34,2.35,-4.25,-0.1,-1,2384926,5598679.58
KABO,2006-05-14,2.59,2.59,2.39,2.45,-0.77,-0.02,-1,1629366,3994717.56
KABO,2006-05-11,2.59,2.59,2.37,2.47,-0.38,-0.01,-1,3116844,7694409.43
KABO,2006-05-10,2.59,2.59,2.38,2.48,-1.13,-0.03,-1,3005851,7464746.51
KABO,2006-05-09,2.6,2.6,2.49,2.51,-3.99,-0.1,-1,1482554,3720820.83
KABO,2006-05-08,2.72,2.72,2.57,2.61,-2.47,-0.07,-1,1328144,3474176.45
KABO,2006-05-07,2.74,2.74,2.56,2.68,2.17,0.06,-1,2617206,7002453.13
KABO,2006-05-04,2.71,2.71,2.46,2.62,1.47,0.04,-1,5147992,13498162.17
KABO,2006-05-03,2.74,2.74,2.55,2.58,-3.87,-0.11,-1,3479029,8979228.76
KABO,2006-05-02,2.71,2.71,2.6,2.69,4.03,0.11,-1,3498687,9413744.04
KABO,2006-04-30,2.58,2.58,2.55,2.58,5,0.12,-1,1297933,3349092.95
KABO,2006-04-27,2.51,2.51,2.35,2.46,2.77,0.07,-1,2968315,7296871.44
KABO,2006-04-26,2.43,2.43,2.27,2.39,3.27,0.07,-1,2395644,5738439.05
KABO,2006-04-20,2.36,2.36,2.22,2.32,2.51,0.06,-1,2386792,5525484.65
KABO,2006-04-19,2.45,2.45,2.23,2.26,-3.63,-0.09,-1,2699093,6112880.02
KABO,2006-04-18,2.36,2.36,2.35,2.35,-4.98,-0.12,-1,1059351,2488137.57
KABO,2006-04-17,2.61,2.61,2.38,2.47,-1.51,-0.04,-1,2978297,7352727.37
KABO,2006-04-16,2.69,2.69,2.45,2.51,-2.57,-0.06,-1,2806671,7038858.62
KABO,2006-04-13,2.66,2.66,2.41,2.57,1.49,0.03,-1,7628929,19627827.37
KABO,2006-04-12,2.54,2.54,2.54,2.54,4.69,0.12,-1,46476,117890.52
KABO,2006-04-11,2.42,2.42,2.42,2.42,4.92,0.11,-1,88118,213511.68
KABO,2006-04-09,2.31,2.31,2.31,2.31,-18.12,-0.51,-1,100561,232241.64
KABO,2006-04-06,2.19,2.19,2.1,2.19,4.93,0.1,-1,13157890,28874084.34
KABO,2006-04-05,2.09,2.09,2.09,2.09,4.8,0.1,-1,6027578,12613982.12
KABO,2006-04-04,1.99,1.99,1.99,1.99,4.63,0.08,-1,1535134,3065538.45
KABO,2006-04-03,1.91,1.91,1.91,1.91,4.86,0.1,-1,183459,350129.15
KABO,2006-04-02,1.81,1.81,1.81,1.81,4.66,0.07,-1,352679,641901.13
KABO,2006-03-30,1.74,1.74,1.74,1.74,4.89,0.09,-1,712202,1238530.36
KABO,2006-03-29,1.65,1.65,1.65,1.65,4.65,0.07,-1,469081,777717
KABO,2006-03-28,1.58,1.58,1.58,1.58,4.88,0.07,-1,2491418,3947079.65
KABO,2006-03-27,1.51,1.51,1.51,1.51,4.59,0.07,-1,17832555,26937569.9
KABO,2006-03-26,1.44,1.44,1.44,1.44,4.81,0.05,-1,114538,165424
KABO,2006-03-23,1.39,1.39,1.39,1.39,-96.4,-36.93,-1,6650,9163
KABO,2006-03-22,1.32,1.32,1.32,1.32,4.99,0.06,-1,227791,300976
KABO,2006-03-21,1.26,1.26,1.26,1.26,4.98,0.05,-1,54114,68103.75
KABO,2006-03-20,1.21,1.21,1.21,1.21,4.98,0.06,-1,65527,78554.7
KABO,2006-03-19,1.15,1.15,1.15,1.15,5,0.06,-1,8855,10111.5
KABO,2006-03-16,1.09,1.09,1.09,1.09,4.98,0.05,-1,127906,139100
KABO,2006-03-15,1.06,1.06,0.99,1.04,2.82,0.02,-1,889634,921684.91
KABO,2006-03-14,1.09,1.09,0.99,1.02,-2.91,-0.02,-1,1885450,1899456.1
KABO,2006-03-13,1.05,1.05,1.04,1.04,-4.2,-0.04,-1,459950,477301.31
KABO,2006-03-12,1.19,1.19,1.07,1.08,-3.86,-0.05,-1,730913,791813.97
KABO,2006-03-09,1.13,1.13,1.12,1.13,5,0.05,-1,923401,1040299.67
KABO,2006-03-08,1.1,1.1,1,1.08,2.8,0.03,-1,1051268,1128074.37
KABO,2006-03-07,1.08,1.08,1.03,1.05,-3.04,-0.03,-1,911753,951623.22
KABO,2006-03-06,1.15,1.15,1.06,1.08,-3.35,-0.04,-1,1044656,1124645.46
KABO,2006-03-05,1.17,1.17,1.12,1.12,-4.82,-0.06,-1,205476,228876.4
KABO,2006-03-02,1.26,1.26,1.15,1.18,-2.46,-0.03,-1,2037481,2384381.08
KABO,2006-03-01,1.23,1.23,1.19,1.21,-0.96,-0.01,-1,345542,414595.69
KABO,2006-02-28,1.23,1.23,1.2,1.22,1.19,0.02,-1,211970,256801.59
KABO,2006-02-27,1.23,1.23,1.19,1.2,-4.17,-0.05,-1,561802,672687.08
KABO,2006-02-26,1.25,1.25,1.23,1.25,4.8,0.05,-1,1243246,1553188.65
KABO,2006-02-23,1.2,1.2,1.18,1.2,4.94,0.06,-1,845359,1007829.16
KABO,2006-02-22,1.15,1.15,1.09,1.14,3.54,0.04,-1,581204,660281.27
KABO,2006-02-21,1.12,1.12,1.08,1.1,-3.47,-0.04,-1,780620,856473.75
KABO,2006-02-20,1.18,1.18,1.1,1.14,1.64,0.02,-1,771174,876522.44
KABO,2006-02-19,1.2,1.2,1.11,1.12,-4.05,-0.05,-1,1492484,1669161.29
KABO,2006-02-16,1.24,1.24,1.17,1.17,-4.75,-0.06,-1,637286,742751.78
KABO,2006-02-15,1.3,1.3,1.2,1.23,-2.79,-0.03,-1,1364735,1670123.83
KABO,2006-02-14,1.3,1.3,1.25,1.26,-3.9,-0.06,-1,799982,1006930.69
KABO,2006-02-13,1.37,1.37,1.3,1.32,-3.79,-0.05,-1,1315581,1723064.37
KABO,2006-02-12,1.41,1.41,1.32,1.37,0.77,0.02,-1,1218451,1658948.88
KABO,2006-02-09,1.42,1.42,1.29,1.35,-0.45,-0.01,-1,1869274,2525621.68
KABO,2006-02-08,1.37,1.37,1.24,1.36,4.52,0.06,-1,5908149,8017903.55
KABO,2006-02-07,1.3,1.3,1.3,1.3,4.99,0.06,-1,4484064,5822180.7
KABO,2006-02-06,1.24,1.24,1.18,1.24,4.85,0.05,-1,2233590,2762401.96
KABO,2006-02-05,1.23,1.23,1.18,1.19,-4.25,-0.04,-1,546768,644857.22
KABO,2006-02-02,1.3,1.3,1.22,1.23,-3.41,-0.05,-1,947134,1166832.81
KABO,2006-02-01,1.3,1.3,1.23,1.28,2.51,0.03,-1,365417,466055
KABO,2006-01-30,1.27,1.27,1.18,1.25,0.93,0.02,-1,473685,589245.7
KABO,2006-01-29,1.3,1.3,1.19,1.23,-0.33,-0.01,-1,1594927,1965762.78
KABO,2006-01-26,1.24,1.24,1.18,1.24,4.71,0.05,-1,535551,662321.45
KABO,2006-01-25,1.24,1.24,1.19,1.19,-4.87,-0.05,-1,2440089,2881689.04
KABO,2006-01-24,1.25,1.25,1.24,1.24,-4.98,-0.07,-1,215708,267821.85
KABO,2006-01-23,1.32,1.32,1.31,1.31,-4.57,-0.07,-1,829813,1084147.4
KABO,2006-01-22,1.43,1.43,1.32,1.38,-1.61,-0.02,-1,1943735,2661105.9
KABO,2006-01-19,1.45,1.45,1.38,1.4,-3.61,-0.04,-1,1635897,2276308.91
KABO,2006-01-18,1.47,1.47,1.39,1.44,-0.87,-0.01,-1,1968097,2841202.29
KABO,2006-01-17,1.47,1.47,1.43,1.45,0.95,0.01,-1,1548448,2254911.51
KABO,2006-01-16,1.47,1.47,1.35,1.44,2.27,0.03,-1,1709059,2465301.45
KABO,2006-01-15,1.41,1.41,1.35,1.41,4.7,0.06,-1,4561201,6433303.62
KABO,2006-01-12,1.35,1.35,1.35,1.35,4.99,0.07,-1,47226,63624
KABO,2006-01-08,1.28,1.28,1.28,1.28,4.99,0.05,-1,187570,240683
KABO,2006-01-05,1.23,1.23,1.18,1.23,5,0.06,-1,3987790,4873515.7
KABO,2006-01-04,1.17,1.17,1.17,1.17,5,0.06,-1,2515613,2928175.2
KABO,2006-01-03,1.11,1.11,1.11,1.11,4.98,0.06,-1,399461,442844.5
KABO,2006-01-02,1.05,1.05,1.05,1.05,4.98,0.03,-1,55885,59015.2
KABO,2005-12-29,1.02,1.02,1.02,1.02,4.99,0.06,-1,532640,535811.06
KABO,2005-12-28,0.96,0.96,0.96,0.96,4.98,0.04,-1,314846,301680
KABO,2005-12-27,0.92,0.92,0.92,0.92,5,0.05,-1,529530,483303.6
KABO,2005-12-26,0.87,0.87,0.87,0.87,4.97,0.04,-1,39552,34381.05
KABO,2005-12-25,0.83,0.83,0.83,0.83,4.99,0.04,-1,53996,44713.48
KABO,2005-12-22,0.84,0.84,0.76,0.79,-0.23,0,-1,32863221,25917987.52
KABO,2005-12-21,0.79,0.79,0.79,0.79,4.99,0.04,-1,47226,37332
KABO,2005-12-20,0.75,0.75,0.75,0.75,5,0.03,-1,319843,240803.01
KABO,2005-12-19,0.72,0.72,0.72,0.72,4.99,0.04,-1,127906,91715
KABO,2005-12-18,0.68,0.68,0.68,0.68,5,0.02,-1,414218,282912
KABO,2005-12-13,0.72,0.72,0.7,0.71,-2,-0.01,-1,409298,290140
KABO,2005-12-12,0.72,0.72,0.67,0.72,2.41,0.01,-1,14370595,10395653
KABO,2005-12-11,0.71,0.71,0.71,0.71,2.36,0.02,-1,41324,29195
KABO,2005-12-08,0.71,0.71,0.68,0.69,-2.97,-0.03,-1,23613,16295
KABO,2005-12-07,0.72,0.72,0.71,0.72,4.64,0.04,-1,55098,39188
KABO,2005-12-06,0.68,0.68,0.67,0.68,0.38,0,-1,7871,5350
KABO,2005-12-05,0.68,0.68,0.64,0.68,3.37,0.02,-1,57066,38637.5
KABO,2005-12-04,0.67,0.67,0.66,0.66,3.12,0.02,-1,186389,122079.94
KABO,2005-12-01,0.64,0.64,0.64,0.64,0.48,0,-1,625755,397500
KABO,2005-11-30,0.64,0.64,0.62,0.64,-0.4,0,-1,436257,275846
KABO,2005-11-29,0.64,0.64,0.62,0.64,-0.44,-0.01,-1,767042,486925
KABO,2005-11-28,0.65,0.65,0.64,0.65,-0.24,0,-1,2210607,1409055
KABO,2005-11-27,0.65,0.65,0.64,0.65,0.56,0.01,-1,596239,381064
KABO,2005-11-24,0.65,0.65,0.64,0.64,3.09,0.02,-1,717060,455654.2
KABO,2005-11-23,0.64,0.64,0.61,0.62,-3.04,-0.02,-1,129481,79802.55
KABO,2005-11-22,0.66,0.66,0.64,0.64,0.04,0,-1,2666345,1695120
KABO,2005-11-21,0.66,0.66,0.64,0.64,-0.48,-0.01,-1,9371445,5955161.5
KABO,2005-11-20,0.66,0.66,0.6,0.65,1.54,0.02,-1,348298,222444
KABO,2005-11-17,0.64,0.64,0.62,0.63,-0.08,0,-1,834339,524602
KABO,2005-11-16,0.66,0.66,0.62,0.63,-0.36,-0.01,-1,189143,119033.14
KABO,2005-11-15,0.64,0.64,0.62,0.64,2.14,0.02,-1,337986,213476
KABO,2005-11-14,0.63,0.63,0.62,0.62,-4.14,-0.04,-1,342394,211761.2
KABO,2005-11-13,0.68,0.68,0.62,0.66,-0.04,0,-1,873104,563285.9
KABO,2005-11-10,0.66,0.66,0.62,0.66,3.93,0.04,-1,733354,473385.6
KABO,2005-11-09,0.64,0.64,0.62,0.62,-3.89,-0.04,-1,440508,273568.58
KABO,2005-11-08,0.66,0.66,0.63,0.66,-2.12,0,-1,2081914,1345211.28
KABO,2005-11-07,0.7,0.7,0.65,0.66,-2.59,-0.02,-1,383639,253220.32
KABO,2005-11-06,0.68,0.68,0.62,0.68,5,0.02,-1,2089981,1416198.9
KABO,2005-11-01,0.66,0.66,0.65,0.66,4.96,0.04,-1,2141223,1382157.92
KABO,2005-10-31,0.62,0.62,0.62,0.62,4.99,0.03,-1,98389,60500
KABO,2005-10-30,0.59,0.59,0.59,0.59,4.96,0.03,-1,48486,28397.6
KABO,2005-10-27,0.56,0.56,0.56,0.56,4.97,0.03,-1,204334,114016.32
KABO,2005-10-26,0.53,0.53,0.53,0.53,4.97,0.02,-1,52146,27719
KABO,2005-10-25,0.51,0.51,0.51,0.51,4.95,0.03,-1,869760,440453
KABO,2005-10-24,0.48,0.48,0.48,0.48,4.98,0.02,-1,534214,257770.26
KABO,2005-10-23,0.46,0.46,0.46,0.46,4.93,0.02,-1,2948524,1355052
KABO,2005-10-20,0.46,0.46,0.44,0.44,-4.22,-0.02,-1,608045,266341.9
KABO,2005-10-19,0.47,0.47,0.46,0.46,-1.53,-0.01,-1,1269809,580922.5
KABO,2005-10-18,0.47,0.47,0.46,0.47,1.22,0.01,-1,671014,311606.5
KABO,2005-10-17,0.47,0.47,0.46,0.46,0,0,-1,730048,334942.3
KABO,2005-10-16,0.47,0.47,0.46,0.46,-0.99,-0.01,-1,120035,55080
KABO,2005-10-13,0.47,0.47,0.45,0.47,4.59,0.02,-1,523430,242546.45
KABO,2005-10-12,0.47,0.47,0.44,0.45,0.46,0,-1,762870,338140.25
KABO,2005-10-11,0.45,0.45,0.45,0.45,0.23,0,-1,241053,106315.25
KABO,2005-10-10,0.45,0.45,0.45,0.45,-0.06,0,-1,33925,14933.62
KABO,2005-10-09,0.45,0.45,0.45,0.45,-3.51,-0.01,-1,108228,47662.5
KABO,2005-10-04,0.46,0.46,0.44,0.46,2.8,0.01,-1,1282325,585058.17
KABO,2005-10-03,0.45,0.45,0.45,0.45,-2.89,-0.01,-1,133810,59405
KABO,2005-10-02,0.46,0.46,0.46,0.46,1.87,0.01,-1,507688,232106
KABO,2005-09-29,0.46,0.46,0.43,0.45,1.38,0,-1,53131,23845.5
KABO,2005-09-28,0.45,0.45,0.45,0.45,-0.63,0,-1,137548,60871.25
KABO,2005-09-27,0.46,0.46,0.44,0.45,-0.57,0,-1,503398,224237.6
KABO,2005-09-26,0.46,0.46,0.44,0.45,-1.56,-0.01,-1,40694,18226.34
KABO,2005-09-25,0.47,0.47,0.45,0.46,2.81,0.01,-1,156044,71008.25
KABO,2005-09-22,0.45,0.45,0.44,0.45,3.51,0.02,-1,301780,133556.47
KABO,2005-09-21,0.44,0.44,0.43,0.43,-0.82,-0.01,-1,2886343,1234552.97
KABO,2005-09-20,0.44,0.44,0.43,0.44,0.71,0.01,-1,295561,127416.4
KABO,2005-09-19,0.44,0.44,0.42,0.43,-1.12,-0.01,-1,625755,267870
KABO,2005-09-18,0.44,0.44,0.44,0.44,-0.41,0,-1,133810,57925
KABO,2005-09-15,0.46,0.46,0.46,0.46,0,0,-1,97017050,44372466
KABO,2005-09-14,0.44,0.44,0.43,0.44,0.12,0,-1,407449,175905.85
KABO,2005-09-13,0.44,0.44,0.43,0.44,0.35,0.01,-1,98389,42420.76
KABO,2005-09-12,0.44,0.44,0.42,0.43,-2.14,-0.02,-1,57066,24525
KABO,2005-09-11,0.45,0.45,0.43,0.45,1.05,0.01,-1,61119,26839.97
KABO,2005-09-08,0.45,0.45,0.41,0.44,1.48,0.01,-1,503752,218826.5
KABO,2005-09-07,0.44,0.44,0.42,0.43,1.51,0.01,-1,242038,103630
KABO,2005-09-06,0.44,0.44,0.42,0.42,-2.12,-0.01,-1,71431,30131.25
KABO,2005-09-05,0.44,0.44,0.42,0.43,-0.06,-0.01,-1,179069,77158.5
KABO,2005-09-04,0.44,0.44,0.43,0.44,-0.53,0,-1,94454,40725
KABO,2005-09-01,0.46,0.46,0.43,0.44,-0.29,0,-1,1312511,569089.45
KABO,2005-08-31,0.45,0.45,0.44,0.44,-3.28,-0.01,-1,665386,289358.37
KABO,2005-08-30,0.46,0.46,0.45,0.45,1.61,0,-1,4295708,1931050.71
KABO,2005-08-29,0.45,0.45,0.45,0.45,0.46,0,-1,3865669,1709965.78
KABO,2005-08-28,0.45,0.45,0.44,0.45,1.17,0.01,-1,3311423,1457938.92
KABO,2005-08-25,0.45,0.45,0.44,0.44,0.12,0,-1,9311388,4052102.2
KABO,2005-08-24,0.45,0.45,0.43,0.44,0.12,0,-1,7781005,3382193.99
KABO,2005-08-23,0.44,0.44,0.42,0.44,4.65,0.02,-1,9618126,4176761.65
KABO,2005-08-22,0.43,0.43,0.4,0.42,0.86,0,-1,6971262,2892311.77
KABO,2005-08-21,0.42,0.42,0.38,0.42,4.79,0.03,-1,8903428,3663734.65
KABO,2005-08-18,0.41,0.41,0.38,0.39,-1.72,-0.01,-1,9239839,3627407.32
KABO,2005-08-17,0.42,0.42,0.39,0.4,-2.12,-0.01,-1,5161689,2061793.75
KABO,2005-08-16,0.42,0.42,0.39,0.41,4.15,0.02,-1,7403545,3022101.72
KABO,2005-08-15,0.41,0.41,0.38,0.39,-2.84,-0.02,-1,5209664,2041428.25
KABO,2005-08-14,0.42,0.42,0.4,0.41,-3.99,-0.01,-1,4018801,1620088.2
KABO,2005-08-11,0.42,0.42,0.42,0.42,4.55,0.01,-1,18691333,7851343.52
KABO,2005-08-10,0.41,0.41,0.41,0.41,4.98,0.03,-1,3306268,1328198.1
KABO,2005-08-09,0.38,0.38,0.36,0.38,4.73,0.01,-1,3326772,1272766.66
KABO,2005-08-08,0.38,0.38,0.36,0.37,-4.64,-0.01,-1,8997920,3287304.29
KABO,2005-08-07,0.4,0.4,0.36,0.38,1.62,0,-1,13574352,5200181.33
KABO,2005-08-04,0.38,0.38,0.38,0.38,4.95,0.02,-1,10560379,3981973.88
KABO,2005-08-03,0.36,0.36,0.36,0.36,4.97,0.02,-1,2335758,839209
KABO,2005-08-02,0.34,0.34,0.34,0.34,4.99,0.02,-1,7909107,2706874.8
KABO,2005-08-01,0.32,0.32,0.32,0.32,4.99,0.01,-1,2349138,765822.7
KABO,2005-07-31,0.31,0.31,0.29,0.31,4,0.01,-1,10034509,3114524.7
KABO,2005-07-28,0.3,0.3,0.29,0.3,4.82,0.02,-1,9841271,2939055.5
KABO,2005-07-27,0.28,0.28,0.28,0.28,4.57,0,-1,2888941,822776.64
KABO,2005-07-26,0.28,0.28,0.27,0.28,-3.16,0,-1,3494978,952097.1
KABO,2005-07-25,0.29,0.29,0.28,0.28,-1.07,0,-1,3266519,918752.3
KABO,2005-07-24,0.29,0.29,0.28,0.28,-4.85,-0.02,-1,6973820,1983173.4
KABO,2005-07-21,0.31,0.31,0.28,0.3,-1.34,0,-1,5166846,1544376.5
KABO,2005-07-20,0.31,0.31,0.29,0.3,-0.25,0,-1,4942085,1496820.75
KABO,2005-07-19,0.3,0.3,0.29,0.3,4.55,0.02,-1,4873645,1480394.65
KABO,2005-07-18,0.29,0.29,0.28,0.28,4.57,0,-1,3931667,1142041.92
KABO,2005-07-17,0.28,0.28,0.26,0.28,2.44,0,-1,5620143,1560136.3
KABO,2005-07-14,0.28,0.28,0.27,0.28,-2.56,0,-1,4766048,1292251.02
KABO,2005-07-13,0.28,0.28,0.28,0.28,1.01,0,-1,1088420,302882.4
KABO,2005-07-12,0.28,0.28,0.27,0.28,0.65,0,-1,2513605,692623.24
KABO,2005-07-11,0.28,0.28,0.28,0.28,-4.77,0,-1,8789098,2405430.14
KABO,2005-07-10,0.3,0.3,0.28,0.28,-4.23,-0.02,-1,3582545,1029253.3
KABO,2005-07-07,0.31,0.31,0.29,0.3,-2.96,-0.01,-1,5155983,1547367.7
KABO,2005-07-06,0.31,0.31,0.3,0.31,2.96,0.01,-1,2361772,730092.35
KABO,2005-07-05,0.3,0.3,0.3,0.3,4.97,0.02,-1,1440416,432430.5
KABO,2005-07-04,0.29,0.29,0.28,0.28,-4.09,-0.01,-1,7440735,2128148.56
KABO,2005-07-03,0.3,0.3,0.29,0.29,-3.77,-0.02,-1,5682364,1695062.24
KABO,2005-06-30,0.31,0.31,0.31,0.31,-4.91,-0.01,-1,6664681,2066589.7
KABO,2005-06-29,0.35,0.35,0.32,0.32,-3.68,-0.02,-1,5983632,1951227.55
KABO,2005-06-28,0.34,0.34,0.32,0.34,4.72,0.02,-1,4493589,1521170.65
KABO,2005-06-27,0.32,0.32,0.31,0.32,4.69,0.01,-1,5930580,1916428.98
KABO,2005-06-26,0.31,0.31,0.3,0.31,4.2,0.02,-1,7681867,2370958.32
KABO,2005-06-23,0.29,0.29,0.29,0.29,4.86,0.01,-1,4350254,1288891.5
KABO,2005-06-22,0.28,0.28,0.28,0.28,4.71,0,-1,8128593,2297159.3
KABO,2005-06-21,0.28,0.28,0.28,0.28,4.94,0.02,-1,1172798,316476
KABO,2005-06-20,0.27,0.27,0.25,0.26,2.12,0.01,-1,4802018,1234837.68
KABO,2005-06-19,0.26,0.26,0.25,0.25,-1.49,-0.01,-1,2234495,562568.8
KABO,2005-06-16,0.26,0.26,0.25,0.26,0.3,0,-1,3025347,772980.55
KABO,2005-06-15,0.26,0.26,0.25,0.26,0.4,0.01,-1,1306608,332920
KABO,2005-06-14,0.26,0.26,0.25,0.25,3.1,0,-1,2356853,598108.09
KABO,2005-06-13,0.25,0.25,0.25,0.25,-2.22,0,-1,1172759,288744
KABO,2005-06-12,0.25,0.25,0.25,0.25,4.98,0,-1,4081810,1027350.66
KABO,2005-06-09,0.25,0.25,0.23,0.25,2.72,0.01,-1,4308499,1032949.13
KABO,2005-06-08,0.24,0.24,0.23,0.24,-1.29,0,-1,518511,121121.01
KABO,2005-06-07,0.25,0.25,0.23,0.24,-0.11,0,-1,1735191,410533.25
KABO,2005-06-06,0.24,0.24,0.24,0.24,2.98,0.01,-1,263879,62482.9
KABO,2005-06-05,0.25,0.25,0.23,0.23,-4.23,-0.02,-1,7774196,1787900.62
KABO,2005-06-02,0.25,0.25,0.25,0.25,-4.74,0,-1,3280293,787627.48
KABO,2005-06-01,0.25,0.25,0.25,0.25,-2.36,-0.01,-1,868107,218775.4
KABO,2005-05-31,0.27,0.27,0.25,0.26,-0.39,0,-1,2589090,668362
KABO,2005-05-30,0.27,0.27,0.26,0.26,-4.4,-0.02,-1,1090033,282591.33
KABO,2005-05-29,0.28,0.28,0.27,0.28,-3.87,0,-1,3891289,1055074.75
KABO,2005-05-26,0.28,0.28,0.28,0.28,3.45,0,-1,4809851,1356624.74
KABO,2005-05-25,0.28,0.28,0.27,0.28,3.37,0.01,-1,2727583,743938.29
KABO,2005-05-24,0.28,0.28,0.26,0.27,0.97,0.01,-1,4654593,1227223.9
KABO,2005-05-23,0.28,0.28,0.25,0.26,-0.1,0,-1,677468,176938.2
KABO,2005-05-22,0.27,0.27,0.26,0.26,-4.72,-0.02,-1,3392457,887280.5
KABO,2005-05-19,0.28,0.28,0.28,0.28,-4.51,0,-1,2738366,751280.6
KABO,2005-05-18,0.29,0.29,0.28,0.28,-1.99,-0.01,-1,1708034,491066
KABO,2005-05-17,0.3,0.3,0.28,0.29,-1.11,0,-1,2623841,769647.2
KABO,2005-05-16,0.3,0.3,0.29,0.29,-3.23,-0.02,-1,2081914,617151.5
KABO,2005-05-15,0.31,0.31,0.3,0.31,-0.66,0,-1,3601790,1103405.59
KABO,2005-05-12,0.31,0.31,0.3,0.31,3.14,0.01,-1,10681082,3294662.94
KABO,2005-05-11,0.3,0.3,0.29,0.3,-2.08,0,-1,1003569,300163.54
KABO,2005-05-10,0.31,0.31,0.3,0.3,1.09,0,-1,2189276,668407.63
KABO,2005-05-09,0.31,0.31,0.29,0.3,-1.57,-0.01,-1,2205097,665936.4
KABO,2005-05-08,0.31,0.31,0.28,0.31,3.16,0.02,-1,8494011,2607205.26
KABO,2005-05-05,0.3,0.3,0.29,0.29,-1.76,-0.01,-1,1451160,431965.77
KABO,2005-05-04,0.31,0.31,0.29,0.3,-2.38,-0.01,-1,3621349,1096458.46
KABO,2005-05-03,0.32,0.32,0.29,0.31,-0.65,0,-1,6983187,2165948.96
KABO,2005-04-13,0.32,0.32,0.3,0.31,-2.23,0,-1,3671606,1146134.7
KABO,2005-04-12,0.32,0.32,0.31,0.31,-4.77,-0.03,-1,7027697,2245026.26
KABO,2005-04-11,0.35,0.35,0.33,0.34,-2.94,-0.01,-1,9192298,3083402.18
KABO,2005-04-10,0.35,0.35,0.35,0.35,-4.96,-0.01,-1,1509053,521478.4
KABO,2005-04-07,0.37,0.37,0.34,0.36,4.15,0.01,-1,10299568,3743830.4
KABO,2005-04-06,0.35,0.35,0.34,0.35,4.17,0.02,-1,5745098,2006256.17
KABO,2005-04-05,0.34,0.34,0.32,0.33,0.46,0,-1,3690300,1236993.55
KABO,2005-04-04,0.34,0.34,0.31,0.33,2.9,0.01,-1,5067786,1690618.63
KABO,2005-04-03,0.32,0.32,0.31,0.32,4.76,0.01,-1,5608494,1818767.33
KABO,2005-03-31,0.32,0.32,0.3,0.31,-3.56,-0.01,-1,12449882,3852959.25
KABO,2005-03-30,0.32,0.32,0.32,0.32,-4.89,-0.02,-1,1816303,583055.62
KABO,2005-03-29,0.35,0.35,0.33,0.34,-4.05,-0.01,-1,8639942,2915369.5
KABO,2005-03-28,0.35,0.35,0.35,0.35,-4.68,-0.02,-1,3356171,1180042.19
KABO,2005-03-27,0.39,0.39,0.35,0.37,-1.16,-0.01,-1,11678197,4309976.48
KABO,2005-03-24,0.39,0.39,0.37,0.38,-2.65,0,-1,7584501,2831770.98
KABO,2005-03-23,0.42,0.42,0.38,0.38,-3.52,-0.02,-1,14349342,5503476.75
KABO,2005-03-22,0.42,0.42,0.39,0.4,-4.11,-0.02,-1,9593331,3813284.92
KABO,2005-03-21,0.42,0.42,0.42,0.42,-4.79,-0.02,-1,2669139,1106308.38
KABO,2005-03-20,0.45,0.45,0.44,0.44,-4.83,-0.02,-1,5802005,2525345.99
KABO,2005-03-17,0.46,0.46,0.46,0.46,-4.96,-0.02,-1,691912,316458
KABO,2005-03-16,0.5,0.5,0.47,0.48,-0.89,0,-1,7475998,3598229.15
KABO,2005-03-15,0.49,0.49,0.47,0.48,-0.57,0,-1,6197136,3008868.77
KABO,2005-03-14,0.51,0.51,0.48,0.48,1,0,-1,7886871,3852086.29
KABO,2005-03-13,0.48,0.48,0.47,0.48,4.45,0.01,-1,30547850,14768037.71
KABO,2005-03-10,0.49,0.49,0.46,0.47,-4.36,-0.01,-1,12613917,5838195.51
KABO,2005-03-09,0.48,0.48,0.47,0.48,4.56,0.01,-1,20472962,9912360.22
KABO,2005-03-08,0.47,0.47,0.46,0.47,4.95,0.02,-1,12588492,5826631.05
KABO,2005-03-07,0.45,0.45,0.43,0.45,2.24,0.01,-1,18651308,8226698.72
KABO,2005-03-06,0.44,0.44,0.42,0.44,4.11,0.02,-1,11696064,5046722.62
KABO,2005-03-03,0.43,0.43,0.41,0.42,1.43,0.01,-1,9155893,3795449.78
KABO,2005-03-02,0.42,0.42,0.41,0.41,-3.31,-0.01,-1,8337493,3406471.64
KABO,2005-03-01,0.44,0.44,0.42,0.42,-3.03,-0.02,-1,4794069,2025217.66
KABO,2005-02-28,0.45,0.45,0.42,0.44,4.26,0.02,-1,10512915,4581858.17
KABO,2005-02-27,0.44,0.44,0.41,0.42,1.29,0,-1,7701034,3219142.41
KABO,2005-02-24,0.43,0.43,0.4,0.42,-1.69,0,-1,4660653,1923218.09
KABO,2005-02-23,0.44,0.44,0.42,0.42,-3.34,-0.02,-1,37293761,15652081.92
KABO,2005-02-22,0.46,0.46,0.42,0.44,0.12,0,-1,6812658,2957987.28
KABO,2005-02-21,0.44,0.44,0.44,0.44,4.98,0.02,-1,8394953,3640565.65
KABO,2005-02-17,0.4,0.4,0.38,0.39,4.52,0.01,-1,7647195,3010277.1
KABO,2005-02-16,0.39,0.39,0.35,0.38,1.79,0.01,-1,5379562,2025711.15
KABO,2005-02-15,0.38,0.38,0.35,0.37,4.07,0.02,-1,8479724,3136893.31
KABO,2005-02-14,0.35,0.35,0.35,0.35,4.95,0.01,-1,15728168,5590966.8
KABO,2005-02-13,0.34,0.34,0.34,0.34,4.96,0.02,-1,2552214,864450.5
KABO,2005-02-09,0.32,0.32,0.32,0.32,4.96,0.01,-1,732211,236283.5
KABO,2005-02-08,0.31,0.31,0.3,0.31,4.94,0.02,-1,9153335,2813730.5
KABO,2005-02-07,0.29,0.29,0.29,0.29,4.91,0.01,-1,12808096,3752380.85
KABO,2005-02-06,0.28,0.28,0.28,0.28,4.97,0.01,-1,43291,12089
KABO,2005-02-03,0.27,0.27,0.27,0.27,4.91,0.02,-1,2329854,619824
KABO,2005-02-02,0.26,0.26,0.25,0.25,3.63,0,-1,13855351,3512287.3
KABO,2005-02-01,0.25,0.25,0.25,0.25,1.69,0,-1,2834983,693465.95
KABO,2005-01-31,0.25,0.25,0.24,0.25,-2.07,0,-1,1174766,282579.5
KABO,2005-01-30,0.25,0.25,0.24,0.25,2.65,0.01,-1,3780897,928662.2
KABO,2005-01-27,0.25,0.25,0.24,0.24,-0.53,-0.01,-1,1708822,409079.8
KABO,2005-01-26,0.25,0.25,0.25,0.25,-2.37,0,-1,49195,11835
KABO,2005-01-25,0.25,0.25,0.25,0.25,-0.72,0,-1,1151941,283829.7
KABO,2005-01-24,0.25,0.25,0.25,0.25,1.24,0,-1,988613,245440.8
KABO,2005-01-18,0.25,0.25,0.25,0.25,-4.04,0,-1,3341688,807174.6
KABO,2005-01-17,0.25,0.25,0.25,0.25,0.61,0,-1,4718545,1188630.6
KABO,2005-01-16,0.25,0.25,0.25,0.25,2.18,0,-1,8169130,2045057.7
KABO,2005-01-13,0.25,0.25,0.24,0.25,-2.13,0,-1,1530935,374886.85
KABO,2005-01-12,0.25,0.25,0.24,0.25,2.07,0,-1,9756263,2441234.15
KABO,2005-01-11,0.25,0.25,0.25,0.25,-4.55,-0.01,-1,320749,78666.5
KABO,2005-01-10,0.27,0.27,0.25,0.26,2.02,0.01,-1,446489,114697.5
KABO,2005-01-09,0.25,0.25,0.25,0.25,4.87,0,-1,2644581,666071.88
KABO,2005-01-06,0.25,0.25,0.24,0.25,0.32,0.01,-1,580536,139351.36
KABO,2005-01-05,0.25,0.25,0.24,0.24,-4.37,-0.01,-1,392966,94055.1
KABO,2005-01-04,0.25,0.25,0.25,0.25,4.56,0.01,-1,2066171,517167.5
KABO,2005-01-03,0.25,0.25,0.23,0.24,4.67,0.01,-1,817102,195602.3
KABO,2005-01-02,0.24,0.24,0.23,0.23,0,0,-1,1214122,277729
KABO,2004-12-30,0.25,0.25,0.23,0.23,-0.05,-0.02,-1,514694,118196.12
KABO,2004-12-29,0.25,0.25,0.23,0.25,0.046,0.02,-1,753542,181177.55
KABO,2004-12-28,0.23,0.23,0.23,0.23,0.039,0.01,-1,1933031,445848.9
KABO,2004-12-26,0.22,0.22,0.21,0.21,-0.023,-0.01,-1,826784,173600.1
KABO,2004-12-23,0.22,0.22,0.22,0.22,0.013,0,-1,496077,105772
KABO,2004-12-22,0.22,0.22,0.22,0.22,-0.01,0,-1,570853,120415
KABO,2004-12-21,0.22,0.22,0.22,0.22,0.009,0,-1,249987,53207.5
KABO,2004-12-20,0.22,0.22,0.22,0.22,-0.015,0,-1,139752,29457.5
KABO,2004-12-19,0.22,0.22,0.21,0.22,0,0,-1,525201,111963.5
KABO,2004-12-16,0.22,0.22,0.21,0.21,-0.046,-0.01,-1,1051190,221482.03
KABO,2004-12-15,0.23,0.23,0.22,0.22,-0.021,0,-1,1055164,231107.83
KABO,2004-12-14,0.22,0.22,0.22,0.22,0.049,0,-1,403553,89019.6
KABO,2004-12-13,0.22,0.22,0.21,0.22,0.017,0,-1,222832,47501
KABO,2004-12-12,0.22,0.22,0.21,0.21,-0.049,-0.01,-1,5905630,1239418.16
KABO,2004-12-09,0.22,0.22,0.22,0.22,-0.04,-0.01,-1,429134,94099
KABO,2004-12-08,0.23,0.23,0.22,0.23,0.039,0.01,-1,7053004,1603292.64
KABO,2004-12-07,0.22,0.22,0.22,0.22,0.048,0,-1,1259853,277462.5
KABO,2004-12-06,0.22,0.22,0.21,0.21,0.005,0,-1,114171,23994
KABO,2004-12-02,0.22,0.22,0.21,0.22,-0.009,0,-1,184067,38152
KABO,2004-12-01,0.22,0.22,0.21,0.21,0.003,0,-1,110234,23657
KABO,2004-11-30,0.22,0.22,0.21,0.22,0.03,0,-1,608950,127263.73
KABO,2004-11-29,0.22,0.22,0.22,0.22,-0.004,0,-1,196858,41866
KABO,2004-11-28,0.22,0.22,0.22,0.22,-0.011,0,-1,470851,100179.8
KABO,2004-11-25,0.22,0.22,0.22,0.22,-0.003,0,-1,192922,41671
KABO,2004-11-24,0.22,0.22,0.22,0.22,-0.041,0,-1,17711,3834
KABO,2004-11-23,0.23,0.23,0.22,0.22,-0.05,-0.01,-1,666134,149111.8
KABO,2004-11-22,0.23,0.23,0.22,0.23,0.023,0.01,-1,795299,181755
KABO,2004-11-21,0.24,0.24,0.22,0.22,-0.05,-0.01,-1,298040,66621.2
KABO,2004-11-18,0.23,0.23,0.23,0.23,0.046,0.01,-1,6519735,1482919.06
KABO,2004-11-17,0.22,0.22,0.22,0.22,-0.029,-0.01,-1,134833,29497.5
KABO,2004-11-16,0.23,0.23,0.22,0.23,0.037,0.01,-1,322835,72557
KABO,2004-11-11,0.22,0.22,0.22,0.22,0.049,0,-1,418311,92133.25
KABO,2004-11-10,0.23,0.23,0.22,0.23,0.05,0.01,-1,3877987,828276.5
KABO,2004-11-09,0.22,0.22,0.22,0.22,0,0,-1,39356,8500
KABO,2004-11-08,0.22,0.22,0.22,0.22,-0.01,0,-1,257858,55665
KABO,2004-11-07,0.22,0.22,0.22,0.22,0.009,0,-1,161043,34690
KABO,2004-11-04,0.22,0.22,0.22,0.22,-0.015,0,-1,90557,19394
KABO,2004-11-03,0.22,0.22,0.22,0.22,0.013,0,-1,75405,16377.5
KABO,2004-11-02,0.22,0.22,0.22,0.22,0.049,0,-1,98428,21725
KABO,2004-10-31,0.22,0.22,0.21,0.22,0,0,-1,129126,27194
KABO,2004-10-28,0.22,0.22,0.22,0.22,-0.006,0,-1,102364,21583
KABO,2004-10-27,0.22,0.22,0.22,0.22,-0.017,0,-1,98428,20864.5
KABO,2004-10-25,0.22,0.22,0.22,0.22,-0.032,0,-1,40930,8804.25
KABO,2004-10-24,0.22,0.22,0.22,0.22,0.05,0,-1,291546,64779.75
KABO,2004-10-21,0.22,0.22,0.22,0.22,-0.003,0,-1,55098,11678
KABO,2004-10-20,0.22,0.22,0.22,0.22,-0.034,0,-1,39356,8360
KABO,2004-10-18,0.22,0.22,0.22,0.22,0.028,0,-1,103544,22740.5
KABO,2004-10-17,0.23,0.23,0.22,0.22,-0.027,0,-1,94493,20215
KABO,2004-10-14,0.22,0.22,0.22,0.22,0.027,0,-1,125977,27947.75
KABO,2004-10-13,0.22,0.22,0.22,0.22,-0.04,0,-1,19678,4199.5
KABO,2004-10-12,0.22,0.22,0.22,0.22,0.025,0,-1,34240,7556
KABO,2004-10-11,0.22,0.22,0.22,0.22,0.026,0,-1,50179,10952.5
KABO,2004-10-10,0.22,0.22,0.22,0.22,-0.047,0,-1,122042,25938.5
KABO,2004-10-07,0.22,0.22,0.22,0.22,0.05,0,-1,401113,89369.59
KABO,2004-10-05,0.22,0.22,0.22,0.22,0.022,0.01,-1,3935,840
KABO,2004-10-04,0.21,0.21,0.21,0.21,-0.023,-0.01,-1,108267,22609.5
KABO,2004-10-03,0.22,0.22,0.21,0.22,0.003,0,-1,154313,32940
KABO,2004-09-30,0.22,0.22,0.22,0.22,0.009,0,-1,196858,42390
KABO,2004-09-29,0.22,0.22,0.22,0.22,-0.032,0,-1,662198,140259.6
KABO,2004-09-28,0.23,0.23,0.22,0.23,0.011,0.01,-1,167379,36265.65
KABO,2004-09-27,0.23,0.23,0.22,0.22,-0.034,-0.01,-1,234245,52231.9
KABO,2004-09-26,0.24,0.24,0.23,0.23,-0.05,-0.02,-1,1664862,382759.65
KABO,2004-09-23,0.25,0.25,0.24,0.25,0.05,0.02,-1,316931,75824
KABO,2004-09-22,0.23,0.23,0.23,0.23,0.049,0.01,-1,1928229,441274.14
KABO,2004-09-21,0.22,0.22,0.22,0.22,0.049,0.01,-1,1674819,365418.6
KABO,2004-09-20,0.21,0.21,0.21,0.21,0.05,0.01,-1,9840,2047.5
KABO,2004-09-14,0.21,0.21,0.21,0.21,0.049,0.01,-1,9840,2037.5
KABO,2004-09-13,0.2,0.2,0.2,0.2,0.05,0.01,-1,5904,1165.5
KABO,2004-09-09,0.19,0.19,0.19,0.19,0.01,0,-1,5904,1110
KABO,2004-09-08,0.19,0.19,0.19,0.19,-0.01,0,-1,49195,9167.5
KABO,2004-09-06,0.19,0.19,0.19,0.19,0.003,0,-1,39356,7375
KABO,2004-09-05,0.19,0.19,0.19,0.19,-0.002,0,-1,19678,3677.25
KABO,2004-09-02,0.19,0.19,0.19,0.19,0,0,-1,6888,1288
KABO,2004-09-01,0.19,0.19,0.19,0.19,-0.021,0,-1,31485,5887
KABO,2004-08-31,0.19,0.19,0.19,0.19,0,0,-1,23613,4500
KABO,2004-08-30,0.19,0.19,0.19,0.19,-0.034,0,-1,1968,362.5
KABO,2004-08-25,0.19,0.19,0.19,0.19,0.021,0,-1,9840,1875
KABO,2004-08-24,0.19,0.19,0.19,0.19,-0.036,0,-1,70329,13127.1
KABO,2004-08-19,0.2,0.2,0.19,0.19,-0.049,-0.01,-1,88274,17075.06
KABO,2004-08-18,0.2,0.2,0.2,0.2,-0.013,0,-1,31485,6162
KABO,2004-08-17,0.2,0.2,0.2,0.2,0.003,0,-1,75327,14921.4
KABO,2004-08-16,0.21,0.21,0.2,0.2,-0.047,-0.01,-1,43291,8560
KABO,2004-08-15,0.21,0.21,0.21,0.21,0.037,0.01,-1,17671,3654.86
KABO,2004-08-12,0.2,0.2,0.2,0.2,-0.014,0,-1,15742,3140
KABO,2004-08-11,0.21,0.21,0.2,0.2,-0.002,0,-1,78751,15930
KABO,2004-08-09,0.21,0.21,0.2,0.2,-0.034,-0.01,-1,39356,7909.18
KABO,2004-08-08,0.21,0.21,0.21,0.21,0.005,0,-1,93627,19257.82
KABO,2004-08-05,0.21,0.21,0.21,0.21,-0.009,0,-1,27549,5640
KABO,2004-08-03,0.21,0.21,0.21,0.21,-0.011,0,-1,84654,17462
KABO,2004-08-02,0.22,0.22,0.21,0.22,0.008,0.01,-1,19678,4096
KABO,2004-08-01,0.22,0.22,0.21,0.21,-0.021,-0.01,-1,78751,16490
KABO,2004-07-28,0.22,0.22,0.21,0.22,0.033,0,-1,60765,12964.91
KABO,2004-07-27,0.22,0.22,0.21,0.22,0.051,0.01,-1,23377,4970.92
KABO,2004-07-22,0.21,0.21,0.21,0.21,-2.38,-0.01,-1,3935,820
KABO,2004-07-21,0.22,0.22,0.22,0.22,-1.52,0,-1,4447,949.2
KABO,2004-07-20,0.22,0.22,0.22,0.22,2.9,0.01,-1,5392,1168.61
KABO,2004-07-19,0.21,0.21,0.21,0.21,0.61,0,-1,21646,4557.5
KABO,2004-07-18,0.21,0.21,0.21,0.21,-4.41,-0.01,-1,19678,4120
KABO,2004-07-12,0.22,0.22,0.21,0.22,0,0,-1,1101,229.82
KABO,2004-07-07,0.22,0.22,0.22,0.22,3.98,0.01,-1,47463,10392.2
KABO,2004-07-05,0.21,0.21,0.21,0.21,-2.59,-0.01,-1,39356,8290
KABO,2004-07-04,0.22,0.22,0.21,0.22,-2.52,-0.01,-1,31485,6808
KABO,2004-06-30,0.23,0.23,0.21,0.22,4.05,0.01,-1,628942,139416.84
KABO,2004-06-29,0.22,0.22,0.21,0.22,3.71,0.01,-1,94493,20131.5
KABO,2004-06-27,0.21,0.21,0.2,0.21,4.12,0.01,-1,43291,8897.5
KABO,2004-06-24,0.21,0.21,0.2,0.2,0,0,-1,2756,569.5
KABO,2004-06-23,0.2,0.2,0.2,0.2,-4.9,-0.01,-1,55137,10878
KABO,2004-06-22,0.21,0.21,0.21,0.21,-1.45,0,-1,19678,4085
KABO,2004-06-21,0.21,0.21,0.21,0.21,2.35,0.01,-1,6849,1442.46
KABO,2004-06-20,0.21,0.21,0.21,0.21,-4.03,-0.01,-1,19678,4050
KABO,2004-06-17,0.22,0.22,0.21,0.22,2.55,0.01,-1,394658,84606.76
KABO,2004-06-16,0.22,0.22,0.2,0.21,-0.36,0,-1,996564,208248.35
KABO,2004-06-15,0.21,0.21,0.21,0.21,4.16,0.01,-1,215630,45228.64
KABO,2004-06-14,0.21,0.21,0.2,0.2,-2.22,0,-1,157502,31708
KABO,2004-06-13,0.21,0.21,0.21,0.21,0.12,0,-1,15742,3245
KABO,2004-06-10,0.21,0.21,0.21,0.21,-0.25,0,-1,15742,3240
KABO,2004-06-09,0.22,0.22,0.21,0.21,-1.58,0,-1,151952,31327.8
KABO,2004-06-08,0.21,0.21,0.21,0.21,0.12,0,-1,49195,10318.3
KABO,2004-06-07,0.21,0.21,0.21,0.21,-3.85,-0.01,-1,5509,1153
KABO,2004-06-06,0.22,0.22,0.21,0.22,1.78,0,-1,358255,78030
KABO,2004-06-02,0.22,0.22,0.21,0.22,1.32,0,-1,255891,54707.18
KABO,2004-06-01,0.22,0.22,0.2,0.21,3.23,0.01,-1,314964,66463.5
KABO,2004-05-31,0.21,0.21,0.21,0.21,-4.73,-0.01,-1,531498,108623.34
KABO,2004-05-30,0.22,0.22,0.22,0.22,3.68,0.01,-1,110234,23670
KABO,2004-05-27,0.21,0.21,0.21,0.21,-4.68,-0.01,-1,181115,37471
KABO,2004-05-26,0.23,0.23,0.22,0.22,-4.68,-0.01,-1,180721,39258.99
KABO,2004-05-25,0.23,0.23,0.23,0.23,-4.57,-0.01,-1,12594,2871.1
KABO,2004-05-23,0.24,0.24,0.23,0.24,4.44,0.01,-1,64976,15502.5
KABO,2004-05-20,0.23,0.23,0.23,0.23,-1.1,0,-1,15861,3627
KABO,2004-05-19,0.25,0.25,0.23,0.23,0.44,0,-1,41717,9644.5
KABO,2004-05-18,0.24,0.24,0.23,0.23,-4.03,-0.01,-1,29910,6884
KABO,2004-05-17,0.24,0.24,0.24,0.24,-4.93,-0.01,-1,126568,30349.6
KABO,2004-05-16,0.26,0.26,0.25,0.26,-0.8,0,-1,106299,26798
KABO,2004-05-13,0.26,0.26,0.26,0.26,3.95,0.01,-1,47226,12015
KABO,2004-05-12,0.25,0.25,0.25,0.25,0.52,0,-1,256284,62668
KABO,2004-05-11,0.25,0.25,0.25,0.25,-4.49,-0.01,-1,460619,112069.61
KABO,2004-05-10,0.26,0.26,0.26,0.26,4.81,0.01,-1,486043,123881.8
KABO,2004-05-09,0.25,0.25,0.25,0.25,-2.35,-0.01,-1,81506,19818.5
KABO,2004-05-05,0.26,0.26,0.25,0.25,2.83,0.01,-1,49195,12246
KABO,2004-05-04,0.26,0.26,0.25,0.25,-1.45,0,-1,9096309,2202305.25
KABO,2004-05-03,0.26,0.26,0.25,0.25,0.42,0,-1,894672,219735.75
KABO,2004-04-29,0.25,0.25,0.25,0.25,4.22,0.01,-1,316144,77344
KABO,2004-04-28,0.24,0.24,0.22,0.24,2.9,0.01,-1,355303,83392
KABO,2004-04-27,0.23,0.23,0.23,0.23,4.91,0.01,-1,352154,80307.6
KABO,2004-04-26,0.22,0.22,0.22,0.22,4.9,0.01,-1,29518,6420
KABO,2004-04-22,0.21,0.21,0.21,0.21,-4.67,-0.01,-1,78751,16330
KABO,2004-04-21,0.22,0.22,0.22,0.22,-1.83,0,-1,96461,20972
KABO,2004-04-20,0.23,0.23,0.22,0.22,3.69,0.01,-1,865155,191572.5
KABO,2004-04-19,0.23,0.23,0.21,0.22,-4.1,-0.01,-1,326770,69776.25
KABO,2004-04-15,0.23,0.23,0.22,0.23,3.79,0.01,-1,969723,216115.35
KABO,2004-04-14,0.22,0.22,0.2,0.22,1.93,0,-1,477384,102498
KABO,2004-04-13,0.21,0.21,0.21,0.21,4.28,0.01,-1,751968,158353.77
KABO,2004-04-08,0.2,0.2,0.2,0.2,3.25,0.01,-1,3935,795
KABO,2004-04-07,0.2,0.2,0.2,0.2,1.32,0,-1,19678,3850
KABO,2004-04-06,0.19,0.19,0.19,0.19,1.33,0,-1,63008,12155
KABO,2004-04-05,0.19,0.19,0.19,0.19,-1.7,0,-1,9840,1875
KABO,2004-03-31,0.2,0.2,0.19,0.19,-0.26,0,-1,98428,19070
KABO,2004-03-30,0.2,0.2,0.19,0.2,-3.77,-0.01,-1,626975,121767.75
KABO,2004-03-29,0.2,0.2,0.2,0.2,-1.73,0,-1,153527,30992
KABO,2004-03-25,0.21,0.21,0.2,0.21,-0.49,0,-1,29518,6070
KABO,2004-03-24,0.21,0.21,0.21,0.21,1.63,0,-1,28533,5891.75
KABO,2004-03-23,0.2,0.2,0.2,0.2,0,0,-1,1533729,311648
KABO,2004-03-22,0.2,0.2,0.2,0.2,-2.32,-0.01,-1,9840,2000
KABO,2004-03-21,0.21,0.21,0.21,0.21,2.37,0.01,-1,11807,2457
KABO,2004-03-18,0.2,0.2,0.2,0.2,2.17,0,-1,228342,46388
KABO,2004-03-16,0.2,0.2,0.2,0.2,4.96,0.01,-1,393713,78300
KABO,2004-03-15,0.19,0.19,0.19,0.19,-4.73,-0.01,-1,19678,3729
KABO,2004-03-14,0.21,0.21,0.2,0.2,0,0,-1,2099152,417504.94
KABO,2004-03-11,0.2,0.2,0.2,0.2,4.96,0.01,-1,931116,185179.5
KABO,2004-03-10,0.19,0.19,0.19,0.19,-2.61,-0.01,-1,7871,1492
KABO,2004-03-09,0.2,0.2,0.19,0.2,2.68,0.01,-1,988181,192197.3
KABO,2004-03-08,0.19,0.19,0.19,0.19,-3.49,-0.01,-1,5904,1119
KABO,2004-03-07,0.2,0.2,0.2,0.2,4.88,0.01,-1,56987,11185.31
KABO,2004-03-04,0.19,0.19,0.19,0.19,-3.15,-0.01,-1,7871,1473
KABO,2004-03-03,0.19,0.19,0.19,0.19,-4.99,-0.01,-1,59073,11420
KABO,2004-03-02,0.21,0.21,0.2,0.21,4.84,0.01,-1,474432,96577.4
KABO,2004-03-01,0.2,0.2,0.19,0.2,4.8,0.01,-1,442909,86006
KABO,2004-02-26,0.19,0.19,0.18,0.19,2.39,0,-1,161437,29881
KABO,2004-02-25,0.18,0.18,0.17,0.18,0,0,-1,1968,340
KABO,2004-02-23,0.18,0.18,0.18,0.18,-1.25,0,-1,68912,12460.5
KABO,2004-02-22,0.19,0.19,0.18,0.18,1.41,0,-1,594507,108808
KABO,2004-02-19,0.18,0.18,0.18,0.18,1.57,0,-1,86621,15635
KABO,2004-02-18,0.18,0.18,0.18,0.18,1.3,0,-1,7871,1400
KABO,2004-02-16,0.18,0.18,0.17,0.18,-1.57,0,-1,82686,14514.25
KABO,2004-02-15,0.18,0.18,0.18,0.18,0.14,0,-1,62891,11203.91
KABO,2004-02-12,0.18,0.18,0.18,0.18,0,0,-1,387811,69048.5
KABO,2004-02-11,0.18,0.18,0.18,0.18,-1.54,0,-1,98428,17535
KABO,2004-02-09,0.18,0.18,0.18,0.18,1.71,0,-1,15742,2847.5
KABO,2004-02-08,0.18,0.18,0.18,0.18,0.57,0,-1,99019,17612
KABO,2004-02-04,0.18,0.18,0.18,0.18,4.98,0.01,-1,146640,25920
KABO,2004-01-29,0.17,0.17,0.17,0.17,-1.78,0,-1,19678,3315
KABO,2004-01-28,0.17,0.17,0.16,0.17,3.53,0.01,-1,108267,18553
KABO,2004-01-27,0.17,0.17,0.16,0.17,-2.1,0,-1,78751,13030.5
KABO,2004-01-26,0.17,0.17,0.17,0.17,-0.75,0,-1,172259,29136
KABO,2004-01-25,0.18,0.18,0.17,0.17,0,0,-1,118,20.94
KABO,2004-01-22,0.17,0.17,0.17,0.17,0.3,0,-1,39356,6710
KABO,2004-01-21,0.17,0.17,0.17,0.17,-4.43,-0.01,-1,63008,10710
KABO,2004-01-15,0.18,0.18,0.18,0.18,3.55,0.01,-1,35420,6300
KABO,2004-01-14,0.17,0.17,0.17,0.17,0.45,0,-1,29518,5071
KABO,2004-01-13,0.17,0.17,0.17,0.17,0,0,-1,2046,350.48
KABO,2004-01-12,0.17,0.17,0.17,0.17,-2.75,-0.01,-1,39750,6793
KABO,2004-01-08,0.18,0.18,0.17,0.18,-1.42,0,-1,23613,4150
KABO,2004-01-06,0.18,0.18,0.18,0.18,0.29,0,-1,4919,878
KABO,2004-01-04,0.18,0.18,0.18,0.18,0,0,-1,19678,3500
KABO,2003-12-31,0.18,0.18,0.18,0.18,-0.28,0,-1,19678,3500
KABO,2003-12-28,0.18,0.18,0.17,0.18,0.14,0,-1,81112,14453.2
KABO,2003-12-25,0.18,0.18,0.18,0.18,0.14,0,-1,41324,7357
KABO,2003-12-23,0.18,0.18,0.18,0.18,0,0,-1,17946,3192
KABO,2003-12-22,0.18,0.18,0.18,0.18,0,0,-1,4093,728
KABO,2003-12-17,0.18,0.18,0.18,0.18,0.72,0,-1,49195,8750
KABO,2003-12-16,0.18,0.18,0.18,0.18,-1.84,0,-1,7871,1390
KABO,2003-12-14,0.18,0.18,0.18,0.18,-0.98,0,-1,73831,13280.25
KABO,2003-12-11,0.18,0.18,0.18,0.18,-1.65,0,-1,19678,3575
KABO,2003-12-09,0.19,0.19,0.18,0.19,-0.55,0,-1,39356,7270.4
KABO,2003-12-08,0.19,0.19,0.19,0.19,0.83,0,-1,92526,17172.5
KABO,2003-12-07,0.18,0.18,0.18,0.18,-0.55,0,-1,3935,725
KABO,2003-12-04,0.19,0.19,0.18,0.19,0.97,0,-1,50179,9296
KABO,2003-12-03,0.18,0.18,0.18,0.18,0,0,-1,591,107.25
KABO,2003-12-02,0.18,0.18,0.18,0.18,-2.56,-0.01,-1,433069,79396.7
KABO,2003-12-01,0.2,0.2,0.19,0.19,-0.4,0,-1,66550,12516.85
KABO,2003-11-24,0.19,0.19,0.19,0.19,4.49,0.01,-1,136407,25782.95
KABO,2003-11-18,0.18,0.18,0.18,0.18,-1.25,0,-1,47226,8540
KABO,2003-11-12,0.18,0.18,0.18,0.18,-3.74,-0.01,-1,39356,7210
KABO,2003-11-11,0.19,0.19,0.19,0.19,3.88,0.01,-1,11807,2247
KABO,2003-11-10,0.19,0.19,0.18,0.18,3.89,0.01,-1,107677,19719.4
KABO,2003-11-09,0.18,0.18,0.18,0.18,4.83,0.01,-1,59073,10415
KABO,2003-11-06,0.17,0.17,0.17,0.17,0,0,-1,118106,19857
KABO,2003-11-05,0.17,0.17,0.17,0.17,-0.6,0,-1,157502,26475
KABO,2003-11-03,0.17,0.17,0.17,0.17,-1.62,0,-1,118106,19965
