Symbol,Date Range,Open,High,Low,Closed,% Change,Change,Prev. Closed,Volume,Turnover
MOIN,2026-09-07,43.47,43.47,40.27,42.48,1.09,0.46,-1,1475280,62143480
MOIN,2026-09-06,43.79,43.79,39,42.02,12.35,4.62,-1,3020398,126426088
MOIN,2026-09-03,38.6,38.6,32.8,37.4,15.04,4.89,-1,2849264,104552400
MOIN,2026-09-02,33.5,33.5,32.5,32.51,-2.02,-0.67,-1,308574,10170795
MOIN,2026-09-01,34.21,34.21,32.55,33.18,-1.69,-0.57,-1,358208,11939273
MOIN,2026-08-31,35,35,33.59,33.75,-1.69,-0.58,-1,117482,4029543.5
MOIN,2026-08-30,35.14,35.14,34.29,34.33,-1.61,-0.56,-1,206674,7123389
MOIN,2026-08-26,36.8,36.8,33.73,34.89,3.16,1.07,-1,1105328,39262784
MOIN,2026-08-25,34.88,34.88,33.57,33.82,-1.37,-0.47,-1,165179,5648875.5
MOIN,2026-08-24,35.35,35.35,34.24,34.29,-2.39,-0.84,-1,189258,6556974.5
MOIN,2026-08-23,35.76,35.76,34.5,35.13,1.12,0.39,-1,280709,9811287
MOIN,2026-08-20,37.5,37.5,34.61,34.74,-0.52,-0.18,-1,547841,19549922
MOIN,2026-08-19,37.4,37.4,34.5,34.92,-4.35,-1.59,-1,430897,15313376
MOIN,2026-08-18,38.6,38.6,36.26,36.51,-4.67,-1.79,-1,719563,26890648
MOIN,2026-08-17,40.1,40.1,38,38.3,-1.29,-0.5,-1,1048008,40908544
MOIN,2026-08-16,40.5,40.5,34.2,38.8,14.12,4.8,-1,3038592,116497880
MOIN,2026-08-13,35.32,35.32,33.91,34,-2.91,-1.02,-1,404824,13946594.76
MOIN,2026-08-12,36.99,36.99,34.92,35.02,0.29,0.1,-1,952950,34011680
MOIN,2026-08-11,36.85,36.85,34.7,34.92,-3.32,-1.2,-1,799085,28469270
MOIN,2026-08-10,38.5,38.5,36.1,36.12,-1.58,-0.58,-1,1100609,40690816
MOIN,2026-08-09,39.7,39.7,36.61,36.7,-2.94,-1.11,-1,1778088,67215184
MOIN,2026-08-06,40.8,40.8,32.5,37.81,8.03,2.81,-1,5575784,209360720
MOIN,2026-08-05,36.48,36.48,30.4,35,15.13,4.6,-1,4852839,167193888
MOIN,2026-08-04,30.4,30.4,25.12,30.4,19.97,5.06,-1,1236402,35382892
MOIN,2026-08-03,26.72,26.72,24,25.34,3.51,0.86,-1,585670,15089224
MOIN,2026-08-02,25,25,23.44,24.48,3.56,0.84,-1,105403,2587747.75
MOIN,2026-07-30,23.45,23.45,23.11,23.6,-0.68,-0.16,-1,6724,157209.98
MOIN,2026-07-29,23.8,23.8,23.45,23.6,0.81,0.19,-1,12422,293320.31
MOIN,2026-07-28,23.93,23.93,23.36,23.6,-0.42,-0.1,-1,7867,185072.48
MOIN,2026-07-27,23.7,23.7,23.7,23.6,0.42,0.1,-1,105,2488.5
MOIN,2026-07-26,24,24,23.12,23.6,-1.76,-0.42,-1,19739,465703.44
MOIN,2026-07-22,24,24,23.57,23.82,0.55,0.13,-1,3490,83033.43
MOIN,2026-07-21,24,24,23.55,23.82,-0.17,-0.04,-1,23554,560226.81
MOIN,2026-07-20,24,24,23.51,24.04,-2,-0.48,-1,9670,231019.95
MOIN,2026-07-19,24.05,24.05,23.03,24.04,-2.66,-0.64,-1,3187,75122.73
MOIN,2026-07-16,24.05,24.05,23.91,24.04,0.04,0.01,-1,5916,141975.66
MOIN,2026-07-15,24.6,24.6,23.9,24.04,-0.99,-0.24,-1,19107,460115.63
MOIN,2026-07-14,24.76,24.76,23.51,24.28,0.25,0.06,-1,94071,2278413.25
MOIN,2026-07-13,23.99,23.99,23.7,23.95,0.13,0.03,-1,6528,154984.92
MOIN,2026-07-12,24,24,23.55,23.95,1.65,0.39,-1,17492,419096.31
MOIN,2026-07-09,24.29,24.29,23.5,23.57,-0.76,-0.18,-1,106315,2532130.25
MOIN,2026-07-08,24.1,24.1,23.27,23.71,-2.64,-0.63,-1,26588,633888.69
MOIN,2026-07-07,24.19,24.19,23.25,23.9,0.84,0.2,-1,20983,501602.41
MOIN,2026-07-06,23.99,23.99,23.7,23.8,1.14,0.27,-1,15048,358089.75
MOIN,2026-07-05,24.2,24.2,23.7,23.72,1.01,0.24,-1,23274,553525.69
MOIN,2026-07-01,24.5,24.5,23.61,23.73,-2.43,-0.59,-1,22961,546637.38
MOIN,2026-06-30,24.4,24.4,22.66,24.32,3.69,0.85,-1,211398,5052587.5
MOIN,2026-06-29,23.25,23.25,22.8,23.03,0.61,0.14,-1,944,21830.85
MOIN,2026-06-28,23,23,22.6,23.03,-1.82,-0.42,-1,8159,184699.61
MOIN,2026-06-25,23.5,23.5,22.61,23.03,-2.04,-0.48,-1,23239,538376.44
MOIN,2026-06-24,23.19,23.19,23.02,23.51,-2.08,-0.49,-1,3815,88172.72
MOIN,2026-06-23,23.71,23.71,23.2,23.51,-0.77,-0.18,-1,5930,138291.22
MOIN,2026-06-22,24.29,24.29,23.3,23.51,-2.41,-0.58,-1,34101,806139.38
MOIN,2026-06-21,24.6,24.6,24.01,24.09,-0.25,-0.06,-1,32513,785771.06
MOIN,2026-06-17,24.68,24.68,24.2,24.25,0.21,0.05,-1,38444,936742.88
MOIN,2026-06-16,24.97,24.97,24.3,24.34,-2.29,-0.57,-1,59497,1450905.63
MOIN,2026-06-15,25.01,25.01,24.39,24.88,-2.4,-0.6,-1,27388,682794
MOIN,2026-06-14,25.25,25.25,24.62,24.99,-0.08,-0.02,-1,25567,638638.81
MOIN,2026-06-11,25,25,24.32,25.01,0,0,-1,8549,209390.16
MOIN,2026-06-10,25.3,25.3,24.41,25.01,-2.04,-0.51,-1,26257,656316.88
MOIN,2026-06-09,25.29,25.29,24.99,25.01,0.04,0.01,-1,19111,477885.69
MOIN,2026-06-08,25.28,25.28,24.66,24.99,-0.24,-0.06,-1,57201,1427506.75
MOIN,2026-06-07,25.1,25.1,25.02,25.05,-1.22,-0.31,-1,12223,306226.84
MOIN,2026-06-04,25.66,25.66,25,25.35,0.96,0.24,-1,24876,628427.69
MOIN,2026-06-03,25.32,25.32,25,25.11,-0.99,-0.25,-1,79139,1984811.38
MOIN,2026-06-02,25.46,25.46,24.87,25.32,0.32,0.08,-1,53636,1355826.63
MOIN,2026-06-01,25.3,25.3,24.91,25.24,0.12,0.03,-1,48061,1205614
MOIN,2026-05-25,25.5,25.5,24.8,25.27,0.32,0.08,-1,84709,2143432.75
MOIN,2026-05-24,25.4,25.4,24.12,25.19,0.6,0.15,-1,55924,1393326
MOIN,2026-05-21,25.29,25.29,24.4,24.85,-0.04,-0.01,-1,105736,2616413
MOIN,2026-05-20,26.4,26.4,24.1,24.86,2.01,0.49,-1,413631,10544495
MOIN,2026-05-19,24.5,24.5,24.1,24.37,-0.85,-0.21,-1,17919,436716.47
MOIN,2026-05-18,25.2,25.2,24.5,24.58,-1.53,-0.38,-1,51412,1268145.88
MOIN,2026-05-17,25,25,24.4,24.88,2.59,0.63,-1,120560,2994452.5
MOIN,2026-05-14,24.88,24.88,24.02,24.37,-1.71,-0.42,-1,79759,1952881.75
MOIN,2026-05-13,25,25,24.13,24.63,2.14,0.52,-1,58080,1431563.25
MOIN,2026-05-12,25,25,24.1,24.28,-1.18,-0.29,-1,67974,1668219.38
MOIN,2026-05-11,25,25,23.13,24.57,0.29,0.07,-1,107151,2631740.25
MOIN,2026-05-10,24.74,24.74,24.15,24.45,-1.39,-0.34,-1,72484,1766686.63
MOIN,2026-05-06,25.33,25.33,24.45,24.51,-1.68,-0.42,-1,94008,2317820.25
MOIN,2026-05-05,25.38,25.38,24.55,24.93,-0.52,-0.13,-1,101325,2525807.5
MOIN,2026-05-04,26.49,26.49,25.06,25.06,-3.54,-0.92,-1,379896,9777391
MOIN,2026-05-03,26,26,24.26,25.98,3.8,0.95,-1,365254,9314327
MOIN,2026-04-30,25.5,25.5,24.75,25.03,-0.67,-0.17,-1,93263,2343841.25
MOIN,2026-04-29,26.8,26.8,25.11,25.2,-2.06,-0.53,-1,212197,5473502.5
MOIN,2026-04-28,26.4,26.4,24.45,25.73,5.28,1.29,-1,502858,12768509
MOIN,2026-04-27,25,25,24.35,24.44,-1.41,-0.35,-1,86890,2142634.5
MOIN,2026-04-26,24.96,24.96,24.11,24.79,3.53,0.85,-1,42503,1042482.25
MOIN,2026-04-23,25.49,25.49,22.71,24.11,2.99,0.7,-1,327540,7934077.5
MOIN,2026-04-22,23.99,23.99,23.06,23.41,-0.81,-0.19,-1,61527,1445765.5
MOIN,2026-04-21,23.94,23.94,22.6,23.6,2.7,0.62,-1,178791,4177704.75
MOIN,2026-04-20,23.29,23.29,22.6,22.98,-1.4,-0.32,-1,21971,505126.41
MOIN,2026-04-19,23,23,22.1,22.92,0.13,0.03,-1,26863,612582.19
MOIN,2026-04-16,23,23,22.51,22.67,2.45,0.55,-1,27861,632978.75
MOIN,2026-04-15,23,23,21.7,22.45,2.18,0.48,-1,48606,1089036.38
MOIN,2026-04-14,22.5,22.5,21.43,22.02,0,0,-1,17513,386949.06
MOIN,2026-04-09,22.29,22.29,21.2,22.02,-0.09,-0.02,-1,13348,291263
MOIN,2026-04-08,22.1,22.1,22,22.02,-2.14,-0.48,-1,20559,452833.66
MOIN,2026-04-07,22.8,22.8,20.27,22.48,-2.14,-0.48,-1,9946,210634.94
MOIN,2026-04-06,22.96,22.96,22.23,22.48,0.09,0.02,-1,8283,186261.88
MOIN,2026-04-05,23.39,23.39,22.5,22.48,2.18,0.49,-1,1713,39165.96
MOIN,2026-04-02,22.96,22.96,22.01,22.48,-0.61,-0.14,-1,24841,556963.31
MOIN,2026-04-01,22.99,22.99,22,23.04,-2.78,-0.64,-1,3775,84630.69
MOIN,2026-03-31,22.74,22.74,21.51,23.04,-1.48,-0.34,-1,5299,118052.57
MOIN,2026-03-30,22.97,22.97,22.2,23.04,-1.35,-0.31,-1,544,12378.98
MOIN,2026-03-29,23.2,23.2,22,23.04,-3.21,-0.74,-1,11177,249826.08
MOIN,2026-03-26,22.61,22.61,22.6,23.04,-1.91,-0.44,-1,1677,37905.2
MOIN,2026-03-25,23.18,23.18,22.55,23.04,0.83,0.19,-1,24633,562587.81
MOIN,2026-03-24,22.9,22.9,22.55,22.85,-1.31,-0.3,-1,2552,57669.89
MOIN,2026-03-18,22.4,22.4,22.4,22.85,-1.97,-0.45,-1,92,2060.8
MOIN,2026-03-17,22.6,22.6,22.5,22.85,-1.53,-0.35,-1,9218,207950.59
MOIN,2026-03-16,22.8,22.8,22.52,22.85,-1.09,-0.25,-1,7802,176333.2
MOIN,2026-03-15,23,23,22.52,22.85,0.66,0.15,-1,10079,231534.14
MOIN,2026-03-12,23.2,23.2,22.5,22.85,-1.09,-0.25,-1,7920,180928.69
MOIN,2026-03-11,23,23,22.35,22.85,0,0,-1,3231,73856.68
MOIN,2026-03-10,23.2,23.2,22.6,22.85,-0.18,-0.04,-1,4635,106184.54
MOIN,2026-03-09,22.98,22.98,22.09,22.85,-2.36,-0.54,-1,161,3632.06
MOIN,2026-03-08,23.3,23.3,22.45,22.85,-1.62,-0.37,-1,6692,150469.86
MOIN,2026-03-05,23.39,23.39,21.51,22.85,2.59,0.59,-1,34336,780549.44
MOIN,2026-03-04,21.99,21.99,21.15,22.8,-5.7,-1.3,-1,4025,87622.79
MOIN,2026-03-03,22.3,22.3,21.06,22.8,-4.04,-0.92,-1,7003,151419.44
MOIN,2026-03-02,22.38,22.38,21.5,22.8,-5.39,-1.23,-1,7074,153334.66
MOIN,2026-03-01,21.6,21.6,20.1,22.8,-6.89,-1.57,-1,7514,158362.53
MOIN,2026-02-26,22.39,22.39,21.6,22.8,-3.03,-0.69,-1,8148,176377.16
MOIN,2026-02-25,22.8,22.8,21.6,22.8,0,0,-1,11198,246389.09
MOIN,2026-02-24,22.8,22.8,22.11,22.8,0,0,-1,6042,135744.44
MOIN,2026-02-23,22.8,22.8,22.11,22.8,0,0,-1,152,3426.42
MOIN,2026-02-22,22.88,22.88,22.11,22.8,0,0,-1,1867,41544.28
MOIN,2026-02-19,23.23,23.23,22.22,22.8,0.39,0.09,-1,11770,266059.31
MOIN,2026-02-18,23.25,23.25,22.4,22.8,1.57,0.35,-1,15396,350353.38
MOIN,2026-02-17,22.99,22.99,21.56,22.25,-3.01,-0.69,-1,25800,576908.13
MOIN,2026-02-16,23,23,22.5,22.94,-0.09,-0.02,-1,16504,378054.06
MOIN,2026-02-15,23.25,23.25,22.54,22.97,1.46,0.33,-1,16525,379228.06
MOIN,2026-02-12,23.29,23.29,22.22,22.67,-0.87,-0.2,-1,20232,456603.86
MOIN,2026-02-11,23.45,23.45,22.72,22.87,0,0,-1,12138,278497.81
MOIN,2026-02-10,23.98,23.98,22.5,22.87,0.26,0.06,-1,54655,1262502.75
MOIN,2026-02-09,23.9,23.9,22.23,23.2,4.56,1.03,-1,104049,2429941
MOIN,2026-02-08,23,23,22.2,22.57,1.38,0.31,-1,22873,518493.09
MOIN,2026-02-05,23,23,22.12,22.43,-0.67,-0.15,-1,4538,102124.31
MOIN,2026-02-04,22.64,22.64,21.99,22.43,-1.55,-0.35,-1,31484,705064.25
MOIN,2026-02-03,22.4,22.4,21.67,22.55,-3.24,-0.73,-1,6741,147998.45
MOIN,2026-02-02,22.6,22.6,21.55,22.55,-2.44,-0.55,-1,7362,163727.36
MOIN,2026-02-01,22.19,22.19,21.31,22.55,-4.43,-1,-1,1676,36589.41
MOIN,2026-01-28,22.35,22.35,21.15,22.55,-5.5,-1.24,-1,8674,186589.13
MOIN,2026-01-27,22.28,22.28,21.55,22.55,-4.43,-1,-1,2072,45346.17
MOIN,2026-01-26,22.58,22.58,21.45,22.55,-2.53,-0.57,-1,7399,161005.95
MOIN,2026-01-25,22.84,22.84,22,22.55,-0.44,-0.1,-1,5392,119802.52
MOIN,2026-01-22,23.2,23.2,22.16,22.55,0.71,0.16,-1,33893,772459.31
MOIN,2026-01-21,22.79,22.79,22.01,22.39,0.4,0.09,-1,3801,85312.74
MOIN,2026-01-20,23.21,23.21,22.06,22.39,-0.36,-0.08,-1,43676,984129.88
MOIN,2026-01-19,22.88,22.88,21.6,22.47,5.24,1.13,-1,36407,815028.75
MOIN,2026-01-18,21.99,21.99,21.37,21.57,1.85,0.4,-1,13704,295255.59
MOIN,2026-01-15,22.78,22.78,20.72,21.57,2.71,0.57,-1,58492,1280211.88
MOIN,2026-01-14,22,22,20.7,21,-2.55,-0.55,-1,61592,1295600.5
MOIN,2026-01-13,22.55,22.55,21.5,21.55,-4.6,-1.04,-1,31394,686678.75
MOIN,2026-01-12,23.89,23.89,22,22.59,-2.33,-0.54,-1,77986,1766281
MOIN,2026-01-11,24.14,24.14,22.86,23.13,-1.73,-0.41,-1,148944,3457272.75
MOIN,2026-01-08,23.65,23.65,23.08,23.54,1.72,0.29,-1,31764,744681.13
MOIN,2026-01-06,23.46,23.46,22.42,23.25,-0.03,0.17,-1,20836,484282.34
MOIN,2026-01-05,23.3,23.3,22.33,23.08,0,0,-1,8294,189447.22
MOIN,2026-01-04,23.62,23.62,22.69,23.08,-0.46,-0.33,-1,38827,905661.94
MOIN,2025-12-31,23.62,23.62,23.07,23.41,1.74,0.4,-1,44018,1030295.81
MOIN,2025-12-30,23.38,23.38,22.58,23.01,0.89,0.43,-1,77522,1788678.88
MOIN,2025-12-29,23.83,23.83,22.35,22.58,-4.24,-1,-1,59484,1363548.13
MOIN,2025-12-28,24.13,24.13,23.45,23.58,-1.23,-0.17,-1,21078,499179.91
MOIN,2025-12-25,24.62,24.62,23.64,23.75,0.52,0.12,-1,105790,2549649
MOIN,2025-12-24,24.21,24.21,23.31,23.63,-0.19,-0.17,-1,17917,424468.09
MOIN,2025-12-23,24.52,24.52,23.62,23.8,0.55,0.11,-1,90836,2181422.25
MOIN,2025-12-22,24.31,24.31,23.58,23.69,-1.95,-0.39,-1,1421917,34234560
MOIN,2025-12-21,24.31,24.31,23.08,24.08,1.72,0.4,-1,39993,953323
MOIN,2025-12-18,23.85,23.85,23.47,23.68,-1.01,-0.03,-1,60965,1446176.63
MOIN,2025-12-17,24.14,24.14,23.5,23.71,0.42,0.1,-1,93772,2231877.75
MOIN,2025-12-16,24.86,24.86,23.38,23.61,-1.25,-0.3,-1,337145,8096470.5
MOIN,2025-12-15,24.23,24.23,23.43,23.91,1.44,0.34,-1,45898,1098561.75
MOIN,2025-12-14,24.04,24.04,22.73,23.57,1.43,0.44,-1,79778,1890370.25
MOIN,2025-12-11,23.69,23.69,22.82,23.13,0,0,-1,35979,836856.25
MOIN,2025-12-10,23.46,23.46,21.75,23.13,4.88,1.08,-1,233701,5336952.5
MOIN,2025-12-09,22.22,22.22,21.54,22.05,0.59,0,-1,3533,77469.06
MOIN,2025-12-08,22.31,22.31,21.66,22.05,2.56,0.4,-1,40130,888845.88
MOIN,2025-12-07,22.44,22.44,21.54,21.65,0.89,0,-1,9525,209027.59
MOIN,2025-12-04,22.45,22.45,20.78,21.65,-2.95,-0.55,-1,45952,995767.88
MOIN,2025-12-03,22.45,22.45,21.54,22.2,3.28,0.6,-1,74555,1659202.38
MOIN,2025-12-02,22.45,22.45,21.55,21.6,-2.34,-0.47,-1,32084,697848.81
MOIN,2025-12-01,22.5,22.5,21.62,22.07,2.81,0.19,-1,53299,1181569
MOIN,2025-11-30,22.31,22.31,21.77,21.88,0.18,0.13,-1,29546,649861.75
MOIN,2025-11-27,22.45,22.45,21.58,21.75,-0.91,-0.2,-1,46266,1019447.75
MOIN,2025-11-26,22.53,22.53,21.86,21.95,-1.01,-0.22,-1,22173,488392.13
MOIN,2025-11-25,22.92,22.92,21.85,22.17,-2.37,-0.21,-1,42455,948402.25
MOIN,2025-11-24,23.41,23.41,22.31,22.38,-3.14,-0.65,-1,45087,1015091.25
MOIN,2025-11-23,23.45,23.45,22.38,23.03,2.64,0.59,-1,80850,1870852.5
MOIN,2025-11-20,23.46,23.46,22.31,22.44,-2.77,-0.64,-1,73064,1662391
MOIN,2025-11-19,23.65,23.65,22.86,23.08,-0.56,-0.13,-1,39560,919091.69
MOIN,2025-11-18,24.04,24.04,23.19,23.21,-2.87,-0.67,-1,29361,682826.81
MOIN,2025-11-17,23.98,23.98,23.16,23.88,3.12,0.73,-1,95596,2275180
MOIN,2025-11-16,24.5,24.5,23.08,23.15,-2.49,-0.6,-1,91937,2186585.5
MOIN,2025-11-13,23.85,23.85,22.95,23.75,2.35,0.55,-1,44754,1048887.5
MOIN,2025-11-12,23.59,23.59,22.79,23.2,0.1,0.02,-1,65052,1512161.5
MOIN,2025-11-11,24.15,24.15,23.11,23.18,-3.09,-0.74,-1,150675,3579175.5
MOIN,2025-11-10,24.61,24.61,23.85,23.92,-1.3,-0.31,-1,123154,2989019
MOIN,2025-11-09,24.61,24.61,23.69,24.23,2.34,0.55,-1,263566,6363497
MOIN,2025-11-06,24.08,24.08,22.97,23.68,1.79,0.42,-1,189865,4497082.5
MOIN,2025-11-05,24.04,24.04,22.88,23.26,-0.62,-0.15,-1,58587,1370155.63
MOIN,2025-11-04,24.45,24.45,23.08,23.41,-0.42,-0.53,-1,81713,1948297.38
MOIN,2025-11-03,24.62,24.62,23.62,23.94,-0.67,-0.16,-1,96251,2318888.5
MOIN,2025-11-02,25,25,23.94,24.1,0.22,0.08,-1,113989,2795259
MOIN,2025-10-30,25.07,25.07,23.81,24.02,0.9,0.21,-1,268824,6541980.5
MOIN,2025-10-29,24.96,24.96,22.5,23.81,3.13,0.73,-1,425235,10106964
MOIN,2025-10-28,25.98,25.98,22.31,23.08,2.46,0.55,-1,1231768,29437870
MOIN,2025-10-27,23,23,21.94,22.53,2.13,0.47,-1,193144,4373040.5
MOIN,2025-10-26,22.88,22.88,21.82,22.06,-1.62,-0.22,-1,112701,2521034.75
MOIN,2025-10-23,22.31,22.31,21.37,22.28,1.86,0.4,-1,154343,3381644
MOIN,2025-10-22,23.08,23.08,21.7,21.88,-1.8,-0.4,-1,268854,6044314.5
MOIN,2025-10-21,22.31,22.31,21.15,22.28,4.51,0.96,-1,243871,5313972
MOIN,2025-10-20,21.62,21.62,20.58,21.32,2.18,0.46,-1,239166,5072039.5
MOIN,2025-10-19,21.26,21.26,20.16,20.86,3.04,0.61,-1,299801,6261679
MOIN,2025-10-16,20.58,20.58,20.15,20.25,-1.24,-0.2,-1,23375,473962.16
MOIN,2025-10-15,20.77,20.77,20.08,20.45,2.94,0.27,-1,24968,509304.53
MOIN,2025-10-14,20.96,20.96,19.88,20.18,0.39,0.2,-1,86195,1760068.38
MOIN,2025-10-13,20.37,20.37,19.82,19.98,-1.67,-0.28,-1,28475,569001.63
MOIN,2025-10-12,20.46,20.46,20.08,20.26,-1.65,-0.22,-1,80974,1637191
MOIN,2025-10-08,21,21,20.39,20.48,-1.48,-0.3,-1,69070,1420594.25
MOIN,2025-10-07,21.04,21.04,20.38,20.78,2.5,0.5,-1,323853,6711123
MOIN,2025-10-06,20.62,20.62,20,20.28,-0.86,-0.17,-1,54809,1105385.13
MOIN,2025-10-05,20.69,20.69,19.23,20.45,6.02,1.15,-1,211089,4257883
MOIN,2025-10-02,19.57,19.57,19.23,19.3,0.16,0.02,-1,44446,857400.31
MOIN,2025-10-01,19.98,19.98,18.98,19.28,2.13,0.12,-1,55652,1084266.5
MOIN,2025-09-30,19.75,19.75,19.09,19.16,-1.97,-0.39,-1,28590,549841.63
MOIN,2025-09-29,19.99,19.99,19.35,19.55,-0.58,-0.31,-1,51516,1012276.88
MOIN,2025-09-28,20.53,20.53,19.32,19.86,3.99,0.76,-1,347555,6940200.5
MOIN,2025-09-25,19.48,19.48,19,19.1,-0.44,-0.08,-1,40322,774222.25
MOIN,2025-09-24,19.62,19.62,18.85,19.18,-0.08,0.01,-1,84154,1622696.63
MOIN,2025-09-23,19.62,19.62,18.92,19.17,0.2,0.02,-1,158664,3044742.5
MOIN,2025-09-22,20.38,20.38,18.63,19.15,2.85,0.53,-1,282360,5509718.5
MOIN,2025-09-21,19.19,19.19,18.38,18.62,-0.41,-0.08,-1,123669,2303331.25
MOIN,2025-09-18,20.15,20.15,18.48,18.7,-5.74,-1.14,-1,120944,2323554.25
MOIN,2025-09-17,20.31,20.31,17.35,19.84,12.03,2.13,-1,444579,8499010
MOIN,2025-09-16,18.61,18.61,17.46,17.71,-3.52,-0.63,-1,120062,2140475.25
MOIN,2025-09-15,19.04,19.04,18.15,18.34,-1.57,-0.34,-1,41057,758944.31
MOIN,2025-09-14,19.44,19.44,18.55,18.68,-2.74,-0.39,-1,56176,1056733.38
MOIN,2025-09-11,19.75,19.75,18.66,19.07,-0.84,-0.16,-1,163047,3133105
MOIN,2025-09-10,19.77,19.77,17.69,19.23,7.76,1.38,-1,206106,3918543.75
MOIN,2025-09-09,18.34,18.34,17.69,17.85,-1.15,-0.2,-1,44428,797458.31
MOIN,2025-09-08,18.46,18.46,18.01,18.05,-0.63,-0.36,-1,46630,847682.13
MOIN,2025-09-07,18.62,18.62,18.23,18.41,-1.37,-0.07,-1,40860,752555.44
MOIN,2025-09-03,19.02,19.02,18.39,18.48,0.38,0.04,-1,86975,1631276.63
MOIN,2025-09-02,19.23,19.23,18.25,18.44,0.55,0.1,-1,55338,1025423.44
MOIN,2025-09-01,18.75,18.75,18.2,18.34,0.42,-0.05,-1,68063,1253916
MOIN,2025-08-31,19.62,19.62,18.18,18.39,-4.54,-0.75,-1,216354,4027672.25
MOIN,2025-08-28,19.84,19.84,18.85,19.14,-1.82,-0.35,-1,157482,3010111.25
MOIN,2025-08-27,20.36,20.36,18.79,19.49,5.36,0.99,-1,413293,8162586.5
MOIN,2025-08-26,19.38,19.38,18.46,18.5,-2.95,-0.56,-1,114004,2150189
MOIN,2025-08-25,20.27,20.27,18.93,19.06,-3.58,-0.71,-1,213015,4166495
MOIN,2025-08-24,20.92,20.92,19.62,19.77,-1.12,-0.22,-1,407805,8262141.5
MOIN,2025-08-21,22.65,22.65,18.88,19.99,5.91,1.11,-1,1545395,32127282
MOIN,2025-08-20,21.6,21.6,18.57,18.88,4.87,0.88,-1,731786,14592078
MOIN,2025-08-19,18,18,14.88,18,20,3,-1,854675,14359876
MOIN,2025-08-18,15.14,15.14,14.88,15,-0.77,0,-1,12431,185785.19
MOIN,2025-08-17,15.15,15.15,14.86,15,0,0,-1,5415,80853.47
MOIN,2025-08-14,15.01,15.01,14.65,15,-0.66,-0.1,-1,25884,388246.91
MOIN,2025-08-13,15.15,15.15,14.8,15.1,-0.66,0,-1,11929,177647.17
MOIN,2025-08-12,15.19,15.19,14.77,15.1,-0.05,-0.09,-1,24567,370385.59
MOIN,2025-08-11,15.07,15.07,14.77,15.19,-2.78,0,-1,125,1856.07
MOIN,2025-08-10,15.07,15.07,15,15.19,-1.27,0,-1,2470,37091.82
MOIN,2025-08-07,15.09,15.09,14.69,15.19,-0.66,0,-1,68,994.24
MOIN,2025-08-06,15.1,15.1,14.62,15.19,-2.99,0,-1,11203,165178.44
MOIN,2025-08-05,15.11,15.11,14.84,15.19,-2.23,0,-1,3185,47310.97
MOIN,2025-08-04,14.89,14.89,14.89,15.19,-1.97,0,-1,1,19.36
MOIN,2025-08-03,15,15,14.69,15.19,-1.27,0,-1,3631,54302.66
MOIN,2025-07-31,15.11,15.11,14.7,15.19,-2.28,0,-1,9144,136171.41
MOIN,2025-07-30,15.08,15.08,14.77,15.19,-2.78,0,-1,10852,160817.44
MOIN,2025-07-29,14.77,14.77,14.7,15.19,-2.78,0,-1,4659,68588.54
MOIN,2025-07-28,15.18,15.18,15.12,15.19,-0.3,0,-1,888,13445.63
MOIN,2025-07-27,15.19,15.19,14.88,15.19,0,0,-1,15597,235319.22
MOIN,2025-07-23,15.12,15.12,14.72,15.19,-0.76,0,-1,2223,33317.18
MOIN,2025-07-22,15.15,15.15,15.14,15.19,-0.3,0,-1,793,12007.6
MOIN,2025-07-21,15.15,15.15,15.02,15.19,-1.06,0,-1,10578,159922.28
MOIN,2025-07-20,15.27,15.27,15.05,15.19,0.51,0,-1,9393,142638.69
MOIN,2025-07-17,15.33,15.33,14.78,15.19,-0.41,0,-1,15535,236975.53
MOIN,2025-07-16,15.35,15.35,15.08,15.19,-0.71,0,-1,7764,117936.2
MOIN,2025-07-15,15.37,15.37,15.07,15.19,-0.76,0,-1,4433,67037.67
MOIN,2025-07-14,15.23,15.23,15.05,15.19,-0.61,0,-1,7238,109339.6
MOIN,2025-07-13,15.45,15.45,15.05,15.19,0.98,0.28,-1,46901,716835.81
MOIN,2025-07-10,15.15,15.15,14.92,14.91,0.36,0,-1,3237,48444.78
MOIN,2025-07-09,15.38,15.38,14.78,14.91,-0.41,0,-1,14698,223288.91
MOIN,2025-07-07,15.08,15.08,14.69,14.91,-0.93,0,-1,17770,266234.25
MOIN,2025-07-06,15.08,15.08,14.69,14.91,-1.39,0,-1,5494,81853.86
MOIN,2025-07-02,14.98,14.98,14.69,14.91,-1.74,-0.08,-1,24453,363839.22
MOIN,2025-07-01,15.31,15.31,14.65,14.99,-0.51,0,-1,19621,290982.94
MOIN,2025-06-30,15.33,15.33,14.85,14.99,0.72,0.1,-1,25197,377372.59
MOIN,2025-06-29,15.58,15.58,14.77,14.89,-1.53,-0.15,-1,33597,502330.03
MOIN,2025-06-25,15.38,15.38,15,15.04,-0.71,-0.11,-1,23130,348193.5
MOIN,2025-06-24,15.81,15.81,14.79,15.15,4.8,0.73,-1,164740,2528690.25
MOIN,2025-06-23,14.95,14.95,14.42,14.42,0,0,-1,19747,291595.38
MOIN,2025-06-22,14.75,14.75,13.89,14.42,2.54,0.18,-1,31304,451733.88
MOIN,2025-06-19,15.09,15.09,14.23,14.24,-2.35,-0.49,-1,62257,895097.13
MOIN,2025-06-18,14.73,14.73,14.25,14.73,-0.16,0,-1,14528,210002.84
MOIN,2025-06-17,14.96,14.96,14.36,14.73,-4.08,-0.36,-1,46274,677401.25
MOIN,2025-06-16,15.38,15.38,14.66,15.09,1.19,0.27,-1,26848,404816.53
MOIN,2025-06-15,15.31,15.31,13.85,14.82,-0.7,-0.51,-1,96907,1387702.75
MOIN,2025-06-12,15.99,15.99,15.17,15.33,-2.06,-0.32,-1,206554,3223228.75
MOIN,2025-06-11,15.99,15.99,14.08,15.65,12.31,1.71,-1,592487,9151610
MOIN,2025-06-10,14.31,14.31,13.92,13.94,-1.95,-0.26,-1,24601,342904.25
MOIN,2025-06-04,14.31,14.31,13.86,14.2,1.31,0.08,-1,41707,589975.19
MOIN,2025-06-03,14.22,14.22,13.84,14.12,2.56,0.27,-1,48290,674786.75
MOIN,2025-06-02,13.85,13.85,13.82,13.85,0,0,-1,9006,124637.23
MOIN,2025-06-01,13.85,13.85,13.46,13.85,0.28,0.06,-1,41319,570463.56
MOIN,2025-05-29,13.85,13.85,13.46,13.79,0,0,-1,22126,299573.16
MOIN,2025-05-28,14.09,14.09,13.69,13.79,3.39,0.4,-1,44084,610963.5
MOIN,2025-05-27,13.69,13.69,13.47,13.39,2.13,0,-1,2874,39064.46
MOIN,2025-05-26,14.03,14.03,13.38,13.39,-3.81,-0.53,-1,46363,622777.75
MOIN,2025-05-25,13.5,13.5,13.48,13.92,-3.1,0,-1,3777,50954.65
MOIN,2025-05-22,14.12,14.12,13.46,13.92,-1.01,0.15,-1,21843,304017.81
MOIN,2025-05-21,13.85,13.85,13.41,13.77,-1.12,0,-1,10790,145806.44
MOIN,2025-05-20,14.15,14.15,13.15,13.77,2.51,0.26,-1,30297,414721.78
MOIN,2025-05-19,13.43,13.43,13.09,13.51,-2.33,0,-1,12684,166477.77
MOIN,2025-05-18,13.5,13.5,13.09,13.51,-2.85,0,-1,8455,112320.4
MOIN,2025-05-15,13.51,13.51,13.23,13.51,0,0,-1,5949,79629.75
MOIN,2025-05-14,13.51,13.51,13.08,13.51,0,0,-1,16419,216810.44
MOIN,2025-05-13,13.47,13.47,13.15,13.51,-0.34,0,-1,1693,22554.36
MOIN,2025-05-12,13.85,13.85,13.35,13.51,-2.06,-0.28,-1,42085,570901.38
MOIN,2025-05-11,14.22,14.22,13.54,13.79,0,0,-1,23145,325171.09
MOIN,2025-05-08,14.3,14.3,13.65,13.79,-0.95,0,-1,12100,170045.98
MOIN,2025-05-07,14.42,14.42,13.65,13.79,-1.33,-0.05,-1,41708,582079.81
MOIN,2025-05-06,14.45,14.45,13.85,13.84,2.95,0,-1,12444,175686.97
MOIN,2025-05-05,14.85,14.85,13.33,13.84,-3.8,-0.54,-1,32806,458426.66
MOIN,2025-05-04,14.48,14.48,14,14.38,2.3,0.32,-1,69229,988712.13
MOIN,2025-04-30,14.38,14.38,13.63,14.06,-0.87,-0.12,-1,58712,825307
MOIN,2025-04-29,14.48,14.48,14.11,14.18,0.69,0.06,-1,57707,822502.5
MOIN,2025-04-28,14.53,14.53,13.73,14.12,4.54,0.71,-1,57616,818582
MOIN,2025-04-27,13.98,13.98,13,13.41,-0.16,-0.34,-1,31266,418757.06
MOIN,2025-04-23,14.26,14.26,13.49,13.75,0.74,0,-1,13299,182337.84
MOIN,2025-04-22,13.94,13.94,13.46,13.75,2.99,0.26,-1,22507,309493.63
MOIN,2025-04-17,13.91,13.91,13.52,13.49,0.24,0,-1,15344,208561.48
MOIN,2025-04-16,14.01,14.01,13.46,13.49,-3.08,-0.51,-1,93037,1267463.13
MOIN,2025-04-15,14.27,14.27,13.76,14,-0.46,-0.06,-1,35473,497107.56
MOIN,2025-04-14,14.46,14.46,13.65,14.06,0.65,0,-1,308,4411.32
MOIN,2025-04-13,14.53,14.53,13.63,14.06,0.58,0.08,-1,46943,660817.06
MOIN,2025-04-10,14.27,14.27,13.78,13.98,-0.35,-0.05,-1,70937,992152.75
MOIN,2025-04-09,14.03,14.03,13.88,14.03,0,0,-1,9,129.14
MOIN,2025-04-08,14.03,14.03,13.04,14.03,0,0,-1,7895,106191.31
MOIN,2025-04-07,14.03,14.03,12.74,14.03,0,0,-1,238,3148.89
MOIN,2025-04-06,14.03,14.03,12.74,14.03,0,0,-1,9356,122528.87
MOIN,2025-04-03,14.27,14.27,13.06,14.03,8.29,1.11,-1,29948,414944.03
MOIN,2025-03-27,12.98,12.98,12.92,12.92,0,0,-1,74165,958946.25
MOIN,2025-03-26,13.58,13.58,12.92,12.92,-3.88,-0.53,-1,49170,635971.13
MOIN,2025-03-25,13.6,13.6,12.97,13.45,0,0,-1,1695,22812.13
MOIN,2025-03-24,13.46,13.46,13.24,13.45,2.46,0.33,-1,41826,562686.19
MOIN,2025-03-23,13.7,13.7,13.59,13.12,4.48,0,-1,1256,17078.04
MOIN,2025-03-20,13.62,13.62,13.46,13.12,3.7,0,-1,5868,79047.95
MOIN,2025-03-19,13.68,13.68,13.05,13.12,3.49,0,-1,4147,54134.27
MOIN,2025-03-18,13.73,13.73,12.59,13.12,0.08,-0.46,-1,26057,342282.81
MOIN,2025-03-17,13.95,13.95,13.25,13.58,-0.87,0,-1,1955,26933.53
MOIN,2025-03-16,13.94,13.94,13.46,13.58,7.81,1.1,-1,26064,354056.22
MOIN,2025-03-13,13.45,13.45,13.14,12.48,5.22,0,-1,4819,63632.95
MOIN,2025-03-12,13.67,13.67,12.98,12.48,7.68,0,-1,2556,33628.18
MOIN,2025-03-11,13.57,13.57,12.7,12.48,8.67,0,-1,18174,239965.97
MOIN,2025-03-10,12.92,12.92,12.56,12.48,3.49,0,-1,10049,127808.98
MOIN,2025-03-09,13.12,13.12,12.54,12.48,0.6,0,-1,1932,24295.56
MOIN,2025-03-06,13.18,13.18,13.12,12.48,5.05,0,-1,2795,36831.8
MOIN,2025-03-05,13.08,13.08,12.61,12.48,3.49,0,-1,11171,144372.81
MOIN,2025-03-04,13.19,13.19,12.92,12.48,3.92,0,-1,1789,23183.5
MOIN,2025-03-03,13.13,13.13,12.92,12.48,5.13,0,-1,5555,72008.58
MOIN,2025-03-02,13.18,13.18,12.42,12.48,-1.14,-0.32,-1,49452,616767.25
MOIN,2025-02-27,13.17,13.17,12.58,12.8,4.25,0.26,-1,33141,425457.25
MOIN,2025-02-26,13.14,13.14,12.97,12.54,4.81,0,-1,10635,138265.69
MOIN,2025-02-25,13.18,13.18,12.54,12.54,0,0,-1,9898,125623.45
MOIN,2025-02-24,12.92,12.92,12.74,12.54,1.63,0,-1,8918,115177.82
MOIN,2025-02-23,12.92,12.92,12.42,12.54,0,0,-1,11127,142231.89
MOIN,2025-02-20,13.18,13.18,12.38,12.54,0,0,-1,11943,152019.46
MOIN,2025-02-19,12.43,12.43,12.31,12.54,-1.8,0,-1,1191,14751.66
MOIN,2025-02-18,13.19,13.19,12.28,12.54,4.12,0,-1,10230,131046.96
MOIN,2025-02-17,12.38,12.38,11.88,12.54,-1.76,0,-1,17737,215189.41
MOIN,2025-02-16,12.65,12.65,12.09,12.54,-3.52,0,-1,5079,62046.66
MOIN,2025-02-13,12.15,12.15,12.06,12.54,-3.69,0,-1,8358,101024.05
MOIN,2025-02-12,12.46,12.46,12.04,12.54,-1.25,0,-1,6557,80393.71
MOIN,2025-02-11,12.92,12.92,12.46,12.54,-6.58,-0.8,-1,30125,377330.78
MOIN,2025-02-10,13.01,13.01,12.5,13.34,-6.3,0,-1,21425,274254.78
MOIN,2025-02-09,13.46,13.46,12.76,13.34,-3.11,0,-1,18407,239097.63
MOIN,2025-02-06,13.46,13.46,13.15,13.34,0.93,0,-1,545,7177.5
MOIN,2025-02-05,13.73,13.73,13.19,13.34,-1.09,0,-1,16787,224609.02
MOIN,2025-02-04,13.4,13.4,13.09,13.34,-1.86,0,-1,191,2561.29
MOIN,2025-02-03,13.22,13.22,12.98,13.34,-2.66,0,-1,4307,55995.2
MOIN,2025-02-02,13.29,13.29,12.94,13.34,-2.46,0,-1,16367,212643.7
MOIN,2025-01-30,12.95,12.95,12.95,13.34,-2.95,0,-1,3801,49239.88
MOIN,2025-01-29,13.38,13.38,12.77,13.34,-2.99,0,-1,16060,208225.05
MOIN,2025-01-28,13.26,13.26,12.68,13.34,0,0,-1,10505,135973.76
MOIN,2025-01-27,13.2,13.2,12.77,13.34,-3.11,0,-1,1703,22032.88
MOIN,2025-01-26,13.57,13.57,12.92,13.34,-2.04,-0.13,-1,39715,531125.19
MOIN,2025-01-23,13.94,13.94,13.08,13.47,-2.92,0,-1,2795,37356.19
MOIN,2025-01-22,13.57,13.57,13.46,13.47,-0.64,-0.08,-1,95256,1282549.5
MOIN,2025-01-21,14,14,13.46,13.55,-3.42,-0.48,-1,57461,779892
MOIN,2025-01-20,14.42,14.42,12.88,14.03,9.38,1.35,-1,177581,2447782.75
MOIN,2025-01-19,12.92,12.92,12.41,12.68,0.9,0.11,-1,29758,376807.41
MOIN,2025-01-16,12.92,12.92,12.38,12.57,2.23,0,-1,9976,126844.17
MOIN,2025-01-15,12.92,12.92,12.38,12.57,-1.39,-0.18,-1,39909,502815.13
MOIN,2025-01-14,13.41,13.41,12.49,12.75,1.31,0,-1,21780,277416.81
MOIN,2025-01-13,13.56,13.56,12.49,12.75,-7.08,-0.87,-1,78415,1026853.13
MOIN,2025-01-12,13.86,13.86,13.01,13.62,-1.81,-0.09,-1,74290,1000386.13
MOIN,2025-01-09,14.37,14.37,13.59,13.71,-2.15,-0.3,-1,94402,1313664
MOIN,2025-01-08,14.96,14.96,13.47,14.01,1.09,0.15,-1,390823,5572844
MOIN,2025-01-06,15.62,15.62,13.79,13.86,-11.12,-1.73,-1,840553,12013254
MOIN,2025-01-05,15.59,15.59,13.19,15.59,19.97,2.59,-1,705901,10658484
MOIN,2025-01-02,13.65,13.65,12.71,13,4.14,0,-1,16566,220083.8
MOIN,2024-12-31,13.25,13.25,12.72,13,1.91,0,-1,5581,72083.08
MOIN,2024-12-30,13.41,13.41,12.67,13,-0.67,0.15,-1,40512,527309.25
MOIN,2024-12-29,13.06,13.06,12.65,12.85,-0.34,0.13,-1,59510,761372.88
MOIN,2024-12-26,13.19,13.19,12.68,12.72,-2.03,-0.26,-1,36512,468140.81
MOIN,2024-12-25,13.19,13.19,12.92,12.98,-0.41,0,-1,15192,198822.05
MOIN,2024-12-24,13.35,13.35,12.92,12.98,-0.93,-0.33,-1,131283,1704618.38
MOIN,2024-12-23,13.71,13.71,13.2,13.31,-2.34,-0.25,-1,107956,1449871.75
MOIN,2024-12-22,14,14,13.46,13.56,-2.1,-0.29,-1,131123,1786107.38
MOIN,2024-12-19,14.48,14.48,13.62,13.85,-5.36,-0.62,-1,242718,3384196.25
MOIN,2024-12-18,14.97,14.97,13.35,14.47,8.52,1.14,-1,418592,5971121
MOIN,2024-12-17,13.83,13.83,13.31,13.33,-1.63,-0.2,-1,36912,493956.91
MOIN,2024-12-16,14.22,14.22,13.47,13.53,-2.56,-0.35,-1,108220,1482426.38
MOIN,2024-12-15,14.47,14.47,13.48,13.88,0.66,0.09,-1,245309,3447211.75
MOIN,2024-12-12,14.11,14.11,13.52,13.79,-0.85,-0.16,-1,126326,1742338.13
MOIN,2024-12-11,14.16,14.16,13.68,13.95,-1.4,0.07,-1,219400,3049466.75
MOIN,2024-12-10,14.8,14.8,13.18,13.88,8.61,1.19,-1,980716,13826543
MOIN,2024-12-09,13.28,13.28,11.31,12.69,12.66,1.08,-1,107145,1326954.75
MOIN,2024-12-08,11.85,11.85,10.91,11.61,2.04,0,-1,984,10996
MOIN,2024-12-05,11.31,11.31,11.31,11.61,-2.6,0,-1,243,2751
MOIN,2024-12-04,12.1,12.1,11.32,11.61,-2.55,0,-1,90,1036.18
MOIN,2024-12-03,12.12,12.12,11.85,11.61,4.27,0,-1,1759,21299.76
MOIN,2024-12-02,11.47,11.47,11.31,11.61,-2.6,0,-1,927,10526
MOIN,2024-12-01,12.38,12.38,10.77,11.61,4.36,0,-1,10600,126480.83
MOIN,2024-11-27,11.51,11.51,11.48,11.61,-0.88,0,-1,125,1429.19
MOIN,2024-11-25,11.85,11.85,11.42,11.61,-0.28,0,-1,9316,110131.47
MOIN,2024-11-24,11.77,11.77,11.35,11.61,-2.23,0,-1,5980,69670.73
MOIN,2024-11-21,11.78,11.78,11.15,11.61,-1.21,0,-1,25397,289602.56
MOIN,2024-11-20,11.85,11.85,11.5,11.61,2.04,0,-1,1555,18360.36
MOIN,2024-11-19,11.85,11.85,11.63,11.61,0.19,0,-1,10483,122709.56
MOIN,2024-11-18,11.5,11.5,11.47,11.61,-1.21,0,-1,3124,35859.1
MOIN,2024-11-17,12.31,12.31,11.46,11.61,-0.28,0,-1,4575,53032.93
MOIN,2024-11-14,11.84,11.84,11.32,11.61,-1.21,0,-1,165,1887.69
MOIN,2024-11-13,11.95,11.95,11.65,11.61,1.99,0,-1,7917,93833.99
MOIN,2024-11-12,11.58,11.58,11.37,11.61,-0.23,0,-1,7786,89747.67
MOIN,2024-11-11,11.61,11.61,11.3,11.61,-2.27,0,-1,25410,288428.75
MOIN,2024-11-10,11.77,11.77,11.45,11.61,-1.3,0,-1,23769,274641.72
MOIN,2024-11-07,11.85,11.85,11.36,11.61,-0.93,0,-1,5061,59914.34
MOIN,2024-11-06,12.1,12.1,11.58,11.61,-1.84,-0.39,-1,26365,306142.16
MOIN,2024-11-05,12.37,12.37,11.65,12,-2.06,0,-1,5338,64204.54
MOIN,2024-11-04,12.63,12.63,11.85,12,0.31,-0.18,-1,60319,723299.31
MOIN,2024-11-03,12.92,12.92,11.64,12.18,5.01,0.58,-1,97786,1206384.25
MOIN,2024-10-31,12.12,12.12,11.45,11.6,1.7,0.21,-1,120961,1426673.38
MOIN,2024-10-30,11.68,11.68,10.88,11.39,12.63,1.11,-1,27318,311147.38
MOIN,2024-10-29,11.84,11.84,10.56,10.28,14.68,0,-1,17867,208583.67
MOIN,2024-10-28,11.28,11.28,10.28,10.28,9.85,0,-1,6534,73484.47
MOIN,2024-10-27,11.58,11.58,10.77,10.28,10.85,0,-1,16328,178559.31
MOIN,2024-10-23,11.52,11.52,10.23,10.28,4.82,0,-1,24666,272009.22
MOIN,2024-10-22,11.19,11.19,10.51,10.28,7.97,0,-1,1981,21351.49
MOIN,2024-10-21,11.31,11.31,10.6,10.28,4.82,0,-1,11822,132307.23
MOIN,2024-10-20,11.58,11.58,10.28,10.28,0,0,-1,12182,135108.34
MOIN,2024-10-17,10.77,10.77,10.28,10.28,4.82,0,-1,6852,72056.7
MOIN,2024-10-16,11.85,11.85,10.64,10.28,15.3,0,-1,18572,211982.06
MOIN,2024-10-15,10.28,10.28,10.28,10.28,0.1,0,-1,9,95.5
MOIN,2024-10-14,10.28,10.28,10.28,10.28,0.05,0,-1,103,1049.95
MOIN,2024-10-10,10.24,10.24,10.23,10.28,-0.42,0,-1,2006,20541
MOIN,2024-10-09,10.24,10.24,10.23,10.28,-0.42,0,-1,2261,23123.47
MOIN,2024-10-08,10.24,10.24,10.23,10.28,-0.42,0,-1,3384,34628
MOIN,2024-10-07,10.23,10.23,10.23,10.28,-0.42,0,-1,243,2489
MOIN,2024-10-03,10.9,10.9,10.23,10.28,-5.96,-0.64,-1,34091,350170.56
MOIN,2024-10-02,10.29,10.29,10.02,10.92,-8.33,0,-1,5933,60582.95
MOIN,2024-10-01,10.76,10.76,10.35,10.92,-4.88,0,-1,13239,138176.97
MOIN,2024-09-30,10.85,10.85,10.35,10.92,-4.88,0,-1,24484,258526.58
MOIN,2024-09-29,10.92,10.92,10.61,10.92,-2.91,0,-1,10066,107221.2
MOIN,2024-09-26,11.31,11.31,10.78,10.92,-1.28,0,-1,11155,121503.56
MOIN,2024-09-25,11.25,11.25,10.24,10.92,-3.75,-0.27,-1,56698,620625.88
MOIN,2024-09-24,11.85,11.85,9.91,11.19,9.25,0.95,-1,115387,1244934
MOIN,2024-09-23,10.55,10.55,9.97,10.24,1.42,0,-1,4376,44208.05
MOIN,2024-09-22,10.61,10.61,10.07,10.24,-1.5,-0.16,-1,43606,447524.63
MOIN,2024-09-19,11.31,11.31,9.85,10.4,-0.62,-0.06,-1,188800,2000145.75
MOIN,2024-09-18,12.87,12.87,10.33,10.46,-5.4,-0.6,-1,260082,2965955
MOIN,2024-09-17,11.06,11.06,8.62,11.06,19.98,1.84,-1,312724,3388046.75
MOIN,2024-09-16,8.88,8.88,8.88,9.22,-3.62,0,-1,18,165
MOIN,2024-09-12,8.88,8.88,8.62,9.22,-3.62,0,-1,2717,23633
MOIN,2024-09-11,9.13,9.13,8.62,9.22,-6.54,0,-1,26,234.56
MOIN,2024-09-10,8.62,8.62,8.62,9.22,-6.54,0,-1,9,80
MOIN,2024-09-09,8.67,8.67,8.35,9.22,-6.48,0,-1,7636,64361.94
MOIN,2024-09-05,9.64,9.64,9.64,9.22,4.56,0,-1,34,322.2
MOIN,2024-09-02,9.22,9.22,8.65,9.22,-6.25,0,-1,443,4086.27
MOIN,2024-09-01,9.21,9.21,9.21,9.22,-0.12,0,-1,22,205.2
MOIN,2024-08-29,9.67,9.67,9.67,9.22,0,0,-1,25,233.35
MOIN,2024-08-28,9.58,9.58,9.16,9.22,3.97,0,-1,2287,21468.61
MOIN,2024-08-26,9.53,9.53,9.53,9.22,3.39,0,-1,1685,16053.9
MOIN,2024-08-21,9.68,9.68,9.68,9.22,5.08,0,-1,372,3598
MOIN,2024-08-20,9.42,9.42,9.42,9.22,2.22,0,-1,105,997.5
MOIN,2024-08-18,9.69,9.69,9.15,9.22,-0.7,0,-1,2032,19573.5
MOIN,2024-08-15,9.58,9.58,9.37,9.22,3.97,0,-1,18594,177390.8
MOIN,2024-08-14,9.58,9.58,9.21,9.22,3.97,0,-1,1941,18488.45
MOIN,2024-08-13,9.58,9.58,9.15,9.22,3.97,0,-1,1858,17796.2
MOIN,2024-08-12,9.62,9.62,9.15,9.22,-0.7,0,-1,4282,39396.5
MOIN,2024-08-11,9.62,9.62,9.15,9.22,4.26,0,-1,23308,221817.5
MOIN,2024-08-08,8.88,8.88,8.88,9.22,-3.62,0,-1,350,3102
MOIN,2024-08-07,9.67,9.67,9.64,9.22,4.56,0,-1,915,8839.95
MOIN,2024-08-06,9.75,9.75,8.38,9.22,5.14,0,-1,12286,108892.85
MOIN,2024-08-05,9.15,9.15,9.15,9.22,-0.7,0,-1,148,1360
MOIN,2024-08-04,9.18,9.18,9.18,9.22,-0.41,0,-1,108,988.9
MOIN,2024-08-01,9.81,9.81,9.79,9.22,6.31,0,-1,2917,28600.62
MOIN,2024-07-31,9.15,9.15,9.15,9.22,-0.7,0,-1,593,5423
MOIN,2024-07-30,9.24,9.24,9.15,9.22,-0.7,0,-1,4373,40241.25
MOIN,2024-07-29,9.83,9.83,9.18,9.22,0,0,-1,13469,124606.29
MOIN,2024-07-28,9.83,9.83,8.92,9.22,6.6,0,-1,2132,20908.97
MOIN,2024-07-24,9.91,9.91,8.52,9.22,-0.64,0,-1,14496,138196.92
MOIN,2024-07-23,8.68,8.68,8.59,9.22,-6.19,0,-1,5971,51605.86
MOIN,2024-07-22,8.67,8.67,8.67,9.22,-5.96,0,-1,186,1610
MOIN,2024-07-21,8.88,8.88,8.67,9.22,-3.62,0,-1,3818,33486
MOIN,2024-07-18,9.08,9.08,8.52,9.22,-1.46,0,-1,3701,33381.03
MOIN,2024-07-17,9.08,9.08,8.52,9.22,-1.46,0,-1,337,2944.27
MOIN,2024-07-16,9.09,9.09,8.55,9.22,-1.4,0,-1,43,372.4
MOIN,2024-07-15,8.62,8.62,8.52,9.22,-7.13,0,-1,1703,14583.91
MOIN,2024-07-10,9.09,9.09,8.57,9.22,-1.34,0,-1,26,223.85
MOIN,2024-07-08,9.09,9.09,8.62,9.22,-1.34,0,-1,53,482.77
MOIN,2024-07-07,8.75,8.75,8.75,9.22,-5.02,0,-1,30,260.16
MOIN,2024-07-04,9.22,9.22,8.62,9.22,-4.79,0,-1,3081,26863.32
MOIN,2024-07-03,9.13,9.13,8.62,9.22,-6.48,0,-1,1456,12761.38
MOIN,2024-07-02,9.15,9.15,8.63,9.22,-0.7,0,-1,586,5310.89
MOIN,2024-06-27,9.39,9.39,8.51,9.22,-7.59,0,-1,567,5140.2
MOIN,2024-06-26,8.52,8.52,8.52,9.22,-7.65,0,-1,9,79.05
MOIN,2024-06-25,8.54,8.54,8.54,9.22,-7.42,0,-1,9,79.25
MOIN,2024-06-24,9.15,9.15,8.38,9.22,-0.7,0,-1,684,6125.5
MOIN,2024-06-10,9.22,9.22,9.22,9.22,0,0,-1,18,171.2
MOIN,2024-06-09,8.62,8.62,8.62,9.22,-6.54,0,-1,2241,19312
MOIN,2024-06-05,9.15,9.15,8.68,9.22,-5.67,0,-1,715,6391.06
MOIN,2024-06-03,9.22,9.22,9.22,9.22,0,0,-1,186,1712
MOIN,2024-05-28,8.67,8.67,8.67,9.22,-5.96,0,-1,269,2334.5
MOIN,2024-05-27,9.4,9.4,7.86,9.22,-3.62,0,-1,4229,35780.9
MOIN,2024-05-26,9.42,9.42,8.51,9.22,2.22,0,-1,126,1187.5
MOIN,2024-05-23,9.68,9.68,8.41,9.22,5.08,0,-1,382,3527.09
MOIN,2024-05-22,8.97,8.97,8.97,9.22,-2.69,0,-1,9,83.3
MOIN,2024-05-21,9.24,9.24,8.27,9.22,-0.7,0,-1,1916,17536.74
MOIN,2024-05-20,9.24,9.24,9.15,9.22,0.18,0,-1,69,629.15
MOIN,2024-05-19,9.15,9.15,9.1,9.22,-0.7,0,-1,389,3533
MOIN,2024-05-15,10.12,10.12,8.68,9.22,0.82,0,-1,28595,271272.88
MOIN,2024-05-14,8.73,8.73,8.7,9.22,-5.67,0,-1,2495,21749.15
MOIN,2024-05-13,9.15,9.15,8.66,9.22,-5.67,0,-1,6794,60817.66
MOIN,2024-05-12,9.68,9.68,8.08,9.22,-6.25,0,-1,277,2485.43
MOIN,2024-05-09,11.06,11.06,7.38,9.22,0,0,-1,19236,172731.59
MOIN,2024-05-08,10.13,10.13,8.77,9.22,7.31,0,-1,5500,51897.59
MOIN,2024-05-07,9.45,9.45,8.77,9.22,2.6,0,-1,64,592.72
MOIN,2024-05-02,9.45,9.45,9.22,9.22,0,0,-1,16258,149909.97
MOIN,2024-05-01,9.45,9.45,8.54,9.22,0.15,0,-1,5247,48456.5
MOIN,2024-04-30,10.15,10.15,8.55,9.22,0,0,-1,28765,273120.03
MOIN,2024-04-29,9.36,9.36,8.02,9.22,-4.86,0,-1,78,698.32
MOIN,2024-04-28,9.37,9.37,7.94,9.22,1.65,0,-1,1365,11842.4
MOIN,2024-04-24,9.37,9.37,8.88,9.22,-3.61,0,-1,3168,28845.37
MOIN,2024-04-23,9.22,9.22,8.92,9.22,0,0,-1,12658,116315.74
MOIN,2024-04-22,8.94,8.94,8.93,9.22,-3,0,-1,131,1180.55
MOIN,2024-04-21,9.65,9.65,8.92,9.22,4.66,0,-1,806,7287.5
MOIN,2024-04-18,9.69,9.69,9,9.22,0,0,-1,7973,73608.37
MOIN,2024-04-17,9.23,9.23,9.05,9.22,0.15,0,-1,1768,16290.75
MOIN,2024-04-16,9.23,9.23,8.77,9.22,-2.85,0,-1,15562,143237.09
MOIN,2024-04-15,9.22,9.22,7.9,9.22,0,0,-1,56723,520522.88
MOIN,2024-04-08,8.31,8.31,7.9,9.22,-9.86,0,-1,256,2100.86
MOIN,2024-04-07,8.72,8.72,7.9,9.22,-7.41,0,-1,2586,21486.95
MOIN,2024-04-04,8.54,8.54,7.87,9.22,-14.27,0,-1,4173,33096.99
MOIN,2024-04-03,8.72,8.72,7.85,9.22,-14.12,0,-1,7749,61498.64
MOIN,2024-04-02,8.54,8.54,8.54,9.22,-7.41,0,-1,9,73.96
MOIN,2024-04-01,8.65,8.65,7.85,9.22,-6.31,0,-1,268,2134.66
MOIN,2024-03-31,8.55,8.55,7.48,9.22,-7.21,0,-1,2309,18374.23
MOIN,2024-03-28,8.75,8.75,7.95,9.22,-12.12,0,-1,8021,64794.78
MOIN,2024-03-27,8.52,8.52,7.95,9.22,-7.66,0,-1,217,1791.72
MOIN,2024-03-26,8.54,8.54,7.85,9.22,-13.87,0,-1,173,1394.34
MOIN,2024-03-25,8.77,8.77,7.8,9.22,-15.37,0,-1,1022,8131.4
MOIN,2024-03-24,9.06,9.06,7.63,9.22,-1.7,0,-1,1478,11388.12
MOIN,2024-03-21,8.77,8.77,7.58,9.22,-17.13,0,-1,95,753.84
MOIN,2024-03-20,8.76,8.76,7.47,9.22,-18.83,0,-1,2613,19802.41
MOIN,2024-03-19,9.09,9.09,7.85,9.22,-14.87,0,-1,688,5595.1
MOIN,2024-03-18,9.21,9.21,8.08,9.22,-0.1,0,-1,7418,62312.36
MOIN,2024-03-17,9.09,9.09,8.1,9.22,-11.52,0,-1,1659,14535.92
MOIN,2024-03-14,9.12,9.12,7.85,9.22,-12.12,0,-1,15224,129973.69
MOIN,2024-03-13,9.22,9.22,8.7,9.22,-5.61,0,-1,22725,198862.83
MOIN,2024-03-12,9.22,9.22,8.78,9.22,-4.76,0,-1,8224,72213.11
MOIN,2024-03-11,9.22,9.22,8.77,9.22,-4.81,0,-1,8900,78166.31
MOIN,2024-03-10,9.22,9.22,8.77,9.22,0.1,0,-1,2318,20383.36
MOIN,2024-03-07,8.82,8.82,8.68,9.22,-5.86,0,-1,10893,96057.6
MOIN,2024-03-06,9.18,9.18,8.68,9.22,-0.35,0,-1,3927,35613.45
MOIN,2024-03-05,9.18,9.18,8.93,9.22,-0.35,0,-1,1140,10235.3
MOIN,2024-03-04,9.45,9.45,8.93,9.22,-3.1,0,-1,1872,16930.37
MOIN,2024-03-03,8.93,8.93,8.91,9.22,-3.1,0,-1,2505,22329.7
MOIN,2024-02-29,9.23,9.23,9,9.22,-2.35,0,-1,597,5397.5
MOIN,2024-02-28,9.23,9.23,8.92,9.22,-2.35,0,-1,7869,72309.96
MOIN,2024-02-27,9.32,9.32,8.91,9.22,0.1,0,-1,4238,38431.88
MOIN,2024-02-26,9.22,9.22,8.84,9.22,-3.36,0,-1,4095,36655.5
MOIN,2024-02-25,9.28,9.28,8.72,9.22,-4.11,0,-1,3562,31591.28
MOIN,2024-02-22,9.39,9.39,8.95,9.22,1.9,0,-1,3882,36140.39
MOIN,2024-02-21,9.39,9.39,8.93,9.22,-2.85,0,-1,3180,28602.85
MOIN,2024-02-20,9.42,9.42,8.98,9.22,-1.85,0,-1,2738,25190.01
MOIN,2024-02-19,9.45,9.45,8.89,9.22,-3.05,0,-1,2549,23352.72
MOIN,2024-02-18,9.58,9.58,8.82,9.22,4.01,0,-1,23465,214323.42
MOIN,2024-02-15,9.13,9.13,8.74,9.22,-1.45,0,-1,5724,51459.57
MOIN,2024-02-14,9.19,9.19,8.77,9.22,-0.9,0,-1,9559,84204.41
MOIN,2024-02-13,9.22,9.22,8.77,9.22,-3.36,0,-1,23453,208209.73
MOIN,2024-02-12,9.49,9.49,8.85,9.22,0.15,0,-1,15474,138842.84
MOIN,2024-02-11,10.15,10.15,8.82,9.22,3.15,0,-1,18659,179324.61
MOIN,2024-02-08,9.63,9.63,8.77,9.22,-13.21,-1.36,-1,41461,382635.97
MOIN,2024-02-07,9.68,9.68,8.79,10.58,-8.81,0,-1,9346,84522.54
MOIN,2024-02-06,9.68,9.68,9.23,10.58,-10.6,0,-1,16770,159153.7
MOIN,2024-02-05,9.97,9.97,8.78,10.58,-14.52,0,-1,10304,95761.18
MOIN,2024-02-04,11.45,11.45,8.52,10.58,-1.35,1.03,-1,63558,622486.63
MOIN,2024-02-01,9.63,9.63,8.59,9.55,-0.39,0,-1,7705,70501.97
MOIN,2024-01-31,9.68,9.68,8.55,9.55,-7.88,0,-1,17770,164231.77
MOIN,2024-01-30,9.67,9.67,8.32,9.55,1.26,0,-1,27221,257050.98
MOIN,2024-01-29,10.06,10.06,8.11,9.55,-1.41,-0.26,-1,38246,366827.06
MOIN,2024-01-28,10.06,10.06,9.69,9.81,0,0,-1,29899,294905.72
MOIN,2024-01-24,10.11,10.11,9.69,9.81,-0.14,-0.08,-1,33041,324462.63
MOIN,2024-01-23,10.2,10.2,9.69,9.89,-1.81,-0.3,-1,41128,407100.59
MOIN,2024-01-22,11.98,11.98,9.69,10.19,-0.77,0.03,-1,125043,1299577.63
MOIN,2024-01-21,10.16,10.16,8.54,10.16,20,1.69,-1,222581,2192936
MOIN,2024-01-18,8.52,8.52,8.31,8.47,0.54,0,-1,6864,57480.66
MOIN,2024-01-17,8.52,8.52,7.85,8.47,0.49,0,-1,2666,20939.24
MOIN,2024-01-16,8.52,8.52,8.31,8.47,-1.91,0,-1,1742,14521.15
MOIN,2024-01-15,8.52,8.52,8.52,8.47,0.54,0,-1,1083,9222
MOIN,2024-01-14,8.54,8.54,8.08,8.47,0.82,0,-1,2726,22765.71
MOIN,2024-01-11,8.52,8.52,7.85,8.47,0,0,-1,1140,8996.3
MOIN,2024-01-10,8.54,8.54,8.47,8.47,0.54,0,-1,1434,12228
MOIN,2024-01-09,8.42,8.42,8.26,8.47,-2.45,0,-1,5642,46880.88
MOIN,2024-01-08,8.3,8.3,8.3,8.47,-1.96,0,-1,416,3454.08
MOIN,2024-01-04,8.4,8.4,7.74,8.47,-8.66,0,-1,8706,70897.39
MOIN,2024-01-03,8.48,8.48,7.15,8.47,-0.6,0,-1,7879,64445.37
MOIN,2024-01-02,8.54,8.54,8.03,8.47,0,0,-1,719,6119.7
MOIN,2023-12-31,8.23,8.23,8.03,8.47,-2.78,0,-1,415,3357.72
MOIN,2023-12-28,8.54,8.54,7.85,8.47,-7.36,0,-1,19409,155012.52
MOIN,2023-12-27,8.54,8.54,7.71,8.47,7.35,0.56,-1,115063,944693.13
MOIN,2023-12-26,7.85,7.85,6.69,7.91,-0.88,0,-1,8004,55579.5
MOIN,2023-12-25,7.94,7.94,6.92,7.91,-0.88,0,-1,430,3270.14
MOIN,2023-12-24,7.96,7.96,7.84,7.91,0.29,0,-1,10422,82099.83
MOIN,2023-12-21,8.08,8.08,6.74,7.91,11.73,0.83,-1,54504,419579.16
MOIN,2023-12-20,7.02,7.02,6.92,7.08,-2.22,0,-1,11297,78210.2
MOIN,2023-12-19,6.67,6.67,6.67,7.08,-5.8,0,-1,281,1864.05
MOIN,2023-12-18,7.13,7.13,6.69,7.08,0.72,0,-1,312,2220.05
MOIN,2023-12-17,7.13,7.13,6.69,7.08,0.72,0,-1,30615,204889.75
MOIN,2023-12-14,7.15,7.15,6.9,7.08,-2.22,0,-1,19782,138578.42
MOIN,2023-12-13,6.92,6.92,6.46,7.08,-2.22,0,-1,10284,68212.81
MOIN,2023-12-11,6.6,6.6,6.52,7.08,-6.78,0,-1,2262,14831.28
MOIN,2023-12-10,7.04,7.04,6.6,7.08,-6.78,0,-1,1195,8354.3
MOIN,2023-12-07,6.7,6.7,6.69,7.08,-5.48,0,-1,1438,9617.5
MOIN,2023-12-06,6.92,6.92,6.92,7.08,-2.28,0,-1,1131,7824.78
MOIN,2023-12-03,6.9,6.9,6.68,7.08,-5.67,0,-1,217,1471.99
MOIN,2023-11-29,6.83,6.83,6.58,7.08,-3.52,0,-1,1304,8908.54
MOIN,2023-11-28,6.78,6.78,6.78,7.08,-4.17,0,-1,347,2352
MOIN,2023-11-27,6.92,6.92,6.58,7.08,-6.13,0,-1,20635,136995.95
MOIN,2023-11-26,7.14,7.14,6.65,7.08,-6,0,-1,6964,47504.14
MOIN,2023-11-23,6.99,6.99,6.99,7.08,-1.24,0,-1,13,90.9
MOIN,2023-11-22,6.92,6.92,6.46,7.08,-7.82,0,-1,5867,38370.74
MOIN,2023-11-20,6.92,6.92,6.92,7.08,-2.22,0,-1,1236,8565
MOIN,2023-11-19,7.01,7.01,6.97,7.08,-0.98,0,-1,827,5754
MOIN,2023-11-16,6.69,6.69,6.69,7.08,-5.48,0,-1,9044,60523
MOIN,2023-11-15,7.02,7.02,6.58,7.08,-7.04,0,-1,2188,15338.32
MOIN,2023-11-09,7.06,7.06,6.46,7.08,-0.33,0,-1,3561,23131.56
MOIN,2023-11-06,7.13,7.13,7.12,7.08,0.65,0,-1,225,1605.75
MOIN,2023-11-05,7.01,7.01,6.23,7.08,-11.99,0,-1,1061,6885.42
MOIN,2023-11-02,7.01,7.01,7.01,7.08,-0.98,0,-1,39,273.42
MOIN,2023-11-01,7.02,7.02,6.63,7.08,-0.91,0,-1,2123,14895.16
MOIN,2023-10-31,6.7,6.7,6.67,7.08,-5.41,0,-1,30,202.86
MOIN,2023-10-30,6.65,6.65,6.65,7.08,-6.13,0,-1,1950,12960
MOIN,2023-10-29,7.01,7.01,6.55,7.08,0,0,-1,3570,23695.38
MOIN,2023-10-25,7.15,7.15,6.52,7.08,5.73,0.31,-1,74542,524158.59
MOIN,2023-10-24,6.88,6.88,6.68,6.77,13.85,0.74,-1,51346,346994.72
MOIN,2023-10-23,6.69,6.69,6.69,6.03,10.94,0,-1,26,174
MOIN,2023-10-22,6.68,6.68,6.65,6.03,10.79,0,-1,242,1607.2
MOIN,2023-10-19,6.23,6.23,6.02,6.03,-0.31,0,-1,4784,29710.24
MOIN,2023-10-18,6.09,6.09,6,6.03,-0.54,0,-1,7583,45526.18
MOIN,2023-10-17,6.09,6.09,6.09,6.03,0.99,0,-1,1,13.2
MOIN,2023-10-16,6.74,6.74,6.06,6.03,0.99,0,-1,21905,133813.98
MOIN,2023-10-15,6.76,6.76,6.76,6.03,12.01,0,-1,9,58.56
MOIN,2023-10-12,6.12,6.12,6,6.03,1.38,0,-1,247,1510.25
MOIN,2023-10-11,6.82,6.82,5.91,6.03,7.19,0,-1,16349,105782.54
MOIN,2023-10-10,6.46,6.46,6,6.03,-6.1,-0.85,-1,54248,327287.94
MOIN,2023-10-09,7.04,7.04,5.28,6.88,12.46,0.63,-1,58422,397604.59
MOIN,2023-10-08,6.98,6.98,5.27,6.25,-14.01,0,-1,1730,10839.81
MOIN,2023-10-04,5.79,5.79,5.79,6.25,-7.51,0,-1,612,3554.22
MOIN,2023-10-03,5.96,5.96,5.78,6.25,-7.57,0,-1,1660,9649
MOIN,2023-10-02,5.96,5.96,5.82,6.25,-4.68,0,-1,1400,8310
MOIN,2023-10-01,6.15,6.15,5.83,6.25,-6.76,0,-1,11327,68142.97
MOIN,2023-09-27,6.12,6.12,6.11,6.25,-2.43,0,-1,60,355.13
MOIN,2023-09-26,5.79,5.79,5.78,6.25,-7.57,0,-1,4702,27202
MOIN,2023-09-25,6.28,6.28,6.25,6.25,-0.12,0,-1,303,1902.5
MOIN,2023-09-24,5.79,5.79,5.47,6.25,-12.71,0,-1,16771,97021.54
MOIN,2023-09-21,6.15,6.15,6.15,6.25,-1.79,0,-1,1,17
MOIN,2023-09-19,6.25,6.25,5.25,6.25,0,0,-1,6643,39042.11
MOIN,2023-09-14,6.28,6.28,5.78,6.25,9.19,0.5,-1,112233,686042.88
MOIN,2023-09-11,5.93,5.93,5.32,5.75,3.15,0,-1,3319,18022.84
MOIN,2023-09-10,5.92,5.92,5.25,5.75,-8.56,0,-1,1118,6610.12
MOIN,2023-09-07,5.96,5.96,5.12,5.75,5.37,0.1,-1,65832,378244.19
MOIN,2023-09-06,5.78,5.78,4.88,5.65,-4.09,0,-1,38679,198454.19
MOIN,2023-09-04,6.04,6.04,6.04,5.65,6.78,0,-1,130,784.9
MOIN,2023-08-31,6.13,6.13,6.13,5.65,8.38,0,-1,30,186.45
MOIN,2023-08-30,6.13,6.13,6.04,5.65,8.38,0,-1,4161,25240.75
MOIN,2023-08-29,6.08,6.08,6.08,5.65,7.42,0,-1,27,168
MOIN,2023-08-28,6.13,6.13,6,5.65,6.78,0,-1,3873,23455
MOIN,2023-08-27,6.15,6.15,5.57,5.65,-1.53,0,-1,3042,17716.7
MOIN,2023-08-24,5.11,5.11,5.11,5.65,-9.65,0,-1,48,240.21
MOIN,2023-08-22,5.66,5.66,5.66,5.65,0.19,0,-1,554,3134
MOIN,2023-08-21,5.93,5.93,5.92,5.65,4.86,0,-1,8376,49633.2
MOIN,2023-08-20,5.93,5.93,5.86,5.65,4.86,0,-1,8051,47404.94
MOIN,2023-08-17,5.82,5.82,5.5,5.65,2.94,0,-1,775,4260.4
MOIN,2023-08-16,5.5,5.5,5.5,5.65,-2.81,0,-1,701,3845.6
MOIN,2023-08-13,5.75,5.75,5.75,5.65,1.66,0,-1,13,79.5
MOIN,2023-08-10,5.78,5.78,5.5,5.65,-2.81,0,-1,1594,8789.65
MOIN,2023-08-09,5.86,5.86,5.78,5.65,2.3,0,-1,129,736.35
MOIN,2023-08-08,6.08,6.08,5.78,5.65,3.58,0,-1,7678,44726.2
MOIN,2023-08-07,6.72,6.72,5.52,5.65,3.77,0,-1,5170,30771.85
MOIN,2023-08-06,6.76,6.76,5.45,5.65,19.57,0,-1,46981,300879.84
MOIN,2023-08-03,5.7,5.7,4.34,5.65,19.92,0.9,-1,147619,794421.31
MOIN,2023-08-02,4.06,4.06,4,4.75,-15.82,0,-1,10751,43444.39
MOIN,2023-08-01,4.22,4.22,4,4.75,-11.25,0,-1,138,570.03
MOIN,2023-07-31,4.51,4.51,4.15,4.75,-11.79,0,-1,2318,9649.36
MOIN,2023-07-30,4.15,4.15,4.15,4.75,-12.55,0,-1,1382,5750
MOIN,2023-07-27,4.54,4.54,4.54,4.75,-4.56,0,-1,13,62.75
MOIN,2023-07-25,4.15,4.15,3.98,4.75,-14.07,0,-1,9556,38600
MOIN,2023-07-24,4.55,4.55,3.92,4.75,-17.34,0,-1,1621,6449.19
MOIN,2023-07-18,4.62,4.62,4.62,4.75,-2.97,0,-1,69,319
MOIN,2023-07-16,4.61,4.61,4.15,4.75,-3.19,0,-1,1275,5499.53
MOIN,2023-07-12,4.15,4.15,4.13,4.75,-12.55,0,-1,463,1907.22
MOIN,2023-07-11,4.02,4.02,4.02,4.75,-15.51,0,-1,139,555.5
MOIN,2023-07-10,4.34,4.34,3.92,4.75,-8.75,0,-1,15323,63471.9
MOIN,2023-07-06,4.12,4.12,4.1,4.75,-13.69,0,-1,30330,124564.1
MOIN,2023-07-04,4.34,4.34,4.05,4.75,-8.75,0,-1,1119,4668.1
MOIN,2023-06-25,4.34,4.34,4.14,4.75,-8.75,0,-1,12384,51359.44
MOIN,2023-06-20,4.61,4.61,4.26,4.75,-9.89,0,-1,5001,21958.15
MOIN,2023-06-19,4.27,4.27,4.25,4.75,-10.8,0,-1,13831,58682.1
MOIN,2023-06-18,4.34,4.34,4.25,4.75,-10.8,0,-1,8711,37170.2
MOIN,2023-06-13,4.7,4.7,4.66,4.75,-1.14,0,-1,13831,64586.87
MOIN,2023-06-08,4.22,4.22,4.22,4.75,-11.18,0,-1,1858,7837.28
MOIN,2023-06-07,4.66,4.66,4.15,4.75,-1.9,0,-1,303,1275
MOIN,2023-06-01,4.65,4.65,4.15,4.75,-2.28,0,-1,554,2435
MOIN,2023-05-30,4.66,4.66,4.42,4.75,-7.07,0,-1,1261,5823.92
MOIN,2023-05-29,4.7,4.7,4.7,4.75,-1.14,0,-1,8580,40326
MOIN,2023-05-23,4.7,4.7,4.34,4.75,-1.14,0,-1,8298,38433.85
MOIN,2023-05-22,4.7,4.7,4.7,4.75,-1.14,0,-1,139,650
MOIN,2023-05-21,4.34,4.34,4.34,4.75,-8.75,0,-1,3401,14748
MOIN,2023-05-18,4.66,4.66,3.82,4.75,-8.82,0,-1,72211,293466.19
MOIN,2023-05-15,4.75,4.75,4.7,4.75,-1.06,0,-1,30003,141784.47
MOIN,2023-05-14,4.73,4.73,4.7,4.75,-1.14,0,-1,47021,222350
MOIN,2023-05-09,4.76,4.76,4.66,4.75,0.08,0,-1,1777,8437.8
MOIN,2023-05-08,4.75,4.75,4.7,4.75,-1.14,0,-1,48099,227398.34
MOIN,2023-05-02,5.03,5.03,5.03,4.75,5.86,0,-1,69,348
MOIN,2023-05-01,4.75,4.75,4.75,4.75,0,0,-1,8298,39450
MOIN,2023-04-27,5.05,5.05,4.75,4.75,6.39,0,-1,38567,191232.06
MOIN,2023-04-26,4.75,4.75,4.66,4.75,0,0,-1,2781,13214.5
MOIN,2023-04-19,4.77,4.77,4.77,4.75,0.3,0,-1,468,2229.11
MOIN,2023-04-18,4.67,4.67,4.67,4.75,-1.83,0,-1,9,38.73
MOIN,2023-04-13,4.75,4.75,4.67,4.75,1.08,0.05,-1,66382,314170
MOIN,2023-04-12,5.02,5.02,4.67,4.7,-0.38,0,-1,16727,78296.85
MOIN,2023-04-11,5.02,5.02,4.7,4.7,6.84,0,-1,5573,26208.7
MOIN,2023-04-10,5.05,5.05,4.68,4.7,-13.56,-0.74,-1,66907,314842.25
MOIN,2023-04-09,5.05,5.05,4.66,5.44,-6.98,0,-1,4187,21114.37
MOIN,2023-04-06,5.12,5.12,4.64,5.44,-5.72,0,-1,4161,19300.9
MOIN,2023-04-05,5.22,5.22,5.22,5.44,-3.92,0,-1,248,1300.5
MOIN,2023-04-04,4.62,4.62,4.62,5.44,-15.09,0,-1,51,229.86
MOIN,2023-03-30,5.23,5.23,4.63,5.44,-3.86,0,-1,1438,7473.2
MOIN,2023-03-27,4.39,4.39,4.39,5.44,-19.22,0,-1,277,1215
MOIN,2023-03-26,5.21,5.21,5.21,5.44,-4.26,0,-1,1,14.4
MOIN,2023-03-22,5.07,5.07,4.85,5.44,0,0,-1,20515,102513.46
MOIN,2023-03-21,4.88,4.88,4.7,5.44,-10.24,0,-1,9,39.5
MOIN,2023-03-19,5.05,5.05,4.8,5.44,-11.77,0,-1,5789,29078.79
MOIN,2023-03-14,4.7,4.7,4.52,5.44,-16.82,0,-1,9875,45553.19
MOIN,2023-03-13,4.81,4.81,4.7,5.44,-13.56,0,-1,61130,288418
MOIN,2023-03-12,5.06,5.06,4.88,5.44,-10.17,0,-1,7216,36451.14
MOIN,2023-03-09,5.28,5.28,4.92,5.44,-6.91,0,-1,2769,13814.6
MOIN,2023-03-08,4.88,4.88,4.85,5.44,-10.9,0,-1,2300,11170.4
MOIN,2023-03-07,5.06,5.06,4.88,5.44,-10.24,0,-1,12310,61770
MOIN,2023-03-06,5.39,5.39,4.73,5.44,-13.1,0,-1,17299,84637.47
MOIN,2023-03-05,5.09,5.09,4.95,5.44,-6.25,0,-1,5793,29318.6
MOIN,2023-03-02,5.09,5.09,4.95,5.44,-8.91,0,-1,113,577.7
MOIN,2023-03-01,4.85,4.85,4.85,5.44,-10.9,0,-1,27,134
MOIN,2023-02-28,5.09,5.09,4.95,5.44,-8.91,0,-1,529,2624.7
MOIN,2023-02-23,5.28,5.28,4.79,5.44,-2.93,0,-1,6930,36289
MOIN,2023-02-22,5.28,5.28,4.88,5.44,-10.17,0,-1,60,284.8
MOIN,2023-02-21,5.28,5.28,4.88,5.44,-2.93,0,-1,3012,15883.36
MOIN,2023-02-20,5.35,5.35,4.7,5.44,-13.56,0,-1,87,436.8
MOIN,2023-02-19,5.28,5.28,5.06,5.44,-6.91,0,-1,498,2545.8
MOIN,2023-02-16,5.28,5.28,4.73,5.44,-2.73,0,-1,3180,15367.23
MOIN,2023-02-15,5.42,5.42,4.73,5.44,-6.65,0,-1,529,2704.59
MOIN,2023-02-14,5.42,5.42,5.42,5.44,-0.4,0,-1,417,2261.98
MOIN,2023-02-13,5.33,5.33,5.24,5.44,-1.99,0,-1,7271,38235.78
MOIN,2023-02-12,5.25,5.25,5.15,5.44,-3.59,0,-1,3852,19948.5
MOIN,2023-02-07,5.38,5.38,4.7,5.44,-1,0,-1,4148,20447
MOIN,2023-02-06,5.06,5.06,5.06,5.44,-6.91,0,-1,277,1400
MOIN,2023-02-02,5.28,5.28,5.25,5.44,-3.39,0,-1,32709,172115.89
MOIN,2023-02-01,5.25,5.25,4.88,5.44,-3.59,0,-1,2794,14635
MOIN,2023-01-30,5.35,5.35,5.06,5.44,-6.91,0,-1,53512,271018
MOIN,2023-01-29,5.42,5.42,5.42,5.44,-0.27,0,-1,259,1395
MOIN,2023-01-25,5.42,5.42,5.25,5.44,-3.59,0,-1,18264,97521.5
MOIN,2023-01-24,5.39,5.39,5.22,5.44,-0.8,0,-1,311,1639.42
MOIN,2023-01-23,5.42,5.42,5.18,5.44,-0.27,0,-1,706,3655
MOIN,2023-01-19,5.55,5.55,5.06,5.44,-6.91,0,-1,9993,50610.7
MOIN,2023-01-18,5.08,5.08,5.08,5.44,-6.58,0,-1,1421,7221.7
MOIN,2023-01-17,5.52,5.52,5.06,5.44,1.67,0.02,-1,100598,551501.63
MOIN,2023-01-16,5.5,5.5,5.06,5.42,1,0,-1,28951,157960.06
MOIN,2023-01-15,5.12,5.12,5.08,5.42,-5.73,0,-1,2794,14285.6
MOIN,2023-01-12,5.42,5.42,5.42,5.42,0,0,-1,5533,29990
MOIN,2023-01-11,5.42,5.42,5.1,5.42,0,0,-1,23963,129532
MOIN,2023-01-10,5.42,5.42,5.09,5.42,-5.67,0,-1,40548,215852.5
MOIN,2023-01-09,5.52,5.52,5.5,5.42,1.67,0,-1,13831,76201.5
MOIN,2023-01-05,5.42,5.42,5.06,5.42,7.07,0.36,-1,283508,1508769.63
MOIN,2023-01-04,5.25,5.25,5.06,5.06,0,0,-1,34398,174958.5
MOIN,2023-01-03,5.53,5.53,4.1,5.06,1.74,0.08,-1,77455,395680.72
MOIN,2023-01-02,5.25,5.25,5.13,4.98,5.15,0,-1,3107,16271.54
MOIN,2022-12-29,5.06,5.06,4.85,4.98,0.07,0,-1,63089,314868.94
MOIN,2022-12-28,4.99,4.99,4.88,4.98,0.22,0,-1,11293,56101.87
MOIN,2022-12-27,4.88,4.88,4.88,4.98,-1.96,0,-1,8553,41742
MOIN,2022-12-26,4.97,4.97,4.7,4.98,-0.15,0,-1,28120,137452.84
MOIN,2022-12-25,4.88,4.88,4.34,4.98,-3.41,0,-1,20561,97869.28
MOIN,2022-12-22,4.97,4.97,4.85,4.98,-0.15,0,-1,3458,16975
MOIN,2022-12-21,4.88,4.88,4.72,4.98,-1.96,0,-1,3783,18459.9
MOIN,2022-12-20,5.06,5.06,5.06,4.98,1.67,0,-1,7661,38780
MOIN,2022-12-19,5.06,5.06,4.7,4.98,4.24,0.13,-1,105860,521031.56
MOIN,2022-12-18,4.88,4.88,4.73,4.85,0.52,0,-1,30601,148824.63
MOIN,2022-12-15,4.7,4.7,4.61,4.85,-3.2,0,-1,5551,26101.45
MOIN,2022-12-14,4.88,4.88,4.48,4.85,0.52,0,-1,39819,188707.84
MOIN,2022-12-13,4.77,4.77,4.7,4.85,-2.68,0,-1,13545,63762.21
MOIN,2022-12-12,4.98,4.98,4.61,4.85,1.64,0.22,-1,63480,304731.94
MOIN,2022-12-11,4.63,4.63,4.15,4.63,18.52,0.72,-1,66626,300956.22
MOIN,2022-12-08,4.41,4.41,4.16,3.91,12.04,0,-1,26858,115845.29
MOIN,2022-12-07,4.3,4.3,4.07,3.91,5.28,0,-1,3839,16102.44
MOIN,2022-12-06,4.3,4.3,4.02,3.91,10.19,0,-1,36074,150498.13
MOIN,2022-12-05,4.08,4.08,4.02,3.91,2.87,0,-1,4662,18862.04
MOIN,2022-12-04,4.23,4.23,4.05,3.91,8.33,0,-1,1759,7214.61
MOIN,2022-12-01,4.02,4.02,3.98,3.91,1.85,0,-1,7411,29619.84
MOIN,2022-11-30,4.25,4.25,3.98,3.91,7.04,0,-1,20860,86074.47
MOIN,2022-11-29,4.26,4.26,4.05,3.91,3.7,0,-1,6826,27961.11
MOIN,2022-11-28,4.32,4.32,4.07,3.91,10.46,0,-1,7606,31865
MOIN,2022-11-27,4.16,4.16,4.15,3.91,6.48,0,-1,9681,40250.1
MOIN,2022-11-24,4.34,4.34,4.23,3.91,8.43,0,-1,970,4113
MOIN,2022-11-22,4.41,4.41,3.92,3.91,12.96,0,-1,37813,158689.5
MOIN,2022-11-21,3.95,3.95,3.91,3.91,0.09,0,-1,5599,21904.04
MOIN,2022-11-20,4.23,4.23,4.12,3.91,8.33,0,-1,10074,41833.13
MOIN,2022-11-17,4.15,4.15,3.89,3.91,5.46,0,-1,33549,134365.11
MOIN,2022-11-16,3.91,3.91,3.8,3.91,-2.78,0,-1,5391,20613.45
MOIN,2022-11-15,3.8,3.8,3.8,3.91,-2.78,0,-1,3163,12012
MOIN,2022-11-14,3.8,3.8,3.71,3.91,-5.09,0,-1,10152,38011.96
MOIN,2022-11-13,3.91,3.91,3.71,3.91,-5.09,0,-1,10304,39051.3
MOIN,2022-11-10,3.86,3.86,3.83,3.91,-1.02,0,-1,13911,53315.7
MOIN,2022-11-09,3.83,3.83,3.83,3.91,-1.85,0,-1,1382,5300
MOIN,2022-11-07,3.76,3.76,3.71,3.91,-5,0,-1,3011,11248.56
MOIN,2022-11-06,4.02,4.02,3.98,3.91,2.78,0,-1,2768,11000.1
MOIN,2022-11-03,3.8,3.8,3.8,3.91,-2.78,0,-1,30428,115500
MOIN,2022-11-02,3.98,3.98,3.98,3.91,1.85,0,-1,1,11
MOIN,2022-11-01,3.98,3.98,3.62,3.91,1.76,0,-1,13858,54754.52
MOIN,2022-10-31,3.62,3.62,3.62,3.91,-7.41,0,-1,15211,54995
MOIN,2022-10-30,3.65,3.65,3.44,3.91,-12.04,0,-1,4702,17085.51
MOIN,2022-10-27,3.71,3.71,3.65,3.91,-6.48,0,-1,260,956.9
MOIN,2022-10-26,3.89,3.89,3.44,3.91,-0.19,0,-1,620,2232.1
MOIN,2022-10-24,3.62,3.62,3.62,3.91,-7.41,0,-1,27,100
MOIN,2022-10-20,3.62,3.62,3.44,3.91,-7.41,0,-1,650,2259.31
MOIN,2022-10-18,3.38,3.38,3.38,3.91,-13.33,0,-1,235,795.6
MOIN,2022-10-17,3.91,3.91,3.22,3.91,-13.89,0,-1,28167,109654.05
MOIN,2022-10-13,3.91,3.91,3.91,3.91,0,0,-1,6019,23500.8
MOIN,2022-10-12,3.91,3.91,3.91,3.91,0,0,-1,3011,11750.4
MOIN,2022-10-11,4.15,4.15,3.91,3.91,-14.81,-0.97,-1,96266,375884.59
MOIN,2022-10-05,3.91,3.91,3.91,4.88,-20,0,-1,2609,10184.4
MOIN,2022-10-03,3.91,3.91,3.91,4.88,-20,0,-1,5118,19980
MOIN,2022-10-02,3.91,3.91,3.91,4.88,-20,0,-1,42791,167076
MOIN,2022-09-29,3.91,3.91,3.91,4.88,-20,0,-1,33606,131220
MOIN,2022-09-27,3.91,3.91,3.91,4.88,-20,0,-1,1620,6318
MOIN,2022-09-26,3.91,3.91,3.91,4.88,-20,0,-1,39255,153273.59
MOIN,2022-09-25,3.91,3.91,3.91,4.88,-20,0,-1,7749,30261.6
MOIN,2022-09-21,3.91,3.91,3.91,4.88,-20,0,-1,308,1198.8
MOIN,2022-09-19,3.91,3.91,3.91,4.88,-20,0,-1,23648,92340
MOIN,2022-09-18,3.91,3.91,3.91,4.88,-20,0,-1,1,10.8
MOIN,2022-09-15,3.91,3.91,3.91,4.88,-20,0,-1,2560,9990
MOIN,2022-09-14,3.91,3.91,3.91,4.88,-20,0,-1,8159,31849.2
MOIN,2022-09-13,3.91,3.91,3.91,4.88,-20,0,-1,1,10.8
MOIN,2022-09-12,3.98,3.98,3.91,4.88,-20,0,-1,24857,97673.2
MOIN,2022-09-11,3.98,3.98,3.91,4.88,-18.52,0,-1,41972,164104.2
MOIN,2022-09-08,3.99,3.99,3.91,4.88,-18.15,0,-1,47823,187353.44
MOIN,2022-09-01,3.91,3.91,3.91,4.88,-20,0,-1,373,1458
MOIN,2022-08-23,3.91,3.91,3.91,4.88,-20,0,-1,1972,7700.4
MOIN,2022-08-21,3.91,3.91,3.91,4.88,-20,0,-1,1382,5400
MOIN,2022-08-18,3.91,3.91,3.91,4.88,-20,0,-1,1660,6480
MOIN,2022-08-17,3.91,3.91,3.91,4.88,-20,0,-1,3128,12204
MOIN,2022-08-15,3.91,3.91,3.91,4.88,-20,0,-1,37722,147290.41
MOIN,2022-08-10,3.91,3.91,3.91,4.88,-20,0,-1,248,972
MOIN,2022-07-26,3.91,3.91,3.91,4.88,-20,0,-1,2348,9158.4
MOIN,2022-07-25,3.91,3.91,3.91,4.88,-20,0,-1,277,1080
MOIN,2022-07-06,3.91,3.91,3.91,4.88,-20,0,-1,25,97.2
MOIN,2022-06-02,3.91,3.91,3.91,4.88,-20,0,-1,300,1177.2
MOIN,2022-05-09,3.91,3.91,3.91,4.88,-20,0,-1,8,21.6
MOIN,2022-04-04,3.91,3.91,3.91,4.88,-20,0,-1,6231,24332.4
MOIN,2022-03-24,3.91,3.91,3.91,4.88,0,0,-1,8680,33890.4
MOIN,2022-03-21,3.91,3.91,3.91,4.88,-20,0,-1,6834,26686.8
MOIN,2022-02-23,3.91,3.91,3.91,4.88,-20,0,-1,1382,5400
MOIN,2022-02-15,3.91,3.91,3.91,4.88,-20,0,-1,3042,11880
MOIN,2022-02-10,3.91,3.91,3.91,4.88,-20,0,-1,1521,5940
MOIN,2022-02-09,3.91,3.91,3.91,4.88,-20,0,-1,5949,23220
MOIN,2022-02-08,3.91,3.91,3.91,4.88,-20,0,-1,1660,6480
MOIN,2022-02-06,3.91,3.91,3.91,4.88,-20,0,-1,4758,18576
MOIN,2022-02-03,3.91,3.91,3.91,4.88,0,0,-1,6499,25369.2
MOIN,2022-02-02,3.97,3.97,3.91,4.88,0,0,-1,35749,139877.85
MOIN,2022-01-30,3.96,3.96,3.94,4.88,-18.89,0,-1,6540,25793.15
MOIN,2022-01-26,3.91,3.91,3.91,4.88,-20,0,-1,1634,6382.8
MOIN,2022-01-25,3.91,3.91,3.91,4.88,-19.93,0,-1,1962,7662.2
MOIN,2022-01-24,3.91,3.91,3.91,4.88,-20,0,-1,4148,16200
MOIN,2022-01-23,3.96,3.96,3.91,4.88,-20,0,-1,60740,237195.75
MOIN,2022-01-20,3.91,3.91,3.91,4.88,-20,0,-1,2075,8100
MOIN,2022-01-19,3.91,3.91,3.91,4.88,-20,0,-1,554,2160
MOIN,2022-01-17,4.01,4.01,3.91,4.88,-20,0,-1,2627,10283.52
MOIN,2022-01-16,3.98,3.98,3.91,4.88,-20,0,-1,24231,95813
MOIN,2022-01-13,3.98,3.98,3.98,4.88,-18.52,0,-1,5533,22000
MOIN,2022-01-12,4.06,4.06,3.91,4.88,-19.93,0,-1,4584,18015.97
MOIN,2022-01-11,3.98,3.98,3.62,3.91,1.76,0,-1,13858,54754.52
MOIN,2022-01-10,3.95,3.95,3.92,4.88,-19.63,0,-1,19382,76055.95
MOIN,2022-01-09,3.92,3.92,3.92,4.88,-19.63,0,-1,8280,32474.05
MOIN,2022-01-05,3.92,3.92,3.92,4.88,-19.63,0,-1,2075,8144.5
MOIN,2022-01-03,3.92,3.92,3.92,4.88,-19.63,0,-1,8298,32550
MOIN,2021-12-29,4.1,4.1,3.92,4.88,-15.93,0,-1,1703,6710.71
MOIN,2021-12-26,3.91,3.91,3.91,4.88,-20,0,-1,25944,101304
MOIN,2021-12-23,3.91,3.91,3.91,4.88,-20,0,-1,13831,54000
MOIN,2021-12-22,3.91,3.91,3.91,4.88,-20,0,-1,4148,16200
MOIN,2021-12-21,4.05,4.05,3.91,4.88,-17.11,0,-1,6085,24150
MOIN,2021-12-20,3.91,3.91,3.91,4.88,-19.93,0,-1,4148,16215
MOIN,2021-12-19,3.95,3.95,3.91,4.88,-20,0,-1,30680,120285.96
MOIN,2021-12-16,4.19,4.19,4.18,4.88,-14.07,0,-1,6391,26792.6
MOIN,2021-12-15,3.98,3.98,3.92,4.88,-19.85,0,-1,3987,15746.19
MOIN,2021-12-14,3.92,3.92,3.91,4.88,-19.85,0,-1,9218,36037.97
MOIN,2021-12-13,3.92,3.92,3.91,4.88,-19.93,0,-1,30428,118976.05
MOIN,2021-12-12,3.92,3.92,3.92,4.88,-19.63,0,-1,2890,11338.25
MOIN,2021-12-07,4.09,4.09,3.95,4.88,-19.19,0,-1,6942,27388.2
MOIN,2021-12-06,3.98,3.98,3.91,4.88,-20,0,-1,690,2740.2
MOIN,2021-12-05,4.68,4.68,3.91,4.88,-4.07,0,-1,541,2166.3
MOIN,2021-12-02,4.5,4.5,4.5,4.88,-7.78,0,-1,1382,6225
MOIN,2021-11-30,4.1,4.1,4.05,4.88,-15.93,0,-1,6613,26885.54
MOIN,2021-11-29,4.07,4.07,3.99,4.88,-16.67,0,-1,3522,14166.65
MOIN,2021-11-28,3.98,3.98,3.98,4.88,-18.52,0,-1,970,3848.77
MOIN,2021-11-22,4,4,3.91,4.88,-20,0,-1,20440,80005.6
MOIN,2021-11-18,4.05,4.05,4,4.88,-18,0,-1,8298,33377
MOIN,2021-11-17,4.05,4.05,4.05,4.88,-16.96,0,-1,1660,6726
MOIN,2021-11-16,4.18,4.18,4.01,4.88,-14.52,0,-1,29765,122325.93
MOIN,2021-11-15,4.02,4.02,4,4.88,-18,0,-1,12723,50962
MOIN,2021-11-11,4.1,4.1,4.02,4.88,-17.78,0,-1,13277,54233
MOIN,2021-11-10,4.18,4.18,4.1,4.88,-14.52,0,-1,4719,19354.24
MOIN,2021-11-09,4.14,4.14,4.14,4.88,-15.19,0,-1,1403,5805.15
MOIN,2021-11-08,4.14,4.14,4.14,4.88,-15.19,0,-1,4130,17094.85
MOIN,2021-11-07,4.18,4.18,4.14,4.88,-14.44,0,-1,20190,83615
MOIN,2021-11-04,4.08,4.08,4.08,4.88,-16.3,0,-1,970,3955
MOIN,2021-11-03,4.08,4.08,4.07,4.88,-16.59,0,-1,3860,15739.7
MOIN,2021-10-31,4.61,4.61,4.02,4.88,-17.78,0,-1,2768,11268
MOIN,2021-10-27,4.83,4.83,4.83,4.88,-1.04,0,-1,27,133.6
MOIN,2021-10-25,4.53,4.53,3.98,4.88,-18.37,0,-1,6313,28096.64
MOIN,2021-10-24,4.53,4.53,4.53,4.88,-7.26,0,-1,51,225.36
MOIN,2021-10-20,4.57,4.57,4.52,4.88,-7.41,0,-1,2019,9173
MOIN,2021-10-19,4.53,4.53,4.52,4.88,-7.41,0,-1,10232,46265.24
MOIN,2021-10-14,4.52,4.52,4.52,4.88,-7.41,0,-1,9,37.5
MOIN,2021-10-13,4.52,4.52,4.52,4.88,-7.41,0,-1,11110,50213
MOIN,2021-10-06,4.75,4.75,4.75,4.88,-2.74,0,-1,5533,26260
MOIN,2021-10-05,4.59,4.59,4.55,4.88,-6.67,0,-1,7249,33083.84
MOIN,2021-10-04,4.57,4.57,4.57,4.88,-6.52,0,-1,2768,12620
MOIN,2021-10-03,5.06,5.06,4.52,4.88,-7.41,0,-1,11110,56042
MOIN,2021-09-30,4.7,4.7,4.52,4.88,-7.41,0,-1,21667,98939.85
MOIN,2021-09-29,4.48,4.48,4.48,4.88,-8.15,0,-1,1,12.4
MOIN,2021-09-28,4.61,4.61,4.61,4.88,-5.56,0,-1,970,4462.5
MOIN,2021-09-26,4.7,4.7,4.7,4.88,-3.7,0,-1,16471,77414.84
MOIN,2021-09-23,4.79,4.79,4.7,4.88,-3.7,0,-1,7180,34307
MOIN,2021-09-20,4.79,4.79,4.79,4.88,-1.85,0,-1,7695,36861.5
MOIN,2021-09-19,4.7,4.7,4.7,4.88,-3.7,0,-1,1660,7800
MOIN,2021-09-14,4.75,4.75,4.75,4.88,-2.59,0,-1,4148,19725
MOIN,2021-09-13,4.88,4.88,4.73,4.88,0,0,-1,15136,73693.04
MOIN,2021-09-12,4.88,4.88,4.88,4.88,0,0,-1,13831,67495
MOIN,2021-09-09,4.79,4.79,4.72,4.88,-3.26,0,-1,9403,44831.5
MOIN,2021-09-07,4.77,4.77,4.77,4.88,-2.22,0,-1,2768,13200
MOIN,2021-09-06,4.88,4.88,4.88,4.88,0,0,-1,13372,65259
MOIN,2021-09-05,11.12,11.12,10.42,10.57,-0.52,-0.06,-1,15032,157562.8
MOIN,2021-09-02,10.76,10.76,10.47,10.63,-9.61,-0.95,-1,25149,267372.06
MOIN,2021-08-31,10.82,10.82,10.82,11.58,-6.56,0,-1,10,110.48
MOIN,2021-08-30,11.16,11.16,10.62,11.58,-6.7,0,-1,3527,38903.78
MOIN,2021-08-25,11.16,11.16,11.16,11.58,-3.59,0,-1,319,3562.5
MOIN,2021-08-24,11.67,11.67,10.64,11.58,-5.43,0.33,-1,13547,156877.98
MOIN,2021-08-23,11.36,11.36,10.39,11.25,0.97,0,-1,587,6470.48
MOIN,2021-08-19,11.12,11.12,10.22,11.25,-8.7,0,-1,5511,60219.22
MOIN,2021-08-18,11.55,11.55,10.92,11.25,-2.92,0,-1,1651,18834.42
MOIN,2021-08-17,11.75,11.75,11.75,11.25,4.46,0,-1,698,8205
MOIN,2021-08-15,11.25,11.25,11.24,11.25,-2.23,-0.25,-1,12680,142630.27
MOIN,2021-08-11,12.09,12.09,10.94,11.5,-4.89,0,-1,2657,29289.84
MOIN,2021-08-10,11.84,11.84,11.25,11.5,1.75,0.45,-1,11280,129687
MOIN,2021-08-09,11.28,11.28,11.25,11.05,1.75,0,-1,4414,49672
MOIN,2021-08-05,11.86,11.86,10.97,11.05,0,0,-1,3664,41266.64
MOIN,2021-08-04,10.94,10.94,10.94,11.05,-1.07,0,-1,800,8750
MOIN,2021-08-03,11.25,11.25,11,11.05,1.75,0,-1,1672,18412.28
MOIN,2021-08-02,11,11,11,11.05,-0.51,0,-1,160,1760
MOIN,2021-08-01,10.32,10.32,10.32,11.05,-6.67,0,-1,10,99.06
MOIN,2021-07-29,11.25,11.25,10.62,11.05,7.21,0.74,-1,1038208,11477333
MOIN,2021-07-28,10.62,10.62,10.59,10.31,2.79,0,-1,984,10440.2
MOIN,2021-07-27,10.92,10.92,10.31,10.31,-3.51,-0.37,-1,24011,247632.3
MOIN,2021-07-26,10.93,10.93,10.61,10.68,2.28,0,-1,32,343.68
MOIN,2021-07-25,9.94,9.94,9.94,10.68,-7.02,0,-1,3190,31708.6
MOIN,2021-07-18,10.94,10.94,10.94,10.68,2.34,0,-1,10,105
MOIN,2021-07-13,10.07,10.07,10,10.68,-6.43,0,-1,1600,16057.6
MOIN,2021-07-07,10.31,10.31,10.31,10.68,-3.51,0,-1,896,9240
MOIN,2021-07-06,10.31,10.31,10.31,10.68,-3.51,0,-1,1600,16500
MOIN,2021-07-05,10.32,10.32,10.31,10.68,-3.51,0,-1,2837,29268.5
MOIN,2021-06-30,11.25,11.25,10.44,10.68,8.96,0.36,-1,11200,119675.13
MOIN,2021-06-29,10.31,10.31,10.31,10.32,-0.12,0,-1,5560,57337.5
MOIN,2021-06-28,10.32,10.32,10.31,10.32,0.3,0.03,-1,55818,576236.75
MOIN,2021-06-27,10.34,10.34,10.31,10.29,0.49,0,-1,4800,49600
MOIN,2021-06-24,10.31,10.31,10.31,10.29,0.18,0,-1,6927,71428.5
MOIN,2021-06-21,10.31,10.31,10,10.29,-2.85,0,-1,7194,73436
MOIN,2021-06-17,9.75,9.75,9.7,10.29,-5.28,0,-1,6757,65698.8
MOIN,2021-06-16,10.32,10.32,10.1,10.29,7.28,0.67,-1,11160,114908.83
MOIN,2021-06-15,10,10,9.69,9.62,0.71,0,-1,4174,41443.47
MOIN,2021-06-13,9.08,9.08,9.08,9.62,-5.59,0,-1,112,1017.1
MOIN,2021-06-10,10,10,9.06,9.62,3.96,0,-1,1040,10368.2
MOIN,2021-06-09,10.16,10.16,9.07,9.62,3.96,0,-1,2191,21977.36
MOIN,2021-06-08,10.16,10.16,10.14,9.62,5.46,0,-1,188,1900.91
MOIN,2021-06-07,10.19,10.19,10.19,9.62,5.91,0,-1,32,326
MOIN,2021-06-06,9.06,9.06,9.06,9.62,-5.78,0,-1,33,304.5
MOIN,2021-06-03,9.44,9.44,9.38,9.62,-2.53,0,-1,3343,31550
MOIN,2021-06-02,9.52,9.52,9.52,9.62,-1.04,0,-1,5760,54828
MOIN,2021-06-01,9.41,9.41,9.38,9.62,-2.21,0,-1,1403,13198.81
MOIN,2021-05-30,9.21,9.21,9.21,9.62,-4.22,0,-1,6240,57486
MOIN,2021-05-27,9.75,9.75,9.69,9.62,0.71,0,-1,1760,17100
MOIN,2021-05-26,9.57,9.57,9.57,9.62,-0.52,0,-1,595,5695.32
MOIN,2021-05-25,9.76,9.76,9.69,9.62,0.78,0,-1,9520,92399.5
MOIN,2021-05-24,9.69,9.69,9.69,9.62,0.71,0,-1,1504,14570
MOIN,2021-05-20,9.7,9.7,9.56,9.62,-2.17,-0.16,-1,12400,119234
MOIN,2021-05-19,9.69,9.69,9.68,9.78,-0.96,0,-1,9965,96531.44
MOIN,2021-05-18,9.38,9.38,9.38,9.78,-4.15,0,-1,3200,30000
MOIN,2021-05-11,9.88,9.88,9.75,9.78,0.96,0,-1,70,691.2
MOIN,2021-05-09,9.69,9.69,8.8,9.78,-9.97,0,-1,3329,30342.64
MOIN,2021-05-05,9.78,9.78,9.5,9.78,-2.88,0,-1,1280,12163.6
MOIN,2021-04-27,10.28,10.28,9.5,9.78,-2.2,-0.73,-1,19054,186385.89
MOIN,2021-04-26,9.69,9.69,9.54,10.51,-7.85,0,-1,2046,19800.5
MOIN,2021-04-25,10.43,10.43,10.43,10.51,-0.71,0,-1,160,1670
MOIN,2021-04-21,10.43,10.43,10.43,10.51,-0.71,0,-1,32,334
MOIN,2021-04-19,10.53,10.53,9.46,10.51,0.18,0,-1,1236,11689.8
MOIN,2021-04-18,9.47,9.47,9.46,10.51,-9.99,0,-1,2016,19081.4
MOIN,2021-04-14,9.56,9.56,9.53,10.51,-9.33,0,-1,8480,80890.05
MOIN,2021-04-13,10.55,10.55,10.53,10.51,0.36,0,-1,320,3375.64
MOIN,2021-04-11,9.6,9.6,9.6,10.51,-8.74,0,-1,283,2716.95
MOIN,2021-04-07,10.5,10.5,9.63,10.51,-8.32,0,-1,1624,15678.22
MOIN,2021-04-05,9.5,9.5,9.5,10.51,-9.63,0,-1,416,3952
MOIN,2021-04-01,10.28,10.28,9.53,10.51,-9.39,0,-1,7112,72031.5
MOIN,2021-03-29,10,10,10,10.51,-4.88,0,-1,1600,16000
MOIN,2021-03-28,10.75,10.75,10.75,10.51,2.26,0,-1,17,172
MOIN,2021-03-24,10.59,10.59,9.46,10.51,-9.99,0,-1,940,9009.43
MOIN,2021-03-23,10.62,10.62,10.55,10.51,0.77,0,-1,1688,17853.04
MOIN,2021-03-22,9.53,9.53,9.46,10.51,-9.99,0,-1,2263,21443.1
MOIN,2021-03-18,10.56,10.56,10.31,10.51,9.96,0.91,-1,17600,185009.52
MOIN,2021-03-17,10.5,10.5,10.5,9.6,9.37,0,-1,640,6720
MOIN,2021-03-16,10,10,10,9.6,4.23,0,-1,320,3202
MOIN,2021-03-14,10.56,10.56,10.47,9.6,9.37,0,-1,3200,33640.74
MOIN,2021-03-11,10.5,10.5,10.49,9.6,9.31,0,-1,398,4178.51
MOIN,2021-03-10,10,10,10,9.6,4.17,0,-1,400,4000
MOIN,2021-03-07,9.38,9.38,9.38,9.6,-2.28,0,-1,49,450.3
MOIN,2021-03-04,10.01,10.01,9.69,9.6,4.17,0,-1,6056,60398
MOIN,2021-03-03,10,10,9.56,9.6,2.86,0,-1,6960,68064.5
MOIN,2021-03-02,10.31,10.31,9.45,9.6,-8.48,-0.72,-1,16827,161576.44
MOIN,2021-02-25,10,10,10,10.32,-3.09,0,-1,2477,24773.5
MOIN,2021-02-24,10.62,10.62,10.27,10.32,-9.97,-1.09,-1,24626,254170.13
MOIN,2021-02-23,10.76,10.76,10.75,11.41,-5.75,0,-1,2400,25805
MOIN,2021-02-21,11.56,11.56,11.19,11.41,-1.58,-0.05,-1,44636,509201.31
MOIN,2021-02-18,11.24,11.24,11.23,11.46,-2.02,0,-1,3040,34172
MOIN,2021-02-17,11.25,11.25,10.41,11.46,-1.85,0,-1,280,2922.2
MOIN,2021-02-16,10.69,10.69,10.47,11.46,-8.67,0,-1,5200,55406.5
MOIN,2021-02-15,11.52,11.52,10.35,11.46,-1.85,0,-1,904,10104.6
MOIN,2021-02-14,11.25,11.25,11.25,11.46,-1.85,0,-1,24,270
MOIN,2021-02-11,11.59,11.59,10.94,11.46,0.4,0.56,-1,23778,272563.47
MOIN,2021-02-10,11.41,11.41,11.1,10.9,4.42,0,-1,8355,93943.9
MOIN,2021-02-09,11.11,11.11,10.31,10.9,2.84,0.1,-1,38141,415497.19
MOIN,2021-02-08,10.8,10.8,10.8,10.8,9.99,0.98,-1,79780,861615.38
MOIN,2021-02-07,9.85,9.85,9.38,9.82,9.99,0.87,-1,42539,417733.94
MOIN,2021-02-04,9.06,9.06,9.06,8.95,1.26,0,-1,1600,14500
MOIN,2021-02-03,9.06,9.06,8.8,8.95,1.26,0,-1,5708,50296.5
MOIN,2021-02-02,8.8,8.8,8.8,8.95,-1.68,0,-1,5760,50691.47
MOIN,2021-02-01,8.84,8.84,8.8,8.95,-1.19,0,-1,1776,15699.5
MOIN,2021-01-31,9.06,9.06,9.06,8.95,1.26,0,-1,463,4205
MOIN,2021-01-27,8.81,8.81,8.81,8.95,-1.54,0,-1,405,3567.3
MOIN,2021-01-26,9.07,9.07,8.75,8.95,-0.34,-0.14,-1,28483,255011
MOIN,2021-01-24,9.56,9.56,9.09,9.09,6.33,0.11,-1,8186692,74448000
MOIN,2021-01-21,8.8,8.8,8.8,8.98,-2.09,0,-1,1764,15530.24
MOIN,2021-01-20,8.8,8.8,8.8,8.98,-2.09,0,-1,37,323.84
MOIN,2021-01-18,9.06,9.06,8.8,8.98,-0.07,0.18,-1,14949,134339.34
MOIN,2021-01-13,8.81,8.81,8.8,8.8,-1.74,-0.15,-1,15283,134562.16
MOIN,2021-01-12,8.95,8.95,8.95,8.95,0,0,-1,217,1948.88
MOIN,2021-01-11,8.84,8.84,8.84,8.95,-1.26,0,-1,504,4457.25
MOIN,2021-01-10,8.8,8.8,8.8,8.95,-1.74,0,-1,8000,70400
MOIN,2021-01-03,8.45,8.45,8.45,8.95,0,0,-1,5594,47265.92
MOIN,2020-12-30,9.06,9.06,8.95,8.95,-9.99,-1,-1,15971,143062.05
MOIN,2020-12-29,9.81,9.81,9.81,9.95,-1.44,0,-1,8,78.45
MOIN,2020-12-21,9.06,9.06,8.95,9.95,0,0,-1,6185,55402.5
MOIN,2020-12-20,9.11,9.11,9.06,9.95,-8.86,0,-1,1920,17405.28
MOIN,2020-12-17,9.13,9.13,9.13,9.95,-8.29,0,-1,5600,51100
MOIN,2020-12-16,9.11,9.11,9.11,9.95,-8.42,0,-1,240,2187
MOIN,2020-12-13,9.14,9.14,9.14,9.95,-8.1,0,-1,191,1755.6
MOIN,2020-12-10,9.96,9.96,9.16,9.95,-8.04,-0.01,-1,17937,178449.16
MOIN,2020-12-09,9.13,9.13,9.1,9.96,-8.54,0,-1,240,2189.58
MOIN,2020-12-03,10,10,9.69,9.96,6.52,0.58,-1,979411,9753543
MOIN,2020-12-02,9.69,9.69,9.38,9.38,3.2,0,-1,1516229,14235577
MOIN,2020-12-01,9.69,9.69,9.38,9.38,4.9,0.44,-1,43926,412340
MOIN,2020-11-29,9.06,9.06,9.06,8.94,1.4,0,-1,10257,92959.5
MOIN,2020-11-26,9.2,9.2,9.06,8.94,2.87,0,-1,3315,30437.12
MOIN,2020-11-25,9.06,9.06,8.91,8.94,-0.35,0,-1,525,4749.75
MOIN,2020-11-24,8.95,8.95,8.94,8.94,-7.8,-0.75,-1,32812,293274.41
MOIN,2020-11-19,9.95,9.95,9.69,9.69,9.94,0.64,-1,216000,2093596.25
MOIN,2020-11-18,9.13,9.13,8.88,9.05,-5.75,-0.63,-1,95021,860102.25
MOIN,2020-11-17,8.89,8.89,8.89,9.68,-8.2,0,-1,223,1990.8
MOIN,2020-11-16,9.69,9.69,9.38,9.68,10,0.87,-1,1885852,18256416
MOIN,2020-11-15,8.92,8.92,8.8,8.81,-1.05,-0.11,-1,2090590,18423112
MOIN,2020-11-12,9.13,9.13,8.8,8.92,0.07,0.12,-1,32800,292504.59
MOIN,2020-11-11,9.29,9.29,8.5,8.8,9.99,0.35,-1,17126935,150573168
MOIN,2020-11-10,8.5,8.5,8.14,8.45,1.12,0.04,-1,25760,217645.7
MOIN,2020-11-09,8.41,8.41,8.41,8.41,-0.15,-0.01,-1,5672,47680.25
MOIN,2020-11-05,8.43,8.43,8.4,8.42,2.27,0.18,-1,24000,202075.25
MOIN,2020-11-04,8.44,8.44,8.44,8.24,2.35,0,-1,8,67.5
MOIN,2020-11-02,8.44,8.44,8.14,8.24,0.07,-0.19,-1,4960,40890
MOIN,2020-10-27,8.44,8.44,8.43,8.43,3.21,0.26,-1,7200,60717.1
MOIN,2020-10-26,8.12,8.12,8.12,8.17,-0.54,0,-1,960,7800
MOIN,2020-10-25,8.44,8.44,8.01,8.17,4.01,0.05,-1,4956,40477.9
MOIN,2020-10-22,8.12,8.12,8.03,8.12,0.15,0,-1,1288,10431.25
MOIN,2020-10-21,8.12,8.12,8.03,8.12,-1.46,-0.03,-1,4480,36355
MOIN,2020-10-20,8.12,8.12,8.12,8.15,-0.31,0,-1,45,364
MOIN,2020-10-19,8.19,8.19,8.12,8.15,-0.31,0,-1,55,443.32
MOIN,2020-10-18,8.13,8.13,8.13,8.15,-0.23,0,-1,45,364.28
MOIN,2020-10-15,8.74,8.74,8.73,8.15,7.21,0,-1,32,279.7
MOIN,2020-10-14,8.16,8.16,8.12,8.15,-7.01,-0.58,-1,4293,34980.06
MOIN,2020-10-13,8.12,8.12,8.12,8.73,-7.01,0,-1,216,1755
MOIN,2020-10-07,8.75,8.75,8.75,8.73,0,0,-1,1049,9184
MOIN,2020-10-06,8.75,8.75,8.75,8.73,0,0,-1,1600,14000
MOIN,2020-10-05,8.75,8.75,8.7,8.73,-5.92,-0.56,-1,6720,58721.38
MOIN,2020-10-04,8.69,8.69,8.62,9.29,0,0,-1,931,8086.6
MOIN,2020-10-01,9.31,9.31,9.16,9.29,8.2,0.83,-1,10137,94126.39
MOIN,2020-09-30,8.73,8.73,8.25,8.46,6.13,0.22,-1,21599,182721.45
MOIN,2020-09-29,8.49,8.49,7.9,8.24,6.33,0.27,-1,5364,44162.22
MOIN,2020-09-28,8.39,8.39,8.39,7.97,5.14,0,-1,200,1677
MOIN,2020-09-27,7.55,7.55,7.5,7.97,-5.89,0,-1,549,4113.64
MOIN,2020-09-24,8.4,8.4,8.4,7.97,5.33,0,-1,120,1008
MOIN,2020-09-23,7.26,7.26,7.26,7.97,-8.9,0,-1,333,2411.98
MOIN,2020-09-22,7.78,7.78,7.28,7.97,0,0,-1,1657,12300.1
MOIN,2020-09-21,8.77,8.77,7.78,7.97,-2.51,0,-1,1135,9042.46
MOIN,2020-09-20,8,8,7.64,7.97,7.45,0.53,-1,63246,504435.84
MOIN,2020-09-17,7.64,7.64,7.64,7.44,2.62,0,-1,301,2292
MOIN,2020-09-16,7.37,7.37,7.37,7.44,-0.94,0,-1,3209,23673.75
MOIN,2020-09-15,7.64,7.64,7.25,7.44,7.99,0.37,-1,5320,39608.14
MOIN,2020-09-13,7.65,7.65,7.1,7.07,0,0,-1,671,4901.77
MOIN,2020-09-10,7.09,7.09,7.06,7.07,-8.76,-0.69,-1,8000,56590
MOIN,2020-09-06,7.75,7.75,7.75,7.76,-0.19,0,-1,2000,15500
MOIN,2020-08-30,8,8,7.19,7.76,0.25,-0.22,-1,4679,36329.03
MOIN,2020-08-27,8,8,7.61,7.98,7.26,0.55,-1,20000,159592
MOIN,2020-08-26,7.5,7.5,7.37,7.43,-4.06,-0.32,-1,5861,43600
MOIN,2020-08-23,7.5,7.5,7.5,7.75,0,0,-1,740,5550
MOIN,2020-08-18,7.5,7.5,7.5,7.75,-3.29,0,-1,3623,27165
MOIN,2020-08-12,7.53,7.53,7.5,7.75,-3.29,0,-1,2581,19381.75
MOIN,2020-08-04,7.5,7.5,7.1,7.75,-8.38,0,-1,2400,17620.9
MOIN,2020-07-27,8.25,8.25,8.25,7.75,6.38,0,-1,600,4950
MOIN,2020-07-22,8.45,8.45,7.38,7.75,-7.32,-0.45,-1,4249,32943.72
MOIN,2020-07-21,8.25,8.25,8.25,8.2,0.61,0,-1,1400,11550
MOIN,2020-07-09,7.93,7.93,7.93,8.2,0,0,-1,1616,12809.88
MOIN,2020-07-08,8.21,8.21,8.15,8.2,-6.82,-0.6,-1,20013,164100.09
MOIN,2020-07-07,8.15,8.15,8.15,8.8,0,0,-1,2000,16300
MOIN,2020-07-06,8.8,8.8,8.62,8.8,0,0,-1,800000,7039775
MOIN,2020-07-05,8.8,8.8,8.77,8.8,3.9,0.33,-1,186000,1636745
MOIN,2020-06-30,8.5,8.5,8.45,8.47,-0.18,-0.02,-1,9260,78447
MOIN,2020-06-29,8.5,8.5,8.45,8.49,-0.18,-0.01,-1,6000,50923.9
MOIN,2020-06-28,8.5,8.5,8.49,8.5,-3.41,-0.3,-1,15740,133789
MOIN,2020-06-23,8.01,8.01,8.01,8.8,0,0,-1,541,4322.7
MOIN,2020-06-18,8.8,8.8,8.8,8.8,0,0,-1,104537,919916.81
MOIN,2020-06-17,8.89,8.89,8,8.8,5.07,0.43,-1,13952584,122782528
MOIN,2020-06-16,8.37,8.37,8.35,8.37,9.98,0.76,-1,715896,5995366
MOIN,2020-06-15,7.8,7.8,7.05,7.61,7.33,0.51,-1,115965,882845.25
MOIN,2020-06-14,7.12,7.12,7,7.1,9.96,0.62,-1,36961,262268.94
MOIN,2020-06-11,6.5,6.5,6.45,6.48,-5.68,-0.38,-1,15983,103499.61
MOIN,2020-06-10,6.96,6.96,6.83,6.86,-9.95,-0.73,-1,32849,225555.23
MOIN,2020-06-09,7.59,7.59,7.56,7.59,0.66,0.05,-1,4321,32786.03
MOIN,2020-06-08,7.59,7.59,6.51,7.54,9.2,0.64,-1,163849,1234436.5
MOIN,2020-06-07,6.91,6.91,6.75,6.9,9.87,0.62,-1,258397,1782762.9
MOIN,2020-06-04,6.33,6.33,5.95,6.28,9.99,0.52,-1,71823,450926.88
MOIN,2020-06-03,5.83,5.83,5.62,5.76,1.68,0.1,-1,42901,246885
MOIN,2020-06-02,5.72,5.72,5.2,5.66,8.85,0.46,-1,106536,603166.81
MOIN,2020-06-01,5.21,5.21,5.08,5.2,8,0.39,-1,836114,4347287.5
MOIN,2020-05-31,5.24,5.24,5.05,4.81,0,0,-1,3200,16550
MOIN,2020-05-20,5,5,5,4.81,0,0,-1,2000,10000
MOIN,2020-05-18,4.95,4.95,4.7,4.81,10,0.31,-1,15840,76309.15
MOIN,2020-05-17,4.87,4.87,4.87,4.5,0,0,-1,3374,16438.25
MOIN,2020-05-14,4.87,4.87,4.87,4.5,0,0,-1,26,126.75
MOIN,2020-05-10,4.87,4.87,4.87,4.5,0,0,-1,600,2925
MOIN,2020-05-04,4.62,4.62,4.62,4.5,0,0,-1,1600,7400
MOIN,2020-05-03,4.55,4.55,4.5,4.5,0,0,-1,4000,18160
MOIN,2020-04-29,4.63,4.63,4.63,4.5,0,0,-1,877,4055.88
MOIN,2020-04-26,4.61,4.61,4.61,4.5,0,0,-1,1501,6907.5
MOIN,2020-04-23,4.62,4.62,4.5,4.5,0,0,-1,5141,23690.5
MOIN,2020-04-21,4.57,4.57,4.5,4.5,0,0,-1,6134,28053
MOIN,2020-04-15,4.5,4.5,4.5,4.5,-2.6,-0.12,-1,10000,45000
MOIN,2020-04-14,4.62,4.62,4.53,4.62,2.78,0.12,-1,7377,34100.85
MOIN,2020-04-13,4.5,4.5,4.4,4.5,2.97,0.13,-1,16409,73804
MOIN,2020-04-12,4.39,4.39,4.24,4.37,9.524,0.38,-1,19805,86556.24
MOIN,2020-04-06,4.03,4.03,4.03,3.99,0,0,-1,1120,4508
MOIN,2020-04-05,4.03,4.03,4.03,3.99,0.88,0,-1,880,3542
MOIN,2020-04-01,4,4,4,3.99,0,0,-1,2200,8800
MOIN,2020-03-31,4,4,4,3.99,0,0,-1,5000,20000
MOIN,2020-03-29,4,4,3.9,3.99,5.28,0.2,-1,19000,75793
MOIN,2020-03-26,3.85,3.85,3.75,3.79,-8.89,-0.37,-1,24954,94545.59
MOIN,2020-03-25,4,4,3.8,4.16,0,0,-1,6000,22987.4
MOIN,2020-03-24,4,4,4,4.16,0,0,-1,1600,6400
MOIN,2020-03-19,4.24,4.24,4.12,4.16,0.85,0.03,-1,13400,55728
MOIN,2020-03-18,3.74,3.74,3.74,4.13,0,0,-1,1565,5849.36
MOIN,2020-03-17,3.74,3.74,3.74,4.13,0,0,-1,497,1855.04
MOIN,2020-03-16,4.13,4.13,4.13,4.13,0,0,-1,87702,361770.75
MOIN,2020-03-15,4.21,4.21,4.13,4.13,0.24,0.02,-1,100094,412896.75
MOIN,2020-03-10,4.13,4.13,3.9,4.11,-0.51,0.19,-1,8446,34739.4
MOIN,2020-03-09,4,4,3.85,3.92,-4.97,-0.21,-1,24000,94021
MOIN,2020-03-08,4.38,4.38,4,4.13,-6.14,-0.26,-1,53400,220298.5
MOIN,2020-03-05,4.46,4.46,4.35,4.39,-2.01,-0.1,-1,85880,377388.81
MOIN,2020-03-04,4.5,4.5,4.45,4.49,0.45,0.03,-1,18000,80700
MOIN,2020-03-02,4.5,4.5,4.4,4.46,-1.33,-0.07,-1,11101,49550
MOIN,2020-03-01,4.68,4.68,4.4,4.53,-4.84,-0.22,-1,32000,144726.2
MOIN,2020-02-27,4.78,4.78,4.75,4.75,-3.06,-0.15,-1,34274,162933.09
MOIN,2020-02-26,4.75,4.75,4.75,4.9,0,0,-1,280,1331.4
MOIN,2020-02-25,4.9,4.9,4.9,4.9,0,0,-1,2701,13230
MOIN,2020-02-24,4.99,4.99,4.9,4.9,-1.9,-0.1,-1,43400,212809.06
MOIN,2020-02-20,5,5,5,5,0.2,0.01,-1,17600,88000
MOIN,2020-02-19,5,5,4.99,4.99,0,0,-1,4000,19990
MOIN,2020-02-18,5.01,5.01,4.95,4.99,-0.3,-0.02,-1,37943,189425
MOIN,2020-02-17,5.05,5.05,5,5.01,0.1,0.01,-1,27000,135181.5
MOIN,2020-02-16,5.01,5.01,5.01,5,0,0,-1,1000,5005
MOIN,2020-02-12,5,5,5,5,0,0,-1,11478,57390
MOIN,2020-02-10,5,5,5,5,0.1,0.01,-1,12400,62000
MOIN,2020-02-09,5,5,5,4.99,0,0,-1,2000,10000
MOIN,2020-02-06,5,5,4.97,4.99,0,0,-1,4799,23989.28
MOIN,2020-02-04,5,5,4.95,4.99,-0.2,-0.02,-1,18928,94504.6
MOIN,2020-02-03,5.02,5.02,5,5.01,-1.38,-0.07,-1,17501,87600
MOIN,2020-01-30,5.22,5.22,4.6,5.08,6.84,0.33,-1,80714,409606.25
MOIN,2020-01-29,4.75,4.75,4.75,4.75,0,0,-1,9721,46179.5
MOIN,2020-01-28,4.75,4.75,4.75,4.75,0,0,-1,15000,71250
MOIN,2020-01-27,4.75,4.75,4.75,4.75,0,0,-1,20,95
MOIN,2020-01-26,4.75,4.75,4.75,4.75,3.49,0.16,-1,20417,96976
MOIN,2020-01-23,4.74,4.74,4.54,4.59,0.66,0.03,-1,21040,96623.14
MOIN,2020-01-22,4.57,4.57,4.54,4.56,-0.22,-0.01,-1,15854,72285.39
MOIN,2020-01-21,4.69,4.69,4.51,4.57,-3.48,-0.17,-1,23004,105142.25
MOIN,2020-01-20,4.75,4.75,4.7,4.74,-0.63,-0.02,-1,12530,59304.25
MOIN,2020-01-19,4.75,4.75,4.75,4.76,0,0,-1,2000,9500
MOIN,2020-01-16,4.83,4.83,4.75,4.76,4.27,0.19,-1,25343,120699.5
MOIN,2020-01-14,4.75,4.75,4.75,4.57,0,0,-1,461,2185
MOIN,2020-01-13,4.75,4.75,4.54,4.57,-8.96,-0.45,-1,29009,132531.95
MOIN,2020-01-06,5.08,5.08,4.8,5.02,8.42,0.39,-1,20960,105215.78
MOIN,2020-01-05,4.57,4.57,4.51,4.63,0,0,-1,5900,26778
MOIN,2020-01-02,4.65,4.65,4.62,4.63,0,0,-1,3909,18145.25
MOIN,2019-12-31,4.65,4.65,4.62,4.63,0,0,-1,5000,23157.45
MOIN,2019-12-30,4.68,4.68,4.63,4.63,0,0,-1,1200,5605.4
MOIN,2019-12-26,4.7,4.7,4.7,4.63,0,0,-1,2400,11280
MOIN,2019-12-25,4.75,4.75,4.75,4.63,0,0,-1,3301,15665
MOIN,2019-12-24,4.9,4.9,4.75,4.63,0,0,-1,3517,16928.82
MOIN,2019-12-22,4.62,4.62,4.62,4.63,0,0,-1,5870,27148.75
MOIN,2019-12-19,4.65,4.65,4.62,4.63,-7.68,-0.38,-1,29600,136997.5
MOIN,2019-12-18,4.97,4.97,4.62,5.01,0,0,-1,4426,21066.85
MOIN,2019-12-17,5.05,5.05,5,5.01,0,0,-1,4141,20720
MOIN,2019-12-16,5.01,5.01,4.75,5.01,0,0,-1,2317,11469
MOIN,2019-12-15,5.44,5.44,5.44,5.01,0,0,-1,366,1991.04
MOIN,2019-12-10,5.12,5.12,5,5.01,0,0,-1,3050,15560.25
MOIN,2019-12-09,5.36,5.36,5.12,5.01,0,0,-1,3470,18271.6
MOIN,2019-12-08,5.15,5.15,5,5.01,-5.11,-0.27,-1,18214,91252.71
MOIN,2019-12-05,5.3,5.3,5.25,5.28,2.33,0.12,-1,7369,38902.7
MOIN,2019-12-04,5.25,5.25,4.97,5.16,4.56,0.23,-1,20640,106481.65
MOIN,2019-12-03,5,5,4.87,4.93,-3.99,-0.21,-1,8358,41232.5
MOIN,2019-12-02,5.12,5.12,5,5.14,0,0,-1,5300,26675
MOIN,2019-11-27,5,5,5,5.14,0,0,-1,1000,5000
MOIN,2019-11-26,5.12,5.12,5.1,5.14,0,0,-1,3000,15315
MOIN,2019-11-21,5.12,5.12,5.12,5.14,0,0,-1,2000,10250
MOIN,2019-11-20,5.15,5.15,5.12,5.14,-1.91,-0.1,-1,7306,37546.4
MOIN,2019-11-19,5.24,5.24,5.12,5.24,-0.29,-0.02,-1,702873,3682779.25
MOIN,2019-11-18,5.25,5.25,5.12,5.26,0,0,-1,3890,20250.6
MOIN,2019-11-17,5.45,5.45,5.1,5.26,-5.32,-0.29,-1,9241,48557.7
MOIN,2019-11-14,5.56,5.56,5.49,5.55,9.25,0.47,-1,6701,37173.98
MOIN,2019-11-13,5.55,5.55,4.93,5.08,-1.65,-0.08,-1,11177,56796.84
MOIN,2019-11-12,5.18,5.18,5.12,5.16,0,0,-1,4686,24082.85
MOIN,2019-11-11,5.25,5.25,5.16,5.16,0.78,0.04,-1,84282,435370.22
MOIN,2019-11-07,5.15,5.15,5.15,5.12,0.49,0,-1,462,2379.3
MOIN,2019-11-06,5.12,5.12,5.12,5.12,1.49,0.07,-1,12980,66519.75
MOIN,2019-11-04,5.12,5.12,5.12,5.05,0,0,-1,421,2152.5
MOIN,2019-11-03,5.12,5.12,5.01,5.05,1.1,0.06,-1,8101,40890.84
MOIN,2019-10-31,5.05,5.05,5.01,4.99,0,0,-1,3000,15147.28
MOIN,2019-10-30,5.05,5.05,4.93,4.99,1.42,0.06,-1,14286,71377.04
MOIN,2019-10-29,5.05,5.05,5,4.93,0,0,-1,3361,16951.5
MOIN,2019-10-28,5.02,5.02,4.9,4.93,-0.71,-0.04,-1,24600,121148.15
MOIN,2019-10-27,5.04,5.04,4.9,4.97,-3.22,-0.15,-1,48871,242366.27
MOIN,2019-10-22,5.18,5.18,5.01,5.12,0,0,-1,5824,29774.5
MOIN,2019-10-21,5.12,5.12,5.12,5.12,1.79,0.08,-1,6184,31693
MOIN,2019-10-20,5.12,5.12,5.12,5.04,0,0,-1,166,850.75
MOIN,2019-10-14,5.05,5.05,4.95,5.04,-1.18,-0.05,-1,7255,36514.4
MOIN,2019-10-10,5.12,5.12,5.08,5.09,1.9,0.09,-1,6834,34814.25
MOIN,2019-10-09,5.12,5.12,5.12,5,0,0,-1,20,102.5
MOIN,2019-10-08,5.12,5.12,5.12,5,0,0,-1,2000,10250
MOIN,2019-10-07,5.02,5.02,5.01,5,0,0,-1,2021,10130.1
MOIN,2019-10-02,5,5,5,5,-0.6,-0.03,-1,61229,306140
MOIN,2019-10-01,5,5,5,5.03,0,0,-1,4287,21430
MOIN,2019-09-26,5.27,5.27,5.27,5.03,4.77,0,-1,106,558.62
MOIN,2019-09-23,5.05,5.05,5.05,5.03,0,0,-1,181,909
MOIN,2019-09-22,5.05,5.05,4.99,5.03,-0.4,-0.02,-1,76789,386381.41
MOIN,2019-09-19,5.05,5.05,5.05,5.05,0,0,-1,301,1515
MOIN,2019-09-18,5.05,5.05,5.05,5.05,0.1,0.01,-1,18517,93505.8
MOIN,2019-09-17,5.05,5.05,5,5.04,0.3,0.01,-1,24558,123917.9
MOIN,2019-09-16,5.1,5.1,5.02,5.03,0,0,-1,6702,33710.65
MOIN,2019-09-15,5.04,5.04,5,5.03,0,0,-1,2200,11007
MOIN,2019-09-12,5.05,5.05,5,5.03,1.31,0.06,-1,12000,60350
MOIN,2019-09-11,5,5,5,4.97,0,0,-1,400,2000
MOIN,2019-09-10,5,5,5,4.97,0,0,-1,301,1500
MOIN,2019-09-09,5,5,5,4.97,0,0,-1,2000,10000
MOIN,2019-09-08,5,5,4.93,4.97,-1.88,-0.09,-1,14510,72046.3
MOIN,2019-09-05,5.05,5.05,5,5.06,0,0,-1,4600,23100
MOIN,2019-09-03,5.08,5.08,4.93,5.06,0.2,0.01,-1,7080,35832.3
MOIN,2019-09-02,5.05,5.05,5.04,5.05,-0.69,-0.03,-1,13321,67268.27
MOIN,2019-09-01,5.12,5.12,5.1,5.08,0,0,-1,1776,9062.05
MOIN,2019-08-29,5.12,5.12,5.05,5.08,2.11,0.1,-1,5922,30108.73
MOIN,2019-08-27,5,5,5,4.98,0,0,-1,721,3610
MOIN,2019-08-26,5,5,5,4.98,0,0,-1,1302,6510
MOIN,2019-08-25,5,5,4.77,4.98,-0.6,-0.03,-1,11461,57094.2
MOIN,2019-08-21,5.15,5.15,5,5.01,1.73,0.08,-1,7070,35409.45
MOIN,2019-08-20,4.99,4.99,4.87,4.93,7.07,0.33,-1,16097,79268.92
MOIN,2019-08-18,5.01,5.01,4.65,4.6,0,0,-1,4527,21248.2
MOIN,2019-08-15,5.01,5.01,4.99,4.6,0,0,-1,3901,19503.5
MOIN,2019-08-14,5.01,5.01,4.75,4.6,0,0,-1,5543,27425.13
MOIN,2019-08-08,4.61,4.61,4.6,4.6,-5.45,-0.26,-1,6638,30544.4
MOIN,2019-08-06,4.53,4.53,4.53,4.86,0,0,-1,3000,13575
MOIN,2019-08-04,4.45,4.45,4.45,4.86,0,0,-1,956,4254.2
MOIN,2019-07-31,4.63,4.63,4.4,4.86,0,0,-1,6486,28740.4
MOIN,2019-07-29,4.7,4.7,4.7,4.86,0,0,-1,1017,4784.6
MOIN,2019-07-28,4.86,4.86,4.86,4.86,0,0,-1,500,2432.5
MOIN,2019-07-24,4.75,4.75,4.75,4.86,-2.36,0,-1,1800,8553.55
MOIN,2019-07-22,4.87,4.87,4.87,4.86,0,0,-1,481,2349.75
MOIN,2019-07-21,4.95,4.95,4.95,4.86,0,0,-1,1,9.9
MOIN,2019-07-16,4.87,4.87,4.87,4.86,0,0,-1,2217,10812.75
MOIN,2019-07-15,5.35,5.35,4.63,4.86,0,0,-1,3310,16917.4
MOIN,2019-07-14,4.93,4.93,4.84,4.86,0.33,0.01,-1,12042,58590
MOIN,2019-07-11,4.89,4.89,4.84,4.85,-1.233,-0.06,-1,16126,78154.48
MOIN,2019-07-10,4.9,4.9,4.89,4.91,0,0,-1,608,2975.4
MOIN,2019-07-09,5.22,5.22,4.89,4.91,0,0,-1,2590,12702.75
MOIN,2019-07-08,5.16,5.16,4.89,4.91,0,0,-1,5066,25438.83
MOIN,2019-07-03,4.94,4.94,4.93,4.91,0,0,-1,3084,15239.84
MOIN,2019-06-25,4.97,4.97,4.93,4.91,0,0,-1,2604,12877.5
MOIN,2019-06-24,5,5,5,4.91,0,0,-1,2480,12400
MOIN,2019-06-23,5.21,5.21,4.76,4.91,3.4,0.16,-1,13453,66026.6
MOIN,2019-06-19,4.84,4.84,4.84,4.75,0,0,-1,4958,24000
MOIN,2019-06-18,4.76,4.76,4.76,4.75,0,0,-1,1240,5902
MOIN,2019-06-17,4.98,4.98,4.98,4.75,4.93,0,-1,2455,12226.5
MOIN,2019-06-13,4.7,4.7,4.68,4.75,0,0,-1,4145,19445.2
MOIN,2019-06-12,4.76,4.76,4.71,4.75,0.17,0.01,-1,21074,100045.4
MOIN,2019-06-11,4.75,4.75,4.74,4.74,-2.08,-0.1,-1,11159,52890
MOIN,2019-05-26,4.84,4.84,4.84,4.84,9.79,0.43,-1,6297,30480
MOIN,2019-05-21,4.64,4.64,4.64,4.41,0,0,-1,4711,21850
MOIN,2019-05-20,4.64,4.64,4.64,4.41,0,0,-1,1199,5554.5
MOIN,2019-05-19,4.64,4.64,4.64,4.41,0,0,-1,2480,11500
MOIN,2019-05-16,4.46,4.46,4.34,4.41,-8.15,-0.39,-1,13421,59154.25
MOIN,2019-05-15,4.74,4.74,4.74,4.8,0,0,-1,6198,29375
MOIN,2019-05-14,4.8,4.8,4.74,4.8,0,0,-1,5816,27617.4
MOIN,2019-05-09,4.76,4.76,4.74,4.8,0,0,-1,5306,25195
MOIN,2019-05-08,4.89,4.89,4.76,4.8,-6.08,-0.32,-1,11159,53543.4
MOIN,2019-05-06,5.15,5.15,4.97,5.12,3.01,0.15,-1,11281,57654.5
MOIN,2019-05-05,5,5,5,4.97,0,0,-1,24,124
MOIN,2019-05-02,5,5,4.97,4.97,0.41,0.04,-1,10656,52870.2
MOIN,2019-04-30,4.88,4.88,4.88,4.93,0,0,-1,2480,12100
MOIN,2019-04-23,4.98,4.98,4.98,4.93,0,0,-1,2480,12350
MOIN,2019-04-22,5.15,5.15,5.15,4.93,0,0,-1,57,293.25
MOIN,2019-04-18,5,5,4.99,4.93,0,0,-1,2109,10535.95
MOIN,2019-04-17,4.99,4.99,4.99,4.93,0,0,-1,5026,25114.53
MOIN,2019-04-16,5,5,5,4.93,1.22,0,-1,4887,24440.4
MOIN,2019-04-15,5,5,5,4.93,0,0,-1,2503,12524
MOIN,2019-04-04,5,5,4.92,4.93,-1.45,-0.08,-1,10681,52762.6
MOIN,2019-04-03,5.04,5.04,5,5.01,-1.74,-0.09,-1,52542,263332.72
MOIN,2019-04-02,5.24,5.24,5.01,5.1,-8.2,-0.46,-1,33472,170724.41
MOIN,2019-03-31,5.59,5.59,5.16,5.56,3.3,0.18,-1,145042,805935
MOIN,2019-03-27,5.38,5.38,5.16,5.38,0,0,-1,2400,12566.98
MOIN,2019-03-26,5.24,5.24,5.16,5.38,0,0,-1,3349,17480
MOIN,2019-03-24,5.38,5.38,5.19,5.38,0,0,-1,3102,16075.84
MOIN,2019-03-21,5.24,5.24,5.24,5.38,0,0,-1,4958,26000
MOIN,2019-03-14,5.24,5.24,5.19,5.38,0,0,-1,1125,5881.05
MOIN,2019-03-13,5.52,5.52,5.44,5.38,0,0,-1,1117,6077
MOIN,2019-03-11,5.4,5.4,5.37,5.38,0.23,0.01,-1,6447,34675
MOIN,2019-03-07,5.48,5.48,5.18,5.37,0,0,-1,4642,25135.76
MOIN,2019-03-06,5.44,5.44,5.24,5.37,-3.83,-0.21,-1,17300,92855.72
MOIN,2019-03-05,5.44,5.44,5.29,5.58,0,0,-1,2976,15760
MOIN,2019-03-03,5.24,5.24,5.16,5.58,0,0,-1,4214,21913.8
MOIN,2019-02-28,5.24,5.24,5.24,5.58,0,0,-1,573,3003
MOIN,2019-02-27,5.64,5.64,5.24,5.58,4.14,0.21,-1,1150233,6418521
MOIN,2019-02-26,5.36,5.36,5.24,5.37,0,0,-1,2990,15930.6
MOIN,2019-02-25,5.4,5.4,5.35,5.37,0,0,-1,2480,13315.35
MOIN,2019-02-21,5.4,5.4,5.37,5.37,0,0,-1,4958,26717
MOIN,2019-02-20,5.37,5.37,5.34,5.37,-1.77,-0.09,-1,6137,32893.75
MOIN,2019-02-19,5.55,5.55,5.34,5.46,0,0,-1,383,2090.5
MOIN,2019-02-18,5.64,5.64,5.44,5.46,-1.528,-0.08,-1,26281,143398.05
MOIN,2019-02-17,5.44,5.44,5.44,5.54,-1.75,0,-1,2502,13621.5
MOIN,2019-02-14,5.54,5.54,5.54,5.54,0,0,-1,2480,13720
MOIN,2019-02-13,5.54,5.54,5.54,5.54,-0.07,-0.01,-1,7416,41096.34
MOIN,2019-02-12,5.55,5.55,5.44,5.55,0,0,-1,4346,23962.75
MOIN,2019-02-11,5.44,5.44,5.44,5.55,0,0,-1,208,1134
MOIN,2019-02-10,5.55,5.55,5.55,5.55,0,0,-1,954,5293.75
MOIN,2019-02-07,5.54,5.54,5.52,5.55,0,0,-1,2543,14043
MOIN,2019-02-06,5.44,5.44,5.44,5.55,0,0,-1,33,189
MOIN,2019-02-05,5.44,5.44,5.44,5.55,0,0,-1,2976,16200
MOIN,2019-02-04,5.44,5.44,5.44,5.55,0,0,-1,3442,18738
MOIN,2019-01-31,5.55,5.55,5.44,5.55,4.17,0.22,-1,124717,691652
MOIN,2019-01-30,5.37,5.37,5.37,5.33,0,0,-1,23,119.7
MOIN,2019-01-28,5.55,5.55,5.31,5.33,1.85,-0.11,-1,23569,125516.66
MOIN,2019-01-27,5.44,5.44,5.3,5.44,-2.59,0,-1,3853,20872.6
MOIN,2019-01-23,5.24,5.24,5.24,5.44,0,0,-1,137,715
MOIN,2019-01-21,5.44,5.44,5.44,5.44,-1.82,-0.11,-1,6277,34168.5
MOIN,2019-01-17,5.44,5.44,5.4,5.55,0,0,-1,2480,13450
MOIN,2019-01-16,5.49,5.49,5.44,5.55,0,0,-1,1240,6757.5
MOIN,2019-01-15,5.44,5.44,5.44,5.55,0,0,-1,2480,13500
MOIN,2019-01-14,5.31,5.31,5.31,5.55,0,0,-1,2231,11844
MOIN,2019-01-13,5.55,5.55,5.54,5.55,0.66,0.04,-1,123966,687481
MOIN,2019-01-10,5.52,5.52,5.26,5.51,0,0,-1,3661,20078.05
MOIN,2019-01-09,5.6,5.6,5.52,5.51,0,0,-1,677,3743.52
MOIN,2019-01-08,5.52,5.52,5.51,5.51,1.19,0.07,-1,14133,77890
MOIN,2019-01-03,5.61,5.61,5.61,5.44,0,0,-1,214,1195.4
MOIN,2019-01-02,5.61,5.61,5.61,5.44,0,0,-1,2976,16680
MOIN,2018-12-31,5.64,5.64,5.64,5.44,0,0,-1,349,1957
MOIN,2018-12-26,5.44,5.44,5.44,5.44,-3.36,-0.2,-1,9169,49923
MOIN,2018-12-24,5.52,5.52,5.24,5.64,0,0,-1,757,3971.43
MOIN,2018-12-20,5.61,5.61,5.61,5.64,0,0,-1,116,653.3
MOIN,2018-12-19,5.61,5.61,5.61,5.64,0,0,-1,1984,11120
MOIN,2018-12-17,5.64,5.64,5.62,5.64,0.22,0.02,-1,81817,460845
MOIN,2018-12-16,5.64,5.64,5.33,5.62,3.03,0.16,-1,277686,1561687.25
MOIN,2018-12-13,5.49,5.49,5.34,5.46,1.35,0.07,-1,82896,452342.5
MOIN,2018-12-11,5.34,5.34,5.34,5.39,0,0,-1,1240,6625
MOIN,2018-12-03,5.56,5.56,5.24,5.39,-4.23,-0.23,-1,13884,74780.8
MOIN,2018-12-02,5.52,5.52,5.12,5.62,0,0,-1,3149,16252.5
MOIN,2018-11-26,5.24,5.24,5.24,5.62,0,0,-1,138,728
MOIN,2018-11-21,5.24,5.24,5.24,5.62,0,0,-1,4006,21008
MOIN,2018-11-15,5.64,5.64,5.6,5.62,2.802,0.15,-1,6463,36334.73
MOIN,2018-11-14,5.51,5.51,5.4,5.47,0.44,0.03,-1,5489,30032.22
MOIN,2018-11-13,5.44,5.44,5.44,5.44,0.07,0,-1,10554,57469.5
MOIN,2018-11-12,5.36,5.36,5.34,5.44,0,0,-1,2480,13267.71
MOIN,2018-11-11,5.62,5.62,5.62,5.44,0,0,-1,162,906.75
MOIN,2018-11-06,5.62,5.62,5.58,5.44,0,0,-1,973,5448.9
MOIN,2018-11-05,5.44,5.44,5.44,5.44,0,0,-1,3120,16970.42
MOIN,2018-11-04,5.44,5.44,5.44,5.44,0.97,0.05,-1,15005,81631.48
MOIN,2018-11-01,5.26,5.26,5.25,5.39,0,0,-1,2141,11240.51
MOIN,2018-10-31,5.29,5.29,5.27,5.39,0,0,-1,2480,13091.5
MOIN,2018-10-30,5.41,5.41,5.34,5.39,2.69,0.15,-1,11714,63142.84
MOIN,2018-10-29,5.24,5.24,5.24,5.24,0,0,-1,2480,13010
MOIN,2018-10-28,5.37,5.37,5.37,5.24,0,0,-1,125,666
MOIN,2018-10-25,5.08,5.08,5.06,5.24,-3.54,0,-1,2480,12577.75
MOIN,2018-10-24,5.37,5.37,5.05,5.24,0,0,-1,4537,24261.4
MOIN,2018-10-23,5.26,5.26,5.24,5.24,0.077,0,-1,10010,52505.24
MOIN,2018-10-22,5.24,5.24,5.24,5.24,-2.62,-0.15,-1,10694,56069
MOIN,2018-10-21,5.39,5.39,5.39,5.39,2.53,0.14,-1,12397,66750
MOIN,2018-10-18,5.37,5.37,5.37,5.25,0,0,-1,1861,9975
MOIN,2018-10-15,5.41,5.41,5.24,5.25,0.08,0.01,-1,6024,31632
MOIN,2018-10-11,5.4,5.4,5.24,5.24,-2.98,-0.17,-1,30798,161552.5
MOIN,2018-10-09,5.15,5.15,5.04,5.41,0,0,-1,744,3783.72
MOIN,2018-10-08,5.46,5.46,5.24,5.41,8,0.37,-1,149503,808342.13
MOIN,2018-10-04,5.04,5.04,5.04,5.04,0,0,-1,2480,12500
MOIN,2018-10-03,4.93,4.93,4.93,5.04,0,0,-1,1240,6125
MOIN,2018-10-02,5.04,5.04,5.04,5.04,0,0,-1,2480,12500
MOIN,2018-10-01,5.04,5.04,5.04,5.04,-0.71,-0.04,-1,17097,86200
MOIN,2018-09-30,4.97,4.97,4.93,5.08,0,0,-1,3349,16587.5
MOIN,2018-09-27,5.21,5.21,5.04,5.08,2.11,0.11,-1,12744,64712.56
MOIN,2018-09-26,4.84,4.84,4.84,4.97,0,0,-1,65,324
MOIN,2018-09-24,5,5,4.91,4.97,7.12,0.33,-1,11368,56525.7
MOIN,2018-09-23,4.54,4.54,4.54,4.64,0,0,-1,1117,5062.5
MOIN,2018-09-20,4.64,4.64,4.64,4.64,0,0,-1,794,3680
MOIN,2018-09-19,4.66,4.66,4.64,4.64,-6.73,-0.33,-1,13389,62179
MOIN,2018-09-17,4.9,4.9,4.84,4.97,0,0,-1,2480,12060
MOIN,2018-09-13,5.04,5.04,4.97,4.97,-2.06,-0.11,-1,7896,39315.5
MOIN,2018-09-12,5.08,5.08,5.08,5.08,2.27,0.11,-1,33190,168676.2
MOIN,2018-09-10,4.98,4.98,4.97,4.97,-3.45,-0.18,-1,8900,44214.5
MOIN,2018-09-09,5.34,5.34,5.04,5.15,5.45,0.27,-1,13389,68892
MOIN,2018-09-06,4.97,4.97,4.86,4.88,0,0,-1,1990,9748.15
MOIN,2018-09-05,5.16,5.16,4.85,4.88,-6.56,-0.34,-1,8465,41328.9
MOIN,2018-09-04,5.22,5.22,5.22,5.22,2.7,0.14,-1,29714,155195.75
MOIN,2018-09-03,5.24,5.24,4.98,5.08,5.08,0.24,-1,2254069,11465059
MOIN,2018-09-02,4.86,4.86,4.84,4.84,4.53,0.21,-1,22233,107646
MOIN,2018-08-16,4.86,4.86,4.79,4.63,0,0,-1,2231,10711.89
MOIN,2018-08-13,4.64,4.64,4.6,4.63,-2.96,-0.14,-1,10743,49742
MOIN,2018-08-12,4.84,4.84,4.8,4.77,0,0,-1,4214,20328
MOIN,2018-08-08,4.79,4.79,4.74,4.77,1.98,0.09,-1,10864,51831.36
MOIN,2018-08-07,4.72,4.72,4.64,4.68,1.13,0.06,-1,19384,90700.15
MOIN,2018-08-06,4.64,4.64,4.6,4.62,1.96,0.08,-1,20082,92940
MOIN,2018-08-02,4.54,4.54,4.54,4.54,-2.17,-0.1,-1,14256,64687.5
MOIN,2018-08-01,4.47,4.47,4.47,4.64,0,0,-1,2480,11100
MOIN,2018-07-31,4.54,4.54,4.52,4.64,0,0,-1,5440,24666.74
MOIN,2018-07-30,4.56,4.56,4.54,4.64,0,0,-1,5703,25937
MOIN,2018-07-29,4.64,4.64,4.58,4.64,0,0,-1,2783,12848.7
MOIN,2018-07-26,4.64,4.64,4.64,4.64,0,0,-1,20825,96590
MOIN,2018-07-25,4.64,4.64,4.64,4.64,0,0,-1,2480,11491
MOIN,2018-07-24,4.56,4.56,4.56,4.64,0,0,-1,4489,20453
MOIN,2018-07-19,4.64,4.64,4.6,4.64,0.35,0.02,-1,14897,69091.2
MOIN,2018-07-18,4.72,4.72,4.68,4.62,0,0,-1,2728,12770
MOIN,2018-07-16,4.7,4.7,4.47,4.62,0.88,0.04,-1,31612,146062.84
MOIN,2018-07-15,4.79,4.79,4.43,4.58,-1.56,-0.07,-1,8058,36927.81
MOIN,2018-07-12,4.79,4.79,4.79,4.65,0,0,-1,1240,5945
MOIN,2018-07-11,4.83,4.83,4.6,4.65,-3.19,-0.16,-1,21613,100576.6
MOIN,2018-07-10,4.84,4.84,4.6,4.81,6.14,0.28,-1,118182,568168.5
MOIN,2018-07-09,4.6,4.6,4.46,4.53,-1.4,-0.06,-1,8502,38510.02
MOIN,2018-07-08,4.61,4.61,4.43,4.59,4.98,0.21,-1,29405,135121.5
MOIN,2018-07-05,4.43,4.43,4.43,4.38,0,0,-1,5577,24750
MOIN,2018-07-02,4.49,4.49,4.18,4.38,0,0,-1,3297,14178.9
MOIN,2018-06-28,4.43,4.43,4.32,4.38,-1.36,-0.05,-1,7686,33630
MOIN,2018-06-27,4.43,4.43,4.43,4.43,0,0,-1,8154,36179
MOIN,2018-06-26,4.43,4.43,4.43,4.43,0,0,-1,12272,54450
MOIN,2018-06-25,4.43,4.43,4.29,4.43,-0.9,-0.04,-1,69456,308129.09
MOIN,2018-06-24,4.56,4.56,4.43,4.47,-0.27,-0.02,-1,7686,34400
MOIN,2018-06-20,4.49,4.49,4.47,4.49,-0.27,0,-1,6198,27795
MOIN,2018-06-13,4.56,4.56,4.43,4.49,1.18,0.06,-1,14876,66795.75
MOIN,2018-06-12,4.43,4.43,4.43,4.43,0,0,-1,4958,22010
MOIN,2018-06-10,4.43,4.43,4.43,4.43,0,0,-1,448,1991
MOIN,2018-06-07,4.48,4.48,4.43,4.43,0,0,-1,5210,23177.11
MOIN,2018-06-06,4.43,4.43,4.43,4.43,-1.79,-0.08,-1,18216,80840.62
MOIN,2018-06-05,4.72,4.72,4.43,4.51,0.36,0.01,-1,50369,227608.91
MOIN,2018-06-04,4.47,4.47,4.43,4.5,0,0,-1,6322,28085
MOIN,2018-06-03,4.54,4.54,4.43,4.5,1.18,0.05,-1,13637,61395
MOIN,2018-05-30,4.43,4.43,4.43,4.45,0,0,-1,2480,11000
MOIN,2018-05-29,4.47,4.47,4.43,4.45,0.36,0.02,-1,7439,33080
MOIN,2018-05-28,4.47,4.47,4.34,4.43,4.56,0.18,-1,20584,91207.1
MOIN,2018-05-22,4.5,4.5,4.24,4.25,-1.13,-0.03,-1,7561,32078.89
MOIN,2018-05-21,4.51,4.51,4.28,4.28,-3.54,-0.17,-1,8802,37769.5
MOIN,2018-05-20,4.66,4.66,4.43,4.45,-1.87,-0.09,-1,16280,72399.17
MOIN,2018-05-17,4.58,4.58,4.43,4.54,2.74,0.13,-1,32703,148301.25
MOIN,2018-05-16,4.51,4.51,4.19,4.41,6.52,0.27,-1,55190,243539.89
MOIN,2018-05-15,4.33,4.33,4.33,4.14,0,0,-1,2480,10740
MOIN,2018-05-14,4.16,4.16,4.03,4.14,-0.87,-0.04,-1,28789,119209.59
MOIN,2018-05-13,4.39,4.39,4.14,4.18,0,0,-1,3248,13459.5
MOIN,2018-05-10,4.24,4.24,4.14,4.18,-0.96,-0.04,-1,18175,75956.95
MOIN,2018-05-09,4.4,4.4,4.07,4.22,-2.52,-0.11,-1,13511,56983.5
MOIN,2018-05-08,4.43,4.43,4.18,4.33,2.78,0.12,-1,23623,102214.77
MOIN,2018-05-07,4.34,4.34,4.21,4.21,0,0,-1,4829,20455.25
MOIN,2018-05-06,4.43,4.43,4.18,4.21,0,0,-1,4310,18305.75
MOIN,2018-05-03,4.43,4.43,4.03,4.21,-5.18,-0.22,-1,14866,62592.96
MOIN,2018-05-02,4.46,4.46,4.09,4.43,-2.22,-0.11,-1,83210,369499
MOIN,2018-04-29,4.59,4.59,4.54,4.54,2.18,0.1,-1,41294,187480.45
MOIN,2018-04-26,4.64,4.64,4.43,4.44,-3.67,-0.17,-1,275330,1223548.38
MOIN,2018-04-24,4.64,4.64,4.59,4.61,2.97,0.13,-1,20703,95541
MOIN,2018-04-23,4.68,4.68,4.43,4.48,-3.31,-0.16,-1,89432,400889.63
MOIN,2018-04-22,4.64,4.64,4.54,4.64,2.32,0.11,-1,137034,635111.19
MOIN,2018-04-19,4.64,4.64,4.43,4.53,-0.35,-0.01,-1,22314,101050
MOIN,2018-04-16,4.56,4.56,4.53,4.54,-1.91,-0.1,-1,8183,37191
MOIN,2018-04-15,4.54,4.54,4.54,4.64,-2.09,0,-1,137,618.75
MOIN,2018-04-12,4.62,4.62,4.6,4.64,0,0,-1,2242,10332.1
MOIN,2018-04-11,4.64,4.64,4.64,4.64,-1.29,-0.05,-1,12397,57471.77
MOIN,2018-04-10,4.72,4.72,4.64,4.69,1.31,0.05,-1,7934,37247.42
MOIN,2018-04-05,4.68,4.68,4.53,4.64,1.32,0.07,-1,8911,41278.5
MOIN,2018-04-04,4.58,4.58,4.53,4.57,-1.22,-0.06,-1,8200,37500.14
MOIN,2018-04-03,4.82,4.82,4.57,4.63,-0.69,-0.03,-1,8170,37828.65
MOIN,2018-04-02,4.72,4.72,4.64,4.66,-2.69,-0.13,-1,22314,104014.6
MOIN,2018-04-01,4.84,4.84,4.59,4.79,1.8,0.08,-1,17269,82726.6
MOIN,2018-03-29,4.8,4.8,4.49,4.71,2.1,0.1,-1,19893,93656.5
MOIN,2018-03-28,4.64,4.64,4.46,4.61,0.7,0.03,-1,9055,41748.55
MOIN,2018-03-27,4.79,4.79,4.43,4.58,-1.13,-0.05,-1,13023,59599.51
MOIN,2018-03-26,4.88,4.88,4.51,4.63,-2.13,-0.1,-1,16736,77463.02
MOIN,2018-03-25,5.21,5.21,5.21,5.21,2.63,0.14,-1,85220,443399.03
MOIN,2018-03-22,4.66,4.66,4.6,4.61,-0.4,-0.01,-1,12392,57134.28
MOIN,2018-03-21,4.75,4.75,4.59,4.62,-1.56,-0.08,-1,15808,73121.02
MOIN,2018-03-20,4.77,4.77,4.6,4.7,-1.84,-0.09,-1,6734,31651.17
MOIN,2018-03-19,4.84,4.84,4.75,4.79,0.77,0.04,-1,14728,70522
MOIN,2018-03-18,4.81,4.81,4.69,4.75,-0.15,-0.01,-1,28690,136342.8
MOIN,2018-03-15,4.9,4.9,4.57,4.76,5.87,0.26,-1,208423,991805.25
MOIN,2018-03-14,4.58,4.58,4.43,4.5,0.66,0.04,-1,63042,283302.59
MOIN,2018-03-13,4.65,4.65,4.4,4.46,-2.25,-0.11,-1,535781,2393033.75
MOIN,2018-03-12,4.76,4.76,4.4,4.57,-1.77,-0.21,-1,257493,1176153.25
MOIN,2018-03-11,5.01,5.01,4.73,4.78,-0.76,-0.03,-1,96444,460588
MOIN,2018-03-08,5.22,5.22,4.76,4.81,-4.27,-0.17,-1,300605,1446193.63
MOIN,2018-03-07,5.48,5.48,4.87,4.98,-2.72,-0.14,-1,284544,1417164.88
MOIN,2018-03-06,5.37,5.37,4.81,5.12,-4.12,-0.21,-1,43000,220037.84
MOIN,2018-03-05,5.35,5.35,5.33,5.33,-8.83,-0.53,-1,6817,36403
MOIN,2018-03-04,5.77,5.77,5.51,5.86,0,0,-1,125,688.03
MOIN,2018-03-01,5.76,5.76,5.54,5.86,-1.69,0,-1,737,4125
MOIN,2018-02-28,5.77,5.77,5.77,5.86,0,0,-1,1365,7875
MOIN,2018-02-27,5.87,5.87,5.86,5.86,0.19,0,-1,4337,25434.1
MOIN,2018-02-26,5.87,5.87,5.72,5.86,0.69,0.05,-1,10663,62457.6
MOIN,2018-02-25,6.05,6.05,5.81,5.81,4.5,0.02,-1,17484,101702.1
MOIN,2018-02-22,5.79,5.79,5.66,5.79,9.27,0.49,-1,57642,333740
MOIN,2018-02-21,5.66,5.66,5.22,5.3,-0.89,-0.04,-1,15272,80926
MOIN,2018-02-15,5.59,5.59,5.43,5.34,1.51,0,-1,4320,23893.2
MOIN,2018-02-07,5.86,5.86,5.86,5.34,0,0,-1,2728,15990
MOIN,2018-02-06,5.69,5.69,5.15,5.34,-5.75,-0.33,-1,13910,74378
MOIN,2018-02-05,5.69,5.69,5.64,5.67,-3.43,-0.2,-1,7792,44200.3
MOIN,2018-02-04,5.91,5.91,5.87,5.87,0.19,0.01,-1,17026,99999.63
MOIN,2018-01-31,5.87,5.87,5.69,5.86,-0.31,-0.02,-1,13085,76726.5
MOIN,2018-01-30,5.91,5.91,5.87,5.88,0.25,0.01,-1,35925,211272
MOIN,2018-01-29,5.87,5.87,5.87,5.87,-0.31,-0.02,-1,73100,428970.19
MOIN,2018-01-28,6.05,6.05,5.91,5.89,0.31,0,-1,2786,16613
MOIN,2018-01-24,5.87,5.87,5.87,5.89,0,0,-1,3479,20425.5
MOIN,2018-01-23,5.92,5.92,5.87,5.89,0.12,0.02,-1,23501,138251.81
MOIN,2018-01-22,5.92,5.92,5.87,5.87,0.19,0,-1,51817,304500
MOIN,2018-01-21,5.87,5.87,5.87,5.87,-0.74,-0.04,-1,21853,128208
MOIN,2018-01-18,6.03,6.03,5.87,5.91,0.75,0.04,-1,23377,138178.03
MOIN,2018-01-17,6.05,6.05,5.87,5.87,-0.87,-0.04,-1,49090,288000.5
MOIN,2018-01-16,6.16,6.16,5.87,5.91,1.19,0.06,-1,13113,77579.4
MOIN,2018-01-15,6.05,6.05,5.59,5.85,1.07,0.02,-1,12696,74237.85
MOIN,2018-01-14,6.38,6.38,5.51,5.83,0,0,-1,737,4282.11
MOIN,2018-01-11,5.89,5.89,5.31,5.83,8.76,0.46,-1,90525,527655.94
MOIN,2018-01-10,5.69,5.69,4.95,5.37,0.07,-0.12,-1,56400,302307.44
MOIN,2018-01-09,5.89,5.89,5.29,5.49,-6.08,-0.36,-1,42752,234925.59
MOIN,2018-01-08,5.87,5.87,5.84,5.85,0.19,0.01,-1,10910,63841.2
MOIN,2018-01-04,6.03,6.03,5.81,5.84,0.5,0.03,-1,10460,61097.69
MOIN,2018-01-03,5.87,5.87,5.64,5.81,3.59,0.2,-1,7501,43580
MOIN,2018-01-02,5.64,5.64,5.32,5.61,9.29,0.47,-1,80838,453439.59
MOIN,2017-12-31,5.14,5.14,5.12,5.14,2.94,0.15,-1,24410,125290
MOIN,2017-12-28,5.14,5.14,4.76,4.99,4.62,0.23,-1,50455,251677.09
MOIN,2017-12-27,4.85,4.85,4.58,4.76,-0.08,-0.01,-1,7910,37689.08
MOIN,2017-12-26,4.85,4.85,4.4,4.77,8.15,0.36,-1,322776,1539960.75
MOIN,2017-12-25,4.41,4.41,4.4,4.41,0.25,0.01,-1,10910,48100
MOIN,2017-12-21,4.41,4.41,4.4,4.4,-2.12,-0.1,-1,16229,71425
MOIN,2017-12-20,4.5,4.5,4.4,4.5,0,0,-1,2118,9503
MOIN,2017-12-19,4.54,4.54,4.4,4.5,-4.14,-0.18,-1,60610,272374.5
MOIN,2017-12-18,4.86,4.86,4.52,4.68,6.14,0.27,-1,57038,267511.53
MOIN,2017-12-17,4.46,4.46,4.4,4.41,3.61,0.15,-1,40698,179811
MOIN,2017-12-14,4.4,4.4,4.21,4.26,-2.43,-0.11,-1,62837,267946.69
MOIN,2017-12-13,4.43,4.43,4.25,4.37,-4.64,-0.21,-1,17728,77490
MOIN,2017-12-12,4.69,4.69,4.4,4.58,2.29,0.1,-1,103745,475461.25
MOIN,2017-12-11,4.59,4.59,4.14,4.48,6.46,0.16,-1,109346,490148.31
MOIN,2017-12-10,4.4,4.4,4.14,4.32,3.43,0.15,-1,30545,131731
MOIN,2017-12-07,4.21,4.21,4.06,4.17,3.93,0.16,-1,8183,34096
MOIN,2017-12-06,4.03,4.03,3.99,4.01,-0.55,-0.02,-1,9817,39401
MOIN,2017-12-05,4.03,4.03,4.03,4.03,0.64,0.02,-1,5754,23210
MOIN,2017-12-04,4.1,4.1,3.92,4.01,0.46,0.02,-1,18655,74785
MOIN,2017-12-03,4.02,4.02,3.92,3.99,-7.87,-0.34,-1,5256,20956.4
MOIN,2017-11-29,4.21,4.21,3.89,4.33,0,0,-1,696,2788.85
MOIN,2017-11-28,4.36,4.36,4.07,4.33,6.4,0.26,-1,4120,17849.91
MOIN,2017-11-27,4.33,4.33,3.94,4.07,2.3,0.1,-1,14710,59880.88
MOIN,2017-11-26,3.98,3.98,3.96,3.97,-6.71,-0.29,-1,3808,15145.08
MOIN,2017-11-22,4.27,4.27,4.25,4.26,-2.27,-0.1,-1,4808,20496.06
MOIN,2017-11-21,4.41,4.41,4.25,4.36,7.59,0.3,-1,13264,57864.13
MOIN,2017-11-20,4.33,4.33,3.94,4.06,3.08,0.12,-1,502720,2037966.63
MOIN,2017-11-19,3.94,3.94,3.69,3.94,2.19,0.09,-1,91656,360458.69
MOIN,2017-11-16,3.87,3.87,3.81,3.85,6.38,0.23,-1,59202,227843.45
MOIN,2017-11-15,3.67,3.67,3.57,3.62,-1.99,-0.07,-1,3410,12335.52
MOIN,2017-11-09,3.81,3.81,3.57,3.69,2.55,0.09,-1,14101,52058.4
MOIN,2017-11-07,3.62,3.62,3.56,3.6,-0.41,-0.01,-1,16713,60154.16
MOIN,2017-11-06,3.61,3.61,3.61,3.61,1.86,0.06,-1,3983,14395.6
MOIN,2017-11-05,3.56,3.56,3.55,3.55,-0.62,-0.02,-1,5455,19364
MOIN,2017-11-02,3.6,3.6,3.56,3.57,-3.28,-0.12,-1,10910,38980
MOIN,2017-11-01,3.56,3.56,3.56,3.69,0,0,-1,2728,9700
MOIN,2017-10-31,3.79,3.79,3.55,3.69,0.21,0.15,-1,43125,159238.36
MOIN,2017-10-30,3.56,3.56,3.53,3.54,-0.31,-0.02,-1,21817,77282.5
MOIN,2017-10-29,3.57,3.57,3.52,3.56,-1.22,-0.04,-1,38183,135688
MOIN,2017-10-26,3.6,3.6,3.56,3.6,1.45,0.06,-1,13038,46918.51
MOIN,2017-10-24,3.56,3.56,3.54,3.54,0.21,0,-1,5455,19348
MOIN,2017-10-23,3.54,3.54,3.54,3.54,-2.72,-0.09,-1,5455,19310
MOIN,2017-10-19,3.63,3.63,3.63,3.63,0,0,-1,2345,8514
MOIN,2017-10-18,3.76,3.76,3.67,3.63,0,0,-1,1882,7009.32
MOIN,2017-10-17,3.73,3.73,3.49,3.63,-1.88,-0.08,-1,38783,141074.98
MOIN,2017-10-16,3.79,3.79,3.67,3.71,-2.41,-0.09,-1,10910,40431.1
MOIN,2017-10-15,3.85,3.85,3.79,3.8,1.77,0.07,-1,11345,43110.3
MOIN,2017-10-12,3.84,3.84,3.78,3.73,0,0,-1,2537,9616.48
MOIN,2017-10-11,3.74,3.74,3.71,3.73,-0.88,-0.01,-1,6162,22988.4
MOIN,2017-10-10,3.74,3.74,3.74,3.74,0.2,0.01,-1,4773,17832.5
MOIN,2017-10-09,3.76,3.76,3.67,3.73,1.29,0.05,-1,38512,143561.81
MOIN,2017-10-08,3.67,3.67,3.67,3.68,0,0,-1,2646,9700
MOIN,2017-10-04,3.71,3.71,3.67,3.68,-0.4,-0.01,-1,32566,119915.06
MOIN,2017-10-03,3.74,3.74,3.67,3.69,2.55,0.09,-1,6535,24075
MOIN,2017-10-02,3.81,3.81,3.54,3.6,0.41,0.02,-1,23780,85441.05
MOIN,2017-10-01,3.6,3.6,3.54,3.58,-2.3,-0.09,-1,8773,31398.72
MOIN,2017-09-25,3.63,3.63,3.59,3.67,0,0,-1,980,3523.02
MOIN,2017-09-24,3.85,3.85,3.63,3.67,-3.38,-0.12,-1,6272,22982
MOIN,2017-09-20,4.03,4.03,3.67,3.79,0.19,0,-1,6860,25995.08
MOIN,2017-09-19,3.82,3.82,3.52,3.79,8.75,0.31,-1,149754,566888
MOIN,2017-09-18,3.5,3.5,3.45,3.48,0.53,0.02,-1,35452,123424.27
MOIN,2017-09-17,3.47,3.47,3.45,3.46,0,0,-1,8701,30112.4
MOIN,2017-09-14,3.46,3.46,3.45,3.46,0.53,0.01,-1,6000,20773.68
MOIN,2017-09-13,3.45,3.45,3.43,3.45,-0.32,0,-1,9272,31942
MOIN,2017-09-12,3.48,3.48,3.34,3.45,0.43,0.01,-1,9814,33876.28
MOIN,2017-09-11,3.3,3.3,3.3,3.44,0,0,-1,354,1170
MOIN,2017-09-10,3.34,3.34,3.34,3.44,0,0,-1,545,1822
MOIN,2017-09-07,3.51,3.51,3.38,3.44,0.54,0.02,-1,7690,26438.2
MOIN,2017-09-06,3.45,3.45,3.3,3.42,8.87,0.28,-1,48545,166035.88
MOIN,2017-09-05,3.24,3.24,3.08,3.14,-4.67,-0.15,-1,28706,90165
MOIN,2017-08-30,3.37,3.37,3.24,3.29,4.05,0.13,-1,16366,53935.3
MOIN,2017-08-27,3.19,3.19,3.16,3.16,-0.23,-0.01,-1,9545,30257
MOIN,2017-08-24,3.2,3.2,3.16,3.17,0.23,0.01,-1,11368,36079.92
MOIN,2017-08-23,3.16,3.16,3.16,3.16,-3.57,-0.13,-1,8183,25915
MOIN,2017-08-20,3.48,3.48,3.48,3.29,0,0,-1,2728,9490
MOIN,2017-08-17,3.32,3.32,3.24,3.29,0.22,0.01,-1,10261,33725.88
MOIN,2017-08-16,3.37,3.37,3.2,3.28,0.11,0.01,-1,7501,24589.5
MOIN,2017-08-15,3.38,3.38,3.21,3.27,-6.69,-0.24,-1,4257,13936.81
MOIN,2017-08-14,3.52,3.52,3.52,3.51,0,0,-1,2728,9600
MOIN,2017-08-13,3.54,3.54,3.49,3.51,0.1,0,-1,8977,31504.92
MOIN,2017-08-08,3.49,3.49,3.49,3.51,0,0,-1,545,1904
MOIN,2017-08-07,3.56,3.56,3.49,3.51,-1.04,-0.03,-1,20886,73217.58
MOIN,2017-08-06,3.6,3.6,3.57,3.54,0,0,-1,834,2981.2
MOIN,2017-08-03,3.57,3.57,3.53,3.54,1.68,0.05,-1,7533,26689.44
MOIN,2017-08-02,3.49,3.49,3.49,3.49,-0.52,-0.01,-1,19926,69422
MOIN,2017-08-01,3.52,3.52,3.49,3.5,0.53,0.01,-1,5728,20060
MOIN,2017-07-31,3.49,3.49,3.49,3.49,0,0,-1,2183,7600
MOIN,2017-07-30,3.5,3.5,3.49,3.49,0,0,-1,253421,882755.75
MOIN,2017-07-26,3.49,3.49,3.49,3.49,0.21,0.01,-1,102526,357159.5
MOIN,2017-07-25,3.49,3.49,3.41,3.48,5.45,0.19,-1,147290,512101.75
MOIN,2017-07-24,3.38,3.38,3.16,3.29,-5.86,-0.21,-1,30684,101189.31
MOIN,2017-07-20,3.52,3.52,3.5,3.5,-0.62,-0.02,-1,49711,174134.7
MOIN,2017-07-19,3.57,3.57,3.51,3.52,0.52,0.01,-1,76663,270115.25
MOIN,2017-07-18,3.51,3.51,3.26,3.51,9.76,0.31,-1,309061,1083691.63
MOIN,2017-07-17,3.29,3.29,3.1,3.2,5.7,0.18,-1,24269,77461.95
MOIN,2017-07-16,3.05,3.05,2.99,3.02,-4.63,-0.14,-1,4214,12733.7
MOIN,2017-07-13,3.35,3.35,3.12,3.16,0.23,0,-1,12821,40625.87
MOIN,2017-07-12,3.23,3.23,3.01,3.16,7.62,0.22,-1,58334,184401.44
MOIN,2017-07-11,2.95,2.95,2.93,2.94,4.98,0.14,-1,11728,34431.2
MOIN,2017-07-10,3.02,3.02,2.72,2.8,0.79,0.03,-1,33361,93285.82
MOIN,2017-07-09,2.94,2.94,2.67,2.77,-0.99,-0.19,-1,18590,51579.82
MOIN,2017-07-06,3.02,3.02,2.93,2.96,-4.84,-0.22,-1,18334,54317.1
MOIN,2017-07-05,3.29,3.29,2.69,3.18,-9.95,0.2,-1,109509,348053
MOIN,2017-07-04,3.09,3.09,2.87,2.98,8.91,0.14,-1,27324,81506.95
MOIN,2017-07-03,2.84,2.84,2.77,2.84,3.47,0.1,-1,3954,11222.7
MOIN,2017-07-02,2.77,2.77,2.77,2.74,0,0,-1,1400,3880.7
MOIN,2017-06-28,2.77,2.77,2.77,2.74,0,0,-1,682,1887.5
MOIN,2017-06-21,2.83,2.83,2.77,2.74,0,0,-1,2863,8013.26
MOIN,2017-06-20,2.76,2.76,2.73,2.74,-2.85,-0.09,-1,6821,18742.45
MOIN,2017-06-19,2.76,2.76,2.76,2.83,0,0,-1,784,2155.37
MOIN,2017-06-15,2.92,2.92,2.73,2.83,-0.13,0.03,-1,6479,18301.86
MOIN,2017-06-13,2.83,2.83,2.77,2.8,2.42,0.07,-1,62288,174049.23
MOIN,2017-06-11,2.75,2.75,2.68,2.73,2.04,0.04,-1,12383,33775.5
MOIN,2017-06-08,2.69,2.69,2.69,2.69,-0.27,-0.01,-1,16910,45570
MOIN,2017-06-07,2.68,2.68,2.68,2.7,0,0,-1,3110,8322
MOIN,2017-06-06,2.7,2.7,2.62,2.7,1.65,0.04,-1,46365,125232.5
MOIN,2017-06-01,2.7,2.7,2.62,2.66,0.42,0.04,-1,17728,47207
MOIN,2017-05-31,2.62,2.62,2.62,2.62,0,0,-1,2728,7139.83
MOIN,2017-05-30,2.62,2.62,2.61,2.62,-1.11,-0.02,-1,13280,34666.59
MOIN,2017-05-29,2.62,2.62,2.62,2.64,0,0,-1,383,1001
MOIN,2017-05-28,2.64,2.64,2.62,2.64,-2.32,-0.05,-1,22365,58978.3
MOIN,2017-05-25,2.77,2.77,2.66,2.69,-3.72,-0.08,-1,9954,26748
MOIN,2017-05-24,2.71,2.71,2.69,2.77,-2.52,0,-1,1501,4067
MOIN,2017-05-23,2.79,2.79,2.74,2.77,3.86,0.11,-1,117872,325259.22
MOIN,2017-05-22,2.75,2.75,2.55,2.66,-0.14,0,-1,175366,466140.94
MOIN,2017-05-21,2.77,2.77,2.62,2.66,2.98,0.08,-1,744089,1980775.5
MOIN,2017-05-18,2.58,2.58,2.58,2.58,0.43,0,-1,79090,204400
MOIN,2017-05-17,2.61,2.61,2.56,2.58,-0.43,0,-1,32918,84700.22
MOIN,2017-05-16,2.63,2.63,2.58,2.58,0,0,-1,36000,93068
MOIN,2017-05-15,2.58,2.58,2.58,2.58,-0.7,-0.02,-1,21817,56360
MOIN,2017-05-14,2.64,2.64,2.6,2.6,0.85,0.02,-1,43257,112667.63
MOIN,2017-05-11,2.6,2.6,2.58,2.58,-0.71,-0.02,-1,19910,51415.5
MOIN,2017-05-10,2.64,2.64,2.58,2.6,0.57,0.02,-1,38815,100848.95
MOIN,2017-05-09,2.62,2.62,2.57,2.58,-1.4,-0.04,-1,95455,246642
MOIN,2017-05-08,2.73,2.73,2.58,2.62,-3.38,-0.09,-1,37637,98630.5
MOIN,2017-05-07,2.71,2.71,2.71,2.71,0,0,-1,817,2220
MOIN,2017-05-04,2.77,2.77,2.64,2.71,2.49,0.07,-1,171410,464926.44
MOIN,2017-05-03,2.68,2.68,2.59,2.64,-0.96,-0.03,-1,33826,89570.42
MOIN,2017-05-02,2.71,2.71,2.62,2.67,0.69,0.01,-1,31789,84910.5
MOIN,2017-04-30,2.68,2.68,2.56,2.66,2.84,0.08,-1,106274,282208.03
MOIN,2017-04-27,2.62,2.62,2.56,2.58,-2.63,-0.07,-1,42545,109886
MOIN,2017-04-26,2.68,2.68,2.56,2.65,3.29,0.09,-1,48807,129344.6
MOIN,2017-04-24,2.58,2.58,2.56,2.56,-0.71,-0.02,-1,46021,118124.49
MOIN,2017-04-23,2.64,2.64,2.56,2.58,-0.84,-0.03,-1,52042,134531.19
MOIN,2017-04-20,2.68,2.68,2.56,2.61,1.86,0.05,-1,175570,457532.75
MOIN,2017-04-19,2.58,2.58,2.51,2.56,0.87,0.02,-1,21817,55810
MOIN,2017-04-18,2.55,2.55,2.53,2.54,0.44,0.02,-1,32183,81651.8
MOIN,2017-04-13,2.54,2.54,2.51,2.52,-1.85,-0.06,-1,9817,24810.89
MOIN,2017-04-12,2.55,2.55,2.55,2.58,0,0,-1,2183,5568
MOIN,2017-04-11,2.59,2.59,2.56,2.58,3.24,0.09,-1,13141,33835.22
MOIN,2017-04-09,2.56,2.56,2.49,2.49,-0.44,-0.02,-1,8552,21326.99
MOIN,2017-04-06,2.58,2.58,2.48,2.51,-1.87,-0.04,-1,56335,141128.95
MOIN,2017-04-05,2.62,2.62,2.51,2.55,-0.57,-0.01,-1,66329,169253.16
MOIN,2017-04-04,2.58,2.58,2.54,2.56,-2.1,-0.06,-1,33674,86430.97
MOIN,2017-04-03,2.73,2.73,2.56,2.62,-2.32,-0.06,-1,99655,261131.78
MOIN,2017-04-02,2.75,2.75,2.64,2.68,-0.54,-0.02,-1,79880,214291.27
MOIN,2017-03-30,2.86,2.86,2.62,2.7,0.96,0.03,-1,70333,189862.84
MOIN,2017-03-29,2.84,2.84,2.66,2.67,-3.25,-0.1,-1,139657,373448.91
MOIN,2017-03-28,2.81,2.81,2.66,2.77,2.62,0.08,-1,35050,96863.89
MOIN,2017-03-27,2.77,2.77,2.66,2.69,-4.83,-0.14,-1,129632,349146.19
MOIN,2017-03-26,2.89,2.89,2.75,2.83,6.37,0.17,-1,122487,346557.59
MOIN,2017-03-23,3.02,3.02,2.66,2.66,-3.59,-0.11,-1,11740997,31229548
MOIN,2017-03-22,2.93,2.93,2.66,2.77,2.14,0.07,-1,114153,314977.25
MOIN,2017-03-21,2.71,2.71,2.66,2.7,9.55,0.23,-1,288973,780689.25
MOIN,2017-03-20,2.53,2.53,2.34,2.47,7.17,0.17,-1,171263,422378.66
MOIN,2017-03-19,2.33,2.33,2.23,2.3,1.62,0.04,-1,8183,18827.5
MOIN,2017-03-16,2.29,2.29,2.16,2.26,2.02,0.04,-1,40518,91751.3
MOIN,2017-03-14,2.29,2.29,2.06,2.22,0.67,0.02,-1,72753,161449.5
MOIN,2017-03-13,2.24,2.24,2.2,2.2,0.63,0.01,-1,12000,26451.78
MOIN,2017-03-12,2.29,2.29,2.16,2.19,3.91,0.08,-1,28365,62146
MOIN,2017-03-09,2.11,2.11,2.11,2.11,-3.2,-0.07,-1,124657,262821
MOIN,2017-03-08,2.2,2.2,2.11,2.18,8.2,0.17,-1,6545,14257
MOIN,2017-03-07,2.01,2.01,2.01,2.01,2.23,0.04,-1,19920,40104
MOIN,2017-03-06,2.01,2.01,1.9,1.97,3.52,0.07,-1,28768,56637.4
MOIN,2017-03-05,1.97,1.97,1.87,1.9,-2.76,-0.06,-1,81240,154513
MOIN,2017-03-02,1.97,1.97,1.93,1.96,1.81,0.04,-1,5183,10134.25
MOIN,2017-03-01,1.96,1.96,1.84,1.92,4.23,0.08,-1,85223,163775.89
MOIN,2017-02-28,1.9,1.9,1.84,1.84,-7.92,-0.16,-1,131650,242683.52
MOIN,2017-02-27,2.01,2.01,1.89,2,4,0.07,-1,53783,107676.43
MOIN,2017-02-26,1.93,1.93,1.93,1.93,-3.98,-0.08,-1,108701,209260.23
MOIN,2017-02-23,2.11,2.11,1.93,2.01,3.4,0.08,-1,158432,317553.22
MOIN,2017-02-22,1.97,1.97,1.93,1.93,-2.22,-0.06,-1,67560,130955.02
MOIN,2017-02-21,2.04,2.04,1.84,1.99,-3.39,-0.06,-1,41565,82399.34
MOIN,2017-02-20,2.19,2.19,2.01,2.05,-2.48,-0.06,-1,25560,52457.9
MOIN,2017-02-19,2.11,2.11,2.08,2.11,-4.33,-0.09,-1,173464,365031.5
MOIN,2017-02-16,2.2,2.2,2.2,2.2,7.91,0.16,-1,61081,134349.02
MOIN,2017-02-15,2.11,2.11,1.99,2.04,-6.04,-0.13,-1,8617,17571.6
MOIN,2017-02-14,2.27,2.27,2.04,2.17,0.98,0.02,-1,93032,201893.89
MOIN,2017-02-13,2.41,2.41,2.12,2.15,-2.33,-0.05,-1,141610,304325.34
MOIN,2017-02-12,2.2,2.2,2.2,2.2,-1.72,-0.04,-1,54545,120000
MOIN,2017-02-07,2.27,2.27,2.2,2.24,8.24,0.17,-1,12437,27834.16
MOIN,2017-02-06,2.32,2.32,1.94,2.07,-1.96,-0.04,-1,17936,37088.34
MOIN,2017-02-05,2.32,2.32,2.32,2.11,0,0,-1,545,1265
MOIN,2017-01-31,2.11,2.11,2.11,2.11,0.26,0,-1,4800,10124.4
MOIN,2017-01-26,2.25,2.25,2.25,2.11,0,0,-1,1200,2700
MOIN,2017-01-23,2.29,2.29,2.29,2.11,0,0,-1,23,54.98
MOIN,2017-01-19,2.21,2.21,2,2.11,-2.88,-0.05,-1,30133,63397.58
MOIN,2017-01-18,2.16,2.16,2.16,2.16,-1.89,-0.05,-1,7200,15600
MOIN,2017-01-16,2.21,2.21,2.21,2.21,1.92,0.05,-1,30250,66806.5
MOIN,2017-01-12,2.16,2.16,2.16,2.16,2.04,0.05,-1,40800,88400
MOIN,2017-01-11,2.25,2.25,2.08,2.11,2.74,0.04,-1,12600,26759.03
MOIN,2017-01-10,2.16,2.16,2.16,2.07,0,0,-1,2520,5460
MOIN,2017-01-09,2.21,2.21,2.04,2.07,0,0,-1,4081,8666.84
MOIN,2017-01-08,2.16,2.16,2.04,2.07,1.22,0.03,-1,15000,31000
MOIN,2017-01-04,2.04,2.04,2.04,2.04,0,0,-1,91385,186567.5
MOIN,2017-01-03,2.04,2.04,2.04,2.04,-0.45,-0.01,-1,66304,135362.5
MOIN,2017-01-02,2.16,2.16,2.04,2.05,2.16,0.04,-1,17913,36743.5
MOIN,2016-12-29,2.04,2.04,1.91,2.01,5.57,0.11,-1,48000,96342.94
MOIN,2016-12-27,1.99,1.99,1.86,1.9,-0.65,-0.01,-1,43537,82801.5
MOIN,2016-12-22,1.93,1.93,1.89,1.91,-0.43,-0.01,-1,10800,20672.5
MOIN,2016-12-21,1.96,1.96,1.89,1.92,2.03,0.03,-1,13081,25141.5
MOIN,2016-12-20,1.89,1.89,1.89,1.89,-1.7,-0.02,-1,7081,13339.9
MOIN,2016-12-19,1.96,1.96,1.96,1.91,0,0,-1,2533,4956.39
MOIN,2016-12-18,1.91,1.91,1.91,1.91,2.82,0.05,-1,20281,38867
MOIN,2016-12-15,1.91,1.91,1.86,1.86,-6.087317,-0.13,-1,32585,60744.75
MOIN,2016-12-14,1.87,1.87,1.87,1.99,0,0,-1,1605,3015
MOIN,2016-12-12,1.99,1.99,1.99,1.99,3.57,0.08,-1,50977,101201.33
MOIN,2016-12-08,1.91,1.91,1.91,1.91,-0.82,-0.02,-1,8400,16100
MOIN,2016-12-06,1.96,1.96,1.9,1.93,3.02,0.06,-1,21328,41209.5
MOIN,2016-12-05,1.87,1.87,1.87,1.87,-3.22,-0.06,-1,54447,102106.1
MOIN,2016-12-04,1.96,1.96,1.91,1.93,2.74,0.04,-1,7560,14655
MOIN,2016-12-01,1.91,1.91,1.87,1.89,2.63,0.05,-1,29128,54947.5
MOIN,2016-11-29,1.87,1.87,1.84,1.84,0.64,0.01,-1,27229,50051
MOIN,2016-11-28,1.93,1.93,1.79,1.83,3.25,0.06,-1,17869,32644.87
MOIN,2016-11-27,1.79,1.79,1.76,1.77,0.9,0.02,-1,51590,91273.4
MOIN,2016-11-23,1.77,1.77,1.73,1.75,-0.89,-0.02,-1,43200,75758
MOIN,2016-11-22,1.77,1.77,1.76,1.77,1.29,0.02,-1,12545,22184
MOIN,2016-11-21,1.75,1.75,1.75,1.75,5.06,0.09,-1,6000,10478
MOIN,2016-11-20,1.68,1.68,1.62,1.66,-4.999995,-0.09,-1,59377,98699.95
MOIN,2016-11-17,1.75,1.75,1.75,1.75,0,0,-1,6240,10920
MOIN,2016-11-15,1.75,1.75,1.75,1.75,0.62,0.01,-1,19320,33810
MOIN,2016-11-14,1.75,1.75,1.72,1.74,1.8,0.02,-1,10725,18659
MOIN,2016-11-13,1.72,1.72,1.72,1.72,6.44,0.11,-1,48937,83599
MOIN,2016-11-10,1.68,1.68,1.5,1.61,4.62,0.07,-1,47205,75751.49
MOIN,2016-11-09,1.54,1.54,1.49,1.54,-0.11,0,-1,12863,19735.2
MOIN,2016-11-08,1.54,1.54,1.51,1.54,0.11,0,-1,24000,36865
MOIN,2016-11-07,1.54,1.54,1.48,1.54,1.04,0.03,-1,7901,12113.11
MOIN,2016-11-03,1.58,1.58,1.5,1.51,-0.27,-0.01,-1,7777,11808.12
MOIN,2016-11-02,1.56,1.56,1.46,1.52,-4.65,-0.07,-1,24850,37829.62
MOIN,2016-11-01,1.61,1.61,1.59,1.59,-5.71,-0.1,-1,7200,11497
MOIN,2016-10-31,1.72,1.72,1.66,1.69,0.99,0.01,-1,17390,29449.7
MOIN,2016-10-30,1.68,1.68,1.67,1.68,2.03,0.04,-1,14400,24144.6
MOIN,2016-10-27,1.67,1.67,1.62,1.64,-1.2,-0.02,-1,28200,46349.5
MOIN,2016-10-26,1.67,1.67,1.66,1.66,0,0,-1,6000,9991.6
MOIN,2016-10-25,1.67,1.67,1.63,1.66,0.76,0.01,-1,70800,117764.68
MOIN,2016-10-24,1.64,1.64,1.64,1.65,0,0,-1,1200,1975
MOIN,2016-10-23,1.67,1.67,1.64,1.65,-0.8,-0.01,-1,26017,42948
MOIN,2016-10-20,1.67,1.67,1.64,1.66,3.2,0.05,-1,13200,21962.5
MOIN,2016-10-19,1.62,1.62,1.61,1.61,-2.22,-0.04,-1,10210,16470.66
MOIN,2016-10-18,1.66,1.66,1.59,1.65,-1.15,-0.02,-1,16353,26975.8
MOIN,2016-10-17,1.74,1.74,1.66,1.67,0.05,0,-1,41837,69795.95
MOIN,2016-10-16,1.68,1.68,1.64,1.67,0.76,0.02,-1,12000,20006.8
MOIN,2016-10-13,1.74,1.74,1.64,1.65,1.59,0.02,-1,16583,27448.76
MOIN,2016-10-12,1.64,1.64,1.62,1.63,-0.05,-0.01,-1,19210,31296.5
MOIN,2016-10-11,1.64,1.64,1.62,1.64,-2.783305,-0.04,-1,9797,15965
MOIN,2016-10-10,1.72,1.72,1.64,1.68,-0.1,0,-1,22504,37722
MOIN,2016-10-09,1.75,1.75,1.67,1.68,0.7,0.01,-1,109463,183697.69
MOIN,2016-10-05,1.67,1.67,1.67,1.67,-0.049975,0,-1,35173,58620
MOIN,2016-10-03,1.71,1.71,1.67,1.67,-0.2,-0.01,-1,6623,11045.88
MOIN,2016-09-29,1.71,1.71,1.67,1.68,0.25,0.01,-1,60120,100462.6
MOIN,2016-09-28,1.67,1.67,1.67,1.67,-0.348779,-0.01,-1,28669,47781
MOIN,2016-09-27,1.68,1.68,1.67,1.68,4.53125,0.09,-1,49200,82305.31
MOIN,2016-09-26,1.67,1.67,1.62,1.59,0,0,-1,1800,2975
MOIN,2016-09-25,1.61,1.61,1.59,1.59,-4.24,-0.09,-1,24000,38409
MOIN,2016-09-22,1.71,1.71,1.62,1.68,2.56,0.05,-1,130277,217708.36
MOIN,2016-09-21,1.66,1.66,1.62,1.63,-2.01,-0.03,-1,12000,19545.45
MOIN,2016-09-20,1.68,1.68,1.66,1.66,0.75,0,-1,54000,89775
MOIN,2016-09-19,1.66,1.66,1.66,1.66,-1.04,-0.02,-1,18000,29850
MOIN,2016-09-18,1.68,1.68,1.67,1.68,1.66,0.02,-1,42840,71797.7
MOIN,2016-09-15,1.67,1.67,1.64,1.66,2.89,0.05,-1,53445,88671.93
MOIN,2016-09-07,1.62,1.62,1.54,1.61,3.04,0.05,-1,52800,85155.77
MOIN,2016-09-05,1.56,1.56,1.54,1.56,-1.16,-0.03,-1,13864,21692.55
MOIN,2016-09-04,1.59,1.59,1.58,1.59,5.03,0.08,-1,18481,29254
MOIN,2016-08-30,1.46,1.46,1.41,1.51,0,0,-1,1200,1735
MOIN,2016-08-29,1.53,1.53,1.46,1.51,-1.63,-0.03,-1,24525,36971.4
MOIN,2016-08-28,1.59,1.59,1.53,1.54,-1.92,-0.02,-1,11040,16920.6
MOIN,2016-08-25,1.54,1.54,1.54,1.56,0,0,-1,6000,9250
MOIN,2016-08-24,1.56,1.56,1.56,1.56,1.46,0.02,-1,8400,13125
MOIN,2016-08-22,1.51,1.51,1.51,1.54,0,0,-1,1800,2731.5
MOIN,2016-08-21,1.54,1.54,1.53,1.54,-3.2,-0.05,-1,35543,54734.6
MOIN,2016-08-17,1.61,1.61,1.59,1.59,0.368034,0,-1,30000,47734.5
MOIN,2016-08-15,1.62,1.62,1.52,1.59,5.024842,0.08,-1,25745,40797.71
MOIN,2016-08-14,1.52,1.52,1.5,1.51,1.343033,0.02,-1,60000,90530
MOIN,2016-08-11,1.5,1.5,1.46,1.49,-5.996839,-0.1,-1,9000,13402.5
MOIN,2016-08-10,1.51,1.51,1.51,1.59,0,0,-1,3000,4550
MOIN,2016-08-08,1.5,1.5,1.5,1.59,0,0,-1,3360,5045.6
MOIN,2016-08-07,1.61,1.61,1.52,1.59,2.92,0.05,-1,10528,16668.25
MOIN,2016-08-04,1.56,1.56,1.5,1.54,0.98,0.01,-1,47423,73009.09
MOIN,2016-08-02,1.54,1.54,1.5,1.53,1.84,0.03,-1,51623,78693
MOIN,2016-08-01,1.5,1.5,1.5,1.5,5.03,0.07,-1,12000,17964.1
MOIN,2016-07-31,1.38,1.38,1.38,1.43,0,0,-1,6000,8250
MOIN,2016-07-28,1.45,1.45,1.41,1.43,-2.29,-0.03,-1,9992,14244.8
MOIN,2016-07-27,1.46,1.46,1.46,1.46,3.73,0.05,-1,7625,11112.5
MOIN,2016-07-21,1.38,1.38,1.38,1.41,0,0,-1,4200,5775
MOIN,2016-07-19,1.41,1.41,1.41,1.41,0,0,-1,2160,3060
MOIN,2016-07-18,1.46,1.46,1.46,1.41,0,0,-1,1560,2281.5
MOIN,2016-07-17,1.43,1.43,1.38,1.41,-1.632653,-0.02,-1,14400,20244
MOIN,2016-07-13,1.44,1.44,1.43,1.43,2.08,0.03,-1,20357,29080
MOIN,2016-07-12,1.41,1.41,1.39,1.4,2.88,0.04,-1,10200,14281
MOIN,2016-07-11,1.35,1.35,1.35,1.36,0,0,-1,3208,4310.37
MOIN,2016-07-10,1.39,1.39,1.34,1.36,2.13,0.02,-1,25877,35204.3
MOIN,2016-07-04,1.34,1.34,1.34,1.34,0,0,-1,3197,4256
MOIN,2016-07-03,1.34,1.34,1.33,1.34,1.27,0.02,-1,9101,12119.4
MOIN,2016-06-28,1.23,1.23,1.23,1.32,0,0,-1,3000,3700
MOIN,2016-06-26,1.28,1.28,1.28,1.32,0,0,-1,590,759.5
MOIN,2016-06-21,1.33,1.33,1.28,1.32,-0.06,0,-1,25037,32935.85
MOIN,2016-06-20,1.32,1.32,1.28,1.32,-0.06,0,-1,14400,18955.2
MOIN,2016-06-19,1.34,1.34,1.31,1.32,-4.93,-0.07,-1,11990,15790.8
MOIN,2016-06-15,1.38,1.38,1.38,1.39,0,0,-1,1200,1650
MOIN,2016-06-13,1.39,1.39,1.38,1.39,6.19,0.08,-1,7320,10145
MOIN,2016-06-12,1.35,1.35,1.35,1.31,0,0,-1,3425,4628.4
MOIN,2016-06-09,1.35,1.35,1.35,1.31,0,0,-1,6153,8261.12
MOIN,2016-06-08,1.35,1.35,1.31,1.31,0,0,-1,5608,7433.21
MOIN,2016-06-07,1.32,1.32,1.31,1.31,0,0,-1,4125,5459.55
MOIN,2016-06-05,1.32,1.32,1.31,1.31,1.032258,0.03,-1,7800,10177.5
MOIN,2016-06-02,1.28,1.28,1.28,1.28,2.51,0.02,-1,24000,31000
MOIN,2016-06-01,1.28,1.28,1.27,1.26,0,0,-1,7637,9705.28
MOIN,2016-05-31,1.28,1.28,1.25,1.26,0.73,0.01,-1,38945,49076.93
MOIN,2016-05-30,1.25,1.25,1.25,1.25,-2.532468,-0.03,-1,24165,30225.14
MOIN,2016-05-29,1.28,1.28,1.28,1.28,0,0,-1,4800,6199
MOIN,2016-05-25,1.28,1.28,1.28,1.28,2.26,0.03,-1,17118,21960.4
MOIN,2016-05-24,1.27,1.27,1.25,1.25,5.09,0.06,-1,41300,51820.67
MOIN,2016-05-23,1.19,1.19,1.19,1.19,0,0,-1,10,14.2
MOIN,2016-05-22,1.28,1.28,1.16,1.19,2.138275,0.02,-1,15481,18480.96
MOIN,2016-05-19,1.19,1.19,1.15,1.17,3.925926,0.04,-1,13605,15914.3
MOIN,2016-05-17,1.15,1.15,1.15,1.13,0,0,-1,4800,5520
MOIN,2016-05-15,1.14,1.14,1.14,1.13,0,0,-1,7800,8840
MOIN,2016-05-11,1.09,1.09,1.09,1.13,0,0,-1,240,260.5
MOIN,2016-05-10,1.13,1.13,1.13,1.13,0.074129,0,-1,30000,33750
MOIN,2016-05-09,1.13,1.13,1.11,1.13,-0.074074,0,-1,19100,21481.4
MOIN,2016-05-08,1.13,1.13,1.13,1.13,-0.808229,-0.01,-1,14410,16213.5
MOIN,2016-05-05,1.13,1.13,1.13,1.14,0,0,-1,1700,1917
MOIN,2016-04-28,1.15,1.15,1.15,1.14,0,0,-1,153,178.75
MOIN,2016-04-21,1.14,1.14,1.13,1.14,3.89,0.04,-1,10200,11572.5
MOIN,2016-04-20,1.1,1.1,1.1,1.1,0,0,-1,1343,1475.04
MOIN,2016-04-19,1.11,1.11,1.11,1.1,0,0,-1,8390,9364.6
MOIN,2016-04-18,1.11,1.11,1.11,1.1,0,0,-1,2400,2660
MOIN,2016-04-14,1.1,1.1,1.09,1.1,0.77,0.01,-1,18318,19992.06
MOIN,2016-04-13,1.09,1.09,1.09,1.09,0,0,-1,5857,6344
MOIN,2016-04-12,1.1,1.1,1.09,1.09,0,0,-1,114143,123700.2
MOIN,2016-04-11,1.09,1.09,1.09,1.09,-0.839054,-0.01,-1,38792,42029
MOIN,2016-04-06,1.11,1.11,1.09,1.1,-0.83,0,-1,27983,30573
MOIN,2016-04-05,1.14,1.14,1.09,1.1,0.08,0,-1,60064,66147.3
MOIN,2016-04-04,1.14,1.14,1.14,1.1,0,0,-1,3500,3965.36
MOIN,2016-03-31,1.1,1.1,1.1,1.1,0,0,-1,6983,7711.5
MOIN,2016-03-30,1.1,1.1,1.1,1.1,2.88,0.03,-1,17345,19091.35
MOIN,2016-03-29,1.11,1.11,1.09,1.07,0,0,-1,6937,7664.55
MOIN,2016-03-28,1.11,1.11,1.11,1.07,0,0,-1,677,747.04
MOIN,2016-03-24,1.07,1.07,1.07,1.07,0,0,-1,87,90.3
MOIN,2016-03-23,1.09,1.09,1.09,1.07,0,0,-1,2423,2626
MOIN,2016-03-22,1.09,1.09,1.07,1.07,-1.306687,-0.02,-1,24000,25673.8
MOIN,2016-03-21,1.11,1.11,1.1,1.09,0,0,-1,6743,7464.75
MOIN,2016-03-20,1.09,1.09,1.09,1.09,-0.762777,-0.01,-1,12000,13005
MOIN,2016-03-17,1.12,1.12,1.07,1.1,-2.164179,-0.01,-1,81000,88477.58
MOIN,2016-03-16,1.12,1.12,1.1,1.11,0,0,-1,5445,6096.8
MOIN,2016-03-15,1.14,1.14,1.09,1.11,0.45,0,-1,29640,33101.5
MOIN,2016-03-13,1.14,1.14,1.09,1.11,2.77,0.03,-1,18677,20760.31
MOIN,2016-03-10,1.14,1.14,1.03,1.08,1.25,0.01,-1,32247,34867.62
MOIN,2016-03-09,1.12,1.12,1.06,1.07,-4.1,-0.04,-1,98432,105151.62
MOIN,2016-03-08,1.13,1.13,1.12,1.11,0,0,-1,5773,6490.17
MOIN,2016-03-07,1.13,1.13,1.11,1.11,-5.010661,-0.06,-1,38881,43295.41
MOIN,2016-03-06,1.17,1.17,1.14,1.17,0,0,-1,8008,9160
MOIN,2016-03-03,1.18,1.18,1.16,1.17,4.222222,0.04,-1,16320,19133.55
MOIN,2016-03-01,1.13,1.13,1.13,1.13,0.111235,0,-1,11672,13140
MOIN,2016-02-29,1.13,1.13,1.07,1.13,-0.717841,-0.01,-1,28790,32343.23
MOIN,2016-02-28,1.14,1.14,1.14,1.14,0,0,-1,3208,3630
MOIN,2016-02-24,1.14,1.14,1.13,1.14,3.014795,0.04,-1,42064,47615.21
MOIN,2016-02-23,1.13,1.13,1.1,1.1,0.342466,0,-1,12808,14062.8
MOIN,2016-02-22,1.13,1.13,1.1,1.1,1.979045,0.03,-1,39992,43796
MOIN,2016-02-17,1.1,1.1,1.01,1.07,7.375,0.07,-1,223245,239770
MOIN,2016-02-16,1,1,1,1,2.56,0.03,-1,77585,77566
MOIN,2016-02-15,0.97,0.97,0.97,0.97,2.564103,0.02,-1,15992,15600
MOIN,2016-02-10,0.97,0.97,0.97,0.95,0,0,-1,9600,9333
MOIN,2016-02-08,0.99,0.99,0.99,0.95,0,0,-1,6392,6300
MOIN,2016-02-04,0.99,0.99,0.99,0.95,0,0,-1,8008,7887.4
MOIN,2016-02-03,0.99,0.99,0.99,0.95,0,0,-1,3405,3365.4
MOIN,2016-01-28,0.99,0.99,0.99,0.95,0,0,-1,3153,3112.6
MOIN,2016-01-21,0.97,0.97,0.94,0.95,0.065789,0,-1,26400,25102.5
MOIN,2016-01-18,0.95,0.95,0.94,0.95,0,0,-1,8008,7560
MOIN,2016-01-17,0.95,0.95,0.95,0.95,0.46,0,-1,19200,18240
MOIN,2016-01-14,0.95,0.95,0.95,0.95,0.198675,0,-1,38553,36455.6
MOIN,2016-01-13,0.95,0.95,0.95,0.95,-0.395778,0,-1,32008,30200
MOIN,2016-01-12,0.96,0.96,0.94,0.95,0.797872,0.01,-1,99208,93968.75
MOIN,2016-01-11,0.94,0.94,0.94,0.94,-1.052632,-0.01,-1,24392,22931.25
MOIN,2016-01-10,0.96,0.96,0.94,0.95,0.197759,0,-1,37953,36053.52
MOIN,2016-01-06,0.95,0.95,0.95,0.95,0.730412,0.01,-1,41608,39435.34
MOIN,2016-01-05,0.95,0.95,0.94,0.94,0,0,-1,13713,12904.98
MOIN,2016-01-04,0.94,0.94,0.94,0.94,-1.568627,-0.02,-1,27568,25953
MOIN,2016-01-03,0.97,0.97,0.94,0.96,2,0.02,-1,32257,30850.84
MOIN,2015-12-31,0.94,0.94,0.94,0.94,-2.66061,-0.02,-1,13953,13080
MOIN,2015-12-30,0.99,0.99,0.94,0.96,3.84097,0.03,-1,32008,30820
MOIN,2015-12-29,0.94,0.94,0.92,0.93,-7.075767,-0.06,-1,145090,134586.98
MOIN,2015-12-28,0.99,0.99,0.99,0.99,-13.535458,-0.17,-1,14533,14500.76
MOIN,2015-12-27,1.16,1.16,1.14,1.16,0.873839,0.02,-1,189064,218237.13
MOIN,2015-12-24,1.16,1.16,1.13,1.14,-0.272342,-0.01,-1,68063,77882.9
MOIN,2015-12-22,1.15,1.15,1.14,1.15,3.262092,0.04,-1,75513,86651.03
MOIN,2015-12-21,1.14,1.14,1.1,1.11,-0.670385,0,-1,104128,115712.06
MOIN,2015-12-20,1.13,1.13,1.13,1.11,0,0,-1,1592,1799
MOIN,2015-12-17,1.13,1.13,1.11,1.11,0,0,-1,32008,35798.41
MOIN,2015-12-16,1.12,1.12,1.11,1.11,0,0,-1,4168,4656
MOIN,2015-12-14,1.13,1.13,1.11,1.11,2.873563,0.02,-1,25528,28546.2
MOIN,2015-12-13,1.09,1.09,1.09,1.09,-0.684932,-0.01,-1,12808,13920
MOIN,2015-12-10,1.11,1.11,1.09,1.1,-1.016955,-0.01,-1,131913,144464.25
MOIN,2015-12-09,1.11,1.11,1.11,1.11,1.432665,0.01,-1,17704,19576.2
MOIN,2015-12-08,1.1,1.1,1.09,1.1,-2.568392,-0.01,-1,91200,99459
MOIN,2015-12-07,1.14,1.14,1.1,1.11,2.342857,0.01,-1,82605,92470.65
MOIN,2015-12-06,1.1,1.1,1.1,1.1,-1.185765,-0.01,-1,15568,17027.5
MOIN,2015-12-02,1.13,1.13,1.1,1.11,1.957386,0.02,-1,69645,77097.7
MOIN,2015-12-01,1.11,1.11,1.07,1.09,5.400492,0.06,-1,177983,193240.88
MOIN,2015-11-30,1,1,1,1.03,0,0,-1,3208,3200
MOIN,2015-11-29,1.03,1.03,1.03,1.03,3,0.03,-1,33840,34857
MOIN,2015-11-26,1,1,1,1,0,0,-1,46408,46400
MOIN,2015-11-25,1.03,1.03,1.03,1,0,0,-1,808,822.5
MOIN,2015-11-23,1,1,1,1,-0.187155,0,-1,23553,23552
MOIN,2015-11-19,1,1,1,1,0,0,-1,4800,4815
MOIN,2015-11-18,1.02,1.02,1,1,-1.65643,-0.02,-1,15992,16030
MOIN,2015-11-17,1.02,1.02,1.02,1.02,0.928786,0.01,-1,15992,16300
MOIN,2015-11-16,1,1,1,1.01,0,0,-1,4800,4800
MOIN,2015-11-10,1.03,1.03,0.93,1.01,0,0,-1,2925,2913.54
MOIN,2015-11-08,1.01,1.01,1.01,1.01,-4.66,-0.06,-1,19397,19572.11
MOIN,2015-10-28,1.07,1.07,1.03,1.07,2.54,0.04,-1,104313,110459
MOIN,2015-10-27,1.03,1.03,1.03,1.03,-0.97,1.03,-1,5137,5259.06
MOIN,2015-10-26,1.04,1.04,1.02,1.03,-1.08,-0.01,-1,45360,46831.98
MOIN,2015-10-25,1.05,1.05,1.03,1.04,-1.25,-0.02,-1,9600,10017
MOIN,2015-10-22,1.07,1.07,1.05,1.06,-0.35,0,-1,27568,29037
MOIN,2015-10-21,1.07,1.07,1.05,1.06,0.96,0.01,-1,96568,102027.85
MOIN,2015-10-19,1.09,1.09,1.03,1.05,2.45,0.02,-1,79100,82821.1
MOIN,2015-10-18,1.03,1.03,1.01,1.03,0.62,0.02,-1,136901,139857
MOIN,2015-10-15,1.01,1.01,1.01,1.01,0,0,-1,3208,3250
MOIN,2015-10-12,1.01,1.01,1.01,1.01,0.31,0,-1,97232,98731.25
MOIN,2015-10-11,1.01,1.01,1.01,1.01,0,0,-1,15087,15276.6
MOIN,2015-10-08,1.01,1.01,1.01,1.01,0.62,0,-1,15318,15503.4
MOIN,2015-10-07,1.01,1.01,1.01,1.01,0.19,0.01,-1,17608,17710
MOIN,2015-09-30,1.01,1.01,1,1,2.36,0.01,-1,19200,19287
MOIN,2015-09-29,1,1,1,0.99,0,0,-1,4800,4800
MOIN,2015-09-28,1,1,1,0.99,0,0,-1,9600,9600
MOIN,2015-09-22,0.99,0.99,0.99,0.99,1.29,0.02,-1,19528,19154
MOIN,2015-09-21,0.99,0.99,0.99,0.97,0,0,-1,2881,2826
MOIN,2015-09-20,0.97,0.97,0.97,0.97,0.78,0.01,-1,20792,20150
MOIN,2015-09-15,0.96,0.96,0.96,0.96,0,0,-1,6392,6164
MOIN,2015-09-14,0.96,0.96,0.96,0.96,0,0,-1,5281,5082
MOIN,2015-09-13,0.96,0.96,0.96,0.96,0,0,-1,31200,29991
MOIN,2015-09-10,0.96,0.96,0.96,0.96,0,0,-1,9600,9210
MOIN,2015-09-07,0.96,0.96,0.96,0.96,-0.39,0,-1,20008,19228
MOIN,2015-09-06,0.97,0.97,0.96,0.96,0.98,0,-1,21808,21046.2
MOIN,2015-09-01,0.96,0.96,0.95,0.96,1.87,0.02,-1,80017,76469.25
MOIN,2015-08-31,0.95,0.95,0.95,0.94,0,0,-1,7985,7584.8
MOIN,2015-08-27,0.94,0.94,0.94,0.94,0.07,0,-1,44400,41639.5
MOIN,2015-08-26,0.94,0.94,0.94,0.94,0,0,-1,3992,3750
MOIN,2015-08-25,0.94,0.94,0.94,0.94,0,0,-1,15208,14246
MOIN,2015-08-24,0.94,0.94,0.94,0.94,0,0,-1,3992,3750
MOIN,2015-08-23,0.94,0.94,0.94,0.94,0,0,-1,27992,26250
MOIN,2015-08-19,0.94,0.94,0.94,0.94,0,0,-1,1592,1500
MOIN,2015-08-18,0.94,0.94,0.94,0.94,0,0,-1,4800,4500
MOIN,2015-08-17,0.94,0.94,0.94,0.94,0,0,-1,27992,26250
MOIN,2015-08-16,0.94,0.94,0.94,0.94,0,0,-1,24000,22500
MOIN,2015-08-13,0.94,0.94,0.94,0.94,0,0,-1,8792,8250
MOIN,2015-08-12,0.94,0.94,0.94,0.94,0,0,-1,44400,41625
MOIN,2015-08-11,0.94,0.94,0.94,0.94,0,0,-1,22408,21000
MOIN,2015-08-09,0.94,0.94,0.94,0.94,0,0,-1,30240,28350
MOIN,2015-08-05,0.94,0.94,0.94,0.94,0,0,-1,129753,121650
MOIN,2015-08-04,0.94,0.94,0.94,0.94,-8.2,-0.09,-1,87992,82500
MOIN,2015-07-29,1.03,1.03,1.01,1.03,-0.85,0,-1,22745,23216.25
MOIN,2015-07-28,1.03,1.03,1.03,1.03,0.43,0,-1,22408,23065
MOIN,2015-07-27,1.03,1.03,1.03,1.03,1.93,0.02,-1,18000,18461.85
MOIN,2015-07-21,1.01,1.01,1.01,1.01,-0.92,0,-1,15992,16100
MOIN,2015-07-14,1.01,1.01,1.01,1.01,5.45,0.05,-1,12808,13000
MOIN,2015-07-13,1,1,0.97,0.96,0,0,-1,5520,5515.1
MOIN,2015-07-08,0.94,0.94,0.94,0.96,0,0,-1,8008,7500
MOIN,2015-06-24,1,1,0.95,0.96,1.05,0.01,-1,39840,38360
MOIN,2015-06-23,0.95,0.95,0.95,0.95,3.32,0.02,-1,14977,14274
MOIN,2015-06-18,1,1,1,0.93,0,0,-1,8017,8013
MOIN,2015-06-17,0.95,0.95,0.95,0.93,0,0,-1,8008,7550
MOIN,2015-06-15,0.97,0.97,0.91,0.93,-3.629294,-0.03,-1,48000,44621.05
MOIN,2015-06-07,0.97,0.97,0.94,0.96,-2.22,-0.03,-1,29990,28912.5
MOIN,2015-06-04,0.99,0.99,0.99,0.99,0,0,-1,2597,2574.18
MOIN,2015-06-03,0.97,0.97,0.97,0.99,0,0,-1,3208,3100
MOIN,2015-06-02,0.99,0.99,0.99,0.99,0.7,0.01,-1,41608,41017
MOIN,2015-05-31,1.01,1.01,0.97,0.98,3.16,0.03,-1,68792,67400
MOIN,2015-05-27,0.96,0.96,0.94,0.95,-1.68,-0.02,-1,38400,36445
MOIN,2015-05-26,0.97,0.97,0.96,0.97,0.98,0.01,-1,21600,20855
MOIN,2015-05-25,0.97,0.97,0.97,0.96,0,0,-1,3208,3100
MOIN,2015-05-24,0.94,0.94,0.94,0.96,0,0,-1,8008,7500
MOIN,2015-05-19,0.94,0.94,0.94,0.96,0,0,-1,10647,9975
MOIN,2015-05-18,0.92,0.92,0.92,0.96,0,0,-1,4472,4116
MOIN,2015-05-13,0.96,0.96,0.96,0.96,-0.07,0,-1,14400,13770
MOIN,2015-05-12,0.96,0.96,0.96,0.96,0.39,0.01,-1,24000,22965
MOIN,2015-05-11,0.95,0.95,0.95,0.95,0.2,0,-1,19200,18300
MOIN,2015-05-10,0.95,0.95,0.94,0.95,1.47,0.01,-1,14837,14106.75
MOIN,2015-05-07,0.94,0.94,0.94,0.94,0.27,0,-1,15992,15000
MOIN,2015-05-05,0.95,0.95,0.91,0.94,-2.79,-0.02,-1,24577,22980.5
MOIN,2015-05-04,0.97,0.97,0.95,0.96,2.53,0.02,-1,19200,18463
MOIN,2015-04-30,0.92,0.92,0.92,0.94,0,0,-1,733,678.5
MOIN,2015-04-28,0.95,0.95,0.91,0.94,-0.99,-0.01,-1,32008,30010
MOIN,2015-04-27,0.95,0.95,0.91,0.95,5.28,0.04,-1,72064,68261.648438
MOIN,2015-04-23,0.94,0.94,0.94,0.91,0,0,-1,9600,9000
MOIN,2015-04-21,0.89,0.89,0.89,0.91,0,0,-1,8008,7100
MOIN,2015-04-20,0.91,0.91,0.91,0.91,0,0,-1,4800,4323
MOIN,2015-04-15,0.91,0.91,0.9,0.91,0,0,-1,15992,14397
MOIN,2015-04-14,0.91,0.91,0.9,0.91,0.56,0.02,-1,15992,14396
MOIN,2015-04-07,0.97,0.97,0.96,0.89,0,0,-1,5608,5410
MOIN,2015-04-02,0.89,0.89,0.89,0.89,0,0,-1,3208,2840
MOIN,2015-03-25,0.9,0.9,0.89,0.89,-1.17,-0.02,-1,19200,17180
MOIN,2015-03-24,0.91,0.91,0.91,0.91,0,0,-1,392,360
MOIN,2015-03-23,0.89,0.89,0.89,0.91,0,0,-1,2640,2359.5
MOIN,2015-03-19,0.91,0.91,0.89,0.91,0.07,0,-1,22145,20059.359375
MOIN,2015-03-18,0.91,0.91,0.91,0.91,-1.7,-0.01,-1,24000,21720
MOIN,2015-03-17,0.91,0.91,0.91,0.92,0,0,-1,10790,9777.490234
MOIN,2015-03-15,0.91,0.91,0.91,0.92,0,0,-1,4800,4350
MOIN,2015-03-12,0.91,0.91,0.91,0.92,0,0,-1,817,739.5
MOIN,2015-03-11,0.91,0.91,0.91,0.92,0,0,-1,6392,5768
MOIN,2015-03-03,0.91,0.91,0.91,0.92,0,0,-1,8008,7300
MOIN,2015-03-02,0.94,0.94,0.91,0.92,5.21,0.04,-1,30973,28513.640625
MOIN,2015-02-25,0.88,0.88,0.88,0.88,-0.36,0,-1,80008,70000
MOIN,2015-02-23,0.91,0.91,0.91,0.88,0,0,-1,6392,5800
MOIN,2015-02-22,0.88,0.88,0.88,0.88,0.36,0,-1,17913,15736
MOIN,2015-02-18,0.88,0.88,0.88,0.88,0,0,-1,1287,1120
MOIN,2015-02-17,0.88,0.88,0.88,0.88,-0.07,0,-1,44269,38738
MOIN,2015-02-16,0.89,0.89,0.88,0.88,-1.41,-0.01,-1,32008,28026.599609
MOIN,2015-02-12,0.89,0.89,0.89,0.89,0,0,-1,8008,7075
MOIN,2015-02-11,0.89,0.89,0.89,0.89,-2,-0.02,-1,32008,28428.199219
MOIN,2015-02-05,0.89,0.89,0.89,0.91,0,0,-1,8008,7154
MOIN,2015-02-04,0.91,0.91,0.91,0.91,-1.36,-0.01,-1,12808,11603
MOIN,2015-02-02,0.92,0.92,0.91,0.92,1.38,0.01,-1,20118,18480.400391
MOIN,2015-02-01,0.91,0.91,0.91,0.91,0,0,-1,4800,4350
MOIN,2015-01-29,0.91,0.91,0.91,0.91,0.21,0,-1,11192,10149.5
MOIN,2015-01-28,0.91,0.91,0.9,0.91,3.36,0.03,-1,35410,32029.5
MOIN,2015-01-27,0.88,0.88,0.88,0.88,0,0,-1,12328,10780.700195
MOIN,2015-01-26,0.88,0.88,0.88,0.88,3.09,0.03,-1,57469,50288
MOIN,2015-01-22,0.84,0.84,0.84,0.85,0,0,-1,8008,6675
MOIN,2015-01-19,0.86,0.86,0.85,0.85,-3,-0.03,-1,15032,12766
MOIN,2015-01-15,0.88,0.88,0.88,0.88,0,0,-1,32008,28000
MOIN,2015-01-13,0.88,0.88,0.88,0.88,0,0,-1,8008,6996.839844
MOIN,2015-01-08,0.88,0.88,0.88,0.88,-8.38,-0.08,-1,22408,19600
MOIN,2014-12-30,0.94,0.94,0.94,0.96,0,0,-1,1057,987.359985
MOIN,2014-12-29,0.91,0.91,0.91,0.96,0,0,-1,7200,6507
MOIN,2014-12-25,0.96,0.96,0.96,0.96,6.11,0.05,-1,11192,10698.5
MOIN,2014-12-24,0.91,0.91,0.91,0.91,-0.69,0,-1,106190,95577.796875
MOIN,2014-12-23,0.91,0.91,0.91,0.91,3.06,0.03,-1,203553,184435.046875
MOIN,2014-12-22,0.97,0.97,0.97,0.88,0,0,-1,4223,4084.080078
MOIN,2014-12-16,0.89,0.89,0.89,0.88,0,0,-1,8008,7125
MOIN,2014-12-15,0.88,0.88,0.88,0.88,-7.68,-0.07,-1,30064,26439.529297
MOIN,2014-12-14,0.96,0.96,0.94,0.95,-0.65,-0.01,-1,21120,20112.199219
MOIN,2014-12-11,1,1,1,0.96,0,0,-1,392,400
MOIN,2014-12-10,0.98,0.98,0.95,0.96,-0.32,0,-1,14990,14374.650391
MOIN,2014-12-09,0.98,0.98,0.98,0.96,0,0,-1,785,766.849976
MOIN,2014-12-02,0.98,0.98,0.98,0.96,0,0,-1,4177,4084.649902
MOIN,2014-11-30,1.03,1.03,0.96,0.96,0,0,-1,785,763.549988
MOIN,2014-11-27,0.95,0.95,0.95,0.96,0,0,-1,808,760
MOIN,2014-11-25,1,1,0.91,0.96,-3.51,-0.03,-1,32173,30955.380859
MOIN,2014-11-23,1,1,0.97,0.99,2.37,0.02,-1,24000,23930
MOIN,2014-11-17,1,1,0.97,0.97,6.49,0.06,-1,18720,18231
MOIN,2014-11-16,0.97,0.97,0.88,0.91,-5.61,-0.06,-1,19200,17557
MOIN,2014-11-11,0.97,0.97,0.95,0.97,0,0,-1,6392,6160
MOIN,2014-11-10,0.94,0.94,0.94,0.97,0,0,-1,6392,6008
MOIN,2014-11-03,0.94,0.94,0.94,0.97,0,0,-1,7200,6752.5
MOIN,2014-10-30,1.07,1.07,1.07,0.97,0,0,-1,2728,2888.300049
MOIN,2014-10-29,0.97,0.97,0.97,0.97,9.7,0.08,-1,23192,22468
MOIN,2014-10-21,0.94,0.94,0.94,0.89,0,0,-1,7725,7245
MOIN,2014-10-20,0.82,0.82,0.82,0.89,0,0,-1,10,13.1
MOIN,2014-10-16,0.91,0.91,0.88,0.89,-2.95,-0.02,-1,77128,68117.578125
MOIN,2014-10-15,0.92,0.92,0.88,0.91,-1.62,-0.01,-1,13301,12100.30957
MOIN,2014-10-14,0.92,0.92,0.92,0.92,-6.15,-0.07,-1,11183,10345.200195
MOIN,2014-10-12,0.99,0.99,0.99,0.99,0.96,0.02,-1,29608,29180.5
MOIN,2014-09-28,0.97,0.97,0.97,0.97,0,0,-1,1537,1492.800049
MOIN,2014-09-22,0.98,0.98,0.97,0.97,-3.1,-0.04,-1,11225,10951.110352
MOIN,2014-09-08,0.95,0.95,0.95,1.01,0,0,-1,6720,6397
MOIN,2014-09-03,1.03,1.03,0.95,1.01,-1.29,-0.01,-1,30064,30262.529297
MOIN,2014-09-01,1.07,1.07,1.07,1.02,0,0,-1,8160,8668
MOIN,2014-08-31,1.03,1.03,1.02,1.02,1.12,0.01,-1,20501,20905.429688
MOIN,2014-08-26,1.01,1.01,1.01,1.01,-1.88,-0.02,-1,24000,24213
MOIN,2014-08-14,0.98,0.98,0.98,1.03,0,0,-1,4800,4698
MOIN,2014-08-07,0.99,0.99,0.99,1.03,0,0,-1,6392,6280
MOIN,2014-08-05,1.03,1.03,1.03,1.03,2.81,0.03,-1,22901,23540.949219
MOIN,2014-08-04,1,1,1,1,3.23,0.03,-1,27208,27199
MOIN,2014-08-03,0.96,0.96,0.96,0.97,0,0,-1,1592,1530
MOIN,2014-07-14,0.99,0.99,0.95,0.97,0,0,-1,3360,3224
MOIN,2014-07-08,0.97,0.97,0.97,0.97,2.92,0.03,-1,18808,18212.5
MOIN,2014-06-22,0.94,0.94,0.94,0.94,0,0,-1,767825,722714.3125
MOIN,2014-06-19,0.94,0.94,0.94,0.94,0,0,-1,10,15.06
MOIN,2014-06-16,0.94,0.94,0.94,0.94,0,0,-1,918,855
MOIN,2014-06-05,0.99,0.99,0.99,0.94,0,0,-1,3032,2992.5
MOIN,2014-06-03,0.94,0.94,0.94,0.94,0,0,-1,110,105
MOIN,2014-05-29,0.95,0.95,0.94,0.94,-5.04,-0.05,-1,20890,19672.599609
MOIN,2014-05-28,1,1,0.99,0.99,-1.06,-0.01,-1,14300,14181.900391
MOIN,2014-05-26,1.01,1.01,1.01,1,0,0,-1,6337,6435
MOIN,2014-05-22,1.01,1.01,1,1,0.19,0,-1,13047,13061.849609
MOIN,2014-05-21,1.01,1.01,1.01,1,0,0,-1,1210,1230.439941
MOIN,2014-05-20,1,1,1,1,2.96,0.03,-1,71477,71472
MOIN,2014-05-12,0.98,0.98,0.95,0.97,9.05,0.08,-1,11192,10874.75
MOIN,2014-05-11,0.94,0.94,0.94,0.89,0,0,-1,6392,5996
MOIN,2014-05-08,0.94,0.94,0.94,0.89,0,0,-1,3133,2947.840088
MOIN,2014-05-06,0.94,0.94,0.94,0.89,0,0,-1,9272,8704
MOIN,2014-04-30,0.97,0.97,0.97,0.89,0,0,-1,5520,5330.25
MOIN,2014-04-27,0.96,0.96,0.96,0.89,0,0,-1,9272,8908.5
MOIN,2014-04-16,0.91,0.91,0.89,0.89,1.35,0.01,-1,12808,11402.25
MOIN,2014-04-14,0.89,0.89,0.88,0.88,0,0,-1,3208,2826
MOIN,2014-04-03,0.91,0.91,0.88,0.88,-6.2,-0.06,-1,12973,11404
MOIN,2014-03-31,0.94,0.94,0.94,0.94,0.13,0,-1,11553,10824.700195
MOIN,2014-03-30,0.94,0.94,0.91,0.94,2.89,0.03,-1,34353,32139.009766
MOIN,2014-03-27,0.91,0.91,0.91,0.91,-3.32,-0.03,-1,19200,17456
MOIN,2014-03-26,0.99,0.99,0.94,0.94,-0.59,-0.01,-1,20881,19637.550781
MOIN,2014-03-25,1,1,0.94,0.95,-0.85,0,-1,33710,31893.820313
MOIN,2014-03-24,0.95,0.95,0.95,0.95,0,0,-1,87,76.050003
MOIN,2014-03-23,0.97,0.97,0.97,0.95,0,0,-1,5520,5347.5
MOIN,2014-03-10,0.97,0.97,0.95,0.95,-1.42,-0.02,-1,39992,38173.5
MOIN,2014-03-09,0.96,0.96,0.96,0.96,-0.58,-0.01,-1,2487,2387
MOIN,2014-03-05,0.97,0.97,0.95,0.97,1.97,0.02,-1,43113,41752.121094
MOIN,2014-03-03,1.03,1.03,0.94,0.95,-5.36,-0.05,-1,11608,11013.700195
MOIN,2014-03-02,1.02,1.02,0.99,1,1.58,0.01,-1,20728,20787.099609
MOIN,2014-02-25,0.99,0.99,0.99,0.99,-0.13,0,-1,15992,15800
MOIN,2014-02-24,1,1,0.99,0.99,-0.69,0,-1,21733,21483.119141
MOIN,2014-02-23,1,1,0.99,0.99,-0.932836,-0.01,-1,47192,46991
MOIN,2014-02-20,1.01,1.01,1,1,-6.4,-0.07,-1,33545,33704.179688
MOIN,2014-02-19,1.16,1.16,1.04,1.07,1.24,0,-1,53608,57537.941406
MOIN,2014-02-18,1.07,1.07,1.06,1.07,-0.64,0,-1,20737,21987.74
MOIN,2014-02-16,1.07,1.07,1.07,1.07,0,0,-1,6392,6875.850098
MOIN,2014-02-12,1.07,1.07,1.07,1.07,7.96,0.08,-1,9545,10179.099609
MOIN,2014-02-11,1.11,1.11,0.97,0.99,-3.48,-0.04,-1,79528,78637.601563
MOIN,2014-02-10,1.03,1.03,1.03,1.03,-9.95,-0.11,-1,25592,26216
MOIN,2014-02-05,1.15,1.15,1.1,1.14,8.59,0.09,-1,115069,130913.007813
MOIN,2014-02-04,1.1,1.1,0.92,1.05,5.34,0.06,-1,55090,57702.699219
MOIN,2014-02-02,0.92,0.92,0.92,0.99,0,0,-1,2400,2214.600098
MOIN,2014-01-16,1.01,1.01,0.92,0.99,7.35,0.06,-1,10450,10391.400391
MOIN,2014-01-15,0.92,0.92,0.92,0.93,0,0,-1,7200,6660
MOIN,2014-01-14,0.94,0.94,0.89,0.93,-6.2,-0.06,-1,33882,31384.5
MOIN,2014-01-12,1.03,1.03,0.94,0.99,0,0,-1,3360,3448
MOIN,2014-01-08,0.99,0.99,0.99,0.99,-2.65,-0.02,-1,23104,22815.199219
MOIN,2014-01-06,0.92,0.92,0.92,1.01,0,0,-1,3447,3182
MOIN,2014-01-05,1.03,1.03,0.99,1.01,8.13,0.07,-1,32160,32626.900391
MOIN,2014-01-02,1,1,0.89,0.94,-2.47,-0.02,-1,28713,26935
MOIN,2013-12-31,0.97,0.97,0.95,0.96,2.6,0.02,-1,10408,10002.799805
MOIN,2013-12-30,0.95,0.95,0.94,0.94,5.26,0.05,-1,11040,10348.650391
MOIN,2013-12-26,0.89,0.89,0.89,0.89,-0.21,0,-1,26225,23358.25
MOIN,2013-12-24,0.89,0.89,0.89,0.89,0.21,0,-1,15992,14280
MOIN,2013-12-23,0.89,0.89,0.89,0.89,-4.17,-0.04,-1,25592,22806
MOIN,2013-12-19,0.94,0.94,0.89,0.93,-4.56,-0.04,-1,43190,40142.058594
MOIN,2013-12-15,0.88,0.88,0.88,0.97,0,0,-1,808,702.75
MOIN,2013-12-11,0.92,0.92,0.88,0.97,0,0,-1,4790,4376.27002
MOIN,2013-12-10,0.99,0.99,0.94,0.97,-3.35,-0.04,-1,22933,22332.029297
MOIN,2013-12-09,0.96,0.96,0.96,1.01,0,0,-1,3208,3084
MOIN,2013-12-02,1.03,1.03,1,1.01,1.9,0.02,-1,10647,10717.549805
MOIN,2013-12-01,0.99,0.99,0.99,0.99,-0.57,0,-1,14173,14018
MOIN,2013-11-27,1,1,0.99,0.99,6,0.05,-1,11192,11134
MOIN,2013-11-26,0.94,0.94,0.94,0.94,-4.94,-0.05,-1,20792,19509.199219
MOIN,2013-11-25,0.95,0.95,0.95,0.99,0,0,-1,8008,7630
MOIN,2013-11-21,1.03,1.03,0.97,0.99,0.45,0,-1,36872,36387.78125
MOIN,2013-11-20,0.96,0.96,0.96,0.99,0,0,-1,8313,7948.600098
MOIN,2013-11-18,0.99,0.99,0.99,0.99,-0.63,0,-1,23672,23266.199219
MOIN,2013-11-17,1,1,0.99,0.99,1.02,0.01,-1,24000,23731
MOIN,2013-11-14,1.01,1.01,1.01,0.98,0,0,-1,6392,6440
MOIN,2013-11-12,1.04,1.04,0.95,0.98,-3.39,-0.03,-1,11192,10965
MOIN,2013-11-11,0.94,0.94,0.94,1.01,0,0,-1,10,15.06
MOIN,2013-11-10,1.02,1.02,1.01,1.01,6.64,0.06,-1,180632,183001.75
MOIN,2013-11-07,0.96,0.96,0.95,0.95,1.06,0.01,-1,16800,15958.5
MOIN,2013-11-06,0.95,0.95,0.91,0.94,4.59,0.04,-1,121832,114516.203125
MOIN,2013-11-04,0.91,0.91,0.89,0.9,2.35,0.02,-1,15992,14378
MOIN,2013-10-31,0.89,0.89,0.88,0.88,-4.16,-0.03,-1,194837,171114.671875
MOIN,2013-10-30,0.88,0.88,0.88,0.91,0,0,-1,7690,6741.810059
MOIN,2013-10-29,0.94,0.94,0.91,0.91,-2.14,-0.03,-1,55823,51161.800781
MOIN,2013-10-28,0.94,0.94,0.93,0.94,-0.07,0,-1,15687,14681.900391
MOIN,2013-10-23,0.94,0.94,0.94,0.94,5.27,0.05,-1,27217,25497
MOIN,2013-10-22,0.92,0.92,0.91,0.89,0,0,-1,8792,8083
MOIN,2013-10-21,0.91,0.91,0.91,0.89,0,0,-1,808,731.25
MOIN,2013-10-13,0.91,0.91,0.88,0.89,-2.47,-0.02,-1,83957,74708
MOIN,2013-10-08,1.16,1.16,1.16,1.16,0,0,-1,1880,2176.75
MOIN,2013-10-01,1.16,1.16,1.16,1.16,0,0,-1,1119,1299.400024
MOIN,2013-09-30,1.16,1.16,1.16,1.16,0,0,-1,3503,4088
MOIN,2013-09-29,1.16,1.16,1.16,1.16,0,0,-1,9707,11315
MOIN,2013-09-24,1.2,1.2,1.2,1.16,0,0,-1,1247,1498
MOIN,2013-09-18,1.16,1.16,1.16,1.16,0,0,-1,7144,8293.5
MOIN,2013-09-17,1.2,1.2,1.16,1.16,-3,-0.04,-1,45565,53061.25
MOIN,2013-09-12,1.2,1.2,1.16,1.2,-2.67,0,-1,3760,4380
MOIN,2013-09-10,1.2,1.2,1.2,1.2,5.19,0.07,-1,10033,12000
MOIN,2013-09-05,1.16,1.16,1.13,1.13,2.03,0,-1,3503,4074
MOIN,2013-09-02,1.14,1.14,1.13,1.13,0.28,0,-1,2588,2937.800049
MOIN,2013-09-01,1.14,1.14,1.13,1.13,0.28,0,-1,19732,22452
MOIN,2013-08-29,1.13,1.13,1.13,1.13,-5.06,-0.07,-1,10033,11408
MOIN,2013-08-22,1.21,1.21,1.2,1.2,8.06,0.08,-1,16920,20272.5
MOIN,2013-08-14,1.12,1.12,1.12,1.12,-4.63,-0.05,-1,12527,14020
MOIN,2013-08-07,1.17,1.17,1.17,1.17,6.68,0.07,-1,10033,11760
MOIN,2013-07-25,1.1,1.1,1.1,1.1,0.07,0,-1,10033,11024
MOIN,2013-07-24,1.1,1.1,1.1,1.1,-1.79,-0.02,-1,31472,34571.25
MOIN,2013-07-18,1.12,1.12,1.11,1.12,5.09,0.05,-1,27790,31026.980469
MOIN,2013-07-09,1.16,1.16,1.07,1.07,8.45,0,-1,6273,7247
MOIN,2013-07-07,1.08,1.08,1.04,1.07,9.96,0.1,-1,41556,44343.519531
MOIN,2013-06-27,1.01,1.01,1.01,0.97,0,0,-1,1052,1067.64
MOIN,2013-06-25,1.01,1.01,0.97,0.97,3.27,0,-1,3880,3924.350098
MOIN,2013-06-24,1,1,0.97,0.97,1.8,0,-1,3760,3741
MOIN,2013-06-16,0.99,0.99,0.97,0.97,1.22,0,-1,752,744
MOIN,2013-06-12,0.97,0.97,0.97,0.97,0,0,-1,3760,3675
MOIN,2013-06-10,0.98,0.98,0.97,0.97,-8.96,-0.11,-1,17939,17531.75
MOIN,2013-06-04,1.08,1.08,1.08,1.08,-1.68,-0.02,-1,29892,32216.75
MOIN,2013-06-03,1.1,1.1,1.08,1.1,-0.22,0,-1,3120,3409.050049
MOIN,2013-05-15,1.12,1.12,1.1,1.1,2.04,0,-1,445,490.350006
MOIN,2013-05-09,1.12,1.12,1.1,1.1,2.33,0,-1,5007,5620
MOIN,2013-05-07,1.17,1.17,1.1,1.1,6.99,0,-1,445,514.150024
MOIN,2013-04-30,1.1,1.1,1.1,1.1,0.51,0,-1,6273,6900
MOIN,2013-04-29,1.1,1.1,1.1,1.1,1.09,0,-1,4938,5461.720215
MOIN,2013-04-28,1.1,1.1,1.1,1.1,-0.15,0,-1,4393,4801
MOIN,2013-04-24,1.1,1.1,1.08,1.1,-0.87,0,-1,3682,3995.459961
MOIN,2013-04-16,1.1,1.1,1.07,1.1,0,0,-1,1880,2014.5
MOIN,2013-04-15,1.1,1.1,1.1,1.1,0.81,0.01,-1,38515,42196.6
MOIN,2013-04-09,1.13,1.13,1.08,1.09,-4.59,-0.04,-1,47000,51073.308594
MOIN,2013-04-07,1.13,1.13,1.13,1.13,-0.14,0,-1,5007,5652
MOIN,2013-03-31,1.13,1.13,1.13,1.13,-0.35,0,-1,445,493.5
MOIN,2013-03-28,1.13,1.13,1.13,1.13,0,0,-1,307,352.5
MOIN,2013-03-26,1.16,1.16,1.13,1.13,2.47,0,-1,478,551
MOIN,2013-03-25,1.16,1.16,1.12,1.13,4.17,0.03,-1,13272,14984
MOIN,2013-03-24,1.12,1.12,1.1,1.1,0.57,0,-1,4393,4900
MOIN,2013-03-21,1.12,1.12,1.1,1.1,1.9,0,-1,16287,18094
MOIN,2013-03-19,1.1,1.1,1.09,1.1,-0.51,0,-1,3127,3412.5
MOIN,2013-03-18,1.12,1.12,1.09,1.1,0,0,-1,3760,4179
MOIN,2013-03-17,1.1,1.1,1.09,1.1,-1.02,0,-1,1837,1982.680054
MOIN,2013-03-14,1.12,1.12,1.08,1.1,-2.87,-0.01,-1,45948,50311.300781
MOIN,2013-03-12,1.12,1.12,1.08,1.11,-6.76,-0.05,-1,31797,35402.238281
MOIN,2013-03-06,1.11,1.11,1.08,1.16,-6.62,0,-1,3760,4175.160156
MOIN,2013-03-04,1.16,1.16,1.12,1.16,-3.1,0,-1,2513,2810
MOIN,2013-02-28,1.16,1.16,1.1,1.16,-5.52,0,-1,7777,8501
MOIN,2013-02-27,1.16,1.16,1.12,1.16,0,0,-1,6392,7165
MOIN,2013-02-25,1.16,1.16,1.16,1.16,3.57,0.04,-1,8656,10017.589844
MOIN,2013-02-20,1.12,1.12,1.12,1.12,-1.06,-0.01,-1,31327,35010.5
MOIN,2013-02-10,1.15,1.15,1.12,1.13,-4.63,-0.03,-1,18800,21231
MOIN,2013-02-07,1.16,1.16,1.13,1.16,-2.93,0,-1,2400,2721.75
MOIN,2013-02-06,1.2,1.2,1.2,1.16,0,0,-1,1385,1655
MOIN,2013-02-05,1.16,1.16,1.13,1.16,-3.88,0,-1,274,310.420013
MOIN,2013-02-04,1.2,1.2,1.12,1.16,0,0,-1,3760,4390
MOIN,2013-01-31,1.19,1.19,1.13,1.16,5.82,0.04,-1,14852,17395.75
MOIN,2013-01-29,1.19,1.19,1.08,1.12,0,0,-1,50,58.150002
MOIN,2013-01-22,1.12,1.12,1.1,1.12,0,0,-1,5007,5585
MOIN,2013-01-17,1.12,1.12,1.12,1.12,0.86,0.01,-1,12527,14085
MOIN,2013-01-15,1.13,1.13,1.09,1.11,-3.34,-0.01,-1,10419,11606.400391
MOIN,2013-01-13,1.13,1.13,1.12,1.12,0,0,-1,3127,3530
MOIN,2013-01-10,1.16,1.16,1.12,1.12,0,0,-1,5675,6525
MOIN,2013-01-09,1.16,1.16,1.08,1.12,3.5,0,-1,12527,14065.400391
MOIN,2013-01-08,1.16,1.16,1.1,1.12,4.02,0.01,-1,29447,32915
MOIN,2013-01-03,1.12,1.12,1.1,1.11,-2.8,-0.03,-1,22664,25207.099609
MOIN,2013-01-02,1.14,1.14,1.08,1.14,-5.59,0,-1,4854,5414
MOIN,2012-12-31,1.13,1.13,1.12,1.14,-1.89,0,-1,3127,3531.5
MOIN,2012-12-30,1.14,1.14,1.14,1.14,2,0.02,-1,27192,31031
MOIN,2012-12-27,1.12,1.12,1.12,1.12,-2.37,-0.03,-1,42795,47870
MOIN,2012-12-26,1.19,1.19,1.12,1.15,-7.71,-0.06,-1,16852,19291.650391
MOIN,2012-12-25,1.26,1.26,1.2,1.21,3.8,0,-1,31917,38655.28125
MOIN,2012-12-24,1.26,1.26,1.19,1.21,2.88,0.05,-1,37600,45785
MOIN,2012-12-23,1.16,1.16,1.16,1.16,7.75,0.08,-1,14032,16327
MOIN,2012-12-20,1.16,1.16,1.16,1.08,7.01,0,-1,6273,7250
MOIN,2012-12-19,1.13,1.13,1.13,1.08,5.17,0,-1,5648,6426.75
MOIN,2012-12-18,1.19,1.19,1.19,1.08,9.3,0,-1,932,1095.939941
MOIN,2012-12-17,1.16,1.16,1.12,1.08,3.39,0,-1,7897,8875.299805
MOIN,2012-12-12,1.08,1.08,1.08,1.08,-1.02,-0.02,-1,12527,13550
MOIN,2012-12-09,1.11,1.11,1.08,1.11,-0.43,-0.01,-1,51298,56053.5
MOIN,2012-12-05,1.09,1.09,1.09,1.12,-2.57,0,-1,7263,7917
MOIN,2012-12-04,1.17,1.17,1.12,1.12,-1.93,-0.08,-1,9588,10720.5
MOIN,2012-12-03,1.08,1.08,1.08,1.2,-9.94,0,-1,7520,8105
MOIN,2012-12-02,1.26,1.26,1.16,1.2,-3.4,0,-1,30532,36522.328125
MOIN,2012-11-29,1.2,1.2,1.2,1.2,-5.12,-0.06,-1,39600,47418.199219
MOIN,2012-11-28,1.27,1.27,1.24,1.26,6.47,0.06,-1,12784,16139
MOIN,2012-11-27,1.2,1.2,1.2,1.2,1.21,0.01,-1,17365,20781.5
MOIN,2012-11-26,1.22,1.22,1.2,1.19,1.15,0,-1,3760,4575
MOIN,2012-11-25,1.2,1.2,1.16,1.19,-2.78,-0.02,-1,11016,13034.759766
MOIN,2012-11-22,1.28,1.28,1.24,1.21,2.51,0,-1,5947,7473
MOIN,2012-11-20,1.2,1.2,1.2,1.21,-0.46,0,-1,7520,9030
MOIN,2012-11-19,1.21,1.21,1.21,1.21,-3.2,-0.03,-1,16168,19504.900391
MOIN,2012-11-18,1.2,1.2,1.2,1.24,-3.91,0,-1,5640,6752
MOIN,2012-11-11,1.23,1.23,1.23,1.24,-1.35,0,-1,4700,5779
MOIN,2012-11-08,1.26,1.26,1.26,1.24,1.22,0,-1,1573,1975
MOIN,2012-11-06,1.24,1.24,1.24,1.24,-0.64,0,-1,5487,6791.38
MOIN,2012-11-04,1.21,1.21,1.2,1.24,-3.91,0,-1,6273,7515
MOIN,2012-10-31,1.26,1.26,1.24,1.24,1.79,0,-1,3282,4135.18
MOIN,2012-10-24,1.28,1.28,1.28,1.24,2.5,0,-1,1197,1520
MOIN,2012-10-23,1.25,1.25,1.24,1.24,0.58,0,-1,49325,61419.22
MOIN,2012-10-22,1.24,1.24,1.24,1.24,0,0,-1,5007,6217
MOIN,2012-10-18,1.29,1.29,1.26,1.24,0,0,-1,5914,7547.6
MOIN,2012-10-17,1.28,1.28,1.28,1.24,0,0,-1,1880,2400
MOIN,2012-10-14,1.24,1.24,1.23,1.24,0,0,-1,13793,17066
MOIN,2012-10-11,1.28,1.28,1.21,1.24,0,0,-1,5256,6691.09
MOIN,2012-10-10,1.24,1.24,1.24,1.24,0,0,-1,872,1089.2
MOIN,2012-10-09,1.32,1.32,1.32,1.24,0,0,-1,2513,3308
MOIN,2012-10-04,1.24,1.24,1.24,1.24,-0.19,0,-1,6273,7750
MOIN,2012-10-03,1.24,1.24,1.24,1.24,-0.64,0,-1,2924,3619.5
MOIN,2012-10-02,1.24,1.24,1.24,1.24,-4.06,-0.05,-1,1504,1872
MOIN,2012-09-27,1.32,1.32,1.29,1.29,-0.62,0,-1,6502,8441
MOIN,2012-09-26,1.32,1.32,1.28,1.29,-0.54,-0.03,-1,10033,12998
MOIN,2012-09-24,1.32,1.32,1.32,1.32,0,0,-1,7263,9620
MOIN,2012-09-23,1.32,1.32,1.32,1.32,1.48,0.03,-1,2513,3300
MOIN,2012-09-20,1.35,1.35,1.24,1.29,1.16,0.05,-1,27157,35225.7
MOIN,2012-09-19,1.28,1.28,1.24,1.24,2.63,0,-1,19211,23877
MOIN,2012-09-17,1.29,1.29,1.24,1.24,-4.32,-0.05,-1,10033,12470
MOIN,2012-09-16,1.32,1.32,1.28,1.29,1.6,0,-1,23620,30544.9
MOIN,2012-09-13,1.29,1.29,1.29,1.29,4.91,0.05,-1,23877,30938.25
MOIN,2012-09-10,1.24,1.24,1.24,1.24,-2.27,-0.02,-1,4888,6037.2
MOIN,2012-09-09,1.28,1.28,1.24,1.26,-5.83,-0.1,-1,27285,34473.2
MOIN,2012-09-06,1.36,1.36,1.36,1.36,9.83,0.12,-1,2144,2905.29
MOIN,2012-09-04,1.24,1.24,1.24,1.24,0.06,0,-1,8767,10829
MOIN,2012-09-02,1.24,1.24,1.24,1.24,0,0,-1,3094,3817.83
MOIN,2012-08-30,1.24,1.24,1.24,1.24,1.31,0.03,-1,4768,5878.6
MOIN,2012-08-23,1.24,1.24,1.21,1.21,6.18,0.05,-1,2855,3480.68
MOIN,2012-08-21,1.16,1.16,1.14,1.16,-7.56,-0.08,-1,12032,13977.3
MOIN,2012-08-16,1.24,1.24,1.24,1.24,6.69,0.08,-1,9802,12097.5
MOIN,2012-08-14,1.16,1.16,1.16,1.16,2.47,0.03,-1,3282,3799
MOIN,2012-08-09,1.13,1.13,1.13,1.13,-0.07,0,-1,10828,12225.6
MOIN,2012-08-08,1.13,1.13,1.13,1.13,-6.6,-0.08,-1,2000,2265.6
MOIN,2012-08-07,1.24,1.24,1.19,1.21,0.06,-0.03,-1,12835,15526.4
MOIN,2012-08-05,1.24,1.24,1.23,1.24,1.39,0.03,-1,7520,9276.96
MOIN,2012-08-02,1.21,1.21,1.21,1.21,7,0.08,-1,5042,6086.28
MOIN,2012-07-25,1.13,1.13,1.13,1.13,-4.33,-0.05,-1,12527,14152
MOIN,2012-07-24,1.18,1.18,1.18,1.18,2.07,0.02,-1,2257,2662.2
MOIN,2012-07-16,1.16,1.16,1.16,1.16,2.84,0.04,-1,2257,2608.2
MOIN,2012-07-09,1.13,1.13,1.12,1.12,0.57,0,-1,4888,5494.2
MOIN,2012-07-08,1.12,1.12,1.12,1.12,0.14,0,-1,5836,6533.32
MOIN,2012-06-27,1.12,1.12,1.12,1.12,-2.1,-0.02,-1,47257,52791.9
MOIN,2012-06-25,1.16,1.16,1.13,1.14,0,-0.02,-1,9613,10969.8
MOIN,2012-06-24,1.16,1.16,1.16,1.16,2.93,0.04,-1,1247,1440
MOIN,2012-06-21,1.12,1.12,1.12,1.12,-0.07,0,-1,11657,13014.7
MOIN,2012-06-18,1.12,1.12,1.12,1.12,0,0,-1,18800,21010
MOIN,2012-06-14,1.12,1.12,1.1,1.12,1.89,0.02,-1,8153,9100
MOIN,2012-06-13,1.12,1.12,1.08,1.1,-1.86,-0.02,-1,17553,19240.5
MOIN,2012-06-11,1.12,1.12,1.12,1.12,0,0,-1,19167,21406
MOIN,2012-06-10,1.12,1.12,1.12,1.12,0.07,0,-1,9093,10150
MOIN,2012-06-05,1.12,1.12,1.1,1.12,1.67,-0.01,-1,12527,13990
MOIN,2012-06-04,1.1,1.1,1.1,1.1,-0.07,0,-1,7520,8250
MOIN,2012-05-30,1.1,1.1,1.1,1.1,0.07,0,-1,6922,7593.52
MOIN,2012-05-28,1.1,1.1,1.1,1.1,0,0,-1,39284,43092.5
MOIN,2012-05-27,1.1,1.1,1.1,1.1,-0.07,0,-1,3503,3850
MOIN,2012-05-22,1.1,1.1,1.1,1.1,0.36,0,-1,14920,16372
MOIN,2012-05-21,1.1,1.1,1.1,1.1,-0.07,0,-1,5007,5500
MOIN,2012-05-20,1.1,1.1,1.1,1.1,-0.72,0,-1,5007,5504
MOIN,2012-05-16,1.12,1.12,1.1,1.1,-1.79,-0.02,-1,17895,19810
MOIN,2012-05-13,1.12,1.12,1.12,1.12,-0.14,0,-1,91487,102200
MOIN,2012-05-10,1.13,1.13,1.12,1.12,0,0,-1,30788,34422
MOIN,2012-05-09,1.12,1.12,1.12,1.12,0,0,-1,3810,4256
MOIN,2012-05-07,1.12,1.12,1.12,1.12,0,0,-1,2454,2744
MOIN,2012-05-06,1.12,1.12,1.12,1.12,1.67,0.02,-1,6273,7000
MOIN,2012-05-03,1.1,1.1,1.1,1.1,0.36,0,-1,2828,3112.14
MOIN,2012-05-02,1.1,1.1,1.1,1.1,-1.79,-0.02,-1,5520,6050
MOIN,2012-04-30,1.12,1.12,1.12,1.12,-0.28,0,-1,6615,7392
MOIN,2012-04-29,1.15,1.15,1.12,1.12,0,0,-1,5640,6317.66
MOIN,2012-04-26,1.12,1.12,1.12,1.12,0,0,-1,23159,25872
MOIN,2012-04-24,1.12,1.12,1.12,1.12,0,0,-1,9425,10528
MOIN,2012-04-23,1.12,1.12,1.1,1.12,1.82,0.02,-1,5383,6021.82
MOIN,2012-04-19,1.1,1.1,1.1,1.1,0,0,-1,6273,6875
MOIN,2012-04-18,1.1,1.1,1.1,1.1,0,0,-1,1392,1526.25
MOIN,2012-04-17,1.1,1.1,1.1,1.1,-0.07,0,-1,8392,9212.5
MOIN,2012-04-12,1.1,1.1,1.1,1.1,-1.79,-0.02,-1,8040,8817.25
MOIN,2012-04-11,1.12,1.12,1.12,1.12,0,0,-1,452,504
MOIN,2012-04-10,1.12,1.12,1.12,1.12,0,0,-1,3760,4200
MOIN,2012-04-09,1.12,1.12,1.1,1.12,1.82,0.02,-1,16920,18900
MOIN,2012-04-08,1.1,1.1,1.1,1.1,0,0,-1,15673,17189.34
MOIN,2012-04-05,1.1,1.1,1.1,1.1,-1.79,-0.02,-1,28175,30910
MOIN,2012-04-04,1.12,1.12,1.12,1.12,0,0,-1,4255,4760
MOIN,2012-04-02,1.12,1.12,1.12,1.12,0,0,-1,3127,3500
MOIN,2012-04-01,1.12,1.12,1.12,1.12,0,0,-1,2632,2940
MOIN,2012-03-29,1.12,1.12,1.12,1.12,0,0,-1,6273,7000
MOIN,2012-03-27,1.12,1.12,1.12,1.12,-2.57,-0.03,-1,12715,14210
MOIN,2012-03-25,1.16,1.16,1.14,1.15,-1.31,-0.01,-1,17116,19627.9
MOIN,2012-03-22,1.16,1.16,1.16,1.16,-1.37,0,-1,4957,5721.6
MOIN,2012-03-19,1.16,1.16,1.16,1.16,0.62,0,-1,1307,1518.4
MOIN,2012-03-15,1.16,1.16,1.16,1.16,0,0,-1,12527,14507.2
MOIN,2012-03-14,1.16,1.16,1.16,1.16,0,0,-1,16287,18850
MOIN,2012-03-13,1.16,1.16,1.16,1.16,-3.33,-0.04,-1,6273,7250
MOIN,2012-03-06,1.2,1.2,1.2,1.2,2.6,0.04,-1,1247,1500
MOIN,2012-03-05,1.16,1.16,1.16,1.16,-3.43,-0.05,-1,2632,3070.1
MOIN,2012-03-04,1.21,1.21,1.2,1.21,0.93,0.01,-1,25073,30289.96
MOIN,2012-02-29,1.2,1.2,1.2,1.2,4.17,0.04,-1,1247,1500
MOIN,2012-02-28,1.16,1.16,1.16,1.16,-4,-0.04,-1,4060,4666.6
MOIN,2012-02-26,1.2,1.2,1.2,1.2,5.19,0.07,-1,1247,1500
MOIN,2012-02-20,1.14,1.14,1.13,1.13,0,0,-1,30952,35221.08
MOIN,2012-02-16,1.13,1.13,1.13,1.13,0.07,0,-1,12527,14262
MOIN,2012-02-12,1.13,1.13,1.13,1.13,1.71,0.01,-1,2513,2850
MOIN,2012-02-09,1.19,1.19,1.12,1.12,0,0,-1,948,1074.56
MOIN,2012-02-08,1.13,1.13,1.12,1.12,-1.68,-0.01,-1,24628,27530
MOIN,2012-02-02,1.13,1.13,1.13,1.13,-2.4,-0.03,-1,12527,14250
MOIN,2012-02-01,1.18,1.18,1.16,1.16,2.82,0.03,-1,6273,7298.5
MOIN,2012-01-26,1.19,1.19,1.13,1.13,0,0,-1,377,446.7
MOIN,2012-01-24,1.16,1.16,1.1,1.13,-1.66,-0.03,-1,31132,35281.6
MOIN,2012-01-18,1.16,1.16,1.15,1.16,1.05,0.02,-1,4632,5341.9
MOIN,2012-01-17,1.16,1.16,1.13,1.14,-1.24,-0.02,-1,17553,20000
MOIN,2012-01-15,1.16,1.16,1.16,1.16,1.54,0.03,-1,3760,4341
MOIN,2012-01-12,1.13,1.13,1.13,1.13,0,0,-1,7520,8550
MOIN,2012-01-10,1.13,1.13,1.13,1.13,0,0,-1,2213,2508
MOIN,2012-01-09,1.13,1.13,1.13,1.13,0,0,-1,14844,16874.02
MOIN,2012-01-05,1.13,1.13,1.13,1.13,-3.85,-0.06,-1,1247,1425
MOIN,2012-01-03,1.19,1.19,1.18,1.19,7.63,0.09,-1,5007,5928
MOIN,2011-12-28,1.1,1.1,1.1,1.1,-2.2,-0.02,-1,40727,44744.1
MOIN,2011-12-27,1.13,1.13,1.12,1.12,-0.85,-0.01,-1,6273,7038.16
MOIN,2011-12-26,1.13,1.13,1.13,1.13,0.78,0.01,-1,3760,4260
MOIN,2011-12-22,1.13,1.13,1.12,1.12,-3.09,-0.04,-1,8767,9865
MOIN,2011-12-19,1.2,1.2,1.16,1.16,3.86,0.04,-1,81396,94423.6
MOIN,2011-12-18,1.12,1.12,1.12,1.12,-2.3,-0.02,-1,49375,55160
MOIN,2011-12-15,1.16,1.16,1.12,1.14,1.99,0.02,-1,98820,112977.9
MOIN,2011-12-14,1.12,1.12,1.12,1.12,0.29,0,-1,15160,17003.6
MOIN,2011-12-13,1.12,1.12,1.12,1.12,0.07,0,-1,12527,14010
MOIN,2011-12-12,1.13,1.13,1.1,1.12,0.07,0,-1,26474,29557.45
MOIN,2011-12-11,1.12,1.12,1.1,1.12,1.38,0.02,-1,14374,16045.54
MOIN,2011-12-07,1.1,1.1,1.1,1.1,0,0,-1,12527,13800
MOIN,2011-12-06,1.1,1.1,1.1,1.1,-0.72,0,-1,57340,63120.5
MOIN,2011-12-05,1.1,1.1,1.1,1.1,1.09,0,-1,3453,3822.5
MOIN,2011-12-04,1.1,1.1,1.1,1.1,-1.08,0,-1,20825,22838.75
MOIN,2011-12-01,1.1,1.1,1.1,1.1,0,0,-1,12784,14178
MOIN,2011-11-30,1.1,1.1,1.1,1.1,0.58,0,-1,4779,5295.9
MOIN,2011-11-29,1.1,1.1,1.1,1.1,7.72,0.07,-1,3127,3454.5
MOIN,2011-11-22,1.04,1.04,1.01,1.03,-6.14,-0.06,-1,22756,23291.5
MOIN,2011-11-21,1.12,1.12,1.04,1.09,-2.36,-0.03,-1,137419,149870.64
MOIN,2011-11-20,1.12,1.12,1.12,1.12,0,0,-1,36182,40418
MOIN,2011-11-17,1.13,1.13,1.12,1.12,0,0,-1,40352,45095
MOIN,2011-11-16,1.12,1.12,1.12,1.12,0,0,-1,13809,15428
MOIN,2011-11-15,1.12,1.12,1.12,1.12,-1.2,-0.01,-1,12340,13790
MOIN,2011-11-14,1.13,1.13,1.1,1.13,-6.03,-0.07,-1,22382,25311.86
MOIN,2011-11-13,1.2,1.2,1.2,1.2,-9.97,-0.14,-1,5383,6484.4
MOIN,2011-11-10,1.34,1.34,1.32,1.34,0.48,0.02,-1,79010,105574
MOIN,2011-11-09,1.36,1.36,1.32,1.32,0.24,0,-1,34473,45853.68
MOIN,2011-11-03,1.34,1.34,1.32,1.32,0.79,0,-1,9895,13135.07
MOIN,2011-11-02,1.32,1.32,1.32,1.32,0,0,-1,106288,139922
MOIN,2011-11-01,1.32,1.32,1.32,1.32,-0.42,0,-1,50127,66000
MOIN,2011-10-31,1.32,1.32,1.32,1.32,-2.24,-0.04,-1,29517,39025.91
MOIN,2011-10-30,1.36,1.36,1.36,1.36,2.73,0.04,-1,1880,2542.5
MOIN,2011-10-27,1.32,1.32,1.32,1.32,-0.54,0,-1,55546,73134.43
MOIN,2011-10-26,1.36,1.36,1.32,1.32,-1.54,-0.03,-1,97760,129433.96
MOIN,2011-10-25,1.36,1.36,1.32,1.35,2.12,0.03,-1,23380,31422.7
MOIN,2011-10-24,1.32,1.32,1.32,1.32,1.54,0.03,-1,23500,30937.5
MOIN,2011-10-19,1.31,1.31,1.29,1.29,-0.06,0,-1,3222,4174.97
MOIN,2011-10-18,1.32,1.32,1.28,1.29,-0.37,-0.01,-1,36967,47980
MOIN,2011-10-17,1.36,1.36,1.29,1.3,-3.77,-0.06,-1,21783,28369.42
MOIN,2011-10-16,1.36,1.36,1.32,1.36,9.84,0.13,-1,82413,111491.4
MOIN,2011-10-13,1.24,1.24,1.21,1.23,0.32,0,-1,36967,45535
MOIN,2011-10-10,1.24,1.24,1.17,1.23,0.79,0.02,-1,7213,8847.9
MOIN,2011-10-05,1.23,1.23,1.21,1.21,-0.52,-0.02,-1,8040,9786.8
MOIN,2011-10-04,1.24,1.24,1.21,1.23,-0.97,-0.01,-1,15784,19322.34
MOIN,2011-10-03,1.24,1.24,1.24,1.24,0,0,-1,1385,1705
MOIN,2011-10-02,1.24,1.24,1.24,1.24,1.71,0.03,-1,6768,8370
MOIN,2011-09-29,1.27,1.27,1.21,1.21,0,0,-1,633,797
MOIN,2011-09-28,1.24,1.24,1.2,1.21,-1.68,-0.03,-1,62578,76076.6
MOIN,2011-09-27,1.24,1.24,1.24,1.24,-2.21,-0.02,-1,26722,33046
MOIN,2011-09-26,1.29,1.29,1.24,1.26,-0.5,-0.01,-1,14014,17720.4
MOIN,2011-09-25,1.29,1.29,1.2,1.27,-1.85,-0.02,-1,81694,103846.4
MOIN,2011-09-22,1.32,1.32,1.28,1.29,-0.06,0,-1,6273,8113
MOIN,2011-09-21,1.29,1.29,1.29,1.29,-0.79,-0.02,-1,6768,8770
MOIN,2011-09-20,1.34,1.34,1.29,1.31,-3.14,-0.04,-1,43873,57281
MOIN,2011-09-14,1.36,1.36,1.29,1.35,-2.03,-0.02,-1,28320,38199
MOIN,2011-09-13,1.37,1.37,1.37,1.37,-0.17,-0.01,-1,4725,6504.25
MOIN,2011-09-12,1.38,1.38,1.37,1.38,0.17,0.01,-1,52940,73001.55
MOIN,2011-09-07,1.37,1.37,1.37,1.37,0,0,-1,6273,8627
MOIN,2011-09-06,1.37,1.37,1.37,1.37,0,0,-1,2624,3605.25
MOIN,2011-09-05,1.37,1.37,1.37,1.37,-1.43,-0.03,-1,4820,6642.25
MOIN,2011-08-29,1.4,1.4,1.4,1.4,1.45,0.03,-1,3760,5250
MOIN,2011-08-24,1.37,1.37,1.37,1.37,1.35,0.01,-1,18543,25530
MOIN,2011-08-23,1.36,1.36,1.36,1.36,0.12,0,-1,3127,4255
MOIN,2011-08-22,1.36,1.36,1.36,1.36,0.24,0,-1,3760,5100
MOIN,2011-08-21,1.36,1.36,1.36,1.36,-1.68,-0.01,-1,7520,10176
MOIN,2011-08-18,1.37,1.37,1.37,1.37,0,0,-1,7477,10281
MOIN,2011-08-17,1.37,1.37,1.37,1.37,-0.17,-0.01,-1,9920,13646.75
MOIN,2011-08-16,1.42,1.42,1.37,1.38,0.17,0.01,-1,21927,30233.5
MOIN,2011-08-14,1.37,1.37,1.37,1.37,2.56,0.02,-1,25073,34500
MOIN,2011-08-09,1.36,1.36,1.29,1.35,-1.23,-0.01,-1,47307,63502
MOIN,2011-08-08,1.36,1.36,1.36,1.36,-6.58,-0.09,-1,36027,48963
MOIN,2011-08-01,1.46,1.46,1.4,1.45,1,0.01,-1,19433,28252.3
MOIN,2011-07-31,1.45,1.45,1.44,1.44,0.89,0.02,-1,11913,17150
MOIN,2011-07-28,1.42,1.42,1.42,1.42,-0.45,-0.01,-1,5007,7154
MOIN,2011-07-26,1.44,1.44,1.43,1.43,3.28,0.04,-1,15980,22914.5
MOIN,2011-07-20,1.39,1.39,1.39,1.39,-2.9,-0.04,-1,22927,31824.6
MOIN,2011-07-14,1.47,1.47,1.42,1.43,-2.24,-0.04,-1,18800,26879.5
MOIN,2011-07-13,1.47,1.47,1.46,1.47,7.7,0.11,-1,2513,3665.1
MOIN,2011-07-12,1.36,1.36,1.36,1.36,-0.06,0,-1,2513,3404
MOIN,2011-07-11,1.36,1.36,1.36,1.36,-3.51,-0.05,-1,2513,3406
MOIN,2011-07-10,1.41,1.41,1.41,1.41,-1.12,-0.01,-1,1435,2029.75
MOIN,2011-07-07,1.42,1.42,1.42,1.42,0,0,-1,12527,17850
MOIN,2011-07-05,1.42,1.42,1.42,1.42,-0.22,0,-1,2513,3570
MOIN,2011-07-04,1.47,1.47,1.42,1.42,0.56,0,-1,7520,10733
MOIN,2011-07-03,1.42,1.42,1.42,1.42,-1.17,-0.02,-1,6273,8895
MOIN,2011-06-30,1.44,1.44,1.44,1.44,3.45,0.05,-1,3760,5400
MOIN,2011-06-29,1.4,1.4,1.36,1.39,-0.97,-0.01,-1,36353,50457.7
MOIN,2011-06-28,1.43,1.43,1.4,1.4,-0.4,-0.01,-1,33464,46919.45
MOIN,2011-06-27,1.45,1.45,1.4,1.41,1.55,0.02,-1,28047,39475
MOIN,2011-06-26,1.39,1.39,1.38,1.39,-0.86,-0.01,-1,6273,8685
MOIN,2011-06-23,1.4,1.4,1.4,1.4,0,0,-1,838480,1172088
MOIN,2011-06-22,1.4,1.4,1.4,1.4,-2.5,-0.03,-1,12784,17871.7
MOIN,2011-06-21,1.48,1.48,1.4,1.43,-0.44,-0.01,-1,36403,52213
MOIN,2011-06-19,1.44,1.44,1.44,1.44,1.06,0.02,-1,6273,9027
MOIN,2011-06-16,1.52,1.52,1.39,1.42,3.06,0.03,-1,178838,254831.06
MOIN,2011-06-15,1.39,1.39,1.39,1.39,2.06,0.03,-1,4393,6066.5
MOIN,2011-06-14,1.36,1.36,1.36,1.36,-0.24,0,-1,4393,5943.5
MOIN,2011-06-13,1.36,1.36,1.36,1.36,0,0,-1,25825,35055
MOIN,2011-06-12,1.36,1.36,1.36,1.36,-0.76,0,-1,2513,3404
MOIN,2011-06-09,1.37,1.37,1.36,1.36,1.96,0.01,-1,3162,4321.5
MOIN,2011-06-08,1.35,1.35,1.34,1.35,-1.18,-0.01,-1,16287,21866.5
MOIN,2011-06-06,1.36,1.36,1.32,1.36,-0.47,0,-1,31917,43328.4
MOIN,2011-06-02,1.36,1.36,1.36,1.36,-0.87,-0.01,-1,22184,30267
MOIN,2011-06-01,1.37,1.37,1.37,1.37,-1.43,-0.03,-1,3127,4312.5
MOIN,2011-05-31,1.4,1.4,1.34,1.4,-0.85,-0.01,-1,16364,22851.1
MOIN,2011-05-30,1.42,1.42,1.37,1.41,2.38,0.04,-1,16800,23655.75
MOIN,2011-05-29,1.37,1.37,1.36,1.37,0.35,0,-1,7486,10290.75
MOIN,2011-05-26,1.37,1.37,1.36,1.37,-0.17,0,-1,5640,7732.5
MOIN,2011-05-25,1.37,1.37,1.37,1.37,-1.26,-0.02,-1,3760,5162
MOIN,2011-05-24,1.41,1.41,1.36,1.39,0,0,-1,15955,22189.32
MOIN,2011-05-22,1.39,1.39,1.39,1.39,2.17,0.03,-1,3503,4880.4
MOIN,2011-05-17,1.36,1.36,1.36,1.36,-4.8,-0.07,-1,2906,3958.5
MOIN,2011-05-15,1.45,1.45,1.4,1.43,4.07,0.06,-1,7827,11202.5
MOIN,2011-05-12,1.42,1.42,1.36,1.37,2.38,0.02,-1,52665,72360.42
MOIN,2011-05-11,1.36,1.36,1.32,1.35,1.57,0.03,-1,1247,1682
MOIN,2011-05-09,1.32,1.32,1.32,1.32,0,0,-1,8,16.52
MOIN,2011-05-04,1.32,1.32,1.32,1.32,-2.47,-0.04,-1,4700,6210
MOIN,2011-05-03,1.36,1.36,1.36,1.36,-1.05,-0.01,-1,4205,5689.15
MOIN,2011-05-02,1.38,1.38,1.32,1.37,9.23,0.11,-1,63920,87497.1
MOIN,2011-04-28,1.26,1.26,1.26,1.26,1.95,0.03,-1,5520,6912.4
MOIN,2011-04-27,1.23,1.23,1.23,1.23,-3.87,-0.05,-1,1247,1541
MOIN,2011-04-21,1.29,1.29,1.28,1.28,0.19,0,-1,25757,32940
MOIN,2011-04-19,1.28,1.28,1.28,1.28,1.78,0.02,-1,16287,20803.5
MOIN,2011-04-18,1.26,1.26,1.24,1.26,-4.96,-0.06,-1,7332,9193.35
MOIN,2011-04-14,1.34,1.34,1.31,1.32,-2.07,-0.03,-1,29473,38889.85
MOIN,2011-04-13,1.35,1.35,1.35,1.35,6.29,0.09,-1,5007,6756
MOIN,2011-04-12,1.26,1.26,1.26,1.26,2.06,0.02,-1,30200,38304
MOIN,2011-04-11,1.24,1.24,1.24,1.24,-1.83,-0.02,-1,15673,19459
MOIN,2011-04-10,1.28,1.28,1.26,1.26,-2.94,-0.05,-1,13135,16624
MOIN,2011-04-07,1.32,1.32,1.28,1.31,-0.61,-0.01,-1,18800,24514
MOIN,2011-04-06,1.32,1.32,1.29,1.32,1.04,0.03,-1,40506,53118.66
MOIN,2011-04-05,1.3,1.3,1.29,1.29,-1.63,-0.03,-1,29328,38064.4
MOIN,2011-04-04,1.32,1.32,1.31,1.32,-2.82,-0.04,-1,17024,22456.76
MOIN,2011-04-03,1.43,1.43,1.32,1.36,-1.22,-0.01,-1,30670,41651.27
MOIN,2011-03-31,1.4,1.4,1.28,1.37,3.8,0.05,-1,101624,139691.12
MOIN,2011-03-30,1.34,1.34,1.32,1.32,0.73,0,-1,83967,111243
MOIN,2011-03-29,1.32,1.32,1.28,1.32,5.71,0.08,-1,11742,15444.8
MOIN,2011-03-28,1.28,1.28,1.21,1.24,1.83,0.02,-1,105023,130620.1
MOIN,2011-03-27,1.24,1.24,1.21,1.22,8.27,0.09,-1,24526,29969.07
MOIN,2011-03-24,1.13,1.13,1.13,1.13,9.95,0.1,-1,1880,2121
MOIN,2011-03-23,1.08,1.08,0.97,1.03,-4.32,-0.04,-1,128473,131812
MOIN,2011-01-27,1.16,1.16,1.05,1.07,-18.35,-0.25,-1,12477,13375.75
MOIN,2011-01-26,1.34,1.34,1.28,1.32,-3.4,-0.04,-1,89043,116919
MOIN,2011-01-23,1.36,1.36,1.36,1.36,-4.22,-0.06,-1,7520,10226
MOIN,2011-01-20,1.42,1.42,1.42,1.42,2.83,0.04,-1,1247,1779
MOIN,2011-01-19,1.42,1.42,1.36,1.38,1.94,0.02,-1,84608,116781.98
MOIN,2011-01-18,1.37,1.37,1.34,1.36,-2.13,-0.03,-1,197657,267555.5
MOIN,2011-01-17,1.45,1.45,1.35,1.39,-2.25,-0.03,-1,126252,174651.16
MOIN,2011-01-16,1.45,1.45,1.4,1.42,-1.55,-0.02,-1,24440,34589
MOIN,2011-01-13,1.5,1.5,1.39,1.44,3.09,0.04,-1,56733,81543.61
MOIN,2011-01-12,1.42,1.42,1.39,1.4,-1.08,-0.01,-1,68407,95423.85
MOIN,2011-01-11,1.44,1.44,1.38,1.41,0.57,0.01,-1,193819,273284.72
MOIN,2011-01-10,1.42,1.42,1.34,1.4,2.99,0.04,-1,229880,322282.7
MOIN,2011-01-06,1.39,1.39,1.36,1.36,-0.52,0,-1,57152,77801.88
MOIN,2011-01-05,1.37,1.37,1.33,1.36,0.53,0,-1,13280,18174.5
MOIN,2011-01-04,1.39,1.39,1.36,1.36,0.35,0,-1,7520,10233
MOIN,2011-01-03,1.36,1.36,1.36,1.36,3.34,0.04,-1,3127,4250
MOIN,2011-01-02,1.32,1.32,1.32,1.32,-1.08,0,-1,7434,9756.2
MOIN,2010-12-30,1.34,1.34,1.32,1.32,-2,-0.04,-1,12604,16732.05
MOIN,2010-12-29,1.36,1.36,1.34,1.36,2.04,0.04,-1,27498,37234.98
MOIN,2010-12-28,1.35,1.35,1.32,1.32,0.12,0,-1,28833,38255.15
MOIN,2010-12-27,1.32,1.32,1.32,1.32,0.24,0,-1,18167,24089.5
MOIN,2010-12-26,1.32,1.32,1.32,1.32,-0.54,0,-1,9332,12342
MOIN,2010-12-23,1.34,1.34,1.32,1.32,-0.66,-0.02,-1,43607,57955.3
MOIN,2010-12-22,1.34,1.34,1.33,1.34,-0.3,-0.01,-1,18800,25150
MOIN,2010-12-21,1.35,1.35,1.35,1.35,-1.06,-0.01,-1,12527,16820
MOIN,2010-12-20,1.4,1.4,1.33,1.36,2.22,0.04,-1,1008432,1367568.3
MOIN,2010-12-19,1.32,1.32,1.32,1.32,-0.72,-0.02,-1,30337,40245.65
MOIN,2010-12-16,1.36,1.36,1.32,1.34,-0.71,-0.01,-1,17980,24041.71
MOIN,2010-12-15,1.36,1.36,1.34,1.35,0.66,0.01,-1,13323,17927.88
MOIN,2010-12-14,1.36,1.36,1.33,1.34,-0.89,-0.01,-1,51479,68818.43
MOIN,2010-12-13,1.36,1.36,1.35,1.35,-0.59,-0.01,-1,50640,68320.1
MOIN,2010-12-12,1.36,1.36,1.36,1.36,0.24,0,-1,37155,50439
MOIN,2010-12-09,1.36,1.36,1.33,1.36,0.77,0.01,-1,34830,47163
MOIN,2010-12-08,1.36,1.36,1.32,1.35,-0.36,0,-1,16629,22350.75
MOIN,2010-12-06,1.37,1.37,1.33,1.35,-0.53,-0.01,-1,19364,26109.65
MOIN,2010-12-02,1.37,1.37,1.36,1.36,-0.7,-0.01,-1,22560,30729.8
MOIN,2010-12-01,1.39,1.39,1.35,1.37,0.82,0.01,-1,37557,51497.82
MOIN,2010-11-30,1.37,1.37,1.33,1.36,-0.23,0,-1,18800,25575
MOIN,2010-11-29,1.37,1.37,1.36,1.36,-1.1,-0.02,-1,24432,33308.08
MOIN,2010-11-28,1.4,1.4,1.36,1.38,4.35,0.06,-1,147793,203805.63
MOIN,2010-11-25,1.35,1.35,1.32,1.32,0.36,0,-1,176001,232495.01
MOIN,2010-11-24,1.33,1.33,1.29,1.32,1.16,0.02,-1,84600,111369.75
MOIN,2010-11-23,1.34,1.34,1.29,1.3,-0.73,-0.02,-1,67124,87331.74
MOIN,2010-11-22,1.34,1.34,1.29,1.32,-0.96,0,-1,45753,59977.95
MOIN,2010-11-21,1.34,1.34,1.3,1.32,-0.18,0,-1,31208,41311.6
MOIN,2010-11-18,1.34,1.34,1.31,1.32,2.34,0.03,-1,71747,95151
MOIN,2010-11-14,1.32,1.32,1.27,1.29,1.63,0.01,-1,53887,69829.2
MOIN,2010-11-11,1.28,1.28,1.26,1.28,1.4,0.02,-1,18355,23410.6
MOIN,2010-11-10,1.26,1.26,1.26,1.26,0.45,0,-1,37600,47289.15
MOIN,2010-11-09,1.26,1.26,1.24,1.26,-0.7,0,-1,18167,22752
MOIN,2010-11-08,1.28,1.28,1.26,1.26,-1,-0.01,-1,68699,86615
MOIN,2010-11-07,1.3,1.3,1.26,1.27,0.82,0.01,-1,60912,77585.3
MOIN,2010-11-04,1.28,1.28,1.24,1.26,0.96,0.01,-1,48247,60933.08
MOIN,2010-11-03,1.27,1.27,1.24,1.25,0.58,0.01,-1,116440,145641.76
MOIN,2010-11-02,1.26,1.26,1.24,1.24,0.65,0,-1,67304,83716.5
MOIN,2010-11-01,1.24,1.24,1.23,1.24,-1.15,-0.01,-1,55580,68683.2
MOIN,2010-10-31,1.26,1.26,1.23,1.25,-2.18,-0.03,-1,59527,74420.25
MOIN,2010-10-28,1.29,1.29,1.27,1.28,0,0,-1,117193,149804.18
MOIN,2010-10-27,1.36,1.36,1.25,1.28,-4.87,-0.07,-1,159167,203406.64
MOIN,2010-10-26,1.36,1.36,1.32,1.35,-12.84,-0.19,-1,96187,129231.62
MOIN,2010-10-25,1.56,1.56,1.52,1.54,0.21,0,-1,512488,790032.94
MOIN,2010-10-24,1.56,1.56,1.52,1.54,0.73,0.02,-1,218337,335788.59
MOIN,2010-10-21,1.56,1.56,1.52,1.52,0.58,0,-1,44932,68601.4
MOIN,2010-10-20,1.56,1.56,1.5,1.52,-0.21,0,-1,92565,140521.65
MOIN,2010-10-19,1.54,1.54,1.51,1.52,-1.19,-0.02,-1,63808,97070.29
MOIN,2010-10-18,1.55,1.55,1.53,1.54,-0.46,-0.01,-1,97914,150786.86
MOIN,2010-10-14,1.54,1.54,1.53,1.54,-1.03,-0.02,-1,139299,214091.94
MOIN,2010-10-13,1.58,1.58,1.53,1.56,2.47,0.04,-1,249588,387470.85
MOIN,2010-10-12,1.52,1.52,1.51,1.52,1.12,0.02,-1,42557,64459.4
MOIN,2010-10-11,1.53,1.53,1.48,1.5,-1.52,-0.02,-1,184617,276635.12
MOIN,2010-10-10,1.53,1.53,1.5,1.52,0.58,0,-1,58330,88733.23
MOIN,2010-10-07,1.55,1.55,1.48,1.52,-0.32,0,-1,85420,129239.83
MOIN,2010-10-05,1.54,1.54,1.49,1.52,0.63,0.01,-1,143342,217486.74
MOIN,2010-10-04,1.52,1.52,1.49,1.51,0.16,0,-1,58348,87973.4
MOIN,2010-10-03,1.54,1.54,1.48,1.51,1.45,0.03,-1,127250,191593.96
MOIN,2010-09-30,1.52,1.52,1.47,1.48,-1.06,-0.03,-1,183856,272792.78
MOIN,2010-09-29,1.52,1.52,1.49,1.51,-1.52,-0.01,-1,142802,214180.38
MOIN,2010-09-28,1.53,1.53,1.51,1.52,-1.8,-0.03,-1,365369,556537.96
MOIN,2010-09-27,1.61,1.61,1.52,1.55,-2.07,-0.03,-1,511360,793284.33
MOIN,2010-09-26,1.6,1.6,1.56,1.58,4.42,0.06,-1,338136,535644.65
MOIN,2010-09-23,1.58,1.58,1.45,1.52,5.96,0.09,-1,619160,939340.89
MOIN,2010-09-22,1.45,1.45,1.42,1.43,0.5,0.01,-1,70312,100661.5
MOIN,2010-09-21,1.43,1.43,1.42,1.42,1.08,0.01,-1,94402,134468.17
MOIN,2010-09-20,1.42,1.42,1.4,1.41,-0.45,-0.01,-1,89197,125703.23
MOIN,2010-09-19,1.43,1.43,1.42,1.42,-0.89,0,-1,47257,66865.58
MOIN,2010-09-16,1.44,1.44,1.42,1.42,1.47,0.01,-1,36728,52460
MOIN,2010-09-15,1.44,1.44,1.4,1.41,0.34,0.01,-1,192974,271662.86
MOIN,2010-09-14,1.43,1.43,1.4,1.4,-0.9,-0.02,-1,98255,137809.95
MOIN,2010-09-13,1.48,1.48,1.4,1.42,-0.78,0,-1,207919,294254.78
MOIN,2010-09-08,1.45,1.45,1.37,1.42,5.67,0.06,-1,232607,331895.48
MOIN,2010-09-07,1.37,1.37,1.32,1.36,1.32,0.03,-1,117380,158499
MOIN,2010-09-06,1.36,1.36,1.32,1.33,-0.83,-0.02,-1,16357,21793
MOIN,2010-09-05,1.36,1.36,1.3,1.35,-1.12,-0.01,-1,50760,68209.9
MOIN,2010-09-02,1.36,1.36,1.36,1.36,-0.41,0,-1,12527,17030
MOIN,2010-08-31,1.37,1.37,1.34,1.36,0.88,0,-1,82344,112360.68
MOIN,2010-08-30,1.37,1.37,1.34,1.36,-1.17,0,-1,151904,205451.42
MOIN,2010-08-29,1.4,1.4,1.35,1.36,3.13,0.04,-1,129225,176837.52
MOIN,2010-08-26,1.36,1.36,1.32,1.32,3.23,0.03,-1,66544,88275.22
MOIN,2010-08-25,1.31,1.31,1.29,1.29,-0.8,0,-1,65167,83783.81
MOIN,2010-08-24,1.29,1.29,1.29,1.29,-0.37,-0.01,-1,41916,54306.8
MOIN,2010-08-23,1.31,1.31,1.29,1.3,1.68,0.02,-1,20680,26890.5
MOIN,2010-08-22,1.28,1.28,1.28,1.28,-0.62,-0.01,-1,31208,39905
MOIN,2010-08-19,1.29,1.29,1.28,1.29,-0.55,0,-1,38728,49841.61
MOIN,2010-08-18,1.29,1.29,1.29,1.29,-0.25,0,-1,44043,56989.43
MOIN,2010-08-17,1.3,1.3,1.29,1.29,-0.55,-0.02,-1,22072,28626.3
MOIN,2010-08-16,1.32,1.32,1.29,1.31,1.81,0.03,-1,5007,6540
MOIN,2010-08-15,1.28,1.28,1.28,1.28,0.44,0,-1,27567,35340.08
MOIN,2010-08-12,1.29,1.29,1.26,1.28,-1.3,-0.01,-1,38847,49557.55
MOIN,2010-08-11,1.31,1.31,1.29,1.29,-2.53,-0.03,-1,52315,67617.57
MOIN,2010-08-10,1.34,1.34,1.32,1.32,-0.42,-0.01,-1,67612,89667.5
MOIN,2010-08-09,1.35,1.35,1.32,1.33,-0.24,0,-1,58999,78543.76
MOIN,2010-08-08,1.35,1.35,1.31,1.33,-0.42,-0.01,-1,17108,22832.4
MOIN,2010-08-05,1.36,1.36,1.32,1.34,3.32,0.05,-1,133813,179320.82
MOIN,2010-08-04,1.32,1.32,1.28,1.29,-1.16,-0.03,-1,57127,74117.7
MOIN,2010-08-03,1.36,1.36,1.29,1.32,0.49,0.01,-1,139377,182940.64
MOIN,2010-08-02,1.36,1.36,1.24,1.31,0.68,0.02,-1,502687,656636.18
MOIN,2010-08-01,1.34,1.34,1.26,1.29,1.56,0.01,-1,260618,338021.02
MOIN,2010-07-29,1.32,1.32,1.24,1.28,2.96,0.04,-1,192547,245971.17
MOIN,2010-07-28,1.26,1.26,1.24,1.24,-1.27,-0.02,-1,78208,97060.8
MOIN,2010-07-27,1.28,1.28,1.24,1.26,0.32,0,-1,68013,85449.31
MOIN,2010-07-26,1.26,1.26,1.24,1.26,-0.7,0,-1,131557,164740.72
MOIN,2010-07-25,1.29,1.29,1.24,1.26,1.48,0.02,-1,119970,151317.51
MOIN,2010-07-22,1.26,1.26,1.22,1.24,1.7,0.02,-1,78140,97119.95
MOIN,2010-07-21,1.29,1.29,1.2,1.22,-3.65,-0.04,-1,507575,620337.89
MOIN,2010-07-20,1.28,1.28,1.24,1.26,-1.61,-0.03,-1,273882,347540.8
MOIN,2010-07-19,1.33,1.33,1.26,1.29,0.19,0,-1,568563,732858.15
MOIN,2010-07-18,1.32,1.32,1.28,1.29,-0.12,0,-1,73355,94423.42
MOIN,2010-07-15,1.31,1.31,1.26,1.29,0.87,0.01,-1,184617,237920.95
MOIN,2010-07-14,1.29,1.29,1.24,1.28,0.76,0.02,-1,123260,157498.21
MOIN,2010-07-13,1.29,1.29,1.24,1.26,0.38,0,-1,90718,115039.83
MOIN,2010-07-12,1.31,1.31,1.24,1.26,0.32,0,-1,61920,78196.9
MOIN,2010-07-11,1.28,1.28,1.24,1.26,3.61,0.05,-1,264567,333082.46
MOIN,2010-07-08,1.26,1.26,1.17,1.21,6.35,0.07,-1,217294,264121.09
MOIN,2010-07-07,1.26,1.26,1.12,1.14,-5.35,-0.07,-1,454233,519070.98
MOIN,2010-07-06,1.24,1.24,1.2,1.21,-2.2,-0.03,-1,457473,552116.9
MOIN,2010-07-05,1.28,1.28,1.2,1.24,-3.85,-0.04,-1,200527,247547.08
MOIN,2010-07-04,1.29,1.29,1.28,1.28,-0.62,-0.01,-1,40727,52305
MOIN,2010-06-30,1.33,1.33,1.28,1.29,0.25,0,-1,46367,59908.73
MOIN,2010-06-29,1.32,1.32,1.28,1.29,-3.7,-0.05,-1,89257,115015.85
MOIN,2010-06-28,1.37,1.37,1.32,1.34,2.57,0.03,-1,55528,74307.75
MOIN,2010-06-27,1.36,1.36,1.29,1.31,-2.39,-0.03,-1,92948,121231.93
MOIN,2010-06-24,1.34,1.34,1.34,1.34,1.39,0.02,-1,3760,5025
MOIN,2010-06-22,1.32,1.32,1.32,1.32,-2.13,-0.03,-1,13537,17838.3
MOIN,2010-06-21,1.36,1.36,1.32,1.35,-1.63,-0.02,-1,8357,11259.56
MOIN,2010-06-20,1.37,1.37,1.36,1.37,1,0.01,-1,41855,57306.45
MOIN,2010-06-17,1.36,1.36,1.35,1.36,1.49,0.02,-1,26953,36530.4
MOIN,2010-06-16,1.36,1.36,1.3,1.34,1.39,0.02,-1,80395,107358.22
MOIN,2010-06-15,1.32,1.32,1.32,1.32,-0.9,0,-1,18792,24742.63
MOIN,2010-06-14,1.36,1.36,1.32,1.32,-0.6,-0.02,-1,21927,29146.49
MOIN,2010-06-13,1.42,1.42,1.32,1.34,3.14,0.05,-1,21783,29129.05
MOIN,2010-06-10,1.36,1.36,1.28,1.29,-5.03,-0.07,-1,274327,355585.68
MOIN,2010-06-09,1.37,1.37,1.36,1.36,0.06,0,-1,17553,23960.33
MOIN,2010-06-08,1.36,1.36,1.36,1.36,-0.29,0,-1,7520,10261.25
MOIN,2010-06-07,1.37,1.37,1.36,1.36,-4.56,-0.07,-1,22372,30609.85
MOIN,2010-06-06,1.44,1.44,1.4,1.43,2.28,0.03,-1,13160,18865
MOIN,2010-06-03,1.42,1.42,1.39,1.4,-0.68,-0.02,-1,26320,36905.5
MOIN,2010-06-02,1.42,1.42,1.32,1.42,1.43,0.03,-1,66433,93769.5
MOIN,2010-06-01,1.44,1.44,1.36,1.39,6.08,0.07,-1,21432,29819.5
MOIN,2010-05-31,1.32,1.32,1.29,1.32,-4.97,-0.06,-1,18757,24594.42
MOIN,2010-05-30,1.4,1.4,1.37,1.38,-1.37,-0.02,-1,28268,39013.35
MOIN,2010-05-27,1.44,1.44,1.36,1.4,7.94,0.11,-1,43319,60634.8
MOIN,2010-05-26,1.31,1.31,1.29,1.29,-1.04,-0.03,-1,37600,48760.95
MOIN,2010-05-25,1.32,1.32,1.29,1.32,-1.74,-0.01,-1,54887,71898.4
MOIN,2010-05-24,1.36,1.36,1.32,1.33,-1.94,-0.03,-1,29447,39270.2
MOIN,2010-05-23,1.42,1.42,1.32,1.36,2.71,0.04,-1,46367,63062.95
MOIN,2010-05-20,1.32,1.32,1.32,1.32,0.79,0,-1,3127,4147
MOIN,2010-05-19,1.35,1.35,1.28,1.32,-4.91,-0.06,-1,57767,75853.55
MOIN,2010-05-18,1.44,1.44,1.36,1.38,1.76,0.02,-1,27687,38234.76
MOIN,2010-05-17,1.36,1.36,1.36,1.36,-3.63,-0.05,-1,18424,25010.1
MOIN,2010-05-16,1.47,1.47,1.4,1.41,-5.87,-0.09,-1,29867,42049.3
MOIN,2010-05-13,1.56,1.56,1.44,1.5,3.02,0.05,-1,1247,1875
MOIN,2010-05-12,1.48,1.48,1.42,1.45,-2.62,-0.04,-1,30337,44054
MOIN,2010-05-11,1.49,1.49,1.48,1.49,0.05,0,-1,13793,20554.6
MOIN,2010-05-09,1.56,1.56,1.48,1.49,-2.45,-0.03,-1,15040,22417.5
MOIN,2010-05-06,1.53,1.53,1.52,1.52,-2.59,-0.05,-1,4632,7085.8
MOIN,2010-05-05,1.58,1.58,1.56,1.57,-0.1,0,-1,70380,110411.05
MOIN,2010-05-04,1.6,1.6,1.56,1.57,1.39,0.02,-1,73850,115940.48
MOIN,2010-05-03,1.56,1.56,1.52,1.55,-2.76,-0.04,-1,48880,75681.5
MOIN,2010-05-02,1.6,1.6,1.55,1.59,-0.2,-0.01,-1,48812,77762
MOIN,2010-04-29,1.6,1.6,1.58,1.6,0.55,0.02,-1,96888,154614.83
MOIN,2010-04-28,1.6,1.6,1.56,1.58,0.61,0,-1,89180,141541.15
MOIN,2010-04-27,1.61,1.61,1.56,1.58,-0.4,0,-1,257303,405926.08
MOIN,2010-04-26,1.61,1.61,1.52,1.58,-0.2,0,-1,191795,303790.7
MOIN,2010-04-22,1.62,1.62,1.54,1.58,0.56,0,-1,107264,170228.1
MOIN,2010-04-21,1.6,1.6,1.56,1.58,0.66,0.01,-1,150638,237771.47
MOIN,2010-04-20,1.57,1.57,1.57,1.57,-1.65,-0.03,-1,2513,3930
MOIN,2010-04-19,1.6,1.6,1.56,1.6,1.27,0.03,-1,129072,205711.5
MOIN,2010-04-18,1.65,1.65,1.52,1.57,-1.55,-0.03,-1,538927,848553.25
MOIN,2010-04-15,1.72,1.72,1.56,1.6,1.78,0.03,-1,432750,691984.4
MOIN,2010-04-14,1.67,1.67,1.54,1.57,-2.14,-0.04,-1,112355,176481.5
MOIN,2010-04-13,1.62,1.62,1.58,1.61,0.15,0,-1,50127,80482
MOIN,2010-04-11,1.65,1.65,1.58,1.61,0.65,0.02,-1,47530,76165.55
MOIN,2010-04-08,1.63,1.63,1.56,1.59,-0.8,-0.02,-1,34592,55094.6
MOIN,2010-04-07,1.63,1.63,1.58,1.61,1.11,0.03,-1,79080,126933.82
MOIN,2010-04-06,1.61,1.61,1.58,1.58,-0.25,-0.01,-1,37600,59694.5
MOIN,2010-04-01,1.62,1.62,1.57,1.59,1.42,0.02,-1,9179,14602.03
MOIN,2010-03-31,1.58,1.58,1.56,1.57,0.05,0,-1,24328,38186.47
MOIN,2010-03-30,1.61,1.61,1.54,1.57,-1.4,-0.02,-1,64141,100614
MOIN,2010-03-29,1.66,1.66,1.52,1.59,4.78,0.07,-1,223182,355001.91
MOIN,2010-03-28,1.52,1.52,1.48,1.52,1.98,0.04,-1,36967,56131
MOIN,2010-03-25,1.52,1.52,1.42,1.48,3.15,0.03,-1,71064,105820.65
MOIN,2010-03-24,1.45,1.45,1.44,1.45,0.17,0.01,-1,65647,94767.1
MOIN,2010-03-23,1.48,1.48,1.42,1.44,1.18,0.02,-1,96820,139489.75
MOIN,2010-03-21,1.44,1.44,1.41,1.42,1.65,0.02,-1,59947,85378.24
MOIN,2010-03-18,1.44,1.44,1.39,1.4,1.5,0.02,-1,25687,36003
MOIN,2010-03-17,1.42,1.42,1.36,1.38,-1.76,-0.02,-1,65073,89834.55
MOIN,2010-03-16,1.44,1.44,1.34,1.4,2.92,0.04,-1,52982,74425.52
MOIN,2010-03-15,1.45,1.45,1.32,1.36,-5.31,-0.08,-1,87831,119934.78
MOIN,2010-03-14,1.46,1.46,1.42,1.44,-2.06,-0.04,-1,68927,99391.25
MOIN,2010-03-11,1.52,1.52,1.47,1.48,-1.81,-0.02,-1,95435,140493
MOIN,2010-03-10,1.52,1.52,1.46,1.5,2.45,0.03,-1,26953,40395.7
MOIN,2010-03-09,1.48,1.48,1.42,1.47,-2.19,-0.03,-1,71440,104534.78
MOIN,2010-03-08,1.53,1.53,1.48,1.5,-2.65,-0.04,-1,192938,288699.5
MOIN,2010-03-07,1.56,1.56,1.52,1.54,0.21,0.01,-1,26953,41398.5
MOIN,2010-03-04,1.58,1.58,1.52,1.53,-1.89,-0.03,-1,136488,209341.6
MOIN,2010-03-03,1.61,1.61,1.54,1.56,1.87,0.03,-1,139420,217946.21
MOIN,2010-03-02,1.57,1.57,1.52,1.53,0.37,0,-1,23005,35285.5
MOIN,2010-03-01,1.57,1.57,1.5,1.53,-0.05,0,-1,59324,90688.43
MOIN,2010-02-28,1.56,1.56,1.49,1.53,-4.15,-0.07,-1,74705,114249.17
MOIN,2010-02-25,1.62,1.62,1.55,1.6,3.15,0.05,-1,149452,238439.2
MOIN,2010-02-24,1.59,1.59,1.48,1.55,0.88,0.02,-1,115022,177940.71
MOIN,2010-02-23,1.57,1.57,1.51,1.53,-2.04,-0.04,-1,208090,319070.39
MOIN,2010-02-22,1.57,1.57,1.56,1.57,-0.81,-0.01,-1,27003,42271.03
MOIN,2010-02-21,1.64,1.64,1.53,1.58,-3.09,-0.05,-1,112056,176866.49
MOIN,2010-02-18,1.64,1.64,1.61,1.63,-2.81,-0.05,-1,73953,120407
MOIN,2010-02-17,1.72,1.72,1.61,1.68,-1.87,-0.03,-1,277838,465611.87
MOIN,2010-02-16,1.76,1.76,1.68,1.71,-0.09,0,-1,265600,453507.87
MOIN,2010-02-15,1.72,1.72,1.7,1.71,-0.09,-0.01,-1,25073,42833.8
MOIN,2010-02-14,1.8,1.8,1.68,1.72,-0.88,0,-1,342537,585825.5
MOIN,2010-02-11,1.75,1.75,1.69,1.72,-2.7,-0.05,-1,141777,244696.34
MOIN,2010-02-10,1.84,1.84,1.72,1.77,-2.07,-0.04,-1,143742,254983.98
MOIN,2010-02-09,1.85,1.85,1.75,1.81,3.61,0.06,-1,395928,717212.38
MOIN,2010-02-08,1.8,1.8,1.7,1.75,2,0.03,-1,218713,382345.75
MOIN,2010-02-07,1.83,1.83,1.64,1.72,4.78,0.08,-1,350858,601390.38
MOIN,2010-02-04,1.68,1.68,1.62,1.64,-1.58,-0.03,-1,175396,286871.91
MOIN,2010-02-03,1.69,1.69,1.64,1.67,-1.33,-0.01,-1,166484,276651.81
MOIN,2010-02-02,1.72,1.72,1.64,1.68,1.54,0.02,-1,62075,104546.44
MOIN,2010-02-01,1.68,1.68,1.64,1.66,0.34,0.01,-1,78327,129911.74
MOIN,2010-01-31,1.68,1.68,1.6,1.65,2.32,0.04,-1,35507,58711.6
MOIN,2010-01-28,1.66,1.66,1.6,1.61,0.9,0.01,-1,213500,344989.46
MOIN,2010-01-27,1.67,1.67,1.56,1.6,3.4,0.05,-1,40865,65421.5
MOIN,2010-01-26,1.57,1.57,1.53,1.55,-2.85,-0.05,-1,23193,35908.83
MOIN,2010-01-24,1.66,1.66,1.56,1.6,-5.35,-0.08,-1,118970,189683.01
MOIN,2010-01-21,1.7,1.7,1.64,1.68,1.1,0.01,-1,119576,201452.87
MOIN,2010-01-20,1.72,1.72,1.65,1.67,-1.32,-0.02,-1,121498,202398.31
MOIN,2010-01-19,1.73,1.73,1.64,1.69,-1.44,-0.03,-1,142915,241331.45
MOIN,2010-01-18,1.74,1.74,1.61,1.72,2.04,0.04,-1,159996,274096.21
MOIN,2010-01-17,1.74,1.74,1.64,1.68,1.3,0.02,-1,193077,324076.16
MOIN,2010-01-14,1.69,1.69,1.61,1.66,1.37,0.02,-1,61920,102591.8
MOIN,2010-01-13,1.64,1.64,1.62,1.64,-2.43,-0.04,-1,47940,78367.5
MOIN,2010-01-12,1.72,1.72,1.67,1.68,-1.22,-0.02,-1,134915,226044.25
MOIN,2010-01-11,1.76,1.76,1.61,1.7,1.24,0.02,-1,217328,368615.51
MOIN,2010-01-10,1.72,1.72,1.64,1.68,2.69,0.04,-1,63544,106475.4
MOIN,2010-01-06,1.68,1.68,1.6,1.64,1.69,0.03,-1,183122,298860.55
MOIN,2010-01-05,1.63,1.63,1.58,1.61,0.6,0.01,-1,81712,131141.2
MOIN,2010-01-04,1.62,1.62,1.56,1.6,0.45,0.02,-1,141676,226007.55
MOIN,2010-01-03,1.64,1.64,1.53,1.58,5.24,0.07,-1,82652,131236.76
MOIN,2009-12-31,1.54,1.54,1.45,1.51,1.23,0.02,-1,52640,79416.38
MOIN,2009-12-30,1.52,1.52,1.45,1.49,-2.1,-0.03,-1,38804,57830.35
MOIN,2009-12-29,1.56,1.56,1.52,1.52,1.81,0.02,-1,33345,50756.8
MOIN,2009-12-28,1.52,1.52,1.47,1.5,-0.32,-0.01,-1,18587,27797.24
MOIN,2009-12-27,1.51,1.51,1.49,1.51,-1.47,-0.01,-1,16920,25374.5
MOIN,2009-12-24,1.56,1.56,1.48,1.52,-1.55,-0.03,-1,18271,27813.44
MOIN,2009-12-23,1.56,1.56,1.52,1.55,2,0.03,-1,18920,29267
MOIN,2009-12-22,1.52,1.52,1.51,1.52,-1.81,-0.03,-1,74593,113064.57
MOIN,2009-12-21,1.56,1.56,1.52,1.55,-1.43,-0.02,-1,33420,51580.8
MOIN,2009-12-20,1.6,1.6,1.56,1.57,0.77,0.01,-1,24020,37605
MOIN,2009-12-17,1.6,1.6,1.55,1.56,-2.26,-0.03,-1,42386,65883.85
MOIN,2009-12-16,1.66,1.66,1.55,1.59,0.15,0.01,-1,69560,110628.82
MOIN,2009-12-15,1.6,1.6,1.57,1.58,-0.5,-0.02,-1,20568,32650.03
MOIN,2009-12-14,1.61,1.61,1.58,1.6,1.68,0.03,-1,86857,138617.05
MOIN,2009-12-13,1.61,1.61,1.54,1.57,3.25,0.05,-1,98110,153943.07
MOIN,2009-12-10,1.57,1.57,1.51,1.52,-1.65,-0.03,-1,25687,39059
MOIN,2009-12-09,1.6,1.6,1.49,1.55,-3.87,-0.06,-1,92120,142374.97
MOIN,2009-12-08,1.66,1.66,1.58,1.61,-1.23,-0.02,-1,98290,158009
MOIN,2009-12-07,1.68,1.68,1.6,1.63,-2.44,-0.04,-1,249150,405620.12
MOIN,2009-12-06,1.7,1.7,1.6,1.67,-0.38,-0.01,-1,73919,123314.79
MOIN,2009-12-03,1.72,1.72,1.64,1.68,1.94,0.04,-1,93804,157068.94
MOIN,2009-12-02,1.68,1.68,1.61,1.64,1.58,0.02,-1,78584,129130.23
MOIN,2009-12-01,1.64,1.64,1.6,1.62,0.45,0.01,-1,96410,155930.33
MOIN,2009-11-30,1.68,1.68,1.56,1.61,-2.28,-0.03,-1,201239,324056.3
MOIN,2009-11-25,1.69,1.69,1.58,1.64,2.79,0.03,-1,173609,285999.85
MOIN,2009-11-24,1.62,1.62,1.58,1.61,-0.5,0,-1,75645,121222.85
MOIN,2009-11-23,1.67,1.67,1.56,1.61,-4.63,-0.08,-1,274600,442373.4
MOIN,2009-11-22,1.74,1.74,1.67,1.69,2.67,0.05,-1,60655,102480.25
MOIN,2009-11-19,1.74,1.74,1.61,1.64,-1.39,-0.03,-1,108783,178943.02
MOIN,2009-11-18,1.76,1.76,1.56,1.67,-1.51,-0.02,-1,84250,140557.04
MOIN,2009-11-17,1.72,1.72,1.67,1.69,-4.71,-0.08,-1,97795,165630.5
MOIN,2009-11-16,1.84,1.84,1.72,1.77,1.04,0.01,-1,191265,340007.69
MOIN,2009-11-15,1.8,1.8,1.74,1.76,-0.68,-0.01,-1,98888,173940.88
MOIN,2009-11-12,1.87,1.87,1.72,1.77,-3.06,-0.06,-1,188179,333296.36
MOIN,2009-11-11,1.87,1.87,1.77,1.83,0.31,0,-1,216876,396334.39
MOIN,2009-11-10,1.91,1.91,1.76,1.83,8.92,0.15,-1,444500,809825.46
MOIN,2009-11-09,1.75,1.75,1.6,1.68,0.38,0.01,-1,268806,449551.37
MOIN,2009-11-08,1.72,1.72,1.64,1.67,2.81,0.05,-1,100630,167638.25
MOIN,2009-11-05,1.7,1.7,1.56,1.62,-4.2,-0.07,-1,193256,313137.62
MOIN,2009-11-04,1.76,1.76,1.56,1.69,0.05,0,-1,47872,80980.4
MOIN,2009-11-03,1.76,1.76,1.64,1.69,-9.21,-0.18,-1,180377,304903.12
MOIN,2009-11-02,1.9,1.9,1.8,1.87,0.13,0.01,-1,202664,377457.62
MOIN,2009-11-01,1.87,1.87,1.8,1.86,-0.21,-0.01,-1,59715,111050.9
MOIN,2009-10-29,1.91,1.91,1.77,1.87,-4.69,-0.09,-1,690935,1287773.05
MOIN,2009-10-28,2.06,2.06,1.77,1.96,-7.65,-0.16,-1,174806,341792.65
MOIN,2009-10-27,2.15,2.15,2.09,2.12,-8.89,-0.21,-1,128217,271532.37
MOIN,2009-10-26,2.38,2.38,2.25,2.33,3.12,0.08,-1,955912,2221372.83
MOIN,2009-10-25,2.45,2.45,2.07,2.25,-5.2,-0.13,-1,750008,1690727.99
MOIN,2009-10-22,2.46,2.46,2.31,2.38,-1.03,-0.02,-1,344219,818451.49
MOIN,2009-10-21,2.49,2.49,2.38,2.4,-1.79,-0.04,-1,268430,644845.65
MOIN,2009-10-20,2.53,2.53,2.4,2.44,-1.54,-0.05,-1,623477,1525040.58
MOIN,2009-10-19,2.54,2.54,2.44,2.49,2.3,0.06,-1,150621,374289.34
MOIN,2009-10-18,2.49,2.49,2.39,2.43,-0.98,-0.02,-1,191265,464439.24
MOIN,2009-10-15,2.55,2.55,2.39,2.45,3.26,0.07,-1,358902,880378.27
MOIN,2009-10-14,2.55,2.55,2.28,2.38,1.02,0.03,-1,346639,823384.42
MOIN,2009-10-13,2.5,2.5,2.15,2.35,-5.21,-0.13,-1,218636,514053.38
MOIN,2009-10-12,2.54,2.54,2.41,2.48,-2.42,-0.06,-1,347604,862327.83
MOIN,2009-10-11,2.7,2.7,2.48,2.54,-3.51,-0.09,-1,349459,888395.16
MOIN,2009-10-08,2.76,2.76,2.47,2.63,0.43,0.01,-1,1407215,3707113.61
MOIN,2009-10-07,2.76,2.76,2.55,2.62,0.06,0,-1,701735,1840914.14
MOIN,2009-10-05,2.71,2.71,2.55,2.62,0.03,0,-1,697787,1829488.28
MOIN,2009-10-04,2.7,2.7,2.51,2.62,-0.3,-0.01,-1,955253,2503473.54
MOIN,2009-10-01,2.7,2.7,2.51,2.63,-1.91,-0.05,-1,520384,1368189.24
MOIN,2009-09-30,2.78,2.78,2.52,2.68,2,0.06,-1,665357,1782983.56
MOIN,2009-09-29,2.7,2.7,2.54,2.62,5.07,0.12,-1,856228,2249316.15
MOIN,2009-09-28,2.55,2.55,2.47,2.5,-1.91,-0.05,-1,123678,309309.88
MOIN,2009-09-27,2.62,2.62,2.44,2.55,1.01,0.03,-1,622572,1586992.54
MOIN,2009-09-24,2.55,2.55,2.47,2.52,2.63,0.05,-1,229439,579058.56
MOIN,2009-09-23,2.55,2.55,2.41,2.47,-1.85,-0.04,-1,117620,289246.97
MOIN,2009-09-22,2.6,2.6,2.47,2.51,0.8,0.02,-1,95026,238079.52
MOIN,2009-09-17,2.61,2.61,2.39,2.49,-1.3,-0.02,-1,162997,405116.34
MOIN,2009-09-16,2.62,2.62,2.47,2.51,-1.77,-0.06,-1,160107,403179.17
MOIN,2009-09-15,2.63,2.63,2.39,2.57,0.28,0.02,-1,184735,473603.53
MOIN,2009-09-14,2.66,2.66,2.51,2.55,-3.09,-0.09,-1,311285,795648.6
MOIN,2009-09-13,2.7,2.7,2.55,2.64,4.32,0.11,-1,847905,2236325.61
MOIN,2009-09-10,2.6,2.6,2.44,2.53,3.66,0.09,-1,619076,1565375.11
MOIN,2009-09-09,2.47,2.47,2.35,2.44,1.97,0.05,-1,277445,676670.92
MOIN,2009-09-08,2.47,2.47,2.24,2.39,4.53,0.1,-1,802572,1920000.42
MOIN,2009-09-07,2.31,2.31,2.11,2.29,0.17,0.01,-1,143187,327717.88
MOIN,2009-09-06,2.43,2.43,2.15,2.28,3.21,0.06,-1,71244,162705.4
MOIN,2009-09-03,2.31,2.31,2.15,2.22,-2.56,-0.05,-1,103288,228570.21
MOIN,2009-09-02,2.55,2.55,2.19,2.27,-3.98,-0.1,-1,391673,889624.52
MOIN,2009-09-01,2.55,2.55,2.12,2.37,10.14,0.22,-1,424846,1005164.89
MOIN,2009-08-31,2.23,2.23,2.03,2.15,7.47,0.16,-1,185487,398351.65
MOIN,2009-08-30,2.15,2.15,1.84,1.99,-1.57,-0.04,-1,32217,64384.4
MOIN,2009-08-27,2.03,2.03,2.03,2.03,-0.2,0,-1,4255,8653.2
MOIN,2009-08-26,2.03,2.03,2.03,2.03,-3.3,-0.08,-1,1247,2550
MOIN,2009-08-25,2.16,2.16,1.93,2.11,2.61,0.06,-1,120328,253155.01
MOIN,2009-08-24,2.07,2.07,1.92,2.05,0.31,0.01,-1,22739,46619.18
MOIN,2009-08-23,2.12,2.12,1.91,2.04,7.29,0.14,-1,25782,52695.02
MOIN,2009-08-20,2.02,2.02,1.84,1.9,2.84,0.05,-1,50752,96674.54
MOIN,2009-08-19,1.86,1.86,1.84,1.85,-1.36,-0.02,-1,70022,129709.46
MOIN,2009-08-18,1.96,1.96,1.84,1.87,-3.72,-0.08,-1,71560,134388.94
MOIN,2009-08-17,2.02,2.02,1.93,1.95,-7.1,-0.15,-1,66577,129859.01
MOIN,2009-08-16,2.12,2.12,2.07,2.1,-5.22,-0.12,-1,78362,164535.5
MOIN,2009-08-13,2.31,2.31,2.08,2.22,8.01,0.17,-1,207433,459652.83
MOIN,2009-08-12,2.07,2.07,1.99,2.05,6.9,0.13,-1,57904,118762.1
MOIN,2009-08-11,1.93,1.93,1.87,1.92,-2.28,-0.04,-1,10785,20680
MOIN,2009-08-10,1.97,1.97,1.96,1.96,0.82,0.01,-1,57647,113218
MOIN,2009-08-09,1.99,1.99,1.91,1.95,-7.82,-0.16,-1,16920,32953.6
MOIN,2009-08-06,2.21,2.21,1.99,2.11,0.3,0,-1,189692,400788.5
MOIN,2009-08-05,2.18,2.18,1.85,2.11,-3.26,-0.07,-1,46975,98932.09
MOIN,2009-08-04,2.35,2.35,2.08,2.18,10.35,0.2,-1,324300,706061.12
MOIN,2009-08-03,2.14,2.14,1.84,1.98,9.23,0.18,-1,233240,460185.09
MOIN,2009-08-02,1.86,1.86,1.76,1.8,4.33,0.07,-1,53957,97444.06
MOIN,2009-07-30,1.83,1.83,1.71,1.73,-1.85,-0.04,-1,22552,39045.41
MOIN,2009-07-29,1.83,1.83,1.52,1.77,15.76,0.25,-1,116150,204869.72
MOIN,2009-07-22,1.52,1.52,1.52,1.52,-4.5,-0.08,-1,1247,1910
MOIN,2009-07-21,1.6,1.6,1.6,1.6,6.67,0.1,-1,5640,9000
MOIN,2009-07-20,1.5,1.5,1.5,1.5,-3.15,-0.05,-1,1768,2643.75
MOIN,2009-07-19,1.56,1.56,1.51,1.55,4.59,0.07,-1,7555,11674.34
MOIN,2009-07-15,1.48,1.48,1.48,1.48,2.78,0.04,-1,3127,4627
MOIN,2009-07-12,1.45,1.45,1.44,1.44,-4.2,-0.07,-1,23842,34252
MOIN,2009-07-09,1.51,1.51,1.51,1.51,-1.36,-0.01,-1,43873,65800
MOIN,2009-07-08,1.58,1.58,1.52,1.52,0.11,0,-1,15673,23824
MOIN,2009-07-07,1.52,1.52,1.52,1.52,1.22,0.01,-1,5640,8567.5
MOIN,2009-07-06,1.51,1.51,1.51,1.51,-1.42,-0.01,-1,48880,73367
MOIN,2009-07-05,1.58,1.58,1.37,1.52,-5.07,-0.09,-1,13057,19885.14
MOIN,2009-07-02,1.65,1.65,1.56,1.61,4.58,0.08,-1,9400,15077.98
MOIN,2009-06-30,1.53,1.53,1.52,1.53,1.16,0.01,-1,6913,10591.75
MOIN,2009-06-29,1.52,1.52,1.52,1.52,1.5,0.03,-1,25073,38000
MOIN,2009-06-28,1.52,1.52,1.32,1.49,0.86,0.01,-1,15040,22466
MOIN,2009-06-24,1.48,1.48,1.48,1.48,-2.32,-0.04,-1,2513,3712
MOIN,2009-06-23,1.52,1.52,1.52,1.52,-4.86,-0.08,-1,7520,11400
MOIN,2009-06-22,1.61,1.61,1.53,1.6,-2.54,-0.04,-1,43027,68571.47
MOIN,2009-06-21,1.67,1.67,1.62,1.64,2.45,0.04,-1,9400,15368.6
MOIN,2009-06-18,1.61,1.61,1.58,1.6,-0.94,-0.01,-1,145632,232415.25
MOIN,2009-06-17,1.65,1.65,1.6,1.61,-1.46,-0.03,-1,74968,120748.5
MOIN,2009-06-16,1.68,1.68,1.62,1.64,1.14,0.02,-1,52640,86063
MOIN,2009-06-15,1.62,1.62,1.61,1.62,-2.46,-0.04,-1,13793,22285
MOIN,2009-06-14,1.74,1.74,1.64,1.66,3.64,0.06,-1,17553,29071.4
MOIN,2009-06-11,1.74,1.74,1.6,1.6,-6.79,-0.12,-1,403637,645277.74
MOIN,2009-06-10,1.76,1.76,1.72,1.72,4.83,0.08,-1,9400,16124.01
MOIN,2009-06-09,1.64,1.64,1.64,1.64,-4.6,-0.08,-1,6887,11280
MOIN,2009-06-08,1.72,1.72,1.72,1.72,4.88,0.08,-1,6273,10750
MOIN,2009-06-07,1.64,1.64,1.64,1.64,-6.31,-0.1,-1,6273,10250
MOIN,2009-06-04,1.74,1.74,1.74,1.74,3.11,0.05,-1,3760,6562.8
MOIN,2009-06-03,1.76,1.76,1.6,1.69,3.51,0.05,-1,24619,41674.5
MOIN,2009-06-02,1.64,1.64,1.64,1.64,-2.38,-0.04,-1,4067,6662.5
MOIN,2009-06-01,1.68,1.68,1.68,1.68,2.34,0.04,-1,1247,2100
MOIN,2009-05-31,1.66,1.66,1.64,1.64,2.19,0.04,-1,13809,22614.46
MOIN,2009-05-28,1.66,1.66,1.52,1.6,0.25,0,-1,5349,8574.08
MOIN,2009-05-27,1.6,1.6,1.6,1.6,1.32,0.02,-1,20680,33049.5
MOIN,2009-05-26,1.68,1.68,1.58,1.58,0,0,-1,633,1047.5
MOIN,2009-05-24,1.68,1.68,1.52,1.58,-3.51,-0.06,-1,3760,5929.5
MOIN,2009-05-21,1.74,1.74,1.61,1.64,-5.71,-0.1,-1,33662,55031.93
MOIN,2009-05-20,1.76,1.76,1.69,1.74,1.68,0.03,-1,11707,20292.7
MOIN,2009-05-19,1.82,1.82,1.68,1.71,-6.52,-0.12,-1,14467,24663.62
MOIN,2009-05-17,1.83,1.83,1.83,1.83,7.37,0.13,-1,8153,14858
MOIN,2009-05-14,1.87,1.87,1.61,1.7,-1.89,-0.03,-1,9280,15751.52
MOIN,2009-05-13,1.91,1.91,1.54,1.73,-7.58,-0.14,-1,135360,234349.2
MOIN,2009-05-12,1.91,1.91,1.8,1.87,1.82,0.03,-1,33840,63398
MOIN,2009-05-11,1.91,1.91,1.84,1.84,-4.36,-0.09,-1,17682,32533.65
MOIN,2009-05-10,1.99,1.99,1.86,1.93,3.43,0.07,-1,38847,74734.5
MOIN,2009-05-07,1.99,1.99,1.76,1.86,11.37,0.18,-1,30788,57250.63
MOIN,2009-05-04,1.72,1.72,1.6,1.68,-0.14,0,-1,16287,27212.1
MOIN,2009-05-03,1.69,1.69,1.66,1.68,2.24,0.04,-1,13793,23051
MOIN,2009-04-30,1.64,1.64,1.64,1.64,-0.1,0,-1,5383,8816.5
MOIN,2009-04-29,1.68,1.68,1.6,1.64,-8.31,-0.15,-1,24064,39404.6
MOIN,2009-04-23,1.69,1.69,1.52,1.61,-5.04,-0.08,-1,25559,41073.32
MOIN,2009-04-21,1.76,1.76,1.62,1.69,1.19,0.01,-1,13963,23622.55
MOIN,2009-04-16,1.76,1.76,1.6,1.68,-3.99,-0.06,-1,28662,47933.91
MOIN,2009-04-15,1.76,1.76,1.69,1.74,-0.77,-0.02,-1,18988,33066.25
MOIN,2009-04-14,1.76,1.76,1.76,1.76,0.92,0.02,-1,8228,14435
MOIN,2009-04-13,1.76,1.76,1.72,1.74,0.97,0.02,-1,13793,23975
MOIN,2009-04-12,1.76,1.76,1.72,1.72,-1.37,-0.02,-1,28533,49148.5
MOIN,2009-04-09,1.77,1.77,1.69,1.74,2.24,0.03,-1,11280,19705
MOIN,2009-04-08,1.76,1.76,1.68,1.71,-2.55,-0.05,-1,20834,35580.6
MOIN,2009-04-07,1.8,1.8,1.5,1.76,-4.6,-0.08,-1,36353,63723.4
MOIN,2009-04-06,1.84,1.84,1.84,1.84,-1.54,-0.03,-1,25825,47440.81
MOIN,2009-04-05,1.87,1.87,1.85,1.87,-0.72,0,-1,34780,64907.2
MOIN,2009-04-02,1.91,1.91,1.77,1.87,0.55,0,-1,33840,63621
MOIN,2009-04-01,1.9,1.9,1.84,1.87,3.67,0.07,-1,22680,42414.9
MOIN,2009-03-31,1.9,1.9,1.78,1.8,-2.63,-0.05,-1,17852,32182.56
MOIN,2009-03-30,1.87,1.87,1.84,1.85,-1.36,-0.02,-1,44401,82222.78
MOIN,2009-03-29,1.99,1.99,1.85,1.87,-0.34,-0.01,-1,12527,23525
MOIN,2009-03-26,1.91,1.91,1.85,1.88,-1.87,-0.04,-1,33566,63226.38
MOIN,2009-03-25,1.99,1.99,1.84,1.92,-0.78,-0.01,-1,13228,25378.57
MOIN,2009-03-24,2.11,2.11,1.8,1.93,3.94,0.06,-1,16048,31035.2
MOIN,2009-03-23,1.96,1.96,1.84,1.87,-5.24,-0.09,-1,44487,82828.2
MOIN,2009-03-22,2.13,2.13,1.86,1.96,0.16,0,-1,8153,16004
MOIN,2009-03-18,1.96,1.96,1.96,1.96,-2.69,-0.06,-1,29020,56903.63
MOIN,2009-03-17,2.15,2.15,1.86,2.02,-3.18,-0.07,-1,55153,111125.26
MOIN,2009-03-16,2.11,2.11,2.07,2.09,-2.54,-0.05,-1,5145,10696.5
MOIN,2009-03-15,2.23,2.23,2.07,2.14,7.12,0.15,-1,172028,367377.92
MOIN,2009-03-12,2.05,2.05,1.84,1.99,10.14,0.18,-1,92077,183584.48
MOIN,2009-03-11,2.3,2.3,1.62,1.81,12.77,0.2,-1,169987,307717.91
MOIN,2009-03-10,1.72,1.72,1.51,1.61,12.21,0.18,-1,63613,102125.5
MOIN,2009-03-08,1.44,1.44,1.4,1.43,-0.94,-0.02,-1,1880,2689.25
MOIN,2009-03-05,1.45,1.45,1.44,1.45,4.99,0.08,-1,8153,11767.4
MOIN,2009-03-03,1.38,1.38,1.36,1.37,-8.54,-0.14,-1,6887,9479.5
MOIN,2009-02-26,1.52,1.52,1.48,1.51,8.83,0.13,-1,26953,40534
MOIN,2009-02-25,1.4,1.4,1.29,1.38,1.88,0.02,-1,3785,5229.32
MOIN,2009-02-24,1.36,1.36,1.36,1.36,-5.13,-0.07,-1,3760,5100
MOIN,2009-02-23,1.44,1.44,1.37,1.43,-1.81,-0.02,-1,5760,8245.4
MOIN,2009-02-19,1.45,1.45,1.45,1.45,-1.14,-0.03,-1,2513,3650
MOIN,2009-02-18,1.56,1.56,1.36,1.48,5.31,0.08,-1,6572,9671.07
MOIN,2009-02-17,1.56,1.56,1.37,1.4,1.04,0.01,-1,41360,57855
MOIN,2009-02-16,1.47,1.47,1.28,1.39,-13.21,-0.21,-1,60912,84314
MOIN,2009-02-15,1.6,1.6,1.6,1.6,5.1,0.08,-1,3384,5397.8
MOIN,2009-02-12,1.71,1.71,1.4,1.52,0,0,-1,342,572.61
MOIN,2009-02-09,1.53,1.53,1.37,1.52,-5.04,-0.08,-1,18262,27710.6
MOIN,2009-02-05,1.6,1.6,1.6,1.6,-5.96,-0.1,-1,15673,25038.5
MOIN,2009-02-04,1.71,1.71,1.7,1.7,-1.11,-0.02,-1,2513,4260
MOIN,2009-02-02,1.76,1.76,1.61,1.72,-5.48,-0.11,-1,11913,20458.5
MOIN,2009-02-01,1.91,1.91,1.8,1.83,-3.06,-0.04,-1,6887,12532.5
MOIN,2009-01-29,1.91,1.91,1.86,1.87,1.34,0.02,-1,3760,7052
MOIN,2009-01-28,1.91,1.91,1.83,1.85,0.87,0.01,-1,1880,3480.1
MOIN,2009-01-27,1.84,1.84,1.84,1.84,2,0.04,-1,4393,8050
MOIN,2009-01-26,1.8,1.8,1.8,1.8,-2.89,-0.05,-1,9400,16910
MOIN,2009-01-25,1.99,1.99,1.8,1.85,2.65,0.05,-1,6930,12838.1
MOIN,2009-01-22,1.8,1.8,1.8,1.8,-2.79,-0.06,-1,5007,9049.6
MOIN,2009-01-21,1.91,1.91,1.8,1.86,-4,-0.07,-1,11647,21621.64
MOIN,2009-01-20,2.03,2.03,1.91,1.93,1,0.02,-1,28550,55222.5
MOIN,2009-01-19,1.91,1.91,1.91,1.91,-13.54,-0.31,-1,1247,2400
MOIN,2009-01-18,2.22,2.22,2.22,2.22,16.39,0.32,-1,6273,13880
MOIN,2009-01-15,2.06,2.06,1.77,1.9,2.98,0.05,-1,21927,41735
MOIN,2009-01-14,1.85,1.85,1.84,1.85,-8.35,-0.17,-1,6512,12041.01
MOIN,2009-01-13,2.03,2.03,1.99,2.02,-1.67,-0.03,-1,36967,74545.48
MOIN,2009-01-12,2.19,2.19,2.03,2.05,-0.58,-0.01,-1,8153,16707.5
MOIN,2009-01-11,2.1,2.1,2.04,2.06,-1.52,-0.03,-1,14749,30430.75
MOIN,2009-01-08,2.11,2.11,2.03,2.09,-1.91,-0.05,-1,1905,3990.66
MOIN,2009-01-06,2.42,2.42,2.14,2.14,0,0,-1,633,1515
MOIN,2009-01-05,2.26,2.26,2.02,2.14,-13.57,-0.33,-1,46837,99999.91
MOIN,2009-01-04,2.47,2.47,2.47,2.47,-19.98,-0.62,-1,16886,41705.12
MOIN,2008-12-31,3.59,3.59,2.47,3.09,19.56,0.5,-1,434691,1342004.29
MOIN,2008-12-30,3.15,3.15,2.12,2.59,17.37,0.4,-1,286375,739402.21
MOIN,2008-12-28,2.28,2.28,1.83,2.19,7.74,0.16,-1,7520,16541
MOIN,2008-12-25,2.31,2.31,1.91,2.03,19.19,0.31,-1,74372,151827.5
MOIN,2008-12-24,1.91,1.91,1.68,1.72,17.9,0.27,-1,44700,76555.5
MOIN,2008-12-22,1.52,1.52,1.36,1.45,-8.45,-0.13,-1,19202,27899.32
MOIN,2008-12-18,1.67,1.67,1.56,1.58,2,0.02,-1,6273,9945
MOIN,2008-12-16,1.56,1.56,1.56,1.56,0,0,-1,12527,19500
MOIN,2008-12-04,1.56,1.56,1.56,1.56,2.63,0.04,-1,10340,16087.5
MOIN,2008-12-03,1.52,1.52,1.52,1.52,-0.16,0,-1,22440,34016
MOIN,2008-12-01,1.52,1.52,1.52,1.52,3.76,0.05,-1,12527,19029.8
MOIN,2008-11-24,1.48,1.48,1.44,1.47,-11.83,-0.2,-1,17553,25675
MOIN,2008-11-23,1.67,1.67,1.67,1.67,4,0.07,-1,3760,6240
MOIN,2008-11-20,1.6,1.6,1.6,1.6,-4.49,-0.08,-1,2820,4500
MOIN,2008-11-19,1.68,1.68,1.67,1.68,0.38,0.01,-1,23193,38737.5
MOIN,2008-11-18,1.68,1.68,1.64,1.67,1.61,0.03,-1,25073,41718.5
MOIN,2008-11-17,1.68,1.68,1.58,1.64,-2.98,-0.05,-1,42325,69340.2
MOIN,2008-11-16,1.75,1.75,1.62,1.69,2.62,0.05,-1,26465,44673.7
MOIN,2008-11-12,1.72,1.72,1.6,1.64,-2.96,-0.05,-1,49556,81516.81
MOIN,2008-11-11,1.72,1.72,1.68,1.69,-2.52,-0.05,-1,12665,21465
MOIN,2008-11-10,1.76,1.76,1.72,1.74,4.01,0.06,-1,8452,14696.48
MOIN,2008-11-09,1.69,1.69,1.64,1.68,-0.19,0,-1,8837,14777.3
MOIN,2008-11-06,1.68,1.68,1.68,1.68,1.3,0.02,-1,6273,10500
MOIN,2008-11-05,1.69,1.69,1.6,1.66,-1.29,-0.02,-1,46437,76819.87
MOIN,2008-11-04,1.76,1.76,1.6,1.68,4.17,0.07,-1,2513,4200
MOIN,2008-11-03,1.62,1.62,1.6,1.61,-7.23,-0.13,-1,12527,20157.5
MOIN,2008-11-02,1.76,1.76,1.56,1.74,9.75,0.16,-1,10066,17448.5
MOIN,2008-10-30,1.68,1.68,1.48,1.58,-6.6,-0.11,-1,12527,19802.5
MOIN,2008-10-29,1.69,1.69,1.69,1.69,0.38,0.01,-1,2513,4240
MOIN,2008-10-28,1.69,1.69,1.42,1.68,2.72,0.04,-1,12853,21644.25
MOIN,2008-10-27,1.68,1.68,1.36,1.64,-3.52,-0.06,-1,12903,21173
MOIN,2008-10-26,1.76,1.76,1.4,1.7,-6.16,-0.11,-1,31960,54350
MOIN,2008-10-23,1.84,1.84,1.76,1.81,-0.13,-0.01,-1,17835,32323
MOIN,2008-10-22,1.84,1.84,1.68,1.82,-9.04,-0.17,-1,40445,73377.5
MOIN,2008-10-20,1.99,1.99,1.99,1.99,0,0,-1,10033,20000
MOIN,2008-10-19,1.99,1.99,1.99,1.99,1.58,0.03,-1,6273,12500
MOIN,2008-10-16,2.03,2.03,1.93,1.96,-8.85,-0.19,-1,61407,120596.5
MOIN,2008-10-15,2.15,2.15,2.15,2.15,-7.25,-0.17,-1,6273,13500
MOIN,2008-10-14,2.39,2.39,2.31,2.32,1.29,0.03,-1,5256,12198.81
MOIN,2008-10-09,2.3,2.3,2.28,2.29,3.31,0.07,-1,50127,114975
MOIN,2008-10-08,2.33,2.33,1.72,2.22,2.69,0.06,-1,16347,36274.45
MOIN,2008-10-07,2.23,2.23,2.15,2.16,-15.92,-0.41,-1,8272,17880
MOIN,2008-09-29,2.79,2.79,2.39,2.57,10.53,0.24,-1,203673,523532.4
MOIN,2008-09-28,2.55,2.55,2.15,2.33,10.08,0.22,-1,142094,330467.4
MOIN,2008-09-25,2.22,2.22,1.84,2.11,8.39,0.16,-1,7520,15885.45
MOIN,2008-09-24,2.22,2.22,1.84,1.95,-0.45,-0.01,-1,72559,141424.55
MOIN,2008-09-23,2.07,2.07,1.82,1.96,3.2,0.06,-1,23193,45392.5
MOIN,2008-09-22,1.91,1.91,1.84,1.9,2.02,0.04,-1,2888,5470
MOIN,2008-09-21,1.91,1.91,1.84,1.86,4.76,0.09,-1,40727,75764
MOIN,2008-09-18,1.84,1.84,1.52,1.77,-3.26,-0.07,-1,27346,48548.24
MOIN,2008-09-16,1.84,1.84,1.84,1.84,0.7,0.01,-1,21320,39123
MOIN,2008-09-15,1.91,1.91,1.77,1.83,-9.47,-0.18,-1,60246,109784.91
MOIN,2008-09-14,2.19,2.19,1.91,2.01,-2.7,-0.06,-1,8272,16652.1
MOIN,2008-09-11,2.07,2.07,2.06,2.07,4.98,0.1,-1,21432,44344.4
MOIN,2008-09-10,1.97,1.97,1.97,1.97,5.2,0.1,-1,1247,2470
MOIN,2008-09-09,2.15,2.15,1.77,1.87,8.7,0.15,-1,5007,9393
MOIN,2008-09-07,1.72,1.72,1.72,1.72,1.12,0.01,-1,2513,4320
MOIN,2008-09-03,1.76,1.76,1.68,1.71,6.37,0.11,-1,4512,7690.5
MOIN,2008-09-02,1.61,1.61,1.6,1.6,-11.54,-0.21,-1,19808,31725.9
MOIN,2008-09-01,1.84,1.84,1.8,1.81,1.84,0.04,-1,3127,5675
MOIN,2008-08-31,1.9,1.9,1.77,1.77,0,0,-1,68,119
MOIN,2008-08-28,1.89,1.89,1.76,1.77,1.04,0.01,-1,12982,23093.19
MOIN,2008-08-27,1.77,1.77,1.76,1.76,-0.76,-0.01,-1,6887,12135
MOIN,2008-08-26,1.9,1.9,1.68,1.77,1.23,0.02,-1,16800,29794.66
MOIN,2008-08-21,1.76,1.76,1.61,1.75,-2.96,-0.05,-1,4657,8147.8
MOIN,2008-08-20,1.84,1.84,1.49,1.8,6.59,0.11,-1,1768,3191.1
MOIN,2008-08-19,1.76,1.76,1.68,1.69,-3.5,-0.07,-1,36353,61575
MOIN,2008-08-17,1.76,1.76,1.76,1.76,-8.07,-0.15,-1,7674,13464
MOIN,2008-08-14,1.93,1.93,1.9,1.91,0.67,0.01,-1,7708,14719.25
MOIN,2008-08-13,1.91,1.91,1.52,1.9,-1.57,-0.03,-1,3282,6226.6
MOIN,2008-08-12,1.93,1.93,1.93,1.93,0.46,0.01,-1,2513,4830
MOIN,2008-08-11,1.93,1.93,1.85,1.92,-0.33,-0.01,-1,16613,31856.38
MOIN,2008-08-10,1.93,1.93,1.91,1.93,-3.48,-0.06,-1,3640,6993.6
MOIN,2008-08-07,1.99,1.99,1.95,1.99,0,0,-1,154,293.52
MOIN,2008-08-05,1.99,1.99,1.93,1.99,0.4,0,-1,14092,28083.2
MOIN,2008-08-04,1.99,1.99,1.93,1.99,3.28,0.06,-1,14699,29194.02
MOIN,2008-08-03,1.93,1.93,1.93,1.93,-0.78,0,-1,2513,4820
MOIN,2008-07-31,1.96,1.96,1.92,1.93,-2.72,-0.06,-1,19775,38327.46
MOIN,2008-07-30,2.02,2.02,1.93,1.99,-2.31,-0.04,-1,2642,5267.89
MOIN,2008-07-29,2.06,2.06,2.02,2.03,-6.95,-0.16,-1,12527,25557.75
MOIN,2008-07-28,2.19,2.19,2.15,2.19,0,0,-1,1094,2349
MOIN,2008-07-27,2.32,2.32,2.03,2.19,-1.19,-0.03,-1,9520,20879.85
MOIN,2008-07-24,2.23,2.23,2.15,2.22,7.46,0.16,-1,1247,2780
MOIN,2008-07-22,2.15,2.15,2.05,2.06,-2.38,-0.06,-1,8460,17463.5
MOIN,2008-07-21,2.15,2.15,2.07,2.12,-0.97,-0.02,-1,27602,58352
MOIN,2008-07-20,2.15,2.15,2.12,2.14,5.31,0.11,-1,28200,60219
MOIN,2008-07-17,2.07,2.07,2.02,2.03,0.63,0.01,-1,44513,90231
MOIN,2008-07-16,2.23,2.23,1.99,2.02,-9.82,-0.21,-1,211962,426973.5
MOIN,2008-07-15,2.23,2.23,2.23,2.23,-0.11,-0.01,-1,34473,76992.5
MOIN,2008-07-14,2.28,2.28,2.23,2.24,-3.74,-0.08,-1,132233,295683.5
MOIN,2008-07-13,2.38,2.38,2.17,2.32,0.24,0.01,-1,6273,14562.05
MOIN,2008-07-10,2.39,2.39,2.23,2.31,4.27,0.09,-1,23945,55482
MOIN,2008-07-07,2.24,2.24,2.19,2.22,-8.89,-0.22,-1,8153,18112
MOIN,2008-07-03,2.55,2.55,2.37,2.44,-3.47,-0.09,-1,92872,226619.66
MOIN,2008-07-02,2.62,2.62,2.4,2.53,15.16,0.34,-1,237642,600687.38
MOIN,2008-06-30,2.23,2.23,2.11,2.19,-2.55,-0.06,-1,19844,43543.5
MOIN,2008-06-29,2.43,2.43,2.25,2.25,-3.59,-0.09,-1,19936,44907.84
MOIN,2008-06-26,2.44,2.44,2.24,2.34,-0.61,-0.01,-1,42607,99567.5
MOIN,2008-06-25,2.41,2.41,2.26,2.35,-4.75,-0.12,-1,56400,132556.5
MOIN,2008-06-24,2.55,2.55,2.39,2.47,-3.85,-0.1,-1,98888,244022
MOIN,2008-06-23,2.62,2.62,2.4,2.57,-0.06,0,-1,5007,12866.5
MOIN,2008-06-22,2.63,2.63,2.5,2.57,1.77,0.05,-1,67800,174141.66
MOIN,2008-06-19,2.63,2.63,2.47,2.52,-5.95,-0.16,-1,41822,105554.53
MOIN,2008-06-18,2.79,2.79,2.51,2.68,0.15,0,-1,200784,538715.85
MOIN,2008-06-17,2.79,2.79,2.51,2.68,4.64,0.12,-1,413027,1106490.91
MOIN,2008-06-16,2.74,2.74,2.42,2.56,4.49,0.11,-1,228770,585786.91
MOIN,2008-06-15,2.47,2.47,2.38,2.45,5.24,0.12,-1,51725,126730.75
MOIN,2008-06-12,2.36,2.36,2.31,2.33,-5.72,-0.14,-1,28012,65226.7
MOIN,2008-06-11,2.47,2.47,2.39,2.47,0.29,0,-1,13185,32560.52
MOIN,2008-06-10,2.55,2.55,2.35,2.47,2.19,0.06,-1,221327,545030.05
MOIN,2008-06-09,2.42,2.42,2.33,2.41,4.07,0.1,-1,17868,43071.4
MOIN,2008-06-08,2.31,2.31,2.31,2.31,-3.04,-0.08,-1,3760,8706
MOIN,2008-06-05,2.39,2.39,2.16,2.39,3.17,0.08,-1,79405,189579.02
MOIN,2008-06-04,2.34,2.34,2.31,2.31,-0.34,-0.01,-1,10939,25322.52
MOIN,2008-06-03,2.35,2.35,2.31,2.32,0.38,0.01,-1,35275,81937.5
MOIN,2008-06-02,2.31,2.31,2.31,2.31,-1.69,-0.04,-1,6017,13919.85
MOIN,2008-06-01,2.35,2.35,2.35,2.35,1.65,0.04,-1,1880,4425
MOIN,2008-05-29,2.41,2.41,2.31,2.31,-0.03,0,-1,72680,168297
MOIN,2008-05-28,2.41,2.41,2.31,2.31,1.19,0.02,-1,22065,51092.65
MOIN,2008-05-27,2.29,2.29,2.29,2.29,0.6,0.01,-1,7520,17214
MOIN,2008-05-26,2.28,2.28,2.28,2.28,-2.76,-0.07,-1,1385,3137.2
MOIN,2008-05-22,2.38,2.38,2.38,2.38,4.02,0.1,-1,1247,2975
MOIN,2008-05-21,2.39,2.39,2.22,2.28,-0.56,-0.01,-1,12527,28600
MOIN,2008-05-20,2.31,2.31,2.19,2.29,5.23,0.1,-1,21210,48665.7
MOIN,2008-05-19,2.29,2.29,2.15,2.19,4.19,0.1,-1,10785,23507
MOIN,2008-05-15,2.31,2.31,2.07,2.09,-7.31,-0.17,-1,32593,68191.5
MOIN,2008-05-14,2.28,2.28,2.24,2.26,-4.36,-0.09,-1,10647,24056
MOIN,2008-05-13,2.47,2.47,2.24,2.35,-1.3,-0.04,-1,163176,385289.3
MOIN,2008-05-12,2.39,2.39,2.25,2.39,-2.85,-0.08,-1,683687,1635530.8
MOIN,2008-05-11,2.7,2.7,2.31,2.47,4.15,0.11,-1,136368,335784.3
MOIN,2008-05-08,2.39,2.39,2.31,2.36,-1.07,-0.03,-1,33345,78827.85
MOIN,2008-05-07,2.47,2.47,2.31,2.39,2.22,0.04,-1,95496,228173.19
MOIN,2008-05-06,2.43,2.43,2.32,2.35,1,0.04,-1,77354,180862.3
MOIN,2008-05-05,2.31,2.31,2.31,2.31,-3.56,-0.09,-1,8922,20655.5
MOIN,2008-05-04,2.41,2.41,2.39,2.4,1.83,0.05,-1,1880,4512.5
MOIN,2008-04-30,2.35,2.35,2.35,2.35,-2.86,-0.08,-1,2888,6795
MOIN,2008-04-29,2.47,2.47,2.31,2.43,6.93,0.16,-1,60348,146401.32
MOIN,2008-04-22,2.28,2.28,2.24,2.27,-2.64,-0.06,-1,6273,14219
MOIN,2008-04-21,2.35,2.35,2.28,2.33,1.11,0.02,-1,15673,36514.95
MOIN,2008-04-20,2.35,2.35,2.23,2.31,-2.96,-0.07,-1,23193,53448.4
MOIN,2008-04-17,2.39,2.39,2.25,2.38,-1.06,-0.02,-1,10365,24615.97
MOIN,2008-04-16,2.45,2.45,2.39,2.4,3.08,0.07,-1,74064,177829.57
MOIN,2008-04-15,2.35,2.35,2.31,2.33,-0.78,-0.02,-1,16544,38533.55
MOIN,2008-04-14,2.35,2.35,2.34,2.35,-1.44,-0.03,-1,59324,139256.49
MOIN,2008-04-13,2.39,2.39,2.37,2.38,-0.63,-0.01,-1,9400,22386
MOIN,2008-04-10,2.44,2.44,2.39,2.39,0.3,0,-1,33233,79641
MOIN,2008-04-09,2.41,2.41,2.36,2.39,-0.79,-0.02,-1,17569,41989.9
MOIN,2008-04-08,2.41,2.41,2.39,2.41,-1.18,-0.03,-1,24697,59475
MOIN,2008-04-07,2.47,2.47,2.39,2.44,1.83,0.05,-1,8426,20530
MOIN,2008-04-06,2.39,2.39,2.39,2.39,1.45,0.04,-1,16920,40500
MOIN,2008-04-03,2.44,2.44,2.35,2.35,-0.67,-0.03,-1,43428,102450.6
MOIN,2008-04-02,2.46,2.46,2.35,2.38,-1.88,-0.04,-1,29848,70891.8
MOIN,2008-04-01,2.51,2.51,2.35,2.42,5.02,0.11,-1,31772,76921.5
MOIN,2008-03-31,2.45,2.45,2.12,2.31,-8.89,-0.23,-1,182548,420838.54
MOIN,2008-03-30,2.55,2.55,2.4,2.54,3.56,0.1,-1,17133,43351.67
MOIN,2008-03-27,2.54,2.54,2.41,2.44,-1.58,-0.04,-1,59399,145125.89
MOIN,2008-03-26,2.51,2.51,2.45,2.48,-2.42,-0.07,-1,70877,175900.05
MOIN,2008-03-25,2.67,2.67,2.51,2.55,-2.03,-0.05,-1,19262,49006.2
MOIN,2008-03-24,2.7,2.7,2.47,2.6,6.51,0.16,-1,118337,307286.34
MOIN,2008-03-23,2.6,2.6,2.39,2.44,0.13,0,-1,142085,346327
MOIN,2008-03-19,2.5,2.5,2.39,2.44,-5.48,-0.13,-1,113852,277194.52
MOIN,2008-03-17,2.63,2.63,2.48,2.57,-4.21,-0.13,-1,56400,145250
MOIN,2008-03-16,2.71,2.71,2.62,2.7,2.15,0.07,-1,61407,165118.7
MOIN,2008-03-13,2.63,2.63,2.63,2.63,-2.28,-0.07,-1,1247,3299
MOIN,2008-03-12,2.79,2.79,2.54,2.7,1.02,0.04,-1,75833,204240.35
MOIN,2008-03-11,2.95,2.95,2.6,2.66,-3.86,-0.12,-1,77695,207173.84
MOIN,2008-03-10,3.11,3.11,2.51,2.78,15.1,0.37,-1,429280,1190425.14
MOIN,2008-03-09,2.57,2.57,2.35,2.41,-1.92,-0.05,-1,22664,54603.63
MOIN,2008-03-06,2.59,2.59,2.41,2.46,-6.58,-0.17,-1,84712,208128.31
MOIN,2008-03-05,2.78,2.78,2.41,2.63,7.08,0.17,-1,48470,127437.52
MOIN,2008-03-04,2.59,2.59,2.41,2.46,-0.32,-0.01,-1,57460,141109.69
MOIN,2008-03-03,2.63,2.63,2.41,2.47,-10,-0.27,-1,158672,390959.9
MOIN,2008-03-02,2.79,2.79,2.3,2.74,18.68,0.43,-1,350927,960676.42
MOIN,2008-02-28,2.59,2.59,2.28,2.31,-10.55,-0.27,-1,123902,285845.53
MOIN,2008-02-27,2.7,2.7,2.41,2.58,4.53,0.11,-1,118133,304641.87
MOIN,2008-02-26,2.55,2.55,2.44,2.47,-1.02,-0.03,-1,107467,265169
MOIN,2008-02-25,2.6,2.6,2.47,2.5,-1.82,-0.04,-1,7520,18745
MOIN,2008-02-24,2.87,2.87,2.47,2.54,-1.46,-0.04,-1,158476,402380.04
MOIN,2008-02-21,2.79,2.79,2.32,2.58,10.89,0.26,-1,342424,882292.58
MOIN,2008-02-20,2.33,2.33,2.28,2.32,-0.34,-0.01,-1,50503,117366.5
MOIN,2008-02-19,2.37,2.37,2.31,2.33,3.18,0.07,-1,6273,14608
MOIN,2008-02-18,2.28,2.28,2.19,2.26,-0.63,-0.02,-1,6991,15800.78
MOIN,2008-02-17,2.28,2.28,2.28,2.28,1.79,0.05,-1,7213,16390
MOIN,2008-02-14,2.23,2.23,2.23,2.23,-0.57,-0.02,-1,12527,28000
MOIN,2008-02-11,2.25,2.25,2.2,2.25,0.18,0.01,-1,32900,73917.84
MOIN,2008-02-10,2.28,2.28,2.24,2.24,-2.33,-0.06,-1,15048,33763.06
MOIN,2008-02-07,2.3,2.3,2.29,2.3,3.67,0.08,-1,5007,11511
MOIN,2008-02-06,2.22,2.22,2.22,2.22,-8.59,-0.21,-1,7025,15544
MOIN,2008-02-05,2.47,2.47,2.35,2.43,1.3,0.04,-1,14338,34739
MOIN,2008-02-04,2.47,2.47,2.35,2.39,5.71,0.12,-1,34668,82936.29
MOIN,2008-01-31,2.28,2.28,2.26,2.27,0.04,0.01,-1,17553,39700.55
MOIN,2008-01-30,2.27,2.27,2.26,2.26,0.89,0.02,-1,3640,8221.9
MOIN,2008-01-29,2.24,2.24,2.24,2.24,0.29,0,-1,20680,46365
MOIN,2008-01-28,2.26,2.26,2.21,2.24,-5.02,-0.11,-1,21620,48337.5
MOIN,2008-01-24,2.35,2.35,2.24,2.35,0,0,-1,79,168.06
MOIN,2008-01-23,2.39,2.39,2.28,2.35,7,0.16,-1,7528,17731.6
MOIN,2008-01-22,2.2,2.2,2.19,2.19,-5.78,-0.15,-1,29208,64247.5
MOIN,2008-01-21,2.44,2.44,2.28,2.34,-2.76,-0.06,-1,26627,62171.76
MOIN,2008-01-20,2.51,2.51,2.36,2.4,-0.99,-0.03,-1,13605,32646.53
MOIN,2008-01-16,2.47,2.47,2.39,2.43,-0.69,-0.01,-1,50197,121693.04
MOIN,2008-01-15,2.45,2.45,2.4,2.44,-2.08,-0.06,-1,12245,29892.15
MOIN,2008-01-14,2.55,2.55,2.47,2.5,0.13,0.01,-1,95880,239061.75
MOIN,2008-01-13,2.5,2.5,2.47,2.49,-2.59,-0.06,-1,43240,107674
MOIN,2008-01-10,2.56,2.56,2.55,2.55,-2.47,-0.07,-1,43948,112317.84
MOIN,2008-01-08,2.67,2.67,2.51,2.62,2.75,0.07,-1,276744,725462.32
MOIN,2008-01-06,2.55,2.55,2.39,2.55,4.82,0.11,-1,50272,128246.5
MOIN,2008-01-02,2.44,2.44,2.44,2.44,1.94,0.05,-1,1247,3050
MOIN,2007-12-31,2.41,2.41,2.35,2.39,-1.51,-0.04,-1,31387,74919.41
MOIN,2007-12-30,2.46,2.46,2.39,2.43,-6.38,-0.16,-1,102110,247479.29
MOIN,2007-12-27,2.63,2.63,2.47,2.59,3.15,0.08,-1,24902,64479.24
MOIN,2007-12-26,2.55,2.55,2.42,2.51,-0.1,0,-1,90624,227474.35
MOIN,2007-12-25,2.51,2.51,2.41,2.51,0,0,-1,1161,2905.93
MOIN,2007-12-24,2.51,2.51,2.48,2.51,1.52,0.04,-1,131600,330655
MOIN,2007-12-23,2.48,2.48,2.47,2.47,1.57,0.03,-1,18305,45296
MOIN,2007-12-17,2.45,2.45,2.44,2.44,-1.74,-0.04,-1,10939,26663.95
MOIN,2007-12-16,2.48,2.48,2.47,2.48,0.16,0.01,-1,4547,11281.5
MOIN,2007-12-13,2.48,2.48,2.4,2.47,-0.54,-0.02,-1,39437,97625.9
MOIN,2007-12-12,2.5,2.5,2.44,2.49,4.56,0.11,-1,132327,329408.5
MOIN,2007-12-11,2.41,2.41,2.35,2.38,-4.05,-0.1,-1,137547,327518.85
MOIN,2007-12-10,2.5,2.5,2.47,2.48,-0.16,-0.01,-1,6017,14929.4
MOIN,2007-12-09,2.51,2.51,2.43,2.49,0.87,0.02,-1,41248,102511
MOIN,2007-12-06,2.48,2.48,2.44,2.47,-3.32,-0.08,-1,101324,249652.4
MOIN,2007-12-05,2.6,2.6,2.5,2.55,0.19,0,-1,64006,163115.54
MOIN,2007-12-04,2.55,2.55,2.5,2.55,0.28,0.01,-1,135848,345561.82
MOIN,2007-12-03,2.58,2.58,2.48,2.54,-0.19,0,-1,301150,763823.06
MOIN,2007-12-02,2.55,2.55,2.47,2.54,1.24,0.03,-1,132924,337768.26
MOIN,2007-11-29,2.57,2.57,2.47,2.51,-3.41,-0.09,-1,334897,840527.99
MOIN,2007-11-28,2.7,2.7,2.58,2.6,-0.94,-0.02,-1,47633,123767.64
MOIN,2007-11-27,2.7,2.7,2.58,2.62,0.77,0.02,-1,312654,820124.15
MOIN,2007-11-26,2.66,2.66,2.44,2.6,2.64,0.06,-1,140598,366097.98
MOIN,2007-11-25,2.54,2.54,2.47,2.54,4.06,0.1,-1,28840,73144.3
MOIN,2007-11-22,2.55,2.55,2.44,2.44,-1.07,-0.03,-1,25459,62045.6
MOIN,2007-11-21,2.48,2.48,2.43,2.47,0.62,0.03,-1,29208,71958
MOIN,2007-11-20,2.55,2.55,2.43,2.44,-0.39,-0.02,-1,4248,10403.17
MOIN,2007-11-19,2.57,2.57,2.44,2.46,-4.44,-0.11,-1,45265,111270.95
MOIN,2007-11-18,2.6,2.6,2.55,2.57,0.28,0,-1,179575,461985.82
MOIN,2007-11-15,2.58,2.58,2.45,2.57,4.38,0.11,-1,933386,2394243.52
MOIN,2007-11-14,2.55,2.55,2.43,2.46,-3.69,-0.09,-1,24817,60982.83
MOIN,2007-11-13,2.61,2.61,2.39,2.55,2.5,0.06,-1,29517,75304.82
MOIN,2007-11-12,2.51,2.51,2.39,2.49,4.17,0.1,-1,397329,989047.39
MOIN,2007-11-11,2.39,2.39,2.28,2.39,2.32,0.05,-1,20107,48033.05
MOIN,2007-11-08,2.43,2.43,2.29,2.34,-2.14,-0.05,-1,38215,89250.14
MOIN,2007-11-07,2.47,2.47,2.27,2.39,0.71,0.02,-1,64910,154923.8
MOIN,2007-11-06,2.4,2.4,2.36,2.37,-4.72,-0.12,-1,346440,821041.34
MOIN,2007-11-05,2.63,2.63,2.49,2.49,-4.91,-0.13,-1,77200,192000.89
MOIN,2007-11-04,2.71,2.71,2.55,2.62,0.77,0.02,-1,197750,517159.28
MOIN,2007-11-01,2.6,2.6,2.47,2.6,4.87,0.13,-1,798223,2071996.26
MOIN,2007-10-31,2.51,2.51,2.39,2.47,3.78,0.08,-1,479136,1186053.7
MOIN,2007-10-30,2.4,2.4,2.25,2.39,4.33,0.1,-1,828806,1976895.6
MOIN,2007-10-29,2.29,2.29,2.23,2.29,4.83,0.1,-1,350279,800727.06
MOIN,2007-10-28,2.29,2.29,2.18,2.19,-4.74,-0.1,-1,879395,1917837.79
MOIN,2007-10-25,2.29,2.29,2.29,2.29,-4.97,-0.12,-1,160433,367244.5
MOIN,2007-10-24,2.44,2.44,2.24,2.41,3.64,0.08,-1,83250,200513.34
MOIN,2007-10-23,2.35,2.35,2.23,2.33,4.26,0.1,-1,201980,469366.19
MOIN,2007-10-22,2.25,2.25,2.22,2.23,-1.59,-0.04,-1,55623,124018.9
MOIN,2007-10-21,2.47,2.47,2.25,2.27,-4.22,-0.09,-1,141872,321344.2
MOIN,2007-10-18,2.55,2.55,2.33,2.36,-3.64,-0.09,-1,234822,555243.33
MOIN,2007-10-17,2.47,2.47,2.44,2.45,-11.48,-0.32,-1,5427,13320.5
MOIN,2007-10-16,2.79,2.79,2.6,2.77,4.35,0.11,-1,391075,1084422.66
MOIN,2007-10-11,2.66,2.66,2.62,2.66,4.72,0.12,-1,258304,686327.51
MOIN,2007-10-10,2.55,2.55,2.54,2.54,-4.7,-0.12,-1,10818,27447.16
MOIN,2007-10-09,2.66,2.66,2.54,2.66,0,0,-1,179,444.5
MOIN,2007-10-08,2.67,2.67,2.44,2.66,4.64,0.11,-1,49563,131988.04
MOIN,2007-10-04,2.55,2.55,2.54,2.55,-4.32,-0.11,-1,7520,19136.5
MOIN,2007-10-03,2.7,2.7,2.56,2.66,-0.18,0,-1,40950,108891.42
MOIN,2007-10-02,2.7,2.7,2.52,2.66,0.45,0.01,-1,23193,61766.1
MOIN,2007-10-01,2.69,2.69,2.44,2.65,3.58,0.09,-1,77166,204659.82
MOIN,2007-09-30,2.57,2.57,2.36,2.56,4.63,0.12,-1,208868,534849.32
MOIN,2007-09-27,2.47,2.47,2.44,2.44,-2.73,-0.07,-1,125960,308271
MOIN,2007-09-26,2.6,2.6,2.44,2.51,0.64,0.01,-1,102580,258080.25
MOIN,2007-09-25,2.6,2.6,2.45,2.5,1.06,0.03,-1,3760,9399
MOIN,2007-09-24,2.47,2.47,2.47,2.47,-2.61,-0.07,-1,37600,93000
MOIN,2007-09-23,2.55,2.55,2.54,2.54,0.32,0,-1,3760,9549
MOIN,2007-09-20,2.63,2.63,2.5,2.54,-3.67,-0.09,-1,11016,27890.2
MOIN,2007-09-19,2.63,2.63,2.55,2.63,0.43,0.01,-1,1342,3524.07
MOIN,2007-09-18,2.62,2.62,2.62,2.62,0.8,0.02,-1,1880,4920
MOIN,2007-09-17,2.6,2.6,2.6,2.6,0.65,0.02,-1,2093,5434.18
MOIN,2007-09-16,2.63,2.63,2.47,2.58,1.06,0.03,-1,3760,9700
MOIN,2007-09-13,2.55,2.55,2.55,2.55,0,0,-1,12527,31992
MOIN,2007-09-12,2.55,2.55,2.55,2.55,2.34,0.05,-1,1247,3199
MOIN,2007-09-10,2.55,2.55,2.43,2.5,2.12,0.06,-1,3735,9314.55
MOIN,2007-09-09,2.47,2.47,2.43,2.44,-4.4,-0.11,-1,3760,9183
MOIN,2007-09-06,2.56,2.56,2.47,2.55,4.81,0.11,-1,57673,147341.68
MOIN,2007-09-05,2.51,2.51,2.36,2.44,-1.89,-0.05,-1,2513,6111
MOIN,2007-09-04,2.5,2.5,2.31,2.49,4.6,0.11,-1,55980,139087.65
MOIN,2007-09-03,2.44,2.44,2.31,2.38,1.71,0.04,-1,35977,85434.45
MOIN,2007-09-02,2.39,2.39,2.32,2.34,-2.89,-0.07,-1,14279,33338.45
MOIN,2007-08-30,2.51,2.51,2.31,2.41,0.4,0.02,-1,29635,71283.21
MOIN,2007-08-29,2.43,2.43,2.31,2.39,3.77,0.08,-1,39882,95510.32
MOIN,2007-08-28,2.31,2.31,2.31,2.31,4.97,0.12,-1,15065,34773.86
MOIN,2007-08-27,2.19,2.19,2.19,2.19,0.55,0,-1,6273,13780
MOIN,2007-08-26,2.19,2.19,2.09,2.19,4.42,0.1,-1,13467,29461.05
MOIN,2007-08-23,2.12,2.12,2.09,2.09,0.54,0,-1,16244,34022.02
MOIN,2007-08-22,2.09,2.09,2.09,2.09,0,0,-1,221,469.8
MOIN,2007-08-21,2.09,2.09,2.09,2.09,-4.88,-0.1,-1,1385,2872
MOIN,2007-08-19,2.19,2.19,2.19,2.19,4.57,0.1,-1,1247,2745
MOIN,2007-08-16,2.15,2.15,2.07,2.09,0.54,0,-1,7853,16431.23
MOIN,2007-08-15,2.09,2.09,2.09,2.09,0.08,0,-1,5640,11747.5
MOIN,2007-08-14,2.09,2.09,2.08,2.09,-3.16,-0.06,-1,4298,8949.24
MOIN,2007-08-13,2.31,2.31,2.11,2.15,-2.95,-0.07,-1,11682,25110.8
MOIN,2007-08-12,2.23,2.23,2.21,2.22,-4.67,-0.1,-1,28695,63562.5
MOIN,2007-08-09,2.35,2.35,2.19,2.32,3.78,0.08,-1,9392,21812.4
MOIN,2007-08-08,2.24,2.24,2.24,2.24,4.94,0.1,-1,14014,31369.4
MOIN,2007-08-07,2.15,2.15,2.08,2.14,2.85,0.07,-1,19748,42142.58
MOIN,2007-08-06,2.07,2.07,2.07,2.07,-3.56,-0.08,-1,1247,2600
MOIN,2007-08-05,2.17,2.17,2.09,2.15,4.33,0.09,-1,23945,51500.26
MOIN,2007-08-01,2.06,2.06,2.06,2.06,0.19,0,-1,8153,16793.5
MOIN,2007-07-31,2.09,2.09,2.03,2.06,-1.26,-0.03,-1,19013,39127.69
MOIN,2007-07-30,2.12,2.12,2.09,2.09,2.39,0.06,-1,11493,23953.7
MOIN,2007-07-29,2.03,2.03,2.03,2.03,-0.55,-0.01,-1,5640,11477.5
MOIN,2007-07-26,2.04,2.04,2.04,2.04,-1.38,-0.04,-1,3597,7361.55
MOIN,2007-07-25,2.11,2.11,2.03,2.08,1.96,0.05,-1,13724,28483.1
MOIN,2007-07-24,2.03,2.03,2.03,2.03,-0.39,-0.01,-1,5640,11480.5
MOIN,2007-07-22,2.12,2.12,2.03,2.04,-1.46,-0.03,-1,8528,17412.7
MOIN,2007-07-19,2.09,2.09,2.02,2.07,-0.88,-0.02,-1,2632,5457.5
MOIN,2007-07-18,2.13,2.13,2.07,2.09,0.85,0.02,-1,9554,19981.08
MOIN,2007-07-17,2.07,2.07,2.07,2.07,-0.23,-0.01,-1,6118,12688
MOIN,2007-07-16,2.1,2.1,2.02,2.08,0.15,0,-1,3640,7556.91
MOIN,2007-07-15,2.09,2.09,1.99,2.08,-0.23,-0.01,-1,10187,21155
MOIN,2007-07-12,2.09,2.09,2.08,2.09,0,0,-1,25,52.12
MOIN,2007-07-11,2.09,2.09,2.08,2.09,-4.33,-0.09,-1,13048,27148.46
MOIN,2007-07-10,2.23,2.23,2.08,2.18,0.52,0.02,-1,25089,54572.42
MOIN,2007-07-09,2.37,2.37,2.15,2.16,-4.14,-0.09,-1,48342,104604.98
MOIN,2007-07-08,2.28,2.28,2.19,2.25,-21.18,-0.61,-1,37044,83632.1
MOIN,2007-07-05,2.28,2.28,2.06,2.18,0.39,0.01,-1,211842,460736.1
MOIN,2007-07-04,2.27,2.27,2.11,2.17,-2.54,-0.05,-1,230026,498290.49
MOIN,2007-07-03,2.35,2.35,2.15,2.22,-0.38,-0.01,-1,28927,64303.25
MOIN,2007-07-02,2.25,2.25,2.19,2.23,4.04,0.08,-1,48273,107700.15
MOIN,2007-06-28,2.2,2.2,2.09,2.15,0.11,0,-1,67389,144551.36
MOIN,2007-06-27,2.22,2.22,2.12,2.15,1.29,0.03,-1,22824,48892.49
MOIN,2007-06-26,2.24,2.24,2.09,2.12,-3.16,-0.07,-1,57939,122519.19
MOIN,2007-06-25,2.24,2.24,2.13,2.19,-2.07,-0.04,-1,55767,121806.04
MOIN,2007-06-24,2.41,2.41,2.19,2.23,-2.88,-0.07,-1,40257,89798.52
MOIN,2007-06-21,2.5,2.5,2.26,2.3,-3.44,-0.08,-1,110407,253540.42
MOIN,2007-06-20,2.49,2.49,2.31,2.38,-1.28,-0.03,-1,95966,228194.88
MOIN,2007-06-19,2.44,2.44,2.28,2.41,3.98,0.1,-1,178300,429547.75
MOIN,2007-06-18,2.31,2.31,2.31,2.31,5,0.11,-1,141940,328832.46
MOIN,2007-06-17,2.2,2.2,2.2,2.2,4.99,0.1,-1,82507,182050
MOIN,2007-06-14,2.24,2.24,2.08,2.1,-3.96,-0.09,-1,34859,73242.09
MOIN,2007-06-13,2.24,2.24,2.19,2.19,-4.62,-0.1,-1,87000,190351.84
MOIN,2007-06-12,2.31,2.31,2.28,2.29,-4.49,-0.11,-1,89112,204461.38
MOIN,2007-06-11,2.43,2.43,2.4,2.4,-4.89,-0.13,-1,157425,378160.6
MOIN,2007-06-10,2.73,2.73,2.47,2.53,-2.91,-0.07,-1,175712,443845.13
MOIN,2007-06-07,2.6,2.6,2.6,2.6,-4.98,-0.14,-1,13272,34515.72
MOIN,2007-06-06,2.74,2.74,2.74,2.74,-4.98,-0.15,-1,16800,45997.6
MOIN,2007-06-05,3.07,3.07,2.78,2.89,-1.59,-0.04,-1,155887,449241.4
MOIN,2007-06-04,2.93,2.93,2.93,2.93,5,0.14,-1,115833,339206.4
MOIN,2007-06-03,2.79,2.79,2.79,2.79,5,0.13,-1,370959,1034565.62
MOIN,2007-05-31,2.66,2.66,2.66,2.66,4.98,0.12,-1,332864,884138.76
MOIN,2007-05-30,2.54,2.54,2.54,2.54,4.98,0.13,-1,12869,32565
MOIN,2007-05-29,2.41,2.41,2.41,2.41,4.99,0.11,-1,8247,19885
MOIN,2007-05-28,2.3,2.3,2.3,2.3,4.99,0.11,-1,31960,73373.56
MOIN,2007-05-24,2.31,2.31,2.19,2.19,-4.6,-0.1,-1,4290,9380
MOIN,2007-05-23,2.31,2.31,2.23,2.29,4.48,0.1,-1,7520,17248.14
MOIN,2007-05-22,2.26,2.26,2.14,2.19,1.97,0.04,-1,7965,17446.78
MOIN,2007-05-21,2.15,2.15,2.15,2.15,-1.06,-0.03,-1,1659,3550
MOIN,2007-05-20,2.18,2.18,2.18,2.18,-4.98,-0.11,-1,2708,5884.32
MOIN,2007-05-16,2.31,2.31,2.22,2.29,-0.63,-0.02,-1,10262,23483.82
MOIN,2007-05-14,2.31,2.31,2.31,2.31,-5,-0.12,-1,3872,8930
MOIN,2007-05-13,2.43,2.43,2.43,2.43,-0.3,0,-1,17980,43600
MOIN,2007-05-10,2.43,2.43,2.31,2.43,0,0,-1,828,1997.63
MOIN,2007-05-09,2.43,2.43,2.31,2.43,0,0,-1,520,1181.72
MOIN,2007-05-08,2.44,2.44,2.43,2.43,-4.29,-0.11,-1,2137,5175.69
MOIN,2007-05-07,2.55,2.55,2.51,2.54,3.92,0.1,-1,48684,123667
MOIN,2007-05-06,2.55,2.55,2.42,2.44,-3.91,-0.11,-1,9895,24202.7
MOIN,2007-05-03,2.55,2.55,2.54,2.55,4.92,0.12,-1,11554,29388
MOIN,2007-05-02,2.43,2.43,2.43,2.43,-4.74,-0.12,-1,24252,58818.1
MOIN,2007-04-30,2.55,2.55,2.55,2.55,-2.62,-0.07,-1,69798,177660
MOIN,2007-04-29,2.62,2.62,2.6,2.62,4.56,0.12,-1,63742,166622.53
MOIN,2007-04-26,2.55,2.55,2.31,2.5,3.13,0.07,-1,109980,274933.65
MOIN,2007-04-24,2.43,2.43,2.43,2.43,-0.5,-0.01,-1,29884,72443.9
MOIN,2007-04-23,2.44,2.44,2.44,2.44,-4.99,-0.13,-1,10066,24523
MOIN,2007-04-22,2.57,2.57,2.57,2.57,4.52,0.12,-1,5299,13582.92
MOIN,2007-04-19,2.55,2.55,2.43,2.45,0.3,0.01,-1,68706,168557.04
MOIN,2007-04-18,2.46,2.46,2.39,2.44,4.45,0.09,-1,266088,650874.5
MOIN,2007-04-17,2.36,2.36,2.33,2.35,2.36,0.06,-1,44393,103938.5
MOIN,2007-04-16,2.3,2.3,2.28,2.29,0.13,0.01,-1,57751,132125
MOIN,2007-04-15,2.28,2.28,2.28,2.28,3.54,0.08,-1,2410,5504.2
MOIN,2007-04-12,2.22,2.22,2.15,2.2,0.89,0.01,-1,18152,40050
MOIN,2007-04-11,2.25,2.25,2.15,2.19,1.81,0.04,-1,103862,227154
MOIN,2007-04-10,2.15,2.15,2.09,2.15,4.85,0.1,-1,61296,131682.5
MOIN,2007-04-05,2.05,2.05,2.05,2.05,5,0.1,-1,122379,250699.43
MOIN,2007-04-04,1.96,1.96,1.93,1.95,4.68,0.08,-1,86891,169555.71
MOIN,2007-04-03,1.93,1.93,1.83,1.87,-3.06,-0.06,-1,33302,62074
MOIN,2007-04-02,1.93,1.93,1.92,1.93,-4.74,-0.09,-1,7342,14119.25
MOIN,2007-03-29,2.06,2.06,1.99,2.02,1.93,0.03,-1,47854,96600
MOIN,2007-03-28,1.99,1.99,1.91,1.99,-0.97,0,-1,28678,56797
MOIN,2007-03-27,2.07,2.07,1.93,1.99,1.44,0.02,-1,92412,184792
MOIN,2007-03-26,1.97,1.97,1.97,1.97,4.94,0.1,-1,92341,182064.8
MOIN,2007-03-25,1.93,1.93,1.74,1.87,2.51,0.03,-1,56093,105353.77
MOIN,2007-03-22,1.86,1.86,1.73,1.84,3.53,0.07,-1,92522,169579.2
MOIN,2007-03-21,1.87,1.87,1.71,1.77,-0.2,0,-1,135317,239562.55
MOIN,2007-03-20,1.84,1.84,1.7,1.77,0.93,0.01,-1,63347,112373.4
MOIN,2007-03-19,1.76,1.76,1.76,1.76,4.96,0.08,-1,38814,68208
MOIN,2007-03-18,1.68,1.68,1.68,1.68,-4.82,-0.08,-1,2470,4144
MOIN,2007-03-15,1.82,1.82,1.7,1.76,1.65,0.03,-1,25116,44176.93
MOIN,2007-03-14,1.76,1.76,1.62,1.73,1.56,0.02,-1,14766,25557.5
MOIN,2007-03-13,1.71,1.71,1.71,1.71,4.96,0.09,-1,22269,37962
MOIN,2007-03-11,1.68,1.68,1.59,1.62,2.06,0.03,-1,21022,34135
MOIN,2007-03-08,1.59,1.59,1.59,1.59,5,0.07,-1,3298,5250
MOIN,2007-03-07,1.52,1.52,1.52,1.52,0,0,-1,19808,30000
MOIN,2007-03-06,1.52,1.52,1.52,1.52,-0.79,0,-1,171610,260000
MOIN,2007-03-05,1.52,1.52,1.52,1.52,5,0.07,-1,13947,21294
MOIN,2007-03-04,1.45,1.45,1.45,1.45,4.35,0.05,-1,2470,3600
MOIN,2007-03-01,1.4,1.4,1.4,1.4,-0.04,0,-1,1659,2300
MOIN,2007-02-28,1.4,1.4,1.4,1.4,-3.32,-0.04,-1,7400,10308.48
MOIN,2007-02-27,1.45,1.45,1.4,1.44,3.48,0.04,-1,20637,29750
MOIN,2007-02-22,1.4,1.4,1.4,1.4,3.98,0.06,-1,4127,5750
MOIN,2007-02-14,1.34,1.34,1.34,1.34,-4.66,-0.07,-1,4127,5530
MOIN,2007-02-12,1.41,1.41,1.41,1.41,-0.04,0,-1,16877,23710.4
MOIN,2007-02-11,1.41,1.41,1.41,1.41,-4.99,-0.07,-1,2974,4177.8
MOIN,2007-02-08,1.48,1.48,1.41,1.48,0,0,-1,615,858.77
MOIN,2007-02-07,1.48,1.48,1.45,1.48,2.78,0.04,-1,13195,19543
MOIN,2007-02-06,1.45,1.45,1.44,1.44,0,0,-1,1204,1752
MOIN,2007-02-05,1.44,1.44,1.44,1.44,-5,-0.08,-1,2470,3565.5
MOIN,2007-01-31,1.52,1.52,1.52,1.52,-1.5,-0.02,-1,25954,39358.05
MOIN,2007-01-29,1.54,1.54,1.54,1.54,-0.08,0,-1,8247,12700
MOIN,2007-01-28,1.58,1.58,1.54,1.54,-4.9,-0.08,-1,98334,151478.6
MOIN,2007-01-25,1.67,1.67,1.61,1.62,-4.43,-0.07,-1,67980,110115
MOIN,2007-01-24,1.72,1.72,1.62,1.69,3.4,0.05,-1,112954,191474.75
MOIN,2007-01-23,1.7,1.7,1.57,1.64,1.27,0.02,-1,156980,257344.79
MOIN,2007-01-22,1.66,1.66,1.53,1.62,2.53,0.04,-1,27560,44608.5
MOIN,2007-01-18,1.61,1.61,1.45,1.58,3.01,0.05,-1,156203,246618.6
MOIN,2007-01-17,1.53,1.53,1.48,1.53,4.89,0.07,-1,118978,182368.5
MOIN,2007-01-16,1.48,1.48,1.42,1.46,3.65,0.05,-1,194359,283944.2
MOIN,2007-01-15,1.42,1.42,1.33,1.41,4.4,0.05,-1,103034,145239.69
MOIN,2007-01-14,1.4,1.4,1.3,1.36,1.64,0.04,-1,110724,149507.42
MOIN,2007-01-11,1.33,1.33,1.31,1.32,4.43,0.05,-1,35130,46668
MOIN,2007-01-10,1.27,1.27,1.26,1.27,4.9,0.06,-1,40565,51595.76
MOIN,2007-01-09,1.21,1.21,1.21,1.21,4.93,0.05,-1,5042,6102.5
MOIN,2007-01-08,1.19,1.19,1.16,1.16,0.37,0,-1,21457,24790
MOIN,2007-01-04,1.16,1.16,1.16,1.16,-0.05,0,-1,2454,2831
MOIN,2007-01-03,1.16,1.16,1.16,1.16,0.05,0,-1,10724,12357.5
MOIN,2006-12-28,1.16,1.16,1.16,1.16,0.32,0.01,-1,14022,16151.04
MOIN,2006-12-25,1.16,1.16,1.13,1.15,2.32,0.03,-1,29618,34005
MOIN,2006-12-24,1.12,1.12,1.12,1.12,0.05,0,-1,16510,18507
MOIN,2006-12-20,1.12,1.12,1.12,1.12,-0.38,-0.01,-1,3298,3700
MOIN,2006-12-19,1.13,1.13,1.09,1.13,-1.95,-0.02,-1,43504,48937.86
MOIN,2006-12-14,1.16,1.16,1.14,1.15,-0.32,-0.01,-1,51974,59650
MOIN,2006-12-13,1.16,1.16,1.16,1.16,0,0,-1,16510,19005
MOIN,2006-12-12,1.16,1.16,1.13,1.16,0.11,0,-1,8639,9934.93
MOIN,2006-12-11,1.16,1.16,1.12,1.16,-0.11,0,-1,49222,56626.33
MOIN,2006-12-07,1.16,1.16,1.16,1.16,-3.41,-0.04,-1,33004,38005
MOIN,2006-12-06,1.21,1.21,1.19,1.2,2.98,0.04,-1,4537,5410
MOIN,2006-12-05,1.16,1.16,1.16,1.16,-0.26,0,-1,3298,3820
MOIN,2006-12-04,1.16,1.16,1.16,1.16,-1.29,-0.01,-1,12869,14937
MOIN,2006-12-03,1.17,1.17,1.17,1.17,-2.76,-0.04,-1,13612,16005
MOIN,2006-11-28,1.26,1.26,1.16,1.21,-0.4,0,-1,18434,22287.37
MOIN,2006-11-27,1.26,1.26,1.21,1.21,0,0,-1,495,625.5
MOIN,2006-11-26,1.21,1.21,1.21,1.21,4.98,0.05,-1,3640,4406.6
MOIN,2006-11-23,1.16,1.16,1.16,1.16,0.42,0,-1,8539,9864.85
MOIN,2006-11-22,1.16,1.16,1.16,1.16,-4.52,-0.05,-1,6316,7277.5
MOIN,2006-11-21,1.21,1.21,1.21,1.21,-4.97,-0.05,-1,30276,36516.5
MOIN,2006-11-20,1.26,1.26,1.26,1.26,-4.99,-0.08,-1,36294,46068
MOIN,2006-11-19,1.35,1.35,1.21,1.34,4.21,0.06,-1,123927,165520.8
MOIN,2006-11-16,1.29,1.29,1.21,1.28,4.08,0.05,-1,176806,226608.05
MOIN,2006-11-15,1.23,1.23,1.23,1.23,4.96,0.06,-1,50547,62240.16
MOIN,2006-11-14,1.19,1.19,1.16,1.17,4.09,0.04,-1,58348,68470.88
MOIN,2006-11-13,1.13,1.13,1.09,1.13,4.49,0.05,-1,30532,34404
MOIN,2006-11-09,1.09,1.09,1.06,1.08,0.11,0,-1,28774,31045.5
MOIN,2006-11-08,1.08,1.08,1.08,1.08,-1.33,-0.02,-1,14245,15348.25
MOIN,2006-11-07,1.1,1.1,1.08,1.1,-1.69,0,-1,38215,41736.57
MOIN,2006-11-06,1.12,1.12,1.1,1.1,0.05,0,-1,119148,132311.7
MOIN,2006-11-05,1.12,1.12,1.1,1.1,0.94,0,-1,19227,21346.15
MOIN,2006-11-02,1.1,1.1,1.1,1.1,0.17,0,-1,3752,4120.05
MOIN,2006-11-01,1.15,1.15,1.09,1.1,0.55,0,-1,56100,61594.55
MOIN,2006-10-31,1.13,1.13,1.09,1.1,1.92,0.03,-1,10724,11713.6
MOIN,2006-10-30,1.08,1.08,1.06,1.07,-0.39,-0.01,-1,42043,45050
MOIN,2006-10-29,1.08,1.08,1.08,1.08,-1.17,-0.01,-1,6930,7455
MOIN,2006-10-22,1.09,1.09,1.05,1.09,0,0,-1,906,958.1
MOIN,2006-10-19,1.09,1.09,1.05,1.09,-1.59,-0.01,-1,107434,116958.74
MOIN,2006-10-18,1.1,1.1,1.1,1.1,-0.65,-0.01,-1,9322,10311.25
MOIN,2006-10-17,1.2,1.2,1.09,1.11,-13.02,-0.17,-1,115920,129069.95
MOIN,2006-10-16,1.32,1.32,1.27,1.28,-1.4,-0.01,-1,272712,349001.96
MOIN,2006-10-15,1.32,1.32,1.27,1.29,0.37,0,-1,74593,96811
MOIN,2006-10-12,1.31,1.31,1.29,1.29,0.28,0,-1,72148,93285.5
MOIN,2006-10-11,1.31,1.31,1.27,1.29,-0.47,0,-1,75175,96970.69
MOIN,2006-10-10,1.31,1.31,1.27,1.29,0.8,0,-1,36934,47839.5
MOIN,2006-10-09,1.32,1.32,1.27,1.29,-1.76,-0.03,-1,50981,65538
MOIN,2006-10-08,1.32,1.32,1.29,1.32,2.32,0.04,-1,83668,109460.95
MOIN,2006-10-04,1.33,1.33,1.27,1.28,-1.95,-0.03,-1,170524,218069.07
MOIN,2006-10-03,1.33,1.33,1.27,1.31,1.56,0.03,-1,58255,75978.6
MOIN,2006-10-02,1.31,1.31,1.27,1.28,0.67,0,-1,12928,16590.05
MOIN,2006-10-01,1.3,1.3,1.27,1.28,-0.57,0,-1,8247,10524.5
MOIN,2006-09-28,1.31,1.31,1.24,1.28,-0.89,-0.01,-1,38778,49755.97
MOIN,2006-09-27,1.31,1.31,1.29,1.29,0.61,0,-1,71714,92845.2
MOIN,2006-09-26,1.31,1.31,1.29,1.29,0,0,-1,1153,1505
MOIN,2006-09-25,1.32,1.32,1.24,1.29,-0.75,0,-1,22824,29356.99
MOIN,2006-09-24,1.31,1.31,1.29,1.29,0.05,0,-1,103956,134770
MOIN,2006-09-21,1.31,1.31,1.29,1.29,-0.56,-0.02,-1,98845,128040
MOIN,2006-09-20,1.31,1.31,1.31,1.31,-0.37,0,-1,24747,32250
MOIN,2006-09-19,1.33,1.33,1.31,1.31,-0.69,-0.01,-1,53630,70125
MOIN,2006-09-18,1.32,1.32,1.24,1.32,3.13,0.04,-1,24747,32593.4
MOIN,2006-09-17,1.29,1.29,1.24,1.28,3.84,0.05,-1,43728,55826
MOIN,2006-09-14,1.24,1.24,1.23,1.23,4.1,0.05,-1,14022,17242.5
MOIN,2006-09-13,1.19,1.19,1.18,1.18,-4.69,-0.06,-1,2282,2689.53
MOIN,2006-09-12,1.24,1.24,1.24,1.24,4.87,0.05,-1,6605,8180
MOIN,2006-09-11,1.19,1.19,1.19,1.19,0.26,0.01,-1,32722,38668.5
MOIN,2006-09-06,1.18,1.18,1.18,1.18,4.8,0.05,-1,3547,4181.75
MOIN,2006-09-05,1.13,1.13,1.12,1.13,-4.23,-0.04,-1,36660,41232.2
MOIN,2006-09-04,1.19,1.19,1.17,1.17,-4.86,-0.07,-1,5299,6221.56
MOIN,2006-08-31,1.26,1.26,1.24,1.24,0,0,-1,1153,1463
MOIN,2006-08-30,1.24,1.24,1.19,1.24,4.41,0.05,-1,57896,71457.4
MOIN,2006-08-29,1.19,1.19,1.19,1.19,4.95,0.06,-1,35488,41946.5
MOIN,2006-08-27,1.16,1.16,1.12,1.13,1.86,0.03,-1,5785,6508
MOIN,2006-08-21,1.1,1.1,1.1,1.1,1.39,0.01,-1,16510,18250
MOIN,2006-08-16,1.09,1.09,1.09,1.09,-1.26,-0.01,-1,17707,19314
MOIN,2006-08-15,1.1,1.1,1.1,1.1,-3.03,-0.04,-1,12042,13305
MOIN,2006-08-13,1.16,1.16,1.09,1.14,2.06,0.02,-1,9895,11277.5
MOIN,2006-08-10,1.12,1.12,1.12,1.12,4.9,0.05,-1,5572,6227.58
MOIN,2006-08-02,1.07,1.07,1.06,1.07,0.06,0.01,-1,46437,49404.53
MOIN,2006-08-01,1.06,1.06,1.06,1.06,0.17,0,-1,2888,3071.25
MOIN,2006-07-31,1.06,1.06,1.06,1.06,0.11,0,-1,9811,10422.5
MOIN,2006-07-30,1.06,1.06,1.06,1.06,2.88,0.03,-1,9895,10500
MOIN,2006-07-27,1.03,1.03,1.03,1.03,-0.23,-0.01,-1,1659,1701
MOIN,2006-07-26,1.06,1.06,1.03,1.04,0.29,0.01,-1,16510,17050
MOIN,2006-07-25,1.03,1.03,1.03,1.03,1.19,0.01,-1,1659,1700
MOIN,2006-07-17,1.02,1.02,1.02,1.02,0,0,-1,5828,5930.4
MOIN,2006-07-16,1.02,1.02,1.02,1.02,-0.3,0,-1,6605,6720
MOIN,2006-07-13,1.02,1.02,1.02,1.02,-3.71,-0.04,-1,7100,7245.5
MOIN,2006-07-11,1.06,1.06,1.05,1.06,0,0,-1,906,959.75
MOIN,2006-07-09,1.06,1.06,1.06,1.06,0.57,0.01,-1,2470,2625
MOIN,2006-07-06,1.05,1.05,1.05,1.05,2.17,0.01,-1,4127,4350
MOIN,2006-07-02,1.04,1.04,1.03,1.04,1.61,0.03,-1,14022,14476.5
MOIN,2006-06-29,1.03,1.03,1.01,1.01,3.97,0.04,-1,4750,4827.2
MOIN,2006-06-26,0.97,0.97,0.97,0.97,-1.59,-0.03,-1,3112,3030.56
MOIN,2006-06-22,1.01,1.01,1,1,-1.74,-0.01,-1,14400,14298.55
MOIN,2006-06-21,1.03,1.03,1.01,1.01,-2.91,-0.03,-1,10066,10170
MOIN,2006-06-19,1.06,1.06,1.03,1.04,0.59,0,-1,12647,13150.5
MOIN,2006-06-18,1.04,1.04,1.03,1.04,1.73,0.03,-1,4957,5122
MOIN,2006-06-15,1.03,1.03,1.01,1.01,-1.35,-0.02,-1,28550,29034.5
MOIN,2006-06-14,1.03,1.03,1.03,1.03,0.95,0.01,-1,5785,5952
MOIN,2006-06-13,1.02,1.02,1.01,1.02,-0.88,-0.01,-1,10980,11203
MOIN,2006-06-12,1.03,1.03,1.03,1.03,-0.06,0,-1,33004,34000
MOIN,2006-06-08,1.04,1.04,1.03,1.03,0.06,0,-1,24747,25509.55
MOIN,2006-06-06,1.03,1.03,1.03,1.03,-2.86,-0.03,-1,2470,2550
MOIN,2006-06-05,1.06,1.06,1.06,1.06,0,0,-1,11554,12250
MOIN,2006-05-21,1.06,1.06,1.06,1.06,2.22,0.02,-1,1659,1750
MOIN,2006-05-18,1.04,1.04,0.97,1.04,4.71,0.04,-1,17980,18663
MOIN,2006-05-15,1,1,1,1,-4.94,-0.05,-1,10828,10727.6
MOIN,2006-05-14,1.05,1.05,1.05,1.05,-0.29,0,-1,4957,5160
MOIN,2006-05-10,1.05,1.05,1.05,1.05,-1.93,-0.02,-1,39813,41607
MOIN,2006-05-09,1.08,1.08,1.05,1.07,3.41,0.04,-1,43319,46175.75
MOIN,2006-05-08,1.03,1.03,1.03,1.03,0.06,0,-1,8247,8505
MOIN,2006-05-04,1.03,1.03,1.03,1.03,-1.16,-0.02,-1,19133,19703
MOIN,2006-05-03,1.06,1.06,1.03,1.05,-1.43,0,-1,113903,118711
MOIN,2006-05-02,1.06,1.06,1.05,1.05,0.98,0,-1,4537,4797.5
MOIN,2006-04-30,1.05,1.05,1.04,1.05,4.6,0.04,-1,18568,19437.5
MOIN,2006-04-27,1.01,1.01,1.01,1.01,-0.18,0,-1,115244,115350
MOIN,2006-04-20,1.01,1.01,1.01,1.01,-0.9,0,-1,22269,22345
MOIN,2006-04-19,1.01,1.01,1.01,1.01,0,0,-1,35488,35905
MOIN,2006-04-18,1.01,1.01,1.01,1.01,-2.62,-0.03,-1,5220,5277.2
MOIN,2006-04-13,1.05,1.05,1.01,1.04,3.88,0.03,-1,17065,17733.5
MOIN,2006-04-09,1.01,1.01,1.01,1.01,0.06,0,-1,60638,60657.5
MOIN,2006-04-06,1.01,1.01,1.01,1.01,0.06,0,-1,407584,407550
MOIN,2006-04-05,1.01,1.01,1,1.01,0.24,0.01,-1,41248,41225
MOIN,2006-04-04,1.01,1.01,0.97,1,0.06,0,-1,33004,32897.5
MOIN,2006-04-03,1.01,1.01,1,1,3.14,0.03,-1,10315,10276.5
MOIN,2006-03-30,0.97,0.97,0.96,0.97,0.38,0,-1,4127,3985
MOIN,2006-03-23,1.01,1.01,0.95,0.97,-0.19,0,-1,26577,25569.4
MOIN,2006-03-22,0.97,0.97,0.97,0.97,-4.96,-0.04,-1,1659,1591
MOIN,2006-03-20,1.02,1.02,1.01,1.01,4.1,0.04,-1,29704,30134.1
MOIN,2006-03-19,0.99,0.99,0.95,0.97,2.55,0.02,-1,28790,28056.5
MOIN,2006-03-14,0.95,0.95,0.95,0.95,-4.97,-0.06,-1,11554,10976
MOIN,2006-03-13,1.01,1.01,1.01,1.01,0.49,0.01,-1,33004,33000
MOIN,2006-03-12,1.01,1.01,0.99,1,-0.55,-0.01,-1,14022,13960
MOIN,2006-03-09,1.01,1.01,1.01,1.01,1.6,0.02,-1,19808,19812
MOIN,2006-03-07,0.99,0.99,0.99,0.99,0.99,0.02,-1,16510,16250
MOIN,2006-03-06,0.97,0.97,0.97,0.97,-0.74,-0.01,-1,8827,8606.5
MOIN,2006-03-05,1.01,1.01,0.97,0.98,-4.65,-0.05,-1,19808,19451
MOIN,2006-03-02,1.03,1.03,1.03,1.03,0,0,-1,16510,16995.5
MOIN,2006-03-01,1.03,1.03,1.03,1.03,0.59,0,-1,4957,5100
MOIN,2006-02-26,1.03,1.03,1.02,1.03,-0.59,0,-1,47445,48582.5
MOIN,2006-02-23,1.03,1.03,1.03,1.03,1.92,0.02,-1,16510,17000
MOIN,2006-02-22,1.01,1.01,1.01,1.01,-4.58,-0.04,-1,48428,48955.35
MOIN,2006-02-21,1.05,1.05,1.05,1.05,4.92,0.04,-1,1659,1748
MOIN,2006-02-20,1.02,1.02,1.01,1.01,1.46,0.01,-1,22269,22497.5
MOIN,2006-02-19,1.03,1.03,0.99,1,-3.98,-0.04,-1,15827,15745.34
MOIN,2006-02-16,1.08,1.08,1.04,1.04,-1.67,-0.01,-1,17740,18381.25
MOIN,2006-02-14,1.08,1.08,1.03,1.05,2.29,0.02,-1,16510,17395
MOIN,2006-02-13,1.03,1.03,1.03,1.03,2.16,0.02,-1,6605,6800
MOIN,2006-02-12,1.01,1.01,1.01,1.01,0,0,-1,411,412.5
MOIN,2006-02-06,1.05,1.05,0.99,1.01,-2.75,-0.03,-1,90103,90856.6
MOIN,2006-02-05,1.04,1.04,1.04,1.04,-2.89,-0.03,-1,2068,2138.25
MOIN,2006-02-02,1.08,1.08,1.04,1.07,-1.12,-0.01,-1,23098,24670
MOIN,2006-02-01,1.11,1.11,1.03,1.08,1.83,0.02,-1,81943,88510.3
MOIN,2006-01-30,1.06,1.06,1.06,1.06,0.17,0.01,-1,34414,36505
MOIN,2006-01-29,1.09,1.09,1.03,1.05,-0.63,-0.02,-1,33004,34930.5
MOIN,2006-01-26,1.07,1.07,1.07,1.07,4.96,0.06,-1,1659,1758
MOIN,2006-01-25,1.01,1.01,1.01,1.01,-0.89,-0.02,-1,16510,16750
MOIN,2006-01-24,1.03,1.03,1.01,1.03,-0.65,0,-1,27414,28073.75
MOIN,2006-01-23,1.04,1.04,1.03,1.03,-2.24,-0.02,-1,28192,29055.2
MOIN,2006-01-22,1.05,1.05,1.05,1.05,1.4,0.01,-1,8247,8700
MOIN,2006-01-19,1.04,1.04,1.04,1.04,-0.23,-0.01,-1,4957,5148
MOIN,2006-01-18,1.09,1.09,1.04,1.05,-2.22,-0.02,-1,32788,34174.57
MOIN,2006-01-17,1.07,1.07,1.07,1.07,-4.97,-0.05,-1,36294,38698
MOIN,2006-01-15,1.13,1.13,1.12,1.12,2.66,0.02,-1,8580,9624.2
MOIN,2006-01-12,1.1,1.1,1.09,1.1,4.76,0.05,-1,16886,18443.52
MOIN,2006-01-08,1.05,1.05,1.04,1.05,0.47,0.01,-1,18979,19795.5
MOIN,2006-01-05,1.05,1.05,1.04,1.04,-0.7,-0.01,-1,57751,59942.6
MOIN,2006-01-04,1.05,1.05,1.05,1.05,0.58,0.01,-1,28047,29327
MOIN,2006-01-03,1.05,1.05,1.04,1.04,-4.19,-0.05,-1,75908,78878
MOIN,2006-01-02,1.09,1.09,1.09,1.09,4.86,0.05,-1,1659,1790
MOIN,2005-12-29,1.06,1.06,1.03,1.04,0.12,0,-1,28047,29026
MOIN,2005-12-28,1.05,1.05,1.03,1.04,-4,-0.04,-1,42479,43877.9
MOIN,2005-12-27,1.09,1.09,1.02,1.08,3.44,0.04,-1,8247,8878
MOIN,2005-12-26,1.05,1.05,1.04,1.04,-4.35,-0.05,-1,46205,48067
MOIN,2005-12-25,1.09,1.09,1.09,1.09,4.97,0.05,-1,11554,12562
MOIN,2005-12-22,1.04,1.04,1.04,1.04,-4.95,-0.05,-1,8247,8550
MOIN,2005-12-20,1.09,1.09,1.09,1.09,4.35,0.04,-1,4409,4804.23
MOIN,2005-12-19,1.05,1.05,1.05,1.05,4.99,0.05,-1,14022,14654
MOIN,2005-12-15,1.01,1.01,0.99,1,-3.92,-0.04,-1,9742,9687.5
MOIN,2005-12-13,1.09,1.09,1.06,1.08,-2.62,-0.02,-1,59408,64235
MOIN,2005-12-12,1.12,1.12,1.1,1.1,-0.22,-0.01,-1,74260,82445
MOIN,2005-12-11,1.11,1.11,1.1,1.11,4.91,0.05,-1,47854,53238
MOIN,2005-12-08,1.06,1.06,1.06,1.06,2.94,0.03,-1,17322,18375
MOIN,2005-12-07,1.03,1.03,1.03,1.03,2.91,0.02,-1,4957,5100
MOIN,2005-12-05,1.01,1.01,1.01,1.01,-0.72,0,-1,49513,49560
MOIN,2005-12-04,1.03,1.03,0.99,1.01,0.85,0,-1,61057,61565
MOIN,2005-12-01,1.01,1.01,1.01,1.01,-0.12,0,-1,9075,9076
MOIN,2005-11-30,1.01,1.01,1.01,1.01,-1.08,0,-1,7827,7847
MOIN,2005-11-28,1.03,1.03,1.01,1.01,-2.28,-0.03,-1,6196,6262.5
MOIN,2005-11-24,1.04,1.04,1.04,1.04,-4.79,-0.05,-1,26320,27260.65
MOIN,2005-11-23,1.12,1.12,1.07,1.09,-2.97,-0.03,-1,18152,19740
MOIN,2005-11-22,1.12,1.12,1.12,1.12,4.99,0.05,-1,218720,245205.5
MOIN,2005-11-21,1.07,1.07,1.06,1.07,4.88,0.05,-1,117159,125109
MOIN,2005-11-20,1.02,1.02,1.02,1.02,5,0.05,-1,44967,45780
MOIN,2005-11-17,0.97,0.97,0.97,0.97,-0.56,0,-1,35395,34321
MOIN,2005-11-16,1.03,1.03,0.97,0.97,-0.8,-0.01,-1,77413,75496.65
MOIN,2005-11-15,1.03,1.03,0.97,0.98,0.12,0,-1,18579,18265.8
MOIN,2005-11-14,1.01,1.01,0.97,0.98,-4.71,-0.05,-1,88282,86675
MOIN,2005-11-13,1.05,1.05,1.02,1.03,0.77,0,-1,235079,242230.35
MOIN,2005-11-10,1.03,1.03,1.02,1.03,4.98,0.06,-1,122962,125696.49
MOIN,2005-11-09,0.97,0.97,0.97,0.97,0.12,0,-1,131600,128194.4
MOIN,2005-11-08,0.97,0.97,0.97,0.97,-0.06,0,-1,97358,94685
MOIN,2005-11-07,1.01,1.01,0.97,0.97,-2.61,-0.04,-1,33004,32117.5
MOIN,2005-11-06,1.05,1.05,0.97,1.01,-0.66,0,-1,84155,84120.5
MOIN,2005-11-01,1.01,1.01,1.01,1.01,0,0,-1,8247,8300
MOIN,2005-10-30,1.01,1.01,1.01,1.01,0.67,0,-1,3298,3319.7
MOIN,2005-10-27,1.01,1.01,1.01,1.01,1.92,0.03,-1,18152,18139
MOIN,2005-10-26,0.98,0.98,0.98,0.98,5,0.04,-1,18979,18607
MOIN,2005-10-25,0.94,0.94,0.93,0.94,-2.28,-0.01,-1,34780,32484.52
MOIN,2005-10-24,1.01,1.01,0.94,0.95,-4.02,-0.05,-1,142992,136642.06
MOIN,2005-10-23,1,1,1,1,-4.97,-0.05,-1,82507,82150
MOIN,2005-10-20,1.07,1.07,1.04,1.05,-4.21,-0.05,-1,32267,33820.4
MOIN,2005-10-19,1.1,1.1,1.1,1.1,-5,-0.06,-1,17040,18645.65
MOIN,2005-10-18,1.16,1.16,1.16,1.16,-5.61,-0.06,-1,1659,1900
MOIN,2005-10-17,1.24,1.24,1.21,1.22,1.98,0.02,-1,198785,242460
MOIN,2005-10-16,1.21,1.21,1.16,1.2,3.57,0.04,-1,186497,223062.38
MOIN,2005-10-13,1.16,1.16,1.12,1.16,3.7,0.05,-1,123755,142969.25
MOIN,2005-10-12,1.14,1.14,1.1,1.11,0.11,0,-1,181386,202076.19
MOIN,2005-10-11,1.12,1.12,1.1,1.11,-0.33,-0.01,-1,39600,44064
MOIN,2005-10-10,1.13,1.13,1.1,1.12,2.33,0.03,-1,44557,49732
MOIN,2005-10-09,1.09,1.09,1.09,1.09,0.22,0,-1,68483,74700
MOIN,2005-10-05,1.09,1.09,1.09,1.09,-0.17,0,-1,8247,8980
MOIN,2005-10-04,1.09,1.09,1.09,1.09,0.17,0,-1,5444,5936.7
MOIN,2005-10-03,1.09,1.09,1.07,1.09,1.47,0.02,-1,20124,21909
MOIN,2005-09-29,1.07,1.07,1.07,1.07,0.45,0,-1,9895,10620
MOIN,2005-09-28,1.09,1.09,1.06,1.07,-2.11,-0.02,-1,90760,96925
MOIN,2005-09-27,1.09,1.09,1.09,1.09,0,0,-1,72601,79200
MOIN,2005-09-26,1.09,1.09,1.09,1.09,3.33,0.04,-1,34660,37800
MOIN,2005-09-25,1.09,1.09,1.05,1.05,2.05,0.01,-1,274744,290008.5
MOIN,2005-09-22,1.05,1.05,1.03,1.04,2.46,0.03,-1,107264,110946
MOIN,2005-09-21,1.03,1.03,1.01,1.01,-1.42,-0.02,-1,196076,197979.48
MOIN,2005-09-20,1.03,1.03,1.03,1.03,0.06,0,-1,49742,50948.5
MOIN,2005-09-19,1.03,1.03,1.01,1.03,0.72,0.02,-1,17083,17479
MOIN,2005-09-18,1.03,1.03,1.01,1.01,-1.64,-0.03,-1,17322,17607.5
MOIN,2005-09-15,1.05,1.05,1.03,1.04,3.46,0.03,-1,24747,25577.85
MOIN,2005-09-14,1.01,1.01,1,1.01,0.67,0.01,-1,6605,6594
MOIN,2005-09-13,1.01,1.01,0.99,1,0.74,0.01,-1,23098,22922
MOIN,2005-09-12,0.99,0.99,0.99,0.99,-0.18,0,-1,68142,67129.5
MOIN,2005-09-11,0.99,0.99,0.99,0.99,-1.33,-0.02,-1,51487,50801.2
MOIN,2005-09-08,1.01,1.01,1,1.01,-2.42,-0.02,-1,126857,126867.8
MOIN,2005-09-07,1.09,1.09,0.98,1.03,-1,-0.01,-1,205365,210442.26
MOIN,2005-09-06,1.08,1.08,1,1.04,-1.1,-0.01,-1,3640,3757.8
MOIN,2005-09-05,1.05,1.05,1.03,1.05,4.73,0.04,-1,12374,12950.5
MOIN,2005-09-04,1.01,1.01,1.01,1.01,4.37,0.05,-1,16510,16490
MOIN,2005-09-01,0.96,0.96,0.96,0.96,0,0,-1,9288,8895.4
MOIN,2005-08-31,0.96,0.96,0.96,0.96,4.98,0.05,-1,2470,2370
MOIN,2005-08-30,0.91,0.91,0.91,0.91,0,0,-1,126344,115237.57
MOIN,2005-08-25,0.91,0.91,0.91,0.91,0.07,0,-1,22158,20208.15
MOIN,2005-08-23,0.91,0.91,0.91,0.91,0.07,0,-1,3298,3009
MOIN,2005-08-22,0.91,0.91,0.91,0.91,-0.07,0,-1,21457,19540
MOIN,2005-08-21,0.94,0.94,0.89,0.91,0.27,0,-1,24747,22562
MOIN,2005-08-17,0.91,0.91,0.91,0.91,0.67,0.01,-1,2068,1875
MOIN,2005-08-16,0.91,0.91,0.9,0.9,-0.73,-0.01,-1,33004,29805
MOIN,2005-08-15,0.91,0.91,0.91,0.91,-0.13,0,-1,30532,27767.5
MOIN,2005-08-14,0.95,0.95,0.91,0.91,0,0,-1,20637,18787.5
MOIN,2005-08-11,0.91,0.91,0.91,0.91,-0.13,0,-1,10724,9767.5
MOIN,2005-08-10,0.91,0.91,0.91,0.91,0.33,0,-1,1659,1505
MOIN,2005-08-08,0.91,0.91,0.91,0.91,-0.46,0,-1,21620,19649.5
MOIN,2005-08-07,0.94,0.94,0.91,0.91,0.47,0,-1,19295,17635
MOIN,2005-08-04,0.91,0.91,0.91,0.91,-0.86,-0.01,-1,16510,15000
MOIN,2005-07-28,0.93,0.93,0.91,0.92,2.51,0.03,-1,6605,6053.75
MOIN,2005-07-25,0.9,0.9,0.89,0.89,-0.07,0,-1,22628,20240.8
MOIN,2005-07-24,0.89,0.89,0.89,0.89,0.07,0,-1,21107,18890.04
MOIN,2005-07-20,0.89,0.89,0.89,0.89,-0.14,0,-1,12374,11070
MOIN,2005-07-14,0.9,0.9,0.89,0.89,-3.02,-0.04,-1,24747,22175
MOIN,2005-07-07,0.93,0.93,0.93,0.93,0,0,-1,350,320.04
MOIN,2005-07-06,0.93,0.93,0.93,0.93,4.38,0.04,-1,16510,15240
MOIN,2005-07-04,0.89,0.89,0.89,0.89,-0.68,0,-1,10561,9345
MOIN,2005-06-30,0.91,0.91,0.88,0.89,0.07,0,-1,17519,15611.9
MOIN,2005-06-22,0.9,0.9,0.89,0.89,-0.74,-0.01,-1,18152,16158.22
MOIN,2005-06-21,0.9,0.9,0.9,0.9,0,0,-1,7870,7059.6
MOIN,2005-06-20,0.92,0.92,0.89,0.9,-0.34,0,-1,48648,43621.1
MOIN,2005-06-16,0.9,0.9,0.9,0.9,-1,-0.01,-1,1659,1485
MOIN,2005-06-13,0.91,0.91,0.91,0.91,0.4,0,-1,5785,5250
MOIN,2005-06-08,0.91,0.91,0.89,0.91,-0.4,0,-1,21816,19755.12
MOIN,2005-06-05,0.91,0.91,0.91,0.91,0.87,0.01,-1,55605,50535
MOIN,2005-06-02,0.9,0.9,0.9,0.9,-0.87,-0.01,-1,19860,17899.36
MOIN,2005-06-01,0.91,0.91,0.88,0.91,1.76,0.02,-1,3501150,3182429.5
MOIN,2005-05-30,0.91,0.91,0.87,0.89,-1.73,-0.02,-1,32344,28888
MOIN,2005-05-29,0.91,0.91,0.91,0.91,0,0,-1,18023,16380
MOIN,2005-05-26,0.91,0.91,0.91,0.91,-0.92,-0.01,-1,1837,1665
MOIN,2005-05-25,0.93,0.93,0.91,0.92,1.07,0.01,-1,7417,6812.5
MOIN,2005-05-24,0.91,0.91,0.9,0.91,-0.13,0,-1,19662,17862
MOIN,2005-05-23,0.91,0.91,0.91,0.91,0.54,0.01,-1,1659,1500
MOIN,2005-05-19,0.93,0.93,0.87,0.9,-1.06,-0.01,-1,33456,30245.65
MOIN,2005-05-18,0.92,0.92,0.89,0.91,0.8,0,-1,2495,2277.15
MOIN,2005-05-17,0.91,0.91,0.9,0.91,-3.79,-0.03,-1,20032,18167.2
MOIN,2005-05-16,0.96,0.96,0.94,0.94,-4.13,-0.04,-1,55282,52088
MOIN,2005-05-11,1.04,1.04,0.97,0.98,-0.18,-0.01,-1,23200,22798.91
MOIN,2005-05-10,0.99,0.99,0.99,0.99,0.49,0.02,-1,179685,176946.25
MOIN,2005-05-09,0.99,0.99,0.97,0.97,-4.88,-0.06,-1,103136,101071.5
MOIN,2005-05-08,1.03,1.03,1.03,1.03,1.13,0.01,-1,70124,72235
MOIN,2005-05-05,1.02,1.02,0.97,1.02,0,0,-1,762,740.6
MOIN,2005-04-27,1.02,1.02,1.02,1.02,5,0.05,-1,4127,4202.5
MOIN,2005-04-20,0.97,0.97,0.97,0.97,-3.26,-0.04,-1,41248,40025
MOIN,2005-04-19,1.01,1.01,1.01,1.01,-0.12,0,-1,17322,17380
MOIN,2005-04-18,1.03,1.03,1.01,1.01,0,0,-1,8,17
MOIN,2005-04-13,1.01,1.01,1.01,1.01,0.24,0,-1,20637,20714.25
MOIN,2005-04-12,1.01,1.01,1.01,1.01,-2.76,-0.02,-1,10315,10330.25
MOIN,2005-04-10,1.03,1.03,1.03,1.03,2.66,0.02,-1,2470,2550
MOIN,2005-04-07,1.01,1.01,1.01,1.01,0.61,0.01,-1,16510,16559
MOIN,2005-04-06,1,1,1,1,-1.73,-0.01,-1,3298,3292
MOIN,2005-04-05,1.01,1.01,1.01,1.01,0.72,0,-1,2068,2093.75
MOIN,2005-04-04,1.01,1.01,1.01,1.01,0.6,0,-1,19808,19950
MOIN,2005-03-31,1.01,1.01,0.99,1.01,-1.2,0,-1,67876,68004.07
MOIN,2005-03-30,1.03,1.03,1.01,1.01,-1.36,-0.02,-1,47025,47685
MOIN,2005-03-29,1.03,1.03,1.03,1.03,0.12,0,-1,3298,3391.25
MOIN,2005-03-28,1.03,1.03,1.01,1.03,2.67,0.02,-1,21858,22438.9
MOIN,2005-03-27,1.01,1.01,1.01,1.01,0.79,0.01,-1,2213,2211
MOIN,2005-03-24,1.04,1.04,0.99,1,0.74,0.01,-1,16510,16371.5
MOIN,2005-03-23,1.04,1.04,0.99,0.99,0,0,-1,990,1023.6
MOIN,2005-03-22,1.01,1.01,0.97,0.99,-1.81,-0.02,-1,24960,24572.12
MOIN,2005-03-21,1.01,1.01,1.01,1.01,-0.36,0,-1,30532,30618.73
MOIN,2005-03-20,1.05,1.05,1.01,1.01,-0.18,0,-1,5366,5399.25
MOIN,2005-03-17,1.01,1.01,1.01,1.01,-4.86,-0.04,-1,49291,49695.75
MOIN,2005-03-16,1.06,1.06,1.05,1.05,-4.89,-0.06,-1,54042,57279
MOIN,2005-03-15,1.12,1.12,1.11,1.11,2.68,0.02,-1,10690,11918.2
MOIN,2005-03-14,1.09,1.09,1.07,1.09,-3.4,-0.03,-1,6605,7163
MOIN,2005-03-10,1.13,1.13,1.12,1.12,4.57,0.04,-1,4957,5561
MOIN,2005-03-09,1.1,1.1,1.04,1.08,2.78,0.03,-1,158910,170755.8
MOIN,2005-03-08,1.06,1.06,1.03,1.05,0.82,0.01,-1,113057,118202.65
MOIN,2005-03-07,1.05,1.05,1.04,1.04,0.65,0.01,-1,33832,35070.46
MOIN,2005-03-06,1.05,1.05,1.02,1.03,-0.29,-0.01,-1,3752,3859.87
MOIN,2005-03-03,1.05,1.05,0.99,1.04,3.27,0.03,-1,66074,68277.22
MOIN,2005-03-02,1.02,1.02,1.01,1.01,2.55,0.04,-1,64964,64990.5
MOIN,2005-02-28,0.97,0.97,0.97,0.97,-2.54,-0.04,-1,8247,8050
MOIN,2005-02-27,1.01,1.01,1.01,1.01,3.25,0.04,-1,104254,104392.6
MOIN,2005-02-24,0.97,0.97,0.97,0.97,-1.48,-0.01,-1,4957,4800
MOIN,2005-02-23,0.99,0.99,0.97,0.98,1.44,0.01,-1,20117,19801.12
MOIN,2005-02-22,0.97,0.97,0.97,0.97,1.07,0.01,-1,22108,21450.1
MOIN,2005-02-21,0.97,0.97,0.94,0.96,-1.31,-0.01,-1,28047,26934.1
MOIN,2005-02-16,1,1,1,1,-0.06,0,-1,12374,12257.5
MOIN,2005-02-15,1,1,1,1,4.87,0.06,-1,24406,24181.65
MOIN,2005-02-14,0.95,0.95,0.94,0.94,-0.89,-0.01,-1,36172,34170.6
MOIN,2005-02-13,0.96,0.96,0.95,0.95,-0.63,-0.01,-1,1684,1604.9
MOIN,2005-02-09,1.01,1.01,0.96,0.96,-0.81,-0.01,-1,11554,11083.75
MOIN,2005-02-08,0.97,0.97,0.95,0.97,-0.37,0,-1,52084,50383.15
MOIN,2005-02-07,0.99,0.99,0.97,0.97,-2.85,-0.04,-1,113364,110045
MOIN,2005-02-06,1.01,1.01,0.98,1.01,0.06,0,-1,5785,5770
MOIN,2005-02-03,1.01,1.01,0.97,1.01,-1.61,0,-1,30532,30482.75
MOIN,2005-02-02,1.01,1.01,1.01,1.01,2.2,0.01,-1,2470,2512.5
MOIN,2005-02-01,1.01,1.01,0.95,1,3.67,0.04,-1,60638,60244
MOIN,2005-01-31,0.97,0.97,0.94,0.96,3,0.03,-1,51144,49003
MOIN,2005-01-30,0.94,0.94,0.91,0.93,3.86,0.04,-1,23774,22122.99
MOIN,2005-01-27,0.9,0.9,0.89,0.89,-0.47,-0.01,-1,26653,23864.6
MOIN,2005-01-26,0.92,0.92,0.88,0.9,3.13,0.02,-1,61245,55109.88
MOIN,2005-01-25,0.88,0.88,0.87,0.88,1.27,0.02,-1,24824,21668.95
MOIN,2005-01-24,0.88,0.88,0.85,0.86,-1.04,-0.01,-1,33832,29158.19
MOIN,2005-01-18,0.88,0.88,0.85,0.86,2.98,0.02,-1,68894,59151.26
MOIN,2005-01-17,0.84,0.84,0.84,0.84,1.55,0.02,-1,7136,5943.4
MOIN,2005-01-16,0.84,0.84,0.81,0.82,0.37,0.01,-1,173260,142235
MOIN,2005-01-13,0.81,0.81,0.81,0.81,-0.22,0,-1,65996,54000
MOIN,2005-01-12,0.82,0.82,0.81,0.81,0.89,0,-1,73612,60343.5
MOIN,2005-01-11,0.82,0.82,0.8,0.81,-0.67,0,-1,74859,60835.89
MOIN,2005-01-10,0.81,0.81,0.81,0.81,-0.37,-0.01,-1,18979,15525
MOIN,2005-01-09,0.84,0.84,0.81,0.82,0.07,0.01,-1,117475,96460.07
MOIN,2005-01-06,0.82,0.82,0.81,0.81,-3.29,-0.04,-1,90760,74491.5
MOIN,2005-01-04,0.85,0.85,0.81,0.85,0.07,0,-1,49093,41663.45
MOIN,2005-01-03,0.85,0.85,0.85,0.85,0,0,-1,24747,20986.7
MOIN,2004-12-30,0.81,0.81,0.81,0.81,-0.006,0,-1,24747,20185
MOIN,2004-12-29,0.81,0.81,0.81,0.81,-0.02,-0.03,-1,62706,51420
MOIN,2004-12-28,0.85,0.85,0.82,0.85,0.031,0.03,-1,64835,54101.81
MOIN,2004-12-26,0.83,0.83,0.81,0.81,-0.009,-0.01,-1,91530,75398.5
MOIN,2004-12-23,0.84,0.84,0.81,0.81,0.001,0,-1,60239,49689.5
MOIN,2004-12-21,0.81,0.81,0.81,0.81,-0.008,-0.01,-1,21279,17416
MOIN,2004-12-20,0.82,0.82,0.82,0.82,-0.006,0,-1,61179,50404.28
MOIN,2004-12-19,0.84,0.84,0.82,0.82,-0.01,-0.02,-1,59776,49331.25
MOIN,2004-12-16,0.85,0.85,0.82,0.82,0.004,0,-1,18134,15101.72
MOIN,2004-12-15,0.82,0.82,0.82,0.82,-0.018,-0.02,-1,1623,1356
MOIN,2004-12-13,0.85,0.85,0.84,0.84,0.001,0.01,-1,8247,6898.45
MOIN,2004-12-12,0.83,0.83,0.83,0.83,-0.24,-0.26,-1,2043,1711.25
MOIN,2004-12-08,0.94,0.94,0.92,0.92,-0.014,-0.01,-1,33549,36634.4
MOIN,2004-12-07,0.93,0.93,0.93,0.93,0.005,0,-1,58707,64039.54
MOIN,2004-12-06,0.93,0.93,0.89,0.93,0.035,0.04,-1,37155,40383.5
MOIN,2004-12-02,0.9,0.9,0.9,0.9,0.003,0,-1,34643,36745
MOIN,2004-12-01,0.9,0.9,0.88,0.88,-0.015,-0.02,-1,28047,29678
MOIN,2004-11-30,0.93,0.93,0.87,0.9,0.003,0,-1,37112,39226.6
MOIN,2004-11-29,0.9,0.9,0.89,0.89,-0.043,-0.05,-1,69286,73326.9
MOIN,2004-11-25,0.95,0.95,0.9,0.9,0.006,0.01,-1,260217,286640.35
MOIN,2004-11-24,0.89,0.89,0.89,0.89,0.05,0.04,-1,28047,29597
MOIN,2004-11-23,0.89,0.89,0.87,0.87,0.05,0.06,-1,58732,59050.95
MOIN,2004-11-22,0.89,0.89,0.89,0.89,0.016,0.02,-1,14903,14568.3
MOIN,2004-11-21,0.9,0.9,0.9,0.9,-0.001,0,-1,4280,4160
MOIN,2004-11-18,0.9,0.9,0.9,0.9,-0.013,-0.01,-1,25576,24815.5
MOIN,2004-11-17,0.9,0.9,0.89,0.9,-0.029,-0.03,-1,24747,24305
MOIN,2004-11-16,0.88,0.88,0.87,0.88,-0.007,0,-1,32609,32536.5
MOIN,2004-11-11,0.87,0.87,0.87,0.87,-0.027,-0.02,-1,10989,11005.5
MOIN,2004-11-10,0.87,0.87,0.87,0.87,-0.003,0,-1,1623,1695
MOIN,2004-11-08,0.87,0.87,0.87,0.87,0.047,0.05,-1,2454,2550
MOIN,2004-10-21,0.89,0.89,0.89,0.89,-0.019,-0.01,-1,2180,2145
MOIN,2004-10-20,0.87,0.87,0.87,0.87,-0.05,-0.05,-1,12083,12138.48
MOIN,2004-10-19,0.9,0.9,0.89,0.9,-0.057,-0.07,-1,1623,1743.4
MOIN,2004-10-18,0.97,0.97,0.97,0.97,-0.007,0,-1,8094,9123.02
MOIN,2004-10-17,0.97,0.97,0.97,0.97,0.001,0,-1,5615,6331
MOIN,2004-10-14,1,1,0.97,1,0.025,0.03,-1,25014,28175.9
MOIN,2004-10-13,0.97,0.97,0.97,0.97,-0.01,0,-1,12374,13905
MOIN,2004-10-12,0.97,0.97,0.97,0.97,0.005,0,-1,23833,26975.3
MOIN,2004-10-11,1,1,0.97,0.97,0,0,-1,574,664.3
MOIN,2004-10-10,0.97,0.97,0.97,0.97,-0.027,-0.03,-1,29404,33082.7
MOIN,2004-10-07,1,1,0.97,0.97,-0.024,-0.03,-1,1872,2146.8
MOIN,2004-10-05,1.01,1.01,0.94,1.01,0.037,0.04,-1,1727,1999.08
MOIN,2004-10-04,0.97,0.97,0.97,0.97,0,0,-1,41086,46120
MOIN,2004-10-03,0.97,0.97,0.97,0.97,-0.032,-0.03,-1,91060,102086
MOIN,2004-09-29,1.01,1.01,0.99,0.99,0,0,-1,9895,11465
MOIN,2004-09-28,0.99,0.99,0.98,0.98,-0.008,-0.02,-1,27226,31182
MOIN,2004-09-27,1,1,1,1,0.028,0.03,-1,19715,22705
MOIN,2004-09-26,0.97,0.97,0.97,0.97,0.011,0,-1,854,991.1
MOIN,2004-09-23,0.97,0.97,0.97,0.97,0,0,-1,81523,91421.8
MOIN,2004-09-22,0.97,0.97,0.97,0.97,-0.002,0,-1,26406,29600
MOIN,2004-09-21,0.97,0.97,0.97,0.97,0.002,0,-1,30542,34294
MOIN,2004-09-20,1,1,0.97,0.97,-0.007,0,-1,86259,96785.4
MOIN,2004-09-19,1,1,0.97,0.97,-0.028,-0.03,-1,34643,39120
MOIN,2004-09-16,1,1,1,1,-0.001,0,-1,31362,36142
MOIN,2004-09-12,1,1,1,1,-0.015,-0.01,-1,12374,14252.5
MOIN,2004-09-09,1.01,1.01,1.01,1.01,-0.043,-0.04,-1,23927,27950
MOIN,2004-09-08,1.08,1.08,1.05,1.05,0.006,0.01,-1,55623,67804
MOIN,2004-09-07,1.05,1.05,1.04,1.05,0.027,0.02,-1,42966,51568.25
MOIN,2004-09-06,1.04,1.04,1.01,1.04,0.037,0.04,-1,28577,33776.75
MOIN,2004-09-05,1.02,1.02,0.97,1,0.024,0.03,-1,163680,189115.16
MOIN,2004-09-02,1,1,0.97,0.97,0,0,-1,68200,76734
MOIN,2004-09-01,0.97,0.97,0.97,0.97,0,0,-1,59886,67155
MOIN,2004-08-30,0.97,0.97,0.96,0.97,0,0,-1,51964,58265
MOIN,2004-08-29,0.97,0.97,0.97,0.97,0,0,-1,1153,1295
MOIN,2004-08-26,0.97,0.97,0.97,0.97,0,0,-1,3597,4051.5
MOIN,2004-08-25,0.97,0.97,0.97,0.97,0,0,-1,5785,6475
MOIN,2004-08-24,0.97,0.97,0.97,0.97,0,0,-1,45384,50875
MOIN,2004-08-23,0.97,0.97,0.97,0.97,0,0,-1,59408,66600
MOIN,2004-08-22,0.97,0.97,0.97,0.97,0,0,-1,3282,3700
MOIN,2004-08-19,0.97,0.97,0.97,0.97,0,0,-1,19790,22200
MOIN,2004-08-17,0.97,0.97,0.97,0.97,0,0,-1,97008,108780
MOIN,2004-08-16,0.97,0.97,0.97,0.97,0,0,-1,47025,52725
MOIN,2004-08-12,0.97,0.97,0.97,0.97,0,0,-1,18073,20257.5
MOIN,2004-08-11,0.97,0.97,0.97,0.97,-0.001,0,-1,275574,308950
MOIN,2004-08-10,0.97,0.97,0.97,0.97,-0.003,0,-1,117236,131512.5
MOIN,2004-08-08,1,1,0.97,1,0.027,0.03,-1,9895,11130.87
MOIN,2004-08-05,0.97,0.97,0.97,0.97,0,0,-1,5102,5735
MOIN,2004-08-04,0.97,0.97,0.97,0.97,0,0,-1,3956,4440
MOIN,2004-08-03,0.97,0.97,0.97,0.97,0,0,-1,37942,42550
MOIN,2004-08-02,0.97,0.97,0.97,0.97,0,0,-1,634738,711639.5
MOIN,2004-08-01,0.97,0.97,0.97,0.97,0,0,-1,220626,247345
MOIN,2004-07-28,0.97,0.97,0.97,0.97,0,0,-1,68057,76312.5
MOIN,2004-07-27,0.97,0.97,0.97,0.97,0,0,-1,85797,96200
MOIN,2004-07-26,0.97,0.97,0.97,0.97,0,0,-1,17184,19258.5
MOIN,2004-07-25,0.97,0.97,0.97,0.97,0,0,-1,20954,23495
MOIN,2004-07-22,0.97,0.97,0.97,0.97,0,0,-1,45384,50875
MOIN,2004-07-21,0.97,0.97,0.97,0.97,0,0,-1,12374,13875
MOIN,2004-07-20,0.97,0.97,0.97,0.97,0,0,-1,86104,96533
MOIN,2004-07-19,0.97,0.97,0.97,0.97,0,0,-1,9895,11100
MOIN,2004-07-18,0.97,0.97,0.97,0.97,0,0,-1,59408,66600
MOIN,2004-07-15,0.97,0.97,0.97,0.97,0.57,0.01,-1,11554,12950
MOIN,2004-07-14,0.97,0.97,0.93,0.96,-0.57,-0.01,-1,8040,8991.37
MOIN,2004-07-13,0.97,0.97,0.97,0.97,0,0,-1,5785,6475
MOIN,2004-07-12,0.97,0.97,0.97,0.97,0,0,-1,16510,18500
MOIN,2004-07-11,0.97,0.97,0.97,0.97,0,0,-1,20082,22514.5
MOIN,2004-07-08,0.97,0.97,0.97,0.97,0,0,-1,26277,29452
MOIN,2004-07-07,0.97,0.97,0.97,0.97,0,0,-1,87036,97568.26
MOIN,2004-07-06,0.97,0.97,0.97,0.97,0,0,-1,46205,51800
MOIN,2004-07-05,0.97,0.97,0.97,0.97,0,0,-1,25807,28934
MOIN,2004-07-04,0.97,0.97,0.97,0.97,0,0,-1,3640,4070
MOIN,2004-06-29,0.97,0.97,0.97,0.97,0,0,-1,4957,5550
MOIN,2004-06-28,0.97,0.97,0.97,0.97,0,0,-1,1659,1850
MOIN,2004-06-27,0.97,0.97,0.97,0.97,0,0,-1,29704,33300
MOIN,2004-06-23,0.97,0.97,0.97,0.97,0,0,-1,1659,1850
MOIN,2004-06-21,0.97,0.97,0.95,0.97,0,0,-1,64024,71764
MOIN,2004-06-20,0.97,0.97,0.97,0.97,-0.14,0,-1,24030,26936
MOIN,2004-06-16,0.97,0.97,0.97,0.97,0.57,0.01,-1,93888,105319.2
MOIN,2004-06-15,0.97,0.97,0.95,0.96,-0.42,-0.01,-1,8247,9237
MOIN,2004-06-14,0.97,0.97,0.97,0.97,0,0,-1,1659,1850
MOIN,2004-06-13,0.97,0.97,0.97,0.97,0,0,-1,97905,109760.5
MOIN,2004-06-10,0.97,0.97,0.97,0.97,0,0,-1,80420,90143.77
MOIN,2004-06-09,0.97,0.97,0.97,0.97,0,0,-1,3298,3700
MOIN,2004-06-07,0.97,0.97,0.97,0.97,0,0,-1,16510,18500
MOIN,2004-06-06,0.97,0.97,0.97,0.97,4.74,0.03,-1,3298,3700
MOIN,2004-06-01,0.97,0.97,0.93,0.94,-4.53,-0.03,-1,14022,15457
MOIN,2004-05-31,0.97,0.97,0.97,0.97,0,0,-1,4957,5550
MOIN,2004-05-30,0.97,0.97,0.97,0.97,0,0,-1,8247,9250
MOIN,2004-05-27,0.97,0.97,0.97,0.97,0,0,-1,8247,9250
MOIN,2004-05-26,0.97,0.97,0.97,0.97,0,0,-1,4957,5550
MOIN,2004-05-25,0.97,0.97,0.97,0.97,0,0,-1,9400,10545
MOIN,2004-05-24,0.97,0.97,0.97,0.97,0,0,-1,8247,9250
MOIN,2004-05-23,0.97,0.97,0.97,0.97,0,0,-1,8247,9250
MOIN,2004-05-19,0.97,0.97,0.97,0.97,0,0,-1,20296,22755
MOIN,2004-05-17,0.97,0.97,0.97,0.97,0,0,-1,10262,11507
MOIN,2004-05-16,0.97,0.97,0.97,0.97,0,0,-1,9075,10175
MOIN,2004-05-13,0.97,0.97,0.97,0.97,0.14,0,-1,1888,2127.5
MOIN,2004-05-12,0.97,0.97,0.95,0.97,0.71,0.01,-1,35977,40318
MOIN,2004-05-11,0.97,0.97,0.95,0.96,-0.85,-0.01,-1,14766,16504.5
MOIN,2004-05-10,0.97,0.97,0.97,0.97,0,0,-1,46205,51810
MOIN,2004-05-09,0.97,0.97,0.97,0.97,1.44,0.02,-1,18979,21275
MOIN,2004-05-06,0.97,0.97,0.93,0.95,1.6,0,-1,35488,39569.7
MOIN,2004-05-05,0.95,0.95,0.95,0.95,-2.97,-0.02,-1,2888,3200.25
MOIN,2004-05-04,0.97,0.97,0.97,0.97,3.52,0.02,-1,14852,16650
MOIN,2004-05-03,0.97,0.97,0.94,0.95,-3.4,-0.02,-1,2282,2519.72
MOIN,2004-04-29,0.97,0.97,0.97,0.97,0,0,-1,1240,1389
MOIN,2004-04-28,0.97,0.97,0.97,0.97,0,0,-1,6605,7400
MOIN,2004-04-26,0.97,0.97,0.97,0.97,0,0,-1,4632,5198.5
MOIN,2004-04-21,0.97,0.97,0.97,0.97,0,0,-1,23347,26177.5
MOIN,2004-04-20,0.97,0.97,0.95,0.97,0,0,-1,20228,22680.43
MOIN,2004-04-19,0.97,0.97,0.97,0.97,0,0,-1,33164,37185
MOIN,2004-04-18,0.97,0.97,0.97,0.97,-1.26,0,-1,8247,9250
MOIN,2004-04-15,0.97,0.97,0.97,0.97,1.27,0,-1,48351,54460
MOIN,2004-04-14,0.97,0.97,0.97,0.97,0,0,-1,24747,27750
MOIN,2004-04-13,0.97,0.97,0.97,0.97,0,0,-1,948,1073.4
MOIN,2004-04-08,0.97,0.97,0.97,0.97,0,0,-1,11554,12950
MOIN,2004-04-07,0.97,0.97,0.97,0.97,0.43,0.01,-1,9895,11100
MOIN,2004-04-06,0.97,0.97,0.94,0.96,3.08,0.01,-1,18493,20690
MOIN,2004-04-01,0.95,0.95,0.95,0.95,-3.4,-0.02,-1,2034,2245.98
MOIN,2004-03-30,0.97,0.97,0.97,0.97,3.67,0.03,-1,214516,240500
MOIN,2004-03-15,0.94,0.94,0.94,0.94,-3.54,-0.03,-1,13195,14600
MOIN,2004-03-08,0.97,0.97,0.97,0.97,0,0,-1,4127,4625
MOIN,2004-02-29,0.97,0.97,0.96,0.97,-11.52,-0.05,-1,44300,49669.95
MOIN,2004-02-24,1.02,1.02,1.02,1.02,13.02,0.05,-1,6605,7768
MOIN,2004-02-23,1.02,1.02,0.97,0.97,0,0,-1,50,58.26
MOIN,2004-02-22,0.97,0.97,0.97,0.97,0,0,-1,828,932.5
MOIN,2004-02-18,0.97,0.97,0.97,0.97,0,0,-1,33004,37000
MOIN,2004-02-17,0.97,0.97,0.97,0.97,-6.48,-0.03,-1,16510,18500
MOIN,2004-02-16,1.02,1.02,0.97,1,6.93,0.03,-1,6359,7312.25
MOIN,2004-02-12,0.97,0.97,0.97,0.97,0,0,-1,3956,4440
MOIN,2004-02-10,0.97,0.97,0.97,0.97,0,0,-1,15203,17038.5
MOIN,2004-02-09,0.97,0.97,0.97,0.97,5.21,0.03,-1,1659,1850
MOIN,2004-02-08,0.94,0.94,0.93,0.94,2.44,0.01,-1,41248,45375
MOIN,2004-01-29,0.93,0.93,0.89,0.93,3.15,0.01,-1,66826,72863.5
MOIN,2004-01-27,0.93,0.93,0.87,0.92,1.76,0.01,-1,19356,20862.77
MOIN,2004-01-26,0.93,0.93,0.9,0.91,0.97,0,-1,1888,2033
MOIN,2004-01-21,0.91,0.91,0.91,0.91,15.49,0.05,-1,11554,12331
MOIN,2004-01-19,0.88,0.88,0.85,0.86,4.69,0.01,-1,22269,22670
MOIN,2004-01-18,0.87,0.87,0.87,0.87,5.14,0.02,-1,6196,6207.5
MOIN,2004-01-14,0.88,0.88,0.88,0.88,0.21,0,-1,1812,1793
MOIN,2004-01-13,0.88,0.88,0.88,0.88,-0.21,0,-1,15340,15151.5
MOIN,2004-01-12,0.88,0.88,0.88,0.88,6.57,0.02,-1,3640,3586
MOIN,2004-01-11,0.9,0.9,0.9,0.9,0,0,-1,13612,13200
MOIN,2004-01-08,0.9,0.9,0.9,0.9,9.86,0.03,-1,3640,3520
MOIN,2003-12-31,0.92,0.92,0.92,0.92,6.95,0.01,-1,26798,25319.5
MOIN,2003-12-29,0.93,0.93,0.78,0.78,6,0.01,-1,1659,1532.5
MOIN,2003-12-23,0.79,0.79,0.79,0.79,2.8,0.01,-1,1659,1510
MOIN,2003-12-22,0.8,0.8,0.8,0.8,7.54,0.02,-1,1659,1500
MOIN,2003-12-21,0.81,0.81,0.81,0.81,-18.44,-0.05,-1,23877,21348.79
MOIN,2003-12-17,0.93,0.93,0.93,0.93,8.83,0.02,-1,8247,7749
MOIN,2003-12-16,0.8,0.8,0.78,0.78,0,0,-1,1240,1125
MOIN,2003-12-11,0.81,0.81,0.78,0.78,18.37,0.03,-1,8948,8220.94
MOIN,2003-12-10,0.83,0.83,0.82,0.82,0.32,0,-1,2025,1780
MOIN,2003-12-09,0.83,0.83,0.82,0.82,0,0,-1,495,435.3
MOIN,2003-12-08,0.82,0.82,0.82,0.82,12.11,0.02,-1,2974,2624.4
MOIN,2003-12-07,0.85,0.85,0.85,0.85,-20.64,-0.04,-1,77720,67076.24
MOIN,2003-12-04,0.8,0.8,0.8,0.8,-18.07,-0.05,-1,10785,9775.41
MOIN,2003-12-03,0.91,0.91,0.91,0.91,-15.96,-0.06,-1,3298,3150
MOIN,2003-12-02,0.86,0.86,0.86,0.86,-14.48,-0.06,-1,9657,9693.45
