Symbol,Date Range,Open,High,Low,Closed,% Change,Change,Prev. Closed,Volume,Turnover
OLFI,2026-09-07,23.77,23.77,23.2,23.43,-0.21,-0.05,-1,630970,14817164
OLFI,2026-09-06,23.7,23.7,22.3,23.48,5.77,1.28,-1,1329407,30676104
OLFI,2026-09-03,22.59,22.59,22.11,22.2,-0.45,-0.1,-1,1507992,33665244
OLFI,2026-09-02,22.48,22.48,22.2,22.3,0.22,0.05,-1,634787,14165151
OLFI,2026-09-01,22.99,22.99,22.07,22.25,-1.85,-0.42,-1,2228691,49719880
OLFI,2026-08-31,23.99,23.99,22.53,22.67,-3.61,-0.85,-1,1587428,36537724
OLFI,2026-08-30,23.93,23.93,23.25,23.52,0.94,0.22,-1,201816,4739647
OLFI,2026-08-26,23.6,23.6,23.2,23.3,0.78,0.18,-1,285216,6679722.5
OLFI,2026-08-25,23.99,23.99,23.08,23.12,-1.58,-0.37,-1,395383,9249187
OLFI,2026-08-24,24.5,24.5,23.45,23.49,-3.09,-0.75,-1,622081,14813170
OLFI,2026-08-23,24.5,24.5,23.8,24.24,1.08,0.26,-1,184797,4458765
OLFI,2026-08-20,24.5,24.5,23.5,23.98,0.67,0.16,-1,239571,5740719
OLFI,2026-08-19,25,25,22.9,23.82,-2.89,-0.71,-1,796139,19436334
OLFI,2026-08-18,25.1,25.1,24.4,24.53,-1.88,-0.47,-1,566820,13950515
OLFI,2026-08-17,25.2,25.2,24.75,25,-0.79,-0.2,-1,836806,20908100
OLFI,2026-08-16,25.5,25.5,24.75,25.2,0.4,0.1,-1,780629,19607042
OLFI,2026-08-13,25.8,25.8,24,25.1,-2.71,-0.7,-1,21279099,512471625.77
OLFI,2026-08-12,26,26,23.81,25.8,8.4,2,-1,3483079,87450288
OLFI,2026-08-11,24.8,24.8,23.65,23.8,-3.02,-0.74,-1,1796922,43003072
OLFI,2026-08-10,25.15,25.15,24.42,24.54,-1.96,-0.49,-1,1283230,31753290
OLFI,2026-08-09,25.2,25.2,24.71,25.03,0.44,0.11,-1,632457,15783509
OLFI,2026-08-06,25.5,25.5,24.7,24.92,0.61,0.15,-1,1236589,30924676
OLFI,2026-08-05,25.58,25.58,24.37,24.77,1.1,0.27,-1,1245307,31054450
OLFI,2026-08-04,26.52,26.52,23.91,24.5,3.07,0.73,-1,5867389,149643376
OLFI,2026-08-03,23.99,23.99,23,23.77,2.63,0.61,-1,3380916,79955632
OLFI,2026-08-02,23.59,23.59,22.76,23.16,1.71,0.39,-1,943469,21764782
OLFI,2026-07-30,23.14,23.14,22.25,22.77,-1.3,-0.3,-1,520073,11821285
OLFI,2026-07-29,23.5,23.5,22.91,23.07,-1.03,-0.24,-1,624851,14413590
OLFI,2026-07-28,23.6,23.6,23.1,23.24,-1.02,-0.24,-1,366910,8548050
OLFI,2026-07-27,23.57,23.57,23.33,23.48,0.38,0.09,-1,983163,23067398
OLFI,2026-07-26,23.75,23.75,23.31,23.39,-0.17,-0.04,-1,1215725,28545956
OLFI,2026-07-22,23.95,23.95,22.81,23.43,2.99,0.68,-1,2700831,63342244
OLFI,2026-07-21,22.94,22.94,22.71,22.75,-0.22,-0.05,-1,1370399,31199650
OLFI,2026-07-20,22.98,22.98,22.71,22.8,0.26,0.06,-1,1282282,29345876
OLFI,2026-07-19,23,23,22.68,22.74,-1.13,-0.26,-1,571200,13040832
OLFI,2026-07-16,23.29,23.29,22.81,23,0.57,0.13,-1,2601459,59856648
OLFI,2026-07-15,23.17,23.17,22.58,22.87,0.35,0.08,-1,1220147,27904028
OLFI,2026-07-14,23,23,22.72,22.79,-0.87,-0.2,-1,569953,13020332
OLFI,2026-07-13,23.34,23.34,22.85,22.99,-0.04,-0.01,-1,2161037,49759204
OLFI,2026-07-12,23.1,23.1,22.65,23,0.44,0.1,-1,3574502,81923712
OLFI,2026-07-09,23.3,23.3,22.53,22.9,0.44,0.1,-1,1178408,26803292
OLFI,2026-07-08,23.48,23.48,22.41,22.8,-1.13,-0.26,-1,2375039,54585768
OLFI,2026-07-07,23.2,23.2,22.61,23.06,1.59,0.36,-1,3059168,70204536
OLFI,2026-07-06,22.85,22.85,22.45,22.7,0.44,0.1,-1,1954598,44276908
OLFI,2026-07-05,22.69,22.69,22.06,22.6,1.39,0.31,-1,620716,13864618
OLFI,2026-07-01,22.62,22.62,21.91,22.29,-0.54,-0.12,-1,1040171,23131916
OLFI,2026-06-30,22.46,22.46,22,22.41,2.09,0.46,-1,1173541,26060128
OLFI,2026-06-29,22.19,22.19,21,22,1.43,0.31,-1,907214,19701814
OLFI,2026-06-28,21.87,21.87,21.1,21.69,0.09,0.02,-1,483776,10374293
OLFI,2026-06-25,21.98,21.98,21.5,21.67,-0.69,-0.15,-1,801301,17378372
OLFI,2026-06-24,22.02,22.02,21.81,21.82,-0.91,-0.2,-1,444601,9740552
OLFI,2026-06-23,22.37,22.37,21.92,22.02,-0.77,-0.17,-1,590328,13044077
OLFI,2026-06-22,22.85,22.85,22,22.19,-1.38,-0.31,-1,1167250,26081188
OLFI,2026-06-21,22.5,22.5,22.06,22.5,1.95,0.43,-1,1452772,32375112
OLFI,2026-06-17,22.35,22.35,22,22.07,0.32,0.07,-1,1196214,26482302
OLFI,2026-06-16,22.46,22.46,21.85,22,-1.65,-0.37,-1,1012649,22284914
OLFI,2026-06-15,23.08,23.08,22.2,22.37,-1.19,-0.27,-1,2155321,48589728
OLFI,2026-06-14,22.77,22.77,22.24,22.64,2.44,0.54,-1,1677240,37714248
OLFI,2026-06-11,22.13,22.13,21.5,22.1,1.38,0.3,-1,2639319,57879856
OLFI,2026-06-10,22.01,22.01,21.5,21.8,0,0,-1,1614279,35270760
OLFI,2026-06-09,21.8,21.8,21.51,21.8,0.32,0.07,-1,636188,13770916
OLFI,2026-06-08,21.83,21.83,21.41,21.73,0.79,0.17,-1,675949,14632009
OLFI,2026-06-07,21.84,21.84,21.42,21.56,0.09,0.02,-1,458700,9894863
OLFI,2026-06-04,21.69,21.69,21.44,21.54,-0.09,-0.02,-1,436714,9391397
OLFI,2026-06-03,21.8,21.8,21.48,21.56,-0.6,-0.13,-1,318170,6866164
OLFI,2026-06-02,21.95,21.95,21.39,21.69,0.98,0.21,-1,705724,15239042
OLFI,2026-06-01,21.7,21.7,21.41,21.48,-0.19,-0.04,-1,477612,10266793
OLFI,2026-05-25,21.81,21.81,21.43,21.52,-1.01,-0.22,-1,523588,11278177
OLFI,2026-05-24,21.99,21.99,21.3,21.74,2.45,0.52,-1,792868,17138896
OLFI,2026-05-21,21.3,21.3,21,21.22,1,0.21,-1,313211,6611912
OLFI,2026-05-20,21.56,21.56,21.02,21.02,-1.55,-0.33,-1,542378,11478366
OLFI,2026-05-19,21.79,21.79,21.13,21.35,-0.79,-0.17,-1,728097,15621155
OLFI,2026-05-18,21.89,21.89,21.52,21.52,-1.42,-0.31,-1,467316,10138657
OLFI,2026-05-17,22.2,22.2,21.8,21.83,-1.44,-0.32,-1,775077,16996898
OLFI,2026-05-14,22.41,22.41,22,22.15,-0.23,-0.05,-1,1150492,25499602
OLFI,2026-05-13,22.8,22.8,22.2,22.2,-2.29,-0.52,-1,1080440,24275896
OLFI,2026-05-12,22.78,22.78,22.3,22.72,1.43,0.32,-1,1391991,31396376
OLFI,2026-05-11,22.74,22.74,22.1,22.4,-0.58,-0.13,-1,1160779,26080026
OLFI,2026-05-10,22.9,22.9,22.41,22.53,0.4,0.09,-1,3192388,72154120
OLFI,2026-05-06,22.44,22.44,21.8,22.44,3.03,0.66,-1,3056075,67761752
OLFI,2026-05-05,21.89,21.89,21.43,21.78,-0.41,-0.09,-1,1913838,41239944
OLFI,2026-05-04,22.2,22.2,21.81,21.87,-0.68,-0.15,-1,456248,10020234
OLFI,2026-05-03,22.33,22.33,21.9,22.02,-0.23,-0.05,-1,1038920,22926536
OLFI,2026-04-30,22.39,22.39,22,22.07,-1.21,-0.27,-1,484066,10698835
OLFI,2026-04-29,22.45,22.45,21.91,22.34,0.68,0.15,-1,625041,13895828
OLFI,2026-04-28,22.46,22.46,21.83,22.19,-0.05,-0.01,-1,1665747,36971328
OLFI,2026-04-27,22.98,22.98,22.13,22.2,-1.2,-0.27,-1,2563294,57940528
OLFI,2026-04-26,22.62,22.62,21.16,22.47,6.29,1.33,-1,3820462,84354616
OLFI,2026-04-23,21.24,21.24,21.09,21.14,0.05,0.01,-1,416669,8810227
OLFI,2026-04-22,21.24,21.24,21.03,21.13,0.09,0.02,-1,483725,10220089
OLFI,2026-04-21,21.29,21.29,21.08,21.11,-0.24,-0.05,-1,554490,11734005
OLFI,2026-04-20,21.65,21.65,21.05,21.16,-1.12,-0.24,-1,1024848,21863970
OLFI,2026-04-19,21.6,21.6,21.02,21.4,2,0.42,-1,1015425,21669640
OLFI,2026-04-16,21.2,21.2,20.9,20.98,0.48,0.1,-1,1522049,32007056
OLFI,2026-04-15,20.97,20.97,20.86,20.88,0.1,0.02,-1,362939,7591669
OLFI,2026-04-14,20.9,20.9,20.75,20.86,0.53,0.11,-1,402779,8396666
OLFI,2026-04-09,20.97,20.97,20.73,20.75,-0.24,-0.05,-1,567787,11805695
OLFI,2026-04-08,20.96,20.96,20.5,20.8,0.92,0.19,-1,444959,9241689
OLFI,2026-04-07,20.89,20.89,20.58,20.61,3,0.6,-1,314932,6523912.5
OLFI,2026-04-06,20.97,20.97,20.01,20.01,-0.62,-0.13,-1,2972303,60417956
OLFI,2026-04-05,20.99,20.99,20.8,20.83,0.1,0.02,-1,207115,4320451
OLFI,2026-04-02,21.11,21.11,20.81,20.81,-0.57,-0.12,-1,407522,8528663
OLFI,2026-04-01,21,21,20.76,20.93,0.58,0.12,-1,209580,4387513
OLFI,2026-03-31,21.15,21.15,20.65,20.81,-0.05,-0.01,-1,196814,4107840.75
OLFI,2026-03-30,21.14,21.14,20.65,20.82,-0.86,-0.18,-1,262229,5499806
OLFI,2026-03-29,21.29,21.29,20.98,21,-0.71,-0.15,-1,286209,6032023.5
OLFI,2026-03-26,21.38,21.38,20.99,21.15,0,0,-1,472354,9957221
OLFI,2026-03-25,21.5,21.5,21.08,21.15,-0.19,-0.04,-1,319289,6778601
OLFI,2026-03-24,21.42,21.42,20.81,21.19,-4.76,-1.06,-1,922160,19537130
OLFI,2026-03-18,22.49,22.49,21.73,22.25,1.83,0.4,-1,967527,21337172
OLFI,2026-03-17,21.88,21.88,21.48,21.85,2.06,0.44,-1,720433,15596852
OLFI,2026-03-16,21.68,21.68,21.4,21.41,-0.46,-0.1,-1,409575,8795801
OLFI,2026-03-15,21.72,21.72,21.44,21.51,0.51,0.11,-1,501674,10801459
OLFI,2026-03-12,21.55,21.55,21.33,21.4,0,0,-1,737715,15817787
OLFI,2026-03-11,21.82,21.82,21.3,21.4,-0.14,-0.03,-1,1514528,32566346
OLFI,2026-03-10,22.35,22.35,21.4,21.43,-1.56,-0.34,-1,1329701,28923454
OLFI,2026-03-09,22.2,22.2,21.1,21.77,1.21,0.26,-1,891162,19215516
OLFI,2026-03-08,22.5,22.5,21.43,21.51,-1.78,-0.39,-1,775175,16806212
OLFI,2026-03-05,22.2,22.2,21.59,21.9,1.48,0.32,-1,1197632,26168082
OLFI,2026-03-04,21.99,21.99,21.51,21.58,-0.37,-0.08,-1,298523,6457166.5
OLFI,2026-03-03,21.98,21.98,21.5,21.66,-0.05,-0.01,-1,196237,4246354
OLFI,2026-03-02,22.75,22.75,21.51,21.67,-0.46,-0.1,-1,349000,7658748.5
OLFI,2026-03-01,21.8,21.8,20.02,21.77,-0.46,-0.1,-1,338384,7176917.5
OLFI,2026-02-26,22,22,21.7,21.87,0.18,0.04,-1,198578,4340829
OLFI,2026-02-25,22.49,22.49,21.65,21.83,-2.41,-0.54,-1,412818,9079924
OLFI,2026-02-24,22.6,22.6,22.35,22.37,-0.89,-0.2,-1,203742,4573731.5
OLFI,2026-02-23,22.79,22.79,22.41,22.57,-0.09,-0.02,-1,179132,4045344
OLFI,2026-02-22,23,23,22.51,22.59,-0.7,-0.16,-1,254446,5782587.5
OLFI,2026-02-19,23.3,23.3,22.8,22.95,-1.12,-0.26,-1,386170,8889580
OLFI,2026-02-18,23.39,23.39,23,23.21,0.91,0.21,-1,710786,16498604
OLFI,2026-02-17,23,23,22.7,23,0.39,0.09,-1,330130,7553408.5
OLFI,2026-02-16,23.06,23.06,22.85,22.91,-0.22,-0.05,-1,403800,9264541
OLFI,2026-02-15,23.1,23.1,22.9,22.96,0.26,0.06,-1,349910,8047540.5
OLFI,2026-02-12,23.3,23.3,22.85,22.9,-0.52,-0.12,-1,950690,21877455.43
OLFI,2026-02-11,23.5,23.5,23.01,23.02,-0.56,-0.13,-1,556722,12952087
OLFI,2026-02-10,23.76,23.76,23.35,23.37,-0.55,-0.13,-1,581841,13636596
OLFI,2026-02-09,24.2,24.2,23.45,23.5,-1.26,-0.3,-1,1496592,35496668
OLFI,2026-02-08,23.85,23.85,23.45,23.8,1.49,0.35,-1,544377,12888608
OLFI,2026-02-05,23.6,23.6,23.3,23.45,-0.17,-0.04,-1,385226,9012091
OLFI,2026-02-04,23.9,23.9,23.4,23.49,-0.89,-0.21,-1,475262,11214722
OLFI,2026-02-03,23.94,23.94,23.45,23.7,0.85,0.2,-1,296864,7054864.5
OLFI,2026-02-02,23.99,23.99,23.15,23.5,-0.93,-0.22,-1,480386,11305618
OLFI,2026-02-01,23.79,23.79,23.1,23.72,2.85,0.66,-1,187279,4373748.5
OLFI,2026-01-28,24.25,24.25,23.05,23.13,-4.1,-0.99,-1,502465,11777769
OLFI,2026-01-27,24.89,24.89,24,24.12,-3.44,-0.86,-1,496938,12115835
OLFI,2026-01-26,25.89,25.89,24.53,24.98,-3.18,-0.82,-1,941527,23486778
OLFI,2026-01-25,26.1,26.1,25.63,25.8,0.7,0.18,-1,172203,4431278.5
OLFI,2026-01-22,26.4,26.4,25.62,25.62,-3.32,-0.88,-1,368522,9554353
OLFI,2026-01-21,26.5,26.5,25.63,26.5,0,0,-1,389190,10159487
OLFI,2026-01-20,26.5,26.5,25.58,26.5,0,0,-1,549386,14297704
OLFI,2026-01-19,26.5,26.5,25.21,26.5,3.96,1.01,-1,476392,12270365
OLFI,2026-01-18,25.5,25.5,24.64,25.49,3.45,0.85,-1,1022425,25692484
OLFI,2026-01-15,24.64,24.64,23.63,24.64,0.69,0.17,-1,350545,8520927
OLFI,2026-01-14,24.47,24.47,23,24.47,2.17,0.52,-1,348804,8286740
OLFI,2026-01-13,24.5,24.5,23.8,23.95,-0.62,-0.15,-1,141360,3389556
OLFI,2026-01-12,24.8,24.8,23.95,24.15,-1.19,-0.29,-1,210267,5134666.5
OLFI,2026-01-11,25,25,24.05,24.39,1.5,0.36,-1,304128,7446841
OLFI,2026-01-08,24.73,24.73,23.9,24.03,-1.92,-0.47,-1,329092,7969693
OLFI,2026-01-06,24.5,24.5,23.84,24.5,1.87,0.45,-1,359921,8697530
OLFI,2026-01-05,25.09,25.09,23.93,24.05,-3.76,-0.94,-1,265618,6448783.9
OLFI,2026-01-04,25.1,25.1,24.63,24.99,-0.92,-0.23,-1,110192,2738992
OLFI,2025-12-31,25,25,24.75,24.99,0,0,-1,114842,2862081.75
OLFI,2025-12-30,25.1,25.1,24.8,24.99,0.08,0.02,-1,82660,2064238.88
OLFI,2025-12-29,25,25,24.55,24.98,1.75,0.43,-1,161928,4024773.25
OLFI,2025-12-28,25.05,25.05,24.53,24.55,0.2,0.05,-1,147722,3653558.25
OLFI,2025-12-25,25.19,25.19,24.5,24.5,-1.29,-0.32,-1,157480,3920767.25
OLFI,2025-12-24,25,25,24.27,24.82,-0.69,-0.17,-1,127819,3159155.75
OLFI,2025-12-23,25.4,25.4,24.75,24.75,-0.68,-0.17,-1,410840,10317616
OLFI,2025-12-22,25.37,25.37,24.81,24.92,0.89,0.22,-1,647090,16200725
OLFI,2025-12-21,24.7,24.7,23.75,24.7,2.53,0.61,-1,213238,5193292.5
OLFI,2025-12-18,24.4,24.4,23.94,24.09,-0.66,-0.16,-1,102135,2459850.75
OLFI,2025-12-17,24.57,24.57,24,24.18,-0.08,-0.02,-1,191455,4621199.5
OLFI,2025-12-16,25.8,25.8,24.06,24.2,-1.31,-0.32,-1,1913694,47865760
OLFI,2025-12-15,24.52,24.52,23.53,24.52,3.16,0.75,-1,912908,22098532
OLFI,2025-12-14,23.93,23.93,23.55,23.77,-0.25,-0.06,-1,186598,4437815.5
OLFI,2025-12-11,23.8,23.8,23.39,23.76,0.72,0.17,-1,232634,5497828
OLFI,2025-12-10,23.7,23.7,23.02,23.6,-0.55,-0.13,-1,93015,2181835.25
OLFI,2025-12-09,23.8,23.8,23.52,23.73,-1.5,-0.36,-1,70098,1658428.38
OLFI,2025-12-08,23.99,23.99,23.1,23.97,-1.11,-0.27,-1,322960,7666129.5
OLFI,2025-12-07,24.24,24.24,23.49,24.24,3.19,0.75,-1,444000,10615618
OLFI,2025-12-04,23.5,23.5,23,23.49,-0.04,-0.01,-1,249462,5822761.5
OLFI,2025-12-03,23.5,23.5,22.7,23.5,3.12,0.71,-1,240227,5549225
OLFI,2025-12-02,23,23,22.5,22.79,0.97,0.22,-1,118205,2690440.5
OLFI,2025-12-01,22.9,22.9,22.3,22.66,1.75,0.39,-1,213873,4838536
OLFI,2025-11-30,22.42,22.42,22.01,22.27,1.73,0.38,-1,110497,2460835.75
OLFI,2025-11-27,22.4,22.4,22,22,-1.17,-0.26,-1,199011,4397034
OLFI,2025-11-26,22.64,22.64,22.11,22.26,0.04,0.01,-1,1264070,28135072
OLFI,2025-11-25,22.69,22.69,22.2,22.25,-0.84,-0.19,-1,112709,2513553.75
OLFI,2025-11-24,22.9,22.9,22.4,22.54,-1.14,-0.26,-1,175644,3960862.75
OLFI,2025-11-23,23,23,22.5,22.8,-0.75,-0.17,-1,93872,2134570.75
OLFI,2025-11-20,23.4,23.4,22.7,22.79,-2.9,-0.68,-1,170298,3902977.25
OLFI,2025-11-19,23.6,23.6,22.25,23.47,5.06,1.13,-1,310179,7065850
OLFI,2025-11-18,22.6,22.6,22.23,22.34,0.13,0.03,-1,117946,2643908
OLFI,2025-11-17,23.35,23.35,22.1,22.42,-4.31,-1.01,-1,1329029,29980820
OLFI,2025-11-16,23.8,23.8,23,23.43,-1.97,-0.47,-1,195316,4546499
OLFI,2025-11-13,24.39,24.39,23.51,23.82,-2.34,-0.57,-1,279218,6682306
OLFI,2025-11-12,24.39,24.39,23.75,24.39,1.37,0.33,-1,383554,9226584
OLFI,2025-11-11,24.33,24.33,23.82,24.06,1.01,0.24,-1,701996,16880918
OLFI,2025-11-10,24,24,22.6,23.82,2.41,0.56,-1,694351,16371437
OLFI,2025-11-09,23.89,23.89,23,23.26,-2.27,-0.54,-1,326182,7644443.5
OLFI,2025-11-06,23.8,23.8,22.9,23.8,4.16,0.95,-1,589863,13845535
OLFI,2025-11-05,23.87,23.87,22.6,22.85,-2.18,-0.51,-1,489632,11485435
OLFI,2025-11-04,23.42,23.42,22.45,23.36,3.87,0.87,-1,726230,16716865
OLFI,2025-11-03,22.6,22.6,21.95,22.49,1.72,0.38,-1,866407,19200818
OLFI,2025-11-02,22.44,22.44,21.9,22.11,-0.14,-0.03,-1,251762,5562078
OLFI,2025-10-30,22.52,22.52,22.05,22.05,-1.12,-0.25,-1,590107,13195334
OLFI,2025-10-29,22.43,22.43,21.81,22.3,1.04,0.23,-1,641271,14228687
OLFI,2025-10-28,22.39,22.39,22.03,22.07,-0.99,-0.22,-1,234721,5205172
OLFI,2025-10-27,22.49,22.49,22.2,22.29,-0.22,-0.05,-1,206012,4597255.5
OLFI,2025-10-26,22.5,22.5,22.24,22.34,0.36,0.08,-1,388223,8693296
OLFI,2025-10-23,22.39,22.39,22.2,22.26,-0.18,-0.04,-1,165409,3684787.25
OLFI,2025-10-22,22.38,22.38,22.16,22.3,-0.13,-0.03,-1,1020187,22740958
OLFI,2025-10-21,22.49,22.49,22.24,22.33,-0.27,-0.06,-1,96419,2152566.25
OLFI,2025-10-20,22.6,22.6,22.11,22.39,-0.93,-0.21,-1,388482,8710664
OLFI,2025-10-19,22.6,22.6,22.26,22.6,0.94,0.21,-1,291276,6519490
OLFI,2025-10-16,22.5,22.5,22.3,22.39,-0.04,-0.01,-1,217803,4873793
OLFI,2025-10-15,22.4,22.4,22,22.4,0.31,0.07,-1,503576,11167977
OLFI,2025-10-14,22.95,22.95,22.3,22.33,-1.85,-0.42,-1,235515,5295024.5
OLFI,2025-10-13,23.29,23.29,22.7,22.75,-1.04,-0.24,-1,936756,21352188
OLFI,2025-10-12,23.18,23.18,22.35,22.99,2.36,0.53,-1,539333,12337888
OLFI,2025-10-08,23.59,23.59,22.41,22.47,-0.84,-0.19,-1,946211,21752080
OLFI,2025-10-07,22.74,22.74,22.13,22.66,1.25,0.28,-1,372347,8400262
OLFI,2025-10-06,22.4,22.4,21.72,22.4,1.82,0.4,-1,511193,11306769
OLFI,2025-10-05,22.05,22.05,21.6,22,1.99,0.43,-1,427285,9355604
OLFI,2025-10-02,22.01,22.01,21.21,21.57,0.79,0.17,-1,530712,11471373
OLFI,2025-10-01,21.58,21.58,21.25,21.4,-0.42,-0.09,-1,137671,2952318.75
OLFI,2025-09-30,21.53,21.53,21.25,21.49,0.19,0.04,-1,211054,4515970.5
OLFI,2025-09-29,21.6,21.6,21,21.45,-0.69,-0.15,-1,387052,8278672.5
OLFI,2025-09-28,21.9,21.9,21.43,21.6,-0.96,-0.21,-1,156214,3373100.75
OLFI,2025-09-25,21.88,21.88,21.12,21.81,1.35,0.29,-1,545928,11759854
OLFI,2025-09-24,22.8,22.8,20.84,21.52,3.91,0.81,-1,1989590,43374360
OLFI,2025-09-23,21,21,20.12,20.71,3.65,0.73,-1,726989,15103909
OLFI,2025-09-22,20.16,20.16,19.64,19.98,1.99,0.39,-1,483373,9565594
OLFI,2025-09-21,19.92,19.92,19.55,19.59,-1.41,-0.28,-1,88360,1738401
OLFI,2025-09-18,19.9,19.9,19.5,19.87,0,0,-1,85678,1692447.75
OLFI,2025-09-17,19.96,19.96,19.6,19.88,-0.05,-0.01,-1,55613,1100610
OLFI,2025-09-16,20.49,20.49,19.35,19.82,-3.63,-0.74,-1,163482,3260802.75
OLFI,2025-09-15,20.65,20.65,20.16,20.4,-0.34,-0.07,-1,218699,4463277
OLFI,2025-09-14,20.88,20.88,20.44,20.47,0,0,-1,196089,4042836.75
OLFI,2025-09-11,20.89,20.89,20.01,20.47,2.4,0.48,-1,585346,12043542
OLFI,2025-09-10,20.14,20.14,19.83,19.99,0,0,-1,194165,3885373.75
OLFI,2025-09-09,20.28,20.28,19.65,19.99,2.09,0.41,-1,908322,18152114
OLFI,2025-09-08,19.89,19.89,19.05,19.58,1.56,0.3,-1,576355,11179654
OLFI,2025-09-07,19.64,19.64,19.08,19.28,-0.77,-0.15,-1,198186,3842293.5
OLFI,2025-09-03,20.05,20.05,19.3,19.43,-2.66,-0.53,-1,270835,5313591
OLFI,2025-09-02,20.12,20.12,19.94,19.96,0,0,-1,1068861,21377692
OLFI,2025-09-01,20.09,20.09,19.8,19.96,0.35,0.07,-1,107818,2148247
OLFI,2025-08-31,20.33,20.33,19.84,19.89,-0.55,-0.11,-1,147759,2961403.5
OLFI,2025-08-28,20.17,20.17,19.95,20,0.15,0.03,-1,582588,11654865
OLFI,2025-08-27,20.88,20.88,19.92,19.97,-3.67,-0.76,-1,893932,17965808
OLFI,2025-08-26,21.2,21.2,20.7,20.73,-1.85,-0.39,-1,717685,15017046
OLFI,2025-08-25,21.65,21.65,21,21.09,-1.03,-0.22,-1,230941,4886473.5
OLFI,2025-08-24,21.7,21.7,21.24,21.31,-0.7,-0.15,-1,189433,4058658.25
OLFI,2025-08-21,21.79,21.79,21.21,21.46,-0.28,-0.06,-1,1788834,38449852
OLFI,2025-08-20,21.9,21.9,21.51,21.52,-0.92,-0.2,-1,215203,4656145
OLFI,2025-08-19,21.98,21.98,21.66,21.71,-1.05,-0.23,-1,136610,2972347
OLFI,2025-08-18,22.33,22.33,21.85,21.94,0.46,0.1,-1,169635,3731826.25
OLFI,2025-08-17,21.92,21.92,21.45,21.84,1.39,0.3,-1,186104,4027675.75
OLFI,2025-08-14,21.69,21.69,21.5,21.54,-0.51,-0.11,-1,451964,9725024
OLFI,2025-08-13,21.75,21.75,21.55,21.65,-0.6,-0.13,-1,397410,8603690
OLFI,2025-08-12,22.18,22.18,21.5,21.78,-2.08,-0.46,-1,2506917,55219216
OLFI,2025-08-11,22.55,22.55,21.85,22.11,-1.29,-0.29,-1,385341,8512114
OLFI,2025-08-10,22.75,22.75,22.32,22.4,-1.23,-0.28,-1,152125,3415992.75
OLFI,2025-08-07,22.9,22.9,22.44,22.68,0.35,0.08,-1,625200,14161397
OLFI,2025-08-06,23,23,21.5,22.6,4.78,1.03,-1,2876310,64459520
OLFI,2025-08-05,21.66,21.66,21.06,21.57,2.47,0.52,-1,542810,11577872
OLFI,2025-08-04,21.4,21.4,21.02,21.05,-0.76,-0.16,-1,556951,11777351
OLFI,2025-08-03,21.4,21.4,20.93,21.19,-0.47,-0.1,-1,406629,8586554
OLFI,2025-07-31,21.4,21.4,20.7,21.29,1.09,0.23,-1,582211,12279549
OLFI,2025-07-30,22,22,21,21.06,0.29,0.06,-1,1068485,23132166
OLFI,2025-07-29,21.28,21.28,20.8,21,0.96,0.2,-1,668249,14064089
OLFI,2025-07-28,21.45,21.45,20.55,20.8,-2.26,-0.48,-1,456307,9621157
OLFI,2025-07-27,21.35,21.35,20.55,21.28,1.09,0.23,-1,454792,9592954
OLFI,2025-07-23,21.74,21.74,21,21.07,-2.72,-0.59,-1,327601,6941503
OLFI,2025-07-22,21.95,21.95,21.4,21.66,-1.01,-0.22,-1,880415,19057916
OLFI,2025-07-21,21.99,21.99,21.75,21.88,0.55,0.12,-1,515325,11280884
OLFI,2025-07-20,22.28,22.28,21.65,21.76,-0.46,-0.1,-1,412277,9032876
OLFI,2025-07-17,22.3,22.3,21.61,21.86,0.74,0.16,-1,461542,10127229
OLFI,2025-07-16,21.99,21.99,21.6,21.7,-0.41,-0.09,-1,184985,4017970.25
OLFI,2025-07-15,22.25,22.25,21,21.79,-0.5,-0.11,-1,410720,8992407
OLFI,2025-07-14,22.39,22.39,21.87,21.9,-0.68,-0.15,-1,328694,7244414.5
OLFI,2025-07-13,22.76,22.76,22,22.05,-2.26,-0.51,-1,194238,4320221.5
OLFI,2025-07-10,22.9,22.9,22.11,22.56,0.62,0.14,-1,480007,10830517
OLFI,2025-07-09,22.84,22.84,22.01,22.42,-0.36,-0.08,-1,795769,17866566
OLFI,2025-07-07,22.7,22.7,21.61,22.5,4.17,0.9,-1,1478736,32903602
OLFI,2025-07-06,22.29,22.29,21.5,21.6,-1.95,-0.43,-1,943217,20568538
OLFI,2025-07-02,22.73,22.73,22.03,22.03,-2.09,-0.47,-1,870720,19377032
OLFI,2025-07-01,23.3,23.3,22.5,22.5,-8.87,-2.19,-1,782916,17885638
OLFI,2025-06-30,24.8,24.8,21.86,24.69,10.12,2.27,-1,1090097,24666704
OLFI,2025-06-29,23.78,23.78,21.86,22.42,0.54,0.12,-1,2284075,52307844
OLFI,2025-06-25,22.3,22.3,21.41,22.3,1.59,0.35,-1,1279297,28035142
OLFI,2025-06-24,22.47,22.47,21.21,21.95,-0.32,-0.07,-1,1380090,29884172
OLFI,2025-06-23,23.19,23.19,19,22.02,11.49,2.27,-1,4176987,91345832
OLFI,2025-06-22,19.75,19.75,18.25,19.75,6.58,1.22,-1,388328,7497365.5
OLFI,2025-06-19,19.5,19.5,18.4,18.53,-2.98,-0.57,-1,278514,5248357.5
OLFI,2025-06-18,19.18,19.18,18.02,19.1,3.97,0.73,-1,1090619,20506064
OLFI,2025-06-17,18.57,18.57,18.3,18.4,-0.32,-0.06,-1,230938,4259649.5
OLFI,2025-06-16,18.85,18.85,18.1,18.55,2.88,0.52,-1,265068,4900960
OLFI,2025-06-15,18.25,18.25,17.51,18.03,-2.86,-0.53,-1,209704,3747436
OLFI,2025-06-12,18.8,18.8,18.5,18.56,-1.28,-0.24,-1,766079,14228359
OLFI,2025-06-11,19.01,19.01,18.6,18.8,0.21,0.04,-1,999076,18944804
OLFI,2025-06-10,18.78,18.78,18.3,18.76,0,0,-1,184961,3456484.5
OLFI,2025-06-04,18.76,18.76,18.12,18.76,3.7,0.67,-1,532589,9821772
OLFI,2025-06-03,18.7,18.7,18.05,18.09,-3.26,-0.61,-1,781550,14300759
OLFI,2025-06-02,18.7,18.7,18,18.7,1.91,0.35,-1,551274,10156603
OLFI,2025-06-01,18.69,18.69,18.22,18.35,-2.24,-0.42,-1,1630685,29871402
OLFI,2025-05-29,18.77,18.77,18,18.77,3.47,0.63,-1,448615,8204147
OLFI,2025-05-28,18.7,18.7,18.1,18.14,-2.68,-0.5,-1,167360,3076223
OLFI,2025-05-27,19,19,18.1,18.64,3.27,0.59,-1,366022,6819584
OLFI,2025-05-26,18.58,18.58,18,18.05,-0.99,-0.18,-1,230895,4203012
OLFI,2025-05-25,19,19,18.1,18.23,-2.21,-0.41,-1,295403,5426612.5
OLFI,2025-05-22,18.7,18.7,18.04,18.59,3.28,0.59,-1,3663354,67449560
OLFI,2025-05-21,18.1,18.1,17.9,18,0.28,0.05,-1,241362,4346255
OLFI,2025-05-20,18.09,18.09,17.9,17.97,-0.06,-0.01,-1,65154,1171708.5
OLFI,2025-05-19,18.05,18.05,17.75,18.01,0.28,0.05,-1,408059,7340558
OLFI,2025-05-18,18.2,18.2,17.88,17.99,-1.22,-0.22,-1,41729,752977.06
OLFI,2025-05-15,18.25,18.25,18,18.1,0.61,0.11,-1,598438,10790404
OLFI,2025-05-14,18.19,18.19,17.9,17.99,0.06,0.01,-1,85904,1548670.63
OLFI,2025-05-13,18.05,18.05,17.5,18,1.87,0.33,-1,612247,10986750
OLFI,2025-05-12,18,18,17.61,17.67,-0.95,-0.17,-1,53904,958171.38
OLFI,2025-05-11,18.07,18.07,17.81,17.93,0.67,0.12,-1,608395,10970832
OLFI,2025-05-08,18.04,18.04,17.7,17.81,0.28,0.05,-1,592516,10502567
OLFI,2025-05-07,18.4,18.4,17.84,17.88,-2.83,-0.52,-1,966193,17393904
OLFI,2025-05-06,18.79,18.79,18.4,18.4,-1.6,-0.3,-1,157516,2912188.25
OLFI,2025-05-05,18.99,18.99,18.21,18.7,-1.68,-0.32,-1,2155229,40073872
OLFI,2025-05-04,19.1,19.1,18.38,19.02,0.11,0.02,-1,526459,9941657
OLFI,2025-04-30,19.18,19.18,18.37,19,2.7,0.5,-1,987074,18677890
OLFI,2025-04-29,18.5,18.5,17.2,18.5,7.5,1.29,-1,1336255,24188072
OLFI,2025-04-28,17.24,17.24,17.05,17.21,0.7,0.12,-1,193299,3314785.25
OLFI,2025-04-27,17.14,17.14,16.81,17.09,0.76,0.13,-1,150770,2567134.75
OLFI,2025-04-23,17,17,16.75,17,0.65,0.11,-1,252916,4274768.5
OLFI,2025-04-22,16.92,16.92,16.7,16.89,0.6,0.1,-1,170282,2867348.25
OLFI,2025-04-17,16.8,16.8,16.51,16.79,0.84,0.14,-1,222842,3719379.75
OLFI,2025-04-16,16.74,16.74,16.55,16.65,-0.3,-0.05,-1,259714,4317043
OLFI,2025-04-15,16.82,16.82,16.5,16.7,0.6,0.1,-1,430574,7171570.5
OLFI,2025-04-14,16.95,16.95,16.5,16.6,-2.12,-0.36,-1,251808,4200458.5
OLFI,2025-04-13,16.97,16.97,16.57,16.96,2.79,0.46,-1,580781,9756167
OLFI,2025-04-10,16.97,16.97,16.1,16.5,3.71,0.59,-1,1119616,18362764
OLFI,2025-04-09,16.79,16.79,15.82,15.91,-5.01,-0.84,-1,293831,4818083.5
OLFI,2025-04-08,17.09,17.09,16.5,16.75,1.82,0.3,-1,358692,6022859
OLFI,2025-04-07,16.5,16.5,15.62,16.45,-0.67,-0.11,-1,656237,10466236
OLFI,2025-04-06,16.8,16.8,15.7,16.47,-3.12,-0.53,-1,602095,9773439
OLFI,2025-04-03,17.2,17.2,16.86,17,1.19,0.2,-1,114138,1943997.13
OLFI,2025-03-27,17.22,17.22,16.2,16.8,-1.81,-0.31,-1,352119,5957148.5
OLFI,2025-03-26,17.4,17.4,17.11,17.11,-1.5,-0.26,-1,149306,2564565
OLFI,2025-03-25,17.47,17.47,16.53,17.37,-7.46,-1.4,-1,834754,14347123
OLFI,2025-03-24,18.9,18.9,18.75,18.77,0.11,0.02,-1,418928,7887125
OLFI,2025-03-23,18.99,18.99,18.65,18.75,0.48,0.09,-1,260581,4900642
OLFI,2025-03-20,18.89,18.89,18.6,18.74,1.02,0.19,-1,160503,3013944.25
OLFI,2025-03-19,18.7,18.7,18.5,18.55,-0.05,-0.01,-1,187630,3481418
OLFI,2025-03-18,18.8,18.8,18.5,18.56,-0.64,-0.12,-1,152881,2842087.5
OLFI,2025-03-17,19.19,19.19,18.65,18.68,-0.85,-0.16,-1,177966,3350917
OLFI,2025-03-16,19.45,19.45,18.8,18.84,-1.81,-0.35,-1,422102,8069543
OLFI,2025-03-13,20,20,18.6,19.3,2.77,0.52,-1,920694,17663568
OLFI,2025-03-12,18.83,18.83,18.6,18.78,0.43,0.08,-1,196881,3685417.75
OLFI,2025-03-11,18.82,18.82,18.6,18.7,-0.32,-0.06,-1,114503,2140857.25
OLFI,2025-03-10,19.05,19.05,18.65,18.76,-0.74,-0.14,-1,392367,7421421
OLFI,2025-03-09,19.05,19.05,18.65,18.9,0.8,0.15,-1,152489,2886090.5
OLFI,2025-03-06,18.9,18.9,18.56,18.75,-0.27,-0.05,-1,260631,4894265.5
OLFI,2025-03-05,19.14,19.14,18.75,18.8,0,0,-1,821366,15521328
OLFI,2025-03-04,18.89,18.89,18.4,18.8,1.95,0.36,-1,290314,5400111.5
OLFI,2025-03-03,18.55,18.55,18.35,18.44,0.49,0.09,-1,83857,1546189.25
OLFI,2025-03-02,18.65,18.65,18.2,18.35,0.11,0.02,-1,91586,1689225.38
OLFI,2025-02-27,18.6,18.6,18.4,18.43,0.05,0.01,-1,127137,2351610.5
OLFI,2025-02-26,18.59,18.59,18.33,18.42,-0.32,-0.06,-1,113624,2100496
OLFI,2025-02-25,18.67,18.67,18.47,18.53,-0.8,-0.15,-1,144234,2673797.25
OLFI,2025-02-24,18.79,18.79,18.45,18.68,-0.21,-0.04,-1,232197,4316742.5
OLFI,2025-02-23,18.75,18.75,18.27,18.72,2.91,0.53,-1,590404,10925955
OLFI,2025-02-20,18.31,18.31,18.05,18.19,0.06,0.01,-1,136337,2484427.95
OLFI,2025-02-19,18.27,18.27,18.05,18.18,0.55,0.1,-1,154197,2803867
OLFI,2025-02-18,18.3,18.3,17.96,18.08,0.22,0.04,-1,177320,3212681.5
OLFI,2025-02-17,18.54,18.54,18,18.06,0.66,0.12,-1,404775,7424867
OLFI,2025-02-16,18.1,18.1,17.85,18.08,1.23,0.22,-1,202860,3653350
OLFI,2025-02-13,18.22,18.22,17.55,17.86,1.53,0.27,-1,338918,6086327.5
OLFI,2025-02-12,18,18,15.56,17.59,-2.17,-0.39,-1,409534,7121428
OLFI,2025-02-11,18.57,18.57,17.9,17.98,-1.96,-0.36,-1,251158,4555382
OLFI,2025-02-10,18.69,18.69,18.3,18.34,-0.65,-0.12,-1,126911,2341183
OLFI,2025-02-09,18.88,18.88,18.45,18.46,-0.27,-0.05,-1,279844,5219207
OLFI,2025-02-06,18.6,18.6,18.35,18.51,0.87,0.16,-1,117523,2168523.25
OLFI,2025-02-05,18.6,18.6,18.2,18.35,-1.34,-0.25,-1,338085,6206869
OLFI,2025-02-04,18.73,18.73,18.15,18.6,2.71,0.49,-1,232132,4300235.5
OLFI,2025-02-03,18.65,18.65,18.01,18.11,-2,-0.37,-1,258957,4743488
OLFI,2025-02-02,18.74,18.74,18.46,18.48,-0.86,-0.16,-1,246997,4587072.5
OLFI,2025-01-30,18.7,18.7,18.41,18.62,1.25,0.23,-1,170296,3169947.25
OLFI,2025-01-29,18.9,18.9,18.2,18.39,-0.86,-0.16,-1,438942,8129088
OLFI,2025-01-28,19,19,18.55,18.55,-1.01,-0.19,-1,545719,10211847.54
OLFI,2025-01-27,19.3,19.3,18.7,18.74,-0.32,-0.06,-1,462245,8772880
OLFI,2025-01-26,19.94,19.94,18.75,18.8,-4.08,-0.8,-1,1085095,21227392
OLFI,2025-01-23,19.95,19.95,19.26,19.6,1.4,0.27,-1,1147307,22517132
OLFI,2025-01-22,19.5,19.5,19.17,19.33,0.1,0.02,-1,792936,15332915
OLFI,2025-01-21,20,20,18.8,19.31,-4.26,-0.86,-1,902869,17729394
OLFI,2025-01-20,20.2,20.2,18.08,20.17,10.16,1.86,-1,441404,8356639
OLFI,2025-01-19,18.63,18.63,18.15,18.31,0.44,0.08,-1,216438,3980303
OLFI,2025-01-16,18.68,18.68,18.2,18.2,-0.05,-0.01,-1,136538,2500685.25
OLFI,2025-01-15,18.9,18.9,18,18.21,-1.84,-0.34,-1,173195,3176999.75
OLFI,2025-01-14,19,19,17.2,18.49,-2.01,-0.38,-1,204833,3762200.25
OLFI,2025-01-13,19.6,19.6,18.75,18.87,-2.6,-0.5,-1,811121,15608253
OLFI,2025-01-12,19.75,19.75,17.85,19.25,7.06,1.27,-1,1187351,22215406
OLFI,2025-01-09,18.19,18.19,17.85,17.98,-0.11,-0.02,-1,62243,1119915.75
OLFI,2025-01-08,18.4,18.4,17.91,18,-0.33,-0.06,-1,177741,3203651
OLFI,2025-01-06,18.6,18.6,18,18.06,-1.95,-0.36,-1,95833,1741785.38
OLFI,2025-01-05,18.8,18.8,18.4,18.42,-0.22,-0.04,-1,93036,1718657.5
OLFI,2025-01-02,18.85,18.85,18.2,18.46,1.76,0.32,-1,282089,5244705.5
OLFI,2024-12-31,18.6,18.6,17.55,18.18,2.89,0.51,-1,242620,4436855.5
OLFI,2024-12-30,18.1,18.1,17.5,17.67,-0.45,-0.08,-1,112178,1988621
OLFI,2024-12-29,17.86,17.86,17.31,17.69,2.29,0.4,-1,66287,1163965.25
OLFI,2024-12-26,17.75,17.75,17.2,17.45,-0.11,-0.02,-1,39830,695787.69
OLFI,2024-12-25,17.88,17.88,17.15,17.61,2.98,0.51,-1,88326,1547442.63
OLFI,2024-12-24,17.2,17.2,16.8,17.11,-0.35,-0.06,-1,37350,637164.06
OLFI,2024-12-23,17.77,17.77,17.11,17.21,-2.82,-0.5,-1,51973,901721.25
OLFI,2024-12-22,17.85,17.85,17.6,17.71,0.85,0.15,-1,68478,1212082.75
OLFI,2024-12-19,17.89,17.89,17,17.56,-1.13,-0.2,-1,108538,1917013.13
OLFI,2024-12-18,18,18,17.6,17.76,-0.34,-0.06,-1,48079,858090.25
OLFI,2024-12-17,18.35,18.35,17.86,17.9,-1.81,-0.33,-1,107021,1923919.5
OLFI,2024-12-16,18.48,18.48,17.9,18.23,0.16,0.03,-1,1409060,25839794
OLFI,2024-12-15,18.5,18.5,18.27,18.32,0.77,0.14,-1,29935,548532.56
OLFI,2024-12-12,18.5,18.5,18.22,18.25,-0.55,-0.1,-1,38809,711343.5
OLFI,2024-12-11,18.75,18.75,18.2,18.32,-0.22,-0.04,-1,28914,529657.81
OLFI,2024-12-10,18.7,18.7,18.25,18.31,-1.19,-0.22,-1,339616,6246470
OLFI,2024-12-09,18.9,18.9,18.42,18.53,-2.02,-0.38,-1,369399,6905028
OLFI,2024-12-08,18.99,18.99,18.7,18.8,-0.63,-0.12,-1,62475,1173668.13
OLFI,2024-12-05,19,19,18.7,18.92,-0.79,-0.15,-1,416692,7904644.5
OLFI,2024-12-04,19.01,19.01,18.55,18.9,1.94,0.36,-1,608348,11513505
OLFI,2024-12-03,19.07,19.07,18.15,18.54,1.59,0.29,-1,329807,6144009
OLFI,2024-12-02,18.77,18.77,18.2,18.25,-0.54,-0.1,-1,2063472,37870460
OLFI,2024-12-01,19,19,18.33,18.35,-1.86,-0.35,-1,115825,2147195.75
OLFI,2024-11-28,19,19,18.34,18.85,-0.74,-0.14,-1,71809,1342082
OLFI,2024-11-27,19.1,19.1,18.22,18.99,-0.11,-0.02,-1,294791,5495295
OLFI,2024-11-26,19.1,19.1,18.53,18.77,1.13,0.21,-1,434911,8151018
OLFI,2024-11-25,18.8,18.8,18.41,18.56,0.87,0.16,-1,251166,4677384
OLFI,2024-11-24,18.72,18.72,18.25,18.49,1.15,0.21,-1,238398,4405750
OLFI,2024-11-21,18.85,18.85,18.22,18.28,-1.88,-0.35,-1,233700,4330997.5
OLFI,2024-11-20,19.19,19.19,17.94,18.63,3.96,0.71,-1,685638,12659155
OLFI,2024-11-19,18,18,17.8,17.92,0.22,0.04,-1,128920,2309465.5
OLFI,2024-11-18,18.38,18.38,17.84,17.88,-1.7,-0.31,-1,127733,2307667
OLFI,2024-11-17,18.5,18.5,17.86,18.19,0.11,0.02,-1,202996,3690034.75
OLFI,2024-11-14,18.84,18.84,18.15,18.17,-2.05,-0.38,-1,370758,6794807.5
OLFI,2024-11-13,19.53,19.53,18.4,18.55,-3.74,-0.72,-1,361666,6826063
OLFI,2024-11-12,19.9,19.9,19.2,19.27,-1.58,-0.31,-1,67912,1315338.5
OLFI,2024-11-11,20,20,19.49,19.59,-1.21,-0.24,-1,107874,2125775.25
OLFI,2024-11-10,20.4,20.4,19.8,19.83,-1.83,-0.37,-1,319650,6421107.5
OLFI,2024-11-07,20.2,20.2,19.1,20.2,6.32,1.2,-1,815536,16153473
OLFI,2024-11-06,19.8,19.8,19,19,-3.36,-0.66,-1,2365673,45964604
OLFI,2024-11-05,19.95,19.95,19.5,19.66,-1.71,-0.34,-1,44020,864926.5
OLFI,2024-11-04,20.1,20.1,19.1,19.9,0.86,0.17,-1,600775,11848159
OLFI,2024-11-03,20.24,20.24,19.6,19.73,-3.16,-0.64,-1,191911,3817337
OLFI,2024-10-31,20.24,20.24,18.1,20.24,8.58,1.6,-1,378534,7383180
OLFI,2024-10-30,18.75,18.75,18.2,18.64,0.32,0.06,-1,132578,2457948.75
OLFI,2024-10-29,18.65,18.65,18.08,18.52,1.71,0.31,-1,137085,2531166.75
OLFI,2024-10-28,18.5,18.5,17.8,18.18,-1.41,-0.26,-1,475534,8633787
OLFI,2024-10-27,19.28,19.28,18.4,18.44,-2.69,-0.51,-1,215909,4067505
OLFI,2024-10-24,19.25,19.25,18.62,18.95,-0.32,-0.06,-1,231016,4375385.5
OLFI,2024-10-23,20.55,20.55,19,19.01,-5.19,-1.04,-1,883920,17334910
OLFI,2024-10-22,20.54,20.54,19,20.05,4.32,0.83,-1,966657,19271634
OLFI,2024-10-21,19.85,19.85,18.5,19.22,-3.22,-0.64,-1,645441,12271880
OLFI,2024-10-20,20.1,20.1,18.26,19.86,-0.75,-0.15,-1,2940623,57754500
OLFI,2024-10-17,21.8,21.8,18.8,20.01,9.52,1.74,-1,6458403,132075264
OLFI,2024-10-16,18.27,18.27,15.9,18.27,0,0,-1,459468,8308765.5
OLFI,2024-10-15,15.35,15.35,14.8,15.23,4.46,0.65,-1,818883,12420484
OLFI,2024-10-14,15.3,15.3,14.1,14.58,2.68,0.38,-1,1375318,20262486
OLFI,2024-10-13,14.7,14.7,14.01,14.2,-2.2,-0.32,-1,181266,2607253.5
OLFI,2024-10-10,15.1,15.1,14.4,14.52,-2.02,-0.3,-1,767350,11329384
OLFI,2024-10-09,15.2,15.2,14.31,14.82,3.71,0.53,-1,845624,12517052
OLFI,2024-10-08,15.47,15.47,13.96,14.29,-1.79,-0.26,-1,2013909,29718354
OLFI,2024-10-07,15.99,15.99,14.55,14.55,-4.9,-0.75,-1,2384012,36170972
OLFI,2024-10-03,15.3,15.3,13.65,15.3,11.27,1.55,-1,5566102,82127464
OLFI,2024-10-02,14.15,14.15,13.75,13.75,-3.51,-0.5,-1,819630,11393718
OLFI,2024-10-01,14.4,14.4,13.52,14.25,3.26,0.45,-1,2640185,37267820
OLFI,2024-09-30,14.17,14.17,13.12,13.8,1.4,0.19,-1,4052810,55684640
OLFI,2024-09-29,14.45,14.45,12.15,13.61,5.5,0.71,-1,8541291,114564144
OLFI,2024-09-26,12.98,12.98,11.22,12.9,18.24,1.99,-1,12136603,148724064
OLFI,2024-09-25,10.95,10.95,10.7,10.91,2.06,0.22,-1,692465,7499831.5
OLFI,2024-09-24,10.8,10.8,10.65,10.69,0.09,0.01,-1,356451,3818263.5
OLFI,2024-09-23,10.87,10.87,10.63,10.68,-0.47,-0.05,-1,563767,6036008
OLFI,2024-09-22,10.9,10.9,10.72,10.73,0,0,-1,484499,5231345
OLFI,2024-09-19,10.99,10.99,10.7,10.73,0.19,0.02,-1,944134,10246405
OLFI,2024-09-18,11.09,11.09,10.48,10.71,1.23,0.13,-1,2807096,30362040
OLFI,2024-09-17,10.72,10.72,10.41,10.58,0.19,0.02,-1,654669,6922230
OLFI,2024-09-16,10.98,10.98,10.4,10.56,-1.12,-0.12,-1,2263640,24326504
OLFI,2024-09-12,11,11,10.6,10.68,-1.11,-0.12,-1,1463760,15750627
OLFI,2024-09-11,10.99,10.99,10.41,10.8,-1.73,-0.19,-1,2644397,28421430
OLFI,2024-09-10,11.39,11.39,10.8,10.99,-1.61,-0.18,-1,874149,9663318
OLFI,2024-09-09,11.55,11.55,11.17,11.17,-2.45,-0.28,-1,3529441,40200004
OLFI,2024-09-08,11.82,11.82,11.18,11.45,0.88,0.1,-1,3687395,42564200
OLFI,2024-09-05,11.43,11.43,10.99,11.35,3.18,0.35,-1,2450495,27501422
OLFI,2024-09-04,11.09,11.09,10.3,11,4.76,0.5,-1,4013681,43161428
OLFI,2024-09-03,10.66,10.66,10.33,10.5,1.74,0.18,-1,1707335,17920724
OLFI,2024-09-02,10.54,10.54,10.26,10.32,0.98,0.1,-1,1551242,16098575
OLFI,2024-09-01,10.3,10.3,10.11,10.22,0.99,0.1,-1,712299,7263807.5
OLFI,2024-08-29,10.22,10.22,10,10.12,0.1,0.01,-1,1386581,13972270.07
OLFI,2024-08-28,10.4,10.4,10.08,10.11,-1.84,-0.19,-1,1079505,10982877
OLFI,2024-08-27,10.48,10.48,10.2,10.3,-0.96,-0.1,-1,475017,4899208.5
OLFI,2024-08-26,10.75,10.75,10.22,10.4,0,0,-1,1390676,14601187
OLFI,2024-08-25,10.64,10.64,10.15,10.4,3.38,0.34,-1,1877228,19605484
OLFI,2024-08-22,10.3,10.3,10.04,10.06,0.5,0.05,-1,716945,7327531.5
OLFI,2024-08-21,10.4,10.4,10,10.01,-0.79,-0.08,-1,1327398,13541674
OLFI,2024-08-20,10.25,10.25,10.05,10.09,-0.2,-0.02,-1,636732,6442074.5
OLFI,2024-08-19,10.35,10.35,10.08,10.11,0.4,0.04,-1,865467,8826635
OLFI,2024-08-18,10.23,10.23,10.05,10.07,-0.3,-0.03,-1,685988,6945648
OLFI,2024-08-15,10.55,10.55,10.09,10.1,-2.23,-0.23,-1,1219353,12507140
OLFI,2024-08-14,11,11,10,10.33,2.58,0.26,-1,4336265,45588508
OLFI,2024-08-13,10.15,10.15,9.92,10.07,0.6,0.06,-1,489445,4899967
OLFI,2024-08-12,10.39,10.39,9.99,10.01,-2.34,-0.24,-1,1287624,13109145
OLFI,2024-08-11,10.37,10.37,10.21,10.25,1.69,0.17,-1,199096,2048934.25
OLFI,2024-08-08,10.25,10.25,10.02,10.08,-1.08,-0.11,-1,199706,2021219.25
OLFI,2024-08-07,10.3,10.3,10.1,10.19,0.3,0.03,-1,634730,6467965
OLFI,2024-08-06,10.35,10.35,9.5,10.16,2.52,0.25,-1,916620,9332388
OLFI,2024-08-05,10.05,10.05,9.26,9.91,-1.78,-0.18,-1,555855,5444104.5
OLFI,2024-08-04,10.4,10.4,9.8,10.09,-3.44,-0.36,-1,329543,3331162.5
OLFI,2024-08-01,10.65,10.65,10.4,10.47,-0.29,-0.03,-1,723614,7633772.5
OLFI,2024-07-31,10.69,10.69,10.45,10.5,0.48,0.05,-1,367807,3868431.5
OLFI,2024-07-30,10.7,10.7,10.15,10.45,2.45,0.25,-1,901650,9438496
OLFI,2024-07-29,10.4,10.4,10.2,10.2,-0.49,-0.05,-1,276551,2838227
OLFI,2024-07-28,10.5,10.5,10.22,10.25,-0.68,-0.07,-1,346999,3598464
OLFI,2024-07-24,10.65,10.65,10.3,10.32,-0.77,-0.08,-1,529501,5530289
OLFI,2024-07-23,10.72,10.72,10.35,10.4,1.36,0.14,-1,710270,7473898
OLFI,2024-07-22,10.67,10.67,10.05,10.26,1.68,0.17,-1,1988260,20783434
OLFI,2024-07-21,10.12,10.12,9.75,10.09,0.4,0.04,-1,1329432,13255478
OLFI,2024-07-18,10.1,10.1,9.5,10.05,5.35,0.51,-1,975901,9473394
OLFI,2024-07-17,9.57,9.57,9.35,9.54,2.58,0.24,-1,319857,3021244.75
OLFI,2024-07-16,9.5,9.5,9.18,9.31,2.29,0.21,-1,356271,3305415.75
OLFI,2024-07-15,9.3,9.3,9.15,9.18,-0.22,-0.02,-1,393403,3618959.5
OLFI,2024-07-14,9.4,9.4,9.2,9.22,-1.6,-0.15,-1,243692,2271418
OLFI,2024-07-10,9.54,9.54,9.35,9.37,-0.95,-0.09,-1,226963,2136652.25
OLFI,2024-07-09,9.7,9.7,9.39,9.46,-0.63,-0.06,-1,388283,3670975.25
OLFI,2024-07-08,9.85,9.85,9.45,9.5,-2.65,-0.26,-1,578397,5575842.5
OLFI,2024-07-07,9.9,9.9,9.66,9.8,1.03,0.1,-1,343417,3368118
OLFI,2024-07-04,10,10,9.65,9.7,-1.82,-0.18,-1,454840,4441401.5
OLFI,2024-07-03,9.94,9.94,9.8,9.88,0.41,0.04,-1,414900,4099900
OLFI,2024-07-02,10.25,10.25,9.6,9.84,-1.8,-0.18,-1,815522,8145687.5
OLFI,2024-07-01,10.13,10.13,9.61,10.02,2.35,0.23,-1,1017250,10115936
OLFI,2024-06-27,9.94,9.94,9.64,9.79,1.87,0.18,-1,1125378,11047454
OLFI,2024-06-26,9.68,9.68,9.26,9.61,3.78,0.35,-1,2113369,20094770
OLFI,2024-06-25,9.29,9.29,9,9.26,2.89,0.26,-1,917512,8411553
OLFI,2024-06-24,9.3,9.3,8.96,9,-2.17,-0.2,-1,943815,8566105
OLFI,2024-06-23,9.4,9.4,9.16,9.2,-0.65,-0.06,-1,704819,6529920.5
OLFI,2024-06-13,9.27,9.27,8.95,9.25,3.01,0.27,-1,965124,8843347
OLFI,2024-06-12,9.4,9.4,8.95,8.98,-1.97,-0.18,-1,1601778,14713544
OLFI,2024-06-11,9.4,9.4,8.8,9.16,4.09,0.36,-1,2629409,23977996
OLFI,2024-06-10,8.96,8.96,8.41,8.8,4.27,0.36,-1,1171676,10189720
OLFI,2024-06-09,8.5,8.5,8.35,8.44,-0.24,-0.02,-1,791354,6655610.5
OLFI,2024-06-06,8.57,8.57,8.44,8.46,0.36,0.03,-1,515869,4381363.5
OLFI,2024-06-05,8.71,8.71,8.35,8.43,-2.66,-0.23,-1,1681684,14349864
OLFI,2024-06-04,8.74,8.74,8.62,8.66,0.23,0.02,-1,620196,5378876.5
OLFI,2024-06-03,8.76,8.76,8.6,8.64,0,0,-1,507662,4396670.5
OLFI,2024-06-02,8.8,8.8,8.6,8.64,0.47,0.04,-1,579938,5037359
OLFI,2024-05-30,8.9,8.9,8.5,8.6,-2.05,-0.18,-1,996284,8648612
OLFI,2024-05-29,9.12,9.12,8.75,8.78,-1.13,-0.1,-1,1144320,10207330
OLFI,2024-05-28,9.12,9.12,8.21,8.88,-2.63,-0.24,-1,1011846,8929995
OLFI,2024-05-27,9.2,9.2,8.75,9.12,4.35,0.38,-1,2617523,23454112
OLFI,2024-05-26,8.9,8.9,8.59,8.74,2.34,0.2,-1,1756699,15400164
OLFI,2024-05-23,8.66,8.66,8.5,8.54,-0.47,-0.04,-1,1291908,11074447
OLFI,2024-05-22,8.85,8.85,8.27,8.58,-2.5,-0.22,-1,2656096,22729648
OLFI,2024-05-21,9.1,9.1,8.7,8.8,0.34,0.03,-1,3217276,28587520
OLFI,2024-05-20,9,9,8.61,8.77,1.27,0.11,-1,3447085,30434212
OLFI,2024-05-19,8.8,8.8,8.2,8.66,0.81,0.07,-1,2439117,20865544
OLFI,2024-05-16,8.63,8.63,8.4,8.59,1.06,0.09,-1,657242,5625534.5
OLFI,2024-05-15,8.89,8.89,8.4,8.5,-0.58,-0.05,-1,1466619,12627245
OLFI,2024-05-14,8.65,8.65,8.02,8.55,4.27,0.35,-1,3533332,29447500
OLFI,2024-05-13,8.98,8.98,7.9,8.2,-7.66,-0.68,-1,2254302,18480724
OLFI,2024-05-12,9.2,9.2,8.75,8.88,-3.48,-0.32,-1,1030689,9249520
OLFI,2024-05-09,9.3,9.3,8.9,9.2,-0.76,-0.07,-1,900959,8212138.5
OLFI,2024-05-08,9.69,9.69,9.11,9.27,-3.54,-0.34,-1,1297516,12108021
OLFI,2024-05-07,9.9,9.9,8.55,9.61,-10.02,-1.07,-1,2045376,19808380
OLFI,2024-05-02,10.68,10.68,10.2,10.68,3.99,0.41,-1,2573840,26919646
OLFI,2024-05-01,10.44,10.44,10,10.27,-3.48,-0.37,-1,1533796,15634330
OLFI,2024-04-30,10.7,10.7,9.9,10.64,1.33,0.14,-1,1595919,16451643
OLFI,2024-04-29,10.66,10.66,10.36,10.5,0.86,0.09,-1,1047139,10991258
OLFI,2024-04-28,10.98,10.98,10.4,10.41,-1.42,-0.15,-1,411174,4337446
OLFI,2024-04-24,11.05,11.05,10.32,10.56,-4.17,-0.46,-1,2259125,23799590
OLFI,2024-04-23,11.44,11.44,11,11.02,-2.82,-0.32,-1,1417356,15861865
OLFI,2024-04-22,11.65,11.65,11.3,11.34,0,0,-1,420167,4794928
OLFI,2024-04-21,11.7,11.7,11.13,11.34,0.27,0.03,-1,670743,7661914
OLFI,2024-04-18,11.75,11.75,9.65,11.31,-2.25,-0.26,-1,1299740,14683580
OLFI,2024-04-17,11.85,11.85,11.51,11.57,1.31,0.15,-1,2354800,27585256
OLFI,2024-04-16,11.69,11.69,11.35,11.42,0.09,0.01,-1,999116,11457896
OLFI,2024-04-15,11.48,11.48,11.24,11.41,-0.09,-0.01,-1,800080,9130173
OLFI,2024-04-08,11.49,11.49,11.13,11.42,2.42,0.27,-1,572076,6418059
OLFI,2024-04-07,11.48,11.48,11.12,11.15,-0.89,-0.1,-1,727186,8208615.5
OLFI,2024-04-04,11.49,11.49,11.2,11.25,0.09,0.01,-1,1719714,19337950
OLFI,2024-04-03,11.63,11.63,11.1,11.24,-2.26,-0.26,-1,1560331,17556732
OLFI,2024-04-02,12.1,12.1,11.26,11.5,0,0,-1,858420,9947906
OLFI,2024-04-01,11.98,11.98,11.43,11.5,0.88,0.1,-1,5192762,60234124
OLFI,2024-03-31,12.9,12.9,10.52,11.4,-10.17,-1.29,-1,1796036,21535000
OLFI,2024-03-28,13.2,13.2,12.5,12.69,-4.59,-0.61,-1,1328007,16926422
OLFI,2024-03-27,13.6,13.6,12.9,13.3,-1.34,-0.18,-1,517957,6898437.5
OLFI,2024-03-26,13.6,13.6,13,13.48,3.77,0.49,-1,759853,10179691
OLFI,2024-03-25,13.05,13.05,12.43,12.99,3.92,0.49,-1,1929440,24701652
OLFI,2024-03-24,12.59,12.59,12.36,12.5,0,0,-1,191331,2391192
OLFI,2024-03-21,12.64,12.64,12,12.5,-0.48,-0.06,-1,851453,10530914
OLFI,2024-03-20,12.85,12.85,12.04,12.56,1.54,0.19,-1,306981,3869326.5
OLFI,2024-03-19,12.4,12.4,11.75,12.32,0.57,0.07,-1,2541969,30506568
OLFI,2024-03-18,12.7,12.7,11.76,12.25,-1.98,-0.25,-1,516028,6254868.5
OLFI,2024-03-17,13.3,13.3,12.57,12.63,-3.22,-0.42,-1,262334,3355795
OLFI,2024-03-14,13.43,13.43,12.01,13.05,0,0,-1,595104,7677264
OLFI,2024-03-13,14.2,14.2,12.13,13.05,-2.9,-0.39,-1,920067,12213788
OLFI,2024-03-12,14.99,14.99,13.1,13.44,0.07,0.01,-1,3172759,44934384
OLFI,2024-03-11,13.9,13.9,13.15,13.43,2.29,0.3,-1,210598,2843825.5
OLFI,2024-03-10,13.44,13.44,13.09,13.1,0.08,0.01,-1,205252,2709004
OLFI,2024-03-07,13.89,13.89,12.7,13.09,-5.76,-0.8,-1,422212,5578125
OLFI,2024-03-06,14.1,14.1,13.53,13.89,-1.43,-0.2,-1,514097,7095594
OLFI,2024-03-05,14.24,14.24,13.95,14,1.01,0.14,-1,995709,13987114
OLFI,2024-03-04,13.95,13.95,13.62,13.87,1.02,0.14,-1,223818,3099050.75
OLFI,2024-03-03,13.9,13.9,13.51,13.72,-0.72,-0.1,-1,309667,4265151.5
OLFI,2024-02-29,14.09,14.09,13.38,13.82,2.67,0.36,-1,1027248,14170526
OLFI,2024-02-28,14.3,14.3,13.35,13.46,-2.68,-0.37,-1,346505,4726442.5
OLFI,2024-02-27,14.85,14.85,13.71,13.83,-4.22,-0.61,-1,996483,14483253
OLFI,2024-02-26,14.75,14.75,14.2,14.44,1.76,0.25,-1,1383416,20040446
OLFI,2024-02-25,15.15,15.15,12.31,14.19,4.8,0.65,-1,3096868,43064792
OLFI,2024-02-22,14.28,14.28,13.25,13.54,-2.31,-0.32,-1,1386037,18848886
OLFI,2024-02-21,14.75,14.75,13.5,13.86,-4.55,-0.66,-1,1648543,23278342
OLFI,2024-02-20,15.19,15.19,14.5,14.52,-0.55,-0.08,-1,2914151,43405812
OLFI,2024-02-19,15.25,15.25,13.85,14.6,5.72,0.79,-1,5060306,74609208
OLFI,2024-02-18,14.2,14.2,12.95,13.81,6.89,0.89,-1,6035790,82939744
OLFI,2024-02-15,12.92,12.92,12.11,12.92,7.22,0.87,-1,1710309,21429144
OLFI,2024-02-14,12.64,12.64,11.81,12.05,4.77,0.56,-1,1645088,20174158
OLFI,2024-02-13,12.03,12.03,11.04,11.73,7.18,0.79,-1,1237307,14525263
OLFI,2024-02-12,11.13,11.13,11,11.01,-0.36,-0.04,-1,352128,3878288.25
OLFI,2024-02-11,11.25,11.25,11.01,11.05,-0.72,-0.08,-1,174757,1939100.25
OLFI,2024-02-08,11.29,11.29,11.01,11.13,1.09,0.12,-1,164454,1834131.38
OLFI,2024-02-07,11.33,11.33,10.9,11.01,-1.34,-0.15,-1,1349580,14850301
OLFI,2024-02-06,11.58,11.58,11.1,11.16,-2.28,-0.26,-1,238087,2702135.25
OLFI,2024-02-05,11.69,11.69,11.25,11.42,-0.09,-0.01,-1,147019,1692555.13
OLFI,2024-02-04,11.8,11.8,10.9,11.43,0.44,0.05,-1,356377,3963034.75
OLFI,2024-02-01,11.49,11.49,9.95,11.38,2.06,0.23,-1,407402,4476318
OLFI,2024-01-31,12.6,12.6,10.9,11.15,-9.05,-1.11,-1,642485,7603901
OLFI,2024-01-30,12.69,12.69,11.58,12.26,5.06,0.59,-1,1216631,14840646
OLFI,2024-01-29,11.9,11.9,11.25,11.67,-0.59,-0.07,-1,566051,6584841
OLFI,2024-01-28,12,12,11.77,11.85,0.85,0.1,-1,556763,6625380
OLFI,2024-01-24,11.95,11.95,11.73,11.75,-1.59,-0.19,-1,420881,4988492
OLFI,2024-01-23,11.99,11.99,11.7,11.94,1.1,0.13,-1,569570,6743373.5
OLFI,2024-01-22,11.95,11.95,11.68,11.81,0.43,0.05,-1,622982,7391740
OLFI,2024-01-21,11.89,11.89,11.68,11.76,1.38,0.16,-1,333028,3919768
OLFI,2024-01-18,11.85,11.85,11.56,11.59,-0.69,-0.08,-1,310895,3633113.75
OLFI,2024-01-17,12,12,11.52,11.67,0.6,0.07,-1,728382,8590315
OLFI,2024-01-16,11.87,11.87,11.37,11.6,2.75,0.31,-1,1071019,12455382
OLFI,2024-01-15,11.49,11.49,11.18,11.29,1.52,0.17,-1,1590955,18142874
OLFI,2024-01-14,11.21,11.21,11.05,11.18,0.27,0.03,-1,322134,3595501.5
OLFI,2024-01-11,11.3,11.3,11.02,11.15,-0.45,-0.05,-1,367416,4088409.25
OLFI,2024-01-10,11.34,11.34,11.17,11.2,-0.09,-0.01,-1,900776,10104177
OLFI,2024-01-09,11.26,11.26,11.1,11.21,0.63,0.07,-1,225155,2521298.5
OLFI,2024-01-08,11.26,11.26,11.02,11.14,1.64,0.18,-1,289768,3222962.5
OLFI,2024-01-04,11.37,11.37,10.81,10.96,0.92,0.1,-1,844013,9383160
OLFI,2024-01-03,11.05,11.05,10.85,10.86,-0.91,-0.1,-1,195287,2133581.25
OLFI,2024-01-02,10.98,10.98,10.7,10.96,2.43,0.26,-1,258771,2817864.75
OLFI,2023-12-31,10.95,10.95,10.6,10.7,-1.83,-0.2,-1,308650,3324226
OLFI,2023-12-28,10.91,10.91,10.72,10.9,0.46,0.05,-1,277817,3004129.25
OLFI,2023-12-27,10.97,10.97,10.72,10.85,1.11,0.12,-1,177341,1925620.88
OLFI,2023-12-26,11,11,10.47,10.8,3.55,0.37,-1,448270,4829699
OLFI,2023-12-25,10.79,10.79,10.31,10.43,-1.13,-0.12,-1,277879,2925226.75
OLFI,2023-12-24,11.05,11.05,10.6,10.62,-2.48,-0.27,-1,422569,4556361.5
OLFI,2023-12-21,11.34,11.34,10.81,10.89,-1,-0.11,-1,767955,8518234
OLFI,2023-12-20,11.1,11.1,10.53,11,4.56,0.48,-1,2415707,25806086
OLFI,2023-12-19,11.29,11.29,10.5,10.52,-4.36,-0.48,-1,877543,9468449
OLFI,2023-12-18,11.73,11.73,10.75,11,2.8,0.3,-1,2838631,32057496
OLFI,2023-12-17,10.78,10.78,10.31,10.7,2.98,0.31,-1,785768,8321336.5
OLFI,2023-12-14,10.5,10.5,10,10.39,4.42,0.44,-1,550218,5628877
OLFI,2023-12-13,10.1,10.1,9.84,9.95,0.81,0.08,-1,310065,3097259.25
OLFI,2023-12-12,9.99,9.99,9.81,9.87,0.2,0.02,-1,203375,2013105.58
OLFI,2023-12-11,10.2,10.2,9.8,9.85,-4.09,-0.42,-1,498391,4957764.5
OLFI,2023-12-10,10.6,10.6,10.13,10.27,-1.44,-0.15,-1,391449,4067621.5
OLFI,2023-12-07,10.55,10.55,9.55,10.42,-0.67,-0.07,-1,1265506,12864455
OLFI,2023-12-06,10.92,10.92,10.47,10.49,-3.32,-0.36,-1,520005,5561973
OLFI,2023-12-05,11.14,11.14,10.7,10.85,1.88,0.2,-1,1032224,11290240
OLFI,2023-12-04,10.68,10.68,10.31,10.65,2.4,0.25,-1,1592246,16842176
OLFI,2023-12-03,10.84,10.84,10.29,10.4,-3.53,-0.38,-1,1268842,13306781
OLFI,2023-11-30,11,11,10.62,10.78,0.94,0.1,-1,904588,9811721
OLFI,2023-11-29,11.25,11.25,10.61,10.68,-3.7,-0.41,-1,782840,8512132
OLFI,2023-11-28,11.29,11.29,10.51,11.09,3.87,0.41,-1,1934005,21100598
OLFI,2023-11-27,10.85,10.85,10.46,10.59,-1.67,-0.18,-1,1397891,14866210
OLFI,2023-11-26,10.84,10.84,10,10.77,7.7,0.77,-1,3604481,37888520
OLFI,2023-11-23,10.29,10.29,10,10,-0.99,-0.1,-1,2050457,20760200
OLFI,2023-11-22,10.1,10.1,9.85,10.1,2.64,0.26,-1,813330,8126210.5
OLFI,2023-11-21,10.14,10.14,9.51,9.84,1.97,0.19,-1,1764538,17475908
OLFI,2023-11-20,9.74,9.74,9.4,9.65,0,0,-1,398519,3833464.25
OLFI,2023-11-19,9.71,9.71,9.46,9.65,1.58,0.15,-1,405477,3893408.75
OLFI,2023-11-16,9.6,9.6,9.38,9.5,1.06,0.1,-1,414670,3936232
OLFI,2023-11-15,9.69,9.69,9.39,9.4,-0.84,-0.08,-1,691647,6589219.5
OLFI,2023-11-14,10.14,10.14,9.5,9.57,-2.05,-0.2,-1,1297923,12676156
OLFI,2023-11-13,9.99,9.99,9.25,9.77,3.94,0.37,-1,858947,8249453
OLFI,2023-11-12,9.62,9.62,9.35,9.4,-2.08,-0.2,-1,568063,5370471.5
OLFI,2023-11-09,9.89,9.89,9.31,9.6,-1.74,-0.17,-1,845967,8179586
OLFI,2023-11-08,10.02,10.02,9.5,9.77,-2.2,-0.22,-1,959787,9340578
OLFI,2023-11-07,10.22,10.22,9.9,9.99,-0.99,-0.1,-1,504932,5050130.5
OLFI,2023-11-06,10.25,10.25,10,10.09,-1.66,-0.17,-1,692632,6984453
OLFI,2023-11-05,10.25,10.25,9.8,10.24,2.91,0.29,-1,959479,9537761
OLFI,2023-11-02,10.4,10.4,9.14,9.95,8.62,0.79,-1,4657636,46168520
OLFI,2023-11-01,9.28,9.28,8.56,9.16,6.39,0.55,-1,3260959,29451024
OLFI,2023-10-31,8.9,8.9,8.57,8.61,-2.05,-0.18,-1,1100171,9547453
OLFI,2023-10-30,9.1,9.1,8.7,8.79,1.03,0.09,-1,2915222,26087820
OLFI,2023-10-29,8.94,8.94,8.35,8.7,4.44,0.37,-1,1816545,15790603.23
OLFI,2023-10-26,8.39,8.39,8.25,8.33,0.72,0.06,-1,478909,3981243.25
OLFI,2023-10-25,8.32,8.32,8.19,8.3,1.34,0.11,-1,372934,3086632.75
OLFI,2023-10-24,8.32,8.32,8.16,8.19,-0.24,-0.02,-1,519269,4277540
OLFI,2023-10-23,8.28,8.28,8.11,8.21,0.74,0.06,-1,553264,4541695.5
OLFI,2023-10-22,8.19,8.19,8.06,8.15,0.74,0.06,-1,245604,1996092.38
OLFI,2023-10-19,8.18,8.18,8.05,8.09,-0.25,-0.02,-1,556434,4511355
OLFI,2023-10-18,8.2,8.2,8.07,8.11,-0.25,-0.02,-1,284423,2313725
OLFI,2023-10-17,8.18,8.18,8.02,8.13,1.12,0.09,-1,336216,2728813.75
OLFI,2023-10-16,8.13,8.13,7.92,8.04,2.02,0.16,-1,327939,2636667
OLFI,2023-10-15,7.95,7.95,7.83,7.92,1.53,0.12,-1,209350,1653027.63
OLFI,2023-10-12,7.87,7.87,7.78,7.82,0.64,0.05,-1,236430,1848599.38
OLFI,2023-10-11,7.9,7.9,7.7,7.77,-0.51,-0.04,-1,530896,4153311.25
OLFI,2023-10-10,7.97,7.97,7.7,7.82,-1.26,-0.1,-1,552037,4310079
OLFI,2023-10-09,7.99,7.99,7.8,7.92,0.51,0.04,-1,214069,1684844.63
OLFI,2023-10-08,8.13,8.13,7.5,7.88,-2.72,-0.22,-1,552607,4340858
OLFI,2023-10-04,8.17,8.17,8.05,8.1,0.12,0.01,-1,260031,2103142
OLFI,2023-10-03,8.26,8.26,8.07,8.09,-1.1,-0.09,-1,209217,1705648.5
OLFI,2023-10-02,8.38,8.38,8.02,8.18,-0.24,-0.02,-1,339633,2785999.75
OLFI,2023-10-01,8.39,8.39,8.21,8.22,-1.91,-0.16,-1,409400,3384717.25
OLFI,2023-09-27,8.42,8.42,8.16,8.39,0.48,0.04,-1,469553,3882247.25
OLFI,2023-09-26,8.5,8.5,8.25,8.32,0.73,0.06,-1,837879,7013787.5
OLFI,2023-09-25,8.4,8.4,8.2,8.26,-0.6,-0.05,-1,378052,3125299.5
OLFI,2023-09-24,8.41,8.41,8.25,8.29,0,0,-1,687728,5718004
OLFI,2023-09-21,8.32,8.32,8.14,8.29,0.61,0.05,-1,420428,3471305.75
OLFI,2023-09-20,8.4,8.4,8.22,8.24,-0.72,-0.06,-1,776488,6437739.5
OLFI,2023-09-19,8.56,8.56,8.3,8.31,-1.66,-0.14,-1,712094,5980386.5
OLFI,2023-09-18,8.67,8.67,8.41,8.45,-1.52,-0.13,-1,1142240,9750420
OLFI,2023-09-17,8.59,8.59,8.22,8.58,4.38,0.36,-1,2545885,21559926
OLFI,2023-09-14,8.33,8.33,8.19,8.22,0.24,0.02,-1,858396,7101948
OLFI,2023-09-13,8.25,8.25,8.17,8.2,-0.24,-0.02,-1,276941,2271916.5
OLFI,2023-09-12,8.27,8.27,8.17,8.22,-0.36,-0.03,-1,542524,4456223
OLFI,2023-09-11,8.35,8.35,8.2,8.25,-0.48,-0.04,-1,1024966,8466053
OLFI,2023-09-10,8.39,8.39,8.19,8.29,1.22,0.1,-1,1580377,13114216
OLFI,2023-09-07,8.22,8.22,8.05,8.19,0.99,0.08,-1,666612,5414257
OLFI,2023-09-06,8.27,8.27,8.05,8.11,-0.98,-0.08,-1,1237233,10125419
OLFI,2023-09-05,8.28,8.28,8.03,8.19,2.25,0.18,-1,1903609,15569198
OLFI,2023-09-04,8.1,8.1,7.86,8.01,0.75,0.06,-1,1403480,11228630
OLFI,2023-09-03,8.02,8.02,7.92,7.95,-0.13,-0.01,-1,721421,5754776.5
OLFI,2023-08-31,8.11,8.11,7.9,7.96,-0.62,-0.05,-1,2331415,18614690
OLFI,2023-08-30,8.21,8.21,7.98,8.01,0.88,0.07,-1,2664206,21522374
OLFI,2023-08-29,8.41,8.41,7.92,7.94,-2.9,-0.24,-1,4571978,36950760
OLFI,2023-08-28,8.3,8.3,7.94,8.29,1.84,0.15,-1,2443092,19746096
OLFI,2023-08-27,8.5,8.5,8.09,8.14,-3.21,-0.27,-1,1971952,16297014
OLFI,2023-08-24,8.78,8.78,8.3,8.41,-2.55,-0.22,-1,1058746,9013270
OLFI,2023-08-23,9,9,8.6,8.63,-1.03,-0.09,-1,2040230,18047856
OLFI,2023-08-22,8.74,8.74,8.65,8.72,0.58,0.05,-1,277510,2410402.25
OLFI,2023-08-21,8.74,8.74,8.65,8.67,-0.12,-0.01,-1,244390,2120961
OLFI,2023-08-20,8.78,8.78,8.65,8.68,-0.23,-0.02,-1,508668,4431836.5
OLFI,2023-08-17,8.83,8.83,8.67,8.7,-0.46,-0.04,-1,460343,4018494.25
OLFI,2023-08-16,8.9,8.9,8.71,8.74,-0.68,-0.06,-1,670510,5889671.5
OLFI,2023-08-15,8.92,8.92,8.77,8.8,-0.79,-0.07,-1,672533,5942622.5
OLFI,2023-08-14,8.95,8.95,8.8,8.87,-0.34,-0.03,-1,1619698,14388667
OLFI,2023-08-13,9.06,9.06,8.88,8.9,-1.11,-0.1,-1,1025753,9185484
OLFI,2023-08-10,9.14,9.14,8.91,9,-0.33,-0.03,-1,575187,5179652.5
OLFI,2023-08-09,9.1,9.1,8.9,9.03,0.78,0.07,-1,1229989,11072303
OLFI,2023-08-08,9.25,9.25,8.91,9,-1.85,-0.17,-1,1007711,9148166
OLFI,2023-08-07,9.19,9.19,9.12,9.17,0.99,0.09,-1,211703,1940002.5
OLFI,2023-08-06,9.2,9.2,9.01,9.1,-0.11,-0.01,-1,477983,4366557
OLFI,2023-08-03,9.18,9.18,8.85,9.11,2.59,0.23,-1,250607,2246143.5
OLFI,2023-08-02,9.27,9.27,8.8,8.88,-2.42,-0.22,-1,796155,7125504
OLFI,2023-08-01,9.4,9.4,8.98,9.1,-0.33,-0.03,-1,739937,6765657
OLFI,2023-07-31,9.4,9.4,9.17,9.2,0.33,0.03,-1,552013,5103726.5
OLFI,2023-07-30,9.6,9.6,9.1,9.17,-2.34,-0.22,-1,707728,6504385
OLFI,2023-07-27,9.8,9.8,9.33,9.39,-2.59,-0.25,-1,372074,3518637
OLFI,2023-07-26,9.93,9.93,9.55,9.64,-1.13,-0.11,-1,662757,6452727
OLFI,2023-07-25,10.03,10.03,9.7,9.75,-1.32,-0.13,-1,336460,3317699.75
OLFI,2023-07-24,10.06,10.06,9.85,9.88,-0.81,-0.08,-1,141361,1401272.38
OLFI,2023-07-19,10.15,10.15,9.9,9.93,-0.8,-0.08,-1,296521,2963687.25
OLFI,2023-07-18,10.22,10.22,9.8,10.01,-1.48,-0.15,-1,452621,4544904.5
OLFI,2023-07-17,10.33,10.33,10.1,10.16,0.2,0.02,-1,332986,3392056
OLFI,2023-07-16,10.35,10.35,10.1,10.14,-0.59,-0.06,-1,51951,528889.81
OLFI,2023-07-13,10.3,10.3,10.15,10.2,-0.49,-0.05,-1,307020,3131777.25
OLFI,2023-07-12,10.25,10.25,10.15,10.25,-0.88,-0.09,-1,25792,262924.38
OLFI,2023-07-11,10.48,10.48,10.18,10.25,0.89,0.09,-1,55938,575175.06
OLFI,2023-07-10,10.43,10.43,10,10.16,-2.59,-0.27,-1,59307,604398.25
OLFI,2023-07-09,10.69,10.69,10.3,10.43,-3.64,-0.39,-1,37211,389183
OLFI,2023-07-06,10.75,10.75,10.55,10.7,0,0,-1,1017902,10889334
OLFI,2023-07-05,10.74,10.74,10.55,10.7,-1.49,-0.16,-1,375785,4020904
OLFI,2023-07-04,10.89,10.89,10.54,10.71,1.24,0.13,-1,60221,644414.63
OLFI,2023-06-26,10.63,10.63,10.4,10.5,1.53,0.16,-1,39326,412022.34
OLFI,2023-06-25,10.63,10.63,10.34,10.44,-0.57,-0.06,-1,73374,769503.88
OLFI,2023-06-22,10.6,10.6,10.43,10.5,0.38,0.04,-1,124296,1309082.88
OLFI,2023-06-21,10.79,10.79,10.4,10.51,-0.47,-0.05,-1,182862,1943483.88
OLFI,2023-06-20,10.9,10.9,10.62,10.65,-1.21,-0.13,-1,302529,3237448.25
OLFI,2023-06-19,10.97,10.97,10.75,10.78,-1.47,-0.16,-1,174439,1886024.88
OLFI,2023-06-18,11.1,11.1,10.76,10.91,-1.55,-0.17,-1,110860,1205095.13
OLFI,2023-06-15,11.08,11.08,10.81,10.98,0.18,0.02,-1,228244,2508583.75
OLFI,2023-06-14,11.14,11.14,10.85,10.96,-0.91,-0.1,-1,78940,864165.81
OLFI,2023-06-13,11.26,11.26,10.9,11,0,0,-1,163173,1794983.63
OLFI,2023-06-12,11.4,11.4,10.98,11,0.45,0.05,-1,62413,689861.75
OLFI,2023-06-11,11.67,11.67,11.03,11.1,-3.73,-0.43,-1,122048,1369539.88
OLFI,2023-06-08,11.6,11.6,11.21,11.53,-0.35,-0.04,-1,59537,684170.69
OLFI,2023-06-07,11.61,11.61,11.25,11.57,2.2,0.25,-1,61875,713410.75
OLFI,2023-06-06,11.5,11.5,11.3,11.35,0.53,0.06,-1,144011,1644542.38
OLFI,2023-06-05,11.7,11.7,11.33,11.39,-1.9,-0.22,-1,228637,2623541.5
OLFI,2023-06-04,11.7,11.7,11.47,11.57,0.43,0.05,-1,51290,593188.81
OLFI,2023-06-01,11.84,11.84,11.45,11.55,-0.77,-0.09,-1,160036,1849969.75
OLFI,2023-05-31,11.99,11.99,11.6,11.69,-1.78,-0.21,-1,212874,2496518
OLFI,2023-05-30,12.35,12.35,11.71,11.81,0.17,0.02,-1,311584,3717359.5
OLFI,2023-05-29,11.89,11.89,11.7,11.79,-0.34,-0.04,-1,437778,5165165.5
OLFI,2023-05-28,11.9,11.9,11.6,11.75,0.43,0.05,-1,367542,4317188
OLFI,2023-05-25,11.9,11.9,11.51,11.74,0.26,0.03,-1,802591,9466833
OLFI,2023-05-24,11.9,11.9,11.6,11.71,1.39,0.16,-1,55629,649703
OLFI,2023-05-23,12.63,12.63,11.4,11.55,-0.09,-0.01,-1,786140,9189694
OLFI,2023-05-22,11.79,11.79,11.45,11.56,1.39,0.16,-1,144781,1671974.63
OLFI,2023-05-21,13.35,13.35,11,11.5,3.32,0.37,-1,1773651,20253028
OLFI,2023-05-18,11.31,11.31,11.05,11.13,-0.62,-0.07,-1,43296,483130.13
OLFI,2023-05-17,11.36,11.36,11.02,11.2,-0.88,-0.1,-1,383463,4307959
OLFI,2023-05-16,11.3,11.3,10.62,11.3,2.36,0.26,-1,409832,4565680
OLFI,2023-05-15,11.29,11.29,11,11.04,-0.45,-0.05,-1,213948,2369321
OLFI,2023-05-14,11.44,11.44,10.95,11.15,-0.36,-0.04,-1,197277,2195508
OLFI,2023-05-11,11.48,11.48,11,11.19,-0.44,-0.05,-1,119074,1340128.38
OLFI,2023-05-10,11.44,11.44,11,11.35,0.35,0.04,-1,313683,3547428.5
OLFI,2023-05-09,11.46,11.46,11.25,11.31,0.27,0.03,-1,126242,1426239.38
OLFI,2023-05-08,11.49,11.49,11,11.25,0.27,0.03,-1,462975,5186102.5
OLFI,2023-05-07,11.3,11.3,10.72,11.22,-0.62,-0.07,-1,157200,1747290
OLFI,2023-05-03,11.56,11.56,10.6,11.37,6.78,0.73,-1,139815,1569465
OLFI,2023-05-02,11.07,11.07,10.21,10.77,-1.64,-0.18,-1,36338,392865.47
OLFI,2023-05-01,11.45,11.45,10.9,10.98,0,0,-1,128266,1413118.39
OLFI,2023-04-30,11.55,11.55,10.8,10.98,-2.4,-0.27,-1,191570,2172756.69
OLFI,2023-04-27,11.5,11.5,10.95,11.25,2.27,0.25,-1,108657,1220545.25
OLFI,2023-04-26,11.14,11.14,10.7,11,-0.9,-0.1,-1,831103,9129641
OLFI,2023-04-19,11.3,11.3,10.82,11.05,-0.09,-0.01,-1,148932,1647899.88
OLFI,2023-04-18,11.18,11.18,10.52,11.06,3.71,0.4,-1,151311,1639825.63
OLFI,2023-04-13,11,11,10.6,10.78,0.19,0.02,-1,103440,1129820
OLFI,2023-04-12,10.81,10.81,10.45,10.75,-0.46,-0.05,-1,73507,782307.69
OLFI,2023-04-11,10.91,10.91,10.25,10.8,4.25,0.44,-1,290470,3062865.25
OLFI,2023-04-10,10.5,10.5,10.25,10.36,-0.68,-0.07,-1,153042,1579980.25
OLFI,2023-04-09,10.64,10.64,9.56,10.37,7.46,0.72,-1,418707,4314597
OLFI,2023-04-06,9.67,9.67,9.53,9.65,0.84,0.08,-1,176865,1702804.13
OLFI,2023-04-05,9.6,9.6,9.48,9.57,0.53,0.05,-1,72821,694968.88
OLFI,2023-04-04,9.6,9.6,9.48,9.5,0.21,0.02,-1,373137,3545897.75
OLFI,2023-04-03,9.66,9.66,9.5,9.53,-0.1,-0.01,-1,107766,1030401.88
OLFI,2023-04-02,9.6,9.6,9.3,9.53,3.47,0.32,-1,606743,5789984.5
OLFI,2023-03-30,9.85,9.85,9.19,9.23,-2.84,-0.27,-1,658574,6203885
OLFI,2023-03-29,9.65,9.65,9.17,9.5,3.71,0.34,-1,1365400,12949198
OLFI,2023-03-28,9.43,9.43,9.1,9.16,-1.93,-0.18,-1,63369,583062.13
OLFI,2023-03-27,9.47,9.47,9.26,9.35,0.65,0.06,-1,469042,4387395
OLFI,2023-03-26,9.4,9.4,9.15,9.29,0,0,-1,158410,1469245.13
OLFI,2023-03-23,9.47,9.47,9.1,9.29,-0.21,-0.02,-1,603675,5608697
OLFI,2023-03-22,9.77,9.77,9.2,9.31,-3.52,-0.34,-1,504420,4835249.95
OLFI,2023-03-21,9.85,9.85,9.06,9.65,-6.56,-0.68,-1,291718,2821586
OLFI,2023-03-20,10.43,10.43,10.05,10.36,2.98,0.3,-1,385561,3955809.5
OLFI,2023-03-19,10.19,10.19,9.95,10.06,1.51,0.15,-1,161208,1618229.75
OLFI,2023-03-16,9.95,9.95,9,9.91,-0.6,-0.06,-1,167185,1586778.88
OLFI,2023-03-15,10.26,10.26,9.73,9.97,-1.77,-0.18,-1,358520,3641367.5
OLFI,2023-03-14,10.3,10.3,10,10.15,0,0,-1,176041,1779472.13
OLFI,2023-03-13,10.39,10.39,10,10.15,1.87,0.19,-1,850481,8639610
OLFI,2023-03-12,10.33,10.33,9.9,10.16,-0.1,-0.01,-1,213682,2157571.75
OLFI,2023-03-09,10.45,10.45,10.05,10.17,-1.07,-0.11,-1,201533,2057143.25
OLFI,2023-03-08,10.55,10.55,10.15,10.28,-0.87,-0.09,-1,83036,853396.63
OLFI,2023-03-07,11,11,10.25,10.37,-2.54,-0.27,-1,245012,2590041.25
OLFI,2023-03-06,10.9,10.9,10.3,10.64,2.99,0.31,-1,109408,1156414.25
OLFI,2023-03-05,10.45,10.45,10.15,10.36,-0.1,-0.01,-1,37959,392259.09
OLFI,2023-03-02,10.47,10.47,10.05,10.35,1.37,0.14,-1,169486,1723311
OLFI,2023-03-01,10.86,10.86,10.02,10.21,-6.08,-0.66,-1,615338,6347505.5
OLFI,2023-02-28,11.18,11.18,10.8,10.86,-0.55,-0.06,-1,11474,124825.28
OLFI,2023-02-27,11.25,11.25,10.8,10.86,-1.18,-0.13,-1,167517,1836694.13
OLFI,2023-02-26,11.29,11.29,10.9,10.99,-0.72,-0.08,-1,135953,1498208.38
OLFI,2023-02-23,11.37,11.37,10.62,11.07,3.67,0.39,-1,137553,1510226
OLFI,2023-02-22,10.97,10.97,10.51,10.62,-2.48,-0.27,-1,42813,459978.66
OLFI,2023-02-21,11.18,11.18,10.85,10.89,-1,-0.11,-1,700238,7700893
OLFI,2023-02-20,11.35,11.35,10.82,11,-2.83,-0.32,-1,364613,4014905.5
OLFI,2023-02-19,11.49,11.49,11.03,11.32,2.81,0.31,-1,321585,3636231
OLFI,2023-02-16,11.2,11.2,10.61,11.03,3.96,0.42,-1,1024466,11270299
OLFI,2023-02-15,11,11,10.5,10.61,0.66,0.07,-1,497787,5389022
OLFI,2023-02-14,10.7,10.7,10.11,10.54,5.84,0.59,-1,768127,8029373
OLFI,2023-02-13,10.38,10.38,10.07,10.11,-0.98,-0.1,-1,142790,1455644.25
OLFI,2023-02-12,10.4,10.4,10.02,10.21,-0.39,-0.04,-1,288953,2954119.25
OLFI,2023-02-09,10.5,10.5,10.22,10.34,1.57,0.16,-1,136013,1410817.75
OLFI,2023-02-08,10.7,10.7,10,10.18,-4.4,-0.47,-1,243700,2523371.5
OLFI,2023-02-07,11.52,11.52,9.61,10.69,11.35,1.09,-1,2009718,20793356
OLFI,2023-02-06,9.74,9.74,9.56,9.6,0.31,0.03,-1,247782,2382343.5
OLFI,2023-02-05,9.95,9.95,9,9.6,-1.55,-0.15,-1,534823,5148352
OLFI,2023-02-02,9.88,9.88,9.01,9.7,7.66,0.69,-1,1623424,15530390
OLFI,2023-02-01,9.2,9.2,8.63,9.01,3.81,0.33,-1,272097,2435147.25
OLFI,2023-01-31,9.1,9.1,8.6,8.67,-3.34,-0.3,-1,320474,2819405.5
OLFI,2023-01-30,9.7,9.7,8.8,8.97,-6.9,-0.66,-1,590501,5456889
OLFI,2023-01-29,9.93,9.93,9.52,9.56,-1.34,-0.13,-1,415959,4010876.25
OLFI,2023-01-25,10.09,10.09,9.5,9.69,-2.02,-0.2,-1,243398,2343688
OLFI,2023-01-24,10.49,10.49,9.5,9.89,3.12,0.3,-1,1408834,13911456
OLFI,2023-01-23,9.74,9.74,9.11,9.6,5.38,0.49,-1,924850,8804644.31
OLFI,2023-01-22,9.4,9.4,8.84,9.11,6.78,0.59,-1,252235,2296937.5
OLFI,2023-01-19,9.1,9.1,8.25,8.7,4.82,0.4,-1,721090,6393573.5
OLFI,2023-01-18,8.4,8.4,8.1,8.3,0.12,0.01,-1,4741498,39352220
OLFI,2023-01-17,8.45,8.45,8,8.29,3.26,0.26,-1,129679,1071314
OLFI,2023-01-16,8.1,8.1,7.9,7.98,0.88,0.07,-1,146328,1174706.5
OLFI,2023-01-15,8,8,7.8,7.91,-0.75,-0.06,-1,391417,3092522.75
OLFI,2023-01-12,8.04,8.04,7.56,7.97,3.63,0.28,-1,278235,2195014.25
OLFI,2023-01-11,8,8,7.6,7.72,1.98,0.15,-1,264174,2054165
OLFI,2023-01-10,7.75,7.75,7.51,7.56,-0.79,-0.06,-1,123818,942484.63
OLFI,2023-01-09,8.08,8.08,7.41,7.62,-4.27,-0.34,-1,236495,1807017.88
OLFI,2023-01-05,8.1,8.1,7.85,7.97,1.78,0.14,-1,193170,1536319.25
OLFI,2023-01-04,8.05,8.05,7.65,7.86,1.28,0.1,-1,830317,6547917
OLFI,2023-01-03,7.96,7.96,7.73,7.82,0.64,0.05,-1,1793828,14157443
OLFI,2023-01-02,8,8,7.73,7.77,0.13,0.01,-1,316084,2465842
OLFI,2022-12-29,7.98,7.98,7.73,7.78,0.26,0.02,-1,44610,348401.75
OLFI,2022-12-28,8.01,8.01,7.7,7.78,1.04,0.08,-1,1079095,8529829
OLFI,2022-12-27,7.98,7.98,7.65,7.7,-0.52,-0.04,-1,113044,877121.56
OLFI,2022-12-26,7.99,7.99,7.61,7.73,0.51,0.04,-1,225226,1753078.5
OLFI,2022-12-25,8.1,8.1,7.39,7.77,4.1,0.31,-1,698792,5462651
OLFI,2022-12-22,8.25,8.25,7.25,7.57,4.27,0.31,-1,1596290,12673827
OLFI,2022-12-21,7.4,7.4,7.17,7.26,0.41,0.03,-1,203544,1477526.38
OLFI,2022-12-20,7.4,7.4,7.06,7.23,3.23,0.23,-1,174303,1265685.75
OLFI,2022-12-19,7.37,7.37,7.04,7.11,-0.56,-0.04,-1,132717,948638.88
OLFI,2022-12-18,7.3,7.3,7.04,7.15,1.56,0.11,-1,141801,1018757.88
OLFI,2022-12-15,7.45,7.45,7,7.04,-2.36,-0.17,-1,2284288,16435777
OLFI,2022-12-14,7.6,7.6,7.2,7.21,-1.91,-0.14,-1,1567662,11499309
OLFI,2022-12-13,7.8,7.8,7.3,7.34,-1.87,-0.14,-1,1345123,10358724
OLFI,2022-12-12,7.55,7.55,7.15,7.48,-1.21,-0.09,-1,345003,2559494.25
OLFI,2022-12-11,7.5,7.5,7.3,7.44,-1.47,-0.11,-1,102294,758413.25
OLFI,2022-12-08,7.5,7.5,7.15,7.46,2.8,0.2,-1,287421,2106180.5
OLFI,2022-12-07,7.6,7.6,7,7.15,-4.92,-0.37,-1,564647,4118242
OLFI,2022-12-06,7.79,7.79,7.51,7.52,-0.27,-0.02,-1,656899,5046728
OLFI,2022-12-05,7.9,7.9,7.45,7.54,1.58,0.12,-1,1700493,13051527
OLFI,2022-12-04,8,8,5.85,7.58,3.01,0.22,-1,514075,4006764.5
OLFI,2022-12-01,7.4,7.4,7.2,7.31,1.94,0.14,-1,158521,1143472.75
OLFI,2022-11-30,7.34,7.34,7.13,7.2,0.55,0.04,-1,869001,6250596
OLFI,2022-11-29,7.27,7.27,7,7.21,2.13,0.15,-1,157040,1132595.25
OLFI,2022-11-28,7.24,7.24,6.95,7.05,-0.71,-0.05,-1,280083,1973085.88
OLFI,2022-11-27,7.25,7.25,6.95,7.05,1.74,0.12,-1,175134,1248684.25
OLFI,2022-11-24,7.01,7.01,6.85,6.91,0.58,0.04,-1,38606,269755.38
OLFI,2022-11-23,6.99,6.99,6.81,6.91,0.73,0.05,-1,101507,702320.63
OLFI,2022-11-22,6.95,6.95,6.76,6.86,0.15,0.01,-1,1171355,7956346.5
OLFI,2022-11-21,7,7,6.7,6.8,1.34,0.09,-1,1791298,12254825
OLFI,2022-11-20,6.98,6.98,6.65,6.71,-0.58,-0.04,-1,222384,1510280.5
OLFI,2022-11-17,7.17,7.17,6.6,6.84,1.47,0.1,-1,935905,6512763.5
OLFI,2022-11-16,6.84,6.84,6.4,6.78,5.77,0.37,-1,2126828,14060008.95
OLFI,2022-11-15,6.5,6.5,6.21,6.41,1.75,0.11,-1,360429,2300769.25
OLFI,2022-11-14,6.35,6.35,6,6.3,0.48,0.03,-1,622913,3874921
OLFI,2022-11-13,6.3,6.3,6.03,6.27,1.95,0.12,-1,268798,1655236.13
OLFI,2022-11-10,6.17,6.17,6,6.14,1.67,0.1,-1,83452,509927.81
OLFI,2022-11-09,6.05,6.05,5.9,6,0.17,0.01,-1,440610,2644953.75
OLFI,2022-11-08,6.03,6.03,5.95,6,-0.17,-0.01,-1,741211,4447500.5
OLFI,2022-11-07,6.04,6.04,6,6.01,-0.17,-0.01,-1,79379,477063.31
OLFI,2022-11-06,6.18,6.18,6,6.01,0.67,0.04,-1,153074,934513.38
OLFI,2022-11-03,6.09,6.09,5.85,6,1.87,0.11,-1,950586,5669647
OLFI,2022-11-02,6,6,5.8,5.89,-2.16,-0.13,-1,412808,2413391.75
OLFI,2022-11-01,6.29,6.29,6,6.02,-0.5,-0.03,-1,218404,1319540.25
OLFI,2022-10-31,6.3,6.3,5.68,6.04,10.53,0.6,-1,2265404,13491460
OLFI,2022-10-30,5.89,5.89,5.65,5.7,-0.17,-0.01,-1,136762,787638.13
OLFI,2022-10-27,5.9,5.9,5.59,5.8,2.11,0.12,-1,711412,4127272.25
OLFI,2022-10-26,5.75,5.75,5.61,5.68,-1.22,-0.07,-1,53482,302044.31
OLFI,2022-10-25,5.79,5.79,5.57,5.75,0,0,-1,541564,3092117.75
OLFI,2022-10-24,5.8,5.8,5.6,5.67,3.47,0.19,-1,592094,3383521.75
OLFI,2022-10-23,5.79,5.79,5.47,5.48,-2.32,-0.13,-1,161474,906087.31
OLFI,2022-10-20,5.65,5.65,5.51,5.6,-0.18,-0.01,-1,206885,1157898.13
OLFI,2022-10-19,5.7,5.7,5.4,5.61,-0.18,-0.01,-1,162033,899816.5
OLFI,2022-10-18,5.7,5.7,5.2,5.51,7.12,0.37,-1,1814196,9537464
OLFI,2022-10-17,5.21,5.21,5.1,5.2,0.97,0.05,-1,889188,4539622.5
OLFI,2022-10-16,5.25,5.25,5.08,5.16,-0.19,-0.01,-1,193658,997848.5
OLFI,2022-10-13,5.15,5.15,5.01,5.14,2.39,0.12,-1,168778,864051.81
OLFI,2022-10-12,5.1,5.1,5.03,5.03,-0.4,-0.02,-1,118722,601227.44
OLFI,2022-10-11,5.16,5.16,5.02,5.05,0.4,0.02,-1,147629,753707.13
OLFI,2022-10-10,5.12,5.12,5,5.04,0.2,0.01,-1,100811,508493.28
OLFI,2022-10-09,5.14,5.14,5.03,5.06,0,0,-1,56786,288398.75
OLFI,2022-10-05,5.1,5.1,5.03,5.06,1.19,0.06,-1,134390,679564.81
OLFI,2022-10-04,5.12,5.12,5,5.03,0.4,0.02,-1,135583,686591.81
OLFI,2022-10-03,5.11,5.11,4.97,5.01,-0.4,-0.02,-1,249156,1248448.38
OLFI,2022-10-02,5.12,5.12,5,5.06,0.2,0.01,-1,75931,383112.25
OLFI,2022-09-29,5.09,5.09,5,5.07,0.6,0.03,-1,313051,1583507
OLFI,2022-09-28,5.11,5.11,5,5.04,1.2,0.06,-1,616389,3111658
OLFI,2022-09-27,5.12,5.12,4.96,4.99,0.2,0.01,-1,623603,3120867.5
OLFI,2022-09-26,5.18,5.18,5,5.04,-3.08,-0.16,-1,1115101,5674662
OLFI,2022-09-25,5.2,5.2,5.12,5.2,-0.19,-0.01,-1,39594,203810.47
OLFI,2022-09-22,5.2,5.2,5.1,5.2,0,0,-1,24417,125389.05
OLFI,2022-09-21,5.23,5.23,5.11,5.2,-1.35,-0.07,-1,45429,233885.66
OLFI,2022-09-20,5.24,5.24,5.08,5.2,2.77,0.14,-1,145068,752541.31
OLFI,2022-09-19,5.24,5.24,5.02,5.06,2.37,0.12,-1,43832,224226.75
OLFI,2022-09-18,5.4,5.4,5.01,5.06,-4.48,-0.24,-1,95024,500026.31
OLFI,2022-09-15,5.4,5.4,5.26,5.36,1.13,0.06,-1,126076,674056.81
OLFI,2022-09-14,5.31,5.31,5.25,5.3,-1.12,-0.06,-1,66064,348910
OLFI,2022-09-13,5.38,5.38,5.28,5.34,-1.12,-0.06,-1,37807,200947.45
OLFI,2022-09-12,5.49,5.49,5.32,5.34,0,0,-1,109382,587512.75
OLFI,2022-09-11,5.38,5.38,5.3,5.35,2.29,0.12,-1,201353,1077870
OLFI,2022-09-08,5.35,5.35,5.2,5.23,0.76,0.04,-1,336798,1778533.63
OLFI,2022-09-07,5.39,5.39,5.19,5.23,-1.14,-0.06,-1,265211,1398362.5
OLFI,2022-09-06,5.38,5.38,5.16,5.26,2.31,0.12,-1,197311,1043010.25
OLFI,2022-09-05,5.2,5.2,5.13,5.2,1.76,0.09,-1,66322,343303.97
OLFI,2022-09-04,5.25,5.25,5.05,5.11,0.78,0.04,-1,40170,205628.02
OLFI,2022-09-01,5.24,5.24,5.05,5.11,0.2,0.01,-1,93603,475574.41
OLFI,2022-08-31,5.35,5.35,5.1,5.1,-3.77,-0.2,-1,224032,1156456
OLFI,2022-08-30,5.37,5.37,5.25,5.3,0.19,0.01,-1,28423,151408.02
OLFI,2022-08-29,5.35,5.35,5.18,5.3,-0.19,-0.01,-1,311237,1656929.25
OLFI,2022-08-28,5.38,5.38,5.27,5.3,0,0,-1,51462,272489.38
OLFI,2022-08-25,5.4,5.4,5.27,5.3,0,0,-1,207056,1101304.88
OLFI,2022-08-24,5.33,5.33,5.22,5.3,-0.57,-0.03,-1,24885,130244.36
OLFI,2022-08-23,5.42,5.42,5.1,5.3,-0.56,-0.03,-1,434278,2296264.5
OLFI,2022-08-22,5.49,5.49,5.26,5.33,0.75,0.04,-1,426375,2303954
OLFI,2022-08-21,5.42,5.42,5.2,5.36,3.65,0.19,-1,665390,3574714.5
OLFI,2022-08-18,5.35,5.35,5.15,5.21,-0.38,-0.02,-1,371483,1953492.13
OLFI,2022-08-17,5.33,5.33,5.05,5.27,4.31,0.22,-1,352027,1838861.63
OLFI,2022-08-16,5.26,5.26,5.1,5.11,-0.77,-0.04,-1,249154,1294640.63
OLFI,2022-08-15,5.22,5.22,5.06,5.2,0.98,0.05,-1,285483,1469045.38
OLFI,2022-08-14,5.14,5.14,5.05,5.12,2.2,0.11,-1,194913,993769.69
OLFI,2022-08-11,5.14,5.14,4.99,5.01,-1.18,-0.06,-1,632509,3190274.75
OLFI,2022-08-10,5.14,5.14,5.03,5.07,0,0,-1,212269,1077222.25
OLFI,2022-08-09,5.09,5.09,5,5.07,0.8,0.04,-1,493902,2504862.75
OLFI,2022-08-08,5.15,5.15,5,5.03,-2.14,-0.11,-1,443692,2243092.25
OLFI,2022-08-07,5.2,5.2,5.08,5.14,2.39,0.12,-1,507601,2620811.25
OLFI,2022-08-04,5.06,5.06,4.7,5.02,0.4,0.02,-1,745981,3742023.75
OLFI,2022-08-03,5.09,5.09,4.99,5,0,0,-1,159330,800487.13
OLFI,2022-08-02,5.04,5.04,4.95,5,1.21,0.06,-1,148883,743614
OLFI,2022-08-01,5.1,5.1,4.91,4.96,-2.96,-0.15,-1,331056,1662211.13
OLFI,2022-07-31,5.15,5.15,5.04,5.06,-0.39,-0.02,-1,242461,1232007.88
OLFI,2022-07-28,5.12,5.12,5,5.07,-0.59,-0.03,-1,278740,1415224.5
OLFI,2022-07-27,5.23,5.23,5.06,5.1,-0.78,-0.04,-1,509424,2607031.5
OLFI,2022-07-26,5.27,5.27,5.04,5.14,0.99,0.05,-1,804475,4149318
OLFI,2022-07-25,5.2,5.2,5.04,5.07,-2.12,-0.11,-1,730950,3719341.75
OLFI,2022-07-24,5.39,5.39,4.99,5.18,6.58,0.32,-1,4077558,21234744
OLFI,2022-07-21,5,5,4.57,4.86,5.65,0.26,-1,1681544,8135667.5
OLFI,2022-07-20,4.72,4.72,4.56,4.6,-2.54,-0.12,-1,748974,3469430.5
OLFI,2022-07-19,4.9,4.9,4.58,4.72,-2.49,-0.12,-1,1622495,7597607.5
OLFI,2022-07-18,5.02,5.02,4.2,4.82,14.76,0.62,-1,8683095,39425360
OLFI,2022-07-17,4.4,4.4,4.17,4.2,-4.33,-0.19,-1,637065,2680513
OLFI,2022-07-07,4.5,4.5,4.2,4.39,4.77,0.2,-1,995543,4310965.5
OLFI,2022-07-06,4.22,4.22,4.11,4.19,0.72,0.03,-1,385233,1609667.63
OLFI,2022-07-05,4.33,4.33,4.1,4.16,-2.12,-0.09,-1,444420,1856940.63
OLFI,2022-07-04,4.5,4.5,4.21,4.24,-3.64,-0.16,-1,409342,1745222.5
OLFI,2022-07-03,4.47,4.47,4.3,4.4,-0.22,-0.01,-1,253354,1113059.5
OLFI,2022-06-29,4.48,4.48,4.28,4.45,2.06,0.09,-1,175777,771712.56
OLFI,2022-06-28,4.54,4.54,4.2,4.36,-3.79,-0.17,-1,827746,3542263.25
OLFI,2022-06-27,4.59,4.59,4.41,4.49,-1.1,-0.05,-1,245878,1099680.88
OLFI,2022-06-26,4.64,4.64,4.51,4.54,0,0,-1,127709,586329.25
OLFI,2022-06-23,4.76,4.76,4.54,4.55,-4.61,-0.22,-1,314137,1457671.63
OLFI,2022-06-22,4.9,4.9,4.6,4.77,-1.7,-0.08,-1,561170,2682123.75
OLFI,2022-06-21,4.81,4.81,4.72,4.7,0.43,0.02,-1,62534,297759.5
OLFI,2022-06-20,4.95,4.95,4.69,4.7,-4.86,-0.24,-1,483272,2326650.25
OLFI,2022-06-19,5,5,4.86,4.94,0.2,0.01,-1,79139,389330.34
OLFI,2022-06-16,5.04,5.04,4.88,4.9,-1.21,-0.06,-1,307547,1524398.13
OLFI,2022-06-15,5.07,5.07,4.94,4.95,-1,-0.05,-1,163167,813363.88
OLFI,2022-06-14,5.2,5.2,4.99,5,-3.85,-0.2,-1,675873,3398288.5
OLFI,2022-06-13,5.25,5.25,5.15,5.2,0,0,-1,95328,492321
OLFI,2022-06-12,5.23,5.23,5.19,5.2,-0.57,-0.03,-1,72009,374909.88
OLFI,2022-06-09,5.25,5.25,5.21,5.23,0.38,0.02,-1,110302,575020.31
OLFI,2022-06-08,5.29,5.29,5.25,5.21,1.34,0.07,-1,23763,125092.83
OLFI,2022-06-07,5.3,5.3,5.15,5.21,-1.33,-0.07,-1,68541,358002.16
OLFI,2022-06-06,5.31,5.31,5.21,5.28,-1.33,-0.07,-1,27231,143117.3
OLFI,2022-06-05,5.33,5.33,5.15,5.28,2.32,0.12,-1,253824,1307695
OLFI,2022-06-02,5.45,5.45,5.13,5.17,-0.77,-0.04,-1,106090,547667.13
OLFI,2022-06-01,5.3,5.3,5.13,5.21,-1.54,-0.08,-1,57144,295918.94
OLFI,2022-05-31,5.47,5.47,5.17,5.21,-2.99,-0.16,-1,120793,636478.38
OLFI,2022-05-30,5.44,5.44,5.1,5.36,5.3,0.27,-1,132120,700942
OLFI,2022-05-29,5.25,5.25,5.05,5.09,-1.54,-0.08,-1,133424,683748.19
OLFI,2022-05-26,5.21,5.21,5.12,5.19,-0.96,-0.05,-1,119183,619144.63
OLFI,2022-05-25,5.29,5.29,5.03,5.22,-2.08,-0.11,-1,112728,585224.81
OLFI,2022-05-24,5.4,5.4,5.23,5.28,-0.94,-0.05,-1,73966,391820.88
OLFI,2022-05-23,5.4,5.4,5.23,5.31,0.56,0.03,-1,48851,259330.05
OLFI,2022-05-22,5.6,5.6,5.26,5.31,-4.15,-0.23,-1,337030,1818429.5
OLFI,2022-05-19,5.61,5.61,5.41,5.54,1.27,0.07,-1,336290,1859861.38
OLFI,2022-05-18,5.55,5.55,5.53,5.53,0,0,-1,44718,247585.44
OLFI,2022-05-17,5.6,5.6,5.55,5.53,1.27,0.07,-1,41962,234150.11
OLFI,2022-05-16,5.66,5.66,5.45,5.53,-1.07,-0.06,-1,512786,2828406.75
OLFI,2022-05-15,5.75,5.75,5.6,5.61,0.54,0.03,-1,283735,1608193.5
OLFI,2022-05-12,5.6,5.6,5.5,5.57,-0.89,-0.05,-1,166166,922046.06
OLFI,2022-05-11,5.68,5.68,5.57,5.62,-0.18,-0.01,-1,73229,410773.53
OLFI,2022-05-10,5.65,5.65,5.5,5.63,0.18,0.01,-1,322905,1807416.75
OLFI,2022-05-09,5.74,5.74,5.58,5.6,0.36,0.02,-1,344774,1939614.13
OLFI,2022-05-08,5.64,5.64,5.43,5.58,0.54,0.03,-1,312167,1729947.13
OLFI,2022-04-28,5.7,5.7,5.49,5.55,-1.07,-0.06,-1,728015,4025094.25
OLFI,2022-04-27,5.77,5.77,5.56,5.61,-1.58,-0.09,-1,718487,4031094
OLFI,2022-04-26,6.03,6.03,5.6,5.69,-5.17,-0.31,-1,914359,5244295.5
OLFI,2022-04-21,6.19,6.19,5.9,6,0.33,0.02,-1,1289531,7766354
OLFI,2022-04-20,6.28,6.28,6.01,6.04,-2.58,-0.16,-1,79240,483896.56
OLFI,2022-04-19,6.35,6.35,5.7,6.2,9.09,0.52,-1,948551,5636961.5
OLFI,2022-04-18,5.95,5.95,5.7,5.72,-2.53,-0.15,-1,640086,3694711.75
OLFI,2022-04-17,6,6,5.6,5.94,0.34,0.02,-1,320098,1899208.5
OLFI,2022-04-14,6.11,6.11,5.8,5.92,-3.27,-0.2,-1,1066640,6353738.14
OLFI,2022-04-13,6.45,6.45,6.1,6.12,-2.24,-0.14,-1,525323,3277874.26
OLFI,2022-04-12,6.6,6.6,6.13,6.26,-3.99,-0.26,-1,361122,2269701.25
OLFI,2022-04-11,6.65,6.65,6.38,6.52,0.31,0.02,-1,1596985,10494396.05
OLFI,2022-04-10,6.6,6.6,6.4,6.5,0.15,0.01,-1,2353438,15352565
OLFI,2022-04-07,6.54,6.54,6.2,6.49,0.46,0.03,-1,7144588,45527760
OLFI,2022-04-06,6.78,6.78,6,6.46,8.03,0.48,-1,2682595,16908230.41
OLFI,2022-04-05,6.2,6.2,5.93,5.98,-4,-0.25,-1,124347,755333.25
OLFI,2022-04-04,6.25,6.25,6.18,6.25,-0.8,-0.05,-1,43431,269356.28
OLFI,2022-04-03,6.29,6.29,6.02,6.25,0.97,0.06,-1,232043,1441232.5
OLFI,2022-03-31,6.3,6.3,6,6.19,2.65,0.16,-1,431339,2673813.25
OLFI,2022-03-30,6.1,6.1,5.81,6.03,2.35,0.14,-1,734551,4393423
OLFI,2022-03-29,6,6,5.7,5.96,-9.09,-0.59,-1,664378,3923815
OLFI,2022-03-28,6.57,6.57,6.31,6.49,1.25,0.08,-1,636169,4111225.93
OLFI,2022-03-27,6.49,6.49,6.15,6.41,3.88,0.24,-1,478674,3044801
OLFI,2022-03-24,6.2,6.2,6.11,6.19,0.49,0.03,-1,188026,1161448.25
OLFI,2022-03-23,6.16,6.16,6.06,6.1,0.16,0.01,-1,221698,1350889.38
OLFI,2022-03-22,6.25,6.25,6,6.09,0.16,0.01,-1,610232,3755612.25
OLFI,2022-03-21,6.25,6.25,6.07,6.08,-0.82,-0.05,-1,477404,2927903
OLFI,2022-03-20,6.25,6.25,6.01,6.13,4.07,0.24,-1,191015,1179003.25
OLFI,2022-03-17,5.95,5.95,5.86,5.89,0.51,0.03,-1,1239895,7313493
OLFI,2022-03-16,5.99,5.99,5.83,5.86,0.34,0.02,-1,403911,2381822.5
OLFI,2022-03-15,5.98,5.98,5.8,5.84,-1.68,-0.1,-1,1112263,6533734.5
OLFI,2022-03-14,6,6,5.91,5.94,0.17,0.01,-1,36640,217584.45
OLFI,2022-03-13,5.99,5.99,5.9,5.94,-0.51,-0.03,-1,18274,108354.94
OLFI,2022-03-10,5.98,5.98,5.86,5.94,0.34,0.02,-1,172547,1024990.5
OLFI,2022-03-09,6,6,5.75,5.92,2.07,0.12,-1,872849,5189135.5
OLFI,2022-03-08,5.95,5.95,5.78,5.8,-2.53,-0.15,-1,296851,1721823.13
OLFI,2022-03-07,6.1,6.1,5.5,5.93,-3.28,-0.2,-1,1908461,11298416
OLFI,2022-03-06,6.24,6.24,6.05,6.1,-0.33,-0.02,-1,290443,1772378.25
OLFI,2022-03-03,6.24,6.24,6.09,6.12,-0.16,-0.01,-1,153003,938616.19
OLFI,2022-03-02,6.5,6.5,6.03,6.13,0.33,0.02,-1,388726,2403344.21
OLFI,2022-03-01,6.25,6.25,5.95,6.11,2.35,0.14,-1,949281,5785314.5
OLFI,2022-02-28,6.2,6.2,5.92,5.97,-3.43,-0.21,-1,64331,387560.53
OLFI,2022-02-27,6.35,6.35,6.06,6.13,0.49,0.03,-1,25605,157724.95
OLFI,2022-02-24,6.39,6.39,5.81,6.13,0,0,-1,1361823,8357866
OLFI,2022-02-23,6.17,6.17,5.97,6.11,1.66,0.1,-1,854806,5217629.5
OLFI,2022-02-22,6.24,6.24,5.72,6.01,0.84,0.05,-1,1294364,7767661.5
OLFI,2022-02-21,5.96,5.96,5.77,5.96,3.83,0.22,-1,158751,935065.06
OLFI,2022-02-20,5.9,5.9,5.7,5.74,-3.39,-0.2,-1,176955,1023125.5
OLFI,2022-02-17,5.95,5.95,5.88,5.9,0,0,-1,222973,1317319.27
OLFI,2022-02-16,6.15,6.15,5.89,5.9,-1.5,-0.09,-1,328362,1939704.5
OLFI,2022-02-15,6.15,6.15,5.9,5.99,-1.32,-0.08,-1,88739,533224.63
OLFI,2022-02-14,6.2,6.2,6,6.08,1.15,0.07,-1,85066,515329.66
OLFI,2022-02-13,6.2,6.2,6,6.11,-1.64,-0.1,-1,36534,222590.13
OLFI,2022-02-10,6.39,6.39,6.1,6.11,-0.96,-0.06,-1,132510,817775.31
OLFI,2022-02-09,6.37,6.37,6.25,6.25,0,0,-1,91617,575872.63
OLFI,2022-02-08,6.42,6.42,6.18,6.25,-2.33,-0.15,-1,807509,5083781.5
OLFI,2022-02-07,6.44,6.44,6.21,6.45,-1.4,-0.09,-1,38570,245066.06
OLFI,2022-02-06,6.55,6.55,6.41,6.45,-0.77,-0.05,-1,73535,474556.84
OLFI,2022-02-03,6.5,6.5,6.32,6.46,0.16,0.01,-1,89685,578802
OLFI,2022-02-02,7.3,7.3,6.35,6.45,2.54,0.16,-1,777034,5060862.7
OLFI,2022-02-01,6.4,6.4,6.2,6.29,1.46,0.09,-1,200360,1263872.13
OLFI,2022-01-31,6.2,6.2,6.05,6.16,0.81,0.05,-1,136788,835916.56
OLFI,2022-01-30,6.16,6.16,6.01,6.15,-0.81,-0.05,-1,28844,177424.73
OLFI,2022-01-26,6.19,6.19,6.06,6.15,-0.98,-0.06,-1,22818,139322.91
OLFI,2022-01-25,6.23,6.23,6.01,6.15,0.65,0.04,-1,446227,2749259.75
OLFI,2022-01-24,6.49,6.49,6,6.15,2.5,0.15,-1,60228,372413.34
OLFI,2022-01-23,6.08,6.08,5.95,6,-0.17,-0.01,-1,862287,5173855.5
OLFI,2022-01-20,6.08,6.08,6,6.01,0,0,-1,1043603,6262384.5
OLFI,2022-01-19,6.07,6.07,6,6.06,1.17,0.07,-1,369470,2232416.75
OLFI,2022-01-18,6.06,6.06,6,6,1,0.06,-1,24456,147623.19
OLFI,2022-01-17,6.03,6.03,5.95,6,0,0,-1,1406253,8437712
OLFI,2022-01-16,6,6,5.87,6,0,0,-1,4618806,27703590
OLFI,2022-01-13,6,6,5.85,6,0,0,-1,5238900,31370864
OLFI,2022-01-12,5.99,5.99,5.9,5.95,0,0,-1,373439,2220330.25
OLFI,2022-01-11,5.99,5.99,5.85,5.95,0,0,-1,38394,226903.67
OLFI,2022-01-10,5.99,5.99,5.92,5.95,-0.34,-0.02,-1,1116243,6641655.5
OLFI,2022-01-09,6.1,6.1,5.9,5.94,-0.83,-0.05,-1,283510,1689616.5
OLFI,2022-01-05,6.18,6.18,5.95,6,0.5,0.03,-1,575603,3456098.56
OLFI,2022-01-04,6.19,6.19,5.92,5.97,1.18,0.07,-1,612838,3674050.5
OLFI,2022-01-03,6.19,6.19,5.9,5.93,0,0,-1,41320,245764.23
OLFI,2022-01-02,6,6,5.75,5.93,1.19,0.07,-1,831014,4972247.5
OLFI,2021-12-30,5.88,5.88,5.75,5.86,-1.02,-0.06,-1,38353,222991.7
OLFI,2021-12-29,5.88,5.88,4.73,5.86,1.38,0.08,-1,406418,2344680.79
OLFI,2021-12-28,5.8,5.8,5.74,5.78,0.17,0.01,-1,65124,374761.84
OLFI,2021-12-27,5.8,5.8,5.72,5.79,0.52,0.03,-1,140667,815760.5
OLFI,2021-12-26,5.82,5.82,5.7,5.77,1.75,0.1,-1,326160,1888295.25
OLFI,2021-12-23,5.8,5.8,5.75,5.7,0.88,0.05,-1,23441,135332.34
OLFI,2021-12-22,5.75,5.75,5.67,5.7,0,0,-1,58785,335611.91
OLFI,2021-12-21,5.76,5.76,5.7,5.7,0,0,-1,27626,157573.36
OLFI,2021-12-20,5.79,5.79,5.6,5.7,-0.87,-0.05,-1,106215,604505.88
OLFI,2021-12-19,5.8,5.8,5.71,5.75,0.87,0.05,-1,28651,165166.09
OLFI,2021-12-16,5.79,5.79,5.7,5.75,1.77,0.1,-1,2300475,13225551
OLFI,2021-12-15,5.85,5.85,5.64,5.65,2.3,0.13,-1,39012,222163.88
OLFI,2021-12-14,5.86,5.86,5.6,5.65,-4.58,-0.27,-1,56643,322467.44
OLFI,2021-12-13,5.9,5.9,5.75,5.9,0.52,0.03,-1,110978,649867.19
OLFI,2021-12-12,5.85,5.85,5.71,5.75,0.86,0.05,-1,52734,303247.53
OLFI,2021-12-09,5.83,5.83,5.7,5.8,0.17,0.01,-1,76526,437896.41
OLFI,2021-12-08,5.9,5.9,5.7,5.79,0,0,-1,38124,220787.7
OLFI,2021-12-07,5.84,5.84,5.67,5.79,0.17,0.01,-1,50938,294815.31
OLFI,2021-12-06,5.9,5.9,5.65,5.79,0.17,0.01,-1,545448,3162031
OLFI,2021-12-05,5.89,5.89,5.67,5.79,0,0,-1,59733,345831.66
OLFI,2021-12-02,5.82,5.82,5.76,5.77,3.2,0.18,-1,73094,424152.81
OLFI,2021-12-01,5.8,5.8,5.75,5.62,2.49,0.14,-1,27780,160687.19
OLFI,2021-11-30,5.8,5.8,5.62,5.62,3.2,0.18,-1,11058,63777.66
OLFI,2021-11-29,5.79,5.79,5.66,5.62,2.85,0.16,-1,2056,11884.89
OLFI,2021-11-28,5.75,5.75,5.6,5.62,-3.61,-0.21,-1,105060,593095.63
OLFI,2021-11-25,5.85,5.85,5.76,5.81,0.87,0.05,-1,518753,3008865.5
OLFI,2021-11-24,5.8,5.8,5.73,5.75,-0.86,-0.05,-1,6139428,35352388
OLFI,2021-11-23,5.81,5.81,5.72,5.8,3.2,0.18,-1,1173823,6806884
OLFI,2021-11-22,5.8,5.8,5.6,5.62,-1.58,-0.09,-1,736560,4194000
OLFI,2021-11-21,5.8,5.8,5.65,5.69,-2.06,-0.12,-1,651126,3707667
OLFI,2021-11-18,5.82,5.82,5.7,5.82,1.93,0.11,-1,391759,2269009.5
OLFI,2021-11-17,5.79,5.79,5.42,5.71,-1.4,-0.08,-1,30178,171311.86
OLFI,2021-11-16,5.8,5.8,5.6,5.71,-0.87,-0.05,-1,59374,339946.56
OLFI,2021-11-15,5.82,5.82,5.76,5.76,0,0,-1,17370,100694.3
OLFI,2021-11-14,5.84,5.84,5.72,5.76,0,0,-1,43208,249082.84
OLFI,2021-11-11,5.85,5.85,5.76,5.76,1.39,0.08,-1,3490,20400.39
OLFI,2021-11-10,5.87,5.87,5.3,5.76,-0.17,-0.01,-1,982796,5706041
OLFI,2021-11-09,5.9,5.9,5.67,5.81,-1.19,-0.07,-1,400003,2321393
OLFI,2021-11-08,5.89,5.89,5.8,5.88,1.38,0.08,-1,113640,662068.44
OLFI,2021-11-07,5.87,5.87,5.8,5.81,1.03,0.06,-1,34512,201361.25
OLFI,2021-11-04,5.88,5.88,5.78,5.81,-0.51,-0.03,-1,369218,2145740.5
OLFI,2021-11-03,5.85,5.85,5.7,5.83,3.37,0.19,-1,357922,2072491.23
OLFI,2021-11-02,5.73,5.73,5.6,5.64,-0.7,-0.04,-1,183739,1034899.63
OLFI,2021-11-01,5.79,5.79,5.4,5.68,3.46,0.19,-1,3121487,17474884
OLFI,2021-10-31,5.5,5.5,5.35,5.49,2.43,0.13,-1,1114712,5975244.5
OLFI,2021-10-28,5.5,5.5,5.31,5.36,0,0,-1,615376,3337715.75
OLFI,2021-10-27,5.43,5.43,5.31,5.4,-1.1,-0.06,-1,384092,2073808.63
OLFI,2021-10-26,5.53,5.53,5.37,5.46,-0.18,-0.01,-1,38595,209762.97
OLFI,2021-10-25,5.6,5.6,5.11,5.46,7.42,0.38,-1,885701,4642770.5
OLFI,2021-10-24,5.29,5.29,5.08,5.12,-0.2,-0.01,-1,226660,1175377.25
OLFI,2021-10-20,5.2,5.2,5.1,5.11,0.39,0.02,-1,845729,4323971
OLFI,2021-10-19,5.26,5.26,5,5.09,1.39,0.07,-1,575885,2956226.5
OLFI,2021-10-18,5.2,5.2,5.07,5.02,3.59,0.18,-1,26742,137201.02
OLFI,2021-10-17,5.24,5.24,5,5.02,-1.75,-0.09,-1,416796,2098548.5
OLFI,2021-10-14,5.36,5.36,5.13,5.14,0.39,0.02,-1,2008922,10330169
OLFI,2021-10-13,5.14,5.14,5.09,5.12,0.78,0.04,-1,1311670,6684149.5
OLFI,2021-10-12,5.15,5.15,5.01,5.1,0.6,0.03,-1,2029916,10350783
OLFI,2021-10-11,5.1,5.1,5,5.01,-0.79,-0.04,-1,163887,822347.69
OLFI,2021-10-10,5.19,5.19,5.03,5.05,-1.57,-0.08,-1,152530,777428.81
OLFI,2021-10-06,5.24,5.24,5.09,5.11,-1.16,-0.06,-1,206631,1065925.5
OLFI,2021-10-05,5.25,5.25,5.14,5.17,-3.02,-0.16,-1,740238,3849723
OLFI,2021-10-04,5.21,5.21,5.12,5.3,-3.4,-0.18,-1,49435,256105.98
OLFI,2021-10-03,5.3,5.3,5.15,5.3,-1.89,-0.1,-1,53072,279143.47
OLFI,2021-09-30,5.45,5.45,5.25,5.3,-1.49,-0.08,-1,353122,1871528.25
OLFI,2021-09-29,5.45,5.45,5.25,5.38,-2.23,-0.12,-1,5280,27744.65
OLFI,2021-09-28,5.44,5.44,5.25,5.38,-2.42,-0.13,-1,29679,157105.59
OLFI,2021-09-27,5.48,5.48,5.13,5.38,-2.39,-0.13,-1,283750,1515515.63
OLFI,2021-09-26,5.64,5.64,5.35,5.43,-0.55,-0.03,-1,24473,134004.59
OLFI,2021-09-23,5.49,5.49,5.14,5.43,7.44,0.38,-1,100232,526610.44
OLFI,2021-09-22,5.3,5.3,5,5.11,-4.49,-0.24,-1,488895,2520697.5
OLFI,2021-09-21,5.49,5.49,5.23,5.35,-1.12,-0.06,-1,46222,245836.92
OLFI,2021-09-20,5.89,5.89,5.25,5.35,-6.3,-0.36,-1,674384,3801900.5
OLFI,2021-09-19,5.89,5.89,5.71,5.71,0,0,-1,34388,197708.55
OLFI,2021-09-16,5.99,5.99,5.66,5.71,1.06,0.06,-1,85022,499537.97
OLFI,2021-09-15,5.7,5.7,5.6,5.65,0,0,-1,147556,833821.31
OLFI,2021-09-14,5.89,5.89,5.6,5.65,0.89,0.05,-1,56525,319532.13
OLFI,2021-09-13,5.75,5.75,5.58,5.6,-1.58,-0.09,-1,68904,385864.5
OLFI,2021-09-12,5.95,5.95,5.59,5.69,2.15,0.12,-1,23946,135688.56
OLFI,2021-09-09,5.6,5.6,5.58,5.58,-0.36,-0.02,-1,89447,500361.34
OLFI,2021-09-08,5.68,5.68,5.58,5.6,0.18,0.01,-1,71414,400849.03
OLFI,2021-09-07,5.73,5.73,5.56,5.59,-1.24,-0.07,-1,92024,515566.34
OLFI,2021-09-06,5.95,5.95,5.6,5.63,-2.07,-0.12,-1,21027,119879.31
OLFI,2021-09-05,5.9,5.9,5.82,5.8,1.03,0.06,-1,13846,81438.84
OLFI,2021-09-02,5.83,5.83,5.74,5.8,-0.51,-0.03,-1,171176,992810.5
OLFI,2021-09-01,5.99,5.99,5.71,5.83,-3,-0.18,-1,33808,196971.09
OLFI,2021-08-31,6.08,6.08,5.86,6,-2.33,-0.14,-1,265526,1592514.75
OLFI,2021-08-30,6.15,6.15,5.93,6,-1.17,-0.07,-1,121520,729403.5
OLFI,2021-08-29,6.2,6.2,6,6,0,0,-1,588802,3535106.75
OLFI,2021-08-26,6.1,6.1,6.02,6.05,-0.33,-0.02,-1,63565,384681.88
OLFI,2021-08-25,6.25,6.25,6.05,6.1,0,0,-1,59582,363263.25
OLFI,2021-08-24,6.25,6.25,6,6.1,-0.33,-0.02,-1,128034,780842.44
OLFI,2021-08-23,6.25,6.25,6.05,6.14,3.31,0.2,-1,128619,790062.13
OLFI,2021-08-22,6.09,6.09,5.96,6.05,1.33,0.08,-1,162387,983100.31
OLFI,2021-08-19,6.07,6.07,5.99,6,-0.33,-0.02,-1,961325,5771552
OLFI,2021-08-18,6.1,6.1,5.83,6.09,-0.49,-0.03,-1,71256,433942.63
OLFI,2021-08-17,6.15,6.15,6.05,6.09,-0.16,-0.01,-1,57976,353003.53
OLFI,2021-08-16,6.1,6.1,6.02,6.08,0.33,0.02,-1,95290,578962.69
OLFI,2021-08-15,6.2,6.2,5.95,6.06,-1.63,-0.1,-1,71563,433894.66
OLFI,2021-08-11,6.2,6.2,6.02,6.15,0.83,0.05,-1,137561,845445.88
OLFI,2021-08-10,6.1,6.1,6,6,-2.44,-0.15,-1,828500,4972426
OLFI,2021-08-09,6.3,6.3,6,6.15,-4,-0.25,-1,195426,1201950
OLFI,2021-08-08,6.3,6.3,6,6.25,3.82,0.23,-1,875941,5474489.5
OLFI,2021-08-05,6.13,6.13,5.95,6.02,0.5,0.03,-1,209366,1259447.91
OLFI,2021-08-04,6.1,6.1,5.9,5.99,1.02,0.06,-1,446615,2675916.25
OLFI,2021-08-03,6.1,6.1,5.7,5.9,-0.34,-0.02,-1,229300,1351960
OLFI,2021-08-02,6,6,5.82,5.88,-1.19,-0.07,-1,129394,760212.75
OLFI,2021-08-01,6,6,5.58,5.89,3.99,0.23,-1,282114,1661395.63
OLFI,2021-07-29,5.98,5.98,5.49,5.76,6.8,0.37,-1,225766,1299455.63
OLFI,2021-07-28,5.49,5.49,5.4,5.44,1.67,0.09,-1,923114,5019634.5
OLFI,2021-07-27,5.54,5.54,5.3,5.39,-4.12,-0.23,-1,564667,3043158.25
OLFI,2021-07-26,5.8,5.8,5.41,5.58,-2.32,-0.13,-1,184934,1031907.75
OLFI,2021-07-25,5.68,5.68,5.55,5.6,1.08,0.06,-1,164152,919115.94
OLFI,2021-07-18,5.6,5.6,5.5,5.54,-0.89,-0.05,-1,170471,945238.94
OLFI,2021-07-15,5.62,5.62,5.57,5.59,-2.28,-0.13,-1,182614,1021406.31
OLFI,2021-07-14,5.7,5.7,5.53,5.7,-1.4,-0.08,-1,8234,46563.18
OLFI,2021-07-13,5.74,5.74,5.61,5.7,-0.36,-0.02,-1,358117,2040287
OLFI,2021-07-12,5.84,5.84,5.59,5.63,-1.58,-0.09,-1,18818,105945.92
OLFI,2021-07-11,5.92,5.92,5.59,5.7,-1.93,-0.11,-1,9879,56811
OLFI,2021-07-08,5.92,5.92,5.6,5.7,-1.75,-0.1,-1,466708,2659390.5
OLFI,2021-07-07,5.91,5.91,5.7,5.71,-2.22,-0.13,-1,32432,185145.53
OLFI,2021-07-06,5.95,5.95,5.7,5.85,0.85,0.05,-1,14464,84418.45
OLFI,2021-07-05,5.94,5.94,5.73,5.85,-2.55,-0.15,-1,401061,2345004.75
OLFI,2021-07-04,6,6,5.8,5.88,1.54,0.09,-1,100013,587855.94
OLFI,2021-06-30,5.94,5.94,5.75,5.84,-0.85,-0.05,-1,72488,423257.5
OLFI,2021-06-29,5.95,5.95,5.8,5.85,-2.52,-0.15,-1,26498,154984.59
OLFI,2021-06-28,5.98,5.98,5.89,5.95,-0.17,-0.01,-1,6774,39971.61
OLFI,2021-06-27,5.99,5.99,5.7,5.95,-3.67,-0.22,-1,753886,4485075.5
OLFI,2021-06-24,6.01,6.01,5.98,6,-0.5,-0.03,-1,402477,2413818.25
OLFI,2021-06-23,6.1,6.1,6,6.02,0,0,-1,1309167,7880973.5
OLFI,2021-06-22,6.3,6.3,6,6.01,0,0,-1,483373,2905253.5
OLFI,2021-06-21,6.1,6.1,5.9,6,1.69,0.1,-1,552553,3314607.75
OLFI,2021-06-20,6,6,5.98,5.9,1.36,0.08,-1,13270,79558
OLFI,2021-06-17,6.28,6.28,5.85,5.9,-1.34,-0.08,-1,448700,2649336
OLFI,2021-06-16,6.09,6.09,5.8,5.98,-3.94,-0.24,-1,128095,766621.94
OLFI,2021-06-15,6.35,6.35,6,6.09,-2.91,-0.18,-1,295182,1797855.75
OLFI,2021-06-14,6.4,6.4,6.12,6.18,-0.63,-0.04,-1,309078,1909510.25
OLFI,2021-06-13,6.45,6.45,6.26,6.36,-3.25,-0.21,-1,30308,192705.42
OLFI,2021-06-10,6.5,6.5,6.25,6.47,-2.88,-0.19,-1,344324,2228901
OLFI,2021-06-09,6.8,6.8,6.36,6.59,-0.92,-0.06,-1,1122317,7401467.5
OLFI,2021-06-08,6.5,6.5,6.35,6.5,-0.77,-0.05,-1,20047,130260.45
OLFI,2021-06-07,6.3,6.3,6.3,6.5,-3.08,-0.2,-1,10,63
OLFI,2021-06-06,6.5,6.5,6.27,6.5,0.15,0.01,-1,487435,3167758.25
OLFI,2021-06-03,6.7,6.7,6.26,6.48,-0.92,-0.06,-1,109471,709075.75
OLFI,2021-06-02,6.51,6.51,6.35,6.5,-2.31,-0.15,-1,45576,296287.16
OLFI,2021-06-01,6.4,6.4,6.4,6.5,-1.54,-0.1,-1,125,800
OLFI,2021-05-31,6.6,6.6,6.36,6.5,1.69,0.11,-1,18694,121524.92
OLFI,2021-05-30,6.5,6.5,6.26,6.49,0.15,0.01,-1,885,5734.5
OLFI,2021-05-27,6.5,6.5,6.12,6.49,0.15,0.01,-1,14353,90821.08
OLFI,2021-05-26,6.5,6.5,6.22,6.49,-3.7,-0.24,-1,1485,9282.45
OLFI,2021-05-25,6.25,6.25,6.25,6.49,-3.7,-0.24,-1,6000,37500
OLFI,2021-05-24,6.5,6.5,6.25,6.49,-3.7,-0.24,-1,7963,51126.25
OLFI,2021-05-23,6.5,6.5,6.45,6.49,0.15,0.01,-1,16550,107347.1
OLFI,2021-05-20,6.5,6.5,6.21,6.49,-1.22,-0.08,-1,378437,2456020.5
OLFI,2021-05-19,6.6,6.6,6.2,6.56,-3.88,-0.25,-1,572614,3753875
OLFI,2021-05-18,6.5,6.5,6.4,6.45,0.78,0.05,-1,10170,65985.12
OLFI,2021-05-17,6.6,6.6,6.21,6.45,-1.86,-0.12,-1,5721,35870.91
OLFI,2021-05-11,6.6,6.6,6.12,6.45,5.26,0.33,-1,78836,508488.97
OLFI,2021-05-10,6.3,6.3,6.2,6.27,0.48,0.03,-1,12739,79522.3
OLFI,2021-05-09,6.6,6.6,6.15,6.27,-1.27,-0.08,-1,24151,151323.41
OLFI,2021-05-06,6.5,6.5,6.11,6.29,4.84,0.3,-1,151882,955810.44
OLFI,2021-05-05,6.44,6.44,6.15,6.2,1.45,0.09,-1,4341,27070.19
OLFI,2021-05-04,6.59,6.59,6,6.2,-1.07,-0.07,-1,17246,106930.33
OLFI,2021-04-28,6.6,6.6,6.15,6.57,3.3,0.21,-1,209000,1372200.5
OLFI,2021-04-27,6.4,6.4,6.17,6.36,-1.84,-0.12,-1,27685,176143.53
OLFI,2021-04-26,6.58,6.58,6.1,6.52,-7.29,-0.48,-1,19700,128424.16
OLFI,2021-04-25,6.6,6.6,6.3,6.58,2.17,0.14,-1,45010,296291.84
OLFI,2021-04-22,6.5,6.5,6.15,6.46,0.78,0.05,-1,87756,566594.13
OLFI,2021-04-21,6.75,6.75,6.08,6.45,-6.15,-0.4,-1,79071,510224.19
OLFI,2021-04-20,6.05,6.05,6.05,6.5,-6.92,-0.45,-1,1,6.05
OLFI,2021-04-19,6.5,6.5,6.12,6.5,0,0,-1,10000,64988.6
OLFI,2021-04-18,6.5,6.5,6.5,6.5,0,0,-1,2000,13000
OLFI,2021-04-15,6.5,6.5,6.45,6.5,-1.37,-0.09,-1,24160,157005
OLFI,2021-04-14,6.6,6.6,6.3,6.59,-0.75,-0.05,-1,20000,131795
OLFI,2021-04-13,6.69,6.69,6.55,6.65,0.6,0.04,-1,1200,7930
OLFI,2021-04-12,6.65,6.65,6.63,6.65,0.76,0.05,-1,698612,4645758.5
OLFI,2021-04-11,6.77,6.77,6.65,6.6,0.76,0.05,-1,135,906.75
OLFI,2021-04-08,6.71,6.71,6.5,6.6,0,0,-1,1482170,9782743
OLFI,2021-04-07,6.82,6.82,6.65,6.63,0.3,0.02,-1,200,1338.5
OLFI,2021-04-06,6.65,6.65,6.61,6.63,-2.65,-0.18,-1,31400,208230
OLFI,2021-04-05,6.55,6.55,6.5,6.79,-3.98,-0.27,-1,8328,54176.4
OLFI,2021-04-04,6.5,6.5,6.5,6.79,-4.27,-0.29,-1,2100,13650
OLFI,2021-04-01,6.81,6.81,6.39,6.79,7.24,0.46,-1,15547,105593.04
OLFI,2021-03-31,6.5,6.5,6.35,6.35,1.09,0.07,-1,6215701,39475184
OLFI,2021-03-30,6.5,6.5,6.39,6.43,-1.54,-0.1,-1,160156,1029337.88
OLFI,2021-03-29,6.52,6.52,6.5,6.5,1.56,0.1,-1,15570,101234.4
OLFI,2021-03-28,6.88,6.88,6.55,6.4,7.5,0.48,-1,5493,36136.9
OLFI,2021-03-25,6.6,6.6,6.3,6.4,3.17,0.2,-1,113099,723870.81
OLFI,2021-03-24,6.32,6.32,6.2,6.3,2.61,0.16,-1,3865633,24351892
OLFI,2021-03-23,6.31,6.31,5.56,6.14,0.49,0.03,-1,447732,2748662
OLFI,2021-03-22,6.22,6.22,5.94,6.17,-5.92,-0.39,-1,150623,929458.75
OLFI,2021-03-21,6.02,6.02,6,6.59,-8.95,-0.59,-1,6610,39684
OLFI,2021-03-18,7,7,6.57,6.59,-9.88,-0.72,-1,16300,107451.58
OLFI,2021-03-17,7.34,7.34,7.23,7.29,1.8,0.13,-1,49715,362638.16
OLFI,2021-03-16,7.3,7.3,7.1,7.21,-3.13,-0.23,-1,390864,2818751
OLFI,2021-03-15,7.48,7.48,7.1,7.34,-0.8,-0.06,-1,886262,6505696.5
OLFI,2021-03-14,7.5,7.5,7.45,7.46,-0.53,-0.04,-1,27310,203720.8
OLFI,2021-03-11,7.52,7.52,7.5,7.49,0.13,0.01,-1,12995,97546.45
OLFI,2021-03-10,7.5,7.5,7.45,7.49,-0.67,-0.05,-1,488846,3660421.25
OLFI,2021-03-09,7.65,7.65,7.5,7.5,-1.96,-0.15,-1,38087,285763.91
OLFI,2021-03-08,7.8,7.8,7.56,7.65,-0.26,-0.02,-1,1720770,13164781
OLFI,2021-03-07,7.95,7.95,7.51,7.64,-2.05,-0.16,-1,15540,118706.34
OLFI,2021-03-04,7.8,7.8,7.73,7.8,0,0,-1,2976,23203
OLFI,2021-03-03,8,8,7.5,7.8,-2.5,-0.2,-1,529397,4129298.75
OLFI,2021-03-02,7.9,7.9,7.88,8,-1.25,-0.1,-1,5000,39492.98
OLFI,2021-03-01,8,8,7.8,8,-1.24,-0.1,-1,178920,1431327
OLFI,2021-02-28,8.17,8.17,7.5,8.09,0.86,0.07,-1,50000,404479.41
OLFI,2021-02-25,8.2,8.2,7.57,8.1,3.14,0.25,-1,83168,674074.13
OLFI,2021-02-24,8.22,8.22,7.66,7.95,2.17,0.17,-1,53105,422350.91
OLFI,2021-02-23,8.23,8.23,7.51,7.83,8.29,0.63,-1,14050,110018.77
OLFI,2021-02-22,7.8,7.8,7.5,7.6,4,0.3,-1,600079,4559753.5
OLFI,2021-02-21,7.62,7.62,7.54,7.5,0.53,0.04,-1,2000,15199.2
OLFI,2021-02-18,7.62,7.62,7.5,7.5,0,0,-1,93975,704813.69
OLFI,2021-02-17,7.5,7.5,7.29,7.5,0,0,-1,259997,1949583
OLFI,2021-02-16,7.5,7.5,7.5,7.5,0,0,-1,9714,72855
OLFI,2021-02-15,7.55,7.55,7.48,7.5,1.89,0.14,-1,750530,5629002.5
OLFI,2021-02-14,7.5,7.5,7.25,7.41,-2.68,-0.2,-1,54000,400322.41
OLFI,2021-02-11,7.5,7.5,7.25,7.45,2.04,0.15,-1,30900,230113.2
OLFI,2021-02-10,7.35,7.35,7.3,7.35,-0.68,-0.05,-1,1900,13890
OLFI,2021-02-09,7.5,7.5,7.25,7.35,3.02,0.22,-1,19100,140475.09
OLFI,2021-02-08,7.4,7.4,7.25,7.28,0.69,0.05,-1,41660,303102.91
OLFI,2021-02-07,7.42,7.42,7.25,7.25,-0.55,-0.04,-1,579685,4203276.5
OLFI,2021-02-04,7.4,7.4,7.3,7.3,-2.67,-0.2,-1,123208,899544
OLFI,2021-02-03,7.65,7.65,7.4,7.5,-1.46,-0.11,-1,1889747,14172837
OLFI,2021-02-02,7.76,7.76,7.42,7.51,1.34,0.1,-1,412658,3098402.5
OLFI,2021-02-01,7.96,7.96,7.3,7.45,3.59,0.26,-1,976222,7271309.5
OLFI,2021-01-31,7.45,7.45,7.1,7.24,3.47,0.25,-1,39042,282518.91
OLFI,2021-01-27,7.3,7.3,7.1,7.2,3.84,0.27,-1,1595546,11482222
OLFI,2021-01-26,7.3,7.3,6.94,7.03,3.97,0.27,-1,645582,4541644
OLFI,2021-01-25,6.8,6.8,6.74,6.8,0.74,0.05,-1,1551696,10546380
OLFI,2021-01-24,6.79,6.79,6.79,6.75,0.59,0.04,-1,100,679
OLFI,2021-01-21,6.89,6.89,6.5,6.75,0.74,0.05,-1,1217711,8215845
OLFI,2021-01-20,6.81,6.81,6.65,6.79,1.06,0.07,-1,289047,1963436.75
OLFI,2021-01-19,6.7,6.7,6.55,6.62,1.53,0.1,-1,177734,1175957.75
OLFI,2021-01-18,6.66,6.66,6.5,6.55,-1.65,-0.11,-1,172740,1131522
OLFI,2021-01-17,7,7,6.3,6.66,-2.08,-0.14,-1,329150,2191746.75
OLFI,2021-01-14,6.82,6.82,6.35,6.74,10,0.62,-1,1842130,12415283
OLFI,2021-01-13,6.5,6.5,5.95,6.2,7.56,0.45,-1,472110,2928662.75
OLFI,2021-01-12,6,6,5.9,5.95,0.68,0.04,-1,40500,240815
OLFI,2021-01-11,5.98,5.98,5.9,5.91,0,0,-1,729700,4310994
OLFI,2021-01-10,6,6,5.89,5.95,1.88,0.11,-1,59969,357095.84
OLFI,2021-01-06,5.85,5.85,5.69,5.84,3.76,0.21,-1,483396,2820834
OLFI,2021-01-05,5.68,5.68,5.55,5.59,-1.06,-0.06,-1,25790,144075.2
OLFI,2021-01-04,5.72,5.72,5.55,5.67,-2.12,-0.12,-1,31000,175666.17
OLFI,2021-01-03,5.8,5.8,5.68,5.67,0,0,-1,7117,41083.43
OLFI,2020-12-31,5.71,5.71,5.67,5.67,0,0,-1,782478,4436701.5
OLFI,2020-12-30,5.78,5.78,5.6,5.67,3.21,0.18,-1,21075,119500.23
OLFI,2020-12-29,5.7,5.7,5.58,5.6,0,0,-1,128183,717971.81
OLFI,2020-12-28,5.75,5.75,5.6,5.7,1.05,0.06,-1,47791,272361.56
OLFI,2020-12-27,5.74,5.74,5.55,5.69,0.88,0.05,-1,3457,19648.18
OLFI,2020-12-24,5.7,5.7,5.58,5.69,-2.26,-0.13,-1,158697,902781.38
OLFI,2020-12-23,5.8,5.8,5.7,5.75,0.18,0.01,-1,396028,2275589.25
OLFI,2020-12-22,5.7,5.7,5.56,5.69,0,0,-1,215118,1224056.63
OLFI,2020-12-21,5.8,5.8,5.52,5.69,-2.23,-0.13,-1,1147954,6532035.5
OLFI,2020-12-20,5.85,5.85,5.55,5.82,1.75,0.1,-1,912385,5310737.5
OLFI,2020-12-17,5.7,5.7,5.7,5.7,-0.35,-0.02,-1,92650,528105
OLFI,2020-12-16,5.75,5.75,5.6,5.72,-2.56,-0.15,-1,138534,791877.75
OLFI,2020-12-15,5.9,5.9,5.8,5.85,0.52,0.03,-1,674089,3941071
OLFI,2020-12-14,5.9,5.9,5.72,5.82,0.52,0.03,-1,569632,3317433
OLFI,2020-12-13,5.9,5.9,5.75,5.77,0.52,0.03,-1,575237,3321895
OLFI,2020-12-10,5.81,5.81,5.65,5.77,0,0,-1,2289097,13205350
OLFI,2020-12-09,5.94,5.94,5.75,5.8,0.17,0.01,-1,1717914,9968118
OLFI,2020-12-08,5.9,5.9,5.55,5.75,8.29,0.45,-1,4548421,26134802
OLFI,2020-12-07,5.56,5.56,5.1,5.43,9.88,0.5,-1,2731482,14819113
OLFI,2020-12-06,5.2,5.2,5,5.06,-1.77,-0.09,-1,349681,1769460.13
OLFI,2020-12-03,5.17,5.17,5.07,5.09,0.99,0.05,-1,72840,370539.66
OLFI,2020-12-02,5.4,5.4,5,5.04,-3.42,-0.18,-1,1467756,7392567.5
OLFI,2020-12-01,5.28,5.28,5.25,5.27,-0.57,-0.03,-1,411959,2169874
OLFI,2020-11-30,5.35,5.35,5.16,5.28,2.88,0.15,-1,141216,745733
OLFI,2020-11-29,5.24,5.24,5.2,5.2,-0.95,-0.05,-1,304285,1582307.13
OLFI,2020-11-26,5.29,5.29,5.11,5.25,0.58,0.03,-1,49670,260887.09
OLFI,2020-11-25,5.3,5.3,5.1,5.17,-0.95,-0.05,-1,544329,2815253.75
OLFI,2020-11-24,5.3,5.3,5.2,5.28,-2.07,-0.11,-1,297514,1570344.13
OLFI,2020-11-23,5.33,5.33,5,5.31,-0.38,-0.02,-1,360267,1911605.63
OLFI,2020-11-22,5.49,5.49,5.2,5.32,0.56,0.03,-1,17174,90398.66
OLFI,2020-11-19,5.36,5.36,5.28,5.32,-2.22,-0.12,-1,3077960,16367634
OLFI,2020-11-18,5.4,5.4,5.3,5.4,-0.37,-0.02,-1,1515675,8180780.5
OLFI,2020-11-17,5.49,5.49,5.39,5.4,-0.55,-0.03,-1,383806,2072765.38
OLFI,2020-11-16,5.5,5.5,5.38,5.42,-0.92,-0.05,-1,232564,1260221.63
OLFI,2020-11-15,5.55,5.55,5.4,5.44,-2.17,-0.12,-1,64400,350448.88
OLFI,2020-11-12,5.76,5.76,5.3,5.52,-2.68,-0.15,-1,240037,1325775.88
OLFI,2020-11-11,5.6,5.6,5.6,5.6,-0.18,-0.01,-1,33008,184844.8
OLFI,2020-11-10,5.65,5.65,5.6,5.61,1.45,0.08,-1,61851,346957.69
OLFI,2020-11-09,5.57,5.57,5.5,5.52,-0.72,-0.04,-1,2011967,11106561
OLFI,2020-11-08,5.55,5.55,5.5,5.54,2.4,0.13,-1,15945,88260
OLFI,2020-11-05,5.5,5.5,5.41,5.42,-1.28,-0.07,-1,7000,37960
OLFI,2020-11-04,5.5,5.5,5.4,5.48,2.8,0.15,-1,11864,65065.6
OLFI,2020-11-03,5.36,5.36,5.35,5.35,0.56,0.03,-1,857143,4585788
OLFI,2020-11-02,5.5,5.5,5.3,5.32,-2.75,-0.15,-1,341277,1815223.5
OLFI,2020-11-01,5.45,5.45,5.42,5.45,-1.8,-0.1,-1,21723,118348.66
OLFI,2020-10-28,5.5,5.5,5.5,5.55,-0.9,-0.05,-1,1000,5500
OLFI,2020-10-27,5.65,5.65,5.36,5.55,-2.15,-0.12,-1,1727639,9582503
OLFI,2020-10-26,5.69,5.69,5.55,5.59,0.18,0.01,-1,134667,752941.88
OLFI,2020-10-25,5.6,5.6,5.3,5.59,0.36,0.02,-1,33893,189592.2
OLFI,2020-10-22,5.75,5.75,5.55,5.58,0.9,0.05,-1,1501642,8379513.5
OLFI,2020-10-21,5.7,5.7,5.55,5.55,1.08,0.06,-1,1269800,7049065
OLFI,2020-10-20,5.7,5.7,5.55,5.55,0,0,-1,332270,1844597.5
OLFI,2020-10-19,5.55,5.55,5.5,5.55,-0.89,-0.05,-1,1903472,10563493
OLFI,2020-10-18,5.62,5.62,5.54,5.6,-2.61,-0.15,-1,40075,224575
OLFI,2020-10-15,5.85,5.85,5.63,5.75,-1.91,-0.11,-1,291100,1673814.38
OLFI,2020-10-14,5.79,5.79,5.65,5.75,2.54,0.14,-1,84756,487022.47
OLFI,2020-10-13,5.68,5.68,5.47,5.51,3.28,0.18,-1,611250,3367075
OLFI,2020-10-12,5.5,5.5,5.39,5.48,0.18,0.01,-1,361600,1980033.75
OLFI,2020-10-11,5.5,5.5,5.35,5.49,2.61,0.14,-1,53500,293802.19
OLFI,2020-10-07,5.4,5.4,5.33,5.36,-0.74,-0.04,-1,156735,839584.75
OLFI,2020-10-05,5.4,5.4,5.34,5.4,-2,-0.11,-1,244515,1319344
OLFI,2020-10-04,5.75,5.75,5.5,5.51,0.36,0.02,-1,48115,265024.5
OLFI,2020-10-01,5.5,5.5,5.41,5.49,-1.46,-0.08,-1,124300,682980
OLFI,2020-09-30,5.5,5.5,5.32,5.49,-0.18,-0.01,-1,14550,79816.5
OLFI,2020-09-29,5.51,5.51,5.4,5.5,-1.82,-0.1,-1,191239,1051820.38
OLFI,2020-09-28,5.5,5.5,5.21,5.5,-0.54,-0.03,-1,23440,128814.7
OLFI,2020-09-27,5.6,5.6,5.49,5.52,-0.72,-0.04,-1,179080,987962.81
OLFI,2020-09-24,5.56,5.56,5.5,5.53,-1.96,-0.11,-1,94923,524720.69
OLFI,2020-09-23,5.75,5.75,5.6,5.61,-2.77,-0.16,-1,136546,766140.44
OLFI,2020-09-22,5.98,5.98,5.7,5.78,-3.51,-0.21,-1,22983,132866.08
OLFI,2020-09-21,5.85,5.85,5.8,5.99,-3.17,-0.19,-1,3660,21335.8
OLFI,2020-09-20,6,6,5.82,5.99,0.5,0.03,-1,150000,898760.56
OLFI,2020-09-17,5.97,5.97,5.97,5.97,0,0,-1,2500,14925
OLFI,2020-09-16,6,6,5.9,5.97,1.53,0.09,-1,76267,455612.47
OLFI,2020-09-15,6,6,5.9,5.9,0,0,-1,606483,3578904
OLFI,2020-09-14,5.9,5.9,5.72,5.9,0.86,0.05,-1,1140548,6726753.5
OLFI,2020-09-13,5.81,5.81,5.8,5.8,-1.69,-0.1,-1,12470,72339.5
OLFI,2020-09-10,6,6,5.7,5.9,6.7,0.37,-1,1776573,10481095
OLFI,2020-09-09,5.62,5.62,5.5,5.52,-0.54,-0.03,-1,415450,2295014
OLFI,2020-09-08,5.89,5.89,5.51,5.57,-7.86,-0.47,-1,242758,1353228.63
OLFI,2020-09-07,5.99,5.99,5.8,5.98,-2.52,-0.15,-1,18784,112309.66
OLFI,2020-09-06,6,6,5.81,5.95,-1.5,-0.09,-1,102521,609871.19
OLFI,2020-09-03,6.02,6.02,5.98,5.99,-0.99,-0.06,-1,41900,251156.41
OLFI,2020-09-02,6.1,6.1,6,6.04,-2.6,-0.16,-1,181065,1093839.25
OLFI,2020-09-01,6.05,6.05,6.05,6.16,-1.79,-0.11,-1,150,907.5
OLFI,2020-08-31,6.2,6.2,6.01,6.16,-3.02,-0.19,-1,112056,690690.5
OLFI,2020-08-30,6.54,6.54,6.15,6.29,-1.28,-0.08,-1,89500,563266.75
OLFI,2020-08-27,6.65,6.65,6,6.24,-6.49,-0.42,-1,244749,1527782.5
OLFI,2020-08-26,6.6,6.6,6.45,6.47,0,0,-1,550704,3565476
OLFI,2020-08-25,6.5,6.5,6.5,6.5,0,0,-1,79269,515248.5
OLFI,2020-08-24,6.6,6.6,6.5,6.5,-1.37,-0.09,-1,232997,1515537
OLFI,2020-08-23,6.7,6.7,6.5,6.59,0.76,0.05,-1,30432,200455.8
OLFI,2020-08-19,6.98,6.98,6.4,6.54,9.06,0.58,-1,109932,718662.75
OLFI,2020-08-18,6.4,6.4,6.25,6.4,-2.65,-0.17,-1,197699,1265021.25
OLFI,2020-08-17,6.5,6.5,6.4,6.42,-0.31,-0.02,-1,263430,1690450.75
OLFI,2020-08-16,6.45,6.45,6.39,6.42,0.94,0.06,-1,6370,40880
OLFI,2020-08-13,6.4,6.4,6.38,6.39,2.73,0.17,-1,15783,100913.4
OLFI,2020-08-12,6.28,6.28,6.17,6.22,-1.27,-0.08,-1,25180,156687.3
OLFI,2020-08-11,6.5,6.5,6.16,6.28,0,0,-1,566362,3556544.25
OLFI,2020-08-10,6.51,6.51,6,6.28,-3.24,-0.21,-1,57800,363018
OLFI,2020-08-06,7,7,6.45,6.49,-0.77,-0.05,-1,441176,2861892.25
OLFI,2020-08-05,6.55,6.55,6.4,6.5,-1.52,-0.1,-1,53813,349689.5
OLFI,2020-07-29,6.65,6.65,6.6,6.6,1.38,0.09,-1,520211,3433706.75
OLFI,2020-07-28,6.6,6.6,6.35,6.51,0,0,-1,107238,698401.94
OLFI,2020-07-27,6.6,6.6,6.5,6.5,1.09,0.07,-1,960653,6244464.5
OLFI,2020-07-22,6.6,6.6,6.35,6.43,3.17,0.2,-1,366174,2354253.5
OLFI,2020-07-21,6.3,6.3,6.2,6.3,4.13,0.25,-1,30130,189818
OLFI,2020-07-20,6.25,6.25,6.03,6.05,-4.57,-0.29,-1,11500,69625.74
OLFI,2020-07-19,6.2,6.2,5.85,6.34,-3.79,-0.24,-1,4500,27463.36
OLFI,2020-07-16,6.45,6.45,6.3,6.34,-2.01,-0.13,-1,485043,3076366.75
OLFI,2020-07-15,6.79,6.79,6.3,6.48,-2.26,-0.15,-1,181013,1172296.88
OLFI,2020-07-14,6.79,6.79,6.55,6.65,0.76,0.05,-1,77680,516262.75
OLFI,2020-07-13,6.72,6.72,6.53,6.59,-3.94,-0.27,-1,14396,94854.62
OLFI,2020-07-12,6.95,6.95,6.05,6.86,2.69,0.18,-1,53517,367278.65
OLFI,2020-07-09,6.8,6.8,6.5,6.68,-4.57,-0.32,-1,38901,259988.17
OLFI,2020-07-08,7,7,6.65,7,5.26,0.35,-1,1220125,8536367
OLFI,2020-07-07,6.7,6.7,6.47,6.65,0.91,0.06,-1,127422,847345.13
OLFI,2020-07-06,6.9,6.9,6.47,6.59,2.49,0.16,-1,1907787,12566831
OLFI,2020-07-05,6.5,6.5,6.25,6.43,4.05,0.25,-1,317760,2043863.75
OLFI,2020-06-30,6.4,6.4,5.9,6.18,4.57,0.27,-1,1532429,9476836
OLFI,2020-06-29,5.99,5.99,5.87,5.91,2.6,0.15,-1,1314205,7768227.5
OLFI,2020-06-28,5.9,5.9,5.59,5.76,2.49,0.14,-1,210100,1210824.75
OLFI,2020-06-25,5.7,5.7,5.6,5.62,-1.92,-0.11,-1,100408,564581.5
OLFI,2020-06-24,5.77,5.77,5.7,5.73,0.35,0.02,-1,74489,426972.69
OLFI,2020-06-23,5.9,5.9,5.48,5.71,3.82,0.21,-1,525835,3000705.75
OLFI,2020-06-22,5.57,5.57,5.48,5.5,-0.36,-0.02,-1,252008,1386521.63
OLFI,2020-06-21,5.55,5.55,5.5,5.52,-1.43,-0.08,-1,307850,1699337.5
OLFI,2020-06-18,5.62,5.62,5.5,5.6,0.179,0.01,-1,16969,94977.52
OLFI,2020-06-17,5.64,5.64,5.5,5.59,0.18,0.01,-1,385600,2156706.25
OLFI,2020-06-16,5.63,5.63,5.5,5.58,0.36,0.02,-1,17540,97828.2
OLFI,2020-06-15,5.67,5.67,5.5,5.56,0,0,-1,74100,411834.5
OLFI,2020-06-14,5.66,5.66,5.52,5.56,-2.47,-0.14,-1,410142,2278988.25
OLFI,2020-06-11,5.69,5.69,5.52,5.66,2.54,0.14,-1,67045,379162.13
OLFI,2020-06-10,5.67,5.67,5.5,5.52,1.07,0.06,-1,196624,1086055.25
OLFI,2020-06-09,5.7,5.7,5.53,5.61,-0.36,-0.02,-1,210768,1182660.5
OLFI,2020-06-08,5.75,5.75,5.55,5.63,-1.75,-0.1,-1,317704,1789170.75
OLFI,2020-06-07,5.79,5.79,5.69,5.73,0,0,-1,615229,3523347.68
OLFI,2020-06-04,5.79,5.79,5.61,5.73,-2.26,-0.13,-1,147859,847344.69
OLFI,2020-06-03,5.8,5.8,5.7,5.74,-1.54,-0.09,-1,45800,262925.72
OLFI,2020-06-02,5.91,5.91,5.65,5.83,3.37,0.19,-1,594651,3464758.5
OLFI,2020-06-01,5.8,5.8,5.58,5.64,-1.23,-0.07,-1,102493,578112.44
OLFI,2020-05-31,5.77,5.77,5.5,5.71,0.88,0.05,-1,165478,944214.13
OLFI,2020-05-21,5.77,5.77,5.53,5.66,2.15,0.12,-1,246183,1392379
OLFI,2020-05-20,5.65,5.65,5.43,5.58,0.36,0.02,-1,397807,2220840.75
OLFI,2020-05-19,5.59,5.59,5.43,5.56,-0.18,-0.01,-1,565591,3142793
OLFI,2020-05-18,5.65,5.65,5.43,5.57,-0.36,-0.02,-1,929079,5177819.5
OLFI,2020-05-17,5.65,5.65,5.35,5.57,3.34,0.18,-1,1274929,7099984
OLFI,2020-05-14,5.5,5.5,5.11,5.39,4.86,0.25,-1,1424600,7677521
OLFI,2020-05-13,5.23,5.23,5.1,5.14,-2.47,-0.13,-1,215370,1106920.63
OLFI,2020-05-12,5.32,5.32,5.15,5.27,2.13,0.11,-1,777237,4097376.5
OLFI,2020-05-11,5.2,5.2,5.1,5.16,-0.19,-0.01,-1,248764,1284568.88
OLFI,2020-05-10,5.2,5.2,5,5.17,1.77,0.09,-1,550648,2845738.5
OLFI,2020-05-07,5.21,5.21,5,5.08,-1.741,-0.09,-1,761419,3870116.25
OLFI,2020-05-06,5.25,5.25,5.03,5.17,2.58,0.13,-1,454524,2349387.5
OLFI,2020-05-05,5.16,5.16,5,5.04,0.4,0.02,-1,155885,786334.63
OLFI,2020-05-04,5.18,5.18,4.95,5.02,-1.95,-0.1,-1,224907,1129991.13
OLFI,2020-05-03,5.37,5.37,5,5.12,-3.94,-0.21,-1,631304,3233099.75
OLFI,2020-04-30,5.4,5.4,5.27,5.33,-1.66,-0.09,-1,349718,1863637.75
OLFI,2020-04-29,5.6,5.6,5.25,5.42,-0.18,-0.01,-1,1541174,8346730.5
OLFI,2020-04-28,5.55,5.55,5.21,5.43,3.43,0.18,-1,2926243,15902452
OLFI,2020-04-27,5.38,5.38,5.16,5.25,-0.57,-0.03,-1,1366590,7174159.5
OLFI,2020-04-26,5.4,5.4,5.18,5.28,2.92,0.15,-1,961522,5081607.5
OLFI,2020-04-23,5.2,5.2,5.08,5.13,0.98,0.05,-1,1537200,7881653
OLFI,2020-04-22,5.1,5.1,5.05,5.08,-0.2,-0.01,-1,1107320,5623849.5
OLFI,2020-04-21,5.14,5.14,5.07,5.09,-0.97,-0.05,-1,180605,918810.94
OLFI,2020-04-16,5.18,5.18,5.01,5.14,1.78,0.09,-1,1981225,10188705
OLFI,2020-04-15,5.21,5.21,4.98,5.05,-2.7,-0.14,-1,581604,2937769.75
OLFI,2020-04-14,5.25,5.25,5.12,5.19,-0.57,-0.03,-1,817194,4240794.5
OLFI,2020-04-13,5.38,5.38,5.11,5.22,0.38,0.02,-1,1326732,6926072.5
OLFI,2020-04-12,5.34,5.34,4.81,5.2,6.776,0.33,-1,2598960,13503328
OLFI,2020-04-09,4.94,4.94,4.8,4.87,-1.62,-0.08,-1,201579,981512.38
OLFI,2020-04-08,4.98,4.98,4.9,4.95,0.41,0.02,-1,313572,1551736.88
OLFI,2020-04-07,4.98,4.98,4.83,4.93,0.61,0.03,-1,535197,2639850.75
OLFI,2020-04-06,4.9,4.9,4.8,4.9,0,0,-1,157335,770825.63
OLFI,2020-04-05,4.9,4.9,4.66,4.9,-0.41,-0.02,-1,245259,1201166
OLFI,2020-04-02,4.9,4.9,4.89,4.91,-0.41,-0.02,-1,1006,4919.35
OLFI,2020-04-01,4.9,4.9,4.46,4.91,0,0,-1,5501,26089.9
OLFI,2020-03-31,5,5,4.8,4.91,-1.01,-0.05,-1,112255,551385.44
OLFI,2020-03-30,5,5,4.8,4.96,-0.402,-0.02,-1,138450,686916.5
OLFI,2020-03-29,5.09,5.09,4.9,4.98,1.63,0.08,-1,392030,1952193.63
OLFI,2020-03-26,5,5,4.8,4.9,2.51,0.12,-1,95018,465258.03
OLFI,2020-03-25,4.8,4.8,4.74,4.78,6.22,0.28,-1,16000,76516.8
OLFI,2020-03-24,4.6,4.6,4.41,4.5,-2.17,-0.1,-1,70148,315641.13
OLFI,2020-03-23,4.99,4.99,4.35,4.6,-7.07,-0.35,-1,892070,4101119.75
OLFI,2020-03-22,5.04,5.04,4.85,4.95,2.91,0.14,-1,691353,3422492.5
OLFI,2020-03-19,4.91,4.91,4.73,4.81,4.57,0.21,-1,97373,468540.59
OLFI,2020-03-18,4.6,4.6,4.6,4.6,-0.86,-0.04,-1,16100,74060
OLFI,2020-03-17,4.78,4.78,4.3,4.64,6.67,0.29,-1,155384,720444.5
OLFI,2020-03-16,4.46,4.46,4.23,4.35,-2.47,-0.11,-1,25705,111801.65
OLFI,2020-03-15,4.52,4.52,4.44,4.46,-9.53,-0.47,-1,11000,49073.2
OLFI,2020-03-11,4.99,4.99,4.86,4.93,-0.6,-0.03,-1,22500,111009.06
OLFI,2020-03-10,5,5,4.82,4.96,0.61,0.03,-1,911329,4521175.5
OLFI,2020-03-09,5.01,5.01,4.81,4.92,-3.15,-0.16,-1,275700,1355738
OLFI,2020-03-08,5.2,5.2,5.04,5.08,-1.74,-0.09,-1,6383,32393.78
OLFI,2020-03-05,5.2,5.2,5.15,5.17,-0.77,-0.04,-1,345037,1784522.13
OLFI,2020-03-04,5.3,5.3,5.01,5.21,3.58,0.18,-1,28940,150729.75
OLFI,2020-03-03,5.04,5.04,5.03,5.03,0,0,-1,4000,20140
OLFI,2020-03-02,5.35,5.35,5,5.03,0.8,0.04,-1,535488,2694168.25
OLFI,2020-03-01,5.2,5.2,4.92,4.99,-8.61,-0.47,-1,110342,550662.06
OLFI,2020-02-27,5.59,5.59,5.3,5.46,0,0,-1,3000,16325
OLFI,2020-02-26,5.55,5.55,5.34,5.46,0,0,-1,1560,8645.4
OLFI,2020-02-25,5.47,5.47,5.46,5.46,-0.36,-0.02,-1,365910,1997881.63
OLFI,2020-02-24,5.64,5.64,5.4,5.48,-4.2,-0.24,-1,934250,5117712.5
OLFI,2020-02-23,5.74,5.74,5.7,5.72,2.7,0.15,-1,6500,37175.2
OLFI,2020-02-20,5.55,5.55,5.55,5.55,0,0,-1,55,305.25
OLFI,2020-02-19,5.65,5.65,5.55,5.55,0,0,-1,291,1620.3
OLFI,2020-02-18,5.78,5.78,5.52,5.55,-0.89,-0.05,-1,30590,169789.2
OLFI,2020-02-17,5.79,5.79,5.56,5.6,0.54,0.03,-1,489275,2739970.25
OLFI,2020-02-16,5.87,5.87,5.51,5.57,0,0,-1,39370,219345.77
OLFI,2020-02-13,5.9,5.9,5.56,5.57,-3.13,-0.18,-1,7370,41021.9
OLFI,2020-02-12,5.83,5.83,5.7,5.75,0.88,0.05,-1,5713,32851.79
OLFI,2020-02-11,5.77,5.77,5.7,5.7,0,0,-1,4038,23017.5
OLFI,2020-02-10,5.85,5.85,5.51,5.7,0,0,-1,292157,1665208.63
OLFI,2020-02-09,5.82,5.82,5.71,5.7,0,0,-1,1510,8633.2
OLFI,2020-02-06,5.95,5.95,5.64,5.7,-2.23,-0.13,-1,182880,1042375.19
OLFI,2020-02-04,6,6,5.8,5.83,1.22,0.07,-1,429232,2501831.75
OLFI,2020-02-03,5.97,5.97,5.7,5.76,-0.52,-0.03,-1,9630,55475.5
OLFI,2020-02-02,5.81,5.81,5.7,5.79,0.35,0.02,-1,36166,209362.8
OLFI,2020-01-30,5.87,5.87,5.7,5.77,-0.86,-0.05,-1,750647,4333648.5
OLFI,2020-01-29,5.93,5.93,5.8,5.82,-1.85,-0.11,-1,217895,1268559.25
OLFI,2020-01-28,6,6,5.78,5.93,-1.17,-0.07,-1,41010,243291.3
OLFI,2020-01-27,6.05,6.05,6,6,0,0,-1,68918,413818.5
OLFI,2020-01-26,6.19,6.19,5.94,6,0,0,-1,268110,1609007.75
OLFI,2020-01-23,6.02,6.02,5.9,6,0.17,0.01,-1,81710,490159.69
OLFI,2020-01-22,6.12,6.12,5.85,5.99,2.92,0.17,-1,313907,1880332.38
OLFI,2020-01-21,5.86,5.86,5.66,5.82,3.01,0.17,-1,195390,1137256.13
OLFI,2020-01-20,5.65,5.65,5.6,5.65,0.89,0.05,-1,833062,4704116
OLFI,2020-01-19,5.61,5.61,5.6,5.6,0.18,0.01,-1,45833,256679.8
OLFI,2020-01-16,5.65,5.65,5.4,5.59,1.08,0.06,-1,2684354,14993188
OLFI,2020-01-15,5.65,5.65,5.41,5.53,-0.72,-0.04,-1,6100,33731
OLFI,2020-01-14,5.64,5.64,5.57,5.57,0,0,-1,1001000,5575640
OLFI,2020-01-12,5.67,5.67,5.6,5.57,0,0,-1,2200,12460
OLFI,2020-01-09,5.67,5.67,5.5,5.57,1.83,0.1,-1,1232200,6858284
OLFI,2020-01-08,5.5,5.5,5.45,5.47,2.63,0.14,-1,34333,187691.5
OLFI,2020-01-06,5.4,5.4,5.08,5.33,-0.74,-0.04,-1,210287,1121091.63
OLFI,2020-01-05,5.5,5.5,5.09,5.37,-3.94,-0.22,-1,97536,523540.53
OLFI,2020-01-02,5.69,5.69,5.55,5.59,-0.18,-0.01,-1,120681,675002.25
OLFI,2019-12-31,5.64,5.64,5.55,5.6,0,0,-1,614597,3440550
OLFI,2019-12-30,5.6,5.6,5.51,5.6,1.08,0.06,-1,176336,986895.69
OLFI,2019-12-29,5.6,5.6,5.5,5.54,-2.12,-0.12,-1,84000,465670.41
OLFI,2019-12-26,5.68,5.68,5.5,5.66,2.91,0.16,-1,45335,256381.5
OLFI,2019-12-25,5.51,5.51,5.5,5.5,-1.79,-0.1,-1,13594,74768.55
OLFI,2019-12-24,5.6,5.6,5.51,5.6,0,0,-1,514800,2882477.75
OLFI,2019-12-23,5.68,5.68,5.56,5.6,0,0,-1,1332545,7463485
OLFI,2019-12-22,5.68,5.68,5.5,5.6,0.18,0.01,-1,808275,4525599
OLFI,2019-12-19,5.65,5.65,5.5,5.59,0.9,0.05,-1,756360,4230162
OLFI,2019-12-18,5.6,5.6,5.47,5.54,3.55,0.19,-1,2711937,15027390
OLFI,2019-12-17,5.48,5.48,5.3,5.35,0.94,0.05,-1,1199129,6417341
OLFI,2019-12-16,5.33,5.33,5.3,5.3,0,0,-1,173985,922511.75
OLFI,2019-12-15,5.33,5.33,5.24,5.3,0,0,-1,20975,111257.18
OLFI,2019-12-12,5.33,5.33,5.23,5.3,0.76,0.04,-1,399670,2118200.25
OLFI,2019-12-11,5.42,5.42,5.2,5.29,-0.38,-0.02,-1,570519,3017998.5
OLFI,2019-12-10,5.37,5.37,5.27,5.31,0,0,-1,251827,1336283.75
OLFI,2019-12-09,5.32,5.32,5.25,5.31,0.19,0.01,-1,236432,1254823.5
OLFI,2019-12-08,5.31,5.31,5.25,5.3,0,0,-1,296949,1573031.38
OLFI,2019-12-05,5.43,5.43,5.26,5.3,-0.38,-0.02,-1,652523,3458540.25
OLFI,2019-12-04,5.4,5.4,5.27,5.32,4.52,0.23,-1,825143,4389600.5
OLFI,2019-12-03,5.25,5.25,4.93,5.09,-1.36,-0.07,-1,123800,629632.06
OLFI,2019-12-02,5.33,5.33,5.07,5.16,-2.64,-0.14,-1,67654,348932.75
OLFI,2019-12-01,5.35,5.35,5.28,5.3,0.38,0.02,-1,474100,2512535
OLFI,2019-11-28,5.3,5.3,5.19,5.28,-0.19,-0.01,-1,120219,635236.13
OLFI,2019-11-27,5.3,5.3,5.15,5.29,1.73,0.09,-1,121847,644244.88
OLFI,2019-11-26,5.2,5.2,5.15,5.2,-0.38,-0.02,-1,250000,1298961.25
OLFI,2019-11-25,5.35,5.35,5.2,5.22,-1.69,-0.09,-1,113655,593271.38
OLFI,2019-11-24,5.35,5.35,5.3,5.31,0.19,0.01,-1,49345,261788.25
OLFI,2019-11-21,5.38,5.38,5.19,5.3,0.95,0.05,-1,233603,1238883
OLFI,2019-11-20,5.35,5.35,5.12,5.25,0.77,0.04,-1,350221,1838878.25
OLFI,2019-11-19,5.39,5.39,5.2,5.21,-1.7,-0.09,-1,112950,588670.19
OLFI,2019-11-18,5.41,5.41,5.25,5.3,-2.93,-0.16,-1,1300325,6891614
OLFI,2019-11-17,5.53,5.53,5.43,5.46,-0.73,-0.04,-1,178054,971932.69
OLFI,2019-11-14,5.5,5.5,5.45,5.5,-0.36,-0.02,-1,877931,4827801.5
OLFI,2019-11-13,5.58,5.58,5.48,5.52,-0.54,-0.03,-1,577970,3188200.75
OLFI,2019-11-12,5.6,5.6,5.48,5.55,-0.89,-0.05,-1,1474488,8183673.5
OLFI,2019-11-11,5.7,5.7,5.5,5.6,-1.61,-0.09,-1,1524182,8528955
OLFI,2019-11-07,5.65,5.65,5.56,5.6,-1.42,-0.08,-1,782855,4385960.5
OLFI,2019-11-06,5.69,5.69,5.6,5.64,-1.91,-0.11,-1,569311,3210771.25
OLFI,2019-11-05,5.85,5.85,5.66,5.75,1.95,0.11,-1,2240642,12880249
OLFI,2019-11-04,5.8,5.8,5.46,5.64,3.87,0.21,-1,3917921,22098839.92
OLFI,2019-11-03,5.6,5.6,5.25,5.43,3.43,0.18,-1,3348399,18189486
OLFI,2019-10-31,5.3,5.3,5.23,5.25,0.57,0.03,-1,712779,3744809.5
OLFI,2019-10-30,5.26,5.26,5.16,5.22,-0.19,-0.01,-1,338040,1764833
OLFI,2019-10-29,5.33,5.33,5.18,5.23,-1.32,-0.07,-1,843859,4410145.5
OLFI,2019-10-28,5.38,5.38,5.24,5.3,-0.38,-0.02,-1,531505,2815065
OLFI,2019-10-27,5.4,5.4,5.25,5.32,-1.3,-0.07,-1,442513,2353256
OLFI,2019-10-24,5.47,5.47,5.25,5.39,3.26,0.17,-1,3923640,21165360
OLFI,2019-10-23,5.31,5.31,5.09,5.22,0.38,0.02,-1,2557670,13363496
OLFI,2019-10-22,5.38,5.38,5,5.2,3.38,0.17,-1,2933411,15266071
OLFI,2019-10-21,5.08,5.08,4.95,5.03,0.6,0.03,-1,109838,552586.31
OLFI,2019-10-20,5.05,5.05,4.92,5,0.4,0.02,-1,49815,249094.97
OLFI,2019-10-17,5.05,5.05,4.91,4.98,-0.8,-0.04,-1,156925,781885.31
OLFI,2019-10-16,5.14,5.14,4.97,5.02,-1.38,-0.07,-1,284082,1426658.38
OLFI,2019-10-15,5.17,5.17,4.95,5.09,1.8,0.09,-1,631922,3213524.75
OLFI,2019-10-14,5.2,5.2,5,5,-1.96,-0.1,-1,1265452,6331365.5
OLFI,2019-10-13,5.1,5.1,5.1,5.1,0.59,0.03,-1,9510,48501
OLFI,2019-10-10,5.05,5.05,5.05,5.07,0,0,-1,2800,14140
OLFI,2019-10-09,5.13,5.13,5,5.07,1.4,0.07,-1,11750,59620
OLFI,2019-10-08,5.01,5.01,5,5,1.21,0.06,-1,175099,875621.44
OLFI,2019-10-07,5.01,5.01,4.9,4.94,-1.2,-0.06,-1,72351,357634.78
OLFI,2019-10-03,5.07,5.07,4.93,5,-1.57,-0.08,-1,772885,3864662.25
OLFI,2019-10-02,5.18,5.18,5.07,5.08,-3.79,-0.2,-1,16750,85080
OLFI,2019-10-01,5.3,5.3,5.17,5.28,0.57,0.03,-1,30750,162310.5
OLFI,2019-09-30,5.4,5.4,5.2,5.25,-1.685,-0.09,-1,680717,3574780.25
OLFI,2019-09-29,5.4,5.4,5.15,5.34,2.89,0.15,-1,21991,117460.06
OLFI,2019-09-26,5.2,5.2,5.08,5.19,-0.38,-0.02,-1,59139,307217.91
OLFI,2019-09-25,5.5,5.5,4.75,5.22,2.96,0.15,-1,103103,538234.25
OLFI,2019-09-24,5.12,5.12,5,5.07,-4.88,-0.26,-1,74375,377411.25
OLFI,2019-09-23,5.45,5.45,5.11,5.33,1.52,0.08,-1,79510,423671.47
OLFI,2019-09-22,5.55,5.55,5.1,5.25,-6.25,-0.35,-1,228793,1200905.63
OLFI,2019-09-19,5.69,5.69,5.56,5.6,-2.27,-0.13,-1,31885,178648.31
OLFI,2019-09-18,5.8,5.8,5.6,5.73,0.53,0.03,-1,98800,565738.63
OLFI,2019-09-17,5.75,5.75,5.51,5.7,0.35,0.02,-1,239271,1364493.38
OLFI,2019-09-16,5.7,5.7,5.51,5.68,-0.35,-0.02,-1,41400,235155.69
OLFI,2019-09-15,5.75,5.75,5.66,5.7,-1.04,-0.06,-1,420190,2395381
OLFI,2019-09-12,5.8,5.8,5.63,5.76,0.35,0.02,-1,92370,531853.25
OLFI,2019-09-11,5.8,5.8,5.61,5.74,1.954,0.11,-1,276460,1587190.25
OLFI,2019-09-10,5.7,5.7,5.6,5.63,2.18,0.12,-1,44550,250781.34
OLFI,2019-09-09,5.73,5.73,5.5,5.51,-1.96,-0.11,-1,342872,1890770.63
OLFI,2019-09-08,5.7,5.7,5.6,5.62,-1.4,-0.08,-1,41106,231212.66
OLFI,2019-09-05,5.74,5.74,5.65,5.7,3.45,0.19,-1,45700,260410.63
OLFI,2019-09-04,5.76,5.76,5.5,5.51,-4.01,-0.23,-1,1016550,5599741.5
OLFI,2019-09-03,5.95,5.95,5.63,5.74,-0.17,-0.01,-1,475165,2725789
OLFI,2019-09-02,5.99,5.99,5.75,5.75,-4.01,-0.24,-1,1019413,5862199
OLFI,2019-09-01,6,6,5.85,5.99,-0.17,-0.01,-1,52935,317331.16
OLFI,2019-08-29,6,6,5.99,6,0,0,-1,8100,48561
OLFI,2019-08-28,6,6,5.84,6,0.17,0.01,-1,133460,800600
OLFI,2019-08-27,6,6,5.86,5.99,-1.64,-0.1,-1,789457,4732170.5
OLFI,2019-08-26,6.1,6.1,6.05,6.09,0.164,0.01,-1,5700,34720
OLFI,2019-08-25,6.5,6.5,6,6.08,1.84,0.11,-1,45930,279453.91
OLFI,2019-08-22,6.13,6.13,5.9,5.97,-0.5,-0.03,-1,54840,327376
OLFI,2019-08-21,6.15,6.15,6,6,0,0,-1,274732,1649030.25
OLFI,2019-08-20,6.19,6.19,5.92,6,-0.33,-0.02,-1,1141045,6848658.5
OLFI,2019-08-19,6.1,6.1,6,6.02,-4.29,-0.27,-1,69700,419615
OLFI,2019-08-15,6.3,6.3,6.11,6.29,-2.02,-0.13,-1,5300,33333
OLFI,2019-08-14,6.4,6.4,6.4,6.42,0,0,-1,105,672
OLFI,2019-08-08,6.58,6.58,6.3,6.42,7.18,0.43,-1,59750,383570
OLFI,2019-08-07,6.15,6.15,5.62,5.99,-0.17,-0.01,-1,6603,39561.61
OLFI,2019-08-06,6.19,6.19,5.75,6,0,0,-1,730,4210.7
OLFI,2019-08-05,6,6,5.95,6,-2.76,-0.17,-1,1099999,6599809.5
OLFI,2019-08-04,5.9,5.9,5.9,6.17,0,0,-1,250,1475
OLFI,2019-08-01,6.4,6.4,6.04,6.17,2.32,0.14,-1,104576,644936.81
OLFI,2019-07-31,6.06,6.06,6,6.03,-1.15,-0.07,-1,1074234,6478771
OLFI,2019-07-30,6.6,6.6,6.05,6.1,-8.27,-0.55,-1,354529,2163819.75
OLFI,2019-07-29,6.32,6.32,6.32,6.65,0,0,-1,100,632
OLFI,2019-07-28,6.77,6.77,6.41,6.65,3.74,0.24,-1,17465,116113.68
OLFI,2019-07-25,6.7,6.7,6.33,6.41,-8.43,-0.59,-1,22471,144126.33
OLFI,2019-07-22,7.22,7.22,6.7,7,0,0,-1,178,1233.16
OLFI,2019-07-21,7,7,7,7,0,0,-1,179,1253
OLFI,2019-07-18,7.19,7.19,6.71,7,3.4,0.23,-1,23030,161209
OLFI,2019-07-17,7.2,7.2,6.7,6.77,-4.65,-0.33,-1,5075,34354.5
OLFI,2019-07-16,6.99,6.99,6.82,7.1,0,0,-1,1629,11224.78
OLFI,2019-07-15,7.19,7.19,6.99,7.1,0,0,-1,95,668.25
OLFI,2019-07-14,6.8,6.8,6.77,7.1,0,0,-1,100,677.6
OLFI,2019-07-11,7.33,7.33,6.77,7.1,0,0,-1,4225,28757.2
OLFI,2019-07-10,6.74,6.74,6.74,7.1,0,0,-1,180,1213.2
OLFI,2019-07-09,7.1,7.1,6.74,7.1,0,0,-1,1349996,9584406
OLFI,2019-07-08,7.25,7.25,7.1,7.1,-2.07,-0.15,-1,3232630,22963628
OLFI,2019-07-07,7.4,7.4,7.35,7.25,1.38,0.1,-1,40,294.5
OLFI,2019-07-04,7.1,7.1,7,7.25,0,0,-1,2100,14738.98
OLFI,2019-07-03,7.19,7.19,6.86,7.25,0,0,-1,110,776.86
OLFI,2019-06-27,7.3,7.3,6.81,7.25,0.69,0.05,-1,188689,1368122.38
OLFI,2019-06-26,7.21,7.21,7,7.2,-1.77,-0.13,-1,425069,3061652.25
OLFI,2019-06-24,7,7,7,7.33,0,0,-1,111,777
OLFI,2019-06-20,7.14,7.14,7,7.33,0,0,-1,3791,26750.4
OLFI,2019-06-18,7.4,7.4,7.3,7.33,-0.68,-0.05,-1,28931,211942.55
OLFI,2019-06-17,7.67,7.67,7.3,7.38,2.78,0.2,-1,39765,293578.5
OLFI,2019-06-16,7.4,7.4,7.2,7.2,0,0,-1,1000,7300
OLFI,2019-06-13,7.21,7.21,7.15,7.2,-0.14,-0.01,-1,4660,33570.5
OLFI,2019-06-12,7.4,7.4,7.13,7.21,-2.04,-0.15,-1,7321931,52793440
OLFI,2019-06-11,7.65,7.65,7.38,7.36,0.27,0.02,-1,3510,26367.75
OLFI,2019-06-10,7.38,7.38,7.35,7.36,-5.64,-0.44,-1,4700,34607
OLFI,2019-05-29,7.3,7.3,7.26,7.8,0,0,-1,1250,9117
OLFI,2019-05-26,7.31,7.31,7.27,7.8,0,0,-1,1000,7304
OLFI,2019-05-23,7.85,7.85,7.35,7.8,1.3,0.1,-1,214000,1668280.13
OLFI,2019-05-22,7.75,7.75,7.16,7.7,2.67,0.2,-1,99200,763448
OLFI,2019-05-21,7.48,7.48,7.47,7.5,0,0,-1,970,7253.85
OLFI,2019-05-20,7.5,7.5,7.06,7.5,-3.23,-0.25,-1,865503,6488970.5
OLFI,2019-05-19,7.17,7.17,7.15,7.75,0,0,-1,1900,13607.3
OLFI,2019-05-16,7.75,7.75,7.27,7.75,-3.13,-0.25,-1,1526394,11827343
OLFI,2019-05-15,8,8,7.21,8,0,0,-1,100075,800540.75
OLFI,2019-05-14,8.01,8.01,8,8,0,0,-1,4815,38528.75
OLFI,2019-05-12,8.02,8.02,8.01,8,0,0,-1,900,7210
OLFI,2019-05-09,8.35,8.35,8,8,-5.33,-0.45,-1,19100,152870
OLFI,2019-05-08,8.35,8.35,7.61,8.45,0,0,-1,2052,16944.9
OLFI,2019-05-07,8.01,8.01,7.91,8.45,0,0,-1,1150,9126.5
OLFI,2019-05-06,8.26,8.26,8.2,8.45,0,0,-1,3500,28885
OLFI,2019-05-05,8.45,8.45,8.2,8.45,-0.82,-0.07,-1,689203,5823380.5
OLFI,2019-05-02,8.69,8.69,8.4,8.52,-1.05,-0.09,-1,422517,3598187.5
OLFI,2019-04-30,8.65,8.65,8.4,8.61,2.14,0.18,-1,124050,1067819.38
OLFI,2019-04-24,8.55,8.55,8.34,8.43,3.82,0.31,-1,66443,560340.38
OLFI,2019-04-23,8.2,8.2,8.12,8.12,0,0,-1,5980563,48562548
OLFI,2019-04-22,8.15,8.15,8.12,8.12,-2.87,-0.24,-1,16700,135637
OLFI,2019-04-21,8.1,8.1,8.1,8.36,-3.11,-0.26,-1,2200,17820
OLFI,2019-04-18,8.61,8.61,8.1,8.36,-0.36,-0.03,-1,431395,3607339.75
OLFI,2019-04-17,8.4,8.4,8.29,8.39,3.07,0.25,-1,11800,99056
OLFI,2019-04-16,8.26,8.26,8.1,8.14,-1.22,-0.1,-1,36866,300009.78
OLFI,2019-04-15,8.2,8.2,8.2,8.2,0,0,-1,1340,10988
OLFI,2019-04-14,8.27,8.27,8.2,8.2,-2.61,-0.22,-1,20325,166761.2
OLFI,2019-04-11,8.8,8.8,8.06,8.42,-1.98,-0.17,-1,236333,1989968.13
OLFI,2019-04-10,8.6,8.6,8.13,8.59,-0.12,-0.01,-1,204506,1756795.75
OLFI,2019-04-09,8.6,8.6,8.51,8.6,0,0,-1,196900,1693206
OLFI,2019-04-08,8.69,8.69,8.5,8.6,-1.15,-0.1,-1,1063770,9147217
OLFI,2019-04-04,8.75,8.75,8.69,8.7,0,0,-1,360858,3139599
OLFI,2019-04-03,8.75,8.75,8.6,8.7,0,0,-1,3120,27162
OLFI,2019-04-02,8.76,8.76,8.51,8.7,0,0,-1,2108100,18340292
OLFI,2019-04-01,8.78,8.78,8.72,8.7,0,0,-1,90,786
OLFI,2019-03-31,8.8,8.8,8.69,8.7,0.12,0.01,-1,16950,147515.5
OLFI,2019-03-28,8.82,8.82,8.68,8.69,0,0,-1,585749,5090818
OLFI,2019-03-27,8.31,8.31,8.31,8.69,0,0,-1,2000,16620
OLFI,2019-03-25,8.7,8.7,8.57,8.69,1.05,0.09,-1,1152180,10016267
OLFI,2019-03-24,8.75,8.75,8.52,8.6,-2.16,-0.19,-1,7370,63370.5
OLFI,2019-03-21,8.8,8.8,8.64,8.79,3.29,0.28,-1,270340,2375855.25
OLFI,2019-03-20,8.52,8.52,8.5,8.51,0.83,0.07,-1,36172,307826
OLFI,2019-03-19,8.7,8.7,8.2,8.43,-1.06,-0.09,-1,120926,1019086.88
OLFI,2019-03-18,8.75,8.75,8.5,8.52,0,0,-1,30105,256579.22
OLFI,2019-03-17,8.67,8.67,8.49,8.52,-0.23,-0.02,-1,23665,201545.64
OLFI,2019-03-14,8.85,8.85,8.4,8.52,0.35,0.03,-1,188582,1607242.88
OLFI,2019-03-13,8.76,8.76,8.1,8.49,3.79,0.31,-1,594374,5044938
OLFI,2019-03-12,8.39,8.39,8.05,8.18,2.51,0.2,-1,46396,379646.19
OLFI,2019-03-11,8.1,8.1,7.9,7.98,1.53,0.12,-1,56625,451754.06
OLFI,2019-03-10,8.24,8.24,7.85,7.86,-1.01,-0.08,-1,372273,2926244.75
OLFI,2019-03-07,8.3,8.3,7.7,7.94,0.13,0.01,-1,108198,859606.25
OLFI,2019-03-06,8.1,8.1,7.75,7.93,-0.88,-0.07,-1,117800,933800
OLFI,2019-03-05,8.03,8.03,7.88,8,-0.99,-0.08,-1,2647216,21177664
OLFI,2019-03-04,8.15,8.15,7.93,8.08,-0.86,-0.07,-1,62801,507509.59
OLFI,2019-03-03,8.5,8.5,8.15,8.15,-1.69,-0.14,-1,24200,197340
OLFI,2019-02-28,8.41,8.41,8,8.29,0.73,0.06,-1,229504,1902860
OLFI,2019-02-27,8.3,8.3,8.2,8.23,-0.72,-0.06,-1,53484,439992.88
OLFI,2019-02-26,8.6,8.6,8.25,8.29,-1.07,-0.09,-1,664335,5505236.5
OLFI,2019-02-25,8.45,8.45,8.29,8.38,-0.59,-0.05,-1,29125,244179.84
OLFI,2019-02-24,8.51,8.51,8.4,8.43,-1.86,-0.16,-1,24120,203249.2
OLFI,2019-02-21,8.9,8.9,8.4,8.59,-1.15,-0.1,-1,331244,2845850.25
OLFI,2019-02-20,9,9,8.63,8.69,-2.69,-0.24,-1,16970,147496.17
OLFI,2019-02-19,9.43,9.43,8.71,8.93,-0.78,-0.07,-1,152142,1359355.88
OLFI,2019-02-18,9.5,9.5,8.81,9,3.448,0.3,-1,6057773,54547532
OLFI,2019-02-17,8.8,8.8,8.25,8.7,10,0.8,-1,221984,1930819.63
OLFI,2019-02-14,8.14,8.14,7.82,8,6.38,0.48,-1,1249642,9996784
OLFI,2019-02-13,7.81,7.81,7.28,7.52,5.92,0.42,-1,1145283,8613947
OLFI,2019-02-12,7.21,7.21,7.05,7.1,0.42,0.03,-1,2001930,14213928
OLFI,2019-02-11,7.1,7.1,7,7.07,0.86,0.06,-1,7338,51866
OLFI,2019-02-10,7.05,7.05,7,7.01,-1.54,-0.11,-1,128675,901520.38
OLFI,2019-02-07,7.3,7.3,6.91,7.12,1.57,0.11,-1,185275,1319861.25
OLFI,2019-02-06,7.35,7.35,7,7.01,-3.44,-0.25,-1,92900,651384
OLFI,2019-02-05,7.3,7.3,6.81,7.26,3.71,0.26,-1,100854,732573.88
OLFI,2019-02-04,7.05,7.05,7,7,-1.13,-0.08,-1,664100,4651447
OLFI,2019-02-03,7.15,7.15,7,7.08,1.14,0.08,-1,249521,1765813.88
OLFI,2019-01-31,7,7,7,7,0,0,-1,103897,727279
OLFI,2019-01-30,7.24,7.24,7,7,0.29,0.02,-1,399171,2794292.5
OLFI,2019-01-29,7,7,6.71,6.98,-5.16,-0.38,-1,30400,212216.45
OLFI,2019-01-28,7.4,7.4,7.08,7.36,-0.98,-0.07,-1,436180,3209786.5
OLFI,2019-01-27,7.15,7.15,7.1,7.15,1.42,0.1,-1,70000,500475
OLFI,2019-01-23,6.98,6.98,6.98,7.05,0,0,-1,200,1396
OLFI,2019-01-22,6.9,6.9,6.9,7.05,0,0,-1,325,2242.5
OLFI,2019-01-21,7.2,7.2,7,7.05,-3.42,-0.25,-1,106819,753005.56
OLFI,2019-01-20,6.73,6.73,6.71,7.3,0,0,-1,150,1008.5
OLFI,2019-01-17,7.3,7.3,7.28,7.3,1.11,0.08,-1,140000,1021941
OLFI,2019-01-16,7.4,7.4,7,7.22,-1.1,-0.08,-1,202650,1463986.25
OLFI,2019-01-15,7.3,7.3,7.28,7.3,0,0,-1,953478,6960348.5
OLFI,2019-01-14,7.3,7.3,7.3,7.3,0,0,-1,600,4380
OLFI,2019-01-13,7.31,7.31,7.3,7.3,0,0,-1,6385,46612
OLFI,2019-01-10,7.3,7.3,7.2,7.3,0.14,0.01,-1,1747901,12758720
OLFI,2019-01-09,7.5,7.5,7.2,7.29,1.11,0.08,-1,1656383,12081065
OLFI,2019-01-08,7.58,7.58,7.2,7.21,-0.14,-0.01,-1,23100,166560
OLFI,2019-01-06,7.28,7.28,7.08,7.22,-0.69,-0.05,-1,5550,40065
OLFI,2019-01-03,7.48,7.48,7.2,7.27,-1.49,-0.11,-1,104400,758522.38
OLFI,2019-01-02,7.59,7.59,7.38,7.38,-4.4,-0.34,-1,7930,58539.5
OLFI,2018-12-31,8.02,8.02,7.4,7.72,0.52,0.04,-1,598300,4618414.5
OLFI,2018-12-30,7.8,7.8,7.4,7.68,2.4,0.18,-1,104300,801135
OLFI,2018-12-27,7.5,7.5,7.49,7.5,0,0,-1,71903,539242.5
OLFI,2018-12-25,7.46,7.46,6.85,7.5,0,0,-1,73,518.35
OLFI,2018-12-24,7.5,7.5,6.76,7.5,1.49,0.11,-1,90103,675358.19
OLFI,2018-12-23,7.25,7.25,7.25,7.39,0,0,-1,600,4350
OLFI,2018-12-20,7.5,7.5,6.76,7.39,-1.2,-0.09,-1,158648,1172247.25
OLFI,2018-12-19,7.48,7.48,7.48,7.48,-0.27,-0.02,-1,10000,74800
OLFI,2018-12-18,7.5,7.5,7.48,7.5,2.74,0.2,-1,15000,112486.61
OLFI,2018-12-17,7.48,7.48,7.3,7.3,-1.75,-0.13,-1,200410,1463012.75
OLFI,2018-12-16,7.3,7.3,7.3,7.43,0,0,-1,440,3212
OLFI,2018-12-13,7.76,7.76,7.3,7.43,-0.54,-0.04,-1,210170,1562269.5
OLFI,2018-12-12,7.55,7.55,7.3,7.47,2.05,0.15,-1,5819,43478.7
OLFI,2018-12-11,7.71,7.71,7.23,7.32,0.69,0.05,-1,333778,2442566
OLFI,2018-12-10,7.28,7.28,7.27,7.27,-9.91,-0.8,-1,272745,1982895.38
OLFI,2018-12-09,7.3,7.3,7.27,8.07,-9.91,-0.8,-1,500,3644
OLFI,2018-12-06,8.19,8.19,7.23,8.07,1.38,0.11,-1,217518,1755714.88
OLFI,2018-12-05,8,8,7.83,7.96,-0.38,-0.03,-1,31616,251671.7
OLFI,2018-12-04,8.03,8.03,7.8,7.99,-1.72,-0.15,-1,134080,1071276.75
OLFI,2018-12-03,8.14,8.14,8,8.14,0,0,-1,3232,26169.32
OLFI,2018-12-02,8.2,8.2,7.85,8.14,0.49,0.04,-1,81590,664338.25
OLFI,2018-11-29,8.1,8.1,7.85,8.1,2.21,0.17,-1,138040,1118114
OLFI,2018-11-28,7.93,7.93,7.93,7.93,-0.69,-0.05,-1,871340,6905369.5
OLFI,2018-11-27,8,8,7.9,7.98,0.06,0,-1,21834,174198.09
OLFI,2018-11-26,8,8,7.92,7.98,-2.86,-0.23,-1,42000,335035.81
OLFI,2018-11-25,8.29,8.29,8,8.21,1.8,0.14,-1,109000,895102.81
OLFI,2018-11-22,8.08,8.08,8,8.07,0.06,0.01,-1,13550,109250.25
OLFI,2018-11-21,8.08,8.08,8.06,8.06,-0.19,-0.02,-1,39666,319662.94
OLFI,2018-11-18,8.08,8.08,8.07,8.08,-2.121,-0.17,-1,42000,339140
OLFI,2018-11-14,8.26,8.26,8.25,8.25,-8.33,-0.75,-1,3940,32514.7
OLFI,2018-11-12,8.11,8.11,8.11,9,0,0,-1,200,1621
OLFI,2018-11-07,9,9,9,9,-2.7,-0.25,-1,553200,4978800
OLFI,2018-11-05,8.33,8.33,8.33,9.25,0,0,-1,500,4164.7
OLFI,2018-10-31,9.25,9.25,9.25,9.25,0,0,-1,400000,3700000
OLFI,2018-10-29,9.25,9.25,9.25,9.25,-2.06,-0.2,-1,1263442,11684021
OLFI,2018-10-23,9.45,9.45,9.25,9.45,2.108,0.2,-1,56000,528980
OLFI,2018-10-22,9.25,9.25,9.25,9.25,0.16,0.01,-1,786178,7272146.5
OLFI,2018-10-16,9.5,9.5,8.89,9.24,1.09,0.1,-1,412162,3805575.75
OLFI,2018-10-15,9.25,9.25,9.13,9.14,0.11,0.01,-1,108020,986935
OLFI,2018-10-14,9.13,9.13,9.13,9.13,1.22,0.11,-1,30000,273750
OLFI,2018-10-11,9.5,9.5,8.5,9.02,-2.54,-0.23,-1,176642,1592037.5
OLFI,2018-10-08,9.25,9.25,9.25,9.25,-2.63,-0.25,-1,399900,3699075
OLFI,2018-10-04,9.8,9.8,9.8,9.5,0,0,-1,500,4897.5
OLFI,2018-10-03,9.5,9.5,9.5,9.5,0,0,-1,180500,1714750
OLFI,2018-10-02,9.5,9.5,9.5,9.5,0,0,-1,153432,1457604
OLFI,2018-10-01,9.5,9.5,9.5,9.5,0,0,-1,1214660,11539270
OLFI,2018-09-27,9.63,9.63,9.5,9.5,0,0,-1,4040,38385
OLFI,2018-09-26,9.5,9.5,9.5,9.5,0,0,-1,112000,1064000
OLFI,2018-09-25,9.03,9.03,9.03,9.5,0,0,-1,2080,18772
OLFI,2018-09-24,9.5,9.5,9.38,9.5,0,0,-1,827268,7858786
OLFI,2018-09-23,9.5,9.5,8.75,9.5,2.76,0.25,-1,300042,2850367.5
OLFI,2018-09-20,9.25,9.25,9.05,9.25,1.87,0.17,-1,222320,2055596
OLFI,2018-09-19,9.28,9.28,9.01,9.08,-2.16,-0.2,-1,403194,3658259.5
OLFI,2018-09-18,9.28,9.28,9.27,9.28,0,0,-1,80,741.8
OLFI,2018-09-17,9.28,9.28,9.28,9.28,0.27,0.03,-1,1144280,10613197
OLFI,2018-09-16,9.25,9.25,8.75,9.25,1.2,0.11,-1,400080,3700700
OLFI,2018-09-13,9.65,9.65,9,9.14,-3.79,-0.36,-1,128250,1172313.5
OLFI,2018-09-12,9.5,9.5,9.25,9.5,0,0,-1,2120,19671.5
OLFI,2018-09-06,9.5,9.5,9.5,9.5,0,0,-1,225016,2137652
OLFI,2018-09-05,9.28,9.28,9.28,9.5,0,0,-1,220,2040.5
OLFI,2018-09-04,10,10,9.5,9.5,1.01,0.09,-1,171280,1627199.63
OLFI,2018-09-03,10,10,9.75,9.41,0,0,-1,100,979.9
OLFI,2018-09-02,10,10,9.25,9.41,0,0,-1,560,5395.7
OLFI,2018-08-30,10.13,10.13,9,9.41,1.68,0.16,-1,635066,5972085.5
OLFI,2018-08-29,9.75,9.75,9.75,9.25,0,0,-1,40,390
OLFI,2018-08-28,9.88,9.88,9.25,9.25,2.72,0.24,-1,550602,5093070
OLFI,2018-08-27,9.68,9.68,9,9.01,2.16,0.19,-1,10320,92907
OLFI,2018-08-26,9.69,9.69,9,8.82,0,0,-1,2002,18549
OLFI,2018-08-19,10.1,10.1,8.75,8.81,-7.21,-0.69,-1,115360,1016761.31
OLFI,2018-08-16,9.5,9.5,9.5,9.5,0.21,0.02,-1,540018,5130171
OLFI,2018-08-15,9.5,9.5,9.25,9.48,-0.21,-0.02,-1,488624,4632894.5
OLFI,2018-08-14,9.5,9.5,9.5,9.5,0,0,-1,1029312,9778464
OLFI,2018-08-09,10.25,10.25,9.2,9.5,-5.47,-0.55,-1,68230,648305.75
OLFI,2018-08-08,10.35,10.35,9.2,10.05,-1.33,-0.14,-1,52200,524703.81
OLFI,2018-08-05,9.33,9.33,9.33,10.19,0,0,-1,300,2799
OLFI,2018-08-02,10.35,10.35,9.28,10.19,-1.12,-0.11,-1,96004,977639.13
OLFI,2018-07-31,10.35,10.35,9.09,10.3,1.98,0.2,-1,104000,1071360
OLFI,2018-07-30,10.1,10.1,10.1,10.1,3.7,0.36,-1,8200,82820
OLFI,2018-07-29,9.74,9.74,9.74,9.74,4.45,0.41,-1,5200,50648
OLFI,2018-07-26,10.5,10.5,9,9.33,-6.75,-0.67,-1,460578,4295190.5
OLFI,2018-07-25,10,10,9.99,10,0.5,0.05,-1,1548800,15487982
OLFI,2018-07-19,10,10,9,9.95,-0.5,-0.05,-1,499748,4971978.5
OLFI,2018-07-18,10,10,10,10,0,0,-1,691606,6916060
OLFI,2018-07-17,10,10,10,10,0,0,-1,1140000,11400000
OLFI,2018-07-12,10,10,9.71,10,0,0,-1,2747494,27474834
OLFI,2018-07-11,10.5,10.5,9.7,10,0,0,-1,551340,5513947
OLFI,2018-07-10,10,10,10,10,2.56,0.25,-1,100000,1000000
OLFI,2018-07-05,9.76,9.76,9.75,9.75,-7.14,-0.75,-1,62460,608999.63
OLFI,2018-07-04,10.5,10.5,10.5,10.5,0,0,-1,438000,4599000
OLFI,2018-07-03,10.5,10.5,10.26,10.5,0,0,-1,1278340,13422487
OLFI,2018-07-02,10.5,10.5,10.5,10.5,1.94,0.2,-1,106000,1113000
OLFI,2018-06-28,10.51,10.51,9.5,10.3,-2,-0.21,-1,559498,5762054
OLFI,2018-06-27,10.75,10.75,10.5,10.51,0.96,0.1,-1,854602,8983321
OLFI,2018-06-25,11,11,10.06,10.41,4.1,0.41,-1,177526,1847829
OLFI,2018-06-24,10,10,10,10,0,0,-1,19800,198000
OLFI,2018-06-19,10,10,10,10,0,0,-1,6,60
OLFI,2018-06-13,11.5,11.5,10,10,-9.09,-1,-1,11554400,115544424
OLFI,2018-06-12,11,11,11,11,0.23,0.02,-1,474000,5214000
OLFI,2018-06-11,11,11,10,10.98,0,-0.02,-1,266000,2920000
OLFI,2018-06-07,11,11,11,11,-0.05,-0.01,-1,204200,2246200
OLFI,2018-06-06,11.25,11.25,9.75,11.01,2.61,0.28,-1,82306,905848.5
OLFI,2018-06-05,10.73,10.73,10.73,10.73,10,0.98,-1,29400,315315
OLFI,2018-06-04,9.76,9.76,9.75,9.75,0,0,-1,12900,125781
OLFI,2018-05-31,9.75,9.75,9.75,9.75,0,0,-1,148376,1446666
OLFI,2018-05-30,9.78,9.78,9.75,9.75,-0.1,-0.01,-1,1418568,13832288
OLFI,2018-05-29,9.8,9.8,9.74,9.76,0.05,0,-1,177652,1733930.5
OLFI,2018-05-24,9.88,9.88,9.75,9.76,0.52,0.05,-1,642594,6267791.5
OLFI,2018-05-23,9.71,9.71,9.5,9.71,0,0,-1,2006,19058.23
OLFI,2018-05-22,9.75,9.75,9.7,9.71,-0.92,-0.09,-1,2420400,23490722
OLFI,2018-05-20,10,10,9.75,9.8,-0.15,-0.01,-1,508500,4980867.5
OLFI,2018-05-17,10,10,9.39,9.81,-1.9,-0.19,-1,1034938,10152318
OLFI,2018-05-16,10,10,10,10,0,0,-1,2660706,26607046
OLFI,2018-05-14,10,10,10,10,-2.96,-0.31,-1,600000,6000000
OLFI,2018-05-10,10.35,10.35,9.32,10.31,-0.43,-0.04,-1,280254,2888326.75
OLFI,2018-05-09,10.35,10.35,10.35,10.35,-1.43,-0.15,-1,164000,1697400
OLFI,2018-05-08,10.5,10.5,10.5,10.5,0,0,-1,210672,2212056
OLFI,2018-05-06,10.5,10.5,10.5,10.5,0,0,-1,375776,3945648
OLFI,2018-05-03,10.5,10.5,10.5,10.5,-2.33,-0.25,-1,1212700,12733350
OLFI,2018-05-02,10.5,10.5,9.68,10.75,0,0,-1,600,6300
OLFI,2018-04-30,10.75,10.75,10.75,10.75,0,0,-1,181952,1955984
OLFI,2018-04-29,10.75,10.75,10.75,10.75,0,0,-1,249236,2679287
OLFI,2018-04-24,10.75,10.75,10.75,10.75,0,0,-1,329400,3540250
OLFI,2018-04-23,10.75,10.75,10.56,10.75,0.09,0.01,-1,1191088,12802636
OLFI,2018-04-22,10.98,10.98,10.25,10.74,-0.09,-0.01,-1,11100,119234
OLFI,2018-04-19,10.75,10.75,10.75,10.75,-2.27,-0.25,-1,760300,8173225
OLFI,2018-04-17,11,11,11,11,0.05,0,-1,1066200,11728200
OLFI,2018-04-16,11,11,11,11,1.48,0.16,-1,830000,9126858
OLFI,2018-04-12,11,11,10.75,10.84,-1.5,-0.16,-1,21000,227500
OLFI,2018-04-11,11,11,11,11,0,0,-1,2297526,25272786
OLFI,2018-04-10,11,11,11,11,0,0,-1,1645000,18094864
OLFI,2018-04-04,11,11,11,11,0,0,-1,336000,3696000
OLFI,2018-04-03,11,11,11,11,0,0,-1,491392,5405312
OLFI,2018-04-01,11,11,11,11,0,0,-1,48400,532400
OLFI,2018-03-29,11.01,11.01,11,11,-1.17,-0.13,-1,1312012,14432392
OLFI,2018-03-28,11.5,11.5,11,11.13,-3.22,-0.37,-1,977132,10876570
OLFI,2018-03-26,11.5,11.5,11.5,11.5,0,0,-1,700000,8050000
OLFI,2018-03-22,11.06,11.06,11.06,11.5,0,0,-1,340,3758.7
OLFI,2018-03-21,11.7,11.7,11.45,11.5,0,0,-1,600580,6906675
OLFI,2018-03-19,11.9,11.9,11.5,11.5,0,0,-1,1047824,12050166
OLFI,2018-03-18,11.7,11.7,11.5,11.5,0,0,-1,1581526,18188060
OLFI,2018-03-15,12,12,10.16,11.5,2.22,0.25,-1,6539700,75204240
OLFI,2018-03-14,11.25,11.25,11.25,11.25,0,0,-1,13000,146250
OLFI,2018-03-13,11.25,11.25,11.25,11.25,-1.92,-0.22,-1,790000,8887500
OLFI,2018-03-12,11.75,11.75,11.75,11.47,2.44,0,-1,100,1175
OLFI,2018-03-11,12,12,12,11.47,0,0,-1,96,1151.52
OLFI,2018-03-08,11.5,11.5,10.75,11.47,-2.41,0.45,-1,10584,121381.3
OLFI,2018-03-07,11.35,11.35,11,11.02,0.14,0.02,-1,215794,2377334
OLFI,2018-03-06,11.37,11.37,11,11,1.85,0.2,-1,3610,39717.4
OLFI,2018-03-05,11,11,9.87,10.8,-1.32,-0.15,-1,15780,170413.41
OLFI,2018-03-04,10.99,10.99,10.99,10.95,0,0,-1,500,5492.5
OLFI,2018-03-01,11,11,10.63,10.95,-3.14,-0.05,-1,33332,364814.22
OLFI,2018-02-28,11,11,10.75,11,2.47,0.26,-1,1770184,19471742
OLFI,2018-02-27,10.76,10.76,10.5,10.74,-6.44,-0.76,-1,3073934,33002470
OLFI,2018-02-26,11.5,11.5,10.57,11.5,2.68,0.3,-1,60010,689805.63
OLFI,2018-02-25,11.5,11.5,10.52,11.2,-2.17,-0.3,-1,71464,800122.88
OLFI,2018-02-22,11.01,11.01,11.01,11.5,0,0,-1,10,110.1
OLFI,2018-02-21,11.5,11.5,10.51,11.5,0.66,0.07,-1,1100986,12659840
OLFI,2018-02-20,11.62,11.62,11.25,11.43,1.47,0.17,-1,18266,208683.77
OLFI,2018-02-19,12.5,12.5,11.25,11.26,-2.04,-1.24,-1,708164,7972915.5
OLFI,2018-02-15,12.49,12.49,12.49,12.5,-0.08,0,-1,2,24.98
OLFI,2018-02-14,12.75,12.75,12.75,12.5,0,0,-1,2,25.5
OLFI,2018-02-13,12.48,12.48,12.48,12.5,0,0,-1,2,24.95
OLFI,2018-02-07,12.5,12.5,12.5,12.5,0,0,-1,3000,37500
OLFI,2018-02-05,12.5,12.5,12.5,12.5,0,0,-1,150000,1875000
OLFI,2018-02-01,12.5,12.5,12.5,12.5,0,0,-1,15550,194375
OLFI,2018-01-31,12.5,12.5,12.5,12.5,0,0,-1,160000,2000000
OLFI,2018-01-29,12.5,12.5,12.5,12.5,0,0,-1,44864,560800
OLFI,2018-01-28,12.5,12.5,12.5,12.5,0,0,-1,1298072,16225900
OLFI,2018-01-24,12.65,12.65,11.25,12.5,0,0,-1,240022,2999732
OLFI,2018-01-22,12.8,12.8,11.5,12.5,0,0,-1,4128712,51608008
OLFI,2018-01-21,12.5,12.5,12.5,12.5,3.26,0.39,-1,7873850,98423056
OLFI,2018-01-18,12.25,12.25,11.75,12.11,3.37,0.4,-1,84250,1019937.5
OLFI,2018-01-17,11.75,11.75,11.5,11.71,-0.34,-0.04,-1,468688,5489162
OLFI,2018-01-15,11.75,11.75,11.75,11.75,0,0,-1,1704860,20032096
OLFI,2018-01-14,11.75,11.75,11.75,11.75,0.04,0,-1,48900,574575
OLFI,2018-01-11,11.75,11.75,11.5,11.75,4.4,0.5,-1,6313600,74156032
OLFI,2018-01-10,11.5,11.5,11,11.25,4.26,0.22,-1,29914,336554
OLFI,2018-01-04,11,11,11,11.03,0,0,-1,2000,22000
OLFI,2018-01-03,11.2,11.2,11,11.03,0.27,0.03,-1,73240,807738.38
OLFI,2018-01-02,11,11,11,11,0.27,0.03,-1,118800,1306800
OLFI,2017-12-31,11,11,9.5,10.97,5.31,0.52,-1,96360,1056964
OLFI,2017-12-26,10.5,10.5,9.5,10.45,-0.43,-0.04,-1,37520,391890
OLFI,2017-12-21,10.5,10.5,10.1,10.49,4.9,0.49,-1,2097526,22007210
OLFI,2017-12-20,10,10,10,10,0,0,-1,113000,1130000
OLFI,2017-12-18,10,10,10,10,-0.05,-0.01,-1,141208,1412080
OLFI,2017-12-17,10.05,10.05,10,10.01,0.2,0.02,-1,219232,2193320
OLFI,2017-12-12,10,10,9.58,9.99,1.89,0.19,-1,1138236,11363537
OLFI,2017-12-11,10,10,9.5,9.8,6.04,0.37,-1,4463320,43731076
OLFI,2017-12-10,9.5,9.5,9.26,9.43,1.67,0.15,-1,17000,160300
OLFI,2017-12-07,9.5,9.5,8.55,9.28,0.32,0.03,-1,61460,570067.94
OLFI,2017-12-06,9.25,9.25,9.25,9.25,0,0,-1,1784194,16494874
OLFI,2017-12-05,9.25,9.25,9,9.25,-0.05,0,-1,1129026,10437355
OLFI,2017-12-04,9.26,9.26,9.2,9.25,-0.05,-0.01,-1,1059820,9805109
OLFI,2017-11-28,9.5,9.5,9.15,9.26,0.05,0.01,-1,513230,4750609.5
OLFI,2017-11-27,9.25,9.25,9.25,9.25,0,0,-1,12400,114700
OLFI,2017-11-26,9.26,9.26,9.25,9.25,0,0,-1,486270,4498001
OLFI,2017-11-23,9.45,9.45,9.08,9.25,-0.54,-0.05,-1,983622,9099124
OLFI,2017-11-20,9.3,9.3,9.3,9.3,-0.85,-0.08,-1,264696,2461672.75
OLFI,2017-11-16,9.75,9.75,9.38,9.38,1.24,0.11,-1,960000,9002549
OLFI,2017-11-15,9.5,9.5,9.25,9.27,0.16,0.02,-1,400600,3712197
OLFI,2017-11-14,9.26,9.26,9.05,9.25,2.78,0.25,-1,834880,7722242.5
OLFI,2017-11-13,9,9,9,9,0,0,-1,2592,23328
OLFI,2017-11-12,9.01,9.01,9,9,1.12,0.1,-1,550000,4950000
OLFI,2017-11-09,9,9,8.9,8.9,0.06,0,-1,512622,4562534.5
OLFI,2017-11-08,8.9,8.9,8.8,8.9,2.06,0.18,-1,569270,5062665
OLFI,2017-11-07,8.8,8.8,8.7,8.72,0.23,0.02,-1,122000,1063600
OLFI,2017-11-01,8.7,8.7,8.5,8.7,-2.19,-0.2,-1,60262,524235
OLFI,2017-10-31,8.89,8.89,8.7,8.9,-2.25,0,-1,160,1414.6
OLFI,2017-10-30,8.7,8.7,8.7,8.9,0,0,-1,200,1740
OLFI,2017-10-29,8.9,8.9,8.89,8.9,2.24,0.2,-1,86000,764899
OLFI,2017-10-26,8.7,8.7,8.13,8.7,-2.25,-0.2,-1,670400,5832365
OLFI,2017-10-25,8.9,8.9,8.9,8.9,0.06,0,-1,50000,445000
OLFI,2017-10-24,8.9,8.9,8.9,8.9,0.06,0.01,-1,5700,50701.5
OLFI,2017-10-23,8.9,8.9,8.75,8.89,-0.06,-0.01,-1,140000,1244438.5
OLFI,2017-10-22,8.95,8.95,8.5,8.9,2.83,0.25,-1,70760,629487
OLFI,2017-10-19,8.65,8.65,8.65,8.65,-1.14,-0.1,-1,200020,1730173
OLFI,2017-10-17,8.75,8.75,8.75,8.75,0.69,0.06,-1,9274,81147.5
OLFI,2017-10-16,8.95,8.95,8.5,8.69,-1.03,-0.09,-1,2260,19637.5
OLFI,2017-10-15,9.64,9.64,8.75,8.78,0.17,0.01,-1,9294,81582.48
OLFI,2017-10-12,8.9,8.9,8.75,8.77,5.79,0.48,-1,38070,333741
OLFI,2017-10-11,8.6,8.6,8.03,8.29,-3.43,-0.59,-1,23020,190715.09
OLFI,2017-10-10,8.9,8.9,8.43,8.88,-6.33,-0.12,-1,63270,561715.44
OLFI,2017-10-08,9,9,9,9,1.07,0.09,-1,12000,107997
OLFI,2017-10-04,9.13,9.13,8.4,8.91,-3.56,0.2,-1,8350,74347.5
OLFI,2017-10-03,9,9,8.33,8.71,-0.85,-0.08,-1,8560,74561.45
OLFI,2017-10-02,9.25,9.25,8.3,8.79,-1.67,-0.21,-1,2240,19682.55
OLFI,2017-10-01,9,9,9,9,0.67,0.06,-1,2400,21588
OLFI,2017-09-28,9.01,9.01,8.76,8.94,2.92,0.2,-1,174220,1556768.75
OLFI,2017-09-27,9,9,8.51,8.74,2.82,0.24,-1,121150,1058639.63
OLFI,2017-09-26,8.7,8.7,8.05,8.5,0,0,-1,54022,459109.09
OLFI,2017-09-24,8.5,8.5,8.5,8.5,1.86,0.15,-1,10000,85000
OLFI,2017-09-20,8.5,8.5,8.2,8.35,1.15,0.1,-1,301452,2515806.25
OLFI,2017-09-19,8.26,8.26,8.03,8.25,-1.26,-0.11,-1,426600,3518829.25
OLFI,2017-09-18,8.5,8.5,8.1,8.36,3.15,0.26,-1,99472,831163.69
OLFI,2017-09-17,8.12,8.12,8.1,8.1,0.62,0.05,-1,20002,162016.23
OLFI,2017-09-14,8.1,8.1,8,8.05,0.12,0.01,-1,823794,6630134.5
OLFI,2017-09-13,8.1,8.1,8,8.04,0.5,0.04,-1,100210,805686.5
OLFI,2017-09-12,8,8,8,8,0,0,-1,624074,4992592
OLFI,2017-09-11,8,8,8,8,-0.37,-0.03,-1,10000,80000
OLFI,2017-09-10,8.1,8.1,7.25,8.03,0.37,0.03,-1,168020,1348945
OLFI,2017-09-06,8,8,8,8,0,0,-1,911684,7293472
OLFI,2017-09-05,8,8,8,8,0,0,-1,289566,2316528
OLFI,2017-08-30,8,8,8,8,-0.44,-0.04,-1,24000,192000
OLFI,2017-08-29,8.1,8.1,8,8.04,0.44,0.04,-1,1318480,10593753
OLFI,2017-08-28,8,8,8,8,-1.48,-0.12,-1,390060,3120480
OLFI,2017-08-20,7.75,7.75,7.75,8.12,0,0,-1,2000,15500
OLFI,2017-08-17,8.25,8.25,8.08,8.12,-0.06,-0.01,-1,819238,6654215.5
OLFI,2017-08-16,8.13,8.13,8.12,8.13,0.99,0.08,-1,310100,2519327.5
OLFI,2017-08-14,8.13,8.13,8,8.05,-3.31,-0.27,-1,801926,6450649
OLFI,2017-08-10,8.39,8.39,8,8.32,4.07,0.32,-1,4930,41027.5
OLFI,2017-08-09,8,8,8,8,4.85,0.37,-1,391000,3126092
OLFI,2017-08-08,7.63,7.63,7.63,7.63,1.67,0.13,-1,201434,1535941.38
OLFI,2017-08-07,7.5,7.5,7.5,7.5,0,0,-1,23716,177870
OLFI,2017-08-06,7.5,7.5,7.1,7.5,-3.72,-0.29,-1,2667422,20004454
OLFI,2017-08-03,7.94,7.94,7.94,7.79,0,0,-1,20,158.8
OLFI,2017-08-02,7.26,7.26,7.25,7.79,0,0,-1,140,1015.66
OLFI,2017-08-01,8,8,7.2,7.79,-2.63,-0.21,-1,48738,379554.41
OLFI,2017-07-31,8,8,8,8,0.06,0,-1,102000,816000
OLFI,2017-07-30,8,8,8,8,0.25,0.02,-1,23000,183885
OLFI,2017-07-27,8,8,7.95,7.98,-0.25,-0.02,-1,30000,239283
OLFI,2017-07-26,8,8,8,8,-0.06,0,-1,46000,367770
OLFI,2017-07-25,8,8,8,8,-2.97,-0.25,-1,272340,2178720
OLFI,2017-07-20,8.25,8.25,8.25,8.25,-0.06,0,-1,186362,1536637.25
OLFI,2017-07-19,8.49,8.49,8.25,8.25,0,0,-1,200700,1656056
OLFI,2017-07-18,8.25,8.25,8.25,8.25,-2.83,-0.24,-1,3350,27637.5
OLFI,2017-07-17,8.5,8.5,8.25,8.49,-0.06,-0.01,-1,820272,6964354
OLFI,2017-07-16,8.5,8.5,8.5,8.5,0,0,-1,554104,4707114
OLFI,2017-07-13,8.5,8.5,8.5,8.5,-0.06,0,-1,90000,764600
OLFI,2017-07-12,8.5,8.5,8.47,8.5,-1.62,-0.14,-1,212052,1802436.63
OLFI,2017-07-11,8.75,8.75,8.5,8.64,0.23,0.02,-1,17954,155136
OLFI,2017-07-10,8.75,8.75,8.5,8.62,-4.01,-0.36,-1,37552,323708.53
OLFI,2017-07-06,9,9,8.5,8.98,-7.1,-0.17,-1,145200,1303611
OLFI,2017-07-04,9.5,9.5,8.92,9.15,-2.19,0.03,-1,129472,1184737.88
OLFI,2017-07-03,9.12,9.12,9.12,9.12,-0.05,-0.01,-1,392176,3576645
OLFI,2017-07-02,9.13,9.13,9.13,9.13,0,0,-1,2,18.25
OLFI,2017-06-28,9.13,9.13,9.13,9.13,0,0,-1,200000,1825000
OLFI,2017-06-22,9.24,9.24,9.13,9.13,-3.95,-0.37,-1,200400,1828688
OLFI,2017-06-14,9.5,9.5,9.5,9.5,2.7,0.25,-1,28000,266000
OLFI,2017-06-08,9.25,9.25,9.25,9.25,0.05,0,-1,33610,310892.5
OLFI,2017-06-07,9.25,9.25,9.25,9.25,-0.05,0,-1,1314348,12151147
OLFI,2017-06-06,9.25,9.25,9.25,9.25,-0.05,0,-1,107140,991012.31
OLFI,2017-06-05,9.25,9.25,9,9.25,0.05,0,-1,438422,4055103.5
OLFI,2017-06-01,9.25,9.25,9.25,9.25,-0.05,0,-1,200000,1849000
OLFI,2017-05-31,9.25,9.25,9.25,9.25,-0.05,0,-1,1434192,13266271
OLFI,2017-05-29,10,10,9.25,9.25,-2.58,-0.25,-1,953656,8822452
OLFI,2017-05-28,9.5,9.5,9.06,9.5,5.32,0.48,-1,3914,37159.24
OLFI,2017-05-25,9.05,9.05,9,9.02,6.47,0.52,-1,3436,30995.8
OLFI,2017-05-23,8.52,8.52,8.49,8.5,3.16,0.26,-1,1004310,8536611
OLFI,2017-05-22,8.25,8.25,8.15,8.24,1.1,0.09,-1,49316,406257
OLFI,2017-05-18,8.15,8.15,8.15,8.15,0,0,-1,157270,1281750.5
OLFI,2017-05-17,8.15,8.15,8.15,8.15,0,0,-1,7236030,58973644
OLFI,2017-05-16,8.16,8.16,8.15,8.15,-0.06,-0.01,-1,238636,1944887.38
OLFI,2017-05-15,8.4,8.4,8.15,8.15,-1.15,-0.1,-1,705160,5749589
OLFI,2017-05-14,8.5,8.5,8.25,8.25,0.61,0.05,-1,606004,4999542.5
OLFI,2017-05-11,8.2,8.2,8,8.2,2.18,0.17,-1,140400,1151080
OLFI,2017-05-10,8.5,8.5,8,8.02,1.33,0.1,-1,948616,7611414
OLFI,2017-05-09,8,8,7.8,7.92,-3.94,-0.33,-1,104460,827548
OLFI,2017-05-07,8.38,8.38,8.25,8.25,0,0,-1,1400,11682.5
OLFI,2017-05-04,8.25,8.25,8.25,8.25,6.25,0.49,-1,2800,23089.8
OLFI,2017-05-03,8.05,8.05,7.55,7.76,1.24,0.09,-1,52380,406487.31
OLFI,2017-05-02,7.53,7.53,7.53,7.67,0,0,-1,200,1506
OLFI,2017-04-30,8,8,7.5,7.67,2.13,0.16,-1,52030,398866.13
OLFI,2017-04-27,7.75,7.75,7.5,7.51,0.07,0.01,-1,20300,152325
OLFI,2017-04-26,7.5,7.5,7.49,7.5,0,0,-1,187310,1404782.88
OLFI,2017-04-24,7.5,7.5,7.5,7.5,1.21,0.09,-1,7000,52500
OLFI,2017-04-23,7.51,7.51,7.33,7.41,-1.2,-0.09,-1,18742,138911.41
OLFI,2017-04-20,7.5,7.5,7.5,7.5,0,0,-1,223200,1674000
OLFI,2017-04-19,7.5,7.5,7.5,7.5,0,0,-1,733130,5498475
OLFI,2017-04-18,7.51,7.51,7.01,7.5,5.26,0.37,-1,5531078,41486684
OLFI,2017-04-11,7.14,7.14,7.08,7.13,2.59,0.18,-1,273918,1951484.5
OLFI,2017-04-10,7.09,7.09,6.6,6.95,2.81,0.19,-1,50576,351143.66
OLFI,2017-04-09,6.95,6.95,6.75,6.76,-0.3,-0.02,-1,23594,159400.2
OLFI,2017-04-06,6.78,6.78,6.51,6.78,0.37,0.03,-1,866914,5871796.5
OLFI,2017-04-05,6.75,6.75,6.75,6.75,0,0,-1,96692,652671
OLFI,2017-04-04,6.75,6.75,6.74,6.75,0.3,0.02,-1,211000,1424165
OLFI,2017-04-03,6.76,6.76,5.9,6.73,2.75,0.18,-1,209598,1410765.38
OLFI,2017-04-02,6.8,6.8,6.51,6.55,-4.45,-0.31,-1,14390,94272.6
OLFI,2017-03-30,6.9,6.9,6.56,6.86,1.56,0.11,-1,42370,290452.81
OLFI,2017-03-29,6.87,6.87,6.55,6.75,0.67,0.04,-1,224498,1515320.25
OLFI,2017-03-28,6.95,6.95,6.55,6.71,2.6,0.17,-1,9540,63945
OLFI,2017-03-27,6.82,6.82,6.5,6.54,0.46,0.03,-1,195406,1276664.63
OLFI,2017-03-26,7,7,6.5,6.51,-0.76,-0.05,-1,43010,279762.19
OLFI,2017-03-23,7,7,6.53,6.56,0.85,0.06,-1,2282990,14969256
OLFI,2017-03-22,6.68,6.68,6.5,6.5,0,0,-1,102382,665486.5
OLFI,2017-03-21,6.65,6.65,6.5,6.5,1.48,0.09,-1,12034,78224
OLFI,2017-03-20,6.72,6.72,6.07,6.41,-1.76,-0.11,-1,58620,375588.53
OLFI,2017-03-19,7.25,7.25,6.38,6.52,-3.55,-0.24,-1,44964,293105.81
OLFI,2017-03-16,6.78,6.78,6.55,6.76,9.74,0.6,-1,943368,6379283.5
OLFI,2017-03-15,6.43,6.43,5.89,6.16,5.39,0.31,-1,412008,2538762.5
OLFI,2017-03-14,5.89,5.89,5.75,5.85,0.34,0.02,-1,273704,1600468.38
OLFI,2017-03-13,5.89,5.89,5.8,5.83,0.43,0.03,-1,71200,414585.91
OLFI,2017-03-12,5.89,5.89,5.8,5.8,0.78,0.04,-1,183152,1062636.13
OLFI,2017-03-09,5.94,5.94,5.75,5.76,0.79,0.05,-1,1159026,6672451
OLFI,2017-03-08,5.94,5.94,5.5,5.71,3.82,0.21,-1,1117630,6380248
OLFI,2017-03-07,5.5,5.5,5.48,5.5,0,0,-1,456600,2510660.5
OLFI,2017-03-06,5.5,5.5,5.49,5.5,0.09,0,-1,988000,5432676
OLFI,2017-03-02,5.5,5.5,5.29,5.5,1.67,0.09,-1,389000,2136729
OLFI,2017-03-01,5.5,5.5,5.21,5.41,3.64,0.19,-1,300026,1622027.25
OLFI,2017-02-28,5.5,5.5,5.03,5.22,-1.32,-0.07,-1,128598,670538.31
OLFI,2017-02-27,5.3,5.3,5,5.29,-1.03,-0.05,-1,157256,831468.81
OLFI,2017-02-26,5.49,5.49,5.33,5.34,0,0,-1,1319740,7047323.5
OLFI,2017-02-23,5.45,5.45,5.25,5.34,-0.19,-0.01,-1,474000,2530156.75
OLFI,2017-02-22,5.36,5.36,5.35,5.35,-0.19,-0.01,-1,563000,3012500
OLFI,2017-02-21,5.4,5.4,5.25,5.36,2.29,0.12,-1,1513896,8116278.5
OLFI,2017-02-20,5.45,5.45,5.13,5.24,-1.96,-0.11,-1,170222,892224.75
OLFI,2017-02-19,5.38,5.38,5.3,5.35,-2.73,-0.15,-1,75726,404778.81
OLFI,2017-02-16,5.5,5.5,5.38,5.5,2.42,0.13,-1,946228,5201727
OLFI,2017-02-15,5.38,5.38,5.18,5.37,-1.65,-0.09,-1,1184184,6354151.5
OLFI,2017-02-14,5.58,5.58,5.35,5.46,2.63,0.14,-1,3571028,19478086
OLFI,2017-02-13,5.4,5.4,5,5.32,4.01,0.21,-1,703662,3740869.75
OLFI,2017-02-12,5.25,5.25,5.02,5.11,-3.13,-0.17,-1,273270,1396516.75
OLFI,2017-02-09,5.5,5.5,5.25,5.28,-0.94,-0.05,-1,2212890,11675059
OLFI,2017-02-08,5.5,5.5,5,5.33,4.11,0.21,-1,1518390,8084643
OLFI,2017-02-07,5.23,5.23,4.8,5.12,7.57,0.36,-1,5304684,27128210
OLFI,2017-02-06,4.8,4.8,4.65,4.76,2.26,0.11,-1,1214572,5773258
OLFI,2017-02-05,4.66,4.66,4.6,4.65,-0.11,-0.01,-1,88838,413035.13
OLFI,2017-02-02,4.7,4.7,4.65,4.66,0,0,-1,627394,2919837.5
OLFI,2017-01-31,4.7,4.7,4.65,4.66,-0.75,-0.03,-1,221600,1031940
OLFI,2017-01-30,4.78,4.78,4.61,4.69,-2.09,-0.1,-1,186000,872777.25
OLFI,2017-01-29,4.85,4.85,4.71,4.79,-0.21,-0.01,-1,311268,1490929
OLFI,2017-01-26,4.8,4.8,4.75,4.8,-0.83,-0.04,-1,598920,2873888.25
OLFI,2017-01-24,4.85,4.85,4.65,4.84,7.56,0.34,-1,1371966,6642301.5
OLFI,2017-01-23,4.51,4.51,4.5,4.5,0,0,-1,926318,4168444
OLFI,2017-01-22,4.5,4.5,4.5,4.5,0,0,-1,1112800,5007600
OLFI,2017-01-19,4.52,4.52,4.43,4.5,-2.07,-0.1,-1,772660,3476225.25
OLFI,2017-01-18,4.66,4.66,4.5,4.6,-3.87,-0.18,-1,65800,302344.91
OLFI,2017-01-17,4.83,4.83,4.67,4.78,4.71,0.21,-1,6764402,32331482
OLFI,2017-01-16,4.6,4.6,4.54,4.57,2.82,0.13,-1,80634,367969.22
OLFI,2017-01-15,4.53,4.53,4.25,4.44,3.14,0.13,-1,409916,1819750.63
OLFI,2017-01-12,4.35,4.35,4.28,4.31,-0.35,-0.01,-1,2092948,9013369
OLFI,2017-01-11,4.4,4.4,4.3,4.32,-0.69,-0.03,-1,2960440,12789216
OLFI,2017-01-10,4.44,4.44,4.32,4.35,-0.8,-0.04,-1,1248144,5429466.5
OLFI,2017-01-09,4.5,4.5,4.38,4.39,-1.57,-0.07,-1,333460,1462885.63
OLFI,2017-01-08,4.5,4.5,4.37,4.46,-0.67,-0.03,-1,241730,1076726.63
OLFI,2017-01-05,4.55,4.55,4.35,4.49,3.1,0.14,-1,778074,3489360
OLFI,2017-01-04,4.4,4.4,4.3,4.35,-2.03,-0.09,-1,838966,3650524.75
OLFI,2017-01-03,4.45,4.45,4.31,4.44,-0.22,-0.01,-1,2020732,8976615
OLFI,2017-01-02,4.46,4.46,4.44,4.45,-3.37,-0.16,-1,28948,128791.6
OLFI,2016-12-29,4.75,4.75,4.45,4.61,-0.22,-0.01,-1,1211222,5574972.5
OLFI,2016-12-28,4.68,4.68,4.53,4.62,0.22,0.01,-1,685256,3161456
OLFI,2016-12-27,4.68,4.68,4.48,4.61,1.88,0.09,-1,790650,3640205
OLFI,2016-12-26,4.63,4.63,4.35,4.52,4.75,0.2,-1,663588,3000879.5
OLFI,2016-12-25,4.48,4.48,4.3,4.32,-0.35,-0.01,-1,1080620,4665494.5
OLFI,2016-12-22,4.54,4.54,4.25,4.33,-5.87,-0.27,-1,1387164,6006454.5
OLFI,2016-12-21,4.75,4.75,4.5,4.6,-1.39,-0.07,-1,2222440,10220493
OLFI,2016-12-20,4.84,4.84,4.52,4.67,-3.72,-0.18,-1,2233414,10422942
OLFI,2016-12-19,4.9,4.9,4.78,4.85,-0.1,0,-1,3188744,15446132
OLFI,2016-12-18,4.87,4.87,4.76,4.85,-1.02,-0.05,-1,2225734,10789538
OLFI,2016-12-15,4.99,4.99,4.84,4.9,1.030928,0.06,-1,29984250,146860736
