Symbol,Date Range,Open,High,Low,Closed,% Change,Change,Prev. Closed,Volume,Turnover
PRMH,2026-09-07,2.83,2.83,2.7,2.81,1.44,0.04,-1,2845721,7863137
PRMH,2026-09-06,2.85,2.85,2.75,2.77,-1.07,-0.03,-1,3277013,9190440
PRMH,2026-09-03,2.87,2.87,2.72,2.8,0,0,-1,3898931,10950938
PRMH,2026-09-02,2.86,2.86,2.66,2.8,4.48,0.12,-1,6929035,19310090
PRMH,2026-09-01,2.74,2.74,2.57,2.68,1.13,0.03,-1,3084789,8186273
PRMH,2026-08-31,2.8,2.8,2.58,2.65,1.92,0.05,-1,10703959,28758642
PRMH,2026-08-30,2.6,2.6,2.46,2.6,5.69,0.14,-1,3736177,9460927
PRMH,2026-08-26,2.51,2.51,2.44,2.46,-0.4,-0.01,-1,2711690,6687067.5
PRMH,2026-08-25,2.64,2.64,2.32,2.47,8.33,0.19,-1,22310414,55886308
PRMH,2026-08-24,2.41,2.41,2.28,2.28,-3.39,-0.08,-1,3059817,7185848.5
PRMH,2026-08-23,2.46,2.46,2.35,2.36,0,0,-1,4459444,10616414
PRMH,2026-08-20,2.46,2.46,2.36,2.36,-2.48,-0.06,-1,3439265,8235302.5
PRMH,2026-08-19,2.6,2.6,2.4,2.42,-5.47,-0.14,-1,3386836,8485617
PRMH,2026-08-18,2.62,2.62,2.55,2.56,-1.54,-0.04,-1,3028911,7833417.5
PRMH,2026-08-17,2.68,2.68,2.6,2.6,-1.89,-0.05,-1,2811453,7404497
PRMH,2026-08-16,2.71,2.71,2.62,2.65,-2.93,-0.08,-1,4509048,11922699
PRMH,2026-08-13,2.89,2.89,2.61,2.73,-5.21,-0.15,-1,6675184,18384556.87
PRMH,2026-08-12,2.93,2.93,2.86,2.88,1.05,0.03,-1,6192469,17919338
PRMH,2026-08-11,2.92,2.92,2.77,2.85,2.89,0.08,-1,8930318,25519266
PRMH,2026-08-10,2.81,2.81,2.77,2.77,-0.36,-0.01,-1,2064486,5746526.5
PRMH,2026-08-09,2.83,2.83,2.77,2.78,0.36,0.01,-1,2880589,8051846
PRMH,2026-08-06,2.86,2.86,2.76,2.77,-1.07,-0.03,-1,7793916,21938770
PRMH,2026-08-05,2.8,2.8,2.71,2.8,2.19,0.06,-1,3963261,10903927
PRMH,2026-08-04,2.79,2.79,2.7,2.74,2.62,0.07,-1,6635134,18269120
PRMH,2026-08-03,2.73,2.73,2.64,2.67,2.3,0.06,-1,4767592,12810393
PRMH,2026-08-02,2.67,2.67,2.58,2.61,0.38,0.01,-1,3648394,9546153
PRMH,2026-07-30,2.65,2.65,2.56,2.6,-2.26,-0.06,-1,4034219,10455731
PRMH,2026-07-29,2.7,2.7,2.64,2.66,0,0,-1,1700079,4531185
PRMH,2026-07-28,2.73,2.73,2.66,2.66,-1.48,-0.04,-1,3059259,8222499
PRMH,2026-07-27,2.74,2.74,2.66,2.7,1.5,0.04,-1,6785002,18352958
PRMH,2026-07-26,2.72,2.72,2.65,2.66,-2.21,-0.06,-1,4418586,11854673
PRMH,2026-07-22,2.75,2.75,2.72,2.72,-0.37,-0.01,-1,1720558,4693573.5
PRMH,2026-07-21,2.78,2.78,2.72,2.73,-0.73,-0.02,-1,2933709,8040982
PRMH,2026-07-20,2.8,2.8,2.72,2.75,0.36,0.01,-1,3288704,9033541
PRMH,2026-07-19,2.78,2.78,2.73,2.74,-0.72,-0.02,-1,2887978,7937176
PRMH,2026-07-16,2.84,2.84,2.72,2.76,1.1,0.03,-1,7360655,20518602
PRMH,2026-07-15,2.77,2.77,2.73,2.73,0.37,0.01,-1,4597357,12625852
PRMH,2026-07-14,2.83,2.83,2.7,2.72,-0.73,-0.02,-1,9183820,25343656
PRMH,2026-07-13,2.79,2.79,2.7,2.74,-1.08,-0.03,-1,8301411,22743272
PRMH,2026-07-12,2.95,2.95,2.62,2.77,7.36,0.19,-1,37183046,105156872
PRMH,2026-07-09,2.58,2.58,2.52,2.58,1.18,0.03,-1,2674291,6841013.5
PRMH,2026-07-08,2.62,2.62,2.54,2.55,-2.3,-0.06,-1,3353642,8600732
PRMH,2026-07-07,2.65,2.65,2.58,2.61,0,0,-1,4634393,12101322
PRMH,2026-07-06,2.68,2.68,2.58,2.61,0.77,0.02,-1,4223773,11073975
PRMH,2026-07-05,2.63,2.63,2.57,2.59,0,0,-1,3099241,8064225
PRMH,2026-07-01,2.64,2.64,2.48,2.59,4.02,0.1,-1,8119854,20797446
PRMH,2026-06-30,2.53,2.53,2.45,2.49,-0.4,-0.01,-1,3504745,8699348
PRMH,2026-06-29,2.51,2.51,2.36,2.5,3.73,0.09,-1,5172196,12586849
PRMH,2026-06-28,2.57,2.57,2.34,2.41,-5.49,-0.14,-1,7080940,17488126
PRMH,2026-06-25,2.6,2.6,2.51,2.55,-1.54,-0.04,-1,5882103,15072637
PRMH,2026-06-24,2.74,2.74,2.57,2.59,-4.07,-0.11,-1,15412323,40372008
PRMH,2026-06-23,2.83,2.83,2.7,2.7,-3.57,-0.1,-1,5363089,14706891
PRMH,2026-06-22,2.88,2.88,2.79,2.8,-1.41,-0.04,-1,5022469,14154762
PRMH,2026-06-21,2.95,2.95,2.75,2.84,2.16,0.06,-1,15012536,43094952
PRMH,2026-06-17,2.87,2.87,2.7,2.78,-2.46,-0.07,-1,13649491,38085920
PRMH,2026-06-16,3.02,3.02,2.78,2.85,2.89,0.08,-1,15532584,44973944
PRMH,2026-06-15,2.93,2.93,2.75,2.77,-4.48,-0.13,-1,8894567,25045224
PRMH,2026-06-14,2.94,2.94,2.67,2.9,10.27,0.27,-1,65883193,188261728
PRMH,2026-06-11,2.68,2.68,2.56,2.63,-0.38,-0.01,-1,5813043,15261683
PRMH,2026-06-10,2.81,2.81,2.64,2.64,-4.69,-0.13,-1,4804085,12986269
PRMH,2026-06-09,2.9,2.9,2.77,2.77,-1.77,-0.05,-1,5802660,16313417
PRMH,2026-06-08,2.86,2.86,2.72,2.82,1.08,0.03,-1,8805152,24587362
PRMH,2026-06-07,2.94,2.94,2.75,2.79,-1.76,-0.05,-1,7349170,20802628
PRMH,2026-06-04,2.99,2.99,2.58,2.84,10.94,0.28,-1,20086428,56690576
PRMH,2026-06-03,2.66,2.66,2.52,2.56,-1.92,-0.05,-1,5398806,13996217
PRMH,2026-06-02,2.67,2.67,2.28,2.61,14.98,0.34,-1,18119186,44993592
PRMH,2026-06-01,2.29,2.29,2.26,2.27,0.44,0.01,-1,1168075,2651217
PRMH,2026-05-25,2.3,2.3,2.23,2.26,-0.44,-0.01,-1,2632873,5975460.5
PRMH,2026-05-24,2.34,2.34,2.24,2.27,1.34,0.03,-1,2807097,6436982.5
PRMH,2026-05-21,2.28,2.28,2.21,2.24,-0.44,-0.01,-1,2456942,5535990
PRMH,2026-05-20,2.32,2.32,2.24,2.25,-1.32,-0.03,-1,2268933,5185294.5
PRMH,2026-05-19,2.35,2.35,2.21,2.28,3.17,0.07,-1,4615755,10603272
PRMH,2026-05-18,2.28,2.28,2.19,2.21,-3.49,-0.08,-1,2104300,4670749.5
PRMH,2026-05-17,2.35,2.35,2.28,2.29,-0.43,-0.01,-1,3389501,7849075.5
PRMH,2026-05-14,2.34,2.34,2.25,2.3,2.68,0.06,-1,5587114,12847561
PRMH,2026-05-13,2.26,2.26,2.2,2.24,2.28,0.05,-1,2873852,6403431
PRMH,2026-05-12,2.22,2.22,2.17,2.19,0.46,0.01,-1,4519140,9911827
PRMH,2026-05-11,2.28,2.28,2.18,2.18,0,0,-1,5438277,12058621
PRMH,2026-05-10,2.31,2.31,2.17,2.18,-0.91,-0.02,-1,8950714,20028020
PRMH,2026-05-06,2.32,2.32,2.19,2.2,-3.93,-0.09,-1,5695672,12746950
PRMH,2026-05-05,2.32,2.32,2.05,2.29,9.57,0.2,-1,17185835,37900988
PRMH,2026-05-04,2.13,2.13,2.08,2.09,-0.95,-0.02,-1,3577867,7507518.5
PRMH,2026-05-03,2.12,2.12,2.08,2.11,1.93,0.04,-1,2636811,5546301.5
PRMH,2026-04-30,2.13,2.13,2.05,2.07,0.49,0.01,-1,11067724,23202274
PRMH,2026-04-29,2.07,2.07,2.01,2.06,1.48,0.03,-1,3681158,7509189.5
PRMH,2026-04-28,2.05,2.05,2.01,2.03,0.5,0.01,-1,3846215,7804633.5
PRMH,2026-04-27,2.03,2.03,2.01,2.02,0.5,0.01,-1,4300030,8686070
PRMH,2026-04-26,2.04,2.04,2.01,2.01,-0.99,-0.02,-1,4739923,9582753
PRMH,2026-04-23,2.05,2.05,2.01,2.03,2.01,0.04,-1,6432070,13035789
PRMH,2026-04-22,2.03,2.03,1.98,1.99,0.51,0.01,-1,8215937,16423994
PRMH,2026-04-21,2.01,2.01,1.95,1.98,-1,-0.02,-1,10619175,21067310
PRMH,2026-04-20,2.03,2.03,1.98,2,-1.48,-0.03,-1,4355132,8740644
PRMH,2026-04-19,2.08,2.08,2.02,2.03,-1.93,-0.04,-1,8132035,16610659
PRMH,2026-04-16,2.1,2.1,2.06,2.07,0,0,-1,7039859,14593793
PRMH,2026-04-15,2.12,2.12,2.06,2.07,-1.43,-0.03,-1,5436792,11306783
PRMH,2026-04-14,2.15,2.15,2.08,2.1,0.96,0.02,-1,9611476,20330626
PRMH,2026-04-09,2.11,2.11,2.02,2.08,2.46,0.05,-1,8135769,16856298
PRMH,2026-04-08,2.08,2.08,2.03,2.03,0.5,0.01,-1,2704530,5533891.5
PRMH,2026-04-07,2.1,2.1,2.01,2.02,-0.49,-0.01,-1,11001849,22672498
PRMH,2026-04-06,2.04,2.04,1.99,2.03,1.5,0.03,-1,2968893,5990713.5
PRMH,2026-04-05,2.01,2.01,1.97,2,0.5,0.01,-1,2424542,4821998.5
PRMH,2026-04-02,2.04,2.04,1.99,1.99,-1.97,-0.04,-1,3868443,7758660
PRMH,2026-04-01,2.07,2.07,1.97,2.03,4.1,0.08,-1,4643108,9412121
PRMH,2026-03-31,2.03,2.03,1.95,1.95,-1.52,-0.03,-1,5066842,10032941
PRMH,2026-03-30,2.07,2.07,1.98,1.98,-2.94,-0.06,-1,2382978,4833218.5
PRMH,2026-03-29,2.08,2.08,2.02,2.04,-1.45,-0.03,-1,4478540,9175489
PRMH,2026-03-26,2.18,2.18,2.07,2.07,-3.27,-0.07,-1,7460787,15748281
PRMH,2026-03-25,2.15,2.15,1.98,2.14,7.54,0.15,-1,9966537,20830624
PRMH,2026-03-24,2.01,2.01,1.98,1.99,-1,-0.02,-1,1512696,3015384.5
PRMH,2026-03-18,2.07,2.07,1.99,2.01,0.5,0.01,-1,3684835,7449409
PRMH,2026-03-17,2.02,2.02,1.97,2,0.5,0.01,-1,1617806,3241076
PRMH,2026-03-16,2.09,2.09,1.97,1.99,-3.4,-0.07,-1,3813482,7712818.5
PRMH,2026-03-15,2.09,2.09,2.04,2.06,0.49,0.01,-1,3735983,7709326
PRMH,2026-03-12,2.12,2.12,2.04,2.05,-2.38,-0.05,-1,4191432,8679428
PRMH,2026-03-11,2.13,2.13,2.04,2.1,3.96,0.08,-1,11047257,22957490
PRMH,2026-03-10,2.02,2.02,1.83,2.02,10.38,0.19,-1,6974124,13542760
PRMH,2026-03-09,1.89,1.89,1.82,1.83,-2.66,-0.05,-1,2245259,4144582
PRMH,2026-03-08,1.93,1.93,1.85,1.88,1.08,0.02,-1,3819077,7228727.5
PRMH,2026-03-05,1.88,1.88,1.75,1.86,5.085,0.09,-1,5235058,9638162
PRMH,2026-03-04,1.8,1.8,1.69,1.77,5.357,0.09,-1,5961274,10453492
PRMH,2026-03-03,1.7,1.7,1.65,1.68,-0.592,-0.01,-1,1293603,2169384
PRMH,2026-03-02,1.73,1.73,1.67,1.69,-2.326,-0.04,-1,1779386,3024870.5
PRMH,2026-03-01,1.73,1.73,1.59,1.72,-2.273,-0.04,-1,7850562,13165845
PRMH,2026-02-26,1.8,1.8,1.7,1.76,0.571,0.01,-1,4541896,7986895.5
PRMH,2026-02-25,1.86,1.86,1.73,1.75,-4.89,-0.09,-1,5525752,9842364
PRMH,2026-02-24,1.94,1.94,1.8,1.84,-3.16,-0.06,-1,8467129,15709413
PRMH,2026-02-23,1.91,1.91,1.87,1.9,1.06,0.02,-1,4272517,8064156.5
PRMH,2026-02-22,1.98,1.98,1.86,1.88,-3.59,-0.07,-1,4385633,8368539.5
PRMH,2026-02-19,2.05,2.05,1.93,1.95,-3.47,-0.07,-1,6621794,13070575
PRMH,2026-02-18,2.11,2.11,2.02,2.02,0,0,-1,12115539,24962646
PRMH,2026-02-17,2.09,2.09,2.02,2.02,-1.46,-0.03,-1,8213565,16843484
PRMH,2026-02-16,2.11,2.11,2,2.05,-1.91,-0.04,-1,7557620,15525687
PRMH,2026-02-15,2.15,2.15,2.07,2.09,1.95,0.04,-1,12404181,26102852
PRMH,2026-02-12,2.08,2.08,1.91,2.05,8.47,0.16,-1,30030763,60382408.76
PRMH,2026-02-11,1.89,1.89,1.82,1.89,0.53,0.01,-1,11397016,21204898
PRMH,2026-02-10,1.93,1.93,1.88,1.88,-1.57,-0.03,-1,6411356,12171866
PRMH,2026-02-09,1.95,1.95,1.85,1.91,-0.52,-0.01,-1,17739706,33727684
PRMH,2026-02-08,2.12,2.12,1.9,1.92,-8.13,-0.17,-1,31453208,62391240
PRMH,2026-02-05,2.19,2.19,2.08,2.09,-4.13,-0.09,-1,10539295,22402006
PRMH,2026-02-04,2.21,2.21,2.11,2.18,3.32,0.07,-1,11246276,24258852
PRMH,2026-02-03,2.17,2.17,2.09,2.11,0.96,0.02,-1,11268867,23942912
PRMH,2026-02-02,2.2,2.2,2.07,2.09,-2.79,-0.06,-1,6591867,14030314
PRMH,2026-02-01,2.26,2.26,2.13,2.15,0,0,-1,13075274,28514382
PRMH,2026-01-28,2.39,2.39,2.14,2.15,-5.7,-0.13,-1,18326044,40857532
PRMH,2026-01-27,2.37,2.37,2.13,2.28,8.06,0.17,-1,33778497,77033000
PRMH,2026-01-26,2.26,2.26,2.11,2.11,-6.64,-0.15,-1,15356293,33536600
PRMH,2026-01-25,2.45,2.45,2.06,2.26,7.62,0.16,-1,51492172,115632032
PRMH,2026-01-22,2.16,2.16,1.9,2.1,11.11,0.21,-1,20803349,42016724
PRMH,2026-01-21,1.95,1.95,1.85,1.89,-1.05,-0.02,-1,13210610,25039382
PRMH,2026-01-20,1.98,1.98,1.83,1.91,3.8,0.07,-1,30228596,58071816
PRMH,2026-01-19,1.85,1.85,1.69,1.84,8.876,0.15,-1,15239528,26904700
PRMH,2026-01-18,1.7,1.7,1.6,1.69,6.29,0.1,-1,5062229,8392345
PRMH,2026-01-15,1.73,1.73,1.59,1.59,-5.92,-0.1,-1,9423512,15611400
PRMH,2026-01-14,1.84,1.84,1.65,1.69,-3.977,-0.07,-1,16606475,28938982
PRMH,2026-01-13,1.81,1.81,1.65,1.76,3.529,0.06,-1,17414030,30254746
PRMH,2026-01-12,1.81,1.81,1.68,1.7,-5.028,-0.09,-1,14007914,24458928
PRMH,2026-01-11,1.87,1.87,1.74,1.79,-0.556,-0.01,-1,15712631,28236872
PRMH,2026-01-08,1.88,1.88,1.68,1.8,8.434,0.14,-1,55159954,97852528
PRMH,2026-01-06,1.67,1.67,1.56,1.66,5.732,0.09,-1,22199532,35863516
PRMH,2026-01-05,1.66,1.66,1.51,1.57,3.29,0.05,-1,38165134,60557698.55
PRMH,2026-01-04,1.59,1.59,1.49,1.52,-4.403,-0.07,-1,29374886,44860432
PRMH,2025-12-31,1.64,1.64,1.37,1.59,16.058,0.22,-1,81622697,124150192
PRMH,2025-12-30,1.43,1.43,1.33,1.37,3.788,0.05,-1,32399780,44874292
PRMH,2025-12-29,1.36,1.36,1.31,1.32,0,0,-1,10146258,13550214
PRMH,2025-12-28,1.34,1.34,1.24,1.32,5.6,0.07,-1,17267775,22456618
PRMH,2025-12-25,1.25,1.25,1.23,1.25,0.806,0.01,-1,1537901,1911566
PRMH,2025-12-24,1.26,1.26,1.23,1.24,-0.8,-0.01,-1,2462518,3065911.25
PRMH,2025-12-23,1.27,1.27,1.23,1.25,0.806,0.01,-1,4873564,6094429
PRMH,2025-12-22,1.27,1.27,1.23,1.24,1.639,0.02,-1,7967654,9969738
PRMH,2025-12-21,1.24,1.24,1.2,1.22,1.667,0.02,-1,3100837,3795273
PRMH,2025-12-18,1.2,1.2,1.18,1.2,1.695,0.02,-1,3939574,4699916
PRMH,2025-12-17,1.23,1.23,1.18,1.18,-3.279,-0.04,-1,6548607,7866628
PRMH,2025-12-16,1.26,1.26,1.22,1.22,-1.613,-0.02,-1,3922102,4846329.5
PRMH,2025-12-15,1.26,1.26,1.24,1.24,-0.8,-0.01,-1,1959038,2441638.25
PRMH,2025-12-14,1.27,1.27,1.24,1.25,0,0,-1,2264951,2839435.25
PRMH,2025-12-11,1.27,1.27,1.24,1.25,0,0,-1,2902270,3629525.25
PRMH,2025-12-10,1.28,1.28,1.24,1.25,-1.575,-0.02,-1,8419773,10565370
PRMH,2025-12-09,1.28,1.28,1.25,1.27,0.794,0.01,-1,3527642,4446716
PRMH,2025-12-08,1.35,1.35,1.26,1.26,-0.787,-0.01,-1,24093867,31134318
PRMH,2025-12-07,1.3,1.3,1.26,1.27,1.587,0.02,-1,3074020,3936059
PRMH,2025-12-04,1.28,1.28,1.25,1.26,-0.787,-0.01,-1,2379223,3014685.75
PRMH,2025-12-03,1.29,1.29,1.26,1.27,0,0,-1,1642376,2094011.5
PRMH,2025-12-02,1.35,1.35,1.26,1.27,-2.308,-0.03,-1,7426134,9704752
PRMH,2025-12-01,1.31,1.31,1.27,1.3,2.362,0.03,-1,2906525,3756428
PRMH,2025-11-30,1.29,1.29,1.26,1.27,0,0,-1,797101,1011630.25
PRMH,2025-11-27,1.31,1.31,1.27,1.27,0,0,-1,2170060,2793078.25
PRMH,2025-11-26,1.3,1.3,1.26,1.27,-0.781,-0.01,-1,1647388,2098823.25
PRMH,2025-11-25,1.35,1.35,1.25,1.28,-4.478,-0.06,-1,4198132,5544826
PRMH,2025-11-24,1.36,1.36,1.34,1.34,-0.741,-0.01,-1,1961655,2646904.5
PRMH,2025-11-23,1.4,1.4,1.35,1.35,0,0,-1,5486431,7552900
PRMH,2025-11-20,1.39,1.39,1.35,1.35,-1.46,-0.02,-1,3951103,5405516.5
PRMH,2025-11-19,1.41,1.41,1.32,1.37,3.01,0.04,-1,12268842,16913666
PRMH,2025-11-18,1.38,1.38,1.32,1.33,-2.92,-0.04,-1,2325039,3141569.25
PRMH,2025-11-17,1.4,1.4,1.36,1.37,0,0,-1,1774681,2447028.75
PRMH,2025-11-16,1.41,1.41,1.36,1.37,0.74,0.01,-1,5068540,6983297.5
PRMH,2025-11-13,1.38,1.38,1.35,1.36,1.49,0.02,-1,6272925,8561508
PRMH,2025-11-12,1.36,1.36,1.32,1.34,-0.74,-0.01,-1,5850762,7814191
PRMH,2025-11-11,1.38,1.38,1.35,1.35,-0.74,-0.01,-1,3377005,4596226
PRMH,2025-11-10,1.38,1.38,1.34,1.36,0,0,-1,3014816,4092792.5
PRMH,2025-11-09,1.4,1.4,1.36,1.37,-0.72,-0.01,-1,4389631,6061037.5
PRMH,2025-11-06,1.47,1.47,1.37,1.38,0.73,0.01,-1,17361786,24618498
PRMH,2025-11-05,1.42,1.42,1.37,1.37,-2.84,-0.04,-1,9307423,12929029
PRMH,2025-11-04,1.5,1.5,1.36,1.41,6.02,0.08,-1,44239512,62948528
PRMH,2025-11-03,1.35,1.35,1.31,1.33,-0.75,-0.01,-1,5978846,7935339
PRMH,2025-11-02,1.36,1.36,1.3,1.34,3.88,0.05,-1,13454208,17957206
PRMH,2025-10-30,1.32,1.32,1.26,1.29,0.78,0.01,-1,7034449,9126395
PRMH,2025-10-29,1.32,1.32,1.25,1.28,1.59,0.02,-1,6441641,8288715.5
PRMH,2025-10-28,1.29,1.29,1.25,1.26,0,0,-1,3611684,4551622
PRMH,2025-10-27,1.31,1.31,1.26,1.26,-0.79,-0.01,-1,3806269,4888267.5
PRMH,2025-10-26,1.33,1.33,1.25,1.27,-0.78,-0.01,-1,5158066,6665219
PRMH,2025-10-23,1.29,1.29,1.26,1.28,0,0,-1,4502348,5759413.5
PRMH,2025-10-22,1.36,1.36,1.24,1.28,-3.03,-0.04,-1,17411411,22538264
PRMH,2025-10-21,1.38,1.38,1.27,1.32,2.33,0.03,-1,16912908,22450166
PRMH,2025-10-20,1.3,1.3,1.21,1.29,5.74,0.07,-1,10534760,13363363
PRMH,2025-10-19,1.23,1.23,1.2,1.22,0.83,0.01,-1,1556947,1898894.38
PRMH,2025-10-16,1.23,1.23,1.2,1.21,0.83,0.01,-1,1856807,2258178
PRMH,2025-10-15,1.24,1.24,1.18,1.2,-2.44,-0.03,-1,2863737,3488148.25
PRMH,2025-10-14,1.26,1.26,1.22,1.23,-0.81,-0.01,-1,2512769,3105557.25
PRMH,2025-10-13,1.28,1.28,1.24,1.24,-1.59,-0.02,-1,2717242,3408555.5
PRMH,2025-10-12,1.3,1.3,1.23,1.26,2.44,0.03,-1,6944221,8818423
PRMH,2025-10-08,1.25,1.25,1.18,1.23,4.237,0.05,-1,9035074,11043554
PRMH,2025-10-07,1.19,1.19,1.16,1.18,0.855,0.01,-1,2841198,3357640.5
PRMH,2025-10-06,1.2,1.2,1.17,1.17,0,0,-1,2805206,3304152.25
PRMH,2025-10-05,1.21,1.21,1.14,1.17,3.54,0.04,-1,4172086,4929951.5
PRMH,2025-10-02,1.16,1.16,1.13,1.13,0,0,-1,1660688,1894437.625
PRMH,2025-10-01,1.16,1.16,1.13,1.13,-1.74,-0.02,-1,3004902,3439137.5
PRMH,2025-09-30,1.19,1.19,1.14,1.15,-1.71,-0.02,-1,3688073,4280971.5
PRMH,2025-09-29,1.21,1.21,1.16,1.17,-2.5,-0.03,-1,2434479,2864591.25
PRMH,2025-09-28,1.21,1.21,1.18,1.2,0.84,0.01,-1,3243683,3887206.75
PRMH,2025-09-25,1.22,1.22,1.14,1.19,3.48,0.04,-1,7313326,8743692
PRMH,2025-09-24,1.19,1.19,1.13,1.15,-1.71,-0.02,-1,1914884,2212769.5
PRMH,2025-09-23,1.21,1.21,1.16,1.17,-0.85,-0.01,-1,2502812,2959352.25
PRMH,2025-09-22,1.23,1.23,1.17,1.18,-3.28,-0.04,-1,6001846,7160334.5
PRMH,2025-09-21,1.26,1.26,1.21,1.22,-0.81,-0.01,-1,5176309,6376209.5
PRMH,2025-09-18,1.26,1.26,1.22,1.23,0.82,0.01,-1,5194782,6420535.5
PRMH,2025-09-17,1.25,1.25,1.18,1.22,0.83,0.01,-1,9449153,11521394
PRMH,2025-09-16,1.25,1.25,1.19,1.21,-2.42,-0.03,-1,8164264,9899583
PRMH,2025-09-15,1.3,1.3,1.22,1.24,-3.12,-0.04,-1,6389156,8037679
PRMH,2025-09-14,1.32,1.32,1.26,1.28,-0.78,-0.01,-1,10067110,12984258
PRMH,2025-09-11,1.39,1.39,1.28,1.29,-0.77,-0.01,-1,20310774,26971592
PRMH,2025-09-10,1.31,1.31,1.21,1.3,6.56,0.08,-1,33224867,42121032
PRMH,2025-09-09,1.25,1.25,1.2,1.22,-0.81,-0.01,-1,4866758,5942593.5
PRMH,2025-09-08,1.27,1.27,1.18,1.23,4.24,0.05,-1,15459188,19089986
PRMH,2025-09-07,1.25,1.25,1.17,1.18,-1.67,-0.02,-1,10151488,12198317
PRMH,2025-09-03,1.23,1.23,1.17,1.2,0,0,-1,14302682,17184712
PRMH,2025-09-02,1.29,1.29,1.12,1.2,6.195,0.07,-1,48574749,58524968
PRMH,2025-09-01,1.15,1.15,1.07,1.13,5.607,0.06,-1,11590265,12989867
PRMH,2025-08-31,1.16,1.16,1.06,1.07,-5.31,-0.06,-1,8636254,9552072
PRMH,2025-08-28,1.17,1.17,1.08,1.13,6.604,0.07,-1,17462569,19708408
PRMH,2025-08-27,1.11,1.11,1.06,1.06,-1.852,-0.02,-1,6190099,6701572
PRMH,2025-08-26,1.15,1.15,1.02,1.08,4.854,0.05,-1,31105103,34290256
PRMH,2025-08-25,1.04,1.04,1.02,1.03,-0.962,-0.01,-1,2394600,2460268.5
PRMH,2025-08-24,1.05,1.05,1.02,1.04,1.961,0.02,-1,2987227,3101104
PRMH,2025-08-21,1.035,1.035,1.019,1.02,-0.971,-0.01,-1,2602976,2666263.25
PRMH,2025-08-20,1.07,1.07,1.025,1.03,-2.277,-0.024,-1,9300466,9763802
PRMH,2025-08-19,1.054,1.054,1.015,1.054,3.435,0.035,-1,6528597,6780596
PRMH,2025-08-18,1.05,1.05,1.015,1.019,-1.26,-0.013,-1,7925486,8166603.5
PRMH,2025-08-17,1.067,1.067,1.001,1.032,4.242,0.042,-1,18306195,19047658
PRMH,2025-08-14,0.998,0.998,0.964,0.99,1.747,0.017,-1,6420603,6290121
PRMH,2025-08-13,0.985,0.985,0.97,0.973,-0.714,-0.007,-1,1283180,1254102.5
PRMH,2025-08-12,0.988,0.988,0.977,0.98,-0.407,-0.004,-1,1110902,1089467.875
PRMH,2025-08-11,0.989,0.989,0.98,0.984,-0.102,-0.001,-1,1800498,1768173.375
PRMH,2025-08-10,0.998,0.998,0.981,0.985,-0.101,-0.001,-1,1695722,1675191.625
PRMH,2025-08-07,1,1,0.981,0.986,-1.004,-0.01,-1,1837324,1823957.25
PRMH,2025-08-06,1.015,1.015,0.988,0.996,1.117,0.011,-1,4703318,4700558.5
PRMH,2025-08-05,0.988,0.988,0.97,0.985,0.716,0.007,-1,4903501,4797662
PRMH,2025-08-04,0.988,0.988,0.973,0.978,0.308,0.003,-1,1087679,1067424.125
PRMH,2025-08-03,0.989,0.989,0.97,0.975,-0.102,-0.001,-1,1702422,1658143.875
PRMH,2025-07-31,1,1,0.98,0.98,-1.01,-0.01,-1,1863121,1830908
PRMH,2025-07-30,1.02,1.02,0.98,0.99,-1.98,-0.02,-1,3265662,3257744.5
PRMH,2025-07-29,1.04,1.04,0.98,1.01,2.02,0.02,-1,8571566,8684486
PRMH,2025-07-28,1.01,1.01,0.98,0.99,-1,-0.01,-1,2444584,2430857.25
PRMH,2025-07-27,1.02,1.02,1,1,-0.99,-0.01,-1,2468542,2479072
PRMH,2025-07-23,1.03,1.03,1,1.01,-0.98,-0.01,-1,5302803,5353596.5
PRMH,2025-07-22,1.05,1.05,1.02,1.02,-0.971,-0.01,-1,2711111,2778400.75
PRMH,2025-07-21,1.07,1.07,1.03,1.03,-1.905,-0.02,-1,3139043,3297932.75
PRMH,2025-07-20,1.05,1.05,1.02,1.05,2.941,0.03,-1,3309111,3440082
PRMH,2025-07-17,1.06,1.06,1.02,1.02,-0.971,-0.01,-1,5230899,5438457.5
PRMH,2025-07-16,1.06,1.06,1.02,1.03,-1.905,-0.02,-1,3485885,3621634.25
PRMH,2025-07-15,1.09,1.09,1.04,1.05,0.962,0.01,-1,15752271,16822718
PRMH,2025-07-14,1.05,1.05,1.02,1.04,0.971,0.01,-1,2673238,2760527
PRMH,2025-07-13,1.04,1.04,1,1.03,0.98,0.01,-1,4577593,4682374.5
PRMH,2025-07-10,1.03,1.03,0.99,1.02,3.03,0.03,-1,3524809,3572737.5
PRMH,2025-07-09,1.01,1.01,0.99,0.99,-1,-0.01,-1,1581312,1577924
PRMH,2025-07-07,1.04,1.04,1,1,-1.961,-0.02,-1,6628652,6704377.5
PRMH,2025-07-06,1.05,1.05,1.01,1.02,0,0,-1,6039058,6217194
PRMH,2025-07-02,1.02,1.02,0.99,1.02,3.03,0.03,-1,3808546,3827021.5
PRMH,2025-07-01,1.06,1.06,0.99,0.99,-5.714,-0.06,-1,14720361,14859061
PRMH,2025-06-30,1.08,1.08,1,1.05,1.942,0.02,-1,15967287,16682527
PRMH,2025-06-29,1.05,1.05,1.02,1.03,0.98,0.01,-1,2508150,2584806.75
PRMH,2025-06-25,1.035,1.035,0.963,1.016,4.098,0.04,-1,4119414,4142591
PRMH,2025-06-24,0.99,0.99,0.97,0.976,3.579,0.034,-1,3773350,3689748.75
PRMH,2025-06-23,0.965,0.965,0.92,0.95,2.128,0.02,-1,2784146,2645742.75
PRMH,2025-06-22,0.94,0.94,0.85,0.94,4.444,0.04,-1,2255817,2077058
PRMH,2025-06-19,0.98,0.98,0.89,0.9,-7.217,-0.07,-1,3959735,3632260.5
PRMH,2025-06-18,0.99,0.99,0.94,0.97,0,0,-1,1194406,1155789.375
PRMH,2025-06-17,1.04,1.04,0.97,0.97,-4.902,-0.05,-1,1588800,1583792.875
PRMH,2025-06-16,1.05,1.05,1,1.02,3.061,0.03,-1,2930077,3000264.75
PRMH,2025-06-15,1.02,1.02,0.94,0.98,-6.667,-0.07,-1,4946885,4870558
PRMH,2025-06-12,1.11,1.11,1.04,1.05,-4.545,-0.05,-1,4901302,5245353
PRMH,2025-06-11,1.12,1.12,1.09,1.1,-0.901,-0.01,-1,2321731,2568357.25
PRMH,2025-06-10,1.12,1.12,1.1,1.11,1.835,0.02,-1,3437215,3810215.75
PRMH,2025-06-04,1.1,1.1,1.07,1.09,0,0,-1,3884925,4210602
PRMH,2025-06-03,1.1,1.1,1.07,1.09,0.926,0.01,-1,3869545,4185471.75
PRMH,2025-06-02,1.14,1.14,1.06,1.08,0.935,0.01,-1,7830241,8648585
PRMH,2025-06-01,1.09,1.09,1.06,1.07,0,0,-1,1470211,1576577
PRMH,2025-05-29,1.09,1.09,1.05,1.07,-0.926,-0.01,-1,3357112,3578703.75
PRMH,2025-05-28,1.12,1.12,1.07,1.08,-1.818,-0.02,-1,5350772,5851225.5
PRMH,2025-05-27,1.12,1.12,1.09,1.1,-1.786,-0.02,-1,3638563,4023390
PRMH,2025-05-26,1.14,1.14,1.1,1.12,0,0,-1,7638440,8491444
PRMH,2025-05-25,1.17,1.17,1.11,1.12,-2.609,-0.03,-1,8263132,9365669
PRMH,2025-05-22,1.19,1.19,1.14,1.15,-1.709,-0.02,-1,7101183,8273118.5
PRMH,2025-05-21,1.21,1.21,1.11,1.17,0.862,0.01,-1,40894447,47730832
PRMH,2025-05-20,1.19,1.19,1.11,1.16,3.571,0.04,-1,22848273,26124756
PRMH,2025-05-19,1.15,1.15,1.06,1.12,0,0,-1,14490891,16041293
PRMH,2025-05-18,1.21,1.21,1.11,1.12,-5.88,-0.07,-1,18633354,21624076
PRMH,2025-05-15,1.23,1.23,1.18,1.19,0.85,0.01,-1,8650192,10414992
PRMH,2025-05-14,1.18,1.18,1.12,1.18,2.61,0.03,-1,7082373,8146800
PRMH,2025-05-13,1.2,1.2,1.14,1.15,-1.71,-0.02,-1,7176631,8369687
PRMH,2025-05-12,1.23,1.23,1.17,1.17,-1.68,-0.02,-1,13618340,16360569
PRMH,2025-05-11,1.31,1.31,1.19,1.19,-4.8,-0.06,-1,17492192,21855566
PRMH,2025-05-08,1.28,1.28,1.14,1.25,8.7,0.1,-1,42251124,51597848
PRMH,2025-05-07,1.26,1.26,1.09,1.15,5.505,0.06,-1,66314020,77570048
PRMH,2025-05-06,1.09,1.09,1.01,1.09,6.863,0.07,-1,27606948,29088974
PRMH,2025-05-05,1.05,1.05,0.96,1.02,-0.971,-0.01,-1,15221524,15452344
PRMH,2025-05-04,1.05,1.05,1.02,1.03,0.98,0.01,-1,5698639,5895742.5
PRMH,2025-04-30,1.049,1.049,1.006,1.023,0.294,0.003,-1,38247908,39268000
PRMH,2025-04-29,1.059,1.059,1.017,1.02,-2.392,-0.025,-1,4732861,4894812.5
PRMH,2025-04-28,1.069,1.069,1.012,1.045,0.577,0.006,-1,23621458,24494134
PRMH,2025-04-27,1.077,1.077,0.96,1.039,4.95,0.049,-1,33713001,34066132
PRMH,2025-04-23,1.04,1.04,0.99,0.99,1.02,0.01,-1,9656910,9734166
PRMH,2025-04-22,1.03,1.03,0.98,0.98,-2.97,-0.03,-1,8003977,8012689.5
PRMH,2025-04-17,1.057,1.057,1,1.008,-1.754,-0.018,-1,20773757,21276562
PRMH,2025-04-16,1.097,1.097,1.021,1.026,-2.099,-0.022,-1,23949394,25533160
PRMH,2025-04-15,1.1,1.1,0.96,1.048,3.048,0.031,-1,42676022,43249320
PRMH,2025-04-14,1.119,1.119,1.01,1.017,5.28,0.051,-1,16804777,17721744
PRMH,2025-04-13,0.966,0.966,0.811,0.966,20,0.161,-1,18796770,17169102
PRMH,2025-04-10,0.854,0.854,0.8,0.805,1.77,0.014,-1,7755601,6315121
PRMH,2025-04-09,0.889,0.889,0.753,0.791,-10.923,-0.097,-1,13224402,10726184
PRMH,2025-04-08,0.9,0.9,0.885,0.888,0.68,0.006,-1,792343,707588.125
PRMH,2025-04-07,0.889,0.889,0.852,0.882,0,0,-1,1175890,1023503.5
PRMH,2025-04-06,0.895,0.895,0.83,0.878,-2.444,-0.022,-1,2312934,2003371.25
PRMH,2025-04-03,0.91,0.91,0.863,0.9,1.351,0.012,-1,5745447,5113480
PRMH,2025-03-27,0.9,0.9,0.86,0.888,0.909,0.008,-1,1960292,1736691.875
PRMH,2025-03-26,0.92,0.92,0.88,0.88,-2.547,-0.023,-1,3570208,3178614.75
PRMH,2025-03-25,0.911,0.911,0.822,0.903,0.111,0.001,-1,4061287,3591520.25
PRMH,2025-03-24,0.939,0.939,0.896,0.899,-2.389,-0.022,-1,3809829,3505218.25
PRMH,2025-03-23,0.94,0.94,0.902,0.921,0.218,0.002,-1,3762032,3466209.75
PRMH,2025-03-20,0.93,0.93,0.851,0.919,4.313,0.038,-1,11023114,9947527
PRMH,2025-03-19,0.97,0.97,0.86,0.881,1.498,0.013,-1,12433749,11402878
PRMH,2025-03-18,0.897,0.897,0.86,0.868,-3.448,-0.031,-1,3827567,3336249.25
PRMH,2025-03-17,0.94,0.94,0.883,0.899,-3.229,-0.03,-1,6398712,5787857.5
PRMH,2025-03-16,0.978,0.978,0.927,0.929,-2.211,-0.021,-1,5369462,5033007
PRMH,2025-03-13,1,1,0.95,0.95,-2.062,-0.02,-1,5329098,5156850.5
PRMH,2025-03-12,1.02,1.02,0.94,0.97,2.105,0.02,-1,14515062,14316391
PRMH,2025-03-11,0.99,0.99,0.94,0.95,-4.04,-0.04,-1,8170751,7881656
PRMH,2025-03-10,1.05,1.05,0.98,0.99,2.062,0.02,-1,10186748,10264501
PRMH,2025-03-09,1.13,1.13,0.93,0.97,-11.818,-0.13,-1,24036489,24768248
PRMH,2025-03-06,1.176,1.176,1.085,1.099,-2.137,-0.024,-1,26934620,30455688
PRMH,2025-03-05,1.177,1.177,1.1,1.123,0.537,0.006,-1,18420769,20947340
PRMH,2025-03-04,1.178,1.178,0.971,1.117,11.144,0.112,-1,29192765,31846154
PRMH,2025-03-03,1.07,1.07,0.95,1.005,-0.888,-0.009,-1,22517741,22578430
PRMH,2025-03-02,1.017,1.017,0.916,1.014,19.575,0.166,-1,38566186,38350776
PRMH,2025-02-27,0.848,0.848,0.79,0.848,19.943,0.141,-1,29016364,23849398
PRMH,2025-02-26,0.729,0.729,0.684,0.707,1.541,0.011,-1,659040,469922.969
PRMH,2025-02-25,0.74,0.74,0.713,0.714,-4.8,-0.036,-1,2722813,1955955.75
PRMH,2025-02-24,0.775,0.775,0.75,0.75,1.351,0.01,-1,3804531,2903081.25
PRMH,2025-02-23,0.768,0.768,0.702,0.74,1.093,0.008,-1,5772015,4387270.5
PRMH,2025-02-20,0.732,0.732,0.732,0.732,4.87,0.034,-1,641334,469456.49
PRMH,2025-02-19,0.698,0.698,0.665,0.698,4.962,0.033,-1,1522034,1049065.25
PRMH,2025-02-18,0.669,0.669,0.638,0.665,2.623,0.017,-1,14541553,9666956
PRMH,2025-02-17,0.659,0.659,0.638,0.648,-1.235,-0.008,-1,272480,175223.453
PRMH,2025-02-16,0.66,0.66,0.64,0.648,-0.926,-0.006,-1,83282,54370.406
PRMH,2025-02-13,0.657,0.657,0.628,0.648,-1.235,-0.008,-1,12099,7677.314
PRMH,2025-02-12,0.65,0.65,0.628,0.648,-3.086,-0.02,-1,191863,122729.57
PRMH,2025-02-11,0.661,0.661,0.64,0.648,-0.151,-0.001,-1,497893,322868.344
PRMH,2025-02-10,0.67,0.67,0.651,0.661,0,0,-1,104769,68826.391
PRMH,2025-02-09,0.661,0.661,0.652,0.661,0,0,-1,120365,78821.664
PRMH,2025-02-06,0.66,0.66,0.653,0.661,-1.21,-0.008,-1,31492,20648.854
PRMH,2025-02-05,0.661,0.661,0.65,0.661,0,0,-1,53602,34960.699
PRMH,2025-02-04,0.665,0.665,0.65,0.661,0.303,0.002,-1,162450,105956.891
PRMH,2025-02-03,0.666,0.666,0.65,0.661,-1.664,-0.011,-1,271953,176898.141
PRMH,2025-02-02,0.665,0.665,0.652,0.661,-1.362,-0.009,-1,105921,69387.391
PRMH,2025-01-30,0.652,0.652,0.65,0.661,-1.513,-0.01,-1,26000,16940
PRMH,2025-01-29,0.663,0.663,0.65,0.661,0.151,0.001,-1,180950,119282.906
PRMH,2025-01-28,0.671,0.671,0.646,0.661,0,0,-1,13688,9086.19
PRMH,2025-01-27,0.67,0.67,0.65,0.661,-1.059,-0.007,-1,404218,263524.063
PRMH,2025-01-26,0.677,0.677,0.657,0.661,-0.454,-0.003,-1,185488,122139.578
PRMH,2025-01-23,0.678,0.678,0.648,0.661,2.572,0.017,-1,146053,94899.438
PRMH,2025-01-22,0.67,0.67,0.651,0.661,-1.513,-0.01,-1,417444,276939.156
PRMH,2025-01-21,0.67,0.67,0.645,0.661,-1.21,-0.008,-1,114198,74513.891
PRMH,2025-01-20,0.656,0.656,0.656,0.661,-0.756,-0.005,-1,1710,1121.76
PRMH,2025-01-19,0.666,0.666,0.655,0.661,1.524,0.01,-1,456240,301705.375
PRMH,2025-01-16,0.66,0.66,0.654,0.656,-0.305,-0.002,-1,258438,170232.453
PRMH,2025-01-15,0.661,0.661,0.652,0.656,-0.152,-0.001,-1,423681,278724.219
PRMH,2025-01-14,0.661,0.661,0.633,0.656,1.38,0.009,-1,539315,352653.063
PRMH,2025-01-13,0.662,0.662,0.643,0.652,-0.153,-0.001,-1,301282,196717.219
PRMH,2025-01-12,0.666,0.666,0.65,0.652,1.534,0.01,-1,452926,298147.188
PRMH,2025-01-09,0.662,0.662,0.652,0.652,1.38,0.009,-1,234613,154290.75
PRMH,2025-01-08,0.664,0.664,0.65,0.652,-0.307,-0.002,-1,35370,23087.1
PRMH,2025-01-06,0.653,0.653,0.64,0.652,-0.307,-0.002,-1,304154,197023.156
PRMH,2025-01-05,0.66,0.66,0.635,0.652,1.074,0.007,-1,112708,73500.664
PRMH,2025-01-02,0.656,0.656,0.65,0.652,4.153,0.026,-1,488992,318872.594
PRMH,2024-12-31,0.654,0.654,0.616,0.626,0,0,-1,33746,21494.176
PRMH,2024-12-30,0.649,0.649,0.625,0.626,-1.218,-0.008,-1,1183500,746955.25
PRMH,2024-12-29,0.666,0.666,0.645,0.657,-0.609,-0.004,-1,22000,14332.89
PRMH,2024-12-26,0.666,0.666,0.641,0.657,-1.979,-0.013,-1,10000,6469.5
PRMH,2024-12-25,0.67,0.67,0.656,0.657,0.609,0.004,-1,118368,78255.773
PRMH,2024-12-24,0.664,0.664,0.633,0.657,0.454,0.003,-1,581910,380656.844
PRMH,2024-12-23,0.67,0.67,0.632,0.661,0,0,-1,359700,233172.766
PRMH,2024-12-22,0.678,0.678,0.66,0.661,-2.219,-0.015,-1,887763,587295.438
PRMH,2024-12-19,0.68,0.68,0.66,0.676,-0.588,-0.004,-1,641652,433640.969
PRMH,2024-12-18,0.68,0.68,0.653,0.68,-0.147,-0.001,-1,400315,267474.563
PRMH,2024-12-17,0.67,0.67,0.66,0.68,-1.765,-0.012,-1,29955,19821.301
PRMH,2024-12-16,0.682,0.682,0.655,0.68,0,0,-1,36585,24361.174
PRMH,2024-12-15,0.677,0.677,0.65,0.68,-3.824,-0.026,-1,207964,135881.531
PRMH,2024-12-12,0.68,0.68,0.646,0.68,-4.265,-0.029,-1,153860,102237.031
PRMH,2024-12-11,0.685,0.685,0.66,0.68,3.501,0.023,-1,587765,399539.406
PRMH,2024-12-10,0.695,0.695,0.64,0.657,-0.151,-0.001,-1,660128,436805.313
PRMH,2024-12-09,0.663,0.663,0.621,0.663,4.905,0.031,-1,2153203,1417392.875
PRMH,2024-12-08,0.655,0.655,0.63,0.632,0,0,-1,323615,205385.578
PRMH,2024-12-05,0.664,0.664,0.626,0.632,-2.141,-0.014,-1,808319,513220.844
PRMH,2024-12-04,0.661,0.661,0.621,0.654,2.481,0.016,-1,630566,412348.281
PRMH,2024-12-03,0.65,0.65,0.619,0.645,2.381,0.015,-1,1414519,903213.125
PRMH,2024-12-02,0.62,0.62,0.601,0.63,-3.81,-0.024,-1,173441,106076.484
PRMH,2024-12-01,0.625,0.625,0.6,0.63,-4.762,-0.03,-1,74204,44614.809
PRMH,2024-11-28,0.605,0.605,0.6,0.63,-4.127,-0.026,-1,29319,17660.797
PRMH,2024-11-27,0.629,0.629,0.6,0.63,-3.81,-0.024,-1,224758,136656.313
PRMH,2024-11-26,0.626,0.626,0.612,0.63,-2.381,-0.015,-1,90831,55837.023
PRMH,2024-11-25,0.628,0.628,0.611,0.63,-3.016,-0.019,-1,67874,41643.551
PRMH,2024-11-24,0.63,0.63,0.611,0.63,-3.016,-0.019,-1,57190,35254.84
PRMH,2024-11-21,0.629,0.629,0.613,0.63,-2.381,-0.015,-1,364927,224916.922
PRMH,2024-11-20,0.63,0.63,0.603,0.63,-3.651,-0.023,-1,107928,67449.516
PRMH,2024-11-19,0.62,0.62,0.6,0.63,-1.587,-0.01,-1,274001,168186.313
PRMH,2024-11-18,0.63,0.63,0.61,0.63,-3.175,-0.02,-1,121561,74582.594
PRMH,2024-11-17,0.639,0.639,0.61,0.63,-0.159,-0.001,-1,205489,128204.844
PRMH,2024-11-14,0.643,0.643,0.621,0.63,1.27,0.008,-1,286357,181364.703
PRMH,2024-11-13,0.648,0.648,0.62,0.63,1.27,0.008,-1,463821,294574.063
PRMH,2024-11-12,0.636,0.636,0.608,0.63,0.8,0.005,-1,732757,458181.594
PRMH,2024-11-11,0.629,0.629,0.62,0.625,0.161,0.001,-1,612337,382696.094
PRMH,2024-11-10,0.629,0.629,0.606,0.622,3.98,0.024,-1,617312,384062.5
PRMH,2024-11-07,0.616,0.616,0.601,0.603,2.156,0.013,-1,421099,256352.625
PRMH,2024-11-06,0.61,0.61,0.6,0.603,-0.498,-0.003,-1,186213,112414.445
PRMH,2024-11-05,0.609,0.609,0.6,0.603,0.663,0.004,-1,464621,280785.375
PRMH,2024-11-04,0.61,0.61,0.592,0.603,-0.166,-0.001,-1,654694,394392.625
PRMH,2024-11-03,0.625,0.625,0.597,0.601,-0.666,-0.004,-1,240216,144715.109
PRMH,2024-10-31,0.62,0.62,0.59,0.601,2.333,0.014,-1,870708,523126.75
PRMH,2024-10-30,0.613,0.613,0.595,0.6,1.667,0.01,-1,489854,294241.625
PRMH,2024-10-29,0.629,0.629,0.578,0.6,-2.138,-0.013,-1,1454562,872956.938
PRMH,2024-10-28,0.628,0.628,0.593,0.608,-2.564,-0.016,-1,786097,476799.406
PRMH,2024-10-27,0.634,0.634,0.604,0.624,2.649,0.016,-1,711032,445782.844
PRMH,2024-10-24,0.604,0.604,0.58,0.604,4.861,0.028,-1,2380660,1425750.375
PRMH,2024-10-23,0.584,0.584,0.576,0.576,0.694,0.004,-1,232019,134875.906
PRMH,2024-10-22,0.582,0.582,0.571,0.576,0.694,0.004,-1,126058,73124.953
PRMH,2024-10-21,0.584,0.584,0.57,0.576,-1.042,-0.006,-1,165268,94553.383
PRMH,2024-10-20,0.587,0.587,0.574,0.576,0.521,0.003,-1,85628,49428.887
PRMH,2024-10-17,0.587,0.587,0.57,0.576,0,0,-1,349668,200859.047
PRMH,2024-10-16,0.588,0.588,0.57,0.576,0.347,0.002,-1,632887,364949.688
PRMH,2024-10-15,0.588,0.588,0.574,0.577,0,0,-1,142708,82993.82
PRMH,2024-10-14,0.587,0.587,0.57,0.577,-0.344,-0.002,-1,1203781,696494.75
PRMH,2024-10-13,0.596,0.596,0.58,0.582,-0.342,-0.002,-1,840100,488461.938
PRMH,2024-10-10,0.603,0.603,0.554,0.584,0.172,0.001,-1,1860828,1082009.625
PRMH,2024-10-09,0.603,0.603,0.576,0.583,-1.52,-0.009,-1,681302,398075.125
PRMH,2024-10-08,0.619,0.619,0.59,0.592,-1.83,-0.011,-1,611959,362430.781
PRMH,2024-10-07,0.617,0.617,0.591,0.601,-3.376,-0.021,-1,636124,383123.719
PRMH,2024-10-03,0.626,0.626,0.597,0.622,3.494,0.021,-1,1030557,639165
PRMH,2024-10-02,0.636,0.636,0.592,0.601,-2.276,-0.014,-1,1212138,738284.5
PRMH,2024-10-01,0.615,0.615,0.583,0.615,4.949,0.029,-1,1953011,1185742.25
PRMH,2024-09-30,0.597,0.597,0.58,0.586,-0.172,-0.001,-1,861126,506058.625
PRMH,2024-09-29,0.59,0.59,0.58,0.583,0,0,-1,450800,263505.75
PRMH,2024-09-26,0.592,0.592,0.58,0.583,0.859,0.005,-1,580929,339235.094
PRMH,2024-09-25,0.594,0.594,0.585,0.582,2.062,0.012,-1,158200,93304.758
PRMH,2024-09-24,0.595,0.595,0.58,0.582,-3,-0.018,-1,658184,383966.844
PRMH,2024-09-23,0.6,0.6,0.59,0.6,-1.667,-0.01,-1,429451,255145.297
PRMH,2024-09-22,0.609,0.609,0.591,0.6,-1.333,-0.008,-1,71941,42872.688
PRMH,2024-09-19,0.604,0.604,0.581,0.6,1.18,0.007,-1,844050,503228.188
PRMH,2024-09-18,0.593,0.593,0.581,0.593,-0.843,-0.005,-1,308045,180022.938
PRMH,2024-09-17,0.605,0.605,0.576,0.593,-1.993,-0.012,-1,643923,381802.469
PRMH,2024-09-16,0.61,0.61,0.588,0.602,-1.993,-0.012,-1,331427,197207.125
PRMH,2024-09-12,0.615,0.615,0.6,0.602,-3.328,-0.021,-1,1779230,1072797
PRMH,2024-09-11,0.66,0.66,0.605,0.631,-0.787,-0.005,-1,1878638,1186358.625
PRMH,2024-09-10,0.635,0.635,0.612,0.635,4.959,0.03,-1,3156848,2004187.75
PRMH,2024-09-09,0.605,0.605,0.573,0.605,4.853,0.028,-1,1564649,937736.75
PRMH,2024-09-08,0.581,0.581,0.577,0.577,0,0,-1,64616,37431.449
PRMH,2024-09-05,0.589,0.589,0.57,0.577,0.693,0.004,-1,203136,117952.172
PRMH,2024-09-04,0.589,0.589,0.575,0.577,0.686,0.004,-1,574883,331530.625
PRMH,2024-09-03,0.59,0.59,0.576,0.583,1.201,0.007,-1,12460,7320.236
PRMH,2024-09-02,0.593,0.593,0.576,0.583,1.372,0.008,-1,500885,291333.656
PRMH,2024-09-01,0.593,0.593,0.584,0.583,1.715,0.01,-1,124001,72453.383
PRMH,2024-08-29,0.597,0.597,0.58,0.583,-0.34,-0.002,-1,594160,346561.5
PRMH,2024-08-28,0.597,0.597,0.58,0.585,0.171,0.001,-1,178751,105018.5
PRMH,2024-08-27,0.599,0.599,0.581,0.585,-0.684,-0.004,-1,203587,119978.609
PRMH,2024-08-26,0.6,0.6,0.58,0.585,-0.171,-0.001,-1,95338,56579.945
PRMH,2024-08-25,0.605,0.605,0.585,0.585,0.684,0.004,-1,418139,247983.313
PRMH,2024-08-22,0.596,0.596,0.585,0.585,0,0,-1,489092,289060.719
PRMH,2024-08-21,0.6,0.6,0.58,0.585,1.709,0.01,-1,336411,198518.813
PRMH,2024-08-20,0.607,0.607,0.579,0.585,-1.645,-0.01,-1,920944,538093
PRMH,2024-08-19,0.608,0.608,0.58,0.608,0,0,-1,145497,84538.297
PRMH,2024-08-18,0.599,0.599,0.58,0.608,-2.961,-0.018,-1,115870,68059.125
PRMH,2024-08-15,0.609,0.609,0.58,0.608,-1.48,-0.009,-1,171534,101028.734
PRMH,2024-08-14,0.6,0.6,0.584,0.608,-1.809,-0.011,-1,204474,120295.375
PRMH,2024-08-13,0.604,0.604,0.583,0.608,-2.961,-0.018,-1,255324,150914.297
PRMH,2024-08-12,0.619,0.619,0.594,0.608,-2.138,-0.013,-1,300374,181644.281
PRMH,2024-08-11,0.619,0.619,0.595,0.608,-2.875,-0.018,-1,872809,527618.938
PRMH,2024-08-08,0.607,0.607,0.595,0.626,-4.952,-0.031,-1,106175,63355.613
PRMH,2024-08-07,0.608,0.608,0.595,0.626,-3.514,-0.022,-1,314108,188000.719
PRMH,2024-08-06,0.617,0.617,0.595,0.626,-4.952,-0.031,-1,181354,108177.938
PRMH,2024-08-05,0.595,0.595,0.595,0.626,-4.952,-0.031,-1,25900,15410.5
PRMH,2024-08-04,0.621,0.621,0.595,0.626,-4.952,-0.031,-1,375749,227038.25
PRMH,2024-08-01,0.626,0.626,0.612,0.626,-0.639,-0.004,-1,213101,131254.141
PRMH,2024-07-31,0.629,0.629,0.612,0.626,0,0,-1,356249,220102.406
PRMH,2024-07-30,0.625,0.625,0.61,0.626,-0.16,-0.001,-1,222658,136353.906
PRMH,2024-07-29,0.638,0.638,0.615,0.626,-2.034,-0.013,-1,575300,360488.969
PRMH,2024-07-28,0.643,0.643,0.625,0.639,-0.939,-0.006,-1,243619,155493.938
PRMH,2024-07-24,0.645,0.645,0.6,0.639,3.566,0.022,-1,1160060,725478.25
PRMH,2024-07-23,0.617,0.617,0.601,0.617,0,0,-1,372109,225647.719
PRMH,2024-07-22,0.617,0.617,0.6,0.617,-1.945,-0.012,-1,354261,214928.609
PRMH,2024-07-21,0.615,0.615,0.592,0.617,-1.945,-0.012,-1,380363,230419.438
PRMH,2024-07-18,0.618,0.618,0.59,0.617,-1.135,-0.007,-1,297001,178581.438
PRMH,2024-07-17,0.629,0.629,0.59,0.617,0,0,-1,322946,193031.344
PRMH,2024-07-16,0.625,0.625,0.596,0.617,-2.269,-0.014,-1,276673,171102.641
PRMH,2024-07-15,0.617,0.617,0.59,0.617,-4.376,-0.027,-1,109080,65119.648
PRMH,2024-07-14,0.617,0.617,0.59,0.617,-4.052,-0.025,-1,210020,125276.672
PRMH,2024-07-10,0.616,0.616,0.59,0.617,-4.376,-0.027,-1,209427,126297.406
PRMH,2024-07-09,0.625,0.625,0.608,0.617,-1.135,-0.007,-1,129633,79417.93
PRMH,2024-07-08,0.631,0.631,0.612,0.617,1.135,0.007,-1,239721,148132.422
PRMH,2024-07-07,0.637,0.637,0.61,0.617,-0.81,-0.005,-1,176441,109836.133
PRMH,2024-07-04,0.629,0.629,0.61,0.617,0.486,0.003,-1,347190,212917.469
PRMH,2024-07-03,0.653,0.653,0.612,0.617,-0.648,-0.004,-1,175398,109354.898
PRMH,2024-07-02,0.66,0.66,0.62,0.617,0.486,0.003,-1,161328,102044.961
PRMH,2024-07-01,0.695,0.695,0.622,0.617,7.618,0.047,-1,128635,83064.391
PRMH,2024-06-27,0.73,0.73,0.6,0.617,1.621,0.01,-1,186374,117019.313
PRMH,2024-06-26,0.643,0.643,0.615,0.617,0,0,-1,192712,120901.078
PRMH,2024-06-25,0.617,0.617,0.6,0.617,0,0,-1,169308,103342.914
PRMH,2024-06-24,0.626,0.626,0.59,0.617,0.166,0.001,-1,578630,356273.563
PRMH,2024-06-23,0.61,0.61,0.56,0.603,7.815,0.044,-1,894785,534179.313
PRMH,2024-06-13,0.58,0.58,0.555,0.563,-1.243,-0.007,-1,316197,179159.984
PRMH,2024-06-12,0.577,0.577,0.561,0.563,1.954,0.011,-1,88450,50398.066
PRMH,2024-06-11,0.574,0.574,0.551,0.563,1.243,0.007,-1,165064,93827.922
PRMH,2024-06-10,0.579,0.579,0.55,0.563,0.355,0.002,-1,76152,42862.621
PRMH,2024-06-09,0.58,0.58,0.544,0.563,-2.309,-0.013,-1,130167,75172.188
PRMH,2024-06-06,0.588,0.588,0.554,0.563,0.355,0.002,-1,129355,73179.625
PRMH,2024-06-05,0.566,0.566,0.552,0.563,-1.776,-0.01,-1,239471,133143.578
PRMH,2024-06-04,0.59,0.59,0.56,0.563,-2.921,-0.017,-1,588503,332498.625
PRMH,2024-06-03,0.615,0.615,0.56,0.582,-4.924,-0.029,-1,600418,350722.031
PRMH,2024-06-02,0.6,0.6,0.566,0.589,-1.528,-0.009,-1,491754,280819.625
PRMH,2024-05-30,0.61,0.61,0.567,0.589,-4.235,-0.026,-1,519845,306142.594
PRMH,2024-05-29,0.6,0.6,0.565,0.614,-5.537,-0.034,-1,129190,75340.289
PRMH,2024-05-28,0.6,0.6,0.575,0.614,-2.28,-0.014,-1,144315,83766.773
PRMH,2024-05-27,0.604,0.604,0.566,0.614,-3.909,-0.024,-1,213228,125002.039
PRMH,2024-05-26,0.612,0.612,0.552,0.614,-1.303,-0.008,-1,225247,135806.281
PRMH,2024-05-23,0.619,0.619,0.586,0.614,-1.14,-0.007,-1,356404,212774.359
PRMH,2024-05-22,0.615,0.615,0.583,0.614,-2.443,-0.015,-1,258457,155395.219
PRMH,2024-05-21,0.628,0.628,0.6,0.614,0,0,-1,452911,279607.313
PRMH,2024-05-20,0.65,0.65,0.57,0.614,9.447,0.053,-1,696151,424328.219
PRMH,2024-05-19,0.6,0.6,0.573,0.561,4.1,0.023,-1,175332,101914.086
PRMH,2024-05-16,0.574,0.574,0.559,0.561,0.713,0.004,-1,254881,143476.219
PRMH,2024-05-15,0.576,0.576,0.54,0.561,7.29,0.039,-1,736117,410937.219
PRMH,2024-05-14,0.58,0.58,0.522,0.535,-10.684,-0.064,-1,1415735,768389.813
PRMH,2024-05-13,0.599,0.599,0.521,0.599,-9.516,-0.057,-1,249033,137063.688
PRMH,2024-05-12,0.598,0.598,0.57,0.599,-4.841,-0.029,-1,240433,138071.844
PRMH,2024-05-09,0.619,0.619,0.586,0.599,-2.17,-0.013,-1,177634,105176
PRMH,2024-05-08,0.615,0.615,0.6,0.599,0.334,0.002,-1,132608,79950.523
PRMH,2024-05-07,0.631,0.631,0.6,0.599,1.836,0.011,-1,150071,91115.578
PRMH,2024-05-02,0.65,0.65,0.6,0.599,1.836,0.011,-1,177650,109491.094
PRMH,2024-05-01,0.665,0.665,0.557,0.599,-4.272,-0.027,-1,777272,473975.125
PRMH,2024-04-30,0.68,0.68,0.557,0.632,-11.867,-0.075,-1,179895,114833.102
PRMH,2024-04-29,0.653,0.653,0.623,0.632,1.266,0.008,-1,172797,110117.508
PRMH,2024-04-28,0.679,0.679,0.621,0.632,-10.857,-0.076,-1,659614,420109.156
PRMH,2024-04-24,0.67,0.67,0.629,0.7,-5.714,-0.04,-1,72163,47211.152
PRMH,2024-04-23,0.698,0.698,0.66,0.7,-5.714,-0.04,-1,402556,272691.594
PRMH,2024-04-22,0.713,0.713,0.69,0.7,-1.408,-0.01,-1,466011,326671.656
PRMH,2024-04-21,0.715,0.715,0.695,0.71,-1.268,-0.009,-1,199728,140446.75
PRMH,2024-04-18,0.739,0.739,0.7,0.71,-3.841,-0.028,-1,814612,584851.313
PRMH,2024-04-17,0.746,0.746,0.72,0.729,-0.96,-0.007,-1,414338,302238.094
PRMH,2024-04-16,0.738,0.738,0.713,0.729,-0.549,-0.004,-1,304365,219628.297
PRMH,2024-04-15,0.729,0.729,0.71,0.729,-2.332,-0.017,-1,151020,108227.992
PRMH,2024-04-08,0.737,0.737,0.701,0.729,-3.841,-0.028,-1,401352,284682.563
PRMH,2024-04-07,0.715,0.715,0.691,0.729,-5.213,-0.038,-1,252999,179457.719
PRMH,2024-04-04,0.73,0.73,0.7,0.729,0,0,-1,421569,301749.75
PRMH,2024-04-03,0.725,0.725,0.7,0.729,-1.235,-0.009,-1,54721,39026.508
PRMH,2024-04-02,0.743,0.743,0.714,0.729,-1.646,-0.012,-1,372016,268266.125
PRMH,2024-04-01,0.75,0.75,0.701,0.729,-2.881,-0.021,-1,58112,41449.223
PRMH,2024-03-31,0.728,0.728,0.691,0.729,-5.213,-0.038,-1,136295,97123.898
PRMH,2024-03-28,0.725,0.725,0.692,0.729,-1.235,-0.009,-1,101385,71829.344
PRMH,2024-03-27,0.76,0.76,0.71,0.729,-3.919,-0.029,-1,414446,302067.375
PRMH,2024-03-26,0.75,0.75,0.73,0.74,-1.351,-0.01,-1,151671,111143.055
PRMH,2024-03-25,0.74,0.74,0.726,0.74,-1.081,-0.008,-1,44736,32816.074
PRMH,2024-03-24,0.753,0.753,0.721,0.74,1.37,0.01,-1,531375,391870
PRMH,2024-03-21,0.731,0.731,0.701,0.73,0,0,-1,277519,200941.078
PRMH,2024-03-20,0.73,0.73,0.685,0.73,-3.973,-0.029,-1,118598,83344.758
PRMH,2024-03-19,0.746,0.746,0.68,0.73,2.962,0.021,-1,1902338,1378167.5
PRMH,2024-03-18,0.725,0.725,0.693,0.709,-3.537,-0.026,-1,2221475,1582347.875
PRMH,2024-03-17,0.748,0.748,0.72,0.735,0.556,0.004,-1,732756,536949.313
PRMH,2024-03-14,0.75,0.75,0.71,0.72,0,0,-1,314446,225741.594
PRMH,2024-03-13,0.75,0.75,0.714,0.72,-2.815,-0.021,-1,877112,636106.813
PRMH,2024-03-12,0.768,0.768,0.735,0.746,-3.66,-0.028,-1,706910,529826
PRMH,2024-03-11,0.77,0.77,0.745,0.765,0.537,0.004,-1,935388,710123.375
PRMH,2024-03-10,0.778,0.778,0.731,0.745,0.949,0.007,-1,1368687,1022837.875
PRMH,2024-03-07,0.754,0.754,0.73,0.738,-0.135,-0.001,-1,636097,469616.813
PRMH,2024-03-06,0.797,0.797,0.73,0.742,-3.453,-0.027,-1,3977627,3015129.25
PRMH,2024-03-05,0.799,0.799,0.753,0.782,1.189,0.009,-1,3047388,2371497.75
PRMH,2024-03-04,0.774,0.774,0.745,0.757,1.333,0.01,-1,2314049,1744480.75
PRMH,2024-03-03,0.784,0.784,0.741,0.75,-0.794,-0.006,-1,2346899,1778679
PRMH,2024-02-29,0.77,0.77,0.711,0.756,4.42,0.032,-1,5428307,4009278
PRMH,2024-02-28,0.795,0.795,0.711,0.724,-8.021,-0.062,-1,2594763,1956615.75
PRMH,2024-02-27,0.8,0.8,0.77,0.773,0.128,0.001,-1,3084787,2419923.75
PRMH,2024-02-26,0.804,0.804,0.758,0.779,-2.393,-0.019,-1,2573970,2013940.625
PRMH,2024-02-25,0.837,0.837,0.785,0.794,-3.879,-0.032,-1,2144901,1724264
PRMH,2024-02-22,0.855,0.855,0.82,0.825,-2.251,-0.019,-1,3708436,3098030
PRMH,2024-02-21,0.866,0.866,0.831,0.844,-1.974,-0.017,-1,3199799,2705271.25
PRMH,2024-02-20,0.876,0.876,0.843,0.861,1.294,0.011,-1,11174156,9684080
PRMH,2024-02-19,0.868,0.868,0.825,0.85,4.68,0.038,-1,18783538,15916555
PRMH,2024-02-18,0.82,0.82,0.785,0.812,4.738,0.037,-1,2848184,2308697.5
PRMH,2024-02-15,0.809,0.809,0.761,0.781,0,0,-1,503528,394747.844
PRMH,2024-02-14,0.797,0.797,0.773,0.79,2.199,0.017,-1,849581,666869.688
PRMH,2024-02-13,0.787,0.787,0.75,0.773,2.114,0.016,-1,770180,594069.938
PRMH,2024-02-12,0.786,0.786,0.74,0.757,-1.585,-0.012,-1,425648,322359.719
PRMH,2024-02-11,0.79,0.79,0.75,0.757,-0.901,-0.007,-1,1457891,1107821.25
PRMH,2024-02-08,0.79,0.79,0.77,0.777,1.946,0.015,-1,1168130,913991.125
PRMH,2024-02-07,0.799,0.799,0.74,0.771,-2.405,-0.019,-1,1948087,1489481.875
PRMH,2024-02-06,0.828,0.828,0.752,0.79,-8.068,-0.066,-1,1271563,1013389.438
PRMH,2024-02-05,0.83,0.83,0.722,0.818,15.471,0.11,-1,2898967,2331114.75
PRMH,2024-02-04,0.74,0.74,0.712,0.711,1.547,0.011,-1,385433,281932.125
PRMH,2024-02-01,0.758,0.758,0.665,0.711,3.357,0.024,-1,886555,627729.875
PRMH,2024-01-31,0.805,0.805,0.7,0.715,-11.028,-0.088,-1,2011723,1502553.875
PRMH,2024-01-29,0.809,0.809,0.76,0.798,0.758,0.006,-1,1937191,1533099.875
PRMH,2024-01-24,0.815,0.815,0.78,0.792,-1.264,-0.01,-1,2674720,2140664
PRMH,2024-01-23,0.83,0.83,0.78,0.791,-3.771,-0.031,-1,1628801,1311275.625
PRMH,2024-01-22,0.834,0.834,0.813,0.822,-0.605,-0.005,-1,2423547,1990535.375
PRMH,2024-01-21,0.84,0.84,0.812,0.827,2.099,0.017,-1,2606564,2154371.5
PRMH,2024-01-18,0.83,0.83,0.805,0.81,0.494,0.004,-1,3667563,2999793.25
PRMH,2024-01-17,0.83,0.83,0.805,0.81,-1.695,-0.014,-1,1842514,1504806.125
PRMH,2024-01-16,0.837,0.837,0.802,0.826,1.975,0.016,-1,5402297,4448231
PRMH,2024-01-15,0.83,0.83,0.805,0.81,-1.1,-0.009,-1,2720637,2213697.5
PRMH,2024-01-14,0.828,0.828,0.78,0.818,3.153,0.025,-1,2553259,2056643.375
PRMH,2024-01-11,0.806,0.806,0.785,0.793,-0.378,-0.003,-1,2023790,1610830.5
PRMH,2024-01-10,0.8,0.8,0.785,0.794,0.381,0.003,-1,1394130,1104008.375
PRMH,2024-01-09,0.815,0.815,0.783,0.788,-1.126,-0.009,-1,1603344,1271388.25
PRMH,2024-01-08,0.809,0.809,0.782,0.799,0.63,0.005,-1,754510,601908.438
PRMH,2024-01-04,0.82,0.82,0.793,0.794,-0.999,-0.008,-1,1211664,970697.688
PRMH,2024-01-03,0.83,0.83,0.788,0.801,-0.249,-0.002,-1,1563195,1255747.75
PRMH,2024-01-02,0.805,0.805,0.731,0.802,4.7,0.036,-1,8565513,6836945.5
PRMH,2023-12-31,0.77,0.77,0.756,0.766,0,0,-1,549500,420664.156
PRMH,2023-12-28,0.76,0.76,0.747,0.756,1.333,0.01,-1,1394042,1052805
PRMH,2023-12-27,0.765,0.765,0.731,0.75,0.402,0.003,-1,717509,538071
PRMH,2023-12-26,0.759,0.759,0.723,0.747,0.822,0.006,-1,3692557,2749232.75
PRMH,2023-12-25,0.76,0.76,0.71,0.73,-1.882,-0.014,-1,856255,627060.813
PRMH,2023-12-24,0.789,0.789,0.731,0.744,-4.319,-0.033,-1,1770581,1335998
PRMH,2023-12-21,0.788,0.788,0.753,0.764,-1.425,-0.011,-1,3182365,2472079.25
PRMH,2023-12-20,0.807,0.807,0.77,0.772,-2.893,-0.023,-1,1577153,1230741
PRMH,2023-12-19,0.815,0.815,0.792,0.795,-1.119,-0.009,-1,2113001,1694466.875
PRMH,2023-12-18,0.82,0.82,0.801,0.804,0.5,0.004,-1,1489961,1209047.5
PRMH,2023-12-17,0.813,0.813,0.775,0.8,2.696,0.021,-1,8349912,6627029
PRMH,2023-12-14,0.788,0.788,0.766,0.779,2.231,0.017,-1,3068692,2380590.25
PRMH,2023-12-13,0.77,0.77,0.755,0.762,1.859,0.014,-1,1101725,839506.75
PRMH,2023-12-12,0.795,0.795,0.74,0.753,-2.59,-0.02,-1,1593640,1214330.02
PRMH,2023-12-11,0.819,0.819,0.76,0.773,-3.975,-0.032,-1,4336121,3373976.5
PRMH,2023-12-10,0.82,0.82,0.751,0.805,5.505,0.042,-1,11298421,9079073
PRMH,2023-12-07,0.774,0.774,0.74,0.763,0.131,0.001,-1,2392548,1799641.5
PRMH,2023-12-06,0.779,0.779,0.756,0.761,0.132,0.001,-1,3336626,2547940.5
PRMH,2023-12-05,0.779,0.779,0.751,0.76,-0.131,-0.001,-1,5558499,4243485.5
PRMH,2023-12-04,0.767,0.767,0.735,0.761,3.82,0.028,-1,10113485,7649311.5
PRMH,2023-12-03,0.75,0.75,0.725,0.733,2.517,0.018,-1,7776758,5744709
PRMH,2023-11-30,0.728,0.728,0.71,0.715,-0.418,-0.003,-1,5103633,3665686.25
PRMH,2023-11-29,0.737,0.737,0.696,0.718,4.665,0.032,-1,18558612,13336886
PRMH,2023-11-28,0.704,0.704,0.682,0.686,-0.724,-0.005,-1,5950344,4139185
PRMH,2023-11-27,0.709,0.709,0.69,0.691,-2.128,-0.015,-1,4805163,3373224.25
PRMH,2023-11-26,0.719,0.719,0.7,0.705,-0.282,-0.002,-1,3909420,2766506.25
PRMH,2023-11-23,0.716,0.716,0.705,0.71,0.996,0.007,-1,5998202,4257204
PRMH,2023-11-22,0.716,0.716,0.694,0.703,1.151,0.008,-1,11371183,8040443
PRMH,2023-11-21,0.696,0.696,0.676,0.695,0.871,0.006,-1,5792138,3991586.5
PRMH,2023-11-20,0.705,0.705,0.684,0.689,-0.289,-0.002,-1,1327348,915304.813
PRMH,2023-11-19,0.7,0.7,0.689,0.691,-0.145,-0.001,-1,2044593,1414352.875
PRMH,2023-11-16,0.7,0.7,0.68,0.692,0.875,0.006,-1,3583193,2459699.25
PRMH,2023-11-15,0.709,0.709,0.681,0.686,-0.58,-0.004,-1,2230658,1541280.125
PRMH,2023-11-14,0.72,0.72,0.688,0.69,0.877,0.006,-1,6087169,4285400.5
PRMH,2023-11-13,0.687,0.687,0.667,0.684,2.242,0.015,-1,2441600,1660150
PRMH,2023-11-12,0.68,0.68,0.665,0.669,-0.149,-0.001,-1,1522521,1018789.25
PRMH,2023-11-09,0.687,0.687,0.67,0.67,-0.446,-0.003,-1,2786891,1879755.375
PRMH,2023-11-08,0.7,0.7,0.666,0.673,-1.895,-0.013,-1,3830699,2594649.5
PRMH,2023-11-07,0.712,0.712,0.68,0.686,-0.146,-0.001,-1,4137049,2880399.75
PRMH,2023-11-06,0.714,0.714,0.681,0.687,-1.576,-0.011,-1,7220153,4986690.5
PRMH,2023-11-05,0.73,0.73,0.674,0.698,4.335,0.029,-1,25211710,17707364
PRMH,2023-11-02,0.685,0.685,0.648,0.669,4.044,0.026,-1,5829966,3890613.75
PRMH,2023-11-01,0.649,0.649,0.621,0.643,-1.229,-0.008,-1,945988,606079.938
PRMH,2023-10-31,0.665,0.665,0.643,0.651,-1.961,-0.013,-1,854912,558802.188
PRMH,2023-10-30,0.676,0.676,0.66,0.663,-0.15,-0.001,-1,647450,429788.719
PRMH,2023-10-29,0.684,0.684,0.65,0.666,1.06,0.007,-1,1544937,1028532.31
PRMH,2023-10-26,0.685,0.685,0.654,0.659,-1.642,-0.011,-1,6164599,4120634
PRMH,2023-10-25,0.7,0.7,0.634,0.67,7.372,0.046,-1,18597272,12330470
PRMH,2023-10-24,0.645,0.645,0.613,0.624,0.158,0.001,-1,1331035,841237.938
PRMH,2023-10-23,0.647,0.647,0.628,0.632,0.954,0.006,-1,2240341,1419137.375
PRMH,2023-10-22,0.641,0.641,0.622,0.629,-1.264,-0.008,-1,620992,390505.188
PRMH,2023-10-19,0.65,0.65,0.621,0.633,1.449,0.009,-1,2367188,1506304.5
PRMH,2023-10-18,0.66,0.66,0.618,0.621,-3.888,-0.025,-1,1028387,640818.75
PRMH,2023-10-17,0.66,0.66,0.605,0.643,4.045,0.025,-1,1232071,787042.938
PRMH,2023-10-16,0.629,0.629,0.58,0.618,-1.456,-0.009,-1,214134,131619.625
PRMH,2023-10-15,0.628,0.628,0.6,0.618,3.46,0.021,-1,491051,303328.5
PRMH,2023-10-12,0.615,0.615,0.595,0.607,-0.824,-0.005,-1,88742,53823.066
PRMH,2023-10-11,0.623,0.623,0.6,0.607,0,0,-1,493699,301609.594
PRMH,2023-10-10,0.623,0.623,0.577,0.607,-0.659,-0.004,-1,152088,92268.102
PRMH,2023-10-09,0.61,0.61,0.597,0.607,4.631,0.027,-1,568367,344305.219
PRMH,2023-10-08,0.63,0.63,0.565,0.583,-4.006,-0.025,-1,1028167,615234.563
PRMH,2023-10-04,0.641,0.641,0.615,0.624,-0.478,-0.003,-1,523237,326474.969
PRMH,2023-10-03,0.65,0.65,0.623,0.627,-2.198,-0.014,-1,737380,464375.438
PRMH,2023-10-02,0.668,0.668,0.62,0.637,-3.659,-0.024,-1,1343439,856331.438
PRMH,2023-10-01,0.668,0.668,0.625,0.656,1.875,0.012,-1,1414898,926162.625
PRMH,2023-09-27,0.665,0.665,0.634,0.64,-1.079,-0.007,-1,1066320,686579.625
PRMH,2023-09-26,0.67,0.67,0.632,0.649,1.256,0.008,-1,1871632,1225075.375
PRMH,2023-09-25,0.656,0.656,0.631,0.637,0.155,0.001,-1,1544795,992411.125
PRMH,2023-09-24,0.67,0.67,0.645,0.645,-0.463,-0.003,-1,4650340,3038983
PRMH,2023-09-21,0.669,0.669,0.636,0.648,1.716,0.011,-1,2133636,1395923
PRMH,2023-09-20,0.676,0.676,0.634,0.641,-4.471,-0.03,-1,3153002,2060406.625
PRMH,2023-09-19,0.701,0.701,0.642,0.671,2.757,0.018,-1,18099878,12308043
PRMH,2023-09-18,0.675,0.675,0.644,0.653,0,0,-1,7415761,4885518.5
PRMH,2023-09-17,0.69,0.69,0.642,0.644,-5.433,-0.037,-1,5864549,3887669.5
PRMH,2023-09-14,0.681,0.681,0.571,0.681,19.894,0.113,-1,23544254,15440861
PRMH,2023-09-13,0.579,0.579,0.562,0.568,1.408,0.008,-1,501297,284974.5
PRMH,2023-09-12,0.589,0.589,0.565,0.568,-1.56,-0.009,-1,1159499,661970.063
PRMH,2023-09-11,0.59,0.59,0.572,0.577,-2.886,-0.017,-1,950404,550054.563
PRMH,2023-09-10,0.606,0.606,0.58,0.589,0.17,0.001,-1,1716885,1013160.563
PRMH,2023-09-07,0.6,0.6,0.562,0.588,1.549,0.009,-1,1142627,669636.438
PRMH,2023-09-06,0.617,0.617,0.576,0.581,-3.328,-0.02,-1,2613753,1548979
PRMH,2023-09-05,0.621,0.621,0.6,0.601,-2.908,-0.018,-1,4659081,2834889.5
PRMH,2023-09-04,0.627,0.627,0.57,0.619,8.028,0.046,-1,9662498,5872265
PRMH,2023-09-03,0.59,0.59,0.57,0.573,1.237,0.007,-1,3008369,1746569.625
PRMH,2023-08-31,0.571,0.571,0.561,0.566,-1.226,-0.007,-1,884898,501135.906
PRMH,2023-08-30,0.582,0.582,0.556,0.571,1.243,0.007,-1,2557930,1465506.375
PRMH,2023-08-29,0.579,0.579,0.56,0.563,-1.228,-0.007,-1,1550667,882592.25
PRMH,2023-08-28,0.579,0.579,0.547,0.57,4.015,0.022,-1,5010394,2834941.5
PRMH,2023-08-27,0.55,0.55,0.54,0.548,1.67,0.009,-1,947342,518735.5
PRMH,2023-08-24,0.553,0.553,0.534,0.539,-0.549,-0.003,-1,1169244,633997.813
PRMH,2023-08-23,0.553,0.553,0.54,0.546,0,0,-1,471060,256918.109
PRMH,2023-08-22,0.55,0.55,0.535,0.546,-0.727,-0.004,-1,734151,400118
PRMH,2023-08-21,0.556,0.556,0.541,0.55,-1.273,-0.007,-1,170280,93156.977
PRMH,2023-08-20,0.558,0.558,0.54,0.55,1.103,0.006,-1,681344,374071.594
PRMH,2023-08-17,0.559,0.559,0.54,0.544,-2.174,-0.012,-1,1208322,660743.438
PRMH,2023-08-16,0.559,0.559,0.55,0.552,0,0,-1,665188,367286.375
PRMH,2023-08-15,0.562,0.562,0.545,0.551,0.182,0.001,-1,809438,445359.719
PRMH,2023-08-14,0.558,0.558,0.546,0.55,1.103,0.006,-1,957590,526112.438
PRMH,2023-08-13,0.56,0.56,0.53,0.544,-1.805,-0.01,-1,2650410,1444097.75
PRMH,2023-08-10,0.574,0.574,0.553,0.554,-2.636,-0.015,-1,3323846,1872917.5
PRMH,2023-08-09,0.573,0.573,0.566,0.569,-0.176,-0.001,-1,728170,414689.75
PRMH,2023-08-08,0.578,0.578,0.564,0.567,0,0,-1,1318888,751870.938
PRMH,2023-08-07,0.58,0.58,0.562,0.567,-0.526,-0.003,-1,994256,565127.625
PRMH,2023-08-06,0.579,0.579,0.565,0.57,0.885,0.005,-1,1690991,963009.313
PRMH,2023-08-03,0.58,0.58,0.563,0.565,-1.049,-0.006,-1,2077717,1181250.375
PRMH,2023-08-02,0.598,0.598,0.57,0.572,-2.222,-0.013,-1,2700553,1560464.125
PRMH,2023-08-01,0.6,0.6,0.585,0.585,-1.349,-0.008,-1,6032768,3575454.25
PRMH,2023-07-31,0.625,0.625,0.591,0.593,-4.968,-0.031,-1,8259276,5010668.5
PRMH,2023-07-30,0.656,0.656,0.61,0.624,2.295,0.014,-1,24814615,15600786
PRMH,2023-07-27,0.618,0.618,0.538,0.61,11.517,0.063,-1,20033742,11809297
PRMH,2023-07-26,0.562,0.562,0.54,0.547,0.739,0.004,-1,1836797,1005887.313
PRMH,2023-07-25,0.551,0.551,0.535,0.541,0.185,0.001,-1,1453101,786452.563
PRMH,2023-07-24,0.557,0.557,0.533,0.54,-1.28,-0.007,-1,2077870,1128223.5
PRMH,2023-07-19,0.555,0.555,0.541,0.547,0.181,0.001,-1,1185471,647861.938
PRMH,2023-07-18,0.565,0.565,0.549,0.551,-1.607,-0.009,-1,1342874,745050.563
PRMH,2023-07-17,0.566,0.566,0.549,0.56,0.901,0.005,-1,3138133,1758935.875
PRMH,2023-07-16,0.564,0.564,0.529,0.555,5.056,0.027,-1,2771750,1522543.25
PRMH,2023-07-13,0.547,0.547,0.523,0.534,0.188,0.001,-1,1614655,867908.438
PRMH,2023-07-12,0.54,0.54,0.524,0.533,1.124,0.006,-1,814736,434136.844
PRMH,2023-07-11,0.54,0.54,0.523,0.534,-0.187,-0.001,-1,2806960,1496137.375
PRMH,2023-07-10,0.549,0.549,0.511,0.535,2.273,0.012,-1,2120381,1115881.625
PRMH,2023-07-09,0.57,0.57,0.501,0.528,-5.546,-0.031,-1,3811742,2081560.375
PRMH,2023-07-06,0.579,0.579,0.554,0.559,1.079,0.006,-1,6316469,3563818.5
PRMH,2023-07-05,0.57,0.57,0.551,0.556,4.307,0.023,-1,6021588,3363534.25
PRMH,2023-07-04,0.549,0.549,0.523,0.534,-0.375,-0.002,-1,1567938,840987.75
PRMH,2023-06-26,0.54,0.54,0.53,0.534,0,0,-1,818733,437036.406
PRMH,2023-06-25,0.554,0.554,0.53,0.532,-0.188,-0.001,-1,1009160,538539.875
PRMH,2023-06-22,0.545,0.545,0.53,0.531,-0.931,-0.005,-1,1722664,919594.938
PRMH,2023-06-21,0.56,0.56,0.533,0.537,-4.107,-0.023,-1,4599092,2505252.25
PRMH,2023-06-20,0.568,0.568,0.54,0.56,1.825,0.01,-1,5649147,3161778.5
PRMH,2023-06-19,0.56,0.56,0.543,0.548,-1.439,-0.008,-1,3148350,1736872.25
PRMH,2023-06-18,0.569,0.569,0.554,0.556,0,0,-1,3466307,1938493.125
PRMH,2023-06-15,0.563,0.563,0.551,0.556,0.543,0.003,-1,6223485,3474905.5
PRMH,2023-06-14,0.568,0.568,0.55,0.552,0.362,0.002,-1,5257491,2934677.25
PRMH,2023-06-13,0.576,0.576,0.551,0.553,-1.25,-0.007,-1,8007461,4485500
PRMH,2023-06-12,0.57,0.57,0.558,0.56,-0.704,-0.004,-1,4070287,2299084
PRMH,2023-06-11,0.587,0.587,0.561,0.568,0.531,0.003,-1,8664498,4954288.5
PRMH,2023-06-08,0.576,0.576,0.553,0.565,-0.177,-0.001,-1,8011731,4524912.5
PRMH,2023-06-07,0.599,0.599,0.563,0.566,-2.582,-0.015,-1,13453221,7822883
PRMH,2023-06-06,0.609,0.609,0.577,0.581,-4.125,-0.025,-1,14982223,8879307
PRMH,2023-06-05,0.618,0.618,0.53,0.606,14.556,0.077,-1,60282534,34784240
PRMH,2023-06-04,0.53,0.53,0.49,0.529,2.326,0.012,-1,3280350,1697032.625
PRMH,2023-06-01,0.527,0.527,0.51,0.516,0.194,0.001,-1,1089855,564128.438
PRMH,2023-05-31,0.533,0.533,0.508,0.515,-0.962,-0.005,-1,2757962,1429031.75
PRMH,2023-05-30,0.537,0.537,0.518,0.52,-0.952,-0.005,-1,3220301,1691888.625
PRMH,2023-05-29,0.53,0.53,0.516,0.525,0.385,0.002,-1,1541662,805192
PRMH,2023-05-28,0.529,0.529,0.507,0.52,1.562,0.008,-1,2218144,1147782.375
PRMH,2023-05-25,0.519,0.519,0.502,0.512,0,0,-1,623545,319645.469
PRMH,2023-05-24,0.52,0.52,0.5,0.51,0.996,0.005,-1,1646333,835017.813
PRMH,2023-05-23,0.51,0.51,0.49,0.502,1.004,0.005,-1,660237,331168.656
PRMH,2023-05-22,0.509,0.509,0.49,0.498,0,0,-1,772570,384899.781
PRMH,2023-05-21,0.501,0.501,0.48,0.49,2.249,0.011,-1,622646,305086.563
PRMH,2023-05-18,0.497,0.497,0.466,0.489,0.63,0.003,-1,699351,342200.688
PRMH,2023-05-17,0.497,0.497,0.466,0.476,4.193,0.02,-1,639538,304499.375
PRMH,2023-05-16,0.5,0.5,0.47,0.477,-0.204,-0.001,-1,1372530,654838.375
PRMH,2023-05-15,0.505,0.505,0.48,0.489,-2.976,-0.015,-1,1075144,530444.75
PRMH,2023-05-14,0.508,0.508,0.485,0.504,0.599,0.003,-1,1282826,644080.438
PRMH,2023-05-11,0.515,0.515,0.499,0.501,-0.988,-0.005,-1,4186027,2107841
PRMH,2023-05-10,0.513,0.513,0.497,0.506,-1.768,-0.009,-1,2323106,1172398.5
PRMH,2023-05-09,0.525,0.525,0.504,0.509,-2.136,-0.011,-1,4586996,2355939.75
PRMH,2023-05-08,0.52,0.52,0.49,0.515,3.206,0.016,-1,4453819,2266771.25
PRMH,2023-05-07,0.516,0.516,0.465,0.499,2.911,0.014,-1,2324655,1168230.75
PRMH,2023-05-03,0.502,0.502,0.474,0.481,-0.207,-0.001,-1,917122,451053.688
PRMH,2023-05-02,0.493,0.493,0.46,0.482,0.209,0.001,-1,661178,320855.969
PRMH,2023-05-01,0.503,0.503,0.455,0.479,0.42,0.002,-1,1334650,630978.27
PRMH,2023-04-30,0.51,0.51,0.45,0.477,5.07,0.023,-1,642135,300343.67
PRMH,2023-04-27,0.464,0.464,0.445,0.454,1.322,0.006,-1,341738,154995.344
PRMH,2023-04-26,0.46,0.46,0.444,0.454,0,0,-1,605997,273200.938
PRMH,2023-04-19,0.459,0.459,0.445,0.454,-1.542,-0.007,-1,166531,75468.211
PRMH,2023-04-18,0.465,0.465,0.443,0.454,-1.982,-0.009,-1,112685,50405.113
PRMH,2023-04-13,0.465,0.465,0.45,0.454,3.612,0.016,-1,918245,420706.469
PRMH,2023-04-12,0.468,0.468,0.45,0.443,3.837,0.017,-1,139957,64346.754
PRMH,2023-04-11,0.461,0.461,0.445,0.443,4.063,0.018,-1,211505,95549.836
PRMH,2023-04-10,0.465,0.465,0.445,0.443,3.837,0.017,-1,221575,100929.82
PRMH,2023-04-09,0.468,0.468,0.45,0.443,2.032,0.009,-1,299709,136334.109
PRMH,2023-04-06,0.47,0.47,0.451,0.443,3.837,0.017,-1,344923,159035.609
PRMH,2023-04-05,0.469,0.469,0.451,0.443,3.837,0.017,-1,462395,212822.484
PRMH,2023-04-04,0.465,0.465,0.444,0.443,3.612,0.016,-1,103370,46696.906
PRMH,2023-04-03,0.458,0.458,0.445,0.443,2.709,0.012,-1,459231,206900.938
PRMH,2023-04-02,0.458,0.458,0.442,0.443,3.386,0.015,-1,2561,1132.698
PRMH,2023-03-30,0.46,0.46,0.44,0.443,-0.451,-0.002,-1,21993,9803.674
PRMH,2023-03-29,0.46,0.46,0.44,0.443,-0.677,-0.003,-1,92883,41074.82
PRMH,2023-03-28,0.465,0.465,0.432,0.443,0.451,0.002,-1,333176,152516.094
PRMH,2023-03-27,0.469,0.469,0.45,0.443,5.643,0.025,-1,403503,185141.156
PRMH,2023-03-26,0.461,0.461,0.446,0.443,0.677,0.003,-1,302039,136343.5
PRMH,2023-03-22,0.461,0.461,0.45,0.443,0,0,-1,90516,41011.82
PRMH,2023-03-21,0.477,0.477,0.456,0.443,4.063,0.018,-1,156918,71754.273
PRMH,2023-03-20,0.477,0.477,0.441,0.443,4.515,0.02,-1,130678,60242.156
PRMH,2023-03-19,0.458,0.458,0.432,0.443,3.386,0.015,-1,125695,55199.879
PRMH,2023-03-16,0.454,0.454,0.42,0.443,0,0,-1,296095,133178.859
PRMH,2023-03-15,0.497,0.497,0.412,0.443,-11.9,-0.057,-1,1189568,539645.5
PRMH,2023-03-14,0.49,0.49,0.46,0.479,0,0,-1,496697,232795.563
PRMH,2023-03-13,0.51,0.51,0.471,0.479,-5.709,-0.029,-1,1430058,699457.25
PRMH,2023-03-12,0.514,0.514,0.485,0.508,0,0,-1,552177,277158.875
PRMH,2023-03-08,0.511,0.511,0.485,0.508,1.804,0.009,-1,1555632,781237.938
PRMH,2023-03-07,0.513,0.513,0.49,0.499,-0.2,-0.001,-1,1116899,556696.188
PRMH,2023-03-06,0.51,0.51,0.492,0.5,0,0,-1,454251,227709.141
PRMH,2023-03-05,0.511,0.511,0.482,0.5,1.01,0.005,-1,1152451,572575.313
PRMH,2023-03-02,0.514,0.514,0.494,0.495,0.202,0.001,-1,1801618,907569.063
PRMH,2023-03-01,0.528,0.528,0.493,0.494,-2.953,-0.015,-1,1753151,886875.313
PRMH,2023-02-28,0.512,0.512,0.46,0.508,9.636,0.045,-1,6733472,3325004.75
PRMH,2023-02-27,0.473,0.473,0.46,0.467,1.522,0.007,-1,755460,351606.313
PRMH,2023-02-26,0.474,0.474,0.46,0.46,0,0,-1,610777,285685.313
PRMH,2023-02-23,0.466,0.466,0.45,0.46,-0.217,-0.001,-1,2220912,1011186.75
PRMH,2023-02-22,0.467,0.467,0.456,0.461,0,0,-1,246198,113461.172
PRMH,2023-02-21,0.467,0.467,0.453,0.461,-0.217,-0.001,-1,692807,318466.344
PRMH,2023-02-20,0.472,0.472,0.46,0.461,-1.915,-0.009,-1,778664,361394.563
PRMH,2023-02-19,0.479,0.479,0.464,0.47,0,0,-1,520936,244683.578
PRMH,2023-02-16,0.48,0.48,0.469,0.47,-1.053,-0.005,-1,1428634,674547.25
PRMH,2023-02-15,0.485,0.485,0.47,0.475,0,0,-1,809824,384549.844
PRMH,2023-02-14,0.485,0.485,0.472,0.475,-0.835,-0.004,-1,812940,389372.031
PRMH,2023-02-13,0.49,0.49,0.478,0.479,1.055,0.005,-1,2531854,1218493.375
PRMH,2023-02-12,0.487,0.487,0.472,0.474,-3.265,-0.016,-1,1077771,512647.844
PRMH,2023-02-09,0.489,0.489,0.476,0.49,-2.041,-0.01,-1,65231,31470.281
PRMH,2023-02-08,0.489,0.489,0.473,0.49,-1.02,-0.005,-1,98372,47015.559
PRMH,2023-02-07,0.497,0.497,0.475,0.49,-2.653,-0.013,-1,444618,215327.563
PRMH,2023-02-06,0.499,0.499,0.471,0.49,-2.449,-0.012,-1,510260,251200.922
PRMH,2023-02-05,0.502,0.502,0.467,0.49,-4.082,-0.02,-1,533934,253795.266
PRMH,2023-02-02,0.499,0.499,0.48,0.49,0,0,-1,156645,75807.422
PRMH,2023-02-01,0.493,0.493,0.474,0.49,-0.609,-0.003,-1,1576776,759156.25
PRMH,2023-01-31,0.52,0.52,0.491,0.493,-3.536,-0.018,-1,778867,390828.969
PRMH,2023-01-30,0.527,0.527,0.507,0.509,-3.244,-0.017,-1,1163643,596679.875
PRMH,2023-01-29,0.528,0.528,0.518,0.524,-1.145,-0.006,-1,478339,249065.672
PRMH,2023-01-25,0.539,0.539,0.52,0.524,0.192,0.001,-1,1296881,686472.438
PRMH,2023-01-24,0.539,0.539,0.52,0.522,-0.382,-0.002,-1,1129689,596439.625
PRMH,2023-01-23,0.54,0.54,0.523,0.524,-1.692,-0.009,-1,871347,462120.156
PRMH,2023-01-22,0.55,0.55,0.532,0.532,0.56,0.003,-1,868299,470703.656
PRMH,2023-01-19,0.54,0.54,0.521,0.536,1.708,0.009,-1,724999,386053.531
PRMH,2023-01-18,0.55,0.55,0.523,0.527,-1.316,-0.007,-1,1716263,923574.75
PRMH,2023-01-17,0.54,0.54,0.51,0.532,4.651,0.024,-1,3008550,1576183.5
PRMH,2023-01-16,0.524,0.524,0.505,0.516,-0.962,-0.005,-1,2066880,1063884.375
PRMH,2023-01-15,0.527,0.527,0.512,0.52,1.167,0.006,-1,2040890,1061360.5
PRMH,2023-01-12,0.529,0.529,0.503,0.514,2.729,0.014,-1,847701,443372.781
PRMH,2023-01-11,0.544,0.544,0.511,0.513,-1.919,-0.01,-1,1099378,583778.313
PRMH,2023-01-10,0.535,0.535,0.517,0.521,0,0,-1,962438,506618.875
PRMH,2023-01-09,0.57,0.57,0.527,0.53,-2.226,-0.012,-1,1167214,641229.813
PRMH,2023-01-05,0.552,0.552,0.534,0.539,-0.919,-0.005,-1,1905516,1030454.188
PRMH,2023-01-04,0.553,0.553,0.515,0.544,1.115,0.006,-1,4232651,2271707
PRMH,2023-01-03,0.544,0.544,0.517,0.538,4.669,0.024,-1,5535409,2942358.75
PRMH,2023-01-02,0.515,0.515,0.505,0.514,1.581,0.008,-1,955140,488593.188
PRMH,2022-12-29,0.521,0.521,0.501,0.506,0.591,0.003,-1,600632,305008.188
PRMH,2022-12-28,0.514,0.514,0.502,0.508,0.396,0.002,-1,1136312,578043.375
PRMH,2022-12-27,0.517,0.517,0.5,0.505,-0.786,-0.004,-1,661780,333766.25
PRMH,2022-12-26,0.519,0.519,0.501,0.509,-0.591,-0.003,-1,1466100,749098
PRMH,2022-12-25,0.508,0.508,0.495,0.508,0,0,-1,421505,211976.641
PRMH,2022-12-22,0.517,0.517,0.508,0.508,-0.781,-0.004,-1,1116981,570721.625
PRMH,2022-12-21,0.53,0.53,0.502,0.512,-2.486,-0.013,-1,2748576,1397026.125
PRMH,2022-12-20,0.525,0.525,0.508,0.523,2.376,0.012,-1,1557710,809639.563
PRMH,2022-12-19,0.538,0.538,0.5,0.505,-4.717,-0.025,-1,5700800,2918909
PRMH,2022-12-18,0.54,0.54,0.523,0.53,-1.855,-0.01,-1,1102845,585207.5
PRMH,2022-12-15,0.56,0.56,0.532,0.539,0.186,0.001,-1,6001366,3285784.75
PRMH,2022-12-14,0.549,0.549,0.535,0.538,-0.186,-0.001,-1,3788167,2048608.625
PRMH,2022-12-13,0.54,0.54,0.513,0.539,5.894,0.03,-1,7159825,3803025.5
PRMH,2022-12-12,0.52,0.52,0.504,0.509,-0.586,-0.003,-1,4315690,2211542
PRMH,2022-12-11,0.525,0.525,0.511,0.512,0,0,-1,3062163,1579418.75
PRMH,2022-12-08,0.52,0.52,0.51,0.513,-1.156,-0.006,-1,1597702,823895.5
PRMH,2022-12-07,0.542,0.542,0.51,0.519,-0.385,-0.002,-1,3329143,1718874
PRMH,2022-12-06,0.535,0.535,0.515,0.519,-2.06,-0.011,-1,1816470,951945.375
PRMH,2022-12-05,0.54,0.54,0.532,0.534,-1.115,-0.006,-1,1117770,599109.375
PRMH,2022-12-04,0.558,0.558,0.53,0.538,-1.828,-0.01,-1,1833300,1001298.125
PRMH,2022-12-01,0.557,0.557,0.539,0.547,0.737,0.004,-1,1715950,939282.313
PRMH,2022-11-30,0.545,0.545,0.531,0.543,1.311,0.007,-1,1614940,871891.063
PRMH,2022-11-29,0.55,0.55,0.53,0.534,-0.928,-0.005,-1,1573905,849783
PRMH,2022-11-28,0.549,0.549,0.532,0.539,0.186,0.001,-1,1408577,761976.438
PRMH,2022-11-27,0.549,0.549,0.519,0.539,5.243,0.027,-1,5163086,2767655.75
PRMH,2022-11-24,0.521,0.521,0.512,0.515,0.969,0.005,-1,1423529,733531.063
PRMH,2022-11-23,0.52,0.52,0.511,0.516,-0.194,-0.001,-1,582615,300931.5
PRMH,2022-11-22,0.518,0.518,0.507,0.516,-0.195,-0.001,-1,932049,477170.281
PRMH,2022-11-21,0.519,0.519,0.511,0.513,-1.351,-0.007,-1,584801,300767.188
PRMH,2022-11-20,0.528,0.528,0.516,0.518,-0.577,-0.003,-1,909958,472587.125
PRMH,2022-11-17,0.525,0.525,0.512,0.52,0.58,0.003,-1,865926,450186.438
PRMH,2022-11-16,0.524,0.524,0.515,0.517,0.39,0.002,-1,887639,459943.47
PRMH,2022-11-15,0.525,0.525,0.511,0.515,0.783,0.004,-1,1465234,756003.063
PRMH,2022-11-14,0.518,0.518,0.507,0.511,1.775,0.009,-1,872270,444858.313
PRMH,2022-11-13,0.519,0.519,0.5,0.507,1.603,0.008,-1,1072180,548993
PRMH,2022-11-10,0.509,0.509,0.496,0.499,-0.8,-0.004,-1,1927971,969686.563
PRMH,2022-11-09,0.505,0.505,0.491,0.5,1.42,0.007,-1,1600419,801028.5
PRMH,2022-11-08,0.507,0.507,0.491,0.493,0,0,-1,1176380,586037.25
PRMH,2022-11-07,0.495,0.495,0.49,0.493,0.407,0.002,-1,950010,466297.594
PRMH,2022-11-06,0.499,0.499,0.486,0.492,0,0,-1,813610,400604.938
PRMH,2022-11-03,0.5,0.5,0.491,0.492,-1.992,-0.01,-1,1189772,586105.125
PRMH,2022-11-02,0.514,0.514,0.5,0.502,-1.181,-0.006,-1,1468378,739487
PRMH,2022-11-01,0.513,0.513,0.506,0.508,0,0,-1,619049,315210.156
PRMH,2022-10-31,0.511,0.511,0.491,0.506,0,0,-1,609200,306385.063
PRMH,2022-10-30,0.51,0.51,0.5,0.506,-0.791,-0.004,-1,422810,213641.734
PRMH,2022-10-27,0.514,0.514,0.504,0.506,0.798,0.004,-1,710307,360859.375
PRMH,2022-10-26,0.51,0.51,0.5,0.501,-0.792,-0.004,-1,1661046,837162.063
PRMH,2022-10-25,0.513,0.513,0.492,0.505,-0.591,-0.003,-1,635611,321301.375
PRMH,2022-10-24,0.516,0.516,0.502,0.508,-0.195,-0.001,-1,591248,300914.375
PRMH,2022-10-23,0.517,0.517,0.507,0.513,0.588,0.003,-1,663690,340038.781
PRMH,2022-10-20,0.518,0.518,0.506,0.51,-0.588,-0.003,-1,320755,164028.469
PRMH,2022-10-19,0.514,0.514,0.504,0.51,-0.589,-0.003,-1,590500,300729.781
PRMH,2022-10-18,0.514,0.514,0.505,0.509,-0.585,-0.003,-1,593852,302489.688
PRMH,2022-10-17,0.515,0.515,0.505,0.513,1.584,0.008,-1,789820,403459.313
PRMH,2022-10-16,0.515,0.515,0.5,0.505,2.028,0.01,-1,597117,302218.094
PRMH,2022-10-13,0.52,0.52,0.496,0.493,1.42,0.007,-1,73057,37241.641
PRMH,2022-10-12,0.502,0.502,0.49,0.493,-1.004,-0.005,-1,670443,330823.25
PRMH,2022-10-11,0.506,0.506,0.493,0.498,-1.969,-0.01,-1,633215,316205.344
PRMH,2022-10-10,0.513,0.513,0.501,0.508,0.197,0.001,-1,143500,72742.617
PRMH,2022-10-09,0.516,0.516,0.5,0.508,-1.161,-0.006,-1,838270,423614.75
PRMH,2022-10-05,0.528,0.528,0.513,0.517,-1.154,-0.006,-1,819037,423930.875
PRMH,2022-10-04,0.536,0.536,0.517,0.52,0,0,-1,912389,478010.656
PRMH,2022-10-03,0.534,0.534,0.502,0.521,-0.94,-0.005,-1,617905,319340
PRMH,2022-10-02,0.542,0.542,0.529,0.532,-0.375,-0.002,-1,597343,319587.375
PRMH,2022-09-29,0.543,0.543,0.534,0.534,0,0,-1,337220,180773.703
PRMH,2022-09-28,0.552,0.552,0.53,0.534,-2.92,-0.016,-1,769400,413506.406
PRMH,2022-09-27,0.555,0.555,0.546,0.548,0.735,0.004,-1,1133302,624068.5
PRMH,2022-09-26,0.56,0.56,0.536,0.544,-1.982,-0.011,-1,619887,339329
PRMH,2022-09-25,0.54,0.54,0.535,0.555,-2.883,-0.016,-1,97223,52252.285
PRMH,2022-09-22,0.555,0.555,0.543,0.555,0,0,-1,422623,231596.906
PRMH,2022-09-21,0.57,0.57,0.546,0.555,-3.704,-0.021,-1,1708772,960297.25
PRMH,2022-09-20,0.572,0.572,0.538,0.567,3.249,0.018,-1,1436290,809598.375
PRMH,2022-09-19,0.57,0.57,0.506,0.554,4.528,0.024,-1,2299943,1254093.875
PRMH,2022-09-18,0.56,0.56,0.514,0.53,-1.27,-0.007,-1,2108885,1139317.625
PRMH,2022-09-15,0.561,0.561,0.55,0.551,0.182,0.001,-1,1781850,990552.063
PRMH,2022-09-14,0.573,0.573,0.54,0.55,-3.509,-0.02,-1,4964451,2760603
PRMH,2022-09-13,0.59,0.59,0.565,0.57,-2.896,-0.017,-1,2025837,1166347.5
PRMH,2022-09-12,0.599,0.599,0.581,0.587,0,0,-1,3200813,1889392.625
PRMH,2022-09-11,0.604,0.604,0.582,0.587,1.724,0.01,-1,7056235,4194942.5
PRMH,2022-09-08,0.589,0.589,0.573,0.58,0,0,-1,3809930,2214468.5
PRMH,2022-09-07,0.586,0.586,0.565,0.58,0.173,0.001,-1,2976084,1722734.25
PRMH,2022-09-06,0.588,0.588,0.57,0.579,0.173,0.001,-1,1852957,1071553.25
PRMH,2022-09-05,0.58,0.58,0.569,0.578,2.847,0.016,-1,1899182,1092657.25
PRMH,2022-09-04,0.57,0.57,0.556,0.562,1.079,0.006,-1,1442810,811538.5
PRMH,2022-09-01,0.583,0.583,0.555,0.556,-3.136,-0.018,-1,2179798,1233251.5
PRMH,2022-08-31,0.58,0.58,0.56,0.574,1.235,0.007,-1,1743891,999062.063
PRMH,2022-08-30,0.575,0.575,0.555,0.567,-1.047,-0.006,-1,2267480,1284239.625
PRMH,2022-08-29,0.596,0.596,0.567,0.573,-0.521,-0.003,-1,6579928,3848901.75
PRMH,2022-08-28,0.596,0.596,0.567,0.576,-0.346,-0.002,-1,3419860,1976419.25
PRMH,2022-08-25,0.585,0.585,0.556,0.578,3.214,0.018,-1,4036687,2328647.25
PRMH,2022-08-24,0.59,0.59,0.555,0.56,3.512,0.019,-1,5871834,3359691.5
PRMH,2022-08-23,0.566,0.566,0.534,0.541,-2.523,-0.014,-1,1345850,743554.688
PRMH,2022-08-22,0.574,0.574,0.552,0.555,-2.128,-0.012,-1,2323629,1309209.375
PRMH,2022-08-21,0.585,0.585,0.558,0.564,0.894,0.005,-1,2973068,1679573.125
PRMH,2022-08-18,0.57,0.57,0.555,0.559,-0.179,-0.001,-1,1167019,653248.5
PRMH,2022-08-17,0.58,0.58,0.555,0.56,-1.06,-0.006,-1,1546754,870791.688
PRMH,2022-08-16,0.58,0.58,0.562,0.566,-0.876,-0.005,-1,2055299,1171006.125
PRMH,2022-08-15,0.609,0.609,0.566,0.571,-1.382,-0.008,-1,3693487,2151707
PRMH,2022-08-14,0.6,0.6,0.572,0.579,0.694,0.004,-1,4126889,2413348.25
PRMH,2022-08-11,0.595,0.595,0.57,0.576,-1.031,-0.006,-1,1453011,835899.938
PRMH,2022-08-10,0.609,0.609,0.564,0.582,3.009,0.017,-1,9165804,5387313
PRMH,2022-08-09,0.59,0.59,0.546,0.565,4.824,0.026,-1,8887768,5108709.5
PRMH,2022-08-08,0.558,0.558,0.536,0.539,-1.287,-0.007,-1,2454447,1341249.375
PRMH,2022-08-07,0.565,0.565,0.52,0.544,3.422,0.018,-1,6051827,3284543.5
PRMH,2022-08-04,0.535,0.535,0.503,0.526,4.158,0.021,-1,12877386,6546280
PRMH,2022-08-03,0.519,0.519,0.5,0.505,-1.961,-0.01,-1,1379970,700424.25
PRMH,2022-08-02,0.515,0.515,0.5,0.51,1.392,0.007,-1,1529828,778137.688
PRMH,2022-08-01,0.53,0.53,0.5,0.503,-4.753,-0.025,-1,2188170,1127159.375
PRMH,2022-07-31,0.538,0.538,0.514,0.526,3.953,0.02,-1,6953553,3657928.25
PRMH,2022-07-28,0.51,0.51,0.482,0.506,3.476,0.017,-1,1496754,750205
PRMH,2022-07-27,0.503,0.503,0.485,0.489,-1.61,-0.008,-1,936371,462969.188
PRMH,2022-07-26,0.5,0.5,0.483,0.497,2.277,0.011,-1,2050804,1016002.25
PRMH,2022-07-25,0.49,0.49,0.478,0.483,0.835,0.004,-1,1894821,911793.75
PRMH,2022-07-24,0.49,0.49,0.474,0.479,-1.042,-0.005,-1,636086,305629.219
PRMH,2022-07-21,0.484,0.484,0.475,0.48,1.919,0.009,-1,6799291,3264661.25
PRMH,2022-07-20,0.483,0.483,0.463,0.469,-0.213,-0.001,-1,1284205,607482.625
PRMH,2022-07-19,0.479,0.479,0.463,0.47,0.427,0.002,-1,6623999,3113054
PRMH,2022-07-18,0.485,0.485,0.46,0.468,1.08,0.005,-1,2867000,1347916.25
PRMH,2022-07-17,0.479,0.479,0.451,0.463,-2.542,-0.012,-1,796000,368828.594
PRMH,2022-07-07,0.499,0.499,0.47,0.472,-1.871,-0.009,-1,3489200,1669629.125
PRMH,2022-07-06,0.483,0.483,0.47,0.481,0,0,-1,276903,132584
PRMH,2022-07-05,0.489,0.489,0.48,0.481,0.628,0.003,-1,1335567,643431.563
PRMH,2022-07-04,0.5,0.5,0.478,0.478,-3.823,-0.019,-1,647306,320316.063
PRMH,2022-07-03,0.509,0.509,0.493,0.497,1.61,0.008,-1,355792,177947.531
PRMH,2022-06-29,0.51,0.51,0.494,0.497,2.616,0.013,-1,330280,166386.922
PRMH,2022-06-28,0.505,0.505,0.49,0.497,0,0,-1,1135273,561542.625
PRMH,2022-06-27,0.505,0.505,0.485,0.497,-0.6,-0.003,-1,1288495,639898.938
PRMH,2022-06-26,0.509,0.509,0.49,0.5,1.01,0.005,-1,1669283,829350.063
PRMH,2022-06-23,0.501,0.501,0.491,0.495,-2.367,-0.012,-1,617663,306508.938
PRMH,2022-06-22,0.509,0.509,0.5,0.507,0.595,0.003,-1,1658539,836407.875
PRMH,2022-06-21,0.512,0.512,0.498,0.504,-0.395,-0.002,-1,1285678,649539.563
PRMH,2022-06-20,0.522,0.522,0.49,0.506,-1.94,-0.01,-1,5299619,2666597.5
PRMH,2022-06-19,0.529,0.529,0.512,0.516,-0.952,-0.005,-1,2165095,1118995.75
PRMH,2022-06-16,0.533,0.533,0.52,0.525,-0.38,-0.002,-1,1746757,917274.563
PRMH,2022-06-15,0.537,0.537,0.522,0.527,-0.378,-0.002,-1,3239461,1711807
PRMH,2022-06-14,0.532,0.532,0.52,0.529,0.19,0.001,-1,3676274,1937459.875
PRMH,2022-06-13,0.54,0.54,0.524,0.528,-0.752,-0.004,-1,1896536,1009528.063
PRMH,2022-06-12,0.541,0.541,0.53,0.532,-1.664,-0.009,-1,2274461,1215178.5
PRMH,2022-06-09,0.543,0.543,0.528,0.541,0.558,0.003,-1,6675837,3586085.5
PRMH,2022-06-08,0.545,0.545,0.528,0.538,1.509,0.008,-1,8175866,4381337.5
PRMH,2022-06-07,0.539,0.539,0.516,0.53,2.514,0.013,-1,9517698,5033078
PRMH,2022-06-06,0.525,0.525,0.51,0.517,0.584,0.003,-1,5237415,2710178.25
PRMH,2022-06-05,0.53,0.53,0.51,0.514,1.961,0.01,-1,1352032,699171
PRMH,2022-06-02,0.523,0.523,0.504,0.51,-0.391,-0.002,-1,1274975,653661.438
PRMH,2022-06-01,0.52,0.52,0.506,0.512,-1.916,-0.01,-1,1339434,685402.813
PRMH,2022-05-31,0.53,0.53,0.517,0.522,2.554,0.013,-1,2896112,1513683.875
PRMH,2022-05-30,0.53,0.53,0.504,0.509,-2.303,-0.012,-1,1936508,997397.438
PRMH,2022-05-29,0.529,0.529,0.514,0.521,-1.512,-0.008,-1,3381188,1760117.5
PRMH,2022-05-26,0.548,0.548,0.518,0.529,0.57,0.003,-1,1522228,810377
PRMH,2022-05-25,0.535,0.535,0.52,0.526,-2.048,-0.011,-1,3009665,1583237.125
PRMH,2022-05-24,0.554,0.554,0.53,0.537,-2.015,-0.011,-1,907841,493154.969
PRMH,2022-05-23,0.58,0.58,0.545,0.546,-3.02,-0.017,-1,2875464,1607836.75
PRMH,2022-05-22,0.575,0.575,0.55,0.563,4.436,0.024,-1,2075500,1173242.375
PRMH,2022-05-19,0.545,0.545,0.526,0.541,0.185,0.001,-1,3308137,1787705.375
PRMH,2022-05-18,0.55,0.55,0.536,0.54,0.559,0.003,-1,2236700,1215913.625
PRMH,2022-05-17,0.549,0.549,0.535,0.537,0.374,0.002,-1,1051254,567135.313
PRMH,2022-05-16,0.545,0.545,0.526,0.535,0.753,0.004,-1,1180560,634715.25
PRMH,2022-05-15,0.535,0.535,0.52,0.531,3.107,0.016,-1,2389274,1265452.625
PRMH,2022-05-12,0.53,0.53,0.514,0.515,-2.277,-0.012,-1,1170192,608368.063
PRMH,2022-05-11,0.538,0.538,0.51,0.527,0.771,0.004,-1,1062085,561405.813
PRMH,2022-05-10,0.546,0.546,0.515,0.519,-2.26,-0.012,-1,1367087,716048.5
PRMH,2022-05-09,0.55,0.55,0.529,0.531,-3.467,-0.019,-1,995801,534787.313
PRMH,2022-05-08,0.55,0.55,0.525,0.548,1.664,0.009,-1,557208,302778.531
PRMH,2022-04-28,0.55,0.55,0.53,0.541,2.627,0.014,-1,1978110,1069153.375
PRMH,2022-04-27,0.55,0.55,0.525,0.533,-2.559,-0.014,-1,569100,303048.469
PRMH,2022-04-26,0.575,0.575,0.532,0.547,0.366,0.002,-1,369481,202517.625
PRMH,2022-04-21,0.589,0.589,0.52,0.547,5.39,0.028,-1,2944303,1625226.55
PRMH,2022-04-20,0.54,0.54,0.511,0.519,-1.89,-0.01,-1,855000,447079.5
PRMH,2022-04-19,0.559,0.559,0.52,0.529,-3.315,-0.018,-1,744200,397079.594
PRMH,2022-04-18,0.546,0.546,0.485,0.543,7.692,0.039,-1,571200,300761.781
PRMH,2022-04-17,0.558,0.558,0.453,0.507,-5.41,-0.029,-1,791327,412939.24
PRMH,2022-04-14,0.566,0.566,0.53,0.536,-6.78,-0.039,-1,1008713,549847.51
PRMH,2022-04-13,0.6,0.6,0.56,0.575,2.313,0.013,-1,1736427,1016547.625
PRMH,2022-04-12,0.578,0.578,0.554,0.562,-2.627,-0.015,-1,1080610,612150.438
PRMH,2022-04-11,0.575,0.575,0.553,0.571,-0.525,-0.003,-1,381563,215603.25
PRMH,2022-04-10,0.584,0.584,0.555,0.571,-2.277,-0.013,-1,478400,271765.969
PRMH,2022-04-07,0.578,0.578,0.567,0.571,-0.69,-0.004,-1,563995,321830.5
PRMH,2022-04-06,0.595,0.595,0.578,0.58,0,0,-1,379200,221762
PRMH,2022-04-05,0.585,0.585,0.574,0.58,-0.172,-0.001,-1,116637,67533.195
PRMH,2022-04-04,0.6,0.6,0.577,0.58,-2.203,-0.013,-1,1398393,828928.938
PRMH,2022-04-03,0.605,0.605,0.579,0.59,4.24,0.024,-1,1464751,870004.938
PRMH,2022-03-31,0.582,0.582,0.56,0.566,-0.7,-0.004,-1,780338,442221.8
PRMH,2022-03-30,0.6,0.6,0.57,0.57,-0.87,-0.005,-1,819578,474171.406
PRMH,2022-03-29,0.585,0.585,0.571,0.575,0,0,-1,370555,213491.172
PRMH,2022-03-28,0.61,0.61,0.57,0.575,-2.521,-0.015,-1,805766,468639.063
PRMH,2022-03-27,0.613,0.613,0.583,0.595,-2.619,-0.016,-1,1113650,660341.125
PRMH,2022-03-24,0.634,0.634,0.609,0.611,0,0,-1,1498662,930485.375
PRMH,2022-03-23,0.64,0.64,0.611,0.619,1.809,0.011,-1,2378975,1482319.5
PRMH,2022-03-22,0.65,0.65,0.6,0.608,0.166,0.001,-1,6295122,3888282.25
PRMH,2022-03-21,0.619,0.619,0.58,0.604,1.513,0.009,-1,2254147,1362082
PRMH,2022-03-20,0.6,0.6,0.571,0.595,6.061,0.034,-1,2398129,1416827.375
PRMH,2022-03-17,0.597,0.597,0.567,0.561,2.496,0.014,-1,381510,221090.969
PRMH,2022-03-16,0.585,0.585,0.56,0.561,0,0,-1,433565,249854.953
PRMH,2022-03-15,0.577,0.577,0.551,0.561,-3.8,-0.022,-1,793430,446024.875
PRMH,2022-03-14,0.593,0.593,0.574,0.579,-2.215,-0.013,-1,1014221,595503.125
PRMH,2022-03-13,0.595,0.595,0.57,0.587,-2.726,-0.016,-1,419619,241679.219
PRMH,2022-03-10,0.6,0.6,0.582,0.587,-1.68,-0.01,-1,2271938,1341409.01
PRMH,2022-03-09,0.608,0.608,0.585,0.597,2.74,0.016,-1,1030334,613307.563
PRMH,2022-03-08,0.609,0.609,0.565,0.584,-1.02,-0.006,-1,1720500,1019372
PRMH,2022-03-07,0.612,0.612,0.573,0.588,-5.229,-0.032,-1,1791570,1053384
PRMH,2022-03-06,0.619,0.619,0.593,0.612,-0.166,-0.001,-1,571196,345331.313
PRMH,2022-03-03,0.618,0.618,0.593,0.602,1.518,0.009,-1,870491,524304.313
PRMH,2022-03-02,0.626,0.626,0.591,0.593,0,0,-1,1309775,797860.25
PRMH,2022-03-01,0.61,0.61,0.591,0.591,0.508,0.003,-1,468185,282449.813
PRMH,2022-02-28,0.61,0.61,0.58,0.591,-3.43,-0.021,-1,748064,448782.09
PRMH,2022-02-27,0.618,0.618,0.586,0.612,5.15,0.03,-1,1634692,993181.01
PRMH,2022-02-24,0.631,0.631,0.566,0.582,-10.736,-0.07,-1,2393539,1417622.25
PRMH,2022-02-23,0.67,0.67,0.63,0.652,-0.458,-0.003,-1,555131,366695.875
PRMH,2022-02-22,0.665,0.665,0.623,0.655,-0.607,-0.004,-1,982687,633900.25
PRMH,2022-02-21,0.693,0.693,0.652,0.659,-1.345,-0.009,-1,589000,393792.125
PRMH,2022-02-20,0.682,0.682,0.666,0.669,-2.62,-0.018,-1,1330484,896092.438
PRMH,2022-02-17,0.697,0.697,0.662,0.687,0.88,0.006,-1,828182,566048.52
PRMH,2022-02-16,0.709,0.709,0.677,0.681,-2.014,-0.014,-1,1823315,1259813.25
PRMH,2022-02-15,0.71,0.71,0.67,0.695,4.79,0.032,-1,2021820,1406765
PRMH,2022-02-14,0.68,0.68,0.648,0.668,0.149,0.001,-1,1078575,713318.375
PRMH,2022-02-13,0.71,0.71,0.662,0.669,-2.62,-0.018,-1,3868920,2659947.39
PRMH,2022-02-10,0.717,0.717,0.68,0.687,-2.933,-0.021,-1,2055615,1436538.625
PRMH,2022-02-09,0.724,0.724,0.63,0.716,14.469,0.09,-1,15550396,10598880
PRMH,2022-02-08,0.63,0.63,0.613,0.622,-1.125,-0.007,-1,325740,201617.594
PRMH,2022-02-07,0.628,0.628,0.61,0.622,-0.48,-0.003,-1,1180764,729653.438
PRMH,2022-02-06,0.632,0.632,0.615,0.625,1.133,0.007,-1,770130,479471.625
PRMH,2022-02-03,0.64,0.64,0.611,0.618,-1.587,-0.01,-1,936616,582447.688
PRMH,2022-02-02,0.635,0.635,0.623,0.63,0,0,-1,505202,318248.87
PRMH,2022-02-01,0.635,0.635,0.61,0.63,2.941,0.018,-1,722844,449904.281
PRMH,2022-01-31,0.635,0.635,0.605,0.612,-2.08,-0.013,-1,1091097,671251.563
PRMH,2022-01-30,0.62,0.62,0.592,0.625,-4.8,-0.03,-1,342981,208169.047
PRMH,2022-01-26,0.62,0.62,0.61,0.625,-1.76,-0.011,-1,166945,102596.805
PRMH,2022-01-25,0.63,0.63,0.615,0.625,-1.44,-0.009,-1,204610,126392.414
PRMH,2022-01-24,0.633,0.633,0.621,0.625,-0.318,-0.002,-1,1188324,747682.563
PRMH,2022-01-23,0.654,0.654,0.624,0.628,-3.976,-0.026,-1,1805816,1152640.625
PRMH,2022-01-20,0.678,0.678,0.62,0.654,4.47,0.028,-1,3333436,2176401
PRMH,2022-01-19,0.645,0.645,0.624,0.626,-0.635,-0.004,-1,1255523,793104.625
PRMH,2022-01-18,0.631,0.631,0.62,0.63,1.777,0.011,-1,1415387,885404.625
PRMH,2022-01-17,0.635,0.635,0.61,0.619,-0.162,-0.001,-1,947407,591873.063
PRMH,2022-01-16,0.628,0.628,0.602,0.618,-0.48,-0.003,-1,970101,598069.3
PRMH,2022-01-13,0.64,0.64,0.62,0.621,-0.8,-0.005,-1,1868803,1173462.2
PRMH,2022-01-12,0.649,0.649,0.62,0.626,-1.42,-0.009,-1,1811554,1147236.4
PRMH,2022-01-11,0.66,0.66,0.632,0.635,-0.157,-0.001,-1,10742358,6923306.5
PRMH,2022-01-10,0.646,0.646,0.598,0.636,5.82,0.035,-1,9900690,6236693.12
PRMH,2022-01-09,0.612,0.612,0.59,0.601,-1.153,-0.007,-1,1208004,723898.813
PRMH,2022-01-05,0.625,0.625,0.6,0.607,-0.164,-0.001,-1,3855369,2373108
PRMH,2022-01-04,0.617,0.617,0.603,0.608,2.185,0.013,-1,1746431,1065369.875
PRMH,2022-01-03,0.61,0.61,0.593,0.595,-0.668,-0.004,-1,2377960,1432098.25
PRMH,2022-01-02,0.608,0.608,0.575,0.599,4.54,0.026,-1,4813293,2863311.85
PRMH,2021-12-30,0.579,0.579,0.56,0.573,3.058,0.017,-1,1458643,831999.813
PRMH,2021-12-29,0.56,0.56,0.541,0.556,0.72,0.004,-1,1543691,854831.03
PRMH,2021-12-28,0.569,0.569,0.548,0.552,-2.993,-0.017,-1,4115123,2274716.75
PRMH,2021-12-27,0.57,0.57,0.548,0.568,3.461,0.019,-1,2843305,1599309.5
PRMH,2021-12-26,0.565,0.565,0.545,0.549,-0.181,-0.001,-1,1666774,927052.125
PRMH,2021-12-23,0.558,0.558,0.541,0.551,0,0,-1,1408800,777575.375
PRMH,2021-12-22,0.557,0.557,0.54,0.55,1.838,0.01,-1,1206320,662457.563
PRMH,2021-12-21,0.55,0.55,0.537,0.544,0,0,-1,415918,226257.141
PRMH,2021-12-20,0.54,0.54,0.531,0.544,-1.654,-0.009,-1,262500,140808.5
PRMH,2021-12-19,0.555,0.555,0.538,0.544,-0.919,-0.005,-1,299910,163325.594
PRMH,2021-12-16,0.547,0.547,0.53,0.544,0.741,0.004,-1,1009555,544166.813
PRMH,2021-12-15,0.54,0.54,0.532,0.54,0,0,-1,283600,152377.5
PRMH,2021-12-14,0.541,0.541,0.53,0.54,0.185,0.001,-1,411848,221776.5
PRMH,2021-12-13,0.555,0.555,0.511,0.54,-1.46,-0.008,-1,1018852,547123
PRMH,2021-12-12,0.559,0.559,0.545,0.548,1.095,0.006,-1,305320,168490.203
PRMH,2021-12-09,0.57,0.57,0.54,0.548,2.19,0.012,-1,361500,202961.969
PRMH,2021-12-08,0.575,0.575,0.521,0.548,-2.5,-0.014,-1,906767,498157.094
PRMH,2021-12-07,0.597,0.597,0.559,0.56,-4.762,-0.028,-1,1817793,1032355.563
PRMH,2021-12-06,0.62,0.62,0.58,0.588,-0.34,-0.002,-1,2634946,1576805.54
PRMH,2021-12-05,0.6,0.6,0.573,0.59,0.683,0.004,-1,2298904,1359516.875
PRMH,2021-12-02,0.617,0.617,0.582,0.586,-2.658,-0.016,-1,2057170,1243745.75
PRMH,2021-12-01,0.613,0.613,0.568,0.602,5.614,0.032,-1,2981469,1786871.25
PRMH,2021-11-30,0.575,0.575,0.55,0.57,1.786,0.01,-1,1770705,1000338.688
PRMH,2021-11-29,0.579,0.579,0.55,0.56,-2.778,-0.016,-1,1263285,713559.5
PRMH,2021-11-28,0.56,0.56,0.511,0.576,-2.778,-0.016,-1,377194,205320.672
PRMH,2021-11-25,0.585,0.585,0.533,0.576,1.401,0.008,-1,758000,430550.031
PRMH,2021-11-24,0.579,0.579,0.545,0.571,0.71,0.004,-1,1405700,799175.96
PRMH,2021-11-23,0.57,0.57,0.537,0.567,5.948,0.032,-1,1386764,764907.875
PRMH,2021-11-22,0.54,0.54,0.52,0.538,-1.848,-0.01,-1,1156563,610229.125
PRMH,2021-11-21,0.545,0.545,0.522,0.541,0,0,-1,412748,218484.875
PRMH,2021-11-18,0.545,0.545,0.53,0.541,0,0,-1,483038,259459.516
PRMH,2021-11-17,0.569,0.569,0.522,0.541,3.422,0.018,-1,597673,321378.875
PRMH,2021-11-16,0.59,0.59,0.506,0.526,-12.77,-0.077,-1,1074705,597771.16
PRMH,2021-11-15,0.6,0.6,0.59,0.603,-2.156,-0.013,-1,464755,275471.906
PRMH,2021-11-14,0.609,0.609,0.591,0.603,0.5,0.003,-1,687169,412322.75
PRMH,2021-11-11,0.61,0.61,0.591,0.6,2.389,0.014,-1,1524314,914863.188
PRMH,2021-11-10,0.615,0.615,0.579,0.586,-1.683,-0.01,-1,513249,300675.844
PRMH,2021-11-09,0.619,0.619,0.586,0.594,0.672,0.004,-1,868672,522275.188
PRMH,2021-11-08,0.613,0.613,0.59,0.595,2.521,0.015,-1,415838,251077.172
PRMH,2021-11-07,0.612,0.612,0.586,0.595,0,0,-1,299257,177105.688
PRMH,2021-11-04,0.609,0.609,0.584,0.595,-0.833,-0.005,-1,1080470,644530.438
PRMH,2021-11-03,0.63,0.63,0.595,0.6,-4.91,-0.031,-1,1888145,1142639.08
PRMH,2021-11-02,0.66,0.66,0.63,0.631,-2.326,-0.015,-1,544236,345165
PRMH,2021-11-01,0.652,0.652,0.637,0.645,0.624,0.004,-1,615146,397235
PRMH,2021-10-31,0.672,0.672,0.63,0.641,1.404,0.009,-1,363507,233767.125
PRMH,2021-10-28,0.65,0.65,0.6,0.641,3.387,0.021,-1,2925929,1843265.625
PRMH,2021-10-27,0.633,0.633,0.581,0.62,0.977,0.006,-1,2645503,1610233.25
PRMH,2021-10-26,0.65,0.65,0.611,0.614,-1.76,-0.011,-1,1714550,1074713.875
PRMH,2021-10-25,0.674,0.674,0.615,0.625,-5.9,-0.039,-1,995201,628299.5
PRMH,2021-10-24,0.684,0.684,0.636,0.661,-1.652,-0.011,-1,830794,556246.938
PRMH,2021-10-20,0.7,0.7,0.63,0.666,-3.763,-0.026,-1,1968463,1317089.875
PRMH,2021-10-19,0.74,0.74,0.688,0.691,-1.693,-0.012,-1,3658178,2601863.25
PRMH,2021-10-18,0.72,0.72,0.699,0.709,1.58,0.011,-1,957052,680754.33
PRMH,2021-10-17,0.71,0.71,0.695,0.698,-0.57,-0.004,-1,576697,403605.75
PRMH,2021-10-14,0.707,0.707,0.69,0.702,0,0,-1,395343,275591.594
PRMH,2021-10-13,0.72,0.72,0.7,0.702,-1.823,-0.013,-1,1192639,840840.063
PRMH,2021-10-12,0.738,0.738,0.712,0.713,-2.462,-0.018,-1,1255676,902535.063
PRMH,2021-10-11,0.74,0.74,0.711,0.731,0.966851,0.007,-1,1011323,735179.92
PRMH,2021-10-10,0.73,0.73,0.71,0.724,-1.934,-0.014,-1,410425,294613.313
PRMH,2021-10-06,0.737,0.737,0.71,0.724,-1.243,-0.009,-1,529450,380500
PRMH,2021-10-05,0.738,0.738,0.715,0.724,0,0,-1,354593,255850.438
PRMH,2021-10-04,0.73,0.73,0.722,0.724,1.108,0.008,-1,828600,601591.313
PRMH,2021-10-03,0.75,0.75,0.721,0.722,-2.83,-0.021,-1,1506041,1104986.24
PRMH,2021-09-30,0.757,0.757,0.725,0.743,2.342,0.017,-1,1904931,1406514.75
PRMH,2021-09-29,0.742,0.742,0.72,0.726,2.493,0.018,-1,1472940,1077626.375
PRMH,2021-09-28,0.733,0.733,0.72,0.722,0,0,-1,507670,368432.4
PRMH,2021-09-27,0.75,0.75,0.717,0.722,-3.476,-0.026,-1,1948939,1431418.875
PRMH,2021-09-26,0.769,0.769,0.745,0.748,-1.061,-0.008,-1,2058140,1546075.25
PRMH,2021-09-23,0.76,0.76,0.73,0.754,2.599,0.019,-1,2396674,1787582.125
PRMH,2021-09-22,0.738,0.738,0.715,0.731,3.239,0.023,-1,1569879,1144344
PRMH,2021-09-21,0.729,0.729,0.7,0.71,-2.204,-0.016,-1,5522624,3918444
PRMH,2021-09-20,0.744,0.744,0.714,0.726,-2.68,-0.02,-1,2770433,2029442.61
PRMH,2021-09-19,0.776,0.776,0.733,0.746,-4.297,-0.033,-1,3698619,2794022.25
PRMH,2021-09-16,0.785,0.785,0.765,0.768,0,0,-1,1537031,1184455.35
PRMH,2021-09-15,0.792,0.792,0.762,0.768,-2.66,-0.021,-1,2280824,1777203.21
PRMH,2021-09-14,0.814,0.814,0.784,0.789,-0.38,-0.003,-1,4108599,3282106.72
PRMH,2021-09-13,0.805,0.805,0.765,0.792,4.901,0.037,-1,4581543,3605223
PRMH,2021-09-12,0.786,0.786,0.751,0.755,-0.396,-0.003,-1,2647427,2016300.875
PRMH,2021-09-09,0.79,0.79,0.754,0.758,-0.895,-0.007,-1,1115115,853751.625
PRMH,2021-09-08,0.807,0.807,0.763,0.782,0.777,0.006,-1,2276234,1806645.375
PRMH,2021-09-07,0.8,0.8,0.744,0.772,2.25,0.017,-1,3360527,2596536.36
PRMH,2021-09-06,0.82,0.82,0.74,0.755,-9.069,-0.075,-1,3513390,2750869.5
PRMH,2021-09-05,0.894,0.894,0.804,0.827,-8.947,-0.079,-1,4487117,3843686
PRMH,2021-09-02,0.895,0.895,0.87,0.883,-1.024,-0.009,-1,6409622,5659066
PRMH,2021-09-01,0.888,0.888,0.864,0.879,1.394,0.012,-1,3367371,2959725.25
PRMH,2021-08-31,0.876,0.876,0.842,0.861,-1.938,-0.017,-1,5000032,4305368.5
PRMH,2021-08-30,0.9,0.9,0.85,0.877,-3.409,-0.03,-1,6225839,5460518
PRMH,2021-08-29,0.904,0.904,0.867,0.88,-3.115,-0.028,-1,3317995,2921082.75
PRMH,2021-08-26,0.931,0.931,0.881,0.899,-5.359,-0.05,-1,5147269,4625346
PRMH,2021-08-25,0.965,0.965,0.912,0.933,-0.87,-0.008,-1,13184709,12300164
PRMH,2021-08-24,0.946,0.946,0.9,0.92,5.743,0.051,-1,15639612,14393467
PRMH,2021-08-23,0.906,0.906,0.877,0.888,-0.897,-0.008,-1,7350194,6529043
PRMH,2021-08-22,0.915,0.915,0.876,0.892,-5.472,-0.051,-1,9908528,8842588
PRMH,2021-08-19,0.97,0.97,0.905,0.932,-5.515,-0.053,-1,9742710,9079271
PRMH,2021-08-18,0.985,0.985,0.94,0.961,-0.735,-0.007,-1,11301878,10856986
PRMH,2021-08-17,0.975,0.975,0.94,0.952,-0.527,-0.005,-1,10132849,9650768
PRMH,2021-08-16,0.977,0.977,0.938,0.949,-2.083,-0.02,-1,6195077,5876725.5
PRMH,2021-08-15,0.99,0.99,0.94,0.96,-0.629,-0.006,-1,7485794,7182846
PRMH,2021-08-11,0.97,0.97,0.939,0.954,-0.628,-0.006,-1,5484009,5231881
PRMH,2021-08-10,0.99,0.99,0.937,0.956,-2.869,-0.028,-1,5095068,4869057
PRMH,2021-08-09,1.03,1.03,0.933,0.976,-7.129,-0.073,-1,6414009,6260744
PRMH,2021-08-08,1.058,1.058,0.991,1.024,0.1,0.001,-1,9334520,9561345
PRMH,2021-08-05,1.025,1.025,0.972,1,6.04,0.057,-1,14311230,14314386.76
PRMH,2021-08-04,0.961,0.961,0.865,0.943,9.954,0.087,-1,25383732,23948262
PRMH,2021-08-03,0.915,0.915,0.84,0.874,-2.411,-0.021,-1,11069669,9673120
PRMH,2021-08-02,0.9,0.9,0.852,0.871,1.535,0.013,-1,9362872,8155722.5
PRMH,2021-08-01,0.87,0.87,0.836,0.847,-1.06,-0.009,-1,5060869,4287513.5
PRMH,2021-07-29,0.87,0.87,0.826,0.849,-2,-0.017,-1,4253909,3611525
PRMH,2021-07-28,0.873,0.873,0.821,0.85,3.717,0.031,-1,10966766,9326573
PRMH,2021-07-27,0.853,0.853,0.813,0.834,0.857,0.007,-1,9467107,7899359
PRMH,2021-07-26,0.849,0.849,0.79,0.817,3.75,0.03,-1,11175367,9133813
PRMH,2021-07-25,0.82,0.82,0.789,0.8,0.376,0.003,-1,5679341,4544493.5
PRMH,2021-07-18,0.818,0.818,0.778,0.797,6.809,0.051,-1,7811084,6225551.5
PRMH,2021-07-15,0.769,0.769,0.739,0.749,2.807,0.021,-1,1447563,1083706.375
PRMH,2021-07-14,0.76,0.76,0.737,0.748,-0.804,-0.006,-1,1513402,1131477.125
PRMH,2021-07-13,0.757,0.757,0.7,0.746,-2.774,-0.021,-1,2688211,2006084.25
PRMH,2021-07-12,0.77,0.77,0.745,0.757,1.731,0.013,-1,1399160,1058786.875
PRMH,2021-07-11,0.761,0.761,0.745,0.751,-1.842,-0.014,-1,587786,441517.125
PRMH,2021-07-08,0.777,0.777,0.74,0.76,-2.375,-0.018,-1,2113428,1605621.625
PRMH,2021-07-07,0.77,0.77,0.722,0.758,4.62,0.034,-1,2358429,1786703.125
PRMH,2021-07-06,0.762,0.762,0.7,0.736,-3.641,-0.028,-1,809659,595923.75
PRMH,2021-07-05,0.796,0.796,0.751,0.769,-2.706,-0.021,-1,960295,738926.25
PRMH,2021-07-04,0.794,0.794,0.75,0.776,3.096,0.023,-1,2954380,2293925
PRMH,2021-06-30,0.76,0.76,0.73,0.743,1.1,0.008,-1,803065,596729.5
PRMH,2021-06-29,0.758,0.758,0.712,0.727,0.949,0.007,-1,1750219,1272116.25
PRMH,2021-06-28,0.763,0.763,0.731,0.738,-2.011,-0.015,-1,873170,644194.625
PRMH,2021-06-27,0.762,0.762,0.735,0.746,-1.068,-0.008,-1,1308527,976687.875
PRMH,2021-06-24,0.765,0.765,0.743,0.749,-1.974,-0.015,-1,729408,546555.125
PRMH,2021-06-23,0.779,0.779,0.75,0.76,-2.216,-0.017,-1,1747497,1328135.125
PRMH,2021-06-22,0.78,0.78,0.755,0.767,-2.937,-0.023,-1,2261241,1734523.25
PRMH,2021-06-21,0.8,0.8,0.771,0.783,-1.28,-0.01,-1,974305,762819.438
PRMH,2021-06-20,0.814,0.814,0.775,0.781,-0.885,-0.007,-1,761746,595255.625
PRMH,2021-06-17,0.82,0.82,0.78,0.791,2.35,0.018,-1,1955686,1546487.25
PRMH,2021-06-16,0.788,0.788,0.744,0.766,2.604,0.02,-1,3065221,2347704.25
PRMH,2021-06-15,0.82,0.82,0.73,0.768,-6.367,-0.051,-1,2220677,1705246.5
PRMH,2021-06-14,0.817,0.817,0.752,0.801,-0.248,-0.002,-1,1824203,1460696.125
PRMH,2021-06-13,0.867,0.867,0.775,0.807,-5.158,-0.044,-1,5484991,4428124.5
PRMH,2021-06-10,0.873,0.873,0.842,0.853,-1.056,-0.009,-1,3271418,2789630.5
PRMH,2021-06-09,0.87,0.87,0.831,0.852,-1.858,-0.016,-1,3104255,2644374.75
PRMH,2021-06-08,0.904,0.904,0.832,0.861,-5.733,-0.052,-1,5673355,4883360.5
PRMH,2021-06-07,0.93,0.93,0.871,0.907,-0.34,-0.003,-1,13844914,12560379
PRMH,2021-06-06,0.918,0.918,0.858,0.883,9.069,0.076,-1,10308902,9103309
PRMH,2021-06-03,0.859,0.859,0.8,0.838,0,0,-1,5979340,5011802
PRMH,2021-06-02,0.86,0.86,0.802,0.838,-3.023,-0.025,-1,5759244,4824223
PRMH,2021-06-01,0.843,0.843,0.8,0.827,-4.872,-0.042,-1,2399987,1984673.75
PRMH,2021-05-31,0.895,0.895,0.83,0.862,-3.376,-0.029,-1,8294425,7150320
PRMH,2021-05-30,0.88,0.88,0.82,0.859,3.99,0.033,-1,11385019,9774449
PRMH,2021-05-27,0.85,0.85,0.795,0.827,2.122,0.017,-1,5092117,4210063.5
PRMH,2021-05-26,0.82,0.82,0.782,0.801,4.575,0.035,-1,5075167,4066696.75
PRMH,2021-05-25,0.798,0.798,0.73,0.765,-3.699,-0.03,-1,3691127,2823000
PRMH,2021-05-24,0.858,0.858,0.77,0.811,-6.053,-0.05,-1,5630186,4565589.5
PRMH,2021-05-23,0.84,0.84,0.82,0.826,-3.298,-0.028,-1,2009684,1659894.375
PRMH,2021-05-20,0.875,0.875,0.826,0.849,-0.6,-0.005,-1,10686954,9076117
PRMH,2021-05-19,0.852,0.852,0.776,0.834,9.935,0.077,-1,16329416,13615366
PRMH,2021-05-18,0.794,0.794,0.751,0.775,3.217,0.024,-1,2981042,2310982.25
PRMH,2021-05-17,0.753,0.753,0.731,0.746,0,0,-1,2365375,1763962.375
PRMH,2021-05-11,0.766,0.766,0.738,0.75,-0.135,-0.001,-1,1552915,1165328.625
PRMH,2021-05-10,0.752,0.752,0.73,0.741,0.942,0.007,-1,859194,636310
PRMH,2021-05-09,0.76,0.76,0.73,0.743,-2.375,-0.018,-1,1355119,1006931.313
PRMH,2021-05-06,0.772,0.772,0.746,0.758,-2.85,-0.022,-1,2063384,1564873.625
PRMH,2021-05-05,0.784,0.784,0.749,0.772,1.459,0.011,-1,3579165,2762531.25
PRMH,2021-05-04,0.769,0.769,0.73,0.754,3.415,0.025,-1,2277239,1717920.875
PRMH,2021-04-28,0.75,0.75,0.722,0.732,-3.56,-0.027,-1,1854193,1357364.875
PRMH,2021-04-27,0.776,0.776,0.746,0.759,-3.618,-0.028,-1,1820610,1382098.25
PRMH,2021-04-26,0.8,0.8,0.74,0.774,2.663,0.02,-1,6933555,5366212.5
PRMH,2021-04-25,0.776,0.776,0.706,0.751,9.915,0.07,-1,8927591,6707342.5
PRMH,2021-04-22,0.718,0.718,0.69,0.706,0.992,0.007,-1,2018267,1425799.5
PRMH,2021-04-21,0.73,0.73,0.685,0.706,-2.676,-0.019,-1,1729145,1220363
PRMH,2021-04-20,0.721,0.721,0.696,0.71,5.007,0.034,-1,2573210,1826133
PRMH,2021-04-19,0.7,0.7,0.65,0.679,5.422,0.036,-1,3257747,2212924
PRMH,2021-04-18,0.67,0.67,0.654,0.664,1.223,0.008,-1,964890,640309.75
PRMH,2021-04-15,0.676,0.676,0.631,0.654,-0.901,-0.006,-1,1894342,1239558.25
PRMH,2021-04-14,0.715,0.715,0.646,0.666,-9.066,-0.065,-1,4596463,3062983.5
PRMH,2021-04-13,0.745,0.745,0.69,0.717,-5.02,-0.037,-1,2534314,1818208.375
PRMH,2021-04-12,0.748,0.748,0.721,0.737,1.788,0.013,-1,5975139,4404716
PRMH,2021-04-11,0.74,0.74,0.72,0.727,4.435,0.031,-1,4184293,3043263.5
PRMH,2021-04-08,0.707,0.707,0.69,0.699,4.29,0.029,-1,2564124,1792171.5
PRMH,2021-04-07,0.7,0.7,0.65,0.676,2.222,0.015,-1,1726221,1167059.625
PRMH,2021-04-06,0.705,0.705,0.63,0.675,-3.305,-0.023,-1,3485728,2354099
PRMH,2021-04-05,0.73,0.73,0.684,0.696,-8.959,-0.068,-1,7926625,5516036
PRMH,2021-04-04,0.784,0.784,0.74,0.759,-3.747,-0.029,-1,2207200,1675444.125
PRMH,2021-04-01,0.787,0.787,0.761,0.774,2.1,0.016,-1,4519619,3498097.75
PRMH,2021-03-31,0.777,0.777,0.75,0.762,-2.168,-0.017,-1,4309360,3285324.25
PRMH,2021-03-30,0.803,0.803,0.765,0.784,-1.027,-0.008,-1,6512363,5105297
PRMH,2021-03-29,0.81,0.81,0.769,0.779,2.763,0.021,-1,5594609,4360876.5
PRMH,2021-03-28,0.781,0.781,0.728,0.76,9.859,0.07,-1,6170098,4689349
PRMH,2021-03-25,0.738,0.738,0.675,0.71,0.551,0.004,-1,4422414,3141391.5
PRMH,2021-03-24,0.756,0.756,0.7,0.726,1.001,0.007,-1,5811333,4219635.5
PRMH,2021-03-23,0.74,0.74,0.666,0.699,-4.054,-0.03,-1,6001261,4197151.5
PRMH,2021-03-22,0.775,0.775,0.722,0.74,-8.978,-0.072,-1,3627036,2682775
PRMH,2021-03-21,0.897,0.897,0.784,0.802,-9.759,-0.085,-1,8383849,6723950.5
PRMH,2021-03-18,0.887,0.887,0.852,0.871,-1.012,-0.009,-1,1615100,1407505.625
PRMH,2021-03-17,0.916,0.916,0.85,0.889,-4.377,-0.039,-1,3480241,3093069
PRMH,2021-03-16,0.915,0.915,0.85,0.891,0.666,0.006,-1,3517149,3133722.5
PRMH,2021-03-15,0.967,0.967,0.866,0.901,-6.452,-0.062,-1,4658135,4198276.5
PRMH,2021-03-14,0.998,0.998,0.95,0.961,-3.543,-0.035,-1,1964403,1888451
PRMH,2021-03-11,1.02,1.02,0.965,0.988,-0.204,-0.002,-1,2704098,2671656.5
PRMH,2021-03-10,1.027,1.027,0.925,0.982,2.575,0.025,-1,6214340,6105401.5
PRMH,2021-03-09,1.039,1.039,0.934,0.971,-5.325,-0.054,-1,5183628,5031474.5
PRMH,2021-03-08,1.04,1.04,0.98,1.014,4.87,0.047,-1,8198423,8316615.5
PRMH,2021-03-07,0.977,0.977,0.927,0.965,9.899,0.088,-1,3005623,2901181
PRMH,2021-03-04,0.924,0.924,0.853,0.889,1.586,0.014,-1,1765269,1569818.5
PRMH,2021-03-03,0.957,0.957,0.864,0.883,-5.214,-0.05,-1,4098935,3620192.5
PRMH,2021-03-02,0.994,0.994,0.916,0.959,-3.561,-0.035,-1,3048861,2924148.5
PRMH,2021-03-01,1,1,0.967,0.983,-1.309,-0.013,-1,1431811,1407486.5
PRMH,2021-02-28,1.029,1.029,0.97,0.993,-5.319,-0.055,-1,3026210,3003554
PRMH,2021-02-25,1.06,1.06,1.013,1.034,-0.68,-0.007,-1,2593600,2681786
PRMH,2021-02-24,1.047,1.047,1.002,1.029,-0.964,-0.01,-1,3169215,3261454.25
PRMH,2021-02-23,1.065,1.065,1.013,1.037,-3.189,-0.034,-1,4796961,4972859.5
PRMH,2021-02-22,1.09,1.09,1.043,1.066,0,0,-1,4889466,5211889.5
PRMH,2021-02-21,1.084,1.084,1.017,1.054,5.784,0.059,-1,16283820,17155350
PRMH,2021-02-18,1.058,1.058,0.991,1.02,-2.874,-0.03,-1,6003292,6122685.5
PRMH,2021-02-17,1.09,1.09,1.03,1.044,-3.867,-0.042,-1,2958822,3088612
PRMH,2021-02-16,1.1,1.1,1.064,1.086,-0.925,-0.01,-1,5090910,5526236.5
PRMH,2021-02-15,1.114,1.114,1.061,1.081,-3.587,-0.04,-1,6745488,7292534
PRMH,2021-02-14,1.157,1.157,1.086,1.115,-4.382,-0.05,-1,8099222,9026949
PRMH,2021-02-11,1.164,1.164,1.125,1.141,-1.729,-0.02,-1,6909114,7880821
PRMH,2021-02-10,1.185,1.185,1.136,1.157,1.956,0.022,-1,15225493,17616636
PRMH,2021-02-09,1.14,1.14,1.11,1.125,-0.437,-0.005,-1,7669898,8629502
PRMH,2021-02-08,1.17,1.17,1.118,1.145,-3.454,-0.04,-1,15109148,17301082
PRMH,2021-02-07,1.225,1.225,1.12,1.158,0.261,0.003,-1,53089361,61453352
PRMH,2021-02-04,1.178,1.178,1.128,1.148,-4.163,-0.049,-1,13893120,15946006
PRMH,2021-02-03,1.219,1.219,1.142,1.177,0.697,0.008,-1,9597267,11299686
PRMH,2021-02-02,1.202,1.202,1.09,1.148,9.332,0.102,-1,22203410,25479808
PRMH,2021-02-01,1.13,1.13,1.071,1.093,-2.087,-0.023,-1,9300414,10164567
PRMH,2021-01-31,1.112,1.112,1.031,1.102,8.803,0.089,-1,19152982,21116016
PRMH,2021-01-27,1.015,1.015,0.95,1.011,9.967,0.092,-1,8917043,9016046
PRMH,2021-01-26,0.937,0.937,0.902,0.923,1.883,0.017,-1,2034050,1877995.5
PRMH,2021-01-25,0.925,0.925,0.891,0.903,-0.329,-0.003,-1,890529,804113.813
PRMH,2021-01-24,0.928,0.928,0.9,0.913,-0.441,-0.004,-1,554375,506013.469
PRMH,2021-01-21,0.939,0.939,0.9,0.908,-0.755,-0.007,-1,1163721,1056610.25
PRMH,2021-01-20,0.955,0.955,0.915,0.927,-1.392,-0.013,-1,2129729,1973428.375
PRMH,2021-01-19,0.959,0.959,0.902,0.934,2.829,0.026,-1,1584396,1479441.75
PRMH,2021-01-18,0.945,0.945,0.885,0.919,-3.945,-0.037,-1,1669319,1533722.125
PRMH,2021-01-17,0.969,0.969,0.913,0.938,-0.214,-0.002,-1,1420776,1332472
PRMH,2021-01-14,0.953,0.953,0.868,0.936,9.919,0.086,-1,5602624,5245002
PRMH,2021-01-13,0.904,0.904,0.822,0.867,8.881,0.073,-1,1772496,1536875.25
PRMH,2021-01-12,0.829,0.829,0.812,0.822,-0.243,-0.002,-1,590970,485669.844
PRMH,2021-01-11,0.83,0.83,0.815,0.822,0,0,-1,269813,221829.547
PRMH,2021-01-10,0.834,0.834,0.811,0.821,-0.491,-0.004,-1,367975,302201.938
PRMH,2021-01-06,0.824,0.824,0.81,0.815,-0.366,-0.003,-1,487640,397552.094
PRMH,2021-01-05,0.82,0.82,0.806,0.819,-0.857,-0.007,-1,387835,317720.313
PRMH,2021-01-04,0.83,0.83,0.805,0.817,1.111,0.009,-1,843183,688968.188
PRMH,2021-01-03,0.839,0.839,0.8,0.81,0,0,-1,502401,407048.656
PRMH,2020-12-31,0.82,0.82,0.806,0.81,-1.22,-0.01,-1,669265,541891.375
PRMH,2020-12-30,0.845,0.845,0.806,0.818,-1.34,-0.011,-1,885256,724289.375
PRMH,2020-12-29,0.84,0.84,0.815,0.821,1.695,0.014,-1,638958,524676.188
PRMH,2020-12-28,0.86,0.86,0.8,0.826,2.289,0.019,-1,566866,468496.031
PRMH,2020-12-27,0.849,0.849,0.779,0.83,0.244,0.002,-1,245270,203484.797
PRMH,2020-12-24,0.839,0.839,0.8,0.818,3.145,0.025,-1,238517,195140.984
PRMH,2020-12-23,0.82,0.82,0.781,0.795,6.218,0.048,-1,280276,222849.594
PRMH,2020-12-22,0.78,0.78,0.701,0.772,0,0,-1,288570,222888.516
PRMH,2020-12-21,0.83,0.83,0.767,0.774,-9.39,-0.08,-1,706120,546384.688
PRMH,2020-12-20,0.881,0.881,0.841,0.852,3.286,0.028,-1,224264,191167.578
PRMH,2020-12-17,0.869,0.869,0.822,0.852,1.404,0.012,-1,182880,155860.953
PRMH,2020-12-16,0.909,0.909,0.812,0.855,-2.793,-0.025,-1,140470,120117.367
PRMH,2020-12-15,0.92,0.92,0.842,0.895,-2.447,-0.022,-1,279570,250124.125
PRMH,2020-12-14,0.91,0.91,0.883,0.899,-1.561,-0.014,-1,713317,641314.938
PRMH,2020-12-13,0.91,0.91,0.875,0.897,1.466,0.013,-1,248711,222982.438
PRMH,2020-12-10,0.905,0.905,0.863,0.887,-2.536,-0.023,-1,387004,343225.813
PRMH,2020-12-09,0.917,0.917,0.883,0.907,0.442,0.004,-1,1413886,1282922.375
PRMH,2020-12-08,0.92,0.92,0.9,0.906,0.551,0.005,-1,906542,821595.625
PRMH,2020-12-07,0.936,0.936,0.9,0.907,0,0,-1,893611,810143.188
PRMH,2020-12-06,0.93,0.93,0.901,0.916,-0.11,-0.001,-1,1010557,925609
PRMH,2020-12-03,0.93,0.93,0.904,0.913,1.65,0.015,-1,408800,373129.188
PRMH,2020-12-02,0.949,0.949,0.903,0.909,-2.061,-0.019,-1,368921,335449.844
PRMH,2020-12-01,0.949,0.949,0.904,0.922,3.974,0.036,-1,1458388,1344488.75
PRMH,2020-11-30,0.925,0.925,0.901,0.906,-1.418,-0.013,-1,573521,519688.156
PRMH,2020-11-29,0.932,0.932,0.91,0.917,-0.976,-0.009,-1,625973,573907.375
PRMH,2020-11-26,0.933,0.933,0.903,0.922,-2.128,-0.02,-1,456087,420685.656
PRMH,2020-11-25,0.955,0.955,0.93,0.94,-2.185,-0.021,-1,1498314,1409050.625
PRMH,2020-11-24,0.985,0.985,0.951,0.961,-0.521,-0.005,-1,968054,930462.813
PRMH,2020-11-23,0.98,0.98,0.94,0.959,2.213,0.021,-1,1786238,1713373.875
PRMH,2020-11-22,0.968,0.968,0.94,0.949,-1.977,-0.019,-1,623150,591488.375
PRMH,2020-11-19,0.984,0.984,0.94,0.961,-1.877,-0.018,-1,1040944,1000735.188
PRMH,2020-11-18,0.998,0.998,0.941,0.959,1.236,0.012,-1,2182436,2094039.5
PRMH,2020-11-17,1,1,0.95,0.971,1.277,0.012,-1,2323438,2257059.25
PRMH,2020-11-16,0.966,0.966,0.922,0.94,0.209,0.002,-1,950300,893446.75
PRMH,2020-11-15,1.018,1.018,0.94,0.957,-4.352,-0.043,-1,1730591,1655995.75
PRMH,2020-11-12,1.045,1.045,0.965,0.988,-1.773,-0.018,-1,3087227,3049515.75
PRMH,2020-11-11,1.05,1.05,0.965,1.015,2.204,0.022,-1,2945334,2988771.5
PRMH,2020-11-10,1.019,1.019,0.98,0.998,-1.308,-0.013,-1,1347518,1345291.625
PRMH,2020-11-09,1.024,1.024,0.96,0.994,1.423,0.014,-1,1365245,1356442.875
PRMH,2020-11-08,1.02,1.02,0.96,0.984,0.518,0.005,-1,1584892,1559915.625
PRMH,2020-11-05,0.999,0.999,0.94,0.965,2.088,0.02,-1,2302564,2221311.25
PRMH,2020-11-04,0.98,0.98,0.869,0.958,9.989,0.089,-1,2493029,2389486
PRMH,2020-11-03,0.915,0.915,0.862,0.891,-1.443,-0.013,-1,895926,797965.25
PRMH,2020-11-02,0.95,0.95,0.841,0.901,-3.888,-0.036,-1,979176,881796.813
PRMH,2020-11-01,0.976,0.976,0.903,0.926,-7.238,-0.071,-1,1245053,1153160.375
PRMH,2020-10-28,1.036,1.036,0.95,0.981,-0.2,-0.002,-1,1149732,1127451.25
PRMH,2020-10-27,1.027,1.027,0.931,1,5.708,0.054,-1,2604409,2605485.75
PRMH,2020-10-26,0.978,0.978,0.901,0.946,6.127,0.056,-1,2497675,2364047.75
PRMH,2020-10-25,0.94,0.94,0.854,0.914,-3.43,-0.032,-1,1654374,1512358
PRMH,2020-10-22,1,1,0.905,0.933,-8.458,-0.085,-1,3563627,3323941.5
PRMH,2020-10-21,1.064,1.064,0.941,1.005,-7.692,-0.08,-1,2472303,2484634.25
PRMH,2020-10-20,1.067,1.067,0.991,1.04,-2.825,-0.03,-1,3928444,4084990.25
PRMH,2020-10-19,1.1,1.1,1.01,1.062,-4.186,-0.045,-1,3195567,3394056.75
PRMH,2020-10-18,1.118,1.118,1.03,1.075,3.565,0.037,-1,4527170,4864671
PRMH,2020-10-15,1.068,1.068,0.98,1.038,4.752,0.048,-1,4196402,4355018.5
PRMH,2020-10-14,1.05,1.05,0.97,1.01,-4.848,-0.051,-1,8730696,8815796
PRMH,2020-10-13,1.11,1.11,1.01,1.052,-2.052,-0.022,-1,7946098,8360817
PRMH,2020-10-12,1.15,1.15,1.048,1.072,-9.966,-0.116,-1,2992673,3207221
PRMH,2020-10-11,1.21,1.21,1.12,1.164,-5.969,-0.073,-1,1320957,1537214.375
PRMH,2020-10-07,1.29,1.29,1.161,1.223,4.24,0.05,-1,2605869,3186911.25
PRMH,2020-10-06,1.196,1.196,1.1,1.178,8.27,0.09,-1,4956232,5837834
PRMH,2020-10-05,1.125,1.125,0.991,1.088,6.84,0.07,-1,10490020,11409844
PRMH,2020-10-04,1.028,1.028,0.989,1.023,9.63,0.09,-1,6976150,7136461.5
PRMH,2020-10-01,0.935,0.935,0.935,0.935,10,0.085,-1,143284,133970.547
PRMH,2020-09-30,0.874,0.874,0.766,0.85,9.937,0.079,-1,10339348,8792245
PRMH,2020-09-29,0.835,0.835,0.78,0.795,1.285,0.01,-1,1398216,1111664.75
PRMH,2020-09-28,0.817,0.817,0.756,0.778,4.636,0.035,-1,3011440,2342617
PRMH,2020-09-27,0.786,0.786,0.72,0.755,2.459,0.018,-1,4122845,3113987
PRMH,2020-09-24,0.75,0.75,0.7,0.732,-0.531,-0.004,-1,801824,586545.313
PRMH,2020-09-23,0.785,0.785,0.729,0.753,-1.055,-0.008,-1,1392354,1047877.313
PRMH,2020-09-22,0.78,0.78,0.72,0.758,-2.471,-0.019,-1,1200907,910075.813
PRMH,2020-09-21,0.8,0.8,0.73,0.769,-4.563,-0.035,-1,988557,760036.125
PRMH,2020-09-20,0.79,0.79,0.75,0.767,3.539,0.027,-1,1302683,999090.375
PRMH,2020-09-17,0.789,0.789,0.755,0.763,-3.205,-0.025,-1,747900,570528.125
PRMH,2020-09-16,0.8,0.8,0.764,0.78,-1.028,-0.008,-1,1067395,832957.5
PRMH,2020-09-15,0.795,0.795,0.75,0.778,-0.259,-0.002,-1,382700,297771.156
PRMH,2020-09-14,0.796,0.796,0.761,0.772,-0.129,-0.001,-1,806320,622247.625
PRMH,2020-09-13,0.81,0.81,0.76,0.774,-3.49,-0.028,-1,1062903,822782.563
PRMH,2020-09-10,0.83,0.83,0.785,0.802,4.331,0.034,-1,1297675,1040620.938
PRMH,2020-09-09,0.828,0.828,0.734,0.785,4.25,0.032,-1,1386255,1088029.25
PRMH,2020-09-08,0.79,0.79,0.711,0.753,-3.627,-0.028,-1,1483054,1117383.125
PRMH,2020-09-07,0.801,0.801,0.76,0.772,1.542,0.012,-1,808518,624267.938
PRMH,2020-09-06,0.799,0.799,0.76,0.778,1.658,0.013,-1,121771,94681.461
PRMH,2020-09-03,0.816,0.816,0.752,0.784,-2.743,-0.022,-1,1699112,1331841.75
PRMH,2020-09-02,0.825,0.825,0.78,0.802,-1.356,-0.011,-1,723519,580265.063
PRMH,2020-09-01,0.838,0.838,0.793,0.811,-4.875,-0.041,-1,1139856,924417.563
PRMH,2020-08-31,0.887,0.887,0.821,0.841,-3.07,-0.026,-1,2065784,1737477.375
PRMH,2020-08-30,0.89,0.89,0.83,0.847,0.119,0.001,-1,1955392,1656460.25
PRMH,2020-08-27,0.85,0.85,0.82,0.839,-0.71,-0.006,-1,924700,775962.188
PRMH,2020-08-26,0.887,0.887,0.831,0.845,1.56,0.013,-1,1623280,1372022.125
PRMH,2020-08-25,0.9,0.9,0.76,0.832,-1.3,-0.011,-1,2289158,1904600.75
PRMH,2020-08-24,0.86,0.86,0.83,0.843,-0.713,-0.006,-1,1622577,1367540.125
PRMH,2020-08-23,0.841,0.841,0.821,0.841,9.93,0.076,-1,2919330,2454902.75
PRMH,2020-08-19,0.792,0.792,0.748,0.765,10,0.072,-1,1995577,1527306
PRMH,2020-08-18,0.749,0.749,0.71,0.72,0,0,-1,8946226,6440133.5
PRMH,2020-08-17,0.749,0.749,0.691,0.72,-4.952,-0.036,-1,831356,598513
PRMH,2020-08-16,0.78,0.78,0.676,0.727,-0.133,-0.001,-1,1161953,844754.5
PRMH,2020-08-13,0.735,0.735,0.714,0.751,0,0,-1,6000,4368
PRMH,2020-08-11,0.776,0.776,0.73,0.751,1.76,0.013,-1,418437,314277.656
PRMH,2020-08-10,0.74,0.74,0.7,0.738,1.51,0.011,-1,225778,166721.641
PRMH,2020-08-09,0.73,0.73,0.7,0.727,1.955,0.014,-1,812366,590975.5
PRMH,2020-08-06,0.728,0.728,0.681,0.716,2.418,0.017,-1,163513,116998.82
PRMH,2020-08-05,0.71,0.71,0.666,0.703,3.817,0.025,-1,134963,94844.844
PRMH,2020-08-04,0.69,0.69,0.64,0.655,-7.143,-0.05,-1,119550,78280.5
PRMH,2020-07-28,0.701,0.701,0.7,0.7,2.941,0.02,-1,150000,105025
PRMH,2020-07-27,0.681,0.681,0.68,0.68,-3.546,-0.025,-1,48800,33198
PRMH,2020-07-26,0.717,0.717,0.68,0.705,9.816,0.064,-1,139450,98364
PRMH,2020-07-22,0.69,0.69,0.635,0.652,-2.607,-0.017,-1,11750,7853
PRMH,2020-07-21,0.665,0.665,0.6,0.652,9.917,0.06,-1,400579,261159.359
PRMH,2020-07-20,0.659,0.659,0.59,0.605,0,0,-1,257055,155480.922
PRMH,2020-07-19,0.622,0.622,0.6,0.605,-0.826,-0.005,-1,47584,29381.24
PRMH,2020-07-16,0.67,0.67,0.588,0.605,2.603,0.017,-1,289061,174998.516
PRMH,2020-07-15,0.692,0.692,0.636,0.653,-9.915,-0.07,-1,157842,103076.242
PRMH,2020-07-14,0.749,0.749,0.7,0.706,-6.085,-0.046,-1,71100,50221.398
PRMH,2020-07-13,0.759,0.759,0.705,0.756,9.57,0.066,-1,305467,231071.969
PRMH,2020-07-12,0.711,0.711,0.682,0.69,-7.63,-0.057,-1,50550,34880.4
PRMH,2020-07-09,0.8,0.8,0.735,0.747,-8.46,-0.069,-1,457567,341776.594
PRMH,2020-07-08,0.821,0.821,0.78,0.816,9.24,0.069,-1,1936657,1579670.875
PRMH,2020-07-07,0.757,0.757,0.723,0.747,9.869,0.068,-1,691683,516462.344
PRMH,2020-07-06,0.7,0.7,0.642,0.689,4.71,0.031,-1,139000,95820
PRMH,2020-07-05,0.663,0.663,0.645,0.658,4.44,0.028,-1,103000,67776.453
PRMH,2020-06-30,0.64,0.64,0.63,0.63,-7.49,-0.051,-1,257000,162037.047
PRMH,2020-06-29,0.66,0.66,0.63,0.681,0,0,-1,34746,22504.981
PRMH,2020-06-25,0.719,0.719,0.63,0.681,0,0,-1,23470,15309.34
PRMH,2020-06-24,0.71,0.71,0.657,0.681,-6.58,-0.048,-1,130686,89024.758
PRMH,2020-06-22,0.72,0.72,0.657,0.729,-1.235,-0.009,-1,24000,16450
PRMH,2020-06-18,0.67,0.67,0.67,0.729,0,0,-1,9661,6472.87
PRMH,2020-06-17,0.66,0.66,0.66,0.729,0,0,-1,10000,6600
PRMH,2020-06-16,0.74,0.74,0.74,0.729,0,0,-1,5000,3700
PRMH,2020-06-10,0.786,0.786,0.764,0.729,7.819,0.057,-1,25000,19155.766
PRMH,2020-06-04,0.72,0.72,0.72,0.729,-1.235,-0.009,-1,15000,10800
PRMH,2020-06-03,0.77,0.77,0.699,0.729,1.96,0.014,-1,176300,128485.367
PRMH,2020-06-02,0.78,0.78,0.674,0.715,-3.9,-0.029,-1,48896,34968.352
PRMH,2020-06-01,0.73,0.73,0.69,0.744,0,0,-1,2500,1765
PRMH,2020-05-31,0.787,0.787,0.729,0.744,3.91,0.028,-1,157414,117164.656
PRMH,2020-05-11,0.645,0.645,0.645,0.716,0,0,-1,2000,1290
PRMH,2020-05-07,0.7,0.7,0.7,0.716,0,0,-1,1500,1050
PRMH,2020-05-04,0.7,0.7,0.65,0.716,0,0,-1,13100,9079
PRMH,2020-04-30,0.787,0.787,0.69,0.716,0,0,-1,11825,9173.85
PRMH,2020-04-27,0.73,0.73,0.7,0.716,-1.39,-0.01,-1,107389,76863.969
PRMH,2020-04-26,0.767,0.767,0.695,0.722,2.86,0.02,-1,78798,56872.992
PRMH,2020-04-23,0.7,0.7,0.689,0.7,0,0,-1,20500,14261.87
PRMH,2020-04-12,0.72,0.72,0.72,0.7,0,0,-1,100,72
PRMH,2020-04-05,0.68,0.68,0.63,0.7,-10,-0.07,-1,14263,9235.69
PRMH,2020-04-02,0.63,0.63,0.63,0.7,-10,-0.07,-1,24280,15296.4
PRMH,2020-04-01,0.63,0.63,0.63,0.7,0,0,-1,2062,1299.06
PRMH,2020-03-15,0.63,0.63,0.63,0.7,0,0,-1,10000,6300
PRMH,2020-03-11,0.748,0.748,0.63,0.7,0,0,-1,6120,3919.2
PRMH,2020-03-10,0.76,0.76,0.74,0.7,5.71,0.04,-1,6210,4595.6
PRMH,2020-03-09,0.77,0.77,0.65,0.7,0,0,-1,18921,14392.73
PRMH,2020-03-08,0.67,0.67,0.67,0.7,0,0,-1,1200,799.2
PRMH,2020-03-04,0.67,0.67,0.63,0.7,0,0,-1,3845,2467.35
PRMH,2020-02-20,0.63,0.63,0.63,0.7,0,0,-1,1810,1140.3
PRMH,2020-02-18,0.63,0.63,0.63,0.7,0,0,-1,4600,2898
PRMH,2020-02-12,0.63,0.63,0.63,0.7,0,0,-1,6850,4319.5
PRMH,2020-02-11,0.63,0.63,0.63,0.7,0,0,-1,1000,630
PRMH,2020-01-29,0.72,0.72,0.72,0.7,0,0,-1,500,360
PRMH,2020-01-23,0.74,0.74,0.74,0.7,0,0,-1,5100,3773.8
PRMH,2020-01-16,0.66,0.66,0.66,0.7,0,0,-1,150,99
PRMH,2020-01-12,0.76,0.76,0.72,0.7,0,0,-1,25000,18598
PRMH,2020-01-02,0.73,0.73,0.73,0.7,0,0,-1,125,91.25
PRMH,2019-12-26,0.73,0.73,0.73,0.7,0,0,-1,55,40.15
PRMH,2019-12-24,0.73,0.73,0.73,0.7,0,0,-1,50,36.5
PRMH,2019-12-23,0.72,0.72,0.66,0.7,0,0,-1,3410,2273.1
PRMH,2019-12-17,0.65,0.65,0.65,0.7,0,0,-1,50,32.5
PRMH,2019-12-16,0.66,0.66,0.66,0.7,0,0,-1,400,264
PRMH,2019-12-11,0.74,0.74,0.7,0.7,0,0,-1,375,273.45
PRMH,2019-12-08,0.75,0.75,0.72,0.7,0,0,-1,9400,6814
PRMH,2019-11-25,0.63,0.63,0.63,0.7,0,0,-1,18190,11459.7
PRMH,2019-11-14,0.68,0.68,0.63,0.7,0,0,-1,20000,13195.01
PRMH,2019-11-03,0.68,0.68,0.68,0.7,0,0,-1,380,256.88
PRMH,2019-10-21,0.72,0.72,0.68,0.7,0,0,-1,5115,3677.74
PRMH,2019-10-20,0.72,0.72,0.68,0.7,-3.31,-0.02,-1,85800,60063.73
PRMH,2019-10-17,0.67,0.67,0.66,0.72,0,0,-1,28045,18731.2
PRMH,2019-10-15,0.68,0.68,0.67,0.72,0,0,-1,25200,17096.75
PRMH,2019-10-14,0.68,0.68,0.68,0.72,0,0,-1,3725,2533
PRMH,2019-10-13,0.75,0.75,0.68,0.72,-3.47,-0.03,-1,76225,55113
PRMH,2019-10-07,0.75,0.75,0.68,0.75,0,0,-1,3185625,2388501.75
PRMH,2019-10-02,0.68,0.68,0.68,0.75,0,0,-1,1810,1230.8
PRMH,2019-10-01,0.68,0.68,0.68,0.75,0,0,-1,480,326.4
PRMH,2019-09-30,0.68,0.68,0.68,0.75,0,0,-1,4960,3372.8
PRMH,2019-09-29,0.78,0.78,0.75,0.75,0,0,-1,1505,1167.9
PRMH,2019-09-25,0.71,0.71,0.71,0.75,0,0,-1,13000,9282
PRMH,2019-09-15,0.69,0.69,0.68,0.75,0,0,-1,7640,5240.2
PRMH,2019-09-12,0.69,0.69,0.68,0.75,0,0,-1,7175,4879.05
PRMH,2019-09-05,0.76,0.76,0.76,0.75,0,0,-1,9455,7223.62
PRMH,2019-08-26,0.68,0.68,0.68,0.75,0,0,-1,2095,1424.6
PRMH,2019-08-25,0.68,0.68,0.68,0.75,0,0,-1,25000,17000
PRMH,2019-08-21,0.71,0.71,0.71,0.75,0,0,-1,12500,8900
PRMH,2019-08-20,0.71,0.71,0.7,0.75,0,0,-1,5200,3665.47
PRMH,2019-08-19,0.75,0.75,0.73,0.75,0,0,-1,1571235,1178351.5
PRMH,2019-08-18,0.73,0.73,0.69,0.75,0,0,-1,8215,5776.35
PRMH,2019-07-30,0.75,0.75,0.75,0.75,-9.42,-0.08,-1,40000,30000
PRMH,2019-07-11,0.75,0.75,0.75,0.83,0,0,-1,6950,5212.5
PRMH,2019-07-10,0.75,0.75,0.75,0.83,0,0,-1,10000,7500
PRMH,2019-07-08,0.75,0.75,0.75,0.83,0,0,-1,925,693.75
PRMH,2019-07-04,0.75,0.75,0.75,0.83,0,0,-1,2670,2002.5
PRMH,2019-07-03,0.76,0.76,0.75,0.83,0,0,-1,10000,7526.7
PRMH,2019-06-26,0.88,0.88,0.8,0.83,3.5,0.03,-1,82500,68324.95
PRMH,2019-06-25,0.8,0.8,0.8,0.8,0,0,-1,29480,23475.04
PRMH,2019-06-24,0.72,0.72,0.7,0.8,0,0,-1,20570,14400
PRMH,2019-06-23,0.72,0.72,0.72,0.8,0,0,-1,25000,18000
PRMH,2019-06-17,0.72,0.72,0.72,0.8,-10,0,-1,25000,17962
PRMH,2019-04-16,0.72,0.72,0.72,0.8,-10,0,-1,10800,7776
PRMH,2019-04-15,0.67,0.67,0.67,0.8,0,0,-1,295,196.47
PRMH,2019-04-14,0.72,0.72,0.72,0.8,-10,0,-1,16020,11539.4
PRMH,2019-04-04,0.8,0.8,0.8,0.8,0,0,-1,1250,1000
PRMH,2019-04-02,0.8,0.8,0.8,0.8,0,0,-1,380535,304428
PRMH,2019-04-01,0.8,0.8,0.8,0.8,0,0,-1,94465,75572
PRMH,2019-03-28,0.8,0.8,0.8,0.8,-8.05,-0.07,-1,126250,101000
PRMH,2019-03-17,0.78,0.78,0.78,0.87,-9.89,0,-1,25000,19600
PRMH,2019-03-14,0.78,0.78,0.78,0.87,0,0,-1,25005,19603.92
PRMH,2019-03-13,0.79,0.79,0.79,0.87,0,0,-1,300,238.2
PRMH,2019-03-05,0.87,0.87,0.85,0.87,0,0,-1,2643680,2299976
PRMH,2019-02-26,0.78,0.78,0.78,0.87,0,0,-1,2505,1963.92
PRMH,2019-02-25,0.78,0.78,0.78,0.87,0,0,-1,2500,1960
PRMH,2019-02-18,0.87,0.87,0.85,0.87,0,0,-1,249505,216840.34
PRMH,2019-02-12,0.87,0.87,0.87,0.87,6.36,0.05,-1,5005000,4354350
PRMH,2019-02-11,0.83,0.83,0.77,0.82,8.2,0.06,-1,62720,51294.4
PRMH,2019-02-07,0.78,0.78,0.78,0.76,0,0,-1,505,393.9
PRMH,2019-02-06,0.82,0.82,0.77,0.76,0,0,-1,20015,15412.09
PRMH,2019-02-05,0.77,0.77,0.77,0.76,0,0,-1,25175,19384.75
PRMH,2019-02-04,0.77,0.77,0.77,0.76,0,0,-1,10000,7700
PRMH,2019-01-29,0.77,0.77,0.77,0.76,0,0,-1,28800,22176
PRMH,2019-01-14,0.76,0.76,0.76,0.76,0,0,-1,27500,20900
PRMH,2019-01-10,0.76,0.76,0.76,0.76,0,0,-1,33200,25232
PRMH,2019-01-09,0.76,0.76,0.76,0.76,0,0,-1,31150,23674
PRMH,2019-01-06,0.76,0.76,0.76,0.76,0,0,-1,15000,11400
PRMH,2019-01-03,0.77,0.77,0.72,0.76,8,0.06,-1,85265,64383.4
PRMH,2018-12-31,0.72,0.72,0.72,0.7,0,0,-1,8505,6123.6
PRMH,2018-12-25,0.7,0.7,0.7,0.7,0,0,-1,15005,10503.5
PRMH,2018-12-24,0.7,0.7,0.7,0.7,0,0,-1,5000,3500
PRMH,2018-12-23,0.74,0.74,0.7,0.7,0,0,-1,19260,13482.2
PRMH,2018-12-20,0.7,0.7,0.68,0.7,2.94,0.02,-1,50345,35224.91
PRMH,2018-12-19,0.68,0.68,0.68,0.68,0,0,-1,505,343.4
PRMH,2018-12-18,0.68,0.68,0.68,0.68,5.92,0.04,-1,125425,85289
PRMH,2018-12-17,0.68,0.68,0.68,0.64,0,0,-1,31265,21260.2
PRMH,2018-12-16,0.64,0.64,0.64,0.64,0,0,-1,6505,4163.2
PRMH,2018-12-12,0.7,0.7,0.65,0.64,0,0,-1,8000,5407.49
PRMH,2018-12-11,0.65,0.65,0.64,0.64,7,0.04,-1,48175,30900.09
PRMH,2018-12-09,0.6,0.6,0.6,0.6,0,0,-1,17805,10685.5
PRMH,2018-12-06,0.6,0.6,0.6,0.6,1.01,0.01,-1,72250,43350
PRMH,2018-12-03,0.6,0.6,0.6,0.59,0,0,-1,24185,14511
PRMH,2018-12-02,0.64,0.64,0.64,0.59,0,0,-1,6000,3864
PRMH,2018-11-29,0.57,0.57,0.56,0.59,0,0,-1,19570,11070.54
PRMH,2018-11-26,0.57,0.57,0.57,0.59,0,0,-1,845,478.27
PRMH,2018-11-25,0.6,0.6,0.57,0.59,-3.26,-0.02,-1,62375,37051.25
PRMH,2018-11-22,0.57,0.57,0.57,0.61,0,0,-1,8500,4814
PRMH,2018-11-13,0.57,0.57,0.57,0.61,0,0,-1,19925,11361.85
PRMH,2018-11-11,0.6,0.6,0.58,0.61,0,0,-1,26035,15595.5
PRMH,2018-11-05,0.59,0.59,0.56,0.61,0,0,-1,44730,25679.36
PRMH,2018-11-04,0.62,0.62,0.55,0.61,0,0,-1,31575,17765
PRMH,2018-11-01,0.58,0.58,0.58,0.61,0,0,-1,3205,1858.9
PRMH,2018-10-31,0.58,0.58,0.55,0.61,0,0,-1,23150,12998.9
PRMH,2018-10-30,0.61,0.61,0.61,0.61,0,0,-1,2000,1228
PRMH,2018-10-21,0.62,0.62,0.59,0.61,-6.97,-0.05,-1,68810,42228.33
PRMH,2018-10-09,0.6,0.6,0.6,0.66,0,0,-1,5000,3020
PRMH,2018-10-03,0.67,0.67,0.64,0.66,-1.49,-0.01,-1,50000,33023
PRMH,2018-10-02,0.61,0.61,0.6,0.67,0,0,-1,35600,21688.4
PRMH,2018-10-01,0.61,0.61,0.61,0.67,0,0,-1,14950,9059.7
PRMH,2018-09-30,0.67,0.67,0.6,0.67,0,0,-1,6500,4019
PRMH,2018-09-26,0.61,0.61,0.61,0.67,0,0,-1,38415,23363.49
PRMH,2018-09-19,0.61,0.61,0.61,0.67,0,0,-1,200,122
PRMH,2018-09-16,0.68,0.68,0.6,0.67,0,0,-1,16585,10150.01
PRMH,2018-09-12,0.67,0.67,0.67,0.67,0,0,-1,2150,1440.5
PRMH,2018-09-06,0.67,0.67,0.67,0.67,0,0,-1,16040,10746.8
PRMH,2018-09-05,0.68,0.68,0.66,0.67,-4.29,-0.03,-1,137500,92045
PRMH,2018-09-04,0.67,0.67,0.67,0.7,-4,0,-1,990,665.28
PRMH,2018-09-03,0.66,0.66,0.66,0.7,0,0,-1,1040,687.82
PRMH,2018-08-27,0.68,0.68,0.66,0.7,0,0,-1,29680,19944.51
PRMH,2018-08-26,0.68,0.68,0.68,0.7,0,0,-1,7500,5070
PRMH,2018-08-19,0.68,0.68,0.67,0.7,0,0,-1,17500,11800
PRMH,2018-08-16,0.72,0.72,0.66,0.7,-4.11,-0.03,-1,80000,55943
PRMH,2018-08-15,0.67,0.67,0.66,0.73,0,0,-1,34250,22725
PRMH,2018-08-14,0.7,0.7,0.66,0.73,0,0,-1,24745,16337.2
PRMH,2018-08-13,0.72,0.72,0.72,0.73,0,0,-1,36225,26082
PRMH,2018-08-12,0.74,0.74,0.71,0.73,1.96,0.01,-1,77500,56636.2
PRMH,2018-08-08,0.74,0.74,0.71,0.72,0,0,-1,24000,17418
PRMH,2018-08-07,0.75,0.75,0.71,0.72,-9.6,-0.07,-1,90400,64791.27
PRMH,2018-08-06,0.72,0.72,0.72,0.79,0,0,-1,5000,3600
PRMH,2018-08-05,0.74,0.74,0.72,0.79,0,0,-1,14000,10090.75
PRMH,2018-08-02,0.71,0.71,0.71,0.79,0,0,-1,9000,6426
PRMH,2018-08-01,0.71,0.71,0.71,0.79,0,0,-1,27405,19567.17
PRMH,2018-07-31,0.72,0.72,0.72,0.79,0,0,-1,5000,3600
PRMH,2018-07-30,0.72,0.72,0.71,0.79,0,0,-1,5000,3601.44
PRMH,2018-07-29,0.72,0.72,0.72,0.79,0,0,-1,2500,1790
PRMH,2018-07-26,0.72,0.72,0.72,0.79,0,0,-1,2500,1797.56
PRMH,2018-07-24,0.72,0.72,0.72,0.79,0,0,-1,105,76.02
PRMH,2018-07-19,0.73,0.73,0.72,0.79,0,0,-1,7015,5100.8
PRMH,2018-07-16,0.8,0.8,0.8,0.79,0,0,-1,34000,27172.19
PRMH,2018-07-08,0.74,0.74,0.72,0.79,0,0,-1,25110,18392.12
PRMH,2018-07-04,0.76,0.76,0.76,0.79,0,0,-1,10835,8234.6
PRMH,2018-07-02,0.75,0.75,0.74,0.79,0,0,-1,5000,3724
PRMH,2018-06-28,0.81,0.81,0.81,0.79,0,0,-1,24095,19613.33
PRMH,2018-06-26,0.78,0.78,0.74,0.79,0,0,-1,10000,7705
PRMH,2018-06-25,0.82,0.82,0.78,0.79,4.21,0.03,-1,82500,65270
PRMH,2018-06-24,0.8,0.8,0.8,0.76,0,0,-1,22500,17945
PRMH,2018-06-21,0.79,0.79,0.76,0.76,-9.52,-0.08,-1,128850,98004.5
PRMH,2018-06-19,0.8,0.8,0.8,0.84,0,0,-1,5000,4000
PRMH,2018-06-13,0.81,0.81,0.8,0.84,0,0,-1,12900,10449.8
PRMH,2018-06-12,0.84,0.84,0.83,0.84,9.95,0.08,-1,38295,32163.03
PRMH,2018-06-11,0.8,0.8,0.8,0.76,4.71,0,-1,29560,23648
PRMH,2018-06-06,0.82,0.82,0.76,0.76,-9.26,-0.08,-1,65020,49671.36
PRMH,2018-06-05,0.79,0.79,0.79,0.84,0,0,-1,12500,9875
PRMH,2018-06-04,0.84,0.84,0.84,0.84,-6.24,-0.06,-1,47350,39873.8
PRMH,2018-05-29,0.92,0.92,0.84,0.9,3.46,0.03,-1,111000,99689.26
PRMH,2018-05-28,0.85,0.85,0.85,0.87,-2.07,0,-1,1250,1062.5
PRMH,2018-05-24,0.91,0.91,0.79,0.87,0,0,-1,20000,17190.64
PRMH,2018-05-23,0.9,0.9,0.84,0.87,-0.91,-0.01,-1,108520,94126.48
PRMH,2018-05-22,0.84,0.84,0.8,0.88,0,0,-1,11250,9047.5
PRMH,2018-05-14,0.79,0.79,0.79,0.88,0,0,-1,25000,19750
PRMH,2018-05-13,0.79,0.79,0.79,0.88,0,0,-1,22500,17775
PRMH,2018-05-10,0.79,0.79,0.79,0.88,0,0,-1,2500,1975
PRMH,2018-05-09,0.8,0.8,0.8,0.88,0,0,-1,12500,10000
PRMH,2018-05-08,0.82,0.82,0.8,0.88,0,0,-1,22500,18070
PRMH,2018-05-06,0.79,0.79,0.79,0.88,0,0,-1,9250,7307.5
PRMH,2018-05-03,0.79,0.79,0.79,0.88,0,0,-1,5000,3950
PRMH,2018-04-30,0.84,0.84,0.84,0.88,-4.57,0,-1,5000,4180
PRMH,2018-04-29,0.81,0.81,0.81,0.88,0,0,-1,600,484.8
PRMH,2018-04-26,0.85,0.85,0.84,0.88,0,0,-1,14600,12350.8
PRMH,2018-04-24,0.8,0.8,0.8,0.88,0,0,-1,5000,3990
PRMH,2018-04-23,0.81,0.81,0.81,0.88,0,0,-1,5000,4050
PRMH,2018-04-22,0.8,0.8,0.79,0.88,0,0,-1,11250,8941.5
PRMH,2018-04-19,0.85,0.85,0.8,0.88,0,0,-1,25500,21006.2
PRMH,2018-04-16,0.8,0.8,0.8,0.88,0,0,-1,11905,9524
PRMH,2018-04-15,0.85,0.85,0.83,0.88,-4.79,0,-1,25005,20983.8
PRMH,2018-04-12,0.89,0.89,0.8,0.88,0,0,-1,14000,11648
PRMH,2018-04-11,0.87,0.87,0.85,0.88,0,0,-1,25055,21696.75
PRMH,2018-04-10,0.88,0.88,0.87,0.88,0,0,-1,10000,8740
PRMH,2018-04-05,0.91,0.91,0.86,0.88,0,0,-1,27085,24488.95
PRMH,2018-04-04,0.91,0.91,0.86,0.88,0,0,-1,10960,9810.64
PRMH,2018-04-03,0.88,0.88,0.82,0.88,3.79,0.04,-1,80000,70072.34
PRMH,2018-04-02,0.86,0.86,0.81,0.84,-5.59,-0.05,-1,36000,30370
PRMH,2018-04-01,0.93,0.93,0.87,0.89,0,0,-1,7600,6912.4
PRMH,2018-03-29,0.94,0.94,0.87,0.89,0,0,-1,40945,36580.61
PRMH,2018-03-28,0.91,0.91,0.84,0.89,7.97,0.06,-1,118500,105935.26
PRMH,2018-03-27,0.84,0.84,0.82,0.83,-8,-0.07,-1,37945,31413.8
PRMH,2018-03-26,0.83,0.83,0.83,0.9,0,0,-1,15000,12440
PRMH,2018-03-25,0.82,0.82,0.82,0.9,0,0,-1,10000,8200
PRMH,2018-03-21,0.9,0.9,0.9,0.9,-1.53,-0.01,-1,154040,138641
PRMH,2018-03-20,0.95,0.95,0.9,0.91,0,0,-1,5205,4684.74
PRMH,2018-03-14,0.91,0.91,0.91,0.91,0,0,-1,3595,3271.45
PRMH,2018-03-13,0.91,0.91,0.91,0.91,0,0,-1,7580,6897.8
PRMH,2018-03-12,0.92,0.92,0.92,0.91,0.66,0,-1,4375,4025
PRMH,2018-03-11,0.95,0.95,0.91,0.91,0,0,-1,29505,26849.74
PRMH,2018-03-08,0.92,0.92,0.91,0.91,0.88,0,-1,262000,239280.91
PRMH,2018-03-07,0.92,0.92,0.9,0.91,3.17,0.03,-1,35700,32551
PRMH,2018-03-06,0.9,0.9,0.9,0.88,0,0,-1,12760,11484
PRMH,2018-03-05,0.9,0.9,0.9,0.88,0,0,-1,31390,28261
PRMH,2018-03-04,0.92,0.92,0.88,0.88,0,0,-1,13525,12243
PRMH,2018-03-01,0.92,0.92,0.92,0.88,4.07,0,-1,2500,2300
PRMH,2018-02-27,0.9,0.9,0.88,0.88,1.15,0.01,-1,63600,56215.5
PRMH,2018-02-26,0.87,0.87,0.87,0.87,-3.33,-0.03,-1,43615,37945.05
PRMH,2018-02-25,0.87,0.87,0.87,0.9,-3.33,0,-1,10400,9048
PRMH,2018-02-22,0.81,0.81,0.81,0.9,0,0,-1,10400,8465.6
PRMH,2018-02-21,0.9,0.9,0.9,0.9,3.21,0.03,-1,44495,40029.49
PRMH,2018-02-20,0.87,0.87,0.87,0.87,0,0,-1,6000,5220
PRMH,2018-02-19,0.87,0.87,0.87,0.87,-0.23,0,-1,24285,21127.95
PRMH,2018-02-18,0.86,0.86,0.84,0.87,0,0,-1,25000,21110
PRMH,2018-02-15,0.87,0.87,0.87,0.87,-0.23,0,-1,1825,1587.75
PRMH,2018-02-14,0.87,0.87,0.87,0.87,3.56,0.03,-1,39745,34626.03
PRMH,2018-02-13,0.87,0.87,0.87,0.84,0,0,-1,21500,18709.8
PRMH,2018-02-12,0.87,0.87,0.87,0.84,0,0,-1,15000,13057.2
PRMH,2018-02-11,0.87,0.87,0.86,0.84,0,0,-1,17775,15425.4
PRMH,2018-02-08,0.88,0.88,0.88,0.84,4.28,0,-1,16690,14648.51
PRMH,2018-02-06,0.84,0.84,0.82,0.84,-0.94,-0.01,-1,41000,34481.91
PRMH,2018-02-05,0.84,0.84,0.84,0.85,0,0,-1,2805,2367.42
PRMH,2018-02-04,0.87,0.87,0.84,0.85,-5.76,-0.05,-1,36535,31089.72
PRMH,2018-02-01,0.88,0.88,0.88,0.9,0,0,-1,15000,13200
PRMH,2018-01-30,0.89,0.89,0.85,0.9,0,0,-1,6000,5140
PRMH,2018-01-29,0.89,0.89,0.89,0.9,0,0,-1,8000,7120
PRMH,2018-01-28,0.93,0.93,0.88,0.9,-1.06,-0.04,-1,40200,36298.22
PRMH,2018-01-24,0.94,0.94,0.92,0.94,0,0,-1,14490,13457.7
PRMH,2018-01-21,0.88,0.88,0.88,0.94,-6.38,0,-1,1500,1320
PRMH,2018-01-18,0.93,0.93,0.92,0.94,0,0,-1,26450,24377.18
PRMH,2018-01-16,0.87,0.87,0.87,0.94,0,0,-1,5000,4350
PRMH,2018-01-15,0.88,0.88,0.88,0.94,-6.38,0,-1,1120,985.6
PRMH,2018-01-14,0.9,0.9,0.9,0.94,0,0,-1,15040,13546
PRMH,2018-01-10,0.91,0.91,0.91,0.94,-3.62,0,-1,4375,3963.75
PRMH,2018-01-04,0.94,0.94,0.94,0.94,0,0,-1,55330,52010.2
PRMH,2018-01-03,0.94,0.94,0.94,0.94,0,0,-1,5000,4700
PRMH,2018-01-02,0.94,0.94,0.94,0.94,0.43,0,-1,49670,46689.8
PRMH,2017-12-31,0.94,0.94,0.91,0.94,-2.57,0.01,-1,29670,27749.7
PRMH,2017-12-28,0.94,0.94,0.9,0.93,-0.64,-0.01,-1,35000,32705
PRMH,2017-12-27,0.94,0.94,0.94,0.94,0,0,-1,44875,42182.5
PRMH,2017-12-26,0.94,0.94,0.93,0.94,0,0,-1,17500,16445.5
PRMH,2017-12-25,0.94,0.94,0.9,0.94,2.17,0.02,-1,117200,110079.2
PRMH,2017-12-24,0.89,0.89,0.88,0.92,-3.04,0,-1,1600,1419.2
PRMH,2017-12-21,0.98,0.98,0.91,0.92,-4.37,-0.04,-1,11990,11033.29
PRMH,2017-12-19,0.94,0.94,0.94,0.96,0,0,-1,5600,5286.4
PRMH,2017-12-18,1,1,0.94,0.96,3.44,0.03,-1,287500,276604.06
PRMH,2017-12-17,0.93,0.93,0.93,0.93,0,0,-1,48350,44965.5
PRMH,2017-12-14,0.93,0.93,0.93,0.93,1.09,0.01,-1,69460,64597.8
PRMH,2017-12-13,0.92,0.92,0.92,0.92,0,0,-1,11110,10221.2
PRMH,2017-12-12,0.92,0.92,0.92,0.92,0,0,-1,9550,8786
PRMH,2017-12-11,0.92,0.92,0.92,0.92,0,0,-1,44820,41234.4
PRMH,2017-12-10,0.92,0.92,0.9,0.92,2.22,0.02,-1,30870,28383
PRMH,2017-12-07,0.9,0.9,0.9,0.9,0,0,-1,8255,7429.5
PRMH,2017-12-06,0.9,0.9,0.9,0.9,-0.22,0,-1,25000,22500
PRMH,2017-12-05,0.95,0.95,0.85,0.9,-0.22,0,-1,75150,67835
PRMH,2017-12-04,0.92,0.92,0.9,0.9,1.8,0.01,-1,139015,125713.5
PRMH,2017-12-03,0.9,0.9,0.87,0.89,-0.89,-0.01,-1,45625,40527.7
PRMH,2017-11-29,0.88,0.88,0.87,0.9,0,0,-1,6500,5705
PRMH,2017-11-28,0.93,0.93,0.9,0.9,0,0,-1,9260,8409
PRMH,2017-11-27,0.9,0.9,0.85,0.9,-0.44,0,-1,33385,29916.5
PRMH,2017-11-26,0.9,0.9,0.9,0.9,0.67,0.01,-1,17700,15930
PRMH,2017-11-22,0.94,0.94,0.89,0.89,1.82,0.01,-1,310000,276905.44
PRMH,2017-11-21,0.91,0.91,0.84,0.88,-3.52,-0.03,-1,142950,125420.6
PRMH,2017-11-19,0.9,0.9,0.9,0.91,0,0,-1,2500,2250
PRMH,2017-11-16,0.91,0.91,0.86,0.91,0,0,-1,15023640,13670796
PRMH,2017-11-15,0.91,0.91,0.91,0.91,0,0,-1,4790,4339.74
PRMH,2017-11-14,0.91,0.91,0.9,0.91,-2.15,-0.02,-1,16500,15003
PRMH,2017-11-13,0.94,0.94,0.9,0.93,-1.06,-0.01,-1,159810,148691.41
PRMH,2017-11-12,0.94,0.94,0.94,0.94,-1.05,-0.01,-1,130190,122378.6
PRMH,2017-11-09,0.92,0.92,0.92,0.95,0,0,-1,5460,5023.2
PRMH,2017-11-08,0.95,0.95,0.94,0.95,0.64,0.02,-1,504120,478580.81
PRMH,2017-11-07,0.94,0.94,0.9,0.93,-1.27,-0.02,-1,36135,33742.76
PRMH,2017-11-06,0.96,0.96,0.9,0.95,-1.46,-0.01,-1,391500,370112
PRMH,2017-11-05,0.91,0.91,0.91,0.96,0,0,-1,960,873.6
PRMH,2017-11-02,0.97,0.97,0.94,0.96,1.05,0.01,-1,17500,16790
PRMH,2017-11-01,0.91,0.91,0.88,0.95,0,0,-1,5715,5179.2
PRMH,2017-10-31,0.95,0.95,0.94,0.95,0.21,0,-1,654115,621393.13
PRMH,2017-10-30,0.96,0.96,0.93,0.95,-0.21,0,-1,240700,228187.73
PRMH,2017-10-29,0.95,0.95,0.95,0.95,0.21,0,-1,90260,85747
PRMH,2017-10-26,0.96,0.96,0.93,0.95,0.64,0.01,-1,164300,155867.59
PRMH,2017-10-25,0.95,0.95,0.94,0.94,-4.46,-0.05,-1,14145,13314.55
PRMH,2017-10-24,0.99,0.99,0.93,0.99,8.59,0.08,-1,275325,271196.13
PRMH,2017-10-23,0.91,0.91,0.9,0.91,-7.35,-0.07,-1,15395,13972.08
PRMH,2017-10-19,0.98,0.98,0.98,0.98,1.24,0.01,-1,66250,64912.67
PRMH,2017-10-18,0.99,0.99,0.95,0.97,4.09,0.04,-1,139500,135173.45
PRMH,2017-10-17,0.93,0.93,0.93,0.93,0,0,-1,118900,110602
PRMH,2017-10-16,0.95,0.95,0.91,0.93,-2.11,-0.02,-1,163440,152118.19
PRMH,2017-10-15,0.95,0.95,0.93,0.95,1.93,0.02,-1,56070,53257.16
PRMH,2017-10-12,0.97,0.97,0.91,0.93,-4.12,-0.04,-1,74205,69129.7
PRMH,2017-10-11,0.99,0.99,0.97,0.97,-2.42,-0.02,-1,60740,59032.87
PRMH,2017-10-10,1,1,0.96,0.99,-0.4,0,-1,44560,44110.15
PRMH,2017-10-09,1,1,0.97,0.99,3.56,0.03,-1,529115,523314.34
PRMH,2017-10-08,1,1,0.9,0.96,2.14,0.02,-1,168500,161169.06
PRMH,2017-10-04,0.94,0.94,0.9,0.94,-2.15,0.01,-1,364000,340603
PRMH,2017-10-03,0.94,0.94,0.92,0.93,0.65,0,-1,80625,75108.5
PRMH,2017-10-02,0.96,0.96,0.9,0.93,-4.64,-0.02,-1,2339250,2164459
PRMH,2017-10-01,0.96,0.96,0.89,0.95,2.16,0.02,-1,102995,97605.08
PRMH,2017-09-28,0.94,0.94,0.89,0.93,0.43,-0.01,-1,221055,204977.52
PRMH,2017-09-27,0.96,0.96,0.88,0.94,-0.21,0,-1,239630,224330.95
PRMH,2017-09-26,0.94,0.94,0.91,0.94,1.52,0.02,-1,241000,226142
PRMH,2017-09-25,0.94,0.94,0.91,0.92,2.44,0.02,-1,323065,298598.59
PRMH,2017-09-24,0.91,0.91,0.88,0.9,-2.17,-0.02,-1,185735,167630.52
PRMH,2017-09-20,1,1,0.89,0.92,0.44,0,-1,303500,280022.31
PRMH,2017-09-19,0.92,0.92,0.86,0.92,9.55,0.08,-1,1006820,924903.63
PRMH,2017-09-18,0.85,0.85,0.79,0.84,8.27,0.07,-1,441340,370185.16
PRMH,2017-09-17,0.79,0.79,0.74,0.77,4.03,0.03,-1,931400,719981.88
PRMH,2017-09-14,0.75,0.75,0.74,0.74,0,0,-1,128810,95881.85
PRMH,2017-09-13,0.78,0.78,0.74,0.74,-2.11,-0.02,-1,13805,10264.59
PRMH,2017-09-12,0.76,0.76,0.76,0.76,0.8,0.01,-1,18360,13962.87
PRMH,2017-09-11,0.76,0.76,0.75,0.75,3.01,0.02,-1,38000,28674.2
PRMH,2017-09-10,0.78,0.78,0.75,0.73,0,0,-1,7750,5977.5
PRMH,2017-09-06,0.75,0.75,0.71,0.73,-3.17,-0.03,-1,35170,25766.75
PRMH,2017-09-05,0.74,0.74,0.74,0.76,0,0,-1,2185,1621.27
PRMH,2017-08-29,0.8,0.8,0.76,0.76,0,0,-1,10225,7792.6
PRMH,2017-08-24,0.77,0.77,0.74,0.76,-1.31,-0.01,-1,72130,54484.4
PRMH,2017-08-23,0.77,0.77,0.76,0.77,-4.49,-0.03,-1,15000,11500
PRMH,2017-08-22,0.81,0.81,0.79,0.8,2.56,0.02,-1,20000,16045
PRMH,2017-08-21,0.84,0.84,0.77,0.78,0,0,-1,6850,5461.85
PRMH,2017-08-20,0.78,0.78,0.78,0.78,-2.49,-0.02,-1,13380,10451.5
PRMH,2017-08-17,0.79,0.79,0.79,0.8,0,0,-1,2500,1980
PRMH,2017-08-15,0.84,0.84,0.8,0.8,-5.42,-0.05,-1,36525,29303.22
PRMH,2017-08-13,0.85,0.85,0.81,0.85,0.95,0.01,-1,20800,17639.6
PRMH,2017-08-10,0.85,0.85,0.83,0.84,0.24,0,-1,43545,36538.46
PRMH,2017-08-09,0.85,0.85,0.83,0.84,-3.46,-0.03,-1,262770,220353.3
PRMH,2017-08-08,0.9,0.9,0.86,0.87,-1.36,-0.01,-1,83190,72204.91
PRMH,2017-08-07,0.89,0.89,0.86,0.88,0.69,0.01,-1,80620,70872.14
PRMH,2017-08-03,0.88,0.88,0.86,0.87,-3.1,-0.03,-1,49595,43388.51
PRMH,2017-08-02,0.94,0.94,0.87,0.9,3.92,0.03,-1,37305,33612.13
PRMH,2017-08-01,0.89,0.89,0.87,0.87,0,0,-1,5000,4362
PRMH,2017-07-31,0.88,0.88,0.85,0.87,0,0,-1,209600,181762.92
PRMH,2017-07-30,0.87,0.87,0.86,0.87,-4.62,-0.04,-1,20000,17362.2
PRMH,2017-07-26,0.92,0.92,0.89,0.91,2.25,0.02,-1,72500,65914.1
PRMH,2017-07-25,0.91,0.91,0.89,0.89,1.14,0.01,-1,36250,32265.26
PRMH,2017-07-24,0.89,0.89,0.88,0.88,-0.23,0,-1,216075,190222.72
PRMH,2017-07-20,0.9,0.9,0.88,0.88,0.23,0,-1,95800,84494.8
PRMH,2017-07-19,0.89,0.89,0.86,0.88,-0.68,-0.01,-1,15000,13208.36
PRMH,2017-07-18,0.9,0.9,0.88,0.89,0.23,0.01,-1,143315,126921.83
PRMH,2017-07-17,0.9,0.9,0.87,0.88,-2.21,-0.02,-1,221905,196080.77
PRMH,2017-07-16,0.92,0.92,0.88,0.9,0.22,0,-1,69245,62603.67
PRMH,2017-07-13,0.92,0.92,0.89,0.9,-5.85,-0.06,-1,232500,209943
PRMH,2017-07-11,1,1,0.93,0.96,4.59,0.04,-1,339250,324909.25
PRMH,2017-07-10,0.95,0.95,0.87,0.92,5.77,0.05,-1,49880,45651.4
PRMH,2017-07-09,0.92,0.92,0.85,0.87,-4.01,-0.03,-1,350315,303397.97
PRMH,2017-07-06,0.9,0.9,0.9,0.9,3.94,0.04,-1,25880,23230.19
PRMH,2017-07-05,0.88,0.88,0.85,0.86,-4.69,-0.04,-1,80025,69175.95
PRMH,2017-07-04,0.88,0.88,0.88,0.9,0,0,-1,5000,4400
PRMH,2017-07-03,0.91,0.91,0.88,0.9,-3.08,-0.01,-1,43615,39051.2
PRMH,2017-07-02,0.94,0.94,0.92,0.91,0,0,-1,10605,9907.79
PRMH,2017-06-28,0.93,0.93,0.9,0.91,-3.4,-0.03,-1,40500,36775.4
PRMH,2017-06-22,0.96,0.96,0.92,0.94,-0.86,0.01,-1,70885,66697.67
PRMH,2017-06-21,0.95,0.95,0.91,0.93,-4.12,-0.04,-1,48180,44844.3
PRMH,2017-06-19,0.95,0.95,0.93,0.97,0,0,-1,2505,2384.64
PRMH,2017-06-15,0.94,0.94,0.94,0.97,0,0,-1,200,188.4
PRMH,2017-06-14,0.95,0.95,0.95,0.97,0,0,-1,10000,9470
PRMH,2017-06-13,0.99,0.99,0.96,0.97,-2.02,-0.02,-1,70450,68294.36
PRMH,2017-06-12,1,1,0.96,0.99,-0.21,0.03,-1,1339945,1325316.88
PRMH,2017-06-11,0.97,0.97,0.96,0.96,-2.43,-0.03,-1,29475,28355.05
PRMH,2017-06-08,0.99,0.99,0.99,0.99,0,0,-1,250000,247000
PRMH,2017-06-07,1,1,0.97,0.99,-2.42,0,-1,20000,19750.54
PRMH,2017-06-06,1,1,0.98,0.99,0.82,0.01,-1,719880,712332.13
PRMH,2017-06-05,0.98,0.98,0.97,0.98,0,0,-1,26250,25650
PRMH,2017-06-04,0.98,0.98,0.97,0.98,0.21,0.01,-1,25820,25297.04
PRMH,2017-05-31,0.98,0.98,0.96,0.97,0.41,-0.01,-1,86250,83743
PRMH,2017-05-30,0.98,0.98,0.96,0.98,0,0,-1,332500,324275
PRMH,2017-05-29,0.99,0.99,0.98,0.98,-0.2,-0.01,-1,321100,314956.06
PRMH,2017-05-28,0.99,0.99,0.98,0.99,1.85,0.02,-1,200500,197902.3
PRMH,2017-05-25,0.99,0.99,0.96,0.97,0.41,-0.01,-1,92000,89346.54
PRMH,2017-05-24,1,1,0.97,0.98,0.62,0.01,-1,155915,153384.2
PRMH,2017-05-23,0.97,0.97,0.96,0.97,3.18,0.03,-1,18553975,18071110
PRMH,2017-05-22,0.96,0.96,0.94,0.94,-3.87,-0.04,-1,614855,580309.75
PRMH,2017-05-21,0.99,0.99,0.96,0.98,1.87,0.02,-1,308325,302591.94
PRMH,2017-05-18,0.99,0.99,0.93,0.96,-2.63,-0.03,-1,630320,607529.38
PRMH,2017-05-17,1.01,1.01,0.97,0.99,-2.37,-0.02,-1,29328950,29037454
PRMH,2017-05-16,1.04,1.04,0.99,1.01,1.4,0.01,-1,1115345,1131485.38
PRMH,2017-05-15,1.01,1.01,0.99,1,0,0,-1,10803585,10804863
PRMH,2017-05-14,1.03,1.03,0.97,1,2.25,0.02,-1,628490,628607.44
PRMH,2017-05-11,0.98,0.98,0.96,0.98,1.45,0.02,-1,446410,436336.81
PRMH,2017-05-10,1,1,0.96,0.96,-2.03,-0.02,-1,9353585,9012843
PRMH,2017-05-09,1,1,0.96,0.98,-1.4,-0.02,-1,1525310,1500353.75
PRMH,2017-05-08,1,1,0.95,1,5.27,0.05,-1,7910860,7893944
PRMH,2017-05-07,0.96,0.96,0.92,0.95,2.38,0.02,-1,353085,334811.88
PRMH,2017-05-04,0.95,0.95,0.91,0.93,-2.53,-0.02,-1,139265,128997.2
PRMH,2017-05-03,0.99,0.99,0.91,0.95,0.85,0.01,-1,276685,262825.69
PRMH,2017-05-02,1,1,0.92,0.94,1.07,0.01,-1,260950,245979.31
PRMH,2017-04-30,1,1,0.88,0.93,-3.12,-0.03,-1,475510,442845.13
PRMH,2017-04-27,0.97,0.97,0.93,0.96,7.61,0.07,-1,401690,386459.09
PRMH,2017-04-26,0.92,0.92,0.85,0.89,6.94,0.05,-1,1096925,980336.06
PRMH,2017-04-24,0.85,0.85,0.81,0.84,0.97,0.01,-1,273180,228189.02
PRMH,2017-04-23,0.87,0.87,0.8,0.83,-3.72,-0.03,-1,563580,466950.38
PRMH,2017-04-20,0.87,0.87,0.85,0.86,0.47,0,-1,693750,596560.88
PRMH,2017-04-19,0.87,0.87,0.84,0.86,-2.73,-0.02,-1,2385715,2041535.5
PRMH,2017-04-18,0.91,0.91,0.87,0.88,0.23,0,-1,50230,44212.02
PRMH,2017-04-13,0.89,0.89,0.84,0.88,-1.13,-0.01,-1,103600,90938
PRMH,2017-04-12,0.91,0.91,0.88,0.89,-5.33,-0.05,-1,315775,280547.44
PRMH,2017-04-11,0.96,0.96,0.92,0.94,4.45,0.04,-1,369460,346461.88
PRMH,2017-04-10,0.94,0.94,0.86,0.9,1.13,0.01,-1,951025,854573.13
PRMH,2017-04-09,0.9,0.9,0.87,0.89,5.46,0.05,-1,1927575,1710499.5
PRMH,2017-04-06,0.88,0.88,0.81,0.84,3.19,0.02,-1,1929360,1624888.75
PRMH,2017-04-05,0.84,0.84,0.8,0.82,2.77,0.03,-1,1035025,844593
PRMH,2017-04-04,0.82,0.82,0.78,0.79,0,0,-1,2684860,2134061.5
PRMH,2017-04-03,0.81,0.81,0.78,0.79,0.76,0,-1,1029670,817693.38
PRMH,2017-04-02,0.82,0.82,0.77,0.79,2.87,0.02,-1,1316030,1035959.13
PRMH,2017-03-30,0.78,0.78,0.76,0.77,0,0,-1,2127250,1629196.88
PRMH,2017-03-29,0.78,0.78,0.75,0.77,-1.79,-0.01,-1,1367200,1046773.19
PRMH,2017-03-28,0.79,0.79,0.74,0.78,8.03,0.06,-1,4955930,3862996
PRMH,2017-03-27,0.75,0.75,0.69,0.72,4.03,0.03,-1,5260330,3801970.25
PRMH,2017-03-26,0.7,0.7,0.68,0.69,0.87,0,-1,1381310,957383.63
PRMH,2017-03-23,0.7,0.7,0.66,0.69,3.61,0.03,-1,4360500,2999593
PRMH,2017-03-22,0.67,0.67,0.65,0.66,0.91,0,-1,859530,570670.56
PRMH,2017-03-21,0.67,0.67,0.65,0.66,-0.9,0,-1,790695,520846.69
PRMH,2017-03-20,0.68,0.68,0.65,0.66,0,0,-1,1737055,1153699
PRMH,2017-03-19,0.68,0.68,0.66,0.66,0.61,0,-1,1165545,773409.63
PRMH,2017-03-16,0.67,0.67,0.65,0.66,1.23,0.01,-1,1012380,669106.81
PRMH,2017-03-15,0.67,0.67,0.64,0.65,-0.91,-0.01,-1,569695,371796
PRMH,2017-03-14,0.67,0.67,0.65,0.66,-2.95,-0.02,-1,908325,597128.69
PRMH,2017-03-13,0.7,0.7,0.66,0.68,3.67,0.03,-1,1280205,867269.13
PRMH,2017-03-12,0.68,0.68,0.64,0.65,-1.51,-0.01,-1,564720,369110.25
PRMH,2017-03-09,0.69,0.69,0.63,0.66,2.15,0.01,-1,3260065,2164496
PRMH,2017-03-08,0.66,0.66,0.64,0.65,-0.61,0,-1,326540,212114.53
PRMH,2017-03-07,0.67,0.67,0.64,0.65,-1.8,-0.02,-1,611235,399251.06
PRMH,2017-03-06,0.68,0.68,0.66,0.67,-1.77,-0.01,-1,641425,426566.13
PRMH,2017-03-05,0.69,0.69,0.66,0.68,2.42,0.02,-1,588605,398683.06
PRMH,2017-03-02,0.68,0.68,0.65,0.66,3.76,0.02,-1,986275,653836.44
PRMH,2017-03-01,0.65,0.65,0.62,0.64,0.95,0.01,-1,469500,299588.56
PRMH,2017-02-28,0.65,0.65,0.62,0.63,-2.17,-0.02,-1,928240,586553.13
PRMH,2017-02-27,0.67,0.67,0.63,0.65,-2.12,-0.01,-1,376000,243075
PRMH,2017-02-26,0.68,0.68,0.64,0.66,-1.49,-0.01,-1,682360,450586.78
PRMH,2017-02-23,0.71,0.71,0.64,0.67,-4.29,-0.03,-1,1424885,955571.44
PRMH,2017-02-22,0.74,0.74,0.68,0.7,-2.78,-0.02,-1,1172735,820833.06
PRMH,2017-02-21,0.75,0.75,0.7,0.72,2.56,0.02,-1,2753260,1984595.88
PRMH,2017-02-20,0.71,0.71,0.65,0.7,8.67,0.05,-1,3888785,2728920
PRMH,2017-02-19,0.67,0.67,0.62,0.65,4.53,0.03,-1,2211990,1428630.88
PRMH,2017-02-16,0.62,0.62,0.61,0.62,1.64,0.01,-1,705145,435196.72
PRMH,2017-02-15,0.62,0.62,0.58,0.61,-1.3,-0.01,-1,1241895,756015.19
PRMH,2017-02-14,0.63,0.63,0.6,0.62,-1.91,-0.01,-1,617825,381116.38
PRMH,2017-02-13,0.64,0.64,0.62,0.63,-0.95,0,-1,510240,320595.75
PRMH,2017-02-12,0.64,0.64,0.63,0.63,0,0,-1,399745,253570.41
PRMH,2017-02-09,0.65,0.65,0.62,0.63,-0.94,-0.01,-1,996100,630543.13
PRMH,2017-02-08,0.67,0.67,0.63,0.64,-2.14,-0.01,-1,868465,556580.56
PRMH,2017-02-07,0.66,0.66,0.65,0.65,1.55,0.01,-1,1390450,910347.88
PRMH,2017-02-06,0.65,0.65,0.63,0.64,1.58,0.01,-1,1432655,921350.06
PRMH,2017-02-05,0.65,0.65,0.62,0.63,1.6,0.01,-1,827875,524246.16
PRMH,2017-02-02,0.64,0.64,0.61,0.62,1.3,0,-1,903905,564255.13
PRMH,2017-02-01,0.63,0.63,0.61,0.62,0.98,0.01,-1,512885,316218
PRMH,2017-01-31,0.64,0.64,0.59,0.61,0.99,0.01,-1,3051995,1862280.13
PRMH,2017-01-30,0.63,0.63,0.58,0.6,-2.58,-0.02,-1,1460380,882543.44
PRMH,2017-01-29,0.63,0.63,0.61,0.62,0,0,-1,1156545,716227.75
PRMH,2017-01-26,0.63,0.63,0.61,0.62,0,0,-1,1187650,736299.81
PRMH,2017-01-24,0.63,0.63,0.61,0.62,-0.32,0,-1,3263025,2020301
PRMH,2017-01-23,0.63,0.63,0.61,0.62,1.97,0.01,-1,2422185,1505840.88
PRMH,2017-01-22,0.63,0.63,0.6,0.61,-1.61,-0.01,-1,2737180,1668597.38
PRMH,2017-01-19,0.64,0.64,0.6,0.62,-5.78,-0.04,-1,4727300,2934499.75
PRMH,2017-01-18,0.69,0.69,0.62,0.66,-2.37,-0.01,-1,5061270,3327417.75
PRMH,2017-01-17,0.69,0.69,0.66,0.67,4.33,0.02,-1,5541580,3731802.5
PRMH,2017-01-16,0.66,0.66,0.63,0.65,0.94,0.01,-1,4739320,3064449
PRMH,2017-01-15,0.65,0.65,0.63,0.64,-0.31,0,-1,2802175,1794845
PRMH,2017-01-12,0.65,0.65,0.63,0.64,0.63,0,-1,4115245,2640504
PRMH,2017-01-11,0.65,0.65,0.63,0.64,-1.85,-0.01,-1,3092515,1974607.38
PRMH,2017-01-10,0.66,0.66,0.63,0.65,2.2,0.01,-1,7093400,4613047.5
PRMH,2017-01-09,0.66,0.66,0.6,0.64,3.92,0.03,-1,9873820,6270000.5
PRMH,2017-01-08,0.63,0.63,0.6,0.61,-1.29,-0.01,-1,3736310,2290275
PRMH,2017-01-05,0.63,0.63,0.6,0.62,3.68,0.02,-1,8779300,5445416.5
PRMH,2017-01-04,0.61,0.61,0.59,0.6,0.34,0,-1,2151545,1286849.88
PRMH,2017-01-03,0.6,0.6,0.59,0.6,0,0,-1,2002120,1195028
PRMH,2017-01-02,0.61,0.61,0.59,0.6,-0.67,0,-1,1347065,801832.44
PRMH,2016-12-29,0.61,0.61,0.58,0.6,0.67,0,-1,4202550,2521637.75
PRMH,2016-12-28,0.6,0.6,0.59,0.6,-1,0,-1,1665750,993885.31
PRMH,2016-12-27,0.62,0.62,0.59,0.6,1.69,0.01,-1,2455655,1476124.63
PRMH,2016-12-26,0.6,0.6,0.59,0.59,-1,-0.01,-1,1822210,1080303.25
PRMH,2016-12-25,0.61,0.61,0.59,0.6,-1.97,-0.01,-1,2038890,1218588.63
PRMH,2016-12-22,0.63,0.63,0.59,0.61,-1.61,-0.01,-1,3361285,2053091.5
PRMH,2016-12-21,0.63,0.63,0.61,0.62,0.98,0.01,-1,4021875,2489573
PRMH,2016-12-20,0.63,0.63,0.6,0.61,1.99,0.01,-1,5107125,3132055.75
PRMH,2016-12-19,0.62,0.62,0.58,0.6,2.03,0.01,-1,3740490,2251356
PRMH,2016-12-18,0.6,0.6,0.58,0.59,-0.34,0,-1,1179040,694976.5
PRMH,2016-12-15,0.6,0.6,0.58,0.59,-0.3367,0,-1,2643910,1562823.25
PRMH,2016-12-14,0.61,0.61,0.58,0.59,0.34,0,-1,2818125,1676407.5
PRMH,2016-12-13,0.6,0.6,0.58,0.59,4.23,0.02,-1,3210545,1901001
PRMH,2016-12-12,0.61,0.61,0.55,0.57,0.71,0.01,-1,27991760,15885164
PRMH,2016-12-08,0.58,0.58,0.55,0.56,-0.7,-0.01,-1,2538485,1430706
PRMH,2016-12-07,0.6,0.6,0.55,0.57,-4.7,-0.03,-1,2693490,1531282.88
PRMH,2016-12-06,0.61,0.61,0.58,0.6,0.34,0.01,-1,2463705,1467044
PRMH,2016-12-05,0.63,0.63,0.58,0.59,-6.01,-0.04,-1,5829265,3460964.25
PRMH,2016-12-04,0.65,0.65,0.62,0.63,3.27,0.02,-1,3255380,2057409
PRMH,2016-12-01,0.63,0.63,0.57,0.61,6.99,0.04,-1,16298485,9985387
PRMH,2016-11-30,0.58,0.58,0.56,0.57,3.25,0.02,-1,4062740,2326770.5
PRMH,2016-11-29,0.57,0.57,0.53,0.55,2.21,0.01,-1,4145920,2296293
PRMH,2016-11-28,0.55,0.55,0.53,0.54,4.63,0.02,-1,2686860,1457022.5
PRMH,2016-11-27,0.53,0.53,0.48,0.52,-3.36,-0.02,-1,3184355,1652312.38
PRMH,2016-11-24,0.57,0.57,0.52,0.54,-4.29,-0.02,-1,4794740,2566457.75
PRMH,2016-11-23,0.58,0.58,0.54,0.56,-1.06,-0.01,-1,5378500,3012058.25
PRMH,2016-11-22,0.58,0.58,0.55,0.57,-1.05,0,-1,3296690,1865866
PRMH,2016-11-21,0.58,0.58,0.56,0.57,0.35,0,-1,3837675,2198066.75
PRMH,2016-11-20,0.58,0.58,0.56,0.57,-1.041667,-0.01,-1,3114375,1772900.38
PRMH,2016-11-17,0.6,0.6,0.55,0.58,-1.03,0,-1,7891915,4538755
PRMH,2016-11-16,0.6,0.6,0.57,0.58,4.68,0.02,-1,5392795,3138647.75
PRMH,2016-11-15,0.57,0.57,0.54,0.56,2.96,0.02,-1,3950425,2199928
PRMH,2016-11-14,0.56,0.56,0.53,0.54,1.89,0.01,-1,8973850,4851035.5
PRMH,2016-11-13,0.55,0.55,0.5,0.53,2.32,0.01,-1,11070185,5858117.5
PRMH,2016-11-10,0.53,0.53,0.49,0.52,7.92,0.04,-1,12537505,6501460.5
PRMH,2016-11-09,0.5,0.5,0.43,0.48,6.19,0.03,-1,13635820,6532940.5
PRMH,2016-11-08,0.47,0.47,0.44,0.45,2.26,0.01,-1,5501850,2491103.25
PRMH,2016-11-07,0.46,0.46,0.42,0.44,3.76,0.01,-1,5445630,2403466.75
PRMH,2016-11-06,0.44,0.44,0.4,0.43,2.4,0.01,-1,4367730,1863819.75
PRMH,2016-11-03,0.43,0.43,0.4,0.42,0.97,0.01,-1,4460030,1859245.88
PRMH,2016-11-02,0.42,0.42,0.4,0.41,1.98,0.01,-1,3638020,1498709.63
PRMH,2016-11-01,0.41,0.41,0.39,0.4,2.02,0,-1,3599865,1454724.13
PRMH,2016-10-31,0.41,0.41,0.38,0.4,2.59,0.01,-1,4125740,1634121.88
PRMH,2016-10-30,0.39,0.39,0.38,0.39,-0.52,0,-1,1139985,439280.72
PRMH,2016-10-27,0.39,0.39,0.38,0.39,2.11,0.01,-1,1980555,768197.06
PRMH,2016-10-26,0.39,0.39,0.38,0.38,1.06,0,-1,1536200,583577.88
PRMH,2016-10-25,0.39,0.39,0.36,0.38,3.3,0.02,-1,2404265,902634.31
PRMH,2016-10-24,0.37,0.37,0.36,0.36,-0.55,-0.01,-1,820790,299215.75
PRMH,2016-10-23,0.37,0.37,0.36,0.37,-1.61,0,-1,1017235,372172.47
PRMH,2016-10-20,0.38,0.38,0.36,0.37,1.64,0,-1,1146265,426106.16
PRMH,2016-10-19,0.37,0.37,0.36,0.37,-3.68,-0.01,-1,1609160,587395.25
PRMH,2016-10-18,0.39,0.39,0.37,0.38,-2.06,-0.01,-1,1116010,424117.81
PRMH,2016-10-17,0.41,0.41,0.38,0.39,-4.9,-0.02,-1,1022610,397303.31
PRMH,2016-10-16,0.42,0.42,0.4,0.41,-2.86,-0.01,-1,938820,383815.16
PRMH,2016-10-13,0.43,0.43,0.41,0.42,2.44,0.01,-1,2361195,989415.06
PRMH,2016-10-12,0.42,0.42,0.4,0.41,0,0,-1,827235,339591.69
PRMH,2016-10-11,0.42,0.42,0.4,0.41,-2.843602,-0.01,-1,1316620,538698.63
PRMH,2016-10-10,0.44,0.44,0.41,0.42,-4.95,-0.02,-1,1587100,669109.31
PRMH,2016-10-09,0.45,0.45,0.44,0.44,-1.33,-0.01,-1,991900,439983.69
PRMH,2016-10-05,0.45,0.45,0.45,0.45,0,0,-1,1064330,479662.75
PRMH,2016-10-04,0.46,0.46,0.44,0.45,0.45,0,-1,1800980,809342.19
PRMH,2016-10-03,0.45,0.45,0.44,0.45,3.7,0.02,-1,1614820,722904.69
PRMH,2016-09-29,0.44,0.44,0.43,0.43,0.47,0,-1,865450,373145.34
PRMH,2016-09-28,0.44,0.44,0.43,0.43,-0.921659,0,-1,2159685,930164.94
PRMH,2016-09-27,0.45,0.45,0.43,0.43,-1.809955,-0.01,-1,966250,419803.06
PRMH,2016-09-26,0.45,0.45,0.44,0.44,1.376147,0,-1,706210,312047.75
PRMH,2016-09-25,0.44,0.44,0.43,0.44,0,0,-1,221700,96878.2
PRMH,2016-09-22,0.44,0.44,0.43,0.44,-1.36,0,-1,846945,369618.22
PRMH,2016-09-21,0.45,0.45,0.43,0.44,-3.07,-0.02,-1,975260,430796.25
PRMH,2016-09-20,0.47,0.47,0.45,0.46,0.45,0.02,-1,2096500,957134.13
PRMH,2016-09-19,0.45,0.45,0.44,0.44,1.37,0,-1,913955,405220.44
PRMH,2016-09-18,0.45,0.45,0.43,0.44,-3.57,-0.01,-1,1305740,571793.69
PRMH,2016-09-15,0.46,0.46,0.44,0.45,-1.75,-0.01,-1,1114980,498903
PRMH,2016-09-14,0.47,0.47,0.44,0.46,3.64,0.02,-1,2202345,1002710.19
PRMH,2016-09-08,0.44,0.44,0.43,0.44,0.92,0,-1,694750,305640.16
PRMH,2016-09-07,0.44,0.44,0.43,0.44,-0.91,0,-1,450180,195911.81
PRMH,2016-09-06,0.45,0.45,0.43,0.44,-2.22,-0.01,-1,1552950,682670
PRMH,2016-09-05,0.46,0.46,0.44,0.45,-0.44,0,-1,1437635,646159.25
PRMH,2016-09-04,0.46,0.46,0.44,0.45,0.44,0,-1,2098000,946200.06
PRMH,2016-09-01,0.45,0.45,0.45,0.45,-0.44,0,-1,485185,218549.44
PRMH,2016-08-31,0.46,0.46,0.45,0.45,-1.31,-0.01,-1,1879550,851112.81
PRMH,2016-08-30,0.47,0.47,0.45,0.46,1.33,0.01,-1,1771890,810815.06
PRMH,2016-08-29,0.46,0.46,0.44,0.45,-0.44,0,-1,1067780,481848.16
PRMH,2016-08-28,0.46,0.46,0.45,0.45,-1.3,-0.01,-1,974290,441765.06
PRMH,2016-08-25,0.47,0.47,0.45,0.46,-2.13,-0.01,-1,1243550,571341.69
PRMH,2016-08-24,0.48,0.48,0.46,0.47,1.73,0.01,-1,1304500,611894.56
PRMH,2016-08-23,0.47,0.47,0.45,0.46,-0.43,0,-1,1382050,638405.88
PRMH,2016-08-22,0.48,0.48,0.46,0.46,-2.93,-0.02,-1,1077635,500637.22
PRMH,2016-08-21,0.48,0.48,0.47,0.48,-0.42,0,-1,951970,454652.75
PRMH,2016-08-18,0.49,0.49,0.47,0.48,-1.234568,-0.01,-1,1191450,571580.69
PRMH,2016-08-17,0.49,0.49,0.48,0.49,-0.409836,0,-1,841680,409604.63
PRMH,2016-08-16,0.49,0.49,0.48,0.49,-1.612903,-0.01,-1,1230825,600547.06
PRMH,2016-08-15,0.51,0.51,0.49,0.5,-1.195219,0,-1,1601015,795314.75
PRMH,2016-08-14,0.51,0.51,0.49,0.5,0.4,0,-1,2662850,1339354.38
PRMH,2016-08-11,0.51,0.51,0.49,0.5,-0.793651,0,-1,3179550,1588499.25
PRMH,2016-08-10,0.52,0.52,0.48,0.5,5.439331,0.02,-1,4716880,2378197.5
PRMH,2016-08-09,0.49,0.49,0.47,0.48,-0.42,0,-1,837100,400160.69
PRMH,2016-08-08,0.49,0.49,0.47,0.48,-0.41,0,-1,1421660,683328
PRMH,2016-08-07,0.49,0.49,0.48,0.48,-1.23,-0.01,-1,1055790,508769.41
PRMH,2016-08-04,0.5,0.5,0.48,0.49,0.41,0,-1,1714790,838018.94
PRMH,2016-08-03,0.49,0.49,0.48,0.49,1.67,0.01,-1,1162500,565827.44
PRMH,2016-08-02,0.49,0.49,0.47,0.48,3.46,0.02,-1,2195065,1051427.5
PRMH,2016-08-01,0.47,0.47,0.46,0.46,-2.12,-0.01,-1,790855,365468.66
PRMH,2016-07-31,0.48,0.48,0.46,0.47,-2.88,-0.02,-1,1396705,660156.94
PRMH,2016-07-28,0.5,0.5,0.48,0.49,-1.62,0,-1,2971800,1442975.5
PRMH,2016-07-27,0.51,0.51,0.48,0.49,6.47,0.03,-1,6555180,3244173
PRMH,2016-07-26,0.48,0.48,0.43,0.46,5.45,0.02,-1,5841745,2704737.5
PRMH,2016-07-25,0.44,0.44,0.43,0.44,1.38,0.01,-1,911210,400770.28
PRMH,2016-07-24,0.44,0.44,0.43,0.43,0,0,-1,537500,233627
PRMH,2016-07-21,0.44,0.44,0.43,0.43,-1.36,-0.01,-1,461900,200427.42
PRMH,2016-07-20,0.45,0.45,0.43,0.44,-1.79,-0.01,-1,1569155,691552.25
PRMH,2016-07-19,0.45,0.45,0.44,0.45,-0.44,0,-1,615615,276016.63
PRMH,2016-07-18,0.46,0.46,0.44,0.45,-0.44,0,-1,1149720,518124.13
PRMH,2016-07-17,0.46,0.46,0.44,0.45,-0.877193,-0.01,-1,1179365,533913.13
PRMH,2016-07-14,0.46,0.46,0.44,0.46,1.33,0.01,-1,2107705,961370.81
PRMH,2016-07-13,0.46,0.46,0.45,0.45,1.81,0.01,-1,1610040,725696.38
PRMH,2016-07-12,0.45,0.45,0.43,0.44,-1.34,-0.01,-1,742085,327460.97
PRMH,2016-07-11,0.47,0.47,0.44,0.45,-2.18,-0.01,-1,2446995,1097710.25
PRMH,2016-07-10,0.47,0.47,0.44,0.46,4.57,0.02,-1,3754735,1718790.25
PRMH,2016-07-04,0.45,0.45,0.43,0.44,3.791469,0.02,-1,2124440,930078.06
PRMH,2016-07-03,0.43,0.43,0.42,0.42,1.93,0.01,-1,811040,342293.22
PRMH,2016-06-29,0.42,0.42,0.41,0.41,0.98,0,-1,1209740,500949.59
PRMH,2016-06-28,0.42,0.42,0.4,0.41,0.49,0,-1,1004495,410846.38
PRMH,2016-06-27,0.42,0.42,0.4,0.41,2,0.01,-1,1362730,555089.31
PRMH,2016-06-26,0.41,0.41,0.4,0.4,-8.26,-0.04,-1,1544765,619353.94
PRMH,2016-06-23,0.44,0.44,0.42,0.44,1.87,0.01,-1,869625,378508.31
PRMH,2016-06-22,0.45,0.45,0.42,0.43,-4.46,-0.02,-1,733450,314456.47
PRMH,2016-06-21,0.47,0.47,0.44,0.45,-0.88,0,-1,779655,349694.66
PRMH,2016-06-20,0.47,0.47,0.43,0.45,-5.83,-0.03,-1,1081050,489163.53
PRMH,2016-06-19,0.49,0.49,0.45,0.48,-1.23,-0.01,-1,1340905,643127.69
PRMH,2016-06-16,0.49,0.49,0.48,0.49,-0.82,0,-1,777640,378352.69
PRMH,2016-06-15,0.51,0.51,0.48,0.49,-3.543307,-0.02,-1,679100,332915.84
PRMH,2016-06-14,0.53,0.53,0.5,0.51,-4.15,-0.02,-1,890070,452814.53
PRMH,2016-06-13,0.54,0.54,0.52,0.53,-1.12,-0.01,-1,637080,337369.5
PRMH,2016-06-12,0.54,0.54,0.53,0.54,-0.74,0,-1,1019550,545647.44
PRMH,2016-06-09,0.55,0.55,0.54,0.54,-2.17,-0.01,-1,2074405,1120166.63
PRMH,2016-06-08,0.56,0.56,0.54,0.55,1.1,0,-1,2507370,1384351.75
PRMH,2016-06-07,0.55,0.55,0.54,0.55,0.37,0.01,-1,1553435,848203
PRMH,2016-06-06,0.55,0.55,0.53,0.54,0.74,0,-1,1637350,891504.63
PRMH,2016-06-05,0.55,0.55,0.54,0.54,-1.098901,-0.01,-1,416625,225140.84
PRMH,2016-06-02,0.55,0.55,0.54,0.55,-0.36,0,-1,1205085,658766.31
PRMH,2016-06-01,0.55,0.55,0.54,0.55,1.11,0.01,-1,2023220,1108280.38
PRMH,2016-05-31,0.55,0.55,0.54,0.54,-0.37,0,-1,1537785,833036.88
PRMH,2016-05-30,0.56,0.56,0.54,0.54,-0.729927,-0.01,-1,2219040,1208566.88
PRMH,2016-05-29,0.56,0.56,0.55,0.55,-2.49,-0.01,-1,1329215,728614.88
PRMH,2016-05-26,0.57,0.57,0.55,0.56,0.36,0,-1,3705225,2083498.75
PRMH,2016-05-25,0.57,0.57,0.54,0.56,2.56,0.01,-1,6258690,3499573.25
PRMH,2016-05-24,0.55,0.55,0.53,0.55,1.49,0.01,-1,3518115,1922692.38
PRMH,2016-05-23,0.54,0.54,0.53,0.54,-1.102941,0,-1,985775,531035
PRMH,2016-05-22,0.55,0.55,0.53,0.54,1.115242,0,-1,1221175,663675.75
PRMH,2016-05-19,0.55,0.55,0.53,0.54,-2.888087,-0.01,-1,2843285,1532252.75
PRMH,2016-05-18,0.57,0.57,0.54,0.55,0.727273,0,-1,4413005,2440469
PRMH,2016-05-17,0.56,0.56,0.54,0.55,2.23,0.01,-1,6621100,3636745.25
PRMH,2016-05-16,0.55,0.55,0.53,0.54,0.75,0.01,-1,3763170,2023037.25
PRMH,2016-05-15,0.55,0.55,0.52,0.53,-2.55,-0.02,-1,1639530,876710.81
PRMH,2016-05-12,0.56,0.56,0.54,0.55,1.11,0.01,-1,2040250,1117420.75
PRMH,2016-05-11,0.55,0.55,0.54,0.54,-1.81,-0.01,-1,1728855,938676.38
PRMH,2016-05-10,0.57,0.57,0.54,0.55,-2.12766,-0.01,-1,1078855,595401.63
PRMH,2016-05-09,0.58,0.58,0.56,0.56,0,0,-1,1677480,947763.13
PRMH,2016-05-08,0.57,0.57,0.55,0.56,0.714286,0,-1,1423210,802546
PRMH,2016-05-05,0.57,0.57,0.55,0.56,2.94,0.02,-1,3085800,1726733.25
PRMH,2016-05-04,0.56,0.56,0.53,0.54,-2.51,-0.02,-1,1609265,875515.44
PRMH,2016-05-03,0.58,0.58,0.54,0.56,-3.79,-0.02,-1,2529690,1411570.88
PRMH,2016-04-28,0.58,0.58,0.57,0.58,-1.36,-0.01,-1,1975065,1144931.63
PRMH,2016-04-27,0.61,0.61,0.57,0.59,-2,-0.01,-1,3683980,2168131
PRMH,2016-04-26,0.61,0.61,0.59,0.6,1.35,0.01,-1,3401980,2039954
PRMH,2016-04-24,0.6,0.6,0.58,0.59,0,0,-1,1767300,1046922.56
PRMH,2016-04-21,0.61,0.61,0.58,0.59,-2.31,-0.02,-1,3300620,1954826.38
PRMH,2016-04-20,0.63,0.63,0.59,0.61,-3.19,-0.02,-1,5288050,3202792.75
PRMH,2016-04-19,0.63,0.63,0.62,0.63,0.64,0.01,-1,5995930,3758212.75
PRMH,2016-04-18,0.63,0.63,0.6,0.62,2.98,0.02,-1,10044755,6251092
PRMH,2016-04-17,0.61,0.61,0.6,0.6,1.68,0.01,-1,4674415,2825968.25
PRMH,2016-04-14,0.6,0.6,0.58,0.59,-0.34,-0.01,-1,5716000,3394978.25
PRMH,2016-04-13,0.6,0.6,0.58,0.6,2.05,0.02,-1,4330625,2577142.5
PRMH,2016-04-12,0.59,0.59,0.57,0.58,-1.02,-0.01,-1,6935095,4043982.75
PRMH,2016-04-11,0.6,0.6,0.58,0.59,-2.960526,-0.02,-1,6375195,3766155.75
PRMH,2016-04-10,0.64,0.64,0.58,0.61,-2.88,-0.02,-1,6832030,4159471.5
PRMH,2016-04-07,0.64,0.64,0.6,0.63,-0.32,0,-1,7965365,4987387
PRMH,2016-04-06,0.67,0.67,0.59,0.63,-4.85,-0.03,-1,11203200,7043532.5
PRMH,2016-04-05,0.68,0.68,0.64,0.66,2.8,0.02,-1,11312775,7463252.5
PRMH,2016-04-04,0.65,0.65,0.63,0.64,0.63,0,-1,7574835,4857550
PRMH,2016-04-03,0.66,0.66,0.62,0.64,1.916933,0.01,-1,9455000,6039059
PRMH,2016-03-31,0.65,0.65,0.59,0.63,4.68,0.03,-1,18177435,11362724
PRMH,2016-03-30,0.61,0.61,0.59,0.6,-1.64,-0.01,-1,5465630,3270009.75
PRMH,2016-03-29,0.63,0.63,0.59,0.61,1.67,0.01,-1,14724440,8962232
PRMH,2016-03-28,0.61,0.61,0.58,0.6,1.013514,0.01,-1,8069040,4819478.5
PRMH,2016-03-27,0.61,0.61,0.58,0.59,-1,-0.01,-1,9505765,5624526.5
PRMH,2016-03-24,0.61,0.61,0.58,0.6,2.4,0.02,-1,9643470,5769723
PRMH,2016-03-23,0.6,0.6,0.56,0.58,2.816901,0.01,-1,6889675,4022642.25
PRMH,2016-03-22,0.59,0.59,0.56,0.57,-2.739726,-0.01,-1,4661185,2650726.75
PRMH,2016-03-21,0.6,0.6,0.57,0.58,0,0,-1,4819680,2812141.75
PRMH,2016-03-20,0.6,0.6,0.57,0.58,-3.630363,-0.03,-1,5784975,3383523.25
PRMH,2016-03-17,0.63,0.63,0.58,0.61,1,0.01,-1,17197970,10416603
PRMH,2016-03-16,0.62,0.62,0.59,0.6,-0.990099,-0.01,-1,7131240,4279942
PRMH,2016-03-15,0.63,0.63,0.58,0.61,2.02,0.02,-1,9178100,5568288.5
PRMH,2016-03-14,0.61,0.61,0.56,0.59,6.45,0.03,-1,15262510,9056401
PRMH,2016-03-13,0.56,0.56,0.55,0.56,0,0,-1,3940115,2199896.25
PRMH,2016-03-10,0.57,0.57,0.54,0.56,0.72,0.01,-1,4898270,2729265.75
PRMH,2016-03-09,0.57,0.57,0.54,0.55,-2.12,-0.02,-1,4768505,2645590.25
PRMH,2016-03-08,0.59,0.59,0.55,0.57,-3.08,-0.01,-1,7115610,4025662.75
PRMH,2016-03-07,0.6,0.6,0.55,0.58,3.914591,0.02,-1,9928005,5791737
PRMH,2016-03-06,0.58,0.58,0.55,0.56,-2.768166,-0.02,-1,6481470,3642477.25
PRMH,2016-03-03,0.6,0.6,0.57,0.58,-4.620462,-0.03,-1,8625950,4977295
PRMH,2016-03-02,0.63,0.63,0.57,0.61,2.020202,0.02,-1,15941525,9647491
PRMH,2016-03-01,0.61,0.61,0.55,0.59,6.834532,0.03,-1,20785770,12350701
PRMH,2016-02-29,0.58,0.58,0.53,0.56,-4.467354,0.03,-1,13098430,7292769
PRMH,2016-02-28,0.53,0.53,0.53,0.53,9.958506,0.05,-1,2354325,1247792.25
PRMH,2016-02-25,0.5,0.5,0.45,0.48,5.7,0.02,-1,9671045,4664124.5
PRMH,2016-02-24,0.46,0.46,0.45,0.46,-0.436681,0,-1,3415660,1560684.5
PRMH,2016-02-23,0.47,0.47,0.44,0.46,0,0,-1,4594905,2100796.25
PRMH,2016-02-22,0.47,0.47,0.44,0.46,4.56621,0.02,-1,6871690,3149582
PRMH,2016-02-21,0.45,0.45,0.41,0.44,6.31068,0.03,-1,6378060,2797906.5
PRMH,2016-02-18,0.42,0.42,0.41,0.41,-0.483092,0,-1,1413450,583536.25
PRMH,2016-02-17,0.42,0.42,0.4,0.41,0,0,-1,2865330,1184498.75
PRMH,2016-02-16,0.42,0.42,0.4,0.41,0.98,0,-1,2067910,855672.38
PRMH,2016-02-15,0.42,0.42,0.39,0.41,4.060914,0.02,-1,1965055,805196.44
PRMH,2016-02-14,0.4,0.4,0.39,0.39,0.510204,0,-1,779195,306852.5
PRMH,2016-02-11,0.42,0.42,0.38,0.39,-4.854369,-0.02,-1,1712275,672706.38
PRMH,2016-02-10,0.42,0.42,0.4,0.41,3.517588,0.01,-1,2644900,1091747.88
PRMH,2016-02-09,0.41,0.41,0.39,0.4,-1.485149,0,-1,1047340,415879.78
PRMH,2016-02-08,0.42,0.42,0.39,0.4,-2.884615,-0.02,-1,1446470,585130.5
PRMH,2016-02-07,0.43,0.43,0.41,0.42,-0.478469,0,-1,597805,248622.27
PRMH,2016-02-04,0.43,0.43,0.41,0.42,0.966184,0.01,-1,1631160,680813.44
PRMH,2016-02-03,0.42,0.42,0.41,0.41,-0.956938,-0.01,-1,736705,304524.97
PRMH,2016-02-02,0.42,0.42,0.41,0.42,3.465347,0.02,-1,1225300,511206.25
PRMH,2016-02-01,0.41,0.41,0.4,0.4,-1.941748,-0.01,-1,887930,358448.59
PRMH,2016-01-31,0.43,0.43,0.4,0.41,-0.961538,-0.01,-1,2432825,1001878.44
PRMH,2016-01-28,0.42,0.42,0.4,0.42,2.46,0.01,-1,2985245,1241190.13
PRMH,2016-01-27,0.41,0.41,0.4,0.41,0.995025,0.01,-1,2419495,984387.38
PRMH,2016-01-26,0.41,0.41,0.39,0.4,1.515152,0,-1,1392310,559470.75
PRMH,2016-01-24,0.41,0.41,0.39,0.4,3.664921,0.02,-1,1520060,600990
PRMH,2016-01-21,0.4,0.4,0.37,0.38,0.526316,0,-1,1890905,722815.44
PRMH,2016-01-20,0.4,0.4,0.37,0.38,-6.403941,-0.03,-1,2089235,795708.19
PRMH,2016-01-19,0.41,0.41,0.39,0.41,7.978723,0.03,-1,3274990,1330447.38
PRMH,2016-01-18,0.39,0.39,0.37,0.38,2.17,0.01,-1,1440515,542413.69
PRMH,2016-01-17,0.39,0.39,0.35,0.37,-4.66,-0.02,-1,1646855,604827.19
PRMH,2016-01-14,0.41,0.41,0.38,0.39,-9.389671,-0.04,-1,3069670,1185839.38
PRMH,2016-01-13,0.46,0.46,0.4,0.43,-4.484305,-0.02,-1,3462390,1472821.75
PRMH,2016-01-12,0.46,0.46,0.44,0.45,-0.888889,0,-1,2697455,1205600.38
PRMH,2016-01-11,0.46,0.46,0.44,0.45,-0.881057,0,-1,3113360,1404004.5
PRMH,2016-01-10,0.47,0.47,0.44,0.45,-2.575107,-0.02,-1,2142255,974643.06
PRMH,2016-01-06,0.48,0.48,0.45,0.47,-2.916667,-0.01,-1,3814055,1773541.88
PRMH,2016-01-05,0.49,0.49,0.46,0.48,2.12766,0.01,-1,6735440,3233049.25
PRMH,2016-01-04,0.48,0.48,0.46,0.47,1.293103,0.01,-1,10419715,4903647
PRMH,2016-01-03,0.48,0.48,0.44,0.46,6.422018,0.02,-1,8882880,4117829
PRMH,2015-12-31,0.44,0.44,0.43,0.44,-0.456621,0,-1,2249600,978594.38
PRMH,2015-12-30,0.45,0.45,0.43,0.44,0.458716,0,-1,3504710,1532306.88
PRMH,2015-12-29,0.45,0.45,0.42,0.44,0.925926,0.01,-1,2612230,1138290.25
PRMH,2015-12-28,0.44,0.44,0.42,0.43,0,0,-1,2407475,1040150.38
PRMH,2015-12-27,0.45,0.45,0.42,0.43,-4,-0.02,-1,3309635,1429845.25
PRMH,2015-12-24,0.46,0.46,0.43,0.45,2.272727,0.01,-1,3440795,1546054.38
PRMH,2015-12-22,0.46,0.46,0.42,0.44,1.851852,0.01,-1,7375920,3247844
PRMH,2015-12-21,0.44,0.44,0.41,0.43,6.403941,0.02,-1,5725260,2475560.75
PRMH,2015-12-20,0.41,0.41,0.38,0.41,7.407407,0.03,-1,6066100,2468736.5
PRMH,2015-12-17,0.38,0.38,0.37,0.38,4.41989,0.02,-1,2198650,831409.56
PRMH,2015-12-16,0.37,0.37,0.35,0.36,2.840909,0.01,-1,959340,346403.47
PRMH,2015-12-15,0.36,0.36,0.34,0.35,2.325581,0.01,-1,1078055,379091.28
PRMH,2015-12-14,0.35,0.35,0.33,0.34,-1.149425,-0.01,-1,1008570,346506.78
PRMH,2015-12-13,0.36,0.36,0.34,0.35,-5.434783,-0.02,-1,665545,232257.28
PRMH,2015-12-10,0.38,0.38,0.36,0.37,-2.12766,-0.01,-1,1544190,568632
PRMH,2015-12-09,0.39,0.39,0.37,0.38,-1.052632,0,-1,1488625,561003.88
PRMH,2015-12-08,0.39,0.39,0.38,0.38,-4.522613,-0.02,-1,924670,352223.75
PRMH,2015-12-07,0.4,0.4,0.39,0.4,0.505051,0,-1,1313035,521792.06
PRMH,2015-12-06,0.4,0.4,0.39,0.4,0.507614,0.01,-1,1231785,487738.06
PRMH,2015-12-03,0.4,0.4,0.38,0.39,2.072539,0,-1,2615620,1029905.63
PRMH,2015-12-02,0.39,0.39,0.37,0.39,4.891304,0.02,-1,1849930,715605.81
PRMH,2015-12-01,0.37,0.37,0.36,0.37,1.657459,0.01,-1,415715,153336.84
PRMH,2015-11-30,0.36,0.36,0.35,0.36,-1.630435,-0.01,-1,355345,128663.93
PRMH,2015-11-29,0.38,0.38,0.36,0.37,-1.604278,0,-1,695010,255184.45
PRMH,2015-11-26,0.38,0.38,0.37,0.37,1.630435,0,-1,687690,257713.55
PRMH,2015-11-25,0.37,0.37,0.36,0.37,1.098901,0.01,-1,1016625,374374.22
PRMH,2015-11-24,0.38,0.38,0.36,0.36,-3.703704,-0.02,-1,751575,272906.34
PRMH,2015-11-23,0.39,0.39,0.37,0.38,-2.072539,-0.01,-1,1150285,435546.88
PRMH,2015-11-22,0.4,0.4,0.38,0.39,0,0,-1,1166360,450739.41
PRMH,2015-11-19,0.39,0.39,0.38,0.39,3.763441,0.02,-1,864185,334229.72
PRMH,2015-11-18,0.39,0.39,0.36,0.37,1.086957,0,-1,883185,328312.91
PRMH,2015-11-17,0.4,0.4,0.36,0.37,-2.12766,-0.01,-1,1175860,433067.5
PRMH,2015-11-16,0.39,0.39,0.37,0.38,0,0,-1,2535640,951694.5
PRMH,2015-11-15,0.39,0.39,0.37,0.38,-6,-0.02,-1,413190,155076.45
PRMH,2015-11-12,0.41,0.41,0.38,0.4,0.5,0,-1,437210,174520.52
PRMH,2015-11-11,0.41,0.41,0.37,0.4,-1,0,-1,529385,211098.09
PRMH,2015-11-10,0.43,0.43,0.38,0.4,-4.74,-0.02,-1,637410,256530.64
PRMH,2015-11-09,0.43,0.43,0.42,0.42,-3.21,-0.02,-1,1064955,449666.03
PRMH,2015-11-08,0.45,0.45,0.43,0.44,-5.22,-0.02,-1,1879775,819558.94
PRMH,2015-11-05,0.47,0.47,0.45,0.46,2.68,0.01,-1,2013295,927780.56
PRMH,2015-11-04,0.46,0.46,0.43,0.45,2.28,0.01,-1,3090800,1382639
PRMH,2015-11-03,0.45,0.45,0.43,0.44,0,0,-1,924875,404738
PRMH,2015-11-02,0.44,0.44,0.43,0.44,-0.9,-0.01,-1,957830,419709.44
PRMH,2015-11-01,0.46,0.46,0.44,0.45,-3.46,-0.01,-1,986410,439925.53
PRMH,2015-10-29,0.47,0.47,0.45,0.46,1.76,0.01,-1,1113640,515143.25
PRMH,2015-10-28,0.46,0.46,0.45,0.45,-1.73,-0.01,-1,487605,221305.67
PRMH,2015-10-27,0.47,0.47,0.45,0.46,-2.15,0.63,-1,524245,242668.02
PRMH,2015-10-26,0.48,0.48,0.46,0.47,-3.72,-0.01,-1,1681950,784150.19
PRMH,2015-10-25,0.49,0.49,0.47,0.48,2.15,0.01,-1,2044775,988224.25
PRMH,2015-10-22,0.47,0.47,0.46,0.47,-2.1,-0.01,-1,2651785,1238188.25
PRMH,2015-10-21,0.48,0.48,0.46,0.48,3.48,0.02,-1,4630115,2207552.5
PRMH,2015-10-20,0.47,0.47,0.44,0.46,3.6,0.02,-1,6773415,3111834.75
PRMH,2015-10-19,0.45,0.45,0.44,0.44,0.91,0,-1,1008645,448789.13
PRMH,2015-10-18,0.45,0.45,0.42,0.44,2.33,0.01,-1,2553700,1122739
PRMH,2015-10-15,0.44,0.44,0.42,0.43,-1.83,-0.01,-1,673175,290057.69
PRMH,2015-10-13,0.44,0.44,0.43,0.44,-1.35,0,-1,1332515,584691.69
PRMH,2015-10-12,0.45,0.45,0.43,0.44,0.45,0,-1,1955185,867018.44
PRMH,2015-10-11,0.45,0.45,0.43,0.44,1.38,0,-1,2973530,1311507.13
PRMH,2015-10-08,0.45,0.45,0.42,0.44,6.86,0.03,-1,3550000,1546640.63
PRMH,2015-10-07,0.41,0.41,0.4,0.41,1.49,0.01,-1,551090,224294.31
PRMH,2015-10-05,0.41,0.41,0.4,0.4,-0.5,0,-1,290695,116904.79
PRMH,2015-10-04,0.41,0.41,0.4,0.4,-0.98,-0.01,-1,270020,108957.32
PRMH,2015-10-01,0.41,0.41,0.4,0.41,-0.98,0,-1,456795,186043.515625
PRMH,2015-09-30,0.41,0.41,0.41,0.41,0.49,0,-1,932255,380701.41
PRMH,2015-09-29,0.41,0.41,0.4,0.41,-1.93,0,-1,1385780,563068.31
PRMH,2015-09-28,0.42,0.42,0.41,0.41,-0.48,-0.01,-1,361870,150042.55
PRMH,2015-09-22,0.42,0.42,0.41,0.42,-1.89,0,-1,728220,303260.38
PRMH,2015-09-21,0.43,0.43,0.42,0.42,1.44,0,-1,1923750,816202.88
PRMH,2015-09-20,0.43,0.43,0.4,0.42,1.95,0.01,-1,3488000,1457399.63
PRMH,2015-09-17,0.42,0.42,0.4,0.41,0,0,-1,1524435,623686.88
PRMH,2015-09-16,0.42,0.42,0.4,0.41,0,0,-1,1055065,433539.63
PRMH,2015-09-15,0.42,0.42,0.41,0.41,0.99,0,-1,1213975,497895.22
PRMH,2015-09-14,0.41,0.41,0.4,0.41,0.5,0.01,-1,1334940,541892.38
PRMH,2015-09-13,0.41,0.41,0.4,0.4,0.5,0,-1,656255,264559.88
PRMH,2015-09-10,0.41,0.41,0.4,0.4,-1.47,-0.01,-1,896160,360667.47
PRMH,2015-09-09,0.41,0.41,0.4,0.41,1.49,0.01,-1,1410995,575603.88
PRMH,2015-09-08,0.42,0.42,0.4,0.4,-6.51,-0.03,-1,2932325,1180353.38
PRMH,2015-09-07,0.45,0.45,0.41,0.43,-1.38,-0.01,-1,3217250,1385514.25
PRMH,2015-09-06,0.45,0.45,0.41,0.44,0.93,0.01,-1,3509670,1527548.75
PRMH,2015-09-03,0.44,0.44,0.42,0.43,1.89,0.01,-1,1438485,620344.13
PRMH,2015-09-02,0.43,0.43,0.42,0.42,-1.4,-0.01,-1,1083100,460191.88
PRMH,2015-09-01,0.44,0.44,0.42,0.43,-1.83,-0.01,-1,1174300,505929.22
PRMH,2015-08-31,0.45,0.45,0.42,0.44,2.34,0.01,-1,1413790,618102.31
PRMH,2015-08-30,0.44,0.44,0.41,0.43,0,0,-1,1120095,480388.41
PRMH,2015-08-27,0.43,0.43,0.42,0.43,4.39,0.02,-1,1726420,737854
PRMH,2015-08-26,0.42,0.42,0.4,0.41,0,0,-1,747565,306851.91
PRMH,2015-08-25,0.42,0.42,0.39,0.41,2.5,0.01,-1,699560,286651.03
PRMH,2015-08-24,0.42,0.42,0.39,0.4,-6.542056,-0.03,-1,577125,230442.52
PRMH,2015-08-23,0.45,0.45,0.41,0.43,-6.96,-0.03,-1,909325,389516.81
PRMH,2015-08-20,0.47,0.47,0.45,0.46,-1.29,-0.01,-1,924430,425117.56
PRMH,2015-08-19,0.47,0.47,0.45,0.47,-4.12,-0.02,-1,720845,335229.78
PRMH,2015-08-18,0.51,0.51,0.46,0.49,-3.95,-0.02,-1,2076215,1009002.5
PRMH,2015-08-17,0.52,0.52,0.49,0.51,0.8,0.01,-1,486565,245933.89
PRMH,2015-08-16,0.52,0.52,0.49,0.5,-4.92,-0.03,-1,412060,206777.52
PRMH,2015-08-13,0.55,0.55,0.52,0.53,-1.12,0,-1,607395,320164.34
PRMH,2015-08-12,0.55,0.55,0.52,0.53,-3.956835,-0.03,-1,847685,453225.84
PRMH,2015-08-11,0.57,0.57,0.55,0.56,0.36,0.01,-1,735030,408320.47
PRMH,2015-08-10,0.56,0.56,0.54,0.55,0.36,0,-1,687355,381423.34
PRMH,2015-08-09,0.56,0.56,0.54,0.55,-1.43,-0.01,-1,537885,296985.09
PRMH,2015-08-05,0.57,0.57,0.55,0.56,-0.34,0,-1,2000350,1120446.25
PRMH,2015-08-04,0.57,0.57,0.55,0.56,2.1,0.01,-1,692630,388399.38
PRMH,2015-08-03,0.56,0.56,0.54,0.55,-1.72,-0.01,-1,1005665,553468.06
PRMH,2015-08-02,0.58,0.58,0.55,0.56,-1.36,-0.01,-1,1784125,998579.38
PRMH,2015-07-30,0.58,0.58,0.56,0.57,0.34,0,-1,1693430,961516.13
PRMH,2015-07-29,0.58,0.58,0.55,0.57,3.52,0.02,-1,2603170,1469995.75
PRMH,2015-07-28,0.57,0.57,0.51,0.55,4.8,0.03,-1,3287330,1793000.75
PRMH,2015-07-27,0.53,0.53,0.51,0.52,-4.24,-0.02,-1,1419195,739021.88
PRMH,2015-07-26,0.56,0.56,0.53,0.54,1.43,0,-1,1414670,771073.5
PRMH,2015-07-22,0.56,0.56,0.5,0.54,5.28,0.03,-1,2744315,1469939
PRMH,2015-07-21,0.53,0.53,0.5,0.51,-1.12,-0.01,-1,682775,347618.84
PRMH,2015-07-16,0.52,0.52,0.51,0.52,4.28,0.03,-1,811185,417666.38
PRMH,2015-07-15,0.51,0.51,0.47,0.49,4.9,0.02,-1,953270,471099.03
PRMH,2015-07-14,0.48,0.48,0.46,0.47,2.94,0.01,-1,446200,210132.88
PRMH,2015-07-13,0.47,0.47,0.45,0.46,-3.64,-0.02,-1,151975,69650.36
PRMH,2015-07-12,0.49,0.49,0.46,0.48,1.65,0.01,-1,389400,184683.84
PRMH,2015-07-09,0.48,0.48,0.46,0.47,1.25,0.01,-1,378605,176576.45
PRMH,2015-07-08,0.48,0.48,0.44,0.46,-2.44,-0.01,-1,1036140,477825.66
PRMH,2015-07-07,0.49,0.49,0.47,0.47,0,-0.01,-1,308795,146315.06
PRMH,2015-07-06,0.51,0.51,0.47,0.48,-8.09,-0.04,-1,1058700,509450.5
PRMH,2015-07-05,0.53,0.53,0.5,0.52,-1.09,-0.01,-1,714740,374122.41
PRMH,2015-07-02,0.54,0.54,0.52,0.53,-1.08,0,-1,289855,153547.86
PRMH,2015-06-29,0.54,0.54,0.53,0.53,-1.42,-0.01,-1,582140,311004.03
PRMH,2015-06-28,0.55,0.55,0.53,0.54,1.44,0.01,-1,615680,334335.38
PRMH,2015-06-25,0.55,0.55,0.52,0.53,0.72,0,-1,679790,362879.44
PRMH,2015-06-24,0.54,0.54,0.52,0.53,1.47,0.01,-1,849690,451235.13
PRMH,2015-06-23,0.53,0.53,0.52,0.52,-0.11,-0.01,-1,143805,75272.55
PRMH,2015-06-22,0.54,0.54,0.52,0.53,-1.78,-0.01,-1,642070,340672.69
PRMH,2015-06-21,0.55,0.55,0.53,0.54,0.36,0,-1,319765,172793.38
PRMH,2015-06-18,0.54,0.54,0.53,0.54,-0.71,0,-1,372850,201012.06
PRMH,2015-06-17,0.55,0.55,0.53,0.54,0,0,-1,689685,373792.66
PRMH,2015-06-16,0.55,0.55,0.53,0.54,1.805054,0.01,-1,679275,368103.63
PRMH,2015-06-15,0.54,0.54,0.53,0.53,-1.071429,-0.01,-1,332940,177462.48
PRMH,2015-06-14,0.55,0.55,0.53,0.54,-2.78,-0.01,-1,881010,474734.53
PRMH,2015-06-11,0.56,0.56,0.54,0.55,-0.69,-0.01,-1,1172565,648555.13
PRMH,2015-06-10,0.58,0.58,0.54,0.56,1.05,0.01,-1,1336505,745850.94
PRMH,2015-06-09,0.57,0.57,0.53,0.55,-1.37,-0.01,-1,2398720,1323667.75
PRMH,2015-06-08,0.58,0.58,0.55,0.56,-2.68,-0.02,-1,1022475,572842.69
PRMH,2015-06-07,0.59,0.59,0.56,0.58,-2.29,-0.01,-1,1006940,579245.5
PRMH,2015-06-04,0.6,0.6,0.58,0.59,-0.65,0,-1,815005,479361.38
PRMH,2015-06-03,0.61,0.61,0.58,0.59,-0.96,-0.01,-1,2788635,1650067.88
PRMH,2015-06-02,0.61,0.61,0.58,0.6,-1.27,-0.01,-1,1792775,1073199.88
PRMH,2015-06-01,0.63,0.63,0.58,0.61,-2.17,-0.01,-1,2711505,1643405.63
PRMH,2015-05-31,0.63,0.63,0.61,0.62,-1.83,-0.01,-1,1774520,1097341.25
PRMH,2015-05-28,0.65,0.65,0.62,0.63,-2.67,-0.02,-1,2236125,1412034.25
PRMH,2015-05-27,0.66,0.66,0.63,0.65,1.51,0.01,-1,3693880,2392506
PRMH,2015-05-26,0.67,0.67,0.6,0.64,3.75,0.02,-1,6373970,4075581.25
PRMH,2015-05-25,0.63,0.63,0.6,0.62,1.59,0.01,-1,3545995,2183845.5
PRMH,2015-05-24,0.62,0.62,0.58,0.61,5.7,0.04,-1,4782360,2900709.75
PRMH,2015-05-21,0.59,0.59,0.56,0.57,4.2,0.02,-1,2550820,1463715.38
PRMH,2015-05-20,0.57,0.57,0.54,0.55,-1.72,-0.01,-1,1828355,1006183.94
PRMH,2015-05-19,0.58,0.58,0.54,0.56,5.05,0.03,-1,2800035,1566221.13
PRMH,2015-05-18,0.54,0.54,0.49,0.53,7.78,0.04,-1,738190,392980.44
PRMH,2015-05-17,0.52,0.52,0.48,0.49,-1.53,-0.01,-1,871310,430715.56
PRMH,2015-05-14,0.53,0.53,0.49,0.5,-7.12,-0.04,-1,926945,465829.56
PRMH,2015-05-13,0.56,0.56,0.53,0.54,-3.77,-0.02,-1,1579050,853899.25
PRMH,2015-05-12,0.58,0.58,0.56,0.56,-1.35,-0.01,-1,925990,520316.06
PRMH,2015-05-11,0.58,0.58,0.56,0.57,-1,-0.01,-1,1116885,634862.44
PRMH,2015-05-10,0.58,0.58,0.57,0.58,-1.32,0,-1,1108640,637405.13
PRMH,2015-05-07,0.6,0.6,0.58,0.58,-1.3,-0.01,-1,1367035,796236.75
PRMH,2015-05-06,0.6,0.6,0.58,0.59,1.99,0.01,-1,5455235,3217255
PRMH,2015-05-05,0.59,0.59,0.57,0.58,2.38,0.01,-1,1803850,1044752.44
PRMH,2015-05-04,0.57,0.57,0.55,0.57,-0.68,0,-1,909740,514512.38
PRMH,2015-05-03,0.58,0.58,0.56,0.57,-3.58,-0.02,-1,1140430,648882.13
PRMH,2015-04-30,0.6,0.6,0.58,0.59,3.37,0.02,-1,2134570,1261239
PRMH,2015-04-29,0.6,0.6,0.54,0.57,3.13,0.02,-1,2297725,1314103.25
PRMH,2015-04-28,0.58,0.58,0.54,0.55,-3.03,-0.02,-1,2234380,1236929.75
PRMH,2015-04-27,0.6,0.6,0.55,0.57,-3.57,-0.02,-1,3051705,1741218.5
PRMH,2015-04-26,0.6,0.6,0.59,0.59,-1.6,-0.01,-1,409410,242175.5625
PRMH,2015-04-23,0.61,0.61,0.59,0.6,1.29,0.01,-1,1754495,1056283.625
PRMH,2015-04-22,0.6,0.6,0.58,0.59,-0.32,-0.01,-1,974510,579123.3125
PRMH,2015-04-21,0.61,0.61,0.59,0.6,0,0,-1,652480,389063.75
PRMH,2015-04-20,0.61,0.61,0.59,0.6,-1.59,-0.01,-1,1077965,642379.875
PRMH,2015-04-19,0.62,0.62,0.6,0.61,-0.32,0,-1,1405135,850345.875
PRMH,2015-04-16,0.61,0.61,0.6,0.61,0,0,-1,1165630,708716.625
PRMH,2015-04-15,0.63,0.63,0.59,0.61,-2.77,-0.02,-1,1474035,896648.6875
PRMH,2015-04-14,0.63,0.63,0.62,0.63,-0.31,0,-1,671580,419925.40625
PRMH,2015-04-09,0.64,0.64,0.62,0.63,0.31,0,-1,1068610,670328.6875
PRMH,2015-04-08,0.64,0.64,0.58,0.63,-1.52,0,-1,2128885,1331777
PRMH,2015-04-07,0.64,0.64,0.63,0.63,3.77,0.02,-1,2030505,1288945.5
PRMH,2015-04-06,0.65,0.65,0.58,0.61,-1.24,-0.01,-1,3044815,1863215.375
PRMH,2015-04-05,0.64,0.64,0.6,0.62,-4.45,-0.03,-1,2698460,1668522.375
PRMH,2015-04-02,0.68,0.68,0.63,0.65,-3.99,-0.03,-1,3313580,2145907.25
PRMH,2015-04-01,0.69,0.69,0.66,0.68,-3.04,-0.02,-1,1870580,1263622.375
PRMH,2015-03-31,0.71,0.71,0.68,0.7,2.84,0.02,-1,2395515,1667143.75
PRMH,2015-03-30,0.7,0.7,0.65,0.68,3.53,0.03,-1,4044385,2736897.25
PRMH,2015-03-29,0.66,0.66,0.65,0.65,0.59,0,-1,1349055,881800.5
PRMH,2015-03-26,0.66,0.66,0.62,0.65,-3.15,-0.02,-1,2832775,1841168.75
PRMH,2015-03-25,0.7,0.7,0.65,0.67,-5.68,-0.04,-1,3077365,2066061.5
PRMH,2015-03-24,0.73,0.73,0.69,0.71,-0.8,-0.01,-1,1926930,1369361.125
PRMH,2015-03-23,0.73,0.73,0.71,0.72,-1.32,-0.01,-1,4094550,2933194.75
PRMH,2015-03-22,0.74,0.74,0.72,0.73,-1.31,-0.01,-1,1385040,1006794.8125
PRMH,2015-03-19,0.76,0.76,0.72,0.74,2.41,0.02,-1,4859420,3577546.5
PRMH,2015-03-18,0.73,0.73,0.71,0.72,-2.6,-0.02,-1,1968030,1414105.875
PRMH,2015-03-17,0.76,0.76,0.73,0.74,-1.29,-0.01,-1,1806290,1335195.625
PRMH,2015-03-16,0.77,0.77,0.73,0.75,-2.99,-0.02,-1,1809180,1351815.5
PRMH,2015-03-15,0.79,0.79,0.76,0.77,0,0,-1,1931895,1490340.625
PRMH,2015-03-12,0.79,0.79,0.76,0.77,-0.74,-0.01,-1,3515580,2710261
PRMH,2015-03-11,0.8,0.8,0.77,0.78,-3.35,-0.02,-1,4063260,3156426.5
PRMH,2015-03-10,0.82,0.82,0.79,0.8,-0.95,-0.01,-1,1153340,927527.6875
PRMH,2015-03-09,0.82,0.82,0.81,0.81,-0.47,-0.01,-1,997490,810342.3125
PRMH,2015-03-08,0.83,0.83,0.81,0.82,0,0,-1,1805575,1471509.25
PRMH,2015-03-05,0.83,0.83,0.81,0.82,1.19,0.01,-1,2657420,2169191.25
PRMH,2015-03-04,0.81,0.81,0.8,0.81,-0.48,0,-1,1816740,1464727.875
PRMH,2015-03-03,0.82,0.82,0.8,0.81,0.24,0,-1,1635710,1323771
PRMH,2015-03-02,0.82,0.82,0.8,0.81,1.69,0.02,-1,1457505,1177477.375
PRMH,2015-03-01,0.81,0.81,0.77,0.79,0.49,0,-1,2427390,1926347
PRMH,2015-02-26,0.81,0.81,0.78,0.79,-1.91,-0.02,-1,3465530,2740957
PRMH,2015-02-25,0.82,0.82,0.8,0.81,-1.41,-0.01,-1,1473845,1188323.5
PRMH,2015-02-24,0.83,0.83,0.81,0.82,-0.23,0,-1,1308420,1069239
PRMH,2015-02-23,0.84,0.84,0.81,0.82,-0.93,-0.01,-1,2084540,1706276.5
PRMH,2015-02-22,0.85,0.85,0.8,0.83,2.14,0.02,-1,2229735,1842355.5
PRMH,2015-02-19,0.85,0.85,0.78,0.81,-2.77,-0.02,-1,6128355,4966693
PRMH,2015-02-18,0.86,0.86,0.81,0.83,1.64,0.01,-1,2938955,2448689.75
PRMH,2015-02-17,0.85,0.85,0.78,0.82,-2.52,-0.02,-1,2747190,2252154
PRMH,2015-02-16,0.88,0.88,0.8,0.84,-5.62,-0.05,-1,4212050,3539956.25
PRMH,2015-02-15,0.9,0.9,0.88,0.89,1.54,0.01,-1,746415,664979.0625
PRMH,2015-02-12,0.89,0.89,0.86,0.88,-1.3,-0.01,-1,2184740,1915395.875
PRMH,2015-02-11,0.9,0.9,0.87,0.89,-0.65,0,-1,1542675,1370278
PRMH,2015-02-10,0.92,0.92,0.88,0.89,-1.27,-0.02,-1,1618625,1447730.25
PRMH,2015-02-09,0.92,0.92,0.89,0.91,-0.84,0,-1,1364010,1235710.875
PRMH,2015-02-08,0.93,0.93,0.91,0.91,0,0,-1,2535560,2316382
PRMH,2015-02-05,0.93,0.93,0.91,0.91,-1.04,-0.01,-1,5505240,5029965
PRMH,2015-02-04,0.94,0.94,0.91,0.92,-0.62,-0.01,-1,1100215,1014541.375
PRMH,2015-02-03,0.95,0.95,0.92,0.93,1.05,0.01,-1,3762795,3494645.25
PRMH,2015-02-02,0.93,0.93,0.91,0.92,1.92,0.02,-1,1563495,1436081.25
PRMH,2015-02-01,0.91,0.91,0.9,0.9,-0.85,-0.01,-1,1183830,1068106
PRMH,2015-01-29,0.92,0.92,0.9,0.91,-1.05,-0.01,-1,1998880,1819915
PRMH,2015-01-28,0.94,0.94,0.9,0.92,-0.83,-0.01,-1,2403475,2210367.5
PRMH,2015-01-27,0.95,0.95,0.91,0.93,1.05,0.01,-1,4444275,4116018.25
PRMH,2015-01-26,0.93,0.93,0.9,0.92,-1.04,-0.01,-1,1484715,1361201.75
PRMH,2015-01-22,0.95,0.95,0.92,0.93,-0.82,0,-1,2703280,2504277.25
PRMH,2015-01-21,0.95,0.95,0.93,0.93,-1.02,-0.01,-1,4420665,4129754
PRMH,2015-01-20,0.96,0.96,0.93,0.94,1.24,0.01,-1,6065975,5722996.5
PRMH,2015-01-19,0.95,0.95,0.92,0.93,-0.82,-0.01,-1,4760705,4442561
PRMH,2015-01-18,0.96,0.96,0.93,0.94,-1.81,-0.02,-1,1530160,1440166.75
PRMH,2015-01-15,0.98,0.98,0.94,0.96,-1.39,-0.01,-1,4768330,4568416.5
PRMH,2015-01-14,0.99,0.99,0.95,0.97,0.8,0.01,-1,3159170,3066037.25
PRMH,2015-01-13,0.99,0.99,0.92,0.96,2.24,0.02,-1,6650470,6407722
PRMH,2015-01-12,0.96,0.96,0.9,0.94,4.48,0.04,-1,6181080,5820998.5
PRMH,2015-01-11,0.92,0.92,0.89,0.9,-1.47,-0.02,-1,1336585,1204740.5
PRMH,2015-01-08,0.93,0.93,0.9,0.92,1.71,0.02,-1,1935905,1770992.875
PRMH,2015-01-06,0.92,0.92,0.89,0.9,-4.1,-0.04,-1,3485190,3135803
PRMH,2015-01-05,0.96,0.96,0.92,0.94,-2.01,-0.02,-1,3911555,3668856
PRMH,2015-01-04,0.99,0.99,0.93,0.96,5.51,0.05,-1,6209285,5941056
PRMH,2014-12-31,0.94,0.94,0.88,0.91,-0.84,-0.01,-1,5643500,5127296.5
PRMH,2014-12-30,0.95,0.95,0.89,0.92,3.03,0.03,-1,5324675,4876885
PRMH,2014-12-29,0.92,0.92,0.83,0.89,6.45,0.06,-1,5864340,5206867.5
PRMH,2014-12-28,0.85,0.85,0.82,0.83,-0.23,-0.01,-1,2827285,2360763
PRMH,2014-12-25,0.86,0.86,0.82,0.84,-2.68,-0.02,-1,1973615,1649205.25
PRMH,2014-12-24,0.87,0.87,0.85,0.86,0.45,0,-1,1279870,1100097.375
PRMH,2014-12-23,0.88,0.88,0.84,0.86,-1.33,-0.01,-1,2084820,1782666.625
PRMH,2014-12-22,0.88,0.88,0.85,0.87,-0.22,0,-1,1438875,1248149.625
PRMH,2014-12-21,0.9,0.9,0.86,0.87,4.39,0.04,-1,3424065,2976933.75
PRMH,2014-12-18,0.87,0.87,0.8,0.83,3.84,0.03,-1,2919635,2432289
PRMH,2014-12-17,0.88,0.88,0.77,0.8,-5.87,-0.05,-1,3620900,2903607.75
PRMH,2014-12-16,0.88,0.88,0.83,0.85,-5.94,-0.06,-1,2413075,2054638
PRMH,2014-12-15,0.94,0.94,0.88,0.91,0.86,0.01,-1,1764645,1599001.75
PRMH,2014-12-14,0.93,0.93,0.88,0.9,-8.07,-0.08,-1,2147880,1928664.625
PRMH,2014-12-11,1.01,1.01,0.96,0.98,-3.79,-0.04,-1,3138315,3065699
PRMH,2014-12-10,1.04,1.04,0.99,1.02,0,0,-1,2745590,2785784.75
PRMH,2014-12-09,1.05,1.05,0.99,1.02,-3.3,-0.03,-1,2486150,2524214.75
PRMH,2014-12-08,1.07,1.07,1.03,1.05,-1.09,-0.01,-1,4965780,5210155
PRMH,2014-12-07,1.09,1.09,1.04,1.06,-0.36,-0.01,-1,4266785,4530794.5
PRMH,2014-12-04,1.08,1.08,1.05,1.07,0.54,0.01,-1,3176545,3382228.5
PRMH,2014-12-03,1.07,1.07,1.04,1.06,0.55,0.01,-1,2295855,2432130.75
PRMH,2014-12-02,1.09,1.09,1.04,1.05,-2.66,-0.03,-1,3650760,3847071.25
PRMH,2014-12-01,1.1,1.1,1.06,1.08,0.18,0,-1,3497010,3783721.75
PRMH,2014-11-30,1.11,1.11,1.05,1.08,1.26,0.01,-1,5986155,6474005
PRMH,2014-11-27,1.08,1.08,1.04,1.07,1.65,0.02,-1,3748055,3997447.5
PRMH,2014-11-26,1.07,1.07,1.03,1.05,0.55,0.01,-1,2154470,2261442.5
PRMH,2014-11-25,1.07,1.07,1.02,1.04,0,0,-1,4139170,4326212.5
PRMH,2014-11-24,1.1,1.1,1.01,1.04,-4.4,-0.05,-1,4815490,5027682
PRMH,2014-11-23,1.12,1.12,1.08,1.09,-0.18,0,-1,4784320,5228590.5
PRMH,2014-11-20,1.12,1.12,1.08,1.09,-0.87,-0.01,-1,10426015,11404533
PRMH,2014-11-19,1.14,1.14,1.07,1.1,4.94,0.05,-1,9397275,10371563
PRMH,2014-11-18,1.08,1.08,0.98,1.05,6.63,0.06,-1,14743945,15515099
PRMH,2014-11-17,1.01,1.01,0.97,0.99,-2.29,-0.02,-1,5689945,5616897
PRMH,2014-11-16,1.05,1.05,0.98,1.01,1.94,0.02,-1,8383485,8456900
PRMH,2014-11-13,1.02,1.02,0.95,0.99,-1.15,-0.01,-1,10067870,9970424
PRMH,2014-11-12,1.04,1.04,0.97,1,-1.7,-0.02,-1,14035860,14071020
PRMH,2014-11-11,1.06,1.06,0.99,1.02,5.37,0.05,-1,12270890,12497139
PRMH,2014-11-10,0.98,0.98,0.89,0.97,8.17,0.08,-1,14888570,14411072
PRMH,2014-11-09,0.92,0.92,0.88,0.89,0.65,0,-1,3615170,3234213.25
PRMH,2014-11-06,0.92,0.92,0.86,0.89,-2.74,-0.02,-1,8308700,7377629.5
PRMH,2014-11-05,0.94,0.94,0.89,0.91,3.04,0.02,-1,6828390,6239622
PRMH,2014-11-04,0.91,0.91,0.82,0.89,6.71,0.06,-1,21643565,19196916
PRMH,2014-11-03,0.86,0.86,0.81,0.83,-2.04,-0.02,-1,6745215,5598139
PRMH,2014-11-02,0.9,0.9,0.82,0.85,2.08,0.02,-1,5618515,4768043.5
PRMH,2014-10-30,0.87,0.87,0.81,0.83,-0.92,-0.01,-1,7861825,6538639.5
PRMH,2014-10-29,0.85,0.85,0.82,0.84,9,0.07,-1,12303965,10326901
PRMH,2014-10-28,0.79,0.79,0.72,0.77,6.95,0.05,-1,5327690,4097496
PRMH,2014-10-27,0.74,0.74,0.71,0.72,-1.84,-0.01,-1,2150250,1548366
PRMH,2014-10-26,0.75,0.75,0.72,0.73,-2.31,-0.02,-1,2396010,1756908.875
PRMH,2014-10-23,0.77,0.77,0.74,0.75,-1.02,-0.01,-1,3122375,2343023.75
PRMH,2014-10-22,0.77,0.77,0.74,0.76,1.81,0.02,-1,3858950,2923364
PRMH,2014-10-21,0.76,0.76,0.72,0.74,3.75,0.02,-1,4606025,3423832.75
PRMH,2014-10-20,0.74,0.74,0.69,0.72,0,0,-1,3813140,2736316.25
PRMH,2014-10-19,0.76,0.76,0.68,0.72,-2.86,-0.02,-1,6462190,4629462.5
PRMH,2014-10-16,0.78,0.78,0.7,0.74,-5.19,-0.04,-1,5935365,4387311.5
PRMH,2014-10-15,0.81,0.81,0.75,0.78,-0.74,0,-1,5607830,4362290.5
PRMH,2014-10-14,0.82,0.82,0.74,0.78,-1.45,-0.02,-1,11578640,9074542
PRMH,2014-10-13,0.82,0.82,0.75,0.8,-2.13,-0.01,-1,6629120,5273635
PRMH,2014-10-12,0.86,0.86,0.75,0.81,-1.63,-0.02,-1,12629590,10262503
PRMH,2014-10-09,0.85,0.85,0.79,0.83,6.7,0.05,-1,19688335,16283438
PRMH,2014-10-08,0.8,0.8,0.73,0.78,6.9,0.05,-1,20767190,16096700
PRMH,2014-10-02,0.74,0.74,0.69,0.73,3.57,0.03,-1,6113570,4428998.5
PRMH,2014-10-01,0.71,0.71,0.7,0.7,-0.55,0,-1,1781520,1248286.5
PRMH,2014-09-30,0.71,0.71,0.7,0.7,-0.27,-0.01,-1,2148915,1512157.625
PRMH,2014-09-29,0.71,0.71,0.7,0.71,1.66,0.02,-1,2378310,1677282.125
PRMH,2014-09-28,0.7,0.7,0.68,0.69,0.28,0,-1,1773875,1230042.125
PRMH,2014-09-25,0.72,0.72,0.68,0.69,-1.37,-0.01,-1,2122545,1471130.375
PRMH,2014-09-24,0.72,0.72,0.69,0.7,-2.14,-0.02,-1,1992155,1399912.375
PRMH,2014-09-23,0.73,0.73,0.71,0.72,-1.06,-0.01,-1,1387485,994969.125
PRMH,2014-09-22,0.74,0.74,0.72,0.73,-2.61,-0.01,-1,2870110,2080614.25
PRMH,2014-09-21,0.75,0.75,0.72,0.74,0.8,0.02,-1,2419560,1779814.5
PRMH,2014-09-18,0.74,0.74,0.7,0.72,2.17,0.01,-1,7532905,5451359
PRMH,2014-09-17,0.71,0.71,0.7,0.71,-0.54,0,-1,1503240,1064786.75
PRMH,2014-09-16,0.72,0.72,0.7,0.71,0.54,0,-1,2929185,2081787.125
PRMH,2014-09-15,0.72,0.72,0.69,0.71,0.27,0,-1,2361845,1671752
PRMH,2014-09-14,0.73,0.73,0.68,0.71,1.38,0.01,-1,2081790,1468585.375
PRMH,2014-09-11,0.72,0.72,0.67,0.7,-1.36,-0.01,-1,4599500,3200009
PRMH,2014-09-10,0.73,0.73,0.68,0.71,-2.39,-0.01,-1,4278575,3019549
PRMH,2014-09-09,0.75,0.75,0.71,0.72,-3.59,-0.03,-1,4842595,3504457
PRMH,2014-09-08,0.77,0.77,0.73,0.75,-2.99,-0.02,-1,4509450,3384832
PRMH,2014-09-07,0.79,0.79,0.77,0.77,0,0,-1,2350540,1816842
PRMH,2014-09-04,0.78,0.78,0.77,0.77,-0.99,-0.01,-1,1704890,1316591.625
PRMH,2014-09-03,0.8,0.8,0.77,0.78,-0.98,-0.01,-1,3552535,2772032.25
PRMH,2014-09-02,0.8,0.8,0.78,0.79,1.74,0.01,-1,8059330,6358996.5
PRMH,2014-09-01,0.78,0.78,0.76,0.78,0.5,0.01,-1,4447565,3444522.25
PRMH,2014-08-31,0.78,0.78,0.76,0.77,0,0,-1,2227035,1718021.5
PRMH,2014-08-28,0.79,0.79,0.76,0.77,0.75,0,-1,4040560,3117262.25
PRMH,2014-08-27,0.78,0.78,0.75,0.77,-0.5,0,-1,3042970,2326438
PRMH,2014-08-26,0.78,0.78,0.76,0.77,-1.23,-0.01,-1,3934760,3026991.25
PRMH,2014-08-25,0.79,0.79,0.76,0.78,-0.74,0,-1,7301480,5683193
PRMH,2014-08-24,0.8,0.8,0.77,0.78,1.24,0,-1,5561230,4367745
PRMH,2014-08-21,0.79,0.79,0.76,0.78,-1.95,-0.01,-1,6251390,4846055
PRMH,2014-08-20,0.82,0.82,0.76,0.79,-1.67,-0.01,-1,5754615,4545529.5
PRMH,2014-08-19,0.82,0.82,0.78,0.8,1.21,0.01,-1,9317140,7489198
PRMH,2014-08-18,0.82,0.82,0.77,0.79,-1.9,-0.02,-1,7679300,6092591
PRMH,2014-08-17,0.83,0.83,0.78,0.81,6.58,0.05,-1,15823810,12809026
PRMH,2014-08-14,0.78,0.78,0.74,0.76,1.02,0.01,-1,9818415,7451368
PRMH,2014-08-13,0.77,0.77,0.74,0.75,-0.51,-0.01,-1,4204985,3165496.5
PRMH,2014-08-12,0.77,0.77,0.75,0.76,-0.51,0,-1,5894725,4460514
PRMH,2014-08-11,0.77,0.77,0.73,0.76,2.33,0.02,-1,5599010,4250107
PRMH,2014-08-10,0.75,0.75,0.73,0.74,-3.02,-0.03,-1,4369665,3247118.75
PRMH,2014-08-07,0.78,0.78,0.74,0.77,-0.5,0,-1,8201615,6273213.5
PRMH,2014-08-06,0.79,0.79,0.75,0.77,-0.99,-0.01,-1,7331895,5646122.5
PRMH,2014-08-05,0.81,0.81,0.75,0.78,4.66,0.04,-1,20092635,15595440
PRMH,2014-08-04,0.75,0.75,0.72,0.74,3.49,0.02,-1,10300985,7650459
PRMH,2014-08-03,0.73,0.73,0.71,0.72,-2.36,-0.01,-1,4757280,3410381
PRMH,2014-07-31,0.75,0.75,0.73,0.73,0,0,-1,4876345,3583717
PRMH,2014-07-27,0.73,0.73,0.71,0.73,0.27,0,-1,2159165,1570065.25
PRMH,2014-07-24,0.73,0.73,0.72,0.73,1.07,0.01,-1,3625465,2631241
PRMH,2014-07-22,0.74,0.74,0.71,0.72,0.54,0.01,-1,2634325,1890617.125
PRMH,2014-07-21,0.72,0.72,0.7,0.71,-1.07,-0.01,-1,2068645,1475290.5
PRMH,2014-07-20,0.74,0.74,0.71,0.72,-2.85,-0.02,-1,4578440,3301104.25
PRMH,2014-07-17,0.75,0.75,0.72,0.74,3.49,0.02,-1,8523605,6334326.5
PRMH,2014-07-16,0.74,0.74,0.68,0.72,4.78,0.04,-1,15221430,10913758
PRMH,2014-07-15,0.69,0.69,0.68,0.68,1.14,0,-1,1160100,793751.25
PRMH,2014-07-14,0.68,0.68,0.67,0.68,0,0,-1,1620910,1098415.125
PRMH,2014-07-13,0.68,0.68,0.67,0.68,-0.28,0,-1,986450,667419.9375
PRMH,2014-07-10,0.69,0.69,0.68,0.68,-1.67,-0.01,-1,2225415,1511279.125
PRMH,2014-07-09,0.7,0.7,0.68,0.69,0,0,-1,1953250,1349549.25
PRMH,2014-07-08,0.7,0.7,0.68,0.69,0.28,0,-1,2879905,1989171.75
PRMH,2014-07-07,0.7,0.7,0.68,0.69,-1.38,-0.01,-1,1970205,1357946.625
PRMH,2014-07-06,0.71,0.71,0.69,0.7,-0.27,0,-1,4380370,3060666
PRMH,2014-07-03,0.71,0.71,0.69,0.7,1.96,0.01,-1,4598270,3217150.25
PRMH,2014-07-02,0.7,0.7,0.67,0.69,0,0,-1,2853640,1957345.125
PRMH,2014-06-30,0.7,0.7,0.67,0.69,2,0.02,-1,3159590,2171129
PRMH,2014-06-29,0.68,0.68,0.65,0.67,0,0,-1,2696805,1813710
PRMH,2014-06-26,0.69,0.69,0.66,0.67,2.04,0.01,-1,2541550,1710259.125
PRMH,2014-06-25,0.68,0.68,0.63,0.66,-2.28,-0.02,-1,3188125,2105992.75
PRMH,2014-06-24,0.7,0.7,0.65,0.68,-3.84,-0.02,-1,4817125,3249896.5
PRMH,2014-06-23,0.71,0.71,0.69,0.7,-0.54,-0.01,-1,2807145,1971754.25
PRMH,2014-06-22,0.73,0.73,0.7,0.71,0,0,-1,3167885,2236573
PRMH,2014-06-19,0.73,0.73,0.69,0.71,-1.61,-0.01,-1,5343670,3773769.5
PRMH,2014-06-18,0.74,0.74,0.69,0.72,3.9,0.03,-1,8025295,5756500
PRMH,2014-06-17,0.72,0.72,0.67,0.69,-2.71,-0.02,-1,6986935,4818545.5
PRMH,2014-06-16,0.75,0.75,0.69,0.71,-5.14,-0.04,-1,7896555,5610938
PRMH,2014-06-15,0.76,0.76,0.73,0.75,1.04,0.01,-1,6167530,4610879
PRMH,2014-06-12,0.76,0.76,0.72,0.74,1.32,0.01,-1,8355885,6181769.5
PRMH,2014-06-11,0.75,0.75,0.72,0.73,2.15,0.01,-1,5096960,3729179.5
PRMH,2014-06-10,0.73,0.73,0.7,0.72,-2.62,-0.01,-1,3454585,2470457.75
PRMH,2014-06-09,0.76,0.76,0.71,0.73,0,0,-1,6301680,4624695.5
PRMH,2014-06-05,0.75,0.75,0.71,0.73,5.52,0.03,-1,7949440,5843453.5
PRMH,2014-06-04,0.71,0.71,0.66,0.7,3.13,0.02,-1,5921645,4119768.75
PRMH,2014-06-03,0.7,0.7,0.65,0.68,5.41,0.04,-1,4986750,3370661
PRMH,2014-06-02,0.67,0.67,0.61,0.64,3.1,0.02,-1,5644840,3613276
PRMH,2014-06-01,0.66,0.66,0.61,0.62,-7.71,-0.05,-1,6249670,3880471
PRMH,2014-05-29,0.74,0.74,0.65,0.67,-6.67,-0.05,-1,12634135,8508566
PRMH,2014-05-28,0.74,0.74,0.7,0.72,-3.6,-0.03,-1,7110515,5124569.5
PRMH,2014-05-26,0.79,0.79,0.71,0.75,-4.19,-0.03,-1,15521485,11600609
PRMH,2014-05-25,0.8,0.8,0.76,0.78,3.05,0.02,-1,8952685,6989326.5
PRMH,2014-05-22,0.8,0.8,0.72,0.76,2.87,0.02,-1,13585625,10291907
PRMH,2014-05-21,0.76,0.76,0.72,0.74,3.23,0.03,-1,6360210,4684814.5
PRMH,2014-05-20,0.73,0.73,0.66,0.71,8.16,0.05,-1,19187325,13698797
PRMH,2014-05-19,0.67,0.67,0.63,0.66,-0.29,0,-1,1854670,1221834.75
PRMH,2014-05-18,0.68,0.68,0.65,0.66,-1.15,-0.01,-1,3368170,2229937
PRMH,2014-05-15,0.68,0.68,0.66,0.67,-0.29,0,-1,5075720,3396049.5
PRMH,2014-05-14,0.68,0.68,0.66,0.67,2.65,0.02,-1,6187725,4153720
PRMH,2014-05-13,0.66,0.66,0.64,0.65,2.1,0.01,-1,3955225,2583567.75
PRMH,2014-05-12,0.65,0.65,0.63,0.64,-0.89,-0.01,-1,2759380,1769658.5
PRMH,2014-05-11,0.66,0.66,0.64,0.65,0.6,0.01,-1,2235865,1443292.875
PRMH,2014-05-08,0.65,0.65,0.63,0.64,-2.05,-0.02,-1,2694085,1728986
PRMH,2014-05-07,0.68,0.68,0.64,0.66,2.1,0.02,-1,8099525,5313395
PRMH,2014-05-06,0.65,0.65,0.63,0.64,0.3,0,-1,3515115,2257750
PRMH,2014-05-05,0.65,0.65,0.63,0.64,-2.35,-0.02,-1,2581495,1652039.25
PRMH,2014-05-04,0.67,0.67,0.64,0.66,0.89,0.01,-1,3680485,2414298
PRMH,2014-04-30,0.67,0.67,0.64,0.65,2.42,0.02,-1,3983220,2591595.25
PRMH,2014-04-29,0.66,0.66,0.61,0.63,-0.6,-0.01,-1,4177920,2654916
PRMH,2014-04-28,0.67,0.67,0.61,0.64,-5.41,-0.04,-1,5955090,3807716.75
PRMH,2014-04-27,0.7,0.7,0.66,0.68,-2.5,-0.01,-1,5148410,3477051.25
PRMH,2014-04-23,0.71,0.71,0.68,0.69,-1.37,-0.01,-1,6501750,4506433.5
PRMH,2014-04-22,0.73,0.73,0.68,0.7,3.69,0.02,-1,10764380,7546129
PRMH,2014-04-17,0.69,0.69,0.66,0.68,-0.56,0,-1,4395705,2975029.25
PRMH,2014-04-16,0.71,0.71,0.65,0.68,-0.28,0,-1,10188490,6945275.5
PRMH,2014-04-15,0.7,0.7,0.67,0.68,-0.84,-0.01,-1,9828050,6715033.5
PRMH,2014-04-14,0.72,0.72,0.65,0.69,0.56,0.01,-1,8168455,5628913
PRMH,2014-04-13,0.74,0.74,0.63,0.68,1.14,0,-1,10267040,7024132.5
PRMH,2014-04-10,0.68,0.68,0.64,0.68,8.98,0.06,-1,11132860,7535932.5
PRMH,2014-04-09,0.64,0.64,0.57,0.62,6.95,0.04,-1,9241940,5741048
PRMH,2014-04-08,0.59,0.59,0.53,0.58,8.24,0.04,-1,8430315,4896801
PRMH,2014-04-07,0.59,0.59,0.5,0.54,-3.46,-0.02,-1,6240785,3353599
PRMH,2014-04-06,0.61,0.61,0.53,0.56,-4.93,-0.02,-1,7485480,4157256.25
PRMH,2014-04-03,0.63,0.63,0.58,0.58,-9.25,-0.06,-1,5747595,3358910
PRMH,2014-04-02,0.7,0.7,0.61,0.64,-2.05,-0.02,-1,6480730,4176214.25
PRMH,2014-04-01,0.69,0.69,0.62,0.66,-1.72,-0.01,-1,3127530,2055071.625
PRMH,2014-03-31,0.74,0.74,0.64,0.67,-6.2,-0.04,-1,9222650,6171650
PRMH,2014-03-30,0.75,0.75,0.69,0.71,-6.78,-0.06,-1,5988625,4273717.5
PRMH,2014-03-27,0.83,0.83,0.68,0.77,1.79,0.02,-1,11875375,9099625
PRMH,2014-03-26,0.77,0.77,0.69,0.75,8.01,0.05,-1,13551630,10197041
PRMH,2014-03-25,0.71,0.71,0.68,0.7,-0.28,0,-1,3965330,2757569.25
PRMH,2014-03-24,0.72,0.72,0.68,0.7,-3.2,-0.02,-1,3953395,2757324
PRMH,2014-03-23,0.75,0.75,0.7,0.72,0,0,-1,3118410,2248474.75
PRMH,2014-03-20,0.75,0.75,0.69,0.72,-4.82,-0.04,-1,7905790,5695571
PRMH,2014-03-19,0.78,0.78,0.74,0.76,-0.51,0,-1,4749765,3598854.25
PRMH,2014-03-18,0.78,0.78,0.74,0.76,-0.75,-0.01,-1,7803860,5937027.5
PRMH,2014-03-17,0.79,0.79,0.74,0.77,0.25,0,-1,4535805,3479004.25
PRMH,2014-03-16,0.83,0.83,0.72,0.77,1.79,0.02,-1,11408470,8740576
PRMH,2014-03-13,0.8,0.8,0.75,0.75,-9.49,-0.08,-1,10544400,7931190.5
PRMH,2014-03-12,0.93,0.93,0.77,0.83,-2.26,-0.02,-1,25002160,20750104
PRMH,2014-03-11,0.86,0.86,0.78,0.85,8.87,0.07,-1,9246250,7854462.5
PRMH,2014-03-10,0.79,0.79,0.66,0.78,8.56,0.06,-1,20871110,16303308
PRMH,2014-03-09,0.72,0.72,0.71,0.72,9.68,0.06,-1,8177025,5877845.5
PRMH,2014-03-06,0.66,0.66,0.62,0.66,9.29,0.06,-1,9894895,6485004
PRMH,2014-03-05,0.6,0.6,0.58,0.6,9.47,0.05,-1,13281510,7978983.5
PRMH,2014-03-04,0.56,0.56,0.5,0.55,8.37,0.04,-1,6755415,3706248
PRMH,2014-03-03,0.55,0.55,0.48,0.51,-0.75,0,-1,8153540,4118284.25
PRMH,2014-03-02,0.51,0.51,0.49,0.51,9.5,0.04,-1,14065865,7159095
PRMH,2014-02-27,0.48,0.48,0.44,0.47,7.56,0.04,-1,9302395,4334903.5
PRMH,2014-02-26,0.45,0.45,0.4,0.43,4.65,0.02,-1,9055095,3919030.75
PRMH,2014-02-25,0.43,0.43,0.41,0.41,-3.15,-0.02,-1,4712940,1946917.875
PRMH,2014-02-24,0.44,0.44,0.41,0.43,3.26,0.02,-1,8564480,3653190.75
PRMH,2014-02-23,0.43,0.43,0.4,0.41,4.878049,0.02,-1,7880480,3260468.25
PRMH,2014-02-20,0.4,0.4,0.38,0.39,-0.49,-0.01,-1,6767015,2662725
PRMH,2014-02-19,0.41,0.41,0.39,0.4,-0.48,0,-1,1943645,769488.25
PRMH,2014-02-18,0.41,0.41,0.38,0.4,5.61,0.02,-1,7018180,2787180.5
PRMH,2014-02-17,0.39,0.39,0.37,0.38,-0.51,0,-1,2270435,856984.6875
PRMH,2014-02-16,0.38,0.38,0.37,0.38,0,0,-1,3370345,1279537.375
PRMH,2014-02-13,0.39,0.39,0.37,0.38,-3.43,-0.01,-1,3213080,1214531.125
PRMH,2014-02-12,0.41,0.41,0.39,0.39,4.62,0.01,-1,5599195,2199797
PRMH,2014-02-11,0.39,0.39,0.35,0.38,5.41,0.02,-1,8287800,3105050.5
PRMH,2014-02-10,0.36,0.36,0.35,0.36,-0.54,0,-1,2774735,987378.6875
PRMH,2014-02-09,0.36,0.36,0.35,0.36,2.2,0.01,-1,3183720,1139746.625
PRMH,2014-02-06,0.36,0.36,0.35,0.35,0,0,-1,1830755,641725.875
PRMH,2014-02-05,0.35,0.35,0.35,0.35,0.55,0,-1,1981945,693468.625
PRMH,2014-02-04,0.36,0.36,0.34,0.35,-0.55,0,-1,2576185,896624.8125
PRMH,2014-02-03,0.36,0.36,0.35,0.35,-2.67,-0.01,-1,4722000,1654354.375
PRMH,2014-02-02,0.37,0.37,0.35,0.36,2.19,0.01,-1,3111500,1119380
PRMH,2014-01-30,0.36,0.36,0.33,0.35,4.57,0.01,-1,4912335,1724820.875
PRMH,2014-01-29,0.34,0.34,0.33,0.34,-1.13,0,-1,2723035,916257.375
PRMH,2014-01-28,0.35,0.35,0.34,0.34,2.31,0.01,-1,3098035,1056137.625
PRMH,2014-01-27,0.34,0.34,0.33,0.33,0,0,-1,2621015,872156.4375
PRMH,2014-01-26,0.34,0.34,0.33,0.33,-2.81,-0.01,-1,1989240,661061.125
PRMH,2014-01-23,0.35,0.35,0.33,0.34,2.89,0.01,-1,7489275,2564337
PRMH,2014-01-22,0.34,0.34,0.33,0.33,1.76,0,-1,2162475,720908.5625
PRMH,2014-01-21,0.34,0.34,0.32,0.33,1.8,0.01,-1,3547610,1157877.625
PRMH,2014-01-20,0.33,0.33,0.31,0.32,-1.76,-0.01,-1,1773410,571049.125
PRMH,2014-01-19,0.34,0.34,0.32,0.33,-4.49,-0.01,-1,1920470,627056.0625
PRMH,2014-01-16,0.35,0.35,0.33,0.34,0,0,-1,5881890,2011421.5
PRMH,2014-01-15,0.35,0.35,0.33,0.34,-1.11,-0.01,-1,3952655,1351773.5
PRMH,2014-01-14,0.36,0.36,0.33,0.35,-0.55,0,-1,7528620,2601665.75
PRMH,2014-01-12,0.38,0.38,0.31,0.35,0,0,-1,5082725,1766898.625
PRMH,2014-01-09,0.35,0.35,0.33,0.35,9.04,0.03,-1,14502235,5053420
PRMH,2014-01-08,0.33,0.33,0.3,0.32,7.79,0.02,-1,5576815,1777945.75
PRMH,2014-01-06,0.3,0.3,0.29,0.3,0.65,0.01,-1,6018165,1787576.375
PRMH,2014-01-05,0.3,0.3,0.29,0.29,1.32,0,-1,3379480,992328.3125
PRMH,2014-01-02,0.29,0.29,0.29,0.29,1.34,0,-1,3237795,939058.9375
PRMH,2013-12-31,0.29,0.29,0.28,0.29,1.36,0.01,-1,2242395,641347.125
PRMH,2013-12-30,0.28,0.28,0.28,0.28,0,0,-1,1596940,452291.90625
PRMH,2013-12-29,0.29,0.29,0.28,0.28,-0.68,0,-1,1003990,283967.5
PRMH,2013-12-26,0.29,0.29,0.28,0.28,-0.67,-0.01,-1,783350,223191.4375
PRMH,2013-12-25,0.29,0.29,0.28,0.29,0.68,0.01,-1,2582485,739957.8125
PRMH,2013-12-24,0.29,0.29,0.28,0.28,-0.67,-0.01,-1,834730,238332.75
PRMH,2013-12-23,0.29,0.29,0.28,0.29,-0.67,0,-1,735950,210458.453125
PRMH,2013-12-22,0.29,0.29,0.29,0.29,-1.32,0,-1,975680,282254.875
PRMH,2013-12-19,0.3,0.3,0.29,0.29,0,0,-1,2016145,587528.625
PRMH,2013-12-18,0.29,0.29,0.29,0.29,-0.65,0,-1,1798300,526290.9375
PRMH,2013-12-17,0.3,0.3,0.29,0.29,2,0,-1,2035840,599189
PRMH,2013-12-16,0.29,0.29,0.28,0.29,-0.66,0,-1,1999150,576180.625
PRMH,2013-12-15,0.29,0.29,0.29,0.29,-0.66,0,-1,1459755,424660.4375
PRMH,2013-12-12,0.3,0.3,0.28,0.29,2.01,0,-1,3542075,1037075.75
PRMH,2013-12-11,0.29,0.29,0.28,0.29,0.68,0.01,-1,318190,91037.703125
PRMH,2013-12-10,0.29,0.29,0.28,0.28,0,0,-1,633765,180622.21875
PRMH,2013-12-09,0.29,0.29,0.28,0.28,-1.99,-0.01,-1,932520,266164.90625
PRMH,2013-12-08,0.29,0.29,0.29,0.29,1.34,0,-1,912745,265108.09375
PRMH,2013-12-05,0.29,0.29,0.28,0.29,-0.67,0,-1,716720,205679.6875
PRMH,2013-12-04,0.3,0.3,0.29,0.29,1.35,0.01,-1,581340,167324.484375
PRMH,2013-12-03,0.29,0.29,0.28,0.28,-1.99,-0.01,-1,86840,24723
PRMH,2013-12-02,0.3,0.3,0.28,0.29,-1.31,0,-1,906360,262887.34375
PRMH,2013-12-01,0.3,0.3,0.29,0.29,2,0,-1,944850,277501.75
PRMH,2013-11-28,0.29,0.29,0.28,0.29,1.35,0.01,-1,2881470,828490.375
PRMH,2013-11-27,0.29,0.29,0.28,0.28,-2.63,-0.01,-1,2621955,747156
PRMH,2013-11-26,0.3,0.3,0.29,0.29,-0.65,0,-1,1240375,363346.40625
PRMH,2013-11-25,0.3,0.3,0.29,0.29,-2.55,-0.01,-1,803920,236937.015625
PRMH,2013-11-24,0.31,0.31,0.29,0.3,-0.63,0,-1,1210725,364533.9375
PRMH,2013-11-21,0.31,0.31,0.3,0.3,-0.63,-0.01,-1,2437555,740816
PRMH,2013-11-20,0.31,0.31,0.3,0.31,3.25,0.01,-1,4861920,1489424.5
PRMH,2013-11-19,0.3,0.3,0.29,0.3,0.65,0.01,-1,1129955,333657.59375
PRMH,2013-11-18,0.3,0.3,0.29,0.29,1.32,0,-1,710110,208447.8125
PRMH,2013-11-17,0.3,0.3,0.29,0.29,0.67,0,-1,1792360,520009.91
PRMH,2013-11-14,0.3,0.3,0.29,0.29,-0.66,0,-1,2402820,694021.5
PRMH,2013-11-13,0.29,0.29,0.29,0.29,-1.95,-0.01,-1,1315755,381132.40625
PRMH,2013-11-12,0.3,0.3,0.29,0.3,-0.65,0,-1,1915055,566201.75
PRMH,2013-11-11,0.3,0.3,0.29,0.3,-1.27,0,-1,1112955,331229.25
PRMH,2013-11-10,0.31,0.31,0.3,0.3,-1.88,-0.01,-1,2754290,832983.5625
PRMH,2013-11-07,0.31,0.31,0.3,0.31,0,0,-1,3679735,1132343.5
PRMH,2013-11-06,0.31,0.31,0.3,0.31,3.23,0.01,-1,6647515,2042921.75
PRMH,2013-11-04,0.3,0.3,0.29,0.3,1.31,0.01,-1,1956085,584353.875
PRMH,2013-11-03,0.3,0.3,0.29,0.29,-1.29,-0.01,-1,2191590,646443.125
PRMH,2013-10-31,0.3,0.3,0.29,0.3,1.97,0.01,-1,4883565,1453328.5
PRMH,2013-10-30,0.3,0.3,0.29,0.29,0.66,0,-1,2240445,656337.5
PRMH,2013-10-29,0.3,0.3,0.28,0.29,1.34,0,-1,3277300,952834.5625
PRMH,2013-10-28,0.29,0.29,0.28,0.29,-3.25,-0.01,-1,1905855,546215.375
PRMH,2013-10-27,0.3,0.3,0.29,0.3,0,0,-1,3816860,1131579.75
PRMH,2013-10-24,0.3,0.3,0.29,0.3,-1.28,0,-1,2453120,726331.4375
PRMH,2013-10-23,0.31,0.31,0.29,0.3,-0.64,0,-1,2441920,731020
PRMH,2013-10-22,0.31,0.31,0.3,0.3,0,0,-1,3099810,937582.9375
PRMH,2013-10-21,0.31,0.31,0.3,0.3,0.64,0,-1,4135635,1250152.625
PRMH,2013-10-20,0.31,0.31,0.3,0.3,1.3,0,-1,2263480,676949.875
PRMH,2013-10-13,0.3,0.3,0.29,0.3,1.99,0.01,-1,4907920,1454646.375
PRMH,2013-10-10,0.29,0.29,0.29,0.29,2.03,0.01,-1,2744220,798106.1875
PRMH,2013-10-09,0.29,0.29,0.28,0.28,-0.67,-0.01,-1,2467235,702701.25
PRMH,2013-10-08,0.29,0.29,0.28,0.29,-1.97,0,-1,1896585,543015.0625
PRMH,2013-10-07,0.3,0.3,0.29,0.29,-0.65,0,-1,3806135,1115596.125
PRMH,2013-10-03,0.3,0.3,0.28,0.29,-0.65,-0.01,-1,4277935,1259109.25
PRMH,2013-10-02,0.31,0.31,0.29,0.3,-4.94,-0.01,-1,5078440,1507212.5
PRMH,2013-10-01,0.32,0.32,0.3,0.31,4.52,0.01,-1,4625820,1436681.875
PRMH,2013-09-30,0.31,0.31,0.29,0.3,0.65,0,-1,7853665,2334968.25
PRMH,2013-09-29,0.31,0.31,0.28,0.3,5.47,0.02,-1,8758880,2591698
PRMH,2013-09-26,0.28,0.28,0.28,0.28,2.84,0.01,-1,5598970,1574070
PRMH,2013-09-25,0.28,0.28,0.26,0.27,1.43,0,-1,4561450,1236654.375
PRMH,2013-09-24,0.28,0.28,0.26,0.27,-1.44,0,-1,3167690,855415.25
PRMH,2013-09-23,0.27,0.27,0.26,0.27,3.7,0.01,-1,2654000,711156.9375
PRMH,2013-09-22,0.26,0.26,0.26,0.26,1.5,0,-1,2485740,646451.875
PRMH,2013-09-19,0.26,0.26,0.25,0.26,1.52,0.01,-1,726560,186467.171875
PRMH,2013-09-18,0.26,0.26,0.25,0.25,-2.24,-0.01,-1,1164640,295304.6875
PRMH,2013-09-17,0.26,0.26,0.25,0.26,-1.49,0,-1,2106805,543685.125
PRMH,2013-09-16,0.26,0.26,0.25,0.26,-2.22,0,-1,3504780,905841.875
PRMH,2013-09-15,0.26,0.26,0.26,0.26,0.75,0,-1,1413175,366825.5625
PRMH,2013-09-12,0.26,0.26,0.25,0.26,-0.75,0,-1,788530,203394.90625
PRMH,2013-09-11,0.26,0.26,0.25,0.26,-1.49,0,-1,1314545,338790
PRMH,2013-09-10,0.26,0.26,0.25,0.26,2.31,0.01,-1,1689870,435069.5625
PRMH,2013-09-09,0.26,0.26,0.24,0.25,0.78,0,-1,1741590,434161.0625
PRMH,2013-09-08,0.26,0.26,0.24,0.25,-2.33,0,-1,1211860,301721.09375
PRMH,2013-09-05,0.26,0.26,0.24,0.25,0,0,-1,1096960,272710.03125
PRMH,2013-09-04,0.26,0.26,0.24,0.25,-1.47,-0.01,-1,2339410,585844
PRMH,2013-09-03,0.29,0.29,0.25,0.26,-9.66,-0.02,-1,4028500,1052476.625
PRMH,2013-09-02,0.28,0.28,0.26,0.28,8.89,0.02,-1,4820295,1341506.25
PRMH,2013-09-01,0.26,0.26,0.24,0.26,9.76,0.02,-1,1883200,487709.0625
PRMH,2013-08-29,0.24,0.24,0.22,0.24,9.65,0.02,-1,2309710,548144.1875
PRMH,2013-08-28,0.23,0.23,0.21,0.22,0,-0.01,-1,316105,69398.90625
PRMH,2013-08-27,0.24,0.24,0.22,0.23,-8,-0.01,-1,1480710,338405.6875
PRMH,2013-08-26,0.25,0.25,0.24,0.24,0,0,-1,637010,153163.59375
PRMH,2013-08-25,0.24,0.24,0.23,0.24,5.88,0.01,-1,1157460,275547.40625
PRMH,2013-08-22,0.23,0.23,0.23,0.23,0,0,-1,201560,45980.679688
PRMH,2013-08-21,0.23,0.23,0.22,0.23,-0.85,0,-1,373975,85218.742188
PRMH,2013-08-20,0.23,0.23,0.22,0.23,2.65,0.01,-1,260015,58438.050781
PRMH,2013-08-19,0.22,0.22,0.21,0.22,2.7,0.01,-1,742565,160700.296875
PRMH,2013-08-18,0.22,0.22,0.2,0.21,-5.22,-0.01,-1,404560,86016.398438
PRMH,2013-08-14,0.23,0.23,0.21,0.22,-9.76,-0.02,-1,1419955,312979.5
PRMH,2013-08-13,0.24,0.24,0.23,0.24,0.82,0.01,-1,340600,80322
PRMH,2013-08-12,0.24,0.24,0.23,0.23,-2.42,-0.01,-1,369980,86663
PRMH,2013-08-07,0.24,0.24,0.23,0.24,-1.6,0,-1,687200,163644.90625
PRMH,2013-08-06,0.25,0.25,0.24,0.24,1.63,0,-1,898560,216618.5
PRMH,2013-08-05,0.24,0.24,0.23,0.24,0,0.01,-1,377000,89325
PRMH,2013-08-04,0.24,0.24,0.23,0.23,0.83,0,-1,314295,73364.609375
PRMH,2013-08-01,0.24,0.24,0.23,0.23,0.83,0,-1,257200,59680.828125
PRMH,2013-07-31,0.23,0.23,0.22,0.23,0,0,-1,58355,13630.839844
PRMH,2013-07-30,0.24,0.24,0.23,0.23,1.64,0,-1,381775,89647.796875
PRMH,2013-07-29,0.24,0.24,0.23,0.23,-0.82,0,-1,116795,27384.199219
PRMH,2013-07-28,0.24,0.24,0.23,0.23,3.36,0,-1,107070,25184.800781
PRMH,2013-07-25,0.24,0.24,0.22,0.23,1.65,0,-1,566110,130004.0625
PRMH,2013-07-24,0.24,0.24,0.23,0.23,-10,-0.02,-1,657380,153002.21875
PRMH,2013-07-22,0.25,0.25,0.24,0.25,1.59,0.01,-1,762915,190640.0625
PRMH,2013-07-21,0.25,0.25,0.24,0.24,3.25,0,-1,484120,117106
PRMH,2013-07-18,0.24,0.24,0.23,0.24,1.63,0,-1,398865,94678.25
PRMH,2013-07-17,0.25,0.25,0.23,0.24,-3.17,0,-1,578760,136463
PRMH,2013-07-16,0.25,0.25,0.23,0.24,3.25,0,-1,252225,61207
PRMH,2013-07-15,0.24,0.24,0.23,0.24,-5.43,-0.01,-1,557180,131792
PRMH,2013-07-14,0.25,0.25,0.24,0.25,-0.77,0,-1,181540,45050.070313
PRMH,2013-07-11,0.26,0.26,0.25,0.25,-2.26,-0.01,-1,687960,172075.296875
PRMH,2013-07-10,0.26,0.26,0.24,0.26,5.65,0.02,-1,930505,237153.953125
PRMH,2013-07-09,0.24,0.24,0.23,0.24,9.73,0.02,-1,1241755,295425.65625
PRMH,2013-07-08,0.23,0.23,0.21,0.22,0,-0.01,-1,1217315,263675.34375
PRMH,2013-07-07,0.23,0.23,0.21,0.23,9.09,0.02,-1,1004550,226832.015625
PRMH,2013-07-04,0.21,0.21,0.21,0.21,10,0.02,-1,191845,40567.289063
PRMH,2013-07-03,0.21,0.21,0.18,0.19,5,0,-1,462445,88715.929688
PRMH,2013-07-02,0.19,0.19,0.19,0.19,9.89,0.01,-1,1213720,232773
PRMH,2013-06-30,0.18,0.18,0.17,0.18,-5.26,0,-1,286000,50112
PRMH,2013-06-27,0.18,0.18,0.17,0.18,7.95,0.01,-1,721010,131441.44
PRMH,2013-06-26,0.17,0.17,0.16,0.17,3.45,0,-1,202370,34345.960938
PRMH,2013-06-25,0.17,0.17,0.16,0.17,9.88,0.01,-1,583490,98063.609375
PRMH,2013-06-24,0.16,0.16,0.15,0.16,3.75,0.01,-1,140400,21826.699219
PRMH,2013-06-23,0.16,0.16,0.15,0.15,-3.66,-0.01,-1,167440,25620
PRMH,2013-06-20,0.16,0.16,0.15,0.16,3.7,0,-1,228800,36249.699219
PRMH,2013-06-19,0.16,0.16,0.15,0.16,-2.44,0,-1,236420,36851
PRMH,2013-06-18,0.16,0.16,0.16,0.16,1.23,0,-1,222040,35107
PRMH,2013-06-17,0.16,0.16,0.15,0.16,2.44,0,-1,307840,48061
PRMH,2013-06-16,0.16,0.16,0.16,0.16,-2.38,0,-1,124800,19630
PRMH,2013-06-13,0.17,0.17,0.15,0.16,-3.53,0,-1,681190,109753.46875
PRMH,2013-06-12,0.18,0.18,0.16,0.16,-9.89,-0.02,-1,484595,78953.382813
PRMH,2013-06-11,0.18,0.18,0.17,0.18,-3.23,0,-1,186420,32697.199219
PRMH,2013-06-10,0.19,0.19,0.18,0.18,-8.82,-0.02,-1,519125,93307.070313
PRMH,2013-06-09,0.2,0.2,0.19,0.2,-1.923,0,-1,500110,97902.06
PRMH,2013-06-06,0.21,0.21,0.2,0.2,-1.87,-0.01,-1,490900,98311.15625
PRMH,2013-06-05,0.22,0.22,0.2,0.21,-8.77,-0.01,-1,323625,66866.390625
PRMH,2013-06-04,0.23,0.23,0.22,0.22,-6.67,-0.01,-1,383500,83759.5
PRMH,2013-06-03,0.23,0.23,0.23,0.23,-3.25,-0.01,-1,199160,46077
PRMH,2013-06-02,0.24,0.24,0.23,0.24,-1.63,0,-1,37960,8775
PRMH,2013-05-30,0.24,0.24,0.23,0.24,1.64,0.01,-1,192930,45574.71875
PRMH,2013-05-29,0.24,0.24,0.23,0.23,-2.4,-0.01,-1,260520,61232
PRMH,2013-05-28,0.24,0.24,0.24,0.24,-2.36,0,-1,201240,48278.199219
PRMH,2013-05-27,0.25,0.25,0.24,0.24,-1.57,0,-1,268165,65266.5
PRMH,2013-05-26,0.25,0.25,0.24,0.24,-2.33,-0.01,-1,177320,43196
PRMH,2013-05-23,0.25,0.25,0.25,0.25,-0.77,0,-1,281010,69611.601563
PRMH,2013-05-22,0.25,0.25,0.25,0.25,0,0,-1,225630,56308.199219
PRMH,2013-05-21,0.25,0.25,0.25,0.25,-2.27,0,-1,108680,27131
PRMH,2013-05-20,0.26,0.26,0.25,0.25,0,-0.01,-1,369720,93835
PRMH,2013-05-19,0.26,0.26,0.26,0.26,0,0,-1,114400,29300
PRMH,2013-05-16,0.26,0.26,0.26,0.26,-1.48,0,-1,133640,34295
PRMH,2013-05-15,0.26,0.26,0.26,0.26,0.75,0,-1,233480,60775.601563
PRMH,2013-05-14,0.26,0.26,0.26,0.26,0.75,0,-1,396170,102221.3125
PRMH,2013-05-13,0.26,0.26,0.26,0.26,-2.21,0,-1,288680,74301.953125
PRMH,2013-05-12,0.27,0.27,0.26,0.26,-2.19,0,-1,340115,88767.65625
PRMH,2013-05-09,0.27,0.27,0.26,0.26,-0.73,0,-1,648285,171249.203125
PRMH,2013-05-08,0.26,0.26,0.26,0.26,1.48,0,-1,523300,137455.0625
PRMH,2013-05-07,0.26,0.26,0.26,0.26,1.5,0,-1,541180,140916.546875
PRMH,2013-05-02,0.26,0.26,0.25,0.26,1.52,0.01,-1,284165,72752.578125
PRMH,2013-04-30,0.26,0.26,0.25,0.25,-1.5,-0.01,-1,253760,64650
PRMH,2013-04-29,0.26,0.26,0.26,0.26,-0.75,0,-1,180855,46307.398438
PRMH,2013-04-28,0.26,0.26,0.26,0.26,-0.74,0,-1,167520,43273
PRMH,2013-04-24,0.26,0.26,0.26,0.26,0,0,-1,280720,72860.851563
PRMH,2013-04-23,0.26,0.26,0.26,0.26,-0.74,0,-1,587860,153187
PRMH,2013-04-22,0.26,0.26,0.26,0.26,-1.46,0,-1,479975,124344.546875
PRMH,2013-04-21,0.27,0.27,0.26,0.26,0,0,-1,253320,66723.796875
PRMH,2013-04-18,0.27,0.27,0.26,0.26,1.47,0,-1,490880,128792.5
PRMH,2013-04-17,0.27,0.27,0.26,0.26,-2.84,-0.01,-1,381835,100077.101563
PRMH,2013-04-16,0.27,0.27,0.27,0.27,0,0,-1,515750,140009.265625
PRMH,2013-04-15,0.27,0.27,0.27,0.27,-1.41,0,-1,606320,163503.52
PRMH,2013-04-14,0.28,0.28,0.27,0.27,2.9,0,-1,659385,180388.09375
PRMH,2013-04-11,0.27,0.27,0.26,0.27,1.49,0.01,-1,1115935,297171.96875
PRMH,2013-04-10,0.26,0.26,0.25,0.26,0,0,-1,356240,91821.476563
PRMH,2013-04-09,0.26,0.26,0.25,0.26,0,0.01,-1,357215,91727.953125
PRMH,2013-04-08,0.26,0.26,0.25,0.25,0.76,0,-1,404040,102349.453125
PRMH,2013-04-07,0.26,0.26,0.25,0.25,0.78,0,-1,241335,60775.140625
PRMH,2013-04-04,0.25,0.25,0.24,0.25,1.56,0,-1,439610,108537.398438
PRMH,2013-04-03,0.25,0.25,0.24,0.25,-4.51,-0.01,-1,440620,108778.34375
PRMH,2013-04-02,0.26,0.26,0.25,0.26,-0.75,0,-1,238350,60922.960938
PRMH,2013-04-01,0.26,0.26,0.26,0.26,-1.48,0,-1,246240,63653.820313
PRMH,2013-03-31,0.27,0.27,0.25,0.26,-4.35,-0.01,-1,400770,104027.546875
PRMH,2013-03-28,0.27,0.27,0.26,0.27,-1.44,0,-1,262520,69637.351563
PRMH,2013-03-27,0.27,0.27,0.26,0.27,0,0,-1,326120,87182.1
PRMH,2013-03-26,0.27,0.27,0.27,0.27,-2.13,0,-1,347230,93126.21875
PRMH,2013-03-25,0.28,0.28,0.27,0.27,-2.08,-0.01,-1,250380,67974.5
PRMH,2013-03-24,0.28,0.28,0.27,0.28,0,0,-1,710400,196680.84375
PRMH,2013-03-21,0.28,0.28,0.27,0.28,2.86,0.01,-1,214760,58911.800781
PRMH,2013-03-20,0.27,0.27,0.27,0.27,-1.41,0,-1,337430,90635.601563
PRMH,2013-03-19,0.28,0.28,0.27,0.27,-0.7,0,-1,265555,72766.898438
PRMH,2013-03-18,0.28,0.28,0.27,0.27,-0.7,-0.01,-1,169105,46226.898438
PRMH,2013-03-17,0.28,0.28,0.27,0.28,-0.7,0,-1,523380,144143.5
PRMH,2013-03-14,0.28,0.28,0.27,0.28,-0.69,0,-1,167050,45949.851563
PRMH,2013-03-13,0.28,0.28,0.28,0.28,-2.72,0,-1,230670,64035.898438
PRMH,2013-03-12,0.29,0.29,0.28,0.28,-0.68,0,-1,480325,135816.59375
PRMH,2013-03-11,0.29,0.29,0.28,0.28,-0.68,0,-1,408120,115050
PRMH,2013-03-10,0.29,0.29,0.28,0.28,1.39,0,-1,678445,191733.546875
PRMH,2013-03-07,0.28,0.28,0.27,0.28,2.11,0.01,-1,371145,102746.53125
PRMH,2013-03-06,0.28,0.28,0.27,0.27,2.13,0,-1,276640,75661.5
PRMH,2013-03-05,0.28,0.28,0.26,0.27,-2.07,-0.01,-1,664660,180697.015625
PRMH,2013-03-04,0.29,0.29,0.27,0.28,-7.14,-0.02,-1,645410,180481.15625
PRMH,2013-03-03,0.3,0.3,0.29,0.3,-1.29,0,-1,799500,236878.546875
PRMH,2013-02-28,0.3,0.3,0.29,0.3,-0.65,0,-1,610410,182048.125
PRMH,2013-02-27,0.3,0.3,0.29,0.3,-0.65,0,-1,615705,182491.203125
PRMH,2013-02-26,0.3,0.3,0.29,0.3,0,0,-1,346770,102532.73
PRMH,2013-02-25,0.3,0.3,0.29,0.3,-0.65,0,-1,474550,140345.921875
PRMH,2013-02-24,0.3,0.3,0.29,0.3,-4.43,0,-1,882985,261084.75
PRMH,2013-02-21,0.31,0.31,0.3,0.3,0,0,-1,591650,179284.15625
PRMH,2013-02-20,0.31,0.31,0.3,0.3,-3.13,-0.01,-1,567085,171331.40625
PRMH,2013-02-19,0.32,0.32,0.3,0.31,-3.07,0,-1,1086175,334602.78125
PRMH,2013-02-18,0.32,0.32,0.31,0.31,-3.01,-0.01,-1,1233960,387515.90625
PRMH,2013-02-17,0.32,0.32,0.32,0.32,0,0,-1,786500,251141.640625
PRMH,2013-02-14,0.32,0.32,0.31,0.32,1.84,0.01,-1,940370,296947.84375
PRMH,2013-02-13,0.32,0.32,0.31,0.31,-3.59,-0.01,-1,1854840,580668.875
PRMH,2013-02-12,0.33,0.33,0.32,0.32,1.22,0,-1,1568835,504135.09375
PRMH,2013-02-11,0.32,0.32,0.31,0.32,-1.81,0,-1,519590,163523.65625
PRMH,2013-02-10,0.33,0.33,0.31,0.32,-2.4,0,-1,1064960,339954.84375
PRMH,2013-02-07,0.33,0.33,0.32,0.32,0,0,-1,1619540,520889.5625
PRMH,2013-02-06,0.32,0.32,0.32,0.32,-1.2,0,-1,3360265,1069252.25
PRMH,2013-02-05,0.32,0.32,0.32,0.32,-1.2,0,-1,1087035,348068.25
PRMH,2013-02-04,0.33,0.33,0.32,0.32,0.6,0,-1,2380595,764403.9375
PRMH,2013-02-03,0.33,0.33,0.31,0.32,3.09,0.01,-1,2958540,950234.3125
PRMH,2013-01-31,0.32,0.32,0.3,0.31,7.1,0.01,-1,4704285,1461822.5
PRMH,2013-01-30,0.3,0.3,0.3,0.3,2.63,0.01,-1,605515,180977.15625
PRMH,2013-01-29,0.3,0.3,0.29,0.29,-0.64,-0.01,-1,715580,209384.34375
PRMH,2013-01-28,0.31,0.31,0.3,0.3,-3.13,-0.01,-1,1164725,349744.25
PRMH,2013-01-27,0.32,0.32,0.29,0.31,-2.44,-0.01,-1,506090,155993.5
PRMH,2013-01-23,0.32,0.32,0.31,0.32,0,0.01,-1,1069590,336895.34375
PRMH,2013-01-22,0.32,0.32,0.31,0.31,5.03,0,-1,573515,180293.1875
PRMH,2013-01-21,0.32,0.32,0.3,0.31,-3.7,0,-1,560975,171416.203125
PRMH,2013-01-20,0.33,0.33,0.3,0.31,-7.1,-0.02,-1,277160,86381.5
PRMH,2013-01-17,0.33,0.33,0.32,0.33,-5.68,-0.01,-1,249025,81010.5
PRMH,2013-01-16,0.34,0.34,0.33,0.34,1.17,0.01,-1,1631845,552029.625
PRMH,2013-01-15,0.33,0.33,0.33,0.33,-2.84,-0.01,-1,1035555,340723
PRMH,2013-01-14,0.34,0.34,0.33,0.34,-1.14,0,-1,1577035,533398.9375
PRMH,2013-01-13,0.34,0.34,0.33,0.34,-2.76,-0.01,-1,606475,205460.90625
PRMH,2013-01-10,0.37,0.37,0.34,0.35,-2.17,0,-1,2716760,947866.75
PRMH,2013-01-09,0.38,0.38,0.35,0.35,-4.71,-0.02,-1,1907040,675417.125
PRMH,2013-01-08,0.38,0.38,0.35,0.37,1.07,0.01,-1,1260985,463474.71875
PRMH,2013-01-06,0.37,0.37,0.35,0.36,-0.54,0,-1,1222615,439169.84375
PRMH,2013-01-03,0.36,0.36,0.34,0.36,5.59,0.02,-1,2821330,1002810.75
PRMH,2013-01-02,0.35,0.35,0.34,0.34,2.86,0,-1,1312820,452683.78125
PRMH,2012-12-31,0.34,0.34,0.33,0.34,-1.71,0,-1,463060,155407.59375
PRMH,2012-12-30,0.34,0.34,0.33,0.34,1.16,0.01,-1,669555,225391.91
PRMH,2012-12-27,0.34,0.34,0.33,0.33,2.99,0.01,-1,655875,217986.984375
PRMH,2012-12-26,0.33,0.33,0.32,0.32,1.78,-0.01,-1,362335,116125.101563
PRMH,2012-12-25,0.33,0.33,0.32,0.33,-1.75,0,-1,387960,125943.9375
PRMH,2012-12-24,0.33,0.33,0.33,0.33,-3.37,-0.01,-1,1005410,330354.4375
PRMH,2012-12-23,0.36,0.36,0.33,0.34,-1.15,0.01,-1,1103425,376799.6875
PRMH,2012-12-20,0.34,0.34,0.33,0.33,-0.57,-0.01,-1,795050,265765.28125
PRMH,2012-12-19,0.34,0.34,0.33,0.34,3.55,0.01,-1,1326190,445082.28125
PRMH,2012-12-18,0.34,0.34,0.32,0.33,2.94,0,-1,1159540,377095.3125
PRMH,2012-12-17,0.34,0.34,0.32,0.33,-5.62,-0.01,-1,1510675,493354.1875
PRMH,2012-12-16,0.35,0.35,0.33,0.34,8.33,0.02,-1,759310,260594.734375
PRMH,2012-12-13,0.33,0.33,0.3,0.32,9.62,0.02,-1,1664355,537348.375
PRMH,2012-12-12,0.31,0.31,0.29,0.3,8.05,0.01,-1,916265,275102.8125
PRMH,2012-12-11,0.29,0.29,0.28,0.29,0,0,-1,182270,52225.8
PRMH,2012-12-10,0.29,0.29,0.28,0.29,3.38,0.01,-1,603200,172339.9375
PRMH,2012-12-09,0.29,0.29,0.28,0.28,2.11,0.01,-1,1088470,309144.34375
PRMH,2012-12-06,0.28,0.28,0.25,0.27,2.1,-0.01,-1,989170,269837.03125
PRMH,2012-12-05,0.28,0.28,0.27,0.28,-0.7,0,-1,267120,73459.59375
PRMH,2012-12-04,0.28,0.28,0.27,0.28,5.04,0.01,-1,567570,156567.109375
PRMH,2012-12-03,0.28,0.28,0.26,0.27,-2.82,0,-1,440465,117578.34375
PRMH,2012-12-02,0.28,0.28,0.26,0.27,2.14,0,-1,470290,128197.898438
PRMH,2012-11-29,0.27,0.27,0.26,0.27,-0.71,0,-1,412000,110560.648438
PRMH,2012-11-28,0.29,0.29,0.26,0.27,-5.96,-0.02,-1,820905,222733.0625
PRMH,2012-11-27,0.3,0.3,0.28,0.29,4.79,0.01,-1,66045,19207.539063
PRMH,2012-11-26,0.29,0.29,0.27,0.28,-1.95,-0.02,-1,645530,180990.953125
PRMH,2012-11-25,0.3,0.3,0.29,0.3,-10,-0.03,-1,575820,170493.546875
PRMH,2012-11-22,0.33,0.33,0.32,0.33,0,0,-1,389620,127678.28125
PRMH,2012-11-21,0.34,0.34,0.32,0.33,-2.37,0,-1,579410,189288.84375
PRMH,2012-11-20,0.35,0.35,0.3,0.33,5.99,0.01,-1,864155,281589
PRMH,2012-11-19,0.33,0.33,0.3,0.32,-7.06,-0.01,-1,501070,160839
PRMH,2012-11-18,0.33,0.33,0.32,0.33,-7.69,-0.02,-1,743970,243446.703125
PRMH,2012-11-14,0.35,0.35,0.35,0.35,0.55,0,-1,416045,145537.94
PRMH,2012-11-13,0.36,0.36,0.35,0.35,2.23,0.01,-1,631330,222610.73
PRMH,2012-11-12,0.35,0.35,0.33,0.34,3.37,0,-1,748720,257822.03
PRMH,2012-11-11,0.35,0.35,0.34,0.34,-1.13,0,-1,621245,212596.44
PRMH,2012-11-08,0.35,0.35,0.33,0.34,-2.19,-0.01,-1,856210,291306.44
PRMH,2012-11-07,0.36,0.36,0.35,0.35,-1.1,0,-1,687725,241770.38
PRMH,2012-11-06,0.36,0.36,0.35,0.35,-0.55,0,-1,407625,142784.91
PRMH,2012-11-05,0.36,0.36,0.33,0.35,1.09,0,-1,263380,91735.32
PRMH,2012-11-04,0.37,0.37,0.33,0.35,-8.95,-0.02,-1,649350,229569.34
PRMH,2012-11-01,0.38,0.38,0.36,0.37,-3.09,0,-1,649160,237410.44
PRMH,2012-10-31,0.38,0.38,0.37,0.37,-1.53,-0.01,-1,395510,147831.41
PRMH,2012-10-30,0.39,0.39,0.37,0.38,-2.49,-0.01,-1,922900,348540.84
PRMH,2012-10-29,0.39,0.39,0.38,0.39,0,0.01,-1,912735,353171.41
PRMH,2012-10-24,0.38,0.38,0.38,0.38,2.06,0.01,-1,1218745,463105.22
PRMH,2012-10-23,0.38,0.38,0.36,0.37,1.57,0,-1,801710,299178.66
PRMH,2012-10-22,0.38,0.38,0.36,0.37,-1.55,0,-1,987170,362954.75
PRMH,2012-10-21,0.38,0.38,0.37,0.37,-3.03,-0.01,-1,919765,342489.25
PRMH,2012-10-18,0.38,0.38,0.38,0.38,-0.5,0,-1,546910,208702.42
PRMH,2012-10-17,0.4,0.4,0.38,0.38,0.5,0,-1,1345345,516708.06
PRMH,2012-10-16,0.39,0.39,0.38,0.38,1.5,0,-1,638265,244986.91
PRMH,2012-10-15,0.39,0.39,0.38,0.38,-1.49,-0.01,-1,1100805,423817.97
PRMH,2012-10-14,0.4,0.4,0.38,0.39,-4.81,-0.01,-1,1003340,388928.81
PRMH,2012-10-11,0.41,0.41,0.39,0.4,-2.87,0,-1,1430670,570965.94
PRMH,2012-10-10,0.41,0.41,0.39,0.4,-0.49,0,-1,2023825,815054.69
PRMH,2012-10-09,0.41,0.41,0.38,0.4,5,0.02,-1,2024150,801473.69
PRMH,2012-10-08,0.4,0.4,0.37,0.38,-2,0,-1,2151255,827429.25
PRMH,2012-10-04,0.4,0.4,0.36,0.38,4,0,-1,2597295,1000231.13
PRMH,2012-10-03,0.39,0.39,0.38,0.38,1.52,0,-1,1353765,519401
PRMH,2012-10-02,0.41,0.41,0.37,0.38,-7.94,-0.03,-1,2357195,896952
PRMH,2012-10-01,0.44,0.44,0.4,0.41,-9.65,-0.03,-1,2285035,941595.44
PRMH,2012-09-30,0.45,0.45,0.42,0.44,4.23,0.03,-1,2261820,990381.75
PRMH,2012-09-27,0.43,0.43,0.38,0.41,7.96,0.02,-1,5421655,2225365.5
PRMH,2012-09-26,0.4,0.4,0.38,0.39,-2.46,0,-1,1366810,528835
PRMH,2012-09-25,0.4,0.4,0.38,0.39,-1.49,0,-1,1757340,684668
PRMH,2012-09-24,0.4,0.4,0.38,0.39,0.99,0,-1,986425,381610
PRMH,2012-09-23,0.4,0.4,0.38,0.39,-3.9,0,-1,1917265,749283
PRMH,2012-09-20,0.41,0.41,0.38,0.39,-4.72,-0.02,-1,2155255,849826
PRMH,2012-09-19,0.43,0.43,0.39,0.41,-1.94,0.01,-1,2302110,939019
PRMH,2012-09-18,0.41,0.41,0.37,0.4,7.04,0.02,-1,1612400,638041
PRMH,2012-09-17,0.39,0.39,0.37,0.38,5.46,0.03,-1,2442800,936127
PRMH,2012-09-16,0.35,0.35,0.35,0.35,9.58,0.03,-1,879570,309417.59
PRMH,2012-09-13,0.33,0.33,0.3,0.32,9.43,0.01,-1,2877720,924887.56
PRMH,2012-09-12,0.31,0.31,0.3,0.31,-0.64,0.01,-1,1218725,373105
PRMH,2012-09-11,0.31,0.31,0.29,0.3,2.61,0.01,-1,804940,243641.66
PRMH,2012-09-10,0.3,0.3,0.29,0.29,0.65,-0.01,-1,269380,79175.6
PRMH,2012-09-09,0.3,0.3,0.29,0.3,1.31,0.01,-1,393740,116793
PRMH,2012-09-06,0.3,0.3,0.29,0.29,4.7,0,-1,976710,286628
PRMH,2012-09-05,0.29,0.29,0.28,0.29,-1.32,0,-1,312980,89718.1
PRMH,2012-09-04,0.3,0.3,0.29,0.29,2.04,0.01,-1,842420,245686
PRMH,2012-09-03,0.29,0.29,0.27,0.28,2.04,0,-1,1064700,301275
PRMH,2012-09-02,0.29,0.29,0.28,0.28,2.8,0,-1,1134715,321556
PRMH,2012-08-30,0.28,0.28,0.27,0.28,5.84,0.02,-1,808955,222357
PRMH,2012-08-29,0.27,0.27,0.26,0.26,0.73,0,-1,466440,122565
PRMH,2012-08-28,0.27,0.27,0.26,0.26,4.48,0,-1,951205,251360.23
PRMH,2012-08-27,0.26,0.26,0.25,0.26,3.05,0.01,-1,616760,158764
PRMH,2012-08-26,0.26,0.26,0.25,0.25,1.54,0,-1,386620,97605.2
PRMH,2012-08-23,0.25,0.25,0.24,0.25,1.59,0.01,-1,488620,122047
PRMH,2012-08-22,0.25,0.25,0.24,0.24,-0.79,0,-1,131250,31823.6
PRMH,2012-08-21,0.25,0.25,0.24,0.24,-1.57,0,-1,255960,62143.1
PRMH,2012-08-16,0.24,0.24,0.24,0.24,0,0,-1,192400,46820.9
PRMH,2012-08-15,0.24,0.24,0.24,0.24,0.8,0,-1,114165,27694.2
PRMH,2012-08-14,0.24,0.24,0.23,0.24,-0.79,0,-1,129480,31032
PRMH,2012-08-13,0.24,0.24,0.23,0.24,6.72,0.01,-1,55925,13516.3
PRMH,2012-08-12,0.24,0.24,0.23,0.23,-0.83,0,-1,258700,59123.4
PRMH,2012-08-09,0.23,0.23,0.23,0.23,-4,-0.01,-1,272480,63054
PRMH,2012-08-08,0.24,0.24,0.24,0.24,-3.85,-0.01,-1,151840,36437.25
PRMH,2012-08-07,0.26,0.26,0.24,0.25,1.6,0.01,-1,244400,61060
PRMH,2012-08-06,0.25,0.25,0.23,0.24,6.56,0.01,-1,393040,94479.81
PRMH,2012-08-05,0.24,0.24,0.23,0.23,1.65,0,-1,102700,24097.5
PRMH,2012-08-02,0.23,0.23,0.23,0.23,0.83,0,-1,67215,15624.8
PRMH,2012-08-01,0.24,0.24,0.23,0.23,-3.31,0,-1,244400,56243.6
PRMH,2012-07-31,0.23,0.23,0.23,0.23,2.52,0,-1,192510,44726.5
PRMH,2012-07-30,0.23,0.23,0.23,0.23,3.48,0.01,-1,360360,82438.88
PRMH,2012-07-29,0.22,0.22,0.22,0.22,1.77,0,-1,182000,40200
PRMH,2012-07-26,0.22,0.22,0.22,0.22,-4.24,-0.01,-1,4600,1000.05
PRMH,2012-07-25,0.23,0.23,0.22,0.23,-4.27,0,-1,138320,31302.1
PRMH,2012-07-24,0.23,0.23,0.22,0.23,2.59,0.01,-1,211640,47688
PRMH,2012-07-19,0.23,0.23,0.22,0.22,0,0,-1,96120,21477.8
PRMH,2012-07-18,0.23,0.23,0.22,0.22,3.54,0,-1,111800,24995
PRMH,2012-07-17,0.22,0.22,0.21,0.22,2.68,0,-1,130080,28319.3
PRMH,2012-07-16,0.22,0.22,0.22,0.22,-0.88,0,-1,74360,16076
PRMH,2012-07-15,0.22,0.22,0.22,0.22,-0.88,0,-1,149940,32719.2
PRMH,2012-07-12,0.23,0.23,0.22,0.22,-0.86,0,-1,354120,77617
PRMH,2012-07-11,0.23,0.23,0.22,0.22,1.75,0,-1,214755,47819.6
PRMH,2012-07-10,0.22,0.22,0.22,0.22,0,0,-1,270400,59062
PRMH,2012-07-09,0.22,0.22,0.21,0.22,-4.27,-0.01,-1,394395,85327.7
PRMH,2012-07-08,0.23,0.23,0.22,0.23,-4.92,0,-1,443975,99786.8
PRMH,2012-07-05,0.24,0.24,0.23,0.23,0.84,0,-1,364365,85461
PRMH,2012-07-04,0.23,0.23,0.23,0.23,-2.5,0,-1,448590,102363
PRMH,2012-07-03,0.24,0.24,0.23,0.23,-0.83,0,-1,743730,171760
PRMH,2012-07-02,0.23,0.23,0.23,0.23,3.39,0,-1,449320,104409
PRMH,2012-06-28,0.23,0.23,0.22,0.23,1.69,0,-1,458370,103992
PRMH,2012-06-27,0.23,0.23,0.22,0.23,-0.85,0,-1,26000,5880
PRMH,2012-06-26,0.23,0.23,0.22,0.23,3.54,0.01,-1,182500,40942.4
PRMH,2012-06-25,0.22,0.22,0.21,0.22,9.52,0.02,-1,314930,68368
PRMH,2012-06-24,0.21,0.21,0.2,0.2,2.88,0,-1,27195,5469.2
PRMH,2012-06-20,0.2,0.2,0.2,0.2,6.06,0.01,-1,23920,4785
PRMH,2012-06-19,0.2,0.2,0.19,0.19,-2.97,0,-1,45630,8672.75
PRMH,2012-06-18,0.2,0.2,0.19,0.19,-5.66,-0.01,-1,88400,17202
PRMH,2012-06-14,0.21,0.21,0.2,0.2,7.84,0,-1,32550,6625.2
PRMH,2012-06-13,0.2,0.2,0.19,0.2,-1.92,0,-1,221115,43475.2
PRMH,2012-06-11,0.2,0.2,0.2,0.2,-2.83,0,-1,196405,39399.9
PRMH,2012-06-10,0.2,0.2,0.2,0.2,-1.85,-0.01,-1,31315,6383.32
PRMH,2012-06-07,0.21,0.21,0.2,0.21,3.77,0.01,-1,62400,12900
PRMH,2012-06-06,0.21,0.21,0.2,0.2,-0.93,-0.01,-1,83200,17030
PRMH,2012-06-05,0.21,0.21,0.2,0.21,0,0,-1,204315,41923
PRMH,2012-06-04,0.21,0.21,0.21,0.21,1.85,0,-1,27260,5816.2
PRMH,2012-06-03,0.21,0.21,0.21,0.21,0,0,-1,54600,11375
PRMH,2012-05-31,0.22,0.22,0.21,0.21,-0.88,-0.01,-1,85800,18295
PRMH,2012-05-30,0.22,0.22,0.22,0.22,-1.74,0,-1,52000,11352
PRMH,2012-05-29,0.23,0.23,0.22,0.22,5.26,0,-1,35205,7778.41
PRMH,2012-05-28,0.22,0.22,0.22,0.22,-2.56,-0.01,-1,26000,5700
PRMH,2012-05-27,0.23,0.23,0.22,0.23,-5.74,0,-1,216625,48741.3
PRMH,2012-05-24,0.24,0.24,0.23,0.23,-1.63,-0.01,-1,253370,59538.9
PRMH,2012-05-23,0.24,0.24,0.23,0.24,3.33,0.01,-1,194340,46087.5
PRMH,2012-05-22,0.23,0.23,0.22,0.23,1.69,0,-1,16210,3726.4
PRMH,2012-05-21,0.23,0.23,0.22,0.23,1.72,0.01,-1,220245,49898.3
PRMH,2012-05-20,0.23,0.23,0.22,0.22,-0.86,0,-1,137370,30518.4
PRMH,2012-05-17,0.22,0.22,0.22,0.22,-1.71,-0.01,-1,210740,46832.05
PRMH,2012-05-16,0.23,0.23,0.22,0.23,-2.52,0,-1,145600,32846.34
PRMH,2012-05-15,0.23,0.23,0.23,0.23,-0.84,0,-1,150850,34391.8
PRMH,2012-05-14,0.23,0.23,0.23,0.23,-1.65,0,-1,252580,58014.13
PRMH,2012-05-13,0.23,0.23,0.23,0.23,1.69,0,-1,187980,43799.5
PRMH,2012-05-10,0.23,0.23,0.23,0.23,-1.68,0,-1,72800,16460
PRMH,2012-05-09,0.23,0.23,0.23,0.23,-1.67,0,-1,349555,80040.82
PRMH,2012-05-08,0.23,0.23,0.23,0.23,0.84,0,-1,271530,62874.58
PRMH,2012-05-07,0.23,0.23,0.23,0.23,3.39,0,-1,140130,32098.12
PRMH,2012-05-06,0.23,0.23,0.23,0.23,0,0,-1,31200,7092
PRMH,2012-05-03,0.23,0.23,0.22,0.23,2.63,0.01,-1,282180,63809.85
PRMH,2012-05-02,0.23,0.23,0.22,0.22,-4.2,-0.01,-1,117520,25875
PRMH,2012-04-30,0.23,0.23,0.23,0.23,-2.5,0,-1,475620,108609.05
PRMH,2012-04-29,0.24,0.24,0.23,0.23,0,0,-1,46670,10740.81
PRMH,2012-04-26,0.24,0.24,0.23,0.23,3.31,0,-1,382720,89391.06
PRMH,2012-04-24,0.24,0.24,0.23,0.23,-2.46,0,-1,510640,118803.2
PRMH,2012-04-23,0.25,0.25,0.23,0.23,-0.83,0,-1,1087085,255259.19
PRMH,2012-04-22,0.24,0.24,0.22,0.23,6.96,0.01,-1,204360,47406.5
PRMH,2012-04-19,0.22,0.22,0.22,0.22,0.88,0,-1,204430,45056.25
PRMH,2012-04-18,0.22,0.22,0.22,0.22,1.79,0,-1,480410,104499.31
PRMH,2012-04-17,0.23,0.23,0.21,0.22,-4.24,-0.01,-1,587600,126993.61
PRMH,2012-04-12,0.23,0.23,0.22,0.23,-1.69,0,-1,402400,91400.3
PRMH,2012-04-11,0.23,0.23,0.22,0.23,2.61,0.01,-1,223600,50600
PRMH,2012-04-10,0.24,0.24,0.21,0.22,-6.67,-0.01,-1,844830,187265.63
PRMH,2012-04-09,0.23,0.23,0.23,0.23,-2.44,-0.01,-1,161200,37220
PRMH,2012-04-08,0.26,0.26,0.23,0.24,-7.63,-0.01,-1,263140,62452.96
PRMH,2012-04-05,0.26,0.26,0.24,0.25,3.94,0.01,-1,59645,15037.8
PRMH,2012-04-04,0.25,0.25,0.24,0.24,-5.3,-0.01,-1,177765,43551.3
PRMH,2012-04-03,0.26,0.26,0.25,0.25,0.78,0,-1,166120,42183.3
PRMH,2012-04-02,0.25,0.25,0.25,0.25,-0.78,0,-1,54185,13467.6
PRMH,2012-04-01,0.25,0.25,0.25,0.25,1.54,0,-1,97240,24158
PRMH,2012-03-29,0.26,0.26,0.24,0.25,-3.01,-0.01,-1,167805,41941.25
PRMH,2012-03-28,0.26,0.26,0.25,0.26,0,0,-1,10920,2791
PRMH,2012-03-27,0.26,0.26,0.25,0.26,-3.03,0.01,-1,187200,47764.6
PRMH,2012-03-26,0.26,0.26,0.25,0.25,1.5,-0.01,-1,113830,28942
PRMH,2012-03-25,0.27,0.27,0.25,0.26,-7.8,-0.01,-1,558865,143473.05
PRMH,2012-03-22,0.28,0.28,0.27,0.27,-3.47,-0.01,-1,362190,98216.28
PRMH,2012-03-21,0.28,0.28,0.27,0.28,0,0.01,-1,493305,136245.13
PRMH,2012-03-20,0.28,0.28,0.27,0.27,3.57,0,-1,183045,49926.35
PRMH,2012-03-19,0.28,0.28,0.27,0.27,-0.7,0,-1,333565,89978.33
PRMH,2012-03-18,0.28,0.28,0.27,0.27,-2.78,-0.01,-1,105560,28843.24
PRMH,2012-03-15,0.28,0.28,0.27,0.28,-3.47,0,-1,260890,72393.06
PRMH,2012-03-14,0.28,0.28,0.27,0.28,3.5,0,-1,292490,81170.39
PRMH,2012-03-13,0.28,0.28,0.26,0.28,-4.03,-0.01,-1,528570,145398.08
PRMH,2012-03-12,0.29,0.29,0.28,0.29,-3.87,-0.01,-1,623045,178403.68
PRMH,2012-03-11,0.3,0.3,0.29,0.3,-1.27,0,-1,554565,164786.39
PRMH,2012-03-08,0.31,0.31,0.3,0.3,-2.48,-0.01,-1,623495,188152.55
PRMH,2012-03-07,0.32,0.32,0.3,0.31,0,0,-1,760085,235838.27
PRMH,2012-03-06,0.32,0.32,0.3,0.31,3.87,0.01,-1,1965890,610207.84
PRMH,2012-03-05,0.3,0.3,0.29,0.3,0,0,-1,542620,161345.05
PRMH,2012-03-04,0.31,0.31,0.29,0.3,0,0,-1,819545,243738.2
PRMH,2012-03-01,0.31,0.31,0.29,0.3,0,0,-1,741345,220276.71
PRMH,2012-02-29,0.31,0.31,0.3,0.3,-0.64,0,-1,481260,143889.5
PRMH,2012-02-28,0.3,0.3,0.29,0.3,1.96,0.01,-1,474275,142326.59
PRMH,2012-02-27,0.3,0.3,0.29,0.29,-2.55,-0.01,-1,575240,169404.58
PRMH,2012-02-26,0.31,0.31,0.29,0.3,3.97,0.01,-1,534300,160865.75
PRMH,2012-02-23,0.3,0.3,0.28,0.29,5.59,0.01,-1,1230060,358200.92
PRMH,2012-02-22,0.28,0.28,0.27,0.28,-1.38,0,-1,154440,42599.51
PRMH,2012-02-21,0.29,0.29,0.27,0.28,-2.68,-0.01,-1,424270,118313.13
PRMH,2012-02-20,0.3,0.3,0.28,0.29,-1.97,0,-1,403830,115763.25
PRMH,2012-02-19,0.3,0.3,0.28,0.29,7.8,0.02,-1,424220,124026.31
PRMH,2012-02-16,0.28,0.28,0.26,0.27,-2.08,-0.01,-1,605250,164025.66
PRMH,2012-02-15,0.29,0.29,0.27,0.28,-4,-0.01,-1,1512435,418382.57
PRMH,2012-02-14,0.3,0.3,0.28,0.29,1.35,0.01,-1,351510,101662.09
PRMH,2012-02-13,0.29,0.29,0.28,0.28,4.23,0.01,-1,544065,154731.17
PRMH,2012-02-12,0.28,0.28,0.27,0.27,4.41,0.01,-1,455870,124253.71
PRMH,2012-02-09,0.27,0.27,0.26,0.26,-1.45,-0.01,-1,187255,49020.08
PRMH,2012-02-08,0.27,0.27,0.26,0.27,2.99,0.01,-1,174435,46168.55
PRMH,2012-02-07,0.26,0.26,0.25,0.26,1.52,0.01,-1,190060,49027.5
PRMH,2012-02-06,0.26,0.26,0.25,0.25,-1.49,-0.01,-1,143025,36206.6
PRMH,2012-02-02,0.26,0.26,0.25,0.26,-4.29,-0.01,-1,254285,65675.46
PRMH,2012-02-01,0.27,0.27,0.26,0.27,0,0,-1,401420,107821.67
PRMH,2012-01-31,0.28,0.28,0.26,0.27,2.94,0.01,-1,369540,99163.42
PRMH,2012-01-30,0.27,0.27,0.25,0.26,3.03,0.01,-1,279240,73002
PRMH,2012-01-29,0.26,0.26,0.25,0.25,-1.49,-0.01,-1,599130,151705.1
PRMH,2012-01-26,0.26,0.26,0.25,0.26,7.2,0.02,-1,668540,172778.65
PRMH,2012-01-24,0.24,0.24,0.24,0.24,4.17,0.01,-1,536010,128398.93
PRMH,2012-01-23,0.23,0.23,0.23,0.23,2.56,0,-1,119860,27768.5
PRMH,2012-01-22,0.23,0.23,0.22,0.23,-4.1,0,-1,87620,19767.44
PRMH,2012-01-19,0.24,0.24,0.23,0.23,-3.94,-0.01,-1,217395,51139.07
PRMH,2012-01-18,0.25,0.25,0.24,0.24,4.96,0.01,-1,410800,100587
PRMH,2012-01-17,0.24,0.24,0.22,0.23,1.68,0,-1,494135,115082.16
PRMH,2012-01-16,0.23,0.23,0.22,0.23,1.71,0,-1,385325,88275.29
PRMH,2012-01-15,0.23,0.23,0.22,0.23,0.86,0.01,-1,188770,42634.28
PRMH,2012-01-12,0.23,0.23,0.22,0.22,1.75,0,-1,169475,37954.56
PRMH,2012-01-11,0.23,0.23,0.22,0.22,1.79,0,-1,124800,27415
PRMH,2012-01-10,0.22,0.22,0.21,0.22,1.82,0.01,-1,232445,50210.12
PRMH,2012-01-09,0.21,0.21,0.21,0.21,-3.51,-0.01,-1,13000,2745
PRMH,2012-01-05,0.22,0.22,0.22,0.22,-1.72,0,-1,26780,5853
PRMH,2012-01-04,0.23,0.23,0.22,0.22,2.65,0,-1,167230,37189.59
PRMH,2012-01-03,0.22,0.22,0.21,0.22,-1.74,0,-1,9875,2137.86
PRMH,2012-01-02,0.23,0.23,0.22,0.22,1.77,0,-1,216555,47991.15
PRMH,2011-12-29,0.23,0.23,0.21,0.22,2.73,0.01,-1,239930,52058.81
PRMH,2011-12-28,0.22,0.22,0.21,0.21,-3.51,-0.01,-1,337470,71455.27
PRMH,2011-12-27,0.22,0.22,0.22,0.22,-0.87,0,-1,160870,35309.44
PRMH,2011-12-26,0.23,0.23,0.22,0.22,-3.36,-0.01,-1,155505,34399.3
PRMH,2011-12-25,0.23,0.23,0.23,0.23,8.18,0.02,-1,147500,33824.2
PRMH,2011-12-22,0.22,0.22,0.21,0.21,-1.79,-0.01,-1,86270,18308.32
PRMH,2011-12-21,0.22,0.22,0.21,0.22,-1.75,0,-1,65520,14053
PRMH,2011-12-20,0.23,0.23,0.22,0.22,-5,-0.01,-1,67860,14893.6
PRMH,2011-12-19,0.23,0.23,0.23,0.23,1.69,0,-1,51170,11815.71
PRMH,2011-12-18,0.23,0.23,0.22,0.23,-7.09,-0.01,-1,205400,46693
PRMH,2011-12-15,0.25,0.25,0.24,0.24,1.6,0,-1,20540,5017.28
PRMH,2011-12-14,0.24,0.24,0.24,0.24,-0.79,0,-1,329105,79164.41
PRMH,2011-12-13,0.25,0.25,0.24,0.24,0.8,0,-1,158625,38545.35
PRMH,2011-12-12,0.25,0.25,0.24,0.24,-3.1,-0.01,-1,269100,64751
PRMH,2011-12-11,0.25,0.25,0.24,0.25,-0.77,0,-1,319280,79392
PRMH,2011-12-08,0.25,0.25,0.25,0.25,0,0,-1,15340,3835
PRMH,2011-12-07,0.26,0.26,0.23,0.25,-0.76,0,-1,560090,140157.94
PRMH,2011-12-06,0.26,0.26,0.25,0.25,1.55,0,-1,375270,94829.1
PRMH,2011-12-05,0.25,0.25,0.24,0.25,-0.77,0,-1,180440,44608
PRMH,2011-12-04,0.26,0.26,0.25,0.25,0,0,-1,197080,49087
PRMH,2011-12-01,0.26,0.26,0.24,0.25,4.84,0.01,-1,516360,129168
PRMH,2011-11-30,0.25,0.25,0.23,0.24,0.81,0,-1,328895,78235.7
PRMH,2011-11-29,0.24,0.24,0.23,0.24,8.85,0.02,-1,370805,87425.07
PRMH,2011-11-24,0.22,0.22,0.21,0.22,3.67,0.01,-1,246355,53583.74
PRMH,2011-11-23,0.22,0.22,0.2,0.21,1.87,0,-1,411940,86472.13
PRMH,2011-11-22,0.21,0.21,0.2,0.21,-8.55,-0.02,-1,238730,49164.6
PRMH,2011-11-21,0.24,0.24,0.22,0.23,-7.87,-0.01,-1,537985,121217.05
PRMH,2011-11-20,0.25,0.25,0.24,0.24,-5.22,-0.02,-1,470335,115228.69
PRMH,2011-11-17,0.26,0.26,0.25,0.26,1.52,0.01,-1,106610,27417.63
PRMH,2011-11-16,0.26,0.26,0.25,0.25,2.33,0,-1,182000,46244
PRMH,2011-11-15,0.25,0.25,0.25,0.25,-0.77,0,-1,105195,26119.42
PRMH,2011-11-14,0.25,0.25,0.25,0.25,-5.11,-0.01,-1,122475,30672.4
PRMH,2011-11-13,0.27,0.27,0.26,0.26,-3.52,-0.01,-1,538300,141993.82
PRMH,2011-11-10,0.28,0.28,0.27,0.27,-1.39,-0.01,-1,183950,50383.6
PRMH,2011-11-03,0.28,0.28,0.28,0.28,1.41,0.01,-1,69385,19257.69
PRMH,2011-11-02,0.28,0.28,0.27,0.27,0,0,-1,167960,45968
PRMH,2011-11-01,0.28,0.28,0.27,0.27,-0.7,-0.01,-1,214500,58535.85
PRMH,2011-10-31,0.29,0.29,0.27,0.28,-2.05,0,-1,276640,76133.1
PRMH,2011-10-30,0.28,0.28,0.28,0.28,0,0,-1,331725,93315.88
PRMH,2011-10-27,0.28,0.28,0.28,0.28,1.39,0,-1,493185,138092.35
PRMH,2011-10-26,0.28,0.28,0.28,0.28,-1.37,0,-1,308585,85595.99
PRMH,2011-10-25,0.28,0.28,0.28,0.28,-2.67,-0.01,-1,190110,53418.4
PRMH,2011-10-24,0.3,0.3,0.28,0.29,-2.6,-0.01,-1,396060,114363.52
PRMH,2011-10-23,0.3,0.3,0.29,0.3,1.99,0.01,-1,628955,186032.52
PRMH,2011-10-20,0.3,0.3,0.28,0.29,2.72,0.01,-1,971800,281357.92
PRMH,2011-10-19,0.29,0.29,0.28,0.28,2.8,0,-1,419900,118322.95
PRMH,2011-10-18,0.28,0.28,0.27,0.28,-2.05,0,-1,288600,79403.65
PRMH,2011-10-17,0.29,0.29,0.27,0.28,2.82,0.01,-1,402435,112652.95
PRMH,2011-10-16,0.28,0.28,0.27,0.27,0,0,-1,639600,174580.4
PRMH,2011-10-13,0.28,0.28,0.27,0.27,2.9,0,-1,121470,33259.4
PRMH,2011-10-12,0.27,0.27,0.26,0.27,-0.72,0,-1,65780,17403.5
PRMH,2011-10-11,0.28,0.28,0.26,0.27,6.11,0.02,-1,105665,28206.3
PRMH,2011-10-10,0.26,0.26,0.25,0.25,-5.07,-0.02,-1,99090,24953.6
PRMH,2011-10-09,0.27,0.27,0.27,0.27,0,0,-1,5200,1380
PRMH,2011-10-05,0.27,0.27,0.26,0.27,-0.72,0,-1,186810,49495.65
PRMH,2011-10-04,0.27,0.27,0.26,0.27,0,0,-1,59465,15942.4
PRMH,2011-10-03,0.27,0.27,0.26,0.27,-6.08,-0.01,-1,70350,18817.33
PRMH,2011-10-02,0.29,0.29,0.27,0.28,2.07,0,-1,470520,133840.2
PRMH,2011-09-29,0.28,0.28,0.25,0.28,8.21,0.02,-1,877020,244528.66
PRMH,2011-09-28,0.28,0.28,0.25,0.26,-7.59,-0.02,-1,396525,102419.17
PRMH,2011-09-27,0.29,0.29,0.27,0.28,-3.33,-0.01,-1,235180,65385.03
PRMH,2011-09-26,0.29,0.29,0.28,0.29,2.74,0.01,-1,269620,77909.65
PRMH,2011-09-25,0.3,0.3,0.28,0.28,-8.18,-0.03,-1,474500,133547.11
PRMH,2011-09-22,0.31,0.31,0.3,0.31,1.27,0.01,-1,62400,19060
PRMH,2011-09-21,0.31,0.31,0.29,0.3,-4.85,-0.02,-1,377555,114186.97
PRMH,2011-09-20,0.33,0.33,0.31,0.32,-1.2,0,-1,251780,79692.73
PRMH,2011-09-19,0.33,0.33,0.31,0.32,1.83,0,-1,48330,15545.49
PRMH,2011-09-18,0.32,0.32,0.31,0.32,-1.8,0,-1,520995,164172.59
PRMH,2011-09-15,0.33,0.33,0.32,0.32,-2.91,-0.01,-1,244775,78448.96
PRMH,2011-09-14,0.34,0.34,0.33,0.33,-2.27,-0.01,-1,153405,50808.92
PRMH,2011-09-13,0.34,0.34,0.33,0.34,-1.12,0,-1,352240,119176.13
PRMH,2011-09-12,0.34,0.34,0.34,0.34,-2.2,-0.01,-1,187270,64268.14
PRMH,2011-09-11,0.35,0.35,0.35,0.35,0,0,-1,134940,47149
PRMH,2011-09-08,0.36,0.36,0.34,0.35,0.55,0,-1,210940,73925.23
PRMH,2011-09-07,0.35,0.35,0.34,0.35,0.56,0,-1,242150,84102.08
PRMH,2011-09-06,0.35,0.35,0.34,0.35,-0.55,0,-1,512250,177511.18
PRMH,2011-09-05,0.35,0.35,0.34,0.35,-1.63,0,-1,220480,76720.03
PRMH,2011-09-04,0.36,0.36,0.35,0.35,3.37,0.01,-1,119600,42230.9
PRMH,2011-08-29,0.35,0.35,0.34,0.34,-1.66,-0.01,-1,420115,144117.37
PRMH,2011-08-28,0.36,0.36,0.34,0.35,-1.09,0,-1,305990,106310.2
PRMH,2011-08-25,0.36,0.36,0.35,0.35,1.1,0,-1,338910,119402.35
PRMH,2011-08-24,0.35,0.35,0.34,0.35,1.12,0.01,-1,121785,42289.3
PRMH,2011-08-23,0.35,0.35,0.34,0.34,-1.1,-0.01,-1,250015,86092
PRMH,2011-08-22,0.36,0.36,0.34,0.35,2.84,0.01,-1,97395,33851.8
PRMH,2011-08-21,0.35,0.35,0.33,0.34,-4.86,-0.02,-1,123885,41889.96
PRMH,2011-08-18,0.36,0.36,0.35,0.36,-6.57,-0.02,-1,485065,172428.88
PRMH,2011-08-17,0.38,0.38,0.38,0.38,6.45,0.02,-1,2600,990
PRMH,2011-08-16,0.36,0.36,0.36,0.36,-5.1,-0.02,-1,178100,63806.5
PRMH,2011-08-14,0.38,0.38,0.37,0.38,2.08,0.01,-1,187565,70572.55
PRMH,2011-08-11,0.37,0.37,0.37,0.37,-1.03,0,-1,339820,125553.5
PRMH,2011-08-10,0.38,0.38,0.37,0.37,4.86,0.01,-1,423170,157658.01
PRMH,2011-08-09,0.38,0.38,0.35,0.36,-6.57,-0.02,-1,353000,125786.25
PRMH,2011-08-08,0.39,0.39,0.38,0.38,-3.88,-0.02,-1,220280,83887.9
PRMH,2011-08-07,0.41,0.41,0.38,0.4,-4.19,-0.01,-1,259715,102651.33
PRMH,2011-08-04,0.42,0.42,0.41,0.41,0.94,0,-1,254225,105223.35
PRMH,2011-08-03,0.41,0.41,0.4,0.41,0.95,0,-1,103610,42421.11
PRMH,2011-08-02,0.41,0.41,0.4,0.41,-3.21,-0.01,-1,493740,200324.75
PRMH,2011-08-01,0.43,0.43,0.41,0.42,-0.91,0,-1,243000,101756.69
PRMH,2011-07-31,0.43,0.43,0.41,0.42,2.33,0.01,-1,832390,351412.17
PRMH,2011-07-28,0.42,0.42,0.4,0.41,1.42,0,-1,685625,283627.75
PRMH,2011-07-27,0.41,0.41,0.4,0.41,0,0,-1,440440,179842.35
PRMH,2011-07-26,0.41,0.41,0.4,0.41,0.47,0,-1,889850,363159.43
PRMH,2011-07-25,0.41,0.41,0.4,0.41,-0.47,0,-1,811430,328524.39
PRMH,2011-07-21,0.42,0.42,0.4,0.41,-1.4,0,-1,749120,304788.22
PRMH,2011-07-20,0.42,0.42,0.4,0.41,0,0,-1,736135,303762.3
PRMH,2011-07-19,0.42,0.42,0.41,0.41,-0.46,-0.01,-1,804315,332825.42
PRMH,2011-07-18,0.42,0.42,0.41,0.42,-1.82,0,-1,631020,262296
PRMH,2011-07-17,0.43,0.43,0.42,0.42,3.29,0.01,-1,580345,245253.1
PRMH,2011-07-14,0.42,0.42,0.4,0.41,1.91,0.01,-1,614535,251248.8
PRMH,2011-07-13,0.41,0.41,0.39,0.4,3.98,0.01,-1,383085,154247.85
PRMH,2011-07-12,0.4,0.4,0.38,0.39,-5.19,-0.02,-1,697690,270278.85
PRMH,2011-07-11,0.41,0.41,0.4,0.41,-1.4,0,-1,206440,84081.42
PRMH,2011-07-10,0.43,0.43,0.4,0.41,-2.27,-0.01,-1,603980,250284.62
PRMH,2011-07-07,0.43,0.43,0.41,0.42,0.92,0,-1,360930,152894.85
PRMH,2011-07-06,0.43,0.43,0.41,0.42,-4.39,-0.02,-1,771535,323367.29
PRMH,2011-07-05,0.45,0.45,0.43,0.44,-0.44,0,-1,799900,350337.74
PRMH,2011-07-04,0.44,0.44,0.43,0.44,-0.43,0,-1,1133245,499167.68
PRMH,2011-07-03,0.45,0.45,0.43,0.44,3.14,0.01,-1,641945,283544.2
PRMH,2011-06-30,0.44,0.44,0.42,0.43,1.36,0.01,-1,867890,372585.99
PRMH,2011-06-29,0.44,0.44,0.41,0.42,-4.35,-0.02,-1,1557690,658295.49
PRMH,2011-06-28,0.45,0.45,0.44,0.44,0,0,-1,874645,386319.13
PRMH,2011-06-27,0.45,0.45,0.43,0.44,0,0,-1,354900,156725.5
PRMH,2011-06-26,0.46,0.46,0.43,0.44,-2.54,-0.01,-1,1669720,740123.17
PRMH,2011-06-23,0.46,0.46,0.44,0.45,3.06,0.01,-1,1521780,692096.56
PRMH,2011-06-22,0.46,0.46,0.43,0.44,-2.55,-0.01,-1,1209465,533787.64
PRMH,2011-06-21,0.47,0.47,0.44,0.45,-2.49,-0.01,-1,1407205,634898.44
PRMH,2011-06-20,0.48,0.48,0.45,0.46,-2.03,-0.01,-1,838900,388327.79
PRMH,2011-06-19,0.48,0.48,0.47,0.47,1.65,0,-1,1339440,634826.53
PRMH,2011-06-16,0.47,0.47,0.45,0.47,1.68,0.01,-1,1491485,693792.41
PRMH,2011-06-15,0.47,0.47,0.45,0.46,-1.65,-0.01,-1,1667415,763935.36
PRMH,2011-06-14,0.48,0.48,0.45,0.47,1.26,0.01,-1,2317070,1079704.24
PRMH,2011-06-13,0.48,0.48,0.44,0.46,3.46,0.02,-1,3205100,1471096.2
PRMH,2011-06-12,0.45,0.45,0.44,0.44,-1.7,-0.01,-1,1128375,501346.43
PRMH,2011-06-09,0.46,0.46,0.44,0.45,0,0,-1,2182805,985704.03
PRMH,2011-06-08,0.46,0.46,0.44,0.45,-2.49,-0.01,-1,1803835,814966.51
PRMH,2011-06-07,0.48,0.48,0.45,0.46,1.69,0,-1,2059210,953411.91
PRMH,2011-06-06,0.47,0.47,0.43,0.46,7.73,0.04,-1,7530290,3430603.91
PRMH,2011-06-05,0.43,0.43,0.42,0.42,2.8,0.01,-1,1149435,486105.23
PRMH,2011-06-02,0.42,0.42,0.4,0.41,-3.6,-0.02,-1,1244070,511447.4
PRMH,2011-06-01,0.43,0.43,0.42,0.43,1.83,0.01,-1,1590695,678829.55
PRMH,2011-05-31,0.43,0.43,0.41,0.42,0.93,0,-1,1634230,686287.29
PRMH,2011-05-30,0.42,0.42,0.41,0.42,-0.92,0,-1,1416105,588662.52
PRMH,2011-05-29,0.42,0.42,0.41,0.42,1.87,0.01,-1,764090,320032.3
PRMH,2011-05-26,0.42,0.42,0.41,0.41,0.47,0,-1,1261420,518351.7
PRMH,2011-05-25,0.42,0.42,0.4,0.41,0.47,0,-1,888160,364186.6
PRMH,2011-05-24,0.42,0.42,0.4,0.41,-0.93,0,-1,2458405,1000718.9
PRMH,2011-05-23,0.42,0.42,0.41,0.41,-2.73,-0.01,-1,1448195,596804.22
PRMH,2011-05-22,0.44,0.44,0.41,0.42,-1.79,-0.01,-1,3369945,1423037.39
PRMH,2011-05-19,0.45,0.45,0.42,0.43,4.19,0.02,-1,2463625,1063371.98
PRMH,2011-05-18,0.43,0.43,0.39,0.41,6.97,0.02,-1,5219180,2161704.43
PRMH,2011-05-17,0.39,0.39,0.38,0.39,-0.5,0,-1,1387330,536325.73
PRMH,2011-05-16,0.39,0.39,0.38,0.39,-0.49,0,-1,701570,273099.52
PRMH,2011-05-15,0.41,0.41,0.38,0.39,0.5,0,-1,4101360,1604686.21
PRMH,2011-05-12,0.4,0.4,0.38,0.39,0,0,-1,837980,326067.5
PRMH,2011-05-11,0.4,0.4,0.38,0.39,1,0.01,-1,1959865,762373.22
PRMH,2011-05-10,0.39,0.39,0.36,0.38,4.71,0.01,-1,5093730,1957823
PRMH,2011-05-09,0.37,0.37,0.36,0.37,2.14,0.01,-1,354380,130488.5
PRMH,2011-05-08,0.37,0.37,0.35,0.36,-2.6,-0.01,-1,426035,153252.7
PRMH,2011-05-05,0.38,0.38,0.37,0.37,-1.54,-0.01,-1,460200,169879.75
PRMH,2011-05-04,0.39,0.39,0.37,0.38,-5.8,-0.02,-1,1398645,525267.35
PRMH,2011-05-03,0.41,0.41,0.38,0.4,4.02,0.02,-1,1625780,645832.02
PRMH,2011-05-02,0.39,0.39,0.37,0.38,3.65,0.01,-1,870765,333417.48
PRMH,2011-04-28,0.38,0.38,0.36,0.37,2.13,0.01,-1,1337190,493470.98
PRMH,2011-04-27,0.37,0.37,0.36,0.36,0,0,-1,471540,170676.96
PRMH,2011-04-26,0.37,0.37,0.35,0.36,1.08,0,-1,1237030,446833.44
PRMH,2011-04-21,0.37,0.37,0.35,0.36,1.64,0.01,-1,1385460,494695.26
PRMH,2011-04-20,0.37,0.37,0.35,0.35,-4.69,-0.02,-1,747960,262612.1
PRMH,2011-04-19,0.38,0.38,0.36,0.37,3.23,0.01,-1,297495,109759.22
PRMH,2011-04-18,0.37,0.37,0.35,0.36,-4.62,-0.02,-1,1091210,390955.28
PRMH,2011-04-17,0.39,0.39,0.37,0.38,-3.47,-0.01,-1,607360,227569.65
PRMH,2011-04-14,0.39,0.39,0.38,0.39,-0.49,0,-1,448215,174494.28
PRMH,2011-04-13,0.4,0.4,0.38,0.39,2.01,0.01,-1,708370,275870.35
PRMH,2011-04-12,0.39,0.39,0.37,0.38,-1,-0.01,-1,576255,220494
PRMH,2011-04-11,0.42,0.42,0.38,0.39,0.5,0.01,-1,707555,273264.33
PRMH,2011-04-10,0.4,0.4,0.38,0.38,-3.38,-0.02,-1,725970,279893.27
PRMH,2011-04-07,0.41,0.41,0.39,0.4,-2.36,-0.01,-1,925810,369214.23
PRMH,2011-04-06,0.42,0.42,0.4,0.41,-1.85,-0.01,-1,1001675,407842.1
PRMH,2011-04-05,0.42,0.42,0.41,0.42,-0.46,0,-1,422240,175187.5
PRMH,2011-04-04,0.43,0.43,0.41,0.42,-0.46,0,-1,1538835,640738.4
PRMH,2011-04-03,0.43,0.43,0.4,0.42,4.31,0.02,-1,1158040,484593.56
PRMH,2011-03-31,0.41,0.41,0.39,0.4,-0.95,-0.01,-1,322130,129448.56
PRMH,2011-03-30,0.42,0.42,0.4,0.41,0,0,-1,270405,109607.57
PRMH,2011-03-29,0.42,0.42,0.39,0.41,1.44,0.01,-1,998945,405058.88
PRMH,2011-03-28,0.43,0.43,0.39,0.4,-2.8,-0.01,-1,392920,157516.47
PRMH,2011-03-27,0.42,0.42,0.4,0.41,5.42,0.02,-1,759935,312590.91
PRMH,2011-03-24,0.41,0.41,0.35,0.39,2.53,0.01,-1,1096175,427631.84
PRMH,2011-03-23,0.38,0.38,0.38,0.38,-10,-0.04,-1,137955,52529.4
PRMH,2011-01-27,0.47,0.47,0.42,0.42,-18.82,-0.1,-1,1693600,717180.23
PRMH,2011-01-26,0.56,0.56,0.49,0.52,-9.67,-0.06,-1,1790355,933212.12
PRMH,2011-01-24,0.58,0.58,0.57,0.58,0.67,0.01,-1,638725,368931.8
PRMH,2011-01-23,0.59,0.59,0.56,0.57,-1.65,-0.01,-1,592045,339044.96
PRMH,2011-01-20,0.59,0.59,0.58,0.58,0,0,-1,1928680,1125171.26
PRMH,2011-01-19,0.59,0.59,0.57,0.58,-0.66,-0.01,-1,966640,562684.8
PRMH,2011-01-18,0.62,0.62,0.56,0.59,-2.87,-0.01,-1,1898060,1114122.57
PRMH,2011-01-17,0.64,0.64,0.58,0.6,-6.55,-0.05,-1,2281395,1377420.07
PRMH,2011-01-16,0.66,0.66,0.64,0.65,-1.75,-0.01,-1,483250,312210.94
PRMH,2011-01-13,0.67,0.67,0.65,0.66,0.29,0,-1,943670,619827.1
PRMH,2011-01-12,0.66,0.66,0.65,0.66,0.29,0.01,-1,963040,632135
PRMH,2011-01-11,0.66,0.66,0.65,0.65,-1.73,-0.02,-1,841880,551072.09
PRMH,2011-01-10,0.67,0.67,0.66,0.67,0,0,-1,1172705,779320.28
PRMH,2011-01-06,0.67,0.67,0.66,0.67,0,0,-1,1058740,705082.67
PRMH,2011-01-05,0.68,0.68,0.66,0.67,-0.57,0,-1,942350,627107.91
PRMH,2011-01-04,0.68,0.68,0.66,0.67,1.16,0.01,-1,1709290,1142524.92
PRMH,2011-01-03,0.67,0.67,0.65,0.66,0.58,0,-1,1289165,851897.88
PRMH,2011-01-02,0.67,0.67,0.63,0.66,3.32,0.02,-1,1484625,975708.52
PRMH,2010-12-30,0.65,0.65,0.63,0.64,-0.9,0,-1,2000945,1275434.2
PRMH,2010-12-29,0.65,0.65,0.64,0.64,-0.89,-0.01,-1,1030470,662425.05
PRMH,2010-12-28,0.66,0.66,0.64,0.65,0.6,0.01,-1,2021515,1309860.06
PRMH,2010-12-27,0.65,0.65,0.64,0.64,-0.89,-0.01,-1,1369430,881551.67
PRMH,2010-12-26,0.66,0.66,0.64,0.65,-2.03,-0.01,-1,1469410,954479.1
PRMH,2010-12-23,0.68,0.68,0.66,0.66,-0.29,-0.01,-1,1649625,1094503.69
PRMH,2010-12-22,0.67,0.67,0.66,0.67,0.29,0.01,-1,711880,473393.8
PRMH,2010-12-21,0.67,0.67,0.66,0.66,-1.43,-0.01,-1,852675,565735.96
PRMH,2010-12-20,0.69,0.69,0.66,0.67,-1.69,-0.01,-1,1575195,1060582.46
PRMH,2010-12-19,0.7,0.7,0.68,0.68,-1.11,-0.01,-1,1276555,873784.2
PRMH,2010-12-16,0.71,0.71,0.68,0.69,-0.28,0,-1,1979530,1368881.14
PRMH,2010-12-15,0.71,0.71,0.69,0.69,-1.9,-0.02,-1,1766855,1225502.59
PRMH,2010-12-14,0.72,0.72,0.7,0.71,-0.81,0,-1,1535620,1085818.02
PRMH,2010-12-13,0.72,0.72,0.71,0.71,-1.85,-0.02,-1,3662075,2611830
PRMH,2010-12-12,0.74,0.74,0.72,0.73,-0.53,0,-1,2308240,1679955.09
PRMH,2010-12-09,0.75,0.75,0.72,0.73,-1.55,-0.01,-1,2356285,1722415
PRMH,2010-12-08,0.75,0.75,0.73,0.74,-1.28,-0.01,-1,1450715,1076153.07
PRMH,2010-12-06,0.77,0.77,0.74,0.75,-2.01,-0.02,-1,1221325,919370.13
PRMH,2010-12-02,0.78,0.78,0.76,0.77,1.53,0.01,-1,4917360,3768577.39
PRMH,2010-12-01,0.77,0.77,0.75,0.76,1.55,0.02,-1,3298570,2493720.81
PRMH,2010-11-30,0.76,0.76,0.73,0.74,-0.77,-0.01,-1,2318690,1726923.7
PRMH,2010-11-29,0.76,0.76,0.74,0.75,0,0,-1,1937755,1454368.3
PRMH,2010-11-28,0.76,0.76,0.73,0.75,2.09,0.02,-1,5352380,4013681.33
PRMH,2010-11-25,0.75,0.75,0.73,0.73,-0.26,-0.01,-1,2659015,1954355.93
PRMH,2010-11-24,0.75,0.75,0.73,0.74,-0.52,0,-1,1285975,946676.37
PRMH,2010-11-23,0.75,0.75,0.73,0.74,-1.28,-0.01,-1,1098475,812337.32
PRMH,2010-11-22,0.76,0.76,0.74,0.75,0.26,0,-1,3574180,2683948.34
PRMH,2010-11-21,0.76,0.76,0.74,0.75,0.52,0.01,-1,1651775,1235011.2
PRMH,2010-11-18,0.75,0.75,0.73,0.74,0.52,0,-1,1755170,1306790.37
PRMH,2010-11-14,0.76,0.76,0.73,0.74,-1.03,-0.01,-1,1216920,900668.43
PRMH,2010-11-11,0.77,0.77,0.73,0.75,2.37,0.02,-1,4107465,3070235.84
PRMH,2010-11-10,0.75,0.75,0.72,0.73,-0.78,-0.01,-1,1639870,1197000.4
PRMH,2010-11-09,0.75,0.75,0.73,0.74,-2.05,-0.01,-1,2384825,1756591.5
PRMH,2010-11-08,0.77,0.77,0.74,0.75,-1.26,-0.01,-1,1930095,1450333.27
PRMH,2010-11-07,0.78,0.78,0.75,0.76,1.54,0.01,-1,4199045,3195201.4
PRMH,2010-11-04,0.76,0.76,0.74,0.75,0,0,-1,1807625,1355980.42
PRMH,2010-11-03,0.76,0.76,0.74,0.75,0.52,0,-1,2710460,2033803.83
PRMH,2010-11-02,0.77,0.77,0.74,0.75,-2.02,-0.01,-1,2923960,2183535.42
PRMH,2010-11-01,0.8,0.8,0.74,0.76,-4.58,-0.04,-1,5936265,4525314.33
PRMH,2010-10-31,0.82,0.82,0.77,0.8,-1.66,-0.01,-1,4255550,3394101.03
PRMH,2010-10-28,0.83,0.83,0.8,0.81,-0.47,-0.01,-1,10185275,8257074.03
PRMH,2010-10-27,0.83,0.83,0.79,0.82,0,0,-1,7973575,6494153.25
PRMH,2010-10-26,0.83,0.83,0.79,0.82,1.68,0.02,-1,13974525,11382441.08
PRMH,2010-10-25,0.82,0.82,0.78,0.8,2.96,0.02,-1,7808555,6267355.04
PRMH,2010-10-24,0.79,0.79,0.77,0.78,-0.74,0,-1,3560555,2769986.08
PRMH,2010-10-21,0.8,0.8,0.77,0.78,1.49,0.01,-1,4297590,3374713.93
PRMH,2010-10-20,0.8,0.8,0.76,0.77,-2.9,-0.03,-1,4745345,3670723.86
PRMH,2010-10-19,0.82,0.82,0.76,0.8,4.02,0.03,-1,9668865,7692932.46
PRMH,2010-10-18,0.78,0.78,0.75,0.77,-2.93,-0.02,-1,3687340,2820068.32
PRMH,2010-10-14,0.78,0.78,0.72,0.76,5.35,0.04,-1,5305345,4018353.78
PRMH,2010-10-13,0.73,0.73,0.71,0.72,1.08,0.01,-1,2749905,1978330.08
PRMH,2010-10-12,0.72,0.72,0.71,0.71,-0.54,-0.01,-1,1628325,1159972.03
PRMH,2010-10-11,0.73,0.73,0.71,0.72,0,0,-1,1220285,872417.9
PRMH,2010-10-10,0.74,0.74,0.71,0.72,-2.36,-0.01,-1,2236520,1599034.88
PRMH,2010-10-07,0.74,0.74,0.73,0.73,0.53,0,-1,181535,132874.59
PRMH,2010-10-05,0.76,0.76,0.72,0.73,-1.3,-0.01,-1,2077955,1512787.47
PRMH,2010-10-04,0.76,0.76,0.72,0.74,1.86,0.01,-1,3398955,2510563.85
PRMH,2010-10-03,0.74,0.74,0.72,0.73,0.27,0.01,-1,475430,344589.56
PRMH,2010-09-30,0.74,0.74,0.71,0.72,-0.79,-0.01,-1,296010,213932.91
PRMH,2010-09-29,0.75,0.75,0.71,0.73,-1.3,-0.01,-1,899740,656022.19
PRMH,2010-09-28,0.75,0.75,0.72,0.74,2.4,0.02,-1,172640,127326.13
PRMH,2010-09-27,0.73,0.73,0.71,0.72,-2.34,-0.02,-1,378355,272599.84
PRMH,2010-09-26,0.75,0.75,0.73,0.74,0.52,0.01,-1,205765,151762.36
PRMH,2010-09-23,0.76,0.76,0.73,0.73,-2.05,-0.02,-1,371225,272863.53
PRMH,2010-09-22,0.78,0.78,0.73,0.75,3.45,0.02,-1,799925,599437.74
PRMH,2010-09-21,0.73,0.73,0.71,0.73,1.62,0.02,-1,461035,334143.36
PRMH,2010-09-20,0.73,0.73,0.71,0.71,0.82,0,-1,256420,182882.78
PRMH,2010-09-19,0.71,0.71,0.71,0.71,-2.39,-0.02,-1,112320,79587
PRMH,2010-09-16,0.73,0.73,0.71,0.73,2.45,0.02,-1,342575,248099
PRMH,2010-09-15,0.72,0.72,0.7,0.71,-0.27,0,-1,225870,159702.7
PRMH,2010-09-14,0.73,0.73,0.7,0.71,-1.34,-0.01,-1,308020,218319.93
PRMH,2010-09-13,0.73,0.73,0.7,0.72,2.75,0.02,-1,204105,146853.82
PRMH,2010-09-08,0.7,0.7,0.7,0.7,0.83,0.01,-1,94640,66275.95
PRMH,2010-09-07,0.72,0.72,0.69,0.69,-0.55,-0.01,-1,356510,247611.3
PRMH,2010-09-06,0.7,0.7,0.7,0.7,-2.16,-0.01,-1,18980,13243
PRMH,2010-09-05,0.72,0.72,0.7,0.71,0.54,0,-1,44850,31957.5
PRMH,2010-09-02,0.71,0.71,0.7,0.71,0.54,0,-1,185105,131515.02
PRMH,2010-09-01,0.71,0.71,0.7,0.71,0.27,0.01,-1,102000,72037.4
PRMH,2010-08-31,0.71,0.71,0.7,0.7,-2.92,-0.03,-1,136455,95914.73
PRMH,2010-08-30,0.73,0.73,0.71,0.73,1.07,0.01,-1,183120,132650.55
PRMH,2010-08-29,0.73,0.73,0.71,0.72,-1.58,-0.01,-1,138660,99373
PRMH,2010-08-26,0.75,0.75,0.72,0.73,2.16,0.02,-1,171285,124734.66
PRMH,2010-08-25,0.76,0.76,0.7,0.71,-3.64,-0.03,-1,340805,243348.36
PRMH,2010-08-24,0.75,0.75,0.73,0.74,-1.79,-0.01,-1,199990,148167.78
PRMH,2010-08-23,0.77,0.77,0.75,0.75,-1.51,-0.02,-1,122190,92195.74
PRMH,2010-08-22,0.78,0.78,0.75,0.77,-1.24,-0.01,-1,135990,104097.31
PRMH,2010-08-19,0.79,0.79,0.76,0.78,3.6,0.03,-1,1552505,1202449.63
PRMH,2010-08-18,0.77,0.77,0.74,0.75,-0.26,0,-1,171910,128737.9
PRMH,2010-08-17,0.77,0.77,0.73,0.75,2.36,0.02,-1,243285,182469.2
PRMH,2010-08-16,0.75,0.75,0.72,0.73,-0.78,-0.01,-1,129740,95166.2
PRMH,2010-08-15,0.75,0.75,0.73,0.74,-2.04,-0.01,-1,172510,127236.3
PRMH,2010-08-12,0.77,0.77,0.72,0.75,-1.26,-0.01,-1,177675,133869.52
PRMH,2010-08-11,0.78,0.78,0.75,0.76,-0.75,-0.01,-1,93130,71170.8
PRMH,2010-08-10,0.78,0.78,0.76,0.77,-0.5,0,-1,215175,165499.5
PRMH,2010-08-09,0.78,0.78,0.77,0.77,0,0,-1,214500,165798.36
PRMH,2010-08-08,0.79,0.79,0.76,0.77,-1.47,-0.01,-1,133795,103319.08
PRMH,2010-08-05,0.79,0.79,0.78,0.78,2.26,0.01,-1,666925,523169.3
PRMH,2010-08-04,0.78,0.78,0.75,0.77,2.05,0.02,-1,518730,398154.72
PRMH,2010-08-03,0.77,0.77,0.73,0.75,1.3,0.01,-1,401225,301877.61
PRMH,2010-08-02,0.77,0.77,0.73,0.74,-3.02,-0.03,-1,341225,253320.35
PRMH,2010-08-01,0.78,0.78,0.74,0.77,3.65,0.03,-1,463760,355321.57
PRMH,2010-07-29,0.76,0.76,0.69,0.74,4.63,0.03,-1,657435,485386.46
PRMH,2010-07-28,0.72,0.72,0.69,0.71,0.27,0.01,-1,88080,62131.72
PRMH,2010-07-27,0.72,0.72,0.69,0.7,-0.54,-0.01,-1,84500,59425.32
PRMH,2010-07-26,0.71,0.71,0.69,0.71,1.94,0.02,-1,302780,214304.2
PRMH,2010-07-25,0.71,0.71,0.69,0.69,0.28,0,-1,109165,75835.73
PRMH,2010-07-22,0.71,0.71,0.66,0.69,1.98,0.01,-1,38050,26332.72
PRMH,2010-07-21,0.71,0.71,0.67,0.68,-1.67,-0.01,-1,30940,20981
PRMH,2010-07-20,0.71,0.71,0.66,0.69,-1.91,-0.01,-1,167760,115748.62
PRMH,2010-07-19,0.72,0.72,0.7,0.7,-2.66,-0.02,-1,113880,80106.99
PRMH,2010-07-18,0.74,0.74,0.69,0.72,1.35,0.01,-1,185130,133803.89
PRMH,2010-07-15,0.72,0.72,0.7,0.71,-1.07,-0.01,-1,160835,114708.2
PRMH,2010-07-14,0.74,0.74,0.7,0.72,1.08,0.01,-1,136760,98710
PRMH,2010-07-13,0.72,0.72,0.7,0.71,1.64,0.01,-1,76960,54864.6
PRMH,2010-07-12,0.72,0.72,0.69,0.7,-0.82,-0.01,-1,170125,119528.31
PRMH,2010-07-11,0.74,0.74,0.69,0.71,4.25,0.03,-1,234285,165709.75
PRMH,2010-07-08,0.69,0.69,0.67,0.68,2.02,0.01,-1,74055,50309
PRMH,2010-07-07,0.67,0.67,0.66,0.67,-2.26,-0.01,-1,5645,3756.7
PRMH,2010-07-06,0.68,0.68,0.68,0.68,2.02,0.01,-1,2600,1770
PRMH,2010-07-05,0.67,0.67,0.65,0.67,0.29,0,-1,191620,127936.28
PRMH,2010-07-04,0.67,0.67,0.65,0.67,-2.26,-0.01,-1,35880,23898
PRMH,2010-06-30,0.7,0.7,0.67,0.68,0.85,0,-1,52180,35519.15
PRMH,2010-06-29,0.7,0.7,0.67,0.68,-4.62,-0.03,-1,130520,88191.57
PRMH,2010-06-28,0.74,0.74,0.69,0.71,0,0,-1,304200,215091
PRMH,2010-06-27,0.71,0.71,0.7,0.71,-0.54,0,-1,26000,18388.9
PRMH,2010-06-24,0.72,0.72,0.7,0.71,-3.9,-0.03,-1,13000,9259.08
PRMH,2010-06-23,0.75,0.75,0.69,0.74,3.22,0.02,-1,130000,96328.2
PRMH,2010-06-22,0.73,0.73,0.69,0.72,-3.12,-0.02,-1,37700,27058
PRMH,2010-06-21,0.77,0.77,0.73,0.74,-2.28,-0.02,-1,38940,28830.47
PRMH,2010-06-20,0.77,0.77,0.74,0.76,2.07,0.02,-1,95440,72341.57
PRMH,2010-06-17,0.76,0.76,0.72,0.74,2.12,0.01,-1,112530,83480.6
PRMH,2010-06-16,0.74,0.74,0.71,0.73,3,0.02,-1,170820,124292.5
PRMH,2010-06-15,0.72,0.72,0.69,0.71,-2.91,-0.02,-1,139880,98609
PRMH,2010-06-14,0.73,0.73,0.71,0.73,2.72,0.02,-1,95140,69163.61
PRMH,2010-06-13,0.73,0.73,0.7,0.71,0.55,0.01,-1,113225,80225.37
PRMH,2010-06-10,0.71,0.71,0.69,0.7,-4.44,-0.04,-1,84840,59728.29
PRMH,2010-06-09,0.76,0.76,0.72,0.74,4.36,0.03,-1,281985,207855.34
PRMH,2010-06-08,0.73,0.73,0.69,0.71,-2.65,-0.02,-1,101430,71505.23
PRMH,2010-06-07,0.73,0.73,0.7,0.73,0.8,0.01,-1,58785,42584.95
PRMH,2010-06-06,0.73,0.73,0.71,0.72,-2.86,-0.02,-1,95550,68803.5
PRMH,2010-06-03,0.76,0.76,0.72,0.74,4.05,0.03,-1,307750,228084.1
PRMH,2010-06-02,0.73,0.73,0.7,0.71,-0.8,-0.01,-1,108920,77477.71
PRMH,2010-06-01,0.74,0.74,0.7,0.72,-1.32,-0.01,-1,258920,185706.33
PRMH,2010-05-31,0.75,0.75,0.7,0.73,-0.79,0,-1,154945,112643.51
PRMH,2010-05-30,0.76,0.76,0.72,0.73,0,0,-1,173520,127240.48
PRMH,2010-05-27,0.75,0.75,0.67,0.73,1.87,0.01,-1,332040,242978.54
PRMH,2010-05-26,0.73,0.73,0.71,0.72,6.86,0.05,-1,76205,54847.27
PRMH,2010-05-25,0.69,0.69,0.65,0.67,-8.85,-0.07,-1,370085,249363.33
PRMH,2010-05-24,0.76,0.76,0.7,0.74,-2.04,-0.01,-1,175240,129264.03
PRMH,2010-05-23,0.78,0.78,0.72,0.75,3.43,0.02,-1,171195,129206.42
PRMH,2010-05-20,0.75,0.75,0.72,0.73,-1.3,-0.01,-1,122045,89035.7
PRMH,2010-05-19,0.76,0.76,0.73,0.74,-5.88,-0.04,-1,156320,115485.8
PRMH,2010-05-18,0.8,0.8,0.77,0.78,2.26,0.01,-1,105560,82758.46
PRMH,2010-05-17,0.79,0.79,0.74,0.77,-0.99,-0.01,-1,371175,285131.4
PRMH,2010-05-16,0.78,0.78,0.77,0.78,-4.05,-0.03,-1,253510,196450.06
PRMH,2010-05-13,0.83,0.83,0.8,0.81,-1.41,-0.01,-1,62505,50438.15
PRMH,2010-05-12,0.87,0.87,0.8,0.82,-3.18,-0.03,-1,216605,177310.64
PRMH,2010-05-11,0.88,0.88,0.81,0.85,1.62,0.02,-1,386965,327424.5
PRMH,2010-05-10,0.87,0.87,0.82,0.83,2.61,0.02,-1,85280,71033.6
PRMH,2010-05-09,0.82,0.82,0.78,0.81,-4.52,-0.04,-1,198170,160666.8
PRMH,2010-05-06,0.88,0.88,0.83,0.85,-0.67,-0.01,-1,128390,109008.25
PRMH,2010-05-05,0.88,0.88,0.85,0.86,-2.84,-0.02,-1,139670,119599.3
PRMH,2010-05-04,0.92,0.92,0.87,0.88,-1.51,-0.01,-1,147865,130151.62
PRMH,2010-05-03,0.91,0.91,0.88,0.89,1.09,0.01,-1,93600,83712
PRMH,2010-05-02,0.89,0.89,0.88,0.88,-3.16,-0.03,-1,162740,144078.61
PRMH,2010-04-29,0.93,0.93,0.91,0.91,-1.04,-0.01,-1,293110,267981.33
PRMH,2010-04-28,0.94,0.94,0.91,0.92,-3.61,-0.04,-1,190610,175910.66
PRMH,2010-04-27,0.97,0.97,0.94,0.96,0.61,0.01,-1,222040,212440.69
PRMH,2010-04-26,0.96,0.96,0.94,0.95,0.41,0,-1,125585,119644.8
PRMH,2010-04-22,0.96,0.96,0.93,0.95,-0.8,-0.01,-1,253400,240082.83
PRMH,2010-04-21,0.99,0.99,0.94,0.96,-1.78,-0.01,-1,385320,368543.82
PRMH,2010-04-20,1,1,0.96,0.97,0.6,0,-1,492180,478458.27
PRMH,2010-04-19,0.98,0.98,0.96,0.97,-0.98,-0.01,-1,269985,261403.96
PRMH,2010-04-18,1,1,0.97,0.98,-2.68,-0.02,-1,594030,580482.07
PRMH,2010-04-15,1.03,1.03,0.99,1,-0.76,-0.01,-1,810730,813600.15
PRMH,2010-04-14,1.03,1.03,1,1.01,0.77,0.01,-1,378120,382167.45
PRMH,2010-04-13,1.02,1.02,0.97,1,1.95,0.02,-1,521730,523920.37
PRMH,2010-04-12,1.01,1.01,0.96,0.98,-1.92,-0.02,-1,724410,713571.7
PRMH,2010-04-11,1.05,1.05,0.98,1,0,0,-1,605000,607787.7
PRMH,2010-04-08,1.04,1.04,0.93,1,6.31,0.06,-1,1124880,1129467.08
PRMH,2010-04-07,0.96,0.96,0.9,0.94,3.37,0.03,-1,919515,867710.17
PRMH,2010-04-06,0.93,0.93,0.89,0.91,2.15,0.02,-1,311220,284327.94
PRMH,2010-04-01,0.91,0.91,0.87,0.89,2.2,0.01,-1,380310,340069.46
PRMH,2010-03-31,0.89,0.89,0.85,0.88,1.34,0.02,-1,242240,212119.3
PRMH,2010-03-30,0.89,0.89,0.84,0.86,-3.44,-0.03,-1,191025,164769.77
PRMH,2010-03-29,0.93,0.93,0.87,0.89,-2.11,-0.02,-1,263030,235146.67
PRMH,2010-03-28,0.93,0.93,0.88,0.91,5.09,0.04,-1,422190,385413.36
PRMH,2010-03-25,0.88,0.88,0.82,0.87,2.49,0.02,-1,250065,217134.4
PRMH,2010-03-24,0.88,0.88,0.83,0.85,-0.45,0,-1,191330,162323.9
PRMH,2010-03-23,0.88,0.88,0.79,0.85,5.48,0.04,-1,423575,361022.73
PRMH,2010-03-22,0.82,0.82,0.8,0.81,-3,-0.02,-1,300145,242502.05
PRMH,2010-03-21,0.86,0.86,0.81,0.83,0,0,-1,199490,166065.78
PRMH,2010-03-18,0.84,0.84,0.82,0.83,1.88,0.01,-1,137280,114228
PRMH,2010-03-17,0.85,0.85,0.79,0.82,-1.39,-0.01,-1,308980,252698.84
PRMH,2010-03-16,0.85,0.85,0.81,0.83,3.36,0.03,-1,211895,175652.79
PRMH,2010-03-15,0.88,0.88,0.79,0.8,-6.08,-0.05,-1,522865,419285.79
PRMH,2010-03-14,0.91,0.91,0.83,0.85,-6.53,-0.06,-1,388025,331383.55
PRMH,2010-03-11,0.94,0.94,0.9,0.91,0.42,0,-1,164080,149968.67
PRMH,2010-03-10,0.94,0.94,0.87,0.91,3.96,0.03,-1,310175,282296.06
PRMH,2010-03-09,0.9,0.9,0.86,0.88,-4.61,-0.04,-1,238465,208709.18
PRMH,2010-03-08,0.95,0.95,0.91,0.92,-3.44,-0.03,-1,192100,176314.87
PRMH,2010-03-07,0.96,0.96,0.93,0.95,-1.2,-0.01,-1,120995,114913.22
PRMH,2010-03-04,0.97,0.97,0.95,0.96,-1.19,-0.01,-1,228105,219240.04
PRMH,2010-03-03,0.98,0.98,0.97,0.97,-0.2,-0.01,-1,205750,200164.08
PRMH,2010-03-02,0.99,0.99,0.96,0.98,0.8,0.01,-1,170410,166086.52
PRMH,2010-03-01,0.99,0.99,0.96,0.97,-0.98,-0.01,-1,234650,226877.09
PRMH,2010-02-28,1,1,0.96,0.98,-1.93,-0.02,-1,324515,316840.24
PRMH,2010-02-25,1.02,1.02,0.98,1,2.37,0.03,-1,235015,234059.55
PRMH,2010-02-24,1,1,0.95,0.97,0.2,0,-1,383385,373223.9
PRMH,2010-02-23,1,1,0.96,0.97,-2.51,-0.03,-1,289430,280965.56
PRMH,2010-02-22,1.05,1.05,0.96,1,-2.45,-0.02,-1,207770,206854.46
PRMH,2010-02-21,1.05,1.05,1,1.02,-2.39,-0.03,-1,350955,358524.57
PRMH,2010-02-18,1.07,1.07,1.02,1.05,-1.98,-0.02,-1,190260,199186.73
PRMH,2010-02-17,1.1,1.1,1.04,1.07,-2.12,-0.02,-1,297110,317317.48
PRMH,2010-02-16,1.12,1.12,1.07,1.09,0.18,0,-1,207895,226569.94
PRMH,2010-02-15,1.1,1.1,1.08,1.09,-1.74,-0.02,-1,283210,308297.65
PRMH,2010-02-14,1.14,1.14,1.09,1.11,1.23,0.02,-1,331080,367048.32
PRMH,2010-02-11,1.12,1.12,1.08,1.09,-0.35,-0.01,-1,566965,619987.98
PRMH,2010-02-10,1.15,1.15,1.08,1.1,-1.72,-0.02,-1,404035,443394.7
PRMH,2010-02-09,1.14,1.14,1.1,1.12,-2.68,-0.03,-1,249705,279143.72
PRMH,2010-02-08,1.18,1.18,1.11,1.15,2.58,0.03,-1,488490,560496.23
PRMH,2010-02-07,1.13,1.13,1.08,1.12,-0.34,0,-1,213875,239257.46
PRMH,2010-02-04,1.14,1.14,1.11,1.12,-1.02,-0.01,-1,208665,234152.62
PRMH,2010-02-03,1.16,1.16,1.13,1.13,-2.32,-0.03,-1,489065,554945.15
PRMH,2010-02-02,1.18,1.18,1.14,1.16,0.67,0.01,-1,371200,431091.05
PRMH,2010-02-01,1.17,1.17,1.13,1.15,1.35,0.01,-1,341640,394131.81
PRMH,2010-01-31,1.15,1.15,1.12,1.14,-1.33,-0.01,-1,439760,500659.28
PRMH,2010-01-28,1.17,1.17,1.12,1.15,3.63,0.04,-1,696210,803493.07
PRMH,2010-01-27,1.14,1.14,1.09,1.11,2.12,0.02,-1,581595,647857.05
PRMH,2010-01-26,1.12,1.12,1.06,1.09,-2.41,-0.03,-1,620435,676787.14
PRMH,2010-01-24,1.18,1.18,1.08,1.12,-2.52,-0.03,-1,808255,902942.92
PRMH,2010-01-21,1.23,1.23,1.08,1.15,-1.65,-0.02,-1,19676615,22547114.01
PRMH,2010-01-20,1.18,1.18,1.14,1.17,0.17,0.01,-1,564970,657896.88
PRMH,2010-01-19,1.22,1.22,1.14,1.16,-1.31,-0.02,-1,567810,660469.89
PRMH,2010-01-18,1.2,1.2,1.14,1.18,0.82,0.01,-1,612565,722170.12
PRMH,2010-01-17,1.19,1.19,1.14,1.17,1.84,0.02,-1,543910,635933.46
PRMH,2010-01-14,1.17,1.17,1.12,1.15,1.7,0.02,-1,1143065,1312816.71
PRMH,2010-01-13,1.15,1.15,1.11,1.13,0,0,-1,614070,692671.52
PRMH,2010-01-12,1.15,1.15,1.11,1.13,0.17,0,-1,428175,483190.68
PRMH,2010-01-11,1.17,1.17,1.08,1.13,1.03,0.01,-1,975415,1099671.06
PRMH,2010-01-10,1.15,1.15,1.1,1.12,0.87,0.01,-1,523120,583944.52
PRMH,2010-01-06,1.14,1.14,1.04,1.11,4.55,0.05,-1,1178105,1302378.04
PRMH,2010-01-05,1.07,1.07,1.03,1.06,1.66,0.02,-1,495340,524277.18
PRMH,2010-01-04,1.05,1.05,1.01,1.04,4.04,0.04,-1,525850,547031.42
PRMH,2010-01-03,1.02,1.02,0.98,1,3.17,0.03,-1,300165,300378.02
PRMH,2009-12-31,1,1,0.95,0.97,-0.98,-0.01,-1,335950,325865.61
PRMH,2009-12-30,1.01,1.01,0.96,0.98,-2.86,-0.03,-1,277855,271819.38
PRMH,2009-12-29,1.02,1.02,0.99,1.01,1.16,0.01,-1,81365,81996.39
PRMH,2009-12-28,1.02,1.02,0.96,1,-1.33,-0.01,-1,153705,153158.79
PRMH,2009-12-27,1.05,1.05,0.98,1.01,-1.69,-0.02,-1,199835,201622.15
PRMH,2009-12-24,1.04,1.04,1.01,1.03,-0.37,0,-1,109435,112405.2
PRMH,2009-12-23,1.05,1.05,1,1.03,-0.37,0,-1,123650,127505.36
PRMH,2009-12-22,1.09,1.09,1,1.03,-0.92,-0.01,-1,282320,291995.75
PRMH,2009-12-21,1.09,1.09,1.01,1.04,-1.63,-0.02,-1,224675,234579.68
PRMH,2009-12-20,1.1,1.1,1.04,1.06,-1.08,-0.01,-1,97525,103436.25
PRMH,2009-12-17,1.09,1.09,1.03,1.07,0.72,0,-1,267020,286314.42
PRMH,2009-12-16,1.09,1.09,1.04,1.07,1.28,0.02,-1,232445,247531.53
PRMH,2009-12-15,1.07,1.07,1.02,1.05,-1.44,-0.02,-1,151165,159010.25
PRMH,2009-12-14,1.13,1.13,1.02,1.07,0.54,0.01,-1,552500,589538.91
PRMH,2009-12-13,1.11,1.11,1.02,1.06,6.98,0.07,-1,427900,454217.6
PRMH,2009-12-10,1.02,1.02,0.96,0.99,0,0,-1,181895,180567.55
PRMH,2009-12-09,1.05,1.05,0.96,0.99,-6.52,-0.07,-1,299125,296926.43
PRMH,2009-12-08,1.08,1.08,1.04,1.06,-3.33,-0.04,-1,502080,532629.05
PRMH,2009-12-07,1.11,1.11,1.08,1.1,-3.38,-0.04,-1,146885,161326.07
PRMH,2009-12-06,1.16,1.16,1.09,1.14,1.03,0.01,-1,327880,372341.51
PRMH,2009-12-03,1.15,1.15,1.11,1.13,0.34,0.01,-1,285810,321759.39
PRMH,2009-12-02,1.14,1.14,1.1,1.12,3,0.03,-1,257630,288820.6
PRMH,2009-12-01,1.11,1.11,1.07,1.09,1.8,0.02,-1,284550,309561.07
PRMH,2009-11-30,1.15,1.15,1.03,1.07,-7.18,-0.08,-1,247545,264450.85
PRMH,2009-11-25,1.18,1.18,1.13,1.15,-0.66,-0.01,-1,298375,343550.62
PRMH,2009-11-24,1.18,1.18,1.14,1.16,-0.99,-0.01,-1,196055,227181.21
PRMH,2009-11-23,1.2,1.2,1.15,1.17,-1.3,-0.02,-1,206900,242260.72
PRMH,2009-11-22,1.22,1.22,1.16,1.19,0.49,0.01,-1,351945,417457.24
PRMH,2009-11-19,1.2,1.2,1.14,1.18,0.33,0,-1,264955,312790.35
PRMH,2009-11-18,1.2,1.2,1.13,1.18,0.33,0.01,-1,488155,574151.36
PRMH,2009-11-17,1.23,1.23,1.13,1.17,-2.87,-0.04,-1,466835,547348.08
PRMH,2009-11-16,1.25,1.25,1.18,1.21,-3.38,-0.04,-1,462405,558731.13
PRMH,2009-11-15,1.32,1.32,1.22,1.25,-1.37,-0.02,-1,446880,558317.91
PRMH,2009-11-12,1.32,1.32,1.24,1.27,-4.08,-0.05,-1,1045315,1324724.84
PRMH,2009-11-11,1.37,1.37,1.27,1.32,3.62,0.04,-1,668225,883311.13
PRMH,2009-11-10,1.36,1.36,1.19,1.28,10.68,0.13,-1,1587540,2023072.36
PRMH,2009-11-09,1.18,1.18,1.07,1.15,2.04,0.02,-1,486905,560672.66
PRMH,2009-11-08,1.17,1.17,1.1,1.13,3.89,0.04,-1,380105,429048.81
PRMH,2009-11-05,1.14,1.14,1.01,1.09,0.71,0.01,-1,455260,494655.78
PRMH,2009-11-04,1.13,1.13,1.03,1.08,-0.88,-0.01,-1,501615,540690.51
PRMH,2009-11-03,1.17,1.17,1.02,1.09,-7.82,-0.09,-1,709960,772717.58
PRMH,2009-11-02,1.21,1.21,1.16,1.18,0.33,0,-1,389205,459494.51
PRMH,2009-11-01,1.21,1.21,1.14,1.18,-3.92,-0.05,-1,310965,366113.09
PRMH,2009-10-29,1.27,1.27,1.16,1.23,-1.85,-0.02,-1,666140,815808.87
PRMH,2009-10-28,1.35,1.35,1.21,1.25,-5.67,-0.07,-1,497230,620287.55
PRMH,2009-10-27,1.37,1.37,1.3,1.32,-3.78,-0.06,-1,586825,775930.54
PRMH,2009-10-26,1.4,1.4,1.35,1.38,-4.03,-0.05,-1,697440,959536.51
PRMH,2009-10-25,1.47,1.47,1.4,1.43,0,0,-1,240030,344042.52
PRMH,2009-10-22,1.46,1.46,1.38,1.43,2.19,0.03,-1,623380,893143.31
PRMH,2009-10-21,1.44,1.44,1.39,1.4,-2.15,-0.03,-1,286965,402547.5
PRMH,2009-10-20,1.48,1.48,1.41,1.43,-1.72,-0.03,-1,405680,581136.55
PRMH,2009-10-19,1.49,1.49,1.44,1.46,-0.26,0,-1,255890,373135.4
PRMH,2009-10-18,1.5,1.5,1.42,1.46,-0.13,0,-1,968745,1416489.49
PRMH,2009-10-15,1.49,1.49,1.45,1.46,-0.26,-0.01,-1,362160,529809.51
PRMH,2009-10-14,1.49,1.49,1.42,1.47,1.6,0.03,-1,448345,657857.95
PRMH,2009-10-13,1.5,1.5,1.38,1.44,-6.24,-0.1,-1,697015,1007235.63
PRMH,2009-10-12,1.59,1.59,1.5,1.54,-2.08,-0.03,-1,770580,1186518.01
PRMH,2009-10-11,1.61,1.61,1.54,1.57,1.24,0.02,-1,755150,1187711.83
PRMH,2009-10-08,1.6,1.6,1.52,1.55,-4.94,-0.08,-1,537575,834923.94
PRMH,2009-10-07,1.69,1.69,1.55,1.63,0.83,0.01,-1,1059535,1731159
PRMH,2009-10-05,1.68,1.68,1.56,1.62,-1.75,-0.03,-1,781385,1267347.18
PRMH,2009-10-04,1.68,1.68,1.62,1.65,-2.61,-0.04,-1,1232235,2032515.81
PRMH,2009-10-01,1.75,1.75,1.65,1.69,-0.23,-0.01,-1,861950,1459798.69
PRMH,2009-09-30,1.75,1.75,1.61,1.7,2.44,0.04,-1,2030680,3447509.5
PRMH,2009-09-29,1.73,1.73,1.62,1.66,-3.15,-0.05,-1,1537720,2548976.05
PRMH,2009-09-28,1.79,1.79,1.63,1.71,-1.44,-0.03,-1,1936410,3316103.26
PRMH,2009-09-27,1.8,1.8,1.71,1.74,-3.32,-0.06,-1,2518395,4371003.96
PRMH,2009-09-24,1.87,1.87,1.66,1.8,5.9,0.1,-1,3109905,5584285.42
PRMH,2009-09-23,1.78,1.78,1.58,1.7,5.5,0.09,-1,3059715,5191481.63
PRMH,2009-09-22,1.67,1.67,1.56,1.61,-1.3,-0.02,-1,879475,1414044.85
PRMH,2009-09-17,1.7,1.7,1.61,1.63,-2.08,-0.03,-1,1162285,1892903.83
PRMH,2009-09-16,1.73,1.73,1.63,1.66,-3.35,-0.06,-1,2455890,4086489.07
PRMH,2009-09-15,1.77,1.77,1.67,1.72,8.22,0.13,-1,2656325,4571312.49
PRMH,2009-09-14,1.71,1.71,1.49,1.59,3.38,0.05,-1,2049370,3261147.58
PRMH,2009-09-13,1.6,1.6,1.45,1.54,0.38,0.01,-1,2501435,3846577.51
PRMH,2009-09-10,1.58,1.58,1.47,1.53,4.87,0.07,-1,2401430,3680905.5
PRMH,2009-09-09,1.54,1.54,1.42,1.46,-1.17,-0.02,-1,411190,601295.35
PRMH,2009-09-08,1.58,1.58,1.35,1.48,7.4,0.1,-1,2415270,3574026.05
PRMH,2009-09-07,1.4,1.4,1.35,1.38,0.56,0.01,-1,285925,393948.02
PRMH,2009-09-06,1.42,1.42,1.35,1.37,2.3,0.03,-1,621110,850031.05
PRMH,2009-09-03,1.38,1.38,1.31,1.34,0.29,0.01,-1,358250,479283.43
PRMH,2009-09-02,1.37,1.37,1.3,1.33,-1.28,-0.02,-1,212655,283865.67
PRMH,2009-09-01,1.38,1.38,1.34,1.35,-1.13,-0.02,-1,265555,358972.82
PRMH,2009-08-31,1.4,1.4,1.35,1.37,-0.28,0,-1,538455,736180.71
PRMH,2009-08-30,1.39,1.39,1.36,1.37,-1.25,-0.02,-1,251630,344994.25
PRMH,2009-08-27,1.44,1.44,1.36,1.39,-2.17,-0.03,-1,320575,445383.6
PRMH,2009-08-26,1.47,1.47,1.37,1.42,-0.94,-0.01,-1,433870,615812.11
PRMH,2009-08-25,1.47,1.47,1.39,1.43,0.13,0,-1,556360,797531.55
PRMH,2009-08-24,1.49,1.49,1.36,1.43,-3.75,-0.06,-1,406640,581819.2
PRMH,2009-08-23,1.55,1.55,1.41,1.49,-2.77,-0.04,-1,485680,722362.52
PRMH,2009-08-20,1.6,1.6,1.47,1.53,4.88,0.07,-1,1224400,1871559.92
PRMH,2009-08-19,1.54,1.54,1.33,1.46,8.29,0.11,-1,1449890,2114716.97
PRMH,2009-08-18,1.42,1.42,1.2,1.35,10.76,0.13,-1,915315,1232903.46
PRMH,2009-08-17,1.29,1.29,1.19,1.22,-5.25,-0.06,-1,407915,495412.82
PRMH,2009-08-16,1.35,1.35,1.19,1.28,10.25,0.12,-1,858095,1099855.07
PRMH,2009-08-13,1.17,1.17,1.14,1.16,4.67,0.05,-1,204040,237378.1
PRMH,2009-08-12,1.15,1.15,1.09,1.11,-3.18,-0.04,-1,406155,451707.9
PRMH,2009-08-11,1.16,1.16,1.12,1.15,-1.49,-0.02,-1,67600,77652.5
PRMH,2009-08-10,1.19,1.19,1.15,1.17,-3.04,-0.03,-1,322720,375807.31
PRMH,2009-08-09,1.25,1.25,1.18,1.2,-1.11,-0.02,-1,160780,193358.25
PRMH,2009-08-06,1.23,1.23,1.18,1.22,3.27,0.04,-1,306410,372281.94
PRMH,2009-08-05,1.23,1.23,1.15,1.18,-2.55,-0.03,-1,403925,475356.3
PRMH,2009-08-04,1.26,1.26,1.2,1.21,0.48,0.01,-1,125230,151322.87
PRMH,2009-08-03,1.27,1.27,1.18,1.2,-2.8,-0.04,-1,359335,432197.5
PRMH,2009-08-02,1.28,1.28,1.21,1.24,1.42,0.02,-1,227130,280822.55
PRMH,2009-07-30,1.27,1.27,1.15,1.22,5.14,0.06,-1,400410,488186.4
PRMH,2009-07-29,1.19,1.19,1.15,1.16,-3.67,-0.04,-1,271350,314886.71
PRMH,2009-07-28,1.21,1.21,1.15,1.2,5.39,0.06,-1,615575,741525.09
PRMH,2009-07-27,1.15,1.15,1.1,1.14,4.39,0.05,-1,394920,451025.89
PRMH,2009-07-26,1.11,1.11,1.08,1.09,2.52,0.02,-1,255710,279912.6
PRMH,2009-07-22,1.1,1.1,1.05,1.07,-1.94,-0.02,-1,117980,125902.65
PRMH,2009-07-21,1.12,1.12,1.06,1.09,0.71,0.01,-1,143520,156176.54
PRMH,2009-07-20,1.11,1.11,1.06,1.08,0,0,-1,125320,135519.15
PRMH,2009-07-19,1.13,1.13,1.07,1.08,1.08,0.01,-1,279765,302513.27
PRMH,2009-07-16,1.1,1.1,1.03,1.07,5.3,0.05,-1,265680,284229.47
PRMH,2009-07-15,1.05,1.05,0.99,1.02,0.38,0.01,-1,95340,96787.47
PRMH,2009-07-14,1.03,1.03,1,1.01,2.53,0.02,-1,72060,72915.74
PRMH,2009-07-13,1.04,1.04,0.97,0.99,-1.72,-0.01,-1,204980,202264.9
PRMH,2009-07-12,1.04,1.04,1,1,-4.22,-0.05,-1,107460,107847.31
PRMH,2009-07-09,1.08,1.08,1.04,1.05,-2.68,-0.03,-1,35645,37349.7
PRMH,2009-07-08,1.1,1.1,1.07,1.08,-3.95,-0.04,-1,248265,267516.48
PRMH,2009-07-07,1.13,1.13,1.06,1.12,4.29,0.04,-1,373870,419010.99
PRMH,2009-07-06,1.12,1.12,1.05,1.08,-2.61,-0.02,-1,168175,180937.06
PRMH,2009-07-05,1.13,1.13,1.08,1.1,-3.2,-0.04,-1,180080,198620.82
PRMH,2009-07-02,1.18,1.18,1.1,1.14,3.85,0.04,-1,260335,296948.54
PRMH,2009-06-30,1.12,1.12,1.04,1.1,3.25,0.04,-1,222895,244796.53
PRMH,2009-06-29,1.12,1.12,1.06,1.06,0,0,-1,144870,154002.4
PRMH,2009-06-28,1.16,1.16,1.06,1.06,-4.49,-0.05,-1,205610,218844.17
PRMH,2009-06-25,1.17,1.17,1.11,1.11,-4.93,-0.06,-1,138165,153926.75
PRMH,2009-06-24,1.23,1.23,1.17,1.17,-3.03,-0.04,-1,133560,156548.5
PRMH,2009-06-23,1.25,1.25,1.21,1.21,-4.85,-0.06,-1,219595,265354.1
PRMH,2009-06-22,1.28,1.28,1.26,1.27,-4.49,-0.06,-1,146510,186053.75
PRMH,2009-06-21,1.37,1.37,1.29,1.33,1.92,0.03,-1,171530,227878.9
PRMH,2009-06-18,1.33,1.33,1.28,1.3,1.35,0.01,-1,317350,413706.02
PRMH,2009-06-17,1.3,1.3,1.27,1.29,-1.04,-0.01,-1,103375,133093.9
PRMH,2009-06-16,1.31,1.31,1.28,1.3,0.15,0,-1,108835,141529.2
PRMH,2009-06-15,1.33,1.33,1.27,1.3,1.35,0.02,-1,117945,153193.97
PRMH,2009-06-14,1.33,1.33,1.26,1.28,-1.48,-0.02,-1,233660,299353.87
PRMH,2009-06-11,1.34,1.34,1.28,1.3,-3.15,-0.04,-1,196820,255915.1
PRMH,2009-06-10,1.35,1.35,1.29,1.34,0.43,0,-1,375305,503589.23
PRMH,2009-06-09,1.37,1.37,1.31,1.34,-1.14,-0.01,-1,235445,314902.4
PRMH,2009-06-08,1.38,1.38,1.33,1.35,0.29,0,-1,128440,173596.2
PRMH,2009-06-07,1.43,1.43,1.32,1.35,-2.64,-0.03,-1,433390,584362.44
PRMH,2009-06-04,1.41,1.41,1.36,1.38,0.7,0,-1,207530,287287.7
PRMH,2009-06-03,1.41,1.41,1.36,1.38,-3.38,-0.04,-1,404350,555657
PRMH,2009-06-02,1.46,1.46,1.38,1.42,0,0,-1,448910,638974.91
PRMH,2009-06-01,1.47,1.47,1.4,1.42,1.65,0.02,-1,336565,479196.72
PRMH,2009-05-31,1.41,1.41,1.32,1.4,5.35,0.07,-1,542855,759681.05
PRMH,2009-05-28,1.36,1.36,1.29,1.33,-4.43,-0.06,-1,329175,437126.44
PRMH,2009-05-27,1.45,1.45,1.37,1.39,-2.69,-0.04,-1,398175,553573.04
PRMH,2009-05-26,1.49,1.49,1.4,1.43,-2.88,-0.04,-1,625895,894047.49
PRMH,2009-05-25,1.53,1.53,1.4,1.47,0.26,0,-1,500075,735288.49
PRMH,2009-05-24,1.57,1.57,1.46,1.47,-2.05,-0.03,-1,501690,736605.43
PRMH,2009-05-21,1.54,1.54,1.4,1.5,5.56,0.08,-1,1590720,2383332.19
PRMH,2009-05-20,1.49,1.49,1.38,1.42,-0.27,0,-1,3461610,4909676.84
PRMH,2009-05-19,1.55,1.55,1.41,1.42,-3.77,-0.06,-1,1014625,1443164.81
PRMH,2009-05-18,1.56,1.56,1.45,1.48,2.12,0.03,-1,199855,295652.19
PRMH,2009-05-17,1.53,1.53,1.43,1.45,-3.95,-0.06,-1,418480,605602.68
PRMH,2009-05-14,1.55,1.55,1.5,1.51,-4.16,-0.06,-1,724880,1092780
PRMH,2009-05-13,1.68,1.68,1.55,1.57,-0.85,-0.02,-1,1158020,1820829.73
PRMH,2009-05-12,1.59,1.59,1.5,1.59,6.59,0.1,-1,1037980,1647520.81
PRMH,2009-05-11,1.59,1.59,1.44,1.49,-1.9,-0.03,-1,1277595,1902164.79
PRMH,2009-05-10,1.53,1.53,1.46,1.52,9.43,0.13,-1,1328445,2015709.02
PRMH,2009-05-07,1.39,1.39,1.32,1.39,3.15,0.05,-1,1367420,1896250.51
PRMH,2009-05-06,1.4,1.4,1.33,1.34,-0.14,-0.01,-1,408375,548745.35
PRMH,2009-05-05,1.39,1.39,1.3,1.35,3.7,0.05,-1,787730,1060554.31
PRMH,2009-05-04,1.32,1.32,1.24,1.3,0.9,0.01,-1,176430,228902.67
PRMH,2009-05-03,1.33,1.33,1.26,1.29,-1.76,-0.02,-1,118955,153088.34
PRMH,2009-04-30,1.34,1.34,1.26,1.31,1.19,0.02,-1,160940,210723.6
PRMH,2009-04-29,1.3,1.3,1.23,1.29,0.3,0,-1,166140,214907.05
PRMH,2009-04-28,1.33,1.33,1.28,1.29,-4.14,-0.06,-1,160110,206668.2
PRMH,2009-04-27,1.42,1.42,1.31,1.35,-0.71,-0.01,-1,347310,467298.9
PRMH,2009-04-23,1.38,1.38,1.31,1.33,-3.77,-0.05,-1,288810,383390.7
PRMH,2009-04-22,1.49,1.49,1.35,1.38,-3.11,-0.04,-1,442905,610909.82
PRMH,2009-04-21,1.43,1.43,1.32,1.42,9.14,0.12,-1,748660,1064995.72
PRMH,2009-04-16,1.31,1.31,1.28,1.3,4.63,0.05,-1,185380,241685.5
PRMH,2009-04-15,1.31,1.31,1.24,1.25,-2.7,-0.03,-1,124360,154930
PRMH,2009-04-14,1.4,1.4,1.28,1.28,0,0,-1,128075,163926.9
PRMH,2009-04-13,1.39,1.39,1.26,1.28,-3.62,-0.05,-1,633230,810580.8
PRMH,2009-04-12,1.43,1.43,1.3,1.33,-2.68,-0.04,-1,1458600,2255883.6
PRMH,2009-04-09,1.48,1.48,1.36,1.37,-4.57,-0.06,-1,292550,399300.32
PRMH,2009-04-08,1.44,1.44,1.43,1.43,-4.86,-0.07,-1,215670,308592.5
PRMH,2009-04-07,1.61,1.61,1.48,1.5,-8.43,-0.14,-1,329445,495411.1
PRMH,2009-04-06,1.71,1.71,1.64,1.64,-4.79,-0.09,-1,740375,1215810.7
PRMH,2009-04-05,1.77,1.77,1.64,1.73,7.04,0.12,-1,1182150,2038143.76
PRMH,2009-04-02,1.68,1.68,1.52,1.61,5.94,0.09,-1,617035,994584.49
PRMH,2009-04-01,1.52,1.52,1.45,1.52,10.01,0.14,-1,610360,927964.57
PRMH,2009-03-31,1.39,1.39,1.32,1.38,9.27,0.11,-1,651945,901687.36
PRMH,2009-03-30,1.3,1.3,1.17,1.27,2.49,0.04,-1,672005,850176.94
PRMH,2009-03-29,1.27,1.27,1.15,1.23,5.42,0.06,-1,850060,1048898.33
PRMH,2009-03-26,1.18,1.18,1.12,1.17,9.53,0.1,-1,555770,651126.98
PRMH,2009-03-25,1.09,1.09,0.99,1.07,6.92,0.07,-1,840300,897933.84
PRMH,2009-03-24,1.03,1.03,0.99,1,-4.41,-0.05,-1,188765,188667.32
PRMH,2009-03-23,1.1,1.1,1.02,1.05,-2.86,-0.03,-1,190350,199017.11
PRMH,2009-03-22,1.08,1.08,1.03,1.08,9.16,0.09,-1,366700,394873.76
PRMH,2009-03-19,1,1,0.95,0.99,3.64,0.04,-1,275515,271854.76
PRMH,2009-03-18,0.98,0.98,0.93,0.95,-2.17,-0.02,-1,181780,172893.12
PRMH,2009-03-17,0.99,0.99,0.94,0.97,3.27,0.03,-1,165700,161136.27
PRMH,2009-03-16,1,1,0.93,0.94,-3.16,-0.03,-1,74030,69759.14
PRMH,2009-03-15,1.01,1.01,0.95,0.97,-1.94,-0.02,-1,177130,172510.67
PRMH,2009-03-12,1.01,1.01,0.93,0.99,1.78,0.01,-1,22450,22290.42
PRMH,2009-03-11,1.02,1.02,0.94,0.98,3.47,0.04,-1,126670,123415.98
PRMH,2009-03-10,0.95,0.95,0.9,0.94,4.26,0.04,-1,38315,36137.47
PRMH,2009-03-08,0.92,0.92,0.88,0.9,-2.29,-0.03,-1,125945,113738.9
PRMH,2009-03-05,0.94,0.94,0.92,0.93,-3.02,-0.02,-1,59630,55160.42
PRMH,2009-03-03,0.98,0.98,0.9,0.95,0.4,0,-1,39000,37235
PRMH,2009-03-02,0.96,0.96,0.94,0.95,-2.76,-0.03,-1,36660,34862
PRMH,2009-03-01,1.02,1.02,0.96,0.98,-0.59,0,-1,25895,25319.4
PRMH,2009-02-26,1.02,1.02,0.96,0.98,1.39,0.01,-1,40715,40045.1
PRMH,2009-02-25,1,1,0.93,0.97,1.41,0.01,-1,80600,78164
PRMH,2009-02-24,1.01,1.01,0.94,0.96,-1.78,-0.01,-1,33800,32332.2
PRMH,2009-02-23,0.98,0.98,0.96,0.97,4.76,0.04,-1,80600,78388.58
PRMH,2009-02-22,0.97,0.97,0.92,0.93,-3.98,-0.04,-1,37490,34818.4
PRMH,2009-02-19,0.97,0.97,0.96,0.97,4.57,0.04,-1,121760,117829.35
PRMH,2009-02-18,0.95,0.95,0.89,0.93,2.12,0.02,-1,146595,135482.66
PRMH,2009-02-17,0.91,0.91,0.9,0.91,-1.46,-0.01,-1,62190,56354
PRMH,2009-02-16,0.95,0.95,0.91,0.92,-1.04,-0.01,-1,62840,57753.37
PRMH,2009-02-15,0.94,0.94,0.91,0.93,4.09,0.04,-1,148250,137686.7
PRMH,2009-02-12,0.91,0.91,0.88,0.89,-3.53,-0.04,-1,116660,104186
PRMH,2009-02-11,0.96,0.96,0.9,0.93,0.84,0.01,-1,100930,93311.58
PRMH,2009-02-10,0.94,0.94,0.89,0.92,2.36,0.02,-1,115610,105956.89
PRMH,2009-02-09,0.92,0.92,0.88,0.9,-1.48,-0.01,-1,78815,70640.77
PRMH,2009-02-08,0.95,0.95,0.88,0.91,-0.63,-0.01,-1,89840,81693.37
PRMH,2009-02-05,0.92,0.92,0.91,0.92,-4.8,-0.04,-1,168265,153965.25
PRMH,2009-02-04,0.98,0.98,0.9,0.96,7.53,0.07,-1,253760,244182.5
PRMH,2009-02-03,0.95,0.95,0.86,0.89,-0.85,-0.01,-1,298220,266733.9
PRMH,2009-02-02,0.93,0.93,0.89,0.9,-3.89,-0.04,-1,87880,79241
PRMH,2009-02-01,0.96,0.96,0.93,0.94,-4.13,-0.04,-1,243570,228489.6
PRMH,2009-01-29,1.06,1.06,0.97,0.98,-3.78,-0.04,-1,141880,138832.7
PRMH,2009-01-28,1.04,1.04,0.96,1.02,2.12,0.02,-1,396645,403690.1
PRMH,2009-01-27,1.02,1.02,0.97,1,2.98,0.03,-1,55535,55359.4
PRMH,2009-01-26,0.99,0.99,0.92,0.97,2.86,0.03,-1,80860,78287.88
PRMH,2009-01-25,1,1,0.9,0.94,-5.96,-0.06,-1,202175,190072.67
PRMH,2009-01-22,1.05,1.05,1,1,-4.24,-0.04,-1,196560,196712
PRMH,2009-01-21,1.05,1.05,1.04,1.04,-4.9,-0.06,-1,46505,48565.49
PRMH,2009-01-20,1.18,1.18,1.09,1.1,-4.36,-0.05,-1,212730,233660.3
PRMH,2009-01-19,1.17,1.17,1.07,1.15,7.96,0.09,-1,812855,932624.43
PRMH,2009-01-15,1.05,1.05,0.95,1.02,1.54,0.02,-1,555100,563601.39
PRMH,2009-01-14,1.04,1.04,0.99,1,-4.24,-0.04,-1,357805,357636.71
PRMH,2009-01-13,1.07,1.07,0.99,1.04,2.26,0.02,-1,477775,498710.64
PRMH,2009-01-12,1.04,1.04,0.99,1.02,2.51,0.02,-1,585080,597171.78
PRMH,2009-01-11,1.04,1.04,0.99,1,-2.08,-0.02,-1,484335,482375.96
PRMH,2009-01-08,1.06,1.06,0.99,1.02,-0.38,0,-1,407880,415212.77
PRMH,2009-01-06,1.06,1.06,0.98,1.02,3.71,0.04,-1,504530,514811.59
PRMH,2009-01-05,1,1,0.92,0.98,3.43,0.03,-1,554870,546642.76
PRMH,2009-01-04,0.98,0.98,0.9,0.95,2.48,0.02,-1,585150,557573.16
PRMH,2008-12-31,0.96,0.96,0.88,0.93,6.86,0.06,-1,716970,666055.73
PRMH,2008-12-30,0.88,0.88,0.82,0.87,8.92,0.07,-1,759670,660675.5
PRMH,2008-12-28,0.8,0.8,0.78,0.8,4.53,0.04,-1,493410,393640.71
PRMH,2008-12-25,0.79,0.79,0.75,0.76,-0.5,-0.01,-1,197290,150800.85
PRMH,2008-12-24,0.77,0.77,0.76,0.77,-0.99,-0.01,-1,108350,83221.39
PRMH,2008-12-23,0.8,0.8,0.77,0.78,-1.47,-0.01,-1,113830,88107.99
PRMH,2008-12-22,0.81,0.81,0.76,0.79,1.49,0.01,-1,155595,122419.71
PRMH,2008-12-21,0.79,0.79,0.76,0.78,-1.23,0,-1,126985,98405.6
PRMH,2008-12-18,0.8,0.8,0.77,0.78,-0.49,-0.01,-1,151695,118969.25
PRMH,2008-12-17,0.82,0.82,0.78,0.79,-1.68,-0.01,-1,170850,134611.36
PRMH,2008-12-16,0.84,0.84,0.77,0.8,-0.24,0,-1,141180,113098.5
PRMH,2008-12-15,0.81,0.81,0.74,0.8,4.24,0.03,-1,232225,186896.04
PRMH,2008-12-14,0.83,0.83,0.76,0.77,-3.37,-0.03,-1,319405,246473.55
PRMH,2008-12-11,0.83,0.83,0.79,0.8,0,0,-1,83345,66555.58
PRMH,2008-12-10,0.82,0.82,0.78,0.8,-2.58,-0.02,-1,69160,55164.5
PRMH,2008-12-04,0.84,0.84,0.77,0.82,6.5,0.05,-1,302975,248491.38
PRMH,2008-12-03,0.77,0.77,0.77,0.77,4.99,0.04,-1,214690,165148
PRMH,2008-12-02,0.77,0.77,0.7,0.73,-0.26,0,-1,469080,343590.5
PRMH,2008-12-01,0.75,0.75,0.73,0.73,-4.74,-0.04,-1,197835,145175.95
PRMH,2008-11-30,0.79,0.79,0.76,0.77,1.78,0.01,-1,126360,97527.29
PRMH,2008-11-27,0.76,0.76,0.71,0.76,4.23,0.03,-1,191150,144877
PRMH,2008-11-26,0.76,0.76,0.72,0.73,-4.3,-0.03,-1,289960,210937.69
PRMH,2008-11-25,0.82,0.82,0.74,0.76,-2.23,-0.02,-1,209455,159256.6
PRMH,2008-11-24,0.78,0.78,0.77,0.78,-4.49,-0.03,-1,46540,36189
PRMH,2008-11-23,0.86,0.86,0.79,0.81,-2.08,-0.02,-1,122770,99806.28
PRMH,2008-11-20,0.87,0.87,0.83,0.83,-4.85,-0.04,-1,77220,64190
PRMH,2008-11-19,0.89,0.89,0.87,0.87,-4.82,-0.05,-1,331080,289284.26
PRMH,2008-11-18,0.92,0.92,0.92,0.92,-4.98,-0.05,-1,107535,98673.6
PRMH,2008-11-17,0.98,0.98,0.96,0.97,-4.56,-0.04,-1,234935,226668
PRMH,2008-11-16,1.09,1.09,1,1.01,-4.19,-0.05,-1,322295,325853.1
PRMH,2008-11-13,1.08,1.08,1.05,1.06,-4.52,-0.05,-1,440545,465038.65
PRMH,2008-11-12,1.15,1.15,1.1,1.11,-4.01,-0.04,-1,156625,173269.6
PRMH,2008-11-11,1.16,1.16,1.09,1.15,3.81,0.04,-1,397000,456960.09
PRMH,2008-11-10,1.15,1.15,1.04,1.11,1.05,0.01,-1,676930,750807.06
PRMH,2008-11-09,1.13,1.13,1.09,1.1,-3.38,-0.04,-1,142870,156986.39
PRMH,2008-11-06,1.19,1.19,1.09,1.14,-0.51,0,-1,628830,714309.28
PRMH,2008-11-05,1.19,1.19,1.13,1.14,-4.04,-0.05,-1,370645,423308.03
PRMH,2008-11-04,1.24,1.24,1.18,1.19,-4.03,-0.05,-1,615265,732575.55
PRMH,2008-11-03,1.3,1.3,1.18,1.24,0.16,0,-1,269610,334168.11
PRMH,2008-11-02,1.31,1.31,1.19,1.24,-0.92,-0.01,-1,1432085,1773800.23
PRMH,2008-10-30,1.25,1.25,1.25,1.25,-4.97,-0.07,-1,64950,81185
PRMH,2008-10-29,1.32,1.32,1.32,1.32,-5,-0.06,-1,581150,764438.4
PRMH,2008-10-28,1.38,1.38,1.38,1.38,-4.89,-0.08,-1,25740,35640
PRMH,2008-10-22,1.46,1.46,1.46,1.46,-4.9,-0.07,-1,17680,25738
PRMH,2008-10-21,1.59,1.59,1.52,1.53,-4.1,-0.07,-1,282620,432897.5
PRMH,2008-10-20,1.66,1.66,1.59,1.6,-4.49,-0.07,-1,127660,203715
PRMH,2008-10-19,1.68,1.68,1.61,1.67,4.7,0.07,-1,1382710,2311986.66
PRMH,2008-10-16,1.6,1.6,1.48,1.6,-5.47,-0.09,-1,483410,771509.17
PRMH,2008-10-15,1.63,1.63,1.51,1.51,-4.36,-0.07,-1,452505,684973.38
PRMH,2008-10-14,1.66,1.66,1.56,1.58,-3.57,-0.06,-1,1268560,2007675.15
PRMH,2008-10-13,1.64,1.64,1.64,1.64,-4.99,-0.09,-1,82520,135422
PRMH,2008-10-12,1.73,1.73,1.73,1.73,-4.93,-0.09,-1,40605,70140
PRMH,2008-10-09,1.82,1.82,1.82,1.82,-4.96,-0.09,-1,31905,57970
PRMH,2008-10-08,1.91,1.91,1.91,1.91,-4.97,-0.1,-1,7540,14417
PRMH,2008-09-29,2.15,2.15,2,2.01,-4.27,-0.09,-1,650345,1308233.26
PRMH,2008-09-28,2.26,2.26,2.1,2.1,-4.69,-0.11,-1,556305,1169022.98
PRMH,2008-09-25,2.36,2.36,2.2,2.21,-4.91,-0.11,-1,1474475,3250927.5
PRMH,2008-09-24,2.32,2.32,2.32,2.32,-4.95,-0.12,-1,590,1358.45
PRMH,2008-09-23,2.59,2.59,2.39,2.44,-3.21,-0.08,-1,640170,1561546.89
PRMH,2008-09-22,2.52,2.52,2.41,2.52,4.88,0.12,-1,2255995,5686072.46
PRMH,2008-09-21,2.4,2.4,2.29,2.4,4.97,0.11,-1,3593260,8633991.39
PRMH,2008-09-18,2.29,2.29,2.29,2.29,4.98,0.11,-1,128490,294152
PRMH,2008-09-17,2.18,2.18,2.18,2.18,4.98,0.1,-1,4853810,10584672.45
PRMH,2008-09-16,2.08,2.08,2.08,2.08,4.97,0.1,-1,5805,12050
PRMH,2008-09-15,1.98,1.98,1.98,1.98,4.94,0.09,-1,582995,1153740
PRMH,2008-09-14,1.89,1.89,1.89,1.89,4.99,0.09,-1,522080,984600
PRMH,2008-09-11,1.8,1.8,1.8,1.8,4.93,0.09,-1,1450230,2605000
PRMH,2008-09-10,1.71,1.71,1.71,1.71,4.97,0.08,-1,81215,139020
PRMH,2008-09-09,1.63,1.63,1.63,1.63,4.99,0.08,-1,54525,88924
PRMH,2008-09-08,1.55,1.55,1.55,1.55,4.89,0.07,-1,36545,56763
PRMH,2008-09-07,1.48,1.48,1.48,1.48,4.88,0.07,-1,31325,46386
PRMH,2008-09-04,1.41,1.41,1.41,1.41,5,0.07,-1,27265,38493
PRMH,2008-09-03,1.34,1.34,1.34,1.34,4.98,0.06,-1,23785,31980
PRMH,2008-09-02,1.28,1.28,1.28,1.28,4.94,0.06,-1,20885,26748
PRMH,2008-09-01,1.22,1.22,1.22,1.22,4.89,0.06,-1,14505,17700
PRMH,2008-08-31,1.16,1.16,1.16,1.16,25.46,0.23,-1,20312850,23636252.25
PRMH,2008-06-04,0.87,0.87,0.87,0.87,4.87,0.04,-1,610,538
PRMH,2008-05-13,0.85,0.85,0.85,0.85,5,0.04,-1,5101465,4340348
PRMH,2008-04-29,0.81,0.81,0.81,0.81,0,0,-1,776835,629460
