Symbol,Date Range,Open,High,Low,Closed,% Change,Change,Prev. Closed,Volume,Turnover
ROTO,2026-09-07,44.78,44.78,43.5,44.42,0.84,0.37,-1,142950,6290964.5
ROTO,2026-09-06,44.99,44.99,43.01,44.05,1.92,0.83,-1,221852,9788459
ROTO,2026-09-03,44.41,44.41,43.02,43.22,-0.68,-0.3,-1,250095,10924867
ROTO,2026-09-02,44.9,44.9,43.8,44,-0.38,-0.17,-1,157462,6963097.5
ROTO,2026-09-01,45.1,45.1,44,44.17,0.14,0.06,-1,231777,10286105
ROTO,2026-08-31,45.01,45.01,43.7,44.11,-0.61,-0.27,-1,192090,8480744
ROTO,2026-08-30,45.98,45.98,44.11,44.41,-0.05,-0.02,-1,178820,8000201.5
ROTO,2026-08-26,45.61,45.61,44.01,44.43,-1.62,-0.73,-1,249964,11205486
ROTO,2026-08-25,47.4,47.4,45.16,45.16,-1.29,-0.59,-1,396168,18292424
ROTO,2026-08-24,46.99,46.99,44.86,45.75,0.11,0.05,-1,531702,24302906
ROTO,2026-08-23,47.43,47.43,45.5,45.7,-1.36,-0.63,-1,376135,17380336
ROTO,2026-08-20,48.49,48.49,46.33,46.33,-3.62,-1.74,-1,319361,15071082
ROTO,2026-08-19,51.8,51.8,48,48.07,-6.15,-3.15,-1,278335,13830152
ROTO,2026-08-18,52,52,49.85,51.22,0.85,0.43,-1,381507,19511696
ROTO,2026-08-17,52.77,52.77,49.5,50.79,-1.4,-0.72,-1,631161,32162214
ROTO,2026-08-16,53.6,53.6,51.27,51.51,1.2,0.61,-1,580118,30266564
ROTO,2026-08-13,51.8,51.8,49.5,50.9,3.29,1.62,-1,567339,28737458.45
ROTO,2026-08-12,50.75,50.75,48.1,49.28,-0.81,-0.4,-1,794086,39289092
ROTO,2026-08-11,51,51,48.66,49.68,2.22,1.08,-1,919853,45903140
ROTO,2026-08-10,49.24,49.24,46.86,48.6,4.05,1.89,-1,986325,47491424
ROTO,2026-08-09,47.08,47.08,46.41,46.71,0.67,0.31,-1,222225,10393473
ROTO,2026-08-06,47,47,45.11,46.4,1.93,0.88,-1,595532,27640490
ROTO,2026-08-05,46.65,46.65,45.11,45.52,0.18,0.08,-1,283620,12999227
ROTO,2026-08-04,45.85,45.85,44.53,45.44,1.09,0.49,-1,494751,22325406
ROTO,2026-08-03,46.68,46.68,44.81,44.95,-0.11,-0.05,-1,574564,26165724
ROTO,2026-08-02,45.49,45.49,42.6,45,5.78,2.46,-1,624342,27822582
ROTO,2026-07-30,43,43,41.85,42.54,-1.85,-0.8,-1,436635,18574926
ROTO,2026-07-29,44.85,44.85,43.34,43.34,-2.61,-1.16,-1,238878,10492431
ROTO,2026-07-28,45.5,45.5,44.1,44.5,0.14,0.06,-1,369540,16488407
ROTO,2026-07-27,44.49,44.49,44,44.44,1,0.44,-1,224908,9947980
ROTO,2026-07-26,45.1,45.1,43.2,44,2.33,1,-1,905053,39953580
ROTO,2026-07-22,44.5,44.5,42.14,43,1.68,0.71,-1,995956,43310312
ROTO,2026-07-21,42.67,42.67,41.52,42.29,2.08,0.86,-1,623627,26353664
ROTO,2026-07-20,41.79,41.79,40.99,41.43,1.87,0.76,-1,252620,10433161
ROTO,2026-07-19,41.4,41.4,40.5,40.67,-0.64,-0.26,-1,247215,10117662
ROTO,2026-07-16,42.48,42.48,40.75,40.93,-1.89,-0.79,-1,453533,18889140
ROTO,2026-07-15,42.5,42.5,41.5,41.72,-0.67,-0.28,-1,379702,15940818
ROTO,2026-07-14,43.4,43.4,41.95,42,-2.48,-1.07,-1,332167,14083326
ROTO,2026-07-13,45,45,43.06,43.07,-2.67,-1.18,-1,393529,17313924
ROTO,2026-07-12,44.25,44.25,42.01,44.25,4.86,2.05,-1,669975,29188814
ROTO,2026-07-09,42.7,42.7,41.29,42.2,2.11,0.87,-1,537294,22644044
ROTO,2026-07-08,42.77,42.77,41,41.33,-2.73,-1.16,-1,275913,11541498
ROTO,2026-07-07,44,44,42.28,42.49,-0.28,-0.12,-1,453641,19557460
ROTO,2026-07-06,43.75,43.75,42.56,42.61,-0.72,-0.31,-1,184501,7926649
ROTO,2026-07-05,43.5,43.5,41.2,42.92,3.47,1.44,-1,635846,26999248
ROTO,2026-07-01,42.4,42.4,40.83,41.48,0.22,0.09,-1,576715,24024040
ROTO,2026-06-30,46.71,46.71,40.5,41.39,1.4,0.57,-1,650336,26997068
ROTO,2026-06-29,40.82,40.82,38,40.82,4.85,1.89,-1,585366,23076948
ROTO,2026-06-28,41.47,41.47,38.71,38.93,-5.37,-2.21,-1,354536,14154411
ROTO,2026-06-25,43.48,43.48,41.02,41.14,-0.87,-0.36,-1,1387082,58700816
ROTO,2026-06-24,42.94,42.94,41.3,41.5,-2.72,-1.16,-1,354595,14859557
ROTO,2026-06-23,44.79,44.79,41.18,42.66,3.62,1.49,-1,1473258,63325064
ROTO,2026-06-22,44.35,44.35,40.81,41.17,-4.61,-1.99,-1,739179,31198344
ROTO,2026-06-21,47.64,47.64,43.16,43.16,1.22,0.52,-1,2697968,121913584
ROTO,2026-06-17,42.64,42.64,35.7,42.64,19.98,7.1,-1,3606764,143452864
ROTO,2026-06-16,35.85,35.85,34.5,35.54,3.1,1.07,-1,439651,15441989
ROTO,2026-06-15,35.19,35.19,33.99,34.47,2.16,0.73,-1,225089,7825696.5
ROTO,2026-06-14,34.5,34.5,33.7,33.77,1.35,0.45,-1,130644,4435845
ROTO,2026-06-11,34,34,33.06,33.32,-0.83,-0.28,-1,232947,7820469.5
ROTO,2026-06-10,35.7,35.7,33.52,33.6,-4.36,-1.53,-1,255880,8881097
ROTO,2026-06-09,35.99,35.99,33.91,35.13,3.66,1.24,-1,651385,22968286
ROTO,2026-06-08,34.7,34.7,33.6,33.89,-0.7,-0.24,-1,243584,8320576
ROTO,2026-06-07,35.24,35.24,33.33,34.13,1.55,0.52,-1,593410,20517060
ROTO,2026-06-04,34.18,34.18,33.06,33.61,0.48,0.16,-1,340157,11448348
ROTO,2026-06-03,34,34,33.2,33.45,-0.45,-0.15,-1,307725,10359032
ROTO,2026-06-02,33.96,33.96,33,33.6,1.97,0.65,-1,344612,11562534
ROTO,2026-06-01,33.7,33.7,32.91,32.95,0.58,0.19,-1,141974,4699659
ROTO,2026-05-25,33.5,33.5,32.66,32.76,-0.79,-0.26,-1,199708,6570234.5
ROTO,2026-05-24,34,34,32.9,33.06,-0.12,-0.04,-1,215470,7174426
ROTO,2026-05-21,34.15,34.15,32.8,33.1,-1.55,-0.52,-1,254257,8472562
ROTO,2026-05-20,35.7,35.7,33.1,33.62,1.23,0.41,-1,1279691,44680376
ROTO,2026-05-19,33.75,33.75,33.02,33.21,0.64,0.21,-1,227130,7588831
ROTO,2026-05-18,35,35,32.77,33,-4.98,-1.73,-1,623149,20719482
ROTO,2026-05-17,35.97,35.97,34.63,34.73,-0.26,-0.09,-1,326348,11456068
ROTO,2026-05-14,36.29,36.29,33.69,34.82,2.84,0.96,-1,924229,32624170
ROTO,2026-05-13,34.33,34.33,33.36,33.86,1.9,0.63,-1,414062,14016583
ROTO,2026-05-12,33.6,33.6,33.01,33.23,0.3,0.1,-1,163651,5434815
ROTO,2026-05-11,33.99,33.99,33.02,33.13,-1.9,-0.64,-1,153513,5109562.5
ROTO,2026-05-10,34.25,34.25,33.71,33.77,-0.68,-0.23,-1,140478,4756406.5
ROTO,2026-05-06,34.7,34.7,33.8,34,0.86,0.29,-1,108113,3694823.75
ROTO,2026-05-05,34.39,34.39,33.44,33.71,-0.77,-0.26,-1,189073,6396832.5
ROTO,2026-05-04,35.4,35.4,33.67,33.97,-3,-1.05,-1,721239,24624738
ROTO,2026-05-03,36.69,36.69,34.8,35.02,-0.57,-0.2,-1,612150,21787114
ROTO,2026-04-30,36,36,33.99,35.22,3.96,1.34,-1,758853,26708342
ROTO,2026-04-29,34,34,33.33,33.88,1.4,0.47,-1,123627,4190168.75
ROTO,2026-04-28,34.38,34.38,33.45,33.5,0.03,0.01,-1,131514,4443998
ROTO,2026-04-27,35.49,35.49,33.37,33.49,-3.79,-1.32,-1,451078,15452873
ROTO,2026-04-26,34.88,34.88,31.5,34.81,10.02,3.17,-1,1001071,33508734
ROTO,2026-04-23,32.45,32.45,31.63,31.64,-1.65,-0.53,-1,302823,9671161
ROTO,2026-04-22,33.08,33.08,31.76,32.17,-0.25,-0.08,-1,125133,4045471.25
ROTO,2026-04-21,33.37,33.37,32.14,32.25,0.34,0.11,-1,398324,13046709
ROTO,2026-04-20,32.38,32.38,31.3,32.14,0.59,0.19,-1,297766,9478319
ROTO,2026-04-19,32.68,32.68,31.06,31.95,0.95,0.3,-1,283163,9053795
ROTO,2026-04-16,32.32,32.32,31.5,31.65,-1.09,-0.35,-1,234669,7503866
ROTO,2026-04-15,32.25,32.25,31.1,32,2.96,0.92,-1,549480,17477698
ROTO,2026-04-14,31.95,31.95,29.7,31.08,4.75,1.41,-1,561417,17470148
ROTO,2026-04-09,30.4,30.4,29.55,29.67,0.07,0.02,-1,119805,3572530
ROTO,2026-04-08,30.05,30.05,29.51,29.63,0.89,0.26,-1,143424,4281577.5
ROTO,2026-04-07,30.79,30.79,29.31,29.37,-2.17,-0.65,-1,250828,7442957.5
ROTO,2026-04-06,30.49,30.49,29.4,30.02,1.97,0.58,-1,143936,4334218.5
ROTO,2026-04-05,29.9,29.9,29.35,29.44,-0.17,-0.05,-1,55000,1620356.25
ROTO,2026-04-02,29.92,29.92,29.38,29.49,-0.84,-0.25,-1,77939,2299811.75
ROTO,2026-04-01,30,30,29.42,29.74,1.12,0.33,-1,97444,2899595.25
ROTO,2026-03-31,30,30,29.33,29.41,-0.64,-0.19,-1,72348,2138245.25
ROTO,2026-03-30,30.44,30.44,29.02,29.6,-1.42,-0.43,-1,128289,3818091.75
ROTO,2026-03-29,30.71,30.71,29.65,30.33,-1.17,-0.36,-1,96305,2906612
ROTO,2026-03-26,31.99,31.99,30.61,30.66,-2.91,-0.92,-1,166910,5172707.5
ROTO,2026-03-25,32.16,32.16,30.8,31.58,0.57,0.18,-1,385376,12181053
ROTO,2026-03-24,31.65,31.65,30.26,31.4,6.19,1.83,-1,691013,21450466
ROTO,2026-03-18,30.89,30.89,27.52,29.57,7.41,2.04,-1,302435,8841153
ROTO,2026-03-17,27.84,27.84,27.39,27.53,0.62,0.17,-1,39674,1092374.5
ROTO,2026-03-16,27.89,27.89,27.33,27.53,-0.11,-0.03,-1,22658,623697.19
ROTO,2026-03-15,28,28,27.5,27.56,-1.43,-0.4,-1,50658,1408696.13
ROTO,2026-03-12,28.29,28.29,27.91,27.96,0.04,0.01,-1,70999,1989496.25
ROTO,2026-03-11,28.48,28.48,27.96,27.99,-0.39,-0.11,-1,170222,4783635
ROTO,2026-03-10,28.5,28.5,27.91,28.19,1.08,0.3,-1,84471,2383662
ROTO,2026-03-09,28.18,28.18,27.77,27.8,-0.96,-0.27,-1,134248,3745985.5
ROTO,2026-03-08,28.9,28.9,27.83,28.07,-0.64,-0.18,-1,156890,4407996.5
ROTO,2026-03-05,28.78,28.78,28.04,28.25,0.86,0.24,-1,94596,2686112.5
ROTO,2026-03-04,28.27,28.27,27.71,28.01,-0.39,-0.11,-1,143088,4005040.75
ROTO,2026-03-03,28.95,28.95,27.7,28.29,0.71,0.2,-1,187037,5267457.5
ROTO,2026-03-02,28.4,28.4,27.75,28.09,-0.21,-0.06,-1,154751,4341006.5
ROTO,2026-03-01,28.18,28.18,25.78,28.15,-4.25,-1.25,-1,4186796,115654120
ROTO,2026-02-26,30,30,29.21,29.4,0.03,0.01,-1,150602,4439720
ROTO,2026-02-25,31,31,29.07,29.39,-1.5,-0.45,-1,333075,10040537
ROTO,2026-02-24,30.5,30.5,29.86,29.95,-0.86,-0.26,-1,129135,3895358
ROTO,2026-02-23,30.8,30.8,29.9,30.21,1.04,0.31,-1,85133,2573716.75
ROTO,2026-02-22,31.5,31.5,29.6,29.9,-4.81,-1.51,-1,172169,5235672.5
ROTO,2026-02-19,32.95,32.95,31.3,31.41,-3.2,-1.04,-1,180681,5758192.5
ROTO,2026-02-18,32.85,32.85,31,32.45,5.56,1.71,-1,771848,24865568
ROTO,2026-02-17,31.09,31.09,30.65,30.74,-0.39,-0.12,-1,182798,5643501
ROTO,2026-02-16,31.5,31.5,30.52,30.86,-1.19,-0.37,-1,223027,6906689.5
ROTO,2026-02-15,31.6,31.6,31,31.09,0.03,0.01,-1,203122,6340533.5
ROTO,2026-02-12,31.84,31.84,30.85,31.08,-1.11,-0.35,-1,332052,10389412.87
ROTO,2026-02-11,31.94,31.94,31,31.43,1.26,0.39,-1,339707,10677605
ROTO,2026-02-10,31.59,31.59,30.95,31.04,-0.83,-0.26,-1,135003,4199815
ROTO,2026-02-09,31.87,31.87,31,31.3,0.22,0.07,-1,247107,7756972
ROTO,2026-02-08,31.6,31.6,31,31.23,1.26,0.39,-1,162874,5099976.5
ROTO,2026-02-05,31.19,31.19,30.53,30.84,-0.29,-0.09,-1,117678,3624253.75
ROTO,2026-02-04,31.25,31.25,30.9,30.93,0.29,0.09,-1,200248,6208056.5
ROTO,2026-02-03,31.42,31.42,30.83,30.91,-1.09,-0.34,-1,243708,7561877.5
ROTO,2026-02-02,31.29,31.29,30.2,31.25,3,0.91,-1,343299,10604037
ROTO,2026-02-01,30.6,30.6,29.62,30.34,-0.69,-0.21,-1,238355,7161110
ROTO,2026-01-28,31,31,29.6,30.55,-1.16,-0.36,-1,636712,19164158
ROTO,2026-01-27,31.4,31.4,30.89,30.91,-0.9,-0.28,-1,271021,8422450
ROTO,2026-01-26,32.1,32.1,30.9,31.19,0.26,0.08,-1,1489045,46785244
ROTO,2026-01-25,31.63,31.63,30.88,31.11,-0.83,-0.26,-1,319386,9936818
ROTO,2026-01-22,31.78,31.78,31,31.37,0.42,0.13,-1,467027,14609757
ROTO,2026-01-21,31.78,31.78,30.85,31.24,0.55,0.17,-1,378340,11806781
ROTO,2026-01-20,32,32,30.91,31.07,-2.08,-0.66,-1,336132,10536119
ROTO,2026-01-19,32.42,32.42,31.53,31.73,-0.35,-0.11,-1,928972,29757740
ROTO,2026-01-18,31.85,31.85,30.72,31.84,2.74,0.85,-1,937027,29364052
ROTO,2026-01-15,32.35,32.35,30.63,30.99,0.1,0.03,-1,817324,25458122
ROTO,2026-01-14,32.92,32.92,30.23,30.96,-2.89,-0.92,-1,373971,11777767
ROTO,2026-01-13,34.55,34.55,30.72,31.88,-6.65,-2.27,-1,335912,11203421
ROTO,2026-01-12,35.46,35.46,34.01,34.15,-2.26,-0.79,-1,316418,10894405
ROTO,2026-01-11,36.55,36.55,34.66,34.94,-0.43,-0.15,-1,412340,14662254
ROTO,2026-01-08,36.44,36.44,35,35.09,-2.26,-0.81,-1,306834,10917181
ROTO,2026-01-06,36.27,36.27,34.1,35.9,4.7,1.61,-1,614842,21765292
ROTO,2026-01-05,35.85,35.85,33.5,34.29,-3.16,-1.12,-1,325271,11284139.89
ROTO,2026-01-04,36.79,36.79,35.25,35.41,-2.53,-0.92,-1,306311,10967334
ROTO,2025-12-31,37.07,37.07,36.15,36.33,-0.74,-0.27,-1,302136,11049509
ROTO,2025-12-30,37.57,37.57,36.5,36.6,-1.05,-0.39,-1,615614,22804834
ROTO,2025-12-29,38.01,38.01,36.94,36.99,-2.4,-0.91,-1,506161,18865302
ROTO,2025-12-28,37.99,37.99,35.96,37.9,3.27,1.2,-1,1353512,50102728
ROTO,2025-12-25,37.57,37.57,35.4,36.7,4.23,1.49,-1,1094438,40258548
ROTO,2025-12-24,36.69,36.69,35.01,35.21,-1.95,-0.7,-1,772972,27568678
ROTO,2025-12-23,36.63,36.63,34,35.91,6.56,2.21,-1,1455081,51784868
ROTO,2025-12-22,34.28,34.28,32.91,33.7,-0.09,-0.03,-1,549746,18382056
ROTO,2025-12-21,34.27,34.27,31.02,33.73,7.35,2.31,-1,2264715,74956552
ROTO,2025-12-18,31.45,31.45,30.56,31.42,1.72,0.53,-1,591345,18348550
ROTO,2025-12-17,31.5,31.5,30.17,30.89,2.45,0.74,-1,1048572,32454038
ROTO,2025-12-16,31.2,31.2,29.8,30.15,0.67,0.2,-1,1084793,33059720
ROTO,2025-12-15,31.18,31.18,29.17,29.95,2.6,0.76,-1,1528003,46467792
ROTO,2025-12-14,29.37,29.37,29.04,29.19,0.21,0.06,-1,225785,6588724.5
ROTO,2025-12-11,29.6,29.6,29.03,29.13,-0.24,-0.07,-1,265019,7750068
ROTO,2025-12-10,29.66,29.66,29,29.2,0.72,0.21,-1,336242,9849552
ROTO,2025-12-09,29.4,29.4,28.9,28.99,-0.03,-0.01,-1,330782,9625089
ROTO,2025-12-08,29.59,29.59,29.03,29.06,-0.14,-0.04,-1,433358,12688129
ROTO,2025-12-07,30.49,30.49,29.1,29.1,-1.29,-0.38,-1,1072677,31774416
ROTO,2025-12-04,30.8,30.8,29.18,29.48,-1.04,-0.31,-1,611701,18238710
ROTO,2025-12-03,30.79,30.79,29.71,29.79,-1.81,-0.55,-1,307705,9288617
ROTO,2025-12-02,31.69,31.69,30.17,30.34,-2.94,-0.92,-1,508014,15684568
ROTO,2025-12-01,32.39,32.39,31,31.26,-0.73,-0.23,-1,1409085,44734072
ROTO,2025-11-30,32.49,32.49,30.21,31.49,3.48,1.06,-1,2270160,71469360
ROTO,2025-11-27,32.75,32.75,30.32,30.43,-2.56,-0.8,-1,3225886,102798584
ROTO,2025-11-26,31.5,31.5,28.62,31.23,8.59,2.47,-1,3533387,106396344
ROTO,2025-11-25,29.44,29.44,27.7,28.76,2.68,0.75,-1,1255384,35824004
ROTO,2025-11-24,28.36,28.36,27.92,28.01,-0.28,-0.08,-1,669952,18834962
ROTO,2025-11-23,29.46,29.46,28.07,28.09,-1.85,-0.53,-1,984623,28398690
ROTO,2025-11-20,29.25,29.25,26.8,28.62,7.07,1.89,-1,2299646,65328824
ROTO,2025-11-19,27.33,27.33,26.61,26.73,-1.76,-0.48,-1,187127,5029657.5
ROTO,2025-11-18,27.28,27.28,26.64,27.21,1.11,0.3,-1,333869,9011702
ROTO,2025-11-17,27.35,27.35,26.68,26.91,-0.37,-0.1,-1,273968,7371054
ROTO,2025-11-16,27.78,27.78,27,27.01,0,0,-1,493565,13504825
ROTO,2025-11-13,27.69,27.69,26.3,27.01,2.74,0.72,-1,744523,20258966
ROTO,2025-11-12,26.69,26.69,26.23,26.29,-0.23,-0.06,-1,266212,7043337.5
ROTO,2025-11-11,26.68,26.68,26.28,26.35,-0.11,-0.03,-1,136097,3602981.5
ROTO,2025-11-10,26.92,26.92,26.31,26.38,-1.16,-0.31,-1,153129,4060465
ROTO,2025-11-09,27.07,27.07,26.55,26.69,-0.04,-0.01,-1,171047,4585523.5
ROTO,2025-11-06,27.8,27.8,26.65,26.7,-2.05,-0.56,-1,379980,10335054
ROTO,2025-11-05,28.29,28.29,27.19,27.26,-1.55,-0.43,-1,1441790,40019492
ROTO,2025-11-04,28.05,28.05,27,27.69,3.4,0.91,-1,1827671,50233872
ROTO,2025-11-03,27.5,27.5,26.74,26.78,0.3,0.08,-1,481203,12997952
ROTO,2025-11-02,26.9,26.9,26.16,26.7,0.75,0.2,-1,386974,10263698
ROTO,2025-10-30,27,27,26.43,26.5,-0.08,-0.02,-1,114516,3057648
ROTO,2025-10-29,26.9,26.9,26.21,26.52,-1.16,-0.31,-1,130151,3447944.75
ROTO,2025-10-28,27,27,26.4,26.73,-0.26,-0.07,-1,211726,5652970.5
ROTO,2025-10-27,27.35,27.35,26.72,26.8,-0.85,-0.23,-1,489093,13213526
ROTO,2025-10-26,27.18,27.18,26.72,27.03,1.58,0.42,-1,526808,14218038
ROTO,2025-10-23,27,27,26.52,26.61,0.42,0.11,-1,125306,3345813
ROTO,2025-10-22,27.2,27.2,26.5,26.5,-1.49,-0.4,-1,358834,9628507
ROTO,2025-10-21,27.47,27.47,26.01,26.9,3.9,1.01,-1,939891,25073736
ROTO,2025-10-20,26.05,26.05,25.7,25.89,0.86,0.22,-1,439667,11385140
ROTO,2025-10-19,25.82,25.82,25.34,25.67,1.42,0.36,-1,273855,7025971
ROTO,2025-10-16,25.53,25.53,25.3,25.34,-0.24,-0.06,-1,237677,6040096.5
ROTO,2025-10-15,25.82,25.82,25.25,25.4,0.24,0.06,-1,219274,5597209
ROTO,2025-10-14,25.78,25.78,25.3,25.34,-0.63,-0.16,-1,119437,3046453
ROTO,2025-10-13,25.9,25.9,25.45,25.5,-0.97,-0.25,-1,158215,4045278.5
ROTO,2025-10-12,26.06,26.06,25.43,25.75,0.08,0.02,-1,96651,2481505.5
ROTO,2025-10-08,26,26,25.7,25.73,-0.89,-0.23,-1,108428,2799266.75
ROTO,2025-10-07,26.14,26.14,25.8,25.98,0.66,0.17,-1,202423,5259376.5
ROTO,2025-10-06,26.2,26.2,25.62,25.83,0.31,0.08,-1,303101,7859255.5
ROTO,2025-10-05,26.18,26.18,25.74,25.92,1.06,0.27,-1,212733,5525054.5
ROTO,2025-10-02,25.99,25.99,25.56,25.59,0.16,0.04,-1,169545,4351268.5
ROTO,2025-10-01,26.38,26.38,25.61,25.74,-0.16,-0.04,-1,368770,9586744
ROTO,2025-09-30,26,26,25.45,25.78,1.1,0.28,-1,288904,7456620
ROTO,2025-09-29,25.97,25.97,25.35,25.5,-0.2,-0.05,-1,323963,8315632.5
ROTO,2025-09-28,25.75,25.75,25.24,25.55,0.95,0.24,-1,187789,4793285.5
ROTO,2025-09-25,25.6,25.6,25.3,25.31,-0.59,-0.15,-1,165683,4215607.5
ROTO,2025-09-24,25.6,25.6,25.31,25.46,-0.08,-0.02,-1,206287,5247853.5
ROTO,2025-09-23,25.85,25.85,25.12,25.48,0.28,0.07,-1,204007,5176579
ROTO,2025-09-22,25.8,25.8,24.91,25.41,0.24,0.06,-1,309304,7795064
ROTO,2025-09-21,25.99,25.99,25.33,25.35,-0.82,-0.21,-1,185200,4732138
ROTO,2025-09-18,26.09,26.09,25.53,25.56,-0.47,-0.12,-1,134847,3465773.25
ROTO,2025-09-17,26.18,26.18,25.51,25.68,-0.35,-0.09,-1,187328,4835762.5
ROTO,2025-09-16,26.49,26.49,25.55,25.77,-2.39,-0.63,-1,280801,7277856
ROTO,2025-09-15,27.15,27.15,26.07,26.4,-0.75,-0.2,-1,321909,8577650
ROTO,2025-09-14,27.25,27.25,26.6,26.6,-2.49,-0.68,-1,238734,6415100.5
ROTO,2025-09-11,28.38,28.38,27.25,27.28,-1.66,-0.46,-1,421634,11727200
ROTO,2025-09-10,27.93,27.93,27.13,27.74,1.95,0.53,-1,312711,8631185
ROTO,2025-09-09,28.7,28.7,27.14,27.21,-2.79,-0.78,-1,742479,20827302
ROTO,2025-09-08,28.51,28.51,26.5,27.99,6.02,1.59,-1,1656037,45739428
ROTO,2025-09-07,27.2,27.2,26.32,26.4,-0.38,-0.1,-1,474810,12699220
ROTO,2025-09-03,26.77,26.77,26.06,26.5,1.38,0.36,-1,1024841,27107808
ROTO,2025-09-02,26.4,26.4,25.4,26.14,3.65,0.92,-1,764505,19846428
ROTO,2025-09-01,25.9,25.9,24.91,25.22,1.08,0.27,-1,415053,10544794
ROTO,2025-08-31,25.55,25.55,25.02,25.06,-0.6,-0.15,-1,217688,5482392.5
ROTO,2025-08-28,25.59,25.59,25.1,25.21,-0.04,-0.01,-1,295840,7471682
ROTO,2025-08-27,25.5,25.5,25.19,25.22,-0.59,-0.15,-1,227794,5759795.5
ROTO,2025-08-26,25.97,25.97,25.1,25.37,0.52,0.13,-1,520035,13320374
ROTO,2025-08-25,25.83,25.83,25,25.22,-1.83,-0.47,-1,630122,15989745
ROTO,2025-08-24,26.1,26.1,25.61,25.69,0.35,0.09,-1,253478,6562664
ROTO,2025-08-21,25.9,25.9,25.56,25.6,-0.51,-0.13,-1,195140,5005438.5
ROTO,2025-08-20,26.17,26.17,25.68,25.73,-0.77,-0.2,-1,232151,5983924.5
ROTO,2025-08-19,26.5,26.5,25.66,25.9,0.62,0.16,-1,710406,18593956
ROTO,2025-08-18,25.99,25.99,25.65,25.74,-0.19,-0.05,-1,187224,4836454.5
ROTO,2025-08-17,26,26,25.55,25.79,1.1,0.28,-1,283730,7340145
ROTO,2025-08-14,25.8,25.8,25.45,25.51,-0.04,-0.01,-1,200292,5122990
ROTO,2025-08-13,25.9,25.9,25.6,25.6,-0.27,-0.07,-1,357395,9195264
ROTO,2025-08-12,25.97,25.97,25.64,25.67,-0.19,-0.05,-1,159962,4117007.25
ROTO,2025-08-11,26.36,26.36,25.6,25.72,-1.57,-0.41,-1,282323,7316029
ROTO,2025-08-10,26.67,26.67,26.06,26.13,0.04,0.01,-1,500482,13192836
ROTO,2025-08-07,26.26,26.26,25.56,26.12,2.31,0.59,-1,426023,11066816
ROTO,2025-08-06,25.93,25.93,25.5,25.53,-0.43,-0.11,-1,516957,13275468
ROTO,2025-08-05,25.93,25.93,25.53,25.64,0.43,0.11,-1,208776,5373335
ROTO,2025-08-04,26.2,26.2,25.5,25.53,0.27,0.07,-1,439935,11337444
ROTO,2025-08-03,25.78,25.78,25.39,25.46,-0.31,-0.08,-1,151625,3873855.75
ROTO,2025-07-31,25.78,25.78,25.45,25.54,0.12,0.03,-1,134241,3431965.75
ROTO,2025-07-30,26.7,26.7,25.5,25.51,-0.35,-0.09,-1,777363,20339998
ROTO,2025-07-29,26,26,25.18,25.6,1.51,0.38,-1,317430,8173392.5
ROTO,2025-07-28,25.94,25.94,25.15,25.22,-2.17,-0.56,-1,153806,3918580
ROTO,2025-07-27,26,26,25.5,25.78,0.86,0.22,-1,196939,5058375
ROTO,2025-07-23,26.14,26.14,25.51,25.56,-0.62,-0.16,-1,258886,6647302
ROTO,2025-07-22,26.1,26.1,25.4,25.72,1.46,0.37,-1,302406,7828092
ROTO,2025-07-21,25.87,25.87,25.31,25.35,-0.55,-0.14,-1,332679,8510920
ROTO,2025-07-20,26,26,25.41,25.49,-1.2,-0.31,-1,412783,10616176
ROTO,2025-07-17,26.28,26.28,25.71,25.8,0.58,0.15,-1,410921,10672678
ROTO,2025-07-16,26.6,26.6,25.63,25.65,-0.66,-0.17,-1,824902,21476560
ROTO,2025-07-15,26.78,26.78,25.75,25.82,-1.26,-0.33,-1,1068587,27804462
ROTO,2025-07-14,27.26,27.26,25.9,26.15,1.63,0.42,-1,2063958,54890512
ROTO,2025-07-13,26,26,25.03,25.73,0.94,0.24,-1,249033,6433769.5
ROTO,2025-07-10,25.66,25.66,25,25.46,0.91,0.23,-1,170392,4302429
ROTO,2025-07-09,25.96,25.96,24.35,25.23,-2.06,-0.53,-1,180379,4563357.5
ROTO,2025-07-07,26,26,25.53,25.76,0.27,0.07,-1,163036,4221473
ROTO,2025-07-06,26.08,26.08,25.67,25.69,-0.93,-0.24,-1,342188,8834067
ROTO,2025-07-02,26.49,26.49,25.7,25.93,-0.27,-0.07,-1,156071,4052616.75
ROTO,2025-07-01,26.89,26.89,25.96,26,0,0,-1,255575,6707664.5
ROTO,2025-06-30,26.26,26.26,25.71,26,-0.31,-0.08,-1,224557,5840011.5
ROTO,2025-06-29,26.34,26.34,25.9,26.08,0.12,0.03,-1,275523,7182553
ROTO,2025-06-25,26.45,26.45,26,26.05,-0.46,-0.12,-1,283991,7409266
ROTO,2025-06-24,26.8,26.8,26,26.17,1.43,0.37,-1,414396,10880944
ROTO,2025-06-23,26.59,26.59,25.5,25.8,-0.58,-0.15,-1,913827,23748726
ROTO,2025-06-22,26,26,23.14,25.95,6.92,1.68,-1,438601,11190447
ROTO,2025-06-19,25.33,25.33,24.2,24.27,-3.54,-0.89,-1,91875,2272086.5
ROTO,2025-06-18,25.5,25.5,23.81,25.16,3.92,0.95,-1,270269,6737508.5
ROTO,2025-06-17,25.1,25.1,24.14,24.21,-3.24,-0.81,-1,132061,3229700.75
ROTO,2025-06-16,25.88,25.88,24.74,25.02,0.4,0.1,-1,177552,4461225
ROTO,2025-06-15,26.69,26.69,24.3,24.92,-10.52,-2.93,-1,430434,10699735
ROTO,2025-06-12,28.48,28.48,27.41,27.85,-2.21,-0.63,-1,355626,9947412
ROTO,2025-06-11,28.79,28.79,28.27,28.48,0.21,0.06,-1,316683,9033024
ROTO,2025-06-10,28.97,28.97,28.17,28.42,-0.7,-0.2,-1,715410,20422268
ROTO,2025-06-04,29.3,29.3,28.6,28.62,-0.69,-0.2,-1,637769,18321780
ROTO,2025-06-03,29.42,29.42,28.7,28.82,0.24,0.07,-1,469282,13570339
ROTO,2025-06-02,29.38,29.38,28.56,28.75,-0.96,-0.28,-1,496785,14307870
ROTO,2025-06-01,30.34,30.34,28.8,29.03,-3.2,-0.96,-1,502765,14752863
ROTO,2025-05-29,31.39,31.39,29.85,29.99,-4.46,-1.4,-1,1000496,30716332
ROTO,2025-05-28,31.89,31.89,30.64,31.39,2.01,0.62,-1,499891,15796412
ROTO,2025-05-27,31.11,31.11,29.99,30.77,3.32,0.99,-1,979518,30077428
ROTO,2025-05-26,31.79,31.79,29.71,29.78,-5.61,-1.77,-1,936950,28332232
ROTO,2025-05-25,32.9,32.9,31.2,31.55,-2.26,-0.73,-1,1063702,34321544
ROTO,2025-05-22,32.9,32.9,31.78,32.28,1.96,0.62,-1,1120678,36350428
ROTO,2025-05-21,32.4,32.4,31.55,31.66,-0.13,-0.04,-1,1808045,57284656
ROTO,2025-05-20,32.5,32.5,30.61,31.7,-0.66,-0.21,-1,2112887,66961792
ROTO,2025-05-19,34,34,31.65,31.91,-5.06,-1.7,-1,1152161,37145632
ROTO,2025-05-18,33.61,33.61,32.21,33.61,19.99,5.6,-1,2866450,96323856
ROTO,2025-05-15,28.95,28.95,27.61,28.01,-1.23,-0.35,-1,167353,4756663
ROTO,2025-05-14,28.84,28.84,27.65,28.36,0,0,-1,149053,4220900
ROTO,2025-05-13,29,29,28.2,28.36,-2.66,-0.77,-1,206330,5865935
ROTO,2025-05-12,29.44,29.44,28.52,28.97,1.61,0.46,-1,267694,7762564
ROTO,2025-05-11,29.89,29.89,28.31,28.51,-1.69,-0.49,-1,134555,3928623
ROTO,2025-05-08,29.5,29.5,28.51,29,1.72,0.49,-1,173037,5013354
ROTO,2025-05-07,28.51,28.51,28,28.51,4.97,1.35,-1,231783,6607613.5
ROTO,2025-05-06,27.97,27.97,26.95,27.16,0.48,0.13,-1,107244,2901115
ROTO,2025-05-05,28.8,28.8,26.96,27.03,-4.72,-1.34,-1,240479,6645745.5
ROTO,2025-05-04,28.9,28.9,27.97,28.37,1.47,0.41,-1,207502,5818055.5
ROTO,2025-04-30,29,29,27.7,27.96,-4.08,-1.19,-1,404594,11357396
ROTO,2025-04-29,29.84,29.84,27.9,29.15,1.72,0.5,-1,86155,2440201
ROTO,2025-04-28,30.39,30.39,28.56,29,0,0,-1,309359,9024925
ROTO,2025-04-27,30.23,30.23,28.81,29,-1.5,-0.44,-1,63372,1840392.75
ROTO,2025-04-23,30.94,30.94,28.6,29.25,-0.95,-0.28,-1,51205,1498347.88
ROTO,2025-04-22,31.7,31.7,29.53,29.53,-4.99,-1.55,-1,405497,11999033
ROTO,2025-04-17,32.19,32.19,30.51,31.08,1.37,0.42,-1,185670,5865058
ROTO,2025-04-16,30.66,30.66,30,30.66,5,1.46,-1,327253,10032338
ROTO,2025-04-15,29.2,29.2,27.98,29.2,5,1.39,-1,480185,13963676
ROTO,2025-04-14,28.2,28.2,26.8,27.81,-0.22,-0.06,-1,241457,6732879
ROTO,2025-04-13,28.5,28.5,25.9,27.87,3.94,1.07,-1,163535,4344030.5
ROTO,2025-04-10,29.94,29.94,27.17,27.18,-4.97,-1.42,-1,130234,3549292.75
ROTO,2025-04-09,30,30,28.5,28.6,-4.97,-1.49,-1,21578,621284.25
ROTO,2025-04-08,31.61,31.61,29.35,29.99,-0.4,-0.12,-1,118204,3595291
ROTO,2025-04-07,30.5,30.5,28.08,30.11,1.96,0.58,-1,127700,3803862.25
ROTO,2025-04-06,30.16,30.16,27.3,29.53,2.78,0.8,-1,76855,2233786.75
ROTO,2025-04-03,28.73,28.73,27.3,28.73,4.97,1.36,-1,254387,7295923
ROTO,2025-03-27,27.46,27.46,25.6,27.37,4.63,1.21,-1,410867,11257544
ROTO,2025-03-26,26.3,26.3,24.32,26.16,2.71,0.69,-1,81324,2106817.5
ROTO,2025-03-25,26,26,25.06,25.49,2.95,0.74,-1,12139,309327.69
ROTO,2025-03-24,25.38,25.38,24.2,25.06,2.2,0.54,-1,23643,592297.63
ROTO,2025-03-23,24.99,24.99,24.02,24.52,-2.04,-0.5,-1,5045,123113.34
ROTO,2025-03-20,25.43,25.43,24,24.52,-1.88,-0.46,-1,3491,84338.52
ROTO,2025-03-19,25.44,25.44,24.01,24.52,-2.08,-0.51,-1,11415,278097.41
ROTO,2025-03-18,25.8,25.8,24.25,24.52,-1.06,-0.26,-1,17359,426226.06
ROTO,2025-03-17,25.99,25.99,24.34,24.64,2,0.5,-1,15422,379988.94
ROTO,2025-03-16,26.48,26.48,24.86,24.99,-2.42,-0.62,-1,55247,1386841.75
ROTO,2025-03-13,26.69,26.69,25.6,25.61,-4.94,-1.33,-1,33324,855168.38
ROTO,2025-03-12,27.03,27.03,24.51,26.94,4.58,1.18,-1,33808,875798.5
ROTO,2025-03-11,26.77,26.77,25.76,25.76,-4.98,-1.35,-1,145394,3751344
ROTO,2025-03-10,28.1,28.1,26.26,27.11,1.98,0.53,-1,22518,620476.31
ROTO,2025-03-09,26.77,26.77,26.76,26.77,4.98,1.27,-1,103743,2777197.5
ROTO,2025-03-06,25.81,25.81,24.26,25.5,4.96,1.22,-1,13253,336937.63
ROTO,2025-03-05,25.45,25.45,24.26,24.59,-3.15,-0.79,-1,12757,313728.44
ROTO,2025-03-04,25.45,25.45,24.9,25.05,0,0,-1,4418,111223.7
ROTO,2025-03-03,25.69,25.69,24.81,25.05,-0.96,-0.24,-1,3560,88649.96
ROTO,2025-03-02,25.7,25.7,24.8,25.05,0.4,0.1,-1,4283,107551.59
ROTO,2025-02-27,25.98,25.98,24.98,25.05,-3.84,-1,-1,26650,667692
ROTO,2025-02-26,26.55,26.55,25.01,26.05,-1,-0.26,-1,3804,96222.11
ROTO,2025-02-25,26.75,26.75,25,26.05,-4.03,-1.05,-1,6479,166433.44
ROTO,2025-02-24,27.33,27.33,26,26.05,0,0,-1,10247,267819.94
ROTO,2025-02-23,26.7,26.7,26.03,26.05,-5,-1.37,-1,28054,731179.88
ROTO,2025-02-20,28.05,28.05,27.4,27.4,-4.99,-1.44,-1,20907,574639.54
ROTO,2025-02-19,28.84,28.84,26.1,28.84,4.99,1.37,-1,87163,2492792.25
ROTO,2025-02-18,27.47,27.47,25.07,27.47,4.97,1.3,-1,501901,13774499
ROTO,2025-02-17,26.92,26.92,25.06,26.17,2.87,0.75,-1,5356,138878.69
ROTO,2025-02-16,26.99,26.99,24.88,26.17,0,0,-1,40536,1059321.5
ROTO,2025-02-13,26.55,26.55,25.77,26.17,-1.49,-0.39,-1,103854,2717471
ROTO,2025-02-12,26.17,26.17,24.25,26.17,4.97,1.24,-1,129373,3379824.25
ROTO,2025-02-11,24.93,24.93,24.25,24.93,-2.73,-0.68,-1,2884,70675.15
ROTO,2025-02-10,26,26,23.77,24.93,0,0,-1,4333,108484.16
ROTO,2025-02-09,26,26,24.93,24.93,-4.99,-1.31,-1,50806,1267653.38
ROTO,2025-02-06,26.25,26.25,26.24,26.24,-5,-1.38,-1,21858,573560.44
ROTO,2025-02-05,27.29,27.29,26.24,27.62,-5,-1.38,-1,10453,274504.66
ROTO,2025-02-04,27.74,27.74,26.3,27.62,-1.19,-0.33,-1,4055,111269.49
ROTO,2025-02-03,27.8,27.8,26.34,27.62,0.65,0.18,-1,6423,173351.73
ROTO,2025-02-02,27.8,27.8,26.28,27.62,-4.85,-1.34,-1,6256,165643.91
ROTO,2025-01-30,27.86,27.86,26.55,27.62,-0.58,-0.16,-1,1346,36471.41
ROTO,2025-01-29,27.33,27.33,26.56,27.62,-2.28,-0.63,-1,2982,81214.66
ROTO,2025-01-28,27.5,27.5,26.44,27.62,0,0,-1,6105,163012.86
ROTO,2025-01-27,28.47,28.47,26.4,27.62,1.01,0.28,-1,5906,158344.05
ROTO,2025-01-26,28.89,28.89,26.71,27.62,-3.29,-0.91,-1,1484,41810.17
ROTO,2025-01-23,29.6,29.6,27.62,27.62,-4.99,-1.45,-1,27558,764825.13
ROTO,2025-01-22,29.94,29.94,28,29.07,2.82,0.82,-1,5405,152826.47
ROTO,2025-01-21,30.58,30.58,27.74,29.07,2.77,0.81,-1,15812,453744.78
ROTO,2025-01-20,30.7,30.7,29.17,29.19,-4.98,-1.53,-1,11949,349199.19
ROTO,2025-01-19,30.72,30.72,29.19,30.7,-2.67,-0.82,-1,24332,736241.38
ROTO,2025-01-16,30.72,30.72,30.72,30.72,-4.98,-1.61,-1,11738,360591.38
ROTO,2025-01-14,30.72,30.72,30.72,32.33,-4.98,-1.61,-1,25,768
ROTO,2025-01-13,30.72,30.72,30.72,32.33,-4.98,-1.61,-1,6514,200110.08
ROTO,2025-01-09,32.33,32.33,30.72,32.33,-4.98,-1.61,-1,3049,93979.78
ROTO,2025-01-08,32.29,32.29,30.72,32.33,-0.12,-0.04,-1,913,28497.72
ROTO,2025-01-06,32.32,32.32,30.72,32.33,-0.03,-0.01,-1,5625,173477.64
ROTO,2025-01-05,30.72,30.72,30.72,32.33,-4.98,-1.61,-1,1471,45189.12
ROTO,2025-01-02,30.72,30.72,30.72,32.33,-4.98,-1.61,-1,5004,153722.88
ROTO,2024-12-31,30.72,30.72,30.72,32.33,-4.98,-1.61,-1,1,30.72
ROTO,2024-12-30,30.72,30.72,30.72,32.33,-4.98,-1.61,-1,112,3440.64
ROTO,2024-12-29,30.72,30.72,30.72,32.33,-4.98,-1.61,-1,1,30.72
ROTO,2024-12-25,30.72,30.72,30.72,32.33,-4.98,-1.61,-1,1035,31795.2
ROTO,2024-12-24,30.72,30.72,30.72,32.33,-4.98,-1.61,-1,108,3317.76
ROTO,2024-12-23,30.72,30.72,30.72,32.33,-4.98,-1.61,-1,2198,67522.56
ROTO,2024-12-22,30.72,30.72,30.72,32.33,-4.98,-1.61,-1,37,1136.64
ROTO,2024-12-18,30.72,30.72,30.72,32.33,-4.98,-1.61,-1,11,337.92
ROTO,2024-12-16,30.72,30.72,30.72,32.33,-4.98,-1.61,-1,781,23992.32
ROTO,2024-12-12,30.72,30.72,30.72,32.33,-4.98,-1.61,-1,1282,39383.04
ROTO,2024-12-11,30.72,30.72,30.72,32.33,-4.98,-1.61,-1,2029,62330.88
ROTO,2024-12-10,30.72,30.72,30.72,32.33,-4.98,-1.61,-1,367,11274.24
ROTO,2024-12-09,30.72,30.72,30.72,32.33,-4.98,-1.61,-1,7576,232734.72
ROTO,2024-12-08,31.8,31.8,30.72,32.33,-4.98,-1.61,-1,3962,121844.85
ROTO,2024-12-05,30.73,30.73,30.72,32.33,-4.98,-1.61,-1,4093,125738.5
ROTO,2024-12-04,32.3,32.3,30.72,32.33,-4.98,-1.61,-1,8236,253909.73
ROTO,2024-12-03,32.33,32.33,30.72,32.33,-4.95,-1.6,-1,3523,108476.21
ROTO,2024-12-02,33.2,33.2,31.55,32.33,-5,-1.66,-1,11296,364414.69
ROTO,2024-12-01,33.21,33.21,33.21,33.21,-4.98,-1.74,-1,10300,342063
ROTO,2024-11-28,33.21,33.21,33.21,34.95,-4.98,-1.74,-1,16,531.36
ROTO,2024-11-26,33.21,33.21,33.21,34.95,-4.98,-1.74,-1,269,8933.49
ROTO,2024-11-25,33.21,33.21,33.21,34.95,-4.98,-1.74,-1,556,18464.76
ROTO,2024-11-24,33.21,33.21,33.21,34.95,-4.98,-1.74,-1,175,5811.75
ROTO,2024-11-21,33.21,33.21,33.21,34.95,-4.98,-1.74,-1,20,664.2
ROTO,2024-11-17,33.21,33.21,33.21,34.95,-4.98,-1.74,-1,405,13450.05
ROTO,2024-11-14,33.21,33.21,33.21,34.95,-4.98,-1.74,-1,333,11058.93
ROTO,2024-11-13,33.21,33.21,33.21,34.95,-4.98,-1.74,-1,150,4981.5
ROTO,2024-11-12,33.21,33.21,33.21,34.95,-4.98,-1.74,-1,1790,59445.9
ROTO,2024-11-11,33.21,33.21,33.21,34.95,-4.98,-1.74,-1,1744,57918.24
ROTO,2024-11-10,33.21,33.21,33.21,34.95,-4.98,-1.74,-1,109,3619.89
ROTO,2024-11-07,33.21,33.21,33.21,34.95,-4.98,-1.74,-1,1176,39054.96
ROTO,2024-11-06,33.21,33.21,33.21,34.95,-4.98,-1.74,-1,697,23147.37
ROTO,2024-11-04,34.75,34.75,33.21,34.95,-0.57,-0.2,-1,6544,219511.58
ROTO,2024-11-03,35.29,35.29,33.6,34.95,-0.2,-0.07,-1,2866,99717.16
ROTO,2024-10-31,35.11,35.11,33.7,34.95,-3.29,-1.15,-1,2638,90881.74
ROTO,2024-10-30,35.12,35.12,31.9,34.95,1.52,0.51,-1,98603,3449621.25
ROTO,2024-10-28,32,32,32,33.45,-4.33,-1.45,-1,152,4864
ROTO,2024-10-23,32.33,32.33,31.78,33.45,-3.35,-1.12,-1,775,24660.3
ROTO,2024-10-21,31.78,31.78,31.78,33.45,-4.99,-1.67,-1,75,2383.5
ROTO,2024-10-15,31.8,31.8,31.78,33.45,-4.93,-1.65,-1,998,31735.58
ROTO,2024-10-10,31.78,31.78,31.78,33.45,-4.99,-1.67,-1,1500,47670
ROTO,2024-10-09,31.78,31.78,31.78,33.45,-4.99,-1.67,-1,100,3178
ROTO,2024-10-08,31.8,31.8,31.78,33.45,-4.99,-1.67,-1,1047,33273.86
ROTO,2024-10-07,31.89,31.89,31.78,33.45,-4.99,-1.67,-1,448,14252.54
ROTO,2024-10-03,31.78,31.78,31.78,33.45,-4.99,-1.67,-1,548,17415.44
ROTO,2024-10-02,31.8,31.8,31.78,33.45,-4.99,-1.67,-1,2651,84269.28
ROTO,2024-10-01,32.64,32.64,31.78,33.45,-2.42,-0.81,-1,4210,134063.83
ROTO,2024-09-30,32.58,32.58,31.79,33.45,-4.9,-1.64,-1,222,7067.73
ROTO,2024-09-29,32.65,32.65,31.78,33.45,-2.39,-0.8,-1,3171,100901.19
ROTO,2024-09-26,32.75,32.75,31.83,33.45,-2.24,-0.75,-1,125,4060.05
ROTO,2024-09-25,32.76,32.76,31.78,33.45,-2.06,-0.69,-1,2365,75175.11
ROTO,2024-09-24,32.8,32.8,32.79,33.45,-1.94,-0.65,-1,240,7871
ROTO,2024-09-23,31.81,31.81,31.81,33.45,-4.9,-1.64,-1,309,9829.29
ROTO,2024-09-22,32.88,32.88,31.79,33.45,-4.96,-1.66,-1,2186,69888.77
ROTO,2024-09-19,33.38,33.38,31.81,33.45,-4.33,-1.45,-1,976,31250.05
ROTO,2024-09-18,33.45,33.45,31.78,33.45,0,0,-1,316,10059.18
ROTO,2024-09-17,33.45,33.45,31.78,33.45,0,0,-1,230,7497.28
ROTO,2024-09-16,31.8,31.8,31.78,33.45,-4.96,-1.66,-1,1382,43933.96
ROTO,2024-09-12,33.45,33.45,31.78,33.45,0,0,-1,5477,174754.11
ROTO,2024-09-11,32.05,32.05,31.78,33.45,-4.93,-1.65,-1,1694,53905.8
ROTO,2024-09-10,32.22,32.22,32.16,33.45,-3.68,-1.23,-1,137,4413.54
ROTO,2024-09-09,34,34,32.12,33.45,1.64,0.55,-1,965,31508.7
ROTO,2024-09-08,34,34,32.61,33.45,-3.52,-1.19,-1,9275,310257.44
ROTO,2024-09-05,33.42,33.42,33.39,33.8,-1.12,-0.38,-1,645,21552.33
ROTO,2024-09-04,34.37,34.37,33.33,33.8,-1.3,-0.44,-1,1782,59459.87
ROTO,2024-09-03,35.49,35.49,33.24,33.8,-4.52,-1.58,-1,13049,439555.16
ROTO,2024-09-02,36.5,36.5,33.24,34.98,-4.37,-1.53,-1,5903,204694.7
ROTO,2024-09-01,34.98,34.98,32.35,34.98,3.36,1.12,-1,27738,968193
ROTO,2024-08-29,34.48,34.48,33.32,33.32,0,0,-1,1492,50113.33
ROTO,2024-08-28,34.91,34.91,32.32,33.32,4.65,1.55,-1,395,13547.79
ROTO,2024-08-27,35.25,35.25,32.21,33.32,-1.75,-0.59,-1,10975,364776.88
ROTO,2024-08-26,35,35,33.68,33.69,-4.99,-1.77,-1,15121,512253.47
ROTO,2024-08-25,35.48,35.48,34.1,35.45,0.08,0.03,-1,1189,41132.25
ROTO,2024-08-22,36.36,36.36,34.61,35.45,1.47,0.52,-1,3374,117668.46
ROTO,2024-08-21,36.4,36.4,34.05,35.45,3.81,1.32,-1,9582,340672.34
ROTO,2024-08-20,34.69,34.69,33.05,34.68,4.99,1.65,-1,20674,709200
ROTO,2024-08-19,33.99,33.99,32.13,33.04,2.88,0.95,-1,1806,58365.65
ROTO,2024-08-18,34.55,34.55,31.62,33.04,-2.72,-0.9,-1,93685,3093924.25
ROTO,2024-08-15,35.5,35.5,33.03,33.03,-4.98,-1.73,-1,107006,3538178.75
ROTO,2024-08-14,35.76,35.76,33.51,34.76,-2.79,-0.97,-1,288930,10040818
ROTO,2024-08-13,35.97,35.97,33.22,34.76,2.96,1.03,-1,6490,224028.98
ROTO,2024-08-12,35,35,33.57,34.76,-2.93,-1.02,-1,6159,212290.97
ROTO,2024-08-11,35.5,35.5,33.11,34.76,-0.6,-0.21,-1,6315,219494.77
ROTO,2024-08-08,35.94,35.94,34.4,34.76,-0.03,-0.01,-1,2533,88686.23
ROTO,2024-08-07,36.4,36.4,34.45,34.76,0,0,-1,1803,62732.39
ROTO,2024-08-06,37.68,37.68,34.42,34.76,3.28,1.19,-1,52541,1817360.5
ROTO,2024-08-05,37.84,37.84,34.25,36.23,0.53,0.19,-1,235156,8652734
ROTO,2024-08-04,38.12,38.12,34.5,36.04,4.65,1.69,-1,31650,1136334.13
ROTO,2024-08-01,40,40,36.29,36.31,-4.95,-1.89,-1,23082,844509.56
ROTO,2024-07-31,41.69,41.69,38.2,38.2,-5,-2.01,-1,22600,864207.25
ROTO,2024-07-30,42.21,42.21,40.21,40.21,-4.99,-2.11,-1,362452,14574934
ROTO,2024-07-29,42.41,42.41,42.31,42.32,-4.99,-2.22,-1,13261,561509.38
ROTO,2024-07-28,47.5,47.5,44.53,44.53,-4.99,-2.34,-1,10520,468785.97
ROTO,2024-07-24,47.58,47.58,43.06,46.87,3.42,1.55,-1,46279,2178087.25
ROTO,2024-07-23,49.96,49.96,45.3,45.32,-4.99,-2.38,-1,10329,472253.13
ROTO,2024-07-22,47.82,47.82,45,47.68,4.5,2.05,-1,30218,1439928.25
ROTO,2024-07-21,46.08,46.08,42.1,45.55,3.78,1.66,-1,99120,4555894
ROTO,2024-07-18,43.92,43.92,42,43.89,4.92,2.06,-1,17750,779170.06
ROTO,2024-07-17,43.92,43.92,41.8,41.83,2.82,1.18,-1,27646,1209281.25
ROTO,2024-07-16,41.83,41.83,39.01,41.83,4.99,1.99,-1,156283,6511585
ROTO,2024-07-15,39.84,39.84,37,39.84,4.98,1.89,-1,162620,6397563
ROTO,2024-07-14,38,38,37,37.95,-2.44,-0.95,-1,10601,402371.13
ROTO,2024-07-10,37,37,37,38.94,-4.98,-1.94,-1,1663,61531
ROTO,2024-07-09,37.25,37.25,37,38.94,-4.98,-1.94,-1,1182,43986.5
ROTO,2024-07-08,37.05,37.05,37,38.94,-4.98,-1.94,-1,4835,178922.81
ROTO,2024-07-07,39,39,37,38.94,-4.98,-1.94,-1,6483,241502.27
ROTO,2024-07-04,39,39,37.02,38.94,0.21,0.08,-1,12874,499321.38
ROTO,2024-07-03,39,39,37,38.92,2.96,1.12,-1,38784,1505036.38
ROTO,2024-07-02,38.38,38.38,35,37.83,4.69,1.72,-1,25688,942711.13
ROTO,2024-07-01,38.2,38.2,34.83,36.66,-0.44,-0.16,-1,7852,286750.91
ROTO,2024-06-27,36.67,36.67,36.4,36.66,4.95,1.73,-1,63334,2321288
ROTO,2024-06-26,34.93,34.93,31.61,34.93,4.99,1.66,-1,212795,7312503.5
ROTO,2024-06-24,33.76,33.76,30.7,33.27,4.98,1.6,-1,14537,485705.44
ROTO,2024-06-23,32.16,32.16,29.15,32.16,5,1.53,-1,43560,1400077
ROTO,2024-06-13,30.64,30.64,29.19,30.63,4.97,1.45,-1,12825,392448.5
ROTO,2024-06-12,29.19,29.19,27.8,29.19,5,1.39,-1,40318,1174705.75
ROTO,2024-06-11,27.84,27.84,25.25,27.8,4.98,1.32,-1,13191,363182.41
ROTO,2024-06-10,27.7,27.7,25.08,26.52,0.49,0.13,-1,173053,4361679
ROTO,2024-06-09,27.69,27.69,25.08,26.39,-4.96,-1.31,-1,8497,215201.95
ROTO,2024-06-06,26.41,26.41,26.39,26.39,-4.97,-1.38,-1,25001,659796.88
ROTO,2024-06-05,28,28,27.76,27.77,-5,-1.46,-1,17737,492666.63
ROTO,2024-06-04,29.5,29.5,27.83,29.22,-4.76,-1.39,-1,3221,90873.88
ROTO,2024-06-03,29.24,29.24,27.51,29.22,-1.18,-0.33,-1,13772,400127.72
ROTO,2024-06-02,27.93,27.93,25.3,27.85,4.7,1.25,-1,36806,994022.31
ROTO,2024-05-30,26.59,26.59,26,26.6,-2.07,-0.55,-1,6171,160967.95
ROTO,2024-05-29,27.99,27.99,26.6,26.6,-5,-1.4,-1,24542,654697.75
ROTO,2024-05-28,28.5,28.5,25.97,28,2.45,0.67,-1,51026,1355633.5
ROTO,2024-05-27,27.45,27.45,25.01,27.33,4.51,1.18,-1,400891,10522418
ROTO,2024-05-26,27,27,25.65,26.15,-3.11,-0.84,-1,273830,7373502
ROTO,2024-05-23,28.96,28.96,27,27,-2.14,-0.59,-1,57474,1588676.5
ROTO,2024-05-22,29.5,29.5,27.53,27.59,-4.76,-1.38,-1,11578,319888.69
ROTO,2024-05-21,29.06,29.06,27.1,28.97,2.96,0.82,-1,15817,453049.22
ROTO,2024-05-20,28.5,28.5,27.15,27.68,-2.77,-0.79,-1,11350,314210.84
ROTO,2024-05-19,29.14,29.14,27,28.47,0.86,0.24,-1,23498,676305.06
ROTO,2024-05-16,29.18,29.18,27.73,27.76,-4.73,-1.38,-1,11620,322556.38
ROTO,2024-05-15,29.18,29.18,29.18,29.18,-4.98,-1.53,-1,12615,368105.69
ROTO,2024-05-14,30.71,30.71,30.71,30.71,-4.98,-1.61,-1,315444,9687285
ROTO,2024-05-13,32.32,32.32,32.32,32.32,-5,-1.7,-1,10494,339166.09
ROTO,2024-05-12,35.74,35.74,34.02,34.02,-5,-1.79,-1,9320,317152.41
ROTO,2024-05-09,35.81,35.81,35.81,35.81,-4.99,-1.88,-1,9029,323328.5
ROTO,2024-05-08,35.81,35.81,35.81,37.69,-4.99,-1.88,-1,1185,42434.85
ROTO,2024-05-07,35.81,35.81,35.81,37.69,-4.99,-1.88,-1,93,3330.33
ROTO,2024-05-02,36.01,36.01,35.81,37.69,-4.99,-1.88,-1,595,21355.45
ROTO,2024-05-01,39.79,39.79,37.11,37.69,-4.99,-1.95,-1,384994,15294107
ROTO,2024-04-30,38,38,37.11,39.06,-4.97,-1.94,-1,3634,136678.11
ROTO,2024-04-29,38,38,37.2,39.06,-2.71,-1.06,-1,850,32220
ROTO,2024-04-28,40,40,36.32,39.06,-0.6,-0.23,-1,11238,437447.94
ROTO,2024-04-24,36.32,36.32,36.32,38.23,-5,-1.91,-1,822,29855.04
ROTO,2024-04-23,38.8,38.8,36.4,38.23,-4.79,-1.83,-1,244,9243.19
ROTO,2024-04-22,38.39,38.39,36.35,38.23,0.18,0.07,-1,3113,113901.18
ROTO,2024-04-21,38.34,38.34,34.75,38.23,4.54,1.66,-1,28580,1078105.88
ROTO,2024-04-18,36.62,36.62,34,36.57,4.85,1.69,-1,79001,2845145.5
ROTO,2024-04-17,34.94,34.94,32.1,34.88,4.65,1.55,-1,15097,523744.56
ROTO,2024-04-16,33.34,33.34,30.8,33.33,4.97,1.58,-1,145442,4812675.5
ROTO,2024-04-15,31.77,31.77,29.82,31.76,4.96,1.5,-1,56363,1787995.75
ROTO,2024-04-08,30.27,30.27,28.5,30.26,4.96,1.43,-1,853680,25835614
ROTO,2024-04-07,29.5,29.5,28.45,28.83,0,0,-1,1060,30572.75
ROTO,2024-04-04,28.5,28.5,28,28.83,-1.14,-0.33,-1,691,19615.5
ROTO,2024-04-03,28.8,28.8,27.44,28.83,-0.1,-0.03,-1,1004,28909.76
ROTO,2024-04-02,28.85,28.85,28.8,28.83,-0.1,-0.03,-1,608,17534.25
ROTO,2024-04-01,29.95,29.95,28.71,28.83,-4.57,-1.38,-1,13864,399430.91
ROTO,2024-03-31,32.89,32.89,29.79,30.21,-4.98,-1.56,-1,9994,301925.31
ROTO,2024-03-28,31.36,31.36,29.02,31.35,4.95,1.48,-1,173051,5426661.5
ROTO,2024-03-27,29.87,29.87,28.45,29.87,4.99,1.42,-1,156790,4676257.5
ROTO,2024-03-26,28.45,28.45,28.1,28.45,4.98,1.35,-1,19323,549704.25
ROTO,2024-03-25,27.1,27.1,25.61,27.1,5,1.29,-1,22490,608908
ROTO,2024-03-24,25.81,25.81,24,25.81,4.96,1.22,-1,25379,635131.63
ROTO,2024-03-21,24.59,24.59,24.47,24.59,5,1.17,-1,43001,1057194.25
ROTO,2024-03-20,24.59,24.59,24.59,23.42,5,1.17,-1,1400,34426
ROTO,2024-03-19,23.44,23.44,23.42,23.42,-4.99,-1.23,-1,199760,4678729
ROTO,2024-03-18,25.6,25.6,24.64,24.65,-4.97,-1.29,-1,17403,429509.81
ROTO,2024-03-17,26.77,26.77,25.21,25.93,1.69,0.43,-1,142615,3692117.75
ROTO,2024-03-14,27.89,27.89,25.45,25.5,-4.93,-1.32,-1,152663,3894898
ROTO,2024-03-13,25.8,25.8,25.45,26.77,-4.93,-1.32,-1,581,14867.65
ROTO,2024-03-12,26.71,26.71,26,26.77,-2.88,-0.77,-1,5871,153514.77
ROTO,2024-03-11,28,28,26.53,26.77,-1.15,-0.31,-1,153206,4097512
ROTO,2024-03-10,27,27,26,26.88,-3.27,-0.88,-1,1370,36101
ROTO,2024-03-07,27.01,27.01,26.73,26.88,-4.67,-1.31,-1,13605,365871.28
ROTO,2024-03-06,29.7,29.7,28.08,28.08,-4.97,-1.47,-1,57536,1625746.13
ROTO,2024-03-05,31.2,31.2,28.81,29.55,-1.58,-0.47,-1,96544,2964417.25
ROTO,2024-03-04,29.77,29.77,28.37,29.72,1.55,0.44,-1,182076,5417747
ROTO,2024-03-03,30,30,28.2,28.36,0.71,0.21,-1,10589,300319.38
ROTO,2024-02-29,30,30,28.02,29.68,2.64,0.77,-1,13484,396201.22
ROTO,2024-02-28,30.1,30.1,28.07,29.22,-2.43,-0.71,-1,2119,61326.38
ROTO,2024-02-27,31.5,31.5,29.02,29.22,-4.32,-1.32,-1,18849,551187.81
ROTO,2024-02-26,30.5,30.5,29.25,30.54,-4.22,-1.29,-1,2350,70425
ROTO,2024-02-25,33,33,30.48,30.54,-4.99,-1.6,-1,21779,666249.63
ROTO,2024-02-22,32.08,32.08,29.56,32.08,4.94,1.51,-1,173336,5532449.5
ROTO,2024-02-21,30.58,30.58,28.6,30.56,4.7,1.37,-1,204720,6172478
ROTO,2024-02-20,30.48,30.48,28.52,29.13,-0.07,-0.02,-1,168928,5116691
ROTO,2024-02-19,30,30,28.6,29.03,0,0,-1,6684,196957.72
ROTO,2024-02-18,29.04,29.04,28.04,29.03,4.99,1.38,-1,97498,2789248.25
ROTO,2024-02-15,27.66,27.66,26.68,27.66,4.97,1.31,-1,65144,1799286.38
ROTO,2024-02-14,27.09,27.09,26,26.35,2.13,0.55,-1,13269,350542.69
ROTO,2024-02-13,25.87,25.87,25.8,25.87,4.99,1.23,-1,62761,1623581.5
ROTO,2024-02-12,26.48,26.48,23.96,24.64,-2.34,-0.59,-1,145192,3725348.25
ROTO,2024-02-11,25.22,25.22,22.82,25.22,5,1.2,-1,290660,6742788.5
ROTO,2024-02-08,25.31,25.31,24.02,24.02,-4.98,-1.26,-1,262702,6311786
ROTO,2024-02-07,26.97,26.97,25.27,25.28,-4.96,-1.32,-1,87115,2239354.25
ROTO,2024-02-06,29.36,29.36,26.58,26.6,-4.9,-1.37,-1,183385,5285557.5
ROTO,2024-02-05,29.46,29.46,27.63,27.97,-0.32,-0.09,-1,28400,795639.88
ROTO,2024-02-04,29.45,29.45,28.06,28.06,0.04,0.01,-1,58268,1692232.13
ROTO,2024-02-01,28.05,28.05,27.52,28.05,-2.74,-0.79,-1,16167,453170.28
ROTO,2024-01-31,30,30,28.83,28.84,-4.98,-1.51,-1,23000,673295.69
ROTO,2024-01-30,31.2,31.2,29.15,30.34,-2.34,-0.71,-1,3076,91324.39
ROTO,2024-01-29,31.5,31.5,30.15,30.34,-3.98,-1.25,-1,10822,329296.81
ROTO,2024-01-28,31.5,31.5,29.95,31.41,3.9,1.18,-1,509428,15842309
ROTO,2024-01-24,31,31,29.87,30.23,-4.01,-1.25,-1,10280,310770.34
ROTO,2024-01-23,31.21,31.21,29.51,31.18,4.84,1.44,-1,175002,5330920
ROTO,2024-01-22,30.85,30.85,29.57,29.74,-3.6,-1.11,-1,18648,556392
ROTO,2024-01-21,30.85,30.85,29,30.85,4.97,1.46,-1,42700,1288805.25
ROTO,2024-01-18,30.43,30.43,28.71,29.39,-2.88,-0.86,-1,75120,2263080.75
ROTO,2024-01-17,31.99,31.99,29.91,29.91,-4.99,-1.57,-1,183176,5497804
ROTO,2024-01-16,31.5,31.5,29.62,31.48,-1.13,-0.35,-1,22344,693106.13
ROTO,2024-01-15,32.37,32.37,30.51,30.96,-0.48,-0.15,-1,7170,224400.34
ROTO,2024-01-14,30.96,30.96,28.02,30.96,4.98,1.47,-1,156780,4782809.5
ROTO,2024-01-11,30.27,30.27,28.92,29.49,-0.68,-0.2,-1,14257,420111.28
ROTO,2024-01-10,29.49,29.49,28.73,29.26,1.13,0.33,-1,16816,490204.56
ROTO,2024-01-09,29.65,29.65,28.58,29.16,0.03,0.01,-1,190759,5567249
ROTO,2024-01-08,30.7,30.7,29.15,29.24,-4.66,-1.43,-1,136697,4010198.25
ROTO,2024-01-04,31.78,31.78,30.51,30.67,-2.01,-0.63,-1,19970,617618
ROTO,2024-01-03,31.78,31.78,30.62,31.38,-0.25,-0.08,-1,9884,310098.72
ROTO,2024-01-02,31.78,31.78,29.54,31.78,4.99,1.51,-1,369187,11715740
ROTO,2023-12-31,30.32,30.32,29,30.27,4.95,1.43,-1,137213,4129549.25
ROTO,2023-12-28,29.92,29.92,28.6,28.88,-4.35,-1.3,-1,19676,569438
ROTO,2023-12-27,29.92,29.92,28.01,29.91,4.95,1.41,-1,30686,914762.81
ROTO,2023-12-26,28.5,28.5,27.24,28.5,4.97,1.35,-1,41757,1185757
ROTO,2023-12-25,28.8,28.8,26.7,27.15,1.94,0.54,-1,44087,1203220.13
ROTO,2023-12-24,30.3,30.3,27.6,27.83,-4.1,-1.19,-1,100350,2897736.5
ROTO,2023-12-21,30.83,30.83,28.8,29.02,-2.41,-0.71,-1,95320,2800531.25
ROTO,2023-12-20,31.3,31.3,28.93,29.51,-3.06,-0.93,-1,108714,3190990
ROTO,2023-12-19,33,33,30.26,30.44,-4.99,-1.59,-1,342155,10583207
ROTO,2023-12-18,31.85,31.85,29.65,31.85,4.98,1.51,-1,175879,5596665
ROTO,2023-12-17,30.34,30.34,29.1,30.34,4.98,1.44,-1,151335,4578981.5
ROTO,2023-12-14,30.91,30.91,28.11,28.9,-1.87,-0.55,-1,194024,5783068.5
ROTO,2023-12-13,29.47,29.47,26.69,29.45,4.92,1.38,-1,202194,5636239
ROTO,2023-12-12,29.5,29.5,28.01,28.07,-2.84,-0.82,-1,264575,7670073.41
ROTO,2023-12-11,30,30,28.75,28.89,-0.52,-0.15,-1,117420,3439394.75
ROTO,2023-12-10,30.98,30.98,29,29.04,-1.59,-0.47,-1,595064,18263244
ROTO,2023-12-07,29.51,29.51,27.15,29.51,4.98,1.4,-1,224078,6470559
ROTO,2023-12-06,30.38,30.38,27.7,28.11,-2.9,-0.84,-1,755790,21668522
ROTO,2023-12-05,28.95,28.95,27.58,28.95,4.97,1.37,-1,198322,5724194.5
ROTO,2023-12-04,27.58,27.58,26.3,27.58,4.99,1.31,-1,255755,7045509.5
ROTO,2023-12-03,26.33,26.33,23.83,26.27,4.74,1.19,-1,374064,9372895
ROTO,2023-11-30,25.7,25.7,23.62,25.08,1.13,0.28,-1,60253,1495598.38
ROTO,2023-11-29,24.8,24.8,22.8,24.8,5,1.18,-1,581086,13565472
ROTO,2023-11-28,23.65,23.65,22.16,23.62,4.97,1.12,-1,282458,6639732
ROTO,2023-11-27,22.99,22.99,22.5,22.53,-1.87,-0.43,-1,61264,1381622
ROTO,2023-11-26,23.12,23.12,22.5,22.94,-0.09,-0.02,-1,45254,1039522.31
ROTO,2023-11-23,23,23,22.34,22.96,-2.13,-0.49,-1,137067,3112017
ROTO,2023-11-22,23,23,22.2,22.99,1.57,0.35,-1,135212,3057868
ROTO,2023-11-21,22.88,22.88,21.99,22.35,0.86,0.19,-1,143646,3221943.75
ROTO,2023-11-20,23.11,23.11,21.13,22.16,0.68,0.15,-1,579143,13000691
ROTO,2023-11-19,23.3,23.3,22,22.01,-3.34,-0.76,-1,614467,13797266
ROTO,2023-11-16,24.39,24.39,22.75,22.77,-4.41,-1.05,-1,119512,2753492.25
ROTO,2023-11-15,24.07,24.07,22.16,23.82,3.21,0.74,-1,822548,19380442
ROTO,2023-11-14,23.1,23.1,21.85,23.08,4.91,1.08,-1,435633,9918181
ROTO,2023-11-13,22.87,22.87,20.97,22,-0.32,-0.07,-1,1028615,22352688
ROTO,2023-11-12,22.09,22.09,21,22.07,4.9,1.03,-1,148847,3260139
ROTO,2023-11-09,21.05,21.05,20.3,21.04,4.94,0.99,-1,229636,4813013.5
ROTO,2023-11-08,21,21,20.05,20.05,-4.98,-1.05,-1,164414,3299170.25
ROTO,2023-11-07,22.59,22.59,21.1,21.1,-5,-1.11,-1,197912,4193041
ROTO,2023-11-06,22.5,22.5,22.18,22.21,-4.97,-1.16,-1,61007,1354781.38
ROTO,2023-11-05,24.34,24.34,23.34,23.34,-4.97,-1.22,-1,134303,3157979
ROTO,2023-11-02,24.95,24.95,23.5,24.56,-3.72,-0.92,-1,56083,1343679.38
ROTO,2023-11-01,25.43,25.43,23.01,24.73,2.11,0.51,-1,388100,9233980
ROTO,2023-10-31,25.19,25.19,24.18,24.22,-4.99,-1.27,-1,216152,5261210.5
ROTO,2023-10-30,25.48,25.48,24.63,25.45,4.94,1.2,-1,301582,7654977
ROTO,2023-10-29,24.27,24.27,22.03,24.27,4.97,1.15,-1,185950,4499028.47
ROTO,2023-10-26,23.12,23.12,22.61,23.12,5,1.1,-1,396613,9160950
ROTO,2023-10-25,22.02,22.02,21.99,22.02,4.96,1.04,-1,127013,2796539.75
ROTO,2023-10-24,21.14,21.14,19.71,20.98,4.17,0.84,-1,293359,6174476
ROTO,2023-10-23,20.14,20.14,18.36,20.14,4.9,0.94,-1,397564,7957696.5
ROTO,2023-10-22,19.24,19.24,17.7,19.19,4.52,0.83,-1,175979,3240913.5
ROTO,2023-10-19,18.41,18.41,17,18.36,3.25,0.57,-1,284744,5160863.5
ROTO,2023-10-18,17.54,17.54,16.13,17.54,4.97,0.83,-1,277456,4843501
ROTO,2023-10-17,16.71,16.71,15.95,16.71,4.96,0.79,-1,201833,3365140.5
ROTO,2023-10-16,15.92,15.92,14.42,15.92,4.94,0.75,-1,207218,3210484.25
ROTO,2023-10-15,15.4,15.4,15.03,15.17,0,0,-1,527182,7996700.5
ROTO,2023-10-12,15.38,15.38,15.01,15.17,0,0,-1,412759,6260726.5
ROTO,2023-10-11,15.9,15.9,15.06,15.17,-1.24,-0.19,-1,565907,8593486
ROTO,2023-10-10,15.8,15.8,15.33,15.36,-2.85,-0.45,-1,1110045,17062022
ROTO,2023-10-09,16.04,16.04,15.01,15.81,-2.72,-0.43,-1,62996,987683.25
ROTO,2023-10-08,15.8,15.8,15.01,15.8,-5,-0.79,-1,9469,143247.69
ROTO,2023-10-04,15.69,15.69,15.53,15.8,-1.2,-0.19,-1,13601,211837.98
ROTO,2023-10-03,16.06,16.06,15.23,15.8,2.71,0.42,-1,35207,557178.88
ROTO,2023-10-02,15.9,15.9,15.31,15.48,-3.75,-0.6,-1,60652,944208.19
ROTO,2023-10-01,16.15,16.15,15.62,16,-2.13,-0.34,-1,14621,230212.47
ROTO,2023-09-27,16.27,16.27,15.62,16,-0.19,-0.03,-1,33919,541287.75
ROTO,2023-09-26,16.2,16.2,15.8,16.03,0.13,0.02,-1,26561,425024.72
ROTO,2023-09-25,16.4,16.4,15.82,15.98,-0.44,-0.07,-1,68299,1094554.88
ROTO,2023-09-24,16.39,16.39,16.05,16.05,0,0,-1,14636,236429.2
ROTO,2023-09-21,16.5,16.5,15.52,16.05,1.85,0.3,-1,44272,707885.81
ROTO,2023-09-20,17.25,17.25,16.19,16.2,-4.93,-0.84,-1,343810,5592728.5
ROTO,2023-09-19,17.6,17.6,17,17.04,-2.18,-0.38,-1,43588,745507.13
ROTO,2023-09-18,17.79,17.79,16.92,17.42,1.88,0.32,-1,194789,3387877
ROTO,2023-09-17,17.5,17.5,16.45,17.03,3.12,0.52,-1,318548,5521303.5
ROTO,2023-09-14,16.67,16.67,16,16.67,4.97,0.79,-1,231713,3850190.75
ROTO,2023-09-13,16.09,16.09,15.85,15.88,1,0.16,-1,35756,568590.81
ROTO,2023-09-12,16.1,16.1,15.83,15.93,-0.62,-0.1,-1,38839,619267.13
ROTO,2023-09-11,16.19,16.19,15.84,16.02,-0.25,-0.04,-1,70013,1117540.13
ROTO,2023-09-10,16.88,16.88,16.01,16.05,-0.55,-0.09,-1,107742,1742167.38
ROTO,2023-09-07,16.75,16.75,16.3,16.49,-1.61,-0.27,-1,59667,981467.5
ROTO,2023-09-06,17.18,17.18,16.55,16.72,-2.68,-0.46,-1,47881,808145.81
ROTO,2023-09-05,17.85,17.85,16.5,17.18,1.06,0.18,-1,131810,2288343
ROTO,2023-09-04,17.3,17.3,16.55,17,-0.47,-0.08,-1,102553,1741730.13
ROTO,2023-09-03,18.1,18.1,17.02,17.08,-3.99,-0.71,-1,216767,3774248.5
ROTO,2023-08-31,17.8,17.8,16.86,17.79,4.89,0.83,-1,280152,4920620.5
ROTO,2023-08-30,17.6,17.6,16.9,16.96,-3.09,-0.54,-1,89204,1526772.25
ROTO,2023-08-29,17.64,17.64,16.7,17.5,2.7,0.46,-1,165347,2843243.25
ROTO,2023-08-28,17.4,17.4,16.61,17.04,-0.35,-0.06,-1,115796,1971809.5
ROTO,2023-08-27,17.06,17.06,16.27,17.06,4.98,0.81,-1,349036,5915495
ROTO,2023-08-24,16.49,16.49,15.66,16.25,-0.37,-0.06,-1,92893,1486222.63
ROTO,2023-08-23,17.45,17.45,16.31,16.31,-4.95,-0.85,-1,166847,2760478.5
ROTO,2023-08-22,17.5,17.5,16.82,17.16,2.44,0.41,-1,161679,2783069.25
ROTO,2023-08-21,18.45,18.45,16.79,16.8,-4.92,-0.87,-1,234204,4028978.25
ROTO,2023-08-20,17.67,17.67,17,17.67,4.99,0.84,-1,246884,4340869
ROTO,2023-08-17,16.83,16.83,15.9,16.83,4.99,0.8,-1,317323,5309469.5
ROTO,2023-08-16,16.25,16.25,15.5,16.03,3.55,0.55,-1,144819,2348555.25
ROTO,2023-08-15,15.48,15.48,14.8,15.48,4.95,0.73,-1,123121,1897495.75
ROTO,2023-08-14,14.75,14.75,14.06,14.75,4.98,0.7,-1,87969,1286505.5
ROTO,2023-08-13,14.29,14.29,13.93,14.05,0.21,0.03,-1,46976,659779.69
ROTO,2023-08-10,14.28,14.28,14.04,14.12,0.43,0.06,-1,25615,361600.09
ROTO,2023-08-09,14.3,14.3,14.05,14.09,-0.43,-0.06,-1,32688,461046.59
ROTO,2023-08-08,14.25,14.25,14.04,14.11,-2.36,-0.34,-1,32561,460011.34
ROTO,2023-08-07,14.59,14.59,14,14.38,0.71,0.1,-1,46729,663841.31
ROTO,2023-08-06,14.28,14.28,14,14.06,-0.28,-0.04,-1,14098,197727.06
ROTO,2023-08-03,14.26,14.26,14,14.06,0.21,0.03,-1,28842,405342.53
ROTO,2023-08-02,14.69,14.69,14,14.03,-2.03,-0.29,-1,90293,1275384.25
ROTO,2023-08-01,14.45,14.45,13.9,14.32,0.21,0.03,-1,67946,961477.63
ROTO,2023-07-31,14.4,14.4,14,14.07,1,0.14,-1,32622,459231.38
ROTO,2023-07-30,14.48,14.48,14.01,14.01,0.29,0.04,-1,19373,273806.84
ROTO,2023-07-27,14.45,14.45,13.75,14.01,3,0.42,-1,18566,261971.77
ROTO,2023-07-26,14.38,14.38,13.55,14.01,1.28,0.18,-1,82967,1164266.38
ROTO,2023-07-25,15.07,15.07,14.02,14.02,-4.95,-0.73,-1,62425,883009.5
ROTO,2023-07-24,15.14,15.14,14.5,14.75,0.34,0.05,-1,13788,202699.8
ROTO,2023-07-19,14.83,14.83,14.5,14.75,0.34,0.05,-1,14062,204622.53
ROTO,2023-07-18,14.95,14.95,14.42,14.75,0,0,-1,16232,236088.7
ROTO,2023-07-17,15.15,15.15,14.52,14.75,-2.34,-0.35,-1,24350,359161.63
ROTO,2023-07-16,15.15,15.15,14.46,14.96,-2.81,-0.42,-1,5332,79137.08
ROTO,2023-07-13,15.1,15.1,14.78,14.96,0,0,-1,7464,111898.86
ROTO,2023-07-12,15.5,15.5,14.75,14.96,-0.33,-0.05,-1,32315,485374.41
ROTO,2023-07-11,15.36,15.36,14.93,15.01,-0.2,-0.03,-1,60752,914986.31
ROTO,2023-07-10,15.2,15.2,14.05,14.96,4.97,0.72,-1,38188,565328.88
ROTO,2023-07-09,15.58,15.58,14.41,14.48,-4.49,-0.68,-1,232362,3380807.25
ROTO,2023-07-06,15.7,15.7,15.09,15.16,-2.01,-0.31,-1,71031,1089399.75
ROTO,2023-07-05,15.79,15.79,15.4,15.44,-0.84,-0.13,-1,64561,999444.56
ROTO,2023-07-04,16,16,15.4,15.53,-3.66,-0.59,-1,58373,914400.5
ROTO,2023-06-26,16.34,16.34,15.6,16.12,1.09,0.17,-1,41286,662766.19
ROTO,2023-06-25,15.8,15.8,15.5,15.63,0.38,0.06,-1,24154,377970.84
ROTO,2023-06-22,15.89,15.89,15.52,15.68,0.76,0.12,-1,46066,723316.75
ROTO,2023-06-21,16,16,15.71,15.77,-0.88,-0.14,-1,22850,360425.94
ROTO,2023-06-20,16.39,16.39,15.83,15.99,-1.12,-0.18,-1,37775,604019.5
ROTO,2023-06-19,16.44,16.44,16,16.04,-1.66,-0.27,-1,79537,1282029.75
ROTO,2023-06-18,16.44,16.44,16.11,16.27,0.68,0.11,-1,415518,6760632
ROTO,2023-06-15,16.6,16.6,16.1,16.16,-1.04,-0.17,-1,63654,1038764.63
ROTO,2023-06-14,16.49,16.49,15.66,16.27,2.26,0.36,-1,82068,1307749.75
ROTO,2023-06-13,16.12,16.12,15.6,15.91,2.03,0.32,-1,38270,606597.81
ROTO,2023-06-12,16,16,15.8,15.8,0.13,0.02,-1,11934,190130.59
ROTO,2023-06-11,16.3,16.3,15.56,15.8,-0.51,-0.08,-1,14433,230764.83
ROTO,2023-06-08,16.19,16.19,15.5,15.8,1.71,0.27,-1,26885,424447
ROTO,2023-06-07,16.8,16.8,15.62,15.83,-3.65,-0.6,-1,212941,3436811
ROTO,2023-06-06,16.87,16.87,16.43,16.43,0,0,-1,26005,429650.25
ROTO,2023-06-05,16.98,16.98,16.31,16.43,-2.68,-0.45,-1,143491,2391398.5
ROTO,2023-06-04,17,17,16.7,16.76,-1.3,-0.22,-1,54902,922015.06
ROTO,2023-06-01,17.01,17.01,16.79,16.92,-0.71,-0.12,-1,10068,169296.77
ROTO,2023-05-31,17.17,17.17,16.78,16.92,-0.88,-0.15,-1,46786,793407.69
ROTO,2023-05-30,17.1,17.1,16.45,17.01,1.07,0.18,-1,50619,857499.69
ROTO,2023-05-29,17.2,17.2,16.72,16.83,-0.53,-0.09,-1,74196,1250440.88
ROTO,2023-05-28,17.19,17.19,16.8,16.92,-0.58,-0.1,-1,120827,2051797.75
ROTO,2023-05-25,17.3,17.3,16.62,17.15,-3.03,-0.52,-1,15695,264074.69
ROTO,2023-05-24,17.19,17.19,16.43,17.15,4.95,0.81,-1,38082,643969.63
ROTO,2023-05-23,16.99,16.99,16.17,16.38,-2.62,-0.44,-1,30827,508870.63
ROTO,2023-05-22,17,17,16.64,16.82,1.43,0.24,-1,21015,353256.75
ROTO,2023-05-21,17.23,17.23,16.59,16.76,-2.61,-0.45,-1,55212,927010.44
ROTO,2023-05-18,17.67,17.67,16.6,17.23,0,0,-1,8162,138240.48
ROTO,2023-05-17,17.5,17.5,16.95,17.23,-2.92,-0.51,-1,27219,471340.06
ROTO,2023-05-16,18,18,17.41,17.46,-4.43,-0.81,-1,31497,551589.5
ROTO,2023-05-15,18.49,18.49,17.85,18.27,-1.97,-0.36,-1,15799,284996.91
ROTO,2023-05-14,18.82,18.82,17.82,18.27,-1.42,-0.26,-1,15194,274455.72
ROTO,2023-05-11,18.43,18.43,17.65,18.27,4.04,0.71,-1,181757,3329820
ROTO,2023-05-10,17.77,17.77,16.92,17.56,1.43,0.25,-1,56430,980548.88
ROTO,2023-05-09,18.17,18.17,17.2,17.5,-2.99,-0.53,-1,116337,2082966.75
ROTO,2023-05-08,17.73,17.73,16.54,17.73,4.97,0.84,-1,395359,6936038
ROTO,2023-05-07,17.22,17.22,16.65,16.89,-1.63,-0.28,-1,32116,543620.06
ROTO,2023-05-03,17.25,17.25,16.6,17.17,2.02,0.34,-1,74838,1278603
ROTO,2023-05-02,17,17,16.23,16.83,-1.35,-0.23,-1,90496,1494566.38
ROTO,2023-05-01,17.3,17.3,16.5,17.06,-1.27,-0.22,-1,203346,3454399.64
ROTO,2023-04-30,17.96,17.96,17.2,17.28,-1.99,-0.35,-1,85219,1492178.27
ROTO,2023-04-27,17.95,17.95,17.48,17.63,0.86,0.15,-1,128059,2269034.5
ROTO,2023-04-26,17.88,17.88,17.1,17.48,0.34,0.06,-1,26521,465826.22
ROTO,2023-04-19,17.91,17.91,16.87,17.42,4.68,0.8,-1,164372,2846266.5
ROTO,2023-04-18,17.31,17.31,16.37,17.1,2.97,0.5,-1,81477,1381442.13
ROTO,2023-04-13,17.44,17.44,16.76,16.81,-1.93,-0.33,-1,56191,954549.31
ROTO,2023-04-12,17.17,17.17,16.34,17.14,4.77,0.78,-1,294553,5025427.41
ROTO,2023-04-11,16.36,16.36,15.6,16.36,4.94,0.77,-1,132783,2153629.25
ROTO,2023-04-10,15.98,15.98,15.5,15.59,-0.06,-0.01,-1,37285,582525.5
ROTO,2023-04-09,16.15,16.15,15.51,15.6,-2.75,-0.44,-1,47118,736162.88
ROTO,2023-04-06,16.9,16.9,15.94,16.01,-3.61,-0.6,-1,85315,1377800.63
ROTO,2023-04-05,17.4,17.4,16.4,16.61,-1.25,-0.21,-1,54006,903842.5
ROTO,2023-04-04,16.88,16.88,16.5,16.82,4.91,0.79,-1,102722,1721563.96
ROTO,2023-04-03,16.25,16.25,15.62,16.08,4.97,0.77,-1,134681,2165136.83
ROTO,2023-04-02,15.94,15.94,15.48,15.48,0,0,-1,17206,266808.25
ROTO,2023-03-30,15.94,15.94,15.27,15.48,-1.4,-0.22,-1,77382,1195032.38
ROTO,2023-03-29,16,16,15.55,15.7,-0.06,-0.01,-1,36198,570764.38
ROTO,2023-03-28,15.88,15.88,15.45,15.71,-3.38,-0.55,-1,102406,1595608.25
ROTO,2023-03-27,16.9,16.9,16.26,16.26,-4.97,-0.85,-1,179565,2958454.75
ROTO,2023-03-26,17.34,17.34,16,17.11,3.57,0.59,-1,261467,4474196.5
ROTO,2023-03-23,16.54,16.54,15.26,16.52,4.95,0.78,-1,247381,4081382.96
ROTO,2023-03-22,15.76,15.76,15.04,15.76,5,0.75,-1,218952,3429178.2
ROTO,2023-03-21,15.41,15.41,14.91,15.01,-0.46,-0.07,-1,45366,682519.13
ROTO,2023-03-20,15.41,15.41,14.53,15.08,2.18,0.32,-1,95848,1451400.75
ROTO,2023-03-19,14.96,14.96,14.2,14.68,1.65,0.24,-1,34929,506007.63
ROTO,2023-03-16,14.77,14.77,13.79,14.51,0.55,0.08,-1,124287,1746439.63
ROTO,2023-03-15,15.75,15.75,14.5,14.51,-4.91,-0.75,-1,137790,2075243.25
ROTO,2023-03-14,15.79,15.79,15,15.26,-1.36,-0.21,-1,125254,1932795.75
ROTO,2023-03-13,16.23,16.23,15.44,15.44,-4.98,-0.81,-1,153519,2376602
ROTO,2023-03-12,16.67,16.67,16.1,16.25,-1.81,-0.3,-1,51193,834116.31
ROTO,2023-03-09,16.8,16.8,16.25,16.59,1.64,0.27,-1,43371,720960.06
ROTO,2023-03-08,16.98,16.98,16.22,16.42,-1.91,-0.32,-1,53044,873643.88
ROTO,2023-03-07,17.62,17.62,16.7,16.74,-1.64,-0.28,-1,90594,1554098.5
ROTO,2023-03-05,17.3,17.3,16.72,17.03,0.65,0.11,-1,93943,1597447.88
ROTO,2023-03-02,17.54,17.54,16.81,16.92,-2.25,-0.39,-1,156766,2685683
ROTO,2023-03-01,17.7,17.7,17.05,17.31,1.7,0.29,-1,206276,3595350
ROTO,2023-02-28,17.59,17.59,17,17.02,-1.1,-0.19,-1,170422,2926227.5
ROTO,2023-02-27,17.5,17.5,16.9,17.21,1.18,0.2,-1,106937,1841489.25
ROTO,2023-02-26,17.29,17.29,16.93,17.01,-0.41,-0.07,-1,182102,3097730.75
ROTO,2023-02-23,17.67,17.67,16.73,17.08,-2.07,-0.36,-1,80451,1380067.38
ROTO,2023-02-22,17.94,17.94,17.3,17.37,-3.24,-0.58,-1,140500,2459654.5
ROTO,2023-02-21,17.92,17.92,16.7,17.89,4.62,0.79,-1,246631,4334928
ROTO,2023-02-20,17.88,17.88,16.9,17.1,-2.06,-0.36,-1,151595,2632119.5
ROTO,2023-02-19,17.9,17.9,17.33,17.46,0.17,0.03,-1,147399,2594554.25
ROTO,2023-02-16,17.65,17.65,17,17.36,2.06,0.35,-1,229491,3980931
ROTO,2023-02-15,17.15,17.15,16.55,17.01,-0.53,-0.09,-1,127332,2163651.75
ROTO,2023-02-14,18.38,18.38,17.1,17.1,-5,-0.9,-1,720600,12407614
ROTO,2023-02-13,19,19,17.89,18,-1.59,-0.29,-1,320165,5877270
ROTO,2023-02-12,18.58,18.58,18.03,18.29,-0.92,-0.17,-1,779015,14321817
ROTO,2023-02-09,18.82,18.82,17.45,18.46,2.96,0.53,-1,541950,10064474
ROTO,2023-02-08,18.95,18.95,17.7,17.93,-2.24,-0.41,-1,213730,3871241.5
ROTO,2023-02-07,18.34,18.34,17.49,18.34,4.98,0.87,-1,329401,5988857
ROTO,2023-02-06,17.57,17.57,16.37,17.47,4.36,0.73,-1,388936,6734850.5
ROTO,2023-02-05,17.67,17.67,16.12,16.74,-0.89,-0.15,-1,271866,4569607.5
ROTO,2023-02-02,16.89,16.89,15.55,16.89,4.97,0.8,-1,1126073,18787002
ROTO,2023-02-01,16.96,16.96,15.98,16.09,-4.34,-0.73,-1,798611,12856349
ROTO,2023-01-31,18.2,18.2,16.53,16.82,-3.33,-0.58,-1,330214,5739306.5
ROTO,2023-01-30,17.85,17.85,16.4,17.4,2.35,0.4,-1,455849,7940715
ROTO,2023-01-29,18,18,16.93,17,-4.6,-0.82,-1,361665,6297804.5
ROTO,2023-01-25,18,18,17.45,17.82,1.89,0.33,-1,101592,1799679
ROTO,2023-01-24,17.8,17.8,16.51,17.49,3.13,0.53,-1,414630,7335064.5
ROTO,2023-01-23,18.02,18.02,16.91,16.96,-4.95,-0.88,-1,242279,4245551
ROTO,2023-01-22,18.03,18.03,16.61,17.79,3.55,0.61,-1,340057,6021417.5
ROTO,2023-01-19,17.29,17.29,16.9,17.18,4.86,0.8,-1,269486,4644448
ROTO,2023-01-18,16.47,16.47,15.44,16.47,4.97,0.78,-1,338601,5506045
ROTO,2023-01-17,15.69,15.69,14.4,15.69,4.95,0.74,-1,513528,7873731.5
ROTO,2023-01-16,15.34,15.34,13.89,14.95,2.33,0.34,-1,314940,4538764
ROTO,2023-01-15,15.28,15.28,14.43,14.61,-2.14,-0.32,-1,229111,3395795
ROTO,2023-01-12,15.84,15.84,14.71,14.93,-3.55,-0.55,-1,418592,6230626.5
ROTO,2023-01-11,16.5,16.5,15.48,15.48,-4.97,-0.81,-1,275671,4379372.5
ROTO,2023-01-10,17.29,17.29,16.28,16.29,-4.96,-0.85,-1,230873,3802299.5
ROTO,2023-01-09,18,18,17.08,17.13,-4.67,-0.84,-1,346313,6000664
ROTO,2023-01-05,18.6,18.6,17.8,17.97,-2.65,-0.49,-1,184093,3324843.75
ROTO,2023-01-04,19.15,19.15,17.87,18.49,-1.7,-0.32,-1,205560,3806307
ROTO,2023-01-03,18.81,18.81,17.8,18.81,4.97,0.89,-1,322912,5958783
ROTO,2023-01-02,18.18,18.18,17.7,17.92,1.02,0.18,-1,109111,1951238.63
ROTO,2022-12-29,17.89,17.89,17.57,17.62,-1.01,-0.18,-1,92544,1631252.63
ROTO,2022-12-28,18.18,18.18,17.5,17.8,-0.39,-0.07,-1,129783,2303013
ROTO,2022-12-27,18.69,18.69,17.75,17.87,-0.5,-0.09,-1,226918,4113618
ROTO,2022-12-26,18.36,18.36,17.5,17.96,-0.17,-0.03,-1,164370,2953227.5
ROTO,2022-12-25,19.3,19.3,17.89,17.99,-4.46,-0.84,-1,299454,5542121
ROTO,2022-12-22,19.3,19.3,18.5,18.83,-0.63,-0.12,-1,56385,1069516.75
ROTO,2022-12-21,19.88,19.88,18.68,18.95,-3.51,-0.69,-1,132495,2535525.75
ROTO,2022-12-20,20.01,20.01,18.73,19.64,3.04,0.58,-1,218178,4297007.5
ROTO,2022-12-19,19.67,19.67,18.55,19.06,-1.7,-0.33,-1,181807,3456750
ROTO,2022-12-18,20.86,20.86,19.39,19.39,-5,-1.02,-1,494236,9666628
ROTO,2022-12-15,22,22,20.41,20.41,-4.98,-1.07,-1,347011,7301713
ROTO,2022-12-14,21.6,21.6,20.03,21.48,4.27,0.88,-1,349978,7384821.5
ROTO,2022-12-13,20.6,20.6,20.2,20.6,4.99,0.98,-1,183973,3776311.75
ROTO,2022-12-12,19.62,19.62,19.06,19.62,4.98,0.93,-1,382787,7477626
ROTO,2022-12-11,18.69,18.69,17.83,18.69,5,0.89,-1,275508,5127608.5
ROTO,2022-12-08,17.8,17.8,17.18,17.8,4.95,0.84,-1,409610,7277108.5
ROTO,2022-12-07,17.24,17.24,16.5,16.96,3.29,0.54,-1,455146,7700685.5
ROTO,2022-12-06,17.5,17.5,16.42,16.42,-4.98,-0.86,-1,254902,4242747.5
ROTO,2022-12-05,17.39,17.39,16.16,17.28,4.28,0.71,-1,437604,7466050.5
ROTO,2022-12-04,17.3,17.3,16.54,16.57,-5,-0.87,-1,447507,7527298.5
ROTO,2022-12-01,18.88,18.88,17.41,17.41,-4.97,-0.91,-1,698559,12274518
ROTO,2022-11-30,19.28,19.28,18.32,18.32,-4.98,-0.96,-1,316404,5809274
ROTO,2022-11-29,20.29,20.29,19.28,19.28,-4.98,-1.01,-1,223599,4312535.5
ROTO,2022-11-28,21.5,21.5,20.29,20.29,-4.96,-1.06,-1,221794,4542506.5
ROTO,2022-11-27,22.13,22.13,20.15,21.35,0.9,0.19,-1,360584,7745589
ROTO,2022-11-24,21.5,21.5,19.64,21.16,3.77,0.78,-1,589760,12172831
ROTO,2022-11-23,21.4,21.4,20.67,20.67,-4.97,-1.08,-1,614045,12695130
ROTO,2022-11-22,21.75,21.75,21.75,21.75,-4.98,-1.14,-1,58325,1268568.75
ROTO,2022-11-21,22.89,22.89,22.89,22.89,-4.98,-1.2,-1,14628,334834.91
ROTO,2022-11-20,22.89,22.89,22.89,24.09,-4.98,-1.2,-1,2880,65923.2
ROTO,2022-11-08,25,25,23.85,24.09,-2.11,-0.52,-1,650439,15819381
ROTO,2022-11-07,24.83,24.83,24.11,24.61,4.06,0.96,-1,852360,21055534
ROTO,2022-11-06,24.97,24.97,23.51,23.65,-4.13,-1.02,-1,521195,12591910
ROTO,2022-11-03,25.65,25.65,24.11,24.67,-1.04,-0.26,-1,605818,15157245
ROTO,2022-11-02,26.7,26.7,24.92,24.93,-4.96,-1.3,-1,952586,24496540
ROTO,2022-11-01,26.25,26.25,24.82,26.23,4.92,1.23,-1,955856,24826674
ROTO,2022-10-31,25.46,25.46,23.59,25,0.68,0.17,-1,1038175,25421841.65
ROTO,2022-10-30,26.45,26.45,24.63,24.83,-4.98,-1.29,-1,896366,22803458
ROTO,2022-10-27,28,28,25.89,25.92,-4.88,-1.33,-1,971263,25831742
ROTO,2022-10-26,28.29,28.29,26.4,27.25,1.11,0.3,-1,1685456,46893077.01
ROTO,2022-10-25,28.79,28.79,26.94,26.95,-4.94,-1.4,-1,1122884,31091998
ROTO,2022-10-24,30.5,30.5,28.33,28.35,-5,-1.49,-1,1227115,35726724
ROTO,2022-10-23,29.85,29.85,28.98,29.82,4.99,1.42,-1,1509053,44805952.89
ROTO,2022-10-20,28.45,28.45,26.5,28.43,4.91,1.33,-1,984235,27522316
ROTO,2022-10-19,29.5,29.5,27.1,27.1,-4.98,-1.42,-1,973851,27196672
ROTO,2022-10-18,28.54,28.54,25.84,28.52,4.89,1.33,-1,1504458,41168728
ROTO,2022-10-17,28.24,28.24,26.3,27.19,0.52,0.14,-1,963214,26546334
ROTO,2022-10-16,27.05,27.05,26.25,27.05,4.97,1.28,-1,445040,12012251
ROTO,2022-10-13,25.77,25.77,24.1,25.77,4.97,1.22,-1,1128569,28643834
ROTO,2022-10-12,26,26,24.55,24.55,-4.99,-1.29,-1,1490510,36813088
ROTO,2022-10-11,27.56,27.56,25.84,25.84,-4.97,-1.35,-1,1248348,33050574
ROTO,2022-10-10,28.4,28.4,27.18,27.19,-4.96,-1.42,-1,2147874,58970808
ROTO,2022-10-09,28.61,28.61,28.61,28.61,-4.98,-1.5,-1,55415,1585423.13
ROTO,2022-10-05,32.47,32.47,30.11,30.11,-4.99,-1.58,-1,455685,14154712
ROTO,2022-10-04,31.69,31.69,31.05,31.69,4.97,1.5,-1,818666,25940018
ROTO,2022-10-03,31,31,29.42,30.19,-2.49,-0.77,-1,389039,11743668
ROTO,2022-09-29,31.19,31.19,29,30.96,4.21,1.25,-1,1007758,30469324
ROTO,2022-09-28,29.78,29.78,28.71,29.71,4.72,1.34,-1,1684685,49793372
ROTO,2022-09-27,28.37,28.37,28.37,28.37,5,1.35,-1,24241,687717.19
ROTO,2022-09-26,27.02,27.02,26,27.02,4.97,1.28,-1,415198,11094029
ROTO,2022-09-25,26.5,26.5,25.5,25.74,0.51,0.13,-1,608655,15866532
ROTO,2022-09-22,26.52,26.52,24.52,25.61,1.23,0.31,-1,706996,18178464
ROTO,2022-09-21,26.2,26.2,24.85,25.3,-0.39,-0.1,-1,792855,20390586
ROTO,2022-09-20,25.55,25.55,23.8,25.4,4.35,1.06,-1,1458705,36488592
ROTO,2022-09-19,24.34,24.34,22.5,24.34,4.96,1.15,-1,762714,18080328
ROTO,2022-09-18,25.47,25.47,23.05,23.19,-4.41,-1.07,-1,1376430,33722504
ROTO,2022-09-15,24.26,24.26,23.61,24.26,4.98,1.15,-1,491481,11819883
ROTO,2022-09-14,23.11,23.11,21.9,23.11,5,1.1,-1,1609748,37023832
ROTO,2022-09-13,22.01,22.01,20.98,22.01,4.96,1.04,-1,1142587,24899044
ROTO,2022-09-12,22,22,20.74,20.97,-1.32,-0.28,-1,485272,10392358
ROTO,2022-09-11,22.5,22.5,20.51,21.25,-1.53,-0.33,-1,758553,16007341
ROTO,2022-09-08,22.71,22.71,21.58,21.58,-4.98,-1.13,-1,280552,6093550
ROTO,2022-09-07,24.3,24.3,22.71,22.71,-4.98,-1.19,-1,889177,20359578
ROTO,2022-09-06,24.5,24.5,23.4,23.9,2.36,0.55,-1,556074,13366922
ROTO,2022-09-05,23.35,23.35,22.3,23.35,4.99,1.11,-1,605916,14091619
ROTO,2022-09-04,22.24,22.24,20.14,22.24,4.96,1.05,-1,1609792,33364638
ROTO,2022-09-01,22,22,21.19,21.19,-4.98,-1.11,-1,192381,4109660
ROTO,2022-08-31,23.47,23.47,22.3,22.3,-4.99,-1.17,-1,573021,12830635
ROTO,2022-08-30,23.47,23.47,23.47,23.47,-4.98,-1.23,-1,13071,306776.38
ROTO,2022-08-29,25.95,25.95,24.7,24.7,-5,-1.3,-1,355479,8930211
ROTO,2022-08-28,26.96,26.96,25.23,26,1.05,0.27,-1,811936,21220110
ROTO,2022-08-25,25.73,25.73,24.83,25.73,4.98,1.22,-1,379588,9701846
ROTO,2022-08-24,25,25,23.8,24.51,2.38,0.57,-1,596809,14635295
ROTO,2022-08-23,23.94,23.94,23.33,23.94,5,1.14,-1,852497,20369214
ROTO,2022-08-22,22.8,22.8,22.8,22.8,4.97,1.08,-1,164117,3741867.5
ROTO,2022-08-21,21.72,21.72,20.52,21.72,4.98,1.03,-1,274534,5930085
ROTO,2022-08-18,21.7,21.7,20.6,20.69,-3.05,-0.65,-1,547266,11506650
ROTO,2022-08-17,22.03,22.03,20.9,21.34,0.62,0.13,-1,927464,20044284
ROTO,2022-08-16,21.02,21.02,19.76,20.99,4.85,0.97,-1,681168,14121726
ROTO,2022-08-15,20.5,20.5,19.1,20.02,1.93,0.38,-1,676976,13496927
ROTO,2022-08-14,19.64,19.64,19.26,19.64,4.97,0.93,-1,201921,3965158
ROTO,2022-08-11,18.71,18.71,18,18.71,4.99,0.89,-1,476272,8824634
ROTO,2022-08-10,18.32,18.32,17.06,17.82,0.84,0.15,-1,298373,5347443
ROTO,2022-08-09,19.27,19.27,17.7,17.84,-3.98,-0.74,-1,685554,12730177
ROTO,2022-08-08,18.59,18.59,18.26,18.58,4.91,0.87,-1,417442,7733828
ROTO,2022-08-07,17.71,17.71,17.2,17.71,4.98,0.84,-1,201518,3566948.75
ROTO,2022-08-04,17.23,17.23,16.22,16.87,-0.06,-0.01,-1,315608,5332623
ROTO,2022-08-03,16.89,16.89,16.34,16.88,4.97,0.8,-1,423598,7107836.5
ROTO,2022-08-02,16.43,16.43,15.04,16.09,4.92,0.77,-1,297705,4688764
ROTO,2022-07-26,15.65,15.65,14.63,15.65,4.96,0.74,-1,240268,3699537
ROTO,2022-07-25,15.99,15.99,14.85,14.91,-4.86,-0.76,-1,239808,3661842.5
ROTO,2022-07-24,15.8,15.8,14.55,15.63,3.88,0.59,-1,233667,3604235.25
ROTO,2022-07-21,15.21,15.21,14.25,15.21,4.97,0.72,-1,252858,3805007.25
ROTO,2022-07-20,14.8,14.8,14.4,14.49,-0.21,-0.03,-1,87319,1271134.25
ROTO,2022-07-19,14.59,14.59,14,14.52,2.62,0.37,-1,122196,1749450.13
ROTO,2022-07-18,14.37,14.37,13.45,14.13,3.06,0.42,-1,175965,2465460.25
ROTO,2022-07-17,14.15,14.15,13.6,13.71,-0.07,-0.01,-1,86072,1189590.88
ROTO,2022-07-07,13.72,13.72,13.19,13.68,4.67,0.61,-1,103442,1405664.25
ROTO,2022-07-06,13.15,13.15,12.74,13.07,3.9,0.49,-1,105801,1372721.25
ROTO,2022-07-05,12.58,12.58,12.02,12.58,4.92,0.59,-1,144046,1804380.13
ROTO,2022-07-04,12.5,12.5,11.9,11.99,-1.48,-0.18,-1,113084,1377799
ROTO,2022-07-03,12.4,12.4,11.65,12.17,0.33,0.04,-1,114490,1371798.75
ROTO,2022-06-29,12.6,12.6,11.95,12.26,0.4,0.05,-1,133971,1645205
ROTO,2022-06-28,12.88,12.88,12.35,12.35,-5,-0.65,-1,336077,4165256.25
ROTO,2022-06-27,13.83,13.83,13,13,-4.97,-0.68,-1,422023,5529616.5
ROTO,2022-06-26,14.59,14.59,13.57,13.68,-4.2,-0.6,-1,189143,2640109
ROTO,2022-06-23,14.5,14.5,14.08,14.28,0.78,0.11,-1,71853,1027142.06
ROTO,2022-06-22,14.3,14.3,13.52,14.17,2.31,0.32,-1,202763,2843195
ROTO,2022-06-21,14.24,14.24,13.77,13.85,0.73,0.1,-1,165811,2319451.25
ROTO,2022-06-20,14.4,14.4,13.5,13.75,-0.72,-0.1,-1,291495,4059011.25
ROTO,2022-06-19,14.05,14.05,13.21,13.85,-1.34,-0.18,-1,286366,3983224.25
ROTO,2022-06-16,13.67,13.67,12.91,13.39,3.61,0.47,-1,341619,4597526
ROTO,2022-06-15,13.09,13.09,12.49,13.02,4.411,0.55,-1,293394,3769549
ROTO,2022-06-14,12.49,12.49,11.9,12.47,4.79,0.57,-1,224725,2781064.5
ROTO,2022-06-09,11.9,11.9,11.73,11.9,4.94,0.56,-1,183012,2174826
ROTO,2022-06-08,11.34,11.34,10.99,11.34,5,0.54,-1,166570,1875803.25
ROTO,2022-06-07,11.17,11.17,10.77,10.8,-1.82,-0.2,-1,139556,1516854.88
ROTO,2022-06-06,11.14,11.14,10.8,11,1.57,0.17,-1,88852,978454.88
ROTO,2022-06-05,11.23,11.23,10.8,10.83,-2.96,-0.33,-1,57923,633930.69
ROTO,2022-06-02,11.2,11.2,10.63,11.16,4.3,0.46,-1,104256,1149255.75
ROTO,2022-06-01,10.9,10.9,10.45,10.7,0.75,0.08,-1,54677,582006.31
ROTO,2022-05-31,10.66,10.66,10.37,10.62,3.1,0.32,-1,59043,624932.25
ROTO,2022-05-30,10.6,10.6,9.99,10.31,0.88,0.09,-1,150539,1549687.88
ROTO,2022-05-29,10.85,10.85,10.21,10.22,-4.84,-0.52,-1,121290,1246640.38
ROTO,2022-05-26,11.17,11.17,10.45,10.74,-2.36,-0.26,-1,80873,863734.94
ROTO,2022-05-25,11.38,11.38,10.83,11,-2.47,-0.28,-1,139468,1531770.5
ROTO,2022-05-24,11.42,11.42,11,11.34,1.07,0.12,-1,120216,1349500.88
ROTO,2022-05-23,11.26,11.26,11.03,11.22,-0.71,-0.08,-1,32863,367172.47
ROTO,2022-05-22,11.4,11.4,11.01,11.3,2.45,0.27,-1,158339,1791453.13
ROTO,2022-05-19,11.14,11.14,10.8,11.04,-1.17,-0.13,-1,143567,1583502.63
ROTO,2022-05-18,11.3,11.3,10.9,11.08,-0.18,-0.02,-1,99539,1106294.25
ROTO,2022-05-17,11.47,11.47,11.03,11.1,-0.8,-0.09,-1,50955,566351.69
ROTO,2022-05-16,11.5,11.5,11.03,11.19,-0.97,-0.11,-1,39235,437876.28
ROTO,2022-05-15,11.52,11.52,11.04,11.3,2.91,0.32,-1,197497,2252130.25
ROTO,2022-05-12,11.2,11.2,10.4,10.98,1.29,0.14,-1,141021,1545650.88
ROTO,2022-05-11,11.4,11.4,10.7,10.84,-3.3,-0.37,-1,214330,2366465
ROTO,2022-05-10,11.85,11.85,11.2,11.21,-4.92,-0.58,-1,262882,2987056.75
ROTO,2022-05-09,11.94,11.94,11.3,11.78,3.51,0.4,-1,225658,2653945.25
ROTO,2022-05-08,11.47,11.47,10.7,11.38,2.61,0.29,-1,199724,2205600.5
ROTO,2022-04-28,11.27,11.27,10.78,11.09,0.99,0.11,-1,108934,1204898
ROTO,2022-04-27,11.13,11.13,10.65,11.08,4.53,0.48,-1,372083,4113682.5
ROTO,2022-04-26,10.6,10.6,10.22,10.6,4.95,0.5,-1,294372,3116602
ROTO,2022-04-21,10.1,10.1,10.1,10.1,4.99,0.48,-1,37138,375093.81
ROTO,2022-04-20,9.62,9.62,9.15,9.62,4.91,0.45,-1,234088,2234074.75
ROTO,2022-04-19,9.33,9.33,8.9,9.17,1.99,0.18,-1,285080,2596979.75
ROTO,2022-04-18,9.33,9.33,8.45,9.03,3.49,0.31,-1,447167,3890123.75
ROTO,2022-04-17,9.6,9.6,8.89,8.89,-4.92,-0.46,-1,212185,1914870.63
ROTO,2022-04-14,9.61,9.61,9.16,9.35,-2.3,-0.22,-1,96111,900714.91
ROTO,2022-04-13,9.71,9.71,9.02,9.57,3.78,0.35,-1,193536,1855245.88
ROTO,2022-04-12,9.59,9.59,9.23,9.25,-4.74,-0.46,-1,206592,1916891.18
ROTO,2022-04-11,10.68,10.68,9.71,9.71,-4.99,-0.51,-1,234317,2294066.25
ROTO,2022-04-10,10.76,10.76,10.22,10.22,-4.93,-0.53,-1,145230,1500198.75
ROTO,2022-04-07,11.26,11.26,10.73,10.75,-4.78,-0.54,-1,87813,953136.86
ROTO,2022-04-06,11.4,11.4,11.15,11.29,-1.24,-0.14,-1,17196,193061.34
ROTO,2022-04-05,11.54,11.54,11.12,11.29,1.35,0.15,-1,88547,1001796.12
ROTO,2022-04-04,11.5,11.5,11,11.14,-1.85,-0.21,-1,71765,805934.62
ROTO,2022-04-03,11.69,11.69,11.3,11.35,-0.87,-0.1,-1,87227,996364.56
ROTO,2022-03-31,11.6,11.6,11,11.45,0.26,0.03,-1,109411,1234591.28
ROTO,2022-03-30,11.92,11.92,11.25,11.42,-2.23,-0.26,-1,78643,903824.56
ROTO,2022-03-29,11.86,11.86,11.25,11.66,-0.26,-0.03,-1,84110,977107.38
ROTO,2022-03-28,12.3,12.3,11.63,11.69,-4.49,-0.55,-1,225614,2684088.48
ROTO,2022-03-27,12.24,12.24,12.04,12.24,4.97,0.58,-1,531305,6484079
ROTO,2022-03-24,11.9,11.9,11.4,11.66,-0.26,-0.03,-1,406978,4749967.38
ROTO,2022-03-23,12.19,12.19,11.61,11.69,-4.02,-0.49,-1,432160,5112967.4
ROTO,2022-03-22,12.5,12.5,12.08,12.18,1.25,0.15,-1,301936,3711752.63
ROTO,2022-03-21,12.53,12.53,11.82,12.03,-1.15,-0.14,-1,267988,3264705.25
ROTO,2022-03-20,12.4,12.4,11.56,12.17,2.96,0.35,-1,583100,7068127.53
ROTO,2022-03-17,11.84,11.84,11.36,11.82,4.79,0.54,-1,536791,6285226.5
ROTO,2022-03-16,11.39,11.39,10.6,11.28,3.49,0.38,-1,351249,3892741.75
ROTO,2022-03-15,11.73,11.73,10.86,10.9,-4.64,-0.53,-1,354497,3959356.15
ROTO,2022-03-14,11.98,11.98,11.41,11.43,-4.41,-0.53,-1,326706,3777704
ROTO,2022-03-13,12.72,12.72,12.01,12.01,-4.98,-0.63,-1,250441,3038905.5
ROTO,2022-03-10,13.29,13.29,12.64,12.64,-4.96,-0.66,-1,491727,6293500.5
ROTO,2022-03-09,13.6,13.6,13.18,13.3,-0.08,-0.01,-1,347779,4676460.61
ROTO,2022-03-08,13.9,13.9,13.28,13.31,-3.94,-0.55,-1,656320,8770127
ROTO,2022-03-07,14.64,14.64,13.88,13.97,-4.38,-0.64,-1,401068,5672648.84
ROTO,2022-03-06,14.79,14.79,14.15,14.61,1.67,0.24,-1,302769,4385322.26
ROTO,2022-03-03,14.5,14.5,14,14.37,1.7,0.24,-1,118941,1694203.59
ROTO,2022-03-02,14.5,14.5,13.95,14.13,-3.15,-0.46,-1,325913,4620415.3
ROTO,2022-03-01,14.66,14.66,13.9,14.59,4.36,0.61,-1,248200,3573690.53
ROTO,2022-02-28,14.51,14.51,13.98,13.98,-4.96,-0.73,-1,425485,5986937.5
ROTO,2022-02-27,15,15,14.33,14.71,-1.14,-0.17,-1,525932,7739051.51
ROTO,2022-02-24,14.88,14.88,14.88,14.88,-4.98,-0.78,-1,35228,524192.63
ROTO,2022-02-23,15.66,15.66,14.8,15.66,4.96,0.74,-1,368771,5714374.5
ROTO,2022-02-22,15,15,13.86,14.92,3.76,0.54,-1,598210,8777013.32
ROTO,2022-02-21,14.72,14.72,14.01,14.38,0.84,0.12,-1,627846,9070826.76
ROTO,2022-02-20,14.26,14.26,13.59,14.26,4.93,0.67,-1,420795,5986866.5
ROTO,2022-02-17,13.72,13.72,12.82,13.59,1.65,0.22,-1,320882,4233374.67
ROTO,2022-02-16,14,14,13.13,13.37,-1.62,-0.22,-1,176652,2392938
ROTO,2022-02-15,14.49,14.49,13.21,13.59,-2.23,-0.31,-1,437629,5964923.82
ROTO,2022-02-14,14.44,14.44,13.9,13.9,-4.99,-0.73,-1,409712,5715579.5
ROTO,2022-02-13,14.81,14.81,14.63,14.63,-5,-0.77,-1,186370,2727968.5
ROTO,2022-02-10,16.19,16.19,15.4,15.4,-5,-0.81,-1,322417,4998575.5
ROTO,2022-02-09,17.29,17.29,16.21,16.21,-4.98,-0.85,-1,330922,5416889
ROTO,2022-02-08,17.54,17.54,17,17.06,-1.33,-0.23,-1,196928,3396131.75
ROTO,2022-02-07,18.05,18.05,17.03,17.23,-2.6,-0.46,-1,244826,4307651.45
ROTO,2022-02-06,18.5,18.5,17.58,17.69,-4.38,-0.81,-1,614331,10994732.78
ROTO,2022-02-03,18.65,18.65,18.07,18.5,2.66,0.48,-1,633425,11654269.66
ROTO,2022-02-02,18.75,18.75,17.8,18.02,-0.22,-0.04,-1,519890,9546995.84
ROTO,2022-02-01,18.06,18.06,17.15,18.06,5,0.86,-1,1003718,17776010
ROTO,2022-01-31,17.5,17.5,16.93,17.2,-0.58,-0.1,-1,357521,6169572.6
ROTO,2022-01-30,18.5,18.5,16.93,17.3,-2.81,-0.5,-1,404399,7133951.46
ROTO,2022-01-26,18.7,18.7,17.75,17.8,-2.41,-0.44,-1,340528,6197186
ROTO,2022-01-25,18.33,18.33,16.73,18.24,4.47,0.78,-1,933714,16607641.35
ROTO,2022-01-24,18.09,18.09,17.46,17.46,-4.95,-0.91,-1,477513,8435958
ROTO,2022-01-23,19.25,19.25,18,18.37,-0.27,-0.05,-1,1112131,20779598.34
ROTO,2022-01-20,18.7,18.7,17.9,18.42,2.91,0.52,-1,806931,14837568.86
ROTO,2022-01-19,17.91,17.91,17,17.9,4.92,0.84,-1,1332454,23359620
ROTO,2022-01-18,17.12,17.12,15.5,17.06,4.6,0.75,-1,1652651,26739858.04
ROTO,2022-01-17,16.8,16.8,16.31,16.31,-4.95,-0.85,-1,401032,6567672
ROTO,2022-01-16,17.16,17.16,17.16,17.16,-4.98,-0.9,-1,41087,705052.94
ROTO,2022-01-13,18.4,18.4,18.06,18.06,-5,-0.95,-1,343772,6217566.5
ROTO,2022-01-12,19.95,19.95,19.01,19.01,-5,-1,-1,470709,9013438
ROTO,2022-01-11,21,21,20.01,20.01,-4.99,-1.05,-1,632217,12719656
ROTO,2022-01-02,21.09,21.09,20.25,21.06,4.98,1,-1,434523,9072935
ROTO,2021-12-30,20.53,20.53,19.87,20.09,0.45,0.09,-1,269029,5431338.66
ROTO,2021-12-29,20.84,20.84,19.9,20,-1.33,-0.27,-1,337325,6858806.17
ROTO,2021-12-28,20.78,20.78,19.6,20.27,-0.88,-0.18,-1,339930,6857195.9
ROTO,2021-12-27,21.5,21.5,20.45,20.45,-4.97,-1.07,-1,747211,15497520
ROTO,2021-12-26,21.79,21.79,21,21.52,3.46,0.72,-1,937828,20141470.02
ROTO,2021-12-23,20.8,20.8,19.12,20.8,4.63,0.92,-1,1071779,21644978.79
ROTO,2021-12-22,19.88,19.88,19.25,19.88,4.96,0.94,-1,676093,13366797
ROTO,2021-12-21,19.07,19.07,18.2,18.94,4.95,0.9,-1,684058,12757042
ROTO,2021-12-20,18.39,18.39,17.75,18.17,-0.38,-0.07,-1,395630,7172071.42
ROTO,2021-12-19,18.96,18.96,18,18.24,-2.77,-0.52,-1,432701,8002517.96
ROTO,2021-12-16,18.98,18.98,17.84,18.76,-1.28,-0.24,-1,1207858,22184750
ROTO,2021-12-15,19.5,19.5,18.77,18.77,-4.96,-0.98,-1,1041303,19654052
ROTO,2021-12-14,20.79,20.79,19.33,19.75,-2.9,-0.59,-1,1657103,32683303.85
ROTO,2021-12-13,20.34,20.34,19.56,20.34,4.95,0.96,-1,802892,16269199
ROTO,2021-12-12,19.38,19.38,17.54,19.38,4.98,0.92,-1,1171855,21425230
ROTO,2021-12-09,17.54,17.54,17.54,18.46,-4.98,-0.92,-1,7106,124639.24
ROTO,2021-12-08,18.46,18.46,18.46,18.46,-4.99,-0.97,-1,39647,731883.63
ROTO,2021-12-07,19.43,19.43,19.43,19.43,-4.99,-1.02,-1,19794,384597.41
ROTO,2021-12-06,26.69,26.69,20.01,20.45,-18.23,-4.56,-1,4021510,93333759.7
ROTO,2021-12-05,25.01,25.01,22.06,25.01,16.16,3.48,-1,2307699,54592991.45
ROTO,2021-12-02,21.8,21.8,19.36,21.53,10.18,1.99,-1,2648870,55059209.94
ROTO,2021-12-01,20.3,20.3,18.2,19.54,6.6,1.21,-1,1796119,34856110.37
ROTO,2021-11-30,18.5,18.5,16.65,18.33,6.38,1.1,-1,2371358,41552368
ROTO,2021-11-29,18,18,16.8,17.23,-0.86,-0.15,-1,1499744,26080985.72
ROTO,2021-11-28,17.6,17.6,15.01,17.38,3.95,0.66,-1,2117240,34838081.08
ROTO,2021-11-25,16.99,16.99,15.03,16.72,11.24,1.69,-1,1700904,27524629.59
ROTO,2021-11-24,15.7,15.7,14.12,15.03,-0.13,-0.02,-1,1778572,26636360.54
ROTO,2021-11-23,15.38,15.38,13.72,15.05,8.74,1.21,-1,2307944,33595403.09
ROTO,2021-11-22,14.7,14.7,11.71,13.84,8.98,1.14,-1,2894933,38167254.05
ROTO,2021-11-21,14.49,14.49,12.32,12.7,-11.81,-1.7,-1,928233,12489952.65
ROTO,2021-11-18,14.97,14.97,13.61,14.4,4.8,0.66,-1,1673183,23921841.35
ROTO,2021-11-17,13.74,13.74,10.6,13.74,16.05,1.9,-1,3008688,36888936.91
ROTO,2021-11-16,14.33,14.33,11.84,11.84,-20,-2.96,-1,1625744,20404376
ROTO,2021-11-15,17.3,17.3,14.31,14.8,-17.04,-3.04,-1,3000054,47046404.62
ROTO,2021-11-14,17.84,17.84,14.65,17.84,19.97,2.97,-1,2712184,44043432
ROTO,2021-11-11,15.9,15.9,12.81,14.87,6.82,0.95,-1,2738957,39027248.61
ROTO,2021-11-10,18,18,13.92,13.92,-20,-3.48,-1,1180935,19069198
ROTO,2021-11-09,20.54,20.54,15,17.4,1.64,0.28,-1,1765183,33425444.94
ROTO,2021-11-07,17.12,17.12,17.12,17.12,-20,-4.28,-1,69454,1189052.5
ROTO,2021-11-04,21.4,21.4,21.4,21.4,-20,-5.35,-1,243370,5208118
ROTO,2021-11-03,34.74,34.74,26.75,26.75,-19.98,-6.68,-1,220683,6775570
ROTO,2021-11-02,37.98,37.98,29.01,33.43,-3.35,-1.16,-1,1371464,45254149.5
ROTO,2021-11-01,39.27,39.27,30.76,34.59,-19.32,-7.43,-1,513159,18475750
ROTO,2021-10-31,39.99,39.99,38,38.45,-1.86,-0.73,-1,371379,14551946.51
ROTO,2021-10-28,40.7,40.7,37.11,39.18,-3.24,-1.31,-1,198034,7687305.7
ROTO,2021-10-27,43.39,43.39,38,40.49,-2.32,-0.96,-1,105771,4237584.89
ROTO,2021-10-26,45,45,40,41.45,-5.54,-2.43,-1,199919,8388678.95
ROTO,2021-10-25,44,44,36.5,43.88,6.32,2.61,-1,672311,27907848
ROTO,2021-10-24,43.4,43.4,38.5,41.27,7.19,2.77,-1,123725,5187908.31
ROTO,2021-10-20,40,40,33.17,38.5,-7.14,-2.96,-1,884712,32044687.45
ROTO,2021-10-19,51.05,51.05,41.46,41.46,-19.99,-10.36,-1,246582,10936779
ROTO,2021-10-18,52.05,52.05,50.5,51.82,-0.67,-0.35,-1,133416,6900713.79
ROTO,2021-10-17,55.45,55.45,51.26,52.17,4.55,2.27,-1,609753,31852378
ROTO,2021-10-14,56.69,56.69,48.3,55.67,11.56,5.77,-1,922897,49879399.2
ROTO,2021-10-13,51.99,51.99,48.06,49.9,-6.84,-3.53,-1,169311,8440737
ROTO,2021-10-12,55.9,55.9,49.1,51.59,-7.97,-4.47,-1,211860,10935836.66
ROTO,2021-10-11,57,57,55.07,56.06,4.75,2.54,-1,78191,4408883.5
ROTO,2021-10-10,55.6,55.6,52.01,53.46,-2.43,-1.33,-1,38621,2052365.22
ROTO,2021-10-06,55.7,55.7,52.3,54.79,-1.52,-0.83,-1,56926,3108151.25
ROTO,2021-10-05,56.75,56.75,54,54.43,-1.37,-0.76,-1,31347,1725801.5
ROTO,2021-10-04,57.4,57.4,55,55.64,-1.57,-0.89,-1,41611,2327616.03
ROTO,2021-10-03,56.83,56.83,54.53,56.53,1.6,0.88,-1,45506,2548930.5
ROTO,2021-09-30,55.65,55.65,54,55.12,1.49,0.81,-1,77973,4285681.38
ROTO,2021-09-29,56.99,56.99,53.1,54.31,-0.57,-0.31,-1,287326,15739273.6
ROTO,2021-09-28,55.99,55.99,53.8,54.62,-0.44,-0.24,-1,106601,5818071.91
ROTO,2021-09-27,58,58,54.5,54.86,-4.95,-2.86,-1,371192,20871356
ROTO,2021-09-26,58.97,58.97,56,57.72,2.54,1.43,-1,279577,16205285
ROTO,2021-09-23,57.7,57.7,55,56.37,0.41,0.23,-1,230003,13047363
ROTO,2021-09-22,58.4,58.4,51,56.15,8.31,4.31,-1,1764172,97931538.94
ROTO,2021-09-21,53,53,49.01,51.84,-2.26,-1.2,-1,1103065,56887491.06
ROTO,2021-09-20,53.99,53.99,51,53.04,0.98,0.52,-1,482046,25759856
ROTO,2021-09-19,53.98,53.98,48.51,53.17,-0.78,-0.42,-1,566247,29790496.22
ROTO,2021-09-16,54.99,54.99,50.51,53.59,3.24,1.68,-1,234746,12619103.87
ROTO,2021-09-15,53.6,53.6,50,51.91,-4.1,-2.22,-1,592697,30876362.95
ROTO,2021-09-14,55.99,55.99,53.37,54.13,-2.63,-1.46,-1,279460,15175111.48
ROTO,2021-09-13,57.79,57.79,55,55.59,2.38,1.3,-1,219889,12337404
ROTO,2021-09-12,60,60,54,54.7,0.31,0.17,-1,234105,13215295.27
ROTO,2021-09-09,56.7,56.7,50.07,54.53,3.02,1.64,-1,542979,29738852
ROTO,2021-09-08,58.4,58.4,53.3,54.33,-3.83,-2.13,-1,740222,40136584
ROTO,2021-09-07,56.99,56.99,53,55.65,1.68,0.92,-1,808712,44712803.64
ROTO,2021-09-06,56,56,52.73,54.73,-0.35,-0.19,-1,721904,39474593.28
ROTO,2021-09-05,61.3,61.3,53.99,54.92,-5.52,-3.21,-1,423890,25064229.44
ROTO,2021-09-02,59,59,54.3,58.13,5.15,2.89,-1,1106617,64326588
ROTO,2021-09-01,56.93,56.93,53.6,56.1,-0.07,-0.04,-1,420647,23597626
ROTO,2021-08-31,57.52,57.52,51.5,55.54,-5.36,-3.03,-1,869401,48282460
ROTO,2021-08-30,58.99,58.99,52.4,56.53,-5.57,-3.24,-1,677940,38321140
ROTO,2021-08-29,59.49,59.49,54.2,58.13,1.15,0.66,-1,749501,43569264
ROTO,2021-08-26,60.25,60.25,55.01,57.34,-2.3,-1.38,-1,678191,38887428
ROTO,2021-08-25,61.98,61.98,59.02,59.98,-2.35,-1.44,-1,514725,30875070
ROTO,2021-08-24,63.5,63.5,57.21,61.24,-2.29,-1.43,-1,3343522,204772768
ROTO,2021-08-23,63.49,63.49,61.12,62.37,3.62,2.17,-1,1292489,80610216
ROTO,2021-08-22,61.03,61.03,58.7,59.98,1.32,0.79,-1,1012315,60719416
ROTO,2021-08-19,60.69,60.69,58,59.71,4.66,2.62,-1,1397470,83439176
ROTO,2021-08-18,58.75,58.75,55.81,56.18,0.87,0.5,-1,4189379,235350928
ROTO,2021-08-17,59.95,59.95,56,57.5,3.47,1.91,-1,734981,42258216
ROTO,2021-08-16,57.56,57.56,52,54.99,9.99,5.23,-1,1266323,69634544
ROTO,2021-08-15,54,54,50.55,52.33,0.23,0.12,-1,529166,27690118
ROTO,2021-08-11,51.77,51.77,50.15,51.38,-0.37,-0.19,-1,854938,43930596
ROTO,2021-08-10,52,52,50.05,51.22,-1.62,-0.84,-1,233234,11946396
ROTO,2021-08-09,53,53,49.61,51.84,-0.32,-0.16,-1,392847,20366442
ROTO,2021-08-08,51.79,51.79,48.6,50.16,1.69,0.84,-1,1085172,54429176
ROTO,2021-08-05,51,51,48.2,49.66,2.86,1.38,-1,671043,33323190.7
ROTO,2021-08-04,49.39,49.39,47.5,48.28,0.37,0.18,-1,202657,9784093
ROTO,2021-08-03,51.35,51.35,46.5,49.21,-6.51,-3.34,-1,846836,41673372
ROTO,2021-08-02,53,53,48.25,51.34,-7.72,-4.04,-1,665198,34148568
ROTO,2021-08-01,54.01,54.01,51,52.3,-3.45,-1.87,-1,503261,26320586
ROTO,2021-07-29,56,56,50.1,54.22,-1.45,-0.78,-1,498514,27028640
ROTO,2021-07-28,55.8,55.8,52.02,53.78,3.83,2.01,-1,1248392,67144432
ROTO,2021-07-27,52.99,52.99,51.65,52.47,0.72,0.37,-1,558454,29304694
ROTO,2021-07-26,53.95,53.95,50,51.65,-0.84,-0.44,-1,1584019,81822336
ROTO,2021-07-25,54.75,54.75,51,52.1,-3.33,-1.79,-1,776032,40428828
ROTO,2021-07-18,56.35,56.35,52,53.79,1.52,0.78,-1,1404400,75540440
ROTO,2021-07-15,51.31,51.31,48.5,51.23,9.99,4.66,-1,2022771,103623456
ROTO,2021-07-14,48.88,48.88,42.71,46.65,9.99,4.44,-1,983926,45896916
ROTO,2021-07-13,46,46,43.1,44.44,0.7,0.31,-1,774559,34421728
ROTO,2021-07-12,46,46,42.82,44.19,-0.83,-0.36,-1,366779,16209767
ROTO,2021-07-11,45.8,45.8,41.3,43.36,-1.35,-0.59,-1,519709,22532698
ROTO,2021-07-08,44.16,44.16,41.5,43.59,7.1,2.85,-1,1992400,86839200
ROTO,2021-07-07,40.21,40.21,38,40.15,9.98,3.65,-1,343446,13787742
ROTO,2021-07-06,37.52,37.52,33,36.56,10,3.41,-1,1069915,39110936
ROTO,2021-07-05,35.9,35.9,33.02,34.11,-1.93,-0.67,-1,1288599,43951420
ROTO,2021-07-04,36.2,36.2,33.7,34.67,-6.62,-2.41,-1,534012,18513518
ROTO,2021-06-30,40.75,40.75,35.63,36.42,-9.98,-3.95,-1,1644449,59894736
ROTO,2021-06-29,41.49,41.49,35.5,39.58,3.79,1.43,-1,761694,30146552
ROTO,2021-06-28,40.99,40.99,36.47,37.72,-6.22,-2.52,-1,690180,26033822
ROTO,2021-06-27,41.3,41.3,38.1,40.52,0.43,0.17,-1,1083067,43884948
ROTO,2021-06-24,41.78,41.78,37,39.83,-2.32,-0.93,-1,833255,33188600
ROTO,2021-06-23,43.41,43.41,38.4,40.15,-9.07,-3.83,-1,288037,11564413
ROTO,2021-06-22,43.95,43.95,36.5,42.23,6.12,2.48,-1,998739,42180640
ROTO,2021-06-21,41.45,41.45,37.07,40.52,9.98,3.76,-1,1830857,74186344
ROTO,2021-06-20,38.77,38.77,35.25,37.69,9.99,3.52,-1,1672412,63041560
ROTO,2021-06-17,35.65,35.65,33.64,35.25,10,3.24,-1,1679041,59186844
ROTO,2021-06-16,33.64,33.64,29,32.41,20.96,5.83,-1,2358891,76446640
ROTO,2021-06-15,31,31,25.89,27.81,4.66,1.34,-1,2281636,63457416
ROTO,2021-06-14,30.05,30.05,27.96,28.76,-7.92,-2.46,-1,1427011,41042972
ROTO,2021-06-13,35.75,35.75,29.52,31.06,-9.97,-3.27,-1,3956995,122908024
ROTO,2021-06-10,33.15,33.15,30.62,32.8,9.99,3.01,-1,1445850,47419868
ROTO,2021-06-09,30.9,30.9,28.81,30.14,5.08,1.45,-1,843156,25413022
ROTO,2021-06-08,28.96,28.96,26.02,28.55,8.7,2.29,-1,1607971,45909740
ROTO,2021-06-07,27.49,27.49,23.7,26.33,3.77,0.99,-1,1631111,42949640
ROTO,2021-06-06,27.1,27.1,25.27,26.26,2.35,0.62,-1,1452762,38144776
ROTO,2021-06-03,27.26,27.26,23.2,26.33,0.52,0.13,-1,2443491,64341148
ROTO,2021-06-02,27.14,27.14,22.7,25,-5.39,-1.33,-1,1748282,43705836
ROTO,2021-06-01,25.53,25.53,23.11,24.68,13.52,3.04,-1,1797253,44353368
ROTO,2021-05-31,23.41,23.41,19.5,22.49,17.38,3.4,-1,3739746,84089680
ROTO,2021-05-30,20.19,20.19,17.9,19.56,16.77,2.9,-1,599466,11724333
ROTO,2021-05-27,17.4,17.4,16.57,17.29,9.99,1.58,-1,2348660,40610864
ROTO,2021-05-26,16.04,16.04,15.3,15.82,9.94,1.45,-1,989813,15663590
ROTO,2021-05-25,15.4,15.4,13.67,14.59,16.49,2.18,-1,2635692,38452256
ROTO,2021-05-24,13.62,13.62,12.16,13.22,9.93,1.23,-1,2660931,35179172
ROTO,2021-05-23,12.63,12.63,12.12,12.39,-1.37,-0.17,-1,303457,3760596.25
ROTO,2021-05-20,12.75,12.75,11.81,12.44,1.65,0.2,-1,554539,6899047.5
ROTO,2021-05-19,12.45,12.45,11.76,12.1,-3.33,-0.41,-1,315686,3820211.25
ROTO,2021-05-18,12.6,12.6,12.1,12.31,-0.65,-0.08,-1,331315,4078192.25
ROTO,2021-05-17,12.83,12.83,12.13,12.28,-3.17,-0.4,-1,410963,5047254.5
ROTO,2021-05-11,12.79,12.79,12.3,12.6,2.86,0.35,-1,229855,2896859.75
ROTO,2021-05-10,12.45,12.45,12,12.23,-0.64,-0.08,-1,271118,3315936
ROTO,2021-05-09,12.87,12.87,12.2,12.48,-1.61,-0.2,-1,519609,6482252
ROTO,2021-05-06,12.8,12.8,12.28,12.44,-4.27,-0.55,-1,373409,4645074.5
ROTO,2021-05-05,13.12,13.12,12.52,12.88,4.85,0.6,-1,664443,8560932
ROTO,2021-05-04,12.69,12.69,11.91,12.37,9.97,1.15,-1,688319,8513105
ROTO,2021-04-28,11.8,11.8,11.4,11.54,-2.7,-0.32,-1,280429,3235991.25
ROTO,2021-04-27,12.18,12.18,11.55,11.86,-2.68,-0.32,-1,247520,2935448.25
ROTO,2021-04-26,12.4,12.4,11.26,11.92,2.3,0.27,-1,583519,6957762
ROTO,2021-04-25,12.15,12.15,11.19,11.73,6.09,0.67,-1,759774,8912555
ROTO,2021-04-22,11.25,11.25,10.73,11,8.37,0.84,-1,641089,7055123.5
ROTO,2021-04-21,10.38,10.38,9.4,10.03,9.96,0.94,-1,452563,4539319
ROTO,2021-04-20,9.54,9.54,9.3,9.44,0.43,0.04,-1,85813,810181.5
ROTO,2021-04-19,9.33,9.33,9.29,9.31,2.99,0.27,-1,25062,233260.47
ROTO,2021-04-18,9.15,9.15,8.87,9.04,3.39,0.3,-1,30716,277549.09
ROTO,2021-04-15,9.04,9.04,8.7,8.85,-0.33,-0.03,-1,83355,737587.5
ROTO,2021-04-14,9.57,9.57,8.78,9.03,-4.26,-0.4,-1,78866,712422.44
ROTO,2021-04-13,9.65,9.65,9.25,9.4,-4.81,-0.47,-1,102960,967473.56
ROTO,2021-04-12,10.05,10.05,9.62,9.78,-1.13,-0.11,-1,96926,947774.38
ROTO,2021-04-11,9.9,9.9,9.47,9.74,5.54,0.51,-1,124269,1210508.88
ROTO,2021-04-08,9.42,9.42,9.11,9.21,2.31,0.21,-1,49138,452417.5
ROTO,2021-04-07,9.29,9.29,8.91,9.09,-0.66,-0.06,-1,36399,330739.44
ROTO,2021-04-06,9.5,9.5,8.71,9.09,-2.67,-0.25,-1,115012,1045310.25
ROTO,2021-04-05,10.09,10.09,9.1,9.35,-7.87,-0.79,-1,86296,806531
ROTO,2021-04-04,10.38,10.38,9.7,10.04,-2.9,-0.29,-1,221893,2227778.5
ROTO,2021-04-01,10.14,10.14,9.7,9.99,4.82,0.46,-1,296192,2959635.75
ROTO,2021-03-31,9.74,9.74,9.4,9.55,-2.06,-0.2,-1,181185,1730863.38
ROTO,2021-03-30,9.95,9.95,9.51,9.73,0.53,0.05,-1,152751,1486526.75
ROTO,2021-03-29,9.7,9.7,9.3,9.48,1.82,0.17,-1,88476,839178.25
ROTO,2021-03-28,9.6,9.6,8.99,9.33,3.21,0.29,-1,361942,3378370.5
ROTO,2021-03-25,9.25,9.25,8.41,9.03,0.11,0.01,-1,257008,2320676.25
ROTO,2021-03-24,9,9,8.51,8.79,2.04,0.17,-1,187789,1650806.5
ROTO,2021-03-23,9,9,8.19,8.34,-5.06,-0.46,-1,386287,3220567.5
ROTO,2021-03-22,9.7,9.7,8.91,9.09,-9.91,-0.98,-1,211283,1921283.13
ROTO,2021-03-21,10.6,10.6,9.47,9.89,-6.46,-0.68,-1,176589,1745887.63
ROTO,2021-03-18,10.71,10.71,10.4,10.52,-1.5,-0.16,-1,97508,1025939.81
ROTO,2021-03-17,10.89,10.89,10.41,10.64,-1.69,-0.18,-1,70813,753785.25
ROTO,2021-03-16,10.97,10.97,10.51,10.68,-2.79,-0.31,-1,107121,1144464.13
ROTO,2021-03-15,11.64,11.64,10.65,11.11,-4.92,-0.56,-1,268088,2979390.75
ROTO,2021-03-14,11.75,11.75,10.84,11.38,5.82,0.64,-1,407042,4633845
ROTO,2021-03-11,11.15,11.15,10.87,11,0,0,-1,40715,448046.63
ROTO,2021-03-10,11.19,11.19,10.83,10.99,-2.52,-0.28,-1,69474,763546.94
ROTO,2021-03-09,11.4,11.4,10.91,11.11,-0.89,-0.1,-1,105375,1171042.38
ROTO,2021-03-08,11.48,11.48,11,11.24,-0.96,-0.11,-1,216951,2437918
ROTO,2021-03-07,11.6,11.6,11.01,11.41,3.11,0.34,-1,78730,898181
ROTO,2021-03-04,11.39,11.39,10.55,10.92,-2.86,-0.32,-1,124276,1356841.38
ROTO,2021-03-03,11.9,11.9,10.75,11.18,-6.62,-0.79,-1,240632,2689419.5
ROTO,2021-03-02,12.3,12.3,11.4,11.94,-5.51,-0.67,-1,111610,1332444.75
ROTO,2021-03-01,12.4,12.4,12,12.16,-1.87,-0.23,-1,120644,1467147.63
ROTO,2021-02-28,12.8,12.8,11.99,12.28,-4.77,-0.61,-1,215952,2651331
ROTO,2021-02-25,13,13,12.64,12.8,-1.55,-0.2,-1,147155,1883855
ROTO,2021-02-24,13.05,13.05,12.55,12.91,-0.62,-0.08,-1,221616,2861330.75
ROTO,2021-02-23,13.15,13.15,12.62,12.88,-2.84,-0.37,-1,297299,3829242.25
ROTO,2021-02-22,13.34,13.34,12.92,13.04,-0.46,-0.06,-1,187843,2449790.25
ROTO,2021-02-21,13.19,13.19,13.01,13.06,-0.15,-0.02,-1,105253,1374439.13
ROTO,2021-02-18,13.39,13.39,12.83,13.04,-1.37,-0.18,-1,210689,2748202
ROTO,2021-02-17,13.6,13.6,13,13.18,-3.11,-0.42,-1,261565,3447121
ROTO,2021-02-16,13.75,13.75,13.09,13.52,1.06,0.14,-1,350728,4741918
ROTO,2021-02-15,13.48,13.48,13.04,13.24,-2.52,-0.34,-1,291205,3854970
ROTO,2021-02-14,13.98,13.98,13.23,13.51,-3.25,-0.45,-1,280104,3785504
ROTO,2021-02-11,14,14,13.6,13.84,1.63,0.22,-1,503311,6964620
ROTO,2021-02-10,13.59,13.59,13.01,13.48,4.78,0.62,-1,464447,6260380
ROTO,2021-02-09,13.15,13.15,12.81,12.97,-0.69,-0.09,-1,106104,1376317.88
ROTO,2021-02-08,13.49,13.49,12.8,13.12,-3.43,-0.46,-1,269806,3538533.5
ROTO,2021-02-07,13.59,13.59,13.3,13.41,-0.97,-0.13,-1,138883,1862718.63
ROTO,2021-02-04,13.69,13.69,13.22,13.44,-2.12,-0.29,-1,396229,5323646
ROTO,2021-02-03,14,14,13.43,13.67,-3.59,-0.5,-1,409039,5592265.5
ROTO,2021-02-02,14.1,14.1,13.79,13.93,-1.15,-0.16,-1,230037,3204981.75
ROTO,2021-02-01,14.2,14.2,13.66,13.95,3.18,0.43,-1,980552,13682972
ROTO,2021-01-31,13.7,13.7,13.02,13.53,2.35,0.31,-1,661668,8950632
ROTO,2021-01-27,13.35,13.35,13.13,13.19,-0.68,-0.09,-1,294894,3888969
ROTO,2021-01-26,13.47,13.47,13.15,13.27,-0.9,-0.12,-1,233361,3096326.5
ROTO,2021-01-25,13.62,13.62,13.22,13.39,-0.82,-0.11,-1,242635,3249629.75
ROTO,2021-01-24,13.63,13.63,13.2,13.37,0.53,0.07,-1,299169,4001049.75
ROTO,2021-01-21,13.5,13.5,13.15,13.27,0.15,0.02,-1,258712,3432675.25
ROTO,2021-01-20,13.69,13.69,13,13.26,-2.95,-0.4,-1,485352,6433927.5
ROTO,2021-01-19,13.77,13.77,13.27,13.57,1.28,0.17,-1,732504,9937639
ROTO,2021-01-18,13.66,13.66,12.5,13.24,6.66,0.84,-1,1368341,18117666
ROTO,2021-01-17,12.78,12.78,12.55,12.61,-0.55,-0.07,-1,169556,2137456.25
ROTO,2021-01-14,12.79,12.79,12.51,12.67,0.47,0.06,-1,177997,2254821.5
ROTO,2021-01-13,12.95,12.95,12.43,12.64,0.8,0.1,-1,248165,3137198.5
ROTO,2021-01-12,12.64,12.64,12.21,12.48,0.08,0.01,-1,250425,3126238.5
ROTO,2021-01-11,12.68,12.68,12.2,12.42,-1.43,-0.18,-1,326998,4062539.5
ROTO,2021-01-10,12.75,12.75,12.41,12.56,-1.74,-0.22,-1,250951,3151483.25
ROTO,2021-01-06,12.8,12.8,12.35,12.63,1.87,0.23,-1,260464,3288580.75
ROTO,2021-01-05,12.49,12.49,12.02,12.28,-1.6,-0.2,-1,278216,3415575.5
ROTO,2021-01-04,12.9,12.9,12.24,12.52,-1.35,-0.17,-1,393531,4928885
ROTO,2021-01-03,12.79,12.79,12.38,12.57,8.83,0.11,-1,209927,2639631.75
ROTO,2020-12-31,12.69,12.69,12.32,12.46,-1.35,-0.17,-1,315745,3932896.75
ROTO,2020-12-30,12.96,12.96,12.45,12.63,-1.88,-0.24,-1,355414,4490069
ROTO,2020-12-29,13.1,13.1,12.45,12.75,4.18,0.51,-1,692181,8825940
ROTO,2020-12-28,12.48,12.48,11.42,12.19,9.96,1.13,-1,865965,10558349
ROTO,2020-12-27,11.95,11.95,11.01,11.35,-4.6,-0.55,-1,394787,4480153.5
ROTO,2020-12-24,12.2,12.2,11.7,11.95,3.97,0.46,-1,244235,2918407.5
ROTO,2020-12-23,11.94,11.94,11,11.6,9.94,1.08,-1,459496,5330480.5
ROTO,2020-12-22,11.49,11.49,10.48,10.86,3.53,0.37,-1,329457,3576791.75
ROTO,2020-12-21,12.7,12.7,11.57,11.64,-9.42,-1.21,-1,377205,4388784
ROTO,2020-12-20,13.09,13.09,12.67,12.85,1.49,0.19,-1,353081,4537710.5
ROTO,2020-12-17,12.99,12.99,12.5,12.71,-4.09,-0.54,-1,342562,4353002
ROTO,2020-12-16,13.74,13.74,12.68,13.2,-5.32,-0.73,-1,354054,4673786
ROTO,2020-12-15,14.19,14.19,13.5,13.73,-2.14,-0.3,-1,334589,4592401.5
ROTO,2020-12-14,14.4,14.4,13.8,14.04,0.58,0.08,-1,319908,4492884.5
ROTO,2020-12-13,14.2,14.2,13.75,13.9,-0.79,-0.11,-1,154830,2152682
ROTO,2020-12-10,14.3,14.3,13.72,13.97,-4.7,-0.68,-1,391852,5475095
ROTO,2020-12-09,14.9,14.9,14.1,14.48,-2.07,-0.3,-1,615742,8913069
ROTO,2020-12-08,14.9,14.9,14.02,14.51,3.11,0.44,-1,982526,14260598
ROTO,2020-12-07,14.49,14.49,13.96,14.16,-1.76,-0.25,-1,369633,5235116.5
ROTO,2020-12-06,14.57,14.57,13.91,14.24,2.51,0.35,-1,687106,9781510
ROTO,2020-12-03,14.22,14.22,13.76,13.95,-1.63,-0.23,-1,283585,3955733
ROTO,2020-12-02,14.42,14.42,13.75,14.13,1.39,0.19,-1,701598,9913255
ROTO,2020-12-01,13.9,13.9,13.52,13.71,-2.02,-0.28,-1,269149,3691259.75
ROTO,2020-11-30,14,14,13.68,13.87,1.84,0.25,-1,377954,5241857.5
ROTO,2020-11-29,13.93,13.93,13.2,13.59,4.44,0.59,-1,546204,7425023
ROTO,2020-11-26,13.9,13.9,13,13.29,-5.19,-0.72,-1,614907,8172145.5
ROTO,2020-11-25,14.69,14.69,13.15,13.86,-5.21,-0.76,-1,1004133,13920859
ROTO,2020-11-24,14.89,14.89,14.36,14.58,-1.29,-0.19,-1,1105244,16118888
ROTO,2020-11-23,15.14,15.14,14.43,14.68,-2.93,-0.44,-1,745538,10946410
ROTO,2020-11-22,15.5,15.5,14.7,15,-4.15,-0.64,-1,1056389,15843737
ROTO,2020-11-19,16.5,16.5,14.62,15.44,4.53,0.65,-1,2903395,44840112
ROTO,2020-11-18,15.38,15.38,13.45,14.36,9.94,1.39,-1,5236326,75168600
ROTO,2020-11-17,14.34,14.34,13.71,13.99,-4.44,-0.64,-1,1378691,19294036
ROTO,2020-11-16,15.3,15.3,13.92,14.43,-3.33,-0.49,-1,2328418,33593788
ROTO,2020-11-15,15.15,15.15,14.22,14.71,-3.86,-0.58,-1,481765,7087759
ROTO,2020-11-12,15.5,15.5,14.66,15.04,-0.34,-0.05,-1,1074352,16161111
ROTO,2020-11-11,15.07,15.07,14.51,14.75,-2.26,-0.34,-1,525259,7747655.5
ROTO,2020-11-10,15.7,15.7,14.7,15.07,-1.73,-0.26,-1,916335,13807955
ROTO,2020-11-09,15.3,15.3,14.85,15.04,5.63,0.81,-1,669376,10065936
ROTO,2020-11-08,14.85,14.85,13.76,14.4,-1.79,-0.27,-1,1083653,15609936
ROTO,2020-11-05,16.7,16.7,14.17,15.07,-9.97,-1.57,-1,2365188,35645012
ROTO,2020-11-04,16.4,16.4,15.41,15.74,-3.11,-0.5,-1,376315,5921802.5
ROTO,2020-11-03,16.79,16.79,15.52,16.09,-6.73,-1.13,-1,224276,3607727.25
ROTO,2020-11-02,17.99,17.99,16.25,16.8,-9.97,-1.8,-1,273375,4592809
ROTO,2020-11-01,18.88,18.88,17.25,18.05,-5.46,-1,-1,360456,6505826.5
ROTO,2020-10-28,19,19,17.2,18.32,-4.87,-0.92,-1,424607,7776922
ROTO,2020-10-27,19.37,19.37,18.5,18.9,-1.38,-0.26,-1,244161,4615845.5
ROTO,2020-10-26,19.25,19.25,18.1,18.87,6.68,1.19,-1,306429,5782901.5
ROTO,2020-10-25,18.95,18.95,17,17.82,2.49,0.46,-1,280688,5001670
ROTO,2020-10-22,19.24,19.24,17.6,18.49,-9.97,-1.95,-1,980252,18126230
ROTO,2020-10-21,20.89,20.89,17.66,19.55,-8.26,-1.62,-1,946108,18494480
ROTO,2020-10-20,20.29,20.29,18.95,19.62,-6.54,-1.34,-1,338893,6649726
ROTO,2020-10-19,21.47,21.47,19.7,20.48,-5.48,-1.16,-1,293311,6005592.5
ROTO,2020-10-18,21.79,21.79,20.35,21.16,-4.67,-1.04,-1,519528,10993587
ROTO,2020-10-15,23.7,23.7,21.25,22.25,-6.26,-1.43,-1,813068,18087640
ROTO,2020-10-14,23.5,23.5,21.17,22.83,3.73,0.82,-1,549562,12544416
ROTO,2020-10-13,23.2,23.2,21.15,22.01,-8.34,-1.96,-1,674838,14854187
ROTO,2020-10-12,24.49,24.49,22.51,23.49,1.57,0.35,-1,524942,12331711
ROTO,2020-10-11,23.21,23.21,20.65,22.28,17.82,3.51,-1,945218,21057222
ROTO,2020-10-07,20.46,20.46,18.11,19.7,5.91,1.1,-1,1925803,37944964
ROTO,2020-10-06,18.43,18.43,17,17.74,-0.28,-0.05,-1,1754080,31117916
ROTO,2020-10-05,17.84,17.84,16.07,17.25,6.35,1.03,-1,1930295,33294034
ROTO,2020-10-04,17,17,16,16.22,-2.11,-0.35,-1,418216,6785469.5
ROTO,2020-10-01,17.3,17.3,15.5,16.57,-0.67,-0.11,-1,609200,10091854
ROTO,2020-09-30,17.4,17.4,15.9,16.43,-6.1,-1.04,-1,839175,13786377
ROTO,2020-09-29,17.82,17.82,15.6,17.04,-1.9,-0.33,-1,1858471,31666046
ROTO,2020-09-28,18.13,18.13,16,17.33,-1.15,-0.19,-1,1204410,20868324
ROTO,2020-09-27,16.77,16.77,15,16.49,20.91,2.9,-1,362140,5971374
ROTO,2020-09-24,14.5,14.5,13.01,13.87,-1.39,-0.19,-1,371601,5154062.5
ROTO,2020-09-23,13.66,13.66,13.22,13.65,9.98,1.24,-1,588581,8034968.5
ROTO,2020-09-22,12.5,12.5,12.12,12.42,9.23,1.05,-1,159156,1976098
ROTO,2020-09-21,11.56,11.56,10.51,11.37,13,1.33,-1,919310,10451803
ROTO,2020-09-20,10.46,10.46,9.8,10.23,5.44,0.54,-1,285279,2919810.25
ROTO,2020-09-17,10.18,10.18,9.65,9.92,-2.98,-0.3,-1,61328,608360.94
ROTO,2020-09-16,10.3,10.3,9.6,10.07,-1.4,-0.14,-1,133836,1347934.38
ROTO,2020-09-15,10.25,10.25,9.77,9.99,2.37,0.23,-1,166782,1665343
ROTO,2020-09-14,10.11,10.11,9.5,9.72,-2.69,-0.27,-1,135168,1313726
ROTO,2020-09-13,10.4,10.4,9.77,10.03,2.35,0.23,-1,142718,1431532.13
ROTO,2020-09-10,10,10,9.7,9.8,1.34,0.13,-1,85849,841359.13
ROTO,2020-09-09,9.97,9.97,9.61,9.72,-0.51,-0.05,-1,41771,405931.22
ROTO,2020-09-08,10.25,10.25,9.5,9.84,-5.71,-0.59,-1,77875,766363.5
ROTO,2020-09-07,10.63,10.63,10.05,10.33,-1.34,-0.14,-1,69040,712907.81
ROTO,2020-09-06,10.9,10.9,10.25,10.48,-2.14,-0.23,-1,108747,1140174.88
ROTO,2020-09-03,11.27,11.27,10.4,10.73,-4.73,-0.53,-1,92686,994614.19
ROTO,2020-09-02,11.62,11.62,10.87,11.2,-4.81,-0.55,-1,169525,1898517.75
ROTO,2020-09-01,11.97,11.97,11,11.43,-1.65,-0.19,-1,225507,2578112.5
ROTO,2020-08-31,11.79,11.79,11,11.49,6.34,0.68,-1,407223,4677058
ROTO,2020-08-30,11.44,11.44,10.37,10.72,1.65,0.18,-1,70091,751530.19
ROTO,2020-08-27,11.39,11.39,10.32,10.91,-0.64,-0.07,-1,90237,984330.31
ROTO,2020-08-26,11.39,11.39,10.65,10.98,-2.75,-0.31,-1,45713,501837.56
ROTO,2020-08-25,11.58,11.58,11.02,11.29,-1.74,-0.2,-1,69238,781904.63
ROTO,2020-08-24,11.8,11.8,11.25,11.47,-4.73,-0.56,-1,167635,1922680.63
ROTO,2020-08-23,12.25,12.25,11.2,11.84,1.22,0.14,-1,139253,1648734
ROTO,2020-08-19,11.99,11.99,11.05,11.46,-1.05,-0.12,-1,122446,1403444.38
ROTO,2020-08-18,12,12,11.34,11.42,-9.93,-1.25,-1,193675,2212693.25
ROTO,2020-08-17,13.4,13.4,12.3,12.59,-9.96,-1.36,-1,107640,1354859.88
ROTO,2020-08-16,13.9,13.9,13.11,13.66,3.98,0.52,-1,3287789,44926876
ROTO,2020-08-13,13.4,13.4,12.9,13.07,-5.08,-0.7,-1,40169,524931.75
ROTO,2020-08-12,14.08,14.08,13.1,13.77,-1.37,-0.19,-1,250823,3452734.25
ROTO,2020-08-11,14.8,14.8,13.41,13.89,-1.21,-0.17,-1,187305,2602522.5
ROTO,2020-08-10,14.7,14.7,12.52,14.06,3.53,0.48,-1,738333,10379418
ROTO,2020-08-09,13.79,13.79,12.71,13.58,9.97,1.25,-1,283864,3855898
ROTO,2020-08-06,12.71,12.71,11.95,12.54,9.95,1.15,-1,337546,4232207.5
ROTO,2020-08-05,12.28,12.28,11.15,11.56,8.77,0.98,-1,864744,9993062
ROTO,2020-08-04,11.48,11.48,10.8,11.17,9.96,1.04,-1,322021,3598421.75
ROTO,2020-07-29,10.82,10.82,9.91,10.44,9.96,0.98,-1,462616,4829386.5
ROTO,2020-07-28,10.27,10.27,9.36,9.84,5.13,0.48,-1,378685,3724643.25
ROTO,2020-07-27,9.6,9.6,9.1,9.36,5.46,0.49,-1,207406,1941405.38
ROTO,2020-07-26,9.1,9.1,8.4,8.97,-0.33,-0.03,-1,76070,682235.38
ROTO,2020-07-22,9.3,9.3,8.63,9.12,4.88,0.43,-1,58500,533301.75
ROTO,2020-07-21,9.11,9.11,8.3,8.82,9.5,0.79,-1,174795,1541367.13
ROTO,2020-07-20,8.44,8.44,7.66,8.32,8.33,0.64,-1,100723,837900.69
ROTO,2020-07-19,7.95,7.95,7,7.68,9.96,0.72,-1,43503,334107
ROTO,2020-07-16,7.69,7.69,7.01,7.23,-2.98,-0.23,-1,43820,316914.09
ROTO,2020-07-15,8.3,8.3,7.46,7.73,-9.78,-0.81,-1,74959,579771.56
ROTO,2020-07-14,8.4,8.4,8.15,8.28,-1.07,-0.09,-1,18950,156947.91
ROTO,2020-07-13,8.85,8.85,8.21,8.4,-1.52,-0.13,-1,30400,255279.5
ROTO,2020-07-12,8.8,8.8,8.4,8.53,-0.23,-0.02,-1,96687,824745.92
ROTO,2020-07-09,9.01,9.01,8.25,8.55,-6.56,-0.6,-1,76310,652496.5
ROTO,2020-07-08,9.5,9.5,8.84,9.15,1.89,0.17,-1,115100,1053138
ROTO,2020-07-07,9.34,9.34,8.83,8.98,-4.42,-0.41,-1,111280,999450.38
ROTO,2020-07-06,9.5,9.5,9.01,9.27,2.43,0.22,-1,109628,1016518.75
ROTO,2020-07-05,9.2,9.2,8.93,9.05,1.8,0.16,-1,99732,902245.88
ROTO,2020-06-30,9.26,9.26,8.5,8.89,-2.2,-0.2,-1,70629,628020.56
ROTO,2020-06-29,9.48,9.48,8.82,9.09,-5.51,-0.53,-1,36040,327600.91
ROTO,2020-06-28,9.95,9.95,9.2,9.62,1.26,0.12,-1,36750,353445.63
ROTO,2020-06-25,9.9,9.9,9.15,9.5,3.49,0.32,-1,234535,2228593
ROTO,2020-06-24,9.24,9.24,8.9,9.18,9.29,0.78,-1,220719,2027282.63
ROTO,2020-06-23,8.81,8.81,7.9,8.4,4.87,0.39,-1,670567,5630921
ROTO,2020-06-22,8.16,8.16,7.8,8.01,-2.44,-0.2,-1,41699,334203.72
ROTO,2020-06-21,8.4,8.4,7.7,8.19,2.25,0.18,-1,114696,939046.31
ROTO,2020-06-18,8.29,8.29,7.94,8.01,-0.373,-0.03,-1,99540,796884.56
ROTO,2020-06-17,8.4,8.4,7.75,8.04,4.28,0.33,-1,302562,2433096.75
ROTO,2020-06-16,7.86,7.86,7.62,7.71,0.13,0.01,-1,54475,419782.75
ROTO,2020-06-15,7.9,7.9,7.53,7.7,-1.53,-0.12,-1,45552,350829.66
ROTO,2020-06-14,8,8,7.6,7.82,-3.3,-0.26,-1,34480,269528.59
ROTO,2020-06-11,8.14,8.14,7.7,7.87,-1.38,-0.11,-1,36415,286594.28
ROTO,2020-06-10,8.4,8.4,7.62,7.98,0.5,0.04,-1,180852,1443926.25
ROTO,2020-06-09,8.2,8.2,7.28,7.94,6.29,0.47,-1,562280,4464279
ROTO,2020-06-08,7.7,7.7,7.11,7.47,2.89,0.21,-1,225094,1681733.13
ROTO,2020-06-07,7.65,7.65,7,7.26,0.28,0.02,-1,176807,1283211.39
ROTO,2020-06-04,7.69,7.69,7,7.24,7.12,0.51,-1,254292,1840751.13
ROTO,2020-06-03,7.3,7.3,7.05,7.16,-0.42,-0.03,-1,87588,627428.81
ROTO,2020-06-02,7.36,7.36,7.1,7.19,1.84,0.13,-1,164450,1182399.63
ROTO,2020-06-01,7.39,7.39,6.56,7.06,-16,-1.35,-1,281082,1984802.88
ROTO,2020-05-31,8.59,8.59,8,8.44,5.37,0.43,-1,2467844,20823242
ROTO,2020-05-21,8.28,8.28,7.93,8.01,3.9,0.3,-1,148656,1190134.5
ROTO,2020-05-20,8.29,8.29,7.52,7.7,-0.645,-0.05,-1,222821,1714754.63
ROTO,2020-05-19,8.01,8.01,7.4,7.75,-3.13,-0.25,-1,74607,578413.13
ROTO,2020-05-18,8.11,8.11,7.87,8,-4.26,-0.35,-1,81062,648781.06
ROTO,2020-05-17,8.14,8.14,8.08,8.22,0,0,-1,3500,28402.56
ROTO,2020-05-14,8.16,8.16,8.13,8.22,0,0,-1,3500,28473.4
ROTO,2020-05-13,8.27,8.27,8.05,8.22,-4.2,-0.36,-1,5500,45229.6
ROTO,2020-05-12,8.6,8.6,8.41,8.58,0,0,-1,3347,28638.7
ROTO,2020-05-11,8.76,8.76,8.31,8.58,0.23,0.02,-1,8387,71925.87
ROTO,2020-05-10,9,9,8.39,8.56,-2.17,-0.19,-1,5363,45892.23
ROTO,2020-05-07,9.2,9.2,8.4,8.75,-2.886,-0.26,-1,18921,165509.34
ROTO,2020-05-06,9.19,9.19,8.88,9.01,5.63,0.48,-1,27685,249516.84
ROTO,2020-05-05,8.85,8.85,8.2,8.53,5.31,0.43,-1,17417,148598.7
ROTO,2020-05-03,8.55,8.55,8,8.1,-5.26,-0.45,-1,19671,159315.95
ROTO,2020-04-30,8.55,8.55,8.55,8.55,0,0,-1,50,427.5
ROTO,2020-04-29,8.62,8.62,8.5,8.55,-4.79,-0.43,-1,10500,89774.63
ROTO,2020-04-28,8.55,8.55,8.55,8.98,0,0,-1,1253,10713.15
ROTO,2020-04-27,8.61,8.61,8.52,8.98,0,0,-1,2900,24803
ROTO,2020-04-26,9,9,8.93,8.98,0.56,0.05,-1,8050,72251.5
ROTO,2020-04-23,8.99,8.99,8.78,8.93,5.06,0.43,-1,21000,187453.16
ROTO,2020-04-22,8.68,8.68,8.25,8.5,0.12,0.01,-1,4373,37155.62
ROTO,2020-04-21,8.25,8.25,8.25,8.49,0,0,-1,1350,11137.5
ROTO,2020-04-16,8.41,8.41,8.25,8.49,0,0,-1,2673,22282.4
ROTO,2020-04-15,8.6,8.6,8.23,8.49,-4.71,-0.42,-1,15993,135794.23
ROTO,2020-04-14,9,9,8.57,8.91,0.46,0.04,-1,27235,242597.16
ROTO,2020-04-13,8.7,8.7,8.5,8.61,-0.35,-0.03,-1,14135,121636.5
ROTO,2020-04-12,8.9,8.9,8.2,8.64,-4.636,-0.42,-1,18388,158924.27
ROTO,2020-04-09,9.46,9.46,8.9,9.06,5.35,0.46,-1,72255,654656.81
ROTO,2020-04-08,8.6,8.6,8.6,8.6,9.97,0.78,-1,5489,47205.4
ROTO,2020-04-07,7.82,7.82,7.82,7.82,9.99,0.71,-1,3850,30107
ROTO,2020-04-06,7.12,7.12,7.1,7.11,9.72,0.63,-1,6489,46110.9
ROTO,2020-03-31,6.42,6.42,6.2,6.48,0,0,-1,3716,23295.42
ROTO,2020-03-30,6.5,6.5,6.2,6.48,0,0,-1,1450,9275
ROTO,2020-03-29,6.44,6.44,6.06,6.48,0,0,-1,3200,20057
ROTO,2020-03-26,6.8,6.8,6.44,6.48,-9.37,-0.67,-1,11231,72824.8
ROTO,2020-03-25,7.3,7.3,7.01,7.15,7.52,0.5,-1,4800,34304
ROTO,2020-03-24,7.29,7.29,7.29,6.65,0,0,-1,650,4738.5
ROTO,2020-03-23,7.3,7.3,7.3,6.65,0,0,-1,300,2190
ROTO,2020-03-22,6.7,6.7,6.63,6.65,-9.65,-0.71,-1,8000,53204
ROTO,2020-03-19,7.37,7.37,7.36,7.36,-9.69,-0.79,-1,4500,33125
ROTO,2020-03-18,8.16,8.16,8.15,8.15,-9.94,-0.9,-1,4020,32778.2
ROTO,2020-03-17,8.15,8.15,8.15,9.05,0,0,-1,1380,11247
ROTO,2020-03-11,9.08,9.08,8.89,9.05,9.56,0.79,-1,27033,244571.66
ROTO,2020-03-10,8.5,8.5,8,8.26,-0.24,-0.02,-1,16222,133924.59
ROTO,2020-03-09,8.5,8.5,8.5,8.5,-5.56,-0.5,-1,5000,42500
ROTO,2020-03-08,9,9,8.61,9,0,0,-1,2558,22366.88
ROTO,2020-03-05,9,9,9,9,-0.22,-0.02,-1,6000,54000
ROTO,2020-03-04,8.7,8.7,8.68,9.02,0,0,-1,775,6737
ROTO,2020-03-03,8.67,8.67,8.67,9.02,0,0,-1,1000,8670
ROTO,2020-03-02,9.99,9.99,8.67,9.02,-6.33,-0.61,-1,8240,74306.45
ROTO,2020-03-01,9.48,9.48,8.7,9.63,0,0,-1,1580,13861.2
ROTO,2020-02-27,9.99,9.99,9.5,9.63,1.37,0.13,-1,9500,91440
ROTO,2020-02-26,9.5,9.5,9.3,9.5,0,0,-1,1778,16881
ROTO,2020-02-25,9.5,9.5,9.5,9.5,0,0,-1,3450,32775
ROTO,2020-02-24,9.5,9.5,9.5,9.5,1.93,0.18,-1,4000,38000
ROTO,2020-02-23,10.17,10.17,9.31,9.32,-0.11,-0.01,-1,365,3517.55
ROTO,2020-02-18,9.4,9.4,9.3,9.32,-6.8,-0.68,-1,6500,60550
ROTO,2020-02-17,9.8,9.8,9.5,10,0,0,-1,155,1517.2
ROTO,2020-02-16,10.01,10.01,10,10,-0.99,-0.1,-1,11728,117285.94
ROTO,2020-02-13,10.3,10.3,9.7,10.1,4.12,0.4,-1,44189,446279.81
ROTO,2020-02-12,9.84,9.84,9.6,9.7,0.94,0.09,-1,8178,79324.45
ROTO,2020-02-11,9.7,9.7,9.6,9.61,1.158,0.11,-1,13200,126907.3
ROTO,2020-02-09,9.6,9.6,9.49,9.5,5.56,0.5,-1,7316,69519
ROTO,2020-02-06,9.04,9.04,9,9,-0.22,-0.02,-1,34917,314335
ROTO,2020-02-05,9,9,9,9.02,0,0,-1,2177,19593
ROTO,2020-02-04,9.02,9.02,9,9.02,0,0,-1,3000,27037.42
ROTO,2020-02-03,9.15,9.15,9,9.02,0.11,0.01,-1,7090,63960
ROTO,2020-02-02,9.02,9.02,9,9.01,0,0,-1,3300,29720
ROTO,2020-01-30,9,9,9,9.01,0,0,-1,1000,9000
ROTO,2020-01-29,9.03,9.03,9,9.01,0.11,0.01,-1,10675,96191
ROTO,2020-01-27,9,9,9,9,0,0,-1,4085,36765
ROTO,2020-01-26,9,9,9,9,0,0,-1,4000,36000
ROTO,2020-01-23,9,9,9,9,0,0,-1,6000,54000
ROTO,2020-01-22,9,9,9,9,0,0,-1,3564,32076
ROTO,2020-01-21,9,9,9,9,0,0,-1,5000,45000
ROTO,2020-01-20,9,9,9,9,-0.11,-0.01,-1,7000,63000
ROTO,2020-01-19,9.06,9.06,9,9.01,0.11,0.01,-1,9000,81110
ROTO,2020-01-16,9.2,9.2,9.18,9,0,0,-1,1000,9190.8
ROTO,2020-01-15,9.17,9.17,9,9,0,0,-1,37548,338102
ROTO,2020-01-14,9,9,9,9,-0.11,-0.01,-1,5000,45000
ROTO,2020-01-13,9.2,9.2,9,9.01,0,0,-1,4200,37840
ROTO,2020-01-12,9.2,9.2,8.99,9.01,7.26,0.61,-1,4300,38756.5
ROTO,2020-01-09,9,9,8.9,8.4,0,0,-1,650,5835
ROTO,2020-01-05,8.5,8.5,8.23,8.4,-8.1,-0.74,-1,6059,50873.73
ROTO,2019-12-30,8.5,8.5,8.27,9.14,0,0,-1,1260,10636.2
ROTO,2019-12-29,9,9,9,9.14,0,0,-1,200,1800
ROTO,2019-12-26,9.15,9.15,9,9.14,0,0,-1,3079,27806.85
ROTO,2019-12-22,9,9,9,9.14,0,0,-1,500,4500
ROTO,2019-12-19,9.25,9.25,9,9.14,-0.11,-0.01,-1,10000,91376.4
ROTO,2019-12-16,8.51,8.51,8.51,9.01,0,0,-1,100,851
ROTO,2019-12-15,9.03,9.03,9,9.01,0.11,0.01,-1,14000,126085
ROTO,2019-12-12,9,9,9,9,-0.99,-0.09,-1,12820,115380
ROTO,2019-12-11,9.2,9.2,9,9.09,0.78,0.07,-1,6070,55162
ROTO,2019-12-10,9.6,9.6,9.2,9.02,0,0,-1,1800,17120
ROTO,2019-12-08,9.02,9.02,9,9.02,-0.22,-0.02,-1,39047,352193.94
ROTO,2019-12-04,9.05,9.05,9,9.02,-0.44,-0.04,-1,32180,290117.59
ROTO,2019-12-03,9,9,9,9.06,0,0,-1,1995,17955
ROTO,2019-12-02,9.2,9.2,8.85,9.06,-1.31,-0.12,-1,15459,140005.16
ROTO,2019-12-01,9.33,9.33,9.25,9.18,0.76,0.07,-1,2565,23837.37
ROTO,2019-11-28,9.16,9.16,9.16,9.18,-0.22,-0.02,-1,90,824.4
ROTO,2019-11-27,9.2,9.2,9.16,9.18,-6.61,-0.65,-1,3451,31696.2
ROTO,2019-11-26,9.5,9.5,9.5,9.83,0,0,-1,500,4750
ROTO,2019-11-25,9.33,9.33,9.16,9.83,0,0,-1,500,4635.5
ROTO,2019-11-24,10.24,10.24,9.12,9.83,-1.01,-0.1,-1,8610,84621
ROTO,2019-11-18,9.99,9.99,9.6,9.93,0,0,-1,2749,27007.79
ROTO,2019-11-14,9.9,9.9,9.9,9.93,0,0,-1,2300,22770
ROTO,2019-11-13,10.15,10.15,9.7,9.93,0,0,-1,700,7017.25
ROTO,2019-11-12,10,10,9.9,9.93,-1.78,-0.18,-1,4000,39705
ROTO,2019-11-11,10.45,10.45,9.35,10.11,5.09,0.49,-1,26120,264026.31
ROTO,2019-11-07,9.88,9.88,9.53,9.62,-0.94,-0.09,-1,2060,19958.8
ROTO,2019-11-06,9.5,9.5,9.48,9.62,0,0,-1,2075,19681
ROTO,2019-11-05,9.96,9.96,9.5,9.62,-3.12,-0.31,-1,21108,203098.83
ROTO,2019-11-04,10.29,10.29,9.7,9.93,-1.78,-0.18,-1,20485,203477.95
ROTO,2019-11-03,10.4,10.4,9.99,10.11,-1.94,-0.2,-1,31791,321334.09
ROTO,2019-10-31,10.5,10.5,10,10.31,3.41,0.34,-1,58365,601498.94
ROTO,2019-10-30,10.38,10.38,9.87,9.97,-0.99,-0.1,-1,7750,77265.5
ROTO,2019-10-29,10.38,10.38,9.83,10.07,-1.08,-0.11,-1,6400,64458
ROTO,2019-10-28,10.44,10.44,10.1,10.18,-0.68,-0.07,-1,18325,186629.55
ROTO,2019-10-27,10.47,10.47,10.06,10.25,2.71,0.27,-1,40470,414812.47
ROTO,2019-10-24,10.23,10.23,9.5,9.98,3.63,0.35,-1,86550,863487.63
ROTO,2019-10-23,9.8,9.8,9.3,9.63,2.23,0.21,-1,28196,271650
ROTO,2019-10-22,9.74,9.74,9.05,9.42,2.84,0.26,-1,38966,367095.22
ROTO,2019-10-21,9.45,9.45,8.9,9.16,2.69,0.24,-1,20380,186651.05
ROTO,2019-10-20,9.24,9.24,8.7,8.92,5.31,0.45,-1,16649,148460.08
ROTO,2019-10-17,8.85,8.85,8.22,8.47,3.04,0.25,-1,6761,57256.93
ROTO,2019-10-16,8.65,8.65,8.63,8.22,0,0,-1,1000,8642
ROTO,2019-10-15,8.07,8.07,7.96,8.22,0,0,-1,1320,10540.7
ROTO,2019-10-13,8.3,8.3,8.2,8.22,-0.48,-0.04,-1,5000,41100
ROTO,2019-10-10,8.3,8.3,8.26,8.26,0,0,-1,2943,24404.5
ROTO,2019-10-09,8.3,8.3,8.22,8.26,-2.94,-0.25,-1,4000,33039.5
ROTO,2019-10-08,8.52,8.52,8.5,8.51,1.43,0.12,-1,4075,34664.25
ROTO,2019-10-07,8.61,8.61,8.6,8.39,0,0,-1,2800,24088
ROTO,2019-10-03,8.6,8.6,8.05,8.39,-1.29,-0.11,-1,5100,42779
ROTO,2019-10-02,8.6,8.6,8.36,8.5,-0.23,-0.02,-1,4705,39996.75
ROTO,2019-10-01,8.58,8.58,8.41,8.52,-2.74,-0.24,-1,5450,46435
ROTO,2019-09-30,8.52,8.52,8.5,8.76,0,0,-1,2897,24660.5
ROTO,2019-09-29,9,9,8.5,8.76,2.7,0.23,-1,9510,83269.15
ROTO,2019-09-26,8.87,8.87,8,8.53,1.73,0.14,-1,6987,59615.84
ROTO,2019-09-25,8.18,8.18,7.9,8.08,8.6,0.64,-1,4770,38519.8
ROTO,2019-09-24,7.85,7.85,7.21,7.44,-7.12,-0.57,-1,15115,112394.35
ROTO,2019-09-23,8.11,8.11,7.81,8.01,-4.76,-0.4,-1,9513,76158.99
ROTO,2019-09-22,8.6,8.6,8.37,8.41,-9.47,-0.88,-1,18615,156476.75
ROTO,2019-09-19,9.5,9.5,8.6,9.29,1.75,0.16,-1,14165,131594.3
ROTO,2019-09-18,9.47,9.47,9,9.13,-5.68,-0.55,-1,52769,481542.56
ROTO,2019-09-17,10.5,10.5,9.54,9.68,-8.68,-0.92,-1,42579,412339.38
ROTO,2019-09-16,10.8,10.8,10.15,10.6,-0.75,-0.08,-1,35699,378522.88
ROTO,2019-09-15,10.99,10.99,10.05,10.68,3.69,0.38,-1,64052,684037.63
ROTO,2019-09-12,10.39,10.39,10,10.3,3.31,0.33,-1,28155,289970.03
ROTO,2019-09-11,10.35,10.35,9.77,9.97,-0.993,-0.1,-1,6682,66651.74
ROTO,2019-09-10,10.3,10.3,10,10.07,-0.2,-0.02,-1,5866,59045
ROTO,2019-09-09,10.25,10.25,10,10.09,1.1,0.11,-1,64045,646244.44
ROTO,2019-09-08,10.13,10.13,9.72,9.98,2.25,0.22,-1,58784,586621.88
ROTO,2019-09-05,10,10,9.3,9.76,4.5,0.42,-1,72101,703349.63
ROTO,2019-09-04,9.48,9.48,9,9.34,6.38,0.56,-1,39266,366903.38
ROTO,2019-09-03,8.84,8.84,8.16,8.78,9.2,0.74,-1,131188,1151701.63
ROTO,2019-09-02,8.18,8.18,8,8.04,-1.59,-0.13,-1,8246,66301
ROTO,2019-09-01,8.44,8.44,7.9,8.17,3.29,0.26,-1,20592,168189.73
ROTO,2019-08-29,8.15,8.15,7.5,7.91,1.8,0.14,-1,4800,37990
ROTO,2019-08-28,7.78,7.78,7.7,7.77,9.75,0.69,-1,36570,284245.44
ROTO,2019-08-27,7.3,7.3,7.17,7.08,0,0,-1,4000,29167.76
ROTO,2019-08-26,7.5,7.5,7.15,7.08,0,0,-1,1000,7412.5
ROTO,2019-08-25,7.37,7.37,7.1,7.08,0,0,-1,3500,25179.98
ROTO,2019-08-21,7.06,7.06,7.05,7.08,0,0,-1,2575,18165.25
ROTO,2019-08-20,7.5,7.5,7.17,7.08,0,0,-1,950,6871.5
ROTO,2019-08-19,7.43,7.43,7.02,7.08,0,0,-1,3315,23380.5
ROTO,2019-08-18,7.35,7.35,7.07,7.08,0,0,-1,3060,21680.24
ROTO,2019-08-15,7.01,7.01,7.01,7.08,0,0,-1,21,147.21
ROTO,2019-08-14,7.25,7.25,7.25,7.08,0,0,-1,2000,14500
ROTO,2019-08-08,7.39,7.39,7,7.08,-2.34,-0.17,-1,26220,185599.41
ROTO,2019-08-07,7.25,7.25,7.25,7.25,2.55,0.18,-1,7866,57028.5
ROTO,2019-08-06,7.19,7.19,6.99,7.07,0,0,-1,2200,15738
ROTO,2019-08-05,7.39,7.39,7.39,7.07,0,0,-1,99,731.61
ROTO,2019-08-04,7.28,7.28,7.28,7.07,0,0,-1,100,728
ROTO,2019-08-01,7.15,7.15,6.99,7.07,-0.14,-0.01,-1,5211,36858.65
ROTO,2019-07-30,7,7,7,7.08,0,0,-1,1000,7000
ROTO,2019-07-25,6.51,6.51,6.51,7.08,0,0,-1,1000,6510
ROTO,2019-07-24,7.47,7.47,6.6,7.08,5.51,0.39,-1,31,213.3
ROTO,2019-07-22,6.7,6.7,6.55,7.08,0,0,-1,1321,8802.55
ROTO,2019-07-16,7,7,7,7.08,0,0,-1,1321,9247
ROTO,2019-07-14,7.49,7.49,7,7.08,0,0,-1,2200,15451.45
ROTO,2019-07-11,7,7,7,7.08,0,0,-1,2500,17500
ROTO,2019-07-10,7.08,7.08,7.06,7.08,-4.07,-0.3,-1,5010,35446.6
ROTO,2019-07-09,7.41,7.41,7.3,7.38,-3.53,-0.27,-1,6000,44284.45
ROTO,2019-07-08,7.12,7.12,7.12,7.65,0,0,-1,2664,18967.68
ROTO,2019-06-23,7.8,7.8,7.8,7.65,0,0,-1,1500,11700
ROTO,2019-06-19,7.9,7.9,7.75,7.65,0,0,-1,2000,15650
ROTO,2019-06-13,7.8,7.8,7.8,7.65,0,0,-1,1500,11700
ROTO,2019-06-12,7.9,7.9,7.6,7.65,2.14,0.16,-1,6125,46857.27
ROTO,2019-06-11,7.61,7.61,7.41,7.49,-6.63,-0.54,-1,4600,34460
ROTO,2019-06-10,8,8,8,8.15,0,0,-1,450,3600
ROTO,2019-05-30,7.4,7.4,7.4,8.15,0,0,-1,1000,7400
ROTO,2019-05-26,8,8,7.35,8.15,0,0,-1,101,807.35
ROTO,2019-05-16,7.4,7.4,7.4,8.15,0,0,-1,811,6001.4
ROTO,2019-05-15,7.34,7.34,7.34,8.15,0,0,-1,500,3670
ROTO,2019-05-13,7.55,7.55,7.55,8.15,0,0,-1,311,2348.05
ROTO,2019-05-09,8,8,8,8.15,0,0,-1,2100,16800
ROTO,2019-05-08,8.42,8.42,7.5,8.15,1.12,0.09,-1,5800,47260.75
ROTO,2019-05-07,8.45,8.45,8.45,8.06,0,0,-1,1200,10140
ROTO,2019-05-06,8.5,8.5,8.5,8.06,0,0,-1,1,8.5
ROTO,2019-05-05,7.33,7.33,7.33,8.06,0,0,-1,250,1832.5
ROTO,2019-04-30,8,8,7.5,8.06,0,0,-1,1055,8412.5
ROTO,2019-04-24,7.5,7.5,7.5,8.06,0,0,-1,250,1875
ROTO,2019-04-22,8.19,8.19,8.19,8.06,0,0,-1,120,982.8
ROTO,2019-04-21,8.07,8.07,8,8.06,-0.37,-0.03,-1,3700,29790.4
ROTO,2019-04-18,8.23,8.23,8.05,8.06,0,0,-1,3340,27023.2
ROTO,2019-04-17,8.07,8.07,8.06,8.06,-0.86,-0.07,-1,4374,35269.44
ROTO,2019-04-14,8.16,8.16,8.06,8.13,-0.86,-0.07,-1,935,7623.5
ROTO,2019-04-10,8.16,8.16,8.15,8.13,0,0,-1,1700,13863
ROTO,2019-04-09,8.13,8.13,8.1,8.13,0,0,-1,475,3859.5
ROTO,2019-04-08,8.2,8.2,8.1,8.13,-1.45,-0.12,-1,5080,41313.6
ROTO,2019-04-07,8.25,8.25,8.1,8.25,0,0,-1,2500,20450
ROTO,2019-04-04,8.5,8.5,8.2,8.25,0,0,-1,1125,9412.5
ROTO,2019-04-03,8.25,8.25,8.15,8.25,0,0,-1,1830,15014.5
ROTO,2019-04-02,8.26,8.26,8.25,8.25,0,0,-1,700,5776.27
ROTO,2019-04-01,8.25,8.25,8.25,8.25,0,0,-1,1000,8250
ROTO,2019-03-31,8.3,8.3,8.2,8.25,-3.62,-0.31,-1,7500,61840
ROTO,2019-03-28,8.2,8.2,8.17,8.56,0,0,-1,1900,15550
ROTO,2019-03-27,8.4,8.4,8.15,8.56,0,0,-1,2500,20644.5
ROTO,2019-03-26,8.33,8.33,8.3,8.56,0,0,-1,500,4154.92
ROTO,2019-03-25,8.33,8.33,8.33,8.56,0,0,-1,630,5247.9
ROTO,2019-03-24,8.5,8.5,8.5,8.56,0,0,-1,700,5950
ROTO,2019-03-21,8.7,8.7,8.5,8.56,-0.12,-0.01,-1,3618,30970.61
ROTO,2019-03-20,8.79,8.79,8.11,8.57,0,0,-1,4175,35770.98
ROTO,2019-03-18,8.5,8.5,8.5,8.5,-0.58,-0.05,-1,4030,34255
ROTO,2019-03-17,8.55,8.55,8.55,8.55,-0.23,-0.02,-1,4000,34200
ROTO,2019-03-14,8.63,8.63,8.47,8.57,-0.7,-0.06,-1,5000,42842.1
ROTO,2019-03-13,8.64,8.64,8.62,8.63,-0.46,-0.04,-1,4040,34882.2
ROTO,2019-03-12,8.79,8.79,8.6,8.67,0,0,-1,2582,22310.6
ROTO,2019-03-11,8.89,8.89,8.6,8.67,0,0,-1,2818,24468.84
ROTO,2019-03-07,8.7,8.7,8.65,8.67,-0.23,-0.02,-1,3589,31104.85
ROTO,2019-03-06,8.72,8.72,8.66,8.69,0,0,-1,1900,16514
ROTO,2019-03-05,8.99,8.99,8.98,8.69,0,0,-1,500,4494
ROTO,2019-03-04,8.66,8.66,8.66,8.69,0,0,-1,800,6928
ROTO,2019-03-03,8.71,8.71,8.65,8.69,-1.59,-0.14,-1,4700,40850
ROTO,2019-02-28,9.08,9.08,8.71,8.83,-3.18,-0.29,-1,24830,219143.84
ROTO,2019-02-27,9.17,9.17,9.1,9.12,-0.98,-0.09,-1,4150,37861
ROTO,2019-02-26,9.25,9.25,9.2,9.21,0,0,-1,3950,36391.5
ROTO,2019-02-25,9.47,9.47,9.02,9.21,0.22,0.02,-1,9757,89899.26
ROTO,2019-02-24,9.23,9.23,9.14,9.19,-2.23,-0.21,-1,6500,59703.27
ROTO,2019-02-21,9.46,9.46,9.26,9.4,1.4,0.13,-1,11790,110831.6
ROTO,2019-02-20,9.31,9.31,9.23,9.27,-0.11,-0.01,-1,13795,127943.85
ROTO,2019-02-19,9.32,9.32,9.2,9.28,-1.28,-0.12,-1,9350,86726.86
ROTO,2019-02-18,9.58,9.58,9.31,9.4,-2.388,-0.23,-1,15278,143543.11
ROTO,2019-02-17,9.85,9.85,9.35,9.63,2.91,0.27,-1,23623,227576.5
ROTO,2019-02-14,9.48,9.48,9.21,9.27,-1.28,-0.12,-1,14954,138682.56
ROTO,2019-02-13,9.52,9.52,9.24,9.39,-0.42,-0.04,-1,11000,103244.32
ROTO,2019-02-12,9.5,9.5,9.2,9.43,1.51,0.14,-1,3236,30499.95
ROTO,2019-02-11,9.7,9.7,9.16,9.29,-0.75,-0.07,-1,27275,253271.31
ROTO,2019-02-10,9.5,9.5,9.29,9.36,-1.27,-0.12,-1,10431,97584.86
ROTO,2019-02-07,9.85,9.85,9.37,9.48,-1.35,-0.13,-1,40543,384274.84
ROTO,2019-02-06,9.98,9.98,9.35,9.61,1.69,0.16,-1,14700,141259.78
ROTO,2019-02-05,9.89,9.89,9.38,9.45,-2.17,-0.21,-1,26792,253260.33
ROTO,2019-02-04,10.5,10.5,9.41,9.66,-5.48,-0.56,-1,69552,671627.56
ROTO,2019-02-03,11,11,9.68,10.22,-4.04,-0.43,-1,42399,433243.97
ROTO,2019-01-31,10.92,10.92,10.42,10.65,3.5,0.36,-1,30346,323227.16
ROTO,2019-01-30,10.5,10.5,10,10.29,1.08,0.11,-1,55467,570754.06
ROTO,2019-01-29,10.38,10.38,9.55,10.18,7.84,0.74,-1,72126,734223.19
ROTO,2019-01-28,9.55,9.55,9.13,9.44,1.71,0.16,-1,16840,158999.45
ROTO,2019-01-27,9.5,9.5,9.01,9.37,6.33,0.56,-1,6320,59246.93
ROTO,2019-01-23,9.38,9.38,8.6,8.84,-2.428,-0.22,-1,4349,38461.4
ROTO,2019-01-22,9.47,9.47,9,9.06,-2.998,-0.28,-1,9432,85429.93
ROTO,2019-01-21,9.45,9.45,9.1,9.34,0.11,0.01,-1,6500,60725.5
ROTO,2019-01-20,9.5,9.5,9.1,9.33,2.3,0.21,-1,7545,70388.17
ROTO,2019-01-17,9.35,9.35,9,9.12,0.88,0.08,-1,18660,170218.3
ROTO,2019-01-16,9.29,9.29,8.95,9.04,2.49,0.22,-1,16274,147091.63
ROTO,2019-01-15,8.96,8.96,8.4,8.82,7.04,0.58,-1,17700,156098.08
ROTO,2019-01-14,8.4,8.4,8,8.24,0.24,0.02,-1,23798,196082.91
ROTO,2019-01-13,8.25,8.25,8.17,8.22,-7.22,-0.64,-1,4000,32871
ROTO,2019-01-09,8.97,8.97,8.8,8.86,6.49,0.54,-1,4679,41434.73
ROTO,2019-01-06,8.5,8.5,8.3,8.32,0,0,-1,1400,11860
ROTO,2019-01-03,8.35,8.35,8.28,8.32,-6.09,-0.54,-1,4900,40756
ROTO,2019-01-02,8.95,8.95,8.15,8.86,3.99,0.34,-1,6251,55363.96
ROTO,2018-12-31,8.89,8.89,8.62,8.52,0,0,-1,2570,22390.77
ROTO,2018-12-26,8.62,8.62,8.5,8.52,4.54,0.37,-1,10940,93234
ROTO,2018-12-25,8.27,8.27,8.11,8.15,-4.57,-0.39,-1,14001,114108.36
ROTO,2018-12-24,8.8,8.8,8.3,8.54,0,0,-1,2000,17100
ROTO,2018-12-23,8.6,8.6,8.5,8.54,-5.01,-0.45,-1,4567,39019.5
ROTO,2018-12-19,8.5,8.5,8.21,8.99,0,0,-1,2755,23074.34
ROTO,2018-12-18,8.51,8.51,8.51,8.99,0,0,-1,800,6808
ROTO,2018-12-17,9,9,8.99,8.99,0,0,-1,3000,26990
ROTO,2018-12-16,9,9,8.95,8.99,3.33,0.29,-1,7050,63378.4
ROTO,2018-12-13,9,9,8.51,8.7,-3.33,-0.3,-1,19220,167233.7
ROTO,2018-12-09,8.17,8.17,8.17,9,-9.22,-0.83,-1,1000,8170
ROTO,2018-12-06,8.95,8.95,8.95,9,0,0,-1,251,2246.45
ROTO,2018-12-04,8.5,8.5,8.5,9,-5.56,-0.5,-1,749,6366.5
ROTO,2018-12-03,8.75,8.75,8.17,9,0,0,-1,3013,25463.76
ROTO,2018-11-29,9.01,9.01,9,9,0,0,-1,7648,68842
ROTO,2018-11-28,9,9,9,9,0,0,-1,1490,13410
ROTO,2018-11-27,9,9,9,9,-0.55,-0.05,-1,4150,37350
ROTO,2018-11-22,9.01,9.01,9,9.05,0,0,-1,2383,21462
ROTO,2018-11-21,9.49,9.49,9,9.05,0,0,-1,1670,15054.5
ROTO,2018-11-19,9,9,9,9.05,0,0,-1,1000,9000
ROTO,2018-11-18,9,9,9,9.05,0,0,-1,900,8100
ROTO,2018-11-15,9,9,8.7,9.05,0,0,-1,2425,21387.5
ROTO,2018-11-14,9.07,9.07,9.07,9.05,0,0,-1,300,2721
ROTO,2018-11-11,9.11,9.11,9,9.05,-5.24,-0.5,-1,5215,47217.5
ROTO,2018-11-08,9.23,9.23,9.22,9.55,0,0,-1,1991,18363.02
ROTO,2018-11-07,9.71,9.71,9,9.55,5.06,0.46,-1,31017,296322.25
ROTO,2018-11-06,9.25,9.25,9.01,9.09,0,0,-1,1750,15832.5
ROTO,2018-11-05,9.35,9.35,9.35,9.09,0,0,-1,250,2337.5
ROTO,2018-11-04,9.2,9.2,9,9.09,-0.44,-0.04,-1,6906,62768.52
ROTO,2018-11-01,9.49,9.49,9,9.13,1.33,0.12,-1,11770,107410.2
ROTO,2018-10-31,9.2,9.2,9,9.01,0.11,0.01,-1,23950,215863
ROTO,2018-10-30,9.01,9.01,8.95,9,0.33,0.03,-1,21773,195867
ROTO,2018-10-29,9,9,8.58,8.97,2.87,0.25,-1,3550,31845
ROTO,2018-10-28,8.55,8.55,8.5,8.72,0,0,-1,3000,25620
ROTO,2018-10-24,8.4,8.4,8.4,8.72,0,0,-1,2500,21000
ROTO,2018-10-23,9,9,8.5,8.72,-4.595,-0.42,-1,9972,86979.5
ROTO,2018-10-22,9.45,9.45,9,9.14,0.22,0.02,-1,5200,47547
ROTO,2018-10-21,8.41,8.41,8.41,9.12,0,0,-1,22,185.02
ROTO,2018-10-18,9.34,9.34,8.58,9.12,2.472,0.22,-1,18621,169838.55
ROTO,2018-10-17,9.05,9.05,8.5,8.9,0,0,-1,14097,125506.25
ROTO,2018-10-16,8.97,8.97,8.85,8.9,9.07,0.74,-1,3583,31889.95
ROTO,2018-10-15,8.5,8.5,7.9,8.16,0,0,-1,2130,17977
ROTO,2018-10-14,8.88,8.88,8,8.16,0,0,-1,3880,31655.5
ROTO,2018-10-11,8.6,8.6,8.11,8.16,-1.92,-0.16,-1,3769,30748.76
ROTO,2018-10-10,8.7,8.7,8.2,8.32,-7.66,-0.69,-1,11000,91482.48
ROTO,2018-10-09,9.03,9.03,9.01,9.01,-4.56,-0.43,-1,8813,79425.76
ROTO,2018-10-08,10.1,10.1,9,9.44,-2.61,-0.26,-1,21547,203411.3
ROTO,2018-10-04,10,10,9.88,9.96,0.3,0.03,-1,4056,40406
ROTO,2018-10-03,10.1,10.1,9.7,9.93,1.85,0.18,-1,15612,155097.84
ROTO,2018-10-02,9.87,9.87,9,9.75,6.67,0.61,-1,35100,342310.25
ROTO,2018-10-01,9.39,9.39,9,9.14,1.67,0.15,-1,6500,59440
ROTO,2018-09-30,9.45,9.45,8.4,8.99,4.05,0.35,-1,17141,154083.2
ROTO,2018-09-27,8.9,8.9,8.11,8.64,4.98,0.41,-1,25680,221827.22
ROTO,2018-09-26,8.5,8.5,8.1,8.23,-8.45,-0.76,-1,19139,157535.11
ROTO,2018-09-25,8.89,8.89,8.18,8.99,0,0,-1,3060,25093.4
ROTO,2018-09-24,8.5,8.5,8.15,8.99,0,0,-1,3000,25091.99
ROTO,2018-09-23,8.19,8.19,8.15,8.99,0,0,-1,1050,8559.5
ROTO,2018-09-20,8.11,8.11,8.1,8.99,0,0,-1,2200,17829
ROTO,2018-09-19,9,9,8.1,8.99,0,0,-1,1300,11427.11
ROTO,2018-09-18,9,9,9,8.99,0,0,-1,1000,9000
ROTO,2018-09-17,9,9,8.94,8.99,-0.11,-0.01,-1,4193,37677
ROTO,2018-09-16,9.1,9.1,8.95,9,-9.37,-0.93,-1,33400,300644.78
ROTO,2018-09-13,9,9,9,9.93,0,0,-1,61,549
ROTO,2018-09-12,9.27,9.27,9,9.93,0,0,-1,2500,23010
ROTO,2018-09-10,10.05,10.05,10.05,9.93,0,0,-1,650,6532.5
ROTO,2018-09-09,10.2,10.2,9.51,9.93,4.31,0.41,-1,27191,269986
ROTO,2018-09-06,9.55,9.55,9.25,9.52,3.48,0.32,-1,13700,130449.12
ROTO,2018-09-05,9.18,9.18,9.18,9.2,0,0,-1,1000,9180
ROTO,2018-09-04,9.21,9.21,9.18,9.2,-6.42,-0.63,-1,4000,36787
ROTO,2018-09-02,9.66,9.66,9.21,9.81,0,0,-1,2650,25107
ROTO,2018-08-30,9.76,9.76,9.66,9.81,0,0,-1,2015,19615.4
ROTO,2018-08-29,9.99,9.99,9.7,9.81,0,0,-1,2295,22331.5
ROTO,2018-08-28,9.94,9.94,9.66,9.81,-0.51,-0.05,-1,13200,129530
ROTO,2018-08-27,10.22,10.22,9.4,9.86,4.12,0.39,-1,32940,324701.16
ROTO,2018-08-26,9.59,9.59,9.24,9.47,-0.32,-0.03,-1,7006,66353.69
ROTO,2018-08-19,9,9,8.71,9.5,0,0,-1,850,7534
ROTO,2018-08-16,8.9,8.9,8.83,9.5,0,0,-1,1651,14608.48
ROTO,2018-08-13,9.5,9.5,9.5,9.5,-1.35,-0.13,-1,5000,47500
ROTO,2018-08-09,9.75,9.75,9.25,9.63,6.53,0.59,-1,5450,52492.84
ROTO,2018-08-08,9.14,9.14,8.28,9.04,0,0,-1,2365,21082.88
ROTO,2018-08-07,9,9,8.74,9.04,0,0,-1,550,4820
ROTO,2018-08-06,8.8,8.8,8.72,9.04,0,0,-1,3011,26415.92
ROTO,2018-08-05,9.35,9.35,8.72,9.04,0,0,-1,943,8254.46
ROTO,2018-08-02,8.71,8.71,8.71,9.04,0,0,-1,707,6157.97
ROTO,2018-08-01,9.2,9.2,8.6,9.04,0.11,0.01,-1,5650,51064.9
ROTO,2018-07-31,8.71,8.71,8.71,9.03,0,0,-1,1250,10887.5
ROTO,2018-07-30,8.96,8.96,8.65,9.03,0,0,-1,1080,9521.8
ROTO,2018-07-29,9.76,9.76,8.5,9.03,0,0,-1,2240,20051.01
ROTO,2018-07-26,9,9,9,9.03,0,0,-1,100,900
ROTO,2018-07-25,9,9,8.41,9.03,-0.33,-0.03,-1,2000,17416
ROTO,2018-07-24,9,9,8.81,9.03,0,0,-1,3200,28612.61
ROTO,2018-07-22,8.77,8.77,8.76,9.03,-2.99,-0.27,-1,2000,17530
ROTO,2018-07-18,9.23,9.23,8.81,9.03,-2.17,-0.2,-1,12291,110994.69
ROTO,2018-07-17,9.3,9.3,9,9.23,-0.75,-0.07,-1,7030,64891.3
ROTO,2018-07-16,9.7,9.7,9.27,9.3,-3.43,-0.33,-1,4350,40446.4
ROTO,2018-07-15,9.75,9.75,9.37,9.63,-3.99,-0.4,-1,10530,101443.3
ROTO,2018-07-12,10.05,10.05,9.9,10.03,-3.56,-0.37,-1,9600,96306.8
ROTO,2018-07-11,10.4,10.4,10.4,10.4,1.27,0.13,-1,4435,46124
ROTO,2018-07-10,10.55,10.55,10.01,10.27,2.7,0.27,-1,23250,238856.14
ROTO,2018-07-09,10,10,10,10,2.35,0.23,-1,3300,33000
ROTO,2018-07-08,10.01,10.01,9.7,9.77,-3.65,-0.37,-1,6625,64717.95
ROTO,2018-07-05,10.48,10.48,10.06,10.14,0,0,-1,7675,77807.08
ROTO,2018-07-04,10.16,10.16,10.1,10.14,-1.84,-0.19,-1,8600,87164.5
ROTO,2018-07-03,10.35,10.35,10.2,10.33,0,0,-1,2315,23697.62
ROTO,2018-07-02,10.55,10.55,10.13,10.33,-0.67,-0.07,-1,3577,36961.09
ROTO,2018-06-28,10.95,10.95,10.1,10.4,2.06,0.21,-1,14160,147323.77
ROTO,2018-06-27,10.25,10.25,10.05,10.19,1.39,0.14,-1,3655,37236
ROTO,2018-06-26,10.83,10.83,9.6,10.05,-4.65,-0.49,-1,16340,164225.7
ROTO,2018-06-25,10.75,10.75,10.4,10.54,-0.09,-0.01,-1,15841,167021.75
ROTO,2018-06-24,11.2,11.2,10.46,10.55,-0.94,-0.1,-1,33124,349371.44
ROTO,2018-06-21,10.99,10.99,10.5,10.65,-0.56,-0.06,-1,32560,346725.41
ROTO,2018-06-20,11,11,10.53,10.71,-4.07,-0.45,-1,30750,329195.31
ROTO,2018-06-19,11.7,11.7,10.72,11.07,1.75,0.19,-1,47850,529917.63
ROTO,2018-06-14,11.29,11.29,10.64,10.88,-2.33,-0.26,-1,8450,91924
ROTO,2018-06-13,11.44,11.44,10.99,11.14,2.39,0.26,-1,8900,99181.4
ROTO,2018-06-12,11.1,11.1,10.51,10.88,1.75,0.19,-1,12000,130583.55
ROTO,2018-06-11,11.25,11.25,10.26,10.85,-4.74,-0.51,-1,7455,80886.1
ROTO,2018-06-10,10.9,10.9,10.05,10.77,1.11,0.12,-1,2204,22435.2
ROTO,2018-06-07,10.99,10.99,10.5,10.77,2.18,0.23,-1,9610,103530.05
ROTO,2018-06-06,11.24,11.24,9.8,10.54,-2.95,-0.32,-1,5805,61160.41
ROTO,2018-06-05,11.01,11.01,10.6,10.86,-4.9,-0.56,-1,19586,212640.25
ROTO,2018-06-04,11.79,11.79,11.01,11.42,-5.07,-0.61,-1,20929,238918.66
ROTO,2018-06-03,12.48,12.48,11.61,12.03,-0.17,-0.02,-1,10700,128740.92
ROTO,2018-05-31,12.9,12.9,11.86,12.05,-6.37,-0.82,-1,44870,540747.06
ROTO,2018-05-30,13.99,13.99,12,12.87,-0.08,-0.01,-1,46740,601660
ROTO,2018-05-29,13.39,13.39,12.4,12.88,5.49,0.67,-1,53853,693391.38
ROTO,2018-05-28,12.77,12.77,11.8,12.21,3.05,0.37,-1,27616,337138.97
ROTO,2018-05-27,12.69,12.69,12,12.12,1.6,0.2,-1,23100,279857
ROTO,2018-05-24,12.88,12.88,12.12,12.49,3.39,0.41,-1,19715,246269.97
ROTO,2018-05-23,12.33,12.33,12,12.08,4.77,0.55,-1,21815,263426.31
ROTO,2018-05-22,12,12,11.26,11.53,-3.6,-0.43,-1,57590,664060.13
ROTO,2018-05-21,12.11,12.11,11.71,11.96,-3.16,-0.39,-1,22455,268552
ROTO,2018-05-20,12.99,12.99,11.9,12.35,-4.04,-0.52,-1,26668,329290.16
ROTO,2018-05-17,13.15,13.15,12.56,12.87,0.08,0.01,-1,17555,225960.81
ROTO,2018-05-16,13.1,13.1,12,12.86,7.8,0.93,-1,137564,1769600.75
ROTO,2018-05-15,12.2,12.2,11.64,11.93,6.71,0.75,-1,63885,761849
ROTO,2018-05-14,11.5,11.5,10.7,11.18,0.63,0.07,-1,95250,1064497.25
ROTO,2018-05-13,11.2,11.2,10.7,11.11,3.93,0.42,-1,16700,185602
ROTO,2018-05-10,11.48,11.48,10.5,10.69,1.91,0.2,-1,32340,345870.88
ROTO,2018-05-09,10.51,10.51,10.26,10.49,-0.85,-0.09,-1,102300,1073491.25
ROTO,2018-05-08,10.8,10.8,10.42,10.58,1.15,0.12,-1,18800,198919.25
ROTO,2018-05-07,10.4,10.4,10.3,10.46,0,0,-1,1500,15550
ROTO,2018-05-06,10.83,10.83,10.32,10.46,-3.68,-0.4,-1,6925,72418.71
ROTO,2018-05-03,11.36,11.36,10.7,10.86,-2.25,-0.25,-1,11750,127652.42
ROTO,2018-05-02,11.95,11.95,10.59,11.11,-5.53,-0.65,-1,102429,1137815
ROTO,2018-04-30,12,12,10.62,11.76,8.21,0.91,-1,41024,482437.06
ROTO,2018-04-29,11.49,11.49,10.8,11.09,4.03,0.43,-1,5400,59904.15
ROTO,2018-04-26,11,11,9.59,10.66,0.09,0.01,-1,24701,263426
ROTO,2018-04-24,11,11,10.35,10.65,0.85,0.09,-1,24448,260433.67
ROTO,2018-04-23,10.99,10.99,10.5,10.56,-0.38,-0.04,-1,35267,372251.59
ROTO,2018-04-22,11.2,11.2,10.65,10.6,0,0,-1,1947,21008.6
ROTO,2018-04-19,11.16,11.16,10.5,10.6,-3.37,-0.37,-1,8650,91663.25
ROTO,2018-04-18,11.2,11.2,10.51,10.97,0,0,-1,2770,29411.6
ROTO,2018-04-17,11.49,11.49,10.75,10.97,1.39,0.15,-1,5530,60643.65
ROTO,2018-04-16,11,11,10.6,10.82,2.17,0.23,-1,4250,45984.21
ROTO,2018-04-15,11.22,11.22,10.5,10.59,1.35,0.14,-1,13675,144884.36
ROTO,2018-04-12,11.3,11.3,10.25,10.36,-8.4,-0.95,-1,3285,34022.5
ROTO,2018-04-11,11,11,10.9,11.31,0,0,-1,2465,27108.5
ROTO,2018-04-10,11.6,11.6,10.85,11.31,-4.07,-0.48,-1,24985,282624.16
ROTO,2018-04-05,12.3,12.3,11.03,11.79,4.89,0.55,-1,5578,65748.43
ROTO,2018-04-04,11.95,11.95,11,11.24,-2.77,-0.32,-1,15600,175410.31
ROTO,2018-04-03,12.75,12.75,11.5,11.56,-0.77,-0.09,-1,42323,489339.78
ROTO,2018-04-02,12.78,12.78,11.5,11.65,-5.44,-0.67,-1,17690,206175.64
ROTO,2018-04-01,13,13,12,12.32,-5.01,-0.65,-1,37562,462846.59
ROTO,2018-03-29,13.89,13.89,12.76,12.97,-6.96,-0.97,-1,41725,541328.63
ROTO,2018-03-28,14.25,14.25,12.5,13.94,0.43,0.06,-1,37617,524500.38
ROTO,2018-03-27,14,14,13.02,13.88,6.44,0.84,-1,66044,916946.94
ROTO,2018-03-26,13.89,13.89,12.5,13.04,0.23,0.03,-1,58778,766603.63
ROTO,2018-03-25,13.5,13.5,12.4,13.01,0.93,0.12,-1,74430,968624.25
ROTO,2018-03-22,13.21,13.21,11.9,12.89,7.33,0.88,-1,183856,2369052.75
ROTO,2018-03-21,12.12,12.12,11.62,12.01,8.98,0.99,-1,140830,1691763
ROTO,2018-03-20,11.24,11.24,9.85,11.02,7.83,0.8,-1,114384,1260886.75
ROTO,2018-03-19,10.4,10.4,10,10.22,-5.72,-0.62,-1,15950,162936
ROTO,2018-03-18,11.2,11.2,10,10.84,6.27,0.64,-1,94782,1027880.75
ROTO,2018-03-15,10.5,10.5,10.03,10.2,-4.32,-0.46,-1,60799,620384.25
ROTO,2018-03-14,11,11,10.14,10.66,1.33,0.14,-1,97119,1035257
ROTO,2018-03-13,10.52,10.52,10.52,10.52,9.93,0.95,-1,79934,840905.69
ROTO,2018-03-12,9.9,9.9,9.03,9.57,10,0.9,-1,115617,1105913.25
ROTO,2018-03-11,9.12,9.12,8.76,9,2.86,0.25,-1,42050,378558.13
ROTO,2018-03-08,8.96,8.96,8.65,8.75,-2.04,-0.18,-1,21302,186487.81
ROTO,2018-03-07,8.99,8.99,8.72,8.83,-0.34,-0.03,-1,13037,115059.99
ROTO,2018-03-06,9,9,8.78,8.86,1.37,0.12,-1,8902,78896.04
ROTO,2018-03-05,8.75,8.75,8.75,8.74,0,0,-1,2000,17500
ROTO,2018-03-04,8.99,8.99,8.65,8.74,-0.11,-0.01,-1,14570,127290.5
ROTO,2018-03-01,8.8,8.8,8.72,8.75,-0.56,-0.05,-1,12744,111499.36
ROTO,2018-02-28,9.37,9.37,8.77,8.85,-2.53,-0.23,-1,30969,274084.75
ROTO,2018-02-27,9.28,9.28,8.89,9.08,3.81,0.33,-1,58886,534626.75
ROTO,2018-02-26,8.9,8.9,8.51,8.67,0.23,0.02,-1,17800,154329.8
ROTO,2018-02-25,8.98,8.98,8.6,8.65,-0.23,-0.02,-1,30645,265032.5
ROTO,2018-02-22,9,9,8.51,8.66,-2.59,-0.23,-1,13337,115490.91
ROTO,2018-02-21,9.2,9.2,8.7,8.89,0.23,0.02,-1,16350,145306.89
ROTO,2018-02-20,9,9,8.7,8.87,-1,-0.09,-1,28440,252389
ROTO,2018-02-19,9,9,8.9,8.96,0.23,0.02,-1,9990,89541
ROTO,2018-02-18,9,9,9,8.88,0,0,-1,1000,9000
ROTO,2018-02-14,8.65,8.65,8.6,8.88,0,0,-1,540,4668.5
ROTO,2018-02-13,9,9,8.63,8.88,0.23,0.02,-1,12910,114592.79
ROTO,2018-02-12,9.39,9.39,8.71,8.86,2.43,0.21,-1,3850,34122.7
ROTO,2018-02-11,9,9,8.3,8.65,-0.69,-0.06,-1,10810,93525.5
ROTO,2018-02-08,8.75,8.75,8.34,8.71,-2.05,-0.18,-1,7495,65249.6
ROTO,2018-02-07,8.85,8.85,8.68,8.78,1.5,0.13,-1,8000,70262.85
ROTO,2018-02-06,9.1,9.1,8.52,8.65,-3.35,-0.3,-1,14210,122969.2
ROTO,2018-02-05,9.35,9.35,8.85,8.95,-1.97,-0.18,-1,3910,35000.5
ROTO,2018-02-01,9.25,9.25,9.03,9.13,4.46,0.39,-1,7710,70401.7
ROTO,2018-01-31,8.78,8.78,8.7,8.74,-3.44,-0.31,-1,10120,88481.6
ROTO,2018-01-30,9.39,9.39,8.85,9.02,-3.63,-0.34,-1,40775,367701.28
ROTO,2018-01-29,9.65,9.65,9.2,9.36,-3.51,-0.34,-1,14335,134128.5
ROTO,2018-01-28,9.89,9.89,9.5,9.7,-0.11,-0.01,-1,6900,66955.6
ROTO,2018-01-24,9.8,9.8,9.3,9.51,-3.45,-0.34,-1,6491,61708.35
ROTO,2018-01-23,10.37,10.37,9.5,9.85,-0.3,-0.03,-1,49582,488429.66
ROTO,2018-01-22,9.95,9.95,9.8,9.88,-4.17,-0.43,-1,46001,454400.03
ROTO,2018-01-21,10.66,10.66,10.07,10.31,-4.55,-0.48,-1,88295,910461.63
ROTO,2018-01-18,10.99,10.99,10.33,10.55,-2.5,-0.27,-1,66113,697463.44
ROTO,2018-01-17,11.1,11.1,10.6,10.82,-1.99,-0.22,-1,82486,892713.69
ROTO,2018-01-16,11.25,11.25,10.71,11.04,1.75,0.19,-1,167451,1848967.25
ROTO,2018-01-15,11,11,10.6,10.85,2.48,0.26,-1,147027,1594958.63
ROTO,2018-01-14,10.68,10.68,10.35,10.49,1.84,0.19,-1,92574,970933.5
ROTO,2018-01-11,10.59,10.59,10.14,10.3,-1.15,-0.12,-1,26425,272116.31
ROTO,2018-01-10,10.72,10.72,10.25,10.42,-1.89,-0.2,-1,42245,440240.41
ROTO,2018-01-09,10.84,10.84,10.25,10.6,0,0,-1,95284,1010267.94
ROTO,2018-01-08,11.1,11.1,10.23,10.6,-3.72,-0.41,-1,31965,338786.09
ROTO,2018-01-04,11.48,11.48,10.7,11.01,-4.09,-0.47,-1,87550,964017.5
ROTO,2018-01-03,11.9,11.9,11,11.48,2.59,0.29,-1,128060,1469878.88
ROTO,2018-01-02,11.61,11.61,11,11.19,1.08,0.12,-1,90798,1015798.25
ROTO,2017-12-31,11.29,11.29,10.95,11.07,1.27,0.14,-1,87185,965330.81
ROTO,2017-12-28,11.12,11.12,10.7,11,2.04,0.22,-1,109737,1207360.25
ROTO,2017-12-27,11,11,10.41,10.78,1.7,0.18,-1,66049,711886.81
ROTO,2017-12-26,10.9,10.9,10.14,10.6,0.95,0.1,-1,39241,416097.06
ROTO,2017-12-25,10.88,10.88,10.31,10.5,-1.04,-0.11,-1,56306,591305.38
ROTO,2017-12-24,10.99,10.99,10.02,10.61,2.08,0.22,-1,79984,848474.25
ROTO,2017-12-21,11.23,11.23,10,10.57,-2.31,-0.25,-1,139585,1476080
ROTO,2017-12-20,11.35,11.35,10.43,10.82,4.54,0.47,-1,137897,1491532.13
ROTO,2017-12-19,10.57,10.57,10.15,10.35,4.12,0.41,-1,78188,808962.06
ROTO,2017-12-18,10.29,10.29,9.35,9.94,4.3,0.41,-1,171701,1706328.63
ROTO,2017-12-17,9.65,9.65,9.35,9.53,4.04,0.37,-1,176547,1683250.25
ROTO,2017-12-14,9.25,9.25,8.65,9.16,2,0.18,-1,47800,437816.53
ROTO,2017-12-13,9.14,9.14,8.83,8.98,1.13,0.1,-1,47052,422336.88
ROTO,2017-12-12,8.91,8.91,8.61,8.88,1.02,0.09,-1,20064,178098.5
ROTO,2017-12-11,8.91,8.91,8.7,8.79,0.46,0.04,-1,27900,245326.66
ROTO,2017-12-10,9,9,8.55,8.78,6.81,0.56,-1,20870,183338.77
ROTO,2017-12-07,8.25,8.25,8.18,8.22,-1.44,-0.12,-1,8352,68645.77
ROTO,2017-12-06,8.48,8.48,8.25,8.34,-1.53,-0.13,-1,24711,206108.86
ROTO,2017-12-05,8.75,8.75,8.08,8.47,-2.53,-0.22,-1,18687,158291.95
ROTO,2017-12-04,8.8,8.8,8.29,8.69,3.21,0.27,-1,16509,143482.25
ROTO,2017-12-03,8.45,8.45,8.35,8.42,-0.12,-0.01,-1,6000,50507
ROTO,2017-11-29,8.89,8.89,8.2,8.43,-0.71,-0.06,-1,28682,241909.02
ROTO,2017-11-28,8.53,8.53,8.42,8.49,-0.47,-0.04,-1,5264,44676.91
ROTO,2017-11-27,8.55,8.55,8.37,8.53,-2.63,-0.23,-1,4745,40460.3
ROTO,2017-11-26,9.1,9.1,8.55,8.76,-0.34,-0.03,-1,3921,34336.17
ROTO,2017-11-23,8.85,8.85,8.78,8.79,0.11,0.01,-1,11983,105337.83
ROTO,2017-11-22,8.95,8.95,8.45,8.78,5.78,0.48,-1,8043,70592.27
ROTO,2017-11-21,8.69,8.69,8.12,8.3,-1.07,-0.09,-1,6035,50114.75
ROTO,2017-11-20,8.42,8.42,8.37,8.39,-5.09,-0.45,-1,12950,108620.26
ROTO,2017-11-19,9.25,9.25,8.5,8.84,-4.43,-0.41,-1,17340,153218.91
ROTO,2017-11-16,9.4,9.4,8.85,9.25,3.47,0.31,-1,45976,425048.78
ROTO,2017-11-15,9,9,8.5,8.94,9.16,0.75,-1,94227,842214.69
ROTO,2017-11-14,8.18,8.18,8.16,8.19,0,0,-1,610,4989.6
ROTO,2017-11-13,8.35,8.35,8.03,8.19,-3.76,-0.32,-1,22500,184347.5
ROTO,2017-11-12,8.55,8.55,8.36,8.51,-1.16,-0.1,-1,4930,41964.8
ROTO,2017-11-09,8.77,8.77,8.43,8.61,0.58,0.05,-1,53865,463984.16
ROTO,2017-11-08,8.58,8.58,8.51,8.56,0.47,0.04,-1,24594,210479.56
ROTO,2017-11-07,8.6,8.6,8.5,8.54,-2.73,-0.24,-1,5973,50984.58
ROTO,2017-11-06,9.01,9.01,8.66,8.78,-1.35,-0.12,-1,37061,325322.56
ROTO,2017-11-05,9.03,9.03,8.58,8.9,1.95,0.17,-1,17735,157879.8
ROTO,2017-11-02,8.75,8.75,8.65,8.73,-3,-0.27,-1,9400,82060
ROTO,2017-11-01,9.09,9.09,8.71,9,0.67,0.06,-1,57226,514775.69
ROTO,2017-10-31,9.15,9.15,8.8,8.94,-4.64,-0.43,-1,82432,736696.25
ROTO,2017-10-30,9.75,9.75,9.07,9.27,0.87,0.08,-1,48074,445407.28
ROTO,2017-10-29,9.42,9.42,8.63,9.19,6.86,0.59,-1,169019,1554058
ROTO,2017-10-26,8.99,8.99,8.46,8.6,-1.71,-0.15,-1,48646,418244.69
ROTO,2017-10-25,8.93,8.93,8.5,8.75,4.04,0.34,-1,119876,1048743.25
ROTO,2017-10-24,8.64,8.64,8.35,8.41,0.24,0.02,-1,18664,157033.2
ROTO,2017-10-23,8.5,8.5,8.28,8.39,0.96,0.08,-1,6481,54356.68
ROTO,2017-10-22,8.6,8.6,8.2,8.31,-0.6,-0.05,-1,39378,327107
ROTO,2017-10-19,8.7,8.7,8.3,8.36,-5.22,-0.46,-1,37025,309706.25
ROTO,2017-10-18,9.2,9.2,8.52,8.82,3.4,0.29,-1,36765,324160.72
ROTO,2017-10-17,8.88,8.88,8.22,8.53,-0.7,-0.06,-1,78667,670959.63
ROTO,2017-10-16,8.83,8.83,8.2,8.59,-4.98,-0.45,-1,166463,1429217.5
ROTO,2017-10-15,9.67,9.67,8.84,9.04,-4.84,-0.46,-1,201698,1823812.63
ROTO,2017-10-12,9.88,9.88,8.9,9.5,5.67,0.51,-1,210993,2004266.63
ROTO,2017-10-11,9.1,9.1,8.74,8.99,3.81,0.33,-1,129790,1166720.13
ROTO,2017-10-10,8.83,8.83,8.52,8.67,-2.58,-0.23,-1,41460,359514.59
ROTO,2017-10-09,9.15,9.15,8.7,8.92,-0.34,-0.03,-1,119291,1064544.5
ROTO,2017-10-08,9.1,9.1,8.76,8.95,1.36,0.12,-1,116651,1044496.5
ROTO,2017-10-04,9.1,9.1,8.44,8.83,2.42,0.21,-1,144492,1276101.13
ROTO,2017-10-03,8.89,8.89,8.4,8.68,-3.13,-0.28,-1,68347,593127
ROTO,2017-10-02,9.63,9.63,8.62,8.96,-9.93,-0.95,-1,234760,2103883.75
ROTO,2017-10-01,9.9,9.9,9.24,9.57,2.35,0.22,-1,86900,831993.56
ROTO,2017-09-28,9.69,9.69,9.02,9.35,-5.32,-0.51,-1,135258,1264791.63
ROTO,2017-09-27,10,10,9.18,9.59,-1.74,-0.17,-1,59441,570223.81
ROTO,2017-09-26,10.19,10.19,9.5,9.76,2.31,0.22,-1,191859,1871611.5
ROTO,2017-09-25,9.94,9.94,9.4,9.54,-3.64,-0.36,-1,151904,1448735.75
ROTO,2017-09-24,10.37,10.37,9.6,9.9,1.12,0.11,-1,311452,3084282.75
ROTO,2017-09-20,9.95,9.95,9.62,9.79,3.6,0.34,-1,239446,2344187
ROTO,2017-09-19,9.7,9.7,8.99,9.45,7.14,0.63,-1,362623,3427423.75
ROTO,2017-09-18,9.04,9.04,8.4,8.82,-2,-0.18,-1,208131,1835714.88
ROTO,2017-09-17,9.5,9.5,8.5,9,-1.53,-0.14,-1,328525,2957857.5
ROTO,2017-09-14,9.38,9.38,9.02,9.14,1.11,0.1,-1,158771,1450382.63
ROTO,2017-09-13,9.44,9.44,8.8,9.04,2.26,0.2,-1,215365,1947581.88
ROTO,2017-09-12,9.05,9.05,8.38,8.84,7.41,0.61,-1,468482,4139588.25
ROTO,2017-09-11,8.6,8.6,7.8,8.23,-0.48,-0.04,-1,280994,2311767.5
ROTO,2017-09-10,8.54,8.54,7.8,8.27,6.3,0.49,-1,222085,1837367.75
ROTO,2017-09-07,7.86,7.86,7.34,7.78,8.81,0.63,-1,214144,1667054.25
ROTO,2017-09-06,7.36,7.36,7,7.15,-1.38,-0.1,-1,77818,556034.94
ROTO,2017-09-05,7.39,7.39,7,7.25,2.69,0.19,-1,25748,186552.34
ROTO,2017-08-30,7.2,7.2,7,7.06,-2.62,-0.19,-1,107833,761475.94
ROTO,2017-08-29,7.5,7.5,7.03,7.25,1.12,0.08,-1,131401,953107.56
ROTO,2017-08-28,7.35,7.35,6.94,7.17,7.17,0.48,-1,165536,1187562.88
ROTO,2017-08-27,7.1,7.1,6.45,6.69,-0.3,-0.02,-1,114634,767197.94
ROTO,2017-08-24,6.99,6.99,6.55,6.71,-5.09,-0.36,-1,53401,358570.69
ROTO,2017-08-23,7.56,7.56,6.8,7.07,-1.26,-0.09,-1,120062,849004.25
ROTO,2017-08-22,7.5,7.5,6.85,7.16,1.56,0.11,-1,196912,1410213.88
ROTO,2017-08-21,7.31,7.31,6.65,7.05,5.22,0.35,-1,210532,1483770.88
ROTO,2017-08-20,6.77,6.77,6.21,6.7,8.77,0.54,-1,198976,1332392.25
ROTO,2017-08-17,6.5,6.5,6,6.16,-2.07,-0.13,-1,128597,792395.94
ROTO,2017-08-16,6.41,6.41,6,6.29,7.89,0.46,-1,292247,1836817.38
ROTO,2017-08-15,5.92,5.92,5.35,5.83,8.16,0.44,-1,279442,1628931.25
ROTO,2017-08-14,5.45,5.45,5.27,5.39,1.7,0.09,-1,36430,196288.8
ROTO,2017-08-13,5.33,5.33,5.2,5.3,0.38,0.02,-1,11745,62279.75
ROTO,2017-08-10,5.48,5.48,5.2,5.28,-0.19,-0.01,-1,37100,195947.5
ROTO,2017-08-09,5.43,5.43,5.16,5.29,0.38,0.02,-1,25220,133311.09
ROTO,2017-08-08,5.4,5.4,5.25,5.27,-0.38,-0.02,-1,20700,109041
ROTO,2017-08-07,5.35,5.35,5.13,5.29,4.34,0.22,-1,18105,95689.6
ROTO,2017-08-06,5.2,5.2,5,5.07,-2.31,-0.12,-1,15000,75994.6
ROTO,2017-08-03,5.1,5.1,5.1,5.19,0,0,-1,735,3748.5
ROTO,2017-08-01,5,5,5,5.19,0,0,-1,500,2500
ROTO,2017-07-30,5.2,5.2,5.11,5.19,0.19,0.01,-1,2570,13328.7
ROTO,2017-07-27,5.2,5.2,5.06,5.18,0.97,0.05,-1,3310,17133
ROTO,2017-07-26,5.24,5.24,5,5.13,-2.1,-0.11,-1,31000,159013
ROTO,2017-07-25,5.27,5.27,5.22,5.24,0.38,0.02,-1,10765,56411.75
ROTO,2017-07-24,5.26,5.26,5.2,5.22,-1.14,-0.06,-1,4000,20875
ROTO,2017-07-20,5.31,5.31,5.26,5.28,0,0,-1,26815,141511.91
ROTO,2017-07-19,5.77,5.77,5.19,5.28,-2.76,-0.15,-1,17241,91043.22
ROTO,2017-07-18,5.54,5.54,5.36,5.43,-5.07,-0.29,-1,20350,110587
ROTO,2017-07-17,5.88,5.88,5.15,5.72,6.92,0.37,-1,158860,909306.63
ROTO,2017-07-16,5.48,5.48,5.12,5.35,3.28,0.17,-1,33505,179380.03
ROTO,2017-07-13,5.64,5.64,5.05,5.18,-5.82,-0.32,-1,8472,43903.55
ROTO,2017-07-12,5.68,5.68,5.28,5.5,6.38,0.33,-1,37408,205703.69
ROTO,2017-07-11,5.36,5.36,5,5.17,5.51,0.27,-1,23507,121591.18
ROTO,2017-07-10,5.27,5.27,4.9,4.9,0,0,-1,490,2402.85
ROTO,2017-07-09,5.28,5.28,4.9,4.9,-2.58,-0.13,-1,5005,24526.4
ROTO,2017-07-06,5.38,5.38,5,5.03,0.6,0.03,-1,7881,39616.9
ROTO,2017-07-05,4.95,4.95,4.9,4.97,0,0,-1,1485,7300.75
ROTO,2017-07-04,4.8,4.8,4.8,4.97,0,0,-1,500,2400
ROTO,2017-07-03,5.4,5.4,4.81,4.97,0,0,-1,381,1835.56
ROTO,2017-07-02,5.22,5.22,4.66,4.97,9.66,0.46,-1,14305,71156.48
ROTO,2017-06-28,4.76,4.76,4.76,4.76,-4.8,-0.24,-1,2650,12614
ROTO,2017-06-22,5,5,5,5,1.63,0.08,-1,5390,26950
ROTO,2017-06-21,5,5,4.86,4.92,-2.19,-0.11,-1,5500,27080
ROTO,2017-06-18,5.17,5.17,5.17,5.03,0,0,-1,100,517
ROTO,2017-06-15,5.17,5.17,4.92,5.03,4.23,0.21,-1,6700,33669.2
ROTO,2017-06-14,5.17,5.17,4.92,4.96,0,0,-1,950,4799
ROTO,2017-06-12,5.04,5.04,4.88,4.96,-3.35,-0.17,-1,9300,46112.3
ROTO,2017-06-11,5.19,5.19,5.04,5.07,-1.37,-0.07,-1,6000,30390
ROTO,2017-06-08,5.19,5.19,5.04,5.11,4.43,0.22,-1,9061,46261.54
ROTO,2017-06-07,5.03,5.03,5.03,4.97,0,0,-1,10,50.3
ROTO,2017-06-06,5.33,5.33,5.32,4.97,0,0,-1,1000,5323.21
ROTO,2017-06-05,4.91,4.91,4.88,4.97,0,0,-1,1921,9400.21
ROTO,2017-06-04,5.15,5.15,5.15,4.97,0,0,-1,660,3399
ROTO,2017-06-01,5.02,5.02,4.92,4.97,-3.33,-0.17,-1,24808,123326.36
ROTO,2017-05-31,5.41,5.41,5.08,5.1,-1.74,-0.09,-1,19350,98755.56
ROTO,2017-05-30,5.5,5.5,5.12,5.17,-0.97,-0.05,-1,341,1752
ROTO,2017-05-29,5.2,5.2,5.15,5.17,-0.58,-0.03,-1,6825,35273.5
ROTO,2017-05-28,5.19,5.19,5.18,5.18,-6.33,-0.35,-1,3000,15550
ROTO,2017-05-25,5.55,5.55,5.18,5.53,0.58,0.03,-1,4750,26275.66
ROTO,2017-05-24,5.4,5.4,5.4,5.15,4.85,0.25,-1,200,1080
ROTO,2017-05-23,5.18,5.18,5.18,5.15,0,0,-1,500,2590
ROTO,2017-05-22,5.48,5.48,5.14,5.15,-9.81,-0.56,-1,36922,190088.8
ROTO,2017-05-21,5.8,5.8,5.8,5.71,0,0,-1,1325,7685
ROTO,2017-05-18,5.97,5.97,5.31,5.71,3.25,0.18,-1,29395,167785.7
ROTO,2017-05-17,5.7,5.7,5.42,5.53,-2.98,-0.17,-1,5880,32488.8
ROTO,2017-05-16,5.92,5.92,5.92,5.7,0,0,-1,20,118.4
ROTO,2017-05-15,5.7,5.7,5.66,5.7,-2.23,-0.13,-1,4500,25630
ROTO,2017-05-14,5.95,5.95,5.77,5.83,-0.85,-0.05,-1,14000,81667.4
ROTO,2017-05-11,5.95,5.95,5.5,5.88,2.08,0.12,-1,37490,220515.47
ROTO,2017-05-10,6.1,6.1,5.6,5.76,-7.4,-0.46,-1,50184,288835.25
ROTO,2017-05-09,6.77,6.77,6,6.22,0.32,0.02,-1,133939,832950.69
ROTO,2017-05-08,6.2,6.2,6.2,6.2,9.93,0.56,-1,51490,319238
ROTO,2017-05-07,5.64,5.64,5.64,5.64,9.94,0.51,-1,13031,73494.84
ROTO,2017-05-04,5.13,5.13,5.13,5.13,9.85,0.46,-1,55726,285874.38
ROTO,2017-05-03,4.69,4.69,4.42,4.67,9.37,0.4,-1,30515,142494.61
ROTO,2017-05-02,4.35,4.35,4.25,4.27,2.15,0.09,-1,2874,12264.5
ROTO,2017-04-30,4.25,4.25,4.11,4.18,0,0,-1,4200,17537
ROTO,2017-04-27,4.19,4.19,4.16,4.18,-0.95,-0.04,-1,5000,20880
ROTO,2017-04-26,4.28,4.28,4.2,4.22,-2.09,-0.09,-1,5375,22691.82
ROTO,2017-04-24,4.32,4.32,4.3,4.31,-7.31,-0.34,-1,9715,41860.5
ROTO,2017-04-20,4.65,4.65,4.65,4.65,2.2,0.1,-1,5000,23250
ROTO,2017-04-18,4.8,4.8,4.2,4.55,-1.52,-0.07,-1,24575,111804.5
ROTO,2017-04-12,4.68,4.68,4.5,4.62,7.94,0.34,-1,25691,118601.24
ROTO,2017-04-11,4.32,4.32,4.25,4.28,-0.23,-0.01,-1,13595,58168.7
ROTO,2017-04-09,4.4,4.4,4.2,4.29,-7.74,-0.36,-1,32800,140717.72
ROTO,2017-04-06,4.83,4.83,4.33,4.65,-1.27,-0.06,-1,14150,65753
ROTO,2017-04-05,4.75,4.75,4.51,4.71,-2.69,-0.13,-1,28000,131892.5
ROTO,2017-04-04,4.87,4.87,4.79,4.84,4.99,0.23,-1,12700,61522.82
ROTO,2017-04-03,4.74,4.74,4.5,4.61,3.36,0.15,-1,25120,115688.44
ROTO,2017-04-02,4.59,4.59,4.4,4.46,5.94,0.25,-1,4000,17820
ROTO,2017-03-29,4.3,4.3,4.2,4.21,-0.24,-0.01,-1,24265,102106.5
ROTO,2017-03-28,4.23,4.23,4.19,4.22,-2.09,-0.09,-1,10000,42220.76
ROTO,2017-03-27,4.32,4.32,4.3,4.31,-6.1,-0.28,-1,6000,25880
ROTO,2017-03-26,4.58,4.58,4.58,4.59,0,0,-1,1000,4580
ROTO,2017-03-23,4.64,4.64,4.25,4.59,8.51,0.36,-1,10890,49981.98
ROTO,2017-03-22,4.25,4.25,4.18,4.23,-0.24,-0.01,-1,9351,39529.08
ROTO,2017-03-21,4.24,4.24,4.24,4.24,0,0,-1,845,3582.8
ROTO,2017-03-19,4.34,4.34,4.17,4.24,0,0,-1,16600,70451.8
ROTO,2017-03-16,4.53,4.53,4.53,4.24,0,0,-1,45,203.85
ROTO,2017-03-15,4.26,4.26,4.23,4.24,-5.99,-0.27,-1,11700,49625
ROTO,2017-03-13,4.23,4.23,4.23,4.51,0,0,-1,400,1692
ROTO,2017-03-12,4.51,4.51,4.47,4.51,10,0.41,-1,46153,207995.38
ROTO,2017-03-09,4.11,4.11,4.1,4.1,0.24,0.01,-1,3225,13232.5
ROTO,2017-03-08,4.1,4.1,4.09,4.09,-0.73,-0.03,-1,5000,20460
ROTO,2017-03-07,4.12,4.12,4.12,4.12,-5.07,-0.22,-1,10576,43573.12
ROTO,2017-03-02,4.42,4.42,4.42,4.34,0,0,-1,73,322.66
ROTO,2017-02-27,4.35,4.35,4.04,4.34,2.12,0.09,-1,10250,44510
ROTO,2017-02-23,4.28,4.28,4.21,4.25,-1.39,-0.06,-1,27850,118326.1
ROTO,2017-02-22,4.37,4.37,4.22,4.31,-7.11,-0.33,-1,8963,38604.9
ROTO,2017-02-21,4.85,4.85,4.5,4.64,0.65,0.03,-1,5468,25362.12
ROTO,2017-02-20,4.91,4.91,4.63,4.61,0,0,-1,1000,4811.44
ROTO,2017-02-19,4.63,4.63,4.55,4.61,9.5,0.4,-1,6350,29260.5
ROTO,2017-02-16,4.21,4.21,4.2,4.21,9.92,0.38,-1,11500,48365
ROTO,2017-02-15,3.84,3.84,3.82,3.83,-6.36,-0.26,-1,3000,11480
ROTO,2017-02-14,4.21,4.21,4.05,4.09,-9.11,-0.41,-1,2729,11152.09
ROTO,2017-02-12,4.5,4.5,4.5,4.5,2.51,0.11,-1,30000,135000
ROTO,2017-02-08,4.2,4.2,4.2,4.39,0,0,-1,1750,7350
ROTO,2017-02-05,4.39,4.39,4.39,4.39,7.07,0.29,-1,11600,50924
ROTO,2017-02-02,4.1,4.1,4.1,4.1,0,0,-1,1200,4920
ROTO,2017-02-01,4.1,4.1,4.1,4.1,-2.84,-0.12,-1,5000,20500
ROTO,2017-01-31,4.29,4.29,4.1,4.22,0.96,0.04,-1,15500,65450
ROTO,2017-01-30,4.01,4.01,4.01,4.18,0,0,-1,1200,4812
ROTO,2017-01-19,4.2,4.2,4.03,4.18,0,0,-1,7850,32785.5
ROTO,2017-01-18,4.25,4.25,4.1,4.18,-6.9,-0.31,-1,24000,100405
ROTO,2017-01-16,4.76,4.76,4.4,4.49,2.05,0.09,-1,10790,48497
ROTO,2017-01-15,4.5,4.5,4.25,4.4,3.77,0.16,-1,37588,165247.2
ROTO,2017-01-12,4.25,4.25,4.15,4.24,9.56,0.37,-1,36047,152726.59
ROTO,2017-01-11,3.98,3.98,3.83,3.87,-4.44,-0.18,-1,15290,59195
ROTO,2017-01-10,4.14,4.14,4,4.05,-2.17,-0.09,-1,25987,105330.08
ROTO,2017-01-09,4.2,4.2,4.11,4.14,0.24,0.01,-1,15656,64824.39
ROTO,2017-01-08,4.22,4.22,3.7,4.13,7.55,0.29,-1,99811,412681.19
ROTO,2017-01-05,3.85,3.85,3.84,3.84,1.32,0.05,-1,4849,18639.16
ROTO,2017-01-04,3.85,3.85,3.77,3.79,-0.52,-0.02,-1,7000,26515
ROTO,2017-01-03,3.89,3.89,3.65,3.81,4.1,0.15,-1,9000,34310
ROTO,2017-01-02,3.75,3.75,3.75,3.66,0,0,-1,2001,7503.75
ROTO,2016-12-29,3.8,3.8,3.65,3.66,-0.27,-0.01,-1,62400,228387.16
ROTO,2016-12-28,3.7,3.7,3.65,3.67,-3.93,-0.15,-1,49000,179862.5
ROTO,2016-12-27,4.05,4.05,3.75,3.82,1.6,0.06,-1,8700,33214.85
ROTO,2016-12-26,3.8,3.8,3.68,3.76,3.01,0.11,-1,14250,53579
ROTO,2016-12-25,3.65,3.65,3.65,3.65,0.27,0.01,-1,3224,11767.6
ROTO,2016-12-22,3.67,3.67,3.61,3.64,-2.67,-0.1,-1,13135,47870.45
ROTO,2016-12-21,3.75,3.75,3.51,3.74,0,0,-1,1323,4753.41
ROTO,2016-12-20,3.87,3.87,3.6,3.74,5.35,0.19,-1,11000,41136
ROTO,2016-12-18,3.56,3.56,3.41,3.55,-1.93,-0.07,-1,6000,21305.15
ROTO,2016-12-14,3.63,3.63,3.63,3.62,0,0,-1,2000,7260
ROTO,2016-12-13,3.68,3.68,3.65,3.62,0,0,-1,1500,5514
ROTO,2016-12-12,3.63,3.63,3.61,3.62,-3.47,-0.13,-1,14500,52465.4
ROTO,2016-12-07,3.8,3.8,3.54,3.75,-1.06,-0.04,-1,6505,24378.1
ROTO,2016-12-05,3.78,3.78,3.72,3.79,0,0,-1,2250,8440
ROTO,2016-12-04,3.81,3.81,3.81,3.79,0,0,-1,370,1409.7
ROTO,2016-12-01,4,4,3.75,3.79,-1.3,-0.05,-1,37815,143407.69
ROTO,2016-11-30,4,4,3.68,3.84,2.4,0.09,-1,17167,65870.89
ROTO,2016-11-29,3.65,3.65,3.64,3.75,0,0,-1,1500,5463.7
ROTO,2016-11-28,3.98,3.98,3.6,3.75,-2.6,-0.1,-1,8500,31865
ROTO,2016-11-27,4,4,3.65,3.85,-2.53,-0.1,-1,2750,10575
ROTO,2016-11-24,4.04,4.04,3.9,3.95,3.4,0.13,-1,14500,57324
ROTO,2016-11-22,3.97,3.97,3.7,3.82,-0.52,-0.02,-1,14520,55465.3
ROTO,2016-11-21,3.98,3.98,3.74,3.84,1.32,0.05,-1,16000,61370
ROTO,2016-11-20,3.8,3.8,3.7,3.79,2.432432,0.09,-1,14514,54945.12
ROTO,2016-11-17,3.95,3.95,3.57,3.7,-4.64,-0.18,-1,50118,185420.52
ROTO,2016-11-16,3.95,3.95,3.72,3.88,1.31,0.05,-1,19798,76842.23
ROTO,2016-11-15,3.92,3.92,3.81,3.83,-0.52,-0.02,-1,6000,22970
ROTO,2016-11-14,3.98,3.98,3.74,3.85,5.48,0.2,-1,25800,99206.9
ROTO,2016-11-13,3.75,3.75,3.42,3.65,3.4,0.12,-1,68755,250924.09
ROTO,2016-11-10,3.64,3.64,3.45,3.53,3.82,0.13,-1,17397,61409.31
ROTO,2016-11-09,3.51,3.51,3.3,3.4,2.41,0.08,-1,24938,84741.24
ROTO,2016-11-08,3.46,3.46,3.22,3.32,0.3,0.01,-1,14346,47573.94
ROTO,2016-11-07,3.46,3.46,3.29,3.31,-1.49,-0.05,-1,28627,94682.25
ROTO,2016-11-06,3.46,3.46,3.29,3.36,2.13,0.07,-1,9890,33214.55
ROTO,2016-11-02,3.45,3.45,3.29,3.29,0,0,-1,2500,8484.86
ROTO,2016-11-01,3.42,3.42,3.25,3.29,0,0,-1,3750,12340
ROTO,2016-10-30,3.3,3.3,3.15,3.29,4.44,0.14,-1,8329,27398.35
ROTO,2016-10-27,3.16,3.16,3.14,3.15,-7.35,-0.25,-1,5000,15744
ROTO,2016-10-24,3.4,3.4,3.4,3.4,0,0,-1,2771,9421.4
ROTO,2016-10-23,3.07,3.07,3.07,3.4,0,0,-1,10,30.7
ROTO,2016-10-19,3.18,3.18,3.07,3.4,0,0,-1,430,1342.21
ROTO,2016-10-18,3.06,3.06,3.06,3.4,0,0,-1,76,232.56
ROTO,2016-10-17,3.59,3.59,3.59,3.4,0,0,-1,5,17.95
ROTO,2016-10-16,3.06,3.06,3.06,3.4,0,0,-1,1299,3974.94
ROTO,2016-10-13,3.4,3.4,3.4,3.4,-3.41,-0.12,-1,5700,19380
ROTO,2016-10-11,3.58,3.58,3.58,3.52,0,0,-1,500,1790
ROTO,2016-10-04,3.53,3.53,3.49,3.52,2.62,0.09,-1,5785,20357.25
ROTO,2016-10-03,3.56,3.56,3.26,3.43,-3.65,-0.13,-1,8790,30116.25
ROTO,2016-09-26,3.5,3.5,3.5,3.56,0,0,-1,1000,3500
ROTO,2016-09-22,3.59,3.59,3.21,3.56,0,0,-1,3490,12428.9
ROTO,2016-09-20,3.21,3.21,3.21,3.56,-9.83,-0.35,-1,25,80.25
ROTO,2016-09-15,3.6,3.6,3.39,3.56,5.64,0.19,-1,3128,11146.4
ROTO,2016-09-14,3.48,3.48,3.2,3.37,0,0,-1,672,2338
ROTO,2016-09-07,3.39,3.39,3.39,3.37,0,0,-1,600,2034
ROTO,2016-09-05,3.12,3.12,3.12,3.37,0,0,-1,1800,5616
ROTO,2016-08-22,3.28,3.28,3.28,3.37,0,0,-1,400,1312
ROTO,2016-08-21,3.27,3.27,3.27,3.37,0,0,-1,400,1308
ROTO,2016-08-17,3.41,3.41,3.25,3.37,-0.882353,-0.03,-1,19000,63956.62
ROTO,2016-08-16,3.5,3.5,3.4,3.4,-2.017291,-0.07,-1,10132,34497.67
ROTO,2016-08-15,3.48,3.48,3.45,3.47,-6.72043,-0.25,-1,4200,14569
ROTO,2016-08-11,3.78,3.78,3.45,3.72,4.201681,0.15,-1,4462,16579.38
ROTO,2016-08-10,3.67,3.67,3.2,3.57,5.309735,0.18,-1,21555,76934.3
ROTO,2016-08-08,3.45,3.45,3.4,3.39,0,0,-1,740,2544.65
ROTO,2016-07-28,3.25,3.25,3.25,3.39,0,0,-1,20,65
ROTO,2016-07-27,3.45,3.45,3.38,3.39,3.04,0.1,-1,3840,13029.09
ROTO,2016-07-21,3.39,3.39,3.39,3.29,0,0,-1,1600,5424
ROTO,2016-07-20,3.39,3.39,3.25,3.29,-3.24,-0.11,-1,4063,13368.75
ROTO,2016-07-19,3.25,3.25,3.14,3.4,0,0,-1,3000,9640
ROTO,2016-07-12,3.39,3.39,3.2,3.4,0,0,-1,679,2250.8
ROTO,2016-07-11,3.57,3.57,3.56,3.4,0,0,-1,1550,5528.5
ROTO,2016-07-10,3.55,3.55,3.21,3.4,0,0,-1,60,194.64
ROTO,2016-07-04,3.06,3.06,3.06,3.4,0,0,-1,25,76.5
ROTO,2016-07-03,3.44,3.44,3.44,3.4,0,0,-1,1,3.44
ROTO,2016-06-27,3.07,3.07,3.07,3.4,0,0,-1,700,2149
ROTO,2016-06-26,3.19,3.19,3.19,3.4,0,0,-1,125,398.75
ROTO,2016-06-23,3.07,3.07,3.07,3.4,0,0,-1,3,9.21
ROTO,2016-06-21,3.33,3.33,3.33,3.4,0,0,-1,1500,4995
ROTO,2016-06-20,3.4,3.4,3.4,3.4,0,0,-1,595,2023
ROTO,2016-06-19,3.44,3.44,3.35,3.4,1.49,0.05,-1,19000,64668.54
ROTO,2016-06-15,3.3,3.3,3.3,3.35,0,0,-1,3000,9900
ROTO,2016-06-14,3.49,3.49,3.49,3.35,0,0,-1,95,331.55
ROTO,2016-06-12,3.52,3.52,3.32,3.35,0,0,-1,1120,3722.4
ROTO,2016-06-09,3.35,3.35,3.35,3.35,-2.9,-0.1,-1,5000,16750
ROTO,2016-06-08,3.54,3.54,3.53,3.45,0,0,-1,400,1414
ROTO,2016-06-07,3.48,3.48,3.4,3.45,0,0,-1,1355,4625.2
ROTO,2016-06-06,3.45,3.45,3.45,3.45,0,0,-1,25,86.25
ROTO,2016-06-05,3.3,3.3,3.3,3.45,0,0,-1,250,825
ROTO,2016-06-02,3.45,3.45,3.45,3.45,4.55,0.15,-1,3800,13110
ROTO,2016-06-01,3.4,3.4,3.26,3.3,-1.79,-0.06,-1,3750,12383.52
ROTO,2016-05-31,3.49,3.49,3.49,3.36,0,0,-1,280,977.2
ROTO,2016-05-26,3.6,3.6,3.3,3.36,-5.08,-0.18,-1,31032,104127.71
ROTO,2016-05-24,3.55,3.55,3.53,3.54,-1.67,-0.06,-1,3000,10627
ROTO,2016-05-17,3.78,3.78,3.59,3.6,-1.37,-0.05,-1,10700,38532
ROTO,2016-05-16,3.7,3.7,3.5,3.65,-1.62,-0.06,-1,2980,10874.92
ROTO,2016-05-12,3.89,3.89,3.7,3.71,0,0,-1,3579,13294.1
ROTO,2016-05-11,3.9,3.9,3.9,3.71,0,0,-1,20,78
ROTO,2016-05-10,3.95,3.95,3.7,3.71,1.089918,0.04,-1,7385,27403.64
ROTO,2016-05-09,3.67,3.67,3.66,3.67,1.66205,0.06,-1,3000,10998.19
ROTO,2016-05-08,3.59,3.59,3.58,3.61,0,0,-1,2000,7165
ROTO,2016-05-05,3.94,3.94,3.93,3.61,0,0,-1,650,2556
ROTO,2016-05-04,3.62,3.62,3.61,3.61,-2.7,-0.1,-1,3350,12103.5
ROTO,2016-05-03,3.73,3.73,3.7,3.71,-0.8,-0.03,-1,3448,12809.04
ROTO,2016-04-28,3.89,3.89,3.72,3.74,-5.08,-0.2,-1,4500,16851
ROTO,2016-04-27,3.65,3.65,3.65,3.94,0,0,-1,1500,5475
ROTO,2016-04-26,3.76,3.76,3.76,3.94,0,0,-1,500,1880
ROTO,2016-04-21,4,4,3.71,3.94,0,0,-1,1507,5699.25
ROTO,2016-04-20,3.95,3.95,3.9,3.94,-1.5,-0.06,-1,12769,50260.1
ROTO,2016-04-18,4.01,4.01,3.96,4,0.76,0.03,-1,7610,30440.6
ROTO,2016-04-17,4,4,4,3.97,0,0,-1,543,2172
ROTO,2016-04-14,4,4,3.95,3.97,1.79,0.07,-1,13728,54533.36
ROTO,2016-04-13,3.9,3.9,3.9,3.9,0.78,0.03,-1,4962,19351.8
ROTO,2016-04-12,3.85,3.85,3.81,3.87,0,0,-1,2429,9324.49
ROTO,2016-04-11,3.88,3.88,3.81,3.87,0,0,-1,2405,9247.9
ROTO,2016-04-10,3.9,3.9,3.81,3.87,-1.28,-0.05,-1,4144,16048.64
ROTO,2016-04-07,3.81,3.81,3.71,3.92,0,0,-1,1300,4838.6
ROTO,2016-04-06,4,4,3.89,3.92,-2,-0.08,-1,3600,14102.18
ROTO,2016-04-05,4,4,4,4,0.25,0.01,-1,3805,15220
ROTO,2016-04-04,4.01,4.01,3.94,3.99,-0.25,-0.01,-1,19139,76380.72
ROTO,2016-04-03,4,4,4,4,-2.200489,-0.09,-1,7600,30400
ROTO,2016-03-31,4.15,4.15,4,4.09,3.28,0.13,-1,7000,28625
ROTO,2016-03-30,4,4,3.89,3.96,-1.98,-0.08,-1,6000,23730
ROTO,2016-03-29,4.07,4.07,4.01,4.04,-3.58,-0.15,-1,16481,66574.25
ROTO,2016-03-28,4.25,4.25,4.02,4.19,4.75,0.19,-1,22075,92537.32
ROTO,2016-03-27,3.93,3.93,3.93,4,0,0,-1,1500,5895
ROTO,2016-03-24,4.02,4.02,4,4,-5.21,-0.22,-1,10000,40044.7
ROTO,2016-03-23,4.25,4.25,4.07,4.22,6.565657,0.26,-1,20100,84767.5
ROTO,2016-03-22,4,4,3.91,3.96,-2.702703,-0.11,-1,12455,49345.05
ROTO,2016-03-21,4.15,4.15,4.02,4.07,6.544503,0.25,-1,28075,114358.6
ROTO,2016-03-20,3.82,3.82,3.81,3.82,-1.799486,-0.07,-1,3433,13100.06
ROTO,2016-03-17,3.99,3.99,3.82,3.89,4.010695,0.15,-1,21086,82101.7
ROTO,2016-03-16,4,4,3.62,3.74,0.268097,0.01,-1,53465,200216.66
ROTO,2016-03-14,3.8,3.8,3.7,3.73,2.75,0.1,-1,6483,24185.4
ROTO,2016-03-13,3.75,3.75,3.62,3.63,0,0,-1,2585,9563.75
ROTO,2016-03-10,3.66,3.66,3.6,3.63,-1.36,-0.05,-1,3772,13708.2
ROTO,2016-03-09,3.7,3.7,3.6,3.68,3.37,0.12,-1,7469,27449.96
ROTO,2016-03-08,3.68,3.68,3.46,3.56,4.4,0.15,-1,7333,26129.68
ROTO,2016-03-06,3.67,3.67,3.66,3.41,0,0,-1,1500,5495
ROTO,2016-03-03,3.42,3.42,3.34,3.41,-2.849003,-0.1,-1,5208,17744.3
ROTO,2016-03-02,3.53,3.53,3.45,3.51,-3.305785,-0.12,-1,4617,16218.65
ROTO,2016-02-29,3.67,3.67,3.55,3.63,0,0,-1,5000,18170
ROTO,2016-02-25,3.64,3.64,3.52,3.63,0.83,0.03,-1,3800,13806
ROTO,2016-02-24,3.69,3.69,3.56,3.6,1.408451,0.05,-1,6606,23784.04
ROTO,2016-02-23,3.35,3.35,3.35,3.55,0,0,-1,2500,8375
ROTO,2016-02-18,3.77,3.77,3.64,3.55,0,0,-1,493,1818.31
ROTO,2016-02-17,3.59,3.59,3.48,3.55,0,0,-1,1529,5434.02
ROTO,2016-02-16,3.67,3.67,3.5,3.55,-1.11,-0.04,-1,4303,15289.51
ROTO,2016-02-15,3.64,3.64,3.51,3.59,3.458213,0.12,-1,8675,31111.29
ROTO,2016-02-14,3.6,3.6,3.5,3.47,0,0,-1,2500,8940
ROTO,2016-02-11,3.28,3.28,3.26,3.47,0,0,-1,1814,5928.04
ROTO,2016-02-10,3.71,3.71,3.44,3.47,0,0,-1,1480,5170.6
ROTO,2016-02-09,3.6,3.6,3.44,3.47,0,0,-1,1710,6117.4
ROTO,2016-02-08,3.51,3.51,3.43,3.47,-1.699717,-0.06,-1,4500,15595
ROTO,2016-02-07,3.74,3.74,3.42,3.53,0,0,-1,1861,6747.32
ROTO,2016-02-04,3.65,3.65,3.41,3.53,-1.671309,-0.06,-1,7767,27406.97
ROTO,2016-02-03,3.65,3.65,3.5,3.59,-0.277778,-0.01,-1,3181,11429.3
ROTO,2016-02-02,3.69,3.69,3.51,3.6,-2.702703,-0.1,-1,4469,16071.35
ROTO,2016-02-01,3.76,3.76,3.6,3.7,4.225352,0.15,-1,5950,22030.5
ROTO,2016-01-31,3.6,3.6,3.4,3.55,0.566572,0.02,-1,4657,16554.25
ROTO,2016-01-28,3.58,3.58,3.45,3.53,-5.36,-0.2,-1,4000,14115.08
ROTO,2016-01-27,3.78,3.78,3.56,3.73,4.775281,0.17,-1,3747,13966.84
ROTO,2016-01-26,3.56,3.56,3.54,3.56,0,0,-1,1950,6927.5
ROTO,2016-01-24,3.75,3.75,3.42,3.56,0,0,-1,2373,8255.54
ROTO,2016-01-20,3.75,3.75,3.53,3.56,-1.928375,-0.07,-1,5705,20299.75
ROTO,2016-01-19,3.8,3.8,3.38,3.63,1.966292,0.07,-1,7500,27239.45
ROTO,2016-01-18,3.57,3.57,3.52,3.56,-2.47,-0.09,-1,5000,17777.3
ROTO,2016-01-17,3.41,3.41,3.4,3.65,0,0,-1,1000,3409.5
ROTO,2016-01-14,3.9,3.9,3.56,3.65,-7.594937,-0.3,-1,14543,53149.38
ROTO,2016-01-13,4,4,3.66,3.95,0,0,-1,450,1797.62
ROTO,2016-01-12,4.17,4.17,4.15,3.95,0,0,-1,350,1456
ROTO,2016-01-10,3.96,3.96,3.95,3.95,-3.186275,-0.13,-1,3300,13048
ROTO,2016-01-06,4.17,4.17,4,4.08,-2.625298,-0.11,-1,6700,27320.9
ROTO,2016-01-05,4.21,4.21,3.96,4.19,4.228856,0.17,-1,4005,16773.8
ROTO,2016-01-04,4.07,4.07,3.97,4.02,-4.513064,-0.19,-1,21511,86480.17
ROTO,2016-01-03,4.35,4.35,4.07,4.21,0,0,-1,2319,9968.43
ROTO,2015-12-31,4.29,4.29,4.28,4.21,0,0,-1,1200,5137.86
ROTO,2015-12-30,4.29,4.29,4.08,4.21,0.477327,0.02,-1,4301,18094.29
ROTO,2015-12-29,4.26,4.26,4.1,4.19,-1.643192,-0.07,-1,5898,24721.5
ROTO,2015-12-28,4.27,4.27,4.24,4.26,0.235294,0.01,-1,4000,17026.02
ROTO,2015-12-27,4.33,4.33,4.19,4.25,6.25,0.25,-1,5550,23577.08
ROTO,2015-12-24,4.02,4.02,4,4,0,0,-1,3210,12846
ROTO,2015-12-22,4.04,4.04,4,4,-6.976744,-0.3,-1,31835,127452.25
ROTO,2015-12-20,4.01,4.01,4.01,4.3,0,0,-1,1200,4812
ROTO,2015-12-16,4,4,4,4.3,0,0,-1,1000,4000
ROTO,2015-12-14,3.94,3.94,3.91,4.3,0,0,-1,1000,3920.56
ROTO,2015-12-08,4.29,4.29,4.05,4.3,0,0,-1,2001,8104.29
ROTO,2015-12-07,4.1,4.1,4.09,4.3,0,0,-1,1250,5115
ROTO,2015-12-06,4.3,4.3,4.28,4.3,3.365385,0.14,-1,6400,27494.91
ROTO,2015-12-03,4.25,4.25,4,4.16,2.970297,0.12,-1,15493,64428.97
ROTO,2015-12-02,4.19,4.19,4,4.04,1.763224,0.07,-1,6334,25610.1
ROTO,2015-12-01,4,4,3.9,3.97,0.761421,0.03,-1,6090,24170
ROTO,2015-11-25,4.31,4.31,4.31,3.94,0,0,-1,1,4.31
ROTO,2015-11-24,3.94,3.94,3.93,3.94,-1.5,-0.06,-1,5960,23477.8
ROTO,2015-11-23,4.4,4.4,4,4,-5.882353,-0.25,-1,17897,71638.4
ROTO,2015-11-18,4.25,4.25,4.1,4.25,-5.555556,-0.25,-1,6830,29013.95
ROTO,2015-11-17,4.05,4.05,4.05,4.5,0,0,-1,790,3199.5
ROTO,2015-11-16,4.5,4.5,4.5,4.5,0,0,-1,1,4.5
ROTO,2015-11-15,4.05,4.05,4.05,4.5,0,0,-1,50,202.5
ROTO,2015-11-12,4.05,4.05,4.05,4.5,0,0,-1,500,2025
ROTO,2015-11-11,4.54,4.54,4.1,4.5,0,0,-1,49,201.34
ROTO,2015-11-10,4.25,4.25,4.25,4.5,0,0,-1,50,212.5
ROTO,2015-11-08,4.6,4.6,4.5,4.5,2.27,0.1,-1,2859,12865.7
ROTO,2015-11-05,4.59,4.59,4.59,4.4,0,0,-1,600,2754
ROTO,2015-11-04,4.58,4.58,4.58,4.4,0,0,-1,2,9.16
ROTO,2015-11-01,4.5,4.5,4.31,4.4,-3.3,-0.15,-1,6850,30153.5
ROTO,2015-10-29,4.56,4.56,4.53,4.55,0.22,0.01,-1,7875,35794
ROTO,2015-10-28,4.65,4.65,4.52,4.54,0.44,0.02,-1,4805,21799.25
ROTO,2015-10-27,4.51,4.51,4.51,4.52,-0.22,0,-1,1500,6765
ROTO,2015-10-26,4.52,4.52,4.51,4.52,0,0,-1,1750,7908.5
ROTO,2015-10-25,4.53,4.53,4.5,4.52,-3.85,-0.18,-1,6100,27556
ROTO,2015-10-22,4.7,4.7,4.69,4.68,0,0,-1,1000,4697
ROTO,2015-10-21,4.72,4.72,4.68,4.68,0,0,-1,2000,9380
ROTO,2015-10-20,4.53,4.53,4.52,4.68,0,0,-1,1500,6792
ROTO,2015-10-19,4.75,4.75,4.51,4.68,7.34,0.32,-1,5200,24328.43
ROTO,2015-10-18,4.4,4.4,4.36,4.36,-6.64,-0.31,-1,3546,15476.56
ROTO,2015-10-15,4.45,4.45,4.43,4.67,0,0,-1,1850,8217
ROTO,2015-10-13,4.68,4.68,4.65,4.67,2.86,0.13,-1,4000,18689.85
ROTO,2015-10-12,4.46,4.46,4.46,4.54,0,0,-1,402,1792.92
ROTO,2015-10-08,4.55,4.55,4.53,4.54,4.37,0.19,-1,3583,16265.15
ROTO,2015-10-07,4.25,4.25,4.25,4.35,0,0,-1,33,140.25
ROTO,2015-09-30,4.58,4.58,4.25,4.35,-1.14,-0.05,-1,3500,15230
ROTO,2015-09-21,4.31,4.31,4.31,4.4,0,0,-1,308,1327.48
ROTO,2015-09-20,4.5,4.5,4.3,4.4,0,0,-1,1300,5790
ROTO,2015-09-17,4.46,4.46,4.28,4.4,-3.72,-0.17,-1,15903,69937.32
ROTO,2015-09-16,4.47,4.47,4.47,4.57,0,0,-1,500,2235
ROTO,2015-09-15,4.47,4.47,4.47,4.57,0,0,-1,500,2235
ROTO,2015-09-14,4.5,4.5,4.46,4.57,0,0,-1,2035,9086.13
ROTO,2015-09-10,4.63,4.63,4.32,4.57,-1.72,-0.08,-1,3000,13720
ROTO,2015-09-09,4.65,4.65,4.63,4.65,6.9,0.3,-1,10000,46492
ROTO,2015-09-08,4.42,4.42,4.24,4.35,-3.76,-0.17,-1,4750,20652.5
ROTO,2015-09-07,4.69,4.69,4.41,4.52,-1.31,-0.06,-1,3000,13549.92
ROTO,2015-09-03,4.6,4.6,4.55,4.58,1.78,0.08,-1,5800,26580
ROTO,2015-09-02,4.51,4.51,4.49,4.5,-1.75,-0.08,-1,2917,13119
ROTO,2015-09-01,4.51,4.51,4.28,4.58,0,0,-1,1086,4777.08
ROTO,2015-08-27,4.75,4.75,4.49,4.58,4.57,0.2,-1,2938,13466.5
ROTO,2015-08-26,4.4,4.4,4.01,4.38,0,0,-1,1000,4107.5
ROTO,2015-08-23,4.39,4.39,4.38,4.38,-8.75,-0.42,-1,3000,13150
ROTO,2015-08-19,4.8,4.8,4.8,4.8,-9.94,-0.53,-1,4590,22032
ROTO,2015-08-13,5.3,5.3,5.3,5.33,0,0,-1,500,2650
ROTO,2015-08-12,5.68,5.68,5.06,5.33,-0.744879,-0.04,-1,20449,108953.4
ROTO,2015-08-11,5.46,5.46,5.46,5.37,0,0,-1,1000,5460
ROTO,2015-08-10,5.39,5.39,5.35,5.37,-3.07,-0.17,-1,2500,13433
ROTO,2015-08-09,5.83,5.83,5.38,5.54,2.4,0.13,-1,3100,17168
ROTO,2015-08-05,5.41,5.41,5.41,5.41,-3.39,-0.19,-1,2000,10820
ROTO,2015-08-04,5.86,5.86,5.4,5.6,-2.95,-0.17,-1,9700,54363.8
ROTO,2015-08-02,5.77,5.77,5.77,5.77,6.85,0.37,-1,2850,16444.5
ROTO,2015-07-30,5.75,5.75,5.5,5.4,0,0,-1,881,4908
ROTO,2015-07-29,5.46,5.46,5.4,5.4,-5.76,-0.33,-1,10000,54042
ROTO,2015-07-28,5.77,5.77,5.25,5.73,0,0,-1,1501,8638.35
ROTO,2015-07-26,5.79,5.79,5.7,5.73,6.11,0.33,-1,1745,10006.4
ROTO,2015-07-22,5.68,5.68,5.32,5.4,0,0,-1,550,3016
ROTO,2015-07-21,5.73,5.73,5.73,5.4,0,0,-1,5,28.65
ROTO,2015-07-15,5.41,5.41,5.39,5.4,9.31,0.46,-1,1856,10028.58
ROTO,2015-07-14,5.39,5.39,5,4.94,0,0,-1,1009,5048.51
ROTO,2015-07-12,5.01,5.01,4.9,4.94,-3.14,-0.16,-1,4159,20545
ROTO,2015-07-08,5.55,5.55,5,5.1,-7.27,-0.4,-1,2842,14505.11
ROTO,2015-07-07,5.16,5.16,5.16,5.5,-0.18,0,-1,459,2368.44
ROTO,2015-06-25,5.5,5.5,5.5,5.5,2.23,0.12,-1,5000,27500
ROTO,2015-06-22,5.4,5.4,5.36,5.38,-8.66,-0.51,-1,2202,11840.78
ROTO,2015-06-18,5.91,5.91,5.87,5.89,5.37,0.3,-1,1700,10021
ROTO,2015-06-17,5.66,5.66,5.5,5.59,1.82,0.1,-1,22188,124003.7
ROTO,2015-06-15,5.62,5.62,5.35,5.49,-5.670103,-0.33,-1,9195,50521.47
ROTO,2015-06-14,6.05,6.05,5.62,5.82,0,0,-1,1245,7130.93
ROTO,2015-06-10,5.84,5.84,5.8,5.82,0.34,0.02,-1,7000,40711
ROTO,2015-06-09,5.84,5.84,5.65,5.8,-4.29,-0.26,-1,9500,55060
ROTO,2015-06-07,6,6,5.9,6.06,0,0,-1,840,4957
ROTO,2015-06-03,6.39,6.39,6.02,6.06,-5.75,-0.37,-1,2100,12726.68
ROTO,2015-06-02,6.4,6.4,6.4,6.43,0,0,-1,10,64
ROTO,2015-06-01,6.45,6.45,6.33,6.43,0,0,-1,60,381
ROTO,2015-05-28,6.62,6.62,6.18,6.43,-0.77,-0.05,-1,1800,11570
ROTO,2015-05-27,6.67,6.67,6.41,6.48,1.09,0.07,-1,31364,203140.48
ROTO,2015-05-26,6.67,6.67,6.2,6.41,3.39,0.21,-1,5309,34052.8
ROTO,2015-05-25,6.2,6.2,6.2,6.2,-3.13,-0.2,-1,2365,14663
ROTO,2015-05-24,6.4,6.4,6.37,6.4,0.79,0.05,-1,11600,74182
ROTO,2015-05-21,6.39,6.39,6.35,6.35,1.11,0.07,-1,2500,15887
ROTO,2015-05-20,6.3,6.3,6.24,6.28,3.63,0.22,-1,10500,65982.5
ROTO,2015-05-19,6.29,6.29,5.88,6.06,1.68,0.1,-1,29777,180315.91
ROTO,2015-05-18,5.98,5.98,5.87,5.96,9.56,0.52,-1,2890,17226.3
ROTO,2015-05-17,5.5,5.5,5.4,5.44,-4.39,-0.25,-1,13088,71257.2
ROTO,2015-05-14,5.8,5.8,5.65,5.69,-0.87,-0.05,-1,2455,13968.35
ROTO,2015-05-13,5.8,5.8,5.71,5.74,-2.88,-0.17,-1,6290,36083.65
ROTO,2015-05-12,6.05,6.05,5.76,5.91,1.37,0.08,-1,6465,38206.47
ROTO,2015-05-11,5.94,5.94,5.8,5.83,-1.69,-0.1,-1,12665,73853.7
ROTO,2015-05-10,6,6,5.73,5.93,4.04,0.23,-1,12309,72953
ROTO,2015-05-07,5.75,5.75,5.62,5.7,-3.06,-0.18,-1,5890,33585.7
ROTO,2015-05-06,6.15,6.15,5.79,5.88,1.73,0.1,-1,4000,23520
ROTO,2015-05-05,5.71,5.71,5.71,5.78,0,0,-1,500,2855
ROTO,2015-05-04,5.81,5.81,5.77,5.78,-0.86,-0.05,-1,14100,81494.38
ROTO,2015-05-03,5.86,5.86,5.79,5.83,-0.17,-0.01,-1,9230,53781.1
ROTO,2015-04-30,5.91,5.91,5.74,5.84,2.1,0.12,-1,18000,105047.03
ROTO,2015-04-29,5.77,5.77,5.6,5.72,-0.35,-0.02,-1,6420,36691.4
ROTO,2015-04-28,5.84,5.84,5.68,5.74,-8.6,-0.54,-1,11998,68909.578125
ROTO,2015-04-27,6.4,6.4,6.22,6.28,-3.98,-0.26,-1,3724,23383.279297
ROTO,2015-04-26,6.42,6.42,6.4,6.54,0,0,-1,1125,7210
ROTO,2015-04-23,6.69,6.69,6.41,6.54,1.08,0.07,-1,6323,41348.121094
ROTO,2015-04-22,6.5,6.5,6.4,6.47,0.62,0.04,-1,7966,51507.679688
ROTO,2015-04-21,6.51,6.51,6.4,6.43,-1.23,-0.08,-1,20546,132125.0625
ROTO,2015-04-20,6.7,6.7,6.5,6.51,-2.4,-0.16,-1,32886,214214.765625
ROTO,2015-04-19,6.7,6.7,6.62,6.67,-1.62,-0.11,-1,4276,28526.880859
ROTO,2015-04-16,7.05,7.05,6.65,6.78,3.51,0.23,-1,4259,28868.849609
ROTO,2015-04-15,6.6,6.6,6.4,6.55,-0.76,-0.05,-1,2901,19012.400391
ROTO,2015-04-14,6.79,6.79,6.6,6.6,0,0,-1,1265,8393.200195
ROTO,2015-04-09,6.66,6.66,6.66,6.6,0,0,-1,499,3323.340088
ROTO,2015-04-07,6.64,6.64,6.55,6.6,0.61,0.04,-1,8801,58107.050781
ROTO,2015-04-06,6.67,6.67,6.5,6.56,-4.51,-0.31,-1,4620,30291.199219
ROTO,2015-04-02,6.89,6.89,6.75,6.87,0.15,0.01,-1,16924,116337
ROTO,2015-04-01,6.9,6.9,6.8,6.86,-0.44,-0.03,-1,5710,39169.5
ROTO,2015-03-31,7,7,6.8,6.89,-1.43,-0.1,-1,12550,86468.796875
ROTO,2015-03-30,7.19,7.19,6.8,6.99,1.3,0.09,-1,44415,310636.1875
ROTO,2015-03-29,6.9,6.9,6.88,6.9,4.07,0.27,-1,16600,114524.703125
ROTO,2015-03-26,6.7,6.7,6.6,6.63,0.3,0.02,-1,2299,15251.650391
ROTO,2015-03-25,6.72,6.72,6.5,6.61,-4.89,-0.34,-1,15975,105643.25
ROTO,2015-03-24,6.91,6.91,6.71,6.95,0,0,-1,1150,7916.5
ROTO,2015-03-23,7,7,6.72,6.95,2.81,0.19,-1,19008,132113.0625
ROTO,2015-03-22,7,7,6.67,6.76,-1.74,-0.12,-1,6610,44653.738281
ROTO,2015-03-19,7,7,6.8,6.88,-2.41,-0.17,-1,16417,113013.851563
ROTO,2015-03-18,6.87,6.87,6.86,7.05,0,0,-1,1126,7726.620117
ROTO,2015-03-17,7.15,7.15,7,7.05,0,0,-1,9630,67909.398438
ROTO,2015-03-16,6.88,6.88,6.81,7.05,0,0,-1,985,6716.959961
ROTO,2015-03-15,7.1,7.1,7.03,7.05,-0.28,-0.02,-1,9034,63717.769531
ROTO,2015-03-12,7.18,7.18,7.01,7.07,-0.84,-0.06,-1,1800,12730
ROTO,2015-03-11,7.2,7.2,7.02,7.13,0.71,0.05,-1,13135,93697.117188
ROTO,2015-03-10,7.1,7.1,7.02,7.08,-0.42,-0.03,-1,7112,50324.519531
ROTO,2015-03-09,7.2,7.2,7.04,7.11,-0.7,-0.05,-1,19706,140030.34375
ROTO,2015-03-08,7.27,7.27,7.15,7.16,-1.65,-0.12,-1,11790,84462.523438
ROTO,2015-03-05,7.32,7.32,7.13,7.28,1.53,0.11,-1,9705,70661.742188
ROTO,2015-03-04,7.29,7.29,7.07,7.17,3.91,0.27,-1,15135,108551.5625
ROTO,2015-03-03,6.91,6.91,6.9,6.9,0.73,0.05,-1,2792,19269.800781
ROTO,2015-03-02,7,7,6.81,6.85,1.78,0.12,-1,5250,35936.25
ROTO,2015-03-01,6.89,6.89,6.6,6.73,-0.59,-0.04,-1,3020,20312.5
ROTO,2015-02-26,6.73,6.73,6.56,6.77,0,0,-1,735,4839.850098
ROTO,2015-02-25,6.77,6.77,6.76,6.77,-1.74,-0.12,-1,2055,13902.349609
ROTO,2015-02-24,6.92,6.92,6.85,6.89,-0.29,-0.02,-1,6754,46527.558594
ROTO,2015-02-23,7,7,6.74,6.91,0.58,0.04,-1,6301,43545.050781
ROTO,2015-02-22,7,7,6.73,6.87,1.18,0.08,-1,6962,47862.46875
ROTO,2015-02-19,6.8,6.8,6.78,6.79,0.59,0.04,-1,5000,33945
ROTO,2015-02-17,7.04,7.04,6.73,6.75,-1.75,-0.12,-1,2541,17154.839844
ROTO,2015-02-16,7.06,7.06,6.74,6.87,-2.97,-0.21,-1,5510,37831.898438
ROTO,2015-02-15,7.12,7.12,7.12,7.08,0,0,-1,500,3560
ROTO,2015-02-12,7.26,7.26,7.05,7.08,0.43,0.03,-1,4200,29722.550781
ROTO,2015-02-11,7.14,7.14,6.9,7.05,-2.22,-0.16,-1,11350,80036.78125
ROTO,2015-02-10,7.26,7.26,7.14,7.21,-2.83,-0.21,-1,8600,61973
ROTO,2015-02-08,7.48,7.48,7.26,7.42,2.34,0.17,-1,2900,21505.300781
ROTO,2015-02-05,7.31,7.31,7.22,7.25,-2.16,-0.16,-1,3400,24663.720703
ROTO,2015-02-04,7.54,7.54,7.4,7.41,-0.27,-0.02,-1,3500,25930.140625
ROTO,2015-02-03,7.5,7.5,7.3,7.43,-0.54,-0.04,-1,9350,69448
ROTO,2015-02-01,7.11,7.11,7.09,7.47,0,0,-1,500,3553
ROTO,2015-01-29,7.6,7.6,7.35,7.47,2.61,0.19,-1,6125,45768.75
ROTO,2015-01-28,7.3,7.3,7.23,7.28,-0.95,-0.07,-1,8000,58274
ROTO,2015-01-27,7.5,7.5,7.3,7.35,-2.26,-0.17,-1,22794,167509.484375
ROTO,2015-01-26,7.33,7.33,7.32,7.52,0,0,-1,1000,7323.799805
ROTO,2015-01-22,7.59,7.59,7.3,7.52,2.31,0.17,-1,9056,68063.953125
ROTO,2015-01-21,7.39,7.39,7.18,7.35,0,0,-1,950,6878
ROTO,2015-01-20,7.45,7.45,7.15,7.35,1.52,0.11,-1,7334,53869.300781
ROTO,2015-01-19,7.46,7.46,7,7.24,-0.96,-0.07,-1,11900,86118.101563
ROTO,2015-01-18,7.6,7.6,7.21,7.31,-2.53,-0.19,-1,20300,148409
ROTO,2015-01-15,7.67,7.67,7.36,7.5,-2.22,-0.17,-1,5500,41250.199219
ROTO,2015-01-14,7.7,7.7,7.55,7.67,2.54,0.19,-1,4750,36455.5
ROTO,2015-01-13,7.7,7.7,7.29,7.48,0.94,0.07,-1,15400,115163.25
ROTO,2015-01-12,7.47,7.47,7.33,7.41,1.37,0.1,-1,5725,42418.949219
ROTO,2015-01-11,7.33,7.33,7.29,7.31,-3.18,-0.24,-1,5650,41292.5
ROTO,2015-01-08,7.75,7.75,7.35,7.55,-1.82,-0.14,-1,12885,97317.898438
ROTO,2015-01-05,7.7,7.7,7.45,7.69,5.2,0.38,-1,11825,90911.25
ROTO,2015-01-04,7.37,7.37,7.24,7.31,-1.62,-0.12,-1,5000,36542
ROTO,2014-12-31,7.54,7.54,7.31,7.43,-1.46,-0.11,-1,31180,231731.796875
ROTO,2014-12-30,7.7,7.7,7.31,7.54,0.67,0.05,-1,10740,80996.851563
ROTO,2014-12-29,7.58,7.58,7.45,7.49,2.18,0.16,-1,23950,179382.703125
ROTO,2014-12-28,7.49,7.49,7.2,7.33,0.55,0.04,-1,28250,206963.765625
ROTO,2014-12-25,7.33,7.33,7.26,7.29,-3.57,-0.27,-1,6300,45926.640625
ROTO,2014-12-24,7.64,7.64,7.36,7.56,3.14,0.23,-1,1600,12089.400391
ROTO,2014-12-23,7.5,7.5,7.25,7.33,-3.17,-0.24,-1,6650,48758.589844
ROTO,2014-12-22,7.69,7.69,7.2,7.57,0,0,-1,11601,87856.859375
ROTO,2014-12-21,7.7,7.7,7.39,7.57,4.85,0.35,-1,11780,89178.398438
ROTO,2014-12-18,7.38,7.38,7.12,7.22,6.33,0.43,-1,11310,81614.382813
ROTO,2014-12-17,7.37,7.37,6.68,6.79,-8.12,-0.6,-1,58447,396855.09375
ROTO,2014-12-16,7.56,7.56,7.22,7.39,-5.98,-0.47,-1,7712,57026.121094
ROTO,2014-12-15,8,8,7.59,7.86,2.75,0.21,-1,11555,90856.710938
ROTO,2014-12-14,7.89,7.89,7.22,7.65,-4.02,-0.32,-1,22139,169431.59375
ROTO,2014-12-11,8.12,8.12,7.82,7.97,-3.16,-0.26,-1,19882,158502.203125
ROTO,2014-12-10,8.39,8.39,8.14,8.23,-0.84,-0.07,-1,5595,46039.148438
ROTO,2014-12-09,8.55,8.55,8.12,8.3,-3.15,-0.27,-1,44756,371405.1875
ROTO,2014-12-08,8.58,8.58,8.54,8.57,-1.83,-0.16,-1,13700,117344.75
ROTO,2014-12-07,9.06,9.06,8.52,8.73,-3,-0.27,-1,60398,527375.8125
ROTO,2014-12-04,9.15,9.15,8.8,9,2.27,0.2,-1,41794,376313.875
ROTO,2014-12-03,9.13,9.13,8.05,8.8,6.02,0.5,-1,119385,1050262.25
ROTO,2014-12-02,8.59,8.59,8.03,8.3,1.34,0.11,-1,23900,198253.796875
ROTO,2014-12-01,8.25,8.25,8.13,8.19,-1.21,-0.1,-1,4813,39400.550781
ROTO,2014-11-30,8.5,8.5,8.05,8.29,2.73,0.22,-1,34575,286479.625
ROTO,2014-11-27,8.1,8.1,8.02,8.07,-0.25,-0.02,-1,6400,51650.5
ROTO,2014-11-26,8.3,8.3,8,8.09,1.25,0.1,-1,13891,112370.59375
ROTO,2014-11-25,8.17,8.17,7.9,7.99,-0.75,-0.06,-1,5095,40703.03125
ROTO,2014-11-24,8.02,8.02,8.01,8.05,0,0,-1,1150,9213
ROTO,2014-11-23,8.13,8.13,8.01,8.05,-1.71,-0.14,-1,10700,86082.5
ROTO,2014-11-20,8.39,8.39,8.02,8.19,0,0,-1,36573,299671.46875
ROTO,2014-11-19,8.3,8.3,7.9,8.19,0.61,0.05,-1,10660,87307.203125
ROTO,2014-11-18,8.21,8.21,8.1,8.14,0,0,-1,11945,97178.296875
ROTO,2014-11-17,8.22,8.22,8.07,8.14,-1.21,-0.1,-1,17205,140036.453125
ROTO,2014-11-16,8.38,8.38,8.16,8.24,0.86,0.07,-1,12635,104156.296875
ROTO,2014-11-13,8.31,8.31,8,8.17,-1.57,-0.13,-1,11209,91531.390625
ROTO,2014-11-12,8.55,8.55,8.1,8.3,-3.71,-0.32,-1,22296,185052.65625
ROTO,2014-11-11,8.8,8.8,8.38,8.62,4.48,0.37,-1,35987,310164.75
ROTO,2014-11-10,8.47,8.47,8.14,8.25,1.35,0.11,-1,12242,101033.617188
ROTO,2014-11-09,8.2,8.2,8.12,8.14,0.49,0.04,-1,11060,90062.796875
ROTO,2014-11-06,8.12,8.12,8.08,8.1,-1.22,-0.1,-1,2550,20659
ROTO,2014-11-05,8.22,8.22,8.11,8.2,-0.85,-0.07,-1,6850,56141.109375
ROTO,2014-11-04,8.49,8.49,8.02,8.27,-1.78,-0.15,-1,34444,284944.65625
ROTO,2014-11-03,8.54,8.54,8.33,8.42,0,0,-1,366,3089.280029
ROTO,2014-11-02,8.58,8.58,8.21,8.42,2.18,0.18,-1,27060,227977.84375
ROTO,2014-10-30,8.35,8.35,7.96,8.24,3,0.24,-1,8781,72327.351563
ROTO,2014-10-29,8.05,8.05,7.96,8,0.13,0.01,-1,3351,26815.460938
ROTO,2014-10-28,8,8,7.94,7.99,4.31,0.33,-1,2389,19076.759766
ROTO,2014-10-27,7.8,7.8,7.58,7.66,-1.29,-0.1,-1,5250,40207.921875
ROTO,2014-10-26,8,8,7.5,7.76,-3.48,-0.28,-1,8700,67493.40625
ROTO,2014-10-23,8.11,8.11,8,8.04,-2.43,-0.2,-1,15900,127854.8125
ROTO,2014-10-22,8.48,8.48,8.06,8.24,2.36,0.19,-1,11750,96866.5
ROTO,2014-10-21,8.15,8.15,7.83,8.05,5.23,0.4,-1,10474,84357.101563
ROTO,2014-10-20,7.98,7.98,7.51,7.65,0,0,-1,1050,8029
ROTO,2014-10-19,7.72,7.72,7.41,7.65,-3.41,-0.27,-1,7100,54304.699219
ROTO,2014-10-16,8.25,8.25,7.87,7.92,-9.28,-0.81,-1,32051,253999.375
ROTO,2014-10-15,8.74,8.74,8.73,8.73,5.31,0.44,-1,1200,10478
ROTO,2014-10-14,8.84,8.84,8.15,8.29,-2.36,-0.2,-1,27260,226068.15625
ROTO,2014-10-13,8.53,8.53,8.45,8.49,-4.07,-0.36,-1,6310,53601.101563
ROTO,2014-10-12,9,9,8.53,8.85,-1.56,-0.14,-1,15343,135782.140625
ROTO,2014-10-09,9.09,9.09,8.81,8.99,0.22,0.02,-1,17026,152993.4375
ROTO,2014-10-08,9,9,8.75,8.97,2.28,0.2,-1,11212,100557.203125
ROTO,2014-10-02,9,9,8.68,8.77,-1.46,-0.13,-1,4040,35421.898438
ROTO,2014-10-01,9,9,8.45,8.9,2.3,0.2,-1,17665,157187.046875
ROTO,2014-09-30,8.75,8.75,8.55,8.7,4.07,0.34,-1,10600,92223.328125
ROTO,2014-09-29,8.4,8.4,8.34,8.36,0.84,0.07,-1,2600,21730
ROTO,2014-09-28,8.52,8.52,8.22,8.29,-3.04,-0.26,-1,11850,98281.203125
ROTO,2014-09-25,8.79,8.79,8.35,8.55,-1.61,-0.14,-1,35977,307554.25
ROTO,2014-09-24,8.46,8.46,8.45,8.69,0,0,-1,680,5751
ROTO,2014-09-23,8.8,8.8,8.49,8.69,4.83,0.4,-1,21800,189363.25
ROTO,2014-09-22,8.58,8.58,8.1,8.29,-2.71,-0.23,-1,18770,155657.6875
ROTO,2014-09-21,8.56,8.56,8.42,8.5,-1.97,-0.17,-1,28763,244428.78125
ROTO,2014-09-18,8.79,8.79,8.48,8.63,0.12,0.01,-1,6083,52485.570313
ROTO,2014-09-17,8.8,8.8,8.55,8.62,-1.82,-0.16,-1,2000,17242.099609
ROTO,2014-09-16,8.8,8.8,8.6,8.78,0.57,0.05,-1,6275,55091.648438
ROTO,2014-09-15,8.85,8.85,8.46,8.73,1.63,0.14,-1,8971,78303
ROTO,2014-09-14,8.36,8.36,8.35,8.59,0,0,-1,500,4179
ROTO,2014-09-11,8.7,8.7,8.5,8.59,0,0,-1,3293,28303
ROTO,2014-09-10,9,9,8.51,8.59,-3.37,-0.3,-1,12536,107646
ROTO,2014-09-09,9,9,8.07,8.89,-0.78,-0.07,-1,32515,289011
ROTO,2014-09-08,9.02,9.02,8.88,8.96,-1.1,-0.1,-1,8870,79445
ROTO,2014-09-07,9.37,9.37,9,9.06,-0.33,-0.03,-1,15905,144148.703125
ROTO,2014-09-04,9.43,9.43,8.96,9.09,-1.62,-0.15,-1,34780,316238.4375
ROTO,2014-09-03,9.34,9.34,9.21,9.24,-1.81,-0.17,-1,17905,165504.09375
ROTO,2014-09-02,9.48,9.48,9.21,9.41,0.64,0.06,-1,10620,99938
ROTO,2014-09-01,9.49,9.49,9.28,9.35,1.08,0.1,-1,12344,115386.726563
ROTO,2014-08-31,9.41,9.41,9.11,9.25,-1.91,-0.18,-1,35050,324290.1875
ROTO,2014-08-28,9.59,9.59,9.34,9.43,-0.11,-0.01,-1,12502,117883.828125
ROTO,2014-08-27,9.6,9.6,9.3,9.44,-0.63,-0.06,-1,20528,193771.765625
ROTO,2014-08-26,9.9,9.9,9.43,9.5,-2.46,-0.24,-1,24343,231359.921875
ROTO,2014-08-25,9.95,9.95,9.5,9.74,2.85,0.27,-1,57750,562233.9375
ROTO,2014-08-24,9.69,9.69,9.2,9.47,3.5,0.32,-1,26811,254016.34375
ROTO,2014-08-21,9.44,9.44,9,9.15,-0.22,-0.02,-1,45813,419339.59375
ROTO,2014-08-20,9.35,9.35,9.04,9.17,-1.08,-0.1,-1,29800,273170.71875
ROTO,2014-08-19,9.35,9.35,9.2,9.27,-1.49,-0.14,-1,19025,176325.046875
ROTO,2014-08-18,9.58,9.58,9.24,9.41,-1.77,-0.17,-1,13441,126506.3125
ROTO,2014-08-17,9.84,9.84,9.21,9.58,4.24,0.39,-1,65976,632208.5625
ROTO,2014-08-14,9.29,9.29,9,9.19,2.68,0.24,-1,35655,327681.03125
ROTO,2014-08-13,9.17,9.17,8.93,8.95,-0.22,-0.02,-1,3000,26857.679688
ROTO,2014-08-12,9.1,9.1,8.9,8.97,-2.39,-0.22,-1,22000,197249.59375
ROTO,2014-08-11,9.26,9.26,8.94,9.19,1.55,0.14,-1,16116,148047.53125
ROTO,2014-08-10,9.12,9.12,8.95,9.05,-0.44,-0.04,-1,9150,82830.101563
ROTO,2014-08-07,9.25,9.25,8.86,9.09,2.94,0.26,-1,11950,108641
ROTO,2014-08-06,8.87,8.87,8.8,8.83,-1.45,-0.13,-1,6000,52970.800781
ROTO,2014-08-05,9.01,9.01,8.81,8.96,-1.1,-0.1,-1,6891,61766.921875
ROTO,2014-08-04,9.24,9.24,9.04,9.06,-0.11,-0.01,-1,16150,146318.5
ROTO,2014-08-03,9.26,9.26,8.81,9.07,-1.2,-0.11,-1,14277,129429.4375
ROTO,2014-07-31,9.25,9.25,9,9.18,2.34,0.21,-1,19703,180821.796875
ROTO,2014-07-27,9.1,9.1,8.83,8.98,0.79,0.07,-1,3750,33685
ROTO,2014-07-24,9.11,9.11,8.81,8.91,1.6,0.14,-1,6350,56607.660156
ROTO,2014-07-22,8.78,8.78,8.75,8.77,0.57,0.05,-1,4289,37615.328125
ROTO,2014-07-21,8.84,8.84,8.7,8.72,-0.57,-0.05,-1,6800,59314.5
ROTO,2014-07-20,8.84,8.84,8.71,8.77,-1.02,-0.09,-1,2630,23059.5
ROTO,2014-07-17,9.03,9.03,8.66,8.86,0.34,0.03,-1,3000,26590.5
ROTO,2014-07-16,8.95,8.95,8.81,8.83,-1.12,-0.1,-1,4410,38922.660156
ROTO,2014-07-15,9.04,9.04,8.83,8.93,-0.45,-0.04,-1,4215,37651.929688
ROTO,2014-07-14,9.08,9.08,8.75,8.97,2.28,0.2,-1,7216,64762.5
ROTO,2014-07-13,8.9,8.9,8.71,8.77,0.92,0.08,-1,3000,26309
ROTO,2014-07-10,8.8,8.8,8.63,8.69,-0.46,-0.04,-1,4200,36482
ROTO,2014-07-09,9.05,9.05,8.67,8.73,-0.46,-0.04,-1,24007,209613.234375
ROTO,2014-07-08,9.05,9.05,8.66,8.77,-3.2,-0.29,-1,26389,231368.734375
ROTO,2014-07-07,9.1,9.1,9.03,9.06,0.78,0.07,-1,2001,18137.929688
ROTO,2014-07-06,9,9,8.95,8.99,2.28,0.2,-1,5000,44928.5
ROTO,2014-07-03,8.65,8.65,8.62,8.79,0,0,-1,550,4756
ROTO,2014-07-02,8.88,8.88,8.52,8.79,3.41,0.29,-1,10127,89061.507813
ROTO,2014-06-30,8.51,8.51,8.5,8.5,1.55,0.13,-1,5700,48457
ROTO,2014-06-26,8.5,8.5,8.25,8.37,5.55,0.44,-1,10435,87354.75
ROTO,2014-06-25,7.94,7.94,7.92,7.93,-4.23,-0.35,-1,2000,15855
ROTO,2014-06-24,8.42,8.42,8.11,8.28,-4.61,-0.4,-1,15750,130403
ROTO,2014-06-23,8.71,8.71,8.52,8.68,-1.92,-0.17,-1,13052,113348.96875
ROTO,2014-06-22,8.98,8.98,8.35,8.85,5.86,0.49,-1,20390,180544.265625
ROTO,2014-06-19,8.79,8.79,8.3,8.36,-1.76,-0.15,-1,11580,96810.351563
ROTO,2014-06-18,8.52,8.52,8.5,8.51,0.12,0.01,-1,4250,36160
ROTO,2014-06-17,8.8,8.8,8.38,8.5,-3.63,-0.32,-1,7300,62070
ROTO,2014-06-16,8.92,8.92,8.5,8.82,-5.57,-0.52,-1,5150,45403.171875
ROTO,2014-06-15,9.36,9.36,9.32,9.34,2.19,0.2,-1,5000,46700.421875
ROTO,2014-06-12,9.35,9.35,8.85,9.14,1.56,0.14,-1,12950,118408.898438
ROTO,2014-06-11,9.02,9.02,9,9,0.11,0.01,-1,4550,40956.101563
ROTO,2014-06-10,9,9,8.95,8.99,-0.88,-0.08,-1,3697,33248
ROTO,2014-06-09,9.18,9.18,9,9.07,-2.68,-0.25,-1,8650,78471
ROTO,2014-06-05,9.45,9.45,8.99,9.32,4.72,0.42,-1,29330,273294.46875
ROTO,2014-06-04,8.99,8.99,8.4,8.9,0.56,0.05,-1,5960,53033.699219
ROTO,2014-06-03,9.2,9.2,8.41,8.85,0.8,0.07,-1,16385,144950.890625
ROTO,2014-06-02,8.98,8.98,8.56,8.78,5.15,0.43,-1,6561,57627.410156
ROTO,2014-06-01,8.58,8.58,8.19,8.35,-8.14,-0.74,-1,4752,39668.398438
ROTO,2014-05-29,9.31,9.31,8.76,9.09,-6.48,-0.63,-1,20215,183711.953125
ROTO,2014-05-28,9.88,9.88,9.5,9.72,-1.22,-0.12,-1,5900,57366.730469
ROTO,2014-05-26,10,10,9.61,9.84,-1.11,-0.11,-1,32157,316502.84375
ROTO,2014-05-25,10.04,10.04,9.7,9.95,5.29,0.5,-1,27411,272813.96875
ROTO,2014-05-22,9.6,9.6,9.28,9.45,0.11,0.01,-1,16700,157762.4375
ROTO,2014-05-21,9.6,9.6,9.33,9.44,-1.77,-0.17,-1,3900,36825.5
ROTO,2014-05-20,10,10,9.33,9.61,1.05,0.1,-1,18936,182028.046875
ROTO,2014-05-19,9.75,9.75,9.3,9.51,4.97,0.45,-1,58115,552537.125
ROTO,2014-05-18,9.15,9.15,8.87,9.06,1.91,0.17,-1,16925,153259.796875
ROTO,2014-05-15,9.04,9.04,8.85,8.89,0,0,-1,5150,45806.300781
ROTO,2014-05-14,9.05,9.05,8.6,8.89,3.25,0.28,-1,21375,190087.8125
ROTO,2014-05-13,8.92,8.92,8.48,8.61,0.12,0.01,-1,28306,243745.6875
ROTO,2014-05-11,8.62,8.62,8.56,8.6,-0.81,-0.07,-1,6113,52545.171875
ROTO,2014-05-08,8.72,8.72,8.62,8.67,-3.34,-0.3,-1,6900,59789.800781
ROTO,2014-05-07,9.1,9.1,8.64,8.97,-0.22,-0.02,-1,13283,119186.226563
ROTO,2014-05-06,9.05,9.05,8.75,8.99,0.11,0.01,-1,16325,146723.484375
ROTO,2014-05-05,9.12,9.12,8.6,8.98,4.54,0.39,-1,23750,213330.703125
ROTO,2014-05-04,8.65,8.65,8.38,8.59,-3.05,-0.27,-1,12100,103996.609375
ROTO,2014-04-30,8.98,8.98,8.62,8.86,1.72,0.15,-1,8365,74131.351563
ROTO,2014-04-29,9,9,8.56,8.71,-4.29,-0.39,-1,10915,95046.601563
ROTO,2014-04-28,8.8,8.8,8.8,9.1,0,0,-1,340,2992
ROTO,2014-04-27,9.33,9.33,9,9.1,2.59,0.23,-1,11147,101406.578125
ROTO,2014-04-23,9.07,9.07,8.66,8.87,-2.31,-0.21,-1,13605,120736.898438
ROTO,2014-04-22,9.27,9.27,8.87,9.08,4.61,0.4,-1,25910,235177.40625
ROTO,2014-04-17,8.79,8.79,8.55,8.68,3.21,0.27,-1,11830,102626.28125
ROTO,2014-04-16,8.47,8.47,8.3,8.41,-1.06,-0.09,-1,26400,221943.625
ROTO,2014-04-15,8.69,8.69,8.33,8.5,3.91,0.32,-1,16679,141842.0625
ROTO,2014-04-14,8.27,8.27,8.1,8.18,0.25,0.02,-1,30274,247648.0625
ROTO,2014-04-13,8.26,8.26,8.07,8.16,-3.43,-0.29,-1,13129,107126.726563
ROTO,2014-04-10,8.65,8.65,8.26,8.45,1.2,0.1,-1,19260,162721.328125
ROTO,2014-04-09,8.5,8.5,8.13,8.35,0.6,0.05,-1,16216,135476.578125
ROTO,2014-04-08,8.49,8.49,8,8.3,3.75,0.3,-1,22827,189537.859375
ROTO,2014-04-07,8.22,8.22,7.45,8,0.5,0.04,-1,13050,104449.5
ROTO,2014-04-06,8.68,8.68,7.5,7.96,-3.4,-0.28,-1,26038,207333.734375
ROTO,2014-04-03,8.48,8.48,8.01,8.24,-6.36,-0.56,-1,24280,200049.75
ROTO,2014-04-02,9.03,9.03,8.44,8.8,-2.33,-0.21,-1,17750,156266
ROTO,2014-04-01,9.25,9.25,8.99,9.01,0.78,0.07,-1,11819,106516.25
ROTO,2014-03-31,9.44,9.44,8.75,8.94,-7.93,-0.77,-1,31750,283849.09375
ROTO,2014-03-30,9.86,9.86,9.45,9.71,-1.72,-0.17,-1,28869,280264.15625
ROTO,2014-03-27,10.4,10.4,9.33,9.88,-2.76,-0.28,-1,56092,554217.4375
ROTO,2014-03-26,10.44,10.44,10.01,10.16,-0.2,-0.02,-1,26569,269919.1875
ROTO,2014-03-25,10.39,10.39,10.05,10.18,1.19,0.12,-1,50421,513336.34375
ROTO,2014-03-24,10.25,10.25,9.97,10.06,0,0,-1,23905,240550.65625
ROTO,2014-03-23,10.35,10.35,9.98,10.06,-0.3,-0.03,-1,45203,454686.78125
ROTO,2014-03-20,10.24,10.24,10.01,10.09,-0.3,-0.03,-1,27647,278896.75
ROTO,2014-03-19,10.2,10.2,9.9,10.12,-0.78,-0.08,-1,14640,148112.90625
ROTO,2014-03-18,10.3,10.3,10,10.2,1.09,0.11,-1,32980,336520.6875
ROTO,2014-03-17,10.3,10.3,10,10.09,0.5,0.05,-1,24536,247584.65625
ROTO,2014-03-16,10.27,10.27,9.95,10.04,0.2,0.02,-1,34446,345674.5625
ROTO,2014-03-13,10.18,10.18,9.9,10.02,-0.1,-0.01,-1,16928,169599.34375
ROTO,2014-03-12,10.16,10.16,9.83,10.03,-1.28,-0.13,-1,24795,248618.140625
ROTO,2014-03-11,10.4,10.4,10.02,10.16,0.4,0.04,-1,37865,384542.15625
ROTO,2014-03-10,10.37,10.37,9.99,10.12,0.8,0.08,-1,23077,233518.9375
ROTO,2014-03-09,10.11,10.11,10,10.04,0.3,0.03,-1,25236,253416.59
ROTO,2014-03-06,10.22,10.22,9.9,10.01,-3.19,-0.33,-1,55432,554636.5625
ROTO,2014-03-05,10.6,10.6,10.21,10.34,0.88,0.09,-1,28625,296091.25
ROTO,2014-03-04,10.47,10.47,9.92,10.25,1.69,0.17,-1,50035,513041.03125
ROTO,2014-03-03,10.71,10.71,9.81,10.08,-2.89,-0.3,-1,69848,703800.3125
ROTO,2014-03-02,10.5,10.5,10.21,10.38,-1.42,-0.15,-1,43511,451517.25
ROTO,2014-02-27,10.87,10.87,10.37,10.53,-0.09,-0.01,-1,31534,331964.21875
ROTO,2014-02-26,10.95,10.95,10,10.54,4.88,0.49,-1,83748,882748.625
ROTO,2014-02-25,10.29,10.29,9.99,10.05,-3.27,-0.34,-1,77453,778151.9375
ROTO,2014-02-24,10.7,10.7,10.08,10.39,-1.42,-0.15,-1,72830,757002.5625
ROTO,2014-02-23,11.1,11.1,10.25,10.54,-1.310861,-0.14,-1,91126,960638.9375
ROTO,2014-02-20,11,11,10.41,10.68,1.33,0.14,-1,112108,1197264.25
ROTO,2014-02-19,10.96,10.96,10,10.54,5.19,0.52,-1,196667,2073187.375
ROTO,2014-02-18,10.15,10.15,9.8,10.02,3.83,0.37,-1,115499,1157139.5
ROTO,2014-02-17,9.75,9.75,9.21,9.65,1.15,0.11,-1,57070,550631.9375
ROTO,2014-02-16,9.64,9.64,9.43,9.54,0.21,0.02,-1,22630,215902.21875
ROTO,2014-02-13,9.73,9.73,9.35,9.52,0.95,0.09,-1,32506,309447.625
ROTO,2014-02-12,9.47,9.47,9.42,9.43,-0.63,-0.06,-1,16270,153488.40625
ROTO,2014-02-11,9.6,9.6,9.4,9.49,0.64,0.06,-1,29046,275700.3125
ROTO,2014-02-10,9.6,9.6,9.3,9.43,-0.95,-0.09,-1,33850,319141.1875
ROTO,2014-02-09,9.7,9.7,9.4,9.52,1.28,0.12,-1,22670,215714.59375
ROTO,2014-02-06,9.45,9.45,9.38,9.4,0,0,-1,16595,155924.296875
ROTO,2014-02-05,9.65,9.65,9.3,9.4,0.64,0.06,-1,59400,558504
ROTO,2014-02-04,9.59,9.59,9.2,9.34,-1.06,-0.1,-1,60597,566052.0625
ROTO,2014-02-03,9.79,9.79,9.32,9.44,-3.77,-0.37,-1,47238,445822.03125
ROTO,2014-02-02,10.07,10.07,9.5,9.81,-3.06,-0.31,-1,80600,790669.9375
ROTO,2014-01-30,10.26,10.26,9.9,10.12,4.33,0.42,-1,130613,1321404.25
ROTO,2014-01-29,9.9,9.9,9.31,9.7,0.62,0.06,-1,111502,1081770.375
ROTO,2014-01-28,9.9,9.9,9.3,9.64,3.32,0.31,-1,95343,919382.375
ROTO,2014-01-27,9.47,9.47,8.84,9.33,8.36,0.72,-1,182437,1702581.875
ROTO,2014-01-26,8.86,8.86,8.47,8.61,-0.35,-0.03,-1,12850,110615.359375
ROTO,2014-01-23,8.7,8.7,8.57,8.64,-0.23,-0.02,-1,10691,92399.179688
ROTO,2014-01-22,8.89,8.89,8.47,8.66,-0.46,-0.04,-1,15195,131601.09375
ROTO,2014-01-21,8.87,8.87,8.44,8.7,0.69,0.06,-1,10751,93581.539063
ROTO,2014-01-20,8.88,8.88,8.45,8.64,2.37,0.2,-1,10000,86408
ROTO,2014-01-19,8.65,8.65,8.28,8.44,-3.21,-0.28,-1,26833,226478.796875
ROTO,2014-01-16,9,9,8.15,8.72,-3.65,-0.33,-1,63713,555443
ROTO,2014-01-15,9.19,9.19,8.91,9.05,-0.11,-0.01,-1,26700,241525.84375
ROTO,2014-01-14,9.48,9.48,8.98,9.06,-0.98,-0.09,-1,177270,1605323.875
ROTO,2014-01-12,9.43,9.43,8.94,9.15,-2.87,-0.27,-1,104125,952252.0625
ROTO,2014-01-09,9.6,9.6,9.3,9.42,1.51,0.14,-1,53706,505909.28125
ROTO,2014-01-08,9.51,9.51,8.65,9.28,7.28,0.63,-1,306962,2849333.75
ROTO,2014-01-06,8.75,8.75,8.57,8.65,-0.23,-0.02,-1,33016,285575.375
ROTO,2014-01-05,8.79,8.79,8.59,8.67,1.76,0.15,-1,24860,215593.65625
ROTO,2014-01-02,8.6,8.6,8.3,8.52,2.4,0.2,-1,26340,224335.25
ROTO,2013-12-31,8.55,8.55,8.17,8.32,0.12,0.01,-1,30127,250778.734375
ROTO,2013-12-30,8.42,8.42,8.23,8.31,-0.84,-0.07,-1,12760,106077.601563
ROTO,2013-12-29,8.59,8.59,8.22,8.38,1.95,0.16,-1,52390,439204.84375
ROTO,2013-12-26,8.42,8.42,8.15,8.22,-0.6,-0.05,-1,19922,163727.171875
ROTO,2013-12-25,8.44,8.44,8.17,8.27,-0.48,-0.04,-1,44395,367212.875
ROTO,2013-12-24,8.49,8.49,8.21,8.31,-0.95,-0.08,-1,15854,131747.046875
ROTO,2013-12-23,8.6,8.6,8.25,8.39,-2.44,-0.21,-1,32344,271406.9375
ROTO,2013-12-22,8.75,8.75,8.34,8.6,-2.6,-0.23,-1,31571,271408.78125
ROTO,2013-12-19,9.04,9.04,8.6,8.83,1.73,0.15,-1,80877,713964.75
ROTO,2013-12-18,8.93,8.93,8.28,8.68,3.83,0.32,-1,140316,1218222.375
ROTO,2013-12-17,8.44,8.44,8.14,8.36,1.95,0.16,-1,35335,295408.75
ROTO,2013-12-16,8.31,8.31,8.11,8.2,0.74,0.06,-1,15880,130242.109375
ROTO,2013-12-15,8.37,8.37,8.05,8.14,0.12,0.01,-1,21162,172258.703125
ROTO,2013-12-12,8.29,8.29,8.02,8.13,0.87,0.07,-1,54363,442240.0625
ROTO,2013-12-11,8.2,8.2,7.98,8.06,0.12,0.01,-1,7294,58753.710938
ROTO,2013-12-10,8.18,8.18,7.94,8.05,1.39,0.11,-1,6800,54716.699219
ROTO,2013-12-09,8.15,8.15,7.81,7.94,-3.05,-0.25,-1,11282,89574.742188
ROTO,2013-12-08,8.4,8.4,8.1,8.19,4.07,0.32,-1,30318,248412.25
ROTO,2013-12-05,8.09,8.09,7.82,7.87,0.64,0.05,-1,8884,69958.179688
ROTO,2013-12-04,7.95,7.95,7.78,7.82,0.39,0.03,-1,7582,59293.460938
ROTO,2013-12-03,7.95,7.95,7.7,7.79,-1.64,-0.13,-1,10093,78615.976563
ROTO,2013-12-02,8.13,8.13,7.8,7.92,-4.69,-0.39,-1,41935,331953.125
ROTO,2013-12-01,8.39,8.39,8.12,8.31,1.59,0.13,-1,3000,24930
ROTO,2013-11-28,8.44,8.44,7.75,8.18,0.99,0.08,-1,24928,204019.203125
ROTO,2013-11-27,8.37,8.37,7.82,8.1,-1.7,-0.14,-1,27975,226587.609375
ROTO,2013-11-26,8.45,8.45,8.03,8.24,-0.12,-0.01,-1,28925,238441.25
ROTO,2013-11-25,8.28,8.28,8.21,8.25,-2.25,-0.19,-1,11969,98702.007813
ROTO,2013-11-24,8.5,8.5,8.39,8.44,-0.71,-0.06,-1,15159,127926.460938
ROTO,2013-11-21,8.62,8.62,8.39,8.5,-1.28,-0.11,-1,17030,144681.5
ROTO,2013-11-20,8.73,8.73,8.45,8.61,1.89,0.16,-1,33638,289618.78125
ROTO,2013-11-19,8.56,8.56,8.33,8.45,-0.24,-0.02,-1,35450,299411.59375
ROTO,2013-11-18,8.58,8.58,8.32,8.47,1.07,0.09,-1,17696,149817.1875
ROTO,2013-11-17,8.63,8.63,8.23,8.38,-0.48,-0.04,-1,32057,268683.88
ROTO,2013-11-14,8.7,8.7,8.22,8.42,-1.29,-0.11,-1,48276,406668.6875
ROTO,2013-11-13,8.7,8.7,8.38,8.53,-1.84,-0.16,-1,21078,179892.65625
ROTO,2013-11-12,8.95,8.95,8.5,8.69,-2.69,-0.24,-1,71753,623280.75
ROTO,2013-11-11,9.15,9.15,8.76,8.93,-1.33,-0.12,-1,10084,90088.351563
ROTO,2013-11-10,9.29,9.29,8.78,9.05,-0.33,-0.03,-1,117254,1060600.375
ROTO,2013-11-07,9.32,9.32,9,9.08,0,0,-1,66214,601414.9375
ROTO,2013-11-06,9.34,9.34,9,9.08,0.44,0.04,-1,94843,861392.375
ROTO,2013-11-04,9.2,9.2,8.84,9.04,0.56,0.05,-1,49049,443511.4375
ROTO,2013-11-03,9.27,9.27,8.8,8.99,2.16,0.19,-1,49956,449008.65625
ROTO,2013-10-31,9.03,9.03,8.61,8.8,-1.12,-0.1,-1,37190,327194.875
ROTO,2013-10-30,9.1,9.1,8.76,8.9,-0.78,-0.07,-1,51780,461070.46875
ROTO,2013-10-29,9.35,9.35,8.85,8.97,0.11,0.01,-1,42752,383642.28125
ROTO,2013-10-28,9.25,9.25,8.75,8.96,-5.98,-0.57,-1,89857,805157.9375
ROTO,2013-10-27,9.75,9.75,9.2,9.53,6.6,0.59,-1,98843,941622.0625
ROTO,2013-10-24,9.25,9.25,8.36,8.94,5.67,0.48,-1,224440,2007312.625
ROTO,2013-10-23,8.61,8.61,8.28,8.46,-0.82,-0.07,-1,41919,354488.65625
ROTO,2013-10-22,8.7,8.7,8.4,8.53,-1.16,-0.1,-1,52969,452060.3125
ROTO,2013-10-21,8.8,8.8,8.5,8.63,0.23,0.02,-1,59150,510309.71875
ROTO,2013-10-20,8.87,8.87,8.44,8.61,2.38,0.2,-1,75901,653148
ROTO,2013-10-13,8.64,8.64,8.32,8.41,0.24,0.02,-1,53530,450123.3125
ROTO,2013-10-10,8.57,8.57,8.31,8.39,0.48,0.04,-1,77463,650149.375
ROTO,2013-10-09,8.45,8.45,8.23,8.35,-0.71,-0.06,-1,28118,234735.75
ROTO,2013-10-08,8.63,8.63,8.28,8.41,-2.55,-0.22,-1,53201,447676.28125
ROTO,2013-10-07,9.05,9.05,8.48,8.63,-1.93,-0.17,-1,72596,626512.25
ROTO,2013-10-03,9.15,9.15,8.45,8.8,2.68,0.23,-1,109829,966460.5625
ROTO,2013-10-02,8.82,8.82,8.21,8.57,6.86,0.55,-1,173424,1486760.25
ROTO,2013-10-01,8.25,8.25,7.47,8.02,6.51,0.49,-1,188547,1511848.25
ROTO,2013-09-30,7.69,7.69,7.43,7.53,-0.92,-0.07,-1,15053,113366.570313
ROTO,2013-09-29,7.95,7.95,7.44,7.6,-1.68,-0.13,-1,104358,792757.8125
ROTO,2013-09-26,7.89,7.89,7.66,7.73,0.52,0.04,-1,29710,229641.796875
ROTO,2013-09-25,7.94,7.94,7.56,7.66,-2.95,-0.23,-1,53565,410169.84375
ROTO,2013-09-24,8,8,7.52,7.8,-4.69,-0.37,-1,89489,697840.625
ROTO,2013-09-23,8.19,8.19,7.8,7.89,-0.25,-0.02,-1,35578,280623.8125
ROTO,2013-09-22,8.07,8.07,7.42,7.86,6.68,0.49,-1,78487,616904.1875
ROTO,2013-09-19,7.51,7.51,7.3,7.34,-2.65,-0.2,-1,23305,171170.203125
ROTO,2013-09-18,7.76,7.76,7.27,7.56,-1.76,-0.13,-1,46698,353255.71875
ROTO,2013-09-17,7.59,7.59,7.2,7.4,0.28,0.02,-1,40530,299793.75
ROTO,2013-09-16,7.42,7.42,7.1,7.26,-1.1,-0.08,-1,41264,299389.21875
ROTO,2013-09-15,7.39,7.39,7.17,7.25,-0.28,-0.1,-1,4884,35405.261719
ROTO,2013-09-12,7.48,7.48,7.03,7.27,2.27,0.16,-1,48860,355250.1875
ROTO,2013-09-11,7.25,7.25,7,7.04,-0.14,-0.01,-1,19300,135935.796875
ROTO,2013-09-10,7.07,7.07,6.75,7.01,4.74,0.32,-1,30430,213291.703125
ROTO,2013-09-09,6.75,6.75,6.74,6.75,0,0,-1,8750,59055.5
ROTO,2013-09-08,6.75,6.75,6.62,6.75,-1.93,-0.13,-1,200,1324
ROTO,2013-09-05,6.81,6.81,6.65,6.75,-1.02,-0.07,-1,12891,87024.882813
ROTO,2013-09-04,6.86,6.86,6.74,6.86,-1.75,-0.12,-1,200,1348
ROTO,2013-09-03,7.13,7.13,6.82,6.86,-0.15,-0.01,-1,5775,39634.5
ROTO,2013-09-02,6.99,6.99,6.8,6.83,-0.29,-0.02,-1,10041,68587.5
ROTO,2013-09-01,7.2,7.2,6.8,7.01,-1.45,-0.1,-1,5286,37065
ROTO,2013-08-29,6.95,6.95,6.78,6.9,0.88,0.06,-1,13843,95471.203125
ROTO,2013-08-28,7,7,6.63,6.79,-2.54,-0.18,-1,25213,171134.875
ROTO,2013-08-27,7.55,7.55,6.86,7.1,-6.67,-0.49,-1,35835,254264.34375
ROTO,2013-08-26,7.64,7.64,7.11,7.35,4.98,0.35,-1,45480,334326.125
ROTO,2013-08-25,7.1,7.1,6.86,7.03,5.84,0.39,-1,26943,189356.875
ROTO,2013-08-22,6.76,6.76,6.68,6.68,0.45,0.03,-1,800,5388
ROTO,2013-08-21,6.86,6.86,6.62,6.68,3,0.2,-1,5810,38828.601563
ROTO,2013-08-20,6.8,6.8,6.58,6.66,5.43,0.35,-1,13070,87063.382813
ROTO,2013-08-19,6.69,6.69,6.16,6.45,3.56,0.23,-1,3910,25229.699219
ROTO,2013-08-18,6.5,6.5,6.41,6.46,-3.56,-0.24,-1,1950,12589.900391
ROTO,2013-08-14,6.9,6.9,6.66,6.74,-5.5,-0.39,-1,24142,162638.625
ROTO,2013-08-13,7.24,7.24,6.95,7.09,2.31,0.16,-1,34085,241769.45
ROTO,2013-08-12,7.07,7.07,6.81,6.93,-1.45,-0.1,-1,5989,41512.101563
ROTO,2013-08-07,7,7,6.81,6.91,0.57,0.04,-1,22345,154303.953125
ROTO,2013-08-06,7.07,7.07,6.83,6.96,4.14,0.28,-1,11790,82047.648438
ROTO,2013-08-05,6.97,6.97,6.67,6.76,-1.03,-0.07,-1,10475,70806.921875
ROTO,2013-08-04,6.8,6.8,6.71,6.77,2.76,0.18,-1,7350,49741
ROTO,2013-08-01,6.71,6.71,6.42,6.53,-1.64,-0.11,-1,7195,47017.898438
ROTO,2013-07-31,6.72,6.72,6.69,6.69,0.45,0.03,-1,1000,6720
ROTO,2013-07-30,6.76,6.76,6.6,6.69,1.65,0.11,-1,7500,50159.71875
ROTO,2013-07-29,6.84,6.84,6.63,6.65,-0.89,-0.06,-1,14262,94900.3125
ROTO,2013-07-28,6.8,6.8,6.71,6.74,-0.88,-0.06,-1,6308,42512.679688
ROTO,2013-07-25,6.9,6.9,6.31,6.78,1.62,0.11,-1,8350,56594.5
ROTO,2013-07-24,6.91,6.91,6.6,6.79,-8.21,-0.59,-1,16200,109991.070313
ROTO,2013-07-22,7.24,7.24,7.08,7.19,2.12,0.15,-1,7250,52141
ROTO,2013-07-21,7.15,7.15,6.9,7.09,6.24,0.42,-1,9168,65002.878906
ROTO,2013-07-18,6.75,6.75,6.72,6.73,-1.32,-0.09,-1,4000,26930
ROTO,2013-07-17,7,7,6.72,6.81,-2.33,-0.16,-1,15504,105534.617188
ROTO,2013-07-16,7,7,6.8,6.88,-0.29,-0.02,-1,12310,84632.898438
ROTO,2013-07-15,7.07,7.07,6.78,6.82,-2.57,-0.18,-1,5161,35204.921875
ROTO,2013-07-14,7.19,7.19,6.95,7.01,0.86,0.06,-1,8250,57823.949219
ROTO,2013-07-11,7.25,7.25,6.7,6.94,1,0.07,-1,43747,303582.6875
ROTO,2013-07-10,7.2,7.2,6.78,6.98,1.8,0.12,-1,11286,78805.28125
ROTO,2013-07-09,6.71,6.71,6.1,6.66,10,0.61,-1,59486,396041.375
ROTO,2013-07-08,6.3,6.3,6.01,6.1,-6.51,-0.42,-1,34317,209367.671875
ROTO,2013-07-07,6.68,6.68,6,6.45,3.28,0.2,-1,50151,323405.71875
ROTO,2013-07-04,6.16,6.16,5.93,6.1,10,0.56,-1,13745,83851.546875
ROTO,2013-07-03,5.77,5.77,5.3,5.6,3.31,0.18,-1,14170,79369.898438
ROTO,2013-07-02,5.47,5.47,5.3,5.44,9.84,0.49,-1,59394,322954.96875
ROTO,2013-06-30,5.09,5.09,4.98,4.98,0.6,0.03,-1,1495,7549.950195
ROTO,2013-06-27,5.1,5.1,4.91,4.98,0,0,-1,4420,22019.4
ROTO,2013-06-26,5.05,5.05,4.92,4.98,1.83,0.09,-1,10398,51814.359375
ROTO,2013-06-25,5.04,5.04,4.7,4.91,-3.69,-0.19,-1,18621,91389.0625
ROTO,2013-06-24,5.3,5.3,5.03,5.15,0.96,0.05,-1,37224,191646.046875
ROTO,2013-06-23,5.85,5.85,4.92,5.19,-8.07,-0.44,-1,30175,156672.6875
ROTO,2013-06-20,5.66,5.66,5.13,5.45,1.85,0.1,-1,28460,155231.5625
ROTO,2013-06-19,5.54,5.54,5.2,5.4,3.25,0.17,-1,39304,212415.296875
ROTO,2013-06-18,5.39,5.39,5,5.23,3.12,0.16,-1,38719,202379.75
ROTO,2013-06-17,5.3,5.3,5,5.13,4.54,0.23,-1,19974,102452.796875
ROTO,2013-06-16,5.1,5.1,4.95,5.07,5.18,0.25,-1,7060,35820.03125
ROTO,2013-06-13,4.95,4.95,4.65,4.83,6.91,0.32,-1,8830,42610.179688
ROTO,2013-06-12,5,5,4.55,4.63,-6.18,-0.31,-1,14140,65415.578125
ROTO,2013-06-11,5.1,5.1,5,5.02,-2.91,-0.15,-1,14560,73078.601563
ROTO,2013-06-10,5.27,5.27,5.13,5.16,-9.84,-0.56,-1,45355,234020.1875
ROTO,2013-06-09,6.02,6.02,5.52,5.69,-7.026,-0.43,-1,23733,135042.25
ROTO,2013-06-06,6.28,6.28,6.02,6.12,-2.86,-0.18,-1,15211,93100.4375
ROTO,2013-06-05,6.56,6.56,6.09,6.3,-6.44,-0.43,-1,13500,85114.546875
ROTO,2013-06-04,6.8,6.8,6.6,6.68,-4.9,-0.34,-1,25395,169656.703125
ROTO,2013-06-03,7.14,7.14,6.85,6.94,-2,-0.14,-1,9700,67279.5
ROTO,2013-06-02,7.15,7.15,6.7,6.99,-1.85,-0.13,-1,15840,110788.0625
ROTO,2013-05-30,7.11,7.11,6.95,7.03,-1.41,-0.1,-1,27025,189864.546875
ROTO,2013-05-29,7.25,7.25,7.02,7.1,-4.31,-0.32,-1,32148,228201.421875
ROTO,2013-05-28,7.42,7.42,7.31,7.42,-1.48,-0.11,-1,1299,9580.530273
ROTO,2013-05-27,7.6,7.6,7.28,7.42,-0.95,-0.07,-1,18241,135340.734375
ROTO,2013-05-26,7.54,7.54,7.35,7.4,0.27,0.02,-1,4850,35901
ROTO,2013-05-23,7.48,7.48,7.36,7.4,-1.84,-0.14,-1,13003,96276.242188
ROTO,2013-05-22,7.88,7.88,7.5,7.61,-3.47,-0.27,-1,47227,359349.15625
ROTO,2013-05-21,7.77,7.77,7.62,7.77,-1.93,-0.15,-1,620,4724.399902
ROTO,2013-05-20,7.8,7.8,7.76,7.77,-1.52,-0.12,-1,15256,118600.242188
ROTO,2013-05-19,7.94,7.94,7.77,7.88,0.13,0.01,-1,11591,91365.203125
ROTO,2013-05-16,7.93,7.93,7.77,7.81,-2.02,-0.16,-1,16850,131514.65625
ROTO,2013-05-15,8,8,7.77,7.93,2.17,0.17,-1,6191,49099.050781
ROTO,2013-05-14,7.99,7.99,7.76,7.83,-0.26,-0.02,-1,6487,50762.101563
ROTO,2013-05-13,8,8,7.44,7.79,-2.88,-0.23,-1,8437,65689.859375
ROTO,2013-05-12,8.05,8.05,7.94,8,-0.25,-0.02,-1,8781,70248.148438
ROTO,2013-05-09,8,8,7.93,7.96,-0.63,-0.05,-1,5750,45795
ROTO,2013-05-08,8.2,8.2,7.9,7.99,-1.59,-0.13,-1,37229,297531.96875
ROTO,2013-05-07,8.22,8.22,8.02,8.17,2.27,0.18,-1,11695,95587.203125
ROTO,2013-05-02,7.98,7.98,7.84,7.92,1.79,0.14,-1,5870,46477
ROTO,2013-04-30,7.97,7.97,7.8,7.84,-0.51,-0.04,-1,1130,8825.099609
ROTO,2013-04-29,7.9,7.9,7.81,7.84,-1.14,-0.09,-1,11030,86501
ROTO,2013-04-28,8,8,7.81,7.91,1.65,0.13,-1,13488,106689
ROTO,2013-04-24,8.04,8.04,7.8,7.86,2.29,0.18,-1,1085,8577.200195
ROTO,2013-04-23,7.86,7.86,7.85,7.86,0,0,-1,450,3534
ROTO,2013-04-22,7.9,7.9,7.81,7.86,-0.25,-0.02,-1,3931,30881.109375
ROTO,2013-04-21,8,8,7.89,7.92,-0.88,-0.07,-1,8300,65733.75
ROTO,2013-04-18,8.18,8.18,7.86,7.96,0.99,0.08,-1,25396,202234.703125
ROTO,2013-04-17,8.24,8.24,8.02,8.1,-2.67,-0.22,-1,8200,66382.289063
ROTO,2013-04-16,8.35,8.35,8.22,8.24,-0.24,-0.02,-1,10850,89380.0625
ROTO,2013-04-15,8.4,8.4,8.11,8.24,0.12,0.01,-1,25205,207571.52
ROTO,2013-04-14,8.36,8.36,8.19,8.23,-0.73,-0.06,-1,9197,75710.078125
ROTO,2013-04-11,8.45,8.45,8.15,8.27,2.63,0.21,-1,46811,387303.46875
ROTO,2013-04-10,8.3,8.3,7.84,7.99,6.2,0.47,-1,19203,153473.046875
ROTO,2013-04-09,7.93,7.93,7.58,7.58,0,0,-1,1300,9996.259766
ROTO,2013-04-08,7.83,7.83,7.5,7.58,2.26,0.17,-1,5328,40397.511719
ROTO,2013-04-07,8.07,8.07,7.5,7.53,0.65,0.05,-1,5601,42163.300781
ROTO,2013-04-04,7.78,7.78,7.58,7.69,0,0,-1,4850,37298.019531
ROTO,2013-04-03,7.92,7.92,7.53,7.62,-2.2,-0.17,-1,5760,43883.859375
ROTO,2013-04-02,7.9,7.9,7.63,7.71,2.76,0.21,-1,15785,121638.351563
ROTO,2013-04-01,7.74,7.74,7.49,7.62,0.39,0.03,-1,5930,45212.800781
ROTO,2013-03-31,8,8,7.62,7.71,-3.18,-0.25,-1,19547,150702.375
ROTO,2013-03-28,8.08,8.08,7.83,7.87,-0.88,-0.07,-1,10151,79860.578125
ROTO,2013-03-27,8.09,8.09,7.86,7.93,-0.63,-0.05,-1,5250,41656.5
ROTO,2013-03-26,8.15,8.15,7.81,7.98,-4.41,-0.36,-1,14349,114536.632813
ROTO,2013-03-25,8.46,8.46,8,8.17,1.75,0.14,-1,20495,167435.15625
ROTO,2013-03-24,8.13,8.13,7.94,8,-0.63,-0.05,-1,2929,23428.160156
ROTO,2013-03-21,8.12,8.12,7.97,7.99,2.27,0.18,-1,20715,165614.296875
ROTO,2013-03-20,8,8,7.87,7.94,-2.11,-0.17,-1,4907,38978.089844
ROTO,2013-03-19,8.33,8.33,8,8.04,-0.37,-0.03,-1,19580,157396.4375
ROTO,2013-03-18,8.15,8.15,8,8.03,-1.11,-0.09,-1,26000,208654.296875
ROTO,2013-03-17,8.42,8.42,8,8.09,-1.11,-0.09,-1,14387,116338.671875
ROTO,2013-03-14,8.3,8.3,8.06,8.11,1.47,0.12,-1,6610,53589.699219
ROTO,2013-03-13,8.34,8.34,8.03,8.15,-0.83,-0.07,-1,8251,67217.007813
ROTO,2013-03-12,8.55,8.55,8.24,8.41,0.12,0.01,-1,14096,118527.179688
ROTO,2013-03-11,8.47,8.47,8.22,8.39,1.94,0.16,-1,8286,69556
ROTO,2013-03-10,8.4,8.4,8.08,8.26,2.85,0.23,-1,20924,172752.96875
ROTO,2013-03-07,8.17,8.17,8,8.07,3.16,0.25,-1,16650,134410.703125
ROTO,2013-03-06,7.99,7.99,7.74,7.9,2.05,0.16,-1,13445,106176.046875
ROTO,2013-03-05,7.93,7.93,7.65,7.79,-1.37,-0.11,-1,17401,135561.9375
ROTO,2013-03-04,8.95,8.95,7.76,8.02,-9.87,-0.85,-1,22134,177504.796875
ROTO,2013-03-03,8.64,8.64,8.54,8.61,-2.29,-0.2,-1,7285,62754.300781
ROTO,2013-02-28,8.85,8.85,8.63,8.74,-0.8,-0.07,-1,4900,42805
ROTO,2013-02-27,8.76,8.76,8.66,8.7,-0.57,-0.05,-1,13076,113778.140625
ROTO,2013-02-26,8.8,8.8,8.66,8.71,-1.023,-0.09,-1,8971,78157.86
ROTO,2013-02-25,8.9,8.9,8.66,8.8,-0.11,-0.01,-1,11590,101939.09375
ROTO,2013-02-24,8.83,8.83,8.77,8.81,-1.9,-0.17,-1,4000,35227.730469
ROTO,2013-02-21,9.03,9.03,8.85,8.97,0.56,0.05,-1,17614,158083.3125
ROTO,2013-02-20,8.98,8.98,8.77,8.86,-2.88,-0.26,-1,12361,109534.179688
ROTO,2013-02-19,9.27,9.27,8.88,9.03,-4.09,-0.38,-1,34600,312428.875
ROTO,2013-02-18,9.33,9.33,9.24,9.28,-0.64,-0.06,-1,11093,102944.367188
ROTO,2013-02-17,9.5,9.5,9.25,9.34,-0.32,-0.03,-1,17850,166687.5
ROTO,2013-02-14,9.5,9.5,9.19,9.28,-0.85,-0.08,-1,12851,119298.75
ROTO,2013-02-13,9.5,9.5,9.3,9.37,-2.31,-0.22,-1,11224,105214.710938
ROTO,2013-02-12,9.67,9.67,9.35,9.52,3.36,0.31,-1,35426,337338.875
ROTO,2013-02-11,9.3,9.3,9.18,9.23,-0.86,-0.08,-1,10949,101061.382813
ROTO,2013-02-10,9.54,9.54,9.17,9.27,-1.4,-0.13,-1,7313,67768.21875
ROTO,2013-02-07,9.33,9.33,9.23,9.3,-1.7,-0.16,-1,13362,124236.328125
ROTO,2013-02-06,9.56,9.56,9.15,9.39,-0.42,-0.04,-1,26073,244843.109375
ROTO,2013-02-05,9.56,9.56,9.16,9.43,0.65,0.06,-1,34220,322808.0625
ROTO,2013-02-04,9.47,9.47,9.13,9.25,2.06,0.19,-1,22750,210428.0625
ROTO,2013-02-03,9.4,9.4,9.12,9.24,3.16,0.28,-1,24095,222749.890625
ROTO,2013-01-31,9.09,9.09,8.62,8.85,2.94,0.26,-1,23359,206762.203125
ROTO,2013-01-30,8.99,8.99,8.61,8.83,-1.03,-0.09,-1,33425,295112.3125
ROTO,2013-01-29,8.82,8.82,8.61,8.7,-1.81,-0.16,-1,13015,113219.320313
ROTO,2013-01-28,9,9,8.78,8.86,-1.77,-0.16,-1,14455,128076.273438
ROTO,2013-01-27,9.2,9.2,8.94,9.05,-0.98,-0.09,-1,15950,144417.296875
ROTO,2013-01-23,9.5,9.5,8.7,9.19,6.3,0.56,-1,39306,361251.0625
ROTO,2013-01-22,8.97,8.97,8.59,8.89,3.38,0.29,-1,5850,52012.550781
ROTO,2013-01-21,8.75,8.75,8.51,8.59,-4.02,-0.36,-1,12701,109083.40625
ROTO,2013-01-20,9.35,9.35,8.7,8.95,-4.81,-0.44,-1,23141,207195.203125
ROTO,2013-01-17,9.35,9.35,9.02,9.14,-5.45,-0.52,-1,45233,413259
ROTO,2013-01-16,9.8,9.8,9.35,9.55,0.21,0.02,-1,17490,167070
ROTO,2013-01-15,9.6,9.6,9.12,9.33,-6.17,-0.6,-1,20934,195303.234375
ROTO,2013-01-14,9.95,9.95,9.5,9.72,-0.52,-0.05,-1,20920,203311.296875
ROTO,2013-01-13,9.61,9.61,9.43,9.57,-2.47,-0.24,-1,41994,401691.3125
ROTO,2013-01-10,9.92,9.92,9.55,9.72,-4.65,-0.47,-1,29205,283767.1875
ROTO,2013-01-09,10.34,10.34,9.92,10.11,-1.67,-0.17,-1,36436,368502.125
ROTO,2013-01-08,10.41,10.41,9.66,10.17,1.82,0.18,-1,57380,583702.25
ROTO,2013-01-06,10.17,10.17,9.7,9.88,-0.2,-0.02,-1,32179,317951.5
ROTO,2013-01-03,10,10,9.67,9.92,3.53,0.34,-1,60483,599838
ROTO,2013-01-02,9.8,9.8,9.45,9.64,3.52,0.33,-1,47371,456554.15625
ROTO,2012-12-31,9.44,9.44,9.21,9.37,0.22,0.02,-1,11618,108823.976563
ROTO,2012-12-30,9.46,9.46,9.18,9.19,-1.61,-0.15,-1,17300,159027.59
ROTO,2012-12-27,9.5,9.5,9.12,9.34,1.55,0.14,-1,22424,209423.265625
ROTO,2012-12-26,9.29,9.29,8.9,9.01,-0.22,-0.02,-1,7050,63554.5
ROTO,2012-12-25,9.19,9.19,9,9.11,-2.57,-0.24,-1,17840,162473.90625
ROTO,2012-12-24,9.49,9.49,9.2,9.33,-1.92,-0.18,-1,69009,643536.875
ROTO,2012-12-23,9.65,9.65,9.19,9.38,-5.53,-0.54,-1,22435,210529.03125
ROTO,2012-12-20,9.98,9.98,9.31,9.76,3.74,0.35,-1,74296,725178.9375
ROTO,2012-12-19,9.6,9.6,9.16,9.36,0.11,0.01,-1,9430,88281.78125
ROTO,2012-12-18,9.55,9.55,8.9,9.36,0.77,0.07,-1,35580,332906
ROTO,2012-12-17,9.6,9.6,9.05,9.15,-2.58,-0.24,-1,21950,200915.140625
ROTO,2012-12-16,9.58,9.58,9.01,9.3,5.44,0.49,-1,30216,281054.15625
ROTO,2012-12-13,9.19,9.19,8.75,9.01,2.04,0.18,-1,13235,119267.601563
ROTO,2012-12-12,8.98,8.98,8.4,8.82,8.33,0.69,-1,24003,211725.375
ROTO,2012-12-11,8.49,8.49,8.23,8.28,0,0,-1,860,7207.2
ROTO,2012-12-10,8.4,8.4,8.17,8.37,-0.95,-0.08,-1,5360,44406.058594
ROTO,2012-12-09,8.75,8.75,8.35,8.35,2.83,0.23,-1,8750,73942.5
ROTO,2012-12-06,8.44,8.44,8.07,8.12,-3.43,-0.3,-1,9070,73656
ROTO,2012-12-05,8.85,8.85,8.64,8.74,-0.69,-0.06,-1,6625,57892.25
ROTO,2012-12-04,8.86,8.86,8.6,8.7,3.24,0.27,-1,9525,82897.5
ROTO,2012-12-03,8.39,8.39,8.25,8.33,0.72,0.06,-1,5600,46621.648438
ROTO,2012-12-02,8.56,8.56,8.25,8.33,-0.12,-0.01,-1,10300,85782.75
ROTO,2012-11-29,8.45,8.45,7.71,8.27,6.56,0.52,-1,5150,42609.929688
ROTO,2012-11-28,8.04,8.04,7.85,7.93,-7.76,-0.66,-1,12230,96975
ROTO,2012-11-27,8.7,8.7,8.26,8.51,2.78,0.23,-1,9800,83429.398438
ROTO,2012-11-26,8.6,8.6,7.8,8.27,-0.46,-0.04,-1,8575,70956.601563
ROTO,2012-11-25,8.65,8.65,8.64,8.64,-10,-0.96,-1,3980,34392.199219
ROTO,2012-11-22,9.68,9.68,9.27,9.6,0,0,-1,2215,21257.400391
ROTO,2012-11-21,9.65,9.65,9.24,9.41,-0.96,-0.09,-1,11150,104939.023438
ROTO,2012-11-20,9.65,9.65,9,9.33,0.21,0.02,-1,25290,236065.546875
ROTO,2012-11-19,9.88,9.88,9.32,9.63,-4.02,-0.39,-1,8700,83804.601563
ROTO,2012-11-18,10,10,9.65,9.71,-4.24,-0.43,-1,17785,172714.28125
ROTO,2012-11-14,10.49,10.49,10,10.13,-3.94,-0.41,-1,15400,156070.81
ROTO,2012-11-13,10.6,10.6,10.26,10.41,3.07,0.31,-1,1587,16512.8
ROTO,2012-11-12,10.15,10.15,10.09,10.1,-1.66,-0.17,-1,4000,40396.3
ROTO,2012-11-11,10.36,10.36,10.01,10.27,-1.05,-0.11,-1,25785,264698.38
ROTO,2012-11-08,10.64,10.64,10.15,10.46,-2,-0.21,-1,13070,136739.83
ROTO,2012-11-07,10.7,10.7,10.3,10.51,0.39,0.04,-1,16185,170045.73
ROTO,2012-11-06,10.5,10.5,10.02,10.26,-1.45,-0.15,-1,14304,146716.73
ROTO,2012-11-05,10.85,10.85,9.52,10.31,2.59,0.26,-1,31841,328170.47
ROTO,2012-11-04,10.4,10.4,9.74,10.04,-8.01,-0.85,-1,44254,444291.72
ROTO,2012-11-01,11,11,10.38,10.61,-2.78,-0.3,-1,17585,186622.19
ROTO,2012-10-31,10.98,10.98,10.7,10.8,-2.36,-0.26,-1,7310,78937.4
ROTO,2012-10-30,11.26,11.26,10.9,11.01,-4.34,-0.5,-1,30756,338717.28
ROTO,2012-10-29,11.74,11.74,11.3,11.51,-0.17,-0.02,-1,14894,171426.45
ROTO,2012-10-24,11.58,11.58,11.32,11.45,3.51,0.39,-1,14800,169459.09
ROTO,2012-10-23,11.48,11.48,10.65,11.11,7.49,0.8,-1,75559,839382.5
ROTO,2012-10-22,10.93,10.93,10.39,10.68,5.2,0.54,-1,41184,439749.72
ROTO,2012-10-21,10.55,10.55,10.36,10.39,-2.26,-0.24,-1,7930,82403
ROTO,2012-10-18,10.9,10.9,10.5,10.6,-1.5,-0.16,-1,25200,267172.66
ROTO,2012-10-17,10.89,10.89,10.61,10.7,1.72,0.18,-1,17025,182156.59
ROTO,2012-10-16,10.76,10.76,10.36,10.49,-0.66,-0.07,-1,11048,115901.43
ROTO,2012-10-15,10.8,10.8,10.5,10.61,-2.23,-0.24,-1,15978,169493.98
ROTO,2012-10-14,11.13,11.13,10.63,10.74,-3.54,-0.39,-1,13868,148978.2
ROTO,2012-10-11,11.23,11.23,10.62,11.02,0.55,0.06,-1,55602,612971.81
ROTO,2012-10-10,11.1,11.1,10.7,10.84,1.41,0.15,-1,35108,380701.03
ROTO,2012-10-09,10.88,10.88,10.35,10.61,0.95,0.1,-1,44620,473219.09
ROTO,2012-10-08,11,11,10.4,10.53,-3.34,-0.36,-1,24422,257207.88
ROTO,2012-10-04,11.22,11.22,10.05,10.77,-1.89,-0.21,-1,25862,278627.69
ROTO,2012-10-03,11.35,11.35,10.58,11.11,2.73,0.3,-1,46016,511359
ROTO,2012-10-02,11.39,11.39,10.73,11,-1.2,-0.13,-1,63345,697089
ROTO,2012-10-01,11.88,11.88,10.32,10.86,-9.87,-1.13,-1,62245,675791.38
ROTO,2012-09-30,11.99,11.99,11.3,11.45,-4.4,-0.52,-1,54749,627135.31
ROTO,2012-09-27,12.39,12.39,11.6,11.82,-2.3,-0.28,-1,65715,776649.56
ROTO,2012-09-26,12.48,12.48,11.9,12.17,-3.07,-0.38,-1,91321,1111100
ROTO,2012-09-25,12.64,12.64,12.12,12.38,-0.33,-0.04,-1,36827,456024
ROTO,2012-09-24,12.38,12.38,11.91,12.17,-2.11,-0.26,-1,54703,665512
ROTO,2012-09-23,12.7,12.7,12.11,12.31,-0.25,-0.03,-1,43023,529795
ROTO,2012-09-20,12.62,12.62,12,12.23,-4.93,-0.63,-1,91015,1113070
ROTO,2012-09-19,13.5,13.5,12.2,12.79,-8.4,-1.12,-1,136117,1741300
ROTO,2012-09-18,13.7,13.7,12.84,13.34,-4.62,-0.64,-1,126938,1692800
ROTO,2012-09-17,14.5,14.5,13.12,13.84,-7.08,-1,-1,122134,1690050
ROTO,2012-09-16,14.42,14.42,13.95,14.12,5.81,0.78,-1,109873,1551039.63
ROTO,2012-09-13,14,14,12.79,13.42,4.15,0.54,-1,160454,2153957.5
ROTO,2012-09-12,13.9,13.9,12.74,13.02,1.17,0.15,-1,146168,1902840
ROTO,2012-09-11,13.23,13.23,12.02,12.87,9.98,1.2,-1,235368,3028806.75
ROTO,2012-09-10,12.2,12.2,11.77,12.03,2.3,0.27,-1,67971,817362
ROTO,2012-09-09,12.08,12.08,11.36,11.75,5.12,0.58,-1,190093,2234280
ROTO,2012-09-06,11.45,11.45,11.2,11.32,-0.88,-0.1,-1,57465,650463
ROTO,2012-09-05,11.47,11.47,11.18,11.34,-1.05,-0.12,-1,69342,786446
ROTO,2012-09-04,11.72,11.72,11.25,11.46,-0.53,-0.06,-1,107770,1234640
ROTO,2012-09-03,11.65,11.65,11,11.32,3.65,0.41,-1,197290,2233500
ROTO,2012-09-02,11.69,11.69,11.05,11.24,-3.24,-0.37,-1,122482,1376830
ROTO,2012-08-30,11.63,11.63,11.2,11.42,2.72,0.3,-1,136041,1553090
ROTO,2012-08-29,11.34,11.34,10.54,11.01,4.15,0.44,-1,235320,2590020
ROTO,2012-08-28,11.04,11.04,10.35,10.61,1.92,0.2,-1,226690,2406079.75
ROTO,2012-08-27,10.7,10.7,10.28,10.43,-0.28,-0.03,-1,132515,1381520
ROTO,2012-08-26,10.94,10.94,10.11,10.59,2.87,0.29,-1,109964,1164207.88
ROTO,2012-08-23,10.43,10.43,9.7,10.11,8.49,0.81,-1,165318,1671090
ROTO,2012-08-22,9.68,9.68,9.35,9.54,-0.73,-0.07,-1,20649,196912
ROTO,2012-08-21,9.69,9.69,9.5,9.57,-0.73,-0.07,-1,29949,286723
ROTO,2012-08-16,9.7,9.7,9.5,9.58,0.94,0.09,-1,38585,369581
ROTO,2012-08-15,9.69,9.69,9.4,9.54,0.21,0.02,-1,11620,110808
ROTO,2012-08-14,9.57,9.57,9.38,9.48,3.05,0.28,-1,23955,227129
ROTO,2012-08-13,9.38,9.38,9.1,9.17,2.63,0.24,-1,6890,63164.7
ROTO,2012-08-12,9.52,9.52,9.04,9.14,-1.63,-0.15,-1,25315,231332
ROTO,2012-08-09,9.4,9.4,9.15,9.19,0,0,-1,4600,42262.5
ROTO,2012-08-08,9.51,9.51,9.1,9.4,-3.77,-0.36,-1,40670,382312.31
ROTO,2012-08-07,9.75,9.75,9.42,9.56,0.63,0.06,-1,56463,539858
ROTO,2012-08-06,9.57,9.57,9.39,9.47,-0.63,-0.06,-1,21600,204544.09
ROTO,2012-08-05,9.64,9.64,9.41,9.56,-0.21,-0.02,-1,49990,477970
ROTO,2012-08-02,9.78,9.78,9.36,9.62,3.82,0.36,-1,32437,311931
ROTO,2012-08-01,9.6,9.6,9.31,9.42,-0.63,-0.06,-1,29673,279603
ROTO,2012-07-31,9.9,9.9,9.26,9.49,-3.59,-0.35,-1,50384,478219
ROTO,2012-07-30,9.93,9.93,9.45,9.75,3.72,0.35,-1,97315,948712
ROTO,2012-07-29,9.55,9.55,8.9,9.4,5.22,0.47,-1,102686,965679
ROTO,2012-07-26,9.06,9.06,8.85,9.01,0.11,0.01,-1,12100,109020
ROTO,2012-07-25,9.11,9.11,8.78,8.99,0.9,0.08,-1,18930,170094
ROTO,2012-07-24,9,9,8.6,8.86,-2.68,-0.24,-1,13364,118412
ROTO,2012-07-22,9.03,9.03,8.86,8.94,-0.56,-0.05,-1,9204,82292.83
ROTO,2012-07-19,9.11,9.11,8.6,8.92,1.364,0.12,-1,71135,634603
ROTO,2012-07-18,8.96,8.96,8.57,8.8,-0.91,-0.08,-1,16016,140894
ROTO,2012-07-17,9,9,8.26,8.75,1.63,0.14,-1,49536,433478
ROTO,2012-07-16,8.84,8.84,8.51,8.58,-2.28,-0.2,-1,17122,146960
ROTO,2012-07-15,8.95,8.95,8.58,8.78,-3.81,-0.34,-1,12377,108659
ROTO,2012-07-12,9.12,9.12,8.66,8.92,2.96,0.26,-1,60655,541008
ROTO,2012-07-11,8.9,8.9,8.61,8.77,1.73,0.15,-1,14700,128899
ROTO,2012-07-10,9,9,8.5,8.65,-1.61,-0.14,-1,37707,326131
ROTO,2012-07-09,9.03,9.03,8.5,8.71,-7.17,-0.66,-1,57119,497406
ROTO,2012-07-08,9.67,9.67,8.94,9.2,-5.5,-0.52,-1,73392,675295
ROTO,2012-07-05,9.6,9.6,9.32,9.46,-0.32,-0.03,-1,52405,495855
ROTO,2012-07-04,9.77,9.77,9.25,9.42,-2.62,-0.25,-1,54654,514975
ROTO,2012-07-03,9.88,9.88,9.07,9.55,3.39,0.31,-1,100380,958832
ROTO,2012-07-02,9.49,9.49,8.99,9.15,8.01,0.7,-1,78521,718851
ROTO,2012-06-28,8.94,8.94,8.5,8.74,0.45,0.04,-1,53865,470950
ROTO,2012-06-27,9,9,8.61,8.84,-2.69,-0.24,-1,51849,458296
ROTO,2012-06-26,9.15,9.15,8.75,8.91,0.57,0.05,-1,66491,592676
ROTO,2012-06-25,8.77,8.77,8.6,8.74,9.9,0.79,-1,47333,413565
ROTO,2012-06-24,8.19,8.19,7.85,7.98,4.99,0.38,-1,14326,114338
ROTO,2012-06-21,7.72,7.72,7.31,7.62,1.18,0.09,-1,25669,195723
ROTO,2012-06-20,7.79,7.79,7.2,7.61,3.73,0.28,-1,17872,136037
ROTO,2012-06-19,7.77,7.77,7.2,7.5,-1.41,-0.11,-1,22103,165751
ROTO,2012-06-18,8,8,7.63,7.81,-5.19,-0.42,-1,20455,159828
ROTO,2012-06-14,8.47,8.47,7.62,8.09,8.04,0.63,-1,43265,349830
ROTO,2012-06-13,8,8,7.72,7.84,-2.73,-0.22,-1,35459,278082
ROTO,2012-06-12,8.19,8.19,7.89,8.06,3.68,0.29,-1,49833,401439
ROTO,2012-06-11,8.05,8.05,7.75,7.87,-3.69,-0.3,-1,70732,556645
ROTO,2012-06-10,8.25,8.25,8.05,8.13,-2.63,-0.22,-1,23110,187819
ROTO,2012-06-07,8.59,8.59,8.25,8.35,-1.08,-0.09,-1,24544,204960
ROTO,2012-06-06,8.6,8.6,8.2,8.34,1.68,0.14,-1,35159,293394
ROTO,2012-06-05,8.83,8.83,8.1,8.34,-6.11,-0.48,-1,40098,334437
ROTO,2012-06-04,9.2,9.2,8.51,8.82,-6.25,-0.57,-1,42394,374104
ROTO,2012-06-03,9.58,9.58,9,9.12,-5.86,-0.56,-1,45271,413020
ROTO,2012-05-31,9.93,9.93,9.32,9.56,-8.12,-0.84,-1,77306,739346
ROTO,2012-05-30,11.5,11.5,10.35,10.35,-10,-1.15,-1,85389,884027
ROTO,2012-05-29,12.07,12.07,11.45,11.5,-9.98,-1.27,-1,6860,78919
ROTO,2012-05-28,12.98,12.98,12.6,12.72,-2.55,-0.33,-1,116594,1483370
ROTO,2012-05-27,13.09,13.09,12.73,12.93,-1.45,-0.19,-1,77577,1003260
ROTO,2012-05-24,13.34,13.34,12.94,13.07,0.15,0.02,-1,64430,842253
ROTO,2012-05-23,13.29,13.29,12.72,13.05,3.26,0.42,-1,67901,885898
ROTO,2012-05-22,13.1,13.1,12.72,12.87,-0.47,-0.06,-1,57205,736103
ROTO,2012-05-21,13.06,13.06,12.77,12.88,2.52,0.32,-1,40963,527674
ROTO,2012-05-20,12.92,12.92,12.42,12.68,0.86,0.11,-1,68636,870194
ROTO,2012-05-17,13.25,13.25,12.62,12.81,-3.26,-0.43,-1,97174,1244880.63
ROTO,2012-05-16,13.59,13.59,12.92,13.17,-3.43,-0.46,-1,91795,1209208.88
ROTO,2012-05-15,13.94,13.94,13.07,13.42,0.53,0.07,-1,119118,1598746.38
ROTO,2012-05-14,13.59,13.59,12.64,13.14,5.29,0.66,-1,178715,2348131.5
ROTO,2012-05-13,12.63,12.63,12.21,12.48,3.69,0.45,-1,45188,563732.88
ROTO,2012-05-10,12.4,12.4,12,12.18,-1.61,-0.2,-1,75447,918998.38
ROTO,2012-05-09,12.8,12.8,12.2,12.4,-0.64,-0.08,-1,108352,1343794.75
ROTO,2012-05-08,12.75,12.75,12.49,12.58,-0.79,-0.1,-1,20360,256055.28
ROTO,2012-05-07,12.99,12.99,12.44,12.59,-3.12,-0.4,-1,61695,776866.44
ROTO,2012-05-06,13.03,13.03,12.48,12.84,-1.31,-0.17,-1,69066,887147
ROTO,2012-05-03,13.5,13.5,12.75,13.01,0.93,0.12,-1,86704,1128121.63
ROTO,2012-05-02,13.44,13.44,12.81,12.97,-2.57,-0.34,-1,49318,639778.56
ROTO,2012-04-30,13.5,13.5,12.94,13.24,1.47,0.19,-1,39716,525792.44
ROTO,2012-04-29,13.12,13.12,12.65,12.94,2.6,0.33,-1,31269,404755.44
ROTO,2012-04-26,12.96,12.96,12.41,12.67,0.55,0.07,-1,26686,338130
ROTO,2012-04-24,13.1,13.1,12.6,12.83,-0.71,-0.09,-1,47320,607243.06
ROTO,2012-04-23,13.26,13.26,12.47,12.75,-3.1,-0.4,-1,50720,646485.25
ROTO,2012-04-22,13.13,13.13,12.61,12.91,2.06,0.26,-1,46512,600455.63
ROTO,2012-04-19,12.74,12.74,12.24,12.61,4.08,0.5,-1,23971,302385.25
ROTO,2012-04-18,12.49,12.49,12.05,12.24,-0.98,-0.12,-1,25448,311563.91
ROTO,2012-04-17,12.53,12.53,12.06,12.23,-0.73,-0.09,-1,22344,273302.38
ROTO,2012-04-12,12.6,12.6,12.2,12.39,-1.84,-0.23,-1,24923,308858.31
ROTO,2012-04-11,12.89,12.89,12,12.51,4.67,0.56,-1,51431,643447.31
ROTO,2012-04-10,12.45,12.45,11.7,12,-1.15,-0.14,-1,55787,669471.88
ROTO,2012-04-09,12.68,12.68,11.67,12.14,-6.38,-0.81,-1,47806,580183.13
ROTO,2012-04-08,13.6,13.6,12.19,12.69,1.05,0.13,-1,46113,585367.69
ROTO,2012-04-05,12.48,12.48,11.35,12.37,9.96,1.13,-1,95219,1178048.25
ROTO,2012-04-04,11.52,11.52,11.11,11.35,-2.65,-0.31,-1,18150,206050.8
ROTO,2012-04-03,11.9,11.9,11.32,11.69,-1.03,-0.12,-1,15850,185207.75
ROTO,2012-04-02,11.97,11.97,11.4,11.63,-3.47,-0.41,-1,20125,234069.91
ROTO,2012-04-01,12.4,12.4,11.46,11.81,-1.88,-0.23,-1,25780,304363.56
ROTO,2012-03-29,13,13,11.79,12.21,-5.86,-0.74,-1,51339,626958.56
ROTO,2012-03-28,13.19,13.19,12.25,12.62,3.05,0.39,-1,33565,423540.66
ROTO,2012-03-27,13.13,13.13,12.29,12.8,-1.13,-0.14,-1,28400,363451.09
ROTO,2012-03-26,12.98,12.98,11.81,12.44,-2.91,-0.38,-1,40440,503185.16
ROTO,2012-03-25,14,14,12.54,13.05,-9.62,-1.34,-1,55070,718572
ROTO,2012-03-22,14.48,14.48,13.19,13.93,2.81,0.38,-1,126565,1763497.25
ROTO,2012-03-21,13.95,13.95,13.16,13.52,3.3,0.44,-1,76163,1029767.25
ROTO,2012-03-20,13.75,13.75,12.03,13.35,6.46,0.81,-1,60679,809762.19
ROTO,2012-03-19,13,13,12.27,12.54,0.23,0.03,-1,24023,301316.63
ROTO,2012-03-18,13.18,13.18,12.55,12.79,-2.93,-0.38,-1,16390,209618.98
ROTO,2012-03-15,13.55,13.55,12.61,12.96,-3.15,-0.41,-1,30120,390286.19
ROTO,2012-03-14,13.5,13.5,12.6,13.02,0,0,-1,22262,289839.69
ROTO,2012-03-13,13.43,13.43,12.57,12.85,-7.95,-1.11,-1,60389,775725.55
ROTO,2012-03-12,14.3,14.3,13.5,13.96,-1.76,-0.25,-1,51062,712869.16
ROTO,2012-03-11,14.73,14.73,14,14.21,-1.46,-0.21,-1,22176,315154.1
ROTO,2012-03-08,14.95,14.95,13.85,14.42,-2.83,-0.42,-1,43394,625954.09
ROTO,2012-03-07,15.1,15.1,14.42,14.84,0,0,-1,35430,525823.75
ROTO,2012-03-06,15.02,15.02,14.5,14.84,1.44,0.21,-1,101367,1504752.21
ROTO,2012-03-05,14.9,14.9,14.03,14.63,2.09,0.3,-1,46382,678573.42
ROTO,2012-03-04,14.8,14.8,14.04,14.33,-1.51,-0.22,-1,25165,360670.95
ROTO,2012-03-01,15.07,15.07,14,14.55,-2.15,-0.32,-1,48880,711277
ROTO,2012-02-29,15.25,15.25,14.5,14.87,3.55,0.51,-1,84418,1255400.57
ROTO,2012-02-28,14.85,14.85,14,14.36,2.72,0.38,-1,57242,822026.51
ROTO,2012-02-27,14.68,14.68,13.55,13.98,-4.38,-0.64,-1,103196,1442285.37
ROTO,2012-02-26,15.62,15.62,14.2,14.62,0.27,0.04,-1,81373,1189370.68
ROTO,2012-02-23,14.97,14.97,13.73,14.58,7.13,0.97,-1,114795,1673516.98
ROTO,2012-02-22,14.14,14.14,12.72,13.61,2.64,0.35,-1,76605,1042895.53
ROTO,2012-02-21,14.1,14.1,12.55,13.26,-3.7,-0.51,-1,80922,1073163.24
ROTO,2012-02-20,14.24,14.24,13.04,13.77,3.38,0.45,-1,95729,1317779.73
ROTO,2012-02-19,13.65,13.65,12.9,13.32,5.3,0.67,-1,58550,779844.8
ROTO,2012-02-16,13.29,13.29,11.54,12.65,4.12,0.5,-1,54124,684591.43
ROTO,2012-02-15,13,13,11.8,12.15,-2.1,-0.26,-1,47489,577047.56
ROTO,2012-02-14,12.8,12.8,11.34,12.41,6.62,0.77,-1,88750,1101460.68
ROTO,2012-02-13,12.3,12.3,11.2,11.64,1.84,0.21,-1,131195,1527745.93
ROTO,2012-02-12,11.54,11.54,11.28,11.43,3.81,0.42,-1,41299,472095.57
ROTO,2012-02-09,11.5,11.5,10.88,11.01,-3.59,-0.41,-1,42289,465685.77
ROTO,2012-02-08,11.67,11.67,11.05,11.42,2.51,0.28,-1,69837,797371.66
ROTO,2012-02-07,11.5,11.5,10.71,11.14,4.9,0.52,-1,39727,442717.45
ROTO,2012-02-06,10.94,10.94,10,10.62,-1.67,-0.18,-1,22581,239751.27
ROTO,2012-02-02,11.5,11.5,10.1,10.8,-1.1,-0.12,-1,71777,774920.68
ROTO,2012-02-01,11.11,11.11,10.32,10.92,8.12,0.82,-1,116576,1272567.6
ROTO,2012-01-31,10.4,10.4,10,10.1,-1.46,-0.15,-1,78197,789582.45
ROTO,2012-01-30,10.55,10.55,9.82,10.25,1.18,0.12,-1,59058,605139.7
ROTO,2012-01-29,10.24,10.24,9.7,10.13,8.81,0.82,-1,124073,1256688.81
ROTO,2012-01-26,9.7,9.7,8.82,9.31,4.37,0.39,-1,111080,1034361.02
ROTO,2012-01-24,8.99,8.99,8.7,8.92,1.94,0.17,-1,23955,213750.7
ROTO,2012-01-23,8.97,8.97,8.54,8.75,2.7,0.23,-1,23180,202850.54
ROTO,2012-01-22,8.7,8.7,8.22,8.52,-0.23,-0.02,-1,19350,164902
ROTO,2012-01-19,8.89,8.89,8.32,8.54,0.23,0.02,-1,24800,211845
ROTO,2012-01-18,8.96,8.96,8.4,8.52,-3.73,-0.33,-1,15890,135410.7
ROTO,2012-01-17,9,9,8.53,8.85,3.03,0.26,-1,29294,259235.31
ROTO,2012-01-16,9,9,8.25,8.59,-6.02,-0.55,-1,36409,312661.24
ROTO,2012-01-15,9.86,9.86,9,9.14,-0.65,-0.06,-1,32281,295124
ROTO,2012-01-12,9.49,9.49,8.7,9.2,4.78,0.42,-1,73370,674978.64
ROTO,2012-01-11,8.95,8.95,8.5,8.78,3.54,0.3,-1,24776,217528.52
ROTO,2012-01-10,8.64,8.64,8.25,8.48,-0.24,-0.02,-1,20816,176578.26
ROTO,2012-01-09,8.8,8.8,8.1,8.5,1.67,0.14,-1,54567,463899.37
ROTO,2012-01-05,8.36,8.36,8,8.36,0,0,-1,20,160
ROTO,2012-01-04,8.68,8.68,8.26,8.36,2.33,0.19,-1,6935,57944.75
ROTO,2012-01-03,8.6,8.6,7.6,8.17,2.9,0.23,-1,42600,348237.81
ROTO,2012-01-02,8.39,8.39,7.71,7.94,0,0,-1,12406,98560.7
ROTO,2011-12-29,8.09,8.09,7.6,7.94,7.88,0.58,-1,51150,406207.82
ROTO,2011-12-28,7.71,7.71,7.1,7.36,2.08,0.15,-1,40470,297677.36
ROTO,2011-12-27,7.26,7.26,7.17,7.21,-1.77,-0.13,-1,8723,62926.3
ROTO,2011-12-26,7.55,7.55,6.72,7.34,4.26,0.3,-1,37250,273464.34
ROTO,2011-12-25,7.28,7.28,6.85,7.04,1.59,0.11,-1,2090,14710
ROTO,2011-12-22,7,7,6.65,6.93,-1.42,-0.1,-1,10463,72536
ROTO,2011-12-21,7.29,7.29,6.76,7.03,-1.68,-0.12,-1,17650,124093.63
ROTO,2011-12-20,7.39,7.39,6.9,7.15,-2.05,-0.15,-1,13721,98079.3
ROTO,2011-12-19,7.4,7.4,7.25,7.3,-0.68,-0.05,-1,2800,20432.5
ROTO,2011-12-18,7.7,7.7,7.25,7.35,-4.17,-0.32,-1,2799,20568.25
ROTO,2011-12-15,7.69,7.69,7.63,7.67,0.26,0.02,-1,6520,50001.2
ROTO,2011-12-14,7.72,7.72,7.5,7.65,1.46,0.11,-1,7058,53986.6
ROTO,2011-12-13,7.84,7.84,7.43,7.54,-1.82,-0.14,-1,5710,43044.3
ROTO,2011-12-12,7.97,7.97,7.31,7.68,-4,-0.32,-1,27320,209784.02
ROTO,2011-12-11,8.05,8.05,7.9,8,0.13,0.01,-1,28300,226323.1
ROTO,2011-12-08,8.07,8.07,7.84,7.99,-3.03,-0.25,-1,14550,116285.5
ROTO,2011-12-07,8.5,8.5,8.05,8.24,1.48,0.12,-1,25620,211018.4
ROTO,2011-12-06,8.4,8.4,7.8,8.12,1.12,0.09,-1,25160,204378.8
ROTO,2011-12-05,8.35,8.35,8,8.03,-3.37,-0.28,-1,17056,137031.9
ROTO,2011-12-04,8.4,8.4,8.15,8.31,-2.46,-0.21,-1,10734,89150.4
ROTO,2011-12-01,8.79,8.79,8.4,8.52,2.9,0.24,-1,10239,87189.85
ROTO,2011-11-30,8.5,8.5,8.1,8.28,1.22,0.1,-1,20326,168210.4
ROTO,2011-11-29,8.28,8.28,7.65,8.18,8.63,0.65,-1,20847,170605.43
ROTO,2011-11-24,7.68,7.68,7.15,7.53,2.87,0.21,-1,921,6934.28
ROTO,2011-11-23,7.32,7.32,7.3,7.32,9.91,0.66,-1,14100,103181.85
ROTO,2011-11-22,6.7,6.7,6.63,6.66,-8.89,-0.65,-1,2000,13325
ROTO,2011-11-21,8,8,7.21,7.31,-8.74,-0.7,-1,34414,251493.44
ROTO,2011-11-20,8.05,8.05,8,8.01,-3.14,-0.26,-1,3645,29189
ROTO,2011-11-17,8.49,8.49,8,8.27,-0.96,-0.08,-1,4375,36167.25
ROTO,2011-11-16,8.65,8.65,8.05,8.35,-1.3,-0.11,-1,6620,55272.25
ROTO,2011-11-15,8.69,8.69,8.3,8.46,2.3,0.19,-1,3330,28159.55
ROTO,2011-11-14,8.5,8.5,8.22,8.27,-6.55,-0.58,-1,2645,21865.3
ROTO,2011-11-13,9.35,9.35,8.75,8.85,-2.75,-0.25,-1,5877,52017.85
ROTO,2011-11-10,9.15,9.15,9.06,9.1,-1.52,-0.14,-1,3075,27989.19
ROTO,2011-11-09,9.42,9.42,9.18,9.24,-1.6,-0.15,-1,7338,67801.97
ROTO,2011-11-03,9.51,9.51,9.3,9.39,1.84,0.17,-1,11420,107190.69
ROTO,2011-11-02,9.48,9.48,9.15,9.22,0.33,0.03,-1,7673,70750.85
ROTO,2011-11-01,9.39,9.39,9.1,9.19,-0.65,-0.06,-1,2265,20815.8
ROTO,2011-10-31,9.4,9.4,9.15,9.25,-3.85,-0.37,-1,8600,79512.2
ROTO,2011-10-30,9.77,9.77,9.4,9.62,0.63,0.06,-1,2200,21167
ROTO,2011-10-27,9.84,9.84,9.26,9.56,2.69,0.25,-1,12705,121407.55
ROTO,2011-10-26,9.56,9.56,9.01,9.31,0.11,0.01,-1,18600,173155.43
ROTO,2011-10-25,9.55,9.55,9.18,9.3,-2.82,-0.27,-1,6325,58795.06
ROTO,2011-10-24,9.97,9.97,9.22,9.57,-1.14,-0.11,-1,21900,209655.43
ROTO,2011-10-23,9.99,9.99,9.64,9.68,-0.51,-0.05,-1,4210,40773.16
ROTO,2011-10-20,10.16,10.16,9.49,9.73,3.07,0.29,-1,38457,374291.92
ROTO,2011-10-19,9.59,9.59,9.12,9.44,4.08,0.37,-1,8310,78458.55
ROTO,2011-10-18,9.44,9.44,9,9.07,-0.66,-0.06,-1,13053,118452.07
ROTO,2011-10-17,9.31,9.31,9,9.13,-3.18,-0.3,-1,9477,86517.9
ROTO,2011-10-16,9.8,9.8,9.35,9.43,-0.74,-0.07,-1,10843,102277.28
ROTO,2011-10-13,9.64,9.64,9.22,9.5,3.49,0.32,-1,7325,69575.5
ROTO,2011-10-12,9.39,9.39,9.02,9.18,-1.5,-0.14,-1,7350,67508.57
ROTO,2011-10-11,9.84,9.84,9.2,9.32,1.97,0.18,-1,4350,40559.5
ROTO,2011-10-10,9.5,9.5,8.85,9.14,-4.59,-0.44,-1,3951,36122.27
ROTO,2011-10-09,10.2,10.2,9.23,9.58,-0.62,-0.06,-1,4810,46058.65
ROTO,2011-10-05,9.85,9.85,9.18,9.64,7.11,0.64,-1,21120,203610.63
ROTO,2011-10-04,9.35,9.35,8.53,9,5.02,0.43,-1,26920,242198.43
ROTO,2011-10-03,8.82,8.82,8.47,8.57,2.63,0.22,-1,15560,133353.2
ROTO,2011-10-02,8.41,8.41,8.25,8.35,-1.76,-0.15,-1,3980,33237
ROTO,2011-09-29,8.75,8.75,8.33,8.5,3.53,0.29,-1,4643,39487.5
ROTO,2011-09-28,9.06,9.06,8.12,8.21,-8.98,-0.81,-1,15356,126103.42
ROTO,2011-09-27,9.25,9.25,8.7,9.02,-3.32,-0.31,-1,20830,187793.8
ROTO,2011-09-26,9.48,9.48,9.08,9.33,3.9,0.35,-1,13668,127547.44
ROTO,2011-09-25,9.67,9.67,8.48,8.98,-4.16,-0.39,-1,17589,157894.81
ROTO,2011-09-22,9.76,9.76,9.17,9.37,-6.67,-0.67,-1,5714,53513.65
ROTO,2011-09-21,10.38,10.38,9.54,10.04,3.08,0.3,-1,7995,80237.24
ROTO,2011-09-20,9.98,9.98,9.57,9.74,-2.5,-0.25,-1,4533,44146.24
ROTO,2011-09-19,10,10,9.98,9.99,1.94,0.19,-1,1269,12680.8
ROTO,2011-09-18,10.25,10.25,9.35,9.8,-0.51,-0.05,-1,9598,94066.99
ROTO,2011-09-15,10.59,10.59,9.38,9.85,-5.11,-0.53,-1,4995,49202
ROTO,2011-09-14,10.7,10.7,10.12,10.38,-2.63,-0.28,-1,9471,98295.96
ROTO,2011-09-13,10.94,10.94,10.42,10.66,-0.37,-0.04,-1,43222,460667.44
ROTO,2011-09-12,10.99,10.99,10.52,10.7,-2.64,-0.29,-1,4350,46551.5
ROTO,2011-09-11,11.05,11.05,10.9,10.99,-2.05,-0.23,-1,9144,100511.64
ROTO,2011-09-08,11.28,11.28,11.06,11.22,-0.27,-0.03,-1,7150,80201.51
ROTO,2011-09-07,11.46,11.46,11.05,11.25,0.09,0.01,-1,11218,126198.65
ROTO,2011-09-06,11.45,11.45,11,11.24,1.63,0.18,-1,28002,314665.59
ROTO,2011-09-05,11.33,11.33,11,11.06,-0.63,-0.07,-1,13948,154271.52
ROTO,2011-09-04,11.29,11.29,11.03,11.13,-1.94,-0.22,-1,10930,121674.42
ROTO,2011-08-29,11.69,11.69,11.16,11.35,0.27,0.03,-1,23654,268588.16
ROTO,2011-08-28,11.5,11.5,11.11,11.32,0.35,0.04,-1,2895655,32432358
ROTO,2011-08-25,11.44,11.44,11.08,11.28,0.98,0.11,-1,15015,169424.36
ROTO,2011-08-24,11.5,11.5,11.07,11.17,1.18,0.13,-1,4822,53873.69
ROTO,2011-08-23,11.14,11.14,10.99,11.04,-0.27,-0.03,-1,17335,191380.75
ROTO,2011-08-22,11.11,11.11,11,11.07,-0.45,-0.05,-1,3626,40155.96
ROTO,2011-08-21,11.2,11.2,11,11.12,-2.54,-0.29,-1,10380,115458
ROTO,2011-08-18,12,12,11.22,11.41,-3.88,-0.46,-1,8830,100732.8
ROTO,2011-08-17,12.19,12.19,11.57,11.87,2.59,0.3,-1,19185,227708.98
ROTO,2011-08-16,11.98,11.98,11.51,11.57,-1.36,-0.16,-1,10155,117463.65
ROTO,2011-08-15,11.97,11.97,11.22,11.73,-0.42,-0.05,-1,17420,204386.07
ROTO,2011-08-14,11.98,11.98,11.35,11.78,4.16,0.47,-1,2620,30865.7
ROTO,2011-08-11,11.4,11.4,11.21,11.31,-4.07,-0.48,-1,7825,88494.1
ROTO,2011-08-10,11.99,11.99,11.61,11.79,3.79,0.43,-1,16850,198584.97
ROTO,2011-08-09,11.8,11.8,10.98,11.36,-6.89,-0.84,-1,10750,122149.75
ROTO,2011-08-08,12.5,12.5,12,12.2,-2.24,-0.28,-1,20170,246089.2
ROTO,2011-08-07,13.05,13.05,12.31,12.48,-6.45,-0.86,-1,14825,185003.23
ROTO,2011-08-04,13.53,13.53,13.08,13.34,0.6,0.08,-1,28403,378883.08
ROTO,2011-08-03,13.4,13.4,12.81,13.26,1.38,0.18,-1,10590,140410.7
ROTO,2011-08-02,13.3,13.3,12.76,13.08,-1.88,-0.25,-1,16053,209950.19
ROTO,2011-08-01,13.37,13.37,13.26,13.33,-2.06,-0.28,-1,4250,56649.6
ROTO,2011-07-31,13.9,13.9,13.41,13.61,1.19,0.16,-1,31535,429055.99
ROTO,2011-07-28,13.6,13.6,13.31,13.45,0.3,0.04,-1,13317,179179.75
ROTO,2011-07-27,13.59,13.59,13.3,13.41,-0.3,-0.04,-1,9760,130847.9
ROTO,2011-07-26,13.94,13.94,13.21,13.45,-1.25,-0.17,-1,18315,246351.2
ROTO,2011-07-25,13.98,13.98,13.25,13.62,-1.66,-0.23,-1,26973,367332.79
ROTO,2011-07-21,14.23,14.23,13.63,13.85,-3.01,-0.43,-1,11730,162493.4
ROTO,2011-07-20,14.8,14.8,13.76,14.28,2.37,0.33,-1,44725,638777.55
ROTO,2011-07-19,14.2,14.2,13.12,13.95,4.57,0.61,-1,94280,1315354.59
ROTO,2011-07-18,13.67,13.67,13.01,13.34,0.53,0.07,-1,30064,401119.1
ROTO,2011-07-17,13.8,13.8,13.08,13.27,-0.45,-0.06,-1,26175,347351.35
ROTO,2011-07-14,13.5,13.5,13.01,13.33,-0.22,-0.03,-1,8601,114678.91
ROTO,2011-07-13,13.66,13.66,13.01,13.36,4.78,0.61,-1,19134,255693.04
ROTO,2011-07-12,13.27,13.27,12.2,12.75,-2.07,-0.27,-1,51218,653025.86
ROTO,2011-07-11,13.57,13.57,12.82,13.02,-3.34,-0.45,-1,23966,311932.46
ROTO,2011-07-10,14.15,14.15,13.23,13.47,-2.74,-0.38,-1,21242,286119.97
ROTO,2011-07-07,14,14,13.65,13.85,1.09,0.15,-1,20563,284729.09
ROTO,2011-07-06,14.05,14.05,13.18,13.7,-4.86,-0.7,-1,33676,461349.41
ROTO,2011-07-05,14.6,14.6,14.21,14.4,0.98,0.14,-1,22116,318553.88
ROTO,2011-07-04,14.47,14.47,14.1,14.26,-1.52,-0.22,-1,47364,675397.83
ROTO,2011-07-03,14.74,14.74,14.36,14.48,1.19,0.17,-1,18068,261685.46
ROTO,2011-06-30,14.74,14.74,14.1,14.31,-0.42,-0.06,-1,24030,343959.63
ROTO,2011-06-29,14.81,14.81,14.01,14.37,-4.64,-0.7,-1,44195,634993.04
ROTO,2011-06-28,15.29,15.29,14.93,15.07,0.2,0.03,-1,34985,527050.46
ROTO,2011-06-27,15.33,15.33,14.78,15.04,-1.05,-0.16,-1,28479,428448.05
ROTO,2011-06-26,15.54,15.54,14.95,15.2,-0.13,-0.02,-1,50857,773027.64
ROTO,2011-06-23,15.56,15.56,15.04,15.22,-0.33,-0.05,-1,65737,1000662.18
ROTO,2011-06-22,15.44,15.44,15.15,15.27,-2.55,-0.4,-1,30469,465367.66
ROTO,2011-06-21,15.9,15.9,15.36,15.67,-0.76,-0.12,-1,45967,720145.94
ROTO,2011-06-20,16.15,16.15,15.25,15.79,2.33,0.36,-1,86740,1369945.69
ROTO,2011-06-19,15.6,15.6,15.25,15.43,0.78,0.12,-1,41033,632950.36
ROTO,2011-06-16,15.47,15.47,15.15,15.31,-1.98,-0.31,-1,38099,583225.39
ROTO,2011-06-15,15.97,15.97,15.29,15.62,2.97,0.45,-1,74454,1162654.01
ROTO,2011-06-14,15.5,15.5,15.04,15.17,-0.98,-0.15,-1,64524,978603.97
ROTO,2011-06-13,15.7,15.7,15.01,15.32,-0.84,-0.13,-1,64899,994195.55
ROTO,2011-06-12,15.57,15.57,15.3,15.45,1.51,0.23,-1,26800,414187.74
ROTO,2011-06-09,15.6,15.6,15.02,15.22,0.13,0.02,-1,58725,893821.35
ROTO,2011-06-08,15.43,15.43,15.02,15.2,-0.52,-0.08,-1,25987,395113.37
ROTO,2011-06-07,15.53,15.53,15.15,15.28,-2.55,-0.4,-1,49280,753231.68
ROTO,2011-06-06,15.9,15.9,15.5,15.68,-0.25,-0.04,-1,18453,289311.41
ROTO,2011-06-05,15.97,15.97,15.5,15.72,-0.19,-0.03,-1,34320,539438.34
ROTO,2011-06-02,16,16,15.46,15.75,-0.57,-0.09,-1,32488,511614.98
ROTO,2011-06-01,16.09,16.09,15.69,15.84,-0.38,-0.06,-1,29656,469651.79
ROTO,2011-05-31,16,16,15.71,15.9,0.32,0.05,-1,16595,263907.89
ROTO,2011-05-30,16.35,16.35,15.55,15.85,-0.13,-0.02,-1,60592,960583.05
ROTO,2011-05-29,16.2,16.2,15.61,15.87,3.19,0.49,-1,51231,813027.56
ROTO,2011-05-26,15.71,15.71,15.29,15.38,-1.35,-0.21,-1,39231,603515.52
ROTO,2011-05-25,16.25,16.25,15.3,15.59,-2.32,-0.37,-1,69402,1081873.8
ROTO,2011-05-24,16.46,16.46,15.52,15.96,-2.39,-0.39,-1,53753,857831.99
ROTO,2011-05-23,16.81,16.81,15.75,16.35,3.09,0.49,-1,124561,2036157.25
ROTO,2011-05-22,16.33,16.33,15.1,15.86,6.09,0.91,-1,122872,1948300.76
ROTO,2011-05-19,15.17,15.17,14.53,14.95,1.63,0.24,-1,46885,700805.73
ROTO,2011-05-18,15.17,15.17,14.33,14.71,-1.21,-0.18,-1,40082,589769.17
ROTO,2011-05-17,15.13,15.13,14.45,14.89,1.57,0.23,-1,34852,518860.66
ROTO,2011-05-16,15.2,15.2,14.4,14.66,-2.2,-0.33,-1,34313,502882.45
ROTO,2011-05-15,15.2,15.2,14.62,14.99,3.52,0.51,-1,43617,653754.59
ROTO,2011-05-12,14.64,14.64,14.25,14.48,1.05,0.15,-1,14075,203807.89
ROTO,2011-05-11,14.56,14.56,14.1,14.33,0.35,0.05,-1,15855,227233.65
ROTO,2011-05-10,14.49,14.49,14.15,14.28,0.21,0.03,-1,19755,282054.9
ROTO,2011-05-09,14.5,14.5,14.1,14.25,-0.07,-0.01,-1,14827,211246.09
ROTO,2011-05-08,14.49,14.49,13.76,14.26,-2.46,-0.36,-1,38380,547271.11
ROTO,2011-05-05,14.9,14.9,14.41,14.62,-3.5,-0.53,-1,23006,336276.99
ROTO,2011-05-04,15.69,15.69,14.71,15.15,-0.39,-0.06,-1,39607,599888.22
ROTO,2011-05-03,15.5,15.5,14.6,15.21,3.26,0.48,-1,48173,732708.88
ROTO,2011-05-02,15,15,14.51,14.73,0.07,0.01,-1,9895,145794.37
ROTO,2011-04-28,14.98,14.98,14.6,14.72,-1.54,-0.23,-1,22648,333453.93
ROTO,2011-04-27,15.24,15.24,14.31,14.95,0.13,0.02,-1,17261,258070.98
ROTO,2011-04-26,15.22,15.22,14.25,14.93,2.19,0.32,-1,32785,489551.83
ROTO,2011-04-21,14.94,14.94,13.51,14.61,6.18,0.85,-1,30835,450414.53
ROTO,2011-04-20,14,14,13.57,13.76,-3.1,-0.44,-1,12217,168115.95
ROTO,2011-04-19,14.9,14.9,14,14.2,0.35,0.05,-1,22476,319213.74
ROTO,2011-04-18,14.98,14.98,13.75,14.15,-5.41,-0.81,-1,25646,362985.85
ROTO,2011-04-17,15.78,15.78,14.42,14.96,-6.56,-1.05,-1,41653,623284.78
ROTO,2011-04-14,16.5,16.5,15.55,16.01,-3.67,-0.61,-1,51310,821574.78
ROTO,2011-04-13,17,17,15.99,16.62,4.01,0.64,-1,25751,427997.49
ROTO,2011-04-12,16.4,16.4,15.35,15.98,-3.97,-0.66,-1,34876,557447.95
ROTO,2011-04-11,17.37,17.37,16.2,16.64,-1.19,-0.2,-1,18313,304772.65
ROTO,2011-04-10,17.25,17.25,16.5,16.84,-5.02,-0.89,-1,39540,666039.64
ROTO,2011-04-07,17.9,17.9,17,17.73,-0.45,-0.08,-1,16983,301036.79
ROTO,2011-04-06,18.97,18.97,16.8,17.81,-2.2,-0.4,-1,40807,726780.01
ROTO,2011-04-05,18.79,18.79,18.17,18.21,-9.76,-1.97,-1,30969,563955.05
ROTO,2011-04-04,20.92,20.92,19.91,20.18,-1.03,-0.21,-1,93352,1883619.75
ROTO,2011-04-03,20.79,20.79,19.2,20.39,7.37,1.4,-1,54589,1112874.73
ROTO,2011-03-31,19.78,19.78,18.32,18.99,1.01,0.19,-1,31601,600073.12
ROTO,2011-03-30,19,19,18.3,18.8,1.4,0.26,-1,30535,574091.3
ROTO,2011-03-29,19.26,19.26,17.95,18.54,2.04,0.37,-1,26632,493889.17
ROTO,2011-03-28,19.8,19.8,17.74,18.17,-0.98,-0.18,-1,22256,404420.71
ROTO,2011-03-27,18.74,18.74,17.51,18.35,7.69,1.31,-1,23866,437972.29
ROTO,2011-03-24,18.5,18.5,15.31,17.04,0.18,0.03,-1,32073,546618.78
ROTO,2011-03-23,17.01,17.01,17.01,17.01,-10,-1.89,-1,9530,162105.3
ROTO,2011-01-27,20.25,20.25,18.08,18.9,-16.37,-3.7,-1,40136,758644.07
ROTO,2011-01-26,24.01,24.01,21.11,22.6,-10.03,-2.52,-1,52895,1195517.63
ROTO,2011-01-24,25.76,25.76,24.65,25.12,2.45,0.6,-1,26688,670423.85
ROTO,2011-01-23,25.3,25.3,24.05,24.52,-5.18,-1.34,-1,42630,1045181.24
ROTO,2011-01-20,26.24,26.24,25.3,25.86,1.49,0.38,-1,16450,425322.61
ROTO,2011-01-19,26.14,26.14,24.56,25.48,1.11,0.28,-1,28569,727801.44
ROTO,2011-01-18,26.97,26.97,24.01,25.2,-8.4,-2.31,-1,46089,1161509.15
ROTO,2011-01-17,29.4,29.4,24.15,27.51,-5.2,-1.51,-1,81020,2228876.22
ROTO,2011-01-16,29.38,29.38,28.07,29.02,0.17,0.05,-1,44008,1277145.56
ROTO,2011-01-13,29.63,29.63,28.8,28.97,-0.92,-0.27,-1,39479,1143735.66
ROTO,2011-01-12,29.9,29.9,29,29.24,-0.81,-0.24,-1,26125,763789.73
ROTO,2011-01-11,29.97,29.97,28.5,29.48,2.11,0.61,-1,69757,2056491.02
ROTO,2011-01-10,29.22,29.22,28.38,28.87,1.69,0.48,-1,41954,1211046.55
ROTO,2011-01-06,28.89,28.89,28.15,28.39,0.46,0.13,-1,24060,683033.09
ROTO,2011-01-05,29.25,29.25,27.9,28.26,-2.85,-0.83,-1,40425,1142233.99
ROTO,2011-01-04,29.49,29.49,28.81,29.09,0.28,0.08,-1,23440,681795.47
ROTO,2011-01-03,29.5,29.5,28.75,29.01,0.17,0.05,-1,43638,1265896.39
ROTO,2011-01-02,29.29,29.29,28.75,28.96,3.87,1.08,-1,41948,1214706.04
ROTO,2010-12-30,28.35,28.35,27.62,27.88,0.29,0.08,-1,45668,1273326.43
ROTO,2010-12-29,28,28,27.62,27.8,-0.29,-0.08,-1,16057,446350.08
ROTO,2010-12-28,28.1,28.1,27.6,27.88,-0.11,-0.03,-1,11299,315008.12
ROTO,2010-12-27,28.4,28.4,27.3,27.91,0.36,0.1,-1,20429,570254.53
ROTO,2010-12-26,28.15,28.15,27.5,27.81,-1.56,-0.44,-1,20921,581916.6
ROTO,2010-12-23,28.9,28.9,28,28.25,-0.32,-0.09,-1,57538,1625414.23
ROTO,2010-12-22,28.51,28.51,28.05,28.34,-1.25,-0.36,-1,25199,714166.28
ROTO,2010-12-21,29.38,29.38,28.21,28.7,-4.05,-1.21,-1,70353,2019188.96
ROTO,2010-12-20,30.8,30.8,29.06,29.91,-0.83,-0.25,-1,53056,1586777.1
ROTO,2010-12-19,30.89,30.89,30,30.16,-1.69,-0.52,-1,48176,1453192.19
ROTO,2010-12-16,31.09,31.09,30.36,30.68,-0.87,-0.27,-1,36796,1128733.1
ROTO,2010-12-15,31.9,31.9,30.26,30.95,-3.73,-1.2,-1,47644,1474660.14
ROTO,2010-12-14,32.7,32.7,31.62,32.15,-0.92,-0.3,-1,87797,2823003.74
ROTO,2010-12-13,33.1,33.1,31.82,32.45,0.84,0.27,-1,107326,3482325.35
ROTO,2010-12-12,32.79,32.79,31.1,32.18,5.06,1.55,-1,168342,5417108.8
ROTO,2010-12-09,31.75,31.75,29.78,30.63,1.46,0.44,-1,119731,3667772
ROTO,2010-12-08,30.53,30.53,29.88,30.19,0.27,0.08,-1,47392,1430794.74
ROTO,2010-12-06,30.79,30.79,29.61,30.11,-1.08,-0.33,-1,39428,1187156.23
ROTO,2010-12-02,31.19,31.19,30.09,30.52,-1.13,-0.35,-1,55268,1686815.45
ROTO,2010-12-01,31.24,31.24,30.56,30.87,0.19,0.06,-1,32720,1009983.5
ROTO,2010-11-30,31.38,31.38,30.41,30.81,-0.74,-0.23,-1,70228,2164011.8
ROTO,2010-11-29,32,32,30.72,31.04,-1.9,-0.6,-1,48344,1500568.9
ROTO,2010-11-28,32.45,32.45,30.55,31.64,2.63,0.81,-1,105434,3335651.98
ROTO,2010-11-25,31.69,31.69,30.51,30.83,-1.09,-0.34,-1,57390,1769186.57
ROTO,2010-11-24,31.9,31.9,30.61,31.17,-1.64,-0.52,-1,43967,1370469.79
ROTO,2010-11-23,32.41,32.41,31.34,31.69,0.28,0.09,-1,30937,980450.53
ROTO,2010-11-22,32.4,32.4,30.58,31.6,2.27,0.7,-1,125021,3950992.78
ROTO,2010-11-21,31.27,31.27,30.58,30.9,0.39,0.12,-1,40857,1262549.6
ROTO,2010-11-18,31.3,31.3,30.19,30.78,1.35,0.41,-1,34570,1064070.76
ROTO,2010-11-14,30.95,30.95,30,30.37,0.53,0.16,-1,43695,1326822.82
ROTO,2010-11-11,30.78,30.78,29.6,30.21,-1.66,-0.51,-1,28091,848525.39
ROTO,2010-11-10,31.54,31.54,30.41,30.72,0.36,0.11,-1,47629,1463092.81
ROTO,2010-11-09,31.21,31.21,30,30.61,-0.2,-0.06,-1,55998,1714063.17
ROTO,2010-11-08,31.4,31.4,29.65,30.67,-1.57,-0.49,-1,75644,2319792.03
ROTO,2010-11-07,32.65,32.65,30.33,31.16,-3.47,-1.12,-1,97285,3030925.99
ROTO,2010-11-04,33.1,33.1,31.52,32.28,-2.18,-0.72,-1,130639,4216839.62
ROTO,2010-11-03,33.91,33.91,32.24,33,3.61,1.15,-1,106104,3501910.07
ROTO,2010-11-02,33.49,33.49,28.71,31.85,12.15,3.45,-1,284290,9053511.04
ROTO,2010-11-01,30.5,30.5,26.51,28.4,4.22,1.15,-1,225655,6407870.17
ROTO,2010-10-31,28.4,28.4,26.86,27.25,-2.29,-0.64,-1,48305,1316275.75
ROTO,2010-10-28,28.69,28.69,27,27.89,4.54,1.21,-1,90155,2514151.35
ROTO,2010-10-27,27.65,27.65,25.41,26.68,3.73,0.96,-1,176332,4704664.93
ROTO,2010-10-26,26.06,26.06,25.2,25.72,-2.32,-0.61,-1,38932,1001350.5
ROTO,2010-10-25,27.25,27.25,25.74,26.33,-1.83,-0.49,-1,58399,1537484.39
ROTO,2010-10-24,27.98,27.98,26.5,26.82,-4.08,-1.14,-1,56694,1520412.6
ROTO,2010-10-21,29.3,29.3,27.15,27.96,-79.85,-110.81,-1,98606,2756900.81
ROTO,2010-10-20,28.49,28.49,27,27.75,-0.38,-0.11,-1,121710,3378035.04
ROTO,2010-10-19,28.48,28.48,27.45,27.86,-0.5,-0.14,-1,80995,2256495.12
ROTO,2010-10-18,28.9,28.9,27.65,28,-3.31,-0.96,-1,69445,1944519.66
ROTO,2010-10-14,29.2,29.2,27.5,28.58,0.73,0.21,-1,84850,2424832.98
ROTO,2010-10-13,28.65,28.65,28.01,28.37,0.53,0.15,-1,50960,1445777.47
ROTO,2010-10-12,28.58,28.58,27.93,28.22,0.21,0.06,-1,49380,1393468.52
ROTO,2010-10-11,29,29,27.6,28.16,-2.63,-0.76,-1,82100,2312031.85
ROTO,2010-10-10,29.48,29.48,28.1,28.92,5.79,1.58,-1,145050,4195114.42
ROTO,2010-10-07,28.2,28.2,26.4,27.34,5.23,1.36,-1,167580,4581243.39
ROTO,2010-10-05,26.54,26.54,25.4,25.98,0.89,0.23,-1,68365,1776083.18
ROTO,2010-10-04,25.99,25.99,25.41,25.75,1,0.25,-1,35560,915663.08
ROTO,2010-10-03,25.95,25.95,25.28,25.5,1.95,0.49,-1,40510,1032809.68
ROTO,2010-09-30,25.39,25.39,24.8,25.01,-1.71,-0.43,-1,45560,1139331.55
ROTO,2010-09-29,26.2,26.2,25.05,25.44,-1.99,-0.52,-1,62420,1588048.14
ROTO,2010-09-28,26.2,26.2,25.61,25.96,0.08,0.02,-1,37855,982675.83
ROTO,2010-09-27,26.4,26.4,25.4,25.94,1.6,0.41,-1,79750,2068515.06
ROTO,2010-09-26,25.79,25.79,25,25.53,2.23,0.56,-1,90050,2299052.06
ROTO,2010-09-23,25.29,25.29,24.26,24.97,-0.21,-0.05,-1,51000,1273592.87
ROTO,2010-09-22,25.2,25.2,24.65,25.02,1.48,0.36,-1,31405,785858.86
ROTO,2010-09-21,25.4,25.4,24,24.66,1.21,0.3,-1,97850,2412932.5
ROTO,2010-09-20,24.47,24.47,24.1,24.36,-0.59,-0.15,-1,31615,770249.77
ROTO,2010-09-19,24.78,24.78,24.23,24.51,-1.28,-0.32,-1,26640,652882.77
ROTO,2010-09-16,25,25,24.5,24.83,2.67,0.65,-1,54675,1357384.39
ROTO,2010-09-15,24.65,24.65,23.9,24.18,-1.35,-0.33,-1,61725,1492467.09
ROTO,2010-09-14,24.9,24.9,24.24,24.51,-1.13,-0.28,-1,38500,943656.28
ROTO,2010-09-13,25.18,25.18,24.5,24.79,-1.17,-0.29,-1,34895,865060.87
ROTO,2010-09-08,25.4,25.4,24.8,25.08,-0.21,-0.06,-1,30775,771950.78
ROTO,2010-09-07,25.53,25.53,25,25.14,-1.49,-0.38,-1,26125,656741.7
ROTO,2010-09-06,25.89,25.89,25.22,25.52,-2.12,-0.55,-1,48205,1230062.98
ROTO,2010-09-05,26.8,26.8,25.63,26.07,-1.35,-0.36,-1,32885,857366.44
ROTO,2010-09-02,27,27,26,26.43,-0.96,-0.25,-1,35845,947346.57
ROTO,2010-09-01,26.99,26.99,26.4,26.68,2.02,0.52,-1,19510,520614.63
ROTO,2010-08-31,26.74,26.74,25.6,26.16,-0.39,-0.1,-1,65190,1705092.13
ROTO,2010-08-30,26.6,26.6,26.03,26.26,-2.18,-0.58,-1,81835,2148791.27
ROTO,2010-08-29,27.21,27.21,26.54,26.84,-0.51,-0.14,-1,71020,1906413.78
ROTO,2010-08-26,27.36,27.36,26.81,26.98,1.38,0.36,-1,20855,562711.41
ROTO,2010-08-25,27.1,27.1,26.33,26.62,-0.6,-0.16,-1,33655,895731.58
ROTO,2010-08-24,27.18,27.18,26.42,26.78,-2.4,-0.66,-1,38935,1042579.41
ROTO,2010-08-23,28,28,27.11,27.44,0.46,0.13,-1,54610,1498299.59
ROTO,2010-08-22,27.96,27.96,27.2,27.31,-1.97,-0.55,-1,34735,948636.29
ROTO,2010-08-19,28.1,28.1,27.5,27.86,1.07,0.29,-1,43750,1218851.55
ROTO,2010-08-18,28,28,27.4,27.57,-0.92,-0.25,-1,30770,848222.23
ROTO,2010-08-17,28.55,28.55,27.43,27.82,0.25,0.07,-1,33285,926050.97
ROTO,2010-08-16,28.35,28.35,27.4,27.75,-0.47,-0.13,-1,55310,1535042.89
ROTO,2010-08-15,28.4,28.4,26.7,27.88,2.38,0.64,-1,51205,1427822.65
ROTO,2010-08-12,28,28,25.74,27.24,-0.58,-0.16,-1,50565,1377146.25
ROTO,2010-08-11,28.98,28.98,26.3,27.4,2.54,0.68,-1,80530,2206189.01
ROTO,2010-08-10,26.75,26.75,26.56,26.72,19.85,4.43,-1,105005,2805511.31
ROTO,2010-07-29,22.8,22.8,22.04,22.29,-2.88,-0.66,-1,7350,163843.78
ROTO,2010-07-28,23.46,23.46,22.32,22.95,1.4,0.31,-1,27430,629625.84
ROTO,2010-07-27,22.95,22.95,22.46,22.64,0.6,0.14,-1,19860,449536.26
ROTO,2010-07-26,22.99,22.99,22.4,22.5,-0.73,-0.17,-1,4920,110695.35
ROTO,2010-07-25,22.85,22.85,22.06,22.67,-1.9,-0.44,-1,17280,391669.65
ROTO,2010-07-22,23.7,23.7,22.8,23.11,-2.56,-0.6,-1,14240,329031.4
ROTO,2010-07-21,24,24,22.73,23.71,0.15,0.03,-1,3510,83230.56
ROTO,2010-07-20,24.54,24.54,22.42,23.68,-0.77,-0.18,-1,15660,370755.91
ROTO,2010-07-19,24.78,24.78,23.44,23.86,2.02,0.47,-1,10210,243600.86
ROTO,2010-07-18,24,24,22,23.39,5.06,1.13,-1,21330,498878.33
ROTO,2010-07-15,23.39,23.39,21.9,22.26,-17.47,-4.71,-1,7605,169299
ROTO,2010-07-14,23.33,23.33,22.35,22.48,-0.61,-0.14,-1,8430,189487.4
ROTO,2010-07-13,23.33,23.33,22.17,22.62,-1.66,-0.38,-1,16200,366402.47
ROTO,2010-07-12,23.17,23.17,22.69,23,-2.16,-0.51,-1,5930,136329.74
ROTO,2010-07-11,23.9,23.9,22.52,23.51,4.14,0.94,-1,10910,256419.77
ROTO,2010-07-08,23.21,23.21,22.33,22.57,0.98,0.22,-1,11405,257455.03
ROTO,2010-07-07,22.99,22.99,22.17,22.35,-3.47,-0.8,-1,6600,147521.65
ROTO,2010-07-06,23.67,23.67,22.75,23.15,0.46,0.1,-1,7265,168241.19
ROTO,2010-07-05,23.15,23.15,22.96,23.05,2.3,0.52,-1,3305,76195.37
ROTO,2010-07-04,23.33,23.33,22.17,22.53,-0.54,-0.12,-1,12720,286580.23
ROTO,2010-06-30,23.33,23.33,22.26,22.65,-1.99,-0.46,-1,27390,620492.14
ROTO,2010-06-29,23.67,23.67,22.17,23.11,-5.53,-1.36,-1,15660,361953.35
ROTO,2010-06-28,25,25,23.26,24.47,3.12,0.74,-1,179105,4382231.24
ROTO,2010-06-27,24.5,24.5,23.6,23.73,-2.12,-0.51,-1,5880,139517
ROTO,2010-06-24,24.67,24.67,24.06,24.24,-1.95,-0.48,-1,3450,83633.75
ROTO,2010-06-23,25.17,25.17,24,24.72,2.6,0.62,-1,13720,339261.19
ROTO,2010-06-22,24.83,24.83,23.68,24.1,-2.83,-0.7,-1,12980,312716.8
ROTO,2010-06-21,25.33,25.33,24.33,24.8,-3.3,-0.84,-1,11210,277945.6
ROTO,2010-06-20,26.65,26.65,25.06,25.64,-0.98,-0.26,-1,21340,547306.03
ROTO,2010-06-17,26.15,26.15,25.5,25.9,5.03,1.24,-1,43690,1131601.05
ROTO,2010-06-16,25.42,25.42,23.33,24.66,5.94,1.38,-1,52745,1300715.45
ROTO,2010-06-15,23.66,23.66,23.1,23.28,0.49,0.12,-1,7770,180865.31
ROTO,2010-06-14,23.18,23.18,23.1,23.16,-1.51,-0.36,-1,1800,41693
ROTO,2010-06-13,24.17,24.17,23.36,23.52,1.24,0.29,-1,10060,236643.7
ROTO,2010-06-10,23.67,23.67,22.95,23.23,-2.05,-0.48,-1,5850,135891.9
ROTO,2010-06-09,24.16,24.16,23.35,23.71,2.13,0.49,-1,6210,147270.11
ROTO,2010-06-08,24.28,24.28,22.77,23.22,-2.9,-0.69,-1,23395,543225.58
ROTO,2010-06-07,24.64,24.64,22.87,23.91,0.76,0.18,-1,13260,317095.94
ROTO,2010-06-06,24.73,24.73,23.2,23.73,-6.07,-1.54,-1,22505,534136.63
ROTO,2010-06-03,26.4,26.4,24.67,25.27,3.09,0.76,-1,10585,267413.62
ROTO,2010-06-02,26.08,26.08,22.83,24.51,7.23,1.65,-1,34490,845326.58
ROTO,2010-06-01,23.66,23.66,22.42,22.86,-2.75,-0.64,-1,11305,258365.78
ROTO,2010-05-31,26.41,26.41,22.92,23.5,-2.04,-0.49,-1,21005,493720.5
ROTO,2010-05-30,24.97,24.97,23.37,23.99,1.51,0.35,-1,9395,225439.95
ROTO,2010-05-27,25,25,22.17,23.64,8.62,1.88,-1,39440,932206.59
ROTO,2010-05-26,22.17,22.17,20.67,21.76,10.16,2.01,-1,12275,267131.85
ROTO,2010-05-25,21.67,21.67,19.17,19.75,-14.23,-3.28,-1,26885,531070.69
ROTO,2010-05-24,23.67,23.67,22.09,23.03,-1.31,-0.3,-1,47485,1093541.44
ROTO,2010-05-23,23.83,23.83,23,23.33,-1.93,-0.46,-1,55285,1290096
ROTO,2010-05-20,25,25,23,23.79,-4.24,-1.06,-1,51450,1224196.2
ROTO,2010-05-19,25.71,25.71,24.18,24.85,-6.37,-1.69,-1,68490,1701742.63
ROTO,2010-05-18,26.98,26.98,25.52,26.54,5.01,1.27,-1,30000,796080.22
ROTO,2010-05-17,25.58,25.58,24.8,25.27,-2.65,-0.69,-1,41545,1049902.3
ROTO,2010-05-16,26.67,26.67,25.33,25.96,-4.42,-1.2,-1,109470,2841864.97
ROTO,2010-05-13,27.67,27.67,26.67,27.16,-3.4,-0.95,-1,33300,904432.1
ROTO,2010-05-12,29.65,29.65,27.33,28.11,-2.04,-0.59,-1,139910,3933590.31
ROTO,2010-05-11,30.16,30.16,27.59,28.7,0.36,0.1,-1,122120,3504741.43
ROTO,2010-05-10,29.32,29.32,27.5,28.6,8.35,2.21,-1,120370,3442241.89
ROTO,2010-05-09,27.5,27.5,25.33,26.39,-3.79,-1.04,-1,48055,1268197.25
ROTO,2010-05-06,28.33,28.33,26.52,27.43,3.86,1.02,-1,66410,1821527.76
ROTO,2010-05-05,28,28,24.67,26.41,4.7,1.19,-1,143375,3786547.89
ROTO,2010-05-04,26.33,26.33,23.33,25.22,7.12,1.67,-1,141005,3556935.59
ROTO,2010-05-03,24.16,24.16,23.17,23.55,2.01,0.47,-1,32065,755045.02
ROTO,2010-05-02,23.38,23.38,22.84,23.08,-4.67,-1.13,-1,46320,1069185.3
ROTO,2010-04-29,24.83,24.83,23.88,24.21,-1.86,-0.46,-1,60145,1456373.85
ROTO,2010-04-28,25.33,25.33,24.19,24.67,-0.76,-0.19,-1,58960,1454924.39
ROTO,2010-04-27,25.17,25.17,24.5,24.86,-1.92,-0.49,-1,38770,964004.22
ROTO,2010-04-26,26.33,26.33,24.93,25.35,0.14,0.04,-1,84895,2152068.38
ROTO,2010-04-22,25.83,25.83,24.93,25.31,2.19,0.54,-1,41885,1060330.22
ROTO,2010-04-21,25.67,25.67,23.66,24.77,5.47,1.28,-1,186460,4619415.62
ROTO,2010-04-20,23.85,23.85,23.17,23.49,3.58,0.81,-1,69325,1628323.88
ROTO,2010-04-19,23,23,22.37,22.68,-0.03,0,-1,26810,607937.02
ROTO,2010-04-18,23.15,23.15,22.42,22.68,-0.83,-0.19,-1,25830,585903.7
ROTO,2010-04-15,23.08,23.08,22.67,22.87,-0.65,-0.15,-1,40885,935123.8
ROTO,2010-04-14,23.57,23.57,22.68,23.02,-0.64,-0.15,-1,62750,1444656.1
ROTO,2010-04-13,23.32,23.32,22.67,23.17,1.24,0.28,-1,20285,470056.5
ROTO,2010-04-12,23.33,23.33,22.68,22.89,-2.65,-0.62,-1,56570,1294771.74
ROTO,2010-04-11,24,24,22.92,23.51,1.05,0.24,-1,97430,2290726.46
ROTO,2010-04-08,23.66,23.66,22.67,23.27,1.49,0.34,-1,72570,1688620.48
ROTO,2010-04-07,23.4,23.4,22.6,22.93,-0.41,-0.09,-1,58085,1331725.13
ROTO,2010-04-06,23.5,23.5,22.56,23.02,-2.21,-0.52,-1,66830,1538432.23
ROTO,2010-04-01,24.13,24.13,23.17,23.54,-1.4,-0.33,-1,66175,1557684.86
ROTO,2010-03-31,24.66,24.66,23.34,23.87,1.8,0.42,-1,116905,2791074.54
ROTO,2010-03-30,24.08,24.08,22.5,23.45,1.08,0.25,-1,107760,2527407.27
ROTO,2010-03-29,23.78,23.78,22.5,23.2,-0.04,-0.01,-1,77600,1800366.78
ROTO,2010-03-28,23.5,23.5,22.67,23.21,4.37,0.97,-1,76750,1781441.9
ROTO,2010-03-25,23.09,23.09,21.4,22.24,3.02,0.65,-1,108020,2402081.15
ROTO,2010-03-24,22.23,22.23,21,21.59,-0.22,-0.04,-1,72110,1556596.33
ROTO,2010-03-23,22.12,22.12,20.82,21.63,6.34,1.29,-1,95725,2070854.69
ROTO,2010-03-22,20.97,20.97,20.02,20.34,-4.05,-0.86,-1,40285,819494.2
ROTO,2010-03-21,21.83,21.83,20.55,21.2,0.7,0.15,-1,75725,1605570.15
ROTO,2010-03-18,21.33,21.33,20.62,21.05,3.41,0.69,-1,80345,1691669.03
ROTO,2010-03-17,21.83,21.83,19.84,20.36,-0.07,-0.01,-1,70840,1442356.59
ROTO,2010-03-16,20.83,20.83,19.36,20.37,-0.94,-0.2,-1,80945,1649260.9
ROTO,2010-03-15,21.68,21.68,18.83,20.57,-9.34,-2.12,-1,149100,3066745.18
ROTO,2010-03-14,23.31,23.31,21.92,22.69,-4.03,-0.95,-1,92700,2103020.22
ROTO,2010-03-11,24.42,24.42,22.68,23.64,1.94,0.45,-1,191070,4517034.32
ROTO,2010-03-10,23.75,23.75,22.5,23.19,8.25,1.77,-1,176890,4102201.52
ROTO,2010-03-09,22.32,22.32,20.39,21.42,3.2,0.66,-1,176700,3785620.79
ROTO,2010-03-08,21.17,21.17,20.22,20.76,0.27,0.06,-1,72290,1500691.67
ROTO,2010-03-07,21.32,21.32,20.02,20.7,2.25,0.45,-1,47440,982248.62
ROTO,2010-03-04,21,21,19.89,20.25,-0.55,-0.11,-1,80435,1628770.78
ROTO,2010-03-03,21,21,20,20.36,-0.91,-0.19,-1,31115,633594.63
ROTO,2010-03-02,21.65,21.65,19.67,20.55,0.51,0.11,-1,96430,1981502.85
ROTO,2010-03-01,21.66,21.66,19.67,20.44,-5.47,-1.19,-1,101610,2077416.62
ROTO,2010-02-28,22.5,22.5,20.92,21.63,-1.92,-0.42,-1,95930,2074693.54
ROTO,2010-02-25,23.17,23.17,20.58,22.05,8.6,1.75,-1,204245,4504035.81
ROTO,2010-02-24,21.13,21.13,19.08,20.3,-1.32,-0.28,-1,78905,1602132.96
ROTO,2010-02-23,21.42,21.42,19.42,20.58,4.37,0.87,-1,202110,4158645.2
ROTO,2010-02-22,20.33,20.33,18.17,19.71,5.63,1.05,-1,156400,3083433.54
ROTO,2010-02-21,19.16,19.16,17.83,18.66,5.45,0.96,-1,86555,1615426.56
ROTO,2010-02-18,18.17,18.17,17.25,17.7,-2.57,-0.46,-1,28140,498041.04
ROTO,2010-02-17,18.66,18.66,17.52,18.16,2.47,0.43,-1,40400,733817.15
ROTO,2010-02-16,18.37,18.37,17.34,17.73,-1.33,-0.23,-1,48575,861098.95
ROTO,2010-02-15,18.35,18.35,17.5,17.96,-3.89,-0.73,-1,38915,699116.67
ROTO,2010-02-14,19,19,18.38,18.69,0.5,0.09,-1,27900,521476.62
ROTO,2010-02-11,18.83,18.83,18.33,18.6,0.28,0.05,-1,19595,364457.26
ROTO,2010-02-10,19.64,19.64,18.33,18.55,0.5,0.1,-1,170940,3170496.17
ROTO,2010-02-09,19.15,19.15,18.1,18.45,-3.8,-0.73,-1,56640,1045282.72
ROTO,2010-02-08,19.65,19.65,18.83,19.18,2.03,0.38,-1,64820,1243425.45
ROTO,2010-02-07,19.64,19.64,17.52,18.8,5.73,1.02,-1,213350,4011364.43
ROTO,2010-02-04,18.67,18.67,16.17,17.78,7.43,1.23,-1,96490,1715954.08
ROTO,2010-02-03,16.91,16.91,16.25,16.55,2.03,0.33,-1,11910,197159.49
ROTO,2010-02-02,16.98,16.98,15.87,16.22,-2.29,-0.38,-1,7430,120507.86
ROTO,2010-02-01,17.14,17.14,16.33,16.6,-1.09,-0.19,-1,13520,224434.45
ROTO,2010-01-31,17.15,17.15,15.98,16.79,3.95,0.64,-1,18745,314662.62
ROTO,2010-01-28,16.65,16.65,16,16.15,1.14,0.18,-1,35670,576040.45
ROTO,2010-01-27,16.17,16.17,15.67,15.97,-0.78,-0.12,-1,22020,351599.54
ROTO,2010-01-26,16.25,16.25,15.83,16.09,-2.84,-0.47,-1,10630,171089.73
ROTO,2010-01-24,16.83,16.83,16,16.56,-1.18,-0.2,-1,40590,672227.15
ROTO,2010-01-21,17.08,17.08,15.92,16.76,1.72,0.28,-1,38735,649204.43
ROTO,2010-01-20,16.83,16.83,15.92,16.48,-1.99,-0.33,-1,5035,82947.36
ROTO,2010-01-19,17.17,17.17,16.61,16.81,-1.73,-0.3,-1,23065,387749.11
ROTO,2010-01-18,17.17,17.17,16.67,17.11,1.38,0.24,-1,12100,207044.94
ROTO,2010-01-17,17.1,17.1,16.75,16.87,-3.62,-0.64,-1,12920,217983.48
ROTO,2010-01-14,17.99,17.99,16.68,17.51,4.36,0.73,-1,16505,288994.94
ROTO,2010-01-13,17.32,17.32,16.33,16.78,-0.66,-0.11,-1,8650,145157.97
ROTO,2010-01-12,17.81,17.81,16.74,16.89,-2.25,-0.39,-1,15485,261523.65
ROTO,2010-01-11,17.4,17.4,17,17.28,3.43,0.58,-1,18850,325714.14
ROTO,2010-01-10,17.01,17.01,15.34,16.7,6.78,1.06,-1,35580,594309.92
ROTO,2010-01-06,16.13,16.13,15.33,15.64,-2.01,-0.32,-1,20080,314165.06
ROTO,2010-01-05,16.37,16.37,15.68,15.96,1.1,0.17,-1,4280,68300.91
ROTO,2010-01-04,16.17,16.17,15.25,15.79,3.36,0.51,-1,17035,268994.38
ROTO,2010-01-03,15.66,15.66,14.83,15.28,1.04,0.16,-1,9095,138968.22
ROTO,2009-12-31,15.66,15.66,14.68,15.12,1.56,0.23,-1,23555,356209.54
ROTO,2009-12-30,15.25,15.25,14.33,14.89,5.06,0.72,-1,26400,393093.67
ROTO,2009-12-29,14.46,14.46,14,14.17,0.4,0.05,-1,36740,520683.37
ROTO,2009-12-28,14.17,14.17,13.99,14.12,0.26,0.04,-1,16200,228687.29
ROTO,2009-12-27,14.25,14.25,13.7,14.08,2.77,0.38,-1,6670,93936.69
ROTO,2009-12-24,13.72,13.72,13.68,13.7,-1.47,-0.2,-1,12025,164728.69
ROTO,2009-12-23,14.17,14.17,13.61,13.9,-1.96,-0.28,-1,15725,218665.13
ROTO,2009-12-22,14.25,14.25,13.84,14.18,1.08,0.15,-1,20640,292727.08
ROTO,2009-12-21,14.29,14.29,13.69,14.03,-0.98,-0.14,-1,5630,78973.3
ROTO,2009-12-20,14.28,14.28,14.16,14.17,2.08,0.29,-1,16900,239511.46
ROTO,2009-12-17,14.17,14.17,13.15,13.88,3.58,0.48,-1,3650,50638.88
ROTO,2009-12-16,13.6,13.6,13.33,13.4,-4.68,-0.66,-1,15480,207459.35
ROTO,2009-12-15,14.17,14.17,13.83,14.06,0,0,-1,10945,153866.47
ROTO,2009-12-14,14.13,14.13,13.84,14.06,-1.87,-0.27,-1,6370,89589.36
ROTO,2009-12-13,14.73,14.73,14.08,14.33,1.25,0.18,-1,6640,95169.9
ROTO,2009-12-10,14.78,14.78,13.67,14.15,2.42,0.33,-1,10820,153089.9
ROTO,2009-12-09,14.83,14.83,12.85,13.82,1.81,0.25,-1,67255,929191.57
ROTO,2009-12-08,13.61,13.61,13.34,13.57,-0.51,-0.07,-1,6580,89323.8
ROTO,2009-12-07,14.04,14.04,13.5,13.64,-1.61,-0.22,-1,11970,163286.42
ROTO,2009-12-06,14.33,14.33,13.72,13.86,-0.78,-0.11,-1,26605,368844.65
ROTO,2009-12-03,14.49,14.49,13.87,13.97,2.77,0.37,-1,6040,84422.04
ROTO,2009-12-02,13.7,13.7,13.5,13.6,-0.6,-0.08,-1,1760,23901.6
ROTO,2009-12-01,14.08,14.08,13.02,13.68,4.72,0.62,-1,5815,79524.6
ROTO,2009-11-30,13.67,13.67,12.83,13.06,-11.6,-1.71,-1,5490,71711.63
ROTO,2009-11-25,14.45,14.45,13.8,14.23,-1.01,-0.14,-1,17465,248586.66
ROTO,2009-11-24,14.77,14.77,14.13,14.37,0.83,0.11,-1,8310,119455.98
ROTO,2009-11-23,14.77,14.77,13.81,14.26,-2.03,-0.29,-1,8100,115452.6
ROTO,2009-11-22,14.77,14.77,14.21,14.55,2.14,0.3,-1,4560,66354.2
ROTO,2009-11-19,14.45,14.45,13.84,14.25,0.18,0.03,-1,1865,26625
ROTO,2009-11-18,14.45,14.45,13.73,14.22,0.72,0.1,-1,17315,246280.59
ROTO,2009-11-17,14.6,14.6,13.65,14.12,-1.86,-0.27,-1,37265,526200.55
ROTO,2009-11-16,14.53,14.53,14.3,14.39,-3.01,-0.44,-1,6140,88286.15
ROTO,2009-11-15,15.01,15.01,14.77,14.83,-2,-0.31,-1,22615,335451.8
ROTO,2009-11-12,15.19,15.19,14.95,15.14,-2.81,-0.43,-1,20970,317424.79
ROTO,2009-11-11,16.02,16.02,14.98,15.57,2.55,0.38,-1,27865,434028.14
ROTO,2009-11-10,15.49,15.49,14.96,15.19,3.49,0.51,-1,31340,475939.29
ROTO,2009-11-09,15.06,15.06,14.29,14.68,0.65,0.1,-1,24215,355399.75
ROTO,2009-11-08,15.09,15.09,14.29,14.58,2.85,0.4,-1,5980,87207.39
ROTO,2009-11-05,14.93,14.93,13,14.18,-3.15,-0.46,-1,23120,327764.54
ROTO,2009-11-04,14.98,14.98,14.37,14.64,0.47,0.07,-1,16930,247860.65
ROTO,2009-11-03,14.82,14.82,14.14,14.57,-6.66,-1.04,-1,21440,312301.26
ROTO,2009-11-02,16.21,16.21,15.26,15.61,1.79,0.28,-1,15540,242602.25
ROTO,2009-11-01,15.89,15.89,14.85,15.33,-3.7,-0.59,-1,4870,74702.9
ROTO,2009-10-29,16.53,16.53,15.42,15.92,-0.4,-0.07,-1,28840,459303.47
ROTO,2009-10-28,16.66,16.66,15.73,15.99,-3.62,-0.6,-1,21530,344233.33
ROTO,2009-10-27,17.64,17.64,16.06,16.59,-2.5,-0.42,-1,38275,634942.8
ROTO,2009-10-26,17.22,17.22,16.69,17.01,-0.99,-0.17,-1,32210,547976.71
ROTO,2009-10-25,17.23,17.23,17.05,17.18,-1.15,-0.2,-1,7720,132743.1
ROTO,2009-10-22,17.81,17.81,17.18,17.38,-0.02,-0.01,-1,15810,274844.14
ROTO,2009-10-21,17.82,17.82,17.23,17.39,-2.83,-0.5,-1,16790,291908.36
ROTO,2009-10-20,18.54,18.54,17.67,17.89,-1.77,-0.32,-1,14450,258465.34
ROTO,2009-10-19,18.46,18.46,17.98,18.21,-1.41,-0.26,-1,13800,251346.22
ROTO,2009-10-18,18.92,18.92,18.39,18.47,0.84,0.15,-1,27020,499155.66
ROTO,2009-10-15,18.78,18.78,18.06,18.32,1.77,0.32,-1,41900,767642.74
ROTO,2009-10-14,18.46,18.46,17.58,18,3.93,0.68,-1,47155,848813.89
ROTO,2009-10-13,18.32,18.32,16.86,17.32,-6.49,-1.2,-1,38345,664152.7
ROTO,2009-10-12,18.75,18.75,18.3,18.52,-3.03,-0.58,-1,19590,362902.81
ROTO,2009-10-11,19.42,19.42,18.71,19.1,0.24,0.04,-1,13690,261554.81
ROTO,2009-10-08,19.72,19.72,18.56,19.06,-1.94,-0.37,-1,44410,846377.44
ROTO,2009-10-07,20.37,20.37,19.25,19.43,-3.14,-0.63,-1,22870,444439.09
ROTO,2009-10-05,21.51,21.51,19.42,20.06,-2.49,-0.52,-1,52360,1050538.15
ROTO,2009-10-04,21.19,21.19,19.78,20.58,-5.56,-1.21,-1,58235,1198221.01
ROTO,2009-10-01,22.79,22.79,20.55,21.79,7.02,1.43,-1,100960,2199811.47
ROTO,2009-09-30,21.8,21.8,18.94,20.36,4.39,0.86,-1,114040,2321787.96
ROTO,2009-09-29,20.21,20.21,19.26,19.5,-1.44,-0.29,-1,55500,1082475.28
ROTO,2009-09-28,20.29,20.29,19.42,19.79,-1.63,-0.33,-1,40585,803190.1
ROTO,2009-09-27,20.32,20.32,19.92,20.12,0.93,0.19,-1,37810,760668.12
ROTO,2009-09-24,20.23,20.23,19.6,19.93,-0.06,-0.01,-1,48240,961472.71
ROTO,2009-09-23,20.23,20.23,19.68,19.94,-1.84,-0.37,-1,64715,1290511.95
ROTO,2009-09-22,20.75,20.75,19.96,20.31,0.97,0.19,-1,35280,716730.59
ROTO,2009-09-17,20.79,20.79,19.75,20.12,-1.85,-0.38,-1,75040,1509899.8
ROTO,2009-09-16,21.17,21.17,20.08,20.5,-2.22,-0.46,-1,49690,1018647.88
ROTO,2009-09-15,21.99,21.99,20.27,20.96,-1.88,-0.4,-1,122935,2577304.91
ROTO,2009-09-14,21.99,21.99,20.71,21.36,2.13,0.44,-1,135230,2889189.98
ROTO,2009-09-13,22.31,22.31,19.58,20.92,6.92,1.36,-1,155880,3260891.75
ROTO,2009-09-10,20.55,20.55,18.38,19.56,10.39,1.84,-1,130025,2543936.24
ROTO,2009-09-09,18.38,18.38,16.84,17.72,9.03,1.46,-1,159575,2828183.17
ROTO,2009-09-08,16.98,16.98,16.05,16.26,2.14,0.34,-1,93215,1515229.23
ROTO,2009-09-07,16.09,16.09,15.73,15.92,-3.81,-0.63,-1,27130,431800.4
ROTO,2009-09-06,16.82,16.82,16.29,16.55,5.29,0.84,-1,23020,380991.44
ROTO,2009-09-03,16.05,16.05,15.43,15.71,-0.39,-0.07,-1,21185,332966.8
ROTO,2009-09-02,16.21,16.21,15.41,15.78,-0.63,-0.09,-1,7165,113022.15
ROTO,2009-09-01,16.37,16.37,15.73,15.87,-2.6,-0.43,-1,3720,59045.75
ROTO,2009-08-31,16.84,16.84,16.05,16.3,-3.88,-0.66,-1,13020,212226.6
ROTO,2009-08-30,17.34,17.34,16.53,16.96,0.33,0.06,-1,28940,490708.85
ROTO,2009-08-27,17.66,17.66,16.37,16.9,6.25,0.99,-1,46415,784493.28
ROTO,2009-08-26,16.69,16.69,14.63,15.91,7.75,1.15,-1,70390,1119785.88
ROTO,2009-08-25,14.91,14.91,14.62,14.76,-1.79,-0.27,-1,17195,253841.84
ROTO,2009-08-24,15.09,15.09,14.77,15.03,0.55,0.08,-1,1540,23225.75
ROTO,2009-08-23,15.09,15.09,14.61,14.95,3.2,0.46,-1,4260,63708.4
ROTO,2009-08-20,15.04,15.04,14.45,14.49,0.79,0.12,-1,9340,135368.72
ROTO,2009-08-19,15.05,15.05,14.13,14.37,-1.31,-0.19,-1,28480,409371.29
ROTO,2009-08-18,14.65,14.65,14.45,14.56,-3.04,-0.46,-1,14120,205590.5
ROTO,2009-08-17,15.57,15.57,14.45,15.02,-3.05,-0.47,-1,26555,398867.88
ROTO,2009-08-16,15.89,15.89,15.1,15.49,2.35,0.36,-1,5155,79810.95
ROTO,2009-08-13,15.41,15.41,14.69,15.13,0.23,0.03,-1,39310,595000.68
ROTO,2009-08-12,15.25,15.25,15.09,15.1,-0.4,-0.06,-1,910,13734.92
ROTO,2009-08-11,15.26,15.26,15.09,15.16,-0.96,-0.15,-1,11900,180405.8
ROTO,2009-08-10,15.73,15.73,15.25,15.31,-2.26,-0.35,-1,26110,399792.18
ROTO,2009-08-09,16.05,16.05,15.27,15.66,0.67,0.1,-1,8785,137592.2
ROTO,2009-08-06,15.73,15.73,15.41,15.56,-1.92,-0.3,-1,18875,293689.89
ROTO,2009-08-05,16.05,16.05,15.43,15.86,0.9,0.14,-1,6880,109211.65
ROTO,2009-08-04,16.21,16.21,15.33,15.72,-1.9,-0.31,-1,21665,340654.88
ROTO,2009-08-03,16.21,16.21,15.42,16.03,0.51,0.08,-1,31720,508453.84
ROTO,2009-08-02,16.05,16.05,15.57,15.95,4.26,0.66,-1,24360,388420.3
ROTO,2009-07-30,15.87,15.87,15.09,15.29,-0.37,-0.06,-1,39445,603325.07
ROTO,2009-07-29,15.57,15.57,14.93,15.35,-2.91,-0.46,-1,7475,114756.6
ROTO,2009-07-28,16.05,16.05,15.59,15.81,-0.55,-0.09,-1,7850,124110.1
ROTO,2009-07-27,16.05,16.05,15.59,15.9,-1.91,-0.31,-1,3710,58928
ROTO,2009-07-26,16.45,16.45,15.73,16.21,2.06,0.33,-1,29965,485665.23
ROTO,2009-07-22,16.05,16.05,15.73,15.88,-0.46,-0.07,-1,22985,365050.8
ROTO,2009-07-21,16.08,16.08,15.59,15.95,-1.55,-0.25,-1,12590,200876.48
ROTO,2009-07-20,16.85,16.85,14.62,16.2,-0.43,-0.07,-1,96360,1561547.97
ROTO,2009-07-19,17.05,17.05,16.05,16.27,1.94,0.31,-1,8710,141748
ROTO,2009-07-16,16.84,16.84,15.45,15.96,0.2,0.03,-1,15260,243581.33
ROTO,2009-07-15,16.52,16.52,15.25,15.93,1.19,0.19,-1,6430,102436.75
ROTO,2009-07-14,16.21,16.21,15.25,15.74,6.88,1.01,-1,21660,341073.31
ROTO,2009-07-13,16.05,16.05,13.65,14.73,0.71,0.1,-1,57600,848570.56
ROTO,2009-07-12,15.25,15.25,13.94,14.63,-1.17,-0.17,-1,15760,230562.45
ROTO,2009-07-09,16.2,16.2,13.32,14.8,-5.47,-0.86,-1,21750,321906.7
ROTO,2009-07-08,16.69,16.69,15.46,15.66,-4.78,-0.78,-1,24840,388916.48
ROTO,2009-07-07,17.01,17.01,16.05,16.44,2.03,0.32,-1,18775,308776.4
ROTO,2009-07-06,16.54,16.54,15.41,16.12,-6.47,-1.11,-1,14290,230334.3
ROTO,2009-07-05,17.98,17.98,16.7,17.23,-4.32,-0.78,-1,6215,107146.63
ROTO,2009-07-02,18.46,18.46,17.66,18.01,-2.09,-0.39,-1,10795,194465.54
ROTO,2009-06-30,19.26,19.26,17.03,18.4,-49.2,-17.81,-1,22015,405010.11
ROTO,2009-06-29,18.78,18.78,16.33,18.1,2.9,0.5,-1,41950,759520.06
ROTO,2009-06-28,17.83,17.83,17.26,17.6,18.3,2.73,-1,17950,315912.78
ROTO,2009-06-25,14.94,14.94,14.73,14.87,-5.34,-0.84,-1,17870,265735.3
ROTO,2009-06-24,16.1,16.1,14.95,15.71,-2.77,-0.45,-1,7415,116479.7
ROTO,2009-06-23,16.85,16.85,15.01,16.16,-6.09,-1.05,-1,19535,315689.03
ROTO,2009-06-22,18.54,18.54,16.69,17.21,-2.12,-0.37,-1,35020,602612.32
ROTO,2009-06-21,18.34,18.34,17.18,17.58,-3.49,-0.64,-1,6965,122433.09
ROTO,2009-06-18,18.95,18.95,17.66,18.22,-5.64,-1.08,-1,29245,532642.65
ROTO,2009-06-17,20.75,20.75,18.14,19.3,8.28,1.47,-1,72625,1401936.39
ROTO,2009-06-16,18.93,18.93,15.89,17.83,12.99,2.05,-1,167905,2993259.67
ROTO,2009-06-15,16.05,16.05,15.17,15.78,3.82,0.58,-1,38320,604669.2
ROTO,2009-06-14,15.97,15.97,14.04,15.2,8.39,1.18,-1,70670,1073915.56
ROTO,2009-06-11,14.29,14.29,13.49,14.02,0.32,0.05,-1,29230,409796.76
ROTO,2009-06-10,14.37,14.37,13.76,13.97,1.43,0.19,-1,23335,326118.6
ROTO,2009-06-09,14.45,14.45,13.4,13.78,-2.45,-0.34,-1,22390,308475.25
ROTO,2009-06-08,14.61,14.61,13.72,14.12,1.57,0.21,-1,30820,435352.43
ROTO,2009-06-07,14.13,14.13,13.34,13.91,0.86,0.12,-1,26040,362100.57
ROTO,2009-06-04,14.36,14.36,13.48,13.79,2.17,0.3,-1,28610,394402.89
ROTO,2009-06-03,14.21,14.21,12.84,13.49,3.14,0.41,-1,44640,602417.8
ROTO,2009-06-02,13.48,13.48,12.76,13.08,-1.22,-0.16,-1,11665,152573
ROTO,2009-06-01,13.4,13.4,12.76,13.24,2.55,0.33,-1,10280,136142.76
ROTO,2009-05-31,13.88,13.88,12.84,12.91,2.96,0.37,-1,12895,166538.5
ROTO,2009-05-28,12.76,12.76,12.21,12.54,-2.01,-0.26,-1,6900,86580.15
ROTO,2009-05-27,13.15,13.15,12.52,12.8,-1.99,-0.26,-1,7510,96164.3
ROTO,2009-05-26,13.22,13.22,12.77,13.06,2.2,0.28,-1,13010,169884.87
ROTO,2009-05-25,12.97,12.97,12.52,12.78,1.18,0.15,-1,2870,36619.9
ROTO,2009-05-24,13,13,12.44,12.63,-0.32,-0.04,-1,15265,192783.85
ROTO,2009-05-21,13.25,13.25,12.04,12.67,-5.27,-0.71,-1,26950,341472.29
ROTO,2009-05-20,13.85,13.85,13.09,13.38,-3.78,-0.52,-1,19060,254977.22
ROTO,2009-05-19,14.45,14.45,13.72,13.9,-6.49,-0.97,-1,18030,250620.31
ROTO,2009-05-18,15.33,15.33,14.45,14.87,2.05,0.3,-1,24280,361019.77
ROTO,2009-05-17,15.29,15.29,14.21,14.57,4.96,0.69,-1,13445,195846.9
ROTO,2009-05-14,14.21,14.21,13.65,13.88,-5.23,-0.77,-1,20960,290872.81
ROTO,2009-05-13,14.84,14.84,14.32,14.65,-2.05,-0.3,-1,47570,696720.29
ROTO,2009-05-12,15.25,15.25,14.7,14.95,-1.76,-0.27,-1,38760,579577.39
ROTO,2009-05-11,15.57,15.57,14.7,15.22,0.39,0.06,-1,39845,606456.37
ROTO,2009-05-10,15.41,15.41,14.99,15.16,1.53,0.23,-1,34000,515500.44
ROTO,2009-05-07,15.64,15.64,14.53,14.93,-0.76,-0.12,-1,43330,647089.02
ROTO,2009-05-06,15.73,15.73,14.45,15.05,2.35,0.35,-1,84625,1273262.72
ROTO,2009-05-05,14.91,14.91,14.21,14.7,0.86,0.13,-1,34265,503725.89
ROTO,2009-05-04,14.62,14.62,14.45,14.57,0.65,0.09,-1,17965,261873.02
ROTO,2009-05-03,14.8,14.8,13.83,14.48,-0.51,-0.08,-1,14500,210019.6
ROTO,2009-04-30,15.33,15.33,13.64,14.56,-1.85,-0.27,-1,97880,1424735.84
ROTO,2009-04-29,15.17,15.17,14.69,14.83,0.34,0.05,-1,20620,305814.1
ROTO,2009-04-28,15.01,15.01,14.69,14.78,-3.08,-0.47,-1,14515,214550.65
ROTO,2009-04-27,15.73,15.73,14.94,15.25,-3.38,-0.53,-1,27085,413082.17
ROTO,2009-04-23,15.65,15.65,14.7,15.13,-0.26,-0.04,-1,40915,618905.32
ROTO,2009-04-22,15.64,15.64,14.61,15.17,0.1,0.02,-1,31720,481100.17
ROTO,2009-04-21,15.97,15.97,14.53,15.15,0,0,-1,22890,346767.66
ROTO,2009-04-16,15.73,15.73,14.53,15.15,-0.22,-0.03,-1,27535,417186
ROTO,2009-04-15,15.81,15.81,14.86,15.18,-1.7,-0.27,-1,24995,379517.16
ROTO,2009-04-14,16.69,16.69,14.77,15.45,1.2,0.19,-1,10590,163589.6
ROTO,2009-04-13,15.73,15.73,14.55,15.26,-4.17,-0.67,-1,46435,708766.64
ROTO,2009-04-12,16.21,16.21,15.65,15.93,1.37,0.22,-1,27535,438554.2
ROTO,2009-04-09,16.37,16.37,15.34,15.71,-3.02,-0.49,-1,25625,402662.11
ROTO,2009-04-08,17.01,17.01,15.45,16.2,1.44,0.23,-1,87575,1418746.04
ROTO,2009-04-07,17.18,17.18,15.25,15.97,1.41,0.22,-1,92035,1469853.6
ROTO,2009-04-06,16.61,16.61,15.25,15.75,7.21,1.06,-1,111245,1751939.14
ROTO,2009-04-05,15.65,15.65,13.12,14.69,13.96,1.8,-1,95550,1403589.34
ROTO,2009-04-02,13.16,13.16,12.58,12.89,1.38,0.18,-1,12150,156581.4
ROTO,2009-04-01,13.24,13.24,12.28,12.71,5.19,0.62,-1,51050,649052.07
ROTO,2009-03-31,12.34,12.34,11.68,12.09,-2.91,-0.36,-1,20395,246535.96
ROTO,2009-03-30,12.84,12.84,12.04,12.45,2.46,0.3,-1,72250,899474.82
ROTO,2009-03-29,12.44,12.44,11.64,12.15,3.25,0.38,-1,51535,626113.86
ROTO,2009-03-26,12.36,12.36,11.44,11.77,4.71,0.53,-1,87635,1031350.33
ROTO,2009-03-25,11.43,11.43,10.91,11.24,-0.11,-0.01,-1,24955,280465.9
ROTO,2009-03-24,11.72,11.72,11,11.25,-1.06,-0.12,-1,31410,353371.69
ROTO,2009-03-23,11.61,11.61,11.05,11.37,1.62,0.18,-1,23470,266913.24
ROTO,2009-03-22,11.37,11.37,10.87,11.19,3.22,0.35,-1,11600,129791.5
ROTO,2009-03-19,11.24,11.24,10.68,10.84,-2.43,-0.27,-1,28260,306315.45
ROTO,2009-03-18,11.56,11.56,10.86,11.11,-0.84,-0.09,-1,17630,195868.2
ROTO,2009-03-17,11.6,11.6,11,11.2,-1.66,-0.19,-1,20380,228370.2
ROTO,2009-03-16,11.69,11.69,11.16,11.39,-4.78,-0.57,-1,34615,394312.72
ROTO,2009-03-15,12.92,12.92,11.64,11.96,2.7,0.31,-1,35830,428729.4
ROTO,2009-03-12,12.2,12.2,10.83,11.65,7.28,0.79,-1,65390,761760.19
ROTO,2009-03-11,11.11,11.11,10.76,10.86,0.1,0.01,-1,11770,127855.9
ROTO,2009-03-10,10.97,10.97,10.53,10.85,1.95,0.21,-1,8100,87861
ROTO,2009-03-08,10.9,10.9,10.56,10.64,0.49,0.05,-1,12560,133642.85
ROTO,2009-03-05,11.08,11.08,10.56,10.59,-1.76,-0.19,-1,15810,167426.86
ROTO,2009-03-04,11.06,11.06,10.63,10.78,0.84,0.09,-1,9860,106238.95
ROTO,2009-03-03,10.91,10.91,10.47,10.69,-1.74,-0.19,-1,20310,217103.78
ROTO,2009-03-02,11.28,11.28,10.75,10.88,-2.9,-0.32,-1,20245,220273
ROTO,2009-03-01,11.64,11.64,10.63,11.2,4.09,0.44,-1,70420,789043.25
ROTO,2009-02-26,11.26,11.26,10.6,10.76,-1.34,-0.15,-1,23010,247711.89
ROTO,2009-02-25,11.48,11.48,10.43,10.91,3.94,0.41,-1,77970,850720.83
ROTO,2009-02-24,10.83,10.83,10.43,10.5,-4,-0.43,-1,12880,135235.12
ROTO,2009-02-23,11.64,11.64,10.83,10.93,-0.48,-0.06,-1,22015,240736.76
ROTO,2009-02-22,11.12,11.12,10.83,10.99,-2.32,-0.26,-1,43855,481897.75
ROTO,2009-02-19,11.4,11.4,10.86,11.25,0.66,0.08,-1,6415,72177.03
ROTO,2009-02-18,11.87,11.87,10.86,11.17,-2.81,-0.33,-1,16010,178913.64
ROTO,2009-02-17,11.73,11.73,11.35,11.5,-1.54,-0.18,-1,6665,76642.03
ROTO,2009-02-16,12.92,12.92,11.24,11.68,-14.02,-1.9,-1,98120,1145780.39
ROTO,2009-02-15,13.88,13.88,13.25,13.58,-1.42,-0.2,-1,15775,214232.75
ROTO,2009-02-12,14.07,14.07,13.24,13.78,17.46,2.05,-1,105145,1448580.3
ROTO,2009-02-11,12.04,12.04,11.48,11.73,-0.96,-0.11,-1,5855,68681.03
ROTO,2009-02-10,12.04,12.04,11.68,11.84,1.07,0.12,-1,1370,16231
ROTO,2009-02-09,12.04,12.04,11.32,11.72,-1.94,-0.23,-1,3740,43796
ROTO,2009-02-08,12.04,12.04,11.64,11.95,-0.92,-0.11,-1,1990,23820.3
ROTO,2009-02-05,12.75,12.75,11.64,12.06,-5.46,-0.7,-1,18170,219076
ROTO,2009-02-04,13.08,13.08,12.44,12.76,-3.33,-0.44,-1,11770,150193.75
ROTO,2009-02-03,13.32,13.32,12.76,13.2,1.68,0.22,-1,4100,54090.78
ROTO,2009-02-02,13.78,13.78,12.53,12.98,-10.06,-1.45,-1,46735,606536.18
ROTO,2009-02-01,14.64,14.64,14.01,14.43,-7.54,-1.18,-1,12475,179972.78
ROTO,2009-01-29,16.29,16.29,14.45,15.61,-0.46,-0.07,-1,91650,1430473.67
ROTO,2009-01-28,16.54,16.54,14.45,15.68,13.72,1.89,-1,94830,1486843.83
ROTO,2009-01-27,15.22,15.22,12.85,13.79,8.74,1.11,-1,221770,3057738.5
ROTO,2009-01-26,12.84,12.84,12.44,12.68,-0.85,-0.11,-1,9430,119592.3
ROTO,2009-01-22,13,13,12.44,12.79,-1.25,-0.16,-1,9260,118393.1
ROTO,2009-01-21,13.64,13.64,12.84,12.95,-2.62,-0.35,-1,5360,69381.5
ROTO,2009-01-20,13.3,13.3,13.12,13.3,0,0,-1,250,3270
ROTO,2009-01-19,13.36,13.36,13.24,13.3,-2.52,-0.34,-1,2870,38109.5
ROTO,2009-01-15,14.04,14.04,13.24,13.64,-8.35,-1.24,-1,2155,29404.18
ROTO,2009-01-14,14.88,14.88,13.9,14.88,0,0,-1,1120,15715.15
ROTO,2009-01-13,18.14,18.14,12.84,14.88,-1.91,-0.3,-1,24070,358303.82
ROTO,2009-01-12,15.97,15.97,14.7,15.18,0.48,0.08,-1,11240,170541.17
ROTO,2009-01-11,15.25,15.25,14.85,15.1,4.12,0.6,-1,6110,92197.58
ROTO,2009-01-08,14.73,14.73,14.25,14.5,0.02,0,-1,1745,25298.75
ROTO,2009-01-06,14.53,14.53,14.45,14.5,-2.87,-0.43,-1,3600,52216
ROTO,2009-01-05,14.93,14.93,14.45,14.93,0,0,-1,970,14040
ROTO,2009-01-04,15.09,15.09,14.45,14.93,10.71,1.45,-1,3080,45945.9
ROTO,2008-12-31,14.45,14.45,13.08,13.48,-0.68,-0.1,-1,9840,132734.4
ROTO,2008-12-30,16.23,16.23,12.84,13.58,0.28,0.04,-1,61270,831997.71
ROTO,2008-12-28,14.6,14.6,12.84,13.54,0.09,0.01,-1,10625,143890.85
ROTO,2008-12-25,14.04,14.04,12.92,13.53,3.32,0.44,-1,12685,171572
ROTO,2008-12-24,13.12,13.12,13.09,13.09,-5.71,-0.79,-1,3065,40129.55
ROTO,2008-12-23,14,14,13.64,13.88,3.12,0.41,-1,3740,51900
ROTO,2008-12-22,13.73,13.73,13,13.47,-2.46,-0.33,-1,2740,36908.65
ROTO,2008-12-21,13.8,13.8,13.66,13.8,0,0,-1,250,3405
ROTO,2008-12-18,13.8,13.8,13.8,13.8,-2.08,-0.3,-1,1250,17200
ROTO,2008-12-17,14.45,14.45,13.73,14.1,0.95,0.14,-1,6230,87824.9
ROTO,2008-12-16,14.44,14.44,13.64,13.96,-2.13,-0.31,-1,8225,114837
ROTO,2008-12-15,14.37,14.37,14.27,14.27,0,0,-1,880,12708.29
ROTO,2008-12-14,14.45,14.45,13.76,14.27,3.96,0.55,-1,3665,52267.25
ROTO,2008-12-11,13.73,13.73,13.72,13.72,-2.17,-0.31,-1,1250,17100.4
ROTO,2008-12-10,15.33,15.33,13.64,14.03,-3.17,-0.46,-1,6490,91066.2
ROTO,2008-12-04,14.49,14.49,13.64,14.49,0,0,-1,60,850
ROTO,2008-12-01,14.69,14.69,14.04,14.49,0,0,-1,440,6235
ROTO,2008-11-30,14.53,14.53,14.45,14.49,-5.88,-0.9,-1,1250,18050.5
ROTO,2008-11-27,15.65,15.65,14.04,15.39,6.19,0.9,-1,1435,22055
ROTO,2008-11-26,15.25,15.25,12.84,14.49,3.21,0.45,-1,18815,272710.55
ROTO,2008-11-25,14.04,14.04,14.04,14.04,-2.73,-0.4,-1,3115,43747.5
ROTO,2008-11-24,14.44,14.44,12.44,14.44,0,0,-1,810,10955.1
ROTO,2008-11-23,14.85,14.85,13.64,14.44,1.01,0.14,-1,5855,84556
ROTO,2008-11-20,14.45,14.45,13.32,14.3,11.1,1.43,-1,8600,122896.05
ROTO,2008-11-19,12.92,12.92,12.84,12.87,-6.63,-0.91,-1,3985,51303
ROTO,2008-11-18,15.25,15.25,12.84,13.78,-4.67,-0.68,-1,15510,213762.9
ROTO,2008-11-17,14.49,14.49,14.45,14.46,-0.84,-0.12,-1,2990,43227
ROTO,2008-11-16,16.05,16.05,14.37,14.58,-0.3,-0.04,-1,6725,98081
ROTO,2008-11-13,14.62,14.62,14.49,14.62,0,0,-1,625,9032.5
ROTO,2008-11-12,16.77,16.77,13.92,14.62,-16,-2.79,-1,2305,33702.5
ROTO,2008-11-11,18.06,18.06,16.05,17.41,-1.67,-0.29,-1,4435,77206.41
ROTO,2008-11-10,17.73,17.73,17.58,17.7,19.82,2.93,-1,5495,97260.8
ROTO,2008-11-09,16.45,16.45,14.45,14.77,-11.75,-1.97,-1,2005,29634.78
ROTO,2008-11-05,16.74,16.74,16.09,16.74,0,0,-1,185,3007.5
ROTO,2008-11-04,17.98,17.98,16.05,16.74,1.53,0.25,-1,3115,52146.05
ROTO,2008-11-03,17.9,17.9,16.05,16.49,0,0,-1,1120,19597.5
ROTO,2008-11-02,17.58,17.58,16.43,16.49,0.38,0.06,-1,6490,107036.2
ROTO,2008-10-30,17.66,17.66,15.89,16.43,3.37,0.54,-1,2800,46049.7
ROTO,2008-10-29,15.89,15.89,15.89,15.89,-10.35,-1.84,-1,2070,32868.16
ROTO,2008-10-28,18.06,18.06,17.66,17.73,1.28,0.23,-1,2060,36440
ROTO,2008-10-27,17.9,17.9,17.5,17.5,0,0,-1,275,4846
ROTO,2008-10-23,18.86,18.86,17.28,17.5,-18.96,-4.1,-1,3875,67815.12
ROTO,2008-10-22,21.6,21.6,18.06,21.6,0,0,-1,625,11250.5
ROTO,2008-10-21,21.67,21.67,20.1,21.6,7.47,1.51,-1,1310,28252
ROTO,2008-10-16,20.23,20.23,20.07,20.09,-4.65,-0.98,-1,7700,154724.4
ROTO,2008-10-15,21.67,21.67,20.88,21.07,-7.98,-1.83,-1,4145,87440
ROTO,2008-10-14,23.27,23.27,22.47,22.9,8.3,1.76,-1,9470,216856.84
ROTO,2008-10-13,22.47,22.47,20.87,21.14,0,0,-1,440,9510
ROTO,2008-10-12,22.47,22.47,20.71,21.14,-8.16,-1.88,-1,2740,57962.14
ROTO,2008-10-09,23.28,23.28,20.95,23.02,5.36,1.17,-1,33470,770566.99
ROTO,2008-10-08,22.87,22.87,21.59,21.85,-17.81,-4.74,-1,22115,483300
ROTO,2008-10-07,26.59,26.59,22.47,26.59,0,0,-1,310,7090
ROTO,2008-09-29,26.59,26.59,26.59,26.59,0,0,-1,12460,331290
ROTO,2008-09-25,27.29,27.29,24.08,26.59,11.53,2.75,-1,8760,232897.53
ROTO,2008-09-24,24.16,24.16,23.04,23.84,2.25,0.52,-1,8725,207920
ROTO,2008-09-23,26,26,22.87,23.32,-3.69,-0.89,-1,11340,264343.85
ROTO,2008-09-22,24.8,24.8,24.21,24.21,0,0,-1,310,7725
ROTO,2008-09-21,24.48,24.48,24.08,24.21,2.75,0.65,-1,100610,2435583.25
ROTO,2008-09-18,25.6,25.6,22.47,23.56,-4.76,-1.18,-1,45600,1074366.6
ROTO,2008-09-17,24.88,24.88,24.52,24.74,2.05,0.5,-1,1250,30820.8
ROTO,2008-09-16,24.24,24.24,24.24,24.24,-20.52,-6.26,-1,2490,60406
ROTO,2008-09-15,30.5,30.5,30.34,30.5,0,0,-1,35,1134
ROTO,2008-09-14,30.5,30.5,30.5,30.5,-0.02,-0.01,-1,113570,3463700
ROTO,2008-09-11,30.9,30.9,28.89,30.51,0.02,0.01,-1,74080,2260029.5
ROTO,2008-09-10,30.51,30.51,30.5,30.5,-1.25,-0.38,-1,215670,6577863.52
ROTO,2008-09-09,30.9,30.9,30.14,30.88,2.35,0.7,-1,93005,2872517
ROTO,2008-09-08,30.26,30.26,30.14,30.18,0,0,-1,10440,315072.5
ROTO,2008-09-07,31.21,31.21,30.1,30.18,-0.14,-0.04,-1,27010,815124.48
ROTO,2008-09-04,31.04,31.04,29.86,30.22,1.84,0.55,-1,85480,2583175.53
ROTO,2008-09-03,29.7,29.7,28.89,29.67,4.66,1.32,-1,8160,242150
ROTO,2008-09-01,29.37,29.37,27.14,28.35,1.33,0.37,-1,66780,1893264
ROTO,2008-08-31,28.25,28.25,26.89,27.98,0.35,0.1,-1,23525,658164.57
ROTO,2008-08-28,28.13,28.13,26.19,27.88,4.12,1.1,-1,49550,1381482.62
ROTO,2008-08-27,28.49,28.49,24.88,26.78,10.29,2.5,-1,38435,1029226.06
ROTO,2008-08-26,24.32,24.32,24.08,24.28,1.51,0.36,-1,5855,142175
ROTO,2008-08-25,23.92,23.92,23.19,23.92,0,0,-1,935,21675
ROTO,2008-08-24,23.92,23.92,23.92,23.92,-0.57,-0.13,-1,2490,59600
ROTO,2008-08-21,24.24,24.24,23.44,24.05,0.5,0.12,-1,91500,2201025.83
ROTO,2008-08-20,24.16,24.16,23.66,23.93,9.17,2.01,-1,21180,506943.8
ROTO,2008-08-19,23.75,23.75,21.67,21.92,-8.78,-2.11,-1,38365,841054.67
ROTO,2008-08-18,24.08,24.08,22.88,24.03,-0.05,-0.02,-1,87150,2094757.25
ROTO,2008-08-17,24.8,24.8,23.6,24.05,8.06,1.8,-1,50400,1211946.86
ROTO,2008-08-14,25.28,25.28,20.14,22.25,4.46,0.95,-1,75295,1675605.93
ROTO,2008-08-13,22.87,22.87,20.47,21.3,-7.05,-1.62,-1,57510,1225268.89
ROTO,2008-08-12,24.08,24.08,22.07,22.92,2.05,0.46,-1,16760,384100.7
ROTO,2008-08-11,22.57,22.57,22.07,22.46,-0.67,-0.15,-1,17800,399898.88
ROTO,2008-08-10,22.71,22.71,22.47,22.61,-2.92,-0.68,-1,3365,76072.92
ROTO,2008-08-07,24.24,24.24,23.11,23.29,-2.05,-0.49,-1,34885,812588.06
ROTO,2008-08-06,24.32,24.32,23.28,23.78,-3.56,-0.88,-1,6940,165022.2
ROTO,2008-08-05,24.72,24.72,23.19,24.66,1.85,0.45,-1,13205,325647.6
ROTO,2008-08-04,24.21,24.21,23.68,24.21,0,0,-1,870,20750
ROTO,2008-08-03,24.24,24.24,24.16,24.21,0,0,-1,1120,27160.69
ROTO,2008-07-31,24.48,24.48,24.08,24.21,-6.64,-1.72,-1,5740,139054.39
ROTO,2008-07-29,27.93,27.93,25.04,25.93,-1.43,-0.38,-1,7415,192243.75
ROTO,2008-07-28,26.67,26.67,25.68,26.31,1.56,0.41,-1,9560,251407.04
ROTO,2008-07-27,26.92,26.92,25.68,25.9,0.17,0.04,-1,37000,958568.72
ROTO,2008-07-24,26.65,26.65,25.68,25.86,5.03,1.24,-1,2555,66052
ROTO,2008-07-22,24.88,24.88,24.08,24.62,-5.56,-1.45,-1,19315,475500
ROTO,2008-07-21,27.69,27.69,25.68,26.07,5.82,1.43,-1,1540,40280
ROTO,2008-07-20,25.6,25.6,24.08,24.64,2.37,0.57,-1,4930,121563.9
ROTO,2008-07-17,24.08,24.08,23.68,24.07,-0.67,-0.16,-1,17630,424309.22
ROTO,2008-07-16,24.52,24.52,24.08,24.23,-5.27,-1.35,-1,33700,816629.7
ROTO,2008-07-15,25.68,25.68,25.44,25.58,1.91,0.48,-1,3865,98796.55
ROTO,2008-07-14,26.49,26.49,24.88,25.1,-3,-0.78,-1,74520,1870398.75
ROTO,2008-07-13,26.49,26.49,25.05,25.88,1,0.26,-1,70420,1822225.25
ROTO,2008-07-10,26.75,26.75,24.56,25.62,3.01,0.75,-1,2740,70226.2
ROTO,2008-07-09,25.68,25.68,24.32,24.87,-3.16,-0.81,-1,7475,185927.5
ROTO,2008-07-08,25.68,25.68,25.44,25.68,2.26,0.57,-1,9655,247985
ROTO,2008-07-07,25.2,25.2,25.04,25.11,-14.97,-4.43,-1,7475,187751
ROTO,2008-07-06,29.54,29.54,28.09,29.54,0,0,-1,200,5704.4
ROTO,2008-07-03,29.86,29.86,29.46,29.54,-3.98,-1.22,-1,5495,162291.79
ROTO,2008-07-02,31.7,31.7,28.97,30.76,-0.84,-0.26,-1,56815,1747687.57
ROTO,2008-06-30,31.86,31.86,28.09,31.02,-3.14,-1,-1,5605,173919.6
ROTO,2008-06-26,32.18,32.18,30.66,32.02,-0.5,-0.16,-1,6875,220250.24
ROTO,2008-06-25,32.18,32.18,31.38,32.18,0,0,-1,450,14330
ROTO,2008-06-23,33.63,33.63,32.1,32.18,-3.25,-1.09,-1,9470,304763
ROTO,2008-06-22,33.71,33.71,32.1,33.27,0.17,0.06,-1,23660,787080.21
ROTO,2008-06-19,35.43,35.43,32.99,33.21,-4.24,-1.47,-1,3505,116273.35
ROTO,2008-06-18,35.72,35.72,33.79,34.68,-3.05,-1.09,-1,24175,838244.29
ROTO,2008-06-17,36.12,36.12,35.4,35.77,-5.42,-2.05,-1,25440,910098.79
ROTO,2008-06-16,38.52,38.52,36.12,37.82,4.45,1.61,-1,26790,1013190.8
ROTO,2008-06-15,38.12,38.12,36.12,36.21,-3.58,-1.34,-1,8725,315814.77
ROTO,2008-06-12,38.12,38.12,36.2,37.55,0.82,0.3,-1,19375,727570.76
ROTO,2008-06-11,38.93,38.93,36.12,37.25,-3.53,-1.36,-1,28880,1075743.02
ROTO,2008-06-10,39.73,39.73,36.92,38.61,0.76,0.29,-1,25980,1003019.41
ROTO,2008-06-09,38.69,38.69,38.2,38.32,-4.09,-1.63,-1,24235,928612.25
ROTO,2008-06-08,40.13,40.13,38.85,39.95,0.59,0.23,-1,8240,329048.5
ROTO,2008-06-05,39.81,39.81,39.33,39.72,-4.01,-1.66,-1,7790,309300.2
ROTO,2008-06-04,41.49,41.49,40.13,41.38,0.85,0.35,-1,6980,288700
ROTO,2008-06-03,41.49,41.49,38.69,41.03,-0.42,-0.17,-1,7475,306700
ROTO,2008-06-02,43.5,43.5,38.12,41.2,-3.63,-1.55,-1,54070,2227913.7
ROTO,2008-06-01,42.85,42.85,42.14,42.75,-0.23,-0.1,-1,29650,1267747.1
ROTO,2008-05-29,44.54,44.54,39.57,42.85,8.62,3.4,-1,181180,7764003.58
ROTO,2008-05-28,40.45,40.45,38.52,39.45,0.06,0.02,-1,38620,1523765.7
ROTO,2008-05-27,39.51,39.51,37.72,39.43,-0.2,-0.08,-1,26015,1025720.54
ROTO,2008-05-26,40.13,40.13,39.33,39.51,0,0,-1,52030,2055550.45
ROTO,2008-05-25,40.13,40.13,38.93,39.51,-1.3,-0.52,-1,61050,2412012.38
ROTO,2008-05-22,40.77,40.77,39.41,40.03,-4,-1.67,-1,57715,2310200.97
ROTO,2008-05-21,41.74,41.74,40.13,41.7,2.32,0.95,-1,16570,691000
ROTO,2008-05-20,43.18,43.18,39.33,40.75,2.05,0.81,-1,47105,1919903.15
ROTO,2008-05-19,40.85,40.85,39.01,39.94,1.88,0.74,-1,22360,893193.4
ROTO,2008-05-18,41.25,41.25,39.2,39.2,0,0,-1,310,12850
ROTO,2008-05-15,41.74,41.74,36.92,39.2,-3.66,-1.49,-1,60850,2385485.35
ROTO,2008-05-14,42.1,42.1,39.41,40.69,-1.52,-0.63,-1,45205,1839269.56
ROTO,2008-05-13,42.54,42.54,39.41,41.32,-2.42,-1.02,-1,72215,2983691.25
ROTO,2008-05-12,43.34,43.34,41.5,42.34,-3.69,-1.63,-1,53885,2281691.32
ROTO,2008-05-11,44.95,44.95,43.35,43.97,-1.19,-0.53,-1,39820,1750781.42
ROTO,2008-05-08,45.66,45.66,43.5,44.5,-0.45,-0.2,-1,45020,2003117.73
ROTO,2008-05-07,46.55,46.55,44.14,44.7,-3.47,-1.61,-1,29765,1330496.64
ROTO,2008-05-06,48.96,48.96,43.74,46.31,4.04,1.8,-1,391655,18136631.18
ROTO,2008-05-05,46.55,46.55,43.1,44.51,3.16,1.37,-1,170095,7570549.8
ROTO,2008-05-04,43.98,43.98,42.46,43.14,2,0.84,-1,75700,3266086.56
ROTO,2008-04-30,42.95,42.95,41.65,42.3,2.85,1.17,-1,54420,2301949.59
ROTO,2008-04-29,41.33,41.33,41.01,41.13,0.19,0.08,-1,27835,1144747.25
ROTO,2008-04-24,41.74,41.74,40.53,41.05,1.75,0.71,-1,43570,1788481.15
ROTO,2008-04-23,42.14,42.14,40.13,40.34,-2.98,-1.24,-1,67615,2727853.09
ROTO,2008-04-22,42.44,42.44,41.05,41.58,1.64,0.67,-1,11945,496837.45
ROTO,2008-04-21,41.65,41.65,40.53,40.91,0.27,0.11,-1,11215,458760.2
ROTO,2008-04-20,41.33,41.33,39.33,40.8,0.23,0.09,-1,14480,590724.5
ROTO,2008-04-17,41.31,41.31,40.22,40.71,-1.26,-0.52,-1,35610,1449593.7
ROTO,2008-04-16,41.25,41.25,40.61,41.23,-3,-1.27,-1,15635,644639.1
ROTO,2008-04-15,42.94,42.94,42.14,42.5,3.39,1.39,-1,9965,423642.5
ROTO,2008-04-14,42.78,42.78,40.29,41.11,-0.44,-0.18,-1,59255,2435928.37
ROTO,2008-04-13,41.65,41.65,40.77,41.29,-0.71,-0.29,-1,47360,1955391.35
ROTO,2008-04-10,42.38,42.38,19.82,41.58,-2.61,-1.12,-1,41340,1719044.7
ROTO,2008-04-09,43.58,43.58,42.24,42.7,1.08,0.45,-1,49405,2109430.07
ROTO,2008-04-08,43.34,43.34,42.06,42.25,-2.08,-0.89,-1,70705,2987017.91
ROTO,2008-04-07,43.34,43.34,42.54,43.14,0.52,0.22,-1,14330,618166.39
ROTO,2008-04-06,43.34,43.34,42.22,42.92,2.43,1.02,-1,22090,948105
ROTO,2008-04-03,42.02,42.02,41.9,41.9,-1.88,-0.8,-1,5000,209343.65
ROTO,2008-04-02,42.95,42.95,41.74,42.7,-1.69,-0.74,-1,47045,2009047.08
ROTO,2008-03-31,44.14,44.14,42.54,43.44,-0.13,-0.06,-1,18190,790155.6
ROTO,2008-03-30,44.54,44.54,42.54,43.5,1.33,0.57,-1,11375,494780.88
ROTO,2008-03-27,44.54,44.54,42.22,42.93,-3.22,-1.43,-1,62635,2688658.34
ROTO,2008-03-26,45.75,45.75,43.26,44.36,-1.44,-0.64,-1,89230,3958090.48
ROTO,2008-03-25,45.59,45.59,44.14,45,0.61,0.27,-1,40020,1801009.98
ROTO,2008-03-24,45.91,45.91,41.74,44.73,7.38,3.07,-1,231270,10345080.41
ROTO,2008-03-23,42.3,42.3,41.33,41.66,-1.72,-0.72,-1,25505,1062406.39
ROTO,2008-03-19,43.42,43.42,41.34,42.38,-0.39,-0.17,-1,37625,1594756.7
ROTO,2008-03-18,44.14,44.14,41.86,42.55,-3.76,-1.67,-1,23980,1020537.8
ROTO,2008-03-17,46.27,46.27,42.22,44.22,1.34,0.59,-1,61660,2726357.23
ROTO,2008-03-16,44.3,44.3,41.42,43.63,0.59,0.26,-1,40160,1752040.1
ROTO,2008-03-13,44.14,44.14,42.62,43.37,-1.78,-0.79,-1,11770,510690.91
ROTO,2008-03-12,45.67,45.67,43.02,44.16,3.31,1.42,-1,72215,3188930.91
ROTO,2008-03-11,44.87,44.87,41.33,42.74,0.42,0.17,-1,77485,3312085.9
ROTO,2008-03-10,43.26,43.26,42.14,42.57,-1.68,-0.72,-1,41940,1785236.45
ROTO,2008-03-09,44.22,44.22,42.82,43.29,-1.16,-0.51,-1,24560,1063174.06
ROTO,2008-03-06,44.87,44.87,41.41,43.8,2.84,1.21,-1,99485,4357928.78
ROTO,2008-03-05,43.26,43.26,42.14,42.59,1.53,0.64,-1,20945,892050.95
ROTO,2008-03-04,43.26,43.26,41.09,41.95,-1,-0.42,-1,69085,2898196.1
ROTO,2008-03-03,43.02,43.02,42.14,42.37,-2.69,-1.17,-1,21145,895889
ROTO,2008-03-02,46.31,46.31,42.55,43.54,-0.26,-0.12,-1,91550,3986616.24
ROTO,2008-02-28,44.95,44.95,43.34,43.66,-1.14,-0.5,-1,43980,1920195.76
ROTO,2008-02-27,44.54,44.54,44.14,44.16,-0.57,-0.26,-1,3450,152420.8
ROTO,2008-02-26,44.7,44.7,44.25,44.42,-1.26,-0.56,-1,31930,1418389.95
ROTO,2008-02-25,45.35,45.35,44.79,44.98,-3.32,-1.55,-1,16445,739816.8
ROTO,2008-02-24,48.16,48.16,45.54,46.53,-2.63,-1.26,-1,36755,1710076.05
ROTO,2008-02-21,48.48,48.48,46.95,47.79,1.61,0.76,-1,81110,3875872.03
ROTO,2008-02-20,48.08,48.08,44.95,47.03,1.36,0.63,-1,84290,3963793.97
ROTO,2008-02-19,48.08,48.08,45.75,46.4,2.25,1.03,-1,114865,5329114.02
ROTO,2008-02-18,47.19,47.19,43.1,45.37,2.73,1.2,-1,144750,6568055.35
ROTO,2008-02-17,45.03,45.03,43.76,44.17,0.11,0.05,-1,21055,929993.17
ROTO,2008-02-14,44.95,44.95,43.34,44.12,3.97,1.69,-1,48270,2129384.9
ROTO,2008-02-13,43.1,43.1,41.05,42.43,2.74,1.13,-1,66870,2837386.13
ROTO,2008-02-12,42.14,42.14,40.93,41.3,-2.67,-1.13,-1,50935,2103564.63
ROTO,2008-02-11,45.59,45.59,40.93,42.43,-6.47,-2.94,-1,131620,5584715.78
ROTO,2008-02-10,45.75,45.75,45.11,45.37,-0.34,-0.15,-1,12930,586737.87
ROTO,2008-02-07,45.98,45.98,44.95,45.52,-0.94,-0.43,-1,22415,1020370.3
ROTO,2008-02-06,46.55,46.55,45.03,45.95,0.27,0.12,-1,36070,1657522.41
ROTO,2008-02-05,46.87,46.87,45.19,45.83,-4.04,-1.93,-1,18440,845089.86
ROTO,2008-02-04,48.96,48.96,46.55,47.76,1.48,0.7,-1,58225,2780659.43
ROTO,2008-02-03,47.35,47.35,44.95,47.06,4.29,1.93,-1,12210,574637.78
ROTO,2008-01-31,45.75,45.75,43.02,45.13,4.59,1.98,-1,61375,2769709.48
ROTO,2008-01-30,44.87,44.87,43.1,43.15,-0.03,-0.01,-1,23435,1011183.98
ROTO,2008-01-29,43.37,43.37,43.1,43.16,0.66,0.28,-1,14950,645278.24
ROTO,2008-01-28,43.35,43.35,42.54,42.88,-2.61,-1.14,-1,16200,694484.2
ROTO,2008-01-27,44.95,44.95,43.1,44.02,-0.19,-0.09,-1,9385,413025.5
ROTO,2008-01-24,45.75,45.75,42.98,44.11,-1.57,-0.7,-1,19435,857334.53
ROTO,2008-01-23,46.07,46.07,44.14,44.81,2.78,1.21,-1,33205,1487992.82
ROTO,2008-01-22,45.67,45.67,41.74,43.6,-6.06,-2.82,-1,49925,2176887.23
ROTO,2008-01-21,47.51,47.51,45.75,46.42,-4.52,-2.2,-1,53665,2490848.99
ROTO,2008-01-20,49.84,49.84,48.16,48.62,-2.21,-1.1,-1,47405,2304819.55
ROTO,2008-01-17,50.56,50.56,49.36,49.72,-1.75,-0.88,-1,38910,1934528.15
ROTO,2008-01-16,52.17,52.17,49.6,50.6,-3.02,-1.58,-1,76040,3847712.17
ROTO,2008-01-15,52.97,52.97,51.37,52.18,0.46,0.24,-1,106105,5536196.68
ROTO,2008-01-14,54.5,54.5,50.58,51.94,2.3,1.17,-1,347140,18029453.15
ROTO,2008-01-13,52.09,52.09,50.08,50.77,-1.41,-0.72,-1,159910,8118835.09
ROTO,2008-01-10,52.25,52.25,50.56,51.49,1.9,0.95,-1,80340,4136994.7
ROTO,2008-01-08,50.73,50.73,49.96,50.54,-2.8,-1.45,-1,35530,1795727.86
ROTO,2008-01-06,52.81,52.81,51.1,51.99,4.12,2.06,-1,59780,3108149.86
ROTO,2008-01-03,51.13,51.13,46.55,49.93,-0.88,-0.45,-1,44950,2244724.15
ROTO,2008-01-02,51.37,51.37,48.96,50.38,2.49,1.23,-1,56130,2827567.07
ROTO,2007-12-31,50.57,50.57,48.56,49.15,-4.97,-2.57,-1,138025,6784120.94
ROTO,2007-12-30,52.95,52.95,50.56,51.72,1.65,0.84,-1,72740,3762005.26
ROTO,2007-12-27,51.44,51.44,50.56,50.88,-2.55,-1.33,-1,51520,2621236.48
ROTO,2007-12-26,54.1,54.1,50,52.21,-2.18,-1.16,-1,215530,11253429.28
ROTO,2007-12-25,55.86,55.86,52.57,53.37,-4.01,-2.24,-1,43135,2302284.56
ROTO,2007-12-24,56.74,56.74,53.21,55.61,3.25,1.75,-1,128490,7145143.91
ROTO,2007-12-23,54.98,54.98,53.62,53.86,-1.13,-0.61,-1,7225,389187.1
ROTO,2007-12-17,55.33,55.33,52.97,54.47,3.21,1.7,-1,115550,6293787.21
ROTO,2007-12-16,54.58,54.58,52.38,52.77,-4.28,-2.36,-1,255980,13508754.4
ROTO,2007-12-13,57,57,53.45,55.13,1.56,0.84,-1,259200,14291170.05
ROTO,2007-12-12,55.94,55.94,53.77,54.29,-3.25,-1.82,-1,52490,2849711.49
ROTO,2007-12-11,56.98,56.98,54.18,56.11,0.86,0.48,-1,229950,12903072.54
ROTO,2007-12-10,58.35,58.35,54.18,55.63,-2.34,-1.34,-1,84360,4693337
ROTO,2007-12-09,58.21,58.21,56.6,56.97,-4.37,-2.6,-1,89660,5107570.85
ROTO,2007-12-06,61.55,61.55,57.15,59.57,1.63,0.95,-1,289440,17243191.79
ROTO,2007-12-05,60.84,60.84,57.39,58.62,-2.21,-1.32,-1,281965,16528031.29
ROTO,2007-12-04,63.97,63.97,59.57,59.94,-4.41,-2.76,-1,324900,19474334.67
ROTO,2007-12-03,64.85,64.85,58.69,62.7,1.5,0.92,-1,394770,24753465.53
ROTO,2007-12-02,62.13,62.13,57.79,61.78,4.4,2.61,-1,186740,11536155.39
ROTO,2007-11-29,59.84,59.84,56.66,59.17,3.83,2.18,-1,168985,9999551.04
ROTO,2007-11-28,57.16,57.16,56.18,56.99,4.69,2.55,-1,47765,2722523.62
ROTO,2007-11-27,58.02,58.02,52.5,54.44,-1.48,-0.82,-1,885730,48218273.77
ROTO,2007-11-26,55.62,55.62,52.97,55.26,4.31,2.28,-1,140975,7790047.44
ROTO,2007-11-25,53.59,53.59,48.96,52.98,3.8,1.95,-1,247690,13121422.95
ROTO,2007-11-22,53.05,53.05,48.72,51.03,1,0.5,-1,60365,3080622.4
ROTO,2007-11-21,50.6,50.6,48.16,50.53,4.85,2.34,-1,127535,6443988.35
ROTO,2007-11-20,48.56,48.56,48.15,48.19,-0.03,-0.02,-1,21725,1047153.51
ROTO,2007-11-19,48.56,48.56,48.16,48.21,-0.02,-0.01,-1,20435,985048.16
ROTO,2007-11-18,48.82,48.82,46.23,48.22,3.7,1.72,-1,33630,1621460
ROTO,2007-11-15,47.88,47.88,45.51,46.5,-0.97,-0.46,-1,18340,852802.8
ROTO,2007-11-14,46.96,46.96,46.96,46.96,-2.79,-1.34,-1,2180,102384.44
ROTO,2007-11-13,48.33,48.33,48.16,48.3,0,0,-1,1955,94487.92
ROTO,2007-11-12,49.36,49.36,48.16,48.3,1.33,0.63,-1,30650,1480462.99
ROTO,2007-11-11,48.16,48.16,46.63,47.67,-0.13,-0.06,-1,21490,1024519.69
ROTO,2007-11-08,48.16,48.16,47.35,47.73,-2.39,-1.17,-1,13205,630400.55
ROTO,2007-11-07,50.95,50.95,48.16,48.9,-0.77,-0.38,-1,29630,1448852.1
ROTO,2007-11-06,49.49,49.49,48.8,49.28,-0.42,-0.21,-1,37070,1826694
ROTO,2007-11-05,50.16,50.16,48.74,49.49,-1.21,-0.6,-1,22105,1093802.9
ROTO,2007-11-04,50.32,50.32,49.76,50.09,-0.6,-0.31,-1,8600,430652.5
ROTO,2007-11-01,52.17,52.17,49.26,50.4,-2.8,-1.45,-1,143345,7224123.56
ROTO,2007-10-31,54.9,54.9,50.83,51.85,-2.26,-1.2,-1,28955,1501360.65
ROTO,2007-10-30,53.3,53.3,50.81,53.05,4.51,2.29,-1,185230,9826481.33
ROTO,2007-10-29,50.76,50.76,50.76,50.76,5,2.42,-1,15150,769034.88
ROTO,2007-10-28,49.61,49.61,48.08,48.34,2.31,1.09,-1,1988135,96112837.72
ROTO,2007-10-25,48.96,48.96,46.61,47.25,-3.7,-1.81,-1,123650,5842343.88
ROTO,2007-10-24,50.89,50.89,48.4,49.06,-2.91,-1.47,-1,36690,1800317.67
ROTO,2007-10-23,50.7,50.7,48.32,50.53,4.66,2.25,-1,113840,5752625.19
ROTO,2007-10-22,49.68,49.68,47.84,48.28,-2.62,-1.3,-1,30910,1492486.69
ROTO,2007-10-21,50.4,50.4,48.16,49.58,3.29,1.58,-1,43560,2159568.83
ROTO,2007-10-18,49.76,49.76,47.11,48,-2.79,-1.38,-1,29965,1438296.64
ROTO,2007-10-17,49.76,49.76,48.64,49.38,1,0.49,-1,42775,2112017.79
ROTO,2007-10-16,50.4,50.4,48.56,48.89,-2.11,-1.05,-1,44220,2161837.03
ROTO,2007-10-11,52.17,52.17,49.2,49.94,-3.21,-1.66,-1,29405,1468494.9
ROTO,2007-10-10,51.65,51.65,50.56,51.6,4.89,2.41,-1,94880,4895581.54
ROTO,2007-10-09,49.35,49.35,47.36,49.19,4.66,2.19,-1,70345,3460460.64
ROTO,2007-10-04,49.46,49.46,47.35,49.05,4.13,1.95,-1,92250,4524421.05
ROTO,2007-10-03,51.61,51.61,46.76,47.1,-4.31,-2.13,-1,81755,3850999.62
ROTO,2007-10-02,51.07,51.07,46.31,49.23,1.2,0.59,-1,128890,6344809.92
ROTO,2007-10-01,48.68,48.68,46.63,48.64,4.92,2.28,-1,204235,9934033.46
ROTO,2007-09-30,46.36,46.36,46.36,46.36,5,2.21,-1,4360,202170.5
ROTO,2007-09-27,44.15,44.15,44.15,44.15,5,2.1,-1,10000,441754.39
ROTO,2007-09-26,42.19,42.19,41.25,42.05,4.66,1.87,-1,65400,2750145.25
ROTO,2007-09-25,41.33,41.33,38.93,40.18,1.08,0.43,-1,74980,3012539.97
ROTO,2007-09-24,40.45,40.45,39.01,39.75,0.65,0.26,-1,16885,671074
ROTO,2007-09-23,40.13,40.13,39.17,39.49,-0.55,-0.22,-1,19850,783840
ROTO,2007-09-20,40.46,40.46,38.53,39.71,3.05,1.18,-1,33925,1347243.22
ROTO,2007-09-19,40.13,40.13,38.36,38.53,-0.1,-0.04,-1,21515,829151
ROTO,2007-09-18,39.73,39.73,38.52,38.57,-2.45,-0.97,-1,1570,60555
ROTO,2007-09-17,39.55,39.55,39.33,39.54,4.98,1.87,-1,33415,1321350
ROTO,2007-09-16,38.52,38.52,37.4,37.67,-0.65,-0.24,-1,7950,299415.15
ROTO,2007-09-13,38.13,38.13,37.73,37.91,-2.04,-0.79,-1,1370,51960.5
ROTO,2007-09-12,39.33,39.33,37.72,38.7,-0.91,-0.36,-1,24085,932067.05
ROTO,2007-09-11,40.93,40.93,38.35,39.06,-3.24,-1.31,-1,29800,1163993.22
ROTO,2007-09-10,43.3,43.3,39.97,40.37,-2.53,-1.04,-1,12175,491366.5
ROTO,2007-09-09,41.81,41.81,39.33,41.41,3.99,1.59,-1,40195,1664511.2
ROTO,2007-09-06,40.53,40.53,39.65,39.82,-4.43,-1.85,-1,5580,222273.92
ROTO,2007-09-05,41.69,41.69,40.53,41.67,4.96,1.97,-1,63730,2655505.09
ROTO,2007-09-04,40.53,40.53,38.55,39.7,-1.34,-0.54,-1,18490,734050.44
ROTO,2007-09-03,41.01,41.01,39.96,40.24,-4.34,-1.82,-1,20645,830714.06
ROTO,2007-09-02,43.28,43.28,40.93,42.06,2.03,0.84,-1,16560,696502.37
ROTO,2007-08-30,42.24,42.24,40.85,41.22,-4.12,-1.78,-1,60850,2508554.58
ROTO,2007-08-29,45.59,45.59,42.97,43,-4.94,-2.23,-1,70770,3042822.14
ROTO,2007-08-28,45.84,45.84,42.3,45.23,3.6,1.57,-1,66260,2996891.34
ROTO,2007-08-27,43.68,43.68,43.26,43.66,4.93,2.05,-1,107300,4684464.9
ROTO,2007-08-26,43.54,43.54,39.4,41.61,0.32,0.14,-1,177270,7375383.06
ROTO,2007-08-23,42.16,42.16,38.52,41.47,3.28,1.32,-1,223655,9275389.89
ROTO,2007-08-22,40.15,40.15,40.15,40.15,5,1.91,-1,31400,1260705.6
ROTO,2007-08-21,38.24,38.24,38.24,38.24,5,1.82,-1,10810,413567.28
ROTO,2007-08-20,36.46,36.46,36.11,36.42,4.88,1.69,-1,119410,4349026.55
ROTO,2007-08-19,34.91,34.91,33.87,34.73,4.45,1.48,-1,57670,2002858.51
ROTO,2007-08-16,34.82,34.82,32.26,33.25,0.16,0.05,-1,56315,1872431.75
ROTO,2007-08-15,33.62,33.62,31.7,33.2,3.66,1.18,-1,82925,2752897.7
ROTO,2007-08-14,32.88,32.88,29.86,32.02,2.27,0.71,-1,70435,2255458.76
ROTO,2007-08-13,33.71,33.71,31.02,31.31,-4.1,-1.34,-1,39870,1248422.66
ROTO,2007-08-12,32.73,32.73,32.1,32.65,4.74,1.48,-1,178730,5835861.19
ROTO,2007-08-09,31.17,31.17,31.17,31.17,5,1.48,-1,1250,38842
ROTO,2007-08-08,30.29,30.29,28.89,29.69,2.94,0.85,-1,414695,12312638.44
ROTO,2007-08-07,28.89,28.89,27.77,28.84,-0.02,-0.01,-1,27995,807514.16
ROTO,2007-08-06,28.9,28.9,28.37,28.85,-0.11,-0.03,-1,32140,927388.5
ROTO,2007-08-05,28.9,28.9,28.17,28.88,1.48,0.42,-1,27775,802080.46
ROTO,2007-08-02,28.9,28.9,27.55,28.46,-1.21,-0.35,-1,12720,362044.83
ROTO,2007-08-01,28.9,28.9,28.57,28.81,-2.01,-0.59,-1,8530,245878.55
ROTO,2007-07-31,29.63,29.63,28.09,29.4,4.18,1.18,-1,15860,466299.14
ROTO,2007-07-30,28.89,28.89,28.09,28.22,-1.98,-0.57,-1,4490,126579.75
ROTO,2007-07-29,30.38,30.38,28.72,28.79,-4.76,-1.44,-1,18265,525848.68
ROTO,2007-07-26,30.5,30.5,28.73,30.23,2.08,0.62,-1,4015,121268.59
ROTO,2007-07-25,31.3,31.3,29.49,29.61,-4.61,-1.43,-1,28310,838246.38
ROTO,2007-07-24,31.08,31.08,30.5,31.04,4.86,1.44,-1,28480,884228.4
ROTO,2007-07-22,30.5,30.5,29.05,29.6,-1.61,-0.49,-1,15500,458857.6
ROTO,2007-07-19,30.8,30.8,29.78,30.09,2.02,0.6,-1,6575,197941.11
ROTO,2007-07-18,29.9,29.9,29.13,29.49,-3.69,-1.14,-1,4685,138172
ROTO,2007-07-17,32.22,32.22,29.7,30.63,-0.24,-0.07,-1,7710,236191.65
ROTO,2007-07-16,30.7,30.7,30.66,30.7,5,1.46,-1,29465,904559.35
ROTO,2007-07-15,29.24,29.24,29.24,29.24,5,1.39,-1,4250,124219.48
ROTO,2007-07-12,27.85,27.85,26.81,27.85,0,0,-1,1120,30120
ROTO,2007-07-11,27.85,27.85,27.84,27.85,-4.99,-1.46,-1,7175,199835.42
ROTO,2007-07-10,29.37,29.37,29.29,29.31,0.85,0.25,-1,2245,65730
ROTO,2007-07-09,29.08,29.08,29.05,29.06,4.94,1.37,-1,35900,1043192.51
ROTO,2007-07-08,28.09,28.09,27.46,27.69,-3.84,-1.11,-1,5185,143545.95
ROTO,2007-07-05,30.43,30.43,28.37,28.8,-0.64,-0.18,-1,16100,463616.98
ROTO,2007-07-04,29.05,29.05,28.97,28.98,-4.93,-1.51,-1,3960,114842.72
ROTO,2007-07-03,30.66,30.66,30.33,30.49,-4.5,-1.44,-1,15185,463074.84
ROTO,2007-07-02,31.93,31.93,31.82,31.93,4.99,1.52,-1,8160,260552.05
ROTO,2007-06-28,30.42,30.42,30.41,30.41,-4.99,-1.6,-1,7315,222406.32
ROTO,2007-06-27,32.51,32.51,31.47,32.01,-3.38,-1.12,-1,5105,163507.92
ROTO,2007-06-26,33.14,33.14,32.91,33.13,4.94,1.56,-1,83365,2761607.52
ROTO,2007-06-25,31.57,31.57,31.57,31.57,5,1.51,-1,1250,39329
ROTO,2007-06-24,30.06,30.06,30.06,30.06,5,1.43,-1,1250,37457
ROTO,2007-06-21,29.5,29.5,26.7,28.63,1.89,0.53,-1,100570,2879619.82
ROTO,2007-06-20,30.26,30.26,27.93,28.1,-4.28,-1.26,-1,25430,714577.15
ROTO,2007-06-19,32.02,32.02,28.98,29.36,-3.78,-1.15,-1,67520,1982036.69
ROTO,2007-06-18,32.71,32.71,29.7,30.51,-2.07,-0.65,-1,1705,52079.65
ROTO,2007-06-17,31.16,31.16,31.16,31.16,-4.99,-1.63,-1,6040,188273.45
ROTO,2007-06-14,32.91,32.91,32.78,32.79,-4.97,-1.72,-1,6980,228811.25
ROTO,2007-06-13,34.51,34.51,34.51,34.51,-5,-1.81,-1,2870,98886.5
ROTO,2007-06-12,39.31,39.31,36.31,36.32,-4.96,-1.9,-1,11875,431286.38
ROTO,2007-06-11,39.73,39.73,38.21,38.22,0.01,0.01,-1,612360,23402774.59
ROTO,2007-06-10,38.21,38.21,38.2,38.21,4.99,1.82,-1,25290,966505.92
ROTO,2007-06-07,36.39,36.39,36.39,36.39,5,1.73,-1,194190,7067627.56
ROTO,2007-06-06,34.66,34.66,34.65,34.66,5,1.65,-1,26305,911679.68
ROTO,2007-06-05,33.01,33.01,33.01,33.01,5,1.57,-1,30530,1007734
ROTO,2007-06-04,31.44,31.44,31.44,31.44,5,1.5,-1,8185,257373.18
ROTO,2007-06-03,29.94,29.94,29.94,29.94,5,1.42,-1,3485,104465.2
ROTO,2007-05-31,28.52,28.52,28.52,28.52,5,1.36,-1,7075,201827.44
ROTO,2007-05-30,27.16,27.16,27.16,27.16,5,1.29,-1,6540,177665.25
ROTO,2007-05-29,25.87,25.87,25.87,25.87,5,1.23,-1,41490,1073259
ROTO,2007-05-28,24.64,24.64,24.64,24.64,5,1.18,-1,3925,96692.4
ROTO,2007-05-27,23.46,23.46,23.46,23.46,5,1.11,-1,3240,76011
ROTO,2007-05-24,22.35,22.35,22.35,22.35,5,1.07,-1,4050,90489.75
ROTO,2007-05-23,21.28,21.28,21.28,21.28,5,1.01,-1,6230,132590
ROTO,2007-05-22,20.27,20.27,20.27,20.27,5,0.96,-1,8910,180580.4
ROTO,2007-05-20,19.31,19.31,19.31,19.31,5,0.92,-1,2305,44499.9
ROTO,2007-05-17,18.39,18.39,18.39,18.39,5,0.88,-1,2490,45818
ROTO,2007-05-15,17.51,17.51,17.51,17.51,5,0.83,-1,4050,70911.75
ROTO,2007-05-14,16.68,16.68,16.68,16.68,5,0.8,-1,2180,36365
ROTO,2007-05-09,15.88,15.88,15.88,15.88,5,0.75,-1,1250,19791
ROTO,2007-05-08,15.13,15.13,15.13,15.13,5,0.72,-1,1250,18849
ROTO,2007-05-07,14.41,14.41,14.41,14.41,4.99,0.69,-1,1250,17952
ROTO,2007-05-06,13.72,13.72,13.72,13.72,5,0.65,-1,1250,17098
ROTO,2007-05-03,13.07,13.07,13.07,13.07,5,0.62,-1,1250,16284
ROTO,2007-05-02,12.45,12.45,12.45,12.45,5,0.59,-1,1865,23263.5
ROTO,2007-04-29,11.86,11.86,11.86,11.86,5,0.57,-1,1865,22156.5
ROTO,2007-04-11,11.29,11.29,11.29,11.29,4.99,0.54,-1,31145,351700
ROTO,2007-04-10,10.75,10.75,10.75,10.75,5,0.51,-1,13070,140555.51
ROTO,2007-04-04,10.24,10.24,10.24,10.24,4.99,0.49,-1,25950,265811.63
ROTO,2007-04-03,9.75,9.75,9.75,9.75,4.99,0.46,-1,192085,1873782.18
ROTO,2007-04-02,9.29,9.29,9.29,9.29,5,0.44,-1,1250,11576
ROTO,2007-03-25,8.85,8.85,8.85,8.85,5,0.42,-1,24920,220500
ROTO,2007-03-19,8.43,8.43,8.43,8.43,5,0.4,-1,18690,157500
ROTO,2007-03-15,8.43,8.43,8.03,8.03,0,0,-1,625,5250
ROTO,2007-03-14,8.03,8.03,8.03,8.03,4.19,0.33,-1,1865,15000
ROTO,2007-03-12,7.71,7.71,7.7,7.7,-4.97,-0.41,-1,6455,49720.1
ROTO,2007-03-11,8.11,8.11,8.11,8.11,0.37,0.03,-1,10765,87264
ROTO,2007-03-01,8.11,8.11,8.03,8.08,0.48,0.04,-1,3205,25862
ROTO,2007-02-27,8.11,8.11,8.03,8.04,0.15,0.01,-1,2030,16325
ROTO,2007-02-26,8.03,8.03,8.03,8.03,0,0,-1,16885,135500
ROTO,2006-12-21,8.03,8.03,8.03,8.03,0,0,-1,18690,150000
ROTO,2006-12-10,8.03,8.03,8.03,8.03,0,0,-1,120850,970000
ROTO,2006-11-08,8.03,8.03,8.03,8.03,0,0,-1,241050,1934700
ROTO,2006-09-19,8.03,8.03,8.03,8.03,0,0,-1,3985,32000
ROTO,2006-07-20,8.03,8.03,8.03,8.03,0,0,-1,147665,1185200
ROTO,2006-06-01,8.03,8.03,8.03,8.03,0,0,-1,89395,717500
ROTO,2006-03-23,8.03,8.03,8.03,8.03,0,0,-1,1868890,12078000
ROTO,2004-10-25,6.03,6.03,6.03,6.03,0,0,-1,21805,175000
ROTO,2003-12-24,6.03,6.03,6.03,6.03,0,6.02,-1,186935,1500000
