Symbol,Date Range,Open,High,Low,Closed,% Change,Change,Prev. Closed,Volume,Turnover
SAUD,2026-09-07,24.24,24.24,23.52,23.84,-0.87,-0.21,-1,604169,14432665
SAUD,2026-09-06,24.3,24.3,23.83,24.05,0.92,0.22,-1,479839,11550224
SAUD,2026-09-03,23.96,23.96,23.4,23.83,0.25,0.06,-1,305539,7212541
SAUD,2026-09-02,24.25,24.25,23.65,23.77,-1,-0.24,-1,453952,10827442
SAUD,2026-09-01,24.15,24.15,22.98,24.01,5.15,1.18,-1,1181601,28022934
SAUD,2026-08-31,23.09,23.09,22.85,22.92,0.09,0.02,-1,287622,6603164.5
SAUD,2026-08-30,23.22,23.22,22.86,22.9,-0.56,-0.13,-1,462427,10609306
SAUD,2026-08-26,23.44,23.44,22.92,23.03,-1.33,-0.31,-1,486967,11258951
SAUD,2026-08-25,23.88,23.88,23.21,23.32,-1.35,-0.32,-1,364054,8535413
SAUD,2026-08-24,24.4,24.4,23.51,23.64,-2.92,-0.71,-1,620331,14758948
SAUD,2026-08-23,24.6,24.6,24.23,24.35,-0.61,-0.15,-1,477337,11633624
SAUD,2026-08-20,24.5,24.5,23.8,24.5,0.04,0.01,-1,1476309,35751016
SAUD,2026-08-19,24.49,24.49,23.5,24.49,3.25,0.77,-1,1646027,39615968
SAUD,2026-08-18,24.28,24.28,23.44,23.72,1.07,0.25,-1,1966443,47191772
SAUD,2026-08-17,23.6,23.6,23.35,23.47,0.69,0.16,-1,799083,18769322
SAUD,2026-08-16,23.58,23.58,23.2,23.31,-0.85,-0.2,-1,418607,9768795
SAUD,2026-08-13,23.62,23.62,23.05,23.51,1.12,0.26,-1,1076211,25219243.98
SAUD,2026-08-12,23.25,23.25,22.8,23.25,2.2,0.5,-1,1140907,26310294
SAUD,2026-08-11,22.75,22.75,22.13,22.75,1.79,0.4,-1,978292,21921074
SAUD,2026-08-10,22.44,22.44,22.13,22.35,-0.13,-0.03,-1,400379,8928968
SAUD,2026-08-09,22.7,22.7,22.27,22.38,-0.31,-0.07,-1,352994,7912052
SAUD,2026-08-06,22.78,22.78,22.3,22.45,-1.19,-0.27,-1,729539,16450796
SAUD,2026-08-05,22.8,22.8,21.85,22.72,4.08,0.89,-1,1571865,35438012
SAUD,2026-08-04,22.1,22.1,21.61,21.83,0.65,0.14,-1,855317,18665580
SAUD,2026-08-03,21.89,21.89,21.66,21.67,-0.46,-0.1,-1,663807,14433100
SAUD,2026-08-02,21.97,21.97,21.4,21.77,-0.91,-0.2,-1,873394,18982206
SAUD,2026-07-30,22.49,22.49,21.61,21.97,-1.44,-0.32,-1,548867,12013617
SAUD,2026-07-29,22.39,22.39,22.03,22.29,0.32,0.07,-1,343860,7650076
SAUD,2026-07-28,22.63,22.63,22.15,22.22,-1.59,-0.36,-1,688856,15398479
SAUD,2026-07-27,22.66,22.66,22.39,22.58,-0.04,-0.01,-1,589579,13289318
SAUD,2026-07-26,22.75,22.75,22.24,22.59,2.17,0.48,-1,1878930,42323600
SAUD,2026-07-22,22.16,22.16,21.71,22.11,0.73,0.16,-1,722543,15878769
SAUD,2026-07-21,22.1,22.1,21.54,21.95,1.9,0.41,-1,1113917,24365414
SAUD,2026-07-20,21.73,21.73,21.41,21.59,0,0,-1,247981,5357286
SAUD,2026-07-19,21.75,21.75,21.31,21.59,-0.46,-0.1,-1,448313,9660872
SAUD,2026-07-16,21.7,21.7,21.3,21.69,0.93,0.2,-1,294242,6341914.5
SAUD,2026-07-15,21.68,21.68,21.32,21.41,-0.83,-0.18,-1,195062,4176206.5
SAUD,2026-07-14,21.69,21.69,21.25,21.58,-0.23,-0.05,-1,184850,3986630
SAUD,2026-07-13,21.77,21.77,21.5,21.54,-0.6,-0.13,-1,96807,2088836
SAUD,2026-07-12,21.8,21.8,21.5,21.67,-0.6,-0.13,-1,181519,3939854
SAUD,2026-07-09,21.8,21.8,21.03,21.74,2.74,0.58,-1,238648,5119442
SAUD,2026-07-08,21.73,21.73,21.15,21.16,-2.53,-0.55,-1,245860,5249126.5
SAUD,2026-07-07,21.73,21.73,21.5,21.71,0.7,0.15,-1,215971,4676175
SAUD,2026-07-06,21.84,21.84,21.28,21.56,0.94,0.2,-1,347106,7483384
SAUD,2026-07-05,21.46,21.46,21.09,21.36,1.52,0.32,-1,251093,5347623
SAUD,2026-07-01,21.3,21.3,21.01,21.09,0.09,0.02,-1,221494,4686513
SAUD,2026-06-30,21.19,21.19,20.5,21.07,3.13,0.64,-1,325595,6761773.5
SAUD,2026-06-29,21,21,20,20.43,2.19,0.44,-1,208144,4239668
SAUD,2026-06-28,21.25,21.25,19.99,20.05,-4.98,-1.05,-1,382228,7838750.5
SAUD,2026-06-25,21.3,21.3,20.97,21.1,0.33,0.07,-1,312183,6573970.5
SAUD,2026-06-24,21.69,21.69,21.01,21.03,-2.55,-0.55,-1,158885,3367148.25
SAUD,2026-06-23,21.86,21.86,21.38,21.58,0.37,0.08,-1,264859,5695472
SAUD,2026-06-22,22,22,21.45,21.5,-1.15,-0.25,-1,241184,5235150
SAUD,2026-06-21,22.19,22.19,21.75,21.75,-1.32,-0.29,-1,206813,4517480
SAUD,2026-06-17,22.24,22.24,21.65,22.04,0.36,0.08,-1,326322,7132540.5
SAUD,2026-06-16,22,22,21.72,21.96,-0.45,-0.1,-1,245010,5365095.5
SAUD,2026-06-15,22.09,22.09,21.54,22,2.18,0.47,-1,432551,9407231
SAUD,2026-06-14,21.8,21.8,21.5,21.53,0.61,0.13,-1,348508,7535178
SAUD,2026-06-11,21.43,21.43,20.82,21.4,-0.14,-0.03,-1,759762,16006459
SAUD,2026-06-10,22.2,22.2,21.4,21.43,-3.29,-0.73,-1,677078,14725116
SAUD,2026-06-09,22.38,22.38,22.11,22.16,-0.31,-0.07,-1,339495,7542039
SAUD,2026-06-08,22.45,22.45,22.2,22.23,-0.8,-0.18,-1,327444,7300927
SAUD,2026-06-07,22.86,22.86,22.4,22.41,-2.18,-0.5,-1,346544,7803240.5
SAUD,2026-06-04,22.95,22.95,22.35,22.91,1.82,0.41,-1,376124,8491723
SAUD,2026-06-03,22.96,22.96,22.42,22.5,-1.66,-0.38,-1,343489,7751196.5
SAUD,2026-06-02,23,23,22.47,22.88,1.64,0.37,-1,460292,10425948
SAUD,2026-06-01,23.27,23.27,22.36,22.51,-1.92,-0.44,-1,778985,17760638
SAUD,2026-05-25,22.95,22.95,22.25,22.95,2,0.45,-1,409260,9245663
SAUD,2026-05-24,22.69,22.69,22.12,22.5,1.26,0.28,-1,298834,6724329
SAUD,2026-05-21,22.5,22.5,21.8,22.31,0.5,0.11,-1,465246,10293923
SAUD,2026-05-20,22.9,22.9,22.2,22.2,-2.55,-0.58,-1,483906,10883564
SAUD,2026-05-19,22.79,22.79,22.3,22.78,2.29,0.51,-1,333930,7530115
SAUD,2026-05-18,22.83,22.83,22.2,22.27,-1.76,-0.4,-1,653005,14627424
SAUD,2026-05-17,23.7,23.7,22.6,22.67,-3.94,-0.93,-1,1018184,23450274
SAUD,2026-05-14,23.85,23.85,23.12,23.6,-0.04,-0.01,-1,721190,16882974
SAUD,2026-05-13,24,24,23.16,23.61,-0.88,-0.21,-1,1564572,36794888
SAUD,2026-05-12,24.88,24.88,23.7,23.82,-3.56,-0.88,-1,1426446,34193856
SAUD,2026-05-11,25.1,25.1,24.65,24.7,-0.36,-0.09,-1,482291,11979522
SAUD,2026-05-10,24.8,24.8,24.39,24.79,1.72,0.42,-1,352693,8700248
SAUD,2026-05-06,24.5,24.5,23.86,24.37,0.79,0.19,-1,723236,17511654
SAUD,2026-05-05,24.3,24.3,23.04,24.18,3.2,0.75,-1,715762,17116014
SAUD,2026-05-04,23.8,23.8,23.4,23.43,0.09,0.02,-1,634505,14946067
SAUD,2026-05-03,23.47,23.47,22.37,23.41,4.88,1.09,-1,1348751,31189772
SAUD,2026-04-30,22.5,22.5,21.8,22.32,1.41,0.31,-1,589998,13082408
SAUD,2026-04-29,22.05,22.05,21.65,22.01,0.92,0.2,-1,275628,6039555
SAUD,2026-04-28,22.11,22.11,21.61,21.81,-0.86,-0.19,-1,327251,7168701.5
SAUD,2026-04-27,22.15,22.15,21.95,22,0.23,0.05,-1,163959,3610434.75
SAUD,2026-04-26,22.39,22.39,21.9,21.95,-0.45,-0.1,-1,312799,6882189.5
SAUD,2026-04-23,22.3,22.3,21.68,22.05,0.32,0.07,-1,232621,5135830.5
SAUD,2026-04-22,22,22,21.46,21.98,1.48,0.32,-1,363746,7888292
SAUD,2026-04-21,21.99,21.99,21.65,21.67,-0.14,-0.03,-1,275508,5996178.5
SAUD,2026-04-20,22,22,21.55,21.73,-1.23,-0.27,-1,289452,6303597
SAUD,2026-04-19,22.45,22.45,21.8,22,-0.9,-0.2,-1,491918,10864486
SAUD,2026-04-16,22.2,22.2,21.3,22.2,4.18,0.89,-1,967923,21140360
SAUD,2026-04-15,21.37,21.37,20.99,21.31,1.57,0.33,-1,617199,13105008
SAUD,2026-04-14,21.1,21.1,20.04,20.98,-1.5,-0.32,-1,738196,15324329
SAUD,2026-04-09,21.33,21.33,20.72,21.3,1.43,0.3,-1,999208,21143618
SAUD,2026-04-08,21.2,21.2,20.67,21,3.19,0.65,-1,718725,15101099
SAUD,2026-04-07,21.68,21.68,20.3,20.35,-5.26,-1.13,-1,754211,15799722
SAUD,2026-04-06,21.66,21.66,21.34,21.48,-0.05,-0.01,-1,531141,11414592
SAUD,2026-04-05,21.86,21.86,21,21.49,2.58,0.54,-1,882162,18949234
SAUD,2026-04-02,21.2,21.2,20.1,20.95,4.33,0.87,-1,1272447,26469296
SAUD,2026-04-01,20.48,20.48,19.64,20.08,2.97,0.58,-1,1348850,27203150
SAUD,2026-03-31,19.71,19.71,19.11,19.5,1.56,0.3,-1,534695,10410779
SAUD,2026-03-30,19.65,19.65,19.01,19.2,-0.93,-0.18,-1,564200,10830139
SAUD,2026-03-29,21,21,19.3,19.38,-2.07,-0.41,-1,2080857,41853860
SAUD,2026-03-26,19.89,19.89,19,19.79,2.81,0.54,-1,1147647,22488202
SAUD,2026-03-25,19.34,19.34,19,19.25,1.74,0.33,-1,338036,6498319
SAUD,2026-03-24,19.3,19.3,18.81,18.92,0.42,0.08,-1,284043,5392950.5
SAUD,2026-03-18,19.4,19.4,18.31,18.84,1.95,0.36,-1,667729,12675843
SAUD,2026-03-17,18.5,18.5,18,18.48,2.67,0.48,-1,380707,6998339.5
SAUD,2026-03-16,18.4,18.4,18,18,-2.07,-0.38,-1,332227,5997725
SAUD,2026-03-15,18.48,18.48,18.05,18.38,-0.66,-0.12,-1,149810,2743330
SAUD,2026-03-12,18.5,18.5,18.02,18.32,1.78,0.32,-1,359449,6604650.5
SAUD,2026-03-11,18.35,18.35,17.94,18,-0.61,-0.11,-1,263806,4774989
SAUD,2026-03-10,18.26,18.26,17.94,18.11,0.95,0.17,-1,346069,6275479
SAUD,2026-03-09,18.19,18.19,17.45,17.94,0.34,0.06,-1,955911,16872700
SAUD,2026-03-08,18.3,18.3,17.85,17.88,-2.19,-0.4,-1,279284,5022663
SAUD,2026-03-05,18.5,18.5,18,18.28,0.55,0.1,-1,252224,4626479.5
SAUD,2026-03-04,18.4,18.4,17.71,18.18,-0.49,-0.09,-1,690536,12466564
SAUD,2026-03-03,18.69,18.69,18.13,18.19,-1.73,-0.32,-1,311776,5695680
SAUD,2026-03-02,18.88,18.88,18.5,18.51,-1.12,-0.21,-1,105715,1969379.5
SAUD,2026-03-01,18.85,18.85,17.7,18.72,-1.27,-0.24,-1,514784,9438768
SAUD,2026-02-26,19,19,18.43,18.96,1.44,0.27,-1,354892,6628331
SAUD,2026-02-25,19.45,19.45,18.6,18.69,-3.66,-0.71,-1,514013,9695957
SAUD,2026-02-24,19.65,19.65,18.9,19.4,1.2,0.23,-1,886254,17168806
SAUD,2026-02-23,19.2,19.2,18.03,19.17,6.38,1.15,-1,1952293,36600056
SAUD,2026-02-22,18.78,18.78,17.8,18.02,-2.38,-0.44,-1,405629,7340849
SAUD,2026-02-19,18.75,18.75,18.1,18.46,-0.81,-0.15,-1,490819,9004546
SAUD,2026-02-18,18.78,18.78,18.4,18.55,0.87,0.16,-1,364361,6780816
SAUD,2026-02-17,18.7,18.7,18.2,18.39,-0.54,-0.1,-1,893767,16463178
SAUD,2026-02-16,18.69,18.69,18.2,18.49,1.48,0.27,-1,866660,15994713
SAUD,2026-02-15,18.6,18.6,17.8,18.22,2.65,0.47,-1,1840597,33560460
SAUD,2026-02-12,17.96,17.96,17.3,17.75,0.85,0.15,-1,661099,11599769.59
SAUD,2026-02-11,18.05,18.05,17.4,17.6,-0.28,-0.05,-1,893365,15893778
SAUD,2026-02-10,18.09,18.09,17.56,17.65,-1.94,-0.35,-1,710410,12578839
SAUD,2026-02-09,18.28,18.28,17.75,18,-0.33,-0.06,-1,467667,8388087
SAUD,2026-02-08,18.3,18.3,17.9,18.06,0.78,0.14,-1,823633,14837649
SAUD,2026-02-05,18.1,18.1,17.52,17.92,2.28,0.4,-1,1273953,22750036
SAUD,2026-02-04,17.7,17.7,17.4,17.52,-0.4,-0.07,-1,289797,5097830.5
SAUD,2026-02-03,17.78,17.78,17.25,17.59,2.51,0.43,-1,1441936,25360496
SAUD,2026-02-02,17.75,17.75,17.11,17.16,-1.72,-0.3,-1,814271,14151812
SAUD,2026-02-01,17.59,17.59,17.22,17.46,0.63,0.11,-1,392702,6843693
SAUD,2026-01-28,17.7,17.7,17.16,17.41,1.69,0.29,-1,1754519,30560502
SAUD,2026-01-27,17.15,17.15,16.6,17.12,2.95,0.49,-1,2274295,38427904
SAUD,2026-01-26,16.93,16.93,16.26,16.63,-0.83,-0.14,-1,722684,12094725
SAUD,2026-01-25,17.1,17.1,16.46,16.77,0.96,0.16,-1,1266249,21306518
SAUD,2026-01-22,16.86,16.86,15.55,16.61,5.8,0.91,-1,3453838,56953356
SAUD,2026-01-21,15.79,15.79,15.4,15.7,0.58,0.09,-1,782208,12194232
SAUD,2026-01-20,15.9,15.9,15.5,15.61,-1.82,-0.29,-1,673921,10593746
SAUD,2026-01-19,16.07,16.07,15.67,15.9,0.95,0.15,-1,1127647,17960112
SAUD,2026-01-18,16.1,16.1,15.3,15.75,3.41,0.52,-1,458493,7203584.5
SAUD,2026-01-15,15.93,15.93,15.15,15.23,0.66,0.1,-1,818323,12691734
SAUD,2026-01-14,15.98,15.98,15.1,15.13,-4.54,-0.72,-1,565966,8714197
SAUD,2026-01-13,16.25,16.25,15.45,15.85,1.28,0.2,-1,1749065,27807666
SAUD,2026-01-12,15.95,15.95,15.6,15.65,-0.76,-0.12,-1,1151192,18208070
SAUD,2026-01-11,15.86,15.86,15.13,15.77,3.68,0.56,-1,998086,15491097
SAUD,2026-01-08,15.39,15.39,15.14,15.21,-0.39,-0.06,-1,373905,5705378.5
SAUD,2026-01-06,15.39,15.39,15.1,15.27,1.06,0.16,-1,97582,1485687.13
SAUD,2026-01-05,15.39,15.39,15.1,15.11,-1.24,-0.19,-1,101906,1544097.43
SAUD,2026-01-04,15.44,15.44,15.2,15.3,-0.58,-0.09,-1,134300,2052977.25
SAUD,2025-12-31,15.44,15.44,15.2,15.39,0.59,0.09,-1,245757,3755838
SAUD,2025-12-30,15.47,15.47,15.16,15.3,0.13,0.02,-1,255572,3914896.75
SAUD,2025-12-29,15.4,15.4,15.21,15.28,-0.26,-0.04,-1,131900,2014061.38
SAUD,2025-12-28,15.51,15.51,15.3,15.32,-1.16,-0.18,-1,93272,1431456.25
SAUD,2025-12-25,15.5,15.5,15.22,15.5,0.98,0.15,-1,233379,3591676.25
SAUD,2025-12-24,15.49,15.49,15.2,15.25,0.79,0.12,-1,478119,7311366
SAUD,2025-12-23,15.55,15.55,15.1,15.13,-0.92,-0.14,-1,213506,3251993
SAUD,2025-12-22,15.54,15.54,15.12,15.27,-0.26,-0.04,-1,159915,2456477.75
SAUD,2025-12-21,15.5,15.5,15,15.31,0.72,0.11,-1,134229,2046727.75
SAUD,2025-12-18,15.5,15.5,15.19,15.2,-1.17,-0.18,-1,431201,6591644
SAUD,2025-12-17,15.64,15.64,15.3,15.38,-1.09,-0.17,-1,185750,2866178.5
SAUD,2025-12-16,15.8,15.8,15.47,15.55,-0.83,-0.13,-1,355233,5541537
SAUD,2025-12-15,15.89,15.89,15.4,15.68,1.95,0.3,-1,531263,8320826
SAUD,2025-12-14,15.55,15.55,15.33,15.4,0,0,-1,357408,5514185.5
SAUD,2025-12-11,15.57,15.57,15.39,15.4,0,0,-1,426265,6596837.5
SAUD,2025-12-10,15.53,15.53,15.3,15.4,0.26,0.04,-1,173064,2658239
SAUD,2025-12-09,15.6,15.6,15.25,15.39,-0.26,-0.04,-1,548662,8392175
SAUD,2025-12-08,15.65,15.65,15.36,15.43,-0.71,-0.11,-1,320808,4965528.5
SAUD,2025-12-07,15.85,15.85,15.51,15.54,-0.58,-0.09,-1,60373,942918.06
SAUD,2025-12-04,15.9,15.9,15.53,15.64,-0.95,-0.15,-1,921973,14522643
SAUD,2025-12-03,15.98,15.98,15.07,15.79,4.71,0.71,-1,992141,15509466
SAUD,2025-12-02,15.39,15.39,15.02,15.08,0.33,0.05,-1,168822,2547717.75
SAUD,2025-12-01,15.47,15.47,14.95,15.03,0.2,0.03,-1,621287,9391301
SAUD,2025-11-30,15.19,15.19,14.92,15,0.13,0.02,-1,320519,4812560
SAUD,2025-11-27,15.25,15.25,14.92,15,-0.79,-0.12,-1,436669,6562422
SAUD,2025-11-26,15.3,15.3,15.07,15.12,0,0,-1,108843,1649666.13
SAUD,2025-11-25,15.7,15.7,15.06,15.12,0,0,-1,492186,7534938.5
SAUD,2025-11-24,15.7,15.7,15.1,15.1,-2.71,-0.42,-1,458075,7017876.5
SAUD,2025-11-23,15.8,15.8,15.3,15.52,0.2,0.03,-1,410181,6389845
SAUD,2025-11-20,15.46,15.46,15.26,15.32,-0.39,-0.06,-1,141546,2169542.25
SAUD,2025-11-19,15.6,15.6,15.21,15.38,-0.65,-0.1,-1,736638,11326527
SAUD,2025-11-18,15.6,15.6,15.26,15.5,-0.64,-0.1,-1,199686,3081791
SAUD,2025-11-17,15.9,15.9,15.5,15.6,-2.44,-0.39,-1,705635,10998905
SAUD,2025-11-16,16.2,16.2,15.6,15.99,0.19,0.03,-1,1142572,18107510
SAUD,2025-11-13,16.73,16.73,15.9,15.96,-1.48,-0.24,-1,2299460,37268632
SAUD,2025-11-12,16.3,16.3,15.57,16.2,2.47,0.39,-1,3337799,53203660
SAUD,2025-11-11,15.84,15.84,14.3,15.81,11.5,1.63,-1,12484140,191126416
SAUD,2025-11-10,14.35,14.35,14.17,14.18,-1.18,-0.17,-1,632876,9023721
SAUD,2025-11-09,14.4,14.4,14.27,14.35,0.28,0.04,-1,513898,7366471
SAUD,2025-11-06,14.58,14.58,14.17,14.31,0.77,0.11,-1,2502399,36089460
SAUD,2025-11-05,14.4,14.4,13.7,14.2,0.07,0.01,-1,1336349,18966748
SAUD,2025-11-04,14.3,14.3,14.11,14.19,-0.49,-0.07,-1,642606,9120439
SAUD,2025-11-03,14.25,14.25,13.95,14.25,1.06,0.15,-1,2121699,30129914
SAUD,2025-11-02,14.45,14.45,14.02,14.1,0,0,-1,1488753,21207088
SAUD,2025-10-30,14.33,14.33,13.95,14.1,1,0.14,-1,1042390,14775260
SAUD,2025-10-29,14.08,14.08,13.76,13.96,0.43,0.06,-1,511952,7138706
SAUD,2025-10-28,14.19,14.19,13.83,13.9,-1,-0.14,-1,546731,7618988.5
SAUD,2025-10-27,14.99,14.99,14,14.04,0.14,0.02,-1,1843388,26357174
SAUD,2025-10-26,14.38,14.38,13.95,14.01,1.37,0.19,-1,606693,8563345
SAUD,2025-10-23,14.1,14.1,13.53,13.9,2.21,0.3,-1,841025,11716684
SAUD,2025-10-22,13.78,13.78,13.42,13.6,0,0,-1,199616,2710875
SAUD,2025-10-21,13.77,13.77,13.5,13.6,-0.22,-0.03,-1,213844,2902995.75
SAUD,2025-10-20,13.8,13.8,13.55,13.63,0.96,0.13,-1,458047,6272719.5
SAUD,2025-10-19,13.7,13.7,13.3,13.5,1.66,0.22,-1,573814,7783533
SAUD,2025-10-16,13.32,13.32,13,13.28,1.68,0.22,-1,304070,4025462.75
SAUD,2025-10-15,13.16,13.16,12.99,13.06,0.08,0.01,-1,259262,3388661.75
SAUD,2025-10-14,13.07,13.07,12.9,13.05,1.16,0.15,-1,636791,8272185
SAUD,2025-10-13,13,13,12.85,12.9,-0.54,-0.07,-1,582995,7555654
SAUD,2025-10-12,13,13,12.9,12.97,0,0,-1,156886,2034784
SAUD,2025-10-08,13.2,13.2,12.87,12.97,-0.38,-0.05,-1,302840,3950886.25
SAUD,2025-10-07,13.03,13.03,12.83,13,0,0,-1,211129,2732863.5
SAUD,2025-10-06,13.18,13.18,12.75,13,-0.69,-0.09,-1,795284,10287821
SAUD,2025-10-05,13.39,13.39,12.58,13.09,5.65,0.7,-1,1107908,14585367
SAUD,2025-10-02,12.46,12.46,12.32,12.39,0.57,0.07,-1,74886,926989.31
SAUD,2025-10-01,12.5,12.5,12.3,12.32,-0.32,-0.04,-1,269006,3327262
SAUD,2025-09-30,12.5,12.5,12.2,12.38,1.63,0.2,-1,195720,2413923
SAUD,2025-09-29,12.37,12.37,12.15,12.3,0.82,0.1,-1,142408,1747123.75
SAUD,2025-09-28,12.45,12.45,12.15,12.2,-0.24,-0.03,-1,190156,2328578.5
SAUD,2025-09-25,12.5,12.5,12.2,12.28,-0.08,-0.01,-1,266965,3274571.25
SAUD,2025-09-24,12.6,12.6,12.26,12.29,0.48,0.06,-1,187949,2314050.5
SAUD,2025-09-23,12.49,12.49,12.34,12.38,0.49,0.06,-1,46153,572007.81
SAUD,2025-09-22,12.5,12.5,12.3,12.32,-1.52,-0.19,-1,73411,908849.88
SAUD,2025-09-21,12.7,12.7,12.5,12.5,-1.03,-0.13,-1,126431,1588046
SAUD,2025-09-18,12.88,12.88,12.56,12.63,-0.08,-0.01,-1,54830,693481.75
SAUD,2025-09-17,12.9,12.9,12.6,12.64,-0.32,-0.04,-1,59370,750178
SAUD,2025-09-16,12.93,12.93,12.65,12.68,-1.01,-0.13,-1,80254,1020709.44
SAUD,2025-09-15,13,13,12.8,12.81,-1,-0.13,-1,101625,1306999.13
SAUD,2025-09-14,13,13,12.81,12.94,0,0,-1,77511,1002972.88
SAUD,2025-09-11,13,13,12.82,12.88,-1.23,-0.16,-1,97372,1257358.75
SAUD,2025-09-10,12.99,12.99,12.6,12.98,1.8,0.23,-1,209429,2701188.5
SAUD,2025-09-09,13,13,12.62,12.75,0.16,0.02,-1,198608,2563632.5
SAUD,2025-09-08,12.94,12.94,12.61,12.65,0,0,-1,119611,1513502
SAUD,2025-09-07,13,13,12.62,12.65,-1.02,-0.13,-1,559089,7078799.5
SAUD,2025-09-03,13,13,12.75,12.78,-1.24,-0.16,-1,96597,1237258.13
SAUD,2025-09-02,13.2,13.2,12.8,12.92,-1.3,-0.17,-1,291589,3770270
SAUD,2025-09-01,13.25,13.25,12.6,13.12,3.47,0.44,-1,268891,3503612
SAUD,2025-08-31,12.84,12.84,12.65,12.68,-0.55,-0.07,-1,52660,669701.56
SAUD,2025-08-28,12.87,12.87,12.71,12.75,0.47,0.06,-1,29869,381179.56
SAUD,2025-08-27,12.89,12.89,12.55,12.69,1.03,0.13,-1,34417,436593.59
SAUD,2025-08-26,13,13,12.6,12.66,-1.47,-0.19,-1,134462,1715566
SAUD,2025-08-25,13,13,12.85,12.92,-0.85,-0.11,-1,68806,886973.38
SAUD,2025-08-24,13.2,13.2,12.93,12.97,-1.22,-0.16,-1,241824,3144334
SAUD,2025-08-21,13.29,13.29,13.05,13.09,-0.38,-0.05,-1,97666,1282129.25
SAUD,2025-08-20,13.3,13.3,13.05,13.14,0.15,0.02,-1,110591,1460648.63
SAUD,2025-08-19,13.25,13.25,13.01,13.2,0.46,0.06,-1,89262,1173145.38
SAUD,2025-08-18,13.25,13.25,13,13.14,-1.29,-0.17,-1,495638,6515110.5
SAUD,2025-08-17,13.21,13.21,12.93,13.2,1.15,0.15,-1,498091,6514488
SAUD,2025-08-14,13.1,13.1,12.92,13.05,0.38,0.05,-1,120616,1569734.25
SAUD,2025-08-13,13.09,13.09,12.88,13,0.78,0.1,-1,161169,2095086.88
SAUD,2025-08-12,13.01,13.01,12.87,12.9,-0.15,-0.02,-1,95405,1231536.5
SAUD,2025-08-11,13.11,13.11,12.87,12.92,-1,-0.13,-1,257213,3341951.75
SAUD,2025-08-10,13.13,13.13,12.72,13.02,1.64,0.21,-1,587721,7593995
SAUD,2025-08-07,12.8,12.8,12.55,12.79,1.11,0.14,-1,279979,3552445.25
SAUD,2025-08-06,12.67,12.67,12.55,12.65,0,0,-1,557500,7035742
SAUD,2025-08-05,12.68,12.68,12.54,12.65,0,0,-1,222210,2801166.25
SAUD,2025-08-04,12.65,12.65,12.46,12.65,1.36,0.17,-1,177609,2242553.5
SAUD,2025-08-03,12.68,12.68,12.4,12.48,-0.32,-0.04,-1,339226,4250222.5
SAUD,2025-07-31,12.58,12.58,12.26,12.49,1.04,0.13,-1,165244,2047871.63
SAUD,2025-07-30,12.65,12.65,12.35,12.45,-2.29,-0.29,-1,208392,2598519.5
SAUD,2025-07-29,12.68,12.68,12.5,12.65,0.4,0.05,-1,207614,2614819.25
SAUD,2025-07-28,12.79,12.79,12.5,12.6,-0.71,-0.09,-1,584641,7365823.5
SAUD,2025-07-27,12.7,12.7,12.36,12.69,1.52,0.19,-1,493029,6199694
SAUD,2025-07-23,12.65,12.65,12.3,12.5,-0.32,-0.04,-1,528972,6609734.5
SAUD,2025-07-22,12.8,12.8,12.19,12.54,2.45,0.3,-1,2090913,26288114
SAUD,2025-07-21,12.24,12.24,12,12.24,1.92,0.23,-1,438921,5316103
SAUD,2025-07-20,12.19,12.19,12,12.01,0.17,0.02,-1,1024921,12352671
SAUD,2025-07-17,12.07,12.07,11.79,12,0,0,-1,692212,8245776.5
SAUD,2025-07-16,12.01,12.01,11.77,12,0.84,0.1,-1,432471,5163129.5
SAUD,2025-07-15,12.09,12.09,11.8,11.9,0.51,0.06,-1,805761,9625831
SAUD,2025-07-14,11.97,11.97,11.69,11.8,0.85,0.1,-1,475695,5629365
SAUD,2025-07-13,11.75,11.75,11.51,11.7,1.74,0.2,-1,361535,4218891.5
SAUD,2025-07-10,11.63,11.63,11.49,11.5,-0.52,-0.06,-1,139388,1607479.5
SAUD,2025-07-09,11.61,11.61,11.5,11.56,-0.78,-0.09,-1,91123,1054525.88
SAUD,2025-07-07,11.63,11.63,11.5,11.61,-0.09,-0.01,-1,139679,1619605.38
SAUD,2025-07-06,11.65,11.65,11.49,11.57,0.35,0.04,-1,113248,1310658.13
SAUD,2025-07-02,11.6,11.6,11.38,11.48,-0.26,-0.03,-1,222084,2549396.75
SAUD,2025-07-01,11.68,11.68,11.45,11.51,-0.26,-0.03,-1,103753,1196577.13
SAUD,2025-06-30,11.62,11.62,11.51,11.54,-0.43,-0.05,-1,171765,1986109.25
SAUD,2025-06-29,11.69,11.69,11.53,11.59,-0.43,-0.05,-1,238461,2766178.75
SAUD,2025-06-25,11.65,11.65,11.51,11.6,0,0,-1,57135,662317.44
SAUD,2025-06-24,11.7,11.7,11.36,11.6,1.94,0.22,-1,322655,3741041.5
SAUD,2025-06-23,11.48,11.48,11.08,11.34,1.33,0.15,-1,191205,2178712.5
SAUD,2025-06-22,11.28,11.28,10.76,11.25,3.21,0.35,-1,218753,2424797.25
SAUD,2025-06-19,10.93,10.93,10.83,10.9,-0.27,-0.03,-1,113907,1241071.5
SAUD,2025-06-18,10.95,10.95,10.75,10.93,0.64,0.07,-1,98123,1069932.25
SAUD,2025-06-17,11.16,11.16,10.8,10.86,-1.27,-0.14,-1,191377,2090805
SAUD,2025-06-16,11.12,11.12,10.95,11,1.19,0.13,-1,98867,1090948.75
SAUD,2025-06-15,11.08,11.08,10.83,10.94,-3.25,-0.37,-1,347389,3809275.75
SAUD,2025-06-12,11.68,11.68,11.35,11.4,-2.48,-0.29,-1,184937,2116409.75
SAUD,2025-06-11,11.69,11.69,11.5,11.69,1.21,0.14,-1,532124,6193408.5
SAUD,2025-06-10,11.62,11.62,11.35,11.55,2.29,0.26,-1,393155,4525963.5
SAUD,2025-06-04,11.41,11.41,11.08,11.33,2.16,0.24,-1,558334,6316730.5
SAUD,2025-06-03,11.17,11.17,11.07,11.09,0.09,0.01,-1,455467,5062679.5
SAUD,2025-06-02,11.18,11.18,11.07,11.08,-0.09,-0.01,-1,422265,4688265.5
SAUD,2025-06-01,11.25,11.25,11.06,11.09,-0.45,-0.05,-1,208294,2314132.25
SAUD,2025-05-29,11.2,11.2,11.06,11.15,-0.18,-0.02,-1,275209,3067739.75
SAUD,2025-05-28,11.27,11.27,11.15,11.17,-0.71,-0.08,-1,292775,3282238.25
SAUD,2025-05-27,11.29,11.29,11.16,11.25,0.81,0.09,-1,250100,2803525
SAUD,2025-05-26,11.24,11.24,11.08,11.16,0.27,0.03,-1,561420,6273873.5
SAUD,2025-05-25,11.51,11.51,11.12,11.13,-1.68,-0.19,-1,1375016,15437348
SAUD,2025-05-22,11.68,11.68,11.32,11.32,0,0,-1,2470205,28365352
SAUD,2025-05-21,11.5,11.5,11.3,11.32,-1.22,-0.14,-1,238016,2712116.5
SAUD,2025-05-20,11.64,11.64,11.45,11.45,-0.17,-0.02,-1,132437,1520914.38
SAUD,2025-05-19,11.6,11.6,11.4,11.47,-0.69,-0.08,-1,112406,1295406.75
SAUD,2025-05-18,11.75,11.75,11.52,11.55,-1.28,-0.15,-1,170954,1983915
SAUD,2025-05-15,11.79,11.79,11.61,11.7,0,0,-1,217191,2546661
SAUD,2025-05-14,11.85,11.85,11.7,11.7,-0.51,-0.06,-1,662150,7787399.5
SAUD,2025-05-13,12.02,12.02,11.67,11.76,0,0,-1,948638,11263338
SAUD,2025-05-12,11.84,11.84,11.7,11.8,0.85,0.1,-1,358311,4216037.5
SAUD,2025-05-11,11.84,11.84,11.68,11.7,0.09,0.01,-1,142796,1673570.5
SAUD,2025-05-08,11.78,11.78,11.47,11.69,0.78,0.09,-1,276608,3228236.25
SAUD,2025-05-07,11.9,11.9,11.6,11.6,-0.85,-0.1,-1,794608,9359558
SAUD,2025-05-06,12,12,11.68,11.7,0,0,-1,984397,11678861
SAUD,2025-05-05,11.82,11.82,11.69,11.7,-0.59,-0.07,-1,514395,6048265
SAUD,2025-05-04,11.8,11.8,11.65,11.77,0.68,0.08,-1,340852,3992595.5
SAUD,2025-04-30,11.79,11.79,11.54,11.69,0.6,0.07,-1,405570,4737443.5
SAUD,2025-04-29,11.7,11.7,11.5,11.62,0.35,0.04,-1,290369,3355289.75
SAUD,2025-04-28,11.92,11.92,11.45,11.58,0.87,0.1,-1,1899705,22260596
SAUD,2025-04-27,11.68,11.68,10.98,11.48,4.27,0.47,-1,7600455,84224544
SAUD,2025-04-23,11.15,11.15,10.95,11.01,0.46,0.05,-1,120757,1331540.75
SAUD,2025-04-22,11,11,10.9,10.96,0.09,0.01,-1,104026,1139728.13
SAUD,2025-04-17,11.05,11.05,10.91,10.95,0.37,0.04,-1,114773,1257805.25
SAUD,2025-04-16,10.99,10.99,10.9,10.91,0.09,0.01,-1,209015,2285423.25
SAUD,2025-04-15,11.25,11.25,10.9,10.9,-2.68,-0.3,-1,1285540,14210047
SAUD,2025-04-14,11.49,11.49,11.01,11.2,-7.74,-0.94,-1,1545483,17404478
SAUD,2025-04-13,12.18,12.18,11.92,12.14,1.17,0.14,-1,651803,7881668
SAUD,2025-04-10,12,12,11.78,12,2.56,0.3,-1,249806,2970243.75
SAUD,2025-04-09,11.92,11.92,11.68,11.7,-0.85,-0.1,-1,184751,2180292.25
SAUD,2025-04-08,11.95,11.95,11.8,11.8,0,0,-1,313668,3712366.5
SAUD,2025-04-07,11.9,11.9,11.7,11.8,-0.17,-0.02,-1,235010,2767769.5
SAUD,2025-04-06,12,12,11.72,11.83,-2.31,-0.28,-1,225332,2676229.75
SAUD,2025-04-03,12.2,12.2,12,12.11,0,0,-1,136991,1659572.75
SAUD,2025-03-27,12.18,12.18,12.01,12.11,1.17,0.14,-1,144432,1748660.88
SAUD,2025-03-26,12.19,12.19,11.9,11.97,1.51,0.18,-1,338126,4080819
SAUD,2025-03-25,11.99,11.99,11.85,11.89,0.08,0.01,-1,86986,1034143.25
SAUD,2025-03-24,12.12,12.12,11.85,11.89,0.08,0.01,-1,112230,1344099.75
SAUD,2025-03-23,11.99,11.99,11.85,11.88,0.59,0.07,-1,82229,978963.94
SAUD,2025-03-20,11.97,11.97,11.75,11.87,-0.08,-0.01,-1,94140,1114419.25
SAUD,2025-03-19,11.93,11.93,11.72,11.83,0.77,0.09,-1,154363,1822176.5
SAUD,2025-03-18,12.03,12.03,11.7,11.74,-2.33,-0.28,-1,383055,4534359
SAUD,2025-03-17,12.09,12.09,11.99,12.02,0.17,0.02,-1,116125,1395154.25
SAUD,2025-03-16,12.11,12.11,11.87,12,0.93,0.11,-1,368531,4443349.5
SAUD,2025-03-13,11.95,11.95,11.75,11.89,1.27,0.15,-1,102899,1220749.5
SAUD,2025-03-12,11.82,11.82,11.73,11.78,0.08,0.01,-1,111429,1313828
SAUD,2025-03-11,11.85,11.85,11.73,11.77,-0.42,-0.05,-1,186950,2206909.25
SAUD,2025-03-10,11.9,11.9,11.81,11.84,-0.17,-0.02,-1,147830,1752799.75
SAUD,2025-03-09,11.95,11.95,11.86,11.86,-0.25,-0.03,-1,206584,2457293.25
SAUD,2025-03-06,11.95,11.95,11.87,11.89,0,0,-1,108161,1287150
SAUD,2025-03-05,11.95,11.95,11.86,11.87,0,0,-1,183693,2184176.75
SAUD,2025-03-04,11.97,11.97,11.88,11.89,0.25,0.03,-1,193225,2301186.5
SAUD,2025-03-03,11.98,11.98,11.9,11.9,0.17,0.02,-1,102335,1220688.75
SAUD,2025-03-02,12,12,11.9,11.93,-0.17,-0.02,-1,74925,894567.38
SAUD,2025-02-27,11.99,11.99,11.9,11.93,-0.5,-0.06,-1,144149,1720712.13
SAUD,2025-02-26,12.04,12.04,11.96,11.99,0.17,0.02,-1,67093,804473.81
SAUD,2025-02-25,12.06,12.06,11.9,11.97,-0.42,-0.05,-1,208760,2503651.25
SAUD,2025-02-24,12.09,12.09,12,12.02,0.17,0.02,-1,146243,1758999.13
SAUD,2025-02-23,12.16,12.16,11.99,12,0,0,-1,525627,6341740
SAUD,2025-02-20,12.04,12.04,12,12,-0.08,-0.01,-1,565040,6785774.91
SAUD,2025-02-19,12.11,12.11,12,12.01,-0.33,-0.04,-1,826561,9935890
SAUD,2025-02-18,12.13,12.13,12.03,12.05,-0.08,-0.01,-1,370124,4467275.5
SAUD,2025-02-17,12.26,12.26,12,12.06,0.5,0.06,-1,2009530,24230386
SAUD,2025-02-16,12.18,12.18,12,12,0,0,-1,692010,8328283
SAUD,2025-02-13,12.15,12.15,11.95,12.01,0.08,0.01,-1,121874,1466585.5
SAUD,2025-02-12,12,12,11.72,12,0,0,-1,137379,1639896.13
SAUD,2025-02-11,12.21,12.21,12,12,-1.88,-0.23,-1,113530,1368811.25
SAUD,2025-02-10,12.4,12.4,11.93,12.23,1,0.12,-1,196590,2389891.75
SAUD,2025-02-09,12.24,12.24,12,12.03,0.17,0.02,-1,138814,1678484.5
SAUD,2025-02-06,12.05,12.05,11.96,12.01,0.25,0.03,-1,90299,1083427.63
SAUD,2025-02-05,12.03,12.03,11.9,11.98,0.08,0.01,-1,55396,662215.44
SAUD,2025-02-04,12.06,12.06,11.9,12,0.84,0.1,-1,113697,1361678.88
SAUD,2025-02-03,12.06,12.06,11.85,11.9,-0.92,-0.11,-1,128295,1528666.5
SAUD,2025-02-02,12.06,12.06,11.96,12.01,0.25,0.03,-1,86947,1043562.25
SAUD,2025-01-30,12.04,12.04,11.91,11.98,0.17,0.02,-1,139036,1665918.25
SAUD,2025-01-29,12.04,12.04,11.88,11.94,0.34,0.04,-1,215117,2576599.75
SAUD,2025-01-28,12.12,12.12,11.89,11.9,-0.92,-0.11,-1,341872,4085146.21
SAUD,2025-01-27,12.25,12.25,11.92,12.01,-2.12,-0.26,-1,245359,2954493.75
SAUD,2025-01-26,12.34,12.34,12.15,12.27,0.9,0.11,-1,160719,1967662.38
SAUD,2025-01-23,12.38,12.38,12.1,12.16,-0.49,-0.06,-1,120459,1475182.38
SAUD,2025-01-22,12.34,12.34,12.12,12.22,0.74,0.09,-1,136786,1675225.5
SAUD,2025-01-21,12.3,12.3,12.03,12.16,0.66,0.08,-1,112648,1371963.63
SAUD,2025-01-20,12.42,12.42,12,12.08,-2.19,-0.27,-1,206481,2525619
SAUD,2025-01-19,12.47,12.47,12.25,12.35,1.89,0.23,-1,108261,1335075.63
SAUD,2025-01-16,12.22,12.22,12.09,12.16,1,0.12,-1,107791,1312638.88
SAUD,2025-01-15,12.21,12.21,11.97,12.04,0.08,0.01,-1,180457,2177630
SAUD,2025-01-14,12.15,12.15,11.65,12.03,1.01,0.12,-1,125999,1498942.38
SAUD,2025-01-13,12.49,12.49,11.73,11.91,-2.19,-0.27,-1,219344,2675526.25
SAUD,2025-01-12,12.48,12.48,12.29,12.32,-1.12,-0.14,-1,203580,2513314.5
SAUD,2025-01-09,12.7,12.7,12.4,12.46,-0.64,-0.08,-1,267956,3341569.75
SAUD,2025-01-08,12.82,12.82,12.52,12.54,-1.8,-0.23,-1,155942,1964529.5
SAUD,2025-01-06,13,13,12.7,12.77,-0.23,-0.03,-1,150833,1926230.38
SAUD,2025-01-05,13.18,13.18,12.75,12.83,-1.46,-0.19,-1,170039,2193167.25
SAUD,2025-01-02,13.07,13.07,12.75,13.02,2.11,0.27,-1,155197,2002313.75
SAUD,2024-12-31,12.81,12.81,12.45,12.8,2.4,0.3,-1,197708,2502486
SAUD,2024-12-30,12.64,12.64,12.46,12.5,-0.48,-0.06,-1,112243,1404516
SAUD,2024-12-29,12.79,12.79,12.56,12.56,-1.1,-0.14,-1,108519,1368372.38
SAUD,2024-12-26,12.9,12.9,12.7,12.7,-0.78,-0.1,-1,141121,1799819.25
SAUD,2024-12-25,12.97,12.97,12.8,12.8,-0.08,-0.01,-1,203627,2613650.5
SAUD,2024-12-24,13.05,13.05,12.8,12.81,-0.39,-0.05,-1,194051,2495181.75
SAUD,2024-12-23,13.15,13.15,12.89,12.9,-0.85,-0.11,-1,92714,1203005.5
SAUD,2024-12-22,13.25,13.25,13,13.01,0.15,0.02,-1,70314,916185.81
SAUD,2024-12-19,13.05,13.05,12.6,12.99,-1.07,-0.14,-1,318777,4120358.75
SAUD,2024-12-18,13.35,13.35,13,13.14,-0.98,-0.13,-1,344279,4518185.5
SAUD,2024-12-17,13.6,13.6,13.2,13.27,-1.7,-0.23,-1,356897,4745864.5
SAUD,2024-12-16,13.67,13.67,13.45,13.5,0.75,0.1,-1,670318,9099535
SAUD,2024-12-15,13.5,13.5,13.3,13.4,-0.07,-0.01,-1,8223052,110186680
SAUD,2024-12-12,13.64,13.64,13.37,13.41,-0.37,-0.05,-1,278343,3750844.25
SAUD,2024-12-11,13.72,13.72,13.47,13.54,-0.15,-0.02,-1,370802,5025208
SAUD,2024-12-10,14.28,14.28,13.5,13.56,-3.35,-0.47,-1,917834,12660285
SAUD,2024-12-09,14.45,14.45,14.02,14.03,0.07,0.01,-1,1956705,27830238
SAUD,2024-12-08,14.15,14.15,13.86,14.02,0.65,0.09,-1,580261,8133505
SAUD,2024-12-05,14.03,14.03,13.51,13.93,2.72,0.37,-1,762758,10575071
SAUD,2024-12-04,13.62,13.62,13.42,13.61,1.42,0.19,-1,261926,3549201
SAUD,2024-12-03,13.61,13.61,13.41,13.42,-1.25,-0.17,-1,266037,3598806.5
SAUD,2024-12-02,13.64,13.64,13.3,13.59,2.18,0.29,-1,312339,4218279
SAUD,2024-12-01,13.45,13.45,13.25,13.3,1.29,0.17,-1,314869,4203156.5
SAUD,2024-11-28,13.39,13.39,12.91,13.13,-0.53,-0.07,-1,454484,5958294
SAUD,2024-11-27,13.73,13.73,13.04,13.2,-2.65,-0.36,-1,511722,6820355.5
SAUD,2024-11-26,13.9,13.9,13.52,13.56,-1.09,-0.15,-1,509140,6959164
SAUD,2024-11-25,14.19,14.19,13.7,13.71,-1.72,-0.24,-1,496169,6874091.5
SAUD,2024-11-24,14.35,14.35,13.94,13.95,-1.55,-0.22,-1,866740,12262817
SAUD,2024-11-21,14.33,14.33,13.95,14.17,0,0,-1,731229,10366990
SAUD,2024-11-20,14.42,14.42,14.05,14.17,1.21,0.17,-1,1838799,26084306
SAUD,2024-11-19,14.27,14.27,13.85,14,-1.06,-0.15,-1,1201082,16844348
SAUD,2024-11-18,14.49,14.49,14.05,14.15,1.07,0.15,-1,1977604,28195530
SAUD,2024-11-17,14.15,14.15,13.93,14,0.14,0.02,-1,1175849,16485260
SAUD,2024-11-14,14.25,14.25,13.94,13.98,0,0,-1,1699681,23923854
SAUD,2024-11-13,14.3,14.3,13.88,13.98,0.29,0.04,-1,1776392,25111606
SAUD,2024-11-12,13.94,13.94,13.46,13.94,3.26,0.44,-1,1101459,15099289
SAUD,2024-11-11,13.73,13.73,13.46,13.5,-0.74,-0.1,-1,897264,12136250
SAUD,2024-11-10,13.8,13.8,13.5,13.6,1.19,0.16,-1,583049,7944178.5
SAUD,2024-11-07,13.75,13.75,13.43,13.44,-0.52,-0.07,-1,652509,8852355
SAUD,2024-11-06,13.85,13.85,13.46,13.51,-0.73,-0.1,-1,424932,5787571
SAUD,2024-11-05,14.35,14.35,13.58,13.61,-1.38,-0.19,-1,577607,7935008
SAUD,2024-11-04,14.27,14.27,13.7,13.8,-1.43,-0.2,-1,398550,5561334
SAUD,2024-11-03,14.8,14.8,13.97,14,0.65,0.09,-1,1297587,18597834
SAUD,2024-10-31,14.24,14.24,13.11,13.91,5.38,0.71,-1,631645,8748258
SAUD,2024-10-30,13.75,13.75,13.11,13.2,-1.35,-0.18,-1,251743,3367264.25
SAUD,2024-10-29,13.78,13.78,13.26,13.38,-1.91,-0.26,-1,389051,5235470
SAUD,2024-10-28,14.29,14.29,13.6,13.64,-2.01,-0.28,-1,476386,6613580.5
SAUD,2024-10-27,14.23,14.23,13.74,13.92,0.65,0.09,-1,317128,4403990.5
SAUD,2024-10-24,14.59,14.59,13.56,13.91,2.57,0.35,-1,564081,7915427
SAUD,2024-10-23,14.13,14.13,13.6,13.6,-2.72,-0.38,-1,350832,4845250
SAUD,2024-10-22,14.2,14.2,13.29,13.98,5.19,0.69,-1,1447894,20163650
SAUD,2024-10-21,13.39,13.39,12.76,13.29,1.6,0.21,-1,568783,7408556
SAUD,2024-10-20,13.39,13.39,12.7,13.11,1.71,0.22,-1,987711,12787098
SAUD,2024-10-17,13,13,12.5,12.89,2.3,0.29,-1,1235455,15840059
SAUD,2024-10-16,12.63,12.63,12.11,12.6,3.45,0.42,-1,1479128,18442596
SAUD,2024-10-15,12.27,12.27,12.02,12.18,0.5,0.06,-1,360879,4396524
SAUD,2024-10-14,12.23,12.23,11.73,12.12,1.17,0.14,-1,323773,3895895.5
SAUD,2024-10-13,12.35,12.35,11.87,11.98,-1.56,-0.19,-1,418879,5086612
SAUD,2024-10-10,12.66,12.66,12.05,12.17,-0.9,-0.11,-1,540992,6671052.5
SAUD,2024-10-09,12.4,12.4,12.06,12.28,-0.81,-0.1,-1,308358,3782152.75
SAUD,2024-10-08,12.6,12.6,11.7,12.38,1.23,0.15,-1,831477,10114678
SAUD,2024-10-07,12.35,12.35,12.1,12.23,1.76,0.21,-1,1184680,14475884
SAUD,2024-10-03,11.98,11.98,11.4,11.94,4.74,0.54,-1,976585,11537942
SAUD,2024-10-02,11.77,11.77,11.39,11.4,-3.14,-0.37,-1,661735,7643626.5
SAUD,2024-10-01,11.92,11.92,11.71,11.77,-0.25,-0.03,-1,299740,3535427.75
SAUD,2024-09-30,12.13,12.13,11.73,11.8,-0.51,-0.06,-1,975096,11597611
SAUD,2024-09-29,12.1,12.1,11.47,11.86,4.04,0.46,-1,2237062,26538702
SAUD,2024-09-26,11.53,11.53,11.2,11.4,1.79,0.2,-1,902875,10317594
SAUD,2024-09-25,11.49,11.49,11.14,11.2,0,0,-1,615011,6949940.5
SAUD,2024-09-24,11.29,11.29,11.17,11.2,0,0,-1,246904,2765287.75
SAUD,2024-09-23,11.3,11.3,11.12,11.2,0.72,0.08,-1,416569,4672199
SAUD,2024-09-22,11.25,11.25,11.11,11.12,0.36,0.04,-1,268754,2993804
SAUD,2024-09-19,11.3,11.3,11.07,11.08,-0.27,-0.03,-1,236528,2633092.25
SAUD,2024-09-18,11.2,11.2,11.07,11.11,0.45,0.05,-1,76276,848967.56
SAUD,2024-09-17,11.4,11.4,11.04,11.11,-1.07,-0.12,-1,352062,3933082.75
SAUD,2024-09-16,11.74,11.74,11.22,11.22,-1.15,-0.13,-1,527162,6032056.5
SAUD,2024-09-12,11.7,11.7,11.3,11.35,0.71,0.08,-1,647221,7454918
SAUD,2024-09-11,11.3,11.3,11.05,11.27,1.35,0.15,-1,230429,2579306.75
SAUD,2024-09-10,11.2,11.2,11.04,11.12,-0.45,-0.05,-1,81609,906237.5
SAUD,2024-09-09,11.2,11.2,11.07,11.12,0.18,0.02,-1,57619,641226.94
SAUD,2024-09-08,11.3,11.3,11.05,11.06,-1.6,-0.18,-1,163412,1820473.38
SAUD,2024-09-05,11.3,11.3,11.13,11.24,0.81,0.09,-1,108183,1216745.5
SAUD,2024-09-04,11.33,11.33,11.11,11.15,-0.09,-0.01,-1,66596,744498.44
SAUD,2024-09-03,11.34,11.34,11.14,11.18,0.71,0.08,-1,126670,1419137.38
SAUD,2024-09-02,11.45,11.45,11.14,11.19,0,0,-1,167598,1895970.13
SAUD,2024-09-01,11.3,11.3,11.04,11.2,1.27,0.14,-1,112444,1260362.5
SAUD,2024-08-29,11.3,11.3,11.03,11.06,0.45,0.05,-1,160599,1787845.98
SAUD,2024-08-28,11.24,11.24,11,11.01,-1.34,-0.15,-1,221399,2455719.75
SAUD,2024-08-27,11.23,11.23,11.05,11.17,0.45,0.05,-1,82654,920590.56
SAUD,2024-08-26,11.3,11.3,11.05,11.08,-2.3,-0.26,-1,314820,3512648.5
SAUD,2024-08-25,11.43,11.43,11.26,11.31,-0.18,-0.02,-1,135134,1528657.13
SAUD,2024-08-22,11.49,11.49,11.24,11.28,-0.35,-0.04,-1,373720,4247768.5
SAUD,2024-08-21,11.7,11.7,10.99,11.32,3.1,0.34,-1,1121828,12658808
SAUD,2024-08-20,11,11,10.61,10.98,2.81,0.3,-1,262091,2851191.5
SAUD,2024-08-19,10.72,10.72,10.52,10.68,0.85,0.09,-1,135976,1445131.13
SAUD,2024-08-18,10.8,10.8,10.55,10.59,-0.38,-0.04,-1,137296,1458949.88
SAUD,2024-08-15,10.8,10.8,10.61,10.64,-0.84,-0.09,-1,91478,976643.38
SAUD,2024-08-14,10.89,10.89,10.65,10.73,-0.75,-0.08,-1,27280,293228.84
SAUD,2024-08-13,10.97,10.97,10.65,10.73,-0.56,-0.06,-1,193170,2098687.5
SAUD,2024-08-12,10.97,10.97,10.54,10.77,1.68,0.18,-1,236046,2547860.5
SAUD,2024-08-11,10.8,10.8,10.36,10.7,4.05,0.42,-1,84577,893190.25
SAUD,2024-08-08,10.5,10.5,10.27,10.38,1.06,0.11,-1,100037,1033748
SAUD,2024-08-07,10.5,10.5,10.21,10.39,1.86,0.19,-1,153169,1574361
SAUD,2024-08-06,10.29,10.29,10.16,10.2,1.29,0.13,-1,115174,1175800.25
SAUD,2024-08-05,10.45,10.45,10,10.07,-3.14,-0.33,-1,541519,5462567.5
SAUD,2024-08-04,10.86,10.86,10.43,10.5,-3.31,-0.36,-1,139720,1473453.75
SAUD,2024-08-01,11.1,11.1,10.82,10.86,-1.09,-0.12,-1,192988,2116405.25
SAUD,2024-07-31,11.26,11.26,10.9,10.98,-0.81,-0.09,-1,330051,3661256
SAUD,2024-07-30,11.17,11.17,10.81,11.07,1.2,0.13,-1,112457,1237904.75
SAUD,2024-07-29,11.1,11.1,10.81,10.82,-1.73,-0.19,-1,279482,3035402.25
SAUD,2024-07-28,11.24,11.24,10.97,11.01,-0.9,-0.1,-1,94655,1047718.06
SAUD,2024-07-24,11.37,11.37,11.1,11.11,1.92,0.21,-1,522111,5859494
SAUD,2024-07-23,10.97,10.97,10.72,10.93,1.49,0.16,-1,143778,1567976.88
SAUD,2024-07-22,10.98,10.98,10.74,10.77,0.56,0.06,-1,136702,1483700.88
SAUD,2024-07-21,10.75,10.75,10.63,10.7,1.13,0.12,-1,80373,860116.19
SAUD,2024-07-18,10.75,10.75,10.54,10.63,0.76,0.08,-1,74950,799102.56
SAUD,2024-07-17,10.6,10.6,10.45,10.55,0,0,-1,57579,607204.13
SAUD,2024-07-16,10.6,10.6,10.45,10.49,-0.28,-0.03,-1,50014,524448.19
SAUD,2024-07-15,10.7,10.7,10.5,10.53,-0.75,-0.08,-1,63327,668369.19
SAUD,2024-07-14,10.7,10.7,10.01,10.61,0.57,0.06,-1,365342,3850717
SAUD,2024-07-10,10.8,10.8,10.51,10.55,-1.49,-0.16,-1,188104,1989095.13
SAUD,2024-07-09,10.98,10.98,10.66,10.71,2.1,0.22,-1,495197,5365308
SAUD,2024-07-08,10.65,10.65,10.4,10.49,0.19,0.02,-1,196919,2070580.13
SAUD,2024-07-07,10.58,10.58,10.37,10.47,0.77,0.08,-1,109967,1151923
SAUD,2024-07-04,10.55,10.55,10.32,10.37,-0.48,-0.05,-1,155175,1620438.25
SAUD,2024-07-03,10.68,10.68,10.4,10.42,-0.86,-0.09,-1,165402,1734699.38
SAUD,2024-07-02,10.8,10.8,10.5,10.51,-2.05,-0.22,-1,226613,2407400.5
SAUD,2024-07-01,10.83,10.83,10.57,10.73,1.71,0.18,-1,289632,3092564
SAUD,2024-06-27,10.92,10.92,10.25,10.55,3.63,0.37,-1,1389689,14761723
SAUD,2024-06-26,10.25,10.25,10.16,10.18,-0.2,-0.02,-1,380861,3889943.25
SAUD,2024-06-25,10.21,10.21,10.1,10.2,0.29,0.03,-1,271151,2753783
SAUD,2024-06-24,10.33,10.33,10.13,10.17,0.2,0.02,-1,623262,6362426
SAUD,2024-06-23,10.36,10.36,10.1,10.14,0.5,0.05,-1,764950,7774444
SAUD,2024-06-13,10.35,10.35,9.97,10.09,-1.66,-0.17,-1,1202215,12101072
SAUD,2024-06-12,10.5,10.5,10.24,10.26,0.19,0.02,-1,204057,2116848
SAUD,2024-06-11,10.58,10.58,10.26,10.28,-0.19,-0.02,-1,355643,3665421.25
SAUD,2024-06-10,10.6,10.6,10.29,10.3,-1.15,-0.12,-1,203877,2106528.75
SAUD,2024-06-09,10.7,10.7,10.32,10.44,-2.43,-0.26,-1,107637,1131630.88
SAUD,2024-06-06,11.2,11.2,10.62,10.7,-1.92,-0.21,-1,92413,999777.19
SAUD,2024-06-05,11.3,11.3,10.79,10.91,-3.45,-0.39,-1,141934,1557770.38
SAUD,2024-06-04,11.54,11.54,11.17,11.3,0.27,0.03,-1,115148,1310663.63
SAUD,2024-06-03,11.35,11.35,10.84,11.27,1.18,0.13,-1,58015,653855.13
SAUD,2024-06-02,11.5,11.5,10.77,11.04,0.91,0.1,-1,262892,2939393.25
SAUD,2024-05-30,11.05,11.05,10.68,10.94,2.15,0.23,-1,180245,1974675.63
SAUD,2024-05-29,10.73,10.73,10.66,10.71,0.28,0.03,-1,49853,533967.81
SAUD,2024-05-28,10.78,10.78,10.65,10.69,-0.09,-0.01,-1,54330,581390.19
SAUD,2024-05-27,10.88,10.88,10.66,10.7,-1.3,-0.14,-1,97194,1047156.63
SAUD,2024-05-26,10.9,10.9,10.72,10.8,-0.46,-0.05,-1,75249,813365.69
SAUD,2024-05-23,10.99,10.99,10.73,10.85,0.46,0.05,-1,73899,800334.5
SAUD,2024-05-22,11,11,10.71,10.81,-1.1,-0.12,-1,67423,728245.25
SAUD,2024-05-21,11.13,11.13,10.87,10.92,-2.16,-0.24,-1,97390,1067365.38
SAUD,2024-05-20,11.29,11.29,10.95,11.11,0.54,0.06,-1,41337,459304.09
SAUD,2024-05-19,11.22,11.22,10.73,11.05,4.22,0.45,-1,87536,956791.63
SAUD,2024-05-16,10.84,10.84,10.6,10.67,0.56,0.06,-1,87742,935578.25
SAUD,2024-05-15,10.84,10.84,10.61,10.7,-0.56,-0.06,-1,30449,325805.28
SAUD,2024-05-14,10.9,10.9,10.63,10.76,-0.19,-0.02,-1,48701,524376.25
SAUD,2024-05-13,10.95,10.95,10.6,10.72,-1.83,-0.2,-1,54814,588071.81
SAUD,2024-05-12,11.21,11.21,10.9,10.92,-0.73,-0.08,-1,36393,398744.34
SAUD,2024-05-09,11.24,11.24,10.91,10.98,-2.4,-0.27,-1,48830,538843.25
SAUD,2024-05-08,11.36,11.36,11.07,11.27,0.18,0.02,-1,66852,752488.19
SAUD,2024-05-07,11.3,11.3,11.04,11.22,0.54,0.06,-1,88302,990602.19
SAUD,2024-05-02,11.29,11.29,10.83,11.16,2.97,0.32,-1,119002,1318038.13
SAUD,2024-05-01,11.1,11.1,10.65,10.79,0.27,0.03,-1,61429,665411.81
SAUD,2024-04-30,11.4,11.4,10.9,10.95,-3.71,-0.42,-1,91845,1025595.63
SAUD,2024-04-29,11.38,11.38,11.02,11.32,2.34,0.26,-1,384277,4287740.5
SAUD,2024-04-28,11.49,11.49,10.55,11.12,-3.59,-0.41,-1,115780,1273244.25
SAUD,2024-04-24,11.69,11.69,11.23,11.43,-3.85,-0.45,-1,113515,1295075
SAUD,2024-04-23,12.1,12.1,11.5,11.69,-3.23,-0.39,-1,61466,726319.44
SAUD,2024-04-22,12.39,12.39,11.98,12.08,-1.32,-0.16,-1,39441,479335.34
SAUD,2024-04-21,12.39,12.39,11.82,12.16,2.25,0.27,-1,85783,1036647.94
SAUD,2024-04-18,12.49,12.49,11.81,11.99,-3.46,-0.43,-1,141356,1702219.25
SAUD,2024-04-17,12.48,12.48,12.25,12.42,0.57,0.07,-1,74821,927276.19
SAUD,2024-04-16,12.57,12.57,11.81,12.27,3.18,0.38,-1,212220,2618749.75
SAUD,2024-04-15,11.97,11.97,11.76,11.94,1.79,0.21,-1,58823,700198.81
SAUD,2024-04-08,11.87,11.87,11.68,11.73,-0.09,-0.01,-1,78441,922937.19
SAUD,2024-04-07,11.87,11.87,11.62,11.74,0.77,0.09,-1,42574,499835.53
SAUD,2024-04-04,11.75,11.75,11.44,11.65,1.04,0.12,-1,141818,1656814
SAUD,2024-04-03,11.67,11.67,11.44,11.53,0.35,0.04,-1,34785,401142.22
SAUD,2024-04-02,11.86,11.86,11.4,11.49,0.79,0.09,-1,76439,882417
SAUD,2024-04-01,11.57,11.57,11.11,11.35,-0.96,-0.11,-1,136248,1554524.13
SAUD,2024-03-31,11.9,11.9,11.2,11.41,-2.14,-0.25,-1,78778,910263.44
SAUD,2024-03-28,12.13,12.13,11.57,11.67,-1.67,-0.2,-1,103584,1220239.88
SAUD,2024-03-27,12.3,12.3,11.96,12,-3.15,-0.39,-1,97183,1172143.13
SAUD,2024-03-26,12.5,12.5,12.33,12.39,0.41,0.05,-1,115190,1429360.63
SAUD,2024-03-25,12.44,12.44,12.07,12.34,0.97,0.12,-1,136533,1678947.25
SAUD,2024-03-24,12.86,12.86,12.26,12.32,-2.05,-0.26,-1,496161,6192660
SAUD,2024-03-21,12.9,12.9,12.25,12.7,6.14,0.74,-1,150994,1884061.25
SAUD,2024-03-20,12.6,12.6,12,12.06,0.41,0.05,-1,333436,4065252.5
SAUD,2024-03-19,12.6,12.6,11.66,12.09,-3.9,-0.49,-1,215239,2594530.75
SAUD,2024-03-18,14.26,14.26,11.5,12.58,-11.97,-1.71,-1,721546,9331775
SAUD,2024-03-17,15.08,15.08,14.25,14.29,-2.86,-0.42,-1,201309,2944586.5
SAUD,2024-03-14,15,15,14.15,14.71,0.89,0.13,-1,189767,2767213.5
SAUD,2024-03-13,16.48,16.48,14.31,14.58,-7.72,-1.22,-1,308272,4619405.5
SAUD,2024-03-12,17.39,17.39,15.5,15.8,-1.53,-0.25,-1,323022,5319268.5
SAUD,2024-03-11,17.7,17.7,16,16.35,2.06,0.33,-1,1166312,19730372
SAUD,2024-03-10,16.19,16.19,15.41,16.02,4.71,0.72,-1,344318,5459775.5
SAUD,2024-03-07,15.79,15.79,15.05,15.3,2.33,0.35,-1,308528,4786684.5
SAUD,2024-03-06,16.45,16.45,14.66,15.05,2.66,0.39,-1,626132,9861157
SAUD,2024-03-05,14.76,14.76,14.31,14.66,1.95,0.28,-1,29369,429580.41
SAUD,2024-03-04,14.99,14.99,14.03,14.38,3.38,0.47,-1,126754,1832603
SAUD,2024-03-03,14.44,14.44,13.8,13.91,-1.07,-0.15,-1,89922,1264212.13
SAUD,2024-02-29,14.5,14.5,14.04,14.06,-3.44,-0.5,-1,229966,3260605
SAUD,2024-02-28,14.75,14.75,14.4,14.54,-1.97,-0.29,-1,39107,568995.5
SAUD,2024-02-27,14.99,14.99,14.41,14.69,-0.41,-0.06,-1,121163,1775429
SAUD,2024-02-26,15,15,14.37,14.81,0.96,0.14,-1,83432,1237968.38
SAUD,2024-02-25,15.6,15.6,14.13,14.54,-4.05,-0.62,-1,147990,2198063.5
SAUD,2024-02-22,15.59,15.59,15.2,15.32,-1.23,-0.19,-1,52191,802769.19
SAUD,2024-02-21,15.79,15.79,15.42,15.51,-1.53,-0.24,-1,98016,1530749.75
SAUD,2024-02-20,15.75,15.75,15.55,15.66,-0.32,-0.05,-1,153867,2415973.75
SAUD,2024-02-19,15.77,15.77,15.48,15.6,0.52,0.08,-1,140598,2194655
SAUD,2024-02-18,15.66,15.66,14.9,15.52,-0.58,-0.09,-1,35143,541222.75
SAUD,2024-02-15,15.6,15.6,15.27,15.43,1.05,0.16,-1,39078,602568.25
SAUD,2024-02-14,15.3,15.3,14.82,15.27,1.8,0.27,-1,157386,2395921.75
SAUD,2024-02-13,15.03,15.03,14.51,15,1.08,0.16,-1,175591,2631593.25
SAUD,2024-02-12,15.15,15.15,14.7,14.84,-1.13,-0.17,-1,75881,1128234.25
SAUD,2024-02-11,15.19,15.19,14.78,15.01,0.07,0.01,-1,134646,2010281.75
SAUD,2024-02-08,15.1,15.1,14.5,15,3.45,0.5,-1,145699,2171300.75
SAUD,2024-02-07,14.97,14.97,13.6,14.5,-3.07,-0.46,-1,207158,2998307.25
SAUD,2024-02-06,15.58,15.58,13.32,14.96,-2.35,-0.36,-1,522021,7521527.5
SAUD,2024-02-05,15.56,15.56,15.1,15.34,-1.36,-0.21,-1,124768,1927323
SAUD,2024-02-04,15.75,15.75,13.77,15.46,-1.28,-0.2,-1,176165,2690683
SAUD,2024-02-01,15.7,15.7,14.32,15.66,3.64,0.55,-1,284581,4389353.5
SAUD,2024-01-31,16.25,16.25,15,15.11,-6.84,-1.11,-1,381827,6001206
SAUD,2024-01-30,16.3,16.3,15.55,16.22,2.21,0.35,-1,382840,6113700.5
SAUD,2024-01-29,15.9,15.9,15.17,15.87,6.15,0.92,-1,503395,7880357
SAUD,2024-01-28,15.9,15.9,13.5,14.95,-6.56,-1.05,-1,329760,5113468
SAUD,2024-01-24,16,16,15.2,16,3.83,0.59,-1,296207,4658943
SAUD,2024-01-23,16.2,16.2,15.26,15.41,-0.45,-0.07,-1,437533,6880963.5
SAUD,2024-01-22,16,16,15,15.48,-1.58,-0.25,-1,316807,4916896
SAUD,2024-01-21,16.49,16.49,15.02,15.82,3.74,0.57,-1,403207,6408588
SAUD,2024-01-18,15.3,15.3,14.16,15.25,5.54,0.8,-1,479392,7115395
SAUD,2024-01-17,14.92,14.92,13.72,14.45,2.63,0.37,-1,671982,9774587
SAUD,2024-01-16,14.23,14.23,13.7,14.08,1.81,0.25,-1,417201,5823026.5
SAUD,2024-01-15,13.85,13.85,13.07,13.83,4.61,0.61,-1,548525,7395525
SAUD,2024-01-14,13.26,13.26,12.9,13.22,1.07,0.14,-1,323773,4239927.5
SAUD,2024-01-11,13.25,13.25,12.8,13.12,1.85,0.24,-1,154963,2022256.75
SAUD,2024-01-10,13.1,13.1,12.24,12.96,5.88,0.72,-1,332119,4277197.5
SAUD,2024-01-09,12.79,12.79,12.05,12.24,0.82,0.1,-1,162633,2019231
SAUD,2024-01-08,12.4,12.4,12.05,12.14,-0.08,-0.01,-1,77727,947243.56
SAUD,2024-01-04,12.25,12.25,11.66,12.11,14.39,1.54,-1,317982,3807337.75
SAUD,2024-01-03,12.29,12.29,9.9,10.7,-15.89,-1.87,-1,302628,3549221.75
SAUD,2024-01-02,11.85,11.85,11.51,11.77,2.96,0.34,-1,129114,1506414.75
SAUD,2023-12-31,11.7,11.7,11.48,11.5,-0.09,-0.01,-1,67271,776672.44
SAUD,2023-12-28,11.79,11.79,11.42,11.51,0,0,-1,114926,1334489
SAUD,2023-12-27,11.8,11.8,11.15,11.51,4.79,0.53,-1,273473,3168511.25
SAUD,2023-12-26,11.69,11.69,11,11.06,-3.11,-0.36,-1,415835,4673259
SAUD,2023-12-25,11.99,11.99,11.5,11.56,-1.7,-0.2,-1,183409,2128044.75
SAUD,2023-12-24,12.78,12.78,11.75,11.76,-5.01,-0.62,-1,131814,1593004.13
SAUD,2023-12-21,12.56,12.56,12.11,12.38,-2.33,-0.29,-1,89913,1114492.38
SAUD,2023-12-20,12.55,12.55,12.2,12.47,0.56,0.07,-1,50739,630188.25
SAUD,2023-12-19,12.66,12.66,12.3,12.4,-0.72,-0.09,-1,136141,1691214.13
SAUD,2023-12-18,12.79,12.79,12.4,12.48,1.63,0.2,-1,367791,4627673.5
SAUD,2023-12-17,12.36,12.36,11.61,12.28,4.51,0.53,-1,195908,2373513.25
SAUD,2023-12-14,11.94,11.94,11.7,11.75,1.79,0.21,-1,82165,969328.94
SAUD,2023-12-13,11.76,11.76,11.61,11.7,0,0,-1,100886,1180646.75
SAUD,2023-12-12,11.75,11.75,11.35,11.7,1.74,0.2,-1,665674,7780842.87
SAUD,2023-12-11,11.62,11.62,11.03,11.5,-0.95,-0.11,-1,252881,2897854.75
SAUD,2023-12-10,11.7,11.7,11.29,11.61,0.44,0.05,-1,160822,1864653.38
SAUD,2023-12-07,11.6,11.6,11.25,11.35,-1.05,-0.12,-1,66481,753530.06
SAUD,2023-12-06,11.84,11.84,11.4,11.47,-1.72,-0.2,-1,95525,1104664.13
SAUD,2023-12-05,11.77,11.77,11.58,11.65,1.2,0.14,-1,265357,3104779.25
SAUD,2023-12-04,11.75,11.75,11.5,11.63,0.69,0.08,-1,151022,1760945.88
SAUD,2023-12-03,11.74,11.74,11.41,11.62,1.75,0.2,-1,147388,1717619.63
SAUD,2023-11-30,11.65,11.65,11.31,11.46,-1.22,-0.14,-1,222274,2549858.25
SAUD,2023-11-29,11.7,11.7,11.4,11.5,-0.52,-0.06,-1,77775,896205.69
SAUD,2023-11-28,11.99,11.99,11.25,11.51,-0.86,-0.1,-1,162378,1880849.5
SAUD,2023-11-27,12.08,12.08,11.5,11.6,-0.26,-0.03,-1,364458,4314076
SAUD,2023-11-26,11.96,11.96,11.23,11.63,2.83,0.32,-1,347583,4039175.25
SAUD,2023-11-23,11.4,11.4,11.2,11.31,0.27,0.03,-1,121200,1368957
SAUD,2023-11-22,11.43,11.43,11.13,11.28,0,0,-1,110697,1242942.13
SAUD,2023-11-21,11.37,11.37,11,11.28,0.44,0.05,-1,139474,1558174.75
SAUD,2023-11-20,11.64,11.64,11.22,11.32,-1.65,-0.19,-1,106686,1220870.25
SAUD,2023-11-19,11.84,11.84,11.1,11.51,4.07,0.45,-1,488535,5614406.5
SAUD,2023-11-16,11.16,11.16,10.9,11.06,0.55,0.06,-1,216069,2384804.25
SAUD,2023-11-15,11.19,11.19,10.4,11,7.21,0.74,-1,922957,10036783
SAUD,2023-11-14,10.5,10.5,10.14,10.26,0.19,0.02,-1,278040,2872983.75
SAUD,2023-11-13,10.39,10.39,10.15,10.28,2.09,0.21,-1,173617,1781519.25
SAUD,2023-11-12,10.3,10.3,10.04,10.07,0,0,-1,187670,1898417.5
SAUD,2023-11-09,10.35,10.35,10.05,10.07,0.3,0.03,-1,215059,2190505.25
SAUD,2023-11-08,10.5,10.5,10,10.04,0,0,-1,559436,5739494.5
SAUD,2023-11-07,10.09,10.09,9.83,10.04,1.41,0.14,-1,183673,1836396.13
SAUD,2023-11-06,9.97,9.97,9.71,9.9,0.72,0.07,-1,75744,747666
SAUD,2023-11-05,9.9,9.9,9.7,9.76,0.41,0.04,-1,179893,1763308
SAUD,2023-11-02,10.08,10.08,9.61,9.72,-1.32,-0.13,-1,268162,2626362
SAUD,2023-11-01,10,10,9.5,9.85,-0.2,-0.02,-1,131339,1279731.63
SAUD,2023-10-31,10,10,9.75,9.87,-1.3,-0.13,-1,94509,933319.94
SAUD,2023-10-30,10.42,10.42,9.98,10,-1.96,-0.2,-1,304192,3072952.75
SAUD,2023-10-29,10.49,10.49,10.05,10.2,1.09,0.11,-1,173785,1775150.07
SAUD,2023-10-26,10.49,10.49,10,10.09,-2.61,-0.27,-1,420222,4278942.5
SAUD,2023-10-25,10.39,10.39,9.41,10.36,10.33,0.97,-1,973044,9777697
SAUD,2023-10-24,9.65,9.65,9.3,9.39,1.29,0.12,-1,342598,3253599.75
SAUD,2023-10-23,9.36,9.36,9.22,9.27,0.65,0.06,-1,70015,648746.75
SAUD,2023-10-22,9.37,9.37,9.15,9.21,0.22,0.02,-1,143580,1323718
SAUD,2023-10-19,9.52,9.52,9.2,9.24,-2.13,-0.2,-1,186769,1752984.88
SAUD,2023-10-18,9.6,9.6,9.07,9.4,1.85,0.17,-1,546094,5155080.5
SAUD,2023-10-17,9.24,9.24,8.82,9.2,2.56,0.23,-1,232225,2114890.5
SAUD,2023-10-16,9.25,9.25,8.72,8.97,2.16,0.19,-1,236359,2126928
SAUD,2023-10-15,8.88,8.88,8.71,8.78,1.62,0.14,-1,68574,603524.75
SAUD,2023-10-12,8.93,8.93,8.62,8.66,0,0,-1,31556,275387.91
SAUD,2023-10-11,8.9,8.9,8.62,8.66,0,0,-1,107997,941853.5
SAUD,2023-10-10,8.8,8.8,8.5,8.63,1.16,0.1,-1,31725,276503.69
SAUD,2023-10-09,8.88,8.88,8.5,8.63,0,0,-1,42848,368030.91
SAUD,2023-10-08,9.02,9.02,8.6,8.63,-2.92,-0.26,-1,107846,934456.75
SAUD,2023-10-04,9.1,9.1,8.81,8.89,-0.11,-0.01,-1,8631,76762.57
SAUD,2023-10-03,9.15,9.15,8.86,8.89,-1.66,-0.15,-1,62242,556093.63
SAUD,2023-10-02,9.2,9.2,9.01,9.04,-1.09,-0.1,-1,75680,686845.81
SAUD,2023-10-01,9.35,9.35,9,9.14,-1.08,-0.1,-1,80996,738709.69
SAUD,2023-09-27,9.35,9.35,9.1,9.24,-1.52,-0.14,-1,32207,295541.16
SAUD,2023-09-26,9.29,9.29,9.1,9.24,1.65,0.15,-1,172509,1590519.63
SAUD,2023-09-25,9.4,9.4,9.05,9.09,-0.66,-0.06,-1,264397,2409868.25
SAUD,2023-09-24,9.43,9.43,9,9.15,-2.44,-0.23,-1,133320,1227493.63
SAUD,2023-09-21,9.48,9.48,9.33,9.43,-0.85,-0.08,-1,20327,190560.56
SAUD,2023-09-20,9.5,9.5,9.3,9.43,-1.9,-0.18,-1,65777,619967.06
SAUD,2023-09-19,9.5,9.5,9.37,9.48,0.53,0.05,-1,90121,852217.69
SAUD,2023-09-18,9.49,9.49,9.27,9.43,0.74,0.07,-1,94202,884912.13
SAUD,2023-09-17,9.49,9.49,9.37,9.42,-0.11,-0.01,-1,59666,562853.81
SAUD,2023-09-14,9.44,9.44,9.25,9.41,0.32,0.03,-1,27558,258709.09
SAUD,2023-09-13,9.43,9.43,9.26,9.41,0.21,0.02,-1,67284,631670.56
SAUD,2023-09-12,9.41,9.41,9.2,9.4,0.21,0.02,-1,123196,1153766.75
SAUD,2023-09-11,9.4,9.4,9.21,9.38,1.41,0.13,-1,71585,668725.25
SAUD,2023-09-10,9.32,9.32,9.1,9.25,0,0,-1,25484,235438.22
SAUD,2023-09-07,9.32,9.32,9.12,9.25,0.11,0.01,-1,115152,1063245.38
SAUD,2023-09-06,9.41,9.41,9.1,9.24,-0.53,-0.05,-1,200519,1850931.88
SAUD,2023-09-05,9.41,9.41,9.23,9.39,0.97,0.09,-1,123781,1159382.75
SAUD,2023-09-04,9.4,9.4,9.2,9.3,-1.08,-0.1,-1,58989,548895.44
SAUD,2023-09-03,9.43,9.43,9.2,9.3,-0.85,-0.08,-1,63949,596653.56
SAUD,2023-08-31,9.4,9.4,9,9.38,0.11,0.01,-1,186564,1733735.5
SAUD,2023-08-30,9.39,9.39,9.2,9.37,1.19,0.11,-1,143494,1332332.38
SAUD,2023-08-29,9.44,9.44,9.12,9.28,0.86,0.08,-1,306182,2845584.5
SAUD,2023-08-28,9.31,9.31,8.9,9.29,2.09,0.19,-1,359319,3310040
SAUD,2023-08-27,9.1,9.1,8.7,9.1,2.59,0.23,-1,486103,4360979
SAUD,2023-08-24,8.89,8.89,8.6,8.87,1.85,0.16,-1,261641,2299038.25
SAUD,2023-08-23,8.74,8.74,8.54,8.65,0.12,0.01,-1,180031,1551387.63
SAUD,2023-08-22,8.7,8.7,8.43,8.68,1.64,0.14,-1,235281,2025671
SAUD,2023-08-21,8.59,8.59,8.37,8.54,1.06,0.09,-1,88327,753828.69
SAUD,2023-08-20,8.53,8.53,8.31,8.5,2.29,0.19,-1,242545,2052269.75
SAUD,2023-08-17,8.4,8.4,8.24,8.31,0.24,0.02,-1,76556,635725.5
SAUD,2023-08-16,8.44,8.44,8.31,8.36,-0.24,-0.02,-1,179690,1506100.38
SAUD,2023-08-15,8.4,8.4,8.28,8.38,0.12,0.01,-1,91100,759448.19
SAUD,2023-08-14,8.43,8.43,8.26,8.37,1.46,0.12,-1,51934,434836.56
SAUD,2023-08-13,8.38,8.38,8.17,8.22,1.46,0.12,-1,19234,159283.66
SAUD,2023-08-10,8.36,8.36,8.13,8.22,-1.56,-0.13,-1,960245,7887874
SAUD,2023-08-09,8.36,8.36,8.25,8.35,0.72,0.06,-1,102398,854218.81
SAUD,2023-08-08,8.3,8.3,8.2,8.29,0.48,0.04,-1,95070,787774.25
SAUD,2023-08-07,8.28,8.28,8.12,8.25,0.49,0.04,-1,68661,566116.56
SAUD,2023-08-06,8.22,8.22,8.12,8.16,0.37,0.03,-1,52116,425237.44
SAUD,2023-08-03,8.24,8.24,8.11,8.13,-1.46,-0.12,-1,36969,300675.84
SAUD,2023-08-02,8.26,8.26,8.12,8.24,1.73,0.14,-1,70889,581284.69
SAUD,2023-08-01,8.26,8.26,8.1,8.11,-0.37,-0.03,-1,334936,2714457
SAUD,2023-07-31,8.28,8.28,8.11,8.14,-2.17,-0.18,-1,66904,544712.38
SAUD,2023-07-30,8.29,8.29,8.1,8.29,-0.97,-0.08,-1,36534,299553.81
SAUD,2023-07-27,8.31,8.31,8.19,8.29,0,0,-1,100868,835023.88
SAUD,2023-07-26,8.3,8.3,8.06,8.3,1.22,0.1,-1,179439,1479163.5
SAUD,2023-07-25,8.24,8.24,8.08,8.2,0.99,0.08,-1,409911,3357221.5
SAUD,2023-07-24,8.36,8.36,8,8.12,1.88,0.15,-1,347365,2823429
SAUD,2023-07-19,8,8,7.91,7.97,0.25,0.02,-1,51753,411796.47
SAUD,2023-07-18,8.03,8.03,7.92,7.95,0.63,0.05,-1,71366,567371
SAUD,2023-07-17,8.04,8.04,7.91,7.95,0.63,0.05,-1,73378,584485.5
SAUD,2023-07-16,8.1,8.1,7.89,7.9,-0.63,-0.05,-1,127522,1009992.56
SAUD,2023-07-13,8.06,8.06,7.9,7.95,-0.75,-0.06,-1,166519,1331807.88
SAUD,2023-07-12,8.1,8.1,7.9,8.01,0,0,-1,21125,168067.91
SAUD,2023-07-11,8.07,8.07,7.84,8.01,1.52,0.12,-1,106031,847472.56
SAUD,2023-07-10,8,8,7.8,7.89,1.02,0.08,-1,96751,764545.56
SAUD,2023-07-09,8.2,8.2,7.79,7.81,-2.38,-0.19,-1,124992,986578.13
SAUD,2023-07-06,8.2,8.2,8,8,-0.62,-0.05,-1,203140,1632887
SAUD,2023-07-05,8.35,8.35,7.9,8.05,-3.01,-0.25,-1,710583,5672211.5
SAUD,2023-07-04,8.4,8.4,8.24,8.3,-0.84,-0.07,-1,69819,582180
SAUD,2023-06-26,8.4,8.4,8.26,8.37,0.48,0.04,-1,145519,1210140.13
SAUD,2023-06-25,8.4,8.4,8.25,8.36,0.6,0.05,-1,65544,546777.94
SAUD,2023-06-22,8.4,8.4,8.26,8.35,0.48,0.04,-1,78607,654940.44
SAUD,2023-06-21,8.49,8.49,8.27,8.31,0,0,-1,125033,1039697
SAUD,2023-06-20,8.57,8.57,8.28,8.31,0,0,-1,105102,876624.38
SAUD,2023-06-19,8.7,8.7,8.25,8.31,1.21,0.1,-1,356270,3021877.75
SAUD,2023-06-18,8.49,8.49,8.22,8.25,-1.08,-0.09,-1,88469,732153.75
SAUD,2023-06-15,8.5,8.5,8.23,8.34,-0.48,-0.04,-1,114112,951192.31
SAUD,2023-06-14,8.7,8.7,8.32,8.38,-1.53,-0.13,-1,244948,2078538.38
SAUD,2023-06-13,9,9,8.09,8.51,3.91,0.32,-1,1137909,9922600
SAUD,2023-06-12,8.25,8.25,8.07,8.19,-0.49,-0.04,-1,80792,661656.56
SAUD,2023-06-11,8.28,8.28,8.1,8.17,-1.58,-0.13,-1,60079,491604.53
SAUD,2023-06-08,8.27,8.27,7.97,8.24,3,0.24,-1,163275,1323825.5
SAUD,2023-06-07,8.2,8.2,7.98,8,-1.48,-0.12,-1,239382,1923929.13
SAUD,2023-06-06,8.13,8.13,8.03,8.12,0.74,0.06,-1,188076,1520638.13
SAUD,2023-06-05,8.35,8.35,8.02,8.06,-2.06,-0.17,-1,105397,857014.19
SAUD,2023-06-04,8.35,8.35,8.22,8.27,-0.84,-0.07,-1,68564,568177.63
SAUD,2023-06-01,8.5,8.5,8.22,8.29,-0.96,-0.08,-1,113159,943381.81
SAUD,2023-05-31,8.42,8.42,8.21,8.31,2.94,0.24,-1,458840,3822934.5
SAUD,2023-05-30,8.2,8.2,8.03,8.15,1.49,0.12,-1,237333,1924188.5
SAUD,2023-05-29,8.19,8.19,8,8.03,-0.99,-0.08,-1,197057,1585938.5
SAUD,2023-05-28,8.16,8.16,8,8.09,-0.62,-0.05,-1,100873,813257.31
SAUD,2023-05-25,8.1,8.1,7.95,8.09,1.38,0.11,-1,97161,783391.44
SAUD,2023-05-24,8.05,8.05,7.85,7.98,0.64,0.05,-1,57005,453880.94
SAUD,2023-05-23,7.96,7.96,7.82,7.87,0,0,-1,42368,333367.38
SAUD,2023-05-22,8,8,7.82,7.87,0,0,-1,63731,501833.53
SAUD,2023-05-21,8.05,8.05,7.87,7.87,0,0,-1,50073,396006.25
SAUD,2023-05-18,7.96,7.96,7.71,7.87,-0.64,-0.05,-1,94406,743961.88
SAUD,2023-05-17,8.15,8.15,7.81,7.86,-1.87,-0.15,-1,352598,2799277.25
SAUD,2023-05-16,8.25,8.25,7.96,8.01,-2.67,-0.22,-1,413298,3323621
SAUD,2023-05-15,8.79,8.79,8.12,8.23,-1.91,-0.16,-1,452487,3858832.5
SAUD,2023-05-14,8.4,8.4,7.91,8.39,4.61,0.37,-1,356244,2911080
SAUD,2023-05-11,8.11,8.11,8,8.02,-0.12,-0.01,-1,61983,496932.94
SAUD,2023-05-10,8.13,8.13,7.97,8.03,-0.62,-0.05,-1,38384,308287.66
SAUD,2023-05-09,8.15,8.15,8.02,8.06,-0.99,-0.08,-1,47046,379599.81
SAUD,2023-05-08,8.14,8.14,8,8.11,0.37,0.03,-1,141193,1139715
SAUD,2023-05-07,8.14,8.14,7.91,8.02,-0.12,-0.01,-1,63337,507199.78
SAUD,2023-05-03,8.25,8.25,7.98,8.03,-0.86,-0.07,-1,152265,1225808.88
SAUD,2023-05-02,8.29,8.29,8.05,8.1,0,0,-1,158803,1289109.13
SAUD,2023-05-01,8.47,8.47,8.1,8.17,-2.16,-0.18,-1,142381,1172055.29
SAUD,2023-04-30,8.63,8.63,8.3,8.35,-0.6,-0.05,-1,222490,1881028.83
SAUD,2023-04-27,8.48,8.48,8.21,8.4,1.69,0.14,-1,52266,435608.41
SAUD,2023-04-26,8.45,8.45,8.18,8.3,3.05,0.25,-1,116183,962658.06
SAUD,2023-04-19,8.3,8.3,8.15,8.2,0.86,0.07,-1,162012,1341054.25
SAUD,2023-04-18,8.29,8.29,7.94,8.13,1.5,0.12,-1,207600,1685484.63
SAUD,2023-04-13,8,8,7.91,7.98,-0.87,-0.07,-1,39827,318016.94
SAUD,2023-04-12,8.1,8.1,7.9,8.01,-0.5,-0.04,-1,114109,912317.63
SAUD,2023-04-11,8.1,8.1,7.9,8.05,1.63,0.13,-1,73877,592067.94
SAUD,2023-04-10,8.05,8.05,7.85,7.97,1.39,0.11,-1,125192,996813.31
SAUD,2023-04-09,8.05,8.05,7.85,7.89,-1.38,-0.11,-1,52695,416852.59
SAUD,2023-04-06,8.05,8.05,7.95,8,0.63,0.05,-1,118654,948885.63
SAUD,2023-04-05,8.1,8.1,7.95,7.98,0.76,0.06,-1,143855,1154387.88
SAUD,2023-04-04,8.04,8.04,7.8,7.92,1.14,0.09,-1,239493,1903335.13
SAUD,2023-04-03,7.96,7.96,7.6,7.91,3.13,0.24,-1,94815,739645.75
SAUD,2023-04-02,7.7,7.7,7.55,7.67,1.72,0.13,-1,124126,948894.69
SAUD,2023-03-30,7.65,7.65,7.5,7.54,-0.53,-0.04,-1,199647,1509155.5
SAUD,2023-03-29,7.63,7.63,7.5,7.59,0.94,0.07,-1,55714,422784.75
SAUD,2023-03-28,7.58,7.58,7.36,7.47,-0.13,-0.01,-1,44496,332308.16
SAUD,2023-03-27,7.66,7.66,7.5,7.51,-0.53,-0.04,-1,101905,768565.44
SAUD,2023-03-26,7.65,7.65,7.35,7.59,4.22,0.31,-1,115278,865477.75
SAUD,2023-03-23,7.45,7.45,7.3,7.34,0.82,0.06,-1,34860,257586.81
SAUD,2023-03-22,7.57,7.57,7.27,7.34,-1.34,-0.1,-1,145374,1074806.82
SAUD,2023-03-21,7.5,7.5,7.21,7.44,1.09,0.08,-1,82529,610651.13
SAUD,2023-03-20,7.44,7.44,7.15,7.35,2.94,0.21,-1,203467,1481605.75
SAUD,2023-03-19,7.47,7.47,7.1,7.14,-1.38,-0.1,-1,215418,1545757
SAUD,2023-03-16,7.48,7.48,7.15,7.24,-2.65,-0.2,-1,190181,1383854.5
SAUD,2023-03-15,8.06,8.06,7.3,7.55,-1.42,-0.11,-1,175207,1364123
SAUD,2023-03-14,7.89,7.89,7.15,7.76,0.64,0.05,-1,122105,922808.69
SAUD,2023-03-13,8.79,8.79,7.7,7.84,-11.11,-0.98,-1,974567,7985183.5
SAUD,2023-03-12,9.03,9.03,8.75,8.82,-2.67,-0.24,-1,348825,3095219
SAUD,2023-03-09,9.05,9.05,8.76,8.99,2.49,0.22,-1,99992,890077.75
SAUD,2023-03-08,8.85,8.85,8.64,8.83,0.68,0.06,-1,68488,600166.94
SAUD,2023-03-07,8.92,8.92,8.75,8.79,-1.01,-0.09,-1,122334,1079337.75
SAUD,2023-03-06,9,9,8.81,8.88,0.11,0.01,-1,122540,1089295
SAUD,2023-03-05,9.05,9.05,8.51,8.83,-1.23,-0.11,-1,239420,2140086.5
SAUD,2023-03-02,9.1,9.1,8.91,8.93,-0.33,-0.03,-1,137736,1235598.13
SAUD,2023-03-01,9.01,9.01,8.9,8.96,0.22,0.02,-1,246799,2212546
SAUD,2023-02-28,9.07,9.07,8.9,8.94,-0.22,-0.02,-1,196306,1756629.13
SAUD,2023-02-27,9.1,9.1,8.94,8.97,-0.99,-0.09,-1,176251,1589994
SAUD,2023-02-26,9.1,9.1,8.99,9.06,0.78,0.07,-1,153108,1384332.13
SAUD,2023-02-23,9.09,9.09,8.88,8.99,0.78,0.07,-1,295258,2643056.75
SAUD,2023-02-22,9.2,9.2,8.91,8.94,-0.45,-0.04,-1,280247,2521391
SAUD,2023-02-21,9.23,9.23,8.82,8.98,0.77,0.07,-1,481326,4316445.5
SAUD,2023-02-20,9.44,9.44,9,9.08,-1.2,-0.11,-1,550582,5069310
SAUD,2023-02-19,9.31,9.31,9.1,9.19,2.68,0.24,-1,515285,4765402.5
SAUD,2023-02-16,9.07,9.07,8.84,8.95,-0.67,-0.06,-1,162832,1456176.75
SAUD,2023-02-15,9.05,9.05,8.8,9.01,2.04,0.18,-1,282804,2532244.75
SAUD,2023-02-14,8.99,8.99,8.62,8.83,-0.56,-0.05,-1,340235,3001097
SAUD,2023-02-13,9.05,9.05,8.85,8.88,-1.67,-0.15,-1,127940,1140999.75
SAUD,2023-02-12,9.06,9.06,8.9,9,0.56,0.05,-1,94666,850558.38
SAUD,2023-02-09,9.09,9.09,8.82,8.95,3.3,0.29,-1,487280,4392964.5
SAUD,2023-02-08,9,9,8.8,8.8,-0.56,-0.05,-1,134041,1190676
SAUD,2023-02-07,9.15,9.15,8.79,8.85,0.11,0.01,-1,310789,2772541
SAUD,2023-02-06,9.18,9.18,8.8,8.97,3.07,0.27,-1,66491,594425.94
SAUD,2023-02-05,9.18,9.18,8.51,8.79,-2.44,-0.22,-1,80028,710877.5
SAUD,2023-02-02,9.3,9.3,8.97,9.02,-0.55,-0.05,-1,154754,1400349.75
SAUD,2023-02-01,9.43,9.43,8.94,9.05,-2.38,-0.22,-1,174540,1598246.13
SAUD,2023-01-31,9.77,9.77,9.07,9.23,-3.45,-0.33,-1,462457,4348187
SAUD,2023-01-30,9.86,9.86,9.31,9.56,-1.86,-0.18,-1,575312,5545366
SAUD,2023-01-29,9.75,9.75,9.23,9.68,4.88,0.45,-1,773504,7341907
SAUD,2023-01-25,9.3,9.3,9,9.23,2.67,0.24,-1,431453,3951107.25
SAUD,2023-01-24,9,9,8.75,8.99,2.04,0.18,-1,302449,2712065
SAUD,2023-01-23,9.05,9.05,8.71,8.82,-0.79,-0.07,-1,364709,3260752
SAUD,2023-01-22,8.91,8.91,8.5,8.89,4.34,0.37,-1,429324,3772282.75
SAUD,2023-01-19,8.64,8.64,8.43,8.52,0.82,0.07,-1,154492,1318457
SAUD,2023-01-18,8.65,8.65,8.41,8.51,-0.7,-0.06,-1,205763,1756032.75
SAUD,2023-01-17,8.65,8.65,8.46,8.52,-0.94,-0.08,-1,143815,1232578.38
SAUD,2023-01-16,8.71,8.71,8.45,8.55,0.24,0.02,-1,253294,2180586
SAUD,2023-01-15,8.69,8.69,8.35,8.49,1.56,0.13,-1,190094,1617334.25
SAUD,2023-01-12,8.6,8.6,8.31,8.36,-0.83,-0.07,-1,167389,1401147
SAUD,2023-01-11,8.94,8.94,8.2,8.45,2.92,0.24,-1,653346,5600454.5
SAUD,2023-01-10,8.39,8.39,8.19,8.21,-1.08,-0.09,-1,254246,2107867.75
SAUD,2023-01-09,8.55,8.55,8.25,8.3,-0.84,-0.07,-1,350636,2938222.75
SAUD,2023-01-05,8.5,8.5,8.3,8.34,-1.19,-0.1,-1,468569,3935065
SAUD,2023-01-04,8.48,8.48,8.1,8.43,0.96,0.08,-1,538493,4458933.5
SAUD,2023-01-03,8.48,8.48,8.33,8.35,-0.6,-0.05,-1,169462,1421325.13
SAUD,2023-01-02,8.52,8.52,8.26,8.4,1.69,0.14,-1,206091,1724769.63
SAUD,2022-12-29,8.37,8.37,8.22,8.26,-0.72,-0.06,-1,100154,826943
SAUD,2022-12-28,8.39,8.39,8.13,8.31,1.47,0.12,-1,174238,1435971.75
SAUD,2022-12-27,8.3,8.3,8.13,8.19,-0.49,-0.04,-1,105677,867689.38
SAUD,2022-12-26,8.28,8.28,8.06,8.23,1.23,0.1,-1,164818,1348166.5
SAUD,2022-12-25,8.35,8.35,8.05,8.15,-1.21,-0.1,-1,326287,2681090
SAUD,2022-12-22,8.55,8.55,8.21,8.25,-1.43,-0.12,-1,371738,3101369.25
SAUD,2022-12-21,8.6,8.6,8.34,8.37,-1.65,-0.14,-1,253034,2122287.5
SAUD,2022-12-20,8.99,8.99,8.43,8.49,-1.96,-0.17,-1,646274,5536899
SAUD,2022-12-19,9.08,9.08,8.55,8.66,-2.81,-0.25,-1,825827,7276677
SAUD,2022-12-18,9.1,9.1,8.46,8.91,5.69,0.48,-1,1969200,17371432
SAUD,2022-12-15,8.5,8.5,7.9,8.43,7.1,0.56,-1,2596682,21424180
SAUD,2022-12-14,8,8,7.84,7.89,-1,-0.08,-1,648031,5120607.5
SAUD,2022-12-13,8.05,8.05,7.9,7.97,1.27,0.1,-1,257368,2050921.25
SAUD,2022-12-12,7.93,7.93,7.55,7.85,-0.88,-0.07,-1,544883,4218500.5
SAUD,2022-12-11,8.15,8.15,7.77,7.92,-2.6,-0.21,-1,933073,7445151
SAUD,2022-12-08,8.25,8.25,7.9,8.07,-0.37,-0.03,-1,949709,7705147
SAUD,2022-12-07,8.34,8.34,7.73,8.1,8.14,0.61,-1,1229356,9984883
SAUD,2022-12-06,7.64,7.64,7.04,7.49,7.65,0.39,-1,1344901,9876677
SAUD,2022-12-05,7.11,7.11,6.96,7.1,1.94,0.14,-1,543363,3831072.25
SAUD,2022-12-04,7.03,7.03,6.89,6.96,1.49,0.1,-1,493874,3430235
SAUD,2022-12-01,6.92,6.92,6.77,6.86,0.64,0.04,-1,467326,3184918.75
SAUD,2022-11-30,6.92,6.92,6.75,6.82,1.03,0.07,-1,378692,2594671.75
SAUD,2022-11-29,6.8,6.8,6.56,6.75,2.44,0.18,-1,557514,3741643.75
SAUD,2022-11-28,6.74,6.74,6.44,6.57,0.5,0.03,-1,749287,4900590.5
SAUD,2022-11-27,6.56,6.56,6.39,6.54,2.23,0.16,-1,386385,2519183
SAUD,2022-11-24,6.54,6.54,6.33,6.38,0.11,0,-1,451794,2888683.25
SAUD,2022-11-23,6.53,6.53,6.33,6.38,-1.7,-0.05,-1,463563,2980888.5
SAUD,2022-11-22,6.89,6.89,6.42,6.43,1.96,0.12,-1,1687069,10990669
SAUD,2022-11-21,6.45,6.45,6.03,6.31,9.27,0.49,-1,364457,2283808
SAUD,2022-11-20,6.01,6.01,5.51,5.82,5.95,0.25,-1,220236,1271600.63
SAUD,2022-11-17,5.63,5.63,5.33,5.57,4.72,0.24,-1,205866,1132822.25
SAUD,2022-11-16,5.36,5.36,5.07,5.33,5.23,0.24,-1,187648,977739.31
SAUD,2022-11-15,5.09,5.09,5,5.09,-0.79,0,-1,21191,106786.86
SAUD,2022-11-14,5.1,5.1,4.93,5.09,3.55,0.16,-1,131821,671008.63
SAUD,2022-11-13,4.98,4.98,4.92,4.93,1.95,0.07,-1,233020,1150771.38
SAUD,2022-11-10,4.9,4.9,4.89,4.86,0.45,0,-1,5829,28535.24
SAUD,2022-11-09,4.92,4.92,4.78,4.86,-2.31,-0.03,-1,134577,656591.94
SAUD,2022-11-08,4.94,4.94,4.88,4.89,-0.22,-0.01,-1,239309,1176958
SAUD,2022-11-07,4.92,4.92,4.85,4.9,1.28,0.04,-1,252445,1236690.13
SAUD,2022-11-06,4.94,4.94,4.81,4.86,-1.33,-0.09,-1,82496,404825.22
SAUD,2022-11-03,5.06,5.06,4.94,4.95,-2.16,-0.1,-1,82877,411052.41
SAUD,2022-11-02,5.07,5.07,4.96,5.05,-1.8,0,-1,47174,235992.63
SAUD,2022-11-01,5.07,5.07,4.96,5.05,-1.8,0,-1,14063,70451.04
SAUD,2022-10-31,5.09,5.09,4.96,5.05,1.24,0.05,-1,65603,327324.03
SAUD,2022-10-30,5.07,5.07,4.99,5,0,0.01,-1,148587,747912.44
SAUD,2022-10-27,5.01,5.01,4.92,4.99,1.11,0.05,-1,333367,1659687
SAUD,2022-10-26,4.97,4.97,4.81,4.94,0.22,0.03,-1,305118,1504611.88
SAUD,2022-10-25,4.93,4.93,4.78,4.91,2.28,0.11,-1,279802,1366308.63
SAUD,2022-10-24,4.89,4.89,4.74,4.8,-0.53,-0.03,-1,288782,1387124.88
SAUD,2022-10-23,5.03,5.03,4.79,4.83,-2.74,-0.1,-1,118463,576075.13
SAUD,2022-10-20,5.06,5.06,4.82,4.93,2.58,0.13,-1,519970,2579826.25
SAUD,2022-10-19,4.82,4.82,4.74,4.8,2,0.07,-1,371454,1767411.25
SAUD,2022-10-18,4.79,4.79,4.74,4.73,1.39,0,-1,21668,103671
SAUD,2022-10-17,4.81,4.81,4.72,4.73,0.54,0,-1,61563,292902.22
SAUD,2022-10-16,4.81,4.81,4.71,4.73,0.69,0,-1,52657,249991.7
SAUD,2022-10-13,4.76,4.76,4.74,4.73,0.46,0,-1,54640,259122.27
SAUD,2022-10-12,4.78,4.78,4.71,4.73,-0.38,-0.02,-1,83478,395633.44
SAUD,2022-10-11,4.9,4.9,4.74,4.75,-0.61,-0.02,-1,102826,491334.81
SAUD,2022-10-10,4.9,4.9,4.75,4.77,0.61,0.03,-1,83009,398201.22
SAUD,2022-10-09,4.85,4.85,4.78,4.74,0.92,0,-1,29052,139998.67
SAUD,2022-10-05,4.9,4.9,4.76,4.74,0.69,0,-1,29579,143130.66
SAUD,2022-10-04,4.92,4.92,4.74,4.74,1.48,0.06,-1,591678,2869686
SAUD,2022-10-03,4.92,4.92,4.59,4.68,0.31,0.02,-1,14747568,69893232
SAUD,2022-10-02,4.68,4.68,4.56,4.66,-0.08,0,-1,225466,1046647.13
SAUD,2022-09-29,4.67,4.67,4.59,4.66,0.71,0.03,-1,73069,340041.96
SAUD,2022-09-28,4.7,4.7,4.58,4.63,1.68,0.08,-1,108251,502329.72
SAUD,2022-09-27,4.67,4.67,4.55,4.55,-0.24,-0.01,-1,71267,324879.88
SAUD,2022-09-26,4.68,4.68,4.54,4.56,0.32,0.04,-1,115978,540111.25
SAUD,2022-09-25,4.65,4.65,4.52,4.52,2.82,0,-1,19444,88717.01
SAUD,2022-09-22,4.66,4.66,4.5,4.52,-1.04,-0.05,-1,201516,916121.31
SAUD,2022-09-21,4.68,4.68,4.53,4.57,-3.04,-0.11,-1,97532,444342.84
SAUD,2022-09-20,4.7,4.7,4.52,4.68,3.54,0.14,-1,72822,335102.38
SAUD,2022-09-19,4.58,4.58,4.51,4.54,0.48,0,-1,35385,161471.63
SAUD,2022-09-18,4.61,4.61,4.52,4.54,-0.56,-0.02,-1,65894,300550.97
SAUD,2022-09-15,4.64,4.64,4.56,4.56,1.12,0,-1,47478,217761.55
SAUD,2022-09-14,4.69,4.69,4.51,4.56,-0.87,-0.04,-1,159320,726840.88
SAUD,2022-09-13,4.74,4.74,4.56,4.6,-2.4,-0.11,-1,291536,1353688.38
SAUD,2022-09-12,4.74,4.74,4.59,4.71,0.71,0.07,-1,310741,1464475
SAUD,2022-09-11,4.65,4.65,4.58,4.64,2.16,0.09,-1,89798,413902.72
SAUD,2022-09-08,4.58,4.58,4.53,4.55,0.89,0.03,-1,160464,729678.81
SAUD,2022-09-07,4.54,4.54,4.41,4.52,1.63,0.05,-1,212712,943280.56
SAUD,2022-09-06,4.47,4.47,4.43,4.47,0.82,0.04,-1,140189,623586.13
SAUD,2022-09-05,4.45,4.45,4.39,4.43,0.83,0.04,-1,207328,920826.56
SAUD,2022-09-04,4.45,4.45,4.32,4.39,1.24,0,-1,63450,280178.81
SAUD,2022-09-01,4.45,4.45,4.34,4.39,-0.33,-0.07,-1,116326,512495.19
SAUD,2022-08-31,4.47,4.47,4.45,4.46,0.08,0,-1,27294,121649.19
SAUD,2022-08-30,4.48,4.48,4.41,4.46,0.16,0.02,-1,156769,699951.31
SAUD,2022-08-29,4.51,4.51,4.43,4.44,0.41,0.02,-1,68132,305233.94
SAUD,2022-08-28,4.48,4.48,4.39,4.42,1.49,0,-1,45081,201505.5
SAUD,2022-08-25,4.52,4.52,4.45,4.42,0.74,0,-1,11997,53478.4
SAUD,2022-08-24,4.55,4.55,4.39,4.42,0.25,0.02,-1,81852,361708.81
SAUD,2022-08-23,4.47,4.47,4.38,4.4,-3.44,-0.16,-1,89756,395515.81
SAUD,2022-08-22,4.54,4.54,4.49,4.56,-1.52,0,-1,54695,246075.38
SAUD,2022-08-21,4.59,4.59,4.48,4.56,2.39,0.14,-1,207158,942300.69
SAUD,2022-08-18,4.5,4.5,4.38,4.42,0.83,0.04,-1,74194,329932.66
SAUD,2022-08-17,4.45,4.45,4.38,4.38,0.17,0,-1,4753,20819.13
SAUD,2022-08-16,4.53,4.53,4.33,4.38,-0.33,-0.01,-1,133861,586989.19
SAUD,2022-08-15,4.55,4.55,4.38,4.39,-0.41,0,-1,87507,384857.28
SAUD,2022-08-14,4.55,4.55,4.39,4.39,3.49,0,-1,31814,141714.14
SAUD,2022-08-11,4.41,4.41,4.38,4.39,0.84,0.03,-1,143936,630434.56
SAUD,2022-08-10,4.41,4.41,4.33,4.36,-0.59,0,-1,51941,225825.38
SAUD,2022-08-09,4.45,4.45,4.39,4.36,1.26,0,-1,45468,200459.16
SAUD,2022-08-08,4.38,4.38,4.31,4.36,-0.58,-0.02,-1,88190,385115.44
SAUD,2022-08-07,4.42,4.42,4.34,4.38,3.72,0.16,-1,171934,753062.75
SAUD,2022-08-04,4.42,4.42,4.3,4.22,4.67,0,-1,55208,239283.59
SAUD,2022-08-03,4.32,4.32,4.25,4.22,1.99,0,-1,18402,79230.25
SAUD,2022-08-02,4.3,4.3,4.21,4.22,1.99,0,-1,37344,157965.73
SAUD,2022-08-01,4.28,4.28,4.17,4.22,0.09,0.01,-1,102168,430753.72
SAUD,2022-07-31,4.22,4.22,4.17,4.21,-0.95,0,-1,61640,259557.39
SAUD,2022-07-28,4.28,4.28,4.14,4.21,0.43,0.02,-1,262058,1101684.88
SAUD,2022-07-27,4.19,4.19,4.17,4.19,0.17,0,-1,190657,797584.75
SAUD,2022-07-26,4.23,4.23,4.14,4.19,0.53,0.03,-1,153566,641818
SAUD,2022-07-25,4.19,4.19,4.12,4.16,-1.21,-0.05,-1,512698,2131256.75
SAUD,2022-07-24,4.21,4.21,4.16,4.21,1.49,0.06,-1,158566,659899.19
SAUD,2022-07-21,4.23,4.23,4.15,4.15,0,0,-1,46433,194430.89
SAUD,2022-07-20,4.19,4.19,4.02,4.15,5.36,0.21,-1,197506,819905.56
SAUD,2022-07-19,4.15,4.15,4.01,3.94,1.85,0,-1,11002,44481.14
SAUD,2022-07-18,4.14,4.14,4.05,3.94,3.05,0,-1,6322,25761.22
SAUD,2022-07-17,4.05,4.05,4.02,3.94,2.59,0,-1,21976,88768.44
SAUD,2022-07-07,4.12,4.12,4.01,3.94,1.66,0,-1,27094,109207.17
SAUD,2022-07-06,4,4,3.91,3.94,1.48,0,-1,17088,67431.82
SAUD,2022-07-05,3.96,3.96,3.94,3.94,0.28,0,-1,24510,96879.82
SAUD,2022-07-04,3.99,3.99,3.9,3.94,-0.92,0,-1,24653,97109.84
SAUD,2022-07-03,4.15,4.15,3.94,3.94,-1.73,-0.07,-1,148541,592088.38
SAUD,2022-06-29,4.13,4.13,4.01,4.01,1.73,0,-1,9795,39807.09
SAUD,2022-06-28,4.15,4.15,3.46,4.01,-3.42,-0.15,-1,88418,357367.84
SAUD,2022-06-27,4.12,4.12,4.09,4.16,-1.49,0,-1,60191,246434.67
SAUD,2022-06-26,4.25,4.25,4.08,4.16,-2.06,-0.09,-1,232400,968493.44
SAUD,2022-06-23,4.25,4.25,4.09,4.25,-3.77,0,-1,24960,104849.6
SAUD,2022-06-22,4.26,4.26,4.2,4.25,-0.51,0,-1,15697,66386.98
SAUD,2022-06-21,4.36,4.36,4.2,4.25,-6.26,-0.23,-1,87606,375739.91
SAUD,2022-06-20,4.46,4.46,4.31,4.48,0,0,-1,33995,147329.56
SAUD,2022-06-19,4.56,4.56,4.32,4.48,0,0,-1,62106,273204.22
SAUD,2022-06-16,4.65,4.65,4.38,4.48,-0.16,-0.01,-1,92447,414612.56
SAUD,2022-06-15,4.5,4.5,4.46,4.49,0,0,-1,229586,1028301.5
SAUD,2022-06-14,4.5,4.5,4.41,4.49,0,0,-1,55578,247841.28
SAUD,2022-06-13,4.52,4.52,4.44,4.49,0,0,-1,41466,185149.22
SAUD,2022-06-12,4.5,4.5,4.42,4.49,0.14,0,-1,5763,25731.2
SAUD,2022-06-09,4.54,4.54,4.4,4.49,2.14,0.09,-1,113158,502537.91
SAUD,2022-06-08,4.54,4.54,4.37,4.4,2.21,0,-1,27154,120554.61
SAUD,2022-06-07,4.45,4.45,4.36,4.4,1.76,0.08,-1,78769,345909.59
SAUD,2022-06-06,4.38,4.38,4.25,4.32,-3.04,-0.18,-1,109488,471145.78
SAUD,2022-06-05,4.49,4.49,4.35,4.5,-2.03,0,-1,42991,188793.86
SAUD,2022-06-02,4.47,4.47,4.38,4.5,-2.23,0,-1,43301,191841.55
SAUD,2022-06-01,4.55,4.55,4.4,4.5,-2.03,0,-1,28185,124462.19
SAUD,2022-05-31,4.52,4.52,4.4,4.5,-0.74,-0.03,-1,264568,1183225.25
SAUD,2022-05-30,4.54,4.54,4.5,4.53,0.2,0,-1,47155,212570.5
SAUD,2022-05-29,4.56,4.56,4.47,4.53,-0.27,0,-1,54459,247159.88
SAUD,2022-05-26,4.55,4.55,4.51,4.53,0,0,-1,64909,294651.13
SAUD,2022-05-25,4.57,4.57,4.53,4.53,-0.67,-0.03,-1,201812,920152.13
SAUD,2022-05-24,4.56,4.56,4.53,4.56,-0.67,0,-1,51639,235061
SAUD,2022-05-23,4.65,4.65,4.56,4.56,0,0,-1,148157,677965.94
SAUD,2022-05-22,4.65,4.65,4.56,4.56,0.6,0,-1,18240,83700.11
SAUD,2022-05-19,4.67,4.67,4.56,4.56,-2.98,-0.14,-1,205896,942919.38
SAUD,2022-05-18,4.68,4.68,4.59,4.7,-0.45,0,-1,47594,219893.84
SAUD,2022-05-17,4.72,4.72,4.62,4.7,-1.23,0,-1,26707,125250.54
SAUD,2022-05-16,4.7,4.7,4.59,4.7,0,0,-1,51689,241433.83
SAUD,2022-05-15,4.71,4.71,4.56,4.7,-1.03,0,-1,45292,209471.02
SAUD,2022-05-12,4.75,4.75,4.59,4.7,-1.62,0,-1,37969,176534.31
SAUD,2022-05-11,4.75,4.75,4.64,4.7,-0.97,0,-1,11336,52935.44
SAUD,2022-05-10,4.71,4.71,4.66,4.7,0.71,0.03,-1,691046,3233569.75
SAUD,2022-05-09,4.8,4.8,4.64,4.67,-2.91,-0.13,-1,76818,360858.63
SAUD,2022-05-08,4.82,4.82,4.73,4.8,-0.57,0,-1,37034,175543.88
SAUD,2022-04-28,4.83,4.83,4.77,4.8,-0.06,0,-1,110207,529811.44
SAUD,2022-04-27,4.77,4.77,4.73,4.8,-1.33,0,-1,27299,129309.38
SAUD,2022-04-26,4.86,4.86,4.72,4.8,-1.71,0,-1,6794,32654.52
SAUD,2022-04-21,4.98,4.98,4.75,4.8,0.06,0,-1,23761,114572.15
SAUD,2022-04-20,4.83,4.83,4.56,4.8,5.83,0.26,-1,96155,456432.69
SAUD,2022-04-19,4.68,4.68,4.56,4.54,1.94,0,-1,38726,179535.88
SAUD,2022-04-18,4.57,4.57,4.48,4.54,-1.07,0,-1,58033,260947.8
SAUD,2022-04-17,4.8,4.8,4.44,4.54,-4.17,-0.19,-1,147943,681199.17
SAUD,2022-04-14,4.86,4.86,4.73,4.73,-5.4,-0.27,-1,143911,685779.68
SAUD,2022-04-13,4.89,4.89,4.81,5,-2.37,0,-1,6424,31108.17
SAUD,2022-04-12,4.92,4.92,4.81,5,-2.91,0,-1,23119,112349.07
SAUD,2022-04-11,4.99,4.99,4.84,5,-2.85,0,-1,58269,283410.06
SAUD,2022-04-10,4.98,4.98,4.9,5,-1.64,0,-1,32097,157895.66
SAUD,2022-04-07,5.01,5.01,4.71,5,3.77,0.17,-1,558405,2762146.25
SAUD,2022-04-06,4.85,4.85,4.63,4.83,2.52,0.12,-1,261120,1254374.88
SAUD,2022-04-05,4.77,4.77,4.69,4.71,-0.13,-0.06,-1,69948,331181.72
SAUD,2022-04-04,4.77,4.77,4.68,4.77,-1.66,0,-1,25160,118574.76
SAUD,2022-04-03,4.77,4.77,4.65,4.77,3.63,0.17,-1,198384,944906.06
SAUD,2022-03-31,4.71,4.71,4.59,4.6,-1.82,-0.07,-1,91249,420922.41
SAUD,2022-03-30,4.7,4.7,4.62,4.67,0.45,-0.01,-1,64797,300810.19
SAUD,2022-03-29,4.77,4.77,4.53,4.68,2.33,0.11,-1,128968,599253.75
SAUD,2022-03-28,4.58,4.58,4.53,4.57,-0.86,0,-1,64588,294116.28
SAUD,2022-03-27,4.65,4.65,4.56,4.57,-0.65,-0.11,-1,195309,895143.44
SAUD,2022-03-24,4.75,4.75,4.66,4.68,-0.71,-0.03,-1,166270,782788.06
SAUD,2022-03-23,4.74,4.74,4.66,4.71,-0.58,0,-1,42478,199803.27
SAUD,2022-03-22,4.82,4.82,4.69,4.71,-0.83,-0.04,-1,207912,987526.92
SAUD,2022-03-21,4.77,4.77,4.6,4.75,3.51,0.16,-1,162639,765052.38
SAUD,2022-03-20,4.62,4.62,4.56,4.59,0.93,0.02,-1,156528,719046.25
SAUD,2022-03-17,4.62,4.62,4.56,4.57,-0.13,0,-1,91002,415646.44
SAUD,2022-03-16,4.61,4.61,4.48,4.57,1.01,0.05,-1,79106,361280.84
SAUD,2022-03-15,4.55,4.55,4.51,4.52,0.54,0,-1,57495,259935.2
SAUD,2022-03-14,4.62,4.62,4.51,4.52,-0.73,-0.04,-1,130855,597700.56
SAUD,2022-03-13,4.59,4.59,4.51,4.56,-0.53,-0.02,-1,294040,1340465.75
SAUD,2022-03-10,4.6,4.6,4.47,4.58,2.17,0.1,-1,154416,700288.29
SAUD,2022-03-09,4.54,4.54,4.47,4.48,0.48,0.02,-1,80184,362684.41
SAUD,2022-03-08,4.63,4.63,4.42,4.46,-1.67,-0.08,-1,506231,2273143.5
SAUD,2022-03-07,4.56,4.56,4.42,4.54,0.4,0,-1,34933,158999.75
SAUD,2022-03-06,4.6,4.6,4.51,4.54,-1.07,-0.02,-1,177247,804986.25
SAUD,2022-03-03,4.56,4.56,4.5,4.56,0,0,-1,30851,140475.97
SAUD,2022-03-02,4.6,4.6,4.5,4.56,0,0,-1,33608,153139.97
SAUD,2022-03-01,4.62,4.62,4.56,4.56,0.74,0.04,-1,137043,624722.94
SAUD,2022-02-28,4.56,4.56,4.5,4.52,-1.33,-0.04,-1,87409,397371.19
SAUD,2022-02-27,4.58,4.58,4.27,4.56,2.38,0.09,-1,98347,445841.19
SAUD,2022-02-24,4.7,4.7,4.28,4.47,-5.17,-0.17,-1,212805,963672.44
SAUD,2022-02-23,4.71,4.71,4.61,4.64,-0.26,0,-1,25069,116950.49
SAUD,2022-02-22,4.71,4.71,4.57,4.64,-2.12,-0.09,-1,97442,451738.66
SAUD,2022-02-21,4.83,4.83,4.56,4.73,1.1,0.04,-1,102936,486925.06
SAUD,2022-02-20,4.69,4.69,4.57,4.69,-0.91,0,-1,22771,106105.99
SAUD,2022-02-17,4.76,4.76,4.5,4.69,7.98,0.35,-1,650040,3027064.64
SAUD,2022-02-16,4.5,4.5,4.36,4.34,0.77,0,-1,14553,64018.79
SAUD,2022-02-15,4.4,4.4,4.33,4.34,1.05,0,-1,13484,58830.77
SAUD,2022-02-14,4.39,4.39,4.25,4.34,-1.12,0,-1,53011,226663.86
SAUD,2022-02-13,4.56,4.56,4.25,4.34,-2.86,-0.13,-1,118918,521291.01
SAUD,2022-02-10,4.56,4.56,4.5,4.47,1.97,0,-1,62602,285251.47
SAUD,2022-02-09,4.57,4.57,4.55,4.47,1.97,0,-1,12507,57006.16
SAUD,2022-02-08,4.58,4.58,4.47,4.47,0,0,-1,14926,67694.87
SAUD,2022-02-07,4.51,4.51,4.47,4.47,0,0,-1,24466,109878.43
SAUD,2022-02-06,4.71,4.71,4.41,4.47,0.34,0,-1,17494,80303.55
SAUD,2022-02-03,4.47,4.47,4.4,4.47,1.38,0.06,-1,75839,335574.94
SAUD,2022-02-02,4.59,4.59,4.44,4.41,0,0,-1,5749,26190.4
SAUD,2022-02-01,4.44,4.44,4.4,4.41,0.83,0,-1,36022,159751.16
SAUD,2022-01-31,4.53,4.53,4.38,4.41,-1.09,-0.05,-1,133601,587968.94
SAUD,2022-01-30,4.64,4.64,4.46,4.46,-1.61,-0.07,-1,98325,439771.97
SAUD,2022-01-26,4.71,4.71,4.53,4.53,0,0,-1,35319,160526.98
SAUD,2022-01-25,4.56,4.56,4.53,4.53,-0.47,-0.02,-1,129796,589283.94
SAUD,2022-01-24,4.63,4.63,4.51,4.55,-0.87,-0.01,-1,109516,498827.47
SAUD,2022-01-23,4.67,4.67,4.56,4.56,-2.72,-0.12,-1,178907,815889.06
SAUD,2022-01-20,4.69,4.69,4.56,4.68,-0.13,0,-1,19271,89479.65
SAUD,2022-01-19,4.68,4.68,4.56,4.68,1.45,0.06,-1,120366,554662
SAUD,2022-01-18,4.66,4.66,4.57,4.62,0.72,0,-1,51115,235797.47
SAUD,2022-01-17,4.65,4.65,4.56,4.62,1.47,0.07,-1,152751,698878.75
SAUD,2022-01-16,4.62,4.62,4.5,4.55,-1.96,-0.09,-1,105363,481010.5
SAUD,2022-01-13,4.69,4.69,4.58,4.64,-0.39,0,-1,54541,252694.16
SAUD,2022-01-12,4.71,4.71,4.6,4.64,0.46,0,-1,34768,161713.11
SAUD,2022-01-11,4.22,4.22,4.13,4.21,-1.8,0,-1,16874,70451.04
SAUD,2022-01-10,4.75,4.75,4.64,4.72,-1.54,0,-1,28654,133800.73
SAUD,2022-01-09,4.83,4.83,4.66,4.72,-1.77,-0.09,-1,145921,685027.44
SAUD,2022-01-05,4.86,4.86,4.73,4.81,-0.76,0,-1,47824,227868.69
SAUD,2022-01-04,4.9,4.9,4.47,4.81,7.99,0.36,-1,823719,3872683.41
SAUD,2022-01-03,4.5,4.5,4.38,4.45,3.02,0.13,-1,337725,1497991.93
SAUD,2022-01-02,4.39,4.39,4.29,4.32,0.71,0.04,-1,128115,555927.44
SAUD,2021-12-30,4.35,4.35,4.27,4.28,0.14,0,-1,45221,194975.48
SAUD,2021-12-29,4.32,4.32,4.25,4.28,0,0,-1,50978,217371.75
SAUD,2021-12-28,4.3,4.3,4.23,4.28,-1.13,0,-1,64756,274498.09
SAUD,2021-12-27,4.31,4.31,4.25,4.28,-0.71,0,-1,58831,252187.09
SAUD,2021-12-26,4.39,4.39,4.27,4.28,0,0,-1,7598,32677.44
SAUD,2021-12-23,4.35,4.35,4.08,4.28,3.17,0.07,-1,179905,766639.94
SAUD,2021-12-22,4.35,4.35,4.19,4.21,-1.07,-0.04,-1,156720,661874.19
SAUD,2021-12-21,4.38,4.38,4.25,4.25,-2.57,-0.12,-1,785983,3380371.5
SAUD,2021-12-20,4.41,4.41,4.33,4.37,-0.69,-0.03,-1,378195,1660176.16
SAUD,2021-12-19,4.48,4.48,4.38,4.4,-0.07,0,-1,335413,1476605.88
SAUD,2021-12-16,4.47,4.47,4.38,4.4,-1.83,-0.08,-1,94230,414628.06
SAUD,2021-12-15,4.51,4.51,4.33,4.48,-1.76,0,-1,64712,286248.13
SAUD,2021-12-14,4.51,4.51,4.42,4.48,-1.56,0,-1,30061,133083.2
SAUD,2021-12-13,4.5,4.5,4.42,4.48,-0.41,0.02,-1,197418,882914.19
SAUD,2021-12-12,4.48,4.48,4.39,4.46,0,0.03,-1,91479,404476.38
SAUD,2021-12-09,4.51,4.51,4.33,4.43,-0.55,0,-1,55605,245470.98
SAUD,2021-12-08,4.52,4.52,4.33,4.43,2.67,0.11,-1,356192,1579037
SAUD,2021-12-07,4.48,4.48,4.28,4.32,0,0,-1,218307,949778.75
SAUD,2021-12-06,4.35,4.35,4.22,4.32,5.57,0.23,-1,239828,1021674.38
SAUD,2021-12-05,4.28,4.28,4.11,4.09,4.61,0,-1,20560,87083.28
SAUD,2021-12-02,4.25,4.25,4.15,4.09,1.78,0,-1,36008,150840.28
SAUD,2021-12-01,4.31,4.31,4.15,4.09,3.57,0,-1,42327,177136
SAUD,2021-11-30,4.18,4.18,4.07,4.09,2.23,0,-1,29485,121879.32
SAUD,2021-11-29,4.15,4.15,4.07,4.09,1.34,0,-1,24093,99055.3
SAUD,2021-11-28,4.16,4.16,3.89,4.09,2.14,0.11,-1,76462,310751.34
SAUD,2021-11-25,4.18,4.18,4.08,3.98,2.6,0,-1,44193,184008.05
SAUD,2021-11-24,4.18,4.18,4.05,3.98,3.05,0,-1,51771,214369.72
SAUD,2021-11-23,4.17,4.17,4.05,3.98,2.44,0,-1,14463,59628.24
SAUD,2021-11-22,4.07,4.07,3.95,3.98,1.22,0,-1,45556,183462.77
SAUD,2021-11-21,4.1,4.1,3.95,3.98,-2.69,-0.08,-1,117465,468788.84
SAUD,2021-11-18,4.18,4.18,3.99,4.06,-1.41,-0.05,-1,80445,325197.19
SAUD,2021-11-17,4.25,4.25,4.08,4.11,-0.66,-0.03,-1,88506,366124.5
SAUD,2021-11-16,4.25,4.25,4.1,4.14,-5.67,-0.25,-1,84312,356922.91
SAUD,2021-11-15,4.29,4.29,4.25,4.39,-2.77,0,-1,49749,212701.39
SAUD,2021-11-14,4.4,4.4,4.27,4.39,-2.15,0,-1,63222,273301.81
SAUD,2021-11-11,4.4,4.4,4.25,4.39,2.48,0.1,-1,377106,1623197.13
SAUD,2021-11-10,4.4,4.4,4.24,4.29,-1.46,-0.07,-1,332503,1432836.63
SAUD,2021-11-09,4.52,4.52,4.18,4.36,4.74,0.2,-1,1319969,5764502.9
SAUD,2021-11-08,4.24,4.24,4.16,4.16,1.39,0,-1,11210,47011
SAUD,2021-11-07,4.24,4.24,4.11,4.16,1.39,0,-1,60639,252715.63
SAUD,2021-11-04,4.25,4.25,4.11,4.16,-1.31,0,-1,65581,276000.91
SAUD,2021-11-03,4.24,4.24,4.04,4.16,0.15,0,-1,127374,529919
SAUD,2021-11-02,4.21,4.21,4.12,4.16,0,0,-1,223607,930478.19
SAUD,2021-11-01,4.16,4.16,4.01,4.16,4.5,0.18,-1,103229,427256.53
SAUD,2021-10-31,3.98,3.98,3.93,3.98,-1.14,0,-1,4394,17422.49
SAUD,2021-10-28,4.13,4.13,3.91,3.98,-1.37,0,-1,45095,177596.8
SAUD,2021-10-27,3.98,3.98,3.92,3.98,0,0,-1,26364,103841.71
SAUD,2021-10-26,4.01,4.01,3.93,3.98,-0.84,0,-1,62454,247551.64
SAUD,2021-10-25,4.01,4.01,3.89,3.98,-2.06,0,-1,23092,90807.72
SAUD,2021-10-24,4.14,4.14,3.96,3.98,-0.08,0,-1,24535,98604.8
SAUD,2021-10-20,4.14,4.14,3.92,3.98,1.3,0,-1,66832,263968.88
SAUD,2021-10-19,4.1,4.1,3.96,3.98,-0.38,0,-1,119171,475369.91
SAUD,2021-10-18,4.1,4.1,4.01,3.98,1.6,0,-1,57693,234329.81
SAUD,2021-10-17,4.13,4.13,3.95,3.98,0,0,-1,49686,202298.22
SAUD,2021-10-14,4.01,4.01,3.94,3.98,-1.36,-0.03,-1,118183,470922.47
SAUD,2021-10-13,4.01,4.01,3.93,4.01,-1.74,0,-1,21858,86404.1
SAUD,2021-10-12,4.01,4.01,3.92,4.01,1.93,0.08,-1,198789,785403.69
SAUD,2021-10-11,4,4,3.92,3.93,0,0,-1,200463,789940.31
SAUD,2021-10-10,4.07,4.07,3.94,3.93,0.54,0,-1,11964,47281.38
SAUD,2021-10-06,3.94,3.94,3.89,3.93,-0.54,0,-1,37111,144807.78
SAUD,2021-10-05,4.07,4.07,3.92,3.93,-0.84,-0.03,-1,103109,407409.78
SAUD,2021-10-04,4.07,4.07,3.92,3.96,-0.15,0,-1,65000,258704.81
SAUD,2021-10-03,4.07,4.07,3.95,3.96,-1.52,-0.05,-1,87968,349696.41
SAUD,2021-09-30,4.09,4.09,4,4.01,0,0,-1,156835,633203
SAUD,2021-09-29,4.1,4.1,4,4.01,0,0,-1,54149,218810.55
SAUD,2021-09-28,4.24,4.24,4,4.01,0,0,-1,9954,40204.24
SAUD,2021-09-27,4.1,4.1,3.98,4.01,-2.09,-0.06,-1,85467,347676.06
SAUD,2021-09-26,4.25,4.25,4.09,4.07,0.9,0,-1,62089,256162.45
SAUD,2021-09-23,4.13,4.13,3.95,4.07,3.8,0.15,-1,169790,688450.2
SAUD,2021-09-22,3.98,3.98,3.89,3.92,1.63,0,-1,14913,58836.3
SAUD,2021-09-21,4.04,4.04,3.83,3.92,-3.95,-0.16,-1,87867,347189.69
SAUD,2021-09-20,4.21,4.21,4.01,4.08,-1.64,0,-1,56020,227605.95
SAUD,2021-09-19,4.24,4.24,4.01,4.08,0.22,-0.12,-1,122421,509367.13
SAUD,2021-09-16,4.25,4.25,4.19,4.2,-0.07,0,-1,68807,290454.53
SAUD,2021-09-15,4.25,4.25,4.19,4.2,-0.29,-0.04,-1,81221,342776.13
SAUD,2021-09-14,4.25,4.25,4.22,4.24,0.43,0.02,-1,181120,770069.06
SAUD,2021-09-13,4.25,4.25,4.21,4.22,-0.72,-0.02,-1,57745,244842.11
SAUD,2021-09-12,4.25,4.25,4.18,4.24,-0.07,0.06,-1,103794,440633.75
SAUD,2021-09-09,4.25,4.25,4.17,4.18,-1.93,-0.07,-1,78549,333047.03
SAUD,2021-09-08,4.25,4.25,4.24,4.25,-0.07,0,-1,59506,252873.45
SAUD,2021-09-07,4.25,4.25,4.25,4.25,0.94,0.04,-1,49338,209838.8
SAUD,2021-09-06,4.25,4.25,4.21,4.21,-0.93,-0.05,-1,64830,273947.44
SAUD,2021-09-05,4.36,4.36,4.25,4.26,-1.68,-0.07,-1,70765,302229.59
SAUD,2021-09-02,4.38,4.38,4.3,4.33,1.05,0,-1,415534,1802015.75
SAUD,2021-09-01,4.37,4.37,4.31,4.33,1.91,0.04,-1,53696,232510.41
SAUD,2021-08-31,4.39,4.39,4.26,4.29,-0.49,-0.06,-1,142092,609176.88
SAUD,2021-08-30,4.39,4.39,4.32,4.35,0.85,0.07,-1,110964,483033.91
SAUD,2021-08-29,4.39,4.39,4.21,4.28,0.65,0.05,-1,283787,1214596.38
SAUD,2021-08-26,4.37,4.37,4.16,4.23,-2.6,-0.09,-1,449257,1898191.88
SAUD,2021-08-25,4.37,4.37,4.25,4.32,2.3,0.09,-1,118682,513131.5
SAUD,2021-08-24,4.39,4.39,4.12,4.23,-3.9,-0.05,-1,757784,3206119.25
SAUD,2021-08-23,4.39,4.39,4.22,4.28,2.45,0.07,-1,247782,1061569.13
SAUD,2021-08-22,4.4,4.4,4.2,4.21,0.07,0.01,-1,228508,962137
SAUD,2021-08-19,4.27,4.27,4.04,4.2,-3.56,-0.15,-1,157400,661904
SAUD,2021-08-18,4.4,4.4,4.25,4.35,-3.65,-0.07,-1,312025,1356469.25
SAUD,2021-08-17,4.47,4.47,4.27,4.42,-0.55,0.03,-1,206390,910824.81
SAUD,2021-08-16,4.4,4.4,4.29,4.39,-0.69,0,-1,22903,100545.05
SAUD,2021-08-15,4.47,4.47,4.31,4.39,-1.53,0.01,-1,93393,409883.09
SAUD,2021-08-11,4.4,4.4,4.29,4.38,-1.59,-0.01,-1,233607,1023483.13
SAUD,2021-08-10,4.44,4.44,4.29,4.39,-0.98,0.03,-1,448590,1967861.38
SAUD,2021-08-09,4.4,4.4,4.19,4.36,-1.31,-0.03,-1,253095,1102956
SAUD,2021-08-08,4.49,4.49,4.18,4.39,1.28,0.12,-1,176120,773288.31
SAUD,2021-08-05,4.36,4.36,4.2,4.27,0.86,0.03,-1,174474,745962.26
SAUD,2021-08-04,4.28,4.28,4.16,4.24,-2.42,-0.03,-1,47072,199527.7
SAUD,2021-08-03,4.53,4.53,4.11,4.27,-5.82,-0.12,-1,387277,1652528.25
SAUD,2021-08-02,4.43,4.43,4.07,4.39,9.87,0.36,-1,1888385,8282935
SAUD,2021-08-01,4.07,4.07,3.98,4.03,-0.6,-0.01,-1,123713,498832.34
SAUD,2021-07-29,4.12,4.12,4.03,4.04,-1.27,-0.04,-1,56264,227345.05
SAUD,2021-07-28,4.1,4.1,4.01,4.08,0,0.05,-1,52018,212082.81
SAUD,2021-07-27,4.1,4.1,4,4.03,2.12,0.02,-1,82430,331844.28
SAUD,2021-07-26,4,4,3.97,4.01,-0.83,0,-1,14504,57702.63
SAUD,2021-07-25,4.03,4.03,3.97,4.01,1.3,0.04,-1,59903,240236.22
SAUD,2021-07-18,3.98,3.98,3.96,3.97,0,0.01,-1,28929,114970.97
SAUD,2021-07-15,3.98,3.98,3.95,3.96,0.31,0.02,-1,42838,169866.38
SAUD,2021-07-14,3.96,3.96,3.94,3.94,0,0,-1,9087,35928.41
SAUD,2021-07-13,3.99,3.99,3.9,3.94,4.77,0.18,-1,91372,360044.22
SAUD,2021-07-12,3.93,3.93,3.9,3.76,4.77,0,-1,6830,26723.3
SAUD,2021-07-11,3.92,3.92,3.79,3.76,1.21,0,-1,16641,63492.45
SAUD,2021-07-08,3.92,3.92,3.89,3.76,4.37,0,-1,23339,91149.9
SAUD,2021-07-07,3.93,3.93,3.87,3.76,2.99,0,-1,4855,19022.1
SAUD,2021-07-06,3.96,3.96,3.75,3.76,-4.78,-0.18,-1,4861631,18258016
SAUD,2021-07-05,3.97,3.97,3.88,3.94,-1,-0.02,-1,71884,283373.66
SAUD,2021-07-04,3.95,3.95,3.93,3.96,-0.31,0,-1,9054,35713
SAUD,2021-06-30,3.95,3.95,3.93,3.96,-0.31,0,-1,8495,33533
SAUD,2021-06-29,3.96,3.96,3.92,3.96,-0.38,0,-1,10478,41264.18
SAUD,2021-06-28,3.98,3.98,3.9,3.96,-0.77,0.02,-1,76410,302632.97
SAUD,2021-06-27,3.95,3.95,3.88,3.94,-1.08,0,-1,96715,381366.41
SAUD,2021-06-24,3.94,3.94,3.89,3.94,-1.08,0,-1,11690,45818.78
SAUD,2021-06-23,3.95,3.95,3.95,3.94,0.23,0,-1,14696,58045
SAUD,2021-06-22,3.98,3.98,3.86,3.94,-0.85,0.02,-1,85113,335378.59
SAUD,2021-06-21,3.94,3.94,3.9,3.92,0.39,0.01,-1,33901,132990.58
SAUD,2021-06-20,3.95,3.95,3.94,3.91,0.93,0,-1,13495,53210.68
SAUD,2021-06-17,3.94,3.94,3.88,3.91,0.85,0,-1,3966,15638
SAUD,2021-06-16,3.98,3.98,3.91,3.91,0.16,0,-1,17702,69503.22
SAUD,2021-06-15,3.9,3.9,3.87,3.91,-0.62,0,-1,7241,28125.2
SAUD,2021-06-14,3.96,3.96,3.92,3.91,0.16,0,-1,24192,95455
SAUD,2021-06-13,3.96,3.96,3.83,3.91,0.16,0,-1,18443,71499.73
SAUD,2021-06-10,3.95,3.95,3.87,3.91,-1.92,-0.04,-1,76443,299161.88
SAUD,2021-06-09,3.98,3.98,3.89,3.95,0.62,0.06,-1,123326,486927.34
SAUD,2021-06-08,3.96,3.96,3.87,3.89,-0.47,-0.01,-1,34763,135432.17
SAUD,2021-06-07,3.95,3.95,3.87,3.9,-1.24,-0.02,-1,148256,578891
SAUD,2021-06-06,3.88,3.88,3.86,3.92,-1.16,0,-1,15064,58271.44
SAUD,2021-06-03,3.98,3.98,3.89,3.92,-2.44,-0.07,-1,82170,322248.81
SAUD,2021-06-02,4.01,4.01,3.93,3.99,-1.15,0.02,-1,45962,183444.66
SAUD,2021-06-01,4,4,3.91,3.97,-0.62,0.02,-1,80642,320563.19
SAUD,2021-05-31,3.98,3.98,3.93,3.95,1.08,0.02,-1,139654,551732.44
SAUD,2021-05-30,3.94,3.94,3.88,3.93,0.62,0.01,-1,33279,130670.5
SAUD,2021-05-27,3.95,3.95,3.87,3.92,0,0,-1,315157,1233901.63
SAUD,2021-05-26,3.95,3.95,3.86,3.92,0.71,0.05,-1,92565,362581.03
SAUD,2021-05-25,4,4,3.82,3.87,-1.31,-0.07,-1,68612,265333.19
SAUD,2021-05-24,4.01,4.01,3.89,3.94,-1,0,-1,278419,1096678.38
SAUD,2021-05-23,3.98,3.98,3.93,3.94,-0.38,-0.01,-1,103545,408352.09
SAUD,2021-05-20,4.02,4.02,3.93,3.95,-0.23,-0.01,-1,360652,1423992.25
SAUD,2021-05-19,3.98,3.98,3.93,3.96,0.15,0.02,-1,114069,451441.31
SAUD,2021-05-18,3.95,3.95,3.93,3.94,-0.15,0,-1,85083,335582.25
SAUD,2021-05-17,3.95,3.95,3.9,3.94,0.15,0.01,-1,101112,398196.69
SAUD,2021-05-11,3.95,3.95,3.82,3.93,1.9,0.1,-1,129039,506780.59
SAUD,2021-05-10,3.86,3.86,3.81,3.83,-0.16,-0.01,-1,99483,381048.94
SAUD,2021-05-09,3.85,3.85,3.81,3.84,-0.63,-0.01,-1,89529,343331.72
SAUD,2021-05-06,3.89,3.89,3.84,3.85,-1.02,-0.03,-1,41686,160641.5
SAUD,2021-05-05,3.9,3.9,3.8,3.88,-1.02,0,-1,12513,47864.7
SAUD,2021-05-04,3.94,3.94,3.82,3.88,1.21,0.11,-1,26090,101139.24
SAUD,2021-04-28,3.83,3.83,3.74,3.77,-2.13,-0.08,-1,64347,242843.41
SAUD,2021-04-27,3.88,3.88,3.83,3.85,-0.16,0.01,-1,39730,153124.56
SAUD,2021-04-26,3.9,3.9,3.8,3.84,0.24,-0.01,-1,89161,342284.28
SAUD,2021-04-25,3.86,3.86,3.85,3.85,0.24,0.01,-1,28309,109140.7
SAUD,2021-04-22,3.87,3.87,3.83,3.84,-1.32,-0.08,-1,31732,121958.41
SAUD,2021-04-21,3.94,3.94,3.89,3.92,-1.01,-0.01,-1,40863,159973.05
SAUD,2021-04-20,3.94,3.94,3.92,3.93,0.62,0.01,-1,58905,231332.8
SAUD,2021-04-19,3.95,3.95,3.86,3.92,2.95,0.11,-1,43630,171134
SAUD,2021-04-18,3.93,3.93,3.88,3.81,2,0,-1,13166,51650
SAUD,2021-04-15,3.85,3.85,3.8,3.81,0.63,-0.02,-1,32453,123531.4
SAUD,2021-04-14,3.87,3.87,3.8,3.83,-3.32,-0.1,-1,32256,123435
SAUD,2021-04-13,3.95,3.95,3.87,3.93,-1.62,0,-1,23369,91668.58
SAUD,2021-04-12,3.97,3.97,3.89,3.93,1.95,0.03,-1,52616,206812.11
SAUD,2021-04-11,4.03,4.03,3.72,3.9,0.94,0.04,-1,39170,152741.28
SAUD,2021-04-08,3.89,3.89,3.8,3.86,0.71,0,-1,130098,502049.31
SAUD,2021-04-07,3.84,3.84,3.83,3.86,-0.47,0,-1,19748,75690
SAUD,2021-04-06,3.87,3.87,3.84,3.86,-0.86,-0.02,-1,103155,398301.03
SAUD,2021-04-05,3.94,3.94,3.83,3.88,-2.23,-0.06,-1,105509,409032.75
SAUD,2021-04-04,3.95,3.95,3.93,3.94,0.39,0.01,-1,44928,177285.75
SAUD,2021-04-01,3.94,3.94,3.89,3.93,1.01,0.02,-1,95750,376709.03
SAUD,2021-03-31,3.93,3.93,3.87,3.91,0.94,0.03,-1,50279,196525
SAUD,2021-03-30,3.94,3.94,3.87,3.88,-0.85,-0.04,-1,45070,174993.98
SAUD,2021-03-29,3.92,3.92,3.86,3.92,-1.47,0,-1,25725,99440.42
SAUD,2021-03-28,3.95,3.95,3.83,3.92,2.61,0.08,-1,70318,275880.16
SAUD,2021-03-25,3.87,3.87,3.83,3.84,0.95,0,-1,52662,201936.55
SAUD,2021-03-24,3.87,3.87,3.81,3.84,1.45,0.06,-1,181493,696339.75
SAUD,2021-03-23,3.89,3.89,3.65,3.78,0.32,-0.07,-1,221574,836839.56
SAUD,2021-03-22,4.07,4.07,3.75,3.85,-4.34,-0.13,-1,110226,423890.25
SAUD,2021-03-21,4.1,4.1,3.95,3.98,-3.99,-0.13,-1,97365,387972.25
SAUD,2021-03-18,4.18,4.18,4.1,4.11,0.29,-0.05,-1,144800,595780.56
SAUD,2021-03-17,4.23,4.23,4.13,4.16,-1.23,-0.03,-1,99428,414109.03
SAUD,2021-03-16,4.22,4.22,4.1,4.19,-1.29,-0.06,-1,111216,465956.56
SAUD,2021-03-15,4.3,4.3,4.17,4.25,0.44,0.07,-1,390080,1656740.88
SAUD,2021-03-14,4.25,4.25,4.13,4.18,5.37,0.16,-1,116776,487877.66
SAUD,2021-03-11,4.36,4.36,3.95,4.02,4.95,-0.09,-1,3049080,12257311
SAUD,2021-03-10,4.2,4.2,4.04,4.11,1.05,0.04,-1,87211,358428.84
SAUD,2021-03-09,4.13,4.13,4,4.07,-0.89,-0.01,-1,90431,367751.13
SAUD,2021-03-08,4.15,4.15,4.01,4.08,-3.21,-0.08,-1,76851,313295.25
SAUD,2021-03-07,4.19,4.19,4.12,4.16,-0.07,0.04,-1,64180,266917.38
SAUD,2021-03-04,4.21,4.21,4.07,4.12,0.59,0.03,-1,48076,198247.8
SAUD,2021-03-03,4.24,4.24,4.03,4.09,-2.85,-0.17,-1,87982,359848.88
SAUD,2021-03-02,4.54,4.54,4.1,4.26,-3.5,0.01,-1,843454,3594661.25
SAUD,2021-03-01,4.28,4.28,4.21,4.25,0.29,0.01,-1,78527,334184
SAUD,2021-02-28,4.25,4.25,4.02,4.24,-2.65,0,-1,132163,560024.5
SAUD,2021-02-25,4.31,4.31,4.19,4.24,0.36,0.06,-1,57174,242654.19
SAUD,2021-02-24,4.22,4.22,4.13,4.18,0.36,-0.01,-1,89257,373217.53
SAUD,2021-02-23,4.25,4.25,4.16,4.19,-0.5,-0.05,-1,92617,388193.38
SAUD,2021-02-22,4.28,4.28,4.11,4.24,0.58,0.08,-1,193403,820026.13
SAUD,2021-02-21,4.25,4.25,3.96,4.16,-0.36,-0.07,-1,28226,117340.65
SAUD,2021-02-18,4.28,4.28,3.98,4.23,-1.7,-0.05,-1,220175,930837.25
SAUD,2021-02-17,4.33,4.33,4.11,4.28,-1.83,-0.03,-1,42289,180996.75
SAUD,2021-02-16,4.33,4.33,4.25,4.31,0.28,0.04,-1,319877,1376929.5
SAUD,2021-02-15,4.35,4.35,4.21,4.27,3.12,0.09,-1,373870,1597557
SAUD,2021-02-14,4.25,4.25,4.1,4.18,-1.52,-0.02,-1,260616,1090556
SAUD,2021-02-11,4.4,4.4,4.07,4.2,-0.22,0.09,-1,709217,2977018.25
SAUD,2021-02-10,4.18,4.18,4.07,4.11,-0.66,-0.01,-1,88511,363965.63
SAUD,2021-02-09,4.18,4.18,3.98,4.12,0.75,0.05,-1,426091,1755005.88
SAUD,2021-02-08,4.24,4.24,3.98,4.07,-1.8,0.02,-1,408624,1663900.63
SAUD,2021-02-07,4.11,4.11,3.71,4.05,9.99,0.31,-1,1203086,4870958
SAUD,2021-02-04,3.76,3.76,3.68,3.74,-0.65,0.02,-1,303999,1137014.88
SAUD,2021-02-03,3.8,3.8,3.64,3.72,0.67,0.07,-1,362923,1349478
SAUD,2021-02-02,3.71,3.71,3.59,3.65,0.77,0.08,-1,118468,432810.19
SAUD,2021-02-01,3.58,3.58,3.5,3.57,0.86,0.04,-1,224320,800849.88
SAUD,2021-01-31,3.56,3.56,3.5,3.53,-1.96,-0.04,-1,83303,293692.09
SAUD,2021-01-27,3.65,3.65,3.48,3.57,1.4,0.1,-1,248133,884951.88
SAUD,2021-01-26,3.49,3.49,3.47,3.47,-0.52,-0.02,-1,112654,391442.38
SAUD,2021-01-25,3.49,3.49,3.47,3.49,0.26,0.03,-1,32585,113569.95
SAUD,2021-01-24,3.53,3.53,3.46,3.46,0.09,0,-1,23051,80587.61
SAUD,2021-01-21,3.5,3.5,3.41,3.46,1.68,0.02,-1,38054,131846.27
SAUD,2021-01-20,3.52,3.52,3.43,3.44,-0.62,-0.01,-1,196908,678005.31
SAUD,2021-01-19,3.51,3.51,3.45,3.45,0.18,0,-1,13489,46857.72
SAUD,2021-01-18,3.47,3.47,3.45,3.45,-0.26,0,-1,20470,70796.46
SAUD,2021-01-17,3.49,3.49,3.43,3.45,1.32,0.01,-1,127970,442173.53
SAUD,2021-01-14,3.47,3.47,3.38,3.44,1.06,0.01,-1,52830,181800.58
SAUD,2021-01-13,3.52,3.52,3.38,3.43,-2.09,-0.07,-1,293176,1005773.25
SAUD,2021-01-12,3.62,3.62,3.43,3.5,-5.12,-0.12,-1,451717,1580099.63
SAUD,2021-01-11,3.63,3.63,3.58,3.62,-0.25,0,-1,121217,438484.78
SAUD,2021-01-10,3.63,3.63,3.61,3.62,-0.5,-0.01,-1,39974,144931.19
SAUD,2021-01-06,3.65,3.65,3.58,3.63,0.08,0.05,-1,105385,382198.31
SAUD,2021-01-05,3.6,3.6,3.56,3.58,-1.35,-0.03,-1,39612,141866.59
SAUD,2021-01-04,3.62,3.62,3.53,3.61,-1.85,0,-1,27483,97234.55
SAUD,2021-01-03,3.57,3.57,3.56,3.61,0,0,-1,16446,58709.31
SAUD,2020-12-31,3.62,3.62,3.55,3.61,-0.59,-0.02,-1,35218,127047.37
SAUD,2020-12-30,3.65,3.65,3.58,3.63,0.94,0.06,-1,255533,927297.44
SAUD,2020-12-29,3.58,3.58,3.58,3.57,0.51,0,-1,11975,42859.4
SAUD,2020-12-28,3.58,3.58,3.51,3.57,-2.04,-0.01,-1,73563,262336.5
SAUD,2020-12-27,3.58,3.58,3.47,3.58,-3.05,0,-1,21134,73812.55
SAUD,2020-12-24,3.65,3.65,3.51,3.58,3,0.13,-1,66124,236817.38
SAUD,2020-12-23,3.49,3.49,3.4,3.45,2.4,0.04,-1,50378,173562.2
SAUD,2020-12-22,3.45,3.45,3.34,3.41,0.9,0.03,-1,53869,183877.02
SAUD,2020-12-21,3.5,3.5,3.34,3.38,-4.63,-0.16,-1,663003,2242019.5
SAUD,2020-12-20,3.56,3.56,3.5,3.54,-1.2,0,-1,261022,925382.31
SAUD,2020-12-17,3.65,3.65,3.45,3.54,-0.34,0,-1,251792,892203.5
SAUD,2020-12-16,3.57,3.57,3.5,3.54,0,-0.02,-1,40402,142882
SAUD,2020-12-15,3.62,3.62,3.31,3.56,-1.76,-0.06,-1,203046,722489.19
SAUD,2020-12-14,3.65,3.65,3.58,3.62,-1.08,-0.03,-1,64821,234588.38
SAUD,2020-12-13,3.77,3.77,3.62,3.65,-1.32,-0.02,-1,176268,642400.13
SAUD,2020-12-10,3.69,3.69,3.65,3.67,-2.04,-0.06,-1,164592,604125
SAUD,2020-12-09,3.75,3.75,3.68,3.73,-1.54,-0.01,-1,116867,435604.13
SAUD,2020-12-08,3.8,3.8,3.65,3.74,2.39,0.05,-1,96589,361059.16
SAUD,2020-12-07,3.73,3.73,3.68,3.69,-1.7,-0.06,-1,42657,157495.38
SAUD,2020-12-06,3.79,3.79,3.65,3.75,2.23,0.07,-1,46834,175627.25
SAUD,2020-12-03,3.77,3.77,3.62,3.68,3.6,0.05,-1,102823,378500.38
SAUD,2020-12-02,3.68,3.68,3.57,3.63,0.43,0.08,-1,102036,370870.31
SAUD,2020-12-01,3.63,3.63,3.51,3.55,-2.37,-0.04,-1,86893,308801.41
SAUD,2020-11-30,3.55,3.55,3.53,3.59,-1.35,0,-1,24820,87992.29
SAUD,2020-11-29,3.65,3.65,3.53,3.59,4.53,0.1,-1,83717,301012.94
SAUD,2020-11-26,3.55,3.55,3.45,3.49,0.87,-0.02,-1,269925,941250.69
SAUD,2020-11-25,3.6,3.6,3.44,3.51,-2.83,-0.03,-1,311536,1091978.75
SAUD,2020-11-24,3.6,3.6,3.51,3.54,0.09,0.01,-1,169033,598370.5
SAUD,2020-11-23,3.57,3.57,3.47,3.53,1.57,0.05,-1,102393,361839.22
SAUD,2020-11-22,3.53,3.53,3.34,3.48,1.57,0,-1,168218,585357.13
SAUD,2020-11-19,3.55,3.55,3.45,3.48,-2.66,-0.06,-1,148541,516908.63
SAUD,2020-11-18,3.61,3.61,3.5,3.54,-3.43,-0.09,-1,167395,593460.94
SAUD,2020-11-17,3.68,3.68,3.6,3.63,-1,0,-1,525181,1905703.5
SAUD,2020-11-16,3.65,3.65,3.59,3.63,-1.82,-0.05,-1,202522,736562.25
SAUD,2020-11-15,3.95,3.95,3.56,3.68,-0.42,0.05,-1,696164,2564387.75
SAUD,2020-11-12,3.63,3.63,3.34,3.63,9.93,0.32,-1,1130579,4103490.5
SAUD,2020-11-11,3.46,3.46,3.2,3.31,9.86,0.17,-1,1055140,3487344
SAUD,2020-11-10,3.18,3.18,3.13,3.14,0.19,-0.01,-1,113123,355856.63
SAUD,2020-11-09,3.16,3.16,3.07,3.15,2.36,0.06,-1,77647,244984.7
SAUD,2020-11-08,3.14,3.14,3.07,3.09,0.7,0.04,-1,215488,666439.75
SAUD,2020-11-05,3.06,3.06,3.04,3.05,0.1,-0.01,-1,47067,143496.69
SAUD,2020-11-04,3.12,3.12,3.04,3.06,1.98,-0.01,-1,12584,38448.83
SAUD,2020-11-03,3.11,3.11,3.04,3.07,0.49,0,-1,105703,324071
SAUD,2020-11-02,3.13,3.13,3.04,3.07,2,0.03,-1,59498,182889.2
SAUD,2020-11-01,3.04,3.04,3.04,3.04,-1.48,-0.04,-1,33276,101130
SAUD,2020-10-28,3.11,3.11,3.04,3.08,1.49,0.01,-1,52385,161527.7
SAUD,2020-10-27,3.1,3.1,3.04,3.07,-0.59,0,-1,206788,634485.69
SAUD,2020-10-26,3.1,3.1,3.04,3.07,2.04,0.09,-1,69838,214616.31
SAUD,2020-10-25,3.04,3.04,2.96,2.98,-0.61,0,-1,99411,295921.34
SAUD,2020-10-22,3.07,3.07,2.93,2.98,-1.98,-0.09,-1,158083,471531.44
SAUD,2020-10-21,3.13,3.13,2.99,3.07,-3.72,-0.04,-1,62427,191614.83
SAUD,2020-10-20,3.16,3.16,3.05,3.11,-0.1,0.04,-1,135518,420625.91
SAUD,2020-10-19,3.11,3.11,3.05,3.07,-1.66,-0.04,-1,97464,299233.28
SAUD,2020-10-18,3.12,3.12,3.08,3.11,-0.97,-0.03,-1,69289,215240.44
SAUD,2020-10-15,3.22,3.22,3.11,3.14,-2.93,-0.07,-1,37851,118827.18
SAUD,2020-10-14,3.23,3.23,3.16,3.21,2.16,0.11,-1,165950,532699.5
SAUD,2020-10-13,3.13,3.13,3.07,3.1,-3.25,-0.08,-1,44928,139258.02
SAUD,2020-10-12,3.24,3.24,3.14,3.18,-1.43,0,-1,165376,526270.25
SAUD,2020-10-11,3.22,3.22,3.1,3.18,1.74,0.03,-1,254998,811032.13
SAUD,2020-10-07,3.19,3.19,3.07,3.15,2.27,0.07,-1,395846,1246600.5
SAUD,2020-10-06,3.18,3.18,3.05,3.08,0.7,0.02,-1,13942,42952.4
SAUD,2020-10-05,3.18,3.18,3.05,3.06,-2.89,-0.09,-1,114439,350281.03
SAUD,2020-10-04,3.19,3.19,3.06,3.15,0,0,-1,9112,28623.16
SAUD,2020-10-01,3.16,3.16,3.07,3.15,-2.03,0,-1,6813,21141.2
SAUD,2020-09-30,3.19,3.19,3.1,3.15,-0.2,0.04,-1,24192,76211.98
SAUD,2020-09-29,3.16,3.16,3.07,3.11,1.67,0.01,-1,13876,43082.25
SAUD,2020-09-28,3.14,3.14,3.01,3.1,-4.81,-0.06,-1,197994,614232.38
SAUD,2020-09-27,3.19,3.19,3.12,3.16,2.08,0.09,-1,153692,485512.31
SAUD,2020-09-24,3.11,3.11,3.04,3.07,1.1,0.04,-1,90793,278223.56
SAUD,2020-09-23,3.14,3.14,2.99,3.03,1.13,0.08,-1,43153,130926.65
SAUD,2020-09-21,2.99,2.99,2.92,2.95,-2.14,-0.04,-1,211590,624865.75
SAUD,2020-09-20,3.04,3.04,2.96,2.99,-0.71,0.01,-1,302082,902507.44
SAUD,2020-09-17,3.04,3.04,2.96,2.98,-0.5,-0.07,-1,165492,493815
SAUD,2020-09-16,3.28,3.28,2.96,3.05,-3.35,-0.03,-1,369871,1128036.38
SAUD,2020-09-15,3.11,3.11,3.04,3.08,-3.01,-0.05,-1,59936,184735.05
SAUD,2020-09-14,3.15,3.15,3.1,3.13,-0.29,-0.03,-1,14098,44144.1
SAUD,2020-09-13,3.22,3.22,3.16,3.16,0,0,-1,3637,11510.9
SAUD,2020-09-10,3.22,3.22,3.11,3.16,1.36,0.03,-1,68176,215673.75
SAUD,2020-09-09,3.22,3.22,3.05,3.13,-1.92,-0.03,-1,147136,460957.41
SAUD,2020-09-08,3.23,3.23,3.04,3.16,-4.44,-0.06,-1,41963,132814.2
SAUD,2020-09-07,3.27,3.27,3.14,3.22,2.69,0.06,-1,35887,115338.19
SAUD,2020-09-06,3.17,3.17,3.16,3.16,-2.44,-0.08,-1,44434,140672.06
SAUD,2020-09-03,3.28,3.28,3.15,3.24,1.05,0.05,-1,61848,200403.92
SAUD,2020-09-02,3.19,3.19,3.19,3.19,0.29,0.01,-1,10552,33630.94
SAUD,2020-09-01,3.22,3.22,3.11,3.18,-0.96,0,-1,105295,334577.16
SAUD,2020-08-31,3.22,3.22,3.14,3.18,1.74,0.04,-1,125816,399899.81
SAUD,2020-08-30,3.14,3.14,3.1,3.14,2.07,0.06,-1,43301,135760.34
SAUD,2020-08-27,3.1,3.1,3.05,3.08,0.8,0.03,-1,92757,285544.41
SAUD,2020-08-26,3.1,3.1,3.01,3.05,2.03,0.06,-1,124305,379488.81
SAUD,2020-08-25,3.05,3.05,2.93,2.99,2.6,0.07,-1,128214,383806.63
SAUD,2020-08-24,2.94,2.94,2.89,2.92,1.26,0.03,-1,169718,495022.66
SAUD,2020-08-23,2.92,2.92,2.89,2.89,0.53,0.01,-1,46110,133448.67
SAUD,2020-08-19,2.89,2.89,2.83,2.88,0.64,0.01,-1,15470,44542
SAUD,2020-08-18,2.91,2.91,2.81,2.87,-1.8,-0.01,-1,116702,334829.25
SAUD,2020-08-17,2.91,2.91,2.87,2.88,0.32,0.03,-1,123543,355315.34
SAUD,2020-08-16,2.92,2.92,2.84,2.85,0.86,0.02,-1,165357,472042.19
SAUD,2020-08-13,2.87,2.87,2.78,2.83,0.65,0.02,-1,135916,384084.41
SAUD,2020-08-12,2.85,2.85,2.76,2.81,0.78,0.07,-1,231975,651040.13
SAUD,2020-08-11,2.8,2.8,2.69,2.74,0.44,0.01,-1,303280,831964.56
SAUD,2020-08-10,2.74,2.74,2.72,2.73,1.01,0.02,-1,79652,217662.81
SAUD,2020-08-09,2.73,2.73,2.66,2.71,3.21,0.06,-1,198260,535951.25
SAUD,2020-08-06,2.67,2.67,2.63,2.65,0.46,0,-1,135079,357631.19
SAUD,2020-08-05,2.67,2.67,2.64,2.65,0.57,0,-1,157343,418031.97
SAUD,2020-08-04,2.67,2.67,2.62,2.65,-0.34,-0.02,-1,119151,316304.78
SAUD,2020-07-29,2.68,2.68,2.63,2.67,-0.11,0,-1,17280,46131.19
SAUD,2020-07-28,2.66,2.66,2.66,2.67,-0.45,0,-1,3226,8584.8
SAUD,2020-07-27,2.69,2.69,2.64,2.67,2.33,0.06,-1,132756,355122.5
SAUD,2020-07-26,2.64,2.64,2.61,2.61,0.12,0,-1,527740,1379264.63
SAUD,2020-07-22,2.63,2.63,2.6,2.61,2.24,0.04,-1,36205,94510
SAUD,2020-07-21,2.63,2.63,2.56,2.57,0,0,-1,48781,125556.06
SAUD,2020-07-20,2.61,2.61,2.56,2.57,0.47,0.01,-1,29524,75979.8
SAUD,2020-07-19,2.61,2.61,2.55,2.56,1.65,-0.01,-1,139306,356708.16
SAUD,2020-07-16,2.61,2.61,2.55,2.57,-1.06,-0.02,-1,387655,996111.5
SAUD,2020-07-15,2.65,2.65,2.56,2.59,-1.15,-0.05,-1,95549,247286.8
SAUD,2020-07-14,2.67,2.67,2.61,2.64,0.23,-0.01,-1,132567,350350.38
SAUD,2020-07-13,2.67,2.67,2.62,2.65,2.46,0.06,-1,208118,551991.5
SAUD,2020-07-12,2.64,2.64,2.57,2.59,0.95,0.03,-1,124371,321906.55
SAUD,2020-07-09,2.6,2.6,2.54,2.56,-1.98,-0.05,-1,4236164,10862203
SAUD,2020-07-08,2.64,2.64,2.56,2.61,-1.15,-0.03,-1,118422,308758.03
SAUD,2020-07-07,2.66,2.66,2.6,2.64,-1.61,-0.01,-1,210916,556110.88
SAUD,2020-07-06,2.69,2.69,2.63,2.65,-2.13,-0.06,-1,78269,207396.5
SAUD,2020-07-05,2.73,2.73,2.63,2.71,4.45,0.12,-1,47446,128486.14
SAUD,2020-06-30,2.6,2.6,2.58,2.59,0.59,0.01,-1,65334,169342.5
SAUD,2020-06-29,2.64,2.64,2.56,2.58,-1.62,-0.04,-1,21345,54999.91
SAUD,2020-06-25,2.63,2.63,2.61,2.62,-0.12,0,-1,57866,151464.59
SAUD,2020-06-24,2.64,2.64,2.61,2.62,0.35,0.01,-1,125748,329622.78
SAUD,2020-06-23,2.61,2.61,2.61,2.61,0.82,0.02,-1,121828,318320.41
SAUD,2020-06-22,2.64,2.64,2.58,2.59,-0.23,0,-1,49404,127968.2
SAUD,2020-06-21,2.6,2.6,2.58,2.59,0.35,0.01,-1,19268,49939.8
SAUD,2020-06-18,2.61,2.61,2.57,2.58,-0.817,-0.02,-1,68083,175899.16
SAUD,2020-06-17,2.63,2.63,2.56,2.6,-0.12,-0.01,-1,39179,102006.07
SAUD,2020-06-16,2.63,2.63,2.6,2.61,-0.69,-0.02,-1,64909,169286.5
SAUD,2020-06-15,2.64,2.64,2.61,2.63,-0.58,-0.01,-1,49253,129247.16
SAUD,2020-06-14,2.64,2.64,2.63,2.64,0.58,0.01,-1,19419,51275
SAUD,2020-06-11,2.65,2.65,2.61,2.63,-0.69,-0.02,-1,50016,131500.23
SAUD,2020-06-10,2.72,2.72,2.61,2.65,1.14,-0.02,-1,353532,935755.06
SAUD,2020-06-09,2.67,2.67,2.67,2.67,-0.11,-0.01,-1,20571,55000
SAUD,2020-06-08,2.69,2.69,2.66,2.68,-0.56,-0.01,-1,144163,385835.59
SAUD,2020-06-07,2.73,2.73,2.69,2.69,-0.11,0,-1,27286,73473.5
SAUD,2020-06-04,2.7,2.7,2.63,2.69,3.26,0.08,-1,51510,138763
SAUD,2020-06-03,2.63,2.63,2.61,2.61,0,0,-1,543374,1419981.38
SAUD,2020-06-02,2.64,2.64,2.61,2.61,-0.81,-0.02,-1,288497,754098.38
SAUD,2020-06-01,2.66,2.66,2.61,2.63,-0.23,-0.01,-1,78684,207354.56
SAUD,2020-05-31,2.66,2.66,2.61,2.64,1.05,0.03,-1,24938,65808.7
SAUD,2020-05-21,2.61,2.61,2.61,2.61,-0.81,-0.02,-1,73398,191785
SAUD,2020-05-20,2.64,2.64,2.61,2.63,-0.575,-0.01,-1,60397,158654.91
SAUD,2020-05-19,2.65,2.65,2.61,2.64,-0.11,-0.01,-1,26345,69654.4
SAUD,2020-05-18,2.67,2.67,2.61,2.65,-1.83,-0.01,-1,74391,196930.09
SAUD,2020-05-17,2.7,2.7,2.63,2.66,4.41,0.11,-1,44275,117901.18
SAUD,2020-05-14,2.55,2.55,2.54,2.55,0.36,0.01,-1,57550,146704.3
SAUD,2020-05-13,2.56,2.56,2.52,2.54,-0.71,-0.02,-1,23396,59427.48
SAUD,2020-05-12,2.56,2.56,2.55,2.56,-0.36,-0.01,-1,61612,157547.34
SAUD,2020-05-11,2.57,2.57,2.52,2.57,-1.05,-0.03,-1,20505,52616
SAUD,2020-05-10,2.61,2.61,2.55,2.6,-0.23,0,-1,29897,77604.71
SAUD,2020-05-07,2.63,2.63,2.6,2.6,-1.382,-0.04,-1,454660,1182265.5
SAUD,2020-05-06,2.64,2.64,2.57,2.64,3.09,0.08,-1,80110,211286.3
SAUD,2020-05-05,2.61,2.61,2.52,2.56,-2.09,-0.05,-1,132723,339668.31
SAUD,2020-05-04,2.63,2.63,2.59,2.61,-0.81,-0.02,-1,101211,264601.56
SAUD,2020-05-03,2.65,2.65,2.61,2.63,-0.34,-0.01,-1,102431,269731.59
SAUD,2020-04-30,2.67,2.67,2.63,2.64,0,0,-1,290732,768412.94
SAUD,2020-04-29,2.65,2.65,2.63,2.64,0,0,-1,349697,924410.19
SAUD,2020-04-28,2.67,2.67,2.64,2.64,-0.8,-0.03,-1,1176159,3109939
SAUD,2020-04-27,2.69,2.69,2.64,2.67,0.92,0.03,-1,93607,249467.55
SAUD,2020-04-26,2.72,2.72,2.63,2.64,-1.25,-0.03,-1,240489,634797.31
SAUD,2020-04-23,2.73,2.73,2.62,2.67,-7.66,-0.22,-1,152019,406462.75
SAUD,2020-04-22,2.97,2.97,2.85,2.89,1.49,0.04,-1,166473,481895.88
SAUD,2020-04-21,2.89,2.89,2.83,2.85,-0.63,-0.02,-1,80497,229757.58
SAUD,2020-04-16,2.94,2.94,2.85,2.87,0.21,0,-1,20396,58539.47
SAUD,2020-04-15,2.92,2.92,2.83,2.87,-1.05,-0.02,-1,200954,576032.63
SAUD,2020-04-14,2.97,2.97,2.85,2.89,4.38,0.05,-1,82000,237479.09
SAUD,2020-04-13,2.94,2.94,2.83,2.84,0.32,0.01,-1,318854,906316.5
SAUD,2020-04-12,2.85,2.85,2.81,2.83,1.413,0.03,-1,20980,59456.86
SAUD,2020-04-09,2.85,2.85,2.75,2.8,-0.11,0,-1,57962,162040.2
SAUD,2020-04-08,2.85,2.85,2.75,2.8,-0.43,-0.01,-1,95198,266302.13
SAUD,2020-04-07,2.85,2.85,2.73,2.81,4.17,0.11,-1,56072,157555.5
SAUD,2020-04-06,2.72,2.72,2.68,2.7,0.91,0.03,-1,162036,437327.59
SAUD,2020-04-05,2.68,2.68,2.67,2.67,-4.76,-0.14,-1,36535,97714.5
SAUD,2020-04-02,2.83,2.83,2.67,2.81,4.03,0.09,-1,190978,536188.25
SAUD,2020-04-01,2.73,2.73,2.67,2.72,-1.43,-0.04,-1,18498,50220.5
SAUD,2020-03-31,2.85,2.85,2.73,2.76,3.54,0.1,-1,47703,131400.8
SAUD,2020-03-30,2.73,2.73,2.64,2.66,-2.123,-0.06,-1,70798,188502
SAUD,2020-03-29,2.75,2.75,2.68,2.72,3.11,0.08,-1,42555,115711
SAUD,2020-03-26,2.74,2.74,2.73,2.64,0,0,-1,7074,19380.78
SAUD,2020-03-25,2.64,2.64,2.63,2.64,-3.98,-0.11,-1,31348,82682.39
SAUD,2020-03-24,2.83,2.83,2.71,2.75,1.46,0.04,-1,31798,87328.36
SAUD,2020-03-23,2.8,2.8,2.67,2.71,4.09,0.11,-1,63853,172825.95
SAUD,2020-03-22,2.67,2.67,2.55,2.6,3.88,0.1,-1,38112,99137.36
SAUD,2020-03-19,2.58,2.58,2.46,2.5,0.49,0.01,-1,57155,143109.89
SAUD,2020-03-18,2.56,2.56,2.43,2.49,-4.21,-0.11,-1,134245,334499.56
SAUD,2020-03-17,2.72,2.72,2.58,2.6,-0.93,-0.03,-1,152567,396877.44
SAUD,2020-03-16,2.67,2.67,2.57,2.63,-1.59,-0.04,-1,129308,339631.91
SAUD,2020-03-15,2.91,2.91,2.58,2.67,-1.57,-0.04,-1,102541,273456.16
SAUD,2020-03-11,2.72,2.72,2.69,2.71,0.34,0.01,-1,99762,270237.88
SAUD,2020-03-10,2.73,2.73,2.66,2.7,1.95,0.05,-1,121529,328193.97
SAUD,2020-03-09,2.67,2.67,2.65,2.65,-3.85,-0.11,-1,60279,159916.69
SAUD,2020-03-08,2.81,2.81,2.72,2.76,-2.26,-0.06,-1,158969,438688.06
SAUD,2020-03-05,2.89,2.89,2.8,2.82,0,0,-1,273068,771048.56
SAUD,2020-03-04,2.83,2.83,2.81,2.82,-1.28,-0.04,-1,95281,269054.28
SAUD,2020-03-03,2.89,2.89,2.83,2.86,-0.84,-0.02,-1,73697,210696.81
SAUD,2020-03-02,2.93,2.93,2.83,2.88,-0.21,-0.01,-1,152403,439337.88
SAUD,2020-03-01,2.92,2.92,2.8,2.89,-0.94,-0.03,-1,69827,201708.45
SAUD,2020-02-27,2.99,2.99,2.89,2.92,-3.52,-0.1,-1,295713,862375.81
SAUD,2020-02-26,3.04,3.04,3,3.02,-0.7,-0.02,-1,52355,158254.86
SAUD,2020-02-25,3.11,3.11,3.04,3.04,-1.86,-0.06,-1,109623,333578.09
SAUD,2020-02-24,3.11,3.11,3.06,3.1,-0.49,-0.02,-1,104244,323428
SAUD,2020-02-23,3.15,3.15,3.11,3.12,-1.63,-0.04,-1,305645,952594
SAUD,2020-02-20,3.16,3.16,3.16,3.16,-0.19,-0.01,-1,9874,31235
SAUD,2020-02-19,3.19,3.19,3.16,3.17,-1.04,-0.03,-1,39497,125131
SAUD,2020-02-18,3.18,3.18,3.15,3.2,0,0,-1,3291,10407
SAUD,2020-02-17,3.25,3.25,3.16,3.2,-1.31,-0.04,-1,77617,248603.25
SAUD,2020-02-16,3.25,3.25,3.14,3.24,-0.28,-0.01,-1,19074,61866.25
SAUD,2020-02-13,3.31,3.31,3.24,3.25,-0.19,-0.01,-1,51316,166930.63
SAUD,2020-02-12,3.27,3.27,3.25,3.26,-1.29,-0.04,-1,21608,70465.11
SAUD,2020-02-11,3.32,3.32,3.25,3.3,-1.002,-0.04,-1,70782,233734.59
SAUD,2020-02-10,3.37,3.37,3.25,3.34,1.48,0.05,-1,55833,186319.91
SAUD,2020-02-09,3.31,3.31,3.27,3.29,-0.64,-0.02,-1,18004,59174.9
SAUD,2020-02-06,3.31,3.31,3.23,3.31,0,0,-1,5266,17246.75
SAUD,2020-02-05,3.33,3.33,3.28,3.31,0.554,0.02,-1,24211,80070.46
SAUD,2020-02-04,3.32,3.32,3.27,3.29,1.12,0.04,-1,14167,46627.62
SAUD,2020-02-03,3.33,3.33,3.11,3.25,0.19,0,-1,19913,64787.5
SAUD,2020-02-02,3.28,3.28,3.23,3.25,-0.37,-0.01,-1,34214,111127.6
SAUD,2020-01-30,3.31,3.31,3.19,3.26,1.04,0.03,-1,159748,520652.5
SAUD,2020-01-29,3.27,3.27,3.16,3.23,2.41,0.08,-1,28849,93081
SAUD,2020-01-28,3.23,3.23,3.13,3.15,0.39,0.01,-1,30391,95701.4
SAUD,2020-01-27,3.19,3.19,3.11,3.14,-2.82,-0.09,-1,64440,202319.63
SAUD,2020-01-26,3.26,3.26,3.19,3.23,2.61,0.08,-1,10881,35143.86
SAUD,2020-01-23,3.27,3.27,3.19,3.15,0,0,-1,6451,20741.89
SAUD,2020-01-22,3.19,3.19,3.13,3.15,0.58,0.02,-1,59950,188769.91
SAUD,2020-01-21,3.16,3.16,3.11,3.13,-2.65,-0.09,-1,74687,233774.75
SAUD,2020-01-20,3.27,3.27,3.11,3.22,3.83,0.12,-1,209245,672435.75
SAUD,2020-01-19,3.11,3.11,3.07,3.1,1.49,0.05,-1,42503,131584.02
SAUD,2020-01-16,3.08,3.08,3.04,3.05,1.41,0.04,-1,116971,356780.41
SAUD,2020-01-15,3.04,3.04,2.98,3.01,-0.2,-0.01,-1,349733,1052238.25
SAUD,2020-01-14,3.04,3.04,2.92,3.02,-0.8,-0.02,-1,324365,977444.56
SAUD,2020-01-13,3.04,3.04,2.98,3.04,0.2,0.01,-1,170623,518239.09
SAUD,2020-01-12,3.04,3.04,3.03,3.03,1.32,0.04,-1,13495,40923.5
SAUD,2020-01-09,3.01,3.01,2.98,2.99,0,0,-1,195778,585765
SAUD,2020-01-08,3.14,3.14,3.04,2.99,0,0,-1,4778,14834.62
SAUD,2020-01-06,3.07,3.07,2.98,2.99,-0.2,-0.01,-1,50454,150949.55
SAUD,2020-01-05,3.04,3.04,2.95,3,-2.76,-0.08,-1,86940,260833.56
SAUD,2020-01-02,3.08,3.08,3.07,3.08,0,0,-1,3950,12160
SAUD,2019-12-31,3.09,3.09,3.06,3.08,0,0,-1,142959,440830.09
SAUD,2019-12-30,3.16,3.16,3.05,3.08,0.1,0,-1,1286646,3968379.5
SAUD,2019-12-29,3.22,3.22,3.01,3.08,3.68,0.11,-1,90294,278157.28
SAUD,2019-12-26,2.97,2.97,2.97,2.97,0,0,-1,2765,8215.2
SAUD,2019-12-25,3,3,2.95,2.97,0.62,0.02,-1,13950,41445.78
SAUD,2019-12-24,3.01,3.01,2.95,2.95,-0.31,-0.01,-1,110671,326764.81
SAUD,2019-12-23,3,3,2.97,2.96,0,0,-1,8736,26026.68
SAUD,2019-12-22,3.01,3.01,2.97,2.96,0,0,-1,3796,11393.31
SAUD,2019-12-19,2.98,2.98,2.92,2.96,-0.61,0,-1,75856,224641.45
SAUD,2019-12-18,3.01,3.01,2.97,2.96,0,0,-1,7112,21374.32
SAUD,2019-12-17,3.01,3.01,2.95,2.96,0.41,0.01,-1,28273,83846.55
SAUD,2019-12-16,2.97,2.97,2.95,2.95,-0.82,-0.03,-1,38891,114839.97
SAUD,2019-12-15,2.98,2.98,2.97,2.98,0.62,0.02,-1,46540,138579.81
SAUD,2019-12-12,2.99,2.99,2.95,2.96,0,-0.02,-1,49157,145442.7
SAUD,2019-12-11,2.99,2.99,2.99,2.98,0,0,-1,8229,24575
SAUD,2019-12-10,2.98,2.98,2.98,2.98,0.82,0.03,-1,33602,100043.13
SAUD,2019-12-09,2.98,2.98,2.95,2.95,1.89,0.05,-1,286001,844319.63
SAUD,2019-12-08,2.92,2.92,2.89,2.9,0,0,-1,9880,28879.02
SAUD,2019-12-04,2.94,2.94,2.89,2.9,0.42,0.01,-1,205594,595609.69
SAUD,2019-12-03,2.9,2.9,2.88,2.89,-0.63,-0.02,-1,39727,114656.96
SAUD,2019-12-02,2.92,2.92,2.89,2.91,-1.34,-0.03,-1,69531,201881.48
SAUD,2019-12-01,3.02,3.02,2.92,2.94,-2.04,-0.04,-1,95651,281610
SAUD,2019-11-28,3.02,3.02,2.96,2.98,-0.51,0,-1,22590,67246.85
SAUD,2019-11-27,3.03,3.03,2.96,2.98,-1.8,-0.05,-1,172911,514996.41
SAUD,2019-11-26,3.03,3.03,3.02,3.03,-0.1,0,-1,91109,276331.5
SAUD,2019-11-25,3.04,3.04,3.03,3.03,0.1,0,-1,211099,640951.25
SAUD,2019-11-24,3.04,3.04,3.02,3.03,-0.3,-0.01,-1,133214,404111.31
SAUD,2019-11-21,3.09,3.09,3.02,3.04,-1.67,-0.05,-1,314043,955019
SAUD,2019-11-20,3.1,3.1,3.08,3.09,0.2,0,-1,87200,269575.97
SAUD,2019-11-19,3.13,3.13,3.07,3.09,-1.36,-0.04,-1,50172,154852.47
SAUD,2019-11-18,3.2,3.2,3.1,3.13,-3.29,-0.1,-1,325799,1019554
SAUD,2019-11-17,3.28,3.28,3.18,3.23,0.57,0.01,-1,193386,625636.06
SAUD,2019-11-14,3.25,3.25,3.19,3.22,0.67,0.02,-1,34988,112541.4
SAUD,2019-11-13,3.22,3.22,3.19,3.2,-0.38,-0.01,-1,35073,112136.76
SAUD,2019-11-12,3.22,3.22,3.19,3.21,-0.47,-0.01,-1,71187,228367.3
SAUD,2019-11-11,3.27,3.27,3.22,3.22,0.09,0,-1,28926,93239.73
SAUD,2019-11-07,3.23,3.23,3.22,3.22,-0.28,-0.01,-1,23358,75231.2
SAUD,2019-11-06,3.28,3.28,3.22,3.23,-0.75,-0.02,-1,35136,113492.28
SAUD,2019-11-05,3.28,3.28,3.23,3.25,-0.19,-0.01,-1,18679,60751.19
SAUD,2019-11-04,3.31,3.31,3.23,3.26,0.47,0.02,-1,14109,45998.46
SAUD,2019-11-03,3.49,3.49,3.22,3.24,-2.47,-0.09,-1,287674,933680.06
SAUD,2019-10-31,3.44,3.44,3.19,3.33,0.37,0.02,-1,26084,86744.7
SAUD,2019-10-30,3.31,3.31,3.27,3.31,0.59,0.01,-1,431483,1429868.63
SAUD,2019-10-29,3.31,3.31,3.27,3.3,1.62,0.06,-1,14043,46264.88
SAUD,2019-10-28,3.3,3.3,3.23,3.24,1.82,0.06,-1,13034,42262.43
SAUD,2019-10-27,3.3,3.3,3.11,3.18,-2.37,-0.08,-1,24982,79591.07
SAUD,2019-10-24,3.31,3.31,3.19,3.26,-0.84,-0.03,-1,14976,48837.31
SAUD,2019-10-23,3.31,3.31,3.28,3.29,-0.5,-0.02,-1,15568,51214
SAUD,2019-10-22,3.31,3.31,3.26,3.31,-0.25,0,-1,11657,38555.96
SAUD,2019-10-21,3.31,3.31,3.31,3.31,0,0,-1,16292,54000
SAUD,2019-10-20,3.31,3.31,3.31,3.31,-1.23,-0.05,-1,69986,231960
SAUD,2019-10-17,3.31,3.31,3.25,3.36,0,0,-1,6432,21049.12
SAUD,2019-10-16,3.44,3.44,3.31,3.36,3.49,0.12,-1,36236,121596.82
SAUD,2019-10-14,3.27,3.27,3.23,3.24,-1.01,-0.03,-1,17085,55423.25
SAUD,2019-10-13,3.33,3.33,3.2,3.27,-1.08,-0.04,-1,11394,37328.45
SAUD,2019-10-10,3.44,3.44,3.34,3.31,0,0,-1,5431,18275.35
SAUD,2019-10-09,3.41,3.41,3.31,3.31,0,0,-1,7386,24494
SAUD,2019-10-08,3.31,3.31,3.24,3.31,-2.28,-0.08,-1,200707,664555.94
SAUD,2019-10-03,3.45,3.45,3.38,3.39,0.16,0.01,-1,27154,91990
SAUD,2019-10-02,3.47,3.47,3.34,3.38,0.66,0.02,-1,10862,36750
SAUD,2019-10-01,3.38,3.38,3.32,3.36,2.53,0.08,-1,15481,52047.6
SAUD,2019-09-30,3.31,3.31,3.26,3.28,2.86,0.09,-1,30215,99033.6
SAUD,2019-09-29,3.23,3.23,3.18,3.19,5.68,0.17,-1,44121,140642
SAUD,2019-09-26,3.11,3.11,3.09,3.02,2.56,0,-1,4888,15142.05
SAUD,2019-09-25,3.23,3.23,2.9,3.02,-2.24,-0.06,-1,49259,148527
SAUD,2019-09-24,3.23,3.23,2.98,3.08,-6.53,-0.22,-1,22875,70553.73
SAUD,2019-09-23,3.26,3.26,3.04,3.3,0,0,-1,9101,28770.26
SAUD,2019-09-22,3.44,3.44,3.23,3.3,-7.94,-0.28,-1,31403,103659.24
SAUD,2019-09-19,3.41,3.41,3.41,3.58,0,0,-1,2545,8667.99
SAUD,2019-09-16,3.47,3.47,3.41,3.58,0,0,-1,2715,9379.5
SAUD,2019-09-15,3.59,3.59,3.55,3.58,-1.96,-0.08,-1,23734,85059.7
SAUD,2019-09-12,3.73,3.73,3.55,3.66,5.08,0.18,-1,49058,179422.11
SAUD,2019-09-11,3.52,3.52,3.43,3.48,1.205,0.04,-1,13613,47393.88
SAUD,2019-09-10,3.47,3.47,3.4,3.44,-1.03,-0.03,-1,38858,133621.66
SAUD,2019-09-09,3.42,3.42,3.42,3.47,0,0,-1,3621,12400
SAUD,2019-09-08,3.47,3.47,3.41,3.47,0,0,-1,7603,26333
SAUD,2019-09-04,3.44,3.44,3.44,3.47,0,0,-1,5431,18675
SAUD,2019-09-03,3.51,3.51,3.45,3.47,-1.72,-0.07,-1,19732,68571.4
SAUD,2019-09-02,3.54,3.54,3.45,3.54,0,0,-1,210606,744297.63
SAUD,2019-09-01,3.58,3.58,3.56,3.54,0,0,-1,2071,7401.1
SAUD,2019-08-29,3.59,3.59,3.48,3.54,2.07,0.08,-1,20456,72340.88
SAUD,2019-08-28,3.54,3.54,3.42,3.46,-0.16,-0.01,-1,29688,102817.96
SAUD,2019-08-27,3.5,3.5,3.4,3.47,3.2,0.11,-1,10862,37690.65
SAUD,2019-08-26,3.37,3.37,3.37,3.36,0,0,-1,5631,18977.18
SAUD,2019-08-25,3.39,3.39,3.34,3.36,-0.81,-0.03,-1,27058,90925.4
SAUD,2019-08-22,3.44,3.44,3.35,3.39,2.08,0.07,-1,30550,103503.33
SAUD,2019-08-21,3.38,3.38,3.35,3.32,0,0,-1,4888,16467.44
SAUD,2019-08-20,3.45,3.45,3.34,3.32,0,0,-1,4707,15849
SAUD,2019-08-19,3.42,3.42,3.29,3.32,-0.33,-0.01,-1,26364,87516.11
SAUD,2019-08-18,3.43,3.43,3.31,3.33,0.25,0,-1,43559,145101.95
SAUD,2019-08-15,3.34,3.34,3.31,3.33,0.25,0.02,-1,48913,162497.59
SAUD,2019-08-14,3.49,3.49,3.29,3.31,0.93,0.03,-1,58653,194359
SAUD,2019-08-08,3.31,3.31,3.25,3.28,-0.34,-0.02,-1,19156,62915
SAUD,2019-08-07,3.24,3.24,3.24,3.3,0,0,-1,861,2796.5
SAUD,2019-08-06,3.3,3.3,3.2,3.3,0,0,-1,5214,16977.2
SAUD,2019-08-05,3.31,3.31,3.27,3.3,0.17,0.01,-1,32590,107387.5
SAUD,2019-08-04,3.29,3.29,3.29,3.29,-1.57,-0.05,-1,10947,36009.6
SAUD,2019-08-01,3.38,3.38,3.31,3.34,1.6,0.05,-1,45040,150503.44
SAUD,2019-07-31,3.31,3.31,3.29,3.29,-1.08,-0.04,-1,23534,77420
SAUD,2019-07-30,3.4,3.4,3.25,3.33,-0.41,-0.01,-1,27911,92808.54
SAUD,2019-07-29,3.38,3.38,3.31,3.34,-3.13,-0.11,-1,29151,97350.16
SAUD,2019-07-28,3.48,3.48,3.45,3.45,0,0,-1,7839,27107.5
SAUD,2019-07-25,3.47,3.47,3.45,3.45,0,0,-1,7307,25226.8
SAUD,2019-07-24,3.45,3.45,3.4,3.45,0.16,0,-1,1171,4025
SAUD,2019-07-22,3.51,3.51,3.39,3.45,-1.73,-0.06,-1,23849,82225.55
SAUD,2019-07-21,3.56,3.56,3.38,3.51,-0.78,-0.03,-1,9523,33400
SAUD,2019-07-18,3.58,3.58,3.49,3.54,0.87,0.03,-1,45172,159689.77
SAUD,2019-07-17,3.55,3.55,3.39,3.51,0,0,-1,1991,6773.09
SAUD,2019-07-16,3.58,3.58,3.48,3.51,-0.86,-0.03,-1,12790,44850.59
SAUD,2019-07-15,3.54,3.54,3.54,3.54,-1.39,-0.04,-1,10862,38400
SAUD,2019-07-14,3.69,3.69,3.54,3.58,0,0,-1,2787,10047.6
SAUD,2019-07-11,3.52,3.52,3.52,3.58,0,0,-1,36,127.5
SAUD,2019-07-10,3.52,3.52,3.51,3.58,0,0,-1,3996,14055.06
SAUD,2019-07-09,3.59,3.59,3.53,3.58,1.72,0.05,-1,13670,48981.96
SAUD,2019-07-08,3.59,3.59,3.49,3.53,-2.45,-0.08,-1,10412,36685.96
SAUD,2019-07-04,3.66,3.66,3.51,3.61,-0.08,-0.01,-1,13100,47320.35
SAUD,2019-07-03,3.65,3.65,3.38,3.62,0,0,-1,2907,9854.5
SAUD,2019-07-02,3.65,3.65,3.58,3.62,1.39,0.05,-1,14320,51784.65
SAUD,2019-06-27,3.57,3.57,3.47,3.57,5.3,0.18,-1,9913,35355.21
SAUD,2019-06-26,3.56,3.56,3.32,3.39,-3.31,-0.11,-1,10908,36939.99
SAUD,2019-06-25,3.45,3.45,3.45,3.5,0,0,-1,5359,18500
SAUD,2019-06-20,3.52,3.52,3.45,3.5,-2.69,-0.1,-1,28273,98993.58
SAUD,2019-06-19,3.66,3.66,3.48,3.6,2.28,0.08,-1,17049,61340.98
SAUD,2019-06-18,3.45,3.45,3.44,3.52,0,0,-1,3371,11593.37
SAUD,2019-06-17,3.54,3.54,3.35,3.52,-5.24,-0.01,-1,14839,52227.76
SAUD,2019-06-13,3.59,3.59,3.4,3.53,-1.62,-0.06,-1,20601,72759.3
SAUD,2019-06-11,3.65,3.65,3.59,3.59,1.32,0.04,-1,186823,670917.44
SAUD,2019-06-10,3.55,3.55,3.55,3.55,2.64,0.09,-1,152063,539700
SAUD,2019-06-03,3.48,3.48,3.48,3.46,0,0,-1,3,12.6
SAUD,2019-05-30,3.65,3.65,3.45,3.46,-0.63,-0.02,-1,60098,207877.39
SAUD,2019-05-29,3.49,3.49,3.45,3.48,-2.25,-0.08,-1,12691,44176.75
SAUD,2019-05-28,3.45,3.45,3.45,3.56,-3.03,0,-1,4306,14866.5
SAUD,2019-05-27,3.58,3.58,3.52,3.56,-0.08,0,-1,12345,43938
SAUD,2019-05-26,3.65,3.65,3.65,3.56,0,0,-1,817,2972.25
SAUD,2019-05-23,3.57,3.57,3.57,3.56,0,0,-1,38,142.12
SAUD,2019-05-22,3.67,3.67,3.52,3.56,0,0,-1,144827,516120.44
SAUD,2019-05-21,3.59,3.59,3.59,3.56,0,0,-1,3621,13000
SAUD,2019-05-20,3.58,3.58,3.55,3.56,-0.54,-0.02,-1,119478,425740
SAUD,2019-05-19,3.58,3.58,3.58,3.58,0,0,-1,4128,14763
SAUD,2019-05-16,3.59,3.59,3.5,3.58,-2.26,-0.08,-1,12044,43140.96
SAUD,2019-05-15,3.7,3.7,3.59,3.66,7.28,0.24,-1,25791,94537.45
SAUD,2019-05-14,3.66,3.66,3.31,3.42,-5.93,-0.21,-1,40728,139165.5
SAUD,2019-05-13,3.63,3.63,3.62,3.63,1.15,0.04,-1,242088,879254.75
SAUD,2019-05-12,3.59,3.59,3.59,3.59,0,0,-1,27851,100009
SAUD,2019-05-09,3.66,3.66,3.59,3.59,0.08,0,-1,265122,951977.5
SAUD,2019-05-08,3.59,3.59,3.57,3.59,-0.08,0,-1,68883,247129.38
SAUD,2019-05-07,3.59,3.59,3.45,3.59,-2.11,-0.08,-1,615047,2208065.75
SAUD,2019-05-06,3.7,3.7,3.59,3.67,1.22,0.05,-1,100064,367134.97
SAUD,2019-05-05,3.7,3.7,3.63,3.62,0,0,-1,3749,13732.41
SAUD,2019-05-02,3.7,3.7,3.47,3.62,1.55,0.05,-1,84243,305250.28
SAUD,2019-04-30,3.66,3.66,3.55,3.57,3.53,0.12,-1,102642,366265
SAUD,2019-04-24,3.59,3.59,3.38,3.45,3.74,0.12,-1,50430,173896.06
SAUD,2019-04-23,3.38,3.38,3.34,3.33,0,0,-1,7998,26847.85
SAUD,2019-04-22,3.38,3.38,3.32,3.33,-1.23,-0.03,-1,9054,30076.25
SAUD,2019-04-21,3.38,3.38,3.31,3.36,-1.48,0,-1,4210,14028.5
SAUD,2019-04-18,3.42,3.42,3.29,3.36,1.5,0.05,-1,17291,58169.84
SAUD,2019-04-17,3.33,3.33,3.28,3.31,-0.25,-0.02,-1,83272,275979.81
SAUD,2019-04-16,3.34,3.34,3.31,3.33,-0.41,0,-1,54426,180810.95
SAUD,2019-04-15,3.34,3.34,3.29,3.33,-0.82,-0.03,-1,20714,68934.59
SAUD,2019-04-14,3.37,3.37,3.33,3.36,-1.31,-0.01,-1,22129,74248.92
SAUD,2019-04-11,3.42,3.42,3.36,3.37,0.99,0.03,-1,61165,206278.8
SAUD,2019-04-10,3.37,3.37,3.31,3.34,0.33,0.01,-1,28205,94183.9
SAUD,2019-04-09,3.34,3.34,3.31,3.33,-0.99,-0.03,-1,55685,185257.73
SAUD,2019-04-08,3.36,3.36,3.34,3.36,0,0,-1,3508,11763.9
SAUD,2019-04-07,3.42,3.42,3.36,3.36,0,0,-1,1829,6211.24
SAUD,2019-04-04,3.43,3.43,3.36,3.36,0.25,0.01,-1,240796,809717.06
SAUD,2019-04-03,3.36,3.36,3.29,3.35,0.75,0.02,-1,195202,654436.06
SAUD,2019-04-02,3.34,3.34,3.31,3.33,-0.9,-0.03,-1,61582,204980.53
SAUD,2019-04-01,3.37,3.37,3.34,3.36,0,0,-1,17274,58015.5
SAUD,2019-03-31,3.45,3.45,3.34,3.36,-0.41,-0.01,-1,20143,67678.4
SAUD,2019-03-28,3.43,3.43,3.31,3.37,0.25,0.01,-1,31715,106990
SAUD,2019-03-27,3.45,3.45,3.33,3.36,1.5,0.05,-1,18158,61083.95
SAUD,2019-03-26,3.34,3.34,3.26,3.31,-1.72,-0.06,-1,88404,292918.75
SAUD,2019-03-25,3.44,3.44,3.31,3.37,-2.55,-0.09,-1,83695,282240.5
SAUD,2019-03-24,3.49,3.49,3.38,3.46,-0.87,-0.03,-1,141025,488141.25
SAUD,2019-03-21,3.55,3.55,3.43,3.49,-1.17,-0.04,-1,93248,325579.09
SAUD,2019-03-20,3.56,3.56,3.52,3.53,-1.24,-0.04,-1,37752,133380.95
SAUD,2019-03-19,3.64,3.64,3.29,3.57,-2.34,-0.08,-1,84460,301262.72
SAUD,2019-03-18,3.67,3.67,3.63,3.65,0.23,0.01,-1,19554,71411.6
SAUD,2019-03-17,3.73,3.73,3.62,3.64,-0.3,-0.02,-1,40193,146488.16
SAUD,2019-03-14,3.72,3.72,3.63,3.66,-2.29,-0.08,-1,42843,156726.36
SAUD,2019-03-13,3.81,3.81,3.7,3.74,-4.44,-0.18,-1,43693,163537.95
SAUD,2019-03-12,4,4,3.88,3.92,0.35,0.02,-1,96619,378438.5
SAUD,2019-03-11,3.97,3.97,3.81,3.9,0.64,0.02,-1,8574,33463.91
SAUD,2019-03-10,3.97,3.97,3.87,3.88,-2.23,-0.08,-1,32837,127305.58
SAUD,2019-03-07,4.09,4.09,3.95,3.96,1.2,0.04,-1,12669,50250.06
SAUD,2019-03-06,3.96,3.96,3.86,3.92,-0.13,-0.01,-1,53156,208315.38
SAUD,2019-03-05,3.96,3.96,3.85,3.93,0.96,0.04,-1,88816,348490.22
SAUD,2019-03-04,3.94,3.94,3.85,3.89,-0.7,-0.02,-1,59476,231204.59
SAUD,2019-03-03,3.94,3.94,3.89,3.91,1.09,0.04,-1,25604,100211.71
SAUD,2019-02-28,3.97,3.97,3.8,3.87,-0.7,-0.03,-1,75362,291715.88
SAUD,2019-02-27,3.9,3.9,3.82,3.9,2.62,0.1,-1,39393,153612.3
SAUD,2019-02-26,3.84,3.84,3.76,3.8,-0.59,-0.02,-1,62040,235771.56
SAUD,2019-02-25,3.83,3.83,3.82,3.82,-1.03,-0.04,-1,20094,76804.5
SAUD,2019-02-24,3.9,3.9,3.82,3.86,1.57,0.06,-1,16452,63558.66
SAUD,2019-02-21,3.83,3.83,3.78,3.8,-1.55,-0.06,-1,231108,878788.31
SAUD,2019-02-20,3.98,3.98,3.83,3.86,0.52,0.02,-1,354857,1370102.38
SAUD,2019-02-19,3.98,3.98,3.73,3.84,3.07,0.11,-1,122690,471468.84
SAUD,2019-02-18,3.79,3.79,3.71,3.73,0.201,0.01,-1,119184,444396.69
SAUD,2019-02-17,3.76,3.76,3.71,3.72,2.55,0.1,-1,29189,108559.52
SAUD,2019-02-14,3.69,3.69,3.61,3.62,-0.89,-0.03,-1,120163,434407.09
SAUD,2019-02-13,3.73,3.73,3.61,3.65,-2.59,-0.09,-1,309142,1127798
SAUD,2019-02-12,3.81,3.81,3.73,3.74,0.6,0.02,-1,30399,113826.16
SAUD,2019-02-11,3.77,3.77,3.71,3.72,-0.53,-0.02,-1,25678,95595.81
SAUD,2019-02-10,3.84,3.84,3.73,3.74,0,0,-1,3075,11536.9
SAUD,2019-02-07,3.84,3.84,3.71,3.74,-0.33,-0.01,-1,62457,233684.56
SAUD,2019-02-06,3.77,3.77,3.73,3.75,0.07,0,-1,32151,120712.39
SAUD,2019-02-05,3.77,3.77,3.73,3.75,1,0.03,-1,8037,30150
SAUD,2019-02-04,3.75,3.75,3.68,3.72,0,0,-1,6029,22319.2
SAUD,2019-02-03,3.81,3.81,3.76,3.72,0,0,-1,3898,14658.9
SAUD,2019-01-31,3.74,3.74,3.67,3.72,0,0,-1,5626,20885
SAUD,2019-01-30,3.74,3.74,3.63,3.72,-0.47,-0.01,-1,30942,114923.2
SAUD,2019-01-29,3.75,3.75,3.73,3.73,-0.4,-0.02,-1,10472,39091.8
SAUD,2019-01-28,3.77,3.77,3.74,3.75,0.33,0.02,-1,10478,39249.15
SAUD,2019-01-27,3.81,3.81,3.7,3.73,4.44,0.08,-1,22299,83227.1
SAUD,2019-01-23,3.65,3.65,3.63,3.65,-0.204,0,-1,16723,60947.31
SAUD,2019-01-22,3.66,3.66,3.61,3.65,-0.542,-0.02,-1,27993,102237.41
SAUD,2019-01-21,3.7,3.7,3.61,3.67,2.5,0.09,-1,53749,197352.8
SAUD,2019-01-20,3.58,3.58,3.58,3.58,-1.84,-0.07,-1,12096,43344
SAUD,2019-01-17,3.69,3.69,3.53,3.65,3.53,0.12,-1,34184,124806.85
SAUD,2019-01-16,3.57,3.57,3.38,3.53,1.87,0.07,-1,11172,39364.94
SAUD,2019-01-15,3.48,3.48,3.48,3.46,0,0,-1,1607,5596
SAUD,2019-01-14,3.48,3.48,3.4,3.46,2.81,0.09,-1,30135,104326.05
SAUD,2019-01-13,3.37,3.37,3.36,3.37,-0.22,-0.01,-1,12661,42625
SAUD,2019-01-10,3.39,3.39,3.36,3.38,-2.24,-0.07,-1,10050,33904
SAUD,2019-01-09,3.48,3.48,3.3,3.45,0,0,-1,6289,21123.74
SAUD,2019-01-08,3.48,3.48,3.48,3.45,0,0,-1,3722,12945.48
SAUD,2019-01-06,3.48,3.48,3.36,3.45,2.74,0.09,-1,17861,61644.22
SAUD,2019-01-03,3.38,3.38,3.32,3.36,-0.22,-0.01,-1,25821,86720.85
SAUD,2019-01-02,3.27,3.27,3.27,3.37,0,0,-1,8037,26320
SAUD,2018-12-31,3.48,3.48,3.33,3.37,0.97,0.04,-1,13284,44701.58
SAUD,2018-12-30,3.33,3.33,3.33,3.33,2.45,0.08,-1,12057,40200
SAUD,2018-12-27,3.31,3.31,3.31,3.25,0,0,-1,3618,11970
SAUD,2018-12-26,3.3,3.3,3.3,3.25,0,0,-1,464,1524
SAUD,2018-12-25,3.3,3.3,3.3,3.25,0,0,-1,6769,22329.25
SAUD,2018-12-24,3.27,3.27,3.27,3.25,0,0,-1,581,1906.75
SAUD,2018-12-23,3.28,3.28,3.25,3.25,-0.91,-0.03,-1,19142,62314.65
SAUD,2018-12-20,3.36,3.36,3.26,3.28,0,0,-1,5305,17444
SAUD,2018-12-19,3.31,3.31,3.25,3.28,-0.38,-0.02,-1,27127,89069.94
SAUD,2018-12-18,3.42,3.42,3.27,3.3,-0.75,-0.03,-1,44843,147884.05
SAUD,2018-12-17,3.42,3.42,3.31,3.33,0,0,-1,2414,8023
SAUD,2018-12-16,3.37,3.37,3.24,3.33,-1.69,-0.05,-1,18690,62069.9
SAUD,2018-12-13,3.48,3.48,3.36,3.38,-0.29,-0.01,-1,292655,989244.94
SAUD,2018-12-12,3.43,3.43,3.36,3.39,0,0,-1,4720,16087.5
SAUD,2018-12-11,3.41,3.41,3.38,3.39,0.07,0,-1,56085,190052.13
SAUD,2018-12-10,3.47,3.47,3.39,3.39,0,0,-1,8330,28569.29
SAUD,2018-12-09,3.39,3.39,3.39,3.39,0.07,0.01,-1,34428,116596.87
SAUD,2018-12-06,3.38,3.38,3.38,3.38,-0.07,-0.01,-1,12458,42160
SAUD,2018-12-05,3.39,3.39,3.38,3.39,0,0,-1,37500,126959.21
SAUD,2018-12-04,3.46,3.46,3.38,3.39,0.07,0.01,-1,44168,149524.63
SAUD,2018-12-03,3.42,3.42,3.37,3.38,-1.02,-0.04,-1,29839,101012.75
SAUD,2018-12-02,3.36,3.36,3.36,3.42,0,0,-1,1125,3780
SAUD,2018-11-29,3.36,3.36,3.25,3.42,0,0,-1,4262,14308.2
SAUD,2018-11-28,3.37,3.37,3.37,3.42,0,0,-1,7883,26561.73
SAUD,2018-11-27,3.48,3.48,3.4,3.42,1.03,0.04,-1,16279,55666.1
SAUD,2018-11-26,3.4,3.4,3.32,3.38,-0.73,-0.03,-1,11879,40187.98
SAUD,2018-11-25,3.53,3.53,3.36,3.41,-4.06,-0.14,-1,216708,738930.5
SAUD,2018-11-22,3.61,3.61,3.54,3.55,-0.35,-0.02,-1,19153,68062.73
SAUD,2018-11-21,3.58,3.58,3.52,3.57,0.21,0.01,-1,23232,82854.5
SAUD,2018-11-19,3.56,3.56,3.56,3.56,1.85,0.07,-1,72339,257400
SAUD,2018-11-18,3.56,3.56,3.56,3.49,0,0,-1,1204,4290
SAUD,2018-11-15,3.51,3.51,3.51,3.49,0,0,-1,2414,8460.64
SAUD,2018-11-14,3.56,3.56,3.48,3.49,-1.13,-0.04,-1,87068,304195.84
SAUD,2018-11-13,3.53,3.53,3.53,3.53,-0.56,-0.02,-1,20533,72547.8
SAUD,2018-11-12,3.56,3.56,3.53,3.55,0,0,-1,10735,38148.2
SAUD,2018-11-11,3.58,3.58,3.58,3.55,0,0,-1,143,504
SAUD,2018-11-08,3.58,3.58,3.54,3.55,0.776,0.02,-1,88816,315527.94
SAUD,2018-11-07,3.54,3.54,3.48,3.53,1.87,0.07,-1,18810,66296.35
SAUD,2018-11-06,3.48,3.48,3.41,3.46,1.53,0.05,-1,54659,189163.13
SAUD,2018-11-05,3.41,3.41,3.41,3.41,-0.73,-0.02,-1,208976,712400
SAUD,2018-11-04,3.47,3.47,3.36,3.43,-1.43,-0.05,-1,10275,35276.2
SAUD,2018-11-01,3.46,3.46,3.37,3.48,0,0,-1,8519,29453.3
SAUD,2018-10-31,3.48,3.48,3.48,3.48,2.19,0.07,-1,114938,400355
SAUD,2018-10-30,3.41,3.41,3.41,3.41,3.63,0.12,-1,11772,40141
SAUD,2018-10-29,3.41,3.41,3.26,3.29,-4.41,-0.15,-1,31776,104484.6
SAUD,2018-10-28,3.42,3.42,3.23,3.44,0,0,-1,4161,13594.9
SAUD,2018-10-25,3.29,3.29,3.29,3.44,-4.34,0,-1,1339,4405.59
SAUD,2018-10-24,3.46,3.46,3.43,3.44,-0.5,-0.02,-1,383401,1319206.88
SAUD,2018-10-23,3.43,3.43,3.43,3.46,0,0,-1,7589,26054.4
SAUD,2018-10-22,3.47,3.47,3.37,3.46,-0.71,-0.02,-1,87093,301309.56
SAUD,2018-10-18,3.58,3.58,3.46,3.48,0.575,0.02,-1,334768,1166604.38
SAUD,2018-10-17,3.48,3.48,3.42,3.46,1.68,0.05,-1,11863,41081.25
SAUD,2018-10-15,3.43,3.43,3.26,3.41,-1.44,-0.04,-1,34162,116379
SAUD,2018-10-14,3.48,3.48,3.48,3.45,0,0,-1,606,2098.5
SAUD,2018-10-10,3.48,3.48,3.32,3.45,1.83,0.06,-1,95585,330359
SAUD,2018-10-09,3.43,3.43,3.33,3.39,-1.09,-0.04,-1,45912,155862.95
SAUD,2018-10-08,3.48,3.48,3.36,3.43,-1.32,0.03,-1,118526,406741.91
SAUD,2018-10-04,3.41,3.41,3.4,3.4,2.47,0.07,-1,9038,30773.85
SAUD,2018-10-03,3.48,3.48,3.4,3.33,0,0,-1,3615,12317.55
SAUD,2018-10-02,3.42,3.42,3.23,3.33,-4.37,-0.14,-1,11391,37844.63
SAUD,2018-10-01,3.48,3.48,3.45,3.47,-0.29,-0.01,-1,16076,55830
SAUD,2018-09-30,3.48,3.48,3.45,3.48,0,0,-1,4284,14788
SAUD,2018-09-27,3.5,3.5,3.48,3.48,-0.14,-0.01,-1,140652,490047
SAUD,2018-09-26,3.51,3.51,3.48,3.49,0.14,0.01,-1,15612,54485
SAUD,2018-09-25,3.48,3.48,3.47,3.48,-0.5,-0.02,-1,85598,298150
SAUD,2018-09-24,3.5,3.5,3.41,3.5,0,0,-1,8242,28805
SAUD,2018-09-23,3.48,3.48,3.48,3.5,0,0,-1,6029,21000
SAUD,2018-09-20,3.73,3.73,3.48,3.5,-6.7,-0.25,-1,88950,311323
SAUD,2018-09-19,3.81,3.81,3.73,3.75,-1.44,-0.06,-1,36504,137009.55
SAUD,2018-09-18,3.85,3.85,3.78,3.81,-0.65,-0.02,-1,18314,69726.55
SAUD,2018-09-17,3.88,3.88,3.77,3.83,-1.22,-0.05,-1,142150,544701.63
SAUD,2018-09-16,3.9,3.9,3.82,3.88,-0.13,0,-1,90198,349946.97
SAUD,2018-09-13,3.97,3.97,3.9,3.88,0,0,-1,1810,7125.5
SAUD,2018-09-12,3.89,3.89,3.88,3.88,-0.45,-0.02,-1,170739,663224.56
SAUD,2018-09-10,3.93,3.93,3.88,3.9,-0.76,-0.03,-1,28457,111031.39
SAUD,2018-09-09,4,4,3.92,3.93,-1,-0.04,-1,11111,43680
SAUD,2018-09-06,4,4,3.94,3.97,1.08,0.04,-1,60844,241673.38
SAUD,2018-09-05,3.93,3.93,3.89,3.93,-0.13,0,-1,27593,108409.87
SAUD,2018-09-04,3.97,3.97,3.87,3.93,0.51,0.02,-1,67740,266518.31
SAUD,2018-09-03,3.97,3.97,3.89,3.91,-0.13,-0.01,-1,41392,161911.05
SAUD,2018-09-02,3.93,3.93,3.9,3.92,-1.13,-0.04,-1,21893,85778.5
SAUD,2018-08-30,3.98,3.98,3.92,3.96,0.38,0.02,-1,8643,34229
SAUD,2018-08-29,3.98,3.98,3.92,3.94,0.44,0.01,-1,34757,137215.84
SAUD,2018-08-28,4.05,4.05,3.9,3.93,0.57,0.03,-1,58192,228707.28
SAUD,2018-08-27,3.9,3.9,3.9,3.9,0.06,0,-1,20094,78500
SAUD,2018-08-26,3.9,3.9,3.9,3.9,0,0,-1,3014,11760
SAUD,2018-08-19,3.93,3.93,3.9,3.9,-1.38,-0.06,-1,22502,87839.35
SAUD,2018-08-16,4,4,3.96,3.96,-1.85,-0.07,-1,8799,34831.12
SAUD,2018-08-15,3.98,3.98,3.9,4.03,0,0,-1,3418,13480
SAUD,2018-08-14,4.11,4.11,3.93,4.03,4.38,0.17,-1,19595,79048.77
SAUD,2018-08-13,3.92,3.92,3.85,3.86,-2.94,-0.12,-1,45279,174921.81
SAUD,2018-08-12,3.98,3.98,3.96,3.98,0,0,-1,1879,7470.64
SAUD,2018-08-09,3.98,3.98,3.98,3.98,-0.93,-0.04,-1,8196,32650
SAUD,2018-08-08,4.03,4.03,3.98,4.02,0.44,0.02,-1,20700,83182.5
SAUD,2018-08-07,4.02,4.02,3.9,4,0.19,0,-1,9087,36359.45
SAUD,2018-08-06,3.91,3.91,3.9,4,0,0,-1,1040,4069.18
SAUD,2018-08-05,4,4,3.91,4,0,0,-1,3642,14327.82
SAUD,2018-08-02,4.05,4.05,3.98,4,3.28,0.13,-1,15072,60201
SAUD,2018-08-01,3.98,3.98,3.89,3.87,0,0,-1,2090,8157.5
SAUD,2018-07-30,3.98,3.98,3.78,3.87,-2.75,-0.11,-1,24877,96201.6
SAUD,2018-07-29,4.05,4.05,3.94,3.98,0.88,0.04,-1,48811,194058.8
SAUD,2018-07-26,3.98,3.98,3.84,3.94,0.89,0.04,-1,128419,506291.5
SAUD,2018-07-25,3.93,3.93,3.83,3.9,-3.06,-0.08,-1,13706,53535.8
SAUD,2018-07-24,3.93,3.93,3.88,3.98,0,0,-1,1001,3889.4
SAUD,2018-07-22,3.92,3.92,3.92,3.98,-1.5,0,-1,3516,13781.25
SAUD,2018-07-19,3.98,3.98,3.93,3.98,-0.06,0,-1,477266,1899543.75
SAUD,2018-07-18,4,4,3.96,3.98,0.19,0.01,-1,120199,478693.09
SAUD,2018-07-17,3.98,3.98,3.93,3.97,-0.25,-0.01,-1,54259,215636.2
SAUD,2018-07-16,4.04,4.04,3.93,3.98,-0.12,-0.01,-1,129026,514039.31
SAUD,2018-07-15,4.03,4.03,3.96,3.99,-2.02,-0.08,-1,8840,35262.3
SAUD,2018-07-11,4.11,4.11,4.04,4.07,2.25,0.09,-1,2285550,9304209
SAUD,2018-07-10,3.98,3.98,3.96,3.98,0.63,0.02,-1,186151,741091.19
SAUD,2018-07-09,3.98,3.98,3.93,3.96,-1.12,-0.04,-1,18105,71616.5
SAUD,2018-07-08,4.08,4.08,3.98,4,-1.95,-0.08,-1,26888,107564
SAUD,2018-07-05,4.08,4.08,4.08,4.08,-0.73,-0.03,-1,13034,53188.2
SAUD,2018-07-04,4.11,4.11,4.07,4.11,0,0,-1,5401,22134
SAUD,2018-07-03,4.19,4.19,4.16,4.11,0,0,-1,4822,20098
SAUD,2018-07-02,4.23,4.23,4.21,4.11,0,0,-1,2096,8822.8
SAUD,2018-06-28,4.23,4.23,4.05,4.11,3.25,0.13,-1,11937,49057.52
SAUD,2018-06-27,4.21,4.21,3.93,3.98,-5.94,-0.25,-1,14477,57619.45
SAUD,2018-06-26,4.23,4.23,4.08,4.23,0,0,-1,1168,4832.53
SAUD,2018-06-25,4.28,4.28,4.11,4.23,0,0,-1,1728,7137.6
SAUD,2018-06-24,4.29,4.29,4.21,4.23,0.12,0,-1,24995,105773.45
SAUD,2018-06-21,4.23,4.23,4.12,4.23,0,0,-1,5420,22920.58
SAUD,2018-06-20,4.25,4.25,3.98,4.23,0.77,0.03,-1,988999,4181507
SAUD,2018-06-19,4.18,4.18,4.05,4.2,0,0,-1,4142,16817.8
SAUD,2018-06-14,4.21,4.21,4.17,4.2,5.44,0.22,-1,9860,41401.48
SAUD,2018-06-13,4.2,4.2,4.02,3.98,0,0,-1,2150,8871.2
SAUD,2018-06-12,4.21,4.21,4.21,3.98,5.62,0,-1,543,2281.5
SAUD,2018-06-11,3.98,3.98,3.98,3.98,0,0,-1,20094,80000
SAUD,2018-06-07,4.05,4.05,3.93,3.98,0,0,-1,7356,29294.7
SAUD,2018-06-06,3.98,3.98,3.94,3.98,-0.93,-0.04,-1,227891,907213.5
SAUD,2018-06-05,4.11,4.11,3.94,4.02,0.94,0.04,-1,330588,1328888.38
SAUD,2018-06-04,4.04,4.04,3.98,3.98,0.44,0.02,-1,46518,185212.42
SAUD,2018-06-03,4.04,4.04,3.93,3.96,0,0,-1,4742,18802.8
SAUD,2018-05-31,4,4,3.93,3.96,-0.44,-0.02,-1,50208,199021.56
SAUD,2018-05-30,3.98,3.98,3.98,3.98,0.06,0,-1,132770,528592
SAUD,2018-05-28,3.98,3.98,3.98,3.98,0.06,0,-1,1328,5280
SAUD,2018-05-27,4.09,4.09,3.96,3.98,-0.31,0,-1,7831,31156.3
SAUD,2018-05-24,3.98,3.98,3.98,3.98,-0.06,0,-1,48477,192992
SAUD,2018-05-23,3.98,3.98,3.98,3.98,0,0,-1,4498,17920
SAUD,2018-05-22,4.09,4.09,3.98,3.98,-1.42,-0.06,-1,31537,125655.4
SAUD,2018-05-21,4.15,4.15,3.98,4.04,-0.43,-0.01,-1,20165,81480.32
SAUD,2018-05-20,3.94,3.94,3.94,4.05,0,0,-1,1366,5389
SAUD,2018-05-17,3.96,3.96,3.96,4.05,0,0,-1,4018,15900
SAUD,2018-05-16,4,4,4,4.05,0,0,-1,4018,16060
SAUD,2018-05-15,4.11,4.11,3.98,4.05,0.25,0,-1,59882,243066.58
SAUD,2018-05-14,4.14,4.14,3.98,4.05,2.59,0.11,-1,684219,2769638
SAUD,2018-05-13,3.95,3.95,3.88,3.94,-0.13,-0.01,-1,126656,499730.5
SAUD,2018-05-10,3.98,3.98,3.86,3.95,-1.55,-0.06,-1,51886,205089.61
SAUD,2018-05-09,4.04,4.04,3.98,4.01,-1.59,-0.07,-1,291234,1168997.38
SAUD,2018-05-08,4.1,4.1,4.07,4.08,1.24,0.05,-1,7499,30583.2
SAUD,2018-05-07,4.07,4.07,4,4.03,0.56,0.03,-1,208244,838881.19
SAUD,2018-05-06,4.04,4.04,3.98,4,-0.86,-0.04,-1,399376,1600315.63
SAUD,2018-05-03,4.08,4.08,4.03,4.04,1.44,0.06,-1,313528,1266843.38
SAUD,2018-05-02,4.04,4.04,3.58,3.98,0.19,0,-1,362893,1445984
SAUD,2018-04-30,4.01,4.01,3.91,3.98,2.76,0.1,-1,275446,1095550.63
SAUD,2018-04-29,3.94,3.94,3.81,3.88,-2.38,-0.09,-1,132226,512536.59
SAUD,2018-04-26,4,4,3.81,3.97,4.31,0.16,-1,247897,984377.88
SAUD,2018-04-24,3.87,3.87,3.81,3.81,1.59,0.06,-1,453130,1725448.63
SAUD,2018-04-23,3.8,3.8,3.73,3.75,-1.25,-0.05,-1,109401,409988.63
SAUD,2018-04-22,3.9,3.9,3.76,3.8,-1.42,-0.05,-1,66113,250956.09
SAUD,2018-04-19,3.85,3.85,3.78,3.85,-0.64,-0.02,-1,523168,2013270.63
SAUD,2018-04-18,3.88,3.88,3.81,3.87,-0.95,-0.04,-1,642613,2490458
SAUD,2018-04-17,3.98,3.98,3.85,3.91,-0.25,-0.01,-1,270803,1059436.88
SAUD,2018-04-16,3.96,3.96,3.84,3.92,-1.13,-0.04,-1,691556,2711828.25
SAUD,2018-04-15,4.06,4.06,3.83,3.96,-1.46,0.05,-1,117615,466603.09
SAUD,2018-04-12,3.96,3.96,3.78,3.91,-0.44,-0.02,-1,97971,383367.69
SAUD,2018-04-11,4.05,4.05,3.76,3.93,0.57,0.02,-1,614361,2415174.25
SAUD,2018-04-10,3.98,3.98,3.7,3.91,4.73,0.18,-1,345369,1350123.5
SAUD,2018-04-05,3.83,3.83,3.7,3.73,-5,-0.2,-1,405898,1514989.5
SAUD,2018-04-04,4.08,4.08,3.73,3.93,-1.07,-0.04,-1,531846,2089105.13
SAUD,2018-04-03,4,4,3.88,3.97,1.01,0.04,-1,244225,969639.13
SAUD,2018-04-02,3.98,3.98,3.88,3.93,-0.88,-0.03,-1,70998,279211.41
SAUD,2018-04-01,4,4,3.93,3.96,0.89,0.03,-1,43946,174304.59
SAUD,2018-03-29,3.98,3.98,3.82,3.93,0.45,0.02,-1,349643,1374660.38
SAUD,2018-03-28,3.98,3.98,3.85,3.91,-4.38,-0.18,-1,372065,1455864.88
SAUD,2018-03-27,4.11,4.11,4.04,4.09,-0.48,-0.02,-1,326932,1337995.25
SAUD,2018-03-26,4.22,4.22,4.05,4.11,-1.72,-0.07,-1,371610,1528924.75
SAUD,2018-03-25,4.23,4.23,4.18,4.18,-1.52,-0.07,-1,49736,208156.02
SAUD,2018-03-22,4.28,4.28,4.19,4.25,0.12,0.01,-1,1066391,4531522.5
SAUD,2018-03-21,4.33,4.33,4.23,4.24,0.29,0.01,-1,173051,734625.25
SAUD,2018-03-20,4.32,4.32,4.22,4.23,-0.41,-0.02,-1,890581,3770156
SAUD,2018-03-19,4.33,4.33,4.23,4.25,-1.39,-0.06,-1,436557,1855501.5
SAUD,2018-03-18,4.36,4.36,4.24,4.31,1.58,0.07,-1,603171,2600033.75
SAUD,2018-03-15,4.29,4.29,4.21,4.24,-1.96,-0.09,-1,373409,1584112.5
SAUD,2018-03-14,4.36,4.36,4.21,4.33,-0.4,-0.02,-1,485084,2099212.5
SAUD,2018-03-13,4.42,4.42,4.28,4.35,-1.85,-0.08,-1,219649,954142.25
SAUD,2018-03-12,4.44,4.44,4.36,4.43,0.85,0.05,-1,316339,1400637
SAUD,2018-03-11,4.45,4.45,4.28,4.38,0.28,0.02,-1,893584,3913355
SAUD,2018-03-08,4.47,4.47,4.24,4.36,-2,-0.11,-1,878112,3835335
SAUD,2018-03-07,4.5,4.5,4.36,4.47,0.45,0.01,-1,1078695,4825773.5
SAUD,2018-03-06,4.58,4.58,4.33,4.46,4.43,0.19,-1,457713,2038185.25
SAUD,2018-03-05,4.33,4.33,4.23,4.27,-3.55,-0.15,-1,229095,977114.06
SAUD,2018-03-04,4.48,4.48,4.33,4.42,0.17,0,-1,150255,664544.38
SAUD,2018-03-01,4.43,4.43,4.39,4.42,-1.22,-0.05,-1,163635,722472.06
SAUD,2018-02-28,4.48,4.48,4.36,4.47,-0.5,-0.02,-1,551589,2466893.5
SAUD,2018-02-27,4.54,4.54,4.48,4.49,1.74,0.07,-1,374067,1680902.88
SAUD,2018-02-26,4.55,4.55,4.4,4.42,-1.11,-0.05,-1,3541479,15667202
SAUD,2018-02-25,4.58,4.58,4.42,4.47,0.06,-0.03,-1,741437,3317883.25
SAUD,2018-02-22,4.6,4.6,4.29,4.5,2.43,0.11,-1,740364,3332616.25
SAUD,2018-02-21,4.67,4.67,4.29,4.39,3.34,0.14,-1,531695,2335866
SAUD,2018-02-20,4.3,4.3,3.93,4.25,8.85,0.35,-1,1326719,5641992.5
SAUD,2018-02-19,4.01,4.01,3.73,3.9,7.23,0.18,-1,2062813,8057209
SAUD,2018-02-18,3.73,3.73,3.61,3.72,-0.27,-0.01,-1,697628,2591381.25
SAUD,2018-02-15,3.77,3.77,3.66,3.73,0.6,0.02,-1,991380,3694112.25
SAUD,2018-02-14,3.76,3.76,3.65,3.71,-0.53,-0.02,-1,350583,1300817
SAUD,2018-02-13,3.77,3.77,3.61,3.73,-0.73,-0.03,-1,723644,2698371.25
SAUD,2018-02-12,3.78,3.78,3.71,3.76,0.53,0.02,-1,360403,1354426.88
SAUD,2018-02-11,3.85,3.85,3.69,3.74,-3.16,-0.12,-1,306440,1145488
SAUD,2018-02-08,3.92,3.92,3.78,3.86,-1.04,0.04,-1,923635,3565642.75
SAUD,2018-02-07,3.85,3.85,3.77,3.82,4.28,0.16,-1,1096688,4191398
SAUD,2018-02-06,3.77,3.77,3.39,3.66,-2.26,-0.09,-1,963573,3531642.25
SAUD,2018-02-05,3.85,3.85,3.71,3.75,-1.76,-0.07,-1,1261461,4729724.5
SAUD,2018-02-04,3.93,3.93,3.68,3.82,3.02,0.12,-1,3841748,14665005
SAUD,2018-02-01,3.75,3.75,3.47,3.7,2.69,0.09,-1,2093395,7755501
SAUD,2018-01-31,3.7,3.7,3.49,3.61,7.88,0.23,-1,2550548,9201265
SAUD,2018-01-30,3.4,3.4,3.14,3.38,9.16,0.28,-1,2625422,8872650
SAUD,2018-01-29,3.14,3.14,3.06,3.1,1.3,0.05,-1,284997,881943.75
SAUD,2018-01-28,3.11,3.11,3.05,3.05,0.08,0,-1,51072,156006.8
SAUD,2018-01-24,3.08,3.08,3.03,3.05,-2,-0.06,-1,49634,151190.91
SAUD,2018-01-23,3.15,3.15,3.08,3.11,0,0,-1,1631878,5072288.5
SAUD,2018-01-22,3.11,3.11,3.11,3.11,0,0,-1,648425,2015265.63
SAUD,2018-01-21,3.14,3.14,3.07,3.11,-1.83,-0.01,-1,140480,436485.47
SAUD,2018-01-18,3.2,3.2,3.12,3.12,0.56,0.01,-1,1043944,3260827.75
SAUD,2018-01-17,3.14,3.14,3.07,3.11,-0.16,0,-1,2246028,6975386
SAUD,2018-01-16,3.11,3.11,3.1,3.11,-0.64,-0.02,-1,87721,272868.97
SAUD,2018-01-15,3.14,3.14,3.11,3.13,-2.11,-0.05,-1,124376,389404.63
SAUD,2018-01-14,3.21,3.21,3.15,3.18,0.39,0.01,-1,142710,453749.63
SAUD,2018-01-11,3.2,3.2,3.15,3.17,1.11,0.04,-1,188677,597480.81
SAUD,2018-01-10,3.23,3.23,3.05,3.13,-0.84,0.03,-1,589031,1845198.75
SAUD,2018-01-09,3.14,3.14,3.08,3.1,-0.62,-0.02,-1,325706,1008879.88
SAUD,2018-01-08,3.18,3.18,3.07,3.12,2.93,0.09,-1,1107344,3452283.25
SAUD,2018-01-04,3.03,3.03,3.02,3.03,0,0,-1,2812947,8520983
SAUD,2018-01-03,3.03,3.03,2.96,3.03,0,0,-1,854875,2589357
SAUD,2018-01-02,3.04,3.04,3.03,3.03,-0.5,-0.01,-1,768179,2327423.25
SAUD,2017-12-31,3.05,3.05,3.04,3.04,0.21,0,-1,63749,194105.66
SAUD,2017-12-28,3.08,3.08,3.04,3.04,0.21,0,-1,57770,175889
SAUD,2017-12-27,3.08,3.08,3.03,3.04,-0.99,-0.03,-1,109121,331534.31
SAUD,2017-12-26,3.11,3.11,3.04,3.07,0.78,0.03,-1,463179,1420929.25
SAUD,2017-12-25,3.11,3.11,3.03,3.04,0,0,-1,158330,482074.47
SAUD,2017-12-24,3.07,3.07,3.03,3.04,1.3,0,-1,1107372,3372098.25
SAUD,2017-12-21,3.03,3.03,2.99,3,-1.21,-0.04,-1,21493,64486.5
SAUD,2017-12-20,3.12,3.12,3.01,3.04,-1.34,-0.04,-1,292962,889763.69
SAUD,2017-12-19,3.12,3.12,3.03,3.08,3.49,0.1,-1,658455,2027217.88
SAUD,2017-12-18,2.99,2.99,2.94,2.98,-0.72,-0.02,-1,347270,1032918.75
SAUD,2017-12-17,3.03,3.03,2.99,3,0.22,0.01,-1,243561,730155.88
SAUD,2017-12-14,3.03,3.03,2.89,2.99,0.14,0,-1,428801,1282638.25
SAUD,2017-12-13,2.99,2.99,2.92,2.99,-1.29,-0.03,-1,136966,408846.81
SAUD,2017-12-12,3.06,3.06,2.96,3.02,1.9,0.05,-1,554762,1678177.5
SAUD,2017-12-11,3.03,3.03,2.83,2.97,4.39,0.11,-1,1220714,3622673.25
SAUD,2017-12-10,2.89,2.89,2.76,2.86,1.69,0.05,-1,24779,70887.36
SAUD,2017-12-07,2.83,2.83,2.78,2.81,0.31,0.01,-1,116938,328829.94
SAUD,2017-12-06,2.81,2.81,2.78,2.8,-0.31,-0.01,-1,8366,23462
SAUD,2017-12-05,2.81,2.81,2.8,2.81,0,0,-1,80968,227739
SAUD,2017-12-04,2.88,2.88,2.79,2.81,-0.69,-0.02,-1,61423,172750.8
SAUD,2017-12-03,2.91,2.91,2.77,2.83,-0.98,-0.03,-1,40161,113750.6
SAUD,2017-11-29,2.91,2.91,2.78,2.86,-0.23,-0.01,-1,245376,701716.25
SAUD,2017-11-28,2.95,2.95,2.8,2.87,2.4,0.07,-1,478237,1371339.13
SAUD,2017-11-27,2.81,2.81,2.72,2.8,1.17,0.03,-1,192034,537673.63
SAUD,2017-11-26,2.8,2.8,2.71,2.77,-0.78,-0.02,-1,11136,30799.5
SAUD,2017-11-23,2.81,2.81,2.76,2.79,1.42,0.04,-1,143955,401575.69
SAUD,2017-11-22,2.77,2.77,2.71,2.75,-0.7,-0.02,-1,103188,283854.31
SAUD,2017-11-21,2.81,2.81,2.71,2.77,1.11,0.03,-1,23396,64821.83
SAUD,2017-11-20,2.81,2.81,2.71,2.74,-2.69,-0.07,-1,86235,236218.59
SAUD,2017-11-19,2.86,2.86,2.75,2.81,0.08,0,-1,31600,88953.71
SAUD,2017-11-16,2.85,2.85,2.77,2.81,-3.7,-0.11,-1,271710,764490.13
SAUD,2017-11-15,3,3,2.83,2.92,2.97,0.08,-1,1174689,3430493
SAUD,2017-11-14,2.92,2.92,2.8,2.84,0.61,0.02,-1,238111,675270
SAUD,2017-11-13,2.96,2.96,2.74,2.82,7.07,0.19,-1,821440,2315899.75
SAUD,2017-11-12,2.71,2.71,2.6,2.63,-3.41,-0.09,-1,267909,705706.44
SAUD,2017-11-09,2.87,2.87,2.64,2.72,-1.41,-0.04,-1,379962,1035771
SAUD,2017-11-08,2.8,2.8,2.73,2.76,1.58,0.01,-1,117130,323843.94
SAUD,2017-11-07,2.81,2.81,2.71,2.75,-0.78,-0.02,-1,331268,909553.25
SAUD,2017-11-06,2.81,2.81,2.71,2.77,-0.54,-0.01,-1,283699,784902.25
SAUD,2017-11-05,2.9,2.9,2.69,2.78,-6.81,-0.21,-1,1229167,3421141.5
SAUD,2017-11-02,3.05,3.05,2.92,2.99,-0.14,0,-1,392957,1173745.63
SAUD,2017-11-01,3.03,3.03,2.94,2.99,-1.78,-0.05,-1,131453,393222.19
SAUD,2017-10-31,3.1,3.1,2.95,3.04,1.47,0.09,-1,1026417,3123930.75
SAUD,2017-10-30,3.02,3.02,2.9,2.95,1.11,0.03,-1,599646,1770680.63
SAUD,2017-10-29,2.93,2.93,2.9,2.92,-0.52,-0.01,-1,164713,481030
SAUD,2017-10-26,3.01,3.01,2.91,2.93,1.42,0.04,-1,189209,555478.19
SAUD,2017-10-25,2.92,2.92,2.88,2.89,-2.55,-0.08,-1,520894,1508135
SAUD,2017-10-24,3.03,3.03,2.91,2.97,-1.51,-0.05,-1,260788,774705.13
SAUD,2017-10-23,3.05,3.05,2.94,3.02,3.57,0.11,-1,937009,2825710.5
SAUD,2017-10-22,2.94,2.94,2.9,2.91,0.37,0.01,-1,325621,948634
SAUD,2017-10-19,2.96,2.96,2.84,2.9,1.59,0.05,-1,482596,1400018.13
SAUD,2017-10-18,2.92,2.92,2.83,2.85,1.85,0.05,-1,449624,1284248.63
SAUD,2017-10-17,2.87,2.87,2.77,2.8,-1.44,-0.04,-1,975156,2734825
SAUD,2017-10-16,2.92,2.92,2.77,2.84,-4.5,-0.14,-1,619809,1762940.38
SAUD,2017-10-15,3.02,3.02,2.96,2.98,1.55,0.05,-1,218072,649682.19
SAUD,2017-10-12,3.02,3.02,2.92,2.93,0.82,0.02,-1,189546,556231.5
SAUD,2017-10-11,3.03,3.03,2.88,2.91,-2.56,-0.04,-1,501908,1460761
SAUD,2017-10-10,3.03,3.03,2.92,2.95,-3.61,-0.1,-1,449369,1326943.63
SAUD,2017-10-09,3.14,3.14,3.03,3.05,-2.96,-0.09,-1,237469,724764.88
SAUD,2017-10-08,3.24,3.24,2.98,3.14,2.11,0.06,-1,375219,1180089.88
SAUD,2017-10-04,3.23,3.23,3.03,3.08,-0.55,-0.07,-1,440559,1357452
SAUD,2017-10-03,3.2,3.2,3.05,3.15,1.46,0.04,-1,144059,453836.66
SAUD,2017-10-02,3.23,3.23,3.03,3.11,1.09,-0.07,-1,582468,1808655.63
SAUD,2017-10-01,3.24,3.24,3.14,3.18,-3.29,-0.11,-1,248070,788610.63
SAUD,2017-09-28,3.42,3.42,3.16,3.29,-1.62,0.08,-1,1528728,5025670
SAUD,2017-09-27,3.33,3.33,3.14,3.21,1.37,0.04,-1,2591241,8319995
SAUD,2017-09-26,3.23,3.23,3.08,3.17,-0.88,-0.03,-1,666440,2111623
SAUD,2017-09-25,3.23,3.23,3.14,3.2,1.79,0.06,-1,1465841,4685702
SAUD,2017-09-24,3.18,3.18,3.08,3.14,2.33,0.07,-1,619759,1945502.13
SAUD,2017-09-20,3.12,3.12,3.01,3.07,2.9,0.09,-1,990097,3038718.75
SAUD,2017-09-19,3.02,3.02,2.92,2.98,1.4,0.04,-1,147883,440987.06
SAUD,2017-09-18,3,3,2.91,2.94,0.82,0.02,-1,430891,1267014.25
SAUD,2017-09-17,2.96,2.96,2.9,2.92,-0.07,0,-1,64588,188385.8
SAUD,2017-09-14,2.99,2.99,2.89,2.92,0.82,0.03,-1,247639,722719.69
SAUD,2017-09-13,2.94,2.94,2.88,2.89,-0.37,-0.02,-1,83533,241897.38
SAUD,2017-09-12,2.94,2.94,2.88,2.91,0.83,0.03,-1,82444,239547.8
SAUD,2017-09-11,2.99,2.99,2.87,2.88,-0.37,-0.01,-1,177560,511570.78
SAUD,2017-09-10,3.01,3.01,2.85,2.89,-1.62,-0.05,-1,322686,933305.88
SAUD,2017-09-07,2.98,2.98,2.92,2.94,-0.8,-0.02,-1,265421,780470.31
SAUD,2017-09-06,3.03,3.03,2.81,2.96,-2.14,-0.07,-1,775045,2296946
SAUD,2017-09-05,3.05,3.05,3.02,3.03,2.79,0.08,-1,692411,2097656
SAUD,2017-08-30,3.03,3.03,2.92,2.95,0.89,0.03,-1,882731,2601842.5
SAUD,2017-08-29,2.93,2.93,2.91,2.92,0.3,0.01,-1,163171,476653.25
SAUD,2017-08-28,2.92,2.92,2.88,2.91,0.37,0.01,-1,45062,131247.5
SAUD,2017-08-27,2.92,2.92,2.85,2.9,-0.67,-0.02,-1,82430,239144.55
SAUD,2017-08-24,2.92,2.92,2.87,2.92,0.3,0.01,-1,490449,1432303.25
SAUD,2017-08-23,2.92,2.92,2.9,2.91,-0.15,-0.01,-1,78884,229667.59
SAUD,2017-08-22,2.94,2.94,2.88,2.92,-1.82,-0.05,-1,252859,737586.63
SAUD,2017-08-21,3.02,3.02,2.96,2.97,-0.44,-0.01,-1,250898,745330.06
SAUD,2017-08-20,3.06,3.06,2.94,2.98,-1.64,-0.05,-1,157194,468994.69
SAUD,2017-08-17,3.1,3.1,2.99,3.03,0.43,0.01,-1,1562249,4739644
SAUD,2017-08-16,3.03,3.03,2.98,3.02,-0.85,-0.03,-1,377918,1141721.88
SAUD,2017-08-15,3.11,3.11,2.98,3.05,0.07,0.01,-1,661014,2013658.38
SAUD,2017-08-14,3.1,3.1,3.03,3.04,0,0,-1,1499904,4565227
SAUD,2017-08-13,3.16,3.16,2.99,3.04,-2.7,-0.08,-1,193973,590325.88
SAUD,2017-08-10,3.23,3.23,3.08,3.12,-0.28,-0.02,-1,1885587,5898604
SAUD,2017-08-09,3.19,3.19,3.03,3.14,4.39,0.14,-1,4606147,14450191
SAUD,2017-08-08,3.04,3.04,2.94,3,1.39,0.04,-1,2551487,7668722
SAUD,2017-08-07,3.02,3.02,2.89,2.96,2.54,0.07,-1,1107193,3282893
SAUD,2017-08-06,2.96,2.96,2.81,2.89,5.28,0.14,-1,2700708,7807646.5
SAUD,2017-08-03,2.85,2.85,2.65,2.75,3.09,0.09,-1,2403127,6599260
SAUD,2017-08-02,2.68,2.68,2.65,2.66,-0.24,-0.01,-1,310760,827817.38
SAUD,2017-08-01,2.68,2.68,2.6,2.67,1.23,0.03,-1,716867,1913721.25
SAUD,2017-07-31,2.69,2.69,2.61,2.64,-0.16,0,-1,523609,1381251.38
SAUD,2017-07-30,2.69,2.69,2.63,2.64,-0.81,-0.02,-1,493638,1304582.88
SAUD,2017-07-27,2.71,2.71,2.63,2.66,-1.52,-0.05,-1,309370,823767.81
SAUD,2017-07-26,2.71,2.71,2.67,2.71,-0.08,0,-1,386174,1044074.94
SAUD,2017-07-25,2.74,2.74,2.66,2.71,0.89,0.03,-1,879396,2381299.75
SAUD,2017-07-24,2.71,2.71,2.63,2.68,0.24,0,-1,781883,2098466.75
SAUD,2017-07-20,2.72,2.72,2.6,2.68,1.39,0.04,-1,1888275,5055058.5
SAUD,2017-07-19,2.71,2.71,2.6,2.64,-3.25,-0.09,-1,675658,1783785.25
SAUD,2017-07-18,2.77,2.77,2.62,2.73,-1.56,-0.04,-1,1195491,3263042.75
SAUD,2017-07-17,2.81,2.81,2.72,2.77,0.23,0.01,-1,2367316,6559983
SAUD,2017-07-16,2.8,2.8,2.71,2.76,0.47,0.01,-1,495600,1370519.5
SAUD,2017-07-13,2.81,2.81,2.72,2.75,-3.05,-0.09,-1,857064,2359807
SAUD,2017-07-12,2.89,2.89,2.72,2.84,-1.28,-0.03,-1,2206361,6264790
SAUD,2017-07-11,2.94,2.94,2.81,2.87,-0.3,-0.01,-1,2234599,6423934.5
SAUD,2017-07-10,2.95,2.95,2.75,2.88,7.59,0.2,-1,2759854,7960344
SAUD,2017-07-09,2.85,2.85,2.57,2.68,8.33,0.08,-1,3057325,8193267.5
SAUD,2017-07-06,2.64,2.64,2.6,2.6,-0.99,-0.03,-1,1391359,3612865.5
SAUD,2017-07-05,2.66,2.66,2.57,2.63,0.08,0.06,-1,1061309,2782473.5
SAUD,2017-07-04,2.59,2.59,2.51,2.57,1.54,0.03,-1,293000,753960.38
SAUD,2017-07-03,2.6,2.6,2.52,2.54,0,-0.01,-1,217317,551224
SAUD,2017-07-02,2.6,2.6,2.53,2.55,-2.01,-0.03,-1,182475,466048.19
SAUD,2017-06-28,2.6,2.6,2.52,2.58,0.67,0.01,-1,206127,532666.5
SAUD,2017-06-22,2.6,2.6,2.54,2.57,-1.83,-0.03,-1,88668,227459.58
SAUD,2017-06-21,2.6,2.6,2.55,2.6,2.3,0.06,-1,717144,1860477
SAUD,2017-06-20,2.57,2.57,2.49,2.54,-0.93,-0.02,-1,277487,703491.25
SAUD,2017-06-19,2.58,2.58,2.56,2.56,-1.74,-0.04,-1,10862,27800.55
SAUD,2017-06-18,2.62,2.62,2.58,2.6,-0.5,0,-1,685387,1785185
SAUD,2017-06-15,2.63,2.63,2.6,2.6,-0.41,-0.01,-1,256976,667361.81
SAUD,2017-06-14,2.65,2.65,2.6,2.61,0.08,0,-1,299235,779979.75
SAUD,2017-06-13,2.68,2.68,2.51,2.61,0.75,0.01,-1,301876,789596.75
SAUD,2017-06-12,2.6,2.6,2.6,2.6,0,0,-1,503304,1306859.75
SAUD,2017-06-11,2.6,2.6,2.58,2.6,-0.17,0,-1,3005650,7804275
SAUD,2017-06-08,2.67,2.67,2.6,2.6,0.17,0,-1,766704,1993415.38
SAUD,2017-06-07,2.6,2.6,2.57,2.6,0.76,0.04,-1,48526,125835
SAUD,2017-06-06,2.6,2.6,2.53,2.56,-2.34,-0.04,-1,160310,409657.91
SAUD,2017-06-05,2.6,2.6,2.47,2.6,3.54,0.1,-1,307337,796486.44
SAUD,2017-06-04,2.49,2.49,2.49,2.5,0,0,-1,178,437
SAUD,2017-06-01,2.59,2.59,2.47,2.5,-2.89,-0.04,-1,63782,159975.48
SAUD,2017-05-31,2.64,2.64,2.38,2.54,-0.26,0.04,-1,275951,701973.69
SAUD,2017-05-30,2.54,2.54,2.49,2.5,0.35,0.02,-1,55298,138548.5
SAUD,2017-05-29,2.49,2.49,2.47,2.48,-1.89,-0.04,-1,15022,37307.5
SAUD,2017-05-28,2.6,2.6,2.49,2.52,-3.52,-0.06,-1,113515,285778.66
SAUD,2017-05-25,2.6,2.6,2.53,2.58,1.39,0.08,-1,66212,171032.11
SAUD,2017-05-24,2.58,2.58,2.43,2.5,8.56,0.12,-1,29760,74337.25
SAUD,2017-05-23,2.41,2.41,2.34,2.38,-1.79,-0.04,-1,47465,112731.4
SAUD,2017-05-22,2.48,2.48,2.34,2.42,-3.45,-0.08,-1,149973,362903
SAUD,2017-05-21,2.54,2.54,2.48,2.5,0,0,-1,275603,690651.81
SAUD,2017-05-18,2.52,2.52,2.5,2.5,-1.11,-0.03,-1,65510,164162.8
SAUD,2017-05-17,2.56,2.56,2.52,2.53,-0.51,-0.01,-1,46864,118695.21
SAUD,2017-05-16,2.6,2.6,2.52,2.54,-2.08,-0.06,-1,106630,271628.03
SAUD,2017-05-15,2.64,2.64,2.6,2.6,-1.48,-0.04,-1,150203,390488.5
SAUD,2017-05-14,2.71,2.71,2.6,2.64,-0.73,-0.02,-1,75617,199563.59
SAUD,2017-05-11,2.75,2.75,2.63,2.66,-3,-0.08,-1,132876,353375.91
SAUD,2017-05-10,2.83,2.83,2.62,2.74,-0.16,-0.01,-1,542609,1487035.63
SAUD,2017-05-09,2.81,2.81,2.69,2.75,-1.7,-0.05,-1,112549,309020.88
SAUD,2017-05-08,2.85,2.85,2.71,2.8,3.45,0.1,-1,274547,766682.38
SAUD,2017-05-07,2.77,2.77,2.61,2.7,3.83,0.1,-1,286620,773676.38
SAUD,2017-05-04,2.65,2.65,2.53,2.6,0.67,0.02,-1,268169,697369.25
SAUD,2017-05-03,2.6,2.6,2.54,2.58,-0.75,-0.02,-1,59594,154028
SAUD,2017-05-02,2.71,2.71,2.52,2.6,0.59,0.01,-1,350037,911401.19
SAUD,2017-04-30,2.68,2.68,2.54,2.59,0.59,0.02,-1,169534,438848.38
SAUD,2017-04-27,2.75,2.75,2.54,2.57,-0.59,-0.02,-1,392450,1009359.63
SAUD,2017-04-26,2.72,2.72,2.51,2.59,-1.32,-0.04,-1,244496,632461
SAUD,2017-04-24,2.81,2.81,2.57,2.63,-7.97,-0.22,-1,336847,883422.94
SAUD,2017-04-23,3,3,2.75,2.85,-2.15,-0.06,-1,196299,559232
SAUD,2017-04-20,3.01,3.01,2.86,2.91,-0.3,-0.01,-1,285951,832714.44
SAUD,2017-04-19,3.02,3.02,2.84,2.92,1.5,0.04,-1,115852,338385.66
SAUD,2017-04-18,2.91,2.91,2.84,2.88,-1.26,-0.03,-1,395590,1138312.13
SAUD,2017-04-13,2.92,2.92,2.89,2.91,0,0,-1,57125,166479.59
SAUD,2017-04-12,3.01,3.01,2.89,2.91,-4.47,-0.14,-1,214347,624612.44
SAUD,2017-04-11,3.14,3.14,2.9,3.05,0.71,0.02,-1,908426,2771938.75
SAUD,2017-04-10,3.36,3.36,2.9,3.03,-0.85,-0.02,-1,970760,2940312.5
SAUD,2017-04-09,3.08,3.08,2.81,3.05,9.2,0.25,-1,3020928,9231112
SAUD,2017-04-06,2.87,2.87,2.68,2.8,7.39,0.2,-1,743516,2079682.88
SAUD,2017-04-05,2.68,2.68,2.45,2.6,3.08,0.07,-1,441914,1150910.63
SAUD,2017-04-04,2.6,2.6,2.42,2.53,3.64,0.09,-1,94375,238446.8
SAUD,2017-04-03,2.54,2.54,2.26,2.44,5.72,0.14,-1,342059,834458.88
SAUD,2017-04-02,2.32,2.32,2.27,2.3,-0.37,-0.02,-1,91095,210084.36
SAUD,2017-03-30,2.32,2.32,2.25,2.32,0,0,-1,43584,100890.59
SAUD,2017-03-29,2.34,2.34,2.27,2.32,1.71,0.04,-1,50411,116709.58
SAUD,2017-03-28,2.28,2.28,2.27,2.28,1.15,0.03,-1,26115,59462
SAUD,2017-03-27,2.32,2.32,2.23,2.25,-0.67,-0.01,-1,38871,87492.56
SAUD,2017-03-26,2.28,2.28,2.23,2.26,0.96,0.01,-1,14512,32870.54
SAUD,2017-03-23,2.28,2.28,2.22,2.25,1.57,0.04,-1,15272,34257.24
SAUD,2017-03-22,2.31,2.31,2.19,2.21,-2.3,-0.05,-1,108430,239560.8
SAUD,2017-03-21,2.27,2.27,2.24,2.26,1.55,0.03,-1,64147,145102.7
SAUD,2017-03-20,2.32,2.32,2.19,2.23,-5.07,-0.12,-1,45734,101816.99
SAUD,2017-03-19,2.38,2.38,2.28,2.35,3.63,0.09,-1,117473,275538.13
SAUD,2017-03-16,2.29,2.29,2.17,2.26,4.29,0.09,-1,340366,770558.69
SAUD,2017-03-15,2.27,2.27,2.17,2.17,0.2,0,-1,318399,691076.31
SAUD,2017-03-14,2.23,2.23,2.17,2.17,-0.2,0,-1,572764,1240759.5
SAUD,2017-03-13,2.21,2.21,2.14,2.17,-2.24,-0.05,-1,30105,65338.51
SAUD,2017-03-12,2.35,2.35,2.16,2.22,4.06,0.09,-1,225680,501059.66
SAUD,2017-03-09,2.14,2.14,2.11,2.13,4.12,0.08,-1,98095,209296.58
SAUD,2017-03-08,2.05,2.05,2.05,2.05,0,0,-1,3,9.5
SAUD,2017-03-07,2.09,2.09,2.05,2.05,-1.35,-0.03,-1,21361,43787.72
SAUD,2017-03-06,2.1,2.1,2.08,2.08,0.21,0.01,-1,33065,68696.45
SAUD,2017-03-05,2.08,2.08,2.01,2.07,0.1,0,-1,5008,10381.2
SAUD,2017-03-02,2.14,2.14,1.99,2.07,0,0,-1,64492,133488.94
SAUD,2017-03-01,2.16,2.16,2.05,2.07,-2.05,-0.04,-1,83004,171804.42
SAUD,2017-02-28,2.17,2.17,1.9,2.11,4.05,0.08,-1,233678,494160.72
SAUD,2017-02-27,2.09,2.09,1.95,2.03,2.29,0.04,-1,220024,446943.03
SAUD,2017-02-26,2.06,2.06,1.97,1.99,-1.08,-0.02,-1,25347,50362.42
SAUD,2017-02-23,2.02,2.02,1.98,2.01,0.22,0.01,-1,202185,405796.69
SAUD,2017-02-22,2.01,2.01,1.99,2,-2.63,-0.06,-1,26150,52412.55
SAUD,2017-02-21,2.06,2.06,2.05,2.06,-1.04,-0.02,-1,52180,107315
SAUD,2017-02-20,2,2,1.98,2.08,0,0,-1,1410,2811.6
SAUD,2017-02-19,2.13,2.13,2.03,2.08,-2.44,-0.05,-1,40909,85067.09
SAUD,2017-02-16,2.02,2.02,2.02,2.13,0,0,-1,2309,4655
SAUD,2017-02-15,2.26,2.26,2.11,2.13,-1.48,-0.04,-1,13456,28682.05
SAUD,2017-02-14,2.26,2.26,2.26,2.17,0,0,-1,927,2100
SAUD,2017-02-13,2.17,2.17,2.17,2.17,-4.17,-0.09,-1,16476,35650
SAUD,2017-02-12,2.26,2.26,2.26,2.26,1.95,0.05,-1,10535,23790.66
SAUD,2017-02-08,2.26,2.26,2.11,2.21,-1.83,-0.05,-1,46129,102170.85
SAUD,2017-02-07,2.26,2.26,2.2,2.26,1.44,0.04,-1,59643,134575.52
SAUD,2017-02-06,2.26,2.26,2.17,2.22,-0.25,-0.01,-1,8437,18755.5
SAUD,2017-02-05,2.23,2.23,2.23,2.23,0.17,0,-1,18945,42242.12
SAUD,2017-02-02,2.26,2.26,2.17,2.23,1.37,0.04,-1,31850,70896.3
SAUD,2017-02-01,2.26,2.26,2.17,2.19,-0.51,-0.02,-1,20034,44007.29
SAUD,2017-01-31,2.26,2.26,2.17,2.21,-1.92,-0.04,-1,62452,137885.09
SAUD,2017-01-30,2.35,2.35,2.21,2.25,-0.42,-0.01,-1,20895,47028.74
SAUD,2017-01-29,2.35,2.35,2.21,2.26,0,0,-1,3774,8375
SAUD,2017-01-26,2.32,2.32,2.26,2.26,0.08,0,-1,11128,25157
SAUD,2017-01-24,2.26,2.26,2.26,2.26,1.18,0.03,-1,15190,34284
SAUD,2017-01-23,2.26,2.26,2.2,2.23,-1.17,-0.03,-1,70768,157913
SAUD,2017-01-22,2.26,2.26,2.26,2.26,1.78,0.04,-1,91520,206659.23
SAUD,2017-01-19,2.26,2.26,2.17,2.22,-4.15,-0.1,-1,96164,213389.06
SAUD,2017-01-18,2.35,2.35,2.26,2.32,-1.28,-0.02,-1,119875,277340
SAUD,2017-01-17,2.44,2.44,2.3,2.34,-0.32,-0.01,-1,22072,51741
SAUD,2017-01-16,2.37,2.37,2.3,2.35,-1.11,-0.03,-1,90426,212691.66
SAUD,2017-01-15,2.4,2.4,2.36,2.38,-0.94,-0.02,-1,61588,146446.41
SAUD,2017-01-12,2.43,2.43,2.23,2.4,8.41,0.19,-1,525038,1260567.38
SAUD,2017-01-11,2.3,2.3,2.09,2.21,5.56,0.11,-1,461394,1022140
SAUD,2017-01-10,2.14,2.14,2.01,2.1,6.19,0.12,-1,161010,337888.84
SAUD,2017-01-09,1.98,1.98,1.97,1.98,-1.04,-0.01,-1,130016,256860.5
SAUD,2017-01-08,2.02,2.02,1.98,1.99,0.76,0.01,-1,45482,90777.2
SAUD,2017-01-05,1.99,1.99,1.93,1.98,-0.28,-0.01,-1,213623,423095.75
SAUD,2017-01-04,2.02,2.02,1.92,1.99,5.71,0.11,-1,804341,1598469.13
SAUD,2017-01-03,1.92,1.92,1.85,1.88,0.2,0.01,-1,33756,63458.85
SAUD,2017-01-02,1.92,1.92,1.85,1.87,0.1,0,-1,7746,14531.02
SAUD,2016-12-29,1.9,1.9,1.85,1.87,-0.1,0,-1,194870,365277.78
SAUD,2016-12-28,1.9,1.9,1.8,1.87,3.1,0.05,-1,284942,534270.31
SAUD,2016-12-27,1.82,1.82,1.82,1.82,0.94,0.02,-1,90961,165499.75
SAUD,2016-12-26,1.81,1.81,1.79,1.8,0.1,0,-1,51595,93044.3
SAUD,2016-12-25,1.81,1.81,1.79,1.8,-0.31,-0.01,-1,44914,80840.09
SAUD,2016-12-22,1.83,1.83,1.79,1.81,-0.21,0,-1,129670,234321.48
SAUD,2016-12-21,1.83,1.83,1.81,1.81,-1.54,-0.03,-1,55471,100423.41
SAUD,2016-12-20,1.85,1.85,1.8,1.84,1.88,0.04,-1,75897,139466.7
SAUD,2016-12-19,1.83,1.83,1.78,1.8,1.48,0.02,-1,119574,215710.47
SAUD,2016-12-18,1.79,1.79,1.77,1.78,-0.21,0,-1,25330,45029.16
SAUD,2016-12-15,1.83,1.83,1.73,1.78,0.21164,0,-1,38987,69452.54
SAUD,2016-12-14,1.82,1.82,1.76,1.78,0.43,0.01,-1,191957,341374.25
SAUD,2016-12-13,1.77,1.77,1.76,1.77,0.32,0,-1,41587,73618.14
SAUD,2016-12-12,1.81,1.81,1.7,1.77,0.86,0.02,-1,76465,135020.69
SAUD,2016-12-08,1.76,1.76,1.74,1.75,0.43,0.01,-1,15944,27890
SAUD,2016-12-07,1.78,1.78,1.72,1.74,-3.24,-0.06,-1,162836,283700.78
SAUD,2016-12-06,1.82,1.82,1.79,1.8,-0.21,0,-1,7707,13870.5
SAUD,2016-12-05,1.82,1.82,1.79,1.8,-1.44,-0.03,-1,85851,154947.91
SAUD,2016-12-04,1.85,1.85,1.81,1.83,0.52,0.01,-1,53222,97458.54
SAUD,2016-12-01,1.86,1.86,1.8,1.82,0.31,0,-1,64413,117337.2
SAUD,2016-11-30,1.84,1.84,1.79,1.82,1.9,0.04,-1,50249,91219.89
SAUD,2016-11-29,1.78,1.78,1.77,1.78,-0.42,-0.01,-1,27250,48527.3
SAUD,2016-11-28,1.82,1.82,1.78,1.79,0.74,0.01,-1,65625,117477
SAUD,2016-11-27,1.79,1.79,1.76,1.78,-0.94,-0.01,-1,95645,169965.06
SAUD,2016-11-24,1.82,1.82,1.77,1.79,-0.83,-0.02,-1,234907,421401.19
SAUD,2016-11-23,1.88,1.88,1.76,1.81,-3.51,-0.06,-1,419390,757987.56
SAUD,2016-11-22,1.95,1.95,1.81,1.87,4.18,0.07,-1,498373,933680.75
SAUD,2016-11-21,1.82,1.82,1.78,1.8,1.49,0.03,-1,207062,372484.31
SAUD,2016-11-20,1.79,1.79,1.76,1.77,-1.670146,-0.03,-1,46741,82888.2
SAUD,2016-11-17,1.86,1.86,1.78,1.8,3.9,0.06,-1,243396,438910.66
SAUD,2016-11-16,1.87,1.87,1.7,1.74,-4.65,-0.08,-1,755305,1310813.13
SAUD,2016-11-15,1.88,1.88,1.79,1.82,0.31,0.01,-1,136023,247482.13
SAUD,2016-11-14,1.82,1.82,1.8,1.81,-0.41,-0.01,-1,70611,128067.4
SAUD,2016-11-13,1.83,1.83,1.82,1.82,-1.83,-0.03,-1,125309,228240.88
SAUD,2016-11-10,1.88,1.88,1.81,1.85,2.6,0.04,-1,302938,562257.81
SAUD,2016-11-09,1.84,1.84,1.73,1.81,2.56,0.05,-1,132589,239795.03
SAUD,2016-11-08,1.79,1.79,1.7,1.76,1.63,0.02,-1,149813,264091.38
SAUD,2016-11-07,1.75,1.75,1.67,1.74,3.48,0.06,-1,133074,230758.69
SAUD,2016-11-06,1.71,1.71,1.63,1.68,2.53,0.05,-1,45098,75624.49
SAUD,2016-11-03,1.64,1.64,1.56,1.63,2.72,0.04,-1,30654,50123
SAUD,2016-11-01,1.6,1.6,1.54,1.59,0.95,0.01,-1,24485,38971.97
SAUD,2016-10-31,1.63,1.63,1.52,1.58,-3.23,-0.05,-1,9210,14517.43
SAUD,2016-10-30,1.64,1.64,1.6,1.63,-0.46,-0.01,-1,26575,43300
SAUD,2016-10-27,1.65,1.65,1.52,1.64,2.35,0.04,-1,10667,17451.35
SAUD,2016-10-25,1.52,1.52,1.52,1.6,0,0,-1,36,56.35
SAUD,2016-10-20,1.65,1.65,1.52,1.6,-2.3,-0.04,-1,27884,44594.77
SAUD,2016-10-18,1.59,1.59,1.59,1.64,0,0,-1,1064,1686
SAUD,2016-10-17,1.64,1.64,1.64,1.64,-1.25,-0.02,-1,21260,34800
SAUD,2016-10-16,1.62,1.62,1.59,1.66,0,0,-1,3848,6195.24
SAUD,2016-10-13,1.68,1.68,1.64,1.66,2.56,0.04,-1,12815,21228.3
SAUD,2016-10-11,1.63,1.63,1.63,1.62,0,0,-1,2825,4609.08
SAUD,2016-10-09,1.64,1.64,1.61,1.62,-3.48,-0.05,-1,57224,92444.59
SAUD,2016-10-05,1.7,1.7,1.67,1.67,2.771363,0.04,-1,238100,398908.09
SAUD,2016-10-03,1.64,1.64,1.63,1.63,0,0,-1,13113,21367.05
SAUD,2016-09-29,1.67,1.67,1.62,1.63,1.05,0.02,-1,25015,40771.6
SAUD,2016-09-28,1.61,1.61,1.61,1.61,0.233918,0,-1,31921,51462.85
SAUD,2016-09-27,1.62,1.62,1.61,1.61,-0.233372,0,-1,18635,29992.56
SAUD,2016-09-26,1.64,1.64,1.62,1.61,0,0,-1,5318,8688.84
SAUD,2016-09-25,1.61,1.61,1.61,1.61,0.82,0.01,-1,23248,37473.94
SAUD,2016-09-22,1.6,1.6,1.6,1.6,-0.12,0,-1,197498,315861.5
SAUD,2016-09-18,1.7,1.7,1.7,1.6,5.76,0,-1,104,180
SAUD,2016-09-14,1.6,1.6,1.6,1.6,-5.13,-0.08,-1,10631,17010
SAUD,2016-09-07,1.69,1.69,1.68,1.68,0.22,0,-1,1762379,2974347.25
SAUD,2016-09-06,1.68,1.68,1.67,1.68,0.34,0,-1,370277,623518.63
SAUD,2016-09-05,1.68,1.68,1.68,1.68,0,0,-1,12047,20212.72
SAUD,2016-08-31,1.67,1.67,1.67,1.68,0,0,-1,2836,4725.9
SAUD,2016-08-30,1.67,1.67,1.67,1.68,0,0,-1,905,1504.5
SAUD,2016-08-29,1.7,1.7,1.67,1.68,-1.55,-0.02,-1,20028,33605.9
SAUD,2016-08-24,1.72,1.72,1.69,1.7,0.67,0,-1,85039,144957.31
SAUD,2016-08-23,1.67,1.67,1.67,1.7,0,0,-1,2030,3380.7
SAUD,2016-08-22,1.7,1.7,1.7,1.7,0.67,0.02,-1,26575,45000
SAUD,2016-08-21,1.7,1.7,1.67,1.68,-0.11,0,-1,21438,36043.7
SAUD,2016-08-18,1.68,1.68,1.66,1.68,1.244344,0.01,-1,27321,45982
SAUD,2016-08-17,1.68,1.68,1.68,1.67,0,0,-1,2655,4475
SAUD,2016-08-14,1.67,1.67,1.67,1.67,0,0,-1,6034,10033.4
SAUD,2016-08-11,1.65,1.65,1.64,1.67,0,0,-1,5277,8668.75
SAUD,2016-08-10,1.69,1.69,1.64,1.67,1.843318,0.04,-1,14880,24743.57
SAUD,2016-08-09,1.64,1.64,1.6,1.63,-2.25,-0.04,-1,37813,61749.09
SAUD,2016-08-08,1.7,1.7,1.6,1.67,-1.22,-0.02,-1,64297,107449.18
SAUD,2016-08-07,1.7,1.7,1.7,1.69,0,0,-1,3,9
SAUD,2016-08-04,1.7,1.7,1.67,1.69,-1.1,-0.02,-1,34623,58578.7
SAUD,2016-08-02,1.71,1.71,1.71,1.71,0.44,0.01,-1,53151,90920
SAUD,2016-08-01,1.68,1.68,1.68,1.7,0,0,-1,856,1440.95
SAUD,2016-07-31,1.7,1.7,1.7,1.7,0,0,-1,3080,5237.4
SAUD,2016-07-26,1.7,1.7,1.7,1.7,0,0,-1,38904,66209.5
SAUD,2016-07-25,1.7,1.7,1.7,1.7,0.22,0,-1,26575,45250
SAUD,2016-07-24,1.7,1.7,1.7,1.7,0,0,-1,12968,22032
SAUD,2016-07-21,1.7,1.7,1.68,1.7,0,0,-1,5428,9188.16
SAUD,2016-07-20,1.7,1.7,1.68,1.7,0,0,-1,69992,118899.28
SAUD,2016-07-19,1.71,1.71,1.68,1.7,-0.22,0,-1,19107,32469.85
SAUD,2016-07-18,1.71,1.71,1.7,1.7,0,0,-1,2090,3570.36
SAUD,2016-07-17,1.71,1.71,1.7,1.7,0.443951,0,-1,38976,66348.5
SAUD,2016-07-14,1.7,1.7,1.7,1.7,-1.31,-0.02,-1,12576,21321.75
SAUD,2016-07-11,1.74,1.74,1.71,1.72,-0.65,-0.01,-1,12782,21938.75
SAUD,2016-07-04,1.75,1.75,1.71,1.73,2.33853,0.04,-1,31532,54517.57
SAUD,2016-06-28,1.7,1.7,1.66,1.69,-0.22,-0.01,-1,52882,89340
SAUD,2016-06-27,1.7,1.7,1.7,1.7,-0.66,0,-1,26575,45000
SAUD,2016-06-22,1.73,1.73,1.64,1.7,0,0,-1,982,1663.89
SAUD,2016-06-21,1.71,1.71,1.7,1.7,1.23,0.02,-1,26575,45292.4
SAUD,2016-06-19,1.66,1.66,1.64,1.68,0,0,-1,2655,4382
SAUD,2016-06-16,1.68,1.68,1.68,1.68,-0.33,-0.01,-1,6909,11635
SAUD,2016-06-14,1.7,1.7,1.68,1.69,-0.22,-0.01,-1,27826,47020.9
SAUD,2016-06-13,1.7,1.7,1.7,1.7,-0.55,0,-1,18297,31000.46
SAUD,2016-06-12,1.7,1.7,1.7,1.7,0,0,-1,2951,5001.7
SAUD,2016-06-08,1.72,1.72,1.7,1.7,-2.16,-0.04,-1,7853,13373.55
SAUD,2016-06-05,1.73,1.73,1.72,1.74,0,0,-1,2471,4272.35
SAUD,2016-05-31,1.72,1.72,1.71,1.74,0,0,-1,1385,2376.71
SAUD,2016-05-30,1.75,1.75,1.74,1.74,0,0,-1,4677,8142.08
SAUD,2016-05-26,1.74,1.74,1.74,1.74,0,0,-1,771,1341.25
SAUD,2016-05-25,1.74,1.74,1.74,1.74,0,0,-1,658,1147
SAUD,2016-05-24,1.74,1.74,1.74,1.74,0.11,0,-1,7971,13875
SAUD,2016-05-23,1.68,1.68,1.68,1.74,0,0,-1,625,1056.1
SAUD,2016-05-22,1.74,1.74,1.74,1.74,1.650165,0.03,-1,15352,26697.21
SAUD,2016-05-19,1.73,1.73,1.73,1.71,0,0,-1,4257,7369.2
SAUD,2016-05-17,1.74,1.74,1.74,1.71,0,0,-1,1040,1813
SAUD,2016-05-16,1.73,1.73,1.7,1.71,0.78,0.01,-1,58784,100543.6
SAUD,2016-05-12,1.74,1.74,1.7,1.7,0.22,0,-1,19875,33721.61
SAUD,2016-05-10,1.7,1.7,1.7,1.7,0,0,-1,43433,73563.1
SAUD,2016-05-04,1.7,1.7,1.7,1.7,0.67,0.02,-1,62292,105487
SAUD,2016-05-03,1.7,1.7,1.66,1.68,-2.08,-0.04,-1,50128,84345.03
SAUD,2016-04-28,1.77,1.77,1.7,1.72,-3.89,-0.07,-1,56840,97632.6
SAUD,2016-04-26,1.79,1.79,1.77,1.79,0.42,0.01,-1,55202,98641.32
SAUD,2016-04-24,1.78,1.78,1.75,1.78,0.85,0.01,-1,21441,38181.2
SAUD,2016-04-20,1.79,1.79,1.76,1.77,-0.85,-0.01,-1,9216,16262.96
SAUD,2016-04-19,1.79,1.79,1.78,1.78,2.71,0.04,-1,44157,78611.05
SAUD,2016-04-18,1.74,1.74,1.73,1.74,0.11,0.01,-1,6240,10810.8
SAUD,2016-04-17,1.73,1.73,1.72,1.73,0.55,0.01,-1,9649,16706.55
SAUD,2016-04-14,1.72,1.72,1.72,1.72,0,0,-1,4463,7687.2
SAUD,2016-04-13,1.72,1.72,1.72,1.72,0,0,-1,5694,9801
SAUD,2016-04-10,1.72,1.72,1.72,1.72,-2.03,-0.04,-1,11547,19864.62
SAUD,2016-04-07,1.78,1.78,1.72,1.76,0,0,-1,924,1595.4
SAUD,2016-04-04,1.72,1.72,1.72,1.76,0,0,-1,952,1637.85
SAUD,2016-04-03,1.76,1.76,1.72,1.76,0.755124,0.01,-1,16786,29495.7
SAUD,2016-03-31,1.75,1.75,1.72,1.75,0.76,0.02,-1,68829,120036.07
SAUD,2016-03-30,1.73,1.73,1.73,1.73,-0.65,-0.01,-1,15944,27600
SAUD,2016-03-29,1.77,1.77,1.76,1.74,0,0,-1,5409,9532.95
SAUD,2016-03-28,1.76,1.76,1.74,1.74,1.091703,0.02,-1,6221,10832.5
SAUD,2016-03-27,1.73,1.73,1.72,1.72,0.66,0.01,-1,14274,24612.4
SAUD,2016-03-24,1.72,1.72,1.72,1.71,0,0,-1,2035,3497.29
SAUD,2016-03-23,1.72,1.72,1.71,1.71,-1.621622,-0.03,-1,16750,28670.29
SAUD,2016-03-21,1.75,1.75,1.71,1.74,0,0,-1,2348,4037.2
SAUD,2016-03-20,1.76,1.76,1.71,1.74,0,0,-1,291,512.35
SAUD,2016-03-17,1.71,1.71,1.7,1.74,0,0,-1,1533,2618.38
SAUD,2016-03-16,1.75,1.75,1.7,1.74,2.209945,0.04,-1,26976,46944.37
SAUD,2016-03-15,1.7,1.7,1.7,1.7,-0.66,-0.02,-1,9378,15964.2
SAUD,2016-03-14,1.74,1.74,1.7,1.72,2.24,0.04,-1,28665,49121.3
SAUD,2016-03-13,1.7,1.7,1.7,1.68,0,0,-1,5678,9630.46
SAUD,2016-03-08,1.68,1.68,1.67,1.68,-0.67,0,-1,28484,47740.1
SAUD,2016-03-07,1.7,1.7,1.67,1.68,0.673401,0,-1,41817,70555.04
SAUD,2016-03-06,1.68,1.68,1.68,1.68,-0.446927,0,-1,8527,14291.64
SAUD,2016-03-03,1.68,1.68,1.67,1.68,-2.399128,-0.04,-1,47681,80265.45
SAUD,2016-03-02,1.73,1.73,1.73,1.72,0,0,-1,828,1435.2
SAUD,2016-03-01,1.73,1.73,1.69,1.72,1.888889,0.02,-1,29837,51502.85
SAUD,2016-02-29,1.7,1.7,1.7,1.7,0,0,-1,532,900
SAUD,2016-02-25,1.7,1.7,1.65,1.7,-4.36,-0.07,-1,10634,18005.66
SAUD,2016-02-24,1.77,1.77,1.77,1.77,0,0,-1,33,56.46
SAUD,2016-02-23,1.79,1.79,1.7,1.77,6.087937,0.1,-1,15944,28221.5
SAUD,2016-02-18,1.71,1.71,1.66,1.67,-1.224944,-0.02,-1,16174,27003.92
SAUD,2016-02-17,1.7,1.7,1.67,1.69,0,0,-1,2255,3774.01
SAUD,2016-02-16,1.71,1.71,1.68,1.69,2.05,0.03,-1,9970,16848.45
SAUD,2016-02-15,1.7,1.7,1.66,1.66,0,0,-1,1635,2766.78
SAUD,2016-02-14,1.67,1.67,1.66,1.66,0,0,-1,3977,6603.21
SAUD,2016-02-10,1.66,1.66,1.66,1.66,-0.452489,-0.01,-1,16048,26577
SAUD,2016-02-09,1.66,1.66,1.66,1.67,0,0,-1,5848,9680
SAUD,2016-02-08,1.66,1.66,1.66,1.67,0,0,-1,2529,4188.8
SAUD,2016-02-07,1.71,1.71,1.6,1.67,-1.995565,-0.03,-1,33517,55742.8
SAUD,2016-02-04,1.72,1.72,1.67,1.7,-1.420765,-0.02,-1,25717,43634.85
SAUD,2016-02-03,1.75,1.75,1.7,1.72,7.520564,0.12,-1,31691,54590.63
SAUD,2016-02-02,1.71,1.71,1.7,1.6,0,0,-1,5551,9455.99
SAUD,2016-02-01,1.76,1.76,1.71,1.6,0,0,-1,1978,3460.55
SAUD,2016-01-28,1.73,1.73,1.73,1.6,0,0,-1,1064,1840
SAUD,2016-01-27,1.73,1.73,1.71,1.6,0,0,-1,5072,8731.8
SAUD,2016-01-24,1.7,1.7,1.7,1.6,0,0,-1,4490,7596
SAUD,2016-01-21,1.7,1.7,1.61,1.6,0,0,-1,4224,7101.9
SAUD,2016-01-20,1.61,1.61,1.6,1.6,-4.916201,-0.08,-1,45484,72830.3
SAUD,2016-01-18,1.71,1.71,1.6,1.68,1.13,0.01,-1,17538,29550
SAUD,2016-01-17,1.6,1.6,1.5,1.67,0,0,-1,1503,2392.5
SAUD,2016-01-14,1.79,1.79,1.57,1.67,-4.220779,-0.07,-1,12033,20038.16
SAUD,2016-01-13,1.74,1.74,1.73,1.74,-0.431034,-0.01,-1,27538,47891.95
SAUD,2016-01-12,1.75,1.75,1.74,1.75,-1.066098,-0.02,-1,12502,21818.05
SAUD,2016-01-11,1.77,1.77,1.75,1.77,0,0,-1,15908,28074.2
SAUD,2016-01-10,1.77,1.77,1.76,1.77,-5.156724,-0.09,-1,7971,14075
SAUD,2016-01-06,1.84,1.84,1.84,1.86,0,0,-1,5318,9800
SAUD,2016-01-05,1.87,1.87,1.87,1.86,0,0,-1,1330,2475
SAUD,2016-01-04,1.88,1.88,1.87,1.86,0,0,-1,3190,5985
SAUD,2016-01-03,1.88,1.88,1.74,1.86,0,0,-1,2737,5134.95
SAUD,2015-12-31,1.88,1.88,1.86,1.86,4.105263,0.07,-1,5428,10099.58
SAUD,2015-12-30,1.79,1.79,1.79,1.79,0.422833,0.01,-1,7861,14050.5
SAUD,2015-12-29,1.75,1.75,1.75,1.78,0,0,-1,3363,5886.9
SAUD,2015-12-28,1.75,1.75,1.75,1.78,0,0,-1,30,46.5
SAUD,2015-12-27,1.87,1.87,1.87,1.78,0,0,-1,5318,9900
SAUD,2015-12-24,1.87,1.87,1.77,1.78,1.068376,0.02,-1,7260,12919.47
SAUD,2015-12-20,1.88,1.88,1.88,1.76,0,0,-1,80,149.85
SAUD,2015-12-17,1.74,1.74,1.74,1.76,0,0,-1,2927,5087.5
SAUD,2015-12-16,1.71,1.71,1.71,1.76,0,0,-1,905,1547
SAUD,2015-12-15,1.88,1.88,1.88,1.76,0,0,-1,532,999
SAUD,2015-12-10,1.79,1.79,1.64,1.76,0,0,-1,4825,8469.6
SAUD,2015-12-09,1.77,1.77,1.76,1.76,0.2,0,-1,40073,70614.06
SAUD,2015-12-08,1.76,1.76,1.68,1.76,-0.299103,0,-1,30544,53708.4
SAUD,2015-12-07,1.82,1.82,1.76,1.76,-0.987167,-0.02,-1,231413,408174.34
SAUD,2015-12-03,1.81,1.81,1.76,1.78,-3.79867,-0.07,-1,11029,19645.6
SAUD,2015-12-02,1.89,1.89,1.78,1.85,2.431907,0.04,-1,14894,27580.4
SAUD,2015-11-30,1.8,1.8,1.8,1.81,0,0,-1,2046,3690
SAUD,2015-11-29,1.8,1.8,1.8,1.81,0,0,-1,3072,5524.75
SAUD,2015-11-24,1.78,1.78,1.78,1.81,0,0,-1,3042,5423.25
SAUD,2015-11-23,1.64,1.64,1.64,1.81,0,0,-1,944,1537.8
SAUD,2015-11-22,1.81,1.81,1.81,1.81,2.8,0.05,-1,48825,88253.8
SAUD,2015-11-19,1.76,1.76,1.76,1.76,7.526882,0.13,-1,22746,40000
SAUD,2015-11-17,1.72,1.72,1.62,1.63,-5.102041,-0.09,-1,6256,10225
SAUD,2015-11-15,1.8,1.8,1.6,1.72,-2,-0.04,-1,29842,51406.08
SAUD,2015-11-12,1.76,1.76,1.76,1.76,-4.94,-0.09,-1,101866,179120
SAUD,2015-11-11,1.79,1.79,1.79,1.85,0,0,-1,96,163.52
SAUD,2015-11-10,1.79,1.79,1.79,1.85,0,0,-1,2844,5110
SAUD,2015-11-09,1.81,1.81,1.8,1.85,0,0,-1,4570,8256
SAUD,2015-11-05,1.8,1.8,1.79,1.85,0,0,-1,1731,3126.1
SAUD,2015-11-04,1.89,1.89,1.89,1.85,0,0,-1,101,193.32
SAUD,2015-11-03,1.79,1.79,1.79,1.85,0,0,-1,359,643.86
SAUD,2015-11-01,1.81,1.81,1.79,1.85,0,0,-1,3409,6180.3
SAUD,2015-10-29,1.87,1.87,1.82,1.85,1.74,0.03,-1,42651,78875
SAUD,2015-10-27,1.82,1.82,1.81,1.82,-1.34,2.02,-1,8536,15509.49
SAUD,2015-10-26,1.85,1.85,1.82,1.84,-2.52,-0.04,-1,15744,28963.8
SAUD,2015-10-25,1.92,1.92,1.87,1.88,-2.02,-0.03,-1,5305,10008.74
SAUD,2015-10-22,1.91,1.91,1.91,1.91,-0.18,-0.01,-1,15615,29849.02
SAUD,2015-10-21,1.88,1.88,1.86,1.92,0,0,-1,1267,2375.14
SAUD,2015-10-20,1.92,1.92,1.87,1.92,0,0,-1,2702,5075.79
SAUD,2015-10-19,1.85,1.85,1.84,1.92,0,0,-1,2809,5184.5
SAUD,2015-10-18,1.84,1.84,1.84,1.92,0,0,-1,326,598.5
SAUD,2015-10-15,1.92,1.92,1.84,1.92,2.74,0.05,-1,214725,411206.41
SAUD,2015-10-13,1.87,1.87,1.87,1.87,1.05,0.03,-1,10168,18952.8
SAUD,2015-10-12,1.82,1.82,1.82,1.84,-3.94,-0.08,-1,6618,12210.1
SAUD,2015-10-11,1.81,1.81,1.81,1.92,0,0,-1,1706,3090
SAUD,2015-10-08,1.93,1.93,1.88,1.92,6.54,0.12,-1,6830,13100
SAUD,2015-10-07,1.8,1.8,1.8,1.8,2.19,0.04,-1,8662,15613.75
SAUD,2015-10-05,1.78,1.78,1.76,1.76,-4.57,-0.09,-1,7087,12492.69
SAUD,2015-10-04,1.76,1.76,1.76,1.85,0,0,-1,1701,2995.98
SAUD,2015-10-01,1.78,1.78,1.78,1.85,-3.62,0,-1,562,1002.869995
SAUD,2015-09-30,1.87,1.87,1.84,1.85,5,0.09,-1,8536,15763.83
SAUD,2015-09-29,1.8,1.8,1.72,1.76,-5.3,-0.1,-1,13081,23021.86
SAUD,2015-09-28,1.86,1.86,1.86,1.86,0,0,-1,13994,26012.77
SAUD,2015-09-22,1.86,1.86,1.86,1.86,0,0,-1,31992,59466.25
SAUD,2015-09-21,1.86,1.86,1.86,1.86,0,0,-1,25591,47565
SAUD,2015-09-20,1.86,1.86,1.86,1.86,0,0,-1,22746,42280
SAUD,2015-09-17,1.86,1.86,1.86,1.86,0,0,-1,35284,65576.28
SAUD,2015-09-16,1.87,1.87,1.85,1.86,0.09,0,-1,54174,100703.36
SAUD,2015-09-15,1.87,1.87,1.87,1.86,0,0,-1,2844,5305
SAUD,2015-09-14,1.86,1.86,1.86,1.86,0,0,-1,587,1087.74
SAUD,2015-09-13,1.87,1.87,1.85,1.86,-1.03,-0.01,-1,6799,12621.55
SAUD,2015-09-10,1.85,1.85,1.85,1.87,0,0,-1,2364,4378.25
SAUD,2015-09-09,1.93,1.93,1.88,1.87,0,0,-1,359,679.5
SAUD,2015-09-08,1.93,1.93,1.84,1.87,-0.74,-0.02,-1,15072,28278.5
SAUD,2015-09-07,1.95,1.95,1.93,1.89,0,0,-1,3407,6596.4
SAUD,2015-09-06,1.87,1.87,1.87,1.89,0,0,-1,82,159.15
SAUD,2015-09-03,1.93,1.93,1.87,1.89,-2.27,-0.04,-1,15437,29173.9
SAUD,2015-09-02,1.93,1.93,1.93,1.93,0,0,-1,1794,3465
SAUD,2015-08-31,1.93,1.93,1.93,1.93,0,0,-1,3472066,6715918
SAUD,2015-08-30,1.93,1.93,1.9,1.93,9.34,0.16,-1,3834101,7415845.5
SAUD,2015-08-26,1.76,1.76,1.76,1.77,0,0,-1,2844,5000
SAUD,2015-08-24,1.63,1.63,1.62,1.77,0,0,-1,3108,5017.08
SAUD,2015-08-23,1.63,1.63,1.63,1.77,0,0,-1,1229,1990.75
SAUD,2015-08-20,1.77,1.77,1.77,1.77,-0.98,-0.02,-1,7016,12410.1
SAUD,2015-08-18,1.92,1.92,1.77,1.79,0,0,-1,428,789.35
SAUD,2015-08-17,1.79,1.79,1.78,1.79,-6.87,-0.13,-1,12025,21496.55
SAUD,2015-08-16,1.82,1.82,1.78,1.92,0,0,-1,4775,8608.85
SAUD,2015-08-12,1.84,1.84,1.84,1.92,0,0,-1,960,1774.5
SAUD,2015-08-11,1.82,1.82,1.82,1.92,0,0,-1,837,1524.39
SAUD,2015-08-10,1.93,1.93,1.92,1.92,-0.37,-0.01,-1,13514,25939.8
SAUD,2015-08-05,1.93,1.93,1.83,1.93,-0.9,-0.01,-1,21871,42097.48
SAUD,2015-08-04,1.95,1.95,1.92,1.94,-0.18,-0.01,-1,24271,47172.9
SAUD,2015-08-03,1.93,1.93,1.79,1.95,0,0,-1,4054,7313.73
SAUD,2015-07-27,1.85,1.85,1.85,1.95,0,0,-1,521,967.84
SAUD,2015-07-22,2,2,1.75,1.95,0.64,0.02,-1,43381,84434.28
SAUD,2015-07-15,1.93,1.93,1.84,1.93,5.16,0.09,-1,16270,31472
SAUD,2015-07-14,1.84,1.84,1.83,1.84,-0.38,0,-1,15854,29174
SAUD,2015-07-13,1.86,1.86,1.84,1.84,0,0,-1,2307,4276.5
SAUD,2015-07-09,1.85,1.85,1.85,1.84,0,0,-1,33,63.3
SAUD,2015-07-07,1.87,1.87,1.84,1.84,-0.67,0,-1,2836,5274.5
SAUD,2015-07-06,1.84,1.84,1.84,1.84,-3.31,-0.07,-1,5691,10500
SAUD,2015-07-05,1.93,1.93,1.9,1.91,-0.18,0,-1,25560,48801.62
SAUD,2015-06-29,1.92,1.92,1.91,1.91,0,0,-1,2798,5349.68
SAUD,2015-06-25,1.93,1.93,1.87,1.91,2.16,0.04,-1,8536,16325
SAUD,2015-06-24,1.87,1.87,1.87,1.87,-3.18,-0.06,-1,8261,15474.45
SAUD,2015-06-23,1.87,1.87,1.87,1.93,0,0,-1,571,1062
SAUD,2015-06-21,1.94,1.94,1.93,1.93,-0.27,-0.01,-1,229471,443855
SAUD,2015-06-18,1.94,1.94,1.94,1.94,-4.09,-0.08,-1,8536,16540
SAUD,2015-06-17,2.02,2.02,2.02,2.02,0.09,0,-1,2202790,4453942.5
SAUD,2015-06-16,2.02,2.02,1.99,2.02,2.589286,0.05,-1,640657,1294685.63
SAUD,2015-06-15,1.99,1.99,1.97,1.97,1.818182,0.04,-1,149476,294363.06
SAUD,2015-06-14,1.94,1.94,1.93,1.93,0.09,0,-1,114129,220769
SAUD,2015-06-11,1.93,1.93,1.91,1.93,0.73,0.01,-1,65120,125826.1
SAUD,2015-06-09,1.92,1.92,1.92,1.92,0.28,0.01,-1,11372,21810
SAUD,2015-06-08,1.93,1.93,1.9,1.91,-1,-0.02,-1,30711,58776.91
SAUD,2015-06-04,1.93,1.93,1.92,1.93,0,0,-1,150965,291649.31
SAUD,2015-06-03,1.93,1.93,1.92,1.93,-0.09,0,-1,69731,134755.8
SAUD,2015-06-02,1.93,1.93,1.93,1.93,0.73,0.01,-1,17063,33000
SAUD,2015-06-01,1.94,1.94,1.9,1.92,-0.73,-0.01,-1,23317,44782.5
SAUD,2015-05-31,1.93,1.93,1.93,1.93,-3.76,-0.08,-1,17063,33000
SAUD,2015-05-28,2.03,2.03,1.92,2.01,2.97,0.06,-1,346252,696123.06
SAUD,2015-05-27,1.95,1.95,1.95,1.95,0.82,0.01,-1,18207,35546.2
SAUD,2015-05-26,1.95,1.95,1.93,1.94,-3.67,-0.07,-1,105242,203790
SAUD,2015-05-24,2.02,2.02,1.93,2.01,3.35,0.06,-1,22749,45731
SAUD,2015-05-21,1.95,1.95,1.92,1.95,-0.36,0,-1,292734,569287.06
SAUD,2015-05-19,2.09,2.09,1.94,1.95,-2.46,-0.05,-1,199903,390342.84
SAUD,2015-05-18,2.05,2.05,1.99,2,3.45,0.07,-1,12836,25681.5
SAUD,2015-05-17,1.93,1.93,1.9,1.93,-0.63,-0.02,-1,67852,131215.91
SAUD,2015-05-14,1.95,1.95,1.93,1.95,-0.63,-0.01,-1,60255,117292
SAUD,2015-05-13,1.96,1.96,1.95,1.96,-2.79,-0.06,-1,22510,44076.4
SAUD,2015-05-12,2.09,2.09,2.09,2.02,0,0,-1,1421,2970
SAUD,2015-05-11,2.01,2.01,1.99,2.02,-4.5,-0.09,-1,27384,55191.66
SAUD,2015-05-10,2.11,2.11,2.09,2.11,2.92,0.06,-1,4082003,8610811
SAUD,2015-05-07,2.07,2.07,1.98,2.05,3.37,0.07,-1,1493115,3060848.5
SAUD,2015-05-06,2.01,2.01,1.93,1.98,2.55,0.05,-1,295653,586521.25
SAUD,2015-05-05,1.93,1.93,1.93,1.93,-0.54,-0.02,-1,195312,377784
SAUD,2015-05-04,1.99,1.99,1.93,1.95,0.55,0.02,-1,102302,199055.86
SAUD,2015-05-03,1.93,1.93,1.93,1.93,1.2,0.02,-1,171065,330880
SAUD,2015-04-30,1.93,1.93,1.87,1.91,-0.91,-0.02,-1,142745,272874.59
SAUD,2015-04-29,1.93,1.93,1.91,1.93,-0.27,0,-1,88977,171656
SAUD,2015-04-28,1.93,1.93,1.9,1.93,0,0,-1,207572,401370
SAUD,2015-04-27,1.93,1.93,1.87,1.93,0,0,-1,34181,66106
SAUD,2015-04-26,1.93,1.93,1.93,1.93,1.38,0.02,-1,788589,1525337
SAUD,2015-04-23,1.91,1.91,1.91,1.91,-1.36,-0.02,-1,25591,48825
SAUD,2015-04-22,1.93,1.93,1.93,1.93,1.95,0.03,-1,170607,330000
SAUD,2015-04-21,1.9,1.9,1.88,1.9,-0.09,0,-1,42278,80226.296875
SAUD,2015-04-20,1.9,1.9,1.87,1.9,0,0,-1,40306,76524.296875
SAUD,2015-04-19,1.9,1.9,1.9,1.9,0.47,0.01,-1,23572,44776.800781
SAUD,2015-04-16,1.98,1.98,1.81,1.89,4.37,0.08,-1,49739,94052.898438
SAUD,2015-04-15,1.81,1.81,1.81,1.81,-0.68,-0.01,-1,6265,11354.110352
SAUD,2015-04-14,1.84,1.84,1.81,1.82,-0.29,-0.01,-1,14356,26167
SAUD,2015-04-08,1.83,1.83,1.83,1.83,-3.26,-0.06,-1,7123,13020.799805
SAUD,2015-04-06,2,2,1.88,1.89,-2.01,-0.04,-1,11435,21604
SAUD,2015-04-02,2.02,2.02,1.76,1.93,-1.44,-0.03,-1,72279,139389.640625
SAUD,2015-04-01,1.79,1.79,1.79,1.96,0,0,-1,960,1723.800049
SAUD,2015-03-26,1.98,1.98,1.87,1.96,1.27,0.03,-1,25163,49223.808594
SAUD,2015-03-25,1.88,1.88,1.88,1.93,0,0,-1,1415,2669.280029
SAUD,2015-03-24,1.93,1.93,1.93,1.93,1.01,0.02,-1,6256,12089
SAUD,2015-03-23,1.93,1.93,1.88,1.91,-1.45,-0.03,-1,40451,77364.101563
SAUD,2015-03-22,1.95,1.95,1.93,1.94,-0.36,-0.01,-1,146486,284262.03125
SAUD,2015-03-19,1.96,1.96,1.94,1.95,-1.51,-0.03,-1,67435,131368.046875
SAUD,2015-03-18,1.98,1.98,1.95,1.98,0.63,0.01,-1,47835,94588.890625
SAUD,2015-03-17,1.97,1.97,1.97,1.97,0.27,0.01,-1,7962,15652
SAUD,2015-03-16,1.97,1.97,1.96,1.96,-0.71,-0.02,-1,7197,14110.049805
SAUD,2015-03-15,2.04,2.04,1.96,1.98,-0.62,-0.01,-1,19331,38158.570313
SAUD,2015-03-12,2.04,2.04,1.96,1.99,0.53,0.01,-1,64086,127369.296875
SAUD,2015-03-11,1.98,1.98,1.95,1.98,-1.14,-0.01,-1,24351,48142.339844
SAUD,2015-03-10,2.05,2.05,1.97,1.99,-4.13,-0.09,-1,1242865,2485853.75
SAUD,2015-03-09,2.09,2.09,2.06,2.08,0.25,0,-1,302139,630084.1875
SAUD,2015-03-08,2.09,2.09,2.05,2.08,2.34,0.05,-1,14784,30751.699219
SAUD,2015-03-05,2.04,2.04,2.03,2.03,-0.86,-0.02,-1,52328,106399.507813
SAUD,2015-03-04,2.11,2.11,2.02,2.05,-2.1,-0.05,-1,59766,122569.203125
SAUD,2015-03-03,2.11,2.11,2.02,2.1,3.48,0.08,-1,382803,801504.6875
SAUD,2015-03-02,2.05,2.05,1.98,2.02,1.32,0.03,-1,70134,141914.90625
SAUD,2015-03-01,2.02,2.02,1.98,1.99,0.98,0.01,-1,15815,31600.509766
SAUD,2015-02-26,1.99,1.99,1.97,1.98,-2.26,-0.04,-1,21230,42023.699219
SAUD,2015-02-25,2.07,2.07,1.99,2.02,0,0,-1,43891,88808.601563
SAUD,2015-02-24,2.08,2.08,2.02,2.02,-1.2,-0.03,-1,63140,127824.15625
SAUD,2015-02-23,2.08,2.08,2.03,2.05,0,0,-1,3508,7153.839844
SAUD,2015-02-22,2.05,2.05,2.04,2.05,-0.09,0,-1,29946,61360.351563
SAUD,2015-02-19,2.05,2.05,2.05,2.05,-0.26,0,-1,15028,30825.890625
SAUD,2015-02-18,2.06,2.06,2.05,2.05,-0.09,0,-1,43905,90271.59375
SAUD,2015-02-17,2.11,2.11,2.05,2.05,-0.68,-0.02,-1,55921,115016.070313
SAUD,2015-02-16,2.08,2.08,2.06,2.07,-1.09,-0.03,-1,11399,23600.710938
SAUD,2015-02-15,2.11,2.11,2.08,2.1,0.17,0.01,-1,13218,27671.140625
SAUD,2015-02-12,2.1,2.1,2.05,2.09,0.17,0,-1,217476,454655.78125
SAUD,2015-02-11,2.11,2.11,2.05,2.09,-0.17,0,-1,83755,174891.09375
SAUD,2015-02-10,2.11,2.11,2.05,2.09,0.25,0.01,-1,13179,27549.269531
SAUD,2015-02-09,2.11,2.11,2.07,2.08,0,0,-1,8758,18262.800781
SAUD,2015-02-08,2.11,2.11,2.06,2.08,-1.08,-0.03,-1,89850,187363.75
SAUD,2015-02-05,2.11,2.11,2.04,2.11,0.25,0.01,-1,196263,413860.4375
SAUD,2015-02-04,2.14,2.14,2.07,2.1,2.4,0.05,-1,1158240,2434909.25
SAUD,2015-02-03,2.07,2.07,2,2.05,2.28,0.04,-1,271603,557692.9375
SAUD,2015-02-02,2.02,2.02,1.99,2.01,-0.17,0,-1,124204,249474.40625
SAUD,2015-02-01,2.07,2.07,1.99,2.01,-0.69,-0.02,-1,18673,37551.058594
SAUD,2015-01-29,2.07,2.07,1.99,2.03,1.5,0.04,-1,72792,147392.5
SAUD,2015-01-28,2.02,2.02,1.97,1.99,-0.35,-0.01,-1,71075,141897.875
SAUD,2015-01-27,2.02,2.02,1.99,2,-0.7,-0.02,-1,24452,48970.398438
SAUD,2015-01-26,2.02,2.02,1.96,2.02,-0.35,0,-1,925165,1866151.25
SAUD,2015-01-22,2.06,2.06,2,2.02,0.17,0,-1,588022,1190505.875
SAUD,2015-01-21,2.02,2.02,2.02,2.02,-0.09,0,-1,25591,51710
SAUD,2015-01-20,2.05,2.05,1.99,2.02,0.09,0,-1,354292,716758
SAUD,2015-01-19,2.02,2.02,1.99,2.02,-0.09,0,-1,100349,202747.453125
SAUD,2015-01-15,2.02,2.02,2.02,2.02,-0.61,-0.01,-1,310554,627992
SAUD,2015-01-14,2.06,2.06,2.02,2.03,0.43,0,-1,39812,81022.421875
SAUD,2015-01-13,2.02,2.02,2,2.02,0.09,0,-1,35298,71487.273438
SAUD,2015-01-12,2.03,2.03,1.98,2.02,-0.86,-0.02,-1,65400,132186.296875
SAUD,2015-01-08,2.02,2.02,2.02,2.04,0,0,-1,2844,5755
SAUD,2015-01-06,2.02,2.02,2.02,2.04,0,0,-1,2844,5750
SAUD,2015-01-05,2.04,2.04,1.99,2.04,0,0,-1,3409,6931
SAUD,2015-01-04,2.13,2.13,2.11,2.04,0,0,-1,2844,6025
SAUD,2014-12-31,2.14,2.14,1.92,2.04,3.95,0.08,-1,916660,1868607.875
SAUD,2014-12-30,1.98,1.98,1.96,1.96,-0.62,-0.01,-1,142172,278769.15625
SAUD,2014-12-29,1.98,1.98,1.91,1.97,1.54,0.03,-1,93553,184549.796875
SAUD,2014-12-28,1.98,1.98,1.9,1.94,0.55,0.01,-1,108057,209861.59375
SAUD,2014-12-25,1.93,1.93,1.9,1.93,1.95,0.03,-1,181474,350584
SAUD,2014-12-24,1.9,1.9,1.89,1.9,-1.55,-0.03,-1,66623,126344.546875
SAUD,2014-12-23,1.93,1.93,1.93,1.93,0,0,-1,4350,8415
SAUD,2014-12-22,1.93,1.93,1.89,1.93,-0.18,0,-1,187612,361163.25
SAUD,2014-12-21,1.94,1.94,1.84,1.93,3.78,0.07,-1,165324,318822
SAUD,2014-12-18,1.91,1.91,1.78,1.86,1.05,0.02,-1,26759,49746.578125
SAUD,2014-12-17,1.93,1.93,1.74,1.84,-4.12,-0.08,-1,400816,736999.875
SAUD,2014-12-16,1.93,1.93,1.87,1.92,-0.82,-0.01,-1,88796,170394.078125
SAUD,2014-12-15,1.93,1.93,1.93,1.93,1.2,0.02,-1,54964,106284
SAUD,2014-12-14,1.94,1.94,1.88,1.91,-1.18,-0.02,-1,98679,188558.125
SAUD,2014-12-11,1.94,1.94,1.93,1.93,0,0,-1,70735,136877.4375
SAUD,2014-12-10,1.94,1.94,1.93,1.93,-0.9,-0.02,-1,272574,527267.5625
SAUD,2014-12-09,1.96,1.96,1.95,1.95,-0.27,-0.01,-1,55161,107637.90625
SAUD,2014-12-08,2.01,2.01,1.95,1.96,-0.36,-0.01,-1,325582,636933.875
SAUD,2014-12-04,1.99,1.99,1.93,1.97,1.55,0.04,-1,96520,189546.59375
SAUD,2014-12-03,1.94,1.94,1.93,1.93,-0.45,-0.01,-1,253322,490088
SAUD,2014-12-02,1.99,1.99,1.93,1.94,-0.36,-0.01,-1,277961,540031.25
SAUD,2014-12-01,1.95,1.95,1.94,1.95,-0.54,-0.01,-1,36192,70577.203125
SAUD,2014-11-30,1.97,1.97,1.94,1.96,1.36,0.03,-1,22332,43779.640625
SAUD,2014-11-27,1.93,1.93,1.93,1.93,0,0,-1,5837,11286
SAUD,2014-11-26,1.98,1.98,1.93,1.93,2.04,0.03,-1,48337,93504.5
SAUD,2014-11-25,1.93,1.93,1.89,1.9,-0.37,0,-1,264173,500550.96875
SAUD,2014-11-24,1.91,1.91,1.89,1.9,-2.17,-0.05,-1,195866,372520.96875
SAUD,2014-11-23,1.95,1.95,1.93,1.95,-0.36,0,-1,30432,59160.101563
SAUD,2014-11-20,1.95,1.95,1.95,1.95,0,0,-1,71009,138596.59375
SAUD,2014-11-19,1.96,1.96,1.93,1.95,-2.12,-0.04,-1,67361,131505.296875
SAUD,2014-11-18,2.04,2.04,1.95,1.99,2.07,0.04,-1,79608,158679.0625
SAUD,2014-11-17,1.99,1.99,1.95,1.95,-0.71,-0.02,-1,68244,133261.140625
SAUD,2014-11-16,1.97,1.97,1.96,1.97,-1.24,-0.02,-1,11383,22402.300781
SAUD,2014-11-13,2.01,2.01,1.93,1.99,-1.05,-0.02,-1,54138,107893.140625
SAUD,2014-11-12,2.02,2.02,1.99,2.01,-0.26,-0.01,-1,70307,141540.0625
SAUD,2014-11-11,2.02,2.02,2.01,2.02,-0.17,0,-1,78832,159112.09375
SAUD,2014-11-10,2.05,2.05,2,2.02,0.17,0,-1,164685,333030.09375
SAUD,2014-11-09,2.02,2.02,2.02,2.02,0.17,0,-1,27297,55082.558594
SAUD,2014-11-06,2.03,2.03,1.99,2.02,-2.22,-0.04,-1,43792,88271
SAUD,2014-11-05,2.07,2.07,2.02,2.06,0.86,0.01,-1,50076,103200.5
SAUD,2014-11-04,2.07,2.07,2.02,2.05,-0.09,0,-1,202668,413998.875
SAUD,2014-11-03,2.07,2.07,1.97,2.05,5.54,0.11,-1,130819,267456.46875
SAUD,2014-11-02,1.94,1.94,1.93,1.94,-0.27,0,-1,87008,168543.25
SAUD,2014-10-30,1.95,1.95,1.93,1.94,2.31,0.04,-1,38276,74374.203125
SAUD,2014-10-29,1.93,1.93,1.9,1.9,-2.7,-0.05,-1,119234,226524.796875
SAUD,2014-10-28,2.02,2.02,1.87,1.95,4.23,0.08,-1,140524,274320.90625
SAUD,2014-10-27,1.87,1.87,1.87,1.87,-2.74,-0.06,-1,41422,77574.601563
SAUD,2014-10-26,1.93,1.93,1.9,1.93,2.15,0.05,-1,74863,144185.796875
SAUD,2014-10-23,1.84,1.84,1.84,1.88,0,0,-1,359,661.5
SAUD,2014-10-22,1.9,1.9,1.85,1.88,1.9,0.03,-1,95204,179469
SAUD,2014-10-21,1.87,1.87,1.83,1.85,1.06,0.02,-1,9172,16972.029297
SAUD,2014-10-20,1.84,1.84,1.76,1.83,1.66,0.03,-1,6618,12121.400391
SAUD,2014-10-19,1.9,1.9,1.76,1.8,-2.2,-0.04,-1,90108,162266.375
SAUD,2014-10-16,1.84,1.84,1.82,1.84,-1.6,-0.03,-1,1091348,2009011.25
SAUD,2014-10-15,1.93,1.93,1.83,1.87,-1.12,-0.03,-1,271263,507448.125
SAUD,2014-10-14,1.92,1.92,1.81,1.9,-2.09,-0.03,-1,128962,243947.09375
SAUD,2014-10-13,1.94,1.94,1.89,1.93,-2.14,-0.05,-1,170826,330002.0625
SAUD,2014-10-12,2.01,2.01,1.94,1.98,-1.92,-0.03,-1,43106,85125.9375
SAUD,2014-10-09,2.03,2.03,1.97,2.01,-0.43,-0.01,-1,190155,382802.3125
SAUD,2014-10-08,2.07,2.07,1.99,2.02,0,0,-1,94321,190707.4375
SAUD,2014-10-02,2.02,2.02,2.01,2.02,-0.17,-0.01,-1,108698,219801
SAUD,2014-10-01,2.05,2.05,2.02,2.03,-1.37,-0.02,-1,26743,54175.378906
SAUD,2014-09-30,2.08,2.08,2.03,2.05,-0.85,-0.02,-1,241835,496601.71875
SAUD,2014-09-29,2.09,2.09,2.02,2.07,-0.59,-0.01,-1,155760,322642.90625
SAUD,2014-09-28,2.12,2.12,2.03,2.08,-1.06,-0.02,-1,995415,2074033
SAUD,2014-09-25,2.14,2.14,2.08,2.1,-2.37,-0.06,-1,147696,311002.84375
SAUD,2014-09-24,2.16,2.16,2.08,2.16,3.29,0.07,-1,3741730,8071223
SAUD,2014-09-23,2.12,2.12,2.05,2.09,3.32,0.07,-1,3797777,7929773
SAUD,2014-09-22,2.05,2.05,1.98,2.02,0.24,0.01,-1,464636,938690.625
SAUD,2014-09-21,2.05,2.05,1.98,2.01,-1.96,-0.03,-1,183918,370101.625
SAUD,2014-09-18,2.04,2.04,2.03,2.04,-1.47,-0.03,-1,149874,305571.875
SAUD,2014-09-17,2.08,2.08,2.05,2.07,-0.92,-0.02,-1,63310,130937
SAUD,2014-09-16,2.1,2.1,2.05,2.09,2.51,0.06,-1,2326001,4856370.5
SAUD,2014-09-15,2.05,2.05,2.01,2.03,0.24,0,-1,159586,324904
SAUD,2014-09-14,2.05,2.05,2.01,2.03,1.36,0.03,-1,251792,511517
SAUD,2014-09-11,2.03,2.03,1.99,2,-0.24,-0.01,-1,280740,562918
SAUD,2014-09-10,2.03,2.03,1.96,2.01,1.45,0.03,-1,1286871,2585334
SAUD,2014-09-09,1.99,1.99,1.98,1.98,0.24,0,-1,48477,95997
SAUD,2014-09-08,1.99,1.99,1.96,1.98,-0.72,-0.01,-1,146086,288552
SAUD,2014-09-07,1.99,1.99,1.96,1.99,-0.4,0,-1,75140,149539
SAUD,2014-09-04,1.99,1.99,1.95,1.99,-0.16,-0.01,-1,125054,249879.65625
SAUD,2014-09-03,2.03,2.03,1.99,2,0.56,0.01,-1,86660,173410.453125
SAUD,2014-09-02,1.99,1.99,1.95,1.99,0.08,0,-1,91298,181654.703125
SAUD,2014-09-01,2.01,2.01,1.96,1.99,-1.03,-0.02,-1,51063,101536.15625
SAUD,2014-08-31,1.97,1.97,1.97,2.01,0,0,-1,5003,9840
SAUD,2014-08-28,2.01,2.01,1.97,2.01,2.61,0.05,-1,84457,169693.1875
SAUD,2014-08-27,1.97,1.97,1.95,1.96,-1.21,-0.02,-1,40983,80248.421875
SAUD,2014-08-26,1.99,1.99,1.97,1.98,-0.24,-0.01,-1,1374458,2724247
SAUD,2014-08-25,2.01,2.01,1.94,1.99,1.22,0.03,-1,170686,339268.375
SAUD,2014-08-24,1.96,1.96,1.96,1.96,-1.21,-0.03,-1,10170,19960.019531
SAUD,2014-08-21,1.99,1.99,1.95,1.99,-1.82,-0.03,-1,27058,53762.5
SAUD,2014-08-20,2.05,2.05,1.97,2.02,-0.71,-0.02,-1,105155,212784.5
SAUD,2014-08-19,2.05,2.05,1.96,2.04,1.11,0.02,-1,233741,476475
SAUD,2014-08-18,2.05,2.05,1.95,2.02,1.29,0.03,-1,190295,383695.375
SAUD,2014-08-17,1.99,1.99,1.97,1.99,-1.11,-0.02,-1,8991,17896.699219
SAUD,2014-08-14,2.05,2.05,1.84,2.01,3.96,0.07,-1,610944,1229301
SAUD,2014-08-13,1.96,1.96,1.92,1.94,1.34,0.03,-1,110558,214078.34375
SAUD,2014-08-12,1.92,1.92,1.88,1.91,-1.4,-0.03,-1,7573,14467.519531
SAUD,2014-08-11,1.94,1.94,1.88,1.94,1,0.02,-1,6276,12167
SAUD,2014-08-10,1.93,1.93,1.92,1.92,0,0,-1,719305,1379882
SAUD,2014-08-07,1.95,1.95,1.87,1.92,2.3,0.05,-1,148771,285268.375
SAUD,2014-08-06,1.91,1.91,1.87,1.87,-2.17,-0.05,-1,55866,104739.921875
SAUD,2014-08-05,1.95,1.95,1.87,1.92,3.1,0.06,-1,122676,235128.421875
SAUD,2014-08-04,1.92,1.92,1.85,1.86,0,0,-1,957202,1779029.375
SAUD,2014-08-03,1.87,1.87,1.84,1.86,1.04,0.02,-1,56313,104729.8125
SAUD,2014-07-31,1.88,1.88,1.8,1.84,-0.69,-0.01,-1,202533,372596.1875
SAUD,2014-07-27,1.92,1.92,1.84,1.85,0.87,0.01,-1,557952,1033208.375
SAUD,2014-07-24,1.87,1.87,1.8,1.84,2.04,0.04,-1,248734,456656.71875
SAUD,2014-07-22,1.8,1.8,1.8,1.8,0,0,-1,7820,14062.5
SAUD,2014-07-21,1.8,1.8,1.8,1.8,-0.18,0,-1,196754,353846.25
SAUD,2014-07-20,1.84,1.84,1.8,1.8,1.9,0.03,-1,655167,1180528.625
SAUD,2014-07-17,1.8,1.8,1.75,1.77,-1.25,-0.02,-1,183150,323813.6875
SAUD,2014-07-16,1.82,1.82,1.74,1.79,-1.58,-0.03,-1,137136,245432.734375
SAUD,2014-07-15,1.84,1.84,1.8,1.82,1.43,0.03,-1,144679,263250.84375
SAUD,2014-07-14,1.82,1.82,1.76,1.79,2,0.03,-1,19513,34987.671875
SAUD,2014-07-13,1.76,1.76,1.76,1.76,0,0,-1,53403,93922.117188
SAUD,2014-07-10,1.76,1.76,1.75,1.76,0,0,-1,135883,238885.90625
SAUD,2014-07-09,1.76,1.76,1.76,1.76,1.85,0.04,-1,152951,268959.5
SAUD,2014-07-08,1.73,1.73,1.72,1.72,-0.46,-0.02,-1,44450,76762.0625
SAUD,2014-07-07,1.76,1.76,1.72,1.74,-1.18,-0.01,-1,18882,32742.330078
SAUD,2014-07-06,1.76,1.76,1.74,1.75,1.39,0.01,-1,20341,35696.660156
SAUD,2014-07-03,1.74,1.74,1.72,1.74,-0.18,0,-1,32072,55518.578125
SAUD,2014-07-02,1.78,1.78,1.68,1.74,-2.43,-0.04,-1,81319,141058.453125
SAUD,2014-06-30,1.9,1.9,1.6,1.78,0.45,0.01,-1,175618,312262.9375
SAUD,2014-06-29,1.77,1.77,1.77,1.77,0,0,-1,3357,5917.439941
SAUD,2014-06-26,1.78,1.78,1.77,1.77,-1.6,-0.03,-1,17529,31004.619141
SAUD,2014-06-25,1.92,1.92,1.74,1.8,2.46,0.05,-1,765930,1377114.625
SAUD,2014-06-24,1.76,1.76,1.68,1.75,0,0,-1,253482,444967.28125
SAUD,2014-06-23,1.76,1.76,1.68,1.75,6.81,0.11,-1,520422,913262.8125
SAUD,2014-06-22,1.63,1.63,1.62,1.64,0,0,-1,1421,2304.899902
SAUD,2014-06-19,1.66,1.66,1.64,1.64,-0.68,-0.01,-1,67874,111547.703125
SAUD,2014-06-18,1.71,1.71,1.71,1.65,0,0,-1,4293,7340.200195
SAUD,2014-06-17,1.67,1.67,1.64,1.65,-1.15,-0.02,-1,129075,213545.75
SAUD,2014-06-16,1.68,1.68,1.66,1.67,-0.38,-0.01,-1,49141,82262.398438
SAUD,2014-06-15,1.68,1.68,1.68,1.68,-1.13,-0.02,-1,18766,31520
SAUD,2014-06-12,1.71,1.71,1.68,1.7,-0.28,0,-1,101227,172037.1875
SAUD,2014-06-11,1.71,1.71,1.68,1.7,-0.37,-0.01,-1,66977,114093.851563
SAUD,2014-06-10,1.74,1.74,1.66,1.71,-0.19,-0.01,-1,66154,113133.773438
SAUD,2014-06-09,1.73,1.73,1.68,1.72,3.08,0.06,-1,68165,116775.703125
SAUD,2014-06-05,1.72,1.72,1.65,1.66,0.87,0.01,-1,79613,132354.578125
SAUD,2014-06-04,1.66,1.66,1.61,1.65,3.41,0.06,-1,7504,12368
SAUD,2014-06-03,1.6,1.6,1.59,1.59,-0.1,0,-1,130386,207900.140625
SAUD,2014-06-02,1.65,1.65,1.58,1.59,0.1,0,-1,169178,269871.46875
SAUD,2014-06-01,1.74,1.74,1.57,1.59,-5.94,-0.11,-1,567689,904496.9375
SAUD,2014-05-29,1.74,1.74,1.63,1.7,-1.49,-0.02,-1,239197,405442.59375
SAUD,2014-05-28,1.76,1.76,1.71,1.72,-2.09,-0.04,-1,88887,152869.109375
SAUD,2014-05-26,1.76,1.76,1.74,1.76,0,0,-1,869088,1526699.625
SAUD,2014-05-25,1.81,1.81,1.75,1.76,0,0,-1,134155,235754
SAUD,2014-05-22,1.78,1.78,1.68,1.76,-0.18,0,-1,275485,484034.09375
SAUD,2014-05-21,1.79,1.79,1.75,1.76,-0.09,0,-1,319776,562824.3125
SAUD,2014-05-20,1.77,1.77,1.75,1.76,0.36,0.01,-1,116104,204443.65625
SAUD,2014-05-19,1.79,1.79,1.74,1.75,0.09,0,-1,83928,147265.234375
SAUD,2014-05-18,1.76,1.76,1.74,1.75,-0.27,-0.01,-1,218382,382861.40625
SAUD,2014-05-15,1.78,1.78,1.75,1.76,0.36,0.01,-1,2262705,3978948.5
SAUD,2014-05-14,1.76,1.76,1.73,1.75,0.46,0,-1,98896,173330.78125
SAUD,2014-05-13,1.75,1.75,1.72,1.75,-0.82,-0.01,-1,30939,53929.25
SAUD,2014-05-12,1.76,1.76,1.76,1.76,3.38,0.06,-1,16890,29690.169922
SAUD,2014-05-11,1.71,1.71,1.68,1.7,-0.65,-0.01,-1,6799,11550.459961
SAUD,2014-05-08,1.75,1.75,1.71,1.71,-1.65,-0.03,-1,25728,44051.75
SAUD,2014-05-07,1.75,1.75,1.72,1.74,-1,-0.02,-1,45896,79890.4375
SAUD,2014-05-06,1.76,1.76,1.76,1.76,0,0,-1,71939,126510
SAUD,2014-05-05,1.76,1.76,1.76,1.76,0,0,-1,80562,141658
SAUD,2014-05-04,1.76,1.76,1.72,1.76,-0.18,0,-1,19869,34919
SAUD,2014-04-30,1.78,1.78,1.76,1.76,0.18,0,-1,41913,73815.421875
SAUD,2014-04-29,1.79,1.79,1.76,1.76,-0.18,0,-1,666637,1172333.375
SAUD,2014-04-28,1.78,1.78,1.76,1.76,-1.78,-0.03,-1,47234,83204.703125
SAUD,2014-04-27,1.8,1.8,1.79,1.79,0,0,-1,15640,28049.849609
SAUD,2014-04-23,1.8,1.8,1.76,1.79,0.36,0,-1,414228,742626.5625
SAUD,2014-04-22,1.8,1.8,1.78,1.79,-0.18,0,-1,53831,96225.179688
SAUD,2014-04-17,1.8,1.8,1.77,1.79,0.18,0,-1,116008,207677
SAUD,2014-04-16,1.8,1.8,1.76,1.79,-0.27,0,-1,31104,55593.050781
SAUD,2014-04-15,1.8,1.8,1.79,1.79,0.99,0.01,-1,29579,53012.371094
SAUD,2014-04-14,1.78,1.78,1.76,1.78,-0.8,-0.01,-1,48090,85364.796875
SAUD,2014-04-10,1.81,1.81,1.77,1.79,-0.53,-0.01,-1,90006,161059.5625
SAUD,2014-04-09,1.81,1.81,1.77,1.8,1.26,0.02,-1,61272,110147.25
SAUD,2014-04-08,1.81,1.81,1.76,1.78,-0.89,-0.01,-1,20440,36292.519531
SAUD,2014-04-07,1.84,1.84,1.78,1.79,-2.78,-0.05,-1,406178,728102.1875
SAUD,2014-04-06,1.92,1.92,1.76,1.84,0.17,0,-1,332535,612799.125
SAUD,2014-04-03,1.91,1.91,1.83,1.84,-2.37,-0.04,-1,203496,374580.40625
SAUD,2014-04-02,1.9,1.9,1.87,1.88,-1.75,-0.04,-1,145984,275128.1875
SAUD,2014-04-01,1.92,1.92,1.92,1.92,1.01,0.02,-1,69498,133320
SAUD,2014-03-31,1.92,1.92,1.84,1.9,-1.82,-0.03,-1,159836,303470.78125
SAUD,2014-03-30,1.95,1.95,1.92,1.93,-0.08,-0.01,-1,42264,81727.5
SAUD,2014-03-27,1.99,1.99,1.88,1.94,-2.26,-0.04,-1,202509,392146.1875
SAUD,2014-03-26,2.01,2.01,1.97,1.98,-0.32,-0.01,-1,101287,200686.734375
SAUD,2014-03-25,1.99,1.99,1.98,1.99,-0.88,-0.01,-1,61500,122154.523438
SAUD,2014-03-24,2.03,2.03,1.97,2,-0.08,-0.01,-1,49533,99239.851563
SAUD,2014-03-23,2.01,2.01,1.99,2.01,-0.71,-0.01,-1,44354,88966.101563
SAUD,2014-03-20,2.03,2.03,1.99,2.02,0.48,0.01,-1,70370,142136.625
SAUD,2014-03-19,2.03,2.03,1.99,2.01,0.48,0.01,-1,147830,297358.5625
SAUD,2014-03-18,2.02,2.02,1.98,2,0.81,0.02,-1,174082,348403.5
SAUD,2014-03-17,2.01,2.01,1.97,1.98,0.32,0,-1,88637,176040.203125
SAUD,2014-03-16,2,2,1.96,1.98,0.49,0.01,-1,53631,106107.429688
SAUD,2014-03-13,2.01,2.01,1.94,1.97,0,0,-1,68546,134995.65625
SAUD,2014-03-12,2.03,2.03,1.96,1.97,-1.12,-0.02,-1,310656,611703.8125
SAUD,2014-03-11,2,2,1.98,1.99,1.55,0.03,-1,239123,476197.34375
SAUD,2014-03-10,1.99,1.99,1.96,1.96,-1.13,-0.02,-1,2037636,3996291.25
SAUD,2014-03-09,2.01,2.01,1.97,1.98,-1.27,-0.03,-1,299800,594829
SAUD,2014-03-06,2.02,2.02,1.99,2.01,-1.8,-0.04,-1,311087,625295.6875
SAUD,2014-03-05,2.06,2.06,2.02,2.05,0.39,0.01,-1,271093,554547.8125
SAUD,2014-03-04,2.06,2.06,1.99,2.04,1.76,0.04,-1,259787,529541.625
SAUD,2014-03-03,2.08,2.08,1.98,2,-3.69,-0.08,-1,263413,527667.0625
SAUD,2014-03-02,2.1,2.1,2.03,2.08,1.72,0.03,-1,530653,1103219.125
SAUD,2014-02-27,2.06,2.06,2.01,2.05,1.99,0.05,-1,470437,961736.1875
SAUD,2014-02-26,2.03,2.03,1.99,2,-0.08,-0.01,-1,137122,274824.75
SAUD,2014-02-25,2.05,2.05,1.98,2.01,-2.33,-0.04,-1,865621,1737117.5
SAUD,2014-02-24,2.09,2.09,2.04,2.05,-3.02,-0.07,-1,769896,1581129.5
SAUD,2014-02-23,2.14,2.14,2.1,2.12,1.532567,0.04,-1,993810,2105029.75
SAUD,2014-02-20,2.1,2.1,2.08,2.08,0.85,0.01,-1,567566,1184165
SAUD,2014-02-19,2.11,2.11,2.05,2.07,0.54,0.02,-1,1203859,2490746
SAUD,2014-02-18,2.1,2.1,2.02,2.05,1.82,0.03,-1,837345,1722632.75
SAUD,2014-02-17,2.08,2.08,1.93,2.02,4.72,0.09,-1,1868236,3773822
SAUD,2014-02-16,1.95,1.95,1.91,1.93,1.26,0.03,-1,600288,1157773.625
SAUD,2014-02-13,1.92,1.92,1.88,1.9,0.42,0,-1,1144836,2181014.25
SAUD,2014-02-12,1.93,1.93,1.89,1.9,-0.34,0,-1,415440,788347.375
SAUD,2014-02-11,1.93,1.93,1.89,1.9,-0.17,-0.01,-1,574020,1093203
SAUD,2014-02-10,1.93,1.93,1.9,1.91,-1.08,-0.02,-1,315780,602258.375
SAUD,2014-02-09,1.95,1.95,1.9,1.93,1.86,0.03,-1,1324330,2553054
SAUD,2014-02-06,1.91,1.91,1.84,1.9,4.23,0.08,-1,1662014,3146342.75
SAUD,2014-02-05,1.84,1.84,1.81,1.82,0.18,0.01,-1,12573,22826.800781
SAUD,2014-02-04,1.82,1.82,1.81,1.81,-0.79,-0.02,-1,177160,321023.65625
SAUD,2014-02-03,1.83,1.83,1.82,1.83,0.18,0.01,-1,239098,436915.8125
SAUD,2014-02-02,1.87,1.87,1.81,1.82,0.09,0,-1,324323,591661.8125
SAUD,2014-01-30,1.84,1.84,1.82,1.82,-0.7,-0.02,-1,704579,1284396.625
SAUD,2014-01-29,1.84,1.84,1.81,1.84,-0.17,0,-1,312521,573361.1875
SAUD,2014-01-28,1.85,1.85,1.83,1.84,0,0,-1,232260,427073
SAUD,2014-01-27,1.85,1.85,1.83,1.84,-0.61,-0.01,-1,139182,255802.0625
SAUD,2014-01-26,1.87,1.87,1.83,1.85,-2.12,-0.04,-1,132726,245379.484375
SAUD,2014-01-23,1.9,1.9,1.87,1.89,2.69,0.05,-1,380266,718352.25
SAUD,2014-01-22,1.87,1.87,1.79,1.84,5.11,0.09,-1,1004521,1847489.375
SAUD,2014-01-20,1.76,1.76,1.73,1.75,-1.08,-0.02,-1,26150,45783.800781
SAUD,2014-01-19,1.81,1.81,1.75,1.77,-0.9,-0.01,-1,196112,347057.875
SAUD,2014-01-16,1.8,1.8,1.78,1.78,0.18,0,-1,125858,224770.515625
SAUD,2014-01-15,1.81,1.81,1.78,1.78,-1.24,-0.02,-1,161358,287725.3125
SAUD,2014-01-14,1.82,1.82,1.79,1.8,0.53,0.01,-1,159405,287573.125
SAUD,2014-01-12,1.81,1.81,1.79,1.79,0.18,0,-1,361574,648968.125
SAUD,2014-01-09,1.8,1.8,1.79,1.79,-0.27,0,-1,83747,150072.765625
SAUD,2014-01-08,1.81,1.81,1.78,1.79,1.35,0.02,-1,225990,405889.125
SAUD,2014-01-06,1.79,1.79,1.77,1.77,0.09,0,-1,81319,144149.828125
SAUD,2014-01-05,1.81,1.81,1.75,1.77,0.82,0.01,-1,115662,204905.140625
SAUD,2014-01-02,1.79,1.79,1.75,1.76,0.37,0.01,-1,69649,122395.4375
SAUD,2013-12-31,1.78,1.78,1.7,1.75,-0.36,-0.01,-1,114683,200678
SAUD,2013-12-30,1.79,1.79,1.74,1.76,-1.79,-0.03,-1,296818,521530.53125
SAUD,2013-12-29,1.81,1.81,1.76,1.79,1.36,0.02,-1,30360,54304.988281
SAUD,2013-12-26,1.77,1.77,1.75,1.77,-2.21,-0.03,-1,122972,216929.59375
SAUD,2013-12-25,1.81,1.81,1.8,1.8,2.36,0.04,-1,20456,36909.589844
SAUD,2013-12-24,1.79,1.79,1.74,1.76,-0.18,-0.01,-1,103295,182070.296875
SAUD,2013-12-23,1.8,1.8,1.77,1.77,-0.27,0,-1,16216,28647.099609
SAUD,2013-12-22,1.8,1.8,1.75,1.77,-2.21,-0.04,-1,283255,501754.3125
SAUD,2013-12-19,1.84,1.84,1.8,1.81,1.16,0.02,-1,263860,477829.25
SAUD,2013-12-18,1.82,1.82,1.78,1.79,-1.67,-0.03,-1,224259,401443.40625
SAUD,2013-12-17,1.82,1.82,1.8,1.82,0.35,0.01,-1,15014,27330.759766
SAUD,2013-12-16,1.8,1.8,1.8,1.81,0,0,-1,1136,2049.320068
SAUD,2013-12-15,1.84,1.84,1.8,1.81,-1.13,-0.03,-1,36825,66824.078125
SAUD,2013-12-12,1.84,1.84,1.81,1.84,3.33,0.06,-1,133356,244705.34375
SAUD,2013-12-11,1.8,1.8,1.78,1.78,-0.09,0,-1,31608,56163.429688
SAUD,2013-12-10,1.79,1.79,1.76,1.78,-1.07,-0.01,-1,50786,90253.609375
SAUD,2013-12-09,1.78,1.78,1.78,1.79,0,0,-1,5516,9802.919922
SAUD,2013-12-08,1.82,1.82,1.78,1.79,0.81,0.01,-1,19093,34309.421875
SAUD,2013-12-05,1.78,1.78,1.78,1.78,0,0,-1,85612,152606.265625
SAUD,2013-12-04,1.82,1.82,1.78,1.78,-0.54,-0.01,-1,119656,213227.15625
SAUD,2013-12-03,1.81,1.81,1.78,1.79,0.27,0,-1,57599,103229.09375
SAUD,2013-12-02,1.8,1.8,1.77,1.79,0.09,0.01,-1,152751,273104.84375
SAUD,2013-12-01,1.82,1.82,1.77,1.78,0.18,0,-1,11054,19726.779297
SAUD,2013-11-28,1.82,1.82,1.78,1.78,-0.45,-0.01,-1,88478,157775.15625
SAUD,2013-11-27,1.82,1.82,1.79,1.79,-0.27,0,-1,54997,98502.273438
SAUD,2013-11-26,1.84,1.84,1.78,1.79,-0.09,0,-1,101227,181725.375
SAUD,2013-11-25,1.83,1.83,1.79,1.79,-1.23,-0.03,-1,61478,110492.867188
SAUD,2013-11-24,1.84,1.84,1.81,1.82,0.62,0.01,-1,18646,33926.070313
SAUD,2013-11-21,1.84,1.84,1.81,1.81,-1.14,-0.02,-1,92145,166610.90625
SAUD,2013-11-20,1.85,1.85,1.81,1.83,-0.44,-0.01,-1,202852,371087.4375
SAUD,2013-11-19,1.86,1.86,1.81,1.84,-0.86,-0.01,-1,87513,160808.234375
SAUD,2013-11-18,1.87,1.87,1.82,1.85,-0.09,0,-1,196469,364091.5625
SAUD,2013-11-17,1.89,1.89,1.81,1.85,2.75,0.05,-1,330755,613097.31
SAUD,2013-11-14,1.82,1.82,1.79,1.8,-0.27,-0.01,-1,225636,407242.34375
SAUD,2013-11-13,1.82,1.82,1.8,1.81,-1.48,-0.03,-1,353581,639582.5
SAUD,2013-11-12,1.85,1.85,1.82,1.84,-1.03,-0.01,-1,184351,338586
SAUD,2013-11-11,1.87,1.87,1.82,1.85,0.69,0.01,-1,67567,125450.6875
SAUD,2013-11-10,1.85,1.85,1.84,1.84,-1.96,-0.04,-1,189063,348335.53125
SAUD,2013-11-07,1.95,1.95,1.84,1.88,-2.08,-0.04,-1,207386,389734.9375
SAUD,2013-11-06,1.96,1.96,1.84,1.92,1.26,0.02,-1,860204,1650923.75
SAUD,2013-11-04,1.92,1.92,1.82,1.9,4.31,0.08,-1,377288,715060.25
SAUD,2013-11-03,1.83,1.83,1.81,1.82,0.18,0.01,-1,53795,97802.960938
SAUD,2013-10-31,1.84,1.84,1.79,1.81,1.07,0.02,-1,111172,201758.5625
SAUD,2013-10-30,1.79,1.79,1.79,1.79,-0.53,-0.01,-1,6256,11230
SAUD,2013-10-29,1.81,1.81,1.79,1.8,0.98,0.01,-1,55054,99345.351563
SAUD,2013-10-28,1.79,1.79,1.78,1.79,-1.58,-0.03,-1,144166,257725.296875
SAUD,2013-10-27,1.83,1.83,1.81,1.82,-0.44,0,-1,161761,293699.375
SAUD,2013-10-24,1.84,1.84,1.81,1.82,-0.78,-0.02,-1,62729,114432.242188
SAUD,2013-10-23,1.85,1.85,1.82,1.84,-1.29,-0.03,-1,121069,222654
SAUD,2013-10-22,1.88,1.88,1.84,1.87,0.52,0.02,-1,477618,889279
SAUD,2013-10-21,1.87,1.87,1.82,1.85,1.76,0.03,-1,300436,556718.125
SAUD,2013-10-20,1.84,1.84,1.8,1.82,0.71,0.01,-1,135438,246497.6875
SAUD,2013-10-13,1.83,1.83,1.78,1.81,0.44,0.01,-1,377650,682598.75
SAUD,2013-10-10,1.81,1.81,1.78,1.8,1.08,0.02,-1,8536,15359.799805
SAUD,2013-10-09,1.81,1.81,1.77,1.78,-0.89,-0.01,-1,122775,218546.203125
SAUD,2013-10-08,1.82,1.82,1.79,1.79,-0.35,-0.01,-1,260446,467965.4375
SAUD,2013-10-07,1.81,1.81,1.78,1.8,0.53,0.01,-1,79438,143245.296875
SAUD,2013-10-03,1.8,1.8,1.78,1.79,-0.53,-0.01,-1,63957,114754.59375
SAUD,2013-10-02,1.82,1.82,1.78,1.8,1.71,0.03,-1,164540,296742.28125
SAUD,2013-10-01,1.82,1.82,1.76,1.77,0.64,0.01,-1,252637,447706.375
SAUD,2013-09-30,1.81,1.81,1.76,1.76,-1.87,-0.03,-1,207029,364870.09375
SAUD,2013-09-29,1.8,1.8,1.79,1.79,-0.7,-0.02,-1,31279,56133.898438
SAUD,2013-09-26,1.84,1.84,1.8,1.81,1.95,0.01,-1,94419,170666.828125
SAUD,2013-09-25,1.82,1.82,1.8,1.8,-2,-0.04,-1,55811,100458.382813
SAUD,2013-09-24,1.85,1.85,1.82,1.84,-1.13,0,-1,50707,93019.242188
SAUD,2013-09-23,1.86,1.86,1.8,1.84,-1.4,0.01,-1,5878,10816.129883
SAUD,2013-09-22,1.85,1.85,1.77,1.83,0.88,0.01,-1,30061,55045.300781
SAUD,2013-09-19,1.83,1.83,1.81,1.82,1.24,0.01,-1,14142,25748.900391
SAUD,2013-09-18,1.81,1.81,1.8,1.81,0.53,0.01,-1,66407,120277.5625
SAUD,2013-09-17,1.81,1.81,1.8,1.8,-0.71,-0.01,-1,29422,53129.71875
SAUD,2013-09-16,1.87,1.87,1.8,1.81,-2.68,-0.04,-1,194664,352963.53125
SAUD,2013-09-15,1.87,1.87,1.81,1.85,1.31,0.03,-1,78555,145183.953125
SAUD,2013-09-12,1.84,1.84,1.81,1.82,0.97,0,-1,71722,130808.210938
SAUD,2013-09-11,1.84,1.84,1.81,1.82,-0.96,0,-1,77342,140781.1875
SAUD,2013-09-10,1.84,1.84,1.79,1.82,1.77,0.01,-1,91177,166410.375
SAUD,2013-09-09,1.81,1.81,1.76,1.81,0,0,-1,4208,7416.720215
SAUD,2013-09-08,1.84,1.84,1.8,1.81,-4.17,-0.06,-1,53425,96785.75
SAUD,2013-09-05,1.92,1.92,1.78,1.87,-1.86,0.06,-1,41757,78345.25
SAUD,2013-09-04,1.85,1.85,1.74,1.81,4.42,0.07,-1,1189418,2153480
SAUD,2013-09-03,1.74,1.74,1.74,1.74,0,0,-1,9024,15624.75
SAUD,2013-09-02,1.78,1.78,1.68,1.74,-3.62,-0.06,-1,20714,35841.789063
SAUD,2013-09-01,1.81,1.81,1.78,1.8,1.57,0.03,-1,28210,50890.800781
SAUD,2013-08-29,1.79,1.79,1.72,1.77,0.96,0.03,-1,15867,28013.919922
SAUD,2013-08-28,1.75,1.75,1.68,1.74,0.88,0,-1,463761,805844.5625
SAUD,2013-08-27,1.79,1.79,1.71,1.74,-6.31,-0.09,-1,88473,153569.25
SAUD,2013-08-26,1.84,1.84,1.79,1.83,-1.52,0,-1,4808,8699.700195
SAUD,2013-08-25,1.85,1.85,1.78,1.83,6.4,0.09,-1,84871,155101.78125
SAUD,2013-08-22,1.77,1.77,1.74,1.74,1.13,0.02,-1,440161,765049.5
SAUD,2013-08-21,1.74,1.74,1.69,1.72,3.5,0.05,-1,115797,199026.328125
SAUD,2013-08-20,1.69,1.69,1.64,1.67,1.44,0.03,-1,806107,1344785.75
SAUD,2013-08-19,1.65,1.65,1.63,1.64,7.21,0.1,-1,9114,14982.75
SAUD,2013-08-18,1.58,1.58,1.53,1.54,-7.6,-0.13,-1,44760,69051.132813
SAUD,2013-08-14,1.67,1.67,1.64,1.67,-0.17,0,-1,112895,187950.015625
SAUD,2013-08-13,1.68,1.68,1.67,1.67,0.17,0,-1,320226,535025.5
SAUD,2013-08-12,1.68,1.68,1.62,1.67,0.58,0,-1,16783,27990.519531
SAUD,2013-08-07,1.68,1.68,1.67,1.67,1,0,-1,35007,58532
SAUD,2013-08-06,1.71,1.71,1.65,1.67,-2.38,-0.03,-1,17099,28477.619141
SAUD,2013-08-05,1.71,1.71,1.68,1.7,2.21,0.06,-1,27483,46584.550781
SAUD,2013-08-04,1.7,1.7,1.64,1.64,3.9,0,-1,3604,6125
SAUD,2013-08-01,1.64,1.64,1.63,1.64,0,0.01,-1,63069,103371.023438
SAUD,2013-07-31,1.63,1.63,1.62,1.63,-0.68,-0.01,-1,19598,31859.150391
SAUD,2013-07-30,1.64,1.64,1.63,1.64,-0.76,-0.01,-1,21120,34639.199219
SAUD,2013-07-29,1.67,1.67,1.63,1.65,-1.75,-0.02,-1,14578,23998.929688
SAUD,2013-07-28,1.67,1.67,1.65,1.67,-0.67,0,-1,16690,27799.400391
SAUD,2013-07-25,1.67,1.67,1.65,1.67,3.45,0.06,-1,24104,40132.308594
SAUD,2013-07-24,1.68,1.68,1.6,1.61,-1.08,-0.06,-1,59355,95698.757813
SAUD,2013-07-22,1.68,1.68,1.67,1.67,-2.52,-0.04,-1,71939,120083.296875
SAUD,2013-07-21,1.72,1.72,1.7,1.71,2.49,0.03,-1,41247,70577.203125
SAUD,2013-07-18,1.69,1.69,1.62,1.68,1.93,0.02,-1,19449,32572.740234
SAUD,2013-07-17,1.67,1.67,1.63,1.66,-2.16,-0.01,-1,33707,55849.898438
SAUD,2013-07-16,1.7,1.7,1.61,1.67,-0.08,0,-1,17151,28660.529297
SAUD,2013-07-14,1.68,1.68,1.67,1.67,-0.83,-0.01,-1,97096,162154.78125
SAUD,2013-07-11,1.72,1.72,1.67,1.68,-1.64,-0.02,-1,56557,95135.359375
SAUD,2013-07-10,1.75,1.75,1.7,1.7,1.39,0,-1,2090,3626.449951
SAUD,2013-07-09,1.75,1.75,1.67,1.7,5.92,0.08,-1,61193,104060.367188
SAUD,2013-07-08,1.66,1.66,1.57,1.62,-0.76,-0.03,-1,52723,85432.3125
SAUD,2013-07-07,1.75,1.75,1.61,1.65,0,0.04,-1,92996,153477.90625
SAUD,2013-07-04,1.61,1.61,1.61,1.61,9.99,0.14,-1,16139,25929.080078
SAUD,2013-07-03,1.52,1.52,1.38,1.47,-1.73,-0.06,-1,8305,12140.299805
SAUD,2013-07-02,1.54,1.54,1.52,1.53,9.84,0.13,-1,98193,150280.796875
SAUD,2013-06-30,1.5,1.5,1.4,1.4,7.26,0,-1,3604,5395
SAUD,2013-06-27,1.41,1.41,1.39,1.4,-0.4,0,-1,7197,10061
SAUD,2013-06-25,1.42,1.42,1.36,1.4,7.94,0.08,-1,73601,103352.203125
SAUD,2013-06-24,1.32,1.32,1.3,1.32,-0.53,0,-1,71,94
SAUD,2013-06-23,1.32,1.32,1.32,1.32,0,0,-1,643984,845965.625
SAUD,2013-06-20,1.33,1.33,1.32,1.32,3.58,0.04,-1,211557,278034.9375
SAUD,2013-06-19,1.3,1.3,1.25,1.28,-1.99,-0.05,-1,31312,40142.21875
SAUD,2013-06-18,1.38,1.38,1.32,1.33,3.65,-0.01,-1,1077461,1430775.375
SAUD,2013-06-17,1.39,1.39,1.32,1.34,3.74,0,-1,72784,97099.5
SAUD,2013-06-16,1.38,1.38,1.25,1.34,-9.63,-0.05,-1,300817,402160.5625
SAUD,2013-06-13,1.46,1.46,1.36,1.39,2.04,-0.04,-1,48691,67458.007813
SAUD,2013-06-12,1.46,1.46,1.39,1.43,-9.67,-0.11,-1,95966,137192.796875
SAUD,2013-06-11,1.56,1.56,1.53,1.54,1.09,0.01,-1,34390,52901
SAUD,2013-06-10,1.56,1.56,1.5,1.53,-4.18,-0.06,-1,104634,160440.984375
SAUD,2013-06-09,1.6,1.6,1.53,1.59,-6.056,-0.11,-1,59733,95319.5
SAUD,2013-06-06,1.78,1.78,1.64,1.7,-1.56,0,-1,76355,129735.773438
SAUD,2013-06-05,1.7,1.7,1.69,1.7,-1.61,-0.02,-1,44354,75210.398438
SAUD,2013-06-04,1.72,1.72,1.72,1.72,-0.8,-0.02,-1,7197,12400
SAUD,2013-06-03,1.75,1.75,1.74,1.74,0.8,0,-1,3604,6300
SAUD,2013-06-02,1.74,1.74,1.74,1.74,-3.03,-0.05,-1,7197,12500
SAUD,2013-05-30,1.81,1.81,1.78,1.79,0.16,0,-1,57119,102376.9375
SAUD,2013-05-29,1.81,1.81,1.77,1.79,-1.92,-0.02,-1,59805,107079.75
SAUD,2013-05-28,1.81,1.81,1.81,1.81,0,0,-1,6835,12350
SAUD,2013-05-27,1.81,1.81,1.79,1.81,-0.84,-0.01,-1,127805,231045.40625
SAUD,2013-05-26,1.84,1.84,1.81,1.82,-1.71,-0.05,-1,39568,72100
SAUD,2013-05-23,1.89,1.89,1.85,1.87,3.74,0.05,-1,17987,33576.289063
SAUD,2013-05-22,1.84,1.84,1.81,1.82,-1.29,-0.01,-1,99998,182046
SAUD,2013-05-21,1.87,1.87,1.82,1.83,-1.88,-0.02,-1,25464,46627.691406
SAUD,2013-05-20,1.87,1.87,1.83,1.85,-1.79,-0.02,-1,106126,196676.59375
SAUD,2013-05-19,1.88,1.88,1.83,1.87,-0.15,0,-1,22099,41278.238281
SAUD,2013-05-16,1.89,1.89,1.85,1.87,-1.62,-0.01,-1,160373,299290.3125
SAUD,2013-05-15,1.9,1.9,1.87,1.88,0.07,0.01,-1,27332,51493.601563
SAUD,2013-05-14,1.87,1.87,1.87,1.87,2.51,0.04,-1,61061,114587.273438
SAUD,2013-05-13,1.84,1.84,1.82,1.83,-3.61,-0.05,-1,30868,56509.5
SAUD,2013-05-12,1.92,1.92,1.85,1.88,-3.33,-0.04,-1,212953,401833.59375
SAUD,2013-05-09,1.93,1.93,1.9,1.92,4.42,0.1,-1,241534,463559.53125
SAUD,2013-05-08,1.87,1.87,1.79,1.82,4.49,0.03,-1,1073339,1956497.875
SAUD,2013-05-07,1.81,1.81,1.79,1.79,0.08,0,-1,587619,1055494.375
SAUD,2013-05-02,1.81,1.81,1.79,1.79,0.23,-0.01,-1,82485,147998.078125
SAUD,2013-04-30,1.81,1.81,1.77,1.8,1.64,0.02,-1,39025,70308.726563
SAUD,2013-04-28,1.78,1.78,1.75,1.78,-0.31,0,-1,5003,8844.599609
SAUD,2013-04-24,1.79,1.79,1.76,1.78,0.55,0,-1,48447,86140.09375
SAUD,2013-04-23,1.79,1.79,1.78,1.78,-0.62,-0.01,-1,5691,10136
SAUD,2013-04-22,1.8,1.8,1.79,1.79,0.54,0,-1,721,1294
SAUD,2013-04-21,1.8,1.8,1.74,1.79,-1.77,-0.01,-1,25333,45337.199219
SAUD,2013-04-18,1.81,1.81,1.75,1.8,2.52,0.04,-1,58867,106216.390625
SAUD,2013-04-17,1.77,1.77,1.74,1.76,0,-0.01,-1,89504,157702.09375
SAUD,2013-04-16,1.77,1.77,1.77,1.77,0.08,0,-1,25914,45761.101563
SAUD,2013-04-15,1.77,1.77,1.76,1.77,-1.09,-0.01,-1,31139,54980.7
SAUD,2013-04-14,1.79,1.79,1.78,1.78,2.31,0.04,-1,31266,55775.5
SAUD,2013-04-11,1.81,1.81,1.71,1.74,3.67,0,-1,5576,9945.75
SAUD,2013-04-10,1.75,1.75,1.74,1.74,-1.34,-0.02,-1,71939,125317
SAUD,2013-04-09,1.77,1.77,1.76,1.76,-0.78,-0.02,-1,50040,88263.84375
SAUD,2013-04-08,1.8,1.8,1.77,1.78,1.52,0.04,-1,63423,112888.601563
SAUD,2013-04-07,1.77,1.77,1.74,1.74,1.52,0,-1,3604,6350
SAUD,2013-04-04,1.76,1.76,1.72,1.74,0.4,0,-1,66942,116422.5
SAUD,2013-04-03,1.74,1.74,1.74,1.74,0,0,-1,30868,53410.5
SAUD,2013-04-02,1.75,1.75,1.72,1.74,-0.4,0,-1,377622,653588.75
SAUD,2013-04-01,1.74,1.74,1.74,1.74,-0.48,-0.01,-1,72663,126262.5
SAUD,2013-03-31,1.77,1.77,1.67,1.75,0,0.01,-1,223736,390651
SAUD,2013-03-28,1.74,1.74,1.74,1.74,0,0,-1,53159,92375
SAUD,2013-03-27,1.74,1.74,1.74,1.74,0,0,-1,7197,12500
SAUD,2013-03-26,1.74,1.74,1.74,1.74,-0.56,-0.01,-1,14351,24937.5
SAUD,2013-03-25,1.75,1.75,1.74,1.75,0,0,-1,12655,22104
SAUD,2013-03-24,1.75,1.75,1.75,1.75,-1.1,-0.02,-1,6372,11163.599609
SAUD,2013-03-21,1.77,1.77,1.72,1.77,2,0.03,-1,1198656,2123504.5
SAUD,2013-03-20,1.74,1.74,1.74,1.74,0,0,-1,38131,66265
SAUD,2013-03-19,1.74,1.74,1.74,1.74,0.16,0,-1,6553,11375
SAUD,2013-03-18,1.74,1.74,1.74,1.74,-1.19,-0.02,-1,53524,92837.359375
SAUD,2013-03-17,1.76,1.76,1.75,1.76,0.4,0.01,-1,608119,1069079.25
SAUD,2013-03-14,1.75,1.75,1.74,1.75,0,0,-1,4314,7476
SAUD,2013-03-13,1.75,1.75,1.75,1.75,-1.57,-0.02,-1,43531,75927.5
SAUD,2013-03-12,1.77,1.77,1.75,1.77,-1.57,0,-1,3749,6544
SAUD,2013-03-11,1.78,1.78,1.75,1.77,3.39,0.05,-1,23564,41740
SAUD,2013-03-10,1.75,1.75,1.71,1.72,-1.99,-0.03,-1,53474,92044.539063
SAUD,2013-03-07,1.75,1.75,1.71,1.75,1.62,0.03,-1,152644,266282.90625
SAUD,2013-03-06,1.72,1.72,1.72,1.72,0.08,0,-1,2874,4944
SAUD,2013-03-05,1.74,1.74,1.7,1.72,-0.88,-0.02,-1,24685,42369.78125
SAUD,2013-03-04,1.76,1.76,1.7,1.74,-2.36,-0.03,-1,318243,551347.5625
SAUD,2013-03-03,1.77,1.77,1.76,1.77,-0.71,0,-1,29244,51613.25
SAUD,2013-02-28,1.79,1.79,1.76,1.77,-1.17,-0.01,-1,18237,32289.150391
SAUD,2013-02-27,1.8,1.8,1.77,1.78,-1.31,-0.02,-1,21114,37563.101563
SAUD,2013-02-26,1.81,1.81,1.78,1.8,0.232,0,-1,98202,177072.5
SAUD,2013-02-25,1.82,1.82,1.79,1.8,1.24,0,-1,32821,59045.101563
SAUD,2013-02-24,1.83,1.83,1.79,1.8,-0.77,-0.01,-1,134799,242540.0625
SAUD,2013-02-21,1.82,1.82,1.8,1.81,-0.31,0,-1,24768,44773.929688
SAUD,2013-02-20,1.81,1.81,1.8,1.81,-0.38,0,-1,163248,294759.46875
SAUD,2013-02-19,1.82,1.82,1.81,1.81,-0.61,-0.01,-1,221445,400253.5
SAUD,2013-02-18,1.83,1.83,1.81,1.82,-1.81,-0.02,-1,99998,181785.5
SAUD,2013-02-17,1.85,1.85,1.82,1.84,0.15,0.01,-1,79501,146295.8125
SAUD,2013-02-14,1.85,1.85,1.81,1.83,1.3,0.01,-1,136604,250286.375
SAUD,2013-02-13,1.84,1.84,1.81,1.82,-0.31,0.01,-1,214898,391034.75
SAUD,2013-02-12,1.84,1.84,1.81,1.81,0.39,0.01,-1,95626,173274.046875
SAUD,2013-02-11,1.81,1.81,1.78,1.8,0.08,0,-1,18454,33222.699219
SAUD,2013-02-10,1.85,1.85,1.78,1.8,0,0.02,-1,145559,262551.375
SAUD,2013-02-07,1.81,1.81,1.78,1.78,-1.08,-0.02,-1,177585,317140.25
SAUD,2013-02-06,1.85,1.85,1.78,1.8,-2.41,-0.04,-1,197089,354454.375
SAUD,2013-02-05,1.87,1.87,1.82,1.84,-0.98,0,-1,38767,71462.890625
SAUD,2013-02-04,1.87,1.87,1.81,1.84,3.22,0.03,-1,1387039,2551173.25
SAUD,2013-02-03,1.82,1.82,1.8,1.81,1.47,0.02,-1,126722,229518.203125
SAUD,2013-01-31,1.81,1.81,1.78,1.79,0.08,0,-1,354651,636453.5
SAUD,2013-01-30,1.82,1.82,1.78,1.79,1.17,0.01,-1,105766,189473.8125
SAUD,2013-01-29,1.79,1.79,1.78,1.78,-1.46,-0.03,-1,419193,745919.5
SAUD,2013-01-28,1.82,1.82,1.78,1.81,0,0.02,-1,1225613,2213030.5
SAUD,2013-01-27,1.81,1.81,1.77,1.79,-0.69,-0.02,-1,847996,1520564.25
SAUD,2013-01-23,1.95,1.95,1.79,1.81,0.92,0.01,-1,182667,329892.875
SAUD,2013-01-22,1.82,1.82,1.78,1.8,2.04,0.03,-1,220011,397008.65625
SAUD,2013-01-21,1.78,1.78,1.76,1.77,-0.16,-0.01,-1,283623,502428.3125
SAUD,2013-01-20,1.81,1.81,1.76,1.78,-0.94,0,-1,157499,280590.96875
SAUD,2013-01-17,1.79,1.79,1.75,1.78,-1.53,-0.04,-1,61939,109963
SAUD,2013-01-16,1.82,1.82,1.81,1.82,1.78,0.03,-1,49640,90247.203125
SAUD,2013-01-15,1.84,1.84,1.76,1.79,-1.61,-0.03,-1,287191,514404.46875
SAUD,2013-01-14,1.82,1.82,1.79,1.82,1,0.02,-1,328166,595620.625
SAUD,2013-01-13,1.82,1.82,1.78,1.8,0.31,-0.01,-1,303297,546910.375
SAUD,2013-01-10,1.82,1.82,1.81,1.81,-1.73,-0.04,-1,326781,592261
SAUD,2013-01-09,1.87,1.87,1.81,1.85,0.3,0.01,-1,1124364,2077253.625
SAUD,2013-01-08,1.87,1.87,1.81,1.84,-0.54,0.02,-1,275731,506198
SAUD,2013-01-06,1.83,1.83,1.81,1.82,-1.06,-0.01,-1,34727,63081.898438
SAUD,2013-01-03,1.87,1.87,1.83,1.83,0,0,-1,620610,1138010.875
SAUD,2013-01-02,1.87,1.87,1.82,1.83,-0.3,0,-1,377872,690965.5625
SAUD,2012-12-31,1.85,1.85,1.79,1.83,-0.91,0,-1,523730,956879.6875
SAUD,2012-12-30,1.91,1.91,1.81,1.83,-0.9,-0.02,-1,662117,1212725.38
SAUD,2012-12-27,1.9,1.9,1.78,1.85,4.54,0.07,-1,1178238,2178502.5
SAUD,2012-12-26,1.8,1.8,1.74,1.78,1.18,0.01,-1,279785,496532.84375
SAUD,2012-12-25,1.79,1.79,1.7,1.77,2.65,0.03,-1,865479,1534212.375
SAUD,2012-12-24,1.78,1.78,1.65,1.74,6.28,0.08,-1,1100995,1909190.125
SAUD,2012-12-23,1.7,1.7,1.65,1.66,-0.17,-0.01,-1,957043,1589548.25
SAUD,2012-12-20,1.71,1.71,1.63,1.67,3.78,0.05,-1,2164528,3617458.5
SAUD,2012-12-19,1.65,1.65,1.6,1.62,0.95,0.02,-1,624112,1008834.75
SAUD,2012-12-18,1.62,1.62,1.6,1.6,-0.09,-0.01,-1,186902,299681.5625
SAUD,2012-12-17,1.62,1.62,1.6,1.61,0,0,-1,1443020,2318438.75
SAUD,2012-12-16,1.66,1.66,1.6,1.61,0.87,0.02,-1,261669,422054.375
SAUD,2012-12-13,1.67,1.67,1.56,1.59,1.39,-0.01,-1,1073706,1712565.625
SAUD,2012-12-12,1.63,1.63,1.59,1.6,3.73,0.04,-1,231701,371822.25
SAUD,2012-12-11,1.59,1.59,1.55,1.56,-0.27,-0.01,-1,245615,384178.53
SAUD,2012-12-10,1.57,1.57,1.5,1.57,1.25,0.02,-1,306479,480644.125
SAUD,2012-12-09,1.58,1.58,1.51,1.52,1.48,0.02,-1,79767,123719.75
SAUD,2012-12-06,1.55,1.55,1.44,1.5,0.18,-0.05,-1,101734,152708.984375
SAUD,2012-12-05,1.55,1.55,1.55,1.55,0.82,0.02,-1,36227,56050.679688
SAUD,2012-12-04,1.57,1.57,1.5,1.53,5.91,0.05,-1,150628,231067.109375
SAUD,2012-12-03,1.52,1.52,1.46,1.48,-1.39,-0.02,-1,353568,523804.59375
SAUD,2012-12-02,1.52,1.52,1.47,1.5,0.19,0,-1,108216,162517.3125
SAUD,2012-11-29,1.5,1.5,1.44,1.5,3.85,0.06,-1,65576,98286.398438
SAUD,2012-11-28,1.5,1.5,1.39,1.44,-3.76,-0.08,-1,238788,345271
SAUD,2012-11-27,1.53,1.53,1.5,1.52,2.54,0.04,-1,85275,129297.898438
SAUD,2012-11-26,1.52,1.52,1.45,1.48,3.32,0.01,-1,310727,459227.25
SAUD,2012-11-25,1.57,1.57,1.47,1.47,-9.99,-0.16,-1,497797,729835
SAUD,2012-11-22,1.68,1.68,1.6,1.63,-2.77,-0.03,-1,87027,141676.40625
SAUD,2012-11-21,1.68,1.68,1.64,1.66,3.5,0.07,-1,123737,205175
SAUD,2012-11-20,1.65,1.65,1.52,1.59,0,-0.06,-1,169636,269392.34375
SAUD,2012-11-19,1.71,1.71,1.6,1.65,-5.34,-0.04,-1,401024,662291.125
SAUD,2012-11-18,1.73,1.73,1.67,1.69,-4.6,-0.06,-1,393476,665508.8125
SAUD,2012-11-14,1.8,1.8,1.74,1.75,-1.95,-0.03,-1,202243,354891.38
SAUD,2012-11-13,1.78,1.78,1.77,1.78,-1.23,-0.02,-1,105160,187183.06
SAUD,2012-11-12,1.87,1.87,1.74,1.8,4.71,0.09,-1,646381,1164820.25
SAUD,2012-11-11,1.76,1.76,1.69,1.71,-1.69,-0.01,-1,163914,280711.09
SAUD,2012-11-08,1.74,1.74,1.72,1.72,-1.59,-0.03,-1,193795,334387.16
SAUD,2012-11-07,1.79,1.79,1.74,1.75,-0.64,0,-1,126025,220197.55
SAUD,2012-11-06,1.8,1.8,1.72,1.75,-0.71,-0.02,-1,60781,106320.84
SAUD,2012-11-05,1.81,1.81,1.74,1.77,-1.09,-0.01,-1,138159,243962.05
SAUD,2012-11-04,1.79,1.79,1.75,1.78,-2.4,-0.01,-1,1944525,3457886
SAUD,2012-11-01,1.83,1.83,1.79,1.79,-1,-0.02,-1,1040134,1867052.38
SAUD,2012-10-31,1.82,1.82,1.8,1.81,0.54,0.01,-1,751248,1357445.75
SAUD,2012-10-30,1.82,1.82,1.79,1.8,-0.31,-0.01,-1,262706,473268.16
SAUD,2012-10-29,1.84,1.84,1.79,1.81,-0.31,0,-1,522482,944473.88
SAUD,2012-10-24,1.83,1.83,1.78,1.81,1.57,0.04,-1,135987,246489.56
SAUD,2012-10-23,1.78,1.78,1.76,1.77,0.23,-0.01,-1,571206,1010741.13
SAUD,2012-10-22,1.8,1.8,1.77,1.78,-0.78,0,-1,246786,438229.16
SAUD,2012-10-21,1.81,1.81,1.77,1.78,-2.45,-0.04,-1,207325,370211.03
SAUD,2012-10-18,1.86,1.86,1.81,1.82,-2.26,-0.03,-1,325421,590670.19
SAUD,2012-10-17,1.87,1.87,1.81,1.85,0.46,0.02,-1,202542,374393
SAUD,2012-10-16,1.87,1.87,1.78,1.83,2.13,0.01,-1,324910,593458.81
SAUD,2012-10-15,1.87,1.87,1.77,1.82,-0.99,0,-1,337215,614927.94
SAUD,2012-10-14,1.9,1.9,1.8,1.82,-4.85,-0.07,-1,755881,1379160.13
SAUD,2012-10-11,1.94,1.94,1.81,1.89,3.82,0.07,-1,1311611,2480765.25
SAUD,2012-10-10,1.86,1.86,1.76,1.82,6.49,0.08,-1,1488006,2707468.5
SAUD,2012-10-09,1.76,1.76,1.7,1.74,1.54,0.02,-1,121998,211841.44
SAUD,2012-10-08,1.77,1.77,1.7,1.72,-2.69,-0.04,-1,335103,575855.13
SAUD,2012-10-04,1.8,1.8,1.74,1.76,0.16,-0.01,-1,48156,84682.74
SAUD,2012-10-03,1.79,1.79,1.71,1.77,3.79,0.05,-1,186540,330187
SAUD,2012-10-02,1.78,1.78,1.67,1.72,-5.42,-0.05,-1,350504,603598
SAUD,2012-10-01,1.84,1.84,1.7,1.77,-5.37,-0.07,-1,1249162,2209217.75
SAUD,2012-09-30,1.85,1.85,1.8,1.84,0.53,0.02,-1,1167489,2144206.25
SAUD,2012-09-27,1.85,1.85,1.74,1.82,7.63,0.11,-1,2285273,4170442.75
SAUD,2012-09-26,1.74,1.74,1.71,1.71,-0.48,-0.01,-1,529794,907185
SAUD,2012-09-25,1.74,1.74,1.71,1.72,2.57,0.04,-1,646145,1114660
SAUD,2012-09-24,1.7,1.7,1.67,1.68,-0.5,0,-1,586017,983813
SAUD,2012-09-23,1.7,1.7,1.68,1.68,0.08,0,-1,645904,1085830
SAUD,2012-09-20,1.74,1.74,1.67,1.68,-2.12,-0.02,-1,658022,1105570
SAUD,2012-09-19,1.75,1.75,1.7,1.7,-2.32,-0.04,-1,1089826,1858030
SAUD,2012-09-18,1.75,1.75,1.72,1.74,-1.11,-0.01,-1,1406478,2441740
SAUD,2012-09-17,1.77,1.77,1.72,1.75,0.16,0.01,-1,2641564,4621920
SAUD,2012-09-16,1.76,1.76,1.72,1.74,3.7,0.05,-1,1790998,3119738
SAUD,2012-09-13,1.76,1.76,1.65,1.69,-0.24,-0.02,-1,2226848,3761592.5
SAUD,2012-09-12,1.78,1.78,1.68,1.71,-0.9,0.02,-1,1655458,2826098
SAUD,2012-09-11,1.71,1.71,1.68,1.69,0.5,0.01,-1,1744685,2951656
SAUD,2012-09-10,1.72,1.72,1.64,1.68,2.04,0.02,-1,2083680,3506600
SAUD,2012-09-09,1.68,1.68,1.64,1.66,0.37,0.01,-1,2624194,4352130
SAUD,2012-09-06,1.67,1.67,1.62,1.65,3.4,0.05,-1,3959245,6522830
SAUD,2012-09-05,1.63,1.63,1.56,1.6,2.15,0.03,-1,2247893,3597990
SAUD,2012-09-04,1.63,1.63,1.56,1.57,-1.22,-0.02,-1,3404173,5356720
SAUD,2012-09-03,1.62,1.62,1.54,1.59,3.92,0.05,-1,3526909,5588290
SAUD,2012-09-02,1.57,1.57,1.44,1.54,9.96,0.1,-1,6967139,10747700
SAUD,2012-08-30,1.44,1.44,1.41,1.44,2.41,0.04,-1,1376622,1972320
SAUD,2012-08-29,1.44,1.44,1.38,1.4,3.03,0.01,-1,2824695,3968860
SAUD,2012-08-28,1.43,1.43,1.37,1.39,0.79,0.02,-1,1152711,1607910.63
SAUD,2012-08-27,1.39,1.39,1.33,1.37,4.26,0.04,-1,1619006,2217720
SAUD,2012-08-26,1.35,1.35,1.3,1.33,2.51,0.03,-1,1610969,2148710
SAUD,2012-08-23,1.33,1.33,1.27,1.3,3.2,0.02,-1,743859,968338
SAUD,2012-08-22,1.29,1.29,1.28,1.28,0.09,0,-1,371149,475918
SAUD,2012-08-21,1.29,1.29,1.27,1.28,1.52,0.01,-1,482867,619232
SAUD,2012-08-16,1.28,1.28,1.26,1.27,2.32,0.02,-1,715972,908933
SAUD,2012-08-15,1.27,1.27,1.24,1.25,2.24,0.01,-1,374032,468388
SAUD,2012-08-14,1.25,1.25,1.23,1.24,0.1,0,-1,185703,230072
SAUD,2012-08-13,1.24,1.24,1.22,1.24,0.2,0.01,-1,227485,281464
SAUD,2012-08-12,1.25,1.25,1.22,1.23,0.79,0.01,-1,63458,78117.9
SAUD,2012-08-09,1.23,1.23,1.22,1.22,-0.88,-0.01,-1,71752,87745.5
SAUD,2012-08-08,1.23,1.23,1.22,1.23,-0.49,-0.01,-1,311484,383484.5
SAUD,2012-08-07,1.25,1.25,1.23,1.24,-0.78,0,-1,150022,185425
SAUD,2012-08-06,1.28,1.28,1.21,1.24,3.22,0,-1,530258,657930.5
SAUD,2012-08-05,1.25,1.25,1.23,1.24,0,0,-1,964319,1193920
SAUD,2012-08-02,1.25,1.25,1.22,1.24,0.29,0.01,-1,878798,1088610
SAUD,2012-08-01,1.25,1.25,1.23,1.23,-0.58,-0.01,-1,188775,232173
SAUD,2012-07-31,1.25,1.25,1.24,1.24,1.28,0.01,-1,356373,442086
SAUD,2012-07-30,1.24,1.24,1.17,1.23,4.85,0.06,-1,2329871,2860125.5
SAUD,2012-07-29,1.17,1.17,1.17,1.17,0.52,0,-1,73426,85967.5
SAUD,2012-07-26,1.17,1.17,1.15,1.17,1.36,0.01,-1,248446,289720
SAUD,2012-07-25,1.16,1.16,1.14,1.16,0.52,0.01,-1,191554,221587
SAUD,2012-07-24,1.17,1.17,1.14,1.15,-0.31,-0.02,-1,320237,369818
SAUD,2012-07-19,1.19,1.19,1.16,1.17,0.103,0,-1,93890,110338
SAUD,2012-07-18,1.18,1.18,1.17,1.17,0.31,0,-1,66615,78171.3
SAUD,2012-07-17,1.18,1.18,1.17,1.17,2.42,0.02,-1,118123,138969
SAUD,2012-07-16,1.17,1.17,1.14,1.15,-0.42,-0.01,-1,283112,325819
SAUD,2012-07-15,1.16,1.16,1.14,1.16,-1.34,-0.01,-1,465785,538453
SAUD,2012-07-12,1.2,1.2,1.17,1.17,-1.52,-0.03,-1,728140,856683
SAUD,2012-07-11,1.22,1.22,1.17,1.2,2.63,0.06,-1,654218,782942
SAUD,2012-07-10,1.16,1.16,1.1,1.14,3.67,0.02,-1,649429,745667
SAUD,2012-07-09,1.14,1.14,1.1,1.12,-2.89,-0.05,-1,1143827,1280370
SAUD,2012-07-08,1.17,1.17,1.15,1.17,-0.62,0,-1,319776,374266
SAUD,2012-07-05,1.2,1.2,1.14,1.17,1.64,0,-1,844694,985821
SAUD,2012-07-04,1.21,1.21,1.16,1.17,-2.92,-0.03,-1,220107,258991
SAUD,2012-07-03,1.22,1.22,1.12,1.2,4.83,0.05,-1,1235108,1481660
SAUD,2012-07-02,1.17,1.17,1.12,1.15,5.03,0.05,-1,896972,1032840
SAUD,2012-06-28,1.12,1.12,1.1,1.1,-0.43,-0.02,-1,283206,312749
SAUD,2012-06-27,1.14,1.14,1.1,1.12,1.64,0.02,-1,103830,116508
SAUD,2012-06-26,1.14,1.14,1.09,1.1,-1.08,-0.02,-1,348345,385381
SAUD,2012-06-25,1.14,1.14,1.02,1.12,8.93,0.08,-1,1153056,1289620
SAUD,2012-06-24,1.05,1.05,0.99,1.04,6.1,0.05,-1,151325,157593
SAUD,2012-06-21,1,1,0.97,0.99,0.73,0,-1,268641,266154
SAUD,2012-06-20,1.01,1.01,0.97,0.99,2.98,0.02,-1,275254,272359
SAUD,2012-06-19,1,1,0.97,0.97,-2.17,-0.04,-1,378204,368246
SAUD,2012-06-18,1.02,1.02,0.99,1.01,-2.26,-0.01,-1,262346,263531
SAUD,2012-06-14,1.02,1.02,1.01,1.02,0.36,0.01,-1,15716,15969.7
SAUD,2012-06-13,1.03,1.03,1.01,1.01,-3.13,-0.04,-1,71977,72854.8
SAUD,2012-06-12,1.05,1.05,1.03,1.05,-0.12,0.01,-1,57177,59704.4
SAUD,2012-06-11,1.05,1.05,0.99,1.04,1.88,0.01,-1,140762,145673
SAUD,2012-06-10,1.03,1.03,1.02,1.03,-1.28,-0.01,-1,74899,76910.5
SAUD,2012-06-07,1.05,1.05,1.02,1.04,0.83,0.02,-1,161907,168570
SAUD,2012-06-06,1.03,1.03,1.02,1.02,-0.36,0,-1,120048,122533
SAUD,2012-06-05,1.03,1.03,0.97,1.02,0.68,0,-1,133740,136494
SAUD,2012-06-04,1.03,1.03,1.01,1.02,2.53,0.02,-1,104239,106719
SAUD,2012-06-03,1.01,1.01,0.97,1,-1.88,-0.03,-1,62863,63031.9
SAUD,2012-05-31,1.04,1.04,1.02,1.03,0.47,0.01,-1,3349044,3440260
SAUD,2012-05-30,1.04,1.04,1.02,1.02,-0.24,0,-1,229391,234463
SAUD,2012-05-29,1.03,1.03,0.99,1.02,-1.41,-0.01,-1,298552,303956
SAUD,2012-05-28,1.04,1.04,1.03,1.03,-1.71,-0.03,-1,87474,90314.5
SAUD,2012-05-27,1.09,1.09,1.05,1.06,-3.89,-0.03,-1,70732,74772
SAUD,2012-05-24,1.09,1.09,1.08,1.09,1.69,0.01,-1,220888,240270
SAUD,2012-05-23,1.08,1.08,1.07,1.08,2.3,0.03,-1,135504,145715
SAUD,2012-05-22,1.05,1.05,1.05,1.05,-0.57,-0.01,-1,169946,178740
SAUD,2012-05-21,1.06,1.06,1.05,1.06,2.08,0.01,-1,115824,122485
SAUD,2012-05-20,1.05,1.05,1.03,1.05,0.12,0,-1,95643,99851.9
SAUD,2012-05-17,1.05,1.05,1.04,1.05,-0.69,0,-1,189028,197750.8
SAUD,2012-05-16,1.06,1.06,1.05,1.05,-0.23,0,-1,180454,189890.11
SAUD,2012-05-15,1.06,1.06,1.04,1.05,-0.34,-0.01,-1,572445,603265.25
SAUD,2012-05-13,1.1,1.1,1.08,1.09,1.47,0.02,-1,377027,410329.5
SAUD,2012-05-10,1.08,1.08,1.06,1.07,-1.35,-0.01,-1,159594,170506.64
SAUD,2012-05-09,1.09,1.09,1.07,1.08,-1.11,-0.01,-1,289561,311683
SAUD,2012-05-08,1.1,1.1,1.08,1.09,-0.11,0,-1,618245,672651.88
SAUD,2012-05-07,1.1,1.1,1.06,1.09,0,0.01,-1,492259,535934.94
SAUD,2012-05-06,1.09,1.09,1.06,1.08,0.68,0.01,-1,255418,274622
SAUD,2012-05-03,1.08,1.08,1.05,1.07,2.31,0.02,-1,195133,208461.38
SAUD,2012-05-02,1.06,1.06,1.04,1.05,-1.7,-0.01,-1,302480,317153.06
SAUD,2012-04-30,1.08,1.08,1.06,1.06,-0.11,0,-1,377194,401437
SAUD,2012-04-29,1.08,1.08,1.05,1.06,-2.11,-0.03,-1,262248,279304.47
SAUD,2012-04-26,1.1,1.1,1.08,1.09,-1.55,0,-1,346365,377030.31
SAUD,2012-04-24,1.11,1.11,1.08,1.09,-2.82,-0.03,-1,653096,714206.69
SAUD,2012-04-23,1.13,1.13,1.09,1.12,0.55,0.03,-1,857642,957218.94
SAUD,2012-04-22,1.1,1.1,1.06,1.09,3.64,0.03,-1,649530,710349.88
SAUD,2012-04-19,1.06,1.06,1.05,1.06,1.03,0.01,-1,446314,473697.94
SAUD,2012-04-18,1.06,1.06,1.04,1.05,0.23,0.01,-1,343759,362245.63
SAUD,2012-04-17,1.06,1.06,1.03,1.04,-0.46,-0.01,-1,351310,366266.84
SAUD,2012-04-12,1.1,1.1,1.05,1.05,0.23,0,-1,613539,647208.88
SAUD,2012-04-11,1.08,1.08,1.04,1.05,1.4,0.01,-1,619167,653356.38
SAUD,2012-04-10,1.08,1.08,1.01,1.04,-3.45,-0.01,-1,1171373,1216160.5
SAUD,2012-04-09,1.1,1.1,1.04,1.05,-4.19,-0.05,-1,1523380,1602566.88
SAUD,2012-04-08,1.14,1.14,1.09,1.1,-2.57,-0.03,-1,804201,882857.44
SAUD,2012-04-05,1.14,1.14,1.12,1.13,-0.86,0,-1,86783,98117.95
SAUD,2012-04-04,1.14,1.14,1.12,1.13,-0.53,-0.01,-1,441766,498461.88
SAUD,2012-04-03,1.14,1.14,1.12,1.14,-1.38,0,-1,818373,927815.25
SAUD,2012-04-02,1.17,1.17,1.13,1.14,-2.3,-0.02,-1,748157,853539.69
SAUD,2012-04-01,1.19,1.19,1.14,1.16,-1.85,-0.01,-1,319839,369581.75
SAUD,2012-03-29,1.2,1.2,1.16,1.17,-1.52,-0.03,-1,635948,747477.75
SAUD,2012-03-28,1.22,1.22,1.17,1.2,1.12,0.02,-1,643729,769242.19
SAUD,2012-03-27,1.21,1.21,1.16,1.18,-1.84,0,-1,664177,785733.25
SAUD,2012-03-26,1.21,1.21,1.16,1.18,1.42,-0.01,-1,668028,790825
SAUD,2012-03-25,1.23,1.23,1.17,1.19,-4.08,-0.06,-1,1093285,1298968
SAUD,2012-03-22,1.27,1.27,1.22,1.25,-0.68,0.01,-1,1080522,1345239.38
SAUD,2012-03-21,1.29,1.29,1.17,1.24,5.45,0.07,-1,1840981,2286782.5
SAUD,2012-03-20,1.22,1.22,1.14,1.17,1.94,-0.02,-1,1934465,2275442.5
SAUD,2012-03-19,1.22,1.22,1.17,1.19,-2.62,-0.01,-1,454037,538229.25
SAUD,2012-03-18,1.23,1.23,1.17,1.2,-0.99,-0.02,-1,477154,573537
SAUD,2012-03-15,1.25,1.25,1.17,1.22,4.64,0.05,-1,1850937,2256407.25
SAUD,2012-03-14,1.22,1.22,1.14,1.17,5.56,0.02,-1,1415518,1657949.5
SAUD,2012-03-13,1.35,1.35,1.11,1.15,-6.66,-0.08,-1,2596496,2990445.78
SAUD,2012-03-12,1.32,1.32,1.2,1.23,-5.11,-0.07,-1,3933572,4855907.72
SAUD,2012-03-11,1.35,1.35,1.28,1.3,-2.27,-0.03,-1,1608759,2091578.05
SAUD,2012-03-08,1.37,1.37,1.29,1.33,-2.65,-0.04,-1,1922758,2559867.83
SAUD,2012-03-07,1.41,1.41,1.33,1.37,4.14,0.06,-1,2903485,3968944.82
SAUD,2012-03-06,1.35,1.35,1.25,1.31,5.13,0.06,-1,7076375,9285520.78
SAUD,2012-03-05,1.28,1.28,1.21,1.25,1.87,0.02,-1,1329678,1660838.34
SAUD,2012-03-04,1.24,1.24,1.22,1.23,-1.27,-0.01,-1,695099,851754.68
SAUD,2012-03-01,1.26,1.26,1.22,1.24,-0.39,-0.01,-1,1527434,1896799.96
SAUD,2012-02-29,1.26,1.26,1.23,1.25,0.88,0.01,-1,1101845,1372706.69
SAUD,2012-02-28,1.26,1.26,1.23,1.24,-0.87,-0.01,-1,1393131,1721644.61
SAUD,2012-02-27,1.28,1.28,1.22,1.25,-1.25,-0.01,-1,1203187,1499121.56
SAUD,2012-02-26,1.28,1.28,1.23,1.26,1.85,0.02,-1,1713025,2162214.7
SAUD,2012-02-23,1.25,1.25,1.22,1.24,2.5,0.03,-1,1188008,1471680.75
SAUD,2012-02-22,1.22,1.22,1.19,1.21,0.91,0.01,-1,807929,976218.08
SAUD,2012-02-21,1.22,1.22,1.18,1.2,-2.27,-0.03,-1,1418085,1697919.98
SAUD,2012-02-20,1.27,1.27,1.2,1.23,-0.2,0,-1,2004846,2456173.25
SAUD,2012-02-19,1.25,1.25,1.2,1.23,1.3,0.02,-1,1766142,2168093.38
SAUD,2012-02-16,1.23,1.23,1.2,1.21,-1.18,-0.02,-1,1169519,1417639.77
SAUD,2012-02-15,1.26,1.26,1.22,1.23,0.2,0.01,-1,2159220,2647929.34
SAUD,2012-02-14,1.26,1.26,1.18,1.22,3.16,0.03,-1,2681283,3284438.64
SAUD,2012-02-13,1.23,1.23,1.14,1.19,3.92,0.05,-1,3746758,4448256.75
SAUD,2012-02-12,1.17,1.17,1.12,1.14,2.49,0.02,-1,3051593,3484639.89
SAUD,2012-02-09,1.14,1.14,1.1,1.12,-1.39,-0.01,-1,212937,237392.55
SAUD,2012-02-08,1.14,1.14,1.11,1.13,0.65,0.01,-1,1634750,1847056.02
SAUD,2012-02-07,1.14,1.14,1.12,1.12,1.98,0.02,-1,368275,413463.94
SAUD,2012-02-06,1.12,1.12,1.09,1.1,-0.76,-0.01,-1,273356,300916.15
SAUD,2012-02-02,1.13,1.13,1.1,1.11,-2.44,-0.03,-1,1141838,1267519.51
SAUD,2012-02-01,1.15,1.15,1.12,1.14,-1.26,-0.01,-1,1022541,1163520.66
SAUD,2012-01-31,1.17,1.17,1.14,1.15,1.06,0.01,-1,642146,739596.71
SAUD,2012-01-30,1.15,1.15,1.11,1.14,0.53,0,-1,707077,806014.94
SAUD,2012-01-29,1.15,1.15,1.1,1.14,2.18,0.03,-1,1104818,1252502.14
SAUD,2012-01-26,1.14,1.14,1.08,1.11,3.96,0.05,-1,1728072,1916796.04
SAUD,2012-01-24,1.08,1.08,1.04,1.06,2.2,0.01,-1,563087,600858.24
SAUD,2012-01-23,1.05,1.05,1.04,1.05,0.7,0.01,-1,81064,84680.1
SAUD,2012-01-22,1.05,1.05,1.04,1.04,-1.72,-0.01,-1,174606,181109.53
SAUD,2012-01-19,1.06,1.06,1.04,1.05,1.04,0,-1,1014360,1069883.44
SAUD,2012-01-18,1.06,1.06,1.03,1.05,-1.03,0,-1,304718,318273.88
SAUD,2012-01-17,1.07,1.07,1.05,1.05,0.46,0,-1,266658,281446.31
SAUD,2012-01-16,1.06,1.06,1.03,1.05,1.16,0.01,-1,781756,821011.27
SAUD,2012-01-15,1.05,1.05,1.02,1.04,1.42,0.02,-1,544203,565053.55
SAUD,2012-01-12,1.03,1.03,1.02,1.02,0.71,0,-1,106200,108694.82
SAUD,2012-01-11,1.02,1.02,1.02,1.02,-1.75,-0.02,-1,172837,175757.15
SAUD,2012-01-10,1.04,1.04,1.03,1.04,1.18,0.02,-1,192657,199284.99
SAUD,2012-01-09,1.03,1.03,1.01,1.02,-0.47,-0.01,-1,470717,481089.3
SAUD,2012-01-05,1.03,1.03,1.01,1.03,0.12,0,-1,548361,563608.56
SAUD,2012-01-04,1.03,1.03,1.01,1.03,1.31,0.02,-1,278194,285635.5
SAUD,2012-01-03,1.03,1.03,1,1.01,-0.24,-0.01,-1,139766,141571.57
SAUD,2012-01-02,1.03,1.03,1.01,1.02,-0.59,0,-1,72888,74018.93
SAUD,2011-12-29,1.03,1.03,1.01,1.02,2.8,0.03,-1,446777,456423.29
SAUD,2011-12-28,1.01,1.01,0.97,0.99,-1.91,-0.02,-1,288231,286493.89
SAUD,2011-12-27,1.03,1.03,0.99,1.01,0.72,0,-1,277481,281056.34
SAUD,2011-12-26,1.04,1.04,0.97,1.01,1.46,0.02,-1,286906,288652.29
SAUD,2011-12-25,1.02,1.02,0.99,0.99,2.89,0.03,-1,101008,100152.31
SAUD,2011-12-22,0.99,0.99,0.94,0.96,-2.21,-0.03,-1,232847,224251.92
SAUD,2011-12-21,1.02,1.02,0.97,0.99,0.12,0,-1,106381,104791.58
SAUD,2011-12-20,1,1,0.97,0.99,-2.05,-0.02,-1,549074,540030.85
SAUD,2011-12-19,1.02,1.02,0.99,1.01,0.61,0.01,-1,141878,142586.94
SAUD,2011-12-18,1.03,1.03,0.97,1,-2.71,-0.03,-1,838322,836553.73
SAUD,2011-12-15,1.04,1.04,1.02,1.03,-1.74,-0.02,-1,117706,120829.87
SAUD,2011-12-14,1.06,1.06,1.03,1.05,-0.12,0,-1,243158,253848.08
SAUD,2011-12-13,1.06,1.06,1.03,1.05,0.35,0.01,-1,376015,393110.58
SAUD,2011-12-12,1.06,1.06,1.03,1.04,-3.36,-0.04,-1,485767,506099.32
SAUD,2011-12-11,1.1,1.1,1.06,1.08,0.68,0.01,-1,606237,653382.96
SAUD,2011-12-08,1.09,1.09,1.05,1.07,0,0,-1,1119440,1199121.69
SAUD,2011-12-07,1.09,1.09,1.02,1.07,4.85,0.05,-1,1765276,1891214.11
SAUD,2011-12-06,1.04,1.04,1.01,1.02,1.68,0.01,-1,176238,179906.01
SAUD,2011-12-05,1.02,1.02,0.99,1.01,-1.42,-0.01,-1,393415,395223.54
SAUD,2011-12-04,1.04,1.04,1.01,1.02,-1.63,-0.02,-1,139182,141835.95
SAUD,2011-12-01,1.06,1.06,1,1.04,3.13,0.03,-1,858660,889939.97
SAUD,2011-11-30,1.02,1.02,0.99,1.01,0.12,0.01,-1,115959,116508.23
SAUD,2011-11-29,1.02,1.02,0.96,1,7.79,0.07,-1,731151,733408.47
SAUD,2011-11-24,0.94,0.94,0.92,0.93,2.53,0.03,-1,199193,185295.36
SAUD,2011-11-23,0.94,0.94,0.86,0.9,3.59,0.03,-1,57078,51806.43
SAUD,2011-11-22,0.93,0.93,0.86,0.87,-4.23,-0.05,-1,348510,305366.81
SAUD,2011-11-21,0.95,0.95,0.88,0.92,-4.18,-0.04,-1,295439,270483.97
SAUD,2011-11-20,0.96,0.96,0.94,0.96,-1.74,-0.01,-1,326904,312342.13
SAUD,2011-11-17,0.99,0.99,0.97,0.97,-0.5,0,-1,319326,310302.36
SAUD,2011-11-16,0.98,0.98,0.97,0.97,-0.25,-0.01,-1,17187,16785.22
SAUD,2011-11-15,1.01,1.01,0.97,0.98,0.87,0.01,-1,199231,194966.84
SAUD,2011-11-14,0.99,0.99,0.96,0.97,-0.5,0,-1,874264,848637.69
SAUD,2011-11-13,1.03,1.03,0.97,0.97,-4.27,-0.05,-1,548410,534701.7
SAUD,2011-11-10,1.04,1.04,1.02,1.02,-1.52,-0.02,-1,408139,415729.67
SAUD,2011-11-09,1.04,1.04,1.04,1.04,-1.95,-0.01,-1,3308,3424
SAUD,2011-11-03,1.07,1.07,1.04,1.05,1.99,0.01,-1,440573,464717.2
SAUD,2011-11-02,1.05,1.05,1.03,1.04,-0.47,0,-1,100832,104298.96
SAUD,2011-11-01,1.05,1.05,1.03,1.04,-0.12,0,-1,378097,393036.25
SAUD,2011-10-31,1.06,1.06,1.04,1.04,-1.26,-0.01,-1,167085,173888.27
SAUD,2011-10-30,1.07,1.07,1.03,1.05,1.99,0.02,-1,838237,883795.5
SAUD,2011-10-27,1.04,1.04,1.02,1.03,0.47,0,-1,210979,218003.56
SAUD,2011-10-26,1.04,1.04,1.02,1.03,-0.12,0,-1,580071,596485.99
SAUD,2011-10-25,1.05,1.05,1.01,1.03,2.53,0.02,-1,1537492,1583767.31
SAUD,2011-10-24,1.02,1.02,0.97,1.01,1.34,0.02,-1,937999,941907.05
SAUD,2011-10-23,1,1,0.97,0.99,0.99,0.01,-1,620892,615747.7
SAUD,2011-10-20,0.99,0.99,0.97,0.98,1,0.01,-1,605349,593901.7
SAUD,2011-10-19,0.99,0.99,0.96,0.97,1.9,0.01,-1,922656,896938.28
SAUD,2011-10-18,0.96,0.96,0.93,0.96,-0.5,0,-1,645026,615339.18
SAUD,2011-10-17,0.97,0.97,0.94,0.96,-1.12,-0.01,-1,294616,282498.44
SAUD,2011-10-16,0.99,0.99,0.95,0.97,1.52,0.01,-1,898749,870799.36
SAUD,2011-10-13,0.97,0.97,0.93,0.96,-9.2,-0.09,-1,747545,714102.86
SAUD,2011-10-12,0.93,0.93,0.9,0.92,0.81,0.02,-1,924688,845251.2
SAUD,2011-10-11,0.92,0.92,0.89,0.9,2.13,0.01,-1,773429,701226.89
SAUD,2011-10-10,0.9,0.9,0.86,0.89,-2.65,-0.03,-1,570004,506465.75
SAUD,2011-10-09,0.93,0.93,0.89,0.92,2.24,0.03,-1,237392,216671.47
SAUD,2011-10-05,0.94,0.94,0.87,0.89,-3.08,-0.03,-1,944727,843044.09
SAUD,2011-10-04,0.93,0.93,0.9,0.92,-1.02,-0.01,-1,42728,39339.45
SAUD,2011-10-03,0.94,0.94,0.92,0.93,-1.45,-0.01,-1,203126,188998.5
SAUD,2011-10-02,0.96,0.96,0.93,0.94,0.22,0,-1,165719,156367.43
SAUD,2011-09-29,0.96,0.96,0.89,0.94,7.05,0.06,-1,505265,475818.02
SAUD,2011-09-28,0.89,0.89,0.85,0.88,-5.42,-0.05,-1,802553,706076.55
SAUD,2011-09-27,0.94,0.94,0.9,0.93,5.11,0.04,-1,1594800,1483826.9
SAUD,2011-09-26,0.9,0.9,0.85,0.89,1.32,0.02,-1,239320,211760.62
SAUD,2011-09-25,0.9,0.9,0.85,0.87,-5.14,-0.05,-1,585172,510967.95
SAUD,2011-09-22,0.93,0.93,0.92,0.92,-0.34,0,-1,462579,426160.03
SAUD,2011-09-21,0.94,0.94,0.92,0.92,-0.68,-0.01,-1,430674,397892.73
SAUD,2011-09-20,0.94,0.94,0.92,0.93,-1.12,-0.01,-1,491930,457697.15
SAUD,2011-09-19,0.96,0.96,0.92,0.94,1.47,0.01,-1,381956,359400.19
SAUD,2011-09-18,0.97,0.97,0.92,0.93,-2.22,-0.02,-1,463212,429463.35
SAUD,2011-09-15,0.96,0.96,0.94,0.95,-0.99,-0.01,-1,2010219,1904857.31
SAUD,2011-09-14,0.97,0.97,0.94,0.96,-2.67,-0.03,-1,1146487,1097427.24
SAUD,2011-09-13,0.99,0.99,0.97,0.99,-1.68,-0.01,-1,570334,561009.98
SAUD,2011-09-12,1.02,1.02,0.99,1,-0.31,0,-1,1589894,1590292.7
SAUD,2011-09-11,1.01,1.01,0.99,1,-1.65,-0.02,-1,932900,936886.23
SAUD,2011-09-08,1.03,1.03,1.02,1.02,0.62,0,-1,400020,408210.29
SAUD,2011-09-07,1.02,1.02,1,1.02,-1.13,-0.01,-1,481320,488133.1
SAUD,2011-09-06,1.05,1.05,1.01,1.03,0.83,0.01,-1,1190364,1221548.83
SAUD,2011-09-05,1.04,1.04,1,1.02,-0.72,0,-1,766021,779039.03
SAUD,2011-09-04,1.05,1.05,1.01,1.02,-1.61,-0.02,-1,696559,713752.96
SAUD,2011-08-29,1.05,1.05,1.03,1.04,-0.7,-0.01,-1,432608,450806.79
SAUD,2011-08-28,1.05,1.05,1.04,1.05,0.5,0.01,-1,318295,333973.33
SAUD,2011-08-25,1.05,1.05,1.02,1.04,4.09,0.04,-1,2617622,2732869.6
SAUD,2011-08-24,1.02,1.02,0.99,1,2.47,0.02,-1,761300,763363.31
SAUD,2011-08-23,0.98,0.98,0.97,0.98,0.22,0.01,-1,253509,248151.6
SAUD,2011-08-22,0.99,0.99,0.96,0.97,1.09,0,-1,515962,503620.98
SAUD,2011-08-21,0.98,0.98,0.94,0.97,-3.16,-0.02,-1,801453,774259.85
SAUD,2011-08-18,1.02,1.02,0.99,0.99,-0.94,-0.02,-1,265783,265212.72
SAUD,2011-08-17,1.02,1.02,0.98,1.01,2.9,0.03,-1,694894,699705.12
SAUD,2011-08-16,1,1,0.97,0.98,-1.69,-0.01,-1,370557,362776.74
SAUD,2011-08-15,1.01,1.01,0.99,0.99,-1.35,-0.02,-1,242475,241245.44
SAUD,2011-08-14,1.03,1.03,1,1.01,0.1,0,-1,414055,417897.83
SAUD,2011-08-11,1.04,1.04,0.98,1.01,-3.42,-0.03,-1,706735,712531.82
SAUD,2011-08-10,1.06,1.06,1.01,1.04,4.97,0.05,-1,730663,762802.13
SAUD,2011-08-09,1.04,1.04,0.94,0.99,-3.27,-0.04,-1,914611,909601.71
SAUD,2011-08-08,1.06,1.06,1.02,1.03,-2.3,-0.02,-1,1340625,1378018.5
SAUD,2011-08-07,1.06,1.06,1.03,1.05,-2.91,-0.03,-1,706268,743311.19
SAUD,2011-08-04,1.1,1.1,1.08,1.08,-0.1,0,-1,1036944,1123542.08
SAUD,2011-08-03,1.09,1.09,1.08,1.08,0.19,0,-1,138332,150078.32
SAUD,2011-08-02,1.11,1.11,1.07,1.08,-0.87,-0.01,-1,442408,478834.86
SAUD,2011-08-01,1.14,1.14,1.08,1.09,-1.33,-0.02,-1,587284,641276.55
SAUD,2011-07-31,1.12,1.12,1.1,1.11,0.86,0.01,-1,683777,757047.97
SAUD,2011-07-28,1.12,1.12,1.05,1.1,1.66,0.02,-1,1327860,1457440.58
SAUD,2011-07-27,1.09,1.09,1.07,1.08,-1.34,-0.01,-1,775020,836761.45
SAUD,2011-07-26,1.11,1.11,1.09,1.09,-0.67,-0.01,-1,501047,548163.07
SAUD,2011-07-25,1.12,1.12,1.09,1.1,-0.29,0,-1,733584,807887.7
SAUD,2011-07-21,1.12,1.12,1.09,1.1,0.29,0,-1,1174376,1297785.91
SAUD,2011-07-20,1.14,1.14,1.09,1.1,-0.47,-0.01,-1,653842,720142.52
SAUD,2011-07-19,1.13,1.13,1.08,1.11,-1.86,-0.02,-1,2594431,2872578.75
SAUD,2011-07-18,1.16,1.16,1.1,1.13,-1.56,-0.01,-1,1274369,1437408.19
SAUD,2011-07-17,1.18,1.18,1.09,1.14,5.83,0.06,-1,2657143,3043726.54
SAUD,2011-07-14,1.11,1.11,1.06,1.08,0.39,0,-1,1178861,1275992.99
SAUD,2011-07-13,1.1,1.1,1.05,1.08,4.48,0.05,-1,1298095,1400409.11
SAUD,2011-07-12,1.19,1.19,1,1.03,-4.66,-0.05,-1,2872604,2964674.35
SAUD,2011-07-11,1.12,1.12,1.06,1.08,-5.07,-0.06,-1,1012135,1096274.58
SAUD,2011-07-10,1.17,1.17,1.12,1.14,-1.27,-0.02,-1,932261,1063064.88
SAUD,2011-07-07,1.17,1.17,1.11,1.16,0.83,0.02,-1,681418,786883.18
SAUD,2011-07-06,1.16,1.16,1.13,1.14,-4.05,-0.05,-1,1875123,2148256.99
SAUD,2011-07-05,1.22,1.22,1.17,1.19,-1.65,-0.02,-1,814478,972110.64
SAUD,2011-07-04,1.23,1.23,1.2,1.21,-2.2,-0.03,-1,477725,579730.4
SAUD,2011-07-03,1.25,1.25,1.22,1.24,4.05,0.05,-1,461794,573217.57
SAUD,2011-06-30,1.23,1.23,1.17,1.19,1.16,0.01,-1,1395704,1664942.35
SAUD,2011-06-29,1.22,1.22,1.14,1.18,-3.86,-0.05,-1,2354332,2776775.62
SAUD,2011-06-28,1.24,1.24,1.22,1.23,-1.27,-0.01,-1,346521,425069.78
SAUD,2011-06-27,1.24,1.24,1.21,1.24,-0.08,0,-1,19758341,24544723.52
SAUD,2011-06-26,1.28,1.28,1.23,1.24,-0.5,-0.01,-1,413657,514551.62
SAUD,2011-06-23,1.27,1.27,1.24,1.25,-0.08,0,-1,1019154,1273304.63
SAUD,2011-06-22,1.28,1.28,1.23,1.25,-1.24,-0.02,-1,1556601,1946200.51
SAUD,2011-06-21,1.3,1.3,1.25,1.27,-3.45,-0.04,-1,2357431,2986768.67
SAUD,2011-06-20,1.33,1.33,1.29,1.31,0.89,0.01,-1,2222251,2915609.83
SAUD,2011-06-19,1.31,1.31,1.28,1.3,0.81,0.01,-1,2764193,3592947.19
SAUD,2011-06-16,1.32,1.32,1.28,1.29,-0.08,0,-1,3728655,4810177.79
SAUD,2011-06-15,1.31,1.31,1.28,1.29,-1.6,-0.02,-1,1729559,2232497.75
SAUD,2011-06-14,1.33,1.33,1.28,1.31,2.3,0.03,-1,5821579,7639068.92
SAUD,2011-06-13,1.36,1.36,1.27,1.28,1.5,0.02,-1,2584137,3314751.35
SAUD,2011-06-12,1.28,1.28,1.26,1.26,-1.64,-0.02,-1,1550825,1959482.85
SAUD,2011-06-09,1.3,1.3,1.27,1.28,-0.41,-0.01,-1,2016525,2590684.02
SAUD,2011-06-08,1.31,1.31,1.27,1.29,0.08,0,-1,2892379,3731757.07
SAUD,2011-06-07,1.31,1.31,1.25,1.29,3.63,0.05,-1,9051875,11668657.9
SAUD,2011-06-06,1.26,1.26,1.21,1.24,1.37,0.01,-1,3653046,4540835.29
SAUD,2011-06-05,1.25,1.25,1.22,1.23,1.3,0.02,-1,992713,1217340.73
SAUD,2011-06-02,1.23,1.23,1.19,1.21,-2.29,-0.03,-1,2140789,2592818.69
SAUD,2011-06-01,1.25,1.25,1.22,1.24,-0.34,0,-1,739448,916141.91
SAUD,2011-05-31,1.26,1.26,1.21,1.24,1.02,0.01,-1,3097752,3851279
SAUD,2011-05-30,1.24,1.24,1.21,1.23,0.43,0,-1,1384022,1704195.84
SAUD,2011-05-29,1.24,1.24,1.2,1.23,2.1,0.03,-1,2185675,2679667.19
SAUD,2011-05-26,1.22,1.22,1.19,1.2,-0.35,0,-1,1529469,1835205.4
SAUD,2011-05-25,1.22,1.22,1.19,1.2,-1.12,-0.02,-1,1539996,1855455.47
SAUD,2011-05-24,1.24,1.24,1.18,1.22,-1.7,-0.02,-1,2637378,3211970.91
SAUD,2011-05-23,1.25,1.25,1.22,1.24,-0.92,-0.01,-1,3874736,4801057.25
SAUD,2011-05-22,1.27,1.27,1.24,1.25,0.08,0,-1,2405968,3009699.18
SAUD,2011-05-19,1.28,1.28,1.24,1.25,0.34,0,-1,1771710,2214218.25
SAUD,2011-05-18,1.27,1.27,1.21,1.25,1.72,0.03,-1,9027464,11246622.38
SAUD,2011-05-17,1.25,1.25,1.21,1.22,0,0,-1,3166155,3875407.98
SAUD,2011-05-16,1.25,1.25,1.19,1.22,0.43,0,-1,6269985,7679285.22
SAUD,2011-05-15,1.25,1.25,1.17,1.22,6.23,0.08,-1,6357256,7750507.28
SAUD,2011-05-12,1.18,1.18,1.09,1.14,4.4,0.04,-1,9467655,10869811.4
SAUD,2011-05-11,1.12,1.12,1.07,1.1,3.05,0.04,-1,5244361,5765790.45
SAUD,2011-05-10,1.08,1.08,1.06,1.06,-1.07,-0.02,-1,1132976,1208432.6
SAUD,2011-05-09,1.09,1.09,1.06,1.08,2.5,0.03,-1,1451032,1565294.48
SAUD,2011-05-08,1.08,1.08,1.04,1.05,-2.05,-0.03,-1,1578865,1661240.28
SAUD,2011-05-05,1.12,1.12,1.06,1.08,-2.11,-0.02,-1,2234766,2400365.9
SAUD,2011-05-04,1.14,1.14,1.08,1.1,-0.76,0,-1,3962059,4345996.2
SAUD,2011-05-03,1.12,1.12,1.07,1.1,2.24,0.02,-1,4316290,4774810.3
SAUD,2011-05-02,1.1,1.1,1.06,1.08,3.11,0.03,-1,3150919,3408937.2
SAUD,2011-04-28,1.06,1.06,1.03,1.05,1.42,0.01,-1,1646242,1726980.53
SAUD,2011-04-27,1.05,1.05,1.02,1.04,-1.11,-0.01,-1,836350,864893.7
SAUD,2011-04-26,1.06,1.06,1.04,1.05,-0.3,0,-1,758843,793899.01
SAUD,2011-04-21,1.15,1.15,1.04,1.05,0.3,0,-1,1536694,1612238.09
SAUD,2011-04-20,1.06,1.06,1.02,1.05,-2.26,-0.02,-1,1244596,1301757.92
SAUD,2011-04-19,1.08,1.08,1.06,1.07,1.8,0.02,-1,1117797,1195802.23
SAUD,2011-04-18,1.07,1.07,1.04,1.05,-3.29,-0.04,-1,3176348,3337120.4
SAUD,2011-04-17,1.12,1.12,1.06,1.09,-3.09,-0.03,-1,2084174,2264162.65
SAUD,2011-04-14,1.14,1.14,1.11,1.12,-0.37,0,-1,1920997,2154556.59
SAUD,2011-04-13,1.14,1.14,1.09,1.12,4.79,0.04,-1,3785605,4260578.31
SAUD,2011-04-12,1.12,1.12,1.06,1.08,-4.04,-0.04,-1,2969958,3189492.42
SAUD,2011-04-11,1.15,1.15,1.09,1.12,-1.57,-0.02,-1,2254076,2523636.34
SAUD,2011-04-10,1.15,1.15,1.12,1.14,-0.92,0,-1,1961070,2230502.25
SAUD,2011-04-07,1.17,1.17,1.12,1.14,-2.67,-0.04,-1,2789488,3200400.9
SAUD,2011-04-06,1.21,1.21,1.14,1.18,-0.09,0,-1,4173405,4920647.07
SAUD,2011-04-05,1.2,1.2,1.09,1.18,3.98,0.04,-1,3183232,3755718.62
SAUD,2011-04-04,1.17,1.17,1.1,1.14,2.76,0.04,-1,5058792,5744527.7
SAUD,2011-04-03,1.14,1.14,1.07,1.1,6.05,0.06,-1,7579196,8370912.93
SAUD,2011-03-31,1.05,1.05,1.03,1.04,-0.8,-0.01,-1,1375769,1433078.51
SAUD,2011-03-30,1.08,1.08,1.04,1.05,-1.77,-0.02,-1,1702265,1787708.56
SAUD,2011-03-29,1.09,1.09,1.03,1.07,1.6,0.02,-1,1470945,1572072.82
SAUD,2011-03-28,1.12,1.12,1.03,1.05,0.1,0,-1,2769048,2912366.82
SAUD,2011-03-27,1.06,1.06,1.02,1.05,8.81,0.08,-1,3552692,3733474.95
SAUD,2011-03-24,1.02,1.02,0.83,0.97,4.67,0.05,-1,3075595,2971145.82
SAUD,2011-01-27,0.99,0.99,0.9,0.92,-18.02,-0.2,-1,10464439,9661344.04
SAUD,2011-01-26,1.21,1.21,1.02,1.12,-11.19,-0.15,-1,10391559,11699657.87
SAUD,2011-01-24,1.28,1.28,1.22,1.27,1.94,0.03,-1,9754040,12361862.64
SAUD,2011-01-23,1.29,1.29,1.22,1.24,-2.15,-0.03,-1,7515744,9348961.3
SAUD,2011-01-20,1.31,1.31,1.26,1.27,-1.06,-0.01,-1,9671176,12285158.48
SAUD,2011-01-19,1.33,1.33,1.25,1.28,-2.16,-0.03,-1,16651354,21381273.65
SAUD,2011-01-18,1.41,1.41,1.24,1.31,-4.8,-0.07,-1,17095537,22436543.7
SAUD,2011-01-17,1.47,1.47,1.29,1.38,-5.41,-0.08,-1,11690254,16122875.75
SAUD,2011-01-16,1.49,1.49,1.44,1.46,-2.19,-0.03,-1,6546361,9544230.99
SAUD,2011-01-13,1.52,1.52,1.47,1.49,-2.81,-0.04,-1,11712628,17461593.88
SAUD,2011-01-12,1.57,1.57,1.47,1.53,0.48,0.01,-1,12431129,19059048.21
SAUD,2011-01-11,1.54,1.54,1.51,1.52,-1.76,-0.03,-1,7517754,11470380.53
SAUD,2011-01-10,1.58,1.58,1.5,1.55,0.96,0.01,-1,12854041,19963716.29
SAUD,2011-01-06,1.56,1.56,1.52,1.54,2.74,0.04,-1,13552922,20858062.26
SAUD,2011-01-05,1.53,1.53,1.44,1.5,2.74,0.04,-1,15691917,23499809.72
SAUD,2011-01-04,1.48,1.48,1.44,1.46,0.87,0.02,-1,12463511,18163880.25
SAUD,2011-01-03,1.45,1.45,1.44,1.44,5.53,0.07,-1,12581795,18189919.28
SAUD,2011-01-02,1.42,1.42,1.32,1.37,4.57,0.06,-1,18904637,25893595.86
SAUD,2010-12-30,1.33,1.33,1.29,1.31,2.13,0.03,-1,9080461,11895873.42
SAUD,2010-12-29,1.29,1.29,1.27,1.28,0.83,0.01,-1,5481188,7028933.07
SAUD,2010-12-28,1.29,1.29,1.25,1.27,1.26,0.02,-1,5922671,7529741.84
SAUD,2010-12-27,1.27,1.27,1.24,1.25,1.53,0.01,-1,4511651,5665615.24
SAUD,2010-12-26,1.25,1.25,1.22,1.24,-1.67,-0.02,-1,3748777,4636989.47
SAUD,2010-12-23,1.28,1.28,1.24,1.26,-1.48,-0.02,-1,4284517,5389602.32
SAUD,2010-12-22,1.3,1.3,1.26,1.28,-1.14,-0.01,-1,3041647,3884909.78
SAUD,2010-12-21,1.31,1.31,1.25,1.29,1.91,0.02,-1,9858564,12739876.82
SAUD,2010-12-20,1.3,1.3,1.24,1.27,-2.11,-0.02,-1,7152096,9064805.83
SAUD,2010-12-19,1.33,1.33,1.26,1.29,-0.81,-0.01,-1,6941279,8989113.3
SAUD,2010-12-16,1.33,1.33,1.28,1.3,0,0,-1,14552693,18997193.04
SAUD,2010-12-15,1.37,1.37,1.25,1.3,-2.05,-0.03,-1,26089272,34048787.59
SAUD,2010-12-14,1.35,1.35,1.28,1.33,7.46,0.09,-1,21041874,28044449.25
SAUD,2010-12-13,1.29,1.29,1.17,1.24,4.61,0.05,-1,20357697,25239878.91
SAUD,2010-12-12,1.22,1.22,1.16,1.19,3.3,0.05,-1,20929421,24808245.02
SAUD,2010-12-09,1.18,1.18,1.1,1.14,4.4,0.04,-1,0,21094856
SAUD,2010-12-08,1.1,1.1,1.02,1.06,7.07,0.07,-1,13689241,14607500.6
SAUD,2010-12-06,1.03,1.03,0.96,0.99,2.16,0.02,-1,11005369,10969512.68
SAUD,2010-12-02,1.02,1.02,0.97,0.99,-1.25,-0.02,-1,3736373,3714646.19
SAUD,2010-12-01,1.02,1.02,0.98,1.01,3.57,0.04,-1,9186702,9247639.68
SAUD,2010-11-30,1.01,1.01,0.93,0.97,4.05,0.04,-1,12237189,11902668.8
SAUD,2010-11-29,0.96,0.96,0.89,0.93,6.59,0.06,-1,13096866,12232097.73
SAUD,2010-11-28,0.89,0.89,0.86,0.87,1.96,0.01,-1,1714808,1502567.21
SAUD,2010-11-25,0.88,0.88,0.85,0.86,-0.97,-0.01,-1,1058283,910178.55
SAUD,2010-11-24,0.87,0.87,0.86,0.87,-0.84,0,-1,707127,614056.91
SAUD,2010-11-23,0.89,0.89,0.86,0.87,-0.6,-0.01,-1,998698,874575.3
SAUD,2010-11-22,0.89,0.89,0.87,0.88,-0.48,-0.01,-1,630103,554754.3
SAUD,2010-11-21,0.9,0.9,0.87,0.89,0.96,0.02,-1,1211514,1072131.56
SAUD,2010-11-18,0.89,0.89,0.87,0.87,0,0,-1,176216,154537.01
SAUD,2010-11-14,0.88,0.88,0.87,0.87,-0.48,-0.01,-1,444210,389603.4
SAUD,2010-11-11,0.89,0.89,0.87,0.88,-1.64,-0.02,-1,219569,193332.17
SAUD,2010-11-10,0.92,0.92,0.87,0.9,0.12,0.01,-1,3244885,2904401.63
SAUD,2010-11-09,0.92,0.92,0.89,0.89,-1.39,-0.01,-1,1123020,1004494.63
SAUD,2010-11-08,0.92,0.92,0.89,0.9,0.47,0,-1,1372299,1244317.13
SAUD,2010-11-07,0.92,0.92,0.89,0.9,-0.35,0,-1,1983753,1791162.76
SAUD,2010-11-04,0.92,0.92,0.89,0.9,2.38,0.01,-1,2887637,2617264.06
SAUD,2010-11-03,0.9,0.9,0.86,0.89,0.24,0.01,-1,3859793,3415873.35
SAUD,2010-11-02,0.89,0.89,0.87,0.88,1.82,0.02,-1,1410551,1244826.08
SAUD,2010-11-01,0.88,0.88,0.85,0.86,-0.72,-0.01,-1,4045685,3507245.84
SAUD,2010-10-31,0.89,0.89,0.86,0.87,-2,-0.02,-1,1795013,1567202.57
SAUD,2010-10-28,0.91,0.91,0.87,0.89,1.92,0.02,-1,3227452,2877283
SAUD,2010-10-27,0.89,0.89,0.86,0.87,-1.65,-0.02,-1,3577369,3129193.95
SAUD,2010-10-26,0.92,0.92,0.87,0.89,2.42,0.02,-1,7255729,6453802.27
SAUD,2010-10-25,0.89,0.89,0.85,0.87,2.86,0.03,-1,5810009,5046160.04
SAUD,2010-10-24,0.86,0.86,0.82,0.84,3.75,0.03,-1,7758951,6546854.04
SAUD,2010-10-21,0.82,0.82,0.81,0.81,2.25,0.02,-1,3440266,2800141.08
SAUD,2010-10-20,0.81,0.81,0.79,0.79,-2.07,-0.02,-1,1845728,1469309.16
SAUD,2010-10-19,0.82,0.82,0.79,0.81,1.58,0.01,-1,3429445,2785296.62
SAUD,2010-10-18,0.81,0.81,0.79,0.8,-1.68,-0.01,-1,3927264,3142019.4
SAUD,2010-10-14,0.82,0.82,0.76,0.79,4.13,0.02,-1,15092471,12013331.31
SAUD,2010-10-13,0.77,0.77,0.75,0.77,1.68,0.02,-1,1382684,1056483.48
SAUD,2010-10-12,0.76,0.76,0.74,0.75,0.42,0.01,-1,1068755,803309.66
SAUD,2010-10-11,0.75,0.75,0.74,0.74,-0.7,-0.01,-1,922371,690245.05
SAUD,2010-10-10,0.77,0.77,0.74,0.75,-0.55,0,-1,973766,733413.32
SAUD,2010-10-07,0.77,0.77,0.75,0.75,-0.28,-0.01,-1,1760591,1333308.82
SAUD,2010-10-05,0.77,0.77,0.75,0.76,-1.23,-0.01,-1,1452549,1103112.34
SAUD,2010-10-04,0.78,0.78,0.77,0.77,-0.27,0,-1,2188012,1683547
SAUD,2010-10-03,0.78,0.78,0.77,0.77,0.69,0,-1,1214441,937287.85
SAUD,2010-09-30,0.78,0.78,0.75,0.77,-1.35,0,-1,1652773,1266479.75
SAUD,2010-09-29,0.79,0.79,0.77,0.77,1.65,0,-1,3536399,2747905.89
SAUD,2010-09-28,0.77,0.77,0.75,0.77,-0.14,0,-1,2041973,1559530.71
SAUD,2010-09-27,0.77,0.77,0.75,0.77,-1.36,0,-1,1732773,1325584.61
SAUD,2010-09-26,0.79,0.79,0.77,0.77,-0.27,0,-1,2030071,1575179.28
SAUD,2010-09-23,0.79,0.79,0.77,0.77,-0.54,-0.01,-1,4009998,3118769.42
SAUD,2010-09-22,0.79,0.79,0.77,0.78,0.13,0,-1,2693645,2105691.39
SAUD,2010-09-21,0.8,0.8,0.75,0.78,3.19,0.03,-1,9032489,7055373.55
SAUD,2010-09-20,0.77,0.77,0.74,0.75,0.14,0,-1,2683817,2031458.04
SAUD,2010-09-19,0.77,0.77,0.74,0.75,-1.78,-0.02,-1,2635030,1990568.82
SAUD,2010-09-16,0.78,0.78,0.75,0.77,-0.27,0,-1,1781327,1370279.88
SAUD,2010-09-15,0.79,0.79,0.74,0.77,-2.39,-0.02,-1,5694086,4393179.67
SAUD,2010-09-14,0.74,0.74,0.73,0.74,-0.13,0,-1,2850417,2105381.03
SAUD,2010-09-13,0.75,0.75,0.73,0.74,1.62,0.01,-1,1854582,1371750.42
SAUD,2010-09-08,0.73,0.73,0.72,0.73,0.27,0,-1,311503,226725
SAUD,2010-09-07,0.73,0.73,0.72,0.73,-0.67,0,-1,148755,108029.18
SAUD,2010-09-06,0.74,0.74,0.72,0.73,0.54,0,-1,1084702,792650.18
SAUD,2010-09-05,0.73,0.73,0.72,0.73,0.95,0.01,-1,664651,483109.07
SAUD,2010-09-02,0.73,0.73,0.71,0.72,-1.35,-0.01,-1,568611,409654.88
SAUD,2010-09-01,0.74,0.74,0.72,0.73,2.48,0.02,-1,1137060,830006.01
SAUD,2010-08-31,0.71,0.71,0.7,0.71,-1.23,-0.01,-1,377957,269314.68
SAUD,2010-08-30,0.73,0.73,0.71,0.72,0.14,0,-1,347487,250482.31
SAUD,2010-08-29,0.73,0.73,0.71,0.72,0.27,0,-1,361840,260419.62
SAUD,2010-08-26,0.73,0.73,0.71,0.72,1.39,0.01,-1,690928,496211.74
SAUD,2010-08-25,0.73,0.73,0.7,0.71,-1.37,-0.01,-1,661445,468435.55
SAUD,2010-08-24,0.73,0.73,0.71,0.72,-1.75,-0.01,-1,976991,701998.84
SAUD,2010-08-23,0.74,0.74,0.72,0.73,0.95,0.01,-1,715649,523064.2
SAUD,2010-08-22,0.73,0.73,0.72,0.72,-1.34,-0.02,-1,313835,227119.79
SAUD,2010-08-19,0.74,0.74,0.73,0.74,-0.13,0,-1,477958,350566.28
SAUD,2010-08-18,0.74,0.74,0.73,0.74,-0.4,0,-1,378533,277996.45
SAUD,2010-08-17,0.74,0.74,0.73,0.74,1.49,0.01,-1,635256,468724.72
SAUD,2010-08-16,0.74,0.74,0.72,0.73,-0.67,0,-1,641326,466118.11
SAUD,2010-08-15,0.74,0.74,0.72,0.73,0.13,0,-1,636858,465778.04
SAUD,2010-08-12,0.74,0.74,0.71,0.73,-0.53,-0.01,-1,505131,369006.66
SAUD,2010-08-11,0.77,0.77,0.73,0.74,-2.35,-0.01,-1,604978,444292.58
SAUD,2010-08-10,0.77,0.77,0.74,0.75,-0.13,0,-1,1677327,1261838.99
SAUD,2010-08-09,0.76,0.76,0.74,0.75,0.79,0.01,-1,1034179,779069.29
SAUD,2010-08-08,0.75,0.75,0.74,0.74,-0.91,-0.01,-1,1379669,1031290.79
SAUD,2010-08-05,0.77,0.77,0.74,0.75,0.66,0,-1,1307642,985883.05
SAUD,2010-08-04,0.76,0.76,0.72,0.75,1.46,0.01,-1,3440104,2577788.31
SAUD,2010-08-03,0.75,0.75,0.72,0.74,0.53,0,-1,3072455,2269544.61
SAUD,2010-08-02,0.74,0.74,0.72,0.74,0.67,0.01,-1,647125,475502.11
SAUD,2010-08-01,0.74,0.74,0.72,0.73,0.81,0.01,-1,1031777,753380.49
SAUD,2010-07-29,0.74,0.74,0.7,0.72,-0.27,-0.01,-1,1365771,988237.02
SAUD,2010-07-28,0.74,0.74,0.71,0.73,0.96,0.01,-1,1782789,1293738.94
SAUD,2010-07-27,0.73,0.73,0.7,0.72,2.38,0.02,-1,3063277,2203288.1
SAUD,2010-07-26,0.71,0.71,0.69,0.7,-1.79,-0.01,-1,1241891,872759.92
SAUD,2010-07-25,0.73,0.73,0.7,0.71,0.41,0,-1,1290689,922722.12
SAUD,2010-07-22,0.73,0.73,0.68,0.71,4.32,0.03,-1,4516402,3217556.79
SAUD,2010-07-21,0.7,0.7,0.66,0.68,2.21,0.01,-1,2016717,1377722.34
SAUD,2010-07-20,0.68,0.68,0.65,0.67,0.59,0.01,-1,1285286,859073.73
SAUD,2010-07-19,0.68,0.68,0.66,0.66,0.15,0,-1,1184437,786509.47
SAUD,2010-07-18,0.67,0.67,0.65,0.66,-0.44,0,-1,570781,378235.11
SAUD,2010-07-15,0.67,0.67,0.66,0.66,0.44,0,-1,474370,315961.01
SAUD,2010-07-14,0.68,0.68,0.65,0.66,0.3,0,-1,430018,285112.42
SAUD,2010-07-13,0.66,0.66,0.66,0.66,0,0,-1,325752,215487.84
SAUD,2010-07-12,0.67,0.67,0.65,0.66,-1.17,-0.01,-1,544644,360003.88
SAUD,2010-07-11,0.68,0.68,0.66,0.67,1.64,0.01,-1,485887,325251.8
SAUD,2010-07-08,0.66,0.66,0.65,0.66,2.92,0.02,-1,724179,476944.06
SAUD,2010-07-07,0.65,0.65,0.63,0.64,-1.51,-0.01,-1,932077,595798.48
SAUD,2010-07-06,0.65,0.65,0.64,0.65,0.92,0.01,-1,1059139,687273.39
SAUD,2010-07-05,0.65,0.65,0.63,0.64,0.92,0,-1,319661,205653.7
SAUD,2010-07-04,0.65,0.65,0.63,0.64,-0.76,0,-1,342796,218396.67
SAUD,2010-06-30,0.65,0.65,0.63,0.64,-0.76,-0.01,-1,273570,175829.05
SAUD,2010-06-29,0.66,0.66,0.64,0.65,-2.95,-0.01,-1,853130,552628.1
SAUD,2010-06-28,0.68,0.68,0.66,0.66,0.44,0,-1,695804,463772.13
SAUD,2010-06-27,0.68,0.68,0.66,0.66,-0.29,0,-1,284838,189194.55
SAUD,2010-06-24,0.68,0.68,0.66,0.66,-0.29,-0.01,-1,438025,291539.22
SAUD,2010-06-23,0.68,0.68,0.66,0.67,0.29,0.01,-1,424555,283628.15
SAUD,2010-06-22,0.67,0.67,0.66,0.66,-2.02,-0.02,-1,116153,77338.04
SAUD,2010-06-21,0.7,0.7,0.67,0.68,-0.57,0,-1,822844,559505.93
SAUD,2010-06-20,0.69,0.69,0.68,0.68,1.9,0.01,-1,693558,474311.59
SAUD,2010-06-17,0.68,0.68,0.66,0.67,2.09,0.02,-1,1810933,1215577.91
SAUD,2010-06-16,0.67,0.67,0.65,0.65,-0.59,-0.01,-1,690157,453624.63
SAUD,2010-06-15,0.66,0.66,0.66,0.66,-0.88,0,-1,283000,186960.58
SAUD,2010-06-14,0.68,0.68,0.65,0.66,0.44,0,-1,759468,506832.04
SAUD,2010-06-13,0.67,0.67,0.65,0.66,0.45,0,-1,356906,237103.34
SAUD,2010-06-10,0.67,0.67,0.65,0.66,-0.88,0,-1,589084,389554.84
SAUD,2010-06-09,0.68,0.68,0.66,0.66,-0.15,-0.01,-1,282243,188123.5
SAUD,2010-06-08,0.69,0.69,0.66,0.67,0.59,0.01,-1,620590,414362.6
SAUD,2010-06-07,0.69,0.69,0.65,0.66,-2.03,-0.02,-1,1178060,782355.74
SAUD,2010-06-06,0.69,0.69,0.65,0.68,-1.57,-0.01,-1,330240,223918.5
SAUD,2010-06-03,0.7,0.7,0.68,0.69,1.45,0.01,-1,787209,541806.53
SAUD,2010-06-02,0.69,0.69,0.66,0.68,0,0,-1,732339,497245.49
SAUD,2010-06-01,0.69,0.69,0.66,0.68,-0.29,0,-1,902159,612069.2
SAUD,2010-05-31,0.69,0.69,0.67,0.68,-1.42,-0.01,-1,589665,401388.8
SAUD,2010-05-30,0.71,0.71,0.68,0.69,1.59,0.01,-1,720600,497747.47
SAUD,2010-05-27,0.7,0.7,0.65,0.68,1.32,0.01,-1,903064,613891.22
SAUD,2010-05-26,0.69,0.69,0.64,0.67,5.4,0.03,-1,1458106,978628.14
SAUD,2010-05-25,0.67,0.67,0.62,0.64,-7.3,-0.05,-1,1740464,1107208.5
SAUD,2010-05-24,0.7,0.7,0.67,0.69,0.43,0.01,-1,911421,625780.7
SAUD,2010-05-23,0.7,0.7,0.67,0.68,-1.28,-0.01,-1,860662,588568.13
SAUD,2010-05-20,0.71,0.71,0.68,0.69,-0.98,-0.01,-1,1541225,1067436.27
SAUD,2010-05-19,0.74,0.74,0.68,0.7,-6.44,-0.04,-1,2118478,1481534.05
SAUD,2010-05-18,0.77,0.77,0.74,0.74,2.42,0.01,-1,923495,690651.61
SAUD,2010-05-17,0.74,0.74,0.71,0.73,3.19,0.02,-1,2491542,1819699.01
SAUD,2010-05-16,0.73,0.73,0.69,0.71,-4.89,-0.03,-1,2168055,1533961.77
SAUD,2010-05-13,0.75,0.75,0.74,0.74,-0.92,-0.01,-1,372312,276722.91
SAUD,2010-05-12,0.77,0.77,0.74,0.75,0.39,0.01,-1,720506,540438.4
SAUD,2010-05-11,0.77,0.77,0.73,0.74,-1.55,-0.02,-1,908275,679333.25
SAUD,2010-05-10,0.78,0.78,0.74,0.76,3.62,0.03,-1,604238,458946.46
SAUD,2010-05-09,0.75,0.75,0.7,0.73,-4.97,-0.04,-1,1249494,915666.79
SAUD,2010-05-06,0.79,0.79,0.75,0.77,-0.76,0,-1,887345,684413.3
SAUD,2010-05-05,0.8,0.8,0.77,0.77,-5.04,-0.05,-1,2188240,1701112.07
SAUD,2010-05-04,0.83,0.83,0.8,0.82,-1.88,-0.01,-1,1597968,1307050.31
SAUD,2010-05-03,0.85,0.85,0.82,0.83,-0.24,0,-1,1634380,1363684.29
SAUD,2010-05-02,0.86,0.86,0.82,0.83,-2.41,-0.03,-1,919578,768768.29
SAUD,2010-04-29,0.88,0.88,0.83,0.86,2.83,0.03,-1,3249460,2783808.74
SAUD,2010-04-28,0.85,0.85,0.82,0.83,-0.47,0,-1,1550095,1291007.38
SAUD,2010-04-27,0.85,0.85,0.83,0.83,-0.35,-0.01,-1,784096,656545.17
SAUD,2010-04-26,0.85,0.85,0.83,0.84,1.79,0.01,-1,1056849,887138.94
SAUD,2010-04-22,0.84,0.84,0.81,0.83,-1.87,-0.01,-1,893192,736664.64
SAUD,2010-04-21,0.86,0.86,0.82,0.84,-0.47,-0.01,-1,1168087,982481.9
SAUD,2010-04-20,0.85,0.85,0.83,0.85,0.47,0.01,-1,649996,548952.02
SAUD,2010-04-19,0.85,0.85,0.83,0.84,-0.35,0,-1,730114,614150.85
SAUD,2010-04-18,0.85,0.85,0.83,0.84,-1.49,-0.02,-1,762370,643557.98
SAUD,2010-04-15,0.88,0.88,0.85,0.86,-1.69,-0.01,-1,2162750,1853009.33
SAUD,2010-04-14,0.89,0.89,0.86,0.87,0.91,0.01,-1,2688379,2341990.99
SAUD,2010-04-13,0.87,0.87,0.85,0.86,-1.01,-0.01,-1,1906874,1645673.43
SAUD,2010-04-12,0.89,0.89,0.85,0.87,-0.22,0,-1,2993990,2611221.21
SAUD,2010-04-11,0.89,0.89,0.86,0.87,0,0,-1,3192111,2791890.71
SAUD,2010-04-08,0.89,0.89,0.86,0.87,0.11,0,-1,4674085,4087574.45
SAUD,2010-04-07,0.89,0.89,0.85,0.87,2.3,0.02,-1,4314812,3766190.35
SAUD,2010-04-06,0.87,0.87,0.83,0.85,3.45,0.02,-1,5770480,4923252.89
SAUD,2010-04-01,0.83,0.83,0.81,0.83,1.45,0.02,-1,3577632,2950718.8
SAUD,2010-03-31,0.83,0.83,0.79,0.81,4.68,0.04,-1,5953007,4843027.6
SAUD,2010-03-30,0.8,0.8,0.74,0.77,2.86,0.02,-1,4913773,3818523.88
SAUD,2010-03-29,0.77,0.77,0.74,0.75,-2.78,-0.02,-1,3524287,2661739.71
SAUD,2010-03-28,0.79,0.79,0.75,0.77,4.63,0.03,-1,3058518,2375509.05
SAUD,2010-03-25,0.75,0.75,0.71,0.74,2.44,0.01,-1,3931611,2918953.27
SAUD,2010-03-24,0.74,0.74,0.7,0.73,1.65,0.02,-1,1487723,1077824.38
SAUD,2010-03-23,0.72,0.72,0.69,0.71,2.69,0.02,-1,1718516,1226151.13
SAUD,2010-03-22,0.71,0.71,0.68,0.69,-1.12,-0.01,-1,476567,331199.3
SAUD,2010-03-21,0.71,0.71,0.7,0.7,0.85,0,-1,786598,552541.24
SAUD,2010-03-18,0.71,0.71,0.69,0.7,0.28,0.01,-1,1004765,699894.09
SAUD,2010-03-17,0.72,0.72,0.67,0.69,-0.7,-0.01,-1,1231021,855152.42
SAUD,2010-03-16,0.71,0.71,0.67,0.7,0.99,0.01,-1,839301,587352.78
SAUD,2010-03-15,0.73,0.73,0.67,0.69,-6.37,-0.05,-1,1507348,1043473.86
SAUD,2010-03-14,0.77,0.77,0.72,0.74,-4.32,-0.03,-1,1101617,814749.92
SAUD,2010-03-11,0.79,0.79,0.77,0.77,0.9,0,-1,780956,603451.82
SAUD,2010-03-10,0.77,0.77,0.75,0.77,1.3,0.02,-1,860687,659190.91
SAUD,2010-03-09,0.77,0.77,0.74,0.75,-3.27,-0.03,-1,1351185,1021825.12
SAUD,2010-03-08,0.79,0.79,0.77,0.78,-1.36,-0.01,-1,1022391,798996.84
SAUD,2010-03-07,0.81,0.81,0.77,0.79,0.62,0,-1,1522294,1206578.39
SAUD,2010-03-04,0.81,0.81,0.77,0.79,-1.47,-0.01,-1,1287005,1013687.23
SAUD,2010-03-03,0.81,0.81,0.79,0.8,0,0,-1,1313312,1050363.1
SAUD,2010-03-02,0.81,0.81,0.79,0.8,-1.21,-0.01,-1,1314431,1051216.55
SAUD,2010-03-01,0.82,0.82,0.8,0.81,0.12,0,-1,1567901,1268880.29
SAUD,2010-02-28,0.83,0.83,0.8,0.81,-0.84,0,-1,929507,751665.78
SAUD,2010-02-25,0.83,0.83,0.81,0.81,0.97,0,-1,700706,571609.13
SAUD,2010-02-24,0.83,0.83,0.79,0.81,-0.6,0,-1,1402849,1132336.88
SAUD,2010-02-23,0.85,0.85,0.79,0.81,-2.82,-0.02,-1,1116983,907681.25
SAUD,2010-02-22,0.85,0.85,0.82,0.83,0.83,0,-1,1408450,1177382.46
SAUD,2010-02-21,0.84,0.84,0.81,0.83,-0.59,0,-1,740499,614130.78
SAUD,2010-02-18,0.84,0.84,0.82,0.83,-0.12,0,-1,1435264,1197062.91
SAUD,2010-02-17,0.85,0.85,0.82,0.83,-1.96,-0.02,-1,1155958,965723.11
SAUD,2010-02-16,0.86,0.86,0.84,0.85,0.12,0,-1,1111236,946422.22
SAUD,2010-02-15,0.86,0.86,0.85,0.85,-1.93,-0.01,-1,1131191,962548.17
SAUD,2010-02-14,0.88,0.88,0.86,0.86,2.08,0.01,-1,1459757,1265517.08
SAUD,2010-02-11,0.86,0.86,0.83,0.85,-0.35,0,-1,1610777,1369123.43
SAUD,2010-02-10,0.87,0.87,0.84,0.85,0.23,0,-1,2125665,1813019.41
SAUD,2010-02-09,0.86,0.86,0.84,0.85,-0.57,-0.01,-1,1812419,1542659.69
SAUD,2010-02-08,0.86,0.86,0.85,0.86,0.69,0.01,-1,1179393,1008892.52
SAUD,2010-02-07,0.86,0.86,0.83,0.85,-1.14,-0.01,-1,1024212,870624.15
SAUD,2010-02-04,0.88,0.88,0.85,0.86,-2.13,-0.02,-1,1159069,996811.98
SAUD,2010-02-03,0.89,0.89,0.85,0.88,2.88,0.03,-1,4666484,4098355.93
SAUD,2010-02-02,0.87,0.87,0.84,0.85,0.93,0,-1,2441932,2083848.66
SAUD,2010-02-01,0.85,0.85,0.83,0.85,0.58,0.01,-1,1074444,908954.3
SAUD,2010-01-31,0.85,0.85,0.82,0.84,-2.62,-0.02,-1,1251228,1052052.04
SAUD,2010-01-28,0.87,0.87,0.85,0.86,1.85,0.01,-1,1587359,1369838.63
SAUD,2010-01-27,0.87,0.87,0.83,0.85,-0.58,0,-1,3740082,3170884.56
SAUD,2010-01-26,0.86,0.86,0.84,0.85,-1.7,-0.01,-1,1215434,1036278.86
SAUD,2010-01-24,0.9,0.9,0.84,0.86,-5.66,-0.06,-1,3241292,2812720.35
SAUD,2010-01-21,0.94,0.94,0.9,0.92,-0.64,0,-1,2531988,2328110.91
SAUD,2010-01-20,0.94,0.94,0.9,0.92,-0.84,-0.01,-1,1982341,1834271.99
SAUD,2010-01-19,0.96,0.96,0.9,0.93,1.17,0.01,-1,4458268,4159362.1
SAUD,2010-01-18,0.94,0.94,0.9,0.92,0.86,0,-1,2967209,2736799.23
SAUD,2010-01-17,0.93,0.93,0.89,0.92,2.42,0.03,-1,4724281,4320660.84
SAUD,2010-01-14,0.9,0.9,0.87,0.89,2.02,0.02,-1,4976671,4441899.86
SAUD,2010-01-13,0.89,0.89,0.85,0.87,3.48,0.02,-1,6127056,5362627.35
SAUD,2010-01-12,0.86,0.86,0.83,0.85,0.12,0,-1,1924722,1628104.84
SAUD,2010-01-11,0.86,0.86,0.83,0.85,-2.6,-0.01,-1,2933344,2477978.51
SAUD,2010-01-10,0.88,0.88,0.85,0.86,4.37,0.03,-1,1826967,1584253.55
SAUD,2010-01-06,0.87,0.87,0.8,0.83,2.79,0.02,-1,4082848,3394878.64
SAUD,2010-01-05,0.82,0.82,0.79,0.81,2.36,0.02,-1,2647220,2138911.7
SAUD,2010-01-04,0.79,0.79,0.77,0.79,1.26,0.01,-1,1231043,972473.07
SAUD,2010-01-03,0.79,0.79,0.77,0.78,2.85,0.03,-1,920494,717672.42
SAUD,2009-12-31,0.77,0.77,0.74,0.75,1.58,0.01,-1,786019,596229.74
SAUD,2009-12-30,0.77,0.77,0.74,0.74,-2.44,-0.03,-1,622782,464803.18
SAUD,2009-12-29,0.78,0.78,0.75,0.77,1.7,0.02,-1,479140,366418.45
SAUD,2009-12-28,0.77,0.77,0.72,0.75,-0.39,0,-1,1428859,1074795.9
SAUD,2009-12-27,0.79,0.79,0.74,0.75,-2.41,-0.02,-1,1066018,805154.39
SAUD,2009-12-24,0.79,0.79,0.77,0.77,0.38,0,-1,425860,329483.67
SAUD,2009-12-23,0.78,0.78,0.77,0.77,-1.13,-0.01,-1,587940,453172.47
SAUD,2009-12-22,0.8,0.8,0.77,0.78,-0.13,0,-1,813239,634278.69
SAUD,2009-12-21,0.79,0.79,0.77,0.78,-2.09,-0.02,-1,1171082,913970.54
SAUD,2009-12-20,0.81,0.81,0.79,0.8,-0.73,0,-1,677463,540155.94
SAUD,2009-12-17,0.82,0.82,0.79,0.8,-0.97,-0.01,-1,337530,271217.16
SAUD,2009-12-16,0.83,0.83,0.79,0.81,2.48,0.02,-1,2545809,2064910.59
SAUD,2009-12-15,0.81,0.81,0.78,0.79,-0.98,-0.01,-1,1262356,998991.3
SAUD,2009-12-14,0.82,0.82,0.79,0.8,0.99,0.01,-1,1285785,1027694.77
SAUD,2009-12-13,0.8,0.8,0.78,0.79,3.33,0.02,-1,2070451,1638585.54
SAUD,2009-12-10,0.79,0.79,0.75,0.77,2.09,0.02,-1,674323,516972.4
SAUD,2009-12-09,0.78,0.78,0.72,0.75,-4.26,-0.03,-1,1698449,1274776.46
SAUD,2009-12-08,0.81,0.81,0.77,0.78,-0.99,-0.01,-1,1034009,810841.34
SAUD,2009-12-07,0.81,0.81,0.78,0.79,-2.66,-0.02,-1,974416,771067.34
SAUD,2009-12-06,0.83,0.83,0.81,0.81,-1.66,-0.02,-1,609249,495396.13
SAUD,2009-12-03,0.84,0.84,0.81,0.83,0.72,0.01,-1,1943604,1607882.75
SAUD,2009-12-02,0.84,0.84,0.8,0.82,2.33,0.02,-1,1872498,1536947.58
SAUD,2009-12-01,0.81,0.81,0.79,0.8,1.87,0.01,-1,1625495,1304257.89
SAUD,2009-11-30,0.83,0.83,0.7,0.79,-6.96,-0.06,-1,1313748,1034397.68
SAUD,2009-11-25,0.86,0.86,0.83,0.85,-0.23,0,-1,767038,649645.25
SAUD,2009-11-24,0.86,0.86,0.84,0.85,0.47,0,-1,1247007,1057980.6
SAUD,2009-11-23,0.86,0.86,0.83,0.85,-1.15,0,-1,620560,524186.75
SAUD,2009-11-22,0.87,0.87,0.84,0.85,0.35,0,-1,924386,789873.64
SAUD,2009-11-19,0.86,0.86,0.83,0.85,1.4,0.01,-1,735041,625676.58
SAUD,2009-11-18,0.85,0.85,0.82,0.84,-1.04,-0.01,-1,1755256,1473952.01
SAUD,2009-11-17,0.89,0.89,0.83,0.85,-3.79,-0.03,-1,2158101,1831369.1
SAUD,2009-11-16,0.9,0.9,0.86,0.88,-1.43,-0.01,-1,2056331,1813452.58
SAUD,2009-11-15,0.9,0.9,0.89,0.89,-1.19,-0.01,-1,734166,656742.72
SAUD,2009-11-12,0.93,0.93,0.89,0.9,-2.64,-0.03,-1,2333209,2113336.66
SAUD,2009-11-11,0.96,0.96,0.9,0.93,0.53,0.01,-1,2639057,2454357.45
SAUD,2009-11-10,0.94,0.94,0.91,0.92,2.39,0.02,-1,3124116,2891602.73
SAUD,2009-11-09,0.92,0.92,0.88,0.9,0.66,0,-1,1990509,1799709.87
SAUD,2009-11-08,0.92,0.92,0.89,0.9,2.35,0.02,-1,2310704,2074421.8
SAUD,2009-11-05,0.9,0.9,0.84,0.88,-1.65,-0.01,-1,3113583,2732282.41
SAUD,2009-11-04,0.91,0.91,0.86,0.89,4.37,0.04,-1,5334814,4758850.67
SAUD,2009-11-03,0.96,0.96,0.82,0.85,-10.68,-0.11,-1,4075835,3483875.05
SAUD,2009-11-02,0.97,0.97,0.94,0.96,1.04,0.02,-1,2481232,2373742.24
SAUD,2009-11-01,0.98,0.98,0.93,0.94,-3.21,-0.04,-1,2536878,2403422
SAUD,2009-10-29,0.99,0.99,0.96,0.98,-2.73,-0.03,-1,4613438,4515831.99
SAUD,2009-10-28,1.05,1.05,0.99,1.01,-3.12,-0.03,-1,3265202,3282982.9
SAUD,2009-10-27,1.06,1.06,1.03,1.04,-2.67,-0.02,-1,2889121,3000998.88
SAUD,2009-10-26,1.09,1.09,1.05,1.06,-1.54,-0.02,-1,2686812,2866311.33
SAUD,2009-10-25,1.1,1.1,1.06,1.08,0,0,-1,3723131,4033307.94
SAUD,2009-10-22,1.09,1.09,1.08,1.08,-0.72,-0.01,-1,4354372,4719292.54
SAUD,2009-10-21,1.12,1.12,1.08,1.09,-1.77,-0.02,-1,4858318,5303413.34
SAUD,2009-10-20,1.14,1.14,1.09,1.11,-0.79,-0.01,-1,3993009,4437746.29
SAUD,2009-10-19,1.14,1.14,1.1,1.12,-0.7,-0.01,-1,3222394,3609085.2
SAUD,2009-10-18,1.16,1.16,1.11,1.13,-0.43,-0.01,-1,3966582,4471980.62
SAUD,2009-10-15,1.14,1.14,1.12,1.14,1.23,0.02,-1,10504438,11899176.77
SAUD,2009-10-14,1.14,1.14,1.1,1.12,2.89,0.03,-1,5329163,5962591.55
SAUD,2009-10-13,1.12,1.12,1.06,1.09,-3.57,-0.04,-1,10773550,11717295.87
SAUD,2009-10-12,1.17,1.17,1.08,1.13,-1.8,-0.01,-1,11305454,12749491.65
SAUD,2009-10-11,1.2,1.2,1.13,1.14,-2.66,-0.04,-1,8644765,9927008.23
SAUD,2009-10-08,1.22,1.22,1.14,1.18,-2.91,-0.04,-1,8753364,10328920.71
SAUD,2009-10-07,1.25,1.25,1.17,1.22,4.3,0.05,-1,21112390,25647827.75
SAUD,2009-10-05,1.21,1.21,1.12,1.17,1.72,0.03,-1,9535590,11108764.09
SAUD,2009-10-04,1.19,1.19,1.06,1.14,2.82,0.02,-1,14482723,16594911.74
SAUD,2009-10-01,1.14,1.14,1.09,1.12,-0.7,0,-1,5232939,5828557.03
SAUD,2009-09-30,1.14,1.14,1.07,1.12,2.88,0.03,-1,10849217,12170469.69
SAUD,2009-09-29,1.12,1.12,1.05,1.09,3.84,0.04,-1,15062775,16426225.85
SAUD,2009-09-28,1.06,1.06,1.04,1.05,-1.75,-0.02,-1,2376968,2495736.72
SAUD,2009-09-27,1.09,1.09,1.05,1.07,1.12,0.01,-1,5766300,6163825.2
SAUD,2009-09-24,1.06,1.06,1.04,1.06,-0.37,0,-1,2530498,2673452.49
SAUD,2009-09-23,1.09,1.09,1.04,1.06,-1.91,-0.02,-1,6263616,6643943.99
SAUD,2009-09-22,1.09,1.09,1.06,1.08,1.29,0.02,-1,3952210,4274531.37
SAUD,2009-09-17,1.09,1.09,1.04,1.06,2.64,0.02,-1,8241508,8796645.2
SAUD,2009-09-16,1.05,1.05,1.02,1.04,2.02,0.02,-1,3588557,3732472.91
SAUD,2009-09-15,1.04,1.04,1.01,1.02,-0.48,0,-1,2137560,2179949.61
SAUD,2009-09-14,1.04,1.04,1.01,1.02,0.58,0,-1,1883113,1929147.22
SAUD,2009-09-13,1.03,1.03,1.01,1.02,0.68,0.01,-1,1288997,1313666.59
SAUD,2009-09-10,1.03,1.03,0.99,1.01,-0.39,-0.01,-1,1799852,1820650.11
SAUD,2009-09-09,1.03,1.03,1.01,1.02,-1.43,-0.01,-1,993739,1009038.65
SAUD,2009-09-08,1.05,1.05,1.02,1.03,0,0,-1,1600654,1649999.26
SAUD,2009-09-07,1.06,1.06,1.01,1.03,-3.5,-0.03,-1,2416309,2490425.49
SAUD,2009-09-06,1.09,1.09,1.04,1.06,2.26,0.02,-1,3753919,4008044.09
SAUD,2009-09-03,1.06,1.06,0.99,1.04,5.04,0.05,-1,6765634,7063108.67
SAUD,2009-09-02,1.02,1.02,0.94,0.99,0.5,0,-1,2284351,2269857.29
SAUD,2009-09-01,1,1,0.99,0.99,-0.98,-0.01,-1,1291646,1277343.09
SAUD,2009-08-31,1.02,1.02,0.99,1,-0.78,-0.01,-1,1505272,1504336.85
SAUD,2009-08-30,1.02,1.02,1,1.01,0.1,0,-1,1264265,1273054.6
SAUD,2009-08-27,1.03,1.03,0.99,1.01,-1.63,-0.01,-1,1597137,1605985.03
SAUD,2009-08-26,1.05,1.05,1,1.02,-1.33,-0.02,-1,1741794,1780680.7
SAUD,2009-08-25,1.05,1.05,1.02,1.04,0.29,0.01,-1,2581477,2675284.98
SAUD,2009-08-24,1.05,1.05,1.02,1.03,0.1,0,-1,2047222,2115240.86
SAUD,2009-08-23,1.06,1.06,1.01,1.03,3.04,0.03,-1,2920491,3016242.7
SAUD,2009-08-20,1.02,1.02,0.99,1,1.49,0.01,-1,1888064,1891838.83
SAUD,2009-08-19,1.03,1.03,0.97,0.99,-3.18,-0.03,-1,3418136,3375635.54
SAUD,2009-08-18,1.04,1.04,1,1.02,-1.42,-0.02,-1,2953328,3012039.63
SAUD,2009-08-17,1.08,1.08,0.98,1.04,-7.14,-0.08,-1,7632561,7895056.73
SAUD,2009-08-16,1.17,1.17,1.08,1.12,4.9,0.06,-1,6385137,7115137.55
SAUD,2009-08-13,1.1,1.1,1.01,1.06,6.5,0.07,-1,10239266,10873960.93
SAUD,2009-08-12,1.03,1.03,0.96,0.99,0.4,0,-1,3063875,3055557.63
SAUD,2009-08-11,1.02,1.02,0.98,0.99,-1.75,-0.02,-1,2399235,2383258.61
SAUD,2009-08-10,1.04,1.04,0.99,1.01,-1.25,-0.01,-1,2195579,2218383.77
SAUD,2009-08-09,1.05,1.05,1.01,1.02,0.97,0.01,-1,3365902,3444774.46
SAUD,2009-08-06,1.04,1.04,1,1.01,-0.67,-0.01,-1,1855120,1880697.8
SAUD,2009-08-05,1.04,1.04,0.99,1.02,0.29,0,-1,3249439,3317431.18
SAUD,2009-08-04,1.07,1.07,0.99,1.02,0.58,0.01,-1,3245456,3303264.4
SAUD,2009-08-03,1.06,1.06,0.97,1.01,3.41,0.03,-1,6359196,6434223.38
SAUD,2009-08-02,0.99,0.99,0.96,0.98,0.61,0.01,-1,2551827,2495734.17
SAUD,2009-07-30,0.99,0.99,0.94,0.97,1.43,0.01,-1,2415234,2348030.28
SAUD,2009-07-29,0.97,0.97,0.94,0.96,-0.51,0,-1,2017029,1934753.32
SAUD,2009-07-28,0.99,0.99,0.94,0.96,-0.61,-0.01,-1,1372497,1322271.74
SAUD,2009-07-27,0.98,0.98,0.95,0.97,0.3,0,-1,2431254,2356959.14
SAUD,2009-07-26,0.99,0.99,0.93,0.97,4.13,0.04,-1,4170311,4032492.81
SAUD,2009-07-22,0.96,0.96,0.92,0.93,-2.88,-0.03,-1,1893295,1757016.92
SAUD,2009-07-21,0.97,0.97,0.94,0.96,0.83,0.01,-1,2667569,2549218.91
SAUD,2009-07-20,0.97,0.97,0.92,0.95,-0.1,0,-1,1467399,1391289.73
SAUD,2009-07-19,0.99,0.99,0.89,0.95,8.66,0.08,-1,5475806,5195294.1
SAUD,2009-07-16,0.92,0.92,0.82,0.87,7.63,0.06,-1,3952969,3453896.8
SAUD,2009-07-15,0.83,0.83,0.8,0.81,0.61,0,-1,1538542,1248629.1
SAUD,2009-07-14,0.83,0.83,0.79,0.81,1.48,0.02,-1,1681905,1355860.76
SAUD,2009-07-13,0.84,0.84,0.74,0.79,-3.92,-0.04,-1,1569983,1247682.91
SAUD,2009-07-12,0.85,0.85,0.81,0.83,-1.52,-0.01,-1,1289060,1065838.95
SAUD,2009-07-09,0.87,0.87,0.81,0.84,-3.06,-0.02,-1,1383627,1162252.51
SAUD,2009-07-08,0.89,0.89,0.85,0.86,-4.65,-0.04,-1,1634884,1416933.69
SAUD,2009-07-07,0.92,0.92,0.89,0.9,1.43,0,-1,1019755,926463.84
SAUD,2009-07-06,0.93,0.93,0.89,0.9,-2.67,-0.02,-1,1234831,1106139.02
SAUD,2009-07-05,0.95,0.95,0.9,0.92,-4.09,-0.04,-1,1957850,1801872.42
SAUD,2009-07-02,0.97,0.97,0.9,0.96,4.6,0.04,-1,1633886,1568489.57
SAUD,2009-06-30,0.94,0.94,0.9,0.92,0.65,0.01,-1,2228537,2044363.05
SAUD,2009-06-29,0.96,0.96,0.89,0.91,2.65,0.02,-1,2167910,1977058.98
SAUD,2009-06-28,0.97,0.97,0.82,0.89,6.1,0.06,-1,2491210,2213034.04
SAUD,2009-06-25,0.9,0.9,0.81,0.83,-8.58,-0.09,-1,3579939,2997455.53
SAUD,2009-06-24,0.96,0.96,0.87,0.92,-2.1,-0.02,-1,1634141,1496027.79
SAUD,2009-06-23,1.02,1.02,0.89,0.94,-9.68,-0.1,-1,3890979,3639224.08
SAUD,2009-06-22,1.11,1.11,0.97,1.04,-6.39,-0.06,-1,3041831,3148162.03
SAUD,2009-06-21,1.14,1.14,1.09,1.1,-0.27,-0.01,-1,1545888,1709211.17
SAUD,2009-06-18,1.12,1.12,1.1,1.11,-2.08,-0.03,-1,2866824,3178978.65
SAUD,2009-06-17,1.16,1.16,1.12,1.14,-2.78,-0.03,-1,2140215,2424351.36
SAUD,2009-06-16,1.17,1.17,1.14,1.17,1.63,0.03,-1,2706791,3152581.88
SAUD,2009-06-15,1.17,1.17,1.11,1.14,1.83,0.02,-1,5336306,6119933.85
SAUD,2009-06-14,1.15,1.15,1.1,1.12,1.15,0,-1,1479719,1666172.53
SAUD,2009-06-11,1.14,1.14,1.09,1.12,-1.99,-0.02,-1,3670109,4083437.61
SAUD,2009-06-10,1.15,1.15,1.1,1.14,2.3,0.03,-1,2725519,3093798.77
SAUD,2009-06-09,1.14,1.14,1.09,1.11,-2.08,-0.03,-1,2770269,3074467.34
SAUD,2009-06-08,1.17,1.17,1.11,1.14,-0.17,0,-1,2737656,3104063.64
SAUD,2009-06-07,1.19,1.19,1.08,1.14,-4.86,-0.05,-1,9350089,10620050.94
SAUD,2009-06-04,1.24,1.24,1.18,1.19,-3.88,-0.05,-1,8884055,10601601.36
SAUD,2009-06-03,1.27,1.27,1.22,1.24,-0.94,-0.01,-1,3349892,4158252.5
SAUD,2009-06-02,1.29,1.29,1.2,1.25,0.08,0,-1,5917591,7417253.62
SAUD,2009-06-01,1.28,1.28,1.17,1.25,5.37,0.06,-1,13129983,16440579.51
SAUD,2009-05-31,1.22,1.22,1.17,1.19,1.94,0.02,-1,4433514,5270729.2
SAUD,2009-05-28,1.2,1.2,1.1,1.17,0.34,0,-1,9372048,10927726.56
SAUD,2009-05-27,1.2,1.2,1.13,1.17,3.68,0.05,-1,14377785,16711451.8
SAUD,2009-05-26,1.14,1.14,1.08,1.12,4.39,0.05,-1,4606737,5162867.25
SAUD,2009-05-25,1.1,1.1,1.04,1.07,-0.55,-0.01,-1,2350516,2523474.57
SAUD,2009-05-24,1.14,1.14,1.04,1.08,2.04,0.02,-1,3891151,4201376.87
SAUD,2009-05-21,1.17,1.17,0.93,1.06,-10.25,-0.11,-1,8390139,8879576.84
SAUD,2009-05-20,1.26,1.26,1.14,1.17,-6.98,-0.1,-1,10727304,12650226.53
SAUD,2009-05-19,1.32,1.32,1.2,1.27,-0.15,0,-1,9940750,12593813.96
SAUD,2009-05-18,1.32,1.32,1.24,1.27,0,0,-1,9766185,12393508.36
SAUD,2009-05-17,1.32,1.32,1.19,1.27,9.12,0.1,-1,12762935,16196355.26
SAUD,2009-05-14,1.21,1.21,1.11,1.17,-2.23,-0.02,-1,9008969,10479824.26
SAUD,2009-05-13,1.27,1.27,1.13,1.19,-4.95,-0.06,-1,13534384,16100988.7
SAUD,2009-05-12,1.33,1.33,1.12,1.25,14.47,0.16,-1,13794865,17267163.92
SAUD,2009-05-11,1.19,1.19,0.98,1.09,7.33,0.07,-1,17057272,18642760.99
SAUD,2009-05-10,1.05,1.05,0.96,1.02,7.91,0.08,-1,11257520,11467394.57
SAUD,2009-05-07,0.97,0.97,0.92,0.94,-0.21,0,-1,6913560,6527874.37
SAUD,2009-05-06,0.97,0.97,0.92,0.94,-1.73,-0.02,-1,3905809,3693898.09
SAUD,2009-05-05,0.99,0.99,0.94,0.96,-0.31,-0.01,-1,11117395,10700256.07
SAUD,2009-05-04,1.02,1.02,0.9,0.97,10.08,0.09,-1,11183648,10804484.7
SAUD,2009-05-03,0.96,0.96,0.8,0.88,10.11,0.09,-1,20444631,17924412.52
SAUD,2009-04-30,0.81,0.81,0.79,0.79,1,0,-1,5270066,4197678.85
SAUD,2009-04-29,0.81,0.81,0.77,0.79,1.13,0.01,-1,5010523,3950215.06
SAUD,2009-04-28,0.83,0.83,0.74,0.78,-5.25,-0.04,-1,6643441,5184151.78
SAUD,2009-04-27,0.86,0.86,0.79,0.82,-4.99,-0.04,-1,3584865,2952434.82
SAUD,2009-04-23,0.83,0.83,0.77,0.79,-3.69,-0.04,-1,3963387,3149265.46
SAUD,2009-04-22,0.86,0.86,0.79,0.83,-0.59,0,-1,2881682,2377395.1
SAUD,2009-04-21,0.89,0.89,0.74,0.83,7.78,0.06,-1,6003242,4981234.45
SAUD,2009-04-16,0.81,0.81,0.71,0.77,4.53,0.03,-1,4931162,3795957.4
SAUD,2009-04-15,0.79,0.79,0.69,0.74,-6.02,-0.04,-1,3371379,2483759.76
SAUD,2009-04-14,0.83,0.83,0.77,0.78,0.25,0,-1,1800192,1411444.12
SAUD,2009-04-13,0.83,0.83,0.74,0.78,-7.33,-0.06,-1,4601849,3600547.16
SAUD,2009-04-12,0.94,0.94,0.81,0.84,-5.6,-0.05,-1,6184455,5218893.72
SAUD,2009-04-09,0.96,0.96,0.86,0.89,8.33,0.06,-1,7267674,6493482.82
SAUD,2009-04-08,0.9,0.9,0.73,0.83,-1.75,-0.01,-1,17162687,14159141.27
SAUD,2009-04-07,0.9,0.9,0.74,0.84,9.76,0.07,-1,9966140,8367144.91
SAUD,2009-04-06,0.83,0.83,0.61,0.77,10.5,0.08,-1,21666436,16575698.38
SAUD,2009-04-05,0.77,0.77,0.65,0.69,21.97,0.12,-1,9870440,6834030.41
SAUD,2009-04-02,0.6,0.6,0.5,0.57,14,0.07,-1,20984818,11920935.78
SAUD,2009-04-01,0.52,0.52,0.48,0.5,4.11,0.02,-1,5709295,2841071.94
SAUD,2009-03-31,0.5,0.5,0.45,0.48,-4.51,-0.02,-1,8474495,4050800.27
SAUD,2009-03-30,0.54,0.54,0.47,0.5,2.82,0.02,-1,7045282,3532265.42
SAUD,2009-03-29,0.51,0.51,0.44,0.48,12.22,0.05,-1,9280742,4519610.54
SAUD,2009-03-26,0.44,0.44,0.42,0.43,3.03,0.01,-1,3581513,1555010.56
SAUD,2009-03-25,0.44,0.44,0.41,0.42,-1.83,-0.01,-1,2876551,1212057.11
SAUD,2009-03-24,0.46,0.46,0.41,0.43,1.63,0.01,-1,3166243,1358972.43
SAUD,2009-03-23,0.44,0.44,0.4,0.42,5.39,0.02,-1,5063537,2137523.86
SAUD,2009-03-22,0.41,0.41,0.39,0.4,2,0.01,-1,2057357,825267.31
SAUD,2009-03-19,0.41,0.41,0.38,0.39,2.83,0.01,-1,4725713,1857169.88
SAUD,2009-03-18,0.39,0.39,0.38,0.38,1.83,0,-1,1766894,675231.43
SAUD,2009-03-17,0.38,0.38,0.37,0.38,0.26,0,-1,1572987,590199.06
SAUD,2009-03-15,0.38,0.38,0.37,0.38,1.06,0.01,-1,2588005,969340.12
SAUD,2009-03-12,0.38,0.38,0.37,0.37,-2.84,-0.01,-1,1428763,528825.25
SAUD,2009-03-11,0.39,0.39,0.37,0.38,3.74,0.01,-1,3872481,1475822.7
SAUD,2009-03-10,0.37,0.37,0.36,0.37,-0.8,0,-1,832293,305632.98
SAUD,2009-03-08,0.38,0.38,0.36,0.37,0,0,-1,339050,125564.08
SAUD,2009-03-05,0.38,0.38,0.36,0.37,-2.33,-0.01,-1,1181330,437396.55
SAUD,2009-03-04,0.38,0.38,0.36,0.38,2.93,0.01,-1,957934,362934.95
SAUD,2009-03-03,0.38,0.38,0.36,0.37,-1.57,-0.01,-1,543048,199904.05
SAUD,2009-03-02,0.38,0.38,0.37,0.38,-1.04,0,-1,700223,262347.36
SAUD,2009-03-01,0.39,0.39,0.37,0.38,0.79,0,-1,934447,353598.16
SAUD,2009-02-26,0.38,0.38,0.37,0.38,-2.8,-0.01,-1,1602061,601500.07
SAUD,2009-02-25,0.39,0.39,0.37,0.39,4.8,0.02,-1,1300497,501633.7
SAUD,2009-02-24,0.38,0.38,0.36,0.37,-3.6,-0.01,-1,421214,155159.55
SAUD,2009-02-23,0.39,0.39,0.37,0.38,2.37,0.01,-1,592358,226641.65
SAUD,2009-02-22,0.38,0.38,0.32,0.37,-2.81,-0.01,-1,439679,164132.02
SAUD,2009-02-19,0.39,0.39,0.37,0.38,3.17,0.01,-1,579390,222396.77
SAUD,2009-02-18,0.39,0.39,0.36,0.37,-3.32,-0.02,-1,1936736,720628.95
SAUD,2009-02-17,0.39,0.39,0.38,0.39,-3.69,-0.01,-1,183232,70572.1
SAUD,2009-02-16,0.41,0.41,0.39,0.4,0,0,-1,1735804,693794.28
SAUD,2009-02-15,0.41,0.41,0.39,0.4,2.01,0.01,-1,923235,368926.78
SAUD,2009-02-12,0.4,0.4,0.38,0.39,-0.25,0,-1,872226,341997.4
SAUD,2009-02-11,0.4,0.4,0.38,0.39,-0.25,0,-1,1037857,407393.55
SAUD,2009-02-10,0.4,0.4,0.38,0.39,3.89,0.01,-1,928454,366069.8
SAUD,2009-02-09,0.39,0.39,0.36,0.38,-3.02,-0.01,-1,844523,320363.06
SAUD,2009-02-08,0.4,0.4,0.38,0.39,2.84,0.01,-1,760862,297364.59
SAUD,2009-02-05,0.4,0.4,0.35,0.38,-5.15,-0.02,-1,1847160,702524.2
SAUD,2009-02-04,0.42,0.42,0.38,0.4,1.24,0.01,-1,2156110,863643.14
SAUD,2009-02-03,0.41,0.41,0.38,0.39,-0.98,-0.01,-1,654695,259383.52
SAUD,2009-02-02,0.42,0.42,0.39,0.4,-6,-0.03,-1,2578300,1030873.97
SAUD,2009-02-01,0.44,0.44,0.41,0.43,-2.91,-0.01,-1,708800,301602.87
SAUD,2009-01-29,0.45,0.45,0.43,0.44,-2.62,0,-1,1040570,455577.74
SAUD,2009-01-28,0.46,0.46,0.44,0.44,1.33,0,-1,1238753,557036.08
SAUD,2009-01-27,0.45,0.45,0.42,0.44,5.61,0.02,-1,780402,346163.02
SAUD,2009-01-26,0.44,0.44,0.4,0.42,-5.52,-0.02,-1,3431546,1443911.63
SAUD,2009-01-25,0.46,0.46,0.42,0.44,-2.79,-0.02,-1,1559580,694057.74
SAUD,2009-01-22,0.49,0.49,0.44,0.46,-0.64,0,-1,2009229,919985.18
SAUD,2009-01-21,0.49,0.49,0.45,0.46,-4.67,-0.02,-1,1501695,691191.31
SAUD,2009-01-20,0.5,0.5,0.47,0.48,-2.96,-0.02,-1,2981606,1442445.47
SAUD,2009-01-19,0.52,0.52,0.49,0.5,-1.17,0,-1,1661333,827202.85
SAUD,2009-01-18,0.52,0.52,0.5,0.5,0.59,0,-1,889223,448106.26
SAUD,2009-01-15,0.52,0.52,0.49,0.5,-3.77,-0.02,-1,2483141,1245144.86
SAUD,2009-01-14,0.54,0.54,0.5,0.52,-1.67,-0.01,-1,2784855,1450097
SAUD,2009-01-13,0.56,0.56,0.52,0.53,-5.6,-0.03,-1,2657245,1405905.78
SAUD,2009-01-12,0.59,0.59,0.53,0.56,0.88,0.01,-1,4163803,2335633.04
SAUD,2009-01-11,0.59,0.59,0.5,0.55,6.39,0.03,-1,6110706,3394923.04
SAUD,2009-01-08,0.54,0.54,0.5,0.52,4.72,0.02,-1,3728759,1948638.59
SAUD,2009-01-06,0.51,0.51,0.48,0.5,0.79,0,-1,2683274,1338672.79
SAUD,2009-01-05,0.5,0.5,0.49,0.5,-0.2,0,-1,721060,356787.1
SAUD,2009-01-04,0.5,0.5,0.49,0.5,0.4,0,-1,1065741,528686.55
SAUD,2008-12-31,0.51,0.51,0.48,0.5,-2.52,0,-1,1457042,719567.97
SAUD,2008-12-30,0.54,0.54,0.48,0.5,4.45,0.02,-1,4628957,2347524.38
SAUD,2008-12-28,0.49,0.49,0.47,0.48,0,0,-1,436478,211791.13
SAUD,2008-12-25,0.49,0.49,0.48,0.48,0.2,0,-1,952640,462173.18
SAUD,2008-12-24,0.49,0.49,0.47,0.48,1.65,0.01,-1,489050,236778.06
SAUD,2008-12-23,0.48,0.48,0.47,0.47,-1.22,-0.01,-1,312203,148666.19
SAUD,2008-12-22,0.49,0.49,0.47,0.48,-0.41,0,-1,947720,456821.79
SAUD,2008-12-21,0.5,0.5,0.47,0.48,-1.79,-0.02,-1,361695,175208.32
SAUD,2008-12-18,0.5,0.5,0.48,0.5,-0.99,0,-1,839685,414431.34
SAUD,2008-12-17,0.51,0.51,0.49,0.5,0.8,0,-1,904194,449961.61
SAUD,2008-12-16,0.51,0.51,0.48,0.5,-0.2,0,-1,2440651,1205647.32
SAUD,2008-12-15,0.5,0.5,0.48,0.5,-0.2,0,-1,617875,305876.41
SAUD,2008-12-14,0.51,0.51,0.48,0.5,-0.79,0,-1,1076128,533468.05
SAUD,2008-12-11,0.51,0.51,0.49,0.5,0,0,-1,1322964,662122.71
SAUD,2008-12-10,0.5,0.5,0.48,0.5,1.19,0,-1,620291,310091.24
SAUD,2008-12-04,0.51,0.51,0.46,0.5,4.57,0.03,-1,2445948,1208852.85
SAUD,2008-12-03,0.48,0.48,0.46,0.47,2.56,0.01,-1,1122584,530142.26
SAUD,2008-12-02,0.48,0.48,0.41,0.46,-5.06,-0.02,-1,2584927,1190866.73
SAUD,2008-12-01,0.5,0.5,0.47,0.48,-2.18,-0.02,-1,790720,383815.39
SAUD,2008-11-30,0.51,0.51,0.48,0.5,-1.17,0,-1,1021738,506424.45
SAUD,2008-11-27,0.52,0.52,0.49,0.5,0.79,0,-1,979454,491643.19
SAUD,2008-11-26,0.51,0.51,0.48,0.5,0.4,0,-1,1359715,676845.47
SAUD,2008-11-25,0.51,0.51,0.48,0.5,3.27,0.02,-1,1474363,731488.81
SAUD,2008-11-24,0.51,0.51,0.46,0.48,-5.42,-0.02,-1,2749944,1321510.13
SAUD,2008-11-23,0.54,0.54,0.46,0.5,6.38,0.03,-1,3894399,1977012.28
SAUD,2008-11-20,0.5,0.5,0.46,0.47,-1.62,-0.01,-1,1943755,928271.05
SAUD,2008-11-19,0.5,0.5,0.46,0.48,-1.2,-0.01,-1,2762405,1340929.96
SAUD,2008-11-18,0.54,0.54,0.47,0.49,-9.09,-0.05,-1,4680100,2299452.28
SAUD,2008-11-17,0.58,0.58,0.52,0.54,-4.35,-0.03,-1,2584691,1395251.49
SAUD,2008-11-16,0.62,0.62,0.54,0.57,-1.71,0,-1,4845155,2735733.05
SAUD,2008-11-13,0.61,0.61,0.54,0.57,-2.01,-0.02,-1,3276732,1882991.65
SAUD,2008-11-12,0.63,0.63,0.55,0.59,-9.27,-0.06,-1,6649502,3897107.22
SAUD,2008-11-11,0.7,0.7,0.61,0.65,-4.36,-0.03,-1,8894842,5745931.2
SAUD,2008-11-10,0.7,0.7,0.62,0.68,5.2,0.04,-1,11107378,7508748.09
SAUD,2008-11-09,0.67,0.67,0.57,0.64,14.74,0.08,-1,10930026,7023121.24
SAUD,2008-11-06,0.61,0.61,0.54,0.56,-5.94,-0.03,-1,14224554,7963666.88
SAUD,2008-11-05,0.64,0.64,0.58,0.59,-0.16,0,-1,6868452,4089274.44
SAUD,2008-11-04,0.64,0.64,0.52,0.59,8.98,0.04,-1,7234483,4317015.98
SAUD,2008-11-03,0.61,0.61,0.5,0.55,3.92,0.02,-1,8216216,4492129.79
SAUD,2008-11-02,0.55,0.55,0.47,0.53,9.16,0.05,-1,3271422,1723439.8
SAUD,2008-10-30,0.52,0.52,0.46,0.48,-2,-0.01,-1,2810295,1356643.22
SAUD,2008-10-29,0.59,0.59,0.46,0.49,-2.53,-0.01,-1,1516106,745720.56
SAUD,2008-10-28,0.54,0.54,0.45,0.5,11.02,0.04,-1,1904842,961421.28
SAUD,2008-10-27,0.47,0.47,0.41,0.46,3.81,0.02,-1,495353,225347.3
SAUD,2008-10-26,0.49,0.49,0.4,0.44,-7.66,-0.03,-1,655257,286820.76
SAUD,2008-10-23,0.52,0.52,0.44,0.47,-7.65,-0.04,-1,856589,406528.19
SAUD,2008-10-22,0.57,0.57,0.48,0.51,-11.8,-0.07,-1,601665,309305.48
SAUD,2008-10-21,0.6,0.6,0.57,0.58,-1.17,-0.01,-1,416817,242773.89
SAUD,2008-10-20,0.61,0.61,0.58,0.59,-0.17,0,-1,1019494,601342.53
SAUD,2008-10-19,0.61,0.61,0.58,0.59,-1.48,-0.01,-1,1301252,768304.85
SAUD,2008-10-16,0.64,0.64,0.59,0.6,-2.56,-0.02,-1,4097720,2456216.98
SAUD,2008-10-15,0.62,0.62,0.6,0.62,-2.34,-0.01,-1,351384,215989.91
SAUD,2008-10-14,0.65,0.65,0.61,0.63,4.4,0.02,-1,1003772,631767.32
SAUD,2008-10-13,0.69,0.69,0.59,0.61,-3,-0.01,-1,3676530,2218608.56
SAUD,2008-10-12,0.66,0.66,0.6,0.62,-8.92,-0.06,-1,1247133,775788.7
SAUD,2008-10-09,0.75,0.75,0.66,0.68,2.66,0.02,-1,525880,358851.62
SAUD,2008-10-08,0.78,0.78,0.59,0.66,-3.42,-0.03,-1,2981288,1982533.81
SAUD,2008-10-07,0.79,0.79,0.55,0.69,-16.55,-0.14,-1,271754,187256.94
SAUD,2008-09-29,0.85,0.85,0.82,0.83,0.24,0.01,-1,147962,122114.53
SAUD,2008-09-28,0.83,0.83,0.82,0.82,-1.87,-0.02,-1,40218,33099
SAUD,2008-09-25,0.86,0.86,0.79,0.84,-0.47,0,-1,112086,94011.4
SAUD,2008-09-24,0.89,0.89,0.81,0.84,-3.38,-0.03,-1,261433,220355.07
SAUD,2008-09-23,0.9,0.9,0.85,0.87,-7.11,-0.07,-1,188526,164377.21
SAUD,2008-09-22,0.98,0.98,0.89,0.94,0.63,0.01,-1,464726,436379.66
SAUD,2008-09-21,1.01,1.01,0.89,0.93,2.48,0.02,-1,349673,326331.87
SAUD,2008-09-18,0.97,0.97,0.86,0.91,-9.12,-0.09,-1,315157,286934.51
SAUD,2008-09-17,1.03,1.03,0.99,1,0.89,0.01,-1,164340,164670.9
SAUD,2008-09-16,1.04,1.04,0.98,0.99,-6.91,-0.07,-1,312225,309985.94
SAUD,2008-09-15,1.08,1.08,1.04,1.06,-0.28,-0.01,-1,738557,788249.2
SAUD,2008-09-14,1.13,1.13,1.04,1.07,-0.91,-0.01,-1,749600,801520.03
SAUD,2008-09-11,1.1,1.1,1.06,1.08,0,0,-1,1238789,1337373.24
SAUD,2008-09-10,1.1,1.1,1.06,1.08,0.09,0,-1,1090325,1177451.86
SAUD,2008-09-09,1.12,1.12,1.06,1.08,0,0,-1,747776,806271.9
SAUD,2008-09-08,1.08,1.08,1.06,1.08,-0.18,0,-1,487516,526018.63
SAUD,2008-09-07,1.08,1.08,1.07,1.08,0,0,-1,254765,275328.5
SAUD,2008-09-04,1.08,1.08,1.06,1.08,0,0,-1,707607,764272.5
SAUD,2008-09-03,1.09,1.09,1.08,1.08,-0.09,0,-1,304262,328743.95
SAUD,2008-09-02,1.1,1.1,1.07,1.08,-3,-0.04,-1,301415,325921.53
SAUD,2008-09-01,1.14,1.14,1.1,1.12,-1.56,-0.02,-1,251219,280204.11
SAUD,2008-08-31,1.19,1.19,1.12,1.14,0.79,0.02,-1,185794,210448.75
SAUD,2008-08-28,1.16,1.16,1.1,1.12,0.26,0,-1,203954,229255.4
SAUD,2008-08-27,1.17,1.17,1.07,1.12,4.58,0.05,-1,159841,179130.1
SAUD,2008-08-26,1.11,1.11,0.98,1.07,2.25,0.02,-1,361867,387648.1
SAUD,2008-08-25,1.12,1.12,0.98,1.05,-1.39,-0.01,-1,258838,271374.57
SAUD,2008-08-24,1.08,1.08,1.01,1.06,5.15,0.05,-1,194634,206783.86
SAUD,2008-08-21,1.06,1.06,1,1.01,1.28,0.01,-1,1688180,1706291.08
SAUD,2008-08-20,1.04,1.04,0.96,1,-5.66,-0.06,-1,62934,62833.82
SAUD,2008-08-19,1.08,1.08,1.01,1.06,-5.28,-0.06,-1,213979,226315.25
SAUD,2008-08-18,1.13,1.13,1.11,1.12,0.18,0,-1,149759,167260.86
SAUD,2008-08-17,1.14,1.14,1.08,1.12,0.89,0.02,-1,139670,155741.9
SAUD,2008-08-14,1.17,1.17,1.08,1.1,1.63,0.01,-1,123488,136482.1
SAUD,2008-08-13,1.17,1.17,1.01,1.09,-8.74,-0.1,-1,273883,297819.69
SAUD,2008-08-12,1.23,1.23,1.17,1.19,-0.74,-0.01,-1,885233,1054536.78
SAUD,2008-08-11,1.29,1.29,1.17,1.2,-2.47,-0.03,-1,337791,405330.4
SAUD,2008-08-10,1.28,1.28,1.21,1.23,-3.09,-0.04,-1,70518,86765.91
SAUD,2008-08-07,1.31,1.31,1.23,1.27,2.05,0.02,-1,191686,243390.21
SAUD,2008-08-06,1.28,1.28,1.19,1.25,5.15,0.07,-1,115545,143801.3
SAUD,2008-08-05,1.23,1.23,1.17,1.18,-0.41,-0.01,-1,287081,339733.2
SAUD,2008-08-04,1.25,1.25,1.14,1.19,-6.85,-0.09,-1,153415,182277
SAUD,2008-08-03,1.31,1.31,1.24,1.28,-1.59,-0.01,-1,121187,154603.85
SAUD,2008-07-31,1.32,1.32,1.28,1.29,0.46,0,-1,178860,231967.52
SAUD,2008-07-30,1.33,1.33,1.28,1.29,-3.81,-0.05,-1,272473,351598.3
SAUD,2008-07-29,1.36,1.36,1.33,1.34,-4.48,-0.06,-1,274398,368209.65
SAUD,2008-07-28,1.45,1.45,1.37,1.4,0.07,0,-1,86306,121247.91
SAUD,2008-07-27,1.45,1.45,1.37,1.4,3.18,0.04,-1,183229,257285.46
SAUD,2008-07-24,1.37,1.37,1.34,1.36,0.44,0,-1,53458,72704
SAUD,2008-07-22,1.39,1.39,1.33,1.36,-2.2,-0.03,-1,94993,128715.7
SAUD,2008-07-21,1.44,1.44,1.33,1.39,-4.34,-0.06,-1,180890,250504.92
SAUD,2008-07-20,1.47,1.47,1.42,1.45,4.02,0.06,-1,41238,59679.5
SAUD,2008-07-17,1.47,1.47,1.29,1.39,-2.41,-0.04,-1,450488,626924.86
SAUD,2008-07-16,1.47,1.47,1.36,1.43,-3.52,-0.05,-1,548942,782709.72
SAUD,2008-07-15,1.51,1.51,1.47,1.48,-0.59,0,-1,1024601,1514373.16
SAUD,2008-07-14,1.52,1.52,1.47,1.48,-0.39,-0.01,-1,305826,454899.01
SAUD,2008-07-13,1.53,1.53,1.47,1.49,-3.43,-0.05,-1,245374,366360
SAUD,2008-07-10,1.57,1.57,1.5,1.54,1.35,0.02,-1,373346,577287.5
SAUD,2008-07-09,1.57,1.57,1.46,1.52,-0.58,-0.01,-1,278194,424340.51
SAUD,2008-07-08,1.55,1.55,1.52,1.53,0.71,0.01,-1,153714,235902.78
SAUD,2008-07-07,1.58,1.58,1.47,1.52,-1.77,-0.03,-1,561641,855799.02
SAUD,2008-07-06,1.63,1.63,1.49,1.55,-5.34,-0.09,-1,303714,470970.78
SAUD,2008-07-03,1.7,1.7,1.57,1.64,-4.36,-0.07,-1,329274,539420.5
SAUD,2008-07-02,1.8,1.8,1.7,1.71,-1.58,-0.03,-1,595765,1020820.64
SAUD,2008-06-30,1.82,1.82,1.64,1.74,-1.94,-0.04,-1,1286454,2239235.17
SAUD,2008-06-29,1.9,1.9,1.75,1.78,-3.78,-0.06,-1,273433,485306.6
SAUD,2008-06-26,1.9,1.9,1.73,1.84,-7.76,-0.15,-1,1421720,2623194.1
SAUD,2008-06-25,2.08,2.08,1.88,1.99,-1.12,-0.03,-1,1080072,2159754.32
SAUD,2008-06-24,2.07,2.07,1.91,2.02,4.94,0.09,-1,3925931,7939195.74
SAUD,2008-06-23,1.95,1.95,1.91,1.93,0.26,0.01,-1,377817,728321.83
SAUD,2008-06-22,1.97,1.97,1.9,1.92,1.4,0.02,-1,326370,627543.94
SAUD,2008-06-19,1.92,1.92,1.87,1.9,-1.88,-0.03,-1,752757,1426832.2
SAUD,2008-06-18,1.97,1.97,1.89,1.93,-1.26,-0.03,-1,350498,677183.6
SAUD,2008-06-17,2.01,2.01,1.93,1.96,-1.09,-0.02,-1,385258,753880.99
SAUD,2008-06-16,2.01,2.01,1.94,1.98,-0.44,-0.01,-1,794774,1572370.97
SAUD,2008-06-15,2.02,2.02,1.93,1.99,1.56,0.03,-1,919150,1826672.45
SAUD,2008-06-12,1.98,1.98,1.87,1.96,4.18,0.08,-1,2172147,4251134.66
SAUD,2008-06-11,1.91,1.91,1.87,1.88,-0.78,-0.02,-1,382266,718052.93
SAUD,2008-06-10,1.91,1.91,1.87,1.9,-0.1,0,-1,409593,775201.1
SAUD,2008-06-09,1.98,1.98,1.87,1.9,-3.21,-0.06,-1,814846,1544185.47
SAUD,2008-06-08,1.99,1.99,1.91,1.96,4.13,0.08,-1,1316022,2576684.04
SAUD,2008-06-05,1.93,1.93,1.87,1.88,-0.16,0,-1,1072360,2015861.55
SAUD,2008-06-04,1.93,1.93,1.85,1.88,0.58,0.01,-1,605864,1140942.74
SAUD,2008-06-03,1.9,1.9,1.84,1.87,0.58,0.01,-1,179527,336210.2
SAUD,2008-06-02,1.92,1.92,1.82,1.86,-3.56,-0.07,-1,589144,1096571.25
SAUD,2008-06-01,1.97,1.97,1.9,1.93,-1.4,-0.03,-1,95966,185279.68
SAUD,2008-05-29,1.97,1.97,1.88,1.96,3.1,0.06,-1,5367475,10509863.43
SAUD,2008-05-28,1.96,1.96,1.87,1.9,-2.47,-0.05,-1,425893,808754.75
SAUD,2008-05-27,1.99,1.99,1.92,1.95,0,0,-1,9653584,18796174.6
SAUD,2008-05-26,1.99,1.99,1.82,1.95,4.59,0.09,-1,1932627,3762427.35
SAUD,2008-05-25,1.91,1.91,1.82,1.86,2.82,0.05,-1,1663503,3095887.9
SAUD,2008-05-22,1.83,1.83,1.78,1.81,0.33,0.01,-1,355271,643257.74
SAUD,2008-05-21,1.85,1.85,1.78,1.8,0.27,0,-1,466210,841141.95
SAUD,2008-05-20,1.84,1.84,1.76,1.8,2.18,0.04,-1,485393,873520.89
SAUD,2008-05-19,1.79,1.79,1.75,1.76,-0.77,-0.02,-1,306714,540208.1
SAUD,2008-05-18,1.85,1.85,1.67,1.78,1.46,0.03,-1,339126,602126.36
SAUD,2008-05-15,1.81,1.81,1.67,1.75,-1.49,-0.03,-1,1269018,2220010.77
SAUD,2008-05-14,1.88,1.88,1.72,1.78,-1.95,-0.03,-1,715827,1271643.5
SAUD,2008-05-13,1.95,1.95,1.73,1.81,-6.35,-0.12,-1,1007264,1824896.08
SAUD,2008-05-12,2.01,2.01,1.84,1.93,-2.38,-0.05,-1,429588,830714.35
SAUD,2008-05-11,2.01,2.01,1.97,1.98,-0.4,-0.01,-1,549888,1089691.75
SAUD,2008-05-08,2.03,2.03,1.97,1.99,-1.12,-0.02,-1,1066449,2121291.14
SAUD,2008-05-07,2.05,2.05,1.99,2.01,-1.16,-0.02,-1,871815,1753568.39
SAUD,2008-05-06,2.08,2.08,2.01,2.03,-0.19,-0.01,-1,566916,1154029.96
SAUD,2008-05-05,2.08,2.08,2.02,2.04,-1.66,-0.03,-1,580871,1184794.2
SAUD,2008-05-04,2.13,2.13,2.06,2.07,0.43,0,-1,379970,787819.17
SAUD,2008-04-30,2.11,2.11,2.03,2.07,1.11,0.02,-1,797572,1646841.25
SAUD,2008-04-29,2.06,2.06,2.02,2.05,-0.53,0,-1,197832,404064.08
SAUD,2008-04-24,2.08,2.08,2.01,2.05,-0.95,-0.02,-1,2058331,4226282.47
SAUD,2008-04-23,2.13,2.13,2.05,2.07,-4.35,-0.1,-1,699633,1450180.4
SAUD,2008-04-22,2.17,2.17,2.03,2.17,5.96,0.12,-1,17987306,38973896.88
SAUD,2008-04-21,2.16,2.16,1.97,2.05,2.92,0.06,-1,8245499,16865597.82
SAUD,2008-04-20,2.06,2.06,1.93,1.99,0.65,0.01,-1,605436,1202923.4
SAUD,2008-04-17,1.99,1.99,1.97,1.98,-0.79,-0.01,-1,732021,1445350.23
SAUD,2008-04-16,2.04,2.04,1.97,1.99,-2.92,-0.06,-1,605436,1205077.54
SAUD,2008-04-15,2.09,2.09,1.99,2.05,1.95,0.04,-1,1391592,2853496.13
SAUD,2008-04-14,2.06,2.06,1.97,2.01,-0.44,-0.01,-1,668595,1344129.89
SAUD,2008-04-13,2.05,2.05,1.99,2.02,-0.48,-0.01,-1,508952,1028134.67
SAUD,2008-04-10,2.06,2.06,2,2.03,-0.53,-0.01,-1,1163312,2360483.54
SAUD,2008-04-09,2.08,2.08,2.02,2.04,-0.91,-0.02,-1,1018471,2078186.75
SAUD,2008-04-08,2.08,2.08,2.02,2.06,-0.38,-0.01,-1,562020,1157350.21
SAUD,2008-04-07,2.1,2.1,2.05,2.07,-1.91,-0.04,-1,1290390,2667584.82
SAUD,2008-04-06,2.11,2.11,2.06,2.11,2.29,0.05,-1,568691,1198010.76
SAUD,2008-04-03,2.11,2.11,1.99,2.06,0.62,0.01,-1,993374,2046603.6
SAUD,2008-04-02,2.07,2.07,2.02,2.05,-1.51,-0.03,-1,985083,2016699.94
SAUD,2008-04-01,2.11,2.11,2.06,2.08,0.38,0.01,-1,591157,1228962.25
SAUD,2008-03-31,2.11,2.11,2.04,2.07,-1.36,-0.03,-1,1100567,2278455.1
SAUD,2008-03-30,2.17,2.17,2.04,2.1,-3.65,-0.08,-1,1457431,3058953.38
SAUD,2008-03-27,2.24,2.24,2.14,2.18,-0.54,-0.01,-1,2353580,5128554.5
SAUD,2008-03-26,2.23,2.23,2.15,2.19,4.11,0.09,-1,4135933,9059085.5
SAUD,2008-03-25,2.17,2.17,2.03,2.1,1.28,0.02,-1,1736597,3654849.41
SAUD,2008-03-24,2.14,2.14,2.02,2.08,0.38,0.01,-1,2580799,5362419.33
SAUD,2008-03-23,2.11,2.11,1.99,2.07,3.84,0.08,-1,1051432,2175788.39
SAUD,2008-03-19,2.05,2.05,1.97,1.99,0.05,0,-1,2284790,4553641.38
SAUD,2008-03-18,2.05,2.05,1.97,1.99,-0.83,-0.02,-1,1586915,3160688.23
SAUD,2008-03-17,2.2,2.2,1.95,2.01,-5.59,-0.12,-1,2497831,5018300.78
SAUD,2008-03-16,2.17,2.17,2.1,2.13,-2.39,-0.05,-1,2059856,4383359.22
SAUD,2008-03-13,2.25,2.25,2.17,2.18,-3.69,-0.08,-1,892463,1945411.37
SAUD,2008-03-12,2.27,2.27,2.24,2.26,1.86,0.04,-1,4330753,9800850.94
SAUD,2008-03-11,2.3,2.3,2.16,2.22,-2.79,-0.07,-1,1637416,3637599.02
SAUD,2008-03-10,2.33,2.33,2.26,2.29,1.75,0.04,-1,4717153,10782682.25
SAUD,2008-03-09,2.34,2.34,2.17,2.25,3.25,0.08,-1,5593367,12566898.62
SAUD,2008-03-06,2.22,2.22,2.11,2.17,1.33,0.03,-1,6605768,14376009.9
SAUD,2008-03-05,2.18,2.18,2.09,2.14,2.68,0.05,-1,6108076,13114908.29
SAUD,2008-03-04,2.16,2.16,1.99,2.09,6.13,0.12,-1,7335704,15342707.53
SAUD,2008-03-03,2.01,2.01,1.91,1.97,-0.25,-0.01,-1,6507097,12821367.97
SAUD,2008-03-02,2.03,2.03,1.97,1.98,-0.74,-0.01,-1,2196098,4338335.03
SAUD,2008-02-28,2.05,2.05,1.97,1.99,-1.79,-0.04,-1,3801793,7564976.09
SAUD,2008-02-27,2.06,2.06,1.99,2.03,-0.67,-0.01,-1,1010295,2047772.79
SAUD,2008-02-26,2.1,2.1,2.02,2.04,-1.66,-0.03,-1,1097232,2239137.39
SAUD,2008-02-25,2.11,2.11,2.05,2.07,-2.09,-0.05,-1,1740406,3609911.24
SAUD,2008-02-24,2.16,2.16,2.09,2.12,0.51,0.01,-1,1717712,3639188.38
SAUD,2008-02-21,2.14,2.14,2.05,2.11,0.47,0.01,-1,1252248,2640382.75
SAUD,2008-02-20,2.14,2.14,2.05,2.1,-1.88,-0.04,-1,1497584,3142082
SAUD,2008-02-19,2.18,2.18,2.06,2.14,3.27,0.07,-1,4340584,9280475.34
SAUD,2008-02-18,2.11,2.11,2.05,2.07,-0.43,-0.01,-1,1018408,2108490.5
SAUD,2008-02-17,2.11,2.11,1.99,2.08,4.49,0.09,-1,3386852,7044613.01
SAUD,2008-02-14,2.04,2.04,1.98,1.99,-0.83,-0.02,-1,1574682,3134562.47
SAUD,2008-02-13,2.03,2.03,1.99,2.01,0.99,0.02,-1,315280,632820.2
SAUD,2008-02-12,2.03,2.03,1.97,1.99,-1.51,-0.03,-1,741327,1473502.44
SAUD,2008-02-11,2.09,2.09,1.97,2.02,-1.06,-0.02,-1,1849596,3732358.76
SAUD,2008-02-10,2.06,2.06,2.01,2.04,-0.67,-0.01,-1,1407594,2871030.65
SAUD,2008-02-07,2.07,2.07,1.99,2.05,1.8,0.03,-1,3443776,7070966.32
SAUD,2008-02-06,2.07,2.07,1.96,2.02,-2,-0.04,-1,3191962,6436607
SAUD,2008-02-05,2.08,2.08,2.03,2.06,-0.24,0,-1,633004,1302550.64
SAUD,2008-02-04,2.08,2.08,2.03,2.06,0.53,0.01,-1,1428843,2947592.81
SAUD,2008-02-03,2.1,2.1,2.01,2.05,0.1,0,-1,3666656,7525219.62
SAUD,2008-01-31,2.08,2.08,2.01,2.05,-0.14,0,-1,1121643,2299038.94
SAUD,2008-01-30,2.08,2.08,2.03,2.05,-1.18,-0.03,-1,476378,977957.8
SAUD,2008-01-29,2.11,2.11,2.03,2.08,2.87,0.06,-1,2181084,4531823.29
SAUD,2008-01-28,2.08,2.08,1.97,2.02,-1.72,-0.03,-1,1059710,2140251.88
SAUD,2008-01-27,2.09,2.09,2.01,2.05,2.2,0.04,-1,596865,1226733.97
SAUD,2008-01-24,2.03,2.03,1.94,2.01,-0.24,-0.01,-1,880839,1771447.24
SAUD,2008-01-23,2.09,2.09,1.95,2.02,2.45,0.05,-1,839433,1691916.96
SAUD,2008-01-22,2.01,2.01,1.92,1.97,-3.75,-0.08,-1,961247,1891206.74
SAUD,2008-01-21,2.11,2.11,1.96,2.05,-6.22,-0.13,-1,1015117,2074665.92
SAUD,2008-01-20,2.24,2.24,2.07,2.18,-2.29,-0.05,-1,896415,1953827.98
SAUD,2008-01-17,2.3,2.3,2.2,2.23,-1.9,-0.04,-1,1775896,3961057.6
SAUD,2008-01-16,2.36,2.36,2.23,2.27,-2.11,-0.05,-1,1387665,3155090.95
SAUD,2008-01-15,2.35,2.35,2.26,2.32,0.17,0,-1,2031292,4718694.17
SAUD,2008-01-14,2.4,2.4,2.26,2.32,-0.84,-0.02,-1,4108082,9525996.9
SAUD,2008-01-13,2.38,2.38,2.26,2.34,4.02,0.09,-1,4054076,9483150.88
SAUD,2008-01-10,2.29,2.29,2.17,2.25,4.05,0.09,-1,5523734,12418709.72
SAUD,2008-01-08,2.21,2.21,2.07,2.16,3.09,0.06,-1,13802712,29829219.75
SAUD,2008-01-06,2.13,2.13,2.02,2.1,0.33,0.01,-1,2902127,6084023.03
SAUD,2008-01-03,2.16,2.16,2.03,2.09,2.31,0.04,-1,3698308,7728050.2
SAUD,2008-01-02,2.13,2.13,1.85,2.05,7.55,0.15,-1,7283354,14875692.27
SAUD,2007-12-31,1.91,1.91,1.88,1.9,-1.13,-0.02,-1,2448318,4647957.15
SAUD,2007-12-30,1.97,1.97,1.9,1.92,-0.05,0,-1,1270024,2439014.56
SAUD,2007-12-27,1.95,1.95,1.9,1.92,-0.05,0,-1,2583021,4962406.31
SAUD,2007-12-26,1.97,1.97,1.9,1.92,-1.31,-0.03,-1,1530876,2942367.32
SAUD,2007-12-25,1.98,1.98,1.9,1.95,0.2,0,-1,3526519,6871145.78
SAUD,2007-12-24,2.01,2.01,1.91,1.95,-2.17,-0.04,-1,2871526,5582958.28
SAUD,2007-12-23,2.01,2.01,1.93,1.99,4.33,0.09,-1,2578920,5124084.91
SAUD,2007-12-17,1.92,1.92,1.88,1.9,-0.72,-0.02,-1,1151594,2193488.55
SAUD,2007-12-16,1.95,1.95,1.9,1.92,0.57,0.01,-1,2310556,4431753.05
SAUD,2007-12-13,1.95,1.95,1.87,1.91,-1.92,-0.04,-1,2313560,4413391.17
SAUD,2007-12-12,1.99,1.99,1.9,1.95,-1.3,-0.02,-1,2329268,4529633.72
SAUD,2007-12-11,2.06,2.06,1.93,1.97,-4.43,-0.09,-1,3322719,6548108.98
SAUD,2007-12-10,2.18,2.18,1.97,2.06,-4.16,-0.09,-1,2708415,5584656.06
SAUD,2007-12-09,2.18,2.18,2.11,2.15,-1.53,-0.03,-1,3002211,6459597.95
SAUD,2007-12-06,2.29,2.29,2.15,2.18,-3.14,-0.08,-1,3705369,8093349.72
SAUD,2007-12-05,2.3,2.3,2.16,2.26,6.15,0.14,-1,5968339,13461488.35
SAUD,2007-12-04,2.2,2.2,2.06,2.12,3,0.06,-1,8222739,17469492.59
SAUD,2007-12-03,2.08,2.08,2.03,2.06,1.89,0.03,-1,1566519,3232145.5
SAUD,2007-12-02,2.13,2.13,1.97,2.03,-3.33,-0.07,-1,1142935,2314342.68
SAUD,2007-11-29,2.18,2.18,2.03,2.1,-2.02,-0.04,-1,1129405,2365388.8
SAUD,2007-11-28,2.2,2.2,2.02,2.14,-0.55,0,-1,1129940,2415505.67
SAUD,2007-11-27,2.19,2.19,2.01,2.14,-3.82,-0.09,-1,2764336,5941811.42
SAUD,2007-11-26,2.3,2.3,2.19,2.23,0.84,0.02,-1,2164766,4837210.31
SAUD,2007-11-25,2.29,2.29,2.15,2.21,2.31,0.04,-1,3950589,8753689.82
SAUD,2007-11-22,2.21,2.21,2.15,2.17,-2.52,-0.05,-1,1691299,3663870.23
SAUD,2007-11-21,2.3,2.3,2.2,2.22,-0.92,-0.03,-1,668365,1484821.22
SAUD,2007-11-20,2.3,2.3,2.2,2.25,-0.52,0,-1,1236411,2773221.86
SAUD,2007-11-19,2.28,2.28,2.22,2.25,0.7,0.01,-1,2814063,6344061.69
SAUD,2007-11-18,2.26,2.26,2.21,2.24,0.93,0.02,-1,1115225,2496717.7
SAUD,2007-11-15,2.29,2.29,2.19,2.22,-1.05,-0.03,-1,1392975,3089776.1
SAUD,2007-11-14,2.29,2.29,2.16,2.25,3.4,0.08,-1,3199077,7169988.46
SAUD,2007-11-13,2.2,2.2,2.13,2.17,-0.63,-0.01,-1,599462,1299603.96
SAUD,2007-11-12,2.24,2.24,2.1,2.18,1.46,0.03,-1,1536973,3353087.72
SAUD,2007-11-11,2.19,2.19,2.09,2.15,1.02,0.02,-1,1814839,3902358.23
SAUD,2007-11-08,2.24,2.24,2.02,2.13,-5.99,-0.13,-1,2327134,4953301.72
SAUD,2007-11-07,2.3,2.3,2.25,2.26,-1.41,-0.04,-1,1124632,2546341.67
SAUD,2007-11-06,2.4,2.4,2.24,2.3,-3.94,-0.09,-1,2451634,5629430.59
SAUD,2007-11-05,2.47,2.47,2.16,2.39,-4.17,-0.11,-1,2670685,6385962.31
SAUD,2007-11-04,2.55,2.55,2.45,2.5,-0.9,-0.02,-1,1309582,3268022.19
SAUD,2007-11-01,2.58,2.58,2.44,2.52,2.93,0.07,-1,3751275,9445650.88
SAUD,2007-10-31,2.5,2.5,2.4,2.45,1.1,0.03,-1,2028610,4962840.52
SAUD,2007-10-30,2.5,2.5,2.38,2.42,-1.12,-0.03,-1,926268,2240903.53
SAUD,2007-10-29,2.49,2.49,2.41,2.45,-1.7,-0.04,-1,657377,1608325.74
SAUD,2007-10-28,2.54,2.54,2.45,2.49,1.6,0.04,-1,1530994,3810222.54
SAUD,2007-10-25,2.5,2.5,2.43,2.45,-2.81,-0.07,-1,1287436,3153702.22
SAUD,2007-10-24,2.58,2.58,2.47,2.52,2.44,0.06,-1,2655034,6692733.93
SAUD,2007-10-23,2.5,2.5,2.41,2.46,1.25,0.03,-1,1549588,3813204.96
SAUD,2007-10-22,2.56,2.56,2.37,2.43,-4.03,-0.1,-1,2428344,5902358.9
SAUD,2007-10-21,2.56,2.56,2.48,2.53,-4.13,-0.11,-1,2227385,5641303.18
SAUD,2007-10-18,2.72,2.72,2.56,2.64,4.02,0.1,-1,10622234,28058384.61
SAUD,2007-10-17,2.65,2.65,2.41,2.54,5.08,0.13,-1,7222250,18340626.86
SAUD,2007-10-16,2.55,2.55,2.34,2.41,3.58,0.08,-1,7184744,17364950.91
SAUD,2007-10-11,2.38,2.38,2.24,2.33,5.09,0.11,-1,7909392,18449845.49
SAUD,2007-10-10,2.28,2.28,2.18,2.22,0.62,0.01,-1,2243752,4980655.78
SAUD,2007-10-09,2.3,2.3,2.17,2.21,-0.97,-0.02,-1,2739480,6045147.72
SAUD,2007-10-08,2.3,2.3,2.16,2.23,4.18,0.09,-1,6154273,13711105.66
SAUD,2007-10-04,2.18,2.18,2.07,2.14,2.83,0.06,-1,2936320,6279390.78
SAUD,2007-10-03,2.15,2.15,1.98,2.08,4.75,0.09,-1,4818380,10018790.69
SAUD,2007-10-02,2.02,2.02,1.97,1.99,1.81,0.04,-1,5168664,10259149.1
SAUD,2007-10-01,2.01,2.01,1.92,1.95,-0.05,0,-1,148140,288767.26
SAUD,2007-09-30,1.98,1.98,1.93,1.95,-0.55,-0.01,-1,340893,664900.91
SAUD,2007-09-27,1.99,1.99,1.92,1.96,2.46,0.05,-1,979687,1921950.08
SAUD,2007-09-26,1.97,1.97,1.9,1.91,-1.37,-0.03,-1,500257,957678.07
SAUD,2007-09-25,1.98,1.98,1.92,1.94,-1.5,-0.03,-1,347048,673786.14
SAUD,2007-09-24,2.03,2.03,1.95,1.97,-2.15,-0.04,-1,1083018,2134629
SAUD,2007-09-23,2.07,2.07,1.98,2.01,-0.97,-0.02,-1,593933,1196026.61
SAUD,2007-09-20,2.08,2.08,1.99,2.03,-1.19,-0.03,-1,541067,1100127.25
SAUD,2007-09-19,2.08,2.08,2.03,2.06,0.1,0.01,-1,175873,361942.56
SAUD,2007-09-18,2.08,2.08,2.04,2.05,0.58,0,-1,726148,1492613.26
SAUD,2007-09-17,2.13,2.13,1.97,2.05,-5.62,-0.12,-1,735186,1502666.93
SAUD,2007-09-16,2.18,2.18,2.11,2.17,0.27,0.01,-1,821876,1780062.99
SAUD,2007-09-13,2.17,2.17,2.12,2.16,-0.23,-0.01,-1,535146,1155785.7
SAUD,2007-09-12,2.2,2.2,2.11,2.17,0.92,0.03,-1,2888117,6252593.09
SAUD,2007-09-11,2.21,2.21,2.11,2.14,0.32,0,-1,913039,1959243
SAUD,2007-09-10,2.17,2.17,2.07,2.14,-4.43,-0.1,-1,1894545,4051477.92
SAUD,2007-09-09,2.3,2.3,2.11,2.24,5.61,0.12,-1,3038043,6799352
SAUD,2007-09-06,2.18,2.18,2.07,2.12,-0.46,-0.01,-1,2039625,4321527.25
SAUD,2007-09-05,2.21,2.21,2.06,2.13,-3.73,-0.08,-1,3957926,8423601.81
SAUD,2007-09-04,2.29,2.29,2.15,2.21,3.07,0.07,-1,4200060,9285242.6
SAUD,2007-09-03,2.2,2.2,2.04,2.14,2.92,0.06,-1,7718346,16560331.84
SAUD,2007-09-02,2.18,2.18,1.93,2.08,5.41,0.1,-1,5818737,12130343.78
SAUD,2007-08-30,2.02,2.02,1.9,1.98,5.84,0.11,-1,4999760,9887956.88
SAUD,2007-08-29,1.92,1.92,1.73,1.87,6.73,0.12,-1,5594225,10453516.77
SAUD,2007-08-28,1.82,1.82,1.7,1.75,-2.73,-0.05,-1,2279340,3989082.56
SAUD,2007-08-27,1.89,1.89,1.77,1.8,-4.63,-0.08,-1,1990509,3582211.74
SAUD,2007-08-26,1.93,1.93,1.85,1.88,3.28,0.05,-1,3322423,6269641.43
SAUD,2007-08-23,1.88,1.88,1.71,1.83,4.49,0.08,-1,4369795,7984934.18
SAUD,2007-08-22,1.79,1.79,1.7,1.75,1.66,0.03,-1,2844018,4973327.86
SAUD,2007-08-21,1.77,1.77,1.67,1.72,1.27,0.02,-1,3539754,6087260.89
SAUD,2007-08-20,1.77,1.77,1.59,1.7,2.79,0.05,-1,5227662,8880732.25
SAUD,2007-08-19,1.7,1.7,1.61,1.65,2.87,0.04,-1,972655,1607024.9
SAUD,2007-08-16,1.67,1.67,1.56,1.61,-5.55,-0.09,-1,2491890,4001546.57
SAUD,2007-08-15,1.77,1.77,1.52,1.7,-4.42,-0.08,-1,2924410,4972483.55
SAUD,2007-08-14,1.87,1.87,1.65,1.78,9.69,0.16,-1,6726560,11967890.22
SAUD,2007-08-13,1.67,1.67,1.49,1.62,7.42,0.11,-1,8352192,13541743.35
SAUD,2007-08-12,1.62,1.62,1.47,1.51,-1.54,-0.02,-1,1836183,2773091.32
SAUD,2007-08-09,1.58,1.58,1.52,1.53,-2.19,-0.04,-1,1241400,1903983.8
SAUD,2007-08-08,1.59,1.59,1.5,1.57,4.93,0.08,-1,3647525,5718357.34
SAUD,2007-08-07,1.53,1.53,1.43,1.49,3.26,0.04,-1,2428298,3628943.48
SAUD,2007-08-06,1.47,1.47,1.44,1.45,-0.47,0,-1,365013,528294.45
SAUD,2007-08-05,1.47,1.47,1.43,1.45,-0.13,0,-1,264020,383738.33
SAUD,2007-08-02,1.49,1.49,1.44,1.45,-0.74,-0.02,-1,540214,786374.01
SAUD,2007-08-01,1.49,1.49,1.41,1.47,3.11,0.05,-1,1375346,2017147.22
SAUD,2007-07-31,1.45,1.45,1.41,1.42,0.28,0,-1,359706,511517.93
SAUD,2007-07-30,1.44,1.44,1.41,1.42,0.49,0.01,-1,343685,487673.14
SAUD,2007-07-29,1.42,1.42,1.4,1.41,-0.83,-0.01,-1,591344,834668.86
SAUD,2007-07-26,1.43,1.43,1.41,1.42,-0.48,-0.01,-1,504920,718638.69
SAUD,2007-07-25,1.44,1.44,1.43,1.43,-0.48,-0.01,-1,281991,403338.18
SAUD,2007-07-24,1.47,1.47,1.43,1.44,-1.22,-0.01,-1,381048,547585.16
SAUD,2007-07-22,1.47,1.47,1.44,1.45,0.61,0,-1,114327,166260.49
SAUD,2007-07-19,1.47,1.47,1.42,1.45,0.89,0.01,-1,507366,733743.87
SAUD,2007-07-18,1.44,1.44,1.43,1.44,-0.34,0,-1,329496,472388.01
SAUD,2007-07-17,1.44,1.44,1.44,1.44,-1.08,-0.01,-1,240417,345786.86
SAUD,2007-07-16,1.47,1.47,1.35,1.45,-1,-0.02,-1,394507,573647.98
SAUD,2007-07-15,1.5,1.5,1.44,1.47,3.03,0.05,-1,603110,885464.9
SAUD,2007-07-12,1.44,1.44,1.41,1.42,0.14,0,-1,241133,343807.04
SAUD,2007-07-11,1.44,1.44,1.4,1.42,-0.75,-0.02,-1,462587,658421.12
SAUD,2007-07-10,1.45,1.45,1.42,1.44,-0.82,-0.01,-1,584871,838551.1
SAUD,2007-07-09,1.47,1.47,1.43,1.45,-0.54,0,-1,408676,591122.31
SAUD,2007-07-08,1.5,1.5,1.44,1.45,-1.4,-0.02,-1,286538,416531.39
SAUD,2007-07-05,1.51,1.51,1.42,1.47,0.6,0,-1,805830,1188131.82
SAUD,2007-07-04,1.49,1.49,1.43,1.47,-0.2,0,-1,850692,1246509.12
SAUD,2007-07-03,1.5,1.5,1.45,1.47,-0.73,-0.01,-1,500246,734724.13
SAUD,2007-07-02,1.57,1.57,1.46,1.48,0.6,0.01,-1,210351,311161.35
SAUD,2007-06-28,1.49,1.49,1.43,1.47,-0.8,-0.01,-1,15881107,23457742.63
SAUD,2007-06-27,1.5,1.5,1.47,1.48,-0.66,-0.01,-1,646475,958485.2
SAUD,2007-06-26,1.51,1.51,1.48,1.49,0,0,-1,417788,623526.16
SAUD,2007-06-25,1.5,1.5,1.48,1.49,-0.46,-0.01,-1,292422,436228
SAUD,2007-06-24,1.52,1.52,1.48,1.5,-0.26,0,-1,544246,815999.06
SAUD,2007-06-21,1.53,1.53,1.48,1.5,-0.78,-0.02,-1,585403,879577.33
SAUD,2007-06-20,1.54,1.54,1.5,1.52,1.05,0.02,-1,432276,654713.9
SAUD,2007-06-19,1.52,1.52,1.48,1.5,-1.48,-0.02,-1,661165,991078.24
SAUD,2007-06-18,1.55,1.55,1.5,1.52,-0.58,-0.01,-1,638331,971440.11
SAUD,2007-06-17,1.56,1.56,1.52,1.53,0.45,0.01,-1,463086,708838.75
SAUD,2007-06-14,1.54,1.54,1.5,1.52,1.11,0.01,-1,566403,862920.71
SAUD,2007-06-13,1.54,1.54,1.49,1.51,-3.82,-0.06,-1,997126,1503024.5
SAUD,2007-06-12,1.63,1.63,1.54,1.57,-1.48,-0.02,-1,529369,829194.73
SAUD,2007-06-11,1.63,1.63,1.57,1.59,1.7,0.03,-1,1144030,1819564.77
SAUD,2007-06-10,1.59,1.59,1.52,1.56,2.71,0.04,-1,651658,1019188.76
SAUD,2007-06-07,1.57,1.57,1.5,1.52,-2.21,-0.04,-1,931438,1418176.9
SAUD,2007-06-06,1.59,1.59,1.52,1.56,0.32,0.01,-1,923424,1437731.24
SAUD,2007-06-05,1.59,1.59,1.54,1.55,-1.19,-0.02,-1,951933,1477784.25
SAUD,2007-06-04,1.62,1.62,1.56,1.57,-4.14,-0.07,-1,1385319,2175816.14
SAUD,2007-06-03,1.72,1.72,1.6,1.64,-0.36,0,-1,1073462,1758979.54
SAUD,2007-05-31,1.7,1.7,1.57,1.64,1.64,0.02,-1,1736051,2853962.23
SAUD,2007-05-30,1.64,1.64,1.51,1.62,3.52,0.06,-1,7365469,11915664.81
SAUD,2007-05-29,1.62,1.62,1.54,1.56,0.25,0,-1,913522,1428095.4
SAUD,2007-05-28,1.58,1.58,1.48,1.56,3.52,0.06,-1,4867103,7589688.35
SAUD,2007-05-27,1.54,1.54,1.47,1.5,1.39,0.02,-1,597674,899794.17
SAUD,2007-05-24,1.52,1.52,1.47,1.48,-0.66,-0.01,-1,1319928,1960234.8
SAUD,2007-05-23,1.52,1.52,1.47,1.49,0.07,0,-1,717333,1072525.98
SAUD,2007-05-22,1.55,1.55,1.47,1.49,-3.24,-0.05,-1,2279118,3404235.78
SAUD,2007-05-21,1.64,1.64,1.51,1.54,-2.24,-0.04,-1,1015284,1567704.23
SAUD,2007-05-20,1.59,1.59,1.52,1.58,4.55,0.07,-1,2957812,4671649.24
SAUD,2007-05-17,1.54,1.54,1.47,1.51,0.13,0,-1,1487032,2246895.88
SAUD,2007-05-16,1.54,1.54,1.48,1.51,-2.66,-0.04,-1,1453717,2193204.12
SAUD,2007-05-15,1.61,1.61,1.52,1.55,-1.44,-0.02,-1,2697402,4180006.93
SAUD,2007-05-14,1.62,1.62,1.55,1.57,0.06,0,-1,927431,1458785.68
SAUD,2007-05-13,1.59,1.59,1.56,1.57,0.06,0,-1,1249741,1963688.06
SAUD,2007-05-10,1.62,1.62,1.56,1.57,-2.08,-0.03,-1,1774077,2786718.42
SAUD,2007-05-09,1.7,1.7,1.58,1.6,-1.21,-0.03,-1,1348629,2163056.21
SAUD,2007-05-08,1.66,1.66,1.52,1.63,2.93,0.05,-1,3340660,5424438.9
SAUD,2007-05-07,1.63,1.63,1.55,1.58,-1.41,-0.02,-1,2481816,3914771.04
SAUD,2007-05-06,1.67,1.67,1.58,1.6,-3.21,-0.05,-1,1863211,2982106.77
SAUD,2007-05-03,1.71,1.71,1.55,1.65,1.45,0.02,-1,3825740,6325931.98
SAUD,2007-05-02,1.69,1.69,1.6,1.63,-3.04,-0.05,-1,2905921,4735930.65
SAUD,2007-04-30,1.76,1.76,1.66,1.68,-3.55,-0.06,-1,3491016,5866204
SAUD,2007-04-29,1.75,1.75,1.66,1.74,4.72,0.07,-1,3979131,6932793.4
SAUD,2007-04-26,1.67,1.67,1.66,1.67,4.96,0.08,-1,270065,449400.2
SAUD,2007-04-24,1.6,1.6,1.48,1.59,3.93,0.07,-1,2254150,3573981.82
SAUD,2007-04-23,1.59,1.59,1.5,1.52,-3.54,-0.06,-1,2352612,3588872.21
SAUD,2007-04-22,1.64,1.64,1.55,1.58,-2.78,-0.05,-1,2240181,3543187.41
SAUD,2007-04-19,1.71,1.71,1.58,1.63,-1.9,-0.03,-1,3454471,5619859.72
SAUD,2007-04-18,1.69,1.69,1.63,1.66,-2.93,-0.05,-1,3090947,5124004.88
SAUD,2007-04-17,1.77,1.77,1.64,1.71,-0.63,-0.01,-1,2832004,4838089.66
SAUD,2007-04-16,1.8,1.8,1.64,1.72,-0.46,-0.01,-1,6142553,10560084.16
SAUD,2007-04-15,1.73,1.73,1.73,1.73,-4.97,-0.09,-1,169982,293550.84
SAUD,2007-04-12,1.82,1.82,1.82,1.82,-4.98,-0.09,-1,246603,448144
SAUD,2007-04-11,2.07,2.07,1.88,1.91,-3.52,-0.07,-1,10939560,20923450.23
SAUD,2007-04-10,2.06,2.06,1.87,1.98,1,0.02,-1,10352010,20524186.01
SAUD,2007-04-05,1.96,1.96,1.96,1.96,4.99,0.09,-1,1424877,2796560.64
SAUD,2007-04-04,1.87,1.87,1.84,1.87,4.85,0.09,-1,4177983,7808301.91
SAUD,2007-04-03,1.79,1.79,1.68,1.78,4.49,0.07,-1,7856156,14005251.89
SAUD,2007-04-02,1.75,1.75,1.66,1.71,-1.47,-0.03,-1,2495245,4258084.19
SAUD,2007-03-29,1.77,1.77,1.7,1.74,-1.89,-0.03,-1,1476680,2557246.55
SAUD,2007-03-28,1.78,1.78,1.63,1.77,3.81,0.07,-1,6320796,11160465.21
SAUD,2007-03-27,1.76,1.76,1.68,1.7,-4.15,-0.08,-1,3730062,6341298.18
SAUD,2007-03-26,1.82,1.82,1.76,1.78,-4.29,-0.07,-1,5627005,9981761.33
SAUD,2007-03-25,2.02,2.02,1.83,1.85,-3.92,-0.08,-1,5956043,11041822.52
SAUD,2007-03-22,1.94,1.94,1.75,1.93,4.36,0.08,-1,6793858,13106249.86
SAUD,2007-03-21,1.9,1.9,1.74,1.85,2.34,0.04,-1,5039422,9315935.1
SAUD,2007-03-20,1.83,1.83,1.67,1.81,3.72,0.07,-1,19673184,35533527.58
SAUD,2007-03-19,1.74,1.74,1.74,1.74,4.97,0.08,-1,1256892,2189069.91
SAUD,2007-03-18,1.66,1.66,1.66,1.66,4.97,0.08,-1,159479,264598.74
SAUD,2007-03-15,1.58,1.58,1.58,1.58,4.96,0.08,-1,1839392,2907269.92
SAUD,2007-03-14,1.5,1.5,1.5,1.5,5,0.06,-1,2680696,4036864.23
SAUD,2007-03-13,1.44,1.44,1.44,1.44,4.96,0.07,-1,1484555,2129147.2
SAUD,2007-03-12,1.37,1.37,1.33,1.37,4.67,0.07,-1,9924194,13563360.05
SAUD,2007-03-11,1.31,1.31,1.27,1.3,4.65,0.05,-1,2337123,3051904.94
SAUD,2007-03-08,1.25,1.25,1.14,1.25,4.27,0.05,-1,2979862,3716309.63
SAUD,2007-03-07,1.22,1.22,1.17,1.2,1.25,0.02,-1,1105315,1322093.92
SAUD,2007-03-06,1.2,1.2,1.14,1.18,2.3,0.02,-1,932802,1102769.22
SAUD,2007-03-05,1.2,1.2,1.14,1.16,-3.13,-0.03,-1,1466982,1694140.69
SAUD,2007-03-04,1.24,1.24,1.17,1.19,-0.98,-0.01,-1,921910,1099061.62
SAUD,2007-03-01,1.23,1.23,1.15,1.2,2,0.02,-1,1183293,1424812.68
SAUD,2007-02-28,1.22,1.22,1.17,1.18,-4.22,-0.05,-1,3021704,3567871.12
SAUD,2007-02-27,1.28,1.28,1.21,1.23,-2.11,-0.03,-1,1302209,1605688.94
SAUD,2007-02-26,1.28,1.28,1.22,1.26,2.23,0.03,-1,1878955,2366668.86
SAUD,2007-02-25,1.27,1.27,1.19,1.23,-0.16,0,-1,1105361,1361281.18
SAUD,2007-02-22,1.3,1.3,1.21,1.23,-2.86,-0.04,-1,2707222,3340674.92
SAUD,2007-02-21,1.27,1.27,1.25,1.27,4.78,0.06,-1,3951735,5020102.71
SAUD,2007-02-20,1.23,1.23,1.14,1.21,3.44,0.04,-1,3113690,3775613.19
SAUD,2007-02-19,1.18,1.18,1.14,1.17,4.01,0.05,-1,3269867,3833144.89
SAUD,2007-02-18,1.14,1.14,1.1,1.12,-1.21,-0.02,-1,1047721,1180595.3
SAUD,2007-02-15,1.17,1.17,1.12,1.14,0.43,0,-1,2084689,2376704.04
SAUD,2007-02-14,1.14,1.14,1.12,1.14,2.21,0.03,-1,1327629,1507738.53
SAUD,2007-02-13,1.13,1.13,1.06,1.11,2.82,0.03,-1,1483271,1647683.61
SAUD,2007-02-12,1.1,1.1,1.06,1.08,-2.4,-0.03,-1,919951,993929.67
SAUD,2007-02-11,1.13,1.13,1.08,1.11,-0.97,-0.01,-1,735693,814129.18
SAUD,2007-02-08,1.17,1.17,1.08,1.12,0.18,0,-1,1197164,1338774.59
SAUD,2007-02-07,1.12,1.12,1.09,1.12,4.7,0.06,-1,1945543,2170798.26
SAUD,2007-02-06,1.09,1.09,1.03,1.06,-1.18,-0.02,-1,897570,956230.28
SAUD,2007-02-05,1.14,1.14,1.07,1.08,-4.44,-0.05,-1,927626,1000360.06
SAUD,2007-02-04,1.14,1.14,1.1,1.13,3.14,0.04,-1,939713,1060802.62
SAUD,2007-02-01,1.14,1.14,1.06,1.09,-1.59,-0.03,-1,619759,677951.75
SAUD,2007-01-31,1.15,1.15,1.1,1.12,-4.39,-0.05,-1,1509778,1678768.2
SAUD,2007-01-30,1.19,1.19,1.11,1.17,2.33,0.03,-1,1654655,1924732.22
SAUD,2007-01-29,1.17,1.17,1.14,1.14,-4.62,-0.05,-1,2913795,3312450.92
SAUD,2007-01-28,1.28,1.28,1.19,1.19,-4.56,-0.06,-1,755870,900693.05
SAUD,2007-01-25,1.29,1.29,1.23,1.25,-3.64,-0.04,-1,2571770,3210286.17
SAUD,2007-01-24,1.3,1.3,1.25,1.29,4.43,0.05,-1,4591503,5947463.91
SAUD,2007-01-23,1.25,1.25,1.19,1.24,3.87,0.05,-1,2252126,2793577.33
SAUD,2007-01-22,1.24,1.24,1.17,1.19,-3.57,-0.05,-1,1041903,1244763.84
SAUD,2007-01-18,1.28,1.28,1.21,1.24,-2.47,-0.03,-1,1213670,1502993.09
SAUD,2007-01-17,1.3,1.3,1.23,1.27,0.7,0.01,-1,1925715,2446570.84
SAUD,2007-01-16,1.32,1.32,1.24,1.26,-3.46,-0.04,-1,3716880,4687626.89
SAUD,2007-01-15,1.33,1.33,1.29,1.3,0.38,0,-1,964097,1259300.3
SAUD,2007-01-14,1.35,1.35,1.28,1.3,-3.71,-0.05,-1,2183626,2843145.55
SAUD,2007-01-11,1.42,1.42,1.33,1.35,-2.13,-0.03,-1,1448514,1958471.95
SAUD,2007-01-10,1.39,1.39,1.32,1.38,4.07,0.05,-1,2429823,3356389.39
SAUD,2007-01-09,1.36,1.36,1.3,1.33,-0.88,-0.01,-1,1232673,1636456.64
SAUD,2007-01-08,1.43,1.43,1.32,1.34,-3.54,-0.05,-1,3598357,4816572.25
SAUD,2007-01-04,1.44,1.44,1.37,1.39,-2.28,-0.03,-1,2012537,2794426.35
SAUD,2007-01-03,1.52,1.52,1.39,1.42,-2.1,-0.03,-1,1431906,2033828.89
SAUD,2006-12-28,1.52,1.52,1.42,1.45,-2.83,-0.04,-1,2501608,3629826.15
SAUD,2006-12-27,1.52,1.52,1.47,1.49,2.63,0.04,-1,1816899,2712608.3
SAUD,2006-12-26,1.5,1.5,1.36,1.45,1.93,0.02,-1,1337893,1946793.2
SAUD,2006-12-25,1.47,1.47,1.4,1.43,-3.46,-0.05,-1,2772383,3955872.05
SAUD,2006-12-24,1.53,1.53,1.46,1.48,-3.71,-0.05,-1,2571015,3801700.09
SAUD,2006-12-21,1.57,1.57,1.52,1.53,-4.4,-0.08,-1,1572973,2414539.12
SAUD,2006-12-20,1.65,1.65,1.55,1.61,1.93,0.04,-1,4616913,7415137.23
SAUD,2006-12-19,1.59,1.59,1.48,1.57,3.62,0.05,-1,11341037,17872371.38
SAUD,2006-12-18,1.57,1.57,1.47,1.52,1.84,0.03,-1,3972279,6040768.37
SAUD,2006-12-17,1.56,1.56,1.45,1.49,-1.62,-0.03,-1,3484033,5202516.32
SAUD,2006-12-14,1.64,1.64,1.5,1.52,-3.92,-0.06,-1,3163393,4799916.96
SAUD,2006-12-13,1.58,1.58,1.55,1.58,4.82,0.07,-1,5761458,9102204.88
SAUD,2006-12-12,1.52,1.52,1.47,1.51,4.42,0.07,-1,5202266,7841735.89
SAUD,2006-12-11,1.45,1.45,1.4,1.44,4.48,0.06,-1,3622085,5227458.23
SAUD,2006-12-10,1.42,1.42,1.32,1.38,-0.57,-0.01,-1,2473618,3415441.94
SAUD,2006-12-07,1.5,1.5,1.37,1.39,-3.35,-0.05,-1,2708174,3762956.97
SAUD,2006-12-06,1.44,1.44,1.36,1.44,4.43,0.06,-1,1814008,2607248.56
SAUD,2006-12-05,1.42,1.42,1.37,1.38,-4.76,-0.06,-1,3684295,5072252.6
SAUD,2006-12-04,1.52,1.52,1.44,1.44,-4.36,-0.07,-1,2621857,3789260.56
SAUD,2006-12-03,1.6,1.6,1.47,1.51,-2.1,-0.03,-1,2283205,3449271.94
SAUD,2006-11-30,1.55,1.55,1.44,1.54,4.45,0.06,-1,3436760,5304463.54
SAUD,2006-11-29,1.57,1.57,1.47,1.48,-3.9,-0.06,-1,5094180,7528182.72
SAUD,2006-11-28,1.55,1.55,1.44,1.54,3.78,0.06,-1,14901932,22913484.06
SAUD,2006-11-27,1.48,1.48,1.47,1.48,4.87,0.07,-1,1976073,2927476.97
SAUD,2006-11-26,1.41,1.41,1.36,1.41,4.73,0.06,-1,1990561,2811493.67
SAUD,2006-11-23,1.36,1.36,1.28,1.35,4.09,0.06,-1,7521131,10144077.52
SAUD,2006-11-22,1.3,1.3,1.24,1.29,4.77,0.05,-1,5892256,7635369.46
SAUD,2006-11-21,1.25,1.25,1.2,1.24,4.14,0.05,-1,3121779,3862236.42
SAUD,2006-11-20,1.21,1.21,1.1,1.19,2.63,0.03,-1,3519706,4178899.76
SAUD,2006-11-19,1.2,1.2,1.14,1.16,-3.92,-0.04,-1,4130148,4777677.52
SAUD,2006-11-16,1.23,1.23,1.12,1.2,2.94,0.03,-1,10996584,13246967.8
SAUD,2006-11-15,1.17,1.17,1.17,1.17,4.93,0.05,-1,459413,537486.39
SAUD,2006-11-14,1.12,1.12,1.12,1.12,5,0.06,-1,1527107,1702624.85
SAUD,2006-11-13,1.06,1.06,1.06,1.06,4.95,0.05,-1,3184702,3381800.4
SAUD,2006-11-12,1.02,1.02,0.97,1.01,3.94,0.04,-1,1826666,1848571.44
SAUD,2006-11-09,0.99,0.99,0.94,0.97,0.92,0.01,-1,1066564,1038161.63
SAUD,2006-11-08,1,1,0.94,0.96,1.45,0,-1,503518,485893.26
SAUD,2006-11-07,0.97,0.97,0.93,0.96,0,0,-1,699280,664885.38
SAUD,2006-11-06,0.98,0.98,0.93,0.96,-3.2,-0.02,-1,1222875,1162302.05
SAUD,2006-11-05,1,1,0.97,0.98,-0.5,-0.01,-1,1339424,1315997.18
SAUD,2006-11-02,1.01,1.01,0.97,0.99,-1.66,-0.01,-1,1372157,1354475.5
SAUD,2006-11-01,1.03,1.03,0.97,1,-1.06,-0.02,-1,2038064,2045847.9
SAUD,2006-10-31,1.05,1.05,1,1.02,0.88,0.01,-1,2524442,2561398.76
SAUD,2006-10-30,1.02,1.02,0.99,1.01,-2.2,-0.02,-1,686388,690553.22
SAUD,2006-10-29,1.08,1.08,1.01,1.03,0.48,0.01,-1,1075879,1106032.06
SAUD,2006-10-22,1.04,1.04,0.99,1.02,3.68,0.03,-1,885523,906652.11
SAUD,2006-10-19,1,1,0.97,0.99,0.1,0,-1,457304,451403.73
SAUD,2006-10-18,1.01,1.01,0.97,0.99,-1.67,-0.01,-1,626040,617352.94
SAUD,2006-10-17,1.03,1.03,0.99,1,-1.64,-0.02,-1,914592,916950.64
SAUD,2006-10-16,1.06,1.06,0.98,1.02,0.48,0,-1,644585,657130.48
SAUD,2006-10-15,1.02,1.02,0.97,1.02,4.24,0.05,-1,2313870,2348986.55
SAUD,2006-10-12,0.98,0.98,0.96,0.97,2.27,0.01,-1,550999,536640.19
SAUD,2006-10-11,0.97,0.97,0.9,0.96,-0.21,0,-1,602987,573920.2
SAUD,2006-10-10,0.98,0.98,0.93,0.96,-2.61,-0.02,-1,1047419,998984.17
SAUD,2006-10-09,1.01,1.01,0.97,0.98,-3.11,-0.03,-1,783808,767818.72
SAUD,2006-10-08,1.05,1.05,1,1.01,-0.48,-0.01,-1,988177,998549.82
SAUD,2006-10-04,1.03,1.03,1,1.02,0.1,0,-1,913070,927697.08
SAUD,2006-10-03,1.06,1.06,1,1.02,-3.91,-0.04,-1,1328162,1348336.18
SAUD,2006-10-02,1.11,1.11,1.03,1.06,-0.28,0,-1,1923803,2031414.17
SAUD,2006-10-01,1.06,1.06,1.03,1.06,4.46,0.05,-1,1645770,1743101.42
SAUD,2006-09-28,1.03,1.03,0.99,1.01,3.72,0.04,-1,963897,976835.55
SAUD,2006-09-27,1.03,1.03,0.96,0.97,-2.83,-0.04,-1,687551,672316.77
SAUD,2006-09-26,1.05,1.05,1,1.01,-4.21,-0.04,-1,992280,998532.24
SAUD,2006-09-25,1.06,1.06,1.01,1.05,4.19,0.04,-1,1311814,1377378.15
SAUD,2006-09-24,1.03,1.03,0.96,1.01,-0.1,0,-1,798351,804742.07
SAUD,2006-09-21,1.08,1.08,1,1.01,-4.38,-0.04,-1,2319097,2339025.13
SAUD,2006-09-20,1.11,1.11,1.02,1.05,-0.74,-0.01,-1,868383,916197.64
SAUD,2006-09-19,1.06,1.06,1.04,1.06,4.95,0.05,-1,4614280,4903513.44
SAUD,2006-09-18,1.04,1.04,0.95,1.01,1.88,0.02,-1,3980897,4033455.15
SAUD,2006-09-17,1.03,1.03,0.97,0.99,1,0,-1,1558965,1549489.23
SAUD,2006-09-14,0.99,0.99,0.98,0.99,4.92,0.05,-1,3633353,3575810.58
SAUD,2006-09-13,0.94,0.94,0.89,0.94,4.6,0.04,-1,1699179,1594246.96
SAUD,2006-09-12,0.93,0.93,0.88,0.9,-2.87,-0.02,-1,881239,789988.18
SAUD,2006-09-11,0.94,0.94,0.85,0.92,3.52,0.03,-1,1586871,1465405
SAUD,2006-09-10,0.93,0.93,0.89,0.89,-4.42,-0.04,-1,722643,644470.61
SAUD,2006-09-07,0.97,0.97,0.93,0.93,-4.62,-0.05,-1,1204539,1124475.61
SAUD,2006-09-06,1,1,0.92,0.98,2.68,0.02,-1,2055234,2010370.13
SAUD,2006-09-05,0.96,0.96,0.93,0.96,3.63,0.04,-1,3680447,3508692.93
SAUD,2006-09-04,0.96,0.96,0.92,0.92,-4.49,-0.04,-1,2624336,2412483.73
SAUD,2006-09-03,1.01,1.01,0.92,0.96,-0.51,-0.01,-1,1587546,1528186.48
SAUD,2006-08-31,0.97,0.97,0.94,0.97,4.34,0.04,-1,2312753,2238337.79
SAUD,2006-08-30,0.93,0.93,0.91,0.93,4.77,0.04,-1,1655771,1534733.12
SAUD,2006-08-29,0.89,0.89,0.86,0.89,4.52,0.04,-1,1964238,1738615.78
SAUD,2006-08-28,0.86,0.86,0.81,0.85,3.61,0.03,-1,1108367,938207.85
SAUD,2006-08-27,0.82,0.82,0.79,0.82,4.79,0.04,-1,2089967,1708454.04
SAUD,2006-08-24,0.78,0.78,0.72,0.78,4.47,0.04,-1,1084963,845995.23
SAUD,2006-08-23,0.77,0.77,0.71,0.74,-0.65,-0.01,-1,234658,175199.96
SAUD,2006-08-22,0.77,0.77,0.74,0.75,-2.55,-0.02,-1,178860,134322.7
SAUD,2006-08-21,0.79,0.79,0.73,0.77,2.48,0.02,-1,233228,179956.4
SAUD,2006-08-20,0.75,0.75,0.74,0.75,4.79,0.03,-1,425251,319825.21
SAUD,2006-08-17,0.74,0.74,0.7,0.72,-1.88,-0.01,-1,134936,96934.75
SAUD,2006-08-16,0.78,0.78,0.72,0.73,-3.87,-0.04,-1,369182,270236.55
SAUD,2006-08-15,0.78,0.78,0.75,0.77,-3.25,-0.02,-1,268249,204100.87
SAUD,2006-08-14,0.82,0.82,0.77,0.79,-0.12,0,-1,224468,176656.09
SAUD,2006-08-13,0.81,0.81,0.77,0.79,2.17,0.02,-1,950800,748637.73
SAUD,2006-08-10,0.79,0.79,0.74,0.77,-1.51,-0.01,-1,217260,167512.03
SAUD,2006-08-09,0.83,0.83,0.77,0.78,-3.63,-0.03,-1,1408609,1102546.07
SAUD,2006-08-08,0.82,0.82,0.78,0.81,4.03,0.03,-1,1874827,1522468.75
SAUD,2006-08-07,0.78,0.78,0.77,0.78,4.61,0.04,-1,329357,257298.31
SAUD,2006-08-06,0.79,0.79,0.73,0.74,-2.81,-0.03,-1,565687,422351.39
SAUD,2006-08-03,0.81,0.81,0.75,0.77,-3.46,-0.02,-1,1064721,817796.22
SAUD,2006-08-02,0.81,0.81,0.75,0.79,2.53,0.02,-1,481715,383215.59
SAUD,2006-08-01,0.77,0.77,0.77,0.77,4.77,0.03,-1,599737,465660.61
SAUD,2006-07-31,0.74,0.74,0.68,0.74,4.58,0.03,-1,1936269,1434716.25
SAUD,2006-07-30,0.71,0.71,0.65,0.71,4.49,0.03,-1,1406689,996552.62
SAUD,2006-07-27,0.7,0.7,0.65,0.68,0.44,0.01,-1,664174,450399.84
SAUD,2006-07-26,0.7,0.7,0.67,0.67,-4.72,-0.04,-1,711022,479679.25
SAUD,2006-07-25,0.71,0.71,0.67,0.71,3.59,0.03,-1,274862,194795.26
SAUD,2006-07-24,0.69,0.69,0.64,0.68,4.66,0.03,-1,795940,544363.56
SAUD,2006-07-20,0.66,0.66,0.63,0.65,4.07,0.02,-1,329367,215280.52
SAUD,2006-07-19,0.65,0.65,0.62,0.63,-2.74,-0.01,-1,160724,100866
SAUD,2006-07-18,0.65,0.65,0.63,0.64,4.45,0.02,-1,297510,191954.91
SAUD,2006-07-17,0.67,0.67,0.61,0.62,-4.26,-0.02,-1,443332,274088.49
SAUD,2006-07-16,0.67,0.67,0.62,0.64,-0.61,-0.01,-1,302035,194940.5
SAUD,2006-07-13,0.65,0.65,0.65,0.65,-4.62,-0.03,-1,340048,220721.96
SAUD,2006-07-12,0.7,0.7,0.64,0.68,2.21,0.02,-1,1259303,857679.29
SAUD,2006-07-11,0.68,0.68,0.64,0.66,-1.6,-0.02,-1,291895,194442.52
SAUD,2006-07-10,0.7,0.7,0.66,0.68,-1.99,-0.01,-1,437018,295841
SAUD,2006-07-09,0.71,0.71,0.67,0.69,-0.28,0,-1,319296,220427.52
SAUD,2006-07-06,0.71,0.71,0.68,0.69,2.03,0.01,-1,452990,313629.2
SAUD,2006-07-05,0.7,0.7,0.67,0.68,0.29,0,-1,294865,200141.7
SAUD,2006-07-04,0.68,0.68,0.66,0.68,0,0,-1,115517,78241
SAUD,2006-07-03,0.71,0.71,0.66,0.68,-2.82,-0.02,-1,231454,156583.33
SAUD,2006-07-02,0.72,0.72,0.69,0.7,1.14,0.01,-1,269431,187642.43
SAUD,2006-06-29,0.69,0.69,0.65,0.69,4.78,0.04,-1,2739431,1886099.27
SAUD,2006-06-28,0.66,0.66,0.64,0.65,0.6,0,-1,44214,29048.97
SAUD,2006-06-27,0.66,0.66,0.64,0.65,0.76,0,-1,131439,85846.77
SAUD,2006-06-26,0.66,0.66,0.64,0.65,-3.79,-0.02,-1,274220,177790.74
SAUD,2006-06-25,0.7,0.7,0.65,0.67,1.48,0.01,-1,265890,179101.36
SAUD,2006-06-22,0.67,0.67,0.65,0.66,-2.03,-0.02,-1,91350,60699.5
SAUD,2006-06-21,0.69,0.69,0.68,0.68,-4.83,-0.03,-1,290894,197208.15
SAUD,2006-06-20,0.71,0.71,0.68,0.71,4.62,0.03,-1,571178,406661.66
SAUD,2006-06-19,0.68,0.68,0.68,0.68,5,0.03,-1,582846,396762.15
SAUD,2006-06-18,0.65,0.65,0.64,0.65,4.93,0.03,-1,261622,169560
SAUD,2006-06-15,0.65,0.65,0.61,0.62,-0.94,0,-1,373382,230763.81
SAUD,2006-06-14,0.65,0.65,0.62,0.62,-4.8,-0.03,-1,272514,169883.3
SAUD,2006-06-13,0.7,0.7,0.65,0.65,-3.75,-0.03,-1,106691,69951.1
SAUD,2006-06-12,0.71,0.71,0.65,0.68,0.14,0,-1,916981,623865.69
SAUD,2006-06-11,0.7,0.7,0.65,0.68,2.52,0.02,-1,636510,432724.15
SAUD,2006-06-08,0.66,0.66,0.66,0.66,4.98,0.03,-1,1264462,838416.75
SAUD,2006-06-07,0.63,0.63,0.63,0.63,4.89,0.02,-1,323278,204087.52
SAUD,2006-06-06,0.61,0.61,0.57,0.61,4.79,0.04,-1,281582,169601.54
SAUD,2006-06-05,0.58,0.58,0.57,0.57,-2.5,-0.02,-1,65663,37702.65
SAUD,2006-06-04,0.6,0.6,0.58,0.59,-1.32,-0.01,-1,320165,188686.51
SAUD,2006-06-01,0.61,0.61,0.59,0.6,0.33,0.01,-1,132863,79317.61
SAUD,2006-05-31,0.61,0.61,0.59,0.59,2.71,0.01,-1,165502,98542
SAUD,2006-05-30,0.59,0.59,0.57,0.58,0,0,-1,48356,28025
SAUD,2006-05-29,0.59,0.59,0.58,0.58,-4.38,-0.03,-1,397787,230497.89
SAUD,2006-05-28,0.61,0.61,0.58,0.61,4.05,0.03,-1,334417,202572.1
SAUD,2006-05-25,0.61,0.61,0.55,0.58,1.19,0,-1,252790,147230.94
SAUD,2006-05-24,0.59,0.59,0.57,0.58,2.27,0.02,-1,366969,211204.02
SAUD,2006-05-23,0.58,0.58,0.55,0.56,-3.7,-0.03,-1,471029,264901
SAUD,2006-05-22,0.6,0.6,0.58,0.59,-3.72,-0.02,-1,375060,219332.36
SAUD,2006-05-21,0.63,0.63,0.6,0.61,-3.29,-0.02,-1,319200,193791.73
SAUD,2006-05-18,0.65,0.65,0.61,0.63,-0.62,0,-1,129336,81183.14
SAUD,2006-05-17,0.65,0.65,0.61,0.63,1.42,0.01,-1,210979,133170
SAUD,2006-05-16,0.62,0.62,0.6,0.62,4.28,0.02,-1,146654,91305.55
SAUD,2006-05-15,0.61,0.61,0.59,0.6,-4.4,-0.02,-1,368771,220206.22
SAUD,2006-05-14,0.65,0.65,0.6,0.62,1.11,0,-1,215707,134839.78
SAUD,2006-05-11,0.66,0.66,0.6,0.62,-1.72,-0.01,-1,286058,176685.5
SAUD,2006-05-10,0.66,0.66,0.61,0.63,-1.84,-0.01,-1,211486,133060.01
SAUD,2006-05-09,0.65,0.65,0.63,0.64,-0.76,0,-1,1956289,1252132.38
SAUD,2006-05-08,0.66,0.66,0.64,0.64,-3.1,-0.02,-1,134188,86552.86
SAUD,2006-05-07,0.68,0.68,0.65,0.66,-3,-0.03,-1,184414,122893.95
SAUD,2006-05-04,0.71,0.71,0.68,0.69,-0.71,0,-1,269823,185413.33
SAUD,2006-05-03,0.74,0.74,0.69,0.69,-1.68,-0.01,-1,244318,168979.3
SAUD,2006-05-02,0.71,0.71,0.69,0.7,1.7,0.01,-1,94378,66382.7
SAUD,2006-04-30,0.7,0.7,0.69,0.69,-0.71,-0.01,-1,303061,209554.26
SAUD,2006-04-27,0.71,0.71,0.69,0.7,-0.56,0,-1,53957,37570
SAUD,2006-04-26,0.74,0.74,0.69,0.7,-0.97,-0.01,-1,40720,28526
SAUD,2006-04-20,0.71,0.71,0.69,0.71,2.42,0.02,-1,182116,128741.7
SAUD,2006-04-19,0.71,0.71,0.68,0.69,1.44,0.01,-1,242795,167564.5
SAUD,2006-04-18,0.7,0.7,0.67,0.68,-2.53,-0.02,-1,174603,118770.74
SAUD,2006-04-17,0.73,0.73,0.68,0.7,0.14,0,-1,420438,293833.14
SAUD,2006-04-16,0.74,0.74,0.69,0.7,-3.79,-0.03,-1,262437,182937.06
SAUD,2006-04-13,0.75,0.75,0.71,0.73,-3.66,-0.02,-1,580600,420896.51
SAUD,2006-04-12,0.79,0.79,0.73,0.75,0.13,0,-1,522800,393500.36
SAUD,2006-04-11,0.77,0.77,0.74,0.75,-3.89,-0.03,-1,433694,325764.79
SAUD,2006-04-09,0.8,0.8,0.77,0.78,-1.61,-0.01,-1,77370,60505
SAUD,2006-04-06,0.8,0.8,0.78,0.79,4.12,0.02,-1,398303,316392.74
SAUD,2006-04-05,0.77,0.77,0.73,0.77,3.88,0.03,-1,523165,399356.9
SAUD,2006-04-04,0.75,0.75,0.72,0.74,0.54,0.01,-1,56755,41720.85
SAUD,2006-04-03,0.77,0.77,0.72,0.73,-2.11,-0.01,-1,108912,79631.5
SAUD,2006-04-02,0.75,0.75,0.71,0.74,4.25,0.03,-1,1639440,1223808.8
SAUD,2006-03-30,0.74,0.74,0.7,0.71,-2.93,-0.03,-1,319452,228900.03
SAUD,2006-03-29,0.74,0.74,0.73,0.74,-2.72,-0.01,-1,186290,137405.4
SAUD,2006-03-28,0.77,0.77,0.74,0.75,1.71,0.01,-1,65663,49789
SAUD,2006-03-27,0.78,0.78,0.74,0.74,-3.44,-0.03,-1,437243,325978.92
SAUD,2006-03-26,0.81,0.81,0.76,0.77,-2,-0.02,-1,408216,315112.28
SAUD,2006-03-23,0.79,0.79,0.73,0.79,4.29,0.04,-1,520458,409780.45
SAUD,2006-03-22,0.77,0.77,0.74,0.75,-2.16,-0.02,-1,663727,501360.04
SAUD,2006-03-21,0.8,0.8,0.75,0.77,-1.87,-0.02,-1,362465,279754
SAUD,2006-03-20,0.79,0.79,0.77,0.79,3.62,0.03,-1,779436,613295.31
SAUD,2006-03-19,0.77,0.77,0.74,0.76,4.46,0.03,-1,478172,362969.84
SAUD,2006-03-16,0.74,0.74,0.69,0.73,1.93,0.02,-1,594720,432272.2
SAUD,2006-03-15,0.74,0.74,0.68,0.71,0,0,-1,535977,382125.9
SAUD,2006-03-14,0.76,0.76,0.71,0.71,-4.22,-0.03,-1,764161,544706.65
SAUD,2006-03-13,0.75,0.75,0.74,0.74,-4.17,-0.03,-1,388116,289096
SAUD,2006-03-12,0.79,0.79,0.77,0.77,-3.54,-0.04,-1,1163992,903952.13
SAUD,2006-03-09,0.84,0.84,0.77,0.81,0.74,0.01,-1,341038,274698.2
SAUD,2006-03-08,0.83,0.83,0.79,0.8,-4.46,-0.03,-1,790473,631754.5
SAUD,2006-03-07,0.89,0.89,0.83,0.83,-4.48,-0.04,-1,226306,189360.5
SAUD,2006-03-06,0.96,0.96,0.86,0.87,-3.88,-0.04,-1,2647124,2318263.7
SAUD,2006-03-05,0.92,0.92,0.91,0.91,-4.92,-0.05,-1,1563140,1425144
SAUD,2006-03-02,1.01,1.01,0.92,0.96,-0.31,0,-1,992047,950777.05
SAUD,2006-03-01,0.96,0.96,0.96,0.96,4.93,0.04,-1,1212735,1165757.9
SAUD,2006-02-28,1.01,1.01,0.91,0.92,-4.31,-0.04,-1,8154423,7476609.7
SAUD,2006-02-27,1.02,1.02,0.94,0.96,-3.85,-0.03,-1,668881,640686.45
SAUD,2006-02-26,0.99,0.99,0.99,0.99,4.97,0.04,-1,3924625,3909066.5
SAUD,2006-02-23,0.96,0.96,0.87,0.95,3.65,0.03,-1,2336813,2217824
SAUD,2006-02-22,0.92,0.92,0.92,0.92,-4.99,-0.04,-1,1987544,1819748.12
SAUD,2006-02-21,1.03,1.03,0.94,0.96,-2.39,-0.03,-1,159051,153339.64
SAUD,2006-02-20,1.01,1.01,0.98,0.99,-0.59,0,-1,154811,152810.8
SAUD,2006-02-19,1.03,1.03,0.99,0.99,-4.62,-0.05,-1,112848,112063.45
SAUD,2006-02-16,1.09,1.09,1.04,1.04,-4.68,-0.05,-1,177653,185033.5
SAUD,2006-02-15,1.14,1.14,1.09,1.09,-4.55,-0.05,-1,202284,221018.5
SAUD,2006-02-14,1.14,1.14,1.14,1.14,-4.19,-0.05,-1,134722,154142.4
SAUD,2006-02-13,1.22,1.22,1.17,1.19,-3.26,-0.05,-1,21888,26149.5
SAUD,2006-02-12,1.25,1.25,1.2,1.24,3.88,0.05,-1,111976,138220
SAUD,2006-02-09,1.23,1.23,1.17,1.19,-2.42,-0.03,-1,78481,93280.73
SAUD,2006-02-08,1.27,1.27,1.18,1.22,0.81,0.01,-1,238344,290369.1
SAUD,2006-02-07,1.22,1.22,1.19,1.21,-1.84,-0.02,-1,84825,102467.56
SAUD,2006-02-06,1.24,1.24,1.22,1.23,-1.03,-0.01,-1,91627,112798
SAUD,2006-02-05,1.28,1.28,1.21,1.24,-2.16,-0.03,-1,120679,150070.05
SAUD,2006-02-02,1.32,1.32,1.24,1.27,-1.75,-0.02,-1,208376,264779.9
SAUD,2006-02-01,1.36,1.36,1.26,1.29,-0.53,-0.01,-1,232631,301040.7
SAUD,2006-01-30,1.37,1.37,1.26,1.3,-1.71,-0.02,-1,475802,618629.6
SAUD,2006-01-29,1.35,1.35,1.22,1.32,3.3,0.04,-1,385903,510463.18
SAUD,2006-01-26,1.28,1.28,1.28,1.28,4.99,0.06,-1,133798,171384.72
SAUD,2006-01-25,1.24,1.24,1.17,1.22,3.24,0.04,-1,262706,320637.15
SAUD,2006-01-24,1.23,1.23,1.17,1.18,-3.91,-0.05,-1,407505,481517.4
SAUD,2006-01-23,1.27,1.27,1.21,1.23,-2.8,-0.04,-1,281897,346701.35
SAUD,2006-01-22,1.29,1.29,1.24,1.27,-0.77,-0.01,-1,419675,530984.28
SAUD,2006-01-19,1.3,1.3,1.23,1.28,0.85,0.01,-1,1096540,1398594.91
SAUD,2006-01-18,1.33,1.33,1.26,1.27,-1.3,-0.01,-1,359059,454011.5
SAUD,2006-01-17,1.35,1.35,1.24,1.28,-0.46,-0.01,-1,416014,532794.75
SAUD,2006-01-16,1.35,1.35,1.28,1.29,-3.61,-0.05,-1,364638,469110.72
SAUD,2006-01-15,1.36,1.36,1.23,1.34,3.27,0.05,-1,470242,627873.61
SAUD,2006-01-12,1.3,1.3,1.27,1.29,4.44,0.05,-1,574845,743345.6
SAUD,2006-01-08,1.29,1.29,1.2,1.24,-1.87,-0.02,-1,1071751,1326610.9
SAUD,2006-01-05,1.34,1.34,1.23,1.26,-1.23,-0.02,-1,674029,850271.52
SAUD,2006-01-04,1.3,1.3,1.25,1.28,-2.4,-0.03,-1,190199,242967.49
SAUD,2006-01-03,1.34,1.34,1.28,1.31,1.6,0.02,-1,273241,357611.94
SAUD,2006-01-02,1.37,1.37,1.25,1.29,-1.65,-0.02,-1,635646,818780.75
SAUD,2005-12-29,1.35,1.35,1.27,1.31,0.6,0.01,-1,380637,498456.27
SAUD,2005-12-28,1.36,1.36,1.24,1.3,-0.23,0,-1,1271234,1654884.58
SAUD,2005-12-27,1.31,1.31,1.3,1.3,-4.8,-0.07,-1,85966,112110.7
SAUD,2005-12-26,1.41,1.41,1.3,1.37,1.97,0.02,-1,701625,961594.26
SAUD,2005-12-25,1.35,1.35,1.34,1.35,4.99,0.07,-1,2597690,3490447.04
SAUD,2005-12-22,1.28,1.28,1.28,1.28,5,0.06,-1,1107989,1418185.2
SAUD,2005-12-21,1.22,1.22,1.2,1.22,4.9,0.05,-1,814703,993229.01
SAUD,2005-12-20,1.17,1.17,1.08,1.17,3.77,0.05,-1,703646,817275.77
SAUD,2005-12-19,1.17,1.17,1.09,1.12,-2.56,-0.02,-1,4172421,4672494.74
SAUD,2005-12-18,1.17,1.17,1.11,1.14,-0.68,-0.02,-1,37108,42628.8
SAUD,2005-12-13,1.23,1.23,1.21,1.21,-4.95,-0.06,-1,88722,107217.5
SAUD,2005-12-12,1.35,1.35,1.27,1.27,-4.57,-0.06,-1,212309,269974.72
SAUD,2005-12-11,1.36,1.36,1.28,1.33,1.12,0.01,-1,210619,280632.26
SAUD,2005-12-08,1.34,1.34,1.23,1.32,3.07,0.04,-1,377296,497082.83
SAUD,2005-12-07,1.33,1.33,1.23,1.28,-0.38,0,-1,33539,42850.09
SAUD,2005-12-06,1.28,1.28,1.28,1.28,4.56,0.05,-1,47029,60338.1
SAUD,2005-12-05,1.23,1.23,1.12,1.23,4.87,0.06,-1,240694,295225
SAUD,2005-12-04,1.17,1.17,1.17,1.17,4.93,0.05,-1,459167,537102.76
SAUD,2005-12-01,1.12,1.12,1.02,1.12,4.22,0.05,-1,144169,160757.16
SAUD,2005-11-30,1.1,1.1,1.06,1.07,-4.56,-0.05,-1,165939,177568.5
SAUD,2005-11-29,1.17,1.17,1.12,1.12,-4.36,-0.05,-1,150192,168353.02
SAUD,2005-11-28,1.22,1.22,1.1,1.17,0.68,0,-1,1280340,1500940.37
SAUD,2005-11-27,1.17,1.17,1.17,1.17,-4.97,-0.05,-1,68209,79395
SAUD,2005-11-24,1.22,1.22,1.22,1.22,-4.95,-0.07,-1,81435,99760
SAUD,2005-11-23,1.29,1.29,1.29,1.29,-5,-0.07,-1,99455,128182.4
SAUD,2005-11-22,1.38,1.38,1.25,1.36,3.21,0.04,-1,2512393,3408790.34
SAUD,2005-11-21,1.32,1.32,1.32,1.32,4.94,0.07,-1,31567,41478
SAUD,2005-11-20,1.25,1.25,1.25,1.25,4.94,0.06,-1,8667,10837.5
SAUD,2005-11-17,1.19,1.19,1.19,1.19,4.92,0.05,-1,238218,284322.15
SAUD,2005-11-16,1.14,1.14,1.14,1.14,4.99,0.06,-1,40720,46320
SAUD,2005-11-15,1.08,1.08,1.08,1.08,4.95,0.05,-1,560794,607620.64
SAUD,2005-11-14,1.03,1.03,1.03,1.03,5,0.04,-1,1128681,1165235.23
SAUD,2005-11-13,0.99,0.99,0.99,0.99,4.93,0.05,-1,103018,101301.2
SAUD,2005-11-10,0.94,0.94,0.94,0.94,4.95,0.05,-1,10793,10112.4
SAUD,2005-11-09,0.89,0.89,0.89,0.89,4.97,0.04,-1,64127,57267
SAUD,2005-11-08,0.85,0.85,0.85,0.85,4.97,0.04,-1,167815,142751.44
SAUD,2005-11-07,0.81,0.81,0.81,0.81,4.96,0.04,-1,480610,389356.75
SAUD,2005-11-06,0.77,0.77,0.77,0.77,4.94,0.03,-1,280545,216590.46
SAUD,2005-11-01,0.74,0.74,0.7,0.74,4.61,0.04,-1,569198,418721.25
SAUD,2005-10-31,0.7,0.7,0.7,0.7,4.83,0.03,-1,106290,74737.81
SAUD,2005-10-27,0.69,0.69,0.66,0.67,0.15,0,-1,145548,97659.4
SAUD,2005-10-26,0.68,0.68,0.66,0.67,-0.87,-0.01,-1,90182,60430.83
SAUD,2005-10-25,0.69,0.69,0.67,0.68,-0.43,0,-1,209004,141188.13
SAUD,2005-10-24,0.7,0.7,0.67,0.68,-0.14,0,-1,204116,138475.7
SAUD,2005-10-23,0.69,0.69,0.67,0.68,-1.42,-0.01,-1,135770,92283.04
SAUD,2005-10-20,0.7,0.7,0.69,0.69,-0.43,0,-1,397488,274010.46
SAUD,2005-10-19,0.7,0.7,0.69,0.69,0.43,0,-1,3916484,2712141.25
SAUD,2005-10-18,0.7,0.7,0.69,0.69,0,0,-1,406438,280269.63
SAUD,2005-10-17,0.71,0.71,0.69,0.69,-1.13,-0.01,-1,304893,210170
SAUD,2005-10-16,0.72,0.72,0.66,0.7,0.71,0.01,-1,28501,19888.5
SAUD,2005-10-13,0.72,0.72,0.69,0.69,0.14,0,-1,174422,120842
SAUD,2005-10-12,0.71,0.71,0.69,0.69,0,0,-1,213066,147373.78
SAUD,2005-10-11,0.69,0.69,0.69,0.69,0.43,0,-1,39711,27459
SAUD,2005-10-10,0.69,0.69,0.69,0.69,-0.28,0,-1,117078,80596.5
SAUD,2005-10-09,0.7,0.7,0.69,0.69,3.69,0.03,-1,66176,45665
SAUD,2005-10-05,0.72,0.72,0.65,0.66,-3.14,-0.03,-1,106891,71150.75
SAUD,2005-10-04,0.69,0.69,0.69,0.69,-1.55,-0.01,-1,8256,5670.6
SAUD,2005-10-03,0.74,0.74,0.69,0.7,-1.66,-0.01,-1,389436,272132
SAUD,2005-10-02,0.75,0.75,0.69,0.71,-1.09,-0.01,-1,561430,398661.5
SAUD,2005-09-29,0.74,0.74,0.69,0.72,0.69,0.01,-1,248909,178653.57
SAUD,2005-09-28,0.73,0.73,0.69,0.71,2.98,0.02,-1,554861,395904.44
SAUD,2005-09-27,0.69,0.69,0.69,0.69,4.91,0.03,-1,297285,205788.2
SAUD,2005-09-26,0.67,0.67,0.64,0.66,3.38,0.02,-1,174658,115219.54
SAUD,2005-09-25,0.64,0.64,0.61,0.64,4.84,0.03,-1,119722,76392.5
SAUD,2005-09-22,0.61,0.61,0.61,0.61,0,0,-1,71780,43701.1
SAUD,2005-09-21,0.61,0.61,0.61,0.61,2.14,0.02,-1,7057,4296.6
SAUD,2005-09-20,0.6,0.6,0.59,0.59,-1.46,-0.02,-1,52432,31279
SAUD,2005-09-18,0.61,0.61,0.59,0.61,-0.81,0,-1,73741,44646.81
SAUD,2005-09-15,0.62,0.62,0.61,0.61,0,0,-1,82452,50313
SAUD,2005-09-14,0.61,0.61,0.61,0.61,-4.17,-0.03,-1,10181,6215
SAUD,2005-09-13,0.64,0.64,0.61,0.64,3.18,0.02,-1,40679,25876.66
SAUD,2005-09-12,0.63,0.63,0.61,0.62,-2.64,-0.01,-1,159260,98227.14
SAUD,2005-09-08,0.64,0.64,0.63,0.63,0.78,0,-1,49154,31150.6
SAUD,2005-09-07,0.64,0.64,0.62,0.63,-1.39,-0.01,-1,56299,35394.3
SAUD,2005-09-06,0.64,0.64,0.63,0.64,3.02,0.02,-1,69224,44157.19
SAUD,2005-09-05,0.62,0.62,0.62,0.62,-1.25,0,-1,12225,7560
SAUD,2005-09-04,0.63,0.63,0.61,0.62,-1.69,-0.02,-1,96965,60778.76
SAUD,2005-09-01,0.66,0.66,0.63,0.64,-0.76,0,-1,104480,66649.48
SAUD,2005-08-31,0.66,0.66,0.63,0.64,-2.39,-0.02,-1,43869,28160.94
SAUD,2005-08-30,0.66,0.66,0.63,0.66,4.52,0.03,-1,454021,298661.34
SAUD,2005-08-29,0.63,0.63,0.63,0.63,4.91,0.03,-1,105832,66631.95
SAUD,2005-08-28,0.6,0.6,0.6,0.6,-2.86,-0.02,-1,4819,2896.14
SAUD,2005-08-25,0.62,0.62,0.62,0.62,1.45,0.01,-1,188844,116721.1
SAUD,2005-08-24,0.62,0.62,0.6,0.61,0.65,0,-1,178970,109007.52
SAUD,2005-08-23,0.61,0.61,0.6,0.61,3.36,0.02,-1,90596,54788
SAUD,2005-08-22,0.59,0.59,0.58,0.59,-1.32,0,-1,147153,86208.67
SAUD,2005-08-21,0.59,0.59,0.59,0.59,-2.11,-0.02,-1,25643,15219
SAUD,2005-08-18,0.61,0.61,0.59,0.61,1.31,0.01,-1,106441,64462.76
SAUD,2005-08-17,0.61,0.61,0.59,0.6,-2.87,-0.02,-1,151722,90755.3
SAUD,2005-08-16,0.62,0.62,0.61,0.62,3.13,0.02,-1,105363,64907.47
SAUD,2005-08-15,0.61,0.61,0.57,0.6,2.53,0.02,-1,129796,77525.35
SAUD,2005-08-14,0.59,0.59,0.57,0.58,-2.31,-0.01,-1,123170,71749.08
SAUD,2005-08-11,0.61,0.61,0.59,0.59,0.66,0,-1,92590,55213.35
SAUD,2005-08-10,0.59,0.59,0.59,0.59,-0.99,-0.01,-1,24441,14473.03
SAUD,2005-08-09,0.61,0.61,0.59,0.6,1.5,0.01,-1,56853,34018
SAUD,2005-08-08,0.61,0.61,0.58,0.59,-1.15,0,-1,100827,59440.54
SAUD,2005-08-07,0.61,0.61,0.59,0.59,-1.3,-0.02,-1,96912,57827.6
SAUD,2005-08-04,0.61,0.61,0.6,0.61,-0.32,0,-1,13242,8001.2
SAUD,2005-08-03,0.61,0.61,0.61,0.61,0.98,0.01,-1,123194,74677.77
SAUD,2005-08-02,0.6,0.6,0.6,0.6,-1.61,-0.01,-1,24436,14654.93
SAUD,2005-08-01,0.64,0.64,0.59,0.61,-1.58,-0.01,-1,71569,43638
SAUD,2005-07-31,0.62,0.62,0.59,0.62,4.64,0.03,-1,31595,19580.06
SAUD,2005-07-28,0.61,0.61,0.59,0.59,2.55,0.01,-1,37522,22211.72
SAUD,2005-07-27,0.59,0.59,0.56,0.58,-0.84,0,-1,33602,19417.5
SAUD,2005-07-26,0.61,0.61,0.58,0.58,-3.73,-0.03,-1,117078,68165
SAUD,2005-07-25,0.61,0.61,0.61,0.61,1.82,0.02,-1,13242,8004
SAUD,2005-07-24,0.61,0.61,0.59,0.59,-4.57,-0.03,-1,99598,59155.15
SAUD,2005-07-21,0.63,0.63,0.61,0.62,3.09,0.01,-1,282531,175896.32
SAUD,2005-07-20,0.61,0.61,0.6,0.61,-0.16,0,-1,116208,70185.65
SAUD,2005-07-19,0.61,0.61,0.6,0.61,-1.75,-0.01,-1,15094,9135.7
SAUD,2005-07-17,0.62,0.62,0.61,0.62,0,0,-1,30040,18499.5
SAUD,2005-07-14,0.63,0.63,0.61,0.62,1.46,0.01,-1,167527,103223.1
SAUD,2005-07-13,0.61,0.61,0.6,0.61,2.32,0.02,-1,118093,71725.5
SAUD,2005-07-12,0.61,0.61,0.59,0.59,1,0,-1,35906,21286.5
SAUD,2005-07-11,0.59,0.59,0.58,0.59,2.93,0.02,-1,19847,11655
SAUD,2005-07-10,0.57,0.57,0.57,0.57,-2.68,-0.02,-1,1015,581
SAUD,2005-07-07,0.59,0.59,0.58,0.59,-0.5,0,-1,35284,20685.75
SAUD,2005-07-06,0.59,0.59,0.59,0.59,0,0,-1,37725,22229.25
SAUD,2005-07-05,0.59,0.59,0.59,0.59,-1.48,-0.01,-1,21380,12607
SAUD,2005-07-04,0.6,0.6,0.6,0.6,0.5,0.01,-1,25448,15234.23
SAUD,2005-07-03,0.59,0.59,0.59,0.59,-0.66,-0.01,-1,27480,16352
SAUD,2005-06-30,0.62,0.62,0.59,0.6,0.49,0.01,-1,41738,25029
SAUD,2005-06-29,0.61,0.61,0.59,0.59,1,0,-1,42555,25389.78
SAUD,2005-06-28,0.61,0.61,0.59,0.59,-0.66,0,-1,154312,91170.16
SAUD,2005-06-27,0.62,0.62,0.59,0.59,-0.66,-0.01,-1,87239,51862.69
SAUD,2005-06-26,0.62,0.62,0.59,0.6,0.5,0.01,-1,132923,79475.5
SAUD,2005-06-23,0.61,0.61,0.59,0.59,2.19,0.01,-1,116614,69371.1
SAUD,2005-06-22,0.59,0.59,0.58,0.58,-1.66,-0.01,-1,6618,3855.5
SAUD,2005-06-21,0.6,0.6,0.58,0.59,-0.82,-0.01,-1,69224,40971
SAUD,2005-06-20,0.6,0.6,0.59,0.6,4.83,0.03,-1,198504,118615
SAUD,2005-06-19,0.58,0.58,0.57,0.57,-3.81,-0.02,-1,40720,23202.5
SAUD,2005-06-16,0.59,0.59,0.59,0.59,0.5,0,-1,30040,17779
SAUD,2005-06-15,0.59,0.59,0.59,0.59,1.52,0.01,-1,91781,54113.5
SAUD,2005-06-14,0.58,0.58,0.58,0.58,-1.34,-0.01,-1,37846,21958.2
SAUD,2005-06-13,0.59,0.59,0.57,0.59,1.87,0.01,-1,15121,8892.59
SAUD,2005-06-12,0.59,0.59,0.57,0.58,-1.84,-0.01,-1,41738,24104.94
SAUD,2005-06-09,0.59,0.59,0.59,0.59,3.28,0.02,-1,30544,17960
SAUD,2005-06-08,0.59,0.59,0.57,0.57,1.75,0.01,-1,3578751,2040545.06
SAUD,2005-06-07,0.56,0.56,0.56,0.56,-3.06,-0.02,-1,9679,5419
SAUD,2005-06-06,0.58,0.58,0.58,0.58,5,0.03,-1,20368,11753.73
SAUD,2005-06-05,0.55,0.55,0.55,0.55,-2.1,-0.01,-1,17318,9531.2
SAUD,2005-06-02,0.57,0.57,0.55,0.56,-1.04,-0.01,-1,25119,14123.45
SAUD,2005-06-01,0.57,0.57,0.57,0.57,-0.86,0,-1,10181,5780
SAUD,2005-05-30,0.59,0.59,0.56,0.57,-3,-0.02,-1,32585,18640
SAUD,2005-05-29,0.63,0.63,0.58,0.59,-3.53,-0.02,-1,96918,57193.88
SAUD,2005-05-26,0.61,0.61,0.59,0.61,4.53,0.02,-1,38175,23360.5
SAUD,2005-05-25,0.61,0.61,0.57,0.59,0.85,0.01,-1,2035,1192
SAUD,2005-05-24,0.59,0.59,0.57,0.58,3.68,0.02,-1,58367,33886
SAUD,2005-05-23,0.58,0.58,0.54,0.56,0,0,-1,39033,21871.2
SAUD,2005-05-22,0.56,0.56,0.56,0.56,0,0,-1,1015,570
SAUD,2005-05-19,0.57,0.57,0.55,0.56,-3.55,-0.02,-1,124050,69477.18
SAUD,2005-05-18,0.59,0.59,0.57,0.58,-2.96,-0.02,-1,36515,21190.39
SAUD,2005-05-17,0.6,0.6,0.6,0.6,4.64,0.03,-1,1015,609
SAUD,2005-05-16,0.59,0.59,0.56,0.57,-3.48,-0.02,-1,92225,52741.99
SAUD,2005-05-15,0.6,0.6,0.59,0.59,-3.83,-0.03,-1,166953,98837
SAUD,2005-05-12,0.63,0.63,0.61,0.62,-2.64,-0.01,-1,76495,47116.83
SAUD,2005-05-11,0.63,0.63,0.63,0.63,0.16,0,-1,1015,644
SAUD,2005-05-10,0.63,0.63,0.63,0.63,0.78,0.01,-1,45624,28823.9
SAUD,2005-05-09,0.65,0.65,0.63,0.64,3.4,0.02,-1,212131,136830.45
SAUD,2005-05-08,0.63,0.63,0.6,0.62,4.05,0.02,-1,227194,141711.27
SAUD,2005-05-05,0.62,0.62,0.59,0.6,2.24,0.01,-1,222057,133058
SAUD,2005-05-04,0.59,0.59,0.58,0.59,-2.52,-0.01,-1,83209,48775.08
SAUD,2005-04-28,0.61,0.61,0.59,0.6,4.57,0.02,-1,90502,54460.5
SAUD,2005-04-27,0.58,0.58,0.57,0.58,-1.22,0,-1,90502,52089.01
SAUD,2005-04-26,0.59,0.59,0.57,0.58,2.86,0.01,-1,102977,59939.82
SAUD,2005-04-20,0.59,0.59,0.55,0.57,-3.11,-0.02,-1,148867,84244.15
SAUD,2005-04-19,0.61,0.61,0.58,0.59,-3.51,-0.02,-1,94770,55345
SAUD,2005-04-18,0.61,0.61,0.61,0.61,0.34,0,-1,19787,11989.5
SAUD,2005-04-17,0.61,0.61,0.6,0.61,-4.17,-0.02,-1,20851,12579.02
SAUD,2005-04-14,0.63,0.63,0.61,0.63,2.47,0.01,-1,43062,27129.25
SAUD,2005-04-13,0.62,0.62,0.59,0.62,4.29,0.03,-1,14447,8881.1
SAUD,2005-04-12,0.59,0.59,0.59,0.59,-1.85,-0.01,-1,64300,37905
SAUD,2005-04-11,0.61,0.61,0.59,0.6,-0.34,-0.01,-1,91007,54652.5
SAUD,2005-04-10,0.61,0.61,0.59,0.61,-2.93,-0.01,-1,121672,73284
SAUD,2005-04-07,0.63,0.63,0.62,0.62,-2.54,-0.02,-1,78544,48717.78
SAUD,2005-04-06,0.65,0.65,0.63,0.64,0.32,0.01,-1,79144,50427.84
SAUD,2005-04-05,0.65,0.65,0.63,0.63,-3.83,-0.03,-1,46488,29502.35
SAUD,2005-04-04,0.68,0.68,0.63,0.66,2.19,0.01,-1,25887,17076.16
SAUD,2005-04-03,0.65,0.65,0.62,0.65,4.75,0.03,-1,258490,167054.8
SAUD,2005-03-31,0.62,0.62,0.62,0.62,4.99,0.03,-1,89027,54900
SAUD,2005-03-30,0.59,0.59,0.58,0.59,-2.19,-0.01,-1,83591,49077.12
SAUD,2005-03-29,0.61,0.61,0.59,0.6,-1.49,-0.01,-1,182788,109774
SAUD,2005-03-28,0.62,0.62,0.61,0.61,-2.43,-0.01,-1,234186,142755.98
SAUD,2005-03-27,0.65,0.65,0.61,0.62,0.49,0,-1,79131,49403.02
SAUD,2005-03-24,0.65,0.65,0.62,0.62,-3.3,-0.02,-1,117706,73129.65
SAUD,2005-03-23,0.65,0.65,0.63,0.64,4.26,0.02,-1,159545,102648.6
SAUD,2005-03-22,0.64,0.64,0.58,0.62,0.66,0.01,-1,101800,62734.42
SAUD,2005-03-21,0.62,0.62,0.61,0.61,-4.27,-0.03,-1,219950,134683.88
SAUD,2005-03-20,0.66,0.66,0.62,0.64,-0.16,0,-1,131560,84223.35
SAUD,2005-03-17,0.68,0.68,0.63,0.64,-3.65,-0.02,-1,423373,271325.06
SAUD,2005-03-16,0.7,0.7,0.65,0.66,-1.79,-0.02,-1,175958,116987.46
SAUD,2005-03-15,0.69,0.69,0.67,0.68,-4.15,-0.03,-1,91166,61721.15
SAUD,2005-03-14,0.73,0.73,0.69,0.71,-2.1,-0.01,-1,278236,196570.21
SAUD,2005-03-13,0.73,0.73,0.72,0.72,-1.24,-0.01,-1,171646,123967.8
SAUD,2005-03-10,0.75,0.75,0.71,0.73,-1.77,-0.01,-1,145419,106283.05
SAUD,2005-03-09,0.77,0.77,0.71,0.74,0.27,0,-1,519015,385929.3
SAUD,2005-03-08,0.77,0.77,0.72,0.74,-2.26,-0.02,-1,243446,180727.82
SAUD,2005-03-07,0.77,0.77,0.73,0.76,2.6,0.02,-1,314455,238652.38
SAUD,2005-03-06,0.75,0.75,0.69,0.74,3.54,0.03,-1,782939,579314.69
SAUD,2005-03-03,0.73,0.73,0.7,0.71,2.76,0.01,-1,268638,191941.1
SAUD,2005-03-02,0.7,0.7,0.67,0.7,2.53,0.02,-1,309641,215328.87
SAUD,2005-03-01,0.69,0.69,0.66,0.68,-1.18,-0.01,-1,57468,39003.54
SAUD,2005-02-28,0.7,0.7,0.67,0.69,0.74,0.01,-1,152326,104595.96
SAUD,2005-02-27,0.71,0.71,0.67,0.68,0.15,0,-1,132597,90347.6
SAUD,2005-02-24,0.69,0.69,0.67,0.68,2.44,0.02,-1,100772,68548.75
SAUD,2005-02-23,0.68,0.68,0.65,0.66,-2.38,-0.02,-1,174891,116096.8
SAUD,2005-02-22,0.69,0.69,0.67,0.68,-3.3,-0.02,-1,192229,130855.54
SAUD,2005-02-21,0.71,0.71,0.69,0.7,0.43,0,-1,316539,222674.35
SAUD,2005-02-17,0.71,0.71,0.66,0.68,0,0,-1,75581,51543.6
SAUD,2005-02-16,0.68,0.68,0.65,0.68,0,0,-1,296,192.6
SAUD,2005-02-15,0.69,0.69,0.68,0.68,-4.39,-0.03,-1,44856,30616.45
SAUD,2005-02-14,0.73,0.73,0.66,0.71,3.37,0.02,-1,233426,166555.9
SAUD,2005-02-13,0.69,0.69,0.68,0.69,4.59,0.03,-1,85560,59076.5
SAUD,2005-02-09,0.67,0.67,0.65,0.66,-3.4,-0.02,-1,75181,49643
SAUD,2005-02-08,0.7,0.7,0.67,0.68,-3.15,-0.02,-1,174856,119496.56
SAUD,2005-02-07,0.73,0.73,0.7,0.7,-0.85,-0.01,-1,196730,138790.68
SAUD,2005-02-06,0.74,0.74,0.71,0.71,0.14,0,-1,509876,362953.19
SAUD,2005-02-03,0.74,0.74,0.71,0.71,0,0,-1,1222661,868962.39
SAUD,2005-02-02,0.72,0.72,0.7,0.71,3.69,0.02,-1,315527,224083.74
SAUD,2005-02-01,0.69,0.69,0.65,0.69,3.51,0.03,-1,201708,138304.62
SAUD,2005-01-31,0.66,0.66,0.66,0.66,-0.61,0,-1,30657,20302
SAUD,2005-01-30,0.68,0.68,0.66,0.66,-0.9,-0.01,-1,87014,58006.87
SAUD,2005-01-27,0.67,0.67,0.67,0.67,1.68,0.01,-1,2485,1662.5
SAUD,2005-01-26,0.69,0.69,0.66,0.66,0.15,0,-1,20475,13546
SAUD,2005-01-25,0.66,0.66,0.66,0.66,-2.1,-0.01,-1,71226,47007.75
SAUD,2005-01-24,0.69,0.69,0.67,0.67,0.45,0,-1,45929,30982.95
SAUD,2005-01-18,0.67,0.67,0.65,0.67,3.28,0.02,-1,46041,30818.27
SAUD,2005-01-17,0.65,0.65,0.65,0.65,-0.31,0,-1,7013,4544.69
SAUD,2005-01-16,0.66,0.66,0.65,0.65,-2.43,-0.01,-1,136577,88728.19
SAUD,2005-01-13,0.68,0.68,0.65,0.66,-1.64,-0.02,-1,146533,97682.42
SAUD,2005-01-12,0.68,0.68,0.67,0.68,0,0,-1,87249,59074.8
SAUD,2005-01-11,0.7,0.7,0.66,0.68,1.21,0.01,-1,138475,93762.36
SAUD,2005-01-10,0.67,0.67,0.66,0.67,-1.19,-0.01,-1,239090,160103.6
SAUD,2005-01-09,0.68,0.68,0.67,0.68,-0.74,0,-1,37747,25554.61
SAUD,2005-01-06,0.71,0.71,0.66,0.68,0,0,-1,162244,110657.57
SAUD,2005-01-05,0.68,0.68,0.68,0.68,-3.57,-0.03,-1,32604,22249.9
SAUD,2005-01-04,0.71,0.71,0.7,0.71,3.55,0.03,-1,149759,106001.87
SAUD,2005-01-03,0.69,0.69,0.65,0.68,0,0,-1,174493,119287.04
SAUD,2004-12-30,0.65,0.65,0.65,0.65,-0.01,-0.01,-1,22563,14788.9
SAUD,2004-12-29,0.69,0.69,0.64,0.65,-0.005,0,-1,130861,86128.6
SAUD,2004-12-28,0.68,0.68,0.64,0.64,-0.035,-0.03,-1,101145,65849.64
SAUD,2004-12-26,0.71,0.71,0.66,0.67,-0.028,-0.02,-1,20950,14157.15
SAUD,2004-12-23,0.69,0.69,0.69,0.69,-0.05,-0.03,-1,265320,182303.48
SAUD,2004-12-22,0.74,0.74,0.69,0.74,0.016,0.02,-1,991216,715443.19
SAUD,2004-12-21,0.74,0.74,0.7,0.7,-0.05,-0.04,-1,471142,340246.05
SAUD,2004-12-20,0.75,0.75,0.69,0.71,-0.016,-0.01,-1,857459,634583.57
SAUD,2004-12-19,0.72,0.72,0.7,0.7,0.024,0.01,-1,1259078,908957.96
SAUD,2004-12-16,0.69,0.69,0.69,0.69,0.05,0.04,-1,415369,286366.83
SAUD,2004-12-15,0.66,0.66,0.62,0.66,0.05,0.03,-1,1318046,866152.96
SAUD,2004-12-14,0.65,0.65,0.62,0.63,0.009,0.01,-1,154463,97768.6
SAUD,2004-12-13,0.65,0.65,0.62,0.65,0.036,0.02,-1,97412,61025.23
SAUD,2004-12-12,0.63,0.63,0.63,0.63,0.002,0,-1,68209,43156.25
SAUD,2004-12-09,0.66,0.66,0.62,0.66,0.018,0.01,-1,11369,7203.04
SAUD,2004-12-08,0.66,0.66,0.61,0.62,-0.004,-0.01,-1,377842,245523.32
SAUD,2004-12-07,0.64,0.64,0.62,0.62,-0.009,0,-1,211788,133274.55
SAUD,2004-12-06,0.64,0.64,0.61,0.61,-0.045,-0.03,-1,124371,77533.25
SAUD,2004-12-02,0.67,0.67,0.64,0.64,-0.021,-0.01,-1,119481,78982.6
SAUD,2004-12-01,0.67,0.67,0.64,0.64,-0.031,-0.02,-1,268353,174965.86
SAUD,2004-11-30,0.68,0.68,0.64,0.67,0.028,0.02,-1,368288,245243.46
SAUD,2004-11-29,0.66,0.66,0.62,0.62,-0.008,-0.01,-1,534172,350605.45
SAUD,2004-11-28,0.65,0.65,0.62,0.62,-0.05,-0.04,-1,507388,320930.37
SAUD,2004-11-25,0.68,0.68,0.63,0.65,0.015,0,-1,400536,263466.23
SAUD,2004-11-24,0.67,0.67,0.63,0.63,-0.031,-0.02,-1,421823,273269.55
SAUD,2004-11-23,0.66,0.66,0.62,0.64,0.013,0.01,-1,1619395,1061209.14
SAUD,2004-11-22,0.63,0.63,0.62,0.63,0.049,0.03,-1,492399,309439.06
SAUD,2004-11-21,0.6,0.6,0.6,0.6,0.05,0.03,-1,275040,164983.38
SAUD,2004-11-18,0.59,0.59,0.56,0.59,0.049,0.03,-1,553797,317048.99
SAUD,2004-11-17,0.57,0.57,0.55,0.57,0.047,0.02,-1,237214,133069.28
SAUD,2004-11-16,0.56,0.56,0.54,0.55,0.008,0,-1,234103,127857.19
SAUD,2004-11-11,0.56,0.56,0.55,0.55,0.008,0,-1,76292,42142.78
SAUD,2004-11-10,0.55,0.55,0.55,0.55,-0.013,0,-1,72770,40173.94
SAUD,2004-11-09,0.56,0.56,0.55,0.55,0.006,0,-1,172080,95608.01
SAUD,2004-11-08,0.56,0.56,0.54,0.56,0.03,0.01,-1,111263,61123.45
SAUD,2004-11-07,0.55,0.55,0.54,0.55,0.002,0,-1,110295,60195.78
SAUD,2004-11-04,0.57,0.57,0.55,0.57,0.043,0.02,-1,87804,48305.92
SAUD,2004-11-03,0.55,0.55,0.55,0.55,-0.011,0,-1,63636,35002.28
SAUD,2004-11-02,0.55,0.55,0.55,0.55,-0.008,0,-1,40193,22282.44
SAUD,2004-11-01,0.56,0.56,0.55,0.55,-0.017,-0.02,-1,115443,64203.8
SAUD,2004-10-31,0.57,0.57,0.56,0.56,0,0,-1,32423,18345.3
SAUD,2004-10-28,0.56,0.56,0.56,0.56,-0.002,0,-1,10074,5670.72
SAUD,2004-10-27,0.56,0.56,0.56,0.56,-0.016,-0.01,-1,72806,40885.81
SAUD,2004-10-26,0.59,0.59,0.56,0.58,0,0,-1,9515,5443.08
SAUD,2004-10-25,0.58,0.58,0.57,0.57,-0.016,-0.02,-1,134004,77239.89
SAUD,2004-10-24,0.59,0.59,0.58,0.59,0.046,0.03,-1,151122,88473.9
SAUD,2004-10-21,0.56,0.56,0.56,0.56,0.008,0,-1,13344,7497.5
SAUD,2004-10-20,0.57,0.57,0.55,0.55,-0.02,-0.02,-1,33792,18887
SAUD,2004-10-19,0.59,0.59,0.56,0.56,-0.049,-0.03,-1,175519,99567.46
SAUD,2004-10-18,0.59,0.59,0.58,0.58,-0.016,-0.01,-1,30637,18026.96
SAUD,2004-10-17,0.59,0.59,0.59,0.59,-0.006,0,-1,19973,11732.01
SAUD,2004-10-14,0.61,0.61,0.59,0.59,-0.035,-0.02,-1,70836,41851.9
SAUD,2004-10-13,0.62,0.62,0.61,0.61,-0.023,-0.01,-1,187264,114090.47
SAUD,2004-10-12,0.62,0.62,0.61,0.61,0.012,0,-1,160239,98740.5
SAUD,2004-10-11,0.62,0.62,0.6,0.61,0.014,0.02,-1,107810,65043
SAUD,2004-10-10,0.61,0.61,0.58,0.58,-0.047,-0.03,-1,93275,55507.9
SAUD,2004-10-07,0.61,0.61,0.61,0.61,-0.022,-0.01,-1,355103,215922.13
SAUD,2004-10-05,0.62,0.62,0.62,0.62,0,0,-1,51442,31885
SAUD,2004-10-04,0.62,0.62,0.61,0.62,-0.04,-0.02,-1,390214,240820.5
SAUD,2004-10-03,0.65,0.65,0.63,0.63,-0.008,-0.01,-1,49349,31700.4
SAUD,2004-09-30,0.64,0.64,0.62,0.64,0.05,0.02,-1,340720,217557.88
SAUD,2004-09-29,0.63,0.63,0.61,0.62,-0.01,0,-1,688687,424180.28
SAUD,2004-09-28,0.64,0.64,0.62,0.62,-0.035,-0.02,-1,993591,619676.48
SAUD,2004-09-27,0.64,0.64,0.64,0.64,-0.022,-0.01,-1,109787,70211
SAUD,2004-09-26,0.68,0.68,0.64,0.64,-0.032,-0.02,-1,199785,130189.77
SAUD,2004-09-23,0.67,0.67,0.63,0.63,-0.01,-0.01,-1,924156,615260.74
SAUD,2004-09-22,0.64,0.64,0.63,0.64,0.05,0.03,-1,405317,260146.65
SAUD,2004-09-21,0.62,0.62,0.61,0.61,-0.036,-0.02,-1,86054,52626
SAUD,2004-09-20,0.64,0.64,0.62,0.62,-0.05,-0.03,-1,316257,199324.91
SAUD,2004-09-19,0.68,0.68,0.62,0.63,-0.027,-0.02,-1,392346,257538.85
SAUD,2004-09-16,0.67,0.67,0.62,0.62,-0.03,-0.02,-1,241948,157116.67
SAUD,2004-09-14,0.7,0.7,0.64,0.66,-0.019,-0.01,-1,337684,224636
SAUD,2004-09-13,0.67,0.67,0.66,0.67,0.049,0.03,-1,351373,235514.86
SAUD,2004-09-12,0.64,0.64,0.64,0.64,0.05,0.03,-1,614342,393143.64
SAUD,2004-09-09,0.65,0.65,0.59,0.59,-0.048,-0.03,-1,338690,206506.12
SAUD,2004-09-08,0.65,0.65,0.62,0.62,-0.05,-0.03,-1,491598,305451.07
SAUD,2004-09-07,0.7,0.7,0.64,0.64,-0.05,-0.03,-1,411452,266627.86
SAUD,2004-09-06,0.68,0.68,0.67,0.67,-0.049,-0.03,-1,157751,106149
SAUD,2004-09-05,0.73,0.73,0.69,0.71,-0.012,0,-1,192794,135971.89
SAUD,2004-09-02,0.72,0.72,0.7,0.71,0.033,0.02,-1,1062546,760038.26
SAUD,2004-09-01,0.69,0.69,0.64,0.69,0.05,0.04,-1,524336,359169.5
SAUD,2004-08-31,0.67,0.67,0.65,0.65,-0.046,-0.04,-1,578255,378691.75
SAUD,2004-08-30,0.7,0.7,0.66,0.66,-0.005,0,-1,1187531,817611.43
SAUD,2004-08-29,0.66,0.66,0.66,0.66,0.05,0.03,-1,257242,170612.48
SAUD,2004-08-26,0.63,0.63,0.63,0.63,0.049,0.02,-1,47975,30312.5
SAUD,2004-08-25,0.61,0.61,0.58,0.61,0.049,0.03,-1,382540,230683.73
SAUD,2004-08-24,0.58,0.58,0.57,0.58,0.05,0.03,-1,888614,514546.81
SAUD,2004-08-23,0.58,0.58,0.55,0.55,-0.033,-0.02,-1,6169,3415.25
SAUD,2004-08-22,0.6,0.6,0.56,0.56,-0.044,-0.03,-1,525724,297259.33
SAUD,2004-08-19,0.59,0.59,0.59,0.59,0.049,0.03,-1,274456,160938.4
SAUD,2004-08-18,0.56,0.56,0.56,0.56,0.05,0.03,-1,29666,16590
SAUD,2004-08-17,0.56,0.56,0.52,0.56,0.049,0.02,-1,905434,482039.69
SAUD,2004-08-16,0.55,0.55,0.54,0.54,-0.05,-0.03,-1,264779,142542.23
SAUD,2004-08-15,0.57,0.57,0.57,0.57,0,0,-1,9891,5600
SAUD,2004-08-12,0.57,0.57,0.57,0.57,-0.025,-0.01,-1,4046,2301.6
SAUD,2004-08-11,0.58,0.58,0.58,0.58,0.05,0.03,-1,990,574
SAUD,2004-08-04,0.55,0.55,0.55,0.55,-0.049,-0.03,-1,1569,869.73
SAUD,2004-07-19,0.58,0.58,0.58,0.58,-4.17,0.58,-1,9397,5462.5
SAUD,2004-07-18,0.61,0.61,0.61,0.61,4.35,0.61,-1,9891,5996.1
SAUD,2004-07-15,0.58,0.58,0.55,0.58,0,0.58,-1,672,371.96
SAUD,2004-07-08,0.58,0.58,0.58,0.58,3.05,0.58,-1,6306,3680
SAUD,2004-07-07,0.56,0.56,0.56,0.56,-4.94,0.56,-1,990,558
SAUD,2004-07-06,0.59,0.59,0.59,0.59,1.21,0.59,-1,990,587
SAUD,2004-06-28,0.59,0.59,0.59,0.59,-1.19,0.59,-1,1876,1102
SAUD,2004-06-23,0.59,0.59,0.57,0.59,0,0.59,-1,491,284
SAUD,2004-06-17,0.59,0.59,0.59,0.59,-0.17,0.59,-1,2979,1766.88
SAUD,2004-06-15,0.59,0.59,0.59,0.59,-0.34,0.59,-1,1360,823.2
SAUD,2004-06-13,0.6,0.6,0.6,0.6,0,0.6,-1,491,295
SAUD,2004-06-10,0.6,0.6,0.6,0.6,0,0.6,-1,11,29.5
SAUD,2004-06-09,0.6,0.6,0.6,0.6,0,0.6,-1,9891,5900
SAUD,2004-06-08,0.6,0.6,0.58,0.6,0,0.6,-1,11,28.5
SAUD,2004-06-07,0.6,0.6,0.6,0.6,-1.01,0.6,-1,1975,1180
SAUD,2004-06-06,0.61,0.61,0.61,0.61,0.34,0.61,-1,990,596
SAUD,2004-06-03,0.6,0.6,0.6,0.6,0.68,0.6,-1,990,594
SAUD,2004-06-02,0.6,0.6,0.6,0.6,0,0.6,-1,6391,3817.3
SAUD,2004-06-01,0.6,0.6,0.6,0.6,0,0.6,-1,236,148.25
SAUD,2004-05-30,0.6,0.6,0.6,0.6,-1.17,0.6,-1,1975,1180
SAUD,2004-05-27,0.61,0.61,0.6,0.61,2.4,0.61,-1,19770,11950
SAUD,2004-05-26,0.6,0.6,0.59,0.59,1.57,0.59,-1,15826,9330
SAUD,2004-05-25,0.58,0.58,0.57,0.58,0,0.58,-1,16937,9831.86
SAUD,2004-05-24,0.61,0.61,0.57,0.58,-2.71,0.58,-1,37676,21859.6
SAUD,2004-05-23,0.61,0.61,0.59,0.6,-2.8,0.6,-1,39560,23615
SAUD,2004-05-20,0.62,0.62,0.61,0.61,1.17,0.61,-1,7897,4859.76
SAUD,2004-05-19,0.61,0.61,0.61,0.61,-3.23,0.61,-1,4954,3000
SAUD,2004-05-18,0.62,0.62,0.62,0.62,0,0.62,-1,8903,5580
SAUD,2004-05-17,0.63,0.63,0.62,0.62,-4.62,0.62,-1,4954,3099.8
SAUD,2004-05-13,0.65,0.65,0.65,0.65,-1.52,0.65,-1,2364,1560
SAUD,2004-05-11,0.67,0.67,0.67,0.67,1.54,0.67,-1,1478,990
SAUD,2004-05-09,0.65,0.65,0.65,0.65,-2.4,0.65,-1,2979,1950
SAUD,2004-05-05,0.67,0.67,0.67,0.67,0.3,0.67,-1,3947,2664
SAUD,2004-05-04,0.67,0.67,0.67,0.67,4.57,0.67,-1,10875,7308
SAUD,2004-05-03,0.64,0.64,0.64,0.64,4.96,0.64,-1,4954,3175
SAUD,2004-04-29,0.61,0.61,0.61,0.61,-0.66,0.61,-1,2979,1815
SAUD,2004-04-27,0.63,0.63,0.61,0.62,-2.56,0.62,-1,14021,8653.45
SAUD,2004-04-26,0.63,0.63,0.63,0.63,-3.85,0.63,-1,3796,2406.25
SAUD,2004-04-21,0.66,0.66,0.65,0.65,-2.26,0.65,-1,29436,19347.5
SAUD,2004-04-20,0.67,0.67,0.67,0.67,2.31,0.67,-1,4954,3325
SAUD,2004-04-19,0.66,0.66,0.65,0.65,0,0.65,-1,69975,45988.25
SAUD,2004-04-14,0.65,0.65,0.65,0.65,0.15,0.65,-1,4954,3250
SAUD,2004-04-13,0.65,0.65,0.65,0.65,4.85,0.65,-1,990,649
SAUD,2004-04-08,0.64,0.64,0.62,0.62,-4.77,0.62,-1,4954,3096
SAUD,2004-04-06,0.66,0.66,0.65,0.65,-1.66,0.65,-1,17442,11480.5
SAUD,2004-04-05,0.67,0.67,0.67,0.67,4.92,0.67,-1,264404,176669
SAUD,2004-03-31,0.64,0.64,0.64,0.64,-4.69,0.64,-1,4954,3150
SAUD,2004-03-30,0.67,0.67,0.67,0.67,4.92,0.67,-1,4954,3305
SAUD,2004-03-29,0.64,0.64,0.64,0.64,-4.55,0.64,-1,990,630
SAUD,2004-03-28,0.67,0.67,0.67,0.67,-2.51,0.67,-1,1975,1320
SAUD,2004-03-25,0.69,0.69,0.65,0.69,4.15,0.69,-1,13146,9004.6
SAUD,2004-03-24,0.65,0.65,0.65,0.65,-0.61,0.65,-1,9891,6500
SAUD,2004-03-23,0.7,0.7,0.65,0.66,-2.39,0.66,-1,10875,7195
SAUD,2004-03-22,0.69,0.69,0.65,0.68,3.08,0.68,-1,2798,1910.5
SAUD,2004-03-21,0.65,0.65,0.65,0.65,-4.97,0.65,-1,990,650
SAUD,2004-03-18,0.69,0.69,0.65,0.69,0,0.69,-1,491,325
SAUD,2004-03-11,0.7,0.7,0.67,0.69,2.86,0.69,-1,61332,42395
SAUD,2004-03-10,0.67,0.67,0.67,0.67,0.3,0.67,-1,9891,6650
SAUD,2004-03-08,0.67,0.67,0.67,0.67,4.74,0.67,-1,2979,1989
SAUD,2004-03-07,0.64,0.64,0.64,0.64,-4.81,0.64,-1,4954,3165
SAUD,2004-03-04,0.67,0.67,0.67,0.67,-4.86,0.67,-1,1975,1330
SAUD,2004-03-02,0.71,0.71,0.71,0.71,0.87,0.71,-1,990,699
SAUD,2004-03-01,0.71,0.71,0.66,0.7,3.9,0.7,-1,47467,33285.44
SAUD,2004-02-29,0.68,0.68,0.63,0.67,3.89,0.67,-1,44826,30210.42
SAUD,2004-02-26,0.65,0.65,0.65,0.65,0.47,0.65,-1,85234,55335.2
SAUD,2004-02-24,0.64,0.64,0.64,0.64,-0.16,0.64,-1,1075,702.9
SAUD,2004-02-18,0.65,0.65,0.65,0.65,1.59,0.65,-1,990,640
SAUD,2004-02-16,0.65,0.65,0.63,0.64,-0.94,0.64,-1,20341,12966.1
SAUD,2004-02-15,0.65,0.65,0.62,0.64,-0.31,0.64,-1,19902,12811.36
SAUD,2004-02-12,0.65,0.65,0.64,0.64,-3.77,0.64,-1,1876,1212.4
SAUD,2004-02-11,0.68,0.68,0.65,0.67,1.84,0.67,-1,3653,2452
SAUD,2004-02-10,0.68,0.68,0.65,0.66,1.88,0.66,-1,54401,35779.1
SAUD,2004-02-09,0.65,0.65,0.64,0.64,4.75,0.64,-1,4954,3196.5
SAUD,2004-02-08,0.62,0.62,0.62,0.62,-0.97,0.62,-1,4954,3050
SAUD,2004-02-04,0.62,0.62,0.62,0.62,-0.16,0.62,-1,76261053,60597495.6
SAUD,2004-02-03,0.62,0.62,0.62,0.62,-4.93,0.62,-1,990,617
SAUD,2004-01-25,0.65,0.65,0.65,0.65,4.01,0.65,-1,990,649
SAUD,2004-01-22,0.64,0.64,0.61,0.63,-0.95,0.63,-1,12304,7766.44
SAUD,2004-01-21,0.64,0.64,0.64,0.64,1.12,0.64,-1,990,630
SAUD,2004-01-20,0.64,0.64,0.61,0.63,3.83,0.63,-1,10933,6885.8
SAUD,2004-01-19,0.61,0.61,0.61,0.61,-4.76,0.61,-1,2485,1500
SAUD,2004-01-18,0.64,0.64,0.64,0.64,-4.98,0.64,-1,4954,3150
SAUD,2004-01-11,0.67,0.67,0.67,0.67,3.59,0.67,-1,990,663
SAUD,2004-01-06,0.65,0.65,0.65,0.65,3.9,0.65,-1,2979,1920
SAUD,2004-01-05,0.63,0.63,0.62,0.62,-3.45,0.62,-1,52182,32501.3
SAUD,2004-01-04,0.64,0.64,0.64,0.64,1.92,0.64,-1,1975,1276
SAUD,2003-12-31,0.64,0.64,0.62,0.63,0.97,0.63,-1,8393,5320.9
SAUD,2003-12-30,0.62,0.62,0.62,0.62,1.14,0.62,-1,1975,1240
SAUD,2003-12-29,0.65,0.65,0.6,0.62,-0.97,0.62,-1,19913,12348.65
SAUD,2003-12-28,0.62,0.62,0.62,0.62,-4.77,0.62,-1,14822,9290
SAUD,2003-12-25,0.65,0.65,0.65,0.65,2.04,0.65,-1,1478,975
SAUD,2003-12-24,0.64,0.64,0.64,0.64,4.77,0.64,-1,4844,3122.8
SAUD,2003-12-23,0.62,0.62,0.62,0.62,-5,0.62,-1,1975,1216
SAUD,2003-12-21,0.65,0.65,0.65,0.65,3.06,0.65,-1,2485,1600
SAUD,2003-12-18,0.62,0.62,0.62,0.62,-2.97,0.62,-1,9891,6210
SAUD,2003-12-17,0.65,0.65,0.65,0.65,3.23,0.65,-1,2364,1536
SAUD,2003-12-16,0.62,0.62,0.62,0.62,-4.32,0.62,-1,26046,16331.6
SAUD,2003-12-11,0.65,0.65,0.65,0.65,0.62,0.65,-1,9891,6476.45
SAUD,2003-12-07,0.65,0.65,0.62,0.65,-0.92,0.65,-1,39996,26056.11
SAUD,2003-12-04,0.65,0.65,0.65,0.65,2.69,0.65,-1,1975,1300
SAUD,2003-12-03,0.65,0.65,0.64,0.64,-2.62,0.64,-1,29666,19000
SAUD,2003-12-01,0.65,0.65,0.65,0.65,2.69,0.65,-1,990,650
SAUD,2003-11-30,0.64,0.64,0.64,0.64,4.98,0.64,-1,12068,7728.93
SAUD,2003-11-24,0.64,0.64,0.61,0.61,0,0.61,-1,924,598.5
SAUD,2003-11-20,0.61,0.61,0.61,0.61,0,0.61,-1,236,150.5
SAUD,2003-11-19,0.61,0.61,0.61,0.61,0,0.61,-1,236,150.5
SAUD,2003-11-13,0.64,0.64,0.61,0.61,0,0.61,-1,924,598.5
SAUD,2003-11-12,0.61,0.61,0.61,0.61,0.17,0.61,-1,990,603
SAUD,2003-11-06,0.61,0.61,0.61,0.61,-4.29,0.61,-1,40545,24684.05
